:100000000C94AD3A0C94DE3A0C94DE3A0C94DE3A41
:100010000C94DE3A0D94E7650C94DE3A0C94DE3ACB
:100020000C94FA6B0C94DE3A0C94DE3A0C94DE3AA3
:100030000C9481570C94DE3A0D944B290D94D822E0
:100040000C94DE3A0D944D300C94DE3A0C94DE3A6A
:100050000C94DE3A0C94DE3A0C94DE3A0C942E6B3F
:100060000C94DE3A0C94FE530C94DE3A0C94DE3A77
:100070000C94DE3A0C94F18C0C94DE3A0C94DE3A3B
:100080000C94DE3A0C94DE3A0C94DE3A0C94DE3A90
:100090000C94BA530C94DE3A0C94DE3A0C94DE3A8B
:1000A0000C94DE3A0C94DE3A0D94CA1A0C94DE3AA3
:1000B0000C94DE3A0D94AC1A0C94DE3A0D94952E05
:1000C0000C94DE3A0C94DE3A0C94DE3A0D946C1AE1
:1000D0000C94DE3A0C94DE3A0C94DE3A0C94DE3A40
:1000E0000C94DE3A084AD73B3BCE016E84BCBFFD80
:1000F000C12F3D6C74319ABD56833DDA3D00C77FF8
:1001000011BED9E4BB4C3E916BAAAABE0000008090
:100110003F05A84CCDB2D44EB93836A9020C50B91F
:10012000918688083CA6AAAA2ABE000000803F0744
:10013000634236B79BD8A71A39685618AEBAAB5582
:100140008C1D3CB7CC5763BD6DEDFD753EF6177247
:1001500031BF000000803F08000000BE9224491219
:100160003EABAAAA2ABECDCCCC4C3E00000080BE3D
:10017000ABAAAAAA3E00000000BF000000803F001A
:1001800000000000084178D3BB4387D1133D190E0E
:100190003CC3BD4282AD2B3E68EC8276BED98FE176
:1001A000A93E4C80EFFFBE01C4FF7F3F000000006E
:1001B00000000D9445790C94B1C90C94F0DC0D94B9
:1001C00022140D94B33C0C946FDB0C94BBCD0D94B6
:1001D0003E160C94C8DC0D9417090C94F9C90C94C4
:1001E000DFDC0C94BCCA0C9495F60C940BC70C94F1
:1001F00030C70D94C3210D94340E0C94D1E50C94AA
:100200000CCA0C9428D10C94D8CA0D9496090C945D
:1002100026C70C9486E50D94540E0C94C3F90C94E7
:1002200061F30C9474E50D94623C0C94D4C80D9465
:10023000E8A90D94A2250D947B150C94D46B0C9415
:10024000AECB0C943EEA0D94B0210C94F0D50C94F6
:10025000776D0C9432FA0C940BDF0C941CC70C9441
:10026000EDF30D9406220D9492080C94136A0C94ED
:10027000D7EE0C946FF20C94E2C80D9480130C949A
:10028000E9C80C94966B0C94A9E50C944FDA0D9484
:10029000230E0D9402180C94BF6A0C9483CD0C9419
:1002A000676B0D9475A90C9491C90C94726B0C94A6
:1002B00001C80C949DD60C949BC90D94CD0B0D9444
:1002C00095190C94B0DB0C9445C90D9461220C94E3
:1002D000D4DC0C94B5CA0C94A7F80D94C1AD0C9461
:1002E000806B0C94596F0D94D63B0C94CDF90D9402
:1002F00058130D94BEB30D94F7150C9412C70C94BB
:10030000FDC60D94BBB30C943DC70C940BDB0C9451
:1003100065CD0D949E090D94DCA90D94A4AD0C94AB
:1003200007C80D94560A0D94FC140D9448220C94A1
:1003300066EF0C94BDE50D94500B0D94C4AD0C9478
:100340001CFA0C94F7CD0C9442FA0C9426C90C9428
:10035000E2C90D948A480C944EE50C949F6B0D9461
:10036000B4090D94C3130C9443E00C9491CC0C94F9
:1003700057C90C94B9DB0C9404EF0C9489F90D94D3
:1003800027080C9450D10C947FF90C945BCC0D94FD
:10039000D9A90D94CBB30C94B6DC0C947DC90C9404
:1003A0003DDD0D949A090D94933C0C9442C70C9436
:1003B0009FEA0D94CB3C0D94C7AD0D94FE3B0D947C
:1003C000F70E0C94DDD10D94D00B0D949B3C0D9445
:1003D000BB3C0C9405DB0D9406180D94A2150C94EF
:1003E00046C70C9490F20D9459B30D9462AD0C94E1
:1003F0004AC70D94C2B30C9491F90D9490A90C9432
:10040000EEDC0C949AE50C9484DD0C946CE50D9470
:10041000D90B0C9418C70D9491140C94F8CF0D942B
:100420007EA90D94AB3C0D94383C0C947FDB0C946E
:1004300032C90D9439220C94A5C90C94BCDC0C94DF
:100440000FC70C94D7C90D94D30B0C9425ED0D94C4
:10045000733C0D94B7060C943EC70C946E540C94E8
:1004600062E50C9448DC0C9466C90C941CF90D945C
:10047000053C0C946FCD0C9414DF0C94F0CF0D94CC
:100480006B3C0C94DBC80C94DBE50D947B3C0D9429
:10049000653C0D94BE3B0C94BBC90D94F1A90C9422
:1004A000C26B0C9449E50C9479CD0C9434C70C9430
:1004B000F0C80C94C2DC0C941BEE0C9490E50C94E8
:1004C00058E50D9449AD0D94C70B0C94FEF90C94AE
:1004D0006ACF0C9422C70C94FAF90C9459F90C9435
:1004E0007CE50D94DF0E0C9407C70C94D2D50D94C7
:1004F000833C0C9460CD0D94B7130D948E080D942D
:1005000092090D9444150C943FF70C944FC70C942A
:10051000E6D30C942ACC0D94DC180C94C5C90D9428
:10052000C33C0C9441E50D94E5170C9472C90C94EE
:10053000E5F90C94CAEB0D948B3C0C941FCB0D94F5
:10054000D4130C944D6B0D948C090C946ACD0D94BE
:10055000BD060C9445DA0C9487EE0C9474CD0D9482
:10056000DF1F0D94D6A90C9438C70D94A33C0C94AE
:10057000D8680D94083C0D9453140C947ECD0C94C3
:1005800059D10D9446130D94CA0B0C9420D50D949B
:10059000D60B0C94B3E50C945DCE0C9478EC0C94D3
:1005A00003C70C94E0C70D94DFA90D94FB3B0D9499
:1005B000D0B30C9442DD0D949FB30C9487C90D9475
:1005C000683C0C9487CD0C94F4F90D94A60D0C9412
:1005D0001DDF0D94CDA90C9402DF0C942AC70C9456
:1005E000C7E50D941E1A0C941CC96E616E00696EED
:1005F000660000407A10F35A00A0724E18090010ED
:10060000A5D4E80000E87648170000E40B54020087
:1006100000CA9A3B000000E1F505000080969800B2
:10062000000040420F000000A086010000001027DB
:1006300000000000E803000000006400000000006B
:100640000A00000000000100000000002C76D8889D
:10065000DC674F0823DFC1DFAE59E1B1B796E5E3B0
:10066000E453C63AE651997696E8E6C28426EB89C9
:100670008C9B62ED407C6FFCEFBC9C9F40F2BAA566
:100680006FA5F490055A2AF75C936B6CF9676DC1FE
:100690001BFCE0E40D47FEF520E6B500D0ED902E02
:1006A0000300943577050080841E080000204E0A60
:1006B000000000C80C333333330F986E128311419E
:1006C000EF8D2114893BE65516CFFEE6DB18D18469
:1006D0004B381BF77C1D901DA4BBE4242032847290
:1006E0005E228100C9F124ECA1E53D27556E6578B5
:1006F000706563746564206572726F72206F6363E6
:1007000075727265642E004D3630302046696C611A
:100710006D656E74204368616E67652E204C6F6155
:10072000642061206E65772066696C616D656E740A
:10073000206F7220656A65637420746865206F6C31
:1007400064206F6E652E0052656D6F76652074684B
:100750006520656A65637465642066696C616D65B2
:100760006E742066726F6D207468652066726F6E9D
:1007700074206F6620746865204D4D552E004669C3
:100780006C616D656E742064657465637465642066
:10079000756E65787065637465646C792E20456E3E
:1007A00073757265206E6F2066696C616D656E741D
:1007B000206973206C6F616465642E2043686563F3
:1007C0006B207468652073656E736F727320616E41
:1007D0006420776972696E672E00496E7465726E67
:1007E000616C2072756E74696D65206572726F72CE
:1007F0002E2054727920726573657474696E672057
:10080000746865204D4D55206F7220757064617459
:10081000696E6720746865206669726D77617265BC
:100820002E004D4D552046572076657273696F6EC8
:1008300020697320696E636F6D70617469626C65A5
:100840002077697468207072696E746572204657EB
:100850002E55706461746520746F207665727369BB
:100860006F6E20332E302E332E004D4D55204669AD
:10087000726D7761726520696E7465726E616C204D
:100880006572726F722C20706C6561736520726581
:1008900073657420746865204D4D552E0052657146
:1008A0007565737465642066696C616D656E74202E
:1008B000746F6F6C206973206E6F7420617661694C
:1008C0006C61626C65206F6E20746869732068616A
:1008D0007264776172652E20436865636B2074686B
:1008E0006520472D636F646520666F7220746F6F9B
:1008F0006C20696E646578206F7574206F66207255
:10090000616E6765202854302D5434292E004361D0
:100910006E6E6F7420706572666F726D207468659C
:1009200020616374696F6E2C2066696C616D656E01
:100930007420697320616C7265616479206C6F61E9
:100940006465642E20556E6C6F6164206974206646
:10095000697273742E004D4D55206E6F7420726550
:1009600073706F6E64696E6720636F727265637413
:100970006C792E20436865636B2074686520776905
:1009800072696E6720616E6420636F6E6E6563745A
:100990006F72732E004D4D55206E6F74207265730B
:1009A000706F6E64696E672E20436865636B207498
:1009B000686520776972696E6720616E6420636F75
:1009C0006E6E6563746F72732E004D6F7265206476
:1009D000657461696C73206F6E6C696E652E00546E
:1009E00068652049646C65722063616E6E6F742067
:1009F000686F6D652070726F7065726C792E204320
:100A00006865636B20666F7220616E797468696EC9
:100A10006720626C6F636B696E6720697473206D09
:100A20006F76656D656E742E0043616E2774206D60
:100A30006F76652053656C6563746F72206F7220EA
:100A400049646C65722E005468652053656C65635B
:100A5000746F722063616E6E6F7420686F6D6520B5
:100A600070726F7065726C792E20436865636B20BD
:100A7000666F7220616E797468696E6720626C6F50
:100A8000636B696E6720697473206D6F76656D6541
:100A90006E742E004C6F6164696E6720746F206500
:100AA00078747275646572206661696C65642E2065
:100AB000496E7370656374207468652066696C6143
:100AC0006D656E74207469702073686170652E2086
:100AD000526566696E65207468652073656E736F14
:100AE000722063616C6962726174696F6E2C206937
:100AF00066206E65656465642E0053656C6563747D
:100B00006F722063616E2774206D6F766520647547
:100B10006520746F2046494E4441206465746563C6
:100B200074696E6720612066696C616D656E742EF4
:100B3000204D616B652073757265206E6F2066694C
:100B40006C616D656E7420697320696E2053656CED
:100B50006563746F7220616E642046494E44412083
:100B6000776F726B732070726F7065726C792E0084
:100B700046696C616D656E742073656E736F72206B
:100B800074726967676572656420746F6F20656150
:100B9000726C79207768696C65206C6F6164696E2E
:100BA0006720746F2065787472756465722E2043B7
:100BB0006865636B2074686572652069736E27745D
:100BC00020616E797468696E6720737475636B2039
:100BD000696E205054464520747562652E20436826
:100BE00065636B20746861742073656E736F722027
:100BF00072656164732070726F7065726C792E001B
:100C000050756C6C6579206D6F746F7220737461B0
:100C10006C6C65642E20456E737572652074686512
:100C20002070756C6C65792063616E206D6F7665E0
:100C300020616E6420636865636B2074686520774B
:100C40006972696E672E0046696C616D656E74200D
:100C500073656E736F72206469646E277420737796
:100C600069746368206F6666207768696C652075B3
:100C70006E6C6F6164696E672066696C616D656E2C
:100C8000742E20456E737572652066696C616D65A2
:100C90006E742063616E206D6F766520616E6420D6
:100CA0007468652073656E736F7220776F726B73F3
:100CB0002E0046696C616D656E742073656E736F8E
:100CC00072206469646E2774207472696767657244
:100CD000207768696C65206C6F6164696E67207449
:100CE00068652066696C616D656E742E20456E7353
:100CF000757265207468652073656E736F72206904
:100D0000732063616C6962726174656420616E64F2
:100D1000207468652066696C616D656E742072650B
:100D200061636865642069742E0046494E44412021
:100D30006469646E277420737769746368206F66D2
:100D400066207768696C6520756E6C6F6164696E8A
:100D5000672066696C616D656E742E20547279200F
:100D6000756E6C6F6164696E67206D616E75616C24
:100D70006C792E20456E737572652066696C616DA5
:100D8000656E742063616E206D6F766520616E64A0
:100D90002046494E444120776F726B732E004649BE
:100DA0004E4441206469646E2774207472696767D9
:100DB0006572207768696C65206C6F6164696E6725
:100DC000207468652066696C616D656E742E2045BF
:100DD0006E73757265207468652066696C616D65F7
:100DE0006E742063616E206D6F766520616E642085
:100DF00046494E444120776F726B732E00446973ED
:100E000061626C650053746F70004C6F61640055D3
:100E10006E6C6F61640052657365744D4D55005280
:100E200065747279004372617368206465746563E8
:100E30007465642E00536F6D652070726F626C650F
:100E40006D20656E636F756E74657265642C205AD3
:100E50002D6C6576656C696E6720656E666F726372
:100E60006564202E2E2E004D657368206265642017
:100E70006C6576656C696E67206661696C65642E69
:100E8000205072696E742063616E63656C65642EB8
:100E90000048656174696E672064697361626C659E
:100EA00064206279207361666574792074696D6568
:100EB000722E0053544F505045442E00504155530C
:100EC000454420544845524D414C204552524F52C2
:100ED00000472D636F646520736C696365642066E9
:100EE0006F72206120646966666572656E74206C3D
:100EF0006576656C2E20506C656173652072652D7A
:100F0000736C69636520746865206D6F64656C201F
:100F1000616761696E2E205072696E742063616E24
:100F200063656C6C65642E00472D636F6465207388
:100F30006C6963656420666F72206120646966660F
:100F40006572656E74206C6576656C2E20436F6EDD
:100F500074696E75653F00472D636F646520736C1F
:100F60006963656420666F722061206E65776572C3
:100F7000206669726D776172652E20506C656173B1
:100F80006520757064617465207468652066697297
:100F90006D776172652E205072696E742063616E88
:100FA00063656C6C65642E00472D636F6465207308
:100FB0006C6963656420666F722061206E65776579
:100FC00072206669726D776172652E20436F6E7450
:100FD000696E75653F00472D636F646520736C69AA
:100FE00063656420666F722061206469666665725D
:100FF000656E74207072696E7465722074797065A4
:101000002E20506C656173652072652D736C696369
:101010006520746865206D6F64656C206167616927
:101020006E2E205072696E742063616E63656C6C05
:1010300065642E00472D636F646520736C6963657A
:101040006420666F72206120646966666572656EF1
:1010500074207072696E74657220747970652E20C8
:10106000436F6E74696E75653F00507265737320CF
:10107000746865206B6E6F6220746F207072656893
:10108000656174206E6F7A7A6C6520616E6420638E
:101090006F6E74696E75652E00506C6561736520A6
:1010A000707265737320746865206B6E6F62207454
:1010B0006F20756E6C6F61642066696C616D656E22
:1010C0007400616E642070726573732074686520AB
:1010D0006B6E6F6200496E736572742066696C6135
:1010E0006D656E7400436F6C6F72206E6F74206359
:1010F0006F72726563740046696C616D656E742011
:101100006E6F74206C6F61646564004368616E6724
:10111000656420636F72726563746C79004C6F61F3
:1011200064696E6720636F6C6F72004368616E67FD
:101130006520737563636573732100506C6561731B
:1011400065206F70656E2069646C657220616E64E5
:101150002072656D6F76652066696C616D656E7471
:10116000206D616E75616C6C792E0057617320661D
:10117000696C616D656E7420756E6C6F616420734F
:1011800075636365737366756C3F00506C6561735E
:101190006520757067726164652E004E6577206604
:1011A00069726D776172652076657273696F6E2002
:1011B000617661696C61626C653A00576169746956
:1011C0006E6720666F722050494E44412070726FE6
:1011D000626520636F6F6C696E6700506C65617348
:1011E000652077616974004E6F206D6F76652E0003
:1011F0005761697420666F7220757365722E2E2E8A
:1012000000537461626C6520616D6269656E742063
:1012100074656D70657261747572652032312D323E
:101220003643206973206E656564656420612072B1
:1012300069676964207374616E64206973207265E4
:101240007175697265642E00506C656173652072FA
:10125000756E2058595A2063616C696272617469B5
:101260006F6E2066697273742E00426564206C652F
:1012700076656C696E67206661696C65642E2053C3
:10128000656E736F72206469646E2774207472696E
:10129000676765722E20446562726973206F6E20E5
:1012A0006E6F7A7A6C653F2057616974696E67204A
:1012B000666F722072657365742E0053656E736974
:1012C00074697669747900446F6E65002200656EFA
:1012D000717565696E67202200446F6E65207072BB
:1012E000696E74696E672066696C65004E6F204C8C
:1012F000696E65204E756D6265722077697468202D
:10130000636865636B73756D2C204C617374204C3E
:10131000696E653A20004E6F20436865636B737594
:101320006D2077697468206C696E65206E756D62DA
:1013300065722C204C617374204C696E653A2000F4
:10134000636865636B73756D206D69736D6174633C
:10135000682C204C617374204C696E653A20004CF7
:10136000696E65204E756D626572206973206E6FBF
:1013700074204C617374204C696E65204E756D62EB
:1013800065722B312C204C617374204C696E653A68
:101390002000256C752062797465732077726974FA
:1013A00074656E20746F202553206174206164641D
:1013B000726573732030782530346C780A004425C8
:1013C00064202D20526561642F5772697465202551
:1013D000530A0020436F756E7420583A2000453040
:1013E0003A25642052504D2050524E313A25642007
:1013F00052504D204530403A25752050524E3140D4
:101400003A25750A00526573656E640025533A20CB
:10141000256C640A25530A002F2F616374696F6E6F
:101420003A6E6F74696669636174696F6E202553E3
:101430000A0046696C616D656E742072756E6F7519
:101440007420646574656374656421005072696E0C
:101450007465722073746F707065642064756520A4
:10146000746F206572726F72732E2053757065727F
:10147000766973696F6E2072657175697265642E25
:101480000064756D7020636C65617265640A006E3E
:101490006F2064756D7020617661696C61626C6546
:1014A0000A00443231202D2072656164206372612C
:1014B00073682064756D700A006E6F2064756D70BE
:1014C00020617661696C61626C650A0064756D709B
:1014D00020636F6D706C6574656420696E20256C87
:1014E000756D730A0058464C4153480045455052AB
:1014F0004F4D005352414D00442D31202D20456E5B
:10150000646C657373206C6F6F700A00416374695B
:1015100076652045787472756465723A20300049AA
:101520006E76616C696420657874727564657200AA
:10153000746D63323133305F7072696E745F6375DE
:101540007272656E747328290A094809520A58098B
:1015500025640925640A590925640925640A5A097C
:1015600025640925640A450925640925640A005390
:1015700044207072696E74696E67206279746520A8
:1015800000257500556E6B6E6F776E20636F6D6D05
:10159000616E643A2022004D32303020496E76610F
:1015A0006C696420657874727564657220007A5F76
:1015B0006D61783A20007A5F6D696E3A2000795F3C
:1015C0006D61783A2000795F6D696E3A2000785F2E
:1015D0006D61783A200054524947474552454400CE
:1015E0006F70656E00785F6D696E3A2000526570AD
:1015F0006F7274696E6720656E6473746F702073A8
:101600007461747573004D3131322063616C6C65A7
:10161000642E20456D657267656E63792053746F23
:10162000702E002F2F616374696F6E3A75766C6F40
:101630005F7265636F766572795F72656164790068
:101640002F2F616374696F6E3A75766C6F5F617589
:10165000746F5F7265636F766572795F72656164DE
:10166000790053494C454E54004E4F524D414C0069
:101670002553204D4F44453A2050657263656E7482
:1016800020646F6E653A20256868643B207072693B
:101690006E742074696D652072656D61696E696E26
:1016A0006720696E206D696E733A2025643B204384
:1016B00068616E676520696E206D696E733A2025DA
:1016C000640A005072696E74657253746174653A8D
:1016D0002025640A00456E642066696C65206C698B
:1016E000737400426567696E2066696C65206C6979
:1016F000737400556E6B6E6F776E20256320636F79
:1017000064653A2025730A000A50494E444120740A
:10171000656D70657261747572653A20252E31664B
:10172000205A20736869667420286D6D293A202537
:101730002E3366000A537465703A2025642F360AEA
:10174000000A537465703A2025642F362028736B85
:101750006970706564290A50494E44412074656D72
:1017600070657261747572653A202564205A207321
:101770006869667420286D6D293A300A000A5A4556
:10178000524F3A20252E33660A007374617274201A
:1017900074656D70657261747572653A20252E31BD
:1017A000660A0025642020252E3266002553205825
:1017B0003A20252E356620593A20252E3566205AA6
:1017C0003A20252E35660A00536C6565702E2E2E44
:1017D0000045303A25642052504D0A50524E303A5E
:1017E00025642052504D0A00312F39008800002016
:1017F00045535000204E535000204F464600204F86
:101800004E005056303100205B4D505D2000256960
:1018100020686F757273202569206D696E75746517
:10182000730052582074696D656F7574004D3331C3
:1018300030004D313132004D3131300046756C6C25
:10184000205258204275666665720053657474694B
:101850006E67732053746F72656400544D3A207341
:10186000746F7265642063616C6962726174696F20
:101870006E20696E76616C69642C20726573657484
:1018800074696E670053746F726564207365747455
:10189000696E677320726574726965766564004865
:1018A000617264636F6465642044656661756C741D
:1018B0002053657474696E6773204C6F616465644E
:1018C00000563200000000C8420000C8420000C8B4
:1018D0004300008C430000484300004843000040A0
:1018E000410000F042E8030000E8030000C80000E7
:1018F000008813000000409C4400409C440000000D
:101900000000000000204E000000002041000020E8
:1019100041CDCCCC3E000090400000000000000013
:101920000000000000CDCCCC3E000070410745F324
:101930003E0160EA428F42FC42E65A343F4C62B0BC
:10194000450000000000404000003442000000005C
:101950000000000000000041000000E03F0000C85F
:10196000420000C842000040410000F042C00300B5
:1019700000C0030000C80000008813000010101011
:101980002000409C440000803F0000003F191400EC
:101990000000437573746F6D004E796C6F6E50412B
:1019A00000536174696E202000546578747572006C
:1019B000536D6F6F746800486F74656E6420666164
:1019C0006E207370656564206973206C6F77657233
:1019D000207468616E20657870656374656400507A
:1019E00072696E742066616E20737065656420692B
:1019F00073206C6F776572207468616E20657870F3
:101A0000656374656400312E3000312E3500554E0B
:101A10004B4E4F574E004C413130433A204C696E8B
:101A200065617220416476616E6365206D6F6465E7
:101A30003A20004C413130433A2041646A75737456
:101A4000656420452D4A65726B3A20003E0FA8AFB1
:101A500000480069960000DF602555588768042714
:101A6000F2E0005E3403CC1960F33C0EF88F00DB2B
:101A700008029492003E1C079A8700E524008528FE
:101A8000527E06001BE4007E781270787061F812B6
:101A9000788F8841784270787061782570787061AD
:101AA000F850788F88D1F02527078761F025278F98
:101AB00088412C0D27AA50D1BC0707871161BE7839
:101AC0008F881141785270787061F852788F884110
:101AD0002012788870632052788870634852788822
:101AE0008743031117997064181278F870654412CF
:101AF000F8F8F045184278F87065182578F87065A0
:101B0000185278F87065185078F870650C078F8750
:101B10002365A20F8F8F11450012062270690012F3
:101B20000722274900250622706900250722274938
:101B300000120622276C026236A2706C40456C448B
:101B4000704C03622222706C43888888F04C7812B3
:101B5000BC88806E7852BC88806E38127888706F2E
:101B600078127888874F38427888706F382578885F
:101B7000706F3A0079AC786F3D079AAC786F785007
:101B8000788887EF39497888706F0852BC888072EE
:101B90009852F88F985220127870F0734812786338
:101BA000875320527870F073485278638753100738
:101BB000870F247312786387245360699A988BE2A5
:101BC0002304E4443074104E444324747C12888906
:101BD00060753C50888870557825288960757949EA
:101BE000088960753C12887070790C1288522259ED
:101BF0004412F124F07A4452F124F07A8C52F036F7
:101C00008F5A4420F124F07A00401454CDCCCC3DBE
:101C10000AD7233C17B7D13877CC2B329595E624D9
:101C20001FB14F0A000020410000C84200401C467E
:101C300020BCBE4CCA1B0E5AAEC59D744E414E49C7
:101C40004E46627573793A207061757365642066DB
:101C50006F7220696E70757400627573793A2070C6
:101C6000617573656420666F7220757365720062BA
:101C70007573793A2070726F63657373696E67006C
:101C800000007F43008054430000524300000000E6
:101C9000000080C09A99193E00000000000080C03A
:101CA0009A99193E0000A0400000A04000000040AA
:101CB00025336420737465703D253264206D736331
:101CC0006E743D2534640A0000007F430080584351
:101CD0009AD95143FFFFFF20413A0020503A00209B
:101CE00042403A0020403A00202F002054303A0071
:101CF000202F0020423A00202F00543A002553455F
:101D0000786365737369766520626564206C6576B7
:101D1000656C696E6720636F7272656374696F6E5C
:101D20003A202569206D6963726F6E730A004265FF
:101D300064206C6576656C696E67206661696C65A8
:101D4000642E20546F6F206D756368207661726910
:101D50006174696F6E2066726F6D20656570726F59
:101D60006D206D65736800426564206C6576656CF6
:101D7000696E67206661696C65642E2053656E73B9
:101D80006F722074726967676572656420746F6F23
:101D900020736F6F6E002020004D65617375726552
:101DA0006420706F696E74733A005A2073656172B3
:101DB0006368206865696768743A20352E3066006C
:101DC0004E756D20582C593A20372C37004D6573CD
:101DD0006820626564206C6576656C696E67206E4C
:101DE0006F74206163746976652E0020453A002087
:101DF0005A3A0020593A0020453A00205A3A002029
:101E0000593A00583A00202D3E200053706F6F6CF5
:101E10004A6F696E3A20002C2000496E6163746934
:101E2000766974792053687574646F776E004B49D6
:101E30004C4C45442E005072696E74657220686186
:101E40006C7465642E206B696C6C28292063616C4E
:101E50006C656421005A206C6976652061646A753E
:101E60007374206F7574206F662072616E67652EC3
:101E70002053657474696E6720746F20302E204380
:101E80006C69636B20746F20636F6E74696E756527
:101E90002E005A206C6976652061646A757374201F
:101EA0006F7574206F662072616E67652E205365B2
:101EB0007474696E6720746F20300020453A3020BA
:101EC000423A00543A004731205A252D2E336620DD
:101ED00046252D2E336600496E76616C6964205468
:101EE00020636F64652E004475706C69636174656E
:101EF00020542D636F64652069676E6F7265642E70
:101F000000416476616E6365204B3D004B206F7528
:101F100074206F6620616C6C6F7765642072616EEF
:101F2000676521004D4B33004D4B334D4D5533000C
:101F30005C762C012533642F25336400253364003F
:101F4000200A200A200A200025534172632053658D
:101F50007474696E67733A20503A4D6178206C65ED
:101F60006E677468286D6D2920533A4D696E206C38
:101F7000656E67746820286D6D29204E3A436F7234
:101F800072656374696F6E7320523A4D696E207387
:101F900065676D656E747320463A5365676D656E4F
:101FA00074732F7365632E0A255320204D3231340C
:101FB0002050252E32662053252E3266204E256471
:101FC00020522564204625640A00255346696C6129
:101FD0006D656E742073657474696E67733A20441E
:101FE000697361626C65640A00255346696C616DB2
:101FF000656E742073657474696E67733A0A25534D
:102000002020204D3230302044252E32660A002513
:1020100053526574726163743A20533D4C656E6728
:10202000746820286D6D2920463A537065656420D8
:10203000286D6D2F6D29205A3A205A4C69667420FC
:10204000286D6D290A25532020204D32303720532A
:10205000252E32662046252E3266205A252E3266DF
:102060000A25535265636F7665723A20533D457871
:10207000747261206C656E67746820286D6D29200C
:10208000463A537065656420286D6D2F6D290A25C9
:10209000532020204D3230382053252E32662046E2
:1020A000252E32660A25534175746F2D5265747260
:1020B0006163743A20533D3020746F20646973610A
:1020C000626C652C203120746F20696E74657270AB
:1020D00072657420657874727564652D6F6E6C79A5
:1020E000206D6F7665732061732072657472616311
:1020F0007473206F72207265636F766572696573A1
:102100000A25532020204D323039205325640A00FF
:102110002553504944206865617462656420736585
:102120007474696E67733A0A25532020204D33304A
:10213000342050252E32662049252E326620442533
:102140002E32660A00255350494420736574746921
:102150006E67733A0A25532020204D3330312050CA
:10216000252E32662049252E32662044252E3266E1
:102170000A00255353746570732070657220756E64
:1021800069743A0A255320204D39322058252E32C1
:10219000662059252E3266205A252E326620452586
:1021A0002E32660A25535553746570207265736F1D
:1021B0006C7574696F6E3A200A2553204D333530A3
:1021C0002058256420592564205A2564204525641B
:1021D0000A25534D6178696D756D20666565647279
:1021E00061746573202D206E6F726D616C20286D97
:1021F0006D2F73293A0A255320204D323033205851
:10220000252E32662059252E3266205A252E32661A
:102210002045252E32660A25534D6178696D756D0E
:1022200020666565647261746573202D2073746522
:10223000616C746820286D6D2F73293A0A2553202C
:10224000204D3230332058252E32662059252E322B
:1022500066205A252E32662045252E32660A2553E1
:102260004D6178696D756D20616363656C65726140
:1022700074696F6E202D206E6F726D616C20286DF9
:102280006D2F7332293A0A255320204D32303120E8
:1022900058256C752059256C75205A256C7520457C
:1022A000256C750A25534D6178696D756D206163E4
:1022B00063656C65726174696F6E202D207374653F
:1022C000616C746820286D6D2F7332293A0A25538A
:1022D00020204D3230312058256C752059256C75E1
:1022E000205A256C752045256C750A25534163637A
:1022F000656C65726174696F6E3A20503D707269E9
:102300006E742C20523D726574726163742C20547B
:102310003D74726176656C0A255320204D3230344D
:102320002050252E32662052252E32662054252E2E
:1023300032660A2553416476616E63656420766176
:10234000726961626C65733A20533D4D696E206617
:102350006565647261746520286D6D2F73292C206A
:10236000543D4D696E2074726176656C20666565BA
:10237000647261746520286D6D2F73292C20423D95
:102380006D696E696D756D207365676D656E74201E
:1023900074696D6520287573292C20583D6D61780E
:1023A000696D756D205859206A65726B20286D6DB6
:1023B0002F73292C20205A3D6D6178696D756D2031
:1023C0005A206A65726B20286D6D2F73292C20208E
:1023D000453D6D6178696D756D2045206A65726B4C
:1023E00020286D6D2F73290A255320204D3230355A
:1023F0002053252E32662054252E32662042256C2D
:10240000752058252E32662059252E3266205A25F1
:102410002E32662045252E32660A2553486F6D659B
:10242000206F666673657420286D6D293A0A2553FE
:1024300020204D3230362058252E32662059252E48
:102440003266205A252E32660A00544D3A20525BDD
:1024500025755D20657374696D6174652E00544D3A
:102460003A20255320522025644300544D3A20251C
:10247000532043206573742E00544D3A20636F6FD0
:102480006C20646F776E203C25644300726566693A
:102490006E6500696E697469616C00544D3A206321
:1024A000616C6962722E206661696C6564210054FA
:1024B0004D3A2063616C6962726174696F6E20735A
:1024C0007461727400544D3A2043616C2E204E4F5B
:1024D000542049444C45004361703A25533A2563E2
:1024E0000A0050525553415F4D4D553200455854E6
:1024F000454E4445445F4D3230004155544F52459E
:10250000504F52545F504F534954494F4E0041551C
:10251000544F5245504F52545F46414E530041551F
:10252000544F5245504F52545F54454D5000004453
:10253000656C6574696F6E206661696C65642C20DA
:1025400046696C653A200046696C652064656C6577
:102550007465643A004E6F74205344207072696E43
:1025600074696E67005072696E7420736176656479
:10257000005344207072696E7420706175736564D5
:10258000002533642F253364004F4B004241440043
:1025900052414D426F2046414E20006676007468DD
:1025A000780050524E0043524153485F43414E43DE
:1025B000454C0043524153485F5245434F564552A4
:1025C0000043524153485F5245434F564552002203
:1025D0002832290025533A2025530A002C204D3952
:1025E000303720452069676E6F726564006E6F201A
:1025F00076616C696420636F6D6D616E64007A65ED
:10260000726F72697A656400666163746F727920B3
:10261000726573746F72656400696E6465782C20EE
:1026200074656D702C2075737465702C20756D0049
:1026300050494E44412063616C207374617475731A
:102640003A2000503A005761697420666F7220503A
:10265000494E4441207461726765742074656D70E1
:10266000657261747572653A002041002050002047
:102670004200204C00205200205A00204E4F54208F
:10268000494E495449414C495A454400536865658F
:10269000742000205A2056414C5545204F55542057
:1026A0004F462052414E474500496E76616C696441
:1026B0002073686565742049442E20416C6C6F77E7
:1026C00065643A20302E2E004155544F004C414E47
:1026D000472053454C20464F524345440020643A1E
:1026E0000020693A0020703A0020643A0020693ADC
:1026F0000020703A00256925250A00256925250A4C
:102700000022283129002F2F00002045585452550F
:102710004445525F434F554E543A3100204D41439A
:1027200048494E455F545950453A00312E300020FB
:102730006261736564206F6E204D61726C696E20FA
:102740004649524D574152455F55524C3A68747450
:1027500070733A2F2F6769746875622E636F6D2FDF
:10276000707275736133642F50727573612D466991
:10277000726D776172652050524F544F434F4C5FDA
:1027800056455253494F4E3A003136353532663749
:102790006264005F0038323530002B004649524DEC
:1027A000574152455F4E414D453A50727573612D08
:1027B0004669726D7761726520004D313133205367
:1027C000006F6B200020636D2E00206D696E20006D
:1027D000535441545320006E2F61003F546F73686F
:1027E00069626120466C6173684169722047657453
:1027F0004950206661696C65640A00000125311D3D
:102800000C4024301C0B45232F1B0A17FF04062203
:102810002B1A03363735382569206D696E2C202533
:10282000692073656300496E76616C6964204D2090
:10283000636F64653A2025730A0050494E44412075
:1028400070726F62652063616C6962726174696F36
:102850006E207374617274004E6F2050494E444173
:1028600020746865726D6973746F720073657400AB
:102870006E6F7A7A6C65004D424C004652004C7A7D
:10288000004C616E6700315F37356D6D5F4D4B33C6
:102890002D45494E53795F3130612D4533445245C2
:1028A000564F5F48465F3630570052657600332EEC
:1028B00031342E312D383235300046697200534E96
:1028C00020696E76616C696400534E005245534531
:1028D00054004D4D555245530075766C6F0046417E
:1028E0004E0046414E50494E545354005052555399
:1028F00041005345545F43484F505F005345545F78
:10290000535445505F005345545F574156455F004F
:10291000544D435F0043524153485F43414E43454A
:102920004C0043524153485F5245434F5645520075
:1029300043524153485F4445544543544544004342
:10294000524153485F00252E313053200025346416
:1029500000457872656D65207370616E206F66202A
:10296000746865205A2076616C7565732100256452
:102970002F39004D4D55323A0025336400180104BB
:1029800019020A9E0D2A0DB20C470C000C700BFAAE
:102990000A940A470A290ADF09290ACA09CA09CA80
:1029A00009CA09CA09CA09CA09CA09CA09CA09CA8F
:1029B00009CA09CA09CA09CA09CA09CA09CA09CA7F
:1029C00009CA09CA09CA09950956090E099D086A62
:1029D000082208DA077E0747070707EC060101010E
:1029E000010101010271017101323232030303035B
:1029F0000303030303030303030303030303039317
:102A000093243803930301025603650066006700B0
:102A1000680069006A006B006C00730074007D0040
:102A20007E00C900D300DD00CA00D400DE002D0105
:102A3000370141012E01380142012F0139014301C3
:102A400030013A01440131013B014501320191015C
:102A50009201F501F601F701F801F901FA01FB0114
:102A6000FC0184031F0EC712160E0F0E0A0E05304E
:102A70001F3D050EFD0D252E3230530A7072757301
:102A8000612E696F2F30342568750020557067728C
:102A90006164696E672078666C6173680A20446FB0
:102AA000206E6F7420646973636F6E6E656374214A
:102AB00000773235783230636C5F63666D0A007779
:102AC0003235783230636C5F656E7465720A0073FC
:102AD000746172740A0047312058313020593138FE
:102AE00030204634303030004731205A31302046D3
:102AF00031333030004D313430205330004D3130DF
:102B00003420533000473120452D302E30373520CA
:102B10004632313030004731204634303030004DBD
:102B2000323034205331303030004731205A352094
:102B3000463732303000473120452D312E35204682
:102B40003231303000473930004731205835204588
:102B500034204631303030004731205A302E322078
:102B60004631303030004731205835352045323538
:102B700020463134303000473120592D3220463143
:102B80003030300047312058323430204532352043
:102B9000204632323030004731205A302E33204622
:102BA0003130303000473120583535204538204607
:102BB00032303030004731205835204532392046F8
:102BC00031383030004731205835352045323920F2
:102BD00046313037330047393220453000473238EC
:102BE000004D313039004D313930004D3130370032
:102BF00025533A0A2531382E32666D200A25533A7C
:102C00000A2531306C646820253032646D2025300F
:102C10003264730025533A0A2531382E32666D200E
:102C20000A25533A0A2531306C6464202530326419
:102C30006820253032646D0025362E32666D6D00B9
:102C400025530A25530A25533A0A25533A002533BA
:102C50002E32668100252D31342E3134533A0A2527
:102C6000530A252D31342E3134533A25332E326612
:102C7000810A252D31342E3134533A25332E3266D4
:102C800081002020300020203100423A202533648A
:102C9000202020202058643A2536640A533A202503
:102CA0003364202020202059643A253664004649A8
:102CB0004E44410050494E44410057697A61726464
:102CC00020656E642073746174653A2025640A007F
:102CD00053706F6F6C4A6F696E004669726D7761F1
:102CE00072650048426564206F6E206C6F616400FD
:102CF000466C61736841697200546865726D616CFD
:102D0000204D6F64656C2063616C2E004572723AD1
:102D10005052494E542046414E204552524F520087
:102D20004572723A484F54454E442046414E204524
:102D300052524F52002F2F616374696F6E3A726561
:102D400073756D6564002F2F616374696F6E3A72DD
:102D50006573756D65002F2F616374696F6E3A72CC
:102D600065616479002F2F616374696F6E3A6E6FCD
:102D7000745F7265616479002F2F616374696F6E8F
:102D80003A63616E63656C0041786973206C656EAF
:102D900067746820646966666572656E63653A2566
:102DA0002E33660A004D6561737572656420617823
:102DB0006973206C656E6774683A252E33660A0065
:102DC0004F4B004C434420737461747573206368E7
:102DD000616E6765640053442063617264207265AC
:102DE0006C65617365640046616B6520736572692B
:102DF000616C206E756D62657200452D636F6F6C3E
:102E0000206D6F6465002F2F616374696F6E3A7374
:102E100074617274004D3834004D373032004D38D3
:102E200033004732382057004D3530300045787434
:102E300065726E616C2053504920666C6173680A3C
:102E400058464C415348206973206E6F7420726558
:102E5000732D0A706F6E64696E672E204C616E6709
:102E6000756167650A73776974636820756E61764A
:102E700061696C61626C652E0058464C4153482074
:102E80006E6F7420726573706F6E64696E672E006A
:102E90004657206372617368206465746563746566
:102EA000642120596F752063616E20636F6E7469B1
:102EB0006E7565207072696E74696E672E20446548
:102EC000627567206461746120617661696C61621A
:102ED0006C6520666F7220616E616C797369732E08
:102EE00020436F6E7461637420737570706F7274B9
:102EF00020746F207375626D6974206465746169F4
:102F00006C732E002F2F616374696F6E3A64756D58
:102F1000705F617661696C61626C650043726173B8
:102F2000684465746563742044495341424C454488
:102F300000437261736844657465637420454E4153
:102F4000424C454421002020506C616E6E657242F7
:102F5000756666657242797465733A200020467220
:102F60006565204D656D6F72793A2000207C2041A7
:102F70007574686F723A2000204C6173742055702C
:102F800064617465643A200020536F6674776172DF
:102F90006520526573657400205761746368646FBF
:102FA00067205265736574002042726F776E206FE0
:102FB0007574205265736574002045787465726E6F
:102FC000616C20526573657400506F77657255703F
:102FD000006572726F722077726974696E6720740F
:102FE0006F2066696C6500446F6E65207361766959
:102FF0006E672066696C652E006F6B0046696C61B8
:103000006D656E7400456A6563740046696C616D38
:10301000656E7420657874727564696E6720262009
:103020007769746820636F727265637420636F6C74
:103030006F723F004175746F6C6F6164696E6720D9
:1030400066696C616D656E74206973206163746973
:1030500076652C206A7573742070726573732074A2
:103060006865206B6E6F6220616E6420696E7365A7
:1030700072742066696C616D656E742E2E2E005020
:1030800072696E742074696D650046696C616D6566
:103090006E74207573656400546F74616C20707277
:1030A000696E742074696D6500546F74616C20667C
:1030B000696C616D656E740050726568656174203D
:1030C000746865206E6F7A7A6C6521004552524FA4
:1030D000523A005269676874004C65667400592062
:1030E00064697374616E63652066726F6D206D69CB
:1030F0006E0053657665726520736B657700536C5F
:103100006967687420736B6577004D6561737572CC
:10311000656420736B6577005B303B305D20706FBA
:10312000696E74206F66667365740041646A7573B6
:1031300074696E67205A0052656172207369646514
:10314000205BE46D5D0046726F6E74207369646588
:103150005BE46D5D00526967687420736964655B48
:10316000E46D5D004C6566742073696465205BE402
:103170006D5D005365742074656D70657261747562
:1031800072653A0050494E44412063616C69627235
:103190006174696F6E206661696C65640050494EA8
:1031A00044412063616C6962726174696F6E206969
:1031B000732066696E697368656420616E6420615E
:1031C00063746976652E2049742063616E206265A0
:1031D0002064697361626C656420696E206D656E40
:1031E000752053657474696E67732D3E50494E4463
:1031F000412063616C2E00457874727564657200BD
:103200004D6F7665205A004D6F76652059004D6FE1
:103210007665205800437261736820646574656345
:1032200074696F6E2063616E0A6265207475726ED8
:103230006564206F6E206F6E6C7920696E0A4E6F28
:10324000726D616C206D6F6465005741524E494E3E
:10325000473A0A43726173682064657465637469F0
:103260006F6E0A64697361626C656420696E0A53EB
:103270007465616C7468206D6F6465004D6F646582
:10328000206368616E676520696E2070726F677277
:103290006573732E2E2E00536865657420252E37B6
:1032A000730A5A206F66667365743A20252B312E97
:1032B00033666D6D0A2563436F6E74696E75650ABA
:1032C0002563526573657400506C65617365206C8D
:1032D0006F61642066696C616D656E7420666972E9
:1032E00073742E003E43616E63656C0052756E6EA2
:1032F000696E672057697A6172642077696C6C2007
:1033000064656C6574652063757272656E742063A4
:10331000616C6962726174696F6E20726573756C3D
:10332000747320616E642073746172742066726FAE
:103330006D2074686520626567696E6E696E672EC0
:1033400020436F6E74696E75653F005072656865E5
:103350006174696E67206E6F7A7A6C652E20506C8E
:103360006561736520776169742E00506C656173C7
:103370006520696E736572742066696C616D656E37
:103380007420696E746F2074686520657874727536
:103390006465722C207468656E207072657373208A
:1033A000746865206B6E6F6220746F206C6F61644F
:1033B0002069742E00506C6561736520696E7365B9
:1033C00072742066696C616D656E7420696E746FCD
:1033D0002074686520666972737420747562652054
:1033E0006F6620746865204D4D552C207468656E9D
:1033F00020707265737320746865206B6E6F622035
:10340000746F206C6F61642069742E005A206361B0
:103410006C6962726174696F6E207265636F6D6D45
:10342000656E6465642E2052756E206974206E6F1F
:10343000773F00546865207072696E7465722077FA
:10344000696C6C207374617274207072696E746937
:103450006E672061207A69672D7A6167206C696EDA
:10346000652E20526F7461746520746865206B6EE0
:103470006F6220756E74696C20796F75207265615A
:10348000636820746865206F7074696D616C206872
:1034900065696768742E20436865636B207468658E
:1034A00020706963747572657320696E2074686535
:1034B0002068616E64626F6F6B202843616C696283
:1034C000726174696F6E2063686170746572292E11
:1034D0000053656C6563742074656D70657261740A
:1034E000757265207768696368206D6174636865CB
:1034F0007320796F7572206D6174657269616C2ECD
:103500000053656C65637420612066696C616D654C
:103510006E7420666F7220746865204669727374D9
:10352000204C617965722043616C696272617469D3
:103530006F6E20616E642073656C656374206974BE
:1035400020696E20746865206F6E2D7363726565E7
:103550006E206D656E752E004E6F7720492077695D
:103560006C6C2063616C696272617465206469735C
:1035700074616E6365206265747765656E20746939
:1035800070206F6620746865206E6F7A7A6C652093
:10359000616E64206865617462656420737572662B
:1035A0006163652E00506C656173652063686563B7
:1035B0006B206F75722068616E64626F6F6B206143
:1035C0006E6420666978207468652070726F626C22
:1035D000656D2E205468656E20726573756D65206B
:1035E0007468652057697A61726420627920726517
:1035F000626F6F74696E6720746865207072696E9F
:103600007465722E00416C6C20697320646F6E6566
:103610002E204861707079207072696E74696E67CF
:103620002100596F752063616E20616C7761797339
:1036300020726573756D65207468652057697A61BD
:1036400072642066726F6D2043616C69627261748E
:10365000696F6E202D3E2057697A6172642E004991
:103660006620796F7520686176652061646469748D
:10367000696F6E616C20737465656C207368656535
:1036800074732C2063616C69627261746520746864
:10369000656972207072657365747320696E20535A
:1036A000657474696E6773202D20485720536574C4
:1036B0007570202D20537465656C20736865657482
:1036C000732E00506C6561736520636C65616E20BC
:1036D0006865617462656420616E64207468656EFB
:1036E00020707265737320746865206B6E6F622E34
:1036F00000446F20796F752077616E7420746F209D
:10370000726570656174206C617374207374657088
:1037100020746F20726561646A75737420646973C4
:1037200074616E6365206265747765656E206E6F87
:103730007A7A6C6520616E64206865617462656484
:103740003F0053656C656374206E6F7A7A6C6520F8
:10375000707265686561742074656D7065726174FE
:10376000757265207768696368206D617463686548
:103770007320796F7572206D6174657269616C2E4A
:103780000049732066696C616D656E74206C6F61B1
:103790006465643F00546865726D616C206D6F6490
:1037A000656C2063616C2E2074616B6573206170A1
:1037B00070726F782E203132206D696E732E205317
:1037C00065650A70727573612E696F2F746D2D6354
:1037D000616C004E6F7720492077696C6C207072A5
:1037E0006568656174206E6F7A7A6C6520666F72A9
:1037F00020504C412E00492077696C6C2072756E08
:10380000207A2063616C6962726174696F6E206EE8
:103810006F772E004E6F772072656D6F766520741E
:1038200068652074657374207072696E74206672A6
:103830006F6D20737465656C2073686565742E0008
:10384000506C656173652072656D6F766520736875
:10385000697070696E672068656C70657273206648
:10386000697273742E00492077696C6C2072756ED2
:103870002078797A2063616C6962726174696F6E15
:10388000206E6F772E2049742077696C6C207461EC
:103890006B6520757020746F203234206D696E73F3
:1038A0002E0046697273742C20492077696C6C2055
:1038B00072756E207468652073656C6674657374C8
:1038C00020746F20636865636B206D6F7374206371
:1038D0006F6D6D6F6E20617373656D626C792070B2
:1038E000726F626C656D732E0048692C20492061EF
:1038F0006D20796F7572204F726967696E616C20F7
:103900005072757361206933207072696E746572CC
:103910002E20576F756C6420796F75206C696B650C
:10392000206D6520746F20677569646520796F75F7
:10393000207468726F756768207468652073657499
:1039400075702070726F636573733F0048692C2037
:103950004920616D20796F7572204F726967696EB9
:10396000616C205072757361206933207072696ECA
:103970007465722E20492077696C6C2067756964C4
:103980006520796F75207468726F75676820612093
:1039900073686F72742073657475702070726F63D2
:1039A0006573732C20696E2077686963682074687A
:1039B00065205A2D617869732077696C6C20626587
:1039C0002063616C696272617465642E205468655D
:1039D0006E2C20796F752077696C6C20626520727F
:1039E0006561647920746F207072696E742E004571
:1039F0002D636F7272656374005A2D636F72726506
:103A0000637400592D636F727265637400582D637F
:103A10006F727265637400506175736500436F6EF9
:103A2000742E00465320416374696F6E00462E2049
:103A30006A616D2064657465637400462E2061754B
:103A4000746F6C6F616400462E2072756E6F7574B2
:103A5000004D4D55204D6F6465004375747465725B
:103A60000046616E207370656564004265640046BF
:103A7000616E7320636865636B004D6F64656C00F5
:103A80004E6F7A7A6C6500506C6561736520756E57
:103A90006C6F6164207468652066696C616D656E29
:103AA000742066697273742C207468656E20726568
:103AB00070656174207468697320616374696F6EE6
:103AC0002E00436865636B7300416C7068616265CA
:103AD000740054696D6500536F7274005344206321
:103AE0006172640052506920706F7274004C696E8C
:103AF0002E20636F7272656374696F6E004E6F7A09
:103B00007A6C65206368616E67650048572053656D
:103B1000747570004C6F6164696E672054657374CE
:103B20000044697361626C652073746570706572BE
:103B300073004D6F766520617869730054656D7010
:103B4000657261747572650050494E44412063612D
:103B50006C2E0052657365742058595A2063616C4D
:103B60006962722E005049442063616C696272611F
:103B700074696F6E00426564206C6576656C2063C5
:103B80006F7272656374004D6573682042656420CE
:103B90004C6576656C696E670043616C6962726141
:103BA0007465205A0043616C6962726174652058C3
:103BB000595A0053656C66746573740042656C7481
:103BC00020746573740057697A617264004C6F6188
:103BD0006420416C6C00506C656173652070756C7D
:103BE0006C206F75742066696C616D656E742069F8
:103BF0006D6D6564696174656C7900526573657497
:103C00000052656E616D65004669727374206C6167
:103C10007965722063616C2E0053656C6563740076
:103C2000537465656C2073686565747300537570B3
:103C3000706F7274004661696C20737461747320D4
:103C40004D4D55004661696C207374617473005367
:103C50007461746973746963730043616C6962723F
:103C60006174696F6E004175746F4C6F616420669A
:103C7000696C616D656E74004C6F61642066696C7F
:103C8000616D656E7400556E6C6F61642066696C61
:103C9000616D656E74004C6F616420746F206E6F8F
:103CA0007A7A6C65005072656C6F616420746F2065
:103CB0004D4D55004E6F7A7A6C6520642E004E6F24
:103CC0002053442063617264005072696E742066F0
:103CD000726F6D20534400436C65617220544D2017
:103CE0006572726F7200526573756D6520707269CE
:103CF0006E74005061757365207072696E74005344
:103D0000657420526561647900536574206E6F7428
:103D10002052656164790050726568656174005471
:103D2000756E65004C6976652061646A75737420F0
:103D30005A0052657072696E7400496E666F207326
:103D4000637265656E004272696768746E6573734D
:103D5000004173736973740053696C656E74004F2E
:103D60006E6365004C6F756400536F756E6400463A
:103D7000696C2E2073656E736F72004368616E67A5
:103D8000652066696C616D656E7400466C6F7700C6
:103D90005370656564004E2F41004D61676E657418
:103DA0007320636F6D702E005A2D70726F626520E4
:103DB0006E722E004D6573680044696D0042726931
:103DC000676874004175746F0054696D656F757430
:103DD000004C6576656C2044696D6D6564004C65CA
:103DE00076656C2042726967687400536574746903
:103DF0006E67730053746F70207072696E74004345
:103E00006865636B696E672066696C650046696CFE
:103E10006520696E636F6D706C6574652E20436FED
:103E20006E74696E756520616E797761793F008483
:103E300052656672657368004D61696E005761690D
:103E400074696E6720666F72206E6F7A7A6C652077
:103E5000616E642062656420636F6F6C696E6700D9
:103E600053656C6674657374204F4B0053656C66C4
:103E700074657374207374617274005072696E7427
:103E80002066616E3A00486F74656E642066616EEC
:103E90003A0043616C6962726174696E6720686F91
:103EA0006D6500416C6C20636F72726563740043D2
:103EB0006865636B696E672073656E736F727300FC
:103EC000436865636B696E6720686F74656E640034
:103ED000436865636B696E6720626564004368656B
:103EE000636B696E67205A20617869730043686567
:103EF000636B696E67205920617869730043686558
:103F0000636B696E67205820617869730043686548
:103F1000636B696E6720656E6473746F70730043C2
:103F20006172642072656D6F766564004261636BD7
:103F300000537465616C7468004372617368206437
:103F400065742E004E6F726D616C004D6F6465007C
:103F5000537472696374005761726E004E6F6E65C0
:103F6000004E6F7A7A6C65206368616E6765643FA6
:103F7000004E6F7A7A6C6520697320686F74212017
:103F80005761697420666F7220636F6F6C646F771E
:103F90006E2E005049442063616C2E2066696E6964
:103FA00073686564005049442063616C2E00507250
:103FB000696E7420706175736564005072696E7407
:103FC0002061626F72746564004E6F7A7A6C65204E
:103FD0006469616D65746572206469666665727393
:103FE0002066726F6D2074686520472D636F64656D
:103FF0002E20506C6561736520636865636B207467
:1040000068652076616C756520696E2073657474CF
:10401000696E67732E205072696E742063616E63DF
:10402000656C6C65642E004E6F7A7A6C65206469ED
:10403000616D657465722064696666657273206679
:10404000726F6D2074686520472D636F64652E2044
:10405000436F6E74696E75653F00546865726520C4
:104060006973206E6F2066696C616D656E74206C7B
:104070006F616465642E205072696E742063616E96
:1040800063656C6C65642E005468657265206973A5
:10409000206E6F2066696C616D656E74206C6F6157
:1040A0006465642E20436F6E74696E75653F004DC4
:1040B0004B33206669726D77617265206465746543
:1040C00063746564206F6E204D4B335320707269AA
:1040D0006E74657200426C61636B6F7574206F6300
:1040E0006375727265642E205265636F7665722007
:1040F0007072696E743F00546865726D616C206DFA
:104100006F64656C206E6F742063616C69627261AC
:10411000746564207965742E005468657265206941
:1041200073207374696C6C2061206E656564207403
:104130006F206D616B65205A2063616C69627261EA
:1041400074696F6E2E20506C6561736520666F6CAC
:104150006C6F7720746865206D616E75616C2C20C2
:104160006368617074657220466972737420737439
:104170006570732C2073656374696F6E2043616C86
:104180006962726174696F6E20666C6F772E005081
:1041900072696E74657220686173206E6F7420623C
:1041A00065656E2063616C69627261746564207913
:1041B00065742E20506C6561736520666F6C6C6F42
:1041C0007720746865206D616E75616C2C20636862
:1041D00061707465722046697273742073746570BF
:1041E000732C2073656374696F6E2043616C696220
:1041F000726174696F6E20666C6F772E0053656C08
:1042000066746573742077696C6C206265207275C2
:104210006E20746F2063616C6962726174652061E5
:10422000636375726174652073656E736F726C651C
:104230007373207265686F6D696E672E004F6C64D2
:104240002073657474696E677320666F756E642E73
:104250002044656661756C74205049442C20457378
:1042600074657073206574632E2077696C6C2062AE
:1042700065207365742E005761726E696E673A200F
:10428000626F7468207072696E74657220747970E0
:104290006520616E64206D6F74686572626F617213
:1042A000642074797065206368616E6765642E00B0
:1042B0005761726E696E673A207072696E746572CA
:1042C0002074797065206368616E6765642E00579D
:1042D00061726E696E673A206D6F74686572626FA5
:1042E0006172642074797065206368616E676564CB
:1042F0002E0054657374696E672066696C616D6524
:104300006E740053686565740053656C6563742052
:1043100066696C616D656E743A00252D31322E31FF
:104320003253252B382E31660045787472756465DA
:10433000723A0025632531372E32666D6D00583A8A
:1043400000593A005A3A002563252D31332E313376
:1043500053252B352E3366002533750050494E44C6
:10436000412063616C6962726174696F6E2066617D
:10437000696C65642E20436F6E74696E7565207775
:10438000697468207072657373696E6720746865FC
:10439000206B6E6F622E0050494E44412063616C69
:1043A0006962726174696F6E20646F6E652E20435E
:1043B0006F6E74696E7565207769746820707265B8
:1043C0007373696E6720746865206B6E6F622E0070
:1043D000473830004D3435004D3435205A004737CA
:1043E00036004D3730312050300057697A617264A1
:1043F0002073746174653A2025640A0045787065FD
:1044000072696D656E74616C00302E383000302E2C
:10441000363000302E343000302E3235004469738F
:1044200061626C65206661726D206D6F646500521B
:1044300065736574204D4D55004D4D55004D343418
:10444000004739390044697361626C6520666172A6
:104450006D206D6F64653F00302E383000302E3691
:104460003000302E343000302E32350047323820C4
:104470005859004D20383400852E2E00593A2025F9
:1044800075202D3E202E2E2E00583A202575202DE9
:104490003E202E2E2E002533642F30002533642F2E
:1044A000300025632041584953205347313D25644E
:1044B0000A00486F74656E6400426564005A0059D2
:1044C0000058002D2D2D2D2D2D2D2D2D2D2D2D2D4B
:1044D0002D2D2D2D2D2D2D00435A5058496E7661CE
:1044E0006C696453657269616C4E72004D39313488
:1044F000004D39313500EB2B052BFD2AF52AE82A32
:10450000D62A473120582564205925642045252D79
:104510002E35660047312046313038300047312093
:104520005A252D2E33662046373230300047312051
:10453000583530205931353500D62B452B1E2E36B7
:104540002B2A2B1F2B162B4731205825642045255D
:104550002D2E336620463130303000C52BB52BA5CB
:104560002B972BD62B842B772B662B582B492B5430
:104570002564004731205A302E3420463130303007
:1045800000473120592D3320463130303000EB2B9D
:10459000E62BE12BDD2BD62B4D3834205859004724
:1045A000312058313235205A3230302046313030C7
:1045B00030004D3331302041204631004731205802
:1045C0003132352059313035205A3120463830309B
:1045D0003000496E76616C69642050494420636103
:1045E0006C2E20726573756C74732E204E6F742060
:1045F00073746F72656420746F20454550524F4D3F
:104600002E004D3330312050252E32662049252E84
:1046100032662044252E3266004D3330332045303B
:1046200020532533750052430044455600424554FB
:104630004100414C50484100000021002400270067
:104640002A002D00300033000101000004010701A1
:104650000A0100002200250028002B002E00310056
:10466000340002010000050108010B0100002000D8
:104670002300260029002C002F003200000100003A
:1046800003010601090105050505070508080808D5
:10469000020202020A0A08080404040401010101DA
:1046A00001010101030303030303030304070707D5
:1046B0000C0C0C0C0C0C0C0C02020202060606067A
:1046C000060606060B0B0B0B0B0B0B0B07070A0A58
:1046D0000A0A0A0A05050504040408080102102054
:1046E0002008081020401020408002010201080428
:1046F00002010102040810204080804020100804BC
:104700000201800402018040201008040201080414
:104710000201010204081020408001020408102058
:104720004080100804088010204004408010204081
:10473000048000000A0B02090C0D0E080703040197
:104740000000000000000000000000000000000069
:104750000000000000000000000000000000121136
:104760001000000000000000000000000000000039
:104770000000000000000000000000000000000039
:104780000000000000000000332E31342E31000AFA
:10479000204F726967696E616C2050727573612079
:1047A00069330A2020205072757361205265736549
:1047B000617263680A2532302E32305300435A50FA
:1047C00058003B530053706F6F6C4A6F696E2069DD
:1047D0007320006164635F696E697400200A200AB7
:1047E000200A2000416C6C204461746100536572A2
:1047F00076696365207072657000536869707069CE
:104800006E672070726570005374617469737469A7
:104810006373004C616E6775616765004552415373
:10482000494E4720616C6C2064617461004661638D
:10483000746F72792052455345540050525553417C
:104840003344465700494E54340003000E00010023
:1048500040000300020000000400556E6B6E6F778D
:104860006E00323032362D30342D32342030393A29
:1048700035313A35370020332E31342E312D383250
:1048800035305F31363535326637626400737461B6
:10489000727400534E20757064617465206661699E
:1048A0006C656400534E20757064617465640043E8
:1048B0005A50580043524153485F4445544543546D
:1048C000454458590043524153485F444554454379
:1048D000544544590043524153485F44455445436D
:1048E00054454458004D323900252D392E39535B3B
:1048F00000544D20657374696D6174696F6E206436
:104900006964206E6F7420636F6E766572676500F0
:10491000544D20697465723A257520763A252E32F9
:104920006620653A252E33660A00200A200A2000F8
:1049300000004842000058419A998D41333353405A
:104940004D4D55323A004D494E54454D502042454B
:1049500044206669786564004D494E54454D5020A9
:10496000484F54454E442066697865640020746F52
:104970006F206C6F6E6720657874727573696F6EE7
:104980002070726576656E7465640020636F6C6478
:1049900020657874727573696F6E207072657665C4
:1049A0006E746564004D6F76652061626F72746528
:1049B0006400504F5745522050414E4943204445D2
:1049C0005445435445440055564C4F202D20656EA8
:1049D000642025640A0055564C4F5F54494E5920B7
:1049E0002D20656E642025640A00776F726C642048
:1049F000636F6F7264696E617465733A2028252E47
:104A000033662C20252E33662C20252E3366290A6A
:104A1000004D3232302053256400446F6E652072A1
:104A2000656164696E6720454550524F4D0A0054D8
:104A3000656D706572617475726520526573746F0F
:104A40007265640A0047312045252D2E33662046C5
:104A50003237303000544D4320445249564552209D
:104A60004F56455254454D5000486F6C6420637555
:104A70007272656E74207472756E63617465642001
:104A8000746F2052756E2063757272656E740025A6
:104A9000632533642F256481005A25362E3266251E
:104AA00063005A2020202D2D2D20008625336425DB
:104AB00025002D2D2D252500253364252500205387
:104AC00044002020200020484F002046524D200066
:104AD0008725337568202563256300872530327567
:104AE0003A2530327525632563002F2F6163746981
:104AF0006F6E3A706175736564002F2F616374691E
:104B00006F6E3A70617573650044756D70206D65E8
:104B10006D6F72790068656C702E70727573613399
:104B2000642E636F6D00666F72756D2E7072757393
:104B30006133642E636F6D00707275736133642E20
:104B4000636F6D004D373031007265636F7665724B
:104B50005F6D616368696E655F73746174655F61E1
:104B6000667465725F706F7765725F70616E69639E
:104B70002C20696E697469616C2000505255534154
:104B80002075766C6F004734205330004D31313042
:104B9000204E256C75004D32362053256C75004D26
:104BA0003130362053257500473120462564004DAD
:104BB0003832004739322045252D2E3366004D32DC
:104BC00030342050252D2E31662052252D2E316671
:104BD0002054252D2E3166004731205A252D2E33A5
:104BE00066005052555341204D424C2056310047EB
:104BF000312058252D2E33662059252D2E33662041
:104C00004633303030002C20666565646D756C74F9
:104C100069706C793A0046656564726174653A0042
:104C200047312045352046313230004D3130392072
:104C3000532564004D31343020532564004D31300C
:104C4000342053256400473238205820590047311A
:104C5000205A252E33662046383030005265636F67
:104C6000766572696E67207072696E74005448458B
:104C7000524D414C20414E4F4D414C5900526573AD
:104C8000756D696E67207072696E740050494E448C
:104C9000412048656174696E670043616C696272A6
:104CA0006174696F6E20646F6E650043616C696248
:104CB000726174696E67205A0042656420646F6E89
:104CC00065004265642048656174696E67004865E7
:104CD0006174696E6720646F6E652E00486561744B
:104CE000696E67004D4D5520706F77657220666163
:104CF000696C73004D4D55206C6F6164206661696D
:104D00006C73004D4D55206661696C73004D617484
:104D1000657269616C206368616E67657300546FCA
:104D200074616C206661696C7572657300437261B1
:104D300073680046696C2E2072756E6F757473000F
:104D4000506F776572206661696C75726573004C8F
:104D5000617374207072696E74206661696C75721B
:104D6000657300546F74616C004C617374207072D1
:104D7000696E7400416D6269656E7400566F6C7483
:104D8000616765730054656D7065726174757265F5
:104D9000730042656C74207374617475730053659D
:104DA0006E736F7220696E666F00457874727564F9
:104DB000657220696E666F0058595A2063616C2EC7
:104DC0002064657461696C73005072696E746572F9
:104DD00020495020416464723A00756E6B6E6F77A3
:104DE0006E004D4D5520636F6E6E65637465640093
:104DF000446174653A00746F20756E6C6F61642055
:104E000066696C616D656E7400746F206C6F6164AF
:104E10002066696C616D656E7400507265737320F5
:104E2000746865206B6E6F620050726568656174AE
:104E3000696E6720746F20637574005072656865D1
:104E40006174696E6720746F20656A6563740050D1
:104E5000726568656174696E6720746F20756E6C29
:104E60006F61640050726568656174696E67207473
:104E70006F206C6F616400436F6F6C646F776E00BE
:104E80007B5B4552523A00332E31342E31005D5B4C
:104E90004657523A005D5B54494D3A005D5B464EC1
:104EA0004D3A005D5B46454D3A005D5B5043443AE8
:104EB000005B5446553A005B50524E3A005B5046F8
:104EC0004E3A305D005B4449413A005D5B415442DB
:104ED0003A005D5B4154303A005D5B5354423A0006
:104EE0005B5354303A007B5B50524E3A355D007B49
:104EF0005B50524E3A305D007B5B50524E3A395D0A
:104F0000007B5B50524E3A385D007B5B5245533A12
:104F1000305D5B46494C3A007B5B5245533A315D0C
:104F20005B46494C3A000000211042206330844027
:104F3000A550C660E770088129914AA16BB18CC168
:104F4000ADD1CEE1EFF13112100273325222B552DF
:104F50009442F772D662399318837BB35AA3BDD3B8
:104F60009CC3FFF3DEE36224433420040114E664AF
:104F7000C774A44485546AA54BB528850995EEE508
:104F8000CFF5ACC58DD55336722611163006D776BF
:104F9000F6669556B4465BB77AA719973887DFF758
:104FA000FEE79DD7BCC7C448E5588668A778400887
:104FB000611802282338CCC9EDD98EE9AFF94889A8
:104FC00069990AA92BB9F55AD44AB77A966A711A1F
:104FD000500A333A122AFDDBDCCBBFFB9EEB799BF8
:104FE000588B3BBB1AABA66C877CE44CC55C222C6F
:104FF000033C600C411CAEED8FFDECCDCDDD2AAD48
:105000000BBD688D499D977EB66ED55EF44E133EFE
:10501000322E511E700E9FFFBEEFDDDFFCCF1BBF97
:105020003AAF599F788F8891A981CAB1EBA10CD171
:105030002DC14EF16FE18010A100C230E320045079
:10504000254046706760B9839893FBA3DAB33DC3EC
:105050001CD37FE35EF3B1029012F322D2323542C9
:10506000145277625672EAB5CBA5A89589856EF57C
:105070004FE52CD50DC5E234C324A0148104667419
:10508000476424540544DBA7FAB79987B8975FE7CC
:105090007EF71DC73CD7D326F2369106B016576669
:1050A0007676154634564CD96DC90EF92FE9C89954
:1050B000E9898AB9ABA94458654806782768C018B9
:1050C000E1088238A3287DCB5CDB3FEB1EFBF98B2C
:1050D000D89BBBAB9ABB754A545A376A167AF10A09
:1050E000D01AB32A923A2EFD0FED6CDD4DCDAABD3C
:1050F0008BADE89DC98D267C076C645C454CA23C59
:10510000832CE01CC10C1FEF3EFF5DCF7CDF9BAF0B
:10511000BABFD98FF89F176E367E554E745E932EA8
:10512000B23ED10EF01E7C3C3E3F2F2A225C002472
:10513000F4D43050C38E20C2A24017828B7011125B
:105140007A910D816CD90AA861E108C75866076198
:105150005143061E4B5D05C145A7041A41110409C0
:105160003D9803713931034036DB0265339102D437
:10517000305402802E1D02632CEE01752AC501B049
:1051800028A001102781018F2564012B244B01E009
:10519000223401AC211F018D200D01801FFC0084F1
:1051A0001EED00971DDF00B81CD200E61BC60020D4
:1051B0001BBC00641AB200B219A8000A19A0006A48
:1051C000189900D117910040178B00B51684003153
:1051D000167E00B31579003A157300C7146F005896
:1051E000146A00EE1366008813630025135E00C77F
:1051F000125B006C12570015125400C1115100705F
:10520000114F0021114B00D61049008D1047004668
:1052100010440002104200C00F4000800F3E0042C8
:105220000F3C00060F3B00CB0E3800930E37005C9E
:105230000E3500270E3400F30D3200C10D31009001
:105240000D3000600D2E00320D2D00050D2C00D903
:105250000C2B00AE0C2900850C29005C0C270035B6
:105260000C27000E0C2600E80B2400C40B2400A021
:105270000B23007D0B23005A0B2100390B21001852
:105280000B2000F80A1F00D90A1E00BB0A1E009D51
:105290000A1D00800A1D00630A1C00470A1B002C1F
:1052A0000A1B00110A1A00F7091A00DD091900C4C7
:1052B000091900AB091900920917007B091800634E
:1052C0000917004C09160036091600200916000AB5
:1052D000091500F5081500E0081400CC081400B802
:1052E000081400A4081400900813007D0812006B35
:1052F0000813005808120046081200340811002351
:105300000811001208110001081100F0071000E058
:10531000071000D0071000C0071000B0070F00A151
:1053200007100091070E0083070F0074070F006538
:10533000070E0057070E0049070E003B070D002E11
:10534000070E0020070D0013070D0006070D00F9DA
:10535000060C00ED060D00E0060C00D4060C00C89B
:10536000060C00BC060C00B0060C00A4060B00994D
:10537000060C008D060B0082060B0077060B006CF6
:10538000060B0061060A0057060B004C060A004295
:10539000060A0038060A002E060A0024060A001A29
:1053A000060A001006090007060A00FD050900F4B8
:1053B000050900EB050900E2050900D9050900D03F
:1053C000050900C7050900BE050900B5050800ADBF
:1053D000050800A50509009C050800940508008C37
:1053E000050800840508007C050800740508006CA9
:1053F000050700650508005D050700560508004E15
:10540000050700470507004005080038050700317B
:105410000507002A050700230507001C05060016DE
:105420000507000F0507000805060002050700FB39
:10543000040600F5040700EE040600E8040600E296
:10544000040700DB040600D5040600CF040600C9EB
:10545000040600C3040600BD040600B7040600B13C
:10546000040500AC040600A6040600A00405009B89
:1054700004060095040500900406008A04050085D2
:10548000040500800406007A040500750405007018
:105490000405006B04050066040500610405005C5A
:1054A00004050057040500520405004D040500489A
:1054B000040500430405003E0404003A04050035D9
:1054C000040500300404002C040500270404002314
:1054D0000405001E0404001A04040016040500114B
:1054E0000404000D04040009040500040404000081
:1054F000040400FC030400F8030400F4030400F0B7
:10550000030400EC030400E8030400E4030400E0E7
:10551000030400DC030400D8030400D4030400D017
:10552000030400CC030400C8030300C503030024E4
:10553000F404D9201BC40C5C0E9804C4095F0265F6
:10554000077101F405F900FB04B30048048700C1AA
:105550000369005803550003034500BE023A008466
:1055600002310053022A002902250004022000E42F
:10557000011C00C8011900AF011700980114008434
:10558000011300710110006101100051010E004370
:10559000010D0036010B002B010B0020010B001543
:1055A0000109000C01090003010800FB000800F3D9
:1055B000000800EB000700E4000600DE000600D84B
:1055C000000600D2000600CC000500C7000500C29E
:1055D000000500BD000400B9000400B5000400B1DE
:1055E000000400AD000400A9000400A5000300A20F
:1055F0000003009F0004009B000300980003009537
:1056000000020093000300900003008D0002008B55
:10561000000300880002008600020084000300816D
:105620000002007F0002007D0002007B0002007982
:105630000002007700010076000200740002007290
:10564000000100710002006F0002006D0001006C9B
:105650000002006A000100690002006700010066A4
:1056600000010065000100640002006200010061A9
:10567000000100600001005F0002005D0001005CAD
:105680000001005B0001005A0001005900010058B0
:1056900000010057000100560001005500010054B0
:1056A00000010053000000530001005200010051AE
:1056B000000100500001004F0001004E0000004EAC
:1056C0000001004D0001004C0001004B0000004BA8
:1056D0000001004A000100490001004800000048A4
:1056E000000100470001004600000046000100459F
:1056F0000000004500010044000100430000004399
:105700000001004200000042000100410000004191
:10571000000100400001003F0000003F0001003E8A
:105720000000003E0001003D0000003D0001003C83
:105730000000003C0000003C0001003B0000003B7A
:105740000001003A0000003A000100390000003971
:105750000001003800000038000000380001003768
:10576000000000370001003600000036000000365F
:105770000001003500000035000000350001003454
:10578000000000340000003400010033000000334A
:10579000000000330001003200000032000000323F
:1057A0000001003100000031000000310001003034
:1057B00000000030000000300001002F0000002F2A
:1057C0000000002F0000002F0001002E0000002E1E
:1057D0000000002E0001002D0000002D0000002D13
:1057E0000000002D0001002C0000002C0000002C07
:1057F0000000002C0001002B0000002B0000002BFB
:105800000000002B0001002A0000002A0000002AEE
:105810000000002A000100290000002900000029E2
:1058200000000029000000290001002800000028D5
:1058300000000028000000280000002800010027C8
:1058400000000027000000270000002700000027BC
:1058500000010026000000260000002600000026AF
:1058600000000026000100250000002500000025A2
:105870000000002500000025000000250001002494
:105880000000002400000024000000240000002488
:10589000000100230000002300000023000000237B
:1058A000000000230000002300000023000100226C
:1058B0000000002200000022000000220000002260
:1058C0000000002200010021000000210000002152
:1058D0000000002100000021000000210000002144
:1058E0000001002000000020000000200000002037
:1058F0000000002000000020000000200000002028
:105900000001001F0000001F0000001F0000001F1A
:105910000000001F0000001F0000001F0001001E0B
:105920000000001E0000001E0000001E00000050CD
:105930004944204175746F74756E652066696E699F
:1059400073686564212050757420746865206C61EB
:105950007374204B702C204B6920616E64204B6463
:1059600020636F6E7374616E74732066726F6D2046
:1059700061626F766520696E746F20436F6E666931
:105980006775726174696F6E2E68005049442041DA
:1059900075746F74756E65206661696C656421202D
:1059A00074696D656F75740020403A00543A004286
:1059B0003A00504944204175746F74756E652066D5
:1059C00061696C6564212054656D706572617475E0
:1059D000726520746F6F206869676800204B643AB5
:1059E0002000204B693A2000204B703A20002043D1
:1059F0006C61737369632050494420002054753AE8
:105A00002000204B753A2000206D61783A2000205C
:105A10006D696E3A200020643A200020626961734B
:105A20003A2000504944204175746F74756E6520AA
:105A3000737461727400504944204175746F7475B9
:105A40006E65206661696C65642E20426164206524
:105A500078747275646572206E756D6265722E0061
:105A6000544D4C20256420256420257820256C7811
:105A700020256C780A004D494E54454D50004D4943
:105A80004E54454D5020424544004D494E54454DDD
:105A90005020414D42004D415854454D50004D411C
:105AA0005854454D5020424544004D415854454DB1
:105AB0005020414D4200544D3A206572726F722061
:105AC000636C656172656400544D3A206572726F53
:105AD00072207472696767657265642100544D3A7B
:105AE000206572726F72207C25667C3E25660A00F6
:105AF00070012C0190012701B0012201C0011D019C
:105B0000F00118011002130130020E0160020901B8
:105B100090020401C002FF000003FA004003F500F8
:105B20008003F000D003EB002004E6007004E100E5
:105B3000E004DC004005D700C005D2004006CD00DF
:105B4000D006C8008007C3003008BE00F008B900C6
:105B5000C009B400B00AAF00B00BAA00D00CA50079
:105B6000000EA000500F9B00C01096005012910034
:105B700000148C00C0158700B0178200B0197D009A
:105B8000D01B7800001E730040206E009022690038
:105B9000F024640040275F0090295A00E02B550054
:105BA000102E500020304B0010324600E0334100F0
:105BB00090353C001037370070383200A0392D0086
:105BC000B03A2800A03B2300603C1E00103D1900A5
:105BD000903D1400103E0F00703E0A00C03E0500CC
:105BE000003F000090137D00B0157800F01773009F
:105BF000601A6E00F01C6900A01F640050225F0054
:105C000020255A00E0275500902A5000202D4B00F7
:105C1000A02F4600F031410010343C00F035370031
:105C2000A037320020392D00603A2800703B230055
:105C3000603C1E00203D1900C03D1400403E0F0096
:105C4000A03E0A00F03E0500403F0000703FFBFF11
:105C5000903FF6FFB03FF1FFC03FECFFD03FE7FFC2
:105C6000E03FE2FFF03FDDFFF03FD8FF20484F5418
:105C7000454E4420544845524D414C2052554E41CA
:105C80005741590020484541544245442054484515
:105C9000524D414C2052554E4157415900544845B0
:105CA000524D414C2052554E4157415900424544B6
:105CB00020544845524D414C2052554E4157415970
:105CC0000020544845524D414C2052554E415741B9
:105CD0005920285052454845415420484F54454E7C
:105CE00044290020544845524D414C2052554E41C4
:105CF0005741592028505245484541542048454174
:105D0000544245442900505245484541542045528B
:105D1000524F52004245442050524548454154207C
:105D20004552524F5200207472696767657265640C
:105D300021004865617465727320737769746368C4
:105D40006564206F66662E20003A20004572723A24
:105D5000200000FF0102010002FFFFFE0001FE0122
:105D6000FF00506C656173652072657374617274B5
:105D700000544D3A20696E76616C696420706172DE
:105D8000616D65746572732C2063616E6E6F742033
:105D9000656E61626C6500255320204D33313020E3
:105DA00050252E32662055252E34662056252E325B
:105DB000662043252E32662044252E3466204C254D
:105DC0007520532575204225752045252E326620E5
:105DD00057252E32662054252E32660A0025532080
:105DE000204D333130204925752052252E32660A48
:105DF00000546865726D616C204D6F64656C207332
:105E0000657474696E67733A00CDCCF4410000E8A4
:105E1000410000DC410000C4413333BB416666B23F
:105E2000419A99A9419A99A14166669E4133339B53
:105E30004100009841CDCC944166669241CDCC9012
:105E40004133338F419A998D41452D6D6F746F7237
:105E50002063757272656E74207363616C696E671E
:105E600020656E61626C656400010808010A0A0120
:105E70001414011212746D63323133305F686F6D28
:105E8000655F656E74657228617865735F6D6173B7
:105E90006B3D307825303278290A00746D633231D9
:105EA00033305F686F6D655F6578697420746D630A
:105EB000323133305F73675F686F6D696E675F6142
:105EC0007865735F6D61736B3D3078253032780A89
:105ED00000726573756C742076616C75653A202567
:105EE000640A0020693D25326420636E743D2532CA
:105EF000642076616C3D2532640A00636C757374AE
:105F00006572733A0020693D2532642073746570B0
:105F10003D2532640A00736F727465642073616D8D
:105F2000706C65733A005553415254322072782098
:105F300046756C6C212121003A2000252D31322E2E
:105F4000313253252D642F36002533642F252D3310
:105F50006400203A200025335300252D3773004E6E
:105F6000642025342E32662000252D31352E313522
:105F700053252D35640A252D31352E313553252DE8
:105F800035640A0025530A20252D31362E3136532B
:105F9000252D33640A20252D31362E313653252DFB
:105FA00033640025530A20252D31362E31365325F2
:105FB0002D33640A20252D31362E313653252D33CD
:105FC000640A20252D31362E313653252D336400B9
:105FD00025530A20252D31362E313653252D336495
:105FE0000A20252D31362E313653252D33640A20D3
:105FF000252D372E37535820252D33642020592046
:10600000252D33640020257325336481200A002068
:106010005057523A20202020202025342E31665619
:106020000A204245443A20202020202025342E31C9
:1060300066560025530A20582025640A2059202539
:10604000640025752E25752E25752E2575002000DA
:106050002000466C61736841697220495020416498
:1060600064723A004D4D5520202020202020204EE3
:106070002F410025642E25642E2564002046573AC2
:1060800000323032362D30342D3234004533445214
:1060900045564F5F48465F3630570045494E537965
:1060A0005F31306100315F37356D6D5F4D4B3300CF
:1060B00020486173683A313635353266376264009C
:1060C000205265706F3A556E6B6E6F776E0020339D
:1060D0002E31342E312D38323530004669726D77CD
:1060E0006172653A00464C4558202D2020323430EC
:1060F0002F353000464C4558202D202032343000BA
:1061000050502020202D20203235342F31303000C7
:1061100050502020202D2020323534004849505343
:10612000202D20203232302F31303000484950535A
:10613000202D20203232300041425320202D2020BB
:106140003235352F3130300041425320202D202070
:106150003235350050412020202D20203237352F78
:1061600039300050412020202D202032373500507A
:10617000564220202D20203231352F373500505601
:106180004220202D20203231350050432020202D68
:1061900020203237352F3131300050432020202D40
:1061A00020203237350041534120202D2020323627
:1061B000302F3130350041534120202D2020323600
:1061C000300050455420202D20203233302F3835D8
:1061D0000050455420202D202032333000504C41B7
:1061E00020202D20203231352F363000504C4120D8
:1061F000202D2020323135006E6F7A7A6C65202D8B
:1062000020203235302F30006661726D2020202D25
:1062100020203235302F3830001000C90210012CF8
:10622000014001220170011801B0010E01F00104CA
:10623000015002FA00B002F0003003E600D003DCA7
:10624000009004D2007005C800A006BE000008B48B
:1062500000B009AA00D00BA000600E960060118C5F
:10626000000015820020197800C01D6E00A0226475
:1062700000B0275A00902C500000314600E0343C1A
:106280000010383200903A2800603C1E00A03D14F7
:1062900000803E0A00203F000058595A2063616C7C
:1062A0006962726174696F6E20616C6C20726967DB
:1062B00068742E20536B65772077696C6C2062655B
:1062C00020636F72726563746564206175746F6DAD
:1062D00061746963616C6C792E0058595A2063614E
:1062E0006C6962726174696F6E20616C6C20726996
:1062F0006768742E20582F59206178657320617269
:106300006520736C696768746C7920736B65776559
:10631000642E20476F6F64206A6F62210058595ABB
:106320002063616C6962726174696F6E206F6B2E9D
:1063300020582F592061786573206172652070653F
:106340007270656E646963756C61722E20436F6E46
:1063500067726174756C6174696F6E732100466554
:106360006564696E6720746F204653656E736F7243
:10637000004D6F76696E672073656C6563746F722C
:1063800000486F6D696E67005265747261637420B6
:1063900066726F6D2046494E444100456A656374DC
:1063A000696E672066696C616D656E74005061721C
:1063B0006B696E672073656C6563746F72005265FC
:1063C0007475726E696E672073656C6563746F7245
:1063D00000506572666F726D696E67206375740038
:1063E00050757368696E672066696C616D656E745F
:1063F00000507265706172696E6720626C616465DD
:106400000053656C656374696E672066696C2E2045
:10641000736C6F7400556E6C6F6164696E67206693
:10642000696C616D656E740045525220544D432075
:106430006661696C6564004552522048656C702045
:1064400066696C616D656E740045525220496E74C8
:1064500065726E616C004552522057616974206606
:106460006F7220557365720046696E697368696E54
:1064700067206D6F76656D656E74730041766F6928
:1064800064696E67206772696E6400466565646959
:106490006E6720746F206E6F7A7A6C650046656552
:1064A00064696E6720746F206578747275646572B4
:1064B0000046656564696E6720746F2046494E44E6
:1064C0004100556E6C6F6164696E6720746F207057
:1064D000756C6C657900556E6C6F6164696E6720D0
:1064E000746F2046494E444100446973656E67618C
:1064F00067696E672069646C657200456E676167E5
:10650000696E672069646C6572004F4B00554E4B95
:106510004E4F574E204552524F520046494C414D26
:10652000454E54204348414E47450046494C414D55
:10653000454E5420454A454354454400554E4C4F22
:106540004144204D414E55414C4C59004657205234
:10655000554E54494D45204552524F52004D4D55D0
:1065600020465720555044415445204E454544450A
:10657000440051554555452046554C4C00494E5612
:10658000414C494420544F4F4C0046494C2E204129
:106590004C5245414459204C4F4144454400434FDF
:1065A0004D4D554E49434154494F4E204552524F4F
:1065B00052004D4D55204E4F5420524553504F4E92
:1065C00044494E47004D4D55204D435520455252AC
:1065D0004F52004D4D552053454C46544553542081
:1065E0004641494C454400544D4320445249564588
:1065F000522053484F5254454400544D4320554E69
:10660000444552564F4C5441474520455252005440
:106610004D4320445249564552205245534554005B
:10662000544D4320445249564552204552524F52F0
:1066300000544D43204F5645524845415420455241
:10664000524F52005741524E494E4720544D43201D
:10665000544F4F20484F540049444C455220434129
:106660004E4E4F54204D4F56450049444C45522004
:1066700043414E4E4F5420484F4D450053454C45E5
:1066800043544F522043414E4E4F54204D4F564598
:106690000053454C4543544F522043414E4E4F54B6
:1066A00020484F4D45004C4F414420544F20455801
:1066B00054522E204641494C454400494E535045C2
:1066C00043542046494E4441004653454E534F5291
:1066D00020544F4F204541524C590050554C4C4589
:1066E000592043414E4E4F54204D4F56450046537E
:1066F000454E534F522046494C2E20535455434B40
:10670000004653454E534F52204449444E54205462
:10671000524947472E0046494E44412046494C4184
:106720004D2E20535455434B0046494E444120447E
:1067300049444E542054524947474552004E6F74C5
:10674000207370696E6E696E67005370696E6E6952
:106750006E670046616E20746573740053656C66E5
:1067600074657374206661696C65640046696C6168
:106770006D656E742073656E736F72005377617010
:106780007065640046726F6E742F6C656674206667
:10679000616E7300417869730041786973206C659C
:1067A0006E677468004C6F6F73652070756C6C65F4
:1067B00079004C65667420686F74656E642066614C
:1067C0006E3F0046726F6E74207072696E74206640
:1067D000616E3F00456E6473746F70206E6F74203D
:1067E00068697400456E6473746F70004D6F746FE8
:1067F0007200456E6473746F707300576972696ECE
:1068000067206572726F72004265642F486561741B
:106810006572004E6F7420636F6E6E65637465649D
:10682000004865617465722F546865726D69737490
:106830006F7200506C6561736520636865636B3AC5
:106840000053656C6674657374206572726F722193
:106850000058595A2063616C6962726174696F6E85
:10686000206661696C65642E2052696768742066D1
:10687000726F6E742063616C6962726174696F6EAD
:1068800020706F696E74206E6F742072656163682A
:1068900061626C652E0058595A2063616C6962729E
:1068A0006174696F6E206661696C65642E20467242
:1068B0006F6E742063616C6962726174696F6E20BF
:1068C000706F696E7473206E6F7420726561636897
:1068D00061626C652E0058595A2063616C6962725E
:1068E0006174696F6E206661696C65642E20506CFE
:1068F0006561736520636F6E73756C742074686571
:10690000206D616E75616C2E0058595A2063616C60
:106910006962726174696F6E20636F6D70726F6D02
:10692000697365642E2052696768742066726F6EA1
:10693000742063616C6962726174696F6E20706F3C
:10694000696E74206E6F7420726561636861626C39
:10695000652E0058595A2063616C696272617469CE
:106960006F6E20636F6D70726F6D697365642E203A
:1069700046726F6E742063616C6962726174696FD4
:106980006E20706F696E7473206E6F742072656113
:10699000636861626C652E0058595A2063616C69A6
:1069A00062726174696F6E206661696C65642E2025
:1069B0004265642063616C6962726174696F6E2004
:1069C000706F696E7420776173206E6F7420666FCC
:1069D000756E642E00506C656173652072656D6F15
:1069E000766520737465656C2073686565742066D0
:1069F000726F6D20686561746265642E00506C650D
:106A000061736520706C61636520737465656C20CB
:106A10007368656574206F6E206865617462656473
:106A20002E00497320737465656C20736865657406
:106A3000206F6E20686561746265643F004469730D
:106A400074616E6365206265747765656E20746934
:106A500070206F6620746865206E6F7A7A6C65208E
:106A6000616E642074686520626564207375726667
:106A700061636520686173206E6F74206265656E66
:106A800020736574207965742E20506C6561736580
:106A900020666F6C6C6F7720746865206D616E7511
:106AA000616C2C2063686170746572204669727332
:106AB000742073746570732C2073656374696F6ED2
:106AC000204669727374206C617965722063616C11
:106AD0006962726174696F6E2E00506C616365202B
:106AE00061207368656574206F66207061706572DF
:106AF00020756E64657220746865206E6F7A7A6C9A
:106B00006520647572696E67207468652063616CC6
:106B10006962726174696F6E206F66206669727354
:106B200074203420706F696E74732E20496620744F
:106B30006865206E6F7A7A6C65206361746368653E
:106B400073207468652070617065722C20706F7797
:106B50006572206F666620746865207072696E7455
:106B6000657220696D6D6564696174656C792E006C
:106B7000536561726368696E672062656420636152
:106B80006C6962726174696F6E20706F696E7400F7
:106B90004D6561737572696E6720726566657265B1
:106BA0006E636520686569676874206F662063613D
:106BB0006C6962726174696F6E20706F696E7400C7
:106BC000506C6561736520636C65616E20746865E7
:106BD000206E6F7A7A6C6520666F722063616C69D3
:106BE00062726174696F6E2E20436C69636B2077EB
:106BF00068656E20646F6E652E004175746F206845
:106C00006F6D65004E6F00596573004375742066A3
:106C1000696C616D656E7400456A656374206672A7
:106C20006F6D204D4D55004C6F6164696E67206635
:106C3000696C616D656E74004D4D552052657472BE
:106C4000793A20526573746F72696E672074656D4E
:106C500070657261747572652E2E2E00536F72749A
:106C6000696E672066696C657300536F6D65206699
:106C7000696C65732077696C6C206E6F7420626537
:106C800020736F727465642E204D61782E204E6FD4
:106C90002E206F662066696C657320696E20312036
:106CA000666F6C64657220666F7220736F727469B0
:106CB0006E67206973203130302E004F6666004FBA
:106CC0006E004D6561737572656420736B657773D3
:106CD0003A2025662025660A0046697474696E6745
:106CE000206661696C6564203D3E2063616C696269
:106CF000726174696F6E206661696C65642E0A004A
:106D000043616C6962726174696F6E20737563634D
:106D10006573732E0A00416C6C20342063616C69CA
:106D200062726174696F6E20706F696E7473206631
:106D30006F756E642E0A00312F3400312F3400310C
:106D40002F39005072757361204D4B332D524846D8
:106D50003630204F4B2E0053442063617264206F05
:106D60006B006F70656E526F6F74206661696C6541
:106D70006400766F6C756D652E696E69742066614E
:106D8000696C656400534420696E697420666169AA
:106D90006C006F70656E206661696C65642C2046BE
:106DA000696C653A200043616E6E6F7420656E7485
:106DB0006572207375626469723A20004D36303016
:106DC000004D3234004D3233202573004D65617320
:106DD0007572652063656E74657220200078797A1B
:106DE00063616C5F6D6561737572655F656E746517
:106DF000720A0078797A63616C5F73706972616C92
:106E0000382063783D25642063793D2564207A30FD
:106E10003D256420647A3D25642072616469757340
:106E20003D25642061643D25640A0078797A6361B8
:106E30006C5F7365617263685A206E6F2073696757
:106E40006E616C0A20783D256C6420793D256C6468
:106E5000207A3D256C640A00204F4E2D5349474E41
:106E6000414C20617420783D256420793D256420C3
:106E70007A3D25642061643D25640A0078797A634F
:106E8000616C5F7365617263685A20783D256C643C
:106E900020793D256C64207A3D256C640A002530FC
:106EA000327800205B25662025665D206D6D2070A0
:106EB00061747465726E2063656E7465720A002079
:106EC0005B25662025665D5B25665D206D6D206413
:106ED0006976657267656E63650A000000F000F808
:106EE00001FC03FE07FE07FE07FE07FC03F801F0A6
:106EF00000000000000000F000F801FC03FC03FCAF
:106F000003FC03F801F0000000000078797A636167
:106F10006C5F6D6561737572655F6C656176650A3E
:106F200000203C20005741524E494E473A204672BD
:106F30006F6E7420706F696E74206E6F742072654E
:106F400061636861626C652E205920636F6F7264A3
:106F5000696E6174653A0000000040410000C04065
:106F600000005C430000C04000005C43000046435A
:106F7000000040410000464325642F3400497465F9
:106F8000726174696F6E3A200043616C696272616C
:106F900074696F6E206661696C6564212043686561
:106FA000636B20746865206178657320616E64206E
:106FB00072756E20616761696E2E0078797A6361FF
:106FC0006C5F73706972616C322063783D25642058
:106FD00063793D2564207A303D256420647A3D251F
:106FE00064207261646975733D25642061643D2588
:106FF000640A000A00436F756E74646F776E3A20FE
:107000002564200025640A005363616E20636F7558
:107010006E74646F776E3A20005061747465726E9E
:107020002063656E746572205B25662025665D2C85
:10703000206D6174636820256625250A00205B2584
:10704000662C2025665D5B25665D2066696E616C39
:1070500020636972636C650A00746D63323133308A
:107060005F676F746F5F737465702025642025649B
:10707000202564202564200A00E02D903E8988B2F6
:107080004111369C3E7777C14129CBB03EEFEEDA15
:1070900041BA49CC3EEFEEFC4161C3F33EEFEE1640
:1070A000429CA2133FCDCC36428AB0113FABAA56C8
:1070B000428863DD3DABAA5642B8AF433F55557297
:1070C000421826533F33B38242302A593FEF6E862F
:1070D00042000070C10000C8420000C4C10000A00E
:1070E000410000E0C000002041000060C00000C07E
:1070F000400000A0412222F2400000A0C19A99A1C4
:107100004000000CC25555054252657365745265C6
:10711000747279417474656D70747300436F6F6C31
:10712000696E672074696D65722073746F70706525
:10713000640048656174657220636F6F6C646F777B
:107140006E00436F6F6C696E672054696D656F7573
:1071500074207374617274656400536176696E673C
:1071600020616E64207061726B696E6700486561B2
:1071700074657220636F6F6C646F776E2070656EDC
:1071800064696E6700526573756D696E6720585942
:107190005A004D4D5532746F6F6C3D004D4D553258
:1071A0003A004731205825642059252D2E3266207B
:1071B00045252D2E33660057726974696E672074F9
:1071C0006F2066696C653A200046696C6520616CC9
:1071D0007265616479206F70656E6564000A65FB95
:1071E00064E964D664C264B1649D648B647C646841
:1071F00064E964FB64566449643764286415642751
:107200006C0164F163E063D163BE63AD639B63882B
:1072100063816371635E634D363030204155544F56
:107220000046494E44412066696C616D656E74206C
:1072300072756E6F75742100436F6D6D756E696345
:107240006174696F6E2074696D656F75740050723A
:107250006F746F636F6C204572726F72000300036E
:1072600056657273696F6E206D69736D61746368C2
:1072700000436F6D6D616E64204572726F720043E2
:107280006F6D6D616E642072656A6563746564001C
:107290004D4D5520427574746F6E2070757368651E
:1072A00064005265747279427574746F6E507265C1
:1072B0007373656400296716670167EE66DB66C94C
:1072C00066BB66A66691667C666A665866446644D6
:1072D0006644663166316631662066206620660F38
:1072E000660F660F66FA65FA65FA65E765E765E7B2
:1072F00065D365D365D365C565B2659E658A657DD1
:107300006572655D654C653C652B651B650D654269
:107310007574746F6E00436865636B55736572496D
:107320006E7075742D62746E4C4D52200046493A51
:10733000202046533A202020203E2020822020205A
:107340008100486F74656E642074656D706572614C
:107350007475726520726561636865640052657357
:10736000756D696E672054656D7000436F6F6C6456
:107370006F776E20666C616720636C65617265640F
:107380000020573A0020453A00543A004E6F203012
:107390007846462072656365697665640053656E5C
:1073A00064696E6720307846460046696C652073D4
:1073B000656C6563746564002053697A653A2000E2
:1073C00046696C65206F70656E65643A20004E6F8B
:1073D000772066726573682066696C653A20004E96
:1073E0006F7720646F696E672066696C653A20006C
:1073F0002220706F73002220706172656E743A22D1
:1074000000535542524F5554494E452043414C4C30
:10741000207461726765743A2200747279696E67CC
:1074200020746F2063616C6C207375622D67636FCD
:1074300064652066696C6573207769746820746F71
:107440006F206D616E79206C6576656C732E000619
:107450002833D036C23E013F154132423B43F2440D
:107460003B45F24622473B48F2493B4AF05898597F
:107470000C5A085B0C5C086110679B6E22710772E6
:1074800008FF095A0D000EF019145E0820642B6DD8
:10749000322FFF2022257322002025236C78004400
:1074A00049525F45584954004449525F454E54453E
:1074B000523A20257320222573220A006175746FC9
:1074C00025692E6700041A44656372656D656E74E4
:1074D0005265747279417474656D70747300081B21
:1074E0001C0B14525354436F6D6D54696D656F7569
:1074F00074002C206C6173742062797465733A2077
:107500000022206661696C65643A20427566666592
:10751000722066756C6C21004572726F723A00229F
:1075200000456E717565696E6720746F20746865BB
:107530002066726F6E743A2022004D4D55323A002B
:107540006563686F3A003E53302A63362E004D4D16
:10755000552069732000D9006E5411241FBECFEF4F
:10756000D1E2DEBFCDBF00E00CBF13E0A0E0B2E08F
:10757000E0E8F2E803E00BBF02C007900D92AC32E6
:10758000B107D9F728E1ACE2B3E001C01D92AB32FC
:10759000B207E1F71AE3CCEADAE300E006C021978C
:1075A0000109802FFE010F9484BBCB3AD10780E004
:1075B0000807A9F70E9466FA0D942EC10C9479571A
:1075C0002F923F924F925F926F927F928F929F92F3
:1075D000AF92BF92CF92DF92EF92FF920F931F93E1
:1075E000CF93DF93CDB7DEB72F970FB6F894DEBFFA
:1075F0000FBECDBF6C011B015A01FC011782168220
:1076000083819E012F5F3F4F490181FDD2C08FEFE3
:107610009FEFEEC2F12C512C00E0003238F48B3297
:1076200009F190F48032F9F0833209F107FD34C09A
:1076300020ED280F2A3020F506FF1BC0FAE0FF9E40
:10764000200D1124F22E05C08D3279F0803371F7B0
:107650000160F10193FD859193FF81911F018111DB
:10766000DCCF1AC002600460F4CF0860F2CF006182
:10767000F0CF3AE0539E200D1124522E0062E9CF44
:107680008E3221F406FDB1C20064E3CF8C3611F4D2
:107690000068DFCF8836E9F29BEB980F933008F053
:1076A0005FC00061805E06FD02C046E0F42E102F30
:1076B0001F73853609F05BC0106417FF61C08F2D02
:1076C0009BE39F1508F48BE344244394480E27E082
:1076D0003501F4E06F0E711CF501608171818281CA
:1076E0009381042DA4010F942DB75C01F981FC87CF
:1076F000F0FF03C00DE2F3FF07C00BE211FD04C071
:10770000012F047012FD00E22C852C70E22E09F48A
:107710006BC00111D8C2F3E0E12CF515A0F483E0B1
:10772000E52CE81A13FD08C0B60180E290E00F9442
:10773000DCB8EA94E110F8CF002329F0B601802FDD
:1077400090E00F94DCB83C852AEEA22E25E0B22E04
:1077500033FD04C09EEEA92E95E0B92E107122C013
:107760009BE9980F933008F047C10F7E9CCF863677
:1077700011F41068A2CFFF2009F49FCFFA949DCF97
:10778000E7E02F2DEF1518F427E037E0F32E412C1A
:107790009FCF11118052B60190E00F94DCB88FEFAB
:1077A000A81AB80AF50184918111F3CFE11084C2BF
:1077B0005301F6019381F10193FD859193FF81912E
:1077C0001F01882309F411C2853241F493FD85918C
:1077D00093FF81911F01853209F01CCFB60190E023
:1077E0000F94DCB83501E4CF17FF6FC04A0CFC855D
:1077F000F4FF04C08A81813309F44A9414140CF014
:1078000086C028E0241510F488E0482E85E090E03A
:1078100017FF06C0C501B7FE02C090E080E00196E8
:1078200001110196FF2031F02F2D30E02F5F3F4FE7
:10783000820F931F5816190619F014F0E52CE81A58
:10784000812F897011F4E11067C0002329F0B6017F
:10785000802F90E00F94DCB813FD02C0E11063C0EC
:1078600017FF7CC08501B7FE02C010E000E0C50133
:10787000841991092C016F2D70E0EE27FF27E61B7C
:10788000F70BFF87EE870F3F100729F4B6018EE252
:1078900090E00F94DCB8A016B1060CF44BC0401673
:1078A00051060CF047C0F501E01BF10BE80DF91D86
:1078B0008181015011092E853F8502171307E4F1DC
:1078C000B60190E00F94DCB8DECF16FD9FCFEF2D10
:1078D000F0E0EA15FB0534F03CEFA3163FEFB306EA
:1078E0000CF010683296E80DF91D01C0FA94FF20E3
:1078F00019F082918033D1F317FF88CF4424439449
:107900004F0CFA141B0431F02CF0FA187FCF4424EA
:1079100043947CCFF12C7ACFB60180E290E00F94B3
:10792000DCB8EA9490CFB60180E390E00F94DCB825
:10793000EA9494CF80E3BDCFA016B10641F49A81BA
:10794000963350F4953319F43C8534FF05C0B601E5
:1079500090E00F94DCB82ACF81E3F9CF8A8181339C
:1079600019F09C859F7E9C87B60190E00F94DCB84F
:10797000FF20A9F0B6018EE290E00F94DCB8F394FA
:10798000F394E2E001E00E0FE80DF92DF11D808186
:10799000B60190E00F94DCB8E02F0F11F3CF85E62D
:1079A00090E014FF02C085E490E0B6010F94DCB8CB
:1079B000B7FC06C0A114B104C1F4EC85E4FF15C006
:1079C000B194A194B1088DE2B60190E00F94DCB8B7
:1079D00080E32AE0A216B10454F4B60190E00F94BB
:1079E000DCB8B601C501C096B4CF8BE2EDCF8F5F96
:1079F000FAE0AF1AB108EDCF8336C9F0833771F1E1
:107A0000833509F05BC03501F2E06F0E711CF501A2
:107A1000A080B1806F2D70E006FD02C06FEF7FEF98
:107A2000C5010F9470B89D878C8700680DC0350123
:107A300032E0630E711CF5018081898321E030E022
:107A40003D872C8754010F7703FD06C02C853D85AB
:107A50005216130609F0A8F4E52C2BC0350132E0CC
:107A6000630E711CF501A080B1806F2D70E006FDE2
:107A700002C06FEF7FEFC5010F9495B89D878C878B
:107A8000E2CFB60180E290E00F94DCB85A94DECFEA
:107A9000F50107FD859107FF81915F01B60190E037
:107AA0000F94DCB8E110EA948C859D8501979D8741
:107AB0008C87EC85FD85EF2B59F778CE843619F04D
:107AC000893609F074C0350107FF66C0F4E06F0E17
:107AD000711CF5016081718182819381102F1F7665
:107AE00097FF08C090958095709561957F4F8F4F57
:107AF0009F4F10682AE030E0A4010F9403BAA82E2B
:107B0000A818BA2C012F16FF0AC00E7FAF1438F444
:107B100014FF04C012FD02C0012F0E7EBF2C04FF13
:107B2000A3C0FE01EA0DF11D8081803309F095C0EC
:107B3000097EF02FF870EF2E03FDA5C000FF9FC057
:107B4000FA2CB51410F4F50CFB1804FFA2C0B60112
:107B500080E390E00F94DCB802FF09C088E790E072
:107B600001FF02C088E590E0B6010F94DCB8AF14C5
:107B700008F49BC0AA940A2D10E00F5F1F4F080D58
:107B8000191DF80182918F01B60190E00F94DCB8C5
:107B900080169106B1F70ACEF2E06F0E711CF50166
:107BA00060817181072E000C880B990B97CF102FE5
:107BB0008537A9F41F7E2AE030E0350117FF44C065
:107BC000F4E06F0E711CF5016081718182819381F7
:107BD000A4010F9403BAA82EA8181F7792CF197F7B
:107BE0008F3679F1F0F4883539F1F6018681978185
:107BF0002F960FB6F894DEBF0FBECDBFDF91CF91A9
:107C00001F910F91FF90EF90DF90CF90BF90AF90BA
:107C10009F908F907F906F905F904F903F902F90AC
:107C20000895803739F0883701F714FD146020E19A
:107C300030E0C3CF1061F9CF04FD166020E132E0DF
:107C4000BCCF28E030E0B9CFF2E06F0E711CF50137
:107C50006081718190E080E0BBCF02FD02C0B394EF
:107C600068CFB394B39465CF802F867809F461CF41
:107C7000F6CFB60180E290E00F94DCB8B394B5146F
:107C8000C0F3E12C62CFE52CEB18B51408F45DCFFE
:107C9000F8CF802F867809F46ACF8BE201FF80E26B
:107CA00007FD8DE2B60190E060CFB60180E390E081
:107CB0000F94DCB8FA945BCFB60180E290E00F94A9
:107CC000DCB8EA9473CD24E0E12C251508F036CD1C
:107CD00084E026CD9091C00095FFFCCF8093C60034
:107CE00008958091C00087FFFCCF8091C00084FD83
:107CF00001C0A8958091C6000895862798E027E0E6
:107D0000382F880F37FD82279150D1F70895CF93F0
:107D1000DF9300D000D01F92CDB7DEB7873050F58B
:107D2000673040F597E0E0ECF2E0DE01119601905B
:107D30000D929A95E1F746E050E0FA01E61BF10951
:107D400021E030E02C0F3D1FE20FF31F208130E0D7
:107D5000481B5109C90102C0959587954A95E2F7DC
:107D6000817027960FB6F894DEBF0FBECDBFDF91AE
:107D7000CF91089580E0F5CF20E030E040E85FEB60
:107D800060918102709182028091830290918402BD
:107D90000F9491BC882321F1E091ED12F091EE1245
:107DA000E050FF4E80818B7F8230D1F480E1E1E8AA
:107DB000F2E0ACEEB6E001900D928A95E1F780E03A
:107DC00090E0A0E8BFEB8093810290938202A093A1
:107DD0008302B09384028091CC059091CD050895E3
:107DE00081E090E00895CF92DF92EF92FF920F939F
:107DF0001F93CF93DF9390E0EC01CC0FDD1FCC0FEE
:107E0000DD1FFE01E856F34E2591359145915491C1
:107E1000FE01EF58F14FC080D180E280F3808E01E7
:107E20000451194FC701B6010F949CBBF801608340
:107E3000718382839383FE01E457F34E259135913C
:107E4000459154918E010F5D1D4FC701B6010F94EE
:107E50009CBBF8016083718382839383FE01E058A9
:107E6000F34E2591359145915491CB5EDD4FC7017D
:107E7000B6010F949CBB688379838A839B83DF91CF
:107E8000CF911F910F91FF90EF90DF90CF900895C9
:107E900080E1ECECF6E0ACEEB6E001900D928A9554
:107EA000E1F70895EBE0FCE1833021F0E82FF0E00A
:107EB000E85FF34E849108954091FE105091FF10B9
:107EC00090E080E041155105B1F12091ED12309123
:107ED000EE1290E080E0F901E050FF4EA081A23068
:107EE00021F461817281860F971F4150510919F168
:107EF000F901ED5FFE4EA1919F0120503141A1118A
:107F0000FACFF901E050FF4E2D3EA1E03A0730F4E0
:107F1000A191A111E0CF2F5F3F4FF6CF2D3EE1E0C1
:107F20003E07C9F6E0E0F1E19F0120503141A19107
:107F3000AA23D1F3D0CF0895982F9F7083FF0DC04F
:107F400080917B00886080937B0080917C00887F9B
:107F50009770892B80937C00089580917B00877FA8
:107F6000F2CF84FF18C08D9A85FF17C0A49A2FB74F
:107F700086FF15C0F89490910201906890930201D9
:107F80002FBF87FF11C0A39A8F9A85E08A95F1F7DA
:107F900000008F9808958D98E7CFA498E8CFF894C3
:107FA000909102019F77EACFA398EECF0F931F9392
:107FB000CF93DF93EC01C60FD71F8C179D0779F085
:107FC0008C010F5F1F4F0F9474BA8F3F31F081E027
:107FD000DF91CF911F910F910895C801EECF80E0FE
:107FE000F7CF0F931F93CF93DF9300D01F92CDB79E
:107FF000DEB79B01AC010CEE16E0F80160857185DF
:108000008285938569837A838B839C830F949BBB42
:10801000F801608771878287938765E575E585E557
:1080200091E40F9469650F94885189819A81AB819D
:10803000BC81F80180879187A287B387CE01019622
:108040000F94D3520F900F900F900F90DF91CF911C
:108050001F910F9108956091E2067091E306072E3B
:10806000000C880B990B0F9402B52091250E3091CE
:10807000260E4091270E5091280E0F949BBC0E9413
:10808000F13F1092E3061092E20608954FEF5FEF82
:10809000BA0185EE9FE00F94AABA4FEF5FEFBA01E5
:1080A00089EE9FE00F94AABA4FEF5FEFBA018DED12
:1080B0009FE00F94AABA4FEF5FEFBA0181EE9FE005
:1080C0000F94AABA4FEF5FEFBA0185ED9FE00F94CE
:1080D000AABA4FEF5FEFBA0189ED9FE00F94AABAF9
:1080E0004FEF5FEFBA0185EC9FE00F94AABA4FEF14
:1080F0005FEFBA0189EC9FE00F94AABA4FEF5FEFF0
:10810000BA018DEC9FE00F94AABA4FEF5FEFBA016E
:1081100081ED9FE00D94AABA80369105F8F4409164
:10812000ED125091EE122091FB103091FC1042178D
:10813000530739F46091FE107091FF101616170660
:108140006CF0B901680F791FFB01E359FF4F241749
:10815000350730F481E04E175F0708F480E008959A
:10816000EE3EF140F8F06C5F7F4F6E3E714018F4C8
:1081700049365105B8F483599F4F4817590770F392
:108180004DEE51E0421B530B70E060E0C90180509E
:108190009F4E0F94A6C08FB7F8941092FC101092C7
:1081A000FB108FBF81E008958091CE059091CF059F
:1081B0004AE050E070E060E001960F94FFB5862F32
:1081C00008958091CE059091CF054AE050E070E08F
:1081D00060E001960F94FFB5CB0108958091CE0524
:1081E0009091CF054AE050E070E060E001960D9478
:1081F000FFB580910005909101059093FF04809355
:10820000FE0489EF9FE29F938F9380917F0390916B
:108210008003A0918103B09182030196A11DB11D3D
:10822000BF93AF939F938F9385E094E19F938F9338
:108230008CE094E19F938F930F9436B98DB79EB7DE
:108240000A960FB6F8949EBF0FBE8DBF0895682F93
:10825000880F770B8091ED129091EE128D5F9E4EFC
:108260000F94CBC09C019093CF058093CE0581E005
:10827000232B09F480E008950F931F93CF93DF938E
:108280008C01862FEA010E942741882319F10E9460
:10829000E1409C0197FF03C03195219531092536B6
:1082A00031059CF09F938F9388E195E79F938F937F
:1082B0008DEF9CE19F938F930F9436B90F900F90A1
:1082C0000F900F900F900F9080E0DF91CF911F9152
:1082D0000F910895F80180818823B1F3CE01DF91D9
:1082E000CF911F910F910D9474BA60E086E69FE0E4
:1082F0000F9498BA60E088E69FE00F9498BA60E027
:1083000085E69FE00F9498BA60E084E69FE00F94C2
:1083100098BA60E082ED9EE00F9498BA60E08FEC2E
:108320009EE00D9498BA2F923F924F925F926F9277
:108330007F928F929F92AF92BF92CF92DF92EF92F5
:10834000FF920F931F93CF93DF93CDB7DEB7CC5837
:10835000D2400FB6F894DEBF0FBECDBFCB58DD4F75
:10836000688379838A839B83C557D240FE01E75493
:10837000FE4F88E2DF011D928A95E9F7E85BF14044
:108380001F0180E991E0DF01FC011D923197E9F7BF
:10839000C75ADD4F19821882C955D2409E012F510C
:1083A0003E4FC159DD4F39832883CF56D2408E01CD
:1083B000075A1D4FCE018F5C9D4FC359DD4F9983E6
:1083C0008883CD56D2403C01490140EBA42E4FE0BA
:1083D000B42E53E2C52ED12CF12CE12CB6010D2C7C
:1083E000000C880B990B0F9402B5D4016D937D930B
:1083F0008D939D934D01F801619171918F01072E2D
:10840000000C880B990B0F9402B5D3016D937D93EB
:108410008D939D933D01BFEFEB1AFB0AE6E0EE164C
:10842000F10409F038C3CB58DD4F288139814A81E6
:108430005B81C557D240C159DD4FA881B981CF5664
:10844000D2406D917D918D919C910F9425BE412CD0
:10845000512C320118160CF402C3C359DD4F0881A8
:108460001981CD56D2400C5E1F4FC159DD4FE880B7
:10847000F980CF56D240B4E1EB0EF11C6E01EFED66
:10848000CE1AEDEFDE0A9E012B553E4FCF58DD4F41
:1084900039832883C157D240D8014D905D906D90AB
:1084A0007C90F7016081718182819381D7015E9117
:1084B0004E913E912E917D010F949BBB4B015C012F
:1084C000F80152914291329122918F01C301B20180
:1084D0000F949BBBA50194010F949BBCD6019E9366
:1084E0008E937E936E936D01CF58DD4FE881F981B5
:1084F000C157D240B292A29292928292CF58DD4F4F
:10850000F983E883C157D240C359DD4F28813981AF
:10851000CD56D2400217130709F0BECF4E013FE6F9
:10852000831A3EEF930A5E0183EFA81A8DEFB80A13
:1085300061018101EE24E394F12CD4014D905D9012
:108540006D907D904D012D913D914D915C91C301B8
:10855000B2010F949CBB9B01AC010F949CBBF80132
:1085600064A775A786A797A7F1E0EF16F10461F05D
:10857000D80198964D925D926D927C929B97F801EE
:108580004482558266827782FFEFEF1AFF0AF50177
:10859000208131814281538184E0A80EB11C648125
:1085A0007581868197810F949BBB20E030E040EC81
:1085B00050E40F9441B5D601DC966D937D938D9375
:1085C0009C93DF97045D1F4FB8E2CB0ED11CE5E012
:1085D000EE16F10409F0B1CF7E01FDE2EF0EF11CC1
:1085E00028E2A22EB12C00EB1FEF24E0220E311C5A
:1085F000D7012D913D914D915C91139798966D9176
:108600007D918D919C919B970F949BBC2B013C017C
:108610006101C01AD10A88248394912CF601E00FDD
:10862000F11FEA0DFB1D2081318142815381C3017D
:10863000B2010F9441B59B01AC01F60160817181DB
:10864000828193810F949BBBD6016D937D938D9313
:108650009D936D01BFEF8B1A9B0AE6E08E16910485
:10866000E9F63CE2E30EF11C0852110988E2A80E7B
:10867000B11C08339FEF190709F0BACF1E01F5EBC3
:108680002F0E311C6E0121EBC20ED11C7E0137E38F
:10869000E31A3EEFF30A04E010E04801B12CA12CEC
:1086A000412C512C3201F601EA0DFB1DD701AA0D18
:1086B000BB1D2D913D914D915C91608171818281B5
:1086C00093810F9441B59B01AC01C301B2010F949A
:1086D0009CBB2B013C018FEF881A980A94E0A90EED
:1086E000B11CA5E08A169104F1F6A3019201F101F3
:1086F00060817181828193810F949BBBD6012D9102
:108700003D914D915C910F949BBCF7016083718307
:108710008283938301501109F8E22F1A31082CE269
:10872000C21AD10834E0E31AF1080115110509F065
:10873000B4CFCB50DE4F88819981AA81BB81C55FC0
:10874000D140CF57DD4F88839983AA83BB83C1581B
:10875000D2401E0197E4291A9EEF390A10E000E08A
:10876000C159DD4FA881B981CF56D240CD90DD905F
:10877000ED90FD90C159DD4FB983A883CF56D2400B
:10878000CB58DD4F288139814A815B81C557D24062
:10879000C701B6010F9491BC1816B4F0CB58DD4F49
:1087A000288139814A815B81C557D240C159DD4F4B
:1087B000E881F981CF56D2406081718182819381B5
:1087C0000F9425BE87FF18C00430110509F030C191
:1087D000CB58DD4F288139814A815B81C557D24012
:1087E000CF57DD4F688179818A819B81C158D24002
:1087F0000F9491BC87FF1CC1D10114968D909D9060
:10880000AD90BC9017978D919D910D90BC91A02D2E
:10881000CF58DD4F88839983AA83BB83C157D24049
:10882000F801EE0FFF1FEE0FFF1F21E931E02C0FC3
:108830003D1FE20FF31F4080518062807380C35957
:10884000DD4FA881B981CD56D2408D919D910D907B
:10885000BC91A02DC358DD4F88839983AA83BB8325
:10886000CD57D240A7019601CB58DD4F6881798161
:108870008A819B81C557D2400F949BBB6B017C01C1
:1088800020E030E040E450E40F940CBFCB57DD4FC4
:10889000688379838A839B83C558D240C358DD4F50
:1088A000288139814A815B81CD57D240C359DD4F40
:1088B000E881F981CD56D2406481758186819781A6
:1088C0000F949BBBA30192010F949BBCC758DD4F33
:1088D000688379838A839B83C957D240A30192011D
:1088E000C301B2010F949CBBCF58DD4F2881398161
:1088F0004A815B81C157D2400F9441B5C757DD4FC4
:10890000688379838A839B83C958D240A3019201EB
:10891000C501B4010F9441B59B01AC01C757DD4FB0
:10892000688179818A819B81C958D2400F949CBB10
:1089300020E030E040EC50E40F949BBC9B01AC0184
:10894000C758DD4F688179818A819B81C957D240A0
:108950000F949BBBA70196010F9441B5C758DD4FFB
:10896000688379838A839B83C957D240CF58DD4F70
:10897000288139814A815B81C157D240C501B40148
:108980000F949BBB4B015C0120E030E040EC50E4D5
:10899000C301B2010F9441B59B01AC01C501B40103
:1089A0000F949BBCCB57DD4F288139814A815B8175
:1089B000C558D2400F9441B54B015C0120E030E036
:1089C00040E05FE3CF58DD4F688179818A819B81E8
:1089D000C157D2400F9441B52B013C01A70196012C
:1089E000C701B6010F9441B59B01AC01C301B201AF
:1089F0000F9441B59B01AC01C501B4010F949CBB20
:108A00009B01AC01C758DD4F688179818A819B81C8
:108A1000C957D2400F949CBBC358DD4F2881398180
:108A20004A815B81CD57D2400F949CBB2B013C0106
:108A30000F5F1F4FF4E02F0E311CC359DD4F28810B
:108A40003981CD56D2402C5F3F4FC359DD4F39831A
:108A50002883CD56D2400530110509F081CEC301DF
:108A6000B201C457DD4F0FB6F894DEBF0FBECDBFC5
:108A7000DF91CF911F910F91FF90EF90DF90CF90FA
:108A8000BF90AF909F908F907F906F905F904F902E
:108A90003F902F900895C5010F9482BAD8018D930D
:108AA0009C93B5E0CB0ED11CE2E0AE0EB11C96CC8F
:108AB0000F931F93CF9320911514213079F58C01DA
:108AC00080E50E942741882349F10E94D440C82FA5
:108AD000853020F5013C82E0180749F0023C124045
:108AE00069F08C2FCF911F910F910D9423B460E00A
:108AF0008C2FCF911F910F910D9464B48EEC9EE05A
:108B00000F9474BA882351F00F941890882331F091
:108B10008C2FCF911F910F910D94DFB4CF911F91A6
:108B20000F910895CF93C82F0F948851F894C09354
:108B3000E4060F9483520E941DED880F82700F94FB
:108B4000AD1E0F9431307894CF91089560FF04C02A
:108B500028E5FC012083019661FF04C029E5FC01A2
:108B60002083019620E2FC012193CF0165E27EE0A3
:108B70000D942BB88F929F92AF92BF92CF92DF92BB
:108B8000EF92FF920F931F93CF93DF930091CE0547
:108B90001091CF050F5F1F4F68018FEFC81AD80AD9
:108BA000D801DC918D2F90E00F9405B87C01892BC2
:108BB00001F5DD3201F56801B2E0CB0ED11CF80100
:108BC000D181C1E086010150110943E050E06FE31B
:108BD0007CE1C8010F943BB8892BC1F460E070E0E0
:108BE00080E89FEFC111DBC060E070E080E89FE7A4
:108BF000D6C08601D1CFDB3239F46801F2E0CF0E66
:108C0000D11CD8011196DC91C0E0DCCF43E050E0EC
:108C10006CE37CE1C8010F943BB8892B09F4CCC00C
:108C2000F60110E000E020E030E0A9016F01D05330
:108C3000DA3060F5BC2E6894B1F88C2F8870C2FFD2
:108C400009C0811102C00F5F1F4F3196D601DC9120
:108C5000CB2DECCF882311F001501109A5E0B0E035
:108C60000F9409BB9B01AC01220F331F441F551FFA
:108C70002D0F311D411D511D2839B9E93B074B0707
:108C8000B9E15B0710F3C660BC2EDFCFDE3F31F4E5
:108C9000C3FD33C0BC2E6894B3F8D7CFD53369F584
:108CA00080818D3231F4C061BF016E5F7F4F818161
:108CB00005C0BF018B32C9F36F5F7F4F80538A308D
:108CC000E0F4FB01B0E8EB16BCE0FB065CF4B70196
:108CD000660F771F660F771FE60EF71EEE0CFF1C60
:108CE000E80EF11C819180538A3060F3C4FF03C009
:108CF000F194E194F1080E0D1F1DCA01B9010F9402
:108D000000B5C370C33009F490584B015C0120E0FA
:108D100030E0A9010F9491BC882309F43EC0C8E358
:108D2000DCE117FF05C0119501951109C0E2DCE1F6
:108D30006E01E8E1CE1AD10880E2E82EF12C0DC0D8
:108D4000FE0125913591459154910E191F09C501D8
:108D5000B4010F9441B54B015C01D501C4010E155E
:108D60001F0574F72497F594E794CC16DD06A9F750
:108D70008A2F880F8B2F881F8F3F49F020E030E02B
:108D8000A901C501B4010F9491BC811106C082E212
:108D900090E09093201880931F18C501B401DF91D3
:108DA000CF911F910F91FF90EF90DF90CF90BF90E8
:108DB000AF909F908F90089560E070E080EC9FE707
:108DC000EECF2F923F924F925F926F927F928F924F
:108DD0009F92AF92BF92CF92DF92EF92FF920F934A
:108DE0001F93CF93DF9300D0CDB7DEB78EEDC82EA3
:108DF00082E0D82E8CEC96E09B838A839CEEE92E51
:108E000096E0F92E3324339400E0F60181916F014E
:108E10000E942741282E882309F4A6C010914304FC
:108E200013210E94BA452B013C01EA81FB8140825B
:108E3000518262827382033009F046C0F1E0F98307
:108E4000111101C019828090910290909202A0901D
:108E50009302B090940220E030E040E85FE3C50167
:108E6000B4010F9491BC882359F1111115C02091C0
:108E7000F8063091F9064091FA065091FB06C301BD
:108E8000B2010F949BBB6093D8067093D906809370
:108E9000DA069093DB062982A50194016091D80639
:108EA0007091D9068091DA069091DB060F9441B556
:108EB0006093D8067093D9068093DA069093DB0608
:108EC000E981E11103C022C0112399F0F70120814B
:108ED000318142815381EA81FB816081718182818C
:108EE00093810F949CBBEA81FB81608371838283B1
:108EF00093830F5F330C8A819B8104969B838A83C3
:108F000094E0E90EF11C043009F07FCF86E40E9462
:108F10002741882399F00E94BA456B017C0120E02B
:108F200030E0A9010F9425BE181644F4C092B9028E
:108F3000D092BA02E092BB02F092BC020F900F9066
:108F40000F90DF91CF911F910F91FF90EF90DF90E5
:108F5000CF90BF90AF909F908F907F906F905F90D9
:108F60004F903F902F900895F70180819181A281C9
:108F7000B381EA81FB8180839183A283B383B9CFDC
:108F80002F923F924F925F926F927F928F929F9219
:108F9000AF92BF92CF92DF92EF92FF920F931F9307
:108FA000CF93DF93CDB7DEB765970FB6F894DEBFEA
:108FB0000FBECDBF698B7A8B8B8B9C8B49015A017D
:108FC000302ECD8A2D2C81E08093BF02DF922D8937
:108FD0002F931F92EF928EEB93E19F938F930F94B9
:108FE00036B981E40E9427410F900F900F900F90A7
:108FF0000F900F908823A1F08091CE059091CF051E
:10900000FC012181283709F069C040E150E070E09F
:1090100060E002960F94FFB5698B7A8B8B8B9C8BEB
:1090200083E40E942741882309F465C00E94EE4032
:109030002B013C01C988DA88EB88FC888C149D04DC
:10904000AE04BF0410F475016401D301C2018C0D9C
:109050009D1DAE1DBF1D88169906AA06BB0628F0E9
:109060008C159D05AE05BF0530F4240135014C1863
:109070005D086E087F0888E50E942741882309F46F
:1090800091C02091CE053091CF052F5F3F4FFE015B
:10909000319610E000E04F01D9018C912F5F3F4FD6
:1090A000882309F43FC000311105E1F18032A1F3BA
:1090B0008A30C1F190ED980F9A3010F58295807F3B
:1090C0009D012E5F3F4F11969C9140ED490F4A3014
:1090D000F8F4842B81930F5F1F4FDECF0E94BA45B7
:1090E0000F940DBD9B01770F440B550B298B3A8BC9
:1090F0004B8B5C8B95CF44244A94542C32019ACFED
:109100009FE9980F963058F48295807F8057D8CF8A
:109110004FE9490F463018F49755892BDBCF11954D
:10912000019511092801012E000C66087708DA8ADA
:10913000C98AB12CA12C0A151B05F1F0332039F096
:1091400031E0331671F04FEFA41AB40AF4CFF401F2
:10915000EA0DFB1D8081E989FA89EA0DFB1D8083F8
:10916000F2CFF401EA0DFB1D608189899A898A0D8D
:109170009B1D0F94BCBAE7CFFF92EF92DF92CF9284
:109180002F925D895F937F926F925F924F9282E9F7
:1091900093E19F938F930F9436B90FB6F894DEBF87
:1091A0000FBECDBF032DA3019201C701B6010F94DD
:1091B000BF8D65960FB6F894DEBF0FBECDBFDF91B1
:1091C000CF911F910F91FF90EF90DF90CF90BF90C4
:1091D000AF909F908F907F906F905F904F903F9057
:1091E0002F900895609127187091281890E08A3088
:1091F00020F0895A9F4F0D94DCB8C096FCCF0F9396
:109200001F93CF93DF93C82FD62F8A0160FF15C01D
:109210005D9A8AE18A95F1F700C08C2F0E94B13FD8
:10922000D1FD04C08C2F82950E94B13FC801DF910F
:10923000CF911F910F910C9476E45D98EACFCF9275
:10924000DF92EF92FF92CF93DF93EC016A017B01F3
:109250000F947CBA6F3F7F4F8F4F9F4F59F4B701E8
:10926000A601CE01DF91CF91FF90EF90DF90CF90DC
:109270000D94CABADF91CF91FF90EF90DF90CF901D
:1092800008952F923F924F925F926F927F928F92AA
:109290009F92AF92BF92CF92DF92EF92FF920F9385
:1092A0001F93CF93DF93CDB7DEB7A1970FB6F89496
:1092B000DEBF0FBECDBF1C0148015901FC01E85BB8
:1092C000FF4FC080D180E280F3809A01AB01C701DB
:1092D000B6010F9441B50F947ABC0F9414BD8B0165
:1092E0008D839983A5019401C701B6010F9441B5FF
:1092F0000F947ABC0F9414BD362F272FA8016D81CF
:109300007981483751056105710520F448E750E03F
:1093100060E070E0D101D6968D909D90AD90BC90AC
:10932000D9978F8A988EA98EBA8E481559056A05E5
:109330007B0520F44F8B588F698F7A8F432F522FE4
:10934000BC01483751056105710520F448E750E03C
:1093500060E070E0182D092DA9A2B8A248155905A2
:109360006A057B0520F4142F052F69A378A3F1016A
:10937000EE5BFF4FC080D180E280F380CD82DE8241
:10938000EF82F886CD28CE28CF2841F4C12CD12CED
:109390007601C394CD82DE82EF82F8862F89388DE4
:1093A000498D5A8DB901CA010F94D7BA6D877E874E
:1093B0008F87988BA5019401C501B4010F94D7BA8A
:1093C0002B013C01212F302F49A158A1612F702F73
:1093D000CA010F94D7BA698B7A8B8B8B9C8BCD800B
:1093E000DE80EF80F884CC0CDD1CEE1CFF1CC986EF
:1093F000DA86EB86FC86C301B201615071098109EE
:109400009109CD84DE84EF84F8886C197D098E097A
:109410009F09C984DA84EB84FC846C0D7D1D8E1D4C
:109420009F1DA70196010F94E7BA69017A01C30154
:10943000B20129893A894B895C89621B730B840BC1
:10944000950B29853A854B855C850F94E7BA2901F0
:109450003A01D701C601840D951DA61DB71D8C8F3D
:109460009D8FAE8FBF8FF101E45BFF4F90819B8F8B
:10947000992309F48DC0612F702F89A198A10F94B1
:1094800000B5F101EC5AFF4F2081318142815381B7
:109490000F9441B50F9414BD6D8B7E8BD101509606
:1094A0002D913D914D915C91539729833A834B8344
:1094B0005C838C8D9D8DAE8DBF8D82179307A40725
:1094C000B50708F068C029013A01481A590A6A0A22
:1094D0007B0A9B8D40E080E0992389F0C501B401AF
:1094E0000F9400B5F101EC5AFF4F20813181428188
:1094F00053810F9441B50F9414BD462F872F3FB76A
:10950000F894F101E95BFF4F2081211127C0D101BF
:109510005996CD92DD92ED92FC925C97C40CD51CCD
:10952000E61CF71CF101C58ED68EE78EF0A2CF881F
:10953000C2AED88CD3AEE98CE4AEFA8CF5AEFE9612
:1095400010830183C9A0C282D8A0D3827396ED880C
:10955000E082FE88F1823297408381833FBFA196EB
:109560000FB6F894DEBF0FBECDBFDF91CF911F9134
:109570000F91FF90EF90DF90CF90BF90AF909F90B2
:109580008F907F906F905F904F903F902F900895B5
:109590001D8A1E8A83CF2D813E814F81588582E0AE
:1095A000220F331F441F551F8A95D1F789819A8155
:1095B000AB81BC8181709927AA27BB278D839E83AD
:1095C000AF83B88789809A80AB80BC80B694A7941B
:1095D00097948794CD84DE84EF84F88889899A896A
:1095E000AB89BC898C159D05AE05BF0508F46FC01D
:1095F0006C017D0191E0C91AD108E108F1088D855F
:109600009E85AF85B889C81AD90AEA0AFB0AC7013C
:10961000B601620F731F841F951FCD80DE80EF801F
:10962000F884CD28CE28CF2841F0C984DA84EB8491
:10963000FC846C0D7D1D8E1D9F1D0F94E7BA750176
:109640006401C20ED31EE41EF51E29813A814B81AE
:109650005C812C153D054E055F0510F469017A010A
:109660002B8D222309F469C0C114D104E104F10453
:1096700009F466C04D898E89411451046104710456
:1096800009F43DCFA701960169857A858B859C8574
:109690000F94D7BA2D853E854F855889620F731F69
:1096A000841F951F0F9400B50F946ABFF101EC5A07
:1096B000FF4F20813181428153810F9441B50F9436
:1096C00014BD462F872F412C512C320118CF6D85A8
:1096D0007E858F859889C988DA88EB88FC886C1923
:1096E0007D098E099F09CD80DE80EF80F884CD282A
:1096F000CE28CF2841F0C984DA84EB84FC846C0D39
:109700007D1D8E1D9F1D0F94E7BA820E931EA41E11
:10971000B51E49805A806B807C8084149504A60411
:10972000B70410F424013501C980DA80EB80FC8095
:10973000C418D508E608F70893CF40E080E0C3CF0F
:109740004D898E89C0CFCF93C62F0F94538281113C
:109750000FC0C093BB0084E88093BC0088E20F94E4
:109760004020811105C084E98093BC00CF91089509
:109770008FEF8093180E8093170EF8CFCF930F942E
:109780005382811121C084EA8093BC0080E10F9450
:109790004020811119C08BEE8093BB00C4E8C093B8
:1097A000BC0080E40F94402081110EC0C093BC0027
:1097B00088E50F944020811107C08091BB0094E997
:1097C0009093BC00CF9108958FEF8093180E8093F3
:1097D000170E80E0F7CF0F931F93CF93DF938C0189
:1097E000F801D491DF3F99F03196C4916C2F8D2F01
:1097F0000E94A34B8D2F0E94BE4B0E5F1F4FC817B8
:1098000079F380E0DF91CF911F910F91089581E06E
:10981000F9CFCF93DF938091180E813321F080E050
:10982000DF91CF9108958091170E8139C1F782E0C1
:109830000E94BE4BC82F87E10E94BE4B8093150E3D
:1098400084E10E94BE4B8093160E8091180E8F3FCC
:1098500031F3C7FF36C083E00E94BE4BD82F84E0AF
:109860000E94BE4BC82F82E10E94BE4B9091180E01
:109870009F3FA9F290E09C0144E0220F331F4A95DC
:10988000E1F722273F702D2B982F882788279F707C
:109890008C2B33FD305193FD90514091F203509148
:1098A000F303240F351F3093F3032093F203209129
:1098B000EA0E3091EB0E820F931F9093EB0E809384
:1098C000EA0E81E0ADCF84B1817F84B984B1876035
:1098D00084B985B1817F85B9289A80E58CBD1DBC8E
:1098E00008958A3020F0803120F4895A0895805DEF
:1098F000089580E008950F931F93CF93DF93082F6F
:10990000EB0190E024E0959587952A95E1F711E029
:10991000009721F00E94714C899312E0802F8F7084
:109920000E94714C8883812FDF91CF911F910F91FD
:109930000895803330F08A3330F09FE9980F9630E5
:1099400020F080E008958053089587550895CF93BF
:10995000DF93EC01688180E00E947D3E69810E9476
:109960007D3E6A81CB810E947D3E6C2FDF91CF913D
:109970000C947D3ECF93DF93EC010E94A74C6D8148
:109980000E947D3E6E81CF810E947D3E6C2FDF91D3
:10999000CF910C947D3ECF93DF93EC016883498394
:1099A0001B821A820E94A74C8C83DF91CF9108956D
:1099B0009FB7F894E5E0F1E080818F7D80839FBFC1
:1099C0008FE891E00197F1F700C000009FB7F8948D
:1099D0008081806280839FBF0895149A0895CF92FA
:1099E000DF92EF92FF92CF93DF9369017A01CCEE81
:1099F000D6E09B01AC016C857D858E859F850F949B
:109A00009CBB6C877D878E879F87C701B601DF91DE
:109A1000CF91FF90EF90DF90CF900D9469650F94F8
:109A200069650D94885181E090911218911101C0DF
:109A300080E00895893220E8920709F497C008F081
:109A400048C0863060E8960709F49AC030F5833044
:109A500040E8940709F480C0A8F4813020E8920718
:109A600009F417C1823040E8940709F473C09C01DF
:109A700086FF8EC02227327C2115324C09F09EC011
:109A80008EE10895843060E8960709F467C0853058
:109A900020E8920761F784E208958A3040E894074D
:109AA00009F45EC058F4883020E8920709F46EC0CB
:109AB000893040E89407D9F685E008958C3060E855
:109AC000960709F451C08D3020E8920781F681E2B3
:109AD00008958F3240E8940709F456C0E0F48C32C0
:109AE00020E8920709F44EC058F48A3260E89607DD
:109AF000C9F18B3220E8920709F0B9CF86E20895C8
:109B00008D3240E89407D1F18E3260E8960709F073
:109B1000AECF82E20895873820E8920749F158F4E1
:109B2000873460E8960729F08B3420E8920709F023
:109B30009ECF84E00895873041E89407D9F08B30B8
:109B400061E89607C9F08B3820E8920709F08FCFBB
:109B500089E0089581E0089582E0089583E0089502
:109B600086E0089587E008958AE208958BE20895DB
:109B700088E008958AE008958BE0089583E20895CF
:109B800085E2089587E2089588E2089589E20895BC
:109B900087FF07C02227327C2115324CA1F58FE1C7
:109BA00008952227317090FF52C0AC014427527CA7
:109BB0004115524C09F04BC080E208959C012227C8
:109BC0003278232B09F067C09C0122273478232B9D
:109BD00009F063C09C0122273878232B09F05FC06D
:109BE0009C0122273079232B09F05BC09C0122279E
:109BF000307A232B09F057C08827907C892B09F4F1
:109C000068C08FE008959C0122273278232B09F049
:109C10004CC09C0122273478232B09F048C09C01BA
:109C200022273878232B09F044C09C012227307961
:109C3000232B09F040C09C012227307A232BE9F521
:109C40008827907C892B09F444C080E10895232B58
:109C500009F43FC09C0122273278232B81F59C0117
:109C600022273478232B69F59C0122273878232B6F
:109C700051F59C0122273079232B39F59C012227AD
:109C8000307A232B21F58827907C892B11F181E1F3
:109C9000089580E0089582E1089585E1089588E1BE
:109CA00008958BE108958CE0089583E1089586E19D
:109CB000089589E108958CE108958DE0089584E187
:109CC000089587E108958AE108958DE108958EE071
:109CD00008958CE208950E941A4DE82FF0E0EE0FEF
:109CE000FF1FE65FF54D25913491233381E038075E
:109CF00008F041C02D3281E0380778F52E37310564
:109D000009F483C0F0F42C36310509F485C030F431
:109D10002536310508F079C08FEF089524373105D5
:109D200009F473C02D37310519F023373105A1F738
:109D30008091080E813009F46DC0873069F788E0A2
:109D40000895233D310509F46EC050F4293C3105D6
:109D500009F469C02A3C3105F9F68091080E67C004
:109D60002D3D310509F45FC02E3D3105B1F3243D91
:109D7000310591F6F2CF253F81E0380709F45CC048
:109D8000F8F4263481E0380758F4213481E03807AC
:109D900020F7275331402530310508F0BDCFDDCF06
:109DA000215931402230310508F0B6CF8091080E9C
:109DB000833009F43FC0893009F0AECF87E00895C1
:109DC000293F81E0380749F270F4273F81E03807E6
:109DD00021F260F78091080E833061F1883009F03C
:109DE0009BCF86E008952B3F81E03807A9F068F00B
:109DF0002C3F314009F090CF8091080E853089F0DA
:109E0000863009F089CF85E008958091080E813071
:109E100009F082CF81E008958091080E8230D1F35D
:109E20007BCF84E008958091080E823061F083300A
:109E300009F072CF83E008958091080E823029F0F6
:109E4000843009F069CF82E0089580E00895682F9A
:109E500070E090E080E00F9400B520E030E048E052
:109E600052E40F9441B520E030E040E85FE30F9406
:109E70009CBB0895682F70E090E080E00F9400B5DF
:109E800020E030E04CE952E40F9441B520E030E0AE
:109E900040E85FE30F949CBB089582E00F941D306F
:109EA0006093F4067093F5068093F6069093F70698
:109EB00084EF96E00D94D3524F925F926F927F920F
:109EC0008F929F92AF92BF92CF92DF92EF92FF92CA
:109ED0000F931F93CF93DF930CEE16E0CDEDD3E0FD
:109EE000288139814A815B81F80160817181828199
:109EF00093810F949BBB4B015C012C813D814E8172
:109F00005F81F80164817581868197810F949BBB85
:109F10006B017C01CDECD3E0288139814A815B81E2
:109F2000C501B4010F9441B52B013C012C813D8149
:109F30004E815F81C701B6010F9441B59B01AC0111
:109F4000C301B2010F949CBBF801608371838283CB
:109F50009383288539854A855B85C501B4010F94B3
:109F600041B54B015C012C853D854E855F85C70160
:109F7000B6010F9441B59B01AC01C501B4010F942A
:109F80009CBBF8016483758386839783DF91CF91AF
:109F90001F910F91FF90EF90DF90CF90BF90AF9007
:109FA0009F908F907F906F905F904F9008954F9209
:109FB0005F926F927F928F929F92AF92BF92CF9259
:109FC000DF92EF92FF920F931F93CF93DF9300D016
:109FD00000D01F921F92CDB7DEB7DC01CD90DD908F
:109FE000ED90FC901397C092B203D092B303E0922D
:109FF000B403F092B50314960D911D912D913C91EF
:10A00000179709831A832B833C830093BA03109319
:10A01000BB032093BC033093BD03DB010D911D9165
:10A020002D913C9113970D831E832F8338870093C6
:10A03000B6031093B7032093B8033093B903149673
:10A040004D905D906D907C9017974092BE0350921A
:10A05000BF036092C0037092C103FA0160817181F5
:10A06000828193816093DD037093DE038093DF032D
:10A070009093E00384809580A680B7808092E1036E
:10A080009092E203A092E303B092E40320E030E078
:10A09000A9010F9491BC8111AAC020E030E0A90170
:10A0A000C501B4010F9491BC8111A1C01092E503C8
:10A0B00020E030E040E85FE3C701B6010F9491BCB7
:10A0C000811121C020E030E0A9016D817E818F8166
:10A0D00098850F9491BC811116C020E030E0A90151
:10A0E00069817A818B819C810F9491BC81110BC015
:10A0F00020E030E040E85FE3C301B2010F9491BC7F
:10A10000882309F478C08091E50382608093E50399
:10A11000A3019201C701B6010F9441B54B015C0147
:10A120002D813E814F81588569817A818B819C8107
:10A130000F9441B59B01AC01C501B4010F949BBBC9
:10A140004B015C01AC019B01C301B2010F949BBCAC
:10A150006093CD037093CE038093CF039093D0038D
:10A160006D817E818F8198859058A50194010F940F
:10A170009BBC6093D1037093D2038093D3039093DD
:10A18000D40369817A818B819C819058A5019401C7
:10A190000F949BBC6093D5037093D6038093D70331
:10A1A0009093D803A5019401C701B6010F949BBCFD
:10A1B0006093D9037093DA038093DB039093DC03FD
:10A1C00028960FB6F894DEBF0FBECDBFDF91CF91BA
:10A1D0001F910F91FF90EF90DF90CF90BF90AF90C5
:10A1E0009F908F907F906F905F904F90089581E047
:10A1F0008093E5035DCF80E090E0A0E8BFE380932B
:10A20000CD039093CE03A093CF03B093D0031092CD
:10A21000D1031092D2031092D3031092D403109260
:10A22000D5031092D6031092D7031092D8038093CF
:10A23000D9039093DA03A093DB03B093DC03C0CF80
:10A240004F925F926F927F928F929F92AF92BF9246
:10A25000CF92DF92EF92FF921F93CF93DF93CDB710
:10A26000DEB7A8970FB6F894DEBF0FBECDBF48E0AB
:10A2700050E06DED7FE0CE0101960F9464BA48E0A6
:10A2800050E065ED7FE0CE0109960F9464BA48E096
:10A2900050E065EE7FE0CE0141960F9464BA898963
:10A2A0009A89AB89BC8989A39AA3ABA3BCA38F3F2E
:10A2B0009F4FAF4FBF4F09F4B1C08D899E89AF89C1
:10A2C000B88D8DA39EA3AFA3B8A78F3F9F4FAF4F6D
:10A2D000BF4F09F4A3C089809A80AB80BC808FEF08
:10A2E00088169806A806B80609F498C08D819E8144
:10A2F000AF81B885898F9A8FAB8FBC8F8F3F9F4F6F
:10A30000AF4FBF4F09F48AC0C984DA84EB84FC8460
:10A310008FEFC816D806E806F80609F47FC08D85C9
:10A320009E85AF85B8898D8F9E8FAF8FB8A38F3FE5
:10A330009F4FAF4FBF4F09F471C0298D3A8D4B8DA0
:10A340005C8DC501B4010F9438BE2B013C0126E69B
:10A3500036E646E65FE30F9491BC11E087FD0BC043
:10A360002DEC3CEC4CE85FE3C301B2010F9425BE39
:10A3700018160CF010E02D8D3E8D4F8D58A1C701A1
:10A38000B6010F9438BE2B013C0126E636E646E6C0
:10A390005FE30F9491BC87FD7FC02DEC3CEC4CE853
:10A3A0005FE3C301B2010F9425BE18160CF474C00C
:10A3B0002DA13EA14FA158A569A17AA18BA19CA175
:10A3C0000F9438BE20E030E040E751E40F9425BE02
:10A3D00018160CF411E0A5019401C701B6010F9401
:10A3E00041B56B017C012D8D3E8D4F8D58A1698D3E
:10A3F0007A8D8B8D9C8D0F9441B59B01AC01C7016B
:10A40000B6010F949CBB9F772DEC3CEC4CEC5DE3CC
:10A410000F9425BE181614F01123F1F00E94464047
:10A4200080E090E0A0E8BFE389839A83AB83BC839C
:10A430001D821E821F82188619861A861B861C861C
:10A440008D879E87AF87B88B198A1A8A1B8A1C8AC8
:10A450001D8A1E8A1F8A188EAE014F5E5F4FBE0195
:10A46000675F7F4FCE0101960E94D74FA8960FB627
:10A47000F894DEBF0FBECDBFDF91CF911F91FF904B
:10A48000EF90DF90CF90BF90AF909F908F907F9094
:10A490006F905F904F90089511E08ACFCF93DF9334
:10A4A000CDB7DEB768970FB6F894DEBF0FBECDBF4D
:10A4B00080E090E0A0E8BFE389839A83AB83BC830C
:10A4C0001D821E821F82188619861A861B861C868C
:10A4D0008D879E87AF87B88B198A1A8A1B8A1C8A38
:10A4E0001D8A1E8A1F8A188EAE014F5E5F4FBE0105
:10A4F000675F7F4FCE0101960E94D74F68960FB6D7
:10A50000F894DEBF0FBECDBFDF91CF91089580914B
:10A51000E5038823D1F00E944E520F94885180E0C9
:10A520000F941D306093EC067093ED068093EE0659
:10A530009093EF0681E00F941D306093F0067093C6
:10A54000F1068093F2069093F306089580917405C6
:10A550009091730589130BC090917205992339F07E
:10A560002091E6063091E7068217130639F081E064
:10A5700090913504911103C080E0089581E0089521
:10A580000F931F93CF93DF938C01EB0183E093E450
:10A590009F938F9386E499E29F938F93DF936F93BA
:10A5A0000F948BB9C80FD11D47E050E0B801CE0120
:10A5B0000F9464BA1F820F900F900F900F900F901E
:10A5C0000F90DF91CF911F910F9108952091740505
:10A5D0008091E6069091E7062817190611F080E2AF
:10A5E00008958EE3089582E08093B7028091740508
:10A5F0008F5F8093740584E08093710510927305DA
:10A6000010927205089580917105843038F580911B
:10A61000740590E02091E6063091E7062817390787
:10A6200044F001979093E7068093E60687E00F9445
:10A63000F63A8091E6062091000430E02D5F3F4F0E
:10A640008217130659F054F09DEF980F9093000471
:10A650008450809373058FEF809371050895E4E033
:10A66000F4E080E2DF011D928A95E9F70895CF9327
:10A670003FB7F894E0917704F0917804E817F90770
:10A68000C9F0C42F90937804809377047093E70601
:10A690006093E6061092000482E08093B7023FBF09
:10A6A000222319F080E00F94F63ACC2321F0CF91C9
:10A6B0000C942F533FBFCF910895DC01262F90912A
:10A6C00056049730D8F4492F50E0FA01EE0FFF1FDF
:10A6D000E40FF51FE656FC4F409177045091780443
:10A6E000518340838091E6069F5F90935604828356
:10A6F00041E070E060E0CD010C9437530895982F4D
:10A70000809156049817A8F4891B8093560490E012
:10A71000FC01EE0FFF1FE80FF91FE656FC4F6281A8
:10A72000062E000C770B20E041E0808191810C9493
:10A73000375380E0EACF81E00C947F5320910005ED
:10A74000309101058091FE049091FF0482179307D8
:10A7500071F0F901E258FB4F80812F5F3F4F2F7757
:10A760003327309301052093000590E008958FEF83
:10A770009FEF08951F920F920FB60F9211240BB600
:10A780000F922F933F934F936F937F938F939F934A
:10A79000EF93FF938091C80084FF12C08091CE0098
:10A7A000FF91EF919F918F917F916F914F913F9189
:10A7B0002F910F900BBE0F900FBE0F901F9018950A
:10A7C0004091CE0080919805813051F72091FE0490
:10A7D0003091FF04C90101968F7799276091000598
:10A7E0007091010586179707D9F222583B4FF9015E
:10A7F00040839093FF048093FE04D2CF1F920F9268
:10A800000FB60F9211240BB60F922F933F934F93D5
:10A810006F937F938F939F93EF93FF938091C000EB
:10A8200084FF12C08091C600FF91EF919F918F919C
:10A830007F916F914F913F912F910F900BBE0F9091
:10A840000FBE0F901F9018954091C60080919805FB
:10A850008111EACF2091FE043091FF04C9010196D5
:10A860008F779927609100057091010586179707EA
:10A87000D9F222583B4FF90140839093FF04809313
:10A88000FE04D2CF80E1ECEEF6E0A1E7B2E0019069
:10A890000D928A95E1F78091390290913A02909356
:10A8A0007703809376038091100E9091110E909310
:10A8B0001306809312068091CA0680931406809135
:10A8C000430483FB882780F98093C7058091450462
:10A8D0008093110681E08093FC060895CF93DF9367
:10A8E0008BE797E10E94456E89EB95E1892B51F04A
:10A8F000CBE8D6E1A397CE010E94456E85E1C93B26
:10A90000D807C1F786E995E10E94456E81E795E198
:10A91000DF91CF910C94456ECF93DF93CCEED6E0D0
:10A9200020E030E048EC51E46C857D858E859F8584
:10A930000F949CBB6C877D878E879F8763E373E34F
:10A9400083E590E4DF91CF910D94696560E085EA3D
:10A950009FE00F9498BA60E08FE79CE00F9498BA5C
:10A9600080E090E0A0E8BFEB8093810290938202A8
:10A97000A0938302B093840282E080936A021092D3
:10A98000030E089580911206909113062091100EE7
:10A990003091110E2817390771F09093110E8093A2
:10A9A000100E81E0809341040F94D31F0F9473899C
:10A9B00082E08093410408958091030E882341F042
:10A9C0008091390290913A029093770380937603B5
:10A9D00008958091070690910806009729F120912B
:10A9E000020E211121C02091010E21111DC0FC0178
:10A9F000E85AFF4F20E1A1E8B2E001900D922A95BC
:10AA0000E1F7FC01E659FF4F208131813093C20507
:10AA10002093C10588599F4FFC01808191819093BB
:10AA2000CD058093CC05089580E090E0A0E8BFEBD1
:10AA30008093810290938202A0938302B093840258
:10AA40006091B9027091BA028091BB029091BC02F0
:10AA50000F9414BD7093C2056093C1051092CD058B
:10AA60001092CC050895CF92DF92EF92FF928091E1
:10AA7000EB148823D9F18091870390918803A091EA
:10AA80008903B0918A038093C3059093C405A09372
:10AA9000C505B093C6050F941152C090C305D09060
:10AAA000C405E090C505F090C605C81AD90AE108AA
:10AAB000F108C092C305D092C405E092C505F0929A
:10AAC000C6050E945C3FC81AD90AE108F108C09285
:10AAD000C305D092C405E092C505F092C605109258
:10AAE0006A02FF90EF90DF90CF90089580916D05FE
:10AAF0008823B1F180917F0390918003A09181031D
:10AB0000B09182038093C3059093C405A093C505BB
:10AB1000B093C6050F9411524091C3055091C405DE
:10AB20006091C5057091C605481B510961097109FD
:10AB30008091FE109091FF10092E000CAA0BBB0B08
:10AB4000481B590B6A0B7B0B4093C3055093C405FC
:10AB50006093C5057093C60581E080936A02C1CFFA
:10AB600082E0FBCFCF92DF92EF92FF92C090B10EC6
:10AB7000D090B20EE090B30EF090B40E8091B00E73
:10AB8000882309F44EC020E030E0A901C701B601D6
:10AB90000F9425BE18160CF044C02BED3FE049E49D
:10ABA00050E4C701B6010F9441B5A70196010F9477
:10ABB00041B520E030E040E85EE30F9441B59B01F1
:10ABC000AC0160E070E080E89FE30F949BBC6B01F8
:10ABD0007C016091BD027091BE0264367105A1F0E6
:10ABE000072E000C880B990B0F9402B52AE037ED65
:10ABF00043E25CE30F9441B59B01AC01C701B60190
:10AC00000F9441B56B017C01C0929102D0929202E7
:10AC1000E0929302F0929402FF90EF90DF90CF9039
:10AC20000895C12CD12C80E8E82E8FE3F82ED1CFE7
:10AC30008F929F92AF92BF92CF92DF92EF92FF924C
:10AC400081EF9FE00F94C5816B017C018DEE9FE049
:10AC50000F94C5814B015C010F94FE2E2CE330E074
:10AC600040E050E00F94E7BABA01A901480D591D20
:10AC70006A1D7B1D8DEE9FE00F94AABA6091E803D8
:10AC80007091E9038091EA039091EB0328EE33E0A1
:10AC900040E050E00F94E7BABA01A9014C0D5D1DE8
:10ACA0006E1D7F1D81EF9FE00F94AABA0F94BB2FFA
:10ACB0001092E8031092E9031092EA031092EB035A
:10ACC00080911514813081F46091191470911A14D7
:10ACD00090E080E00F94AD8110921A141092191434
:10ACE00010921C1410921B14FF90EF90DF90CF90E5
:10ACF000BF90AF909F908F900895809145041F92D0
:10AD00008F93809170031F928F93E4E2F4E042816D
:10AD100053812CE3249FC001259F900D11249F9304
:10AD20008F9340815181249FC001259F900D112454
:10AD30009F938F938EED93E19F938F930F9436B9EA
:10AD40008DB79EB70A960FB6F8949EBF0FBE8DBF03
:10AD50000895CF93C82F8FEF9FE00F9474BA81307E
:10AD600021F08091E406813029F481E08C27CF9195
:10AD70000C949245CF9108958BE893E00D94642252
:10AD800020E030E040E752E40F949BBC089510921D
:10AD9000B60240916B0350916C0360916D0370910A
:10ADA0006E034093B9025093BA026093BB02709352
:10ADB000BC0290933A02809339028BE893E00D94A1
:10ADC00064221F93CF93DF93182F8091B902909143
:10ADD000BA02A091BB02B091BC0280936B03909326
:10ADE0006C03A0936D03B0936E03C0913902D091B0
:10ADF0003A0284E690E090933A02809339028BE81D
:10AE000093E00F9464221093B602CE01DF91CF91AC
:10AE10001F91089540E050E0BA018DEE9FE00F943D
:10AE2000AABA40E050E0BA0181EF9FE00F94AABABD
:10AE30000E94754170E060E085E09FE00F94B6BA33
:10AE400070E060E083E09FE00F94B6BA70E060E0ED
:10AE500081E09FE00F94B6BA70E060E08FEF9EE073
:10AE60000F94B6BA70E060E083ED9EE00F94B6BA3E
:10AE700070E060E080ED9EE00F94B6BA40E050E0F4
:10AE8000BA0188EA9CE00D94AABAF89488E198E0A7
:10AE90000FB6F894A895809360000FBE9093600061
:10AEA000FFCF0E94713E803229F081E10E946A3E0C
:10AEB0000E94455784E10C946A3ECF93C82F0E94AC
:10AEC000713EC150E1F7CF910C945157C82F9FB7F5
:10AED000F894E2E0F1E08081846080839FBF6C2F72
:10AEE00083E09DE00F9498BA8C2F0E94AFE90E94F6
:10AEF00045571F920F920FB60F92112483E00E94C4
:10AF000066571F920F920FB60F92112482E00E9493
:10AF1000665785EA9FE00F9474BA91E0811101C0F1
:10AF200090E0892F089580914204811106C081E04C
:10AF30009091F803923009F080E008958091EB142D
:10AF400081110AC080916D05811106C081E0909148
:10AF5000F803913009F080E00895CF93DF93C0911A
:10AF6000010EC1111FC08091020E81111CC00E94F0
:10AF70009357811118C0D0910E0ED43061F4809196
:10AF8000100E9091110E892B91F48091CA06909128
:10AF9000CB06892B61F40E949E57C82F811103C0F4
:10AFA000C1E0D111C0E08C2FDF91CF910895C1E0B5
:10AFB000FACF0E94AD57882389F020E030E040E0CE
:10AFC00050E46091F4067091F5068091F606909138
:10AFD000F7060F9491BC881F8827881F08950E9448
:10AFE0009E57811118C00E949357811114C08091FF
:10AFF000030E811110C080910E0E81110BC0809143
:10B000001614811107C08091010E811104C0809136
:10B01000020E089581E00895FC012081211101C0F4
:10B020006695FC0162830895FC01618321E0603232
:10B0300008F020E09081291781F08281992351F056
:10B0400090E095958795828370E07595679561830B
:10B0500020830895880F8283FBCF211104C070E004
:10B06000759567956183089580E1ECEEF6E0ACECB0
:10B07000B6E001900D928A95E1F708954F925F92A4
:10B080006F927F928F929F92AF92BF92CF92DF92F8
:10B09000EF92FF92CF9380E00F940F306093FD0604
:10B0A0007093FE068093FF069093000781E00F9453
:10B0B0000F3060930107709302078093030790930A
:10B0C000040782E00F940F30609305077093060722
:10B0D000809307079093080783E00F940F306093E5
:10B0E000090770930A0780930B0790930C0780E081
:10B0F0000F941D306093EC067093ED068093EE067E
:10B100009093EF0681E00F941D306093F0067093EA
:10B11000F1068093F2069093F30682E00F941D30BF
:10B120006093F4067093F5068093F6069093F70605
:10B1300083E00F941D306093F8067093F9068093B6
:10B14000FA069093FB0680911D14882331F120911B
:10B15000F0063091F1064091F2065091F3066091AD
:10B16000EC067091ED068091EE069091EF060F943B
:10B17000067B9B01AC016091F4067091F50680910D
:10B18000F6069091F7060F949BBB6093F4067093BC
:10B19000F5068093F6069093F706C091E503CC235D
:10B1A00009F49AC0C0FF34C02091DD033091DE0362
:10B1B0004091DF035091E0036091EC067091ED0641
:10B1C0008091EE069091EF060F949BBB6093EC0686
:10B1D0007093ED068093EE069093EF062091E103C5
:10B1E0003091E2034091E3035091E4036091F00653
:10B1F0007091F1068091F2069091F3060F949BBB3B
:10B200006093F0067093F1068093F2069093F30634
:10B21000C1FF62C08090EC069090ED06A090EE0613
:10B22000B090EF06C090F006D090F106E090F206E4
:10B23000F090F3062091D5033091D6034091D703C7
:10B240005091D803C501B4010F9441B52B013C01C5
:10B250002091D9033091DA034091DB035091DC0354
:10B26000C701B6010F9441B59B01AC01C301B20106
:10B270000F949CBB2B013C012091CD033091CE0358
:10B280004091CF035091D003C501B4010F9441B553
:10B290004B015C012091D1033091D2034091D30343
:10B2A0005091D403C701B6010F9441B59B01AC0185
:10B2B000C501B4010F949CBB6093EC067093ED063E
:10B2C0008093EE069093EF064092F0065092F106BE
:10B2D0006092F2067092F3060E94345880E1ECEE20
:10B2E000F6E0A2E3B5E001900D928A95E1F7CF91E7
:10B2F000FF90EF90DF90CF90BF90AF909F908F9096
:10B300007F906F905F904F9008954F925F926F92F1
:10B310007F928F929F92AF92BF92CF92DF92EF92E5
:10B32000FF920F931F93CF93DF9300D000D01F9213
:10B330001F92CDB7DEB72091030E222309F473C10B
:10B3400020914404223009F46EC12091440421303C
:10B3500011F4109244042B013C0110924504109109
:10B36000140660914D0570914E0580914F059091A6
:10B3700050050F9414BD611731F0812F90E0909328
:10B38000CB068093CA060E94C25480911106809316
:10B390004504909143048091C70581958927887061
:10B3A000892780934304A301920160917D027091EB
:10B3B0007E0280917F02909180020F949BBB6D83EF
:10B3C0007E838F839887CE0105960F94A0521092AA
:10B3D000380220E030E040E85FEB6091710270914C
:10B3E000720280917302909174020F9491BC81114A
:10B3F00020C08091EC069091ED06A091EE06B091F0
:10B40000EF068093710290937202A0937302B0933F
:10B4100074028091F0069091F106A091F206B0912D
:10B42000F3068093750290937602A0937702B0930F
:10B430007802A301920160917D0270917E02809159
:10B440007F02909180020F949BBB69837A838B83E8
:10B450009C83E090F406F090F5060091F6061091BA
:10B46000F706209175023091760240917702509153
:10B4700078026091710270917202809173029091D2
:10B4800074021F921F921F921F92E2E68E2EE7E235
:10B490009E2EE6E7AE2EE2E4BE2EFE0131966F014F
:10B4A0000F94FA52A301920160917D0270917E0285
:10B4B00080917F02909180020F949BBB69837A8375
:10B4C0008B839C83E0907902F0907A0200917B025A
:10B4D00010917C02209175023091760240917702A2
:10B4E00050917802609171027091720280917302A2
:10B4F000909174021F921F921F921F920F94FA5202
:10B50000E0907902F0907A0200917B0210917C0227
:10B510002091750230917602409177025091780225
:10B520006091710270917202809173029091740225
:10B530001F921F921F921F92812C912CF8EEAF2E1A
:10B54000F2E4BF2EADE7CA2EA2E0DA2E0F94FA5233
:10B550000F94885111E0109338026091C1057091E9
:10B56000C20590E080E00F9400B56093B90270933B
:10B57000BA028093BB029093BC02809176039091B3
:10B58000770390933A028093390280E1E1E7F2E099
:10B59000ACEEB6E001900D928A95E1F70E94345826
:10B5A00080916A020FB6F894DEBF0FBECDBF811145
:10B5B00051C06091C3057091C4058091C5059091FB
:10B5C000C6056093FF17709300188093011890933D
:10B5D00002180F94047D8091C3059091C405A09139
:10B5E000C505B091C6058093870390938803A09307
:10B5F0008903B0938A031093EB1460E085EA9FE01F
:10B600000F9498BA60E08FE79CE00F9498BA83E4B7
:10B610009DE60E940AEE82E080936A021092030E79
:10B6200081E08093060E28960FB6F894DEBF0FBE19
:10B63000CDBFDF91CF911F910F91FF90EF90DF90E1
:10B64000CF90BF90AF909F908F907F906F905F90C2
:10B650004F900895813089F68091C3059091C4057B
:10B66000A091C505B091C60580937F039093800398
:10B67000A0938103B09382031092FA101092F910F4
:10B680000E94F940BACF3F924F925F926F927F92A1
:10B690008F929F92AF92BF92CF92DF92EF92FF92E2
:10B6A0000F931F93CF93DF933090E503332009F47A
:10B6B00080C08B01EC0131FE54C088809980AA8043
:10B6C000BB80FB01C080D180E280F3802091BA036F
:10B6D0003091BB034091BC035091BD03C501B4013F
:10B6E0000F9441B52B013C012091BE033091BF0363
:10B6F0004091C0035091C103C701B6010F9441B5F9
:10B700009B01AC01C301B2010F949CBB2B013C0116
:10B710002091B2033091B3034091B4035091B5032B
:10B72000C501B4010F9441B54B015C012091B603F2
:10B730003091B7034091B8035091B903C701B601E6
:10B740000F9441B59B01AC01C501B4010F949CBBA2
:10B75000688379838A839B83F80140825182628265
:10B76000738230FE26C02091DD033091DE034091CC
:10B77000DF035091E003688179818A819B810F9476
:10B780009CBB688379838A839B832091E1033091FA
:10B79000E2034091E3035091E403F8016081718179
:10B7A000828193810F949CBBF801608371838283B3
:10B7B0009383DF91CF911F910F91FF90EF90DF90D6
:10B7C000CF90BF90AF909F908F907F906F905F9041
:10B7D0004F903F9008952F923F924F925F926F92B9
:10B7E0007F928F929F92AF92BF92CF92DF92EF9211
:10B7F000FF920F931F93CF93DF9300D000D01F923F
:10B800001F92CDB7DEB78C011B01FC0180819181B5
:10B81000A281B38189839A83AB83BC83FB0180813E
:10B820009181A281B3818D839E83AF83B887BE014E
:10B830006B5F7F4FCE0101960E94435BC980DA8027
:10B84000EB80FC8020E030E0A901C701B6010F9435
:10B8500091BC87FF35C019821A821B821C82FF248B
:10B86000F3948D809E80AF80B88420E030E040E883
:10B8700050ECC501B4010F9491BC87FF35C080E046
:10B8800090E0A0E8B0EC8D839E83AF83B887CD8035
:10B89000DE80EF80F88489809A80AB80BC807090D5
:10B8A000E50371104CC0F80180829182A282B382BC
:10B8B000F101C082D182E282F382FF24F39425C099
:10B8C00020E030E04FE753E4C701B6010F9425BEF6
:10B8D000F12C181634F680E090E0AFE7B3E48983EA
:10B8E0009A83AB83BC83BBCF20E030E844E553E4CC
:10B8F000C501B4010F9425BE18162CF480E090E821
:10B90000A4E5B3E4C0CFF110C2CF8F2D28960FB6B7
:10B91000F894DEBF0FBECDBFDF91CF911F910F9185
:10B92000FF90EF90DF90CF90BF90AF909F908F905F
:10B930007F906F905F904F903F902F90089570FE92
:10B940001CC02091DD033091DE034091DF03509154
:10B95000E003C501B4010F949BBB4B015C01209136
:10B96000E1033091E2034091E3035091E403C70106
:10B97000B6010F949BBB6B017C0171FE9ECF2091A1
:10B98000CD033091CE034091CF035091D003C50138
:10B99000B4010F9441B52B013C012091D1033091AA
:10B9A000D2034091D3035091D403C701B6010F9441
:10B9B00041B59B01AC01C301B2010F949CBBF801DE
:10B9C00060837183828393832091D5033091D60362
:10B9D0004091D7035091D803C501B4010F9441B5EC
:10B9E0004B015C012091D9033091DA034091DB03D4
:10B9F0005091DC03C701B6010F9441B59B01AC0126
:10BA0000C501B4010F949CBBF101608371838283F3
:10BA1000938353CFCF93DF930E94BC56CCEED6E0F6
:10BA200080E090E0A0EAB0E488879987AA87BB8786
:10BA300065E575E585E591E40E940F4D8DEC9CEC84
:10BA4000ACE4BEE388839983AA83BB8383E393E357
:10BA5000A3E7B0EC8C839D83AE83BF8360EF76E079
:10BA6000CE010E94EB5B60E070E086E193E40E940F
:10BA70000F4D8AE999E9A9E1BEE388879987AA87EA
:10BA8000BB8765E575E585E591E4DF91CF910C9481
:10BA90000F4DCF92DF92EF92FF92CF93DF93EC01A5
:10BAA000BC016C5F7F4F0E94EB5BC0902902D0907D
:10BAB0002A02E0902B02F0902C02A70196016885E3
:10BAC00079858A859B850F9491BC87FF04C0C886C1
:10BAD000D986EA86FB86C0901D02D0901E02E090B7
:10BAE0001F02F0902002A7019601688579858A855A
:10BAF0009B850F9425BE181624F4C886D986EA863D
:10BB0000FB86DF91CF91FF90EF90DF90CF9008956B
:10BB10002F923F924F925F926F927F928F929F925D
:10BB2000AF92BF92CF92DF92EF92FF920F931F934B
:10BB3000CF93DF93CDB7DEB7A2970FB6F894DEBFF1
:10BB40000FBECDBF1C018CEC96E00E94495D8BE8D6
:10BB500093E00F9464224090EC065090ED066090C4
:10BB6000EE067090EF06C090CC06D090CD06E09027
:10BB7000CE06F090CF06A7019601C301B2010F9443
:10BB800091BC81113FC02091D0063091D1064091E7
:10BB9000D2065091D3066091F0067091F106809123
:10BBA000F2069091F3060F9491BC81112BC020E016
:10BBB00030E040E752E46091B9027091BA0280919E
:10BBC000BB029091BC020F949BBC0F9436650E94FF
:10BBD000483FA2960FB6F894DEBF0FBECDBFDF91EF
:10BBE000CF911F910F91FF90EF90DF90CF90BF907A
:10BBF000AF909F908F907F906F905F904F903F900D
:10BC00002F9008956091390270913A02072E000C2E
:10BC1000880B990B0F9402B52091B9023091BA02AA
:10BC20004091BB025091BC020F9441B52EE333EC1E
:10BC30004EE259E30F9441B56F83788789879A87DD
:10BC400080911D14882309F40FC1A3019201C7013B
:10BC5000B6010F949BBB2B013C012091F006309163
:10BC6000F1064091F2065091F3066091D006709172
:10BC7000D1068091D2069091D3060F949BBB6B871F
:10BC80007C878D879E87C301B2019F772B853C857A
:10BC90004D855E855F770F949CBB6B017C0120E036
:10BCA00030E0A9010F9425BE18160CF0DDC020E08D
:10BCB00030E040EF51E4C701B6010F949BBC0F94F4
:10BCC0007ABC0F9414BD7E836D836230710508F4D5
:10BCD000CBC02114310409F4C7C02091F40630917F
:10BCE000F5064091F6065091F7066091D4067091E2
:10BCF000D5068091D6069091D7060F949BBB6F878F
:10BD0000788B898B9A8B2091F8063091F9064091B7
:10BD1000FA065091FB066091D8067091D906809181
:10BD2000DA069091DB060F949BBB6B8B7C8B8D8B23
:10BD30009E8BAD81BE81CD01B0E0A0E08F8F98A336
:10BD4000A9A3BAA32D813E812216330608F08CC028
:10BD5000B10190E080E00F9400B56B017C016F8D24
:10BD600078A189A19AA10F9400B59B01AC01C701EC
:10BD7000B6010F949BBC6B017C01AC019B016B89EC
:10BD80007C898D899E890F9441B59B01AC0160919E
:10BD9000F8067091F9068091FA069091FB060F94CF
:10BDA0009CBB69837A838B839C83A70196016F85F3
:10BDB000788989899A890F9441B52091F406309148
:10BDC000F5064091F6065091F7060F949CBB6F8BD9
:10BDD000788F898F9A8FA70196016B857C858D85D9
:10BDE0009E850F9441B52091F0063091F106409167
:10BDF000F2065091F3060F949CBB6B8F7C8F8D8F56
:10BE00009E8FA7019601C301B2010F9441B5209105
:10BE1000EC063091ED064091EE065091EF060F943E
:10BE20009CBB3F922F92ACEEB6E0BF93AF938F8056
:10BE30009884A984BA84DE0111966D01EF88F88C8C
:10BE4000098D1A8D2B8D3C8D4D8D5E8D0F94FA5280
:10BE50000F900F900F900F908091060E8111B7CE2A
:10BE6000BFEF2B1A3B0A6ECFE090D406F090D506B8
:10BE70000091D6061091D7062091D0063091D106B8
:10BE80004091D2065091D3066091CC067091CD06B8
:10BE90008091CE069091CF061F921F92ECEEF6E0B5
:10BEA000FF93EF938F809884A984BA84E8EDCE2E17
:10BEB000E6E0DE2E0F94FA520F900F900F900F9045
:10BEC00086CECF92DF92EF92FF92CF939B01AC018F
:10BED000C090F406D090F506E090F606F090F706D4
:10BEE000C701B6010F949CBB6093F4067093F506EE
:10BEF0008093F6069093F70683B19091EB0691112B
:10BF000002C084FF26C08CEE96E00E94495DE0915D
:10BF10006F02F091700260857185828593850F9420
:10BF200069650F948851A70196016091F40670919C
:10BF3000F5068091F6069091F7060F949BBB6B0176
:10BF40007C01C701B601CF91FF90EF90DF90CF90B9
:10BF5000089515980F94885181E00F94D13AC82F15
:10BF600084E00F94251E65E575E585E591E40F9461
:10BF700069650F94885182E00F941D30A7019601E6
:10BF80000F949BBB6B017C010F94DF3A882391F0E7
:10BF900080911D0290911E02A0911F02B09120027B
:10BFA0008093F4069093F506A093F606B093F706F7
:10BFB0000F940F610F94F61D8C2F0F94D13AC1CFBF
:10BFC0008F929F92AF92BF92CF92DF92EF92FF92A9
:10BFD0004B015C01C090F406D090F506E090F606A7
:10BFE000F090F706AC019B01C701B6010F9425BE86
:10BFF00087FF11C0A5019401C701B6010F949BBB37
:10C000009F77FF90EF90DF90CF90BF90AF909F9081
:10C010008F900C94615FFF90EF90DF90CF90BF9076
:10C02000AF909F908F900895E3E6F3E09FE78081C3
:10C030008F3721F087FF08C08F778083319683E0A8
:10C04000EB36F807A1F708959083F8CF9091B702E7
:10C05000981710F48093B7028091B802882339F0C2
:10C06000E0917904F0917A04309709F019940895D9
:10C07000CF93DF93CDB7DEB7AE014A5F5F4FFA01D2
:10C0800061917191AF0187E694E00F94BBB9DF91A4
:10C09000CF91089567E674E00D940CB967E674E0FB
:10C0A000082E000C990B0D94DCB8CF93C82FC1500B
:10C0B00020F080E20E944E60FACFCF9108950F9356
:10C0C0001F93CF93DF93EB01142F052F0E944E6037
:10C0D000CE010E944A608AE30E944E60CE010F9416
:10C0E00032B89EE0981B892F0E9455600F931F93D2
:10C0F0008DE499E29F938F930E9438600F900F9088
:10C100000F900F90DF91CF911F910F910895CF93D2
:10C11000C82F862F643008F083E0809362030E946A
:10C12000523F8C0F8093610344E650E060E08068EA
:10C13000CF910C94FF487F928F929F92AF92BF92C3
:10C14000CF92DF92EF92FF920F931F93CF93DF93E3
:10C15000E091740550917305E51373C0FB014830FD
:10C1600009F06CC0C081D0E04901742E6B015C0104
:10C170008091B702882359F06091710580E00E9498
:10C1800087600E94E652AE01B5010E945F60809117
:10C190007205882309F455C0909174052091E60634
:10C1A0003091E7069217130609F04BC080915604B0
:10C1B0008730D8F4282F30E0F901EE0FFF1FE20F8F
:10C1C000F31FE656FC4F20917704309178043183B9
:10C1D00020838F5F80935604928320E040E070E0DC
:10C1E00060E083E19AE60E943753B0920504A09282
:10C1F0000404D0920804C092070470920604D093FD
:10C200000A04C093090490920C0480920B041093CA
:10C210000E0400930D04F0921004E0920F04DF91DD
:10C22000CF911F910F91FF90EF90DF90CF90BF9033
:10C23000AF909F908F907F900C94F352C081D181EA
:10C2400093CF809174058F5F80937405DF91CF91B8
:10C250001F910F91FF90EF90DF90CF90BF90AF9024
:10C260009F908F907F900895CF93DF93EA010E9473
:10C27000876067E674E0CE01DF91CF910D940CB931
:10C28000CF93C42F0E94876067E674E08C2FCC0F99
:10C29000990BCF910D94DCB841E08091EB138111A3
:10C2A00001C040E0405D62E083E00E94406141E007
:10C2B00080911218811101C040E0405D62E088E089
:10C2C0000E94406162E08AE00E9487600F949A19A0
:10C2D00062E080E10E94876020E030E040E05FE3C0
:10C2E00060910A0E70910B0E80910C0E90910D0EC4
:10C2F0000F949CBB0F940DBD7F936F9389E799E2D8
:10C300009F938F930E9438600F900F900F900F9023
:10C31000089560E080E00E948760109261030895B4
:10C3200040E456E060E081E00E94FF481092620322
:10C330001092610348E050E06FE770E083E693E01D
:10C340000D94A6C02F923F924F925F926F927F9270
:10C350008F929F92AF92BF92CF92DF92EF92FF9215
:10C360000F931F93CF93DF93CDB7DEB7C650D14065
:10C370000FB6F894DEBF0FBECDBF8091FC1F909129
:10C38000FD1FA091FE1FB091FF1F8A3A9545AA4A52
:10C39000B54521F48091FB1F87FDC2C1A895D090BF
:10C3A00098058091C00087FF04C0A8958091C600C1
:10C3B000F8CF109298050091000510910105109397
:10C3C000FF040093FE045FECE52E5AE2F52E65EDC6
:10C3D000A62E6AE2B62EF70184910E946A3EFFEF14
:10C3E000EF1AFF0AAE14BF04B1F7A8958FE090E0F2
:10C3F0002EEC3AE240E854E86EE170E0E091FE0491
:10C40000F091FF04E017F10719F5A8954150510983
:10C410006109710999F7D092980580E0CA5FDE4FF3
:10C420000FB6F894DEBF0FBECDBFDF91CF911F9145
:10C430000F91FF90EF90DF90CF90BF90AF909F90C3
:10C440008F907F906F905F904F903F902F900895C6
:10C45000F801E258FB4F40810F5F1F4F0F77112704
:10C46000F901E81BF90BE4914E13D5CFA89501977C
:10C4700009F0C0CF8091C1008F778093C10001EB9C
:10C480001AE2F80184910E946A3E0F5F1F4FFAE2A0
:10C490000E3B1F07B1F70E94634C0E940AEA0FB6D9
:10C4A000F894A89580916000886180936000109254
:10C4B00060000FBE0E9490614BE85AE261E080E0AC
:10C4C0000E9434611092FC1F1092FD1F1092FE1FFB
:10C4D0001092FF1FCB5FDE4F1882C550D14010E095
:10C4E00000E0F12CAE014F5F5F4F3A010E94713EB8
:10C4F0008134A9F40E94713EE82E0E94515752E8FF
:10C5000082E0E51621F081E8E81207C086E00E948B
:10C510006A3E80E10E946A3EE9CF83E0F8CF823430
:10C5200021F484E10E945D57F4CF853411F485E055
:10C53000F9CF8535C9F40E94713E082F0E94713EE3
:10C54000082B10E00E94713E182B0E94713E182BA0
:10C5500017FF07C06894F0F8000F111F0E94515791
:10C56000D8CFE894F0F8F8CF8635A1F40E94713E58
:10C570008D3471F40E94713E0E94713E9F2D917026
:10C58000F92E880FF82A81E00E945D5780E0BFCF26
:10C5900083E0FACF843609F077C00E94713EB82E4E
:10C5A0000E94713EC82E0E94713EE82E0E94713E8C
:10C5B000D12CDC2CCC24DB288E29C82A0E94713E89
:10C5C000582EFE0131965F0146018E0E9F1EEE2E03
:10C5D000CA5FDE4FB882C650D1400E94713EF5015D
:10C5E00081935F018E169F06C1F70E945157F5E4B3
:10C5F0005F1201C0FFCF1801512C4F2C01151105FE
:10C6000061F54201AA24BB24CB5FDE4F2881C550CF
:10C61000D140822F90E0082C02C0959587950A940E
:10C62000E2F780FD1AC00E9497E80E9433E9B20148
:10C63000A80188ED0E94B5E881E090E001C0880F74
:10C640008A94EAF7CB5FDE4F4881C550D140482B32
:10C65000CB5FDE4F4883C550D1400E9497E80E94CF
:10C6600033E996014E2DCA5FDE4F5881C650D14046
:10C67000C201B1010E94BAE80E9497E8459884E09F
:10C680000E9491E8459A45CF843781F5B12CAF2CB3
:10C690000E94713ED82E0E94713EC82E0E94713EAB
:10C6A000E82E0E94713E2C2D30E0322F2227F90116
:10C6B000FD296F018E29C82A0E94713E0E945157A0
:10C6C0000E9497E89601A301C501B8010E94DAE82B
:10C6D0005301C501861997098C159D0508F019CFDE
:10C6E000F50181915F010E946A3EF3CF853751F4D5
:10C6F0000E9451578EE10E946A3E88E90E946A3E7C
:10C7000081E005CF813509F029CFF8E128E00FB6A7
:10C71000F894A895F09360000FBE209360001ECFA0
:10C7200081E07CCE4F925F926F927F928F929F9228
:10C73000AF92BF92EF92FF920F931F93CF93DF932D
:10C740000E9490614BEA5CE461E080E00E94346109
:10C75000D091B60281E08093B602E6EDFCE1C4918F
:10C7600084E00F94251E8CEEE82E86E0F82EF7016B
:10C7700010861186128613860F940F610E9434581A
:10C78000E0EDFCE185909590A590B4900CEC16E05E
:10C790008C2F992781950CF49095BC01072E000CE5
:10C7A000880B990B0F9402B52B013C012DEC3CEC4E
:10C7B0004CE85FE3C501B4010F9441B59B01AC01A6
:10C7C000C301B2010F9441B5F8012085318542853E
:10C7D00053850F949CBBF80160877187828793878C
:10C7E00080E090E0A8E4B4E48093B9029093BA02A8
:10C7F000A093BB02B093BC0265E575E585E591E4C5
:10C800000F9436650F9488510F94F61D1092B6025E
:10C81000F70110861186128613860F940F610E940D
:10C820003458F6EFCF02B0011124072E000C880B0C
:10C83000990B0F9402B59B01AC01F80160857185DD
:10C84000828593850F949CBBF801608771878287EE
:10C85000938780E090E0A8ECB3E48093B9029093D2
:10C86000BA02A093BB02B093BC0265E575E585ED05
:10C8700090E40F9436650F948851D093B60280E00F
:10C8800090E0A4E5B3E4F70180879187A287B3879E
:10C890000F940F6181E0DF91CF911F910F91FF9075
:10C8A000EF90BF90AF909F908F907F906F905F9030
:10C8B0004F9008959091B802981709F18093B802AB
:10C8C0008823E9F01092E7061092E60610923706E8
:10C8D0008AE394E00F9464220F94D31F615071098E
:10C8E000810991096093360470933704809338046A
:10C8F000909339040E94906182E00C942660089520
:10C9000081E00C945A64CF93C82F10926203109266
:10C91000610348E050E06FE770E083E693E00F9436
:10C92000A6C044E951E162E080E30E94FF4846E985
:10C9300050E062E080E30E94FF4846E950E062E098
:10C9400080E30E94FF4846E950E062E080E20E94F6
:10C95000FF488091750444E650E060E080620E94E8
:10C96000FF4884E08093600344E650E060E08CE0A0
:10C970000E94FF48C1110E94906144E650E060E0CF
:10C9800086E0CF910C94FF4881E00C948364CF92B1
:10C99000DF92FF920F931F93CF93DF9300D000D0CD
:10C9A0001F921F92CDB7DEB78A30D9F4809162030F
:10C9B000843018F08FEF80936203609162036F5FA1
:10C9C00080E00E94876028960FB6F894DEBF0FBE05
:10C9D000CDBFDF91CF911F910F91FF90DF90CF904E
:10C9E000089590E8980F44E650E061E09A3408F525
:10C9F000482F4058550B9A0196E0929FA001939FB3
:10CA0000500D1124FA01EF5AF54EF490E3E6F3E0ED
:10CA100030E020E09FEF6191782F76277F7789F4CF
:10CA2000F901ED59FC4F8083F22E44E650E061E0BD
:10CA30008F2D0E94FF48809161038F5F8093610377
:10CA4000C2CF6F3709F03CC0F901ED59FC4F80832C
:10CA5000922FF92EFA01E45BF54E8E010F5F1F4F06
:10CA6000D801959188E0182E10FE05900294802D33
:10CA70009795881F8D931A94B9F7BF2DE8E0BE02F1
:10CA8000C001112444E650E060E080640E94FF4849
:10CA90006E01F9E0CF0ED11C44E650E061E0D80110
:10CAA0008D918D010E94FF48C016D106A9F7809193
:10CAB000610344E650E060E080680E94FF48B5CF23
:10CAC00067FF922F2F5F3F4F2830310509F0A3CF2A
:10CAD0009F3F09F0BECFA9CFCF9324E1AC01249FA3
:10CAE000C001259F900D11246091B0037091B10396
:10CAF0000F943DBBC62F653108F0C4E18091AF03B0
:10CB00008C1748F48FEF0E94C7648091AF038F5F4A
:10CB10008093AF03F3CFCF91089581E090E090939D
:10CB2000B1038093B0030E946C656CE271E080E019
:10CB300090E00D94A01F8F929F92AF92BF92EF92C0
:10CB4000FF920F931F93CF93DF93CDB7DEB7A097DC
:10CB50000FB6F894DEBF0FBECDBF6115710581051C
:10CB6000910599F480E3A0960FB6F894DEBF0FBE4E
:10CB7000CDBFDF91CF911F910F91FF90EF90BF90AC
:10CB8000AF909F908F900C94C76400E0842E912CFE
:10CB9000B12CA12C9E012F5F3F4F7901A50194017B
:10CBA0000F94E7BAF701E00FF11D6083B901CA01E4
:10CBB0000F5F611571058105910581F70E0D1F2D20
:10CBC000111DE016F10659F0F80182918F018A30AB
:10CBD00020F4805D0E94C764F4CF895CFBCFA096EF
:10CBE0000FB6F894DEBF0FBECDBFDF91CF911F917E
:10CBF0000F91FF90EF90BF90AF909F908F9008950E
:10CC0000CF92DF92EF92FF926B017C01F7FE0BC097
:10CC10008DE20E94C764F094E094D094C094C11C4B
:10CC2000D11CE11CF11C4AE0C701B601FF90EF9056
:10CC3000DF90CF900C949B650F931F93CF938C0143
:10CC4000C62F80E00E945A640E949061A80161E0B2
:10CC500080E00E94346180E20E94C7646C2F70E023
:10CC60006F5F7F4F072E000C880B990BCF911F91A0
:10CC70000F910C9400660F94CF7A8F3FF9F080E00B
:10CC80000E945A640E94906145E154E661E080E0B0
:10CC90000E94346180E20E94C7640F94CF7A682FAB
:10CCA00070E06F5F7F4F072E000C880B990B0E947E
:10CCB00000660F940BB481E00C945A6408950F93AE
:10CCC0001F93CF938C01C62FCC2359F0F8012491E8
:10CCD000222339F00F5F1F4F84910E94C764C15017
:10CCE000F3CF8C2F0E9455608C2FCF911F910F9105
:10CCF00008950F931F93CF93DF938C01EB010E9454
:10CD000090611092AF031093B1030093B00361E000
:10CD100080E00E94876064E1CE010E945F6662E06D
:10CD200080E0DF91CF911F910F910C948760EF927B
:10CD3000FF920F931F93CF93DF93709174053091FF
:10CD4000730573133FC0122FEA01062F7C018091F7
:10CD5000B7028823D1F00E94E652482F60917105F6
:10CD600080E00E94406161E1C7010E945F66402F40
:10CD70006091710593E1981B892F0E94406140E208
:10CD80006091710583E10E94406180917205882362
:10CD9000C9F0209174058091E6069091E706281766
:10CDA000190681F41092B802812FFE01199581E0D5
:10CDB0008093B802DF91CF911F910F91FF90EF9078
:10CDC0000C94F352809174058F5F80937405DF910A
:10CDD000CF911F910F91FF90EF9008950F931F93A4
:10CDE000CF93C82F8B010E94E652482F60917105A6
:10CDF00080E00E94406162E1C8010E945F668C2F62
:10CE0000CF911F910F910C944E60CF93DF9330918F
:10CE1000740520917305321321C0EB01BC01809190
:10CE2000B702882319F080E20E94EE6680917205B5
:10CE30008823A1F0209174058091E6069091E70681
:10CE40002817190659F41092B802FE01199581E0CD
:10CE50008093B802DF91CF910C94F35280917405C6
:10CE60008F5F80937405DF91CF91089530917405A1
:10CE700020917305321319C0BC018091B702882339
:10CE800019F083E80E94EE6680917205882369F0AC
:10CE9000209174058091E6069091E70628171906FF
:10CEA00021F40E949B530C94F352809174058F5F80
:10CEB000809374050895CF93DF933091740520918A
:10CEC000730532131EC0EB01BC018091B7028823A9
:10CED00019F08EE70E94EE6680917205882389F032
:10CEE000209174058091E6069091E70628171906AF
:10CEF00041F460E0CE010E945D53DF91CF910C942C
:10CF0000F352809174058F5F80937405DF91CF9108
:10CF100008950F931F93CF938C01C62FCC2349F014
:10CF2000F80181918F01882321F00E94C764C150CC
:10CF3000F5CF8C2F0E9455608C2FCF911F910F91B0
:10CF400008950F931F93CF93DF93CDB7DEB7639709
:10CF50000FB6F894DEBF0FBECDBF3091740520919F
:10CF60007305321338C08B012091B7022223A9F038
:10CF7000BE016F5F7F4F0E94C0520E94E652482F51
:10CF80006091710580E00E94406162E1CE010196EE
:10CF90000E9489678EE70E944E6080917205882307
:10CFA000D1F0209174058091E6069091E70628174C
:10CFB000190689F460E0C8010E945D530E94F35293
:10CFC00063960FB6F894DEBF0FBECDBFDF91CF9151
:10CFD0001F910F910895809174058F5F8093740560
:10CFE000EFCFCF93DF93EC018991882319F00E9452
:10CFF000C764FACFDF91CF9108958F929F92AF923D
:10D00000BF92CF92DF92EF92FF920F931F93CF9335
:10D01000DF93E091740530917305E31376C0C22F5E
:10D020007A016B015C018091B7028823B9F10E94FB
:10D03000E65201E08E3309F000E00C2B802F827065
:10D04000882EE60190E2992EC114D10421F48EE7D6
:10D05000982EC6E9DDE3882009F441C0CE010F9483
:10D0600032B814E0180F4EE300FF40E26091710502
:10D0700080E00E94406164E1611BC5010E945F661F
:10D080008BE50E944E60CE01882089F10E944A60A3
:10D090008DE50E944E60892D0E944E608091720540
:10D0A000882399F1209174058091E6069091E70616
:10D0B0002817190651F5CD28E9F460E0C7010E9450
:10D0C0005D53DF91CF911F910F91FF90EF90DF9013
:10D0D000CF90BF90AF909F908F900C94F352FE0131
:10D0E00001900020E9F7EC1B13E01E0FBCCF0E945B
:10D0F000F167CECF1092B802E114F10411F0F701FC
:10D10000199581E08093B802DCCF809174058F5F20
:10D1100080937405DF91CF911F910F91FF90EF9055
:10D12000DF90CF90BF90AF909F908F900895CF9356
:10D13000DF93EC0120E030E04CE852E46091F80627
:10D140007091F9068091FA069091FB060F949CBBB2
:10D150006093F8067093F9068093FA069093FB06A5
:10D1600060E070E080EA91E40F9469650E948C545D
:10D170000E94906147E25CE660E080E00E943461DA
:10D180008881882339F061E080E00E948760CE01C9
:10D190000E94F1674BED51E162E080E00E94346152
:10D1A00083E49BE20F94F70BDF91CF910D948851AC
:10D1B0000E94C76490E080E00895109203041092EA
:10D1C0003A060895CF9380910304C1E0811104C011
:10D1D000C0E08C2FCF9108950E94DD68FACFFF92B6
:10D1E0000F931F93CF93DF932091E6133091E713B2
:10D1F0002130310539F420910F14213019F422E047
:10D200002093CC030E941A4DD82F8091CC038130FB
:10D2100009F457C048F0823009F4E5C0DF91CF919E
:10D220001F910F91FF90089584E08093BF020D2F0E
:10D2300010E0F801E352F64DC491FC2EF2944FE059
:10D24000F422CF7080E00E945A640E949061000F27
:10D25000111FF801E65FF54D259134910B541D48DF
:10D26000F801859194913F932F939F938F9386E735
:10D270009AE29F938F930E9438604DE253E762E0F9
:10D2800080E00E9434610F900F900F900F900F90EC
:10D290000F90F110BCC010E000E022E14CEE57E12D
:10D2A000EC2FF0E0EE0FFF1FEE59F54D65917491F4
:10D2B00081E0F11001C080E00E940DEF81E08093D9
:10D2C000CC0381E080931D070E944C610F94763D52
:10D2D0000D2F10E0F801E352F64DC491DC2FD295EA
:10D2E000DF708091C403811109C081E0D11101C0B8
:10D2F00080E08093C30381E08093C4038091C203E4
:10D30000882341F081E0D11101C080E08093C30304
:10D310001092C2032091E6063091E70621153105EF
:10D32000B9F18091C303DD2361F037FF06C0882384
:10D3300069F081508093C30309C0823039F08F5F58
:10D34000F9CF37FF3FC081111092C3038091C3030F
:10D350004EE3811140E263E080E00E9440618091F1
:10D36000C303DD23A1F14EE3813009F040E263E025
:10D3700089E00E9440618091C303823051F54EE301
:10D3800063E082E10E9440611092E7061092E60697
:10D390000E94E268882309F441CF8091C303D11130
:10D3A0001AC0813079F5F801EE0FFF1FED57F64DE9
:10D3B000859194910E9402F881E08093C2031092BB
:10D3C000CC032CCF813009F4C1CF81E0B3CF8130C1
:10D3D000B1F240E2D5CF823031F3813099F4D0936D
:10D3E000080E8093C20381E00E945A640F940618CD
:10D3F0001092D1051092D40510921D0782E08093FF
:10D40000BF02DDCFCF70C093080E81E0EACFEF2DD1
:10D41000F0E0EE0FFF1FEE59F54D459154910CEEE3
:10D4200017E129E03DCF8091B702882309F452C06B
:10D4300020910F043091100480910B0490910C0402
:10D4400021153105D9F04091E6065091E7064115C6
:10D450005105A1F07CF04091090450910A0448174D
:10D46000590741F430930A04209309041092E70607
:10D470001092E6061092100410920F0420910904F5
:10D4800030910A044091E6065091E706240F351FBB
:10D490001092E7061092E6062817390744F08091AB
:10D4A0000D0490910E04281739070CF4C9019093CC
:10D4B0000A048093090461E080E00E948760409143
:10D4C000090450910A04609104047091050480E2FB
:10D4D0000E945F600E94E268882341F1E0910704A6
:10D4E000F09108048091090490910A0420910604A7
:10D4F00080832830C9F4809156048823B9F0815084
:10D500008093560490E0FC01EE0FFF1FE80FF91F17
:10D51000E656FC4F6281062E000C770B20E040E0BF
:10D52000808191810C9437539183E5CF08950E94B7
:10D53000E26881110C949B5308958091E6069091C6
:10D54000E70697FF07C01092E7061092E60687E00D
:10D550000F94F63A8091E6069091E7062091000438
:10D560002817190619F014F0809300048091000424
:10D57000809373050E94E268809372050895EF928C
:10D58000FF920F931F9310923A048091110481111E
:10D5900023C081E08093110481E090E02091E613A4
:10D5A0003091E7132730314811F090E080E0BC0162
:10D5B000660F771F680F791F6358764D43E050E080
:10D5C00083E194E00F940EB8809113040F94570EEA
:10D5D00080911114809312040E949D6A109271052B
:10D5E000809171058430A8F5109274050E94A652AE
:10D5F000882379F06091120470E0809113040E94F6
:10D6000037E41092070E1F910F91FF90EF900D9449
:10D61000061887EC92E10E9436670091150410E02D
:10D620002091140430E0F12CE12C48E062E174E038
:10D630008BEB92E10E949B600E94035380917105E5
:10D640008F5F80937105809173058F5F8093730561
:10D65000C7CF1F910F91FF90EF9008951F920F92E7
:10D660000FB60F9211240BB60F922F938F939F93A7
:10D67000EF93FF93E0915B03E830E8F4F0E0882754
:10D68000EB5BF4498F4F0D9484BB4D6B676B726BF2
:10D69000806B966B9F6BC26BD46B8091E50681119A
:10D6A0000AC080918306880F80935A03882319F05B
:10D6B00081E080935B03FF91EF919F918F912F9178
:10D6C0000F900BBE0F900FBE0F901F90189580917A
:10D6D00059038F5F8093590390915A03981758F319
:10D6E00082E0E7CF83E080935B038FE08093580371
:10D6F0008FEF86BD81E085BD84B58F7E84BDDBCF95
:10D70000809158038295807F819588BD80915803D0
:10D71000882321F0815080935803CDCF84E08093FB
:10D720005B038FEF88BD8EEF86BDC5CF85E080930C
:10D730005B038FEF88BD86BD82E085BDBCCF2FEF38
:10D7400028BD8091E5068111B6CF809159038F5F86
:10D750008093590390915A03891708F4ACCF8091B4
:10D76000830690E08F3791050CF0A5CF86E080937B
:10D770005B038FE08093580326BD81E085BD84B5AF
:10D780008061BCCF809158038295807F819588BD50
:10D79000809158038111BECF87E080935B0380E8BE
:10D7A00086BD8FEF88BD87CF10925B0380E886BD72
:10D7B0008FEF88BDC1CFCF93C82F682F87E69FE03A
:10D7C0000F9498BACC2319F0CF910D94C98210927E
:10D7D000051810921118CF9108951092C9060F9450
:10D7E000D31F60931B1870931C1880931D1890937F
:10D7F0001E1808951F920F920FB60F9211242F93A7
:10D800004F935F936F937F938F939F93AF93BF9348
:10D810008091C9068823F1F080910B058B34D0F0FC
:10D8200080916A0086FF24C08091A1069091A20693
:10D83000A091A306B091A406809351039093520344
:10D84000A0935303B093540380916A0090E4892716
:10D8500080936A00BF91AF919F918F917F916F915B
:10D860005F914F912F910F900FBE0F901F901895C1
:10D870008091A1069091A206A091A306B091A40662
:10D88000409151035091520360915303709154039E
:10D89000841B950BA60BB70B2091450444E050E088
:10D8A00060E070E0253620F043E050E060E070E09A
:10D8B00084179507A607B70738F280914A0690911A
:10D8C0004B06029690934B0680934A06BDCF8093F9
:10D8D000550380FD1CC010927003209170038FEFE0
:10D8E000820F8E3FE8F08091A000877F8093A00098
:10D8F0001092AD001092AC009FB7222361F0F89413
:10D90000809102018062809302019FBF08958FEF92
:10D9100080937003E2CFF894809102018F7DF3CF62
:10D92000EFB7F8948091A00088608093A00030E069
:10D93000809172004FEF50E081FF04C04091A80039
:10D940005091A900249FC001259F900D349F900DF8
:10D9500011246FEF70E00F943DBB7093AD006093A6
:10D96000AC00EFBF08951F93CF93DF93D091550381
:10D97000D1FD1DC010917A05C1E020E030E048E4FF
:10D9800052E460910A0E70910B0E80910C0E9091F2
:10D990000D0E0F9425BE18160CF0C0E0DE7FCD2BC7
:10D9A00081E0111101C080E0C82BC0935503809124
:10D9B0005503DF91CF911F910C94676CEF92FF920A
:10D9C0000F931F93CF93DF93EC018B017A010E9499
:10D9D000D63F81110BC0A801BE01C701DF91CF91D5
:10D9E0001F910F91FF90EF900D9488BADF91CF9126
:10D9F0001F910F91FF90EF9008950F931F93CF9376
:10DA0000DF938C01D62FC72F0F9482BA8F3F9807D0
:10DA100039F46D2F7C2FC8010F94D2BA8D2F9C2F13
:10DA2000DF91CF911F910F9108950F931F93CF9383
:10DA30008C01C62F0F9474BA8F3F29F46C2FC80144
:10DA40000F94BCBA8C2FCF911F910F910895CF9353
:10DA5000DF93EC010F9482BABC016F5F7F4FCE0160
:10DA6000DF91CF910D94D2BACF93DF93EC010F9455
:10DA700074BA61E0680FCE01DF91CF910D94BCBA0A
:10DA800082ED9EE00E94346D83ED9EE00C94276D44
:10DA9000CF93DF93EC010F9474BA61E0811160E0E1
:10DAA000CE01DF91CF910D94BCBA2BE0829FC001D3
:10DAB0001124805B924F0F9482BA21E0019609F401
:10DAC00020E0822F0895CF93DF93C82FD8E0CF5F57
:10DAD000C8300CF0C0E08C2F0E94556D811103C03E
:10DAE000D150A9F7CFEF8C2FDF91CF91089581EA24
:10DAF0009DE00F9474BA0E94636D87FD05C0682F86
:10DB000081EA9DE00D9498BA08950F931F93CF93E7
:10DB1000C82F8B0160EB79E1823070F069EA79E11E
:10DB2000843050F061EA79E1843031F069E979E1DB
:10DB3000853011F062E979E1C8010F942BB88CEFC0
:10DB40008C0F823028F0C170CF5CF801C683178239
:10DB5000CF911F910F91089561E080EC9FE00F94A9
:10DB600098BA60E08FEB9FE00F9498BA60E08EEB7C
:10DB70009FE00F9498BA60E08DEB9FE00F9498BA05
:10DB800060E08CEB9FE00D9498BACF93C82F8295FC
:10DB90008F700E94F2488C2F8F70CF910C94F248B6
:10DBA0008091FE109091FF10181619060CF043C0DA
:10DBB00001979093FF108093FE10892BA1F4809120
:10DBC000F9109091FA10892B21F41092FC10109208
:10DBD000FB108091FB109091FC109093EE128093BB
:10DBE000ED1281E008958091ED129091EE1203966E
:10DBF000FC01E050FF4E208101962111F9CFFC017C
:10DC0000E050FF4E8D3E21E0920740F441919C018F
:10DC10002F5F3F4F4111E1CFC901F4CFE0E0F1E1C7
:10DC20008D3E21E09207C9F6CF01805091412191AC
:10DC30002223D1F3D2CF80E008958091FE04909109
:10DC4000FF042091000530910105821B930B8F7713
:10DC500099270895FC0120E03EE2DB014D91BD01D2
:10DC6000403249F0283011F430833196DB011197AE
:10DC70004C91408331962F5F2B3079F710820895B5
:10DC800040E050E0BA010D941E42FC0123812111B5
:10DC90000D94FC43089590919805911107C09091BF
:10DCA000C00095FFFCCF8093C6000895913031F4F9
:10DCB0009091C80095FFFCCF8093CE0008958F927D
:10DCC0009F92AF92BF92EF92FF920F931F93CF93C9
:10DCD000DF93CDB7DEB7A0970FB6F894DEBF0FBEC7
:10DCE000CDBF611571058105910599F480E3A0967A
:10DCF0000FB6F894DEBF0FBECDBFDF91CF911F915D
:10DD00000F91FF90EF90BF90AF909F908F900C94E9
:10DD10004B6E00E0842E912CB12CA12C9E012F5F24
:10DD20003F4F7901A50194010F94E7BAF701E00F85
:10DD3000F11D6083B901CA010F5F6115710581058D
:10DD4000910581F70E0D1F2D111DE016F10659F0FA
:10DD5000F80182918F018A3020F4805D0E944B6E21
:10DD6000F4CF895CFBCFA0960FB6F894DEBF0FBE50
:10DD7000CDBFDF91CF911F910F91FF90EF90BF909A
:10DD8000AF909F908F900895CF92DF92EF92FF9285
:10DD90006B017C01F7FE0BC08DE20E944B6EF0948C
:10DDA000E094D094C094C11CD11CE11CF11C4AE049
:10DDB000C701B601FF90EF90DF90CF900C945F6E9B
:10DDC0008F929F92AF92BF92CF92DF92EF92FF928B
:10DDD000CF936B017C01B42E20E030E0A9010F94B9
:10DDE00091BC87FF07C08DE20E944B6EF7FAF0945A
:10DDF000F7F8F094C0E060E070E080E09FE3CB15BE
:10DE000041F020E030E040E251E40F949BBCCF5F52
:10DE1000F6CF9B01AC01C701B6010F949CBB6B010F
:10DE20007C010F9414BD4B015C014AE00E945F6EBF
:10DE3000CC2391F1C501B4010F9400B59B01AC0155
:10DE4000C701B6010F949BBB6B017C018EE20E945F
:10DE50004B6EC15008F120E030E040E251E4C701D0
:10DE6000B6010F9441B54B015C010F940DBD6B01E0
:10DE7000770FEE08FF08C701B6010E94C46EC70104
:10DE8000B6010F9402B59B01AC01C501B4010F941A
:10DE90009BBB6B017C01DDCFCF91FF90EF90DF90BA
:10DEA000CF90BF90AF909F908F9008958AE00C9490
:10DEB0004B6E0E944B6E90E080E00895CF93DF930D
:10DEC000EC01FE018491882321F00E944B6E219683
:10DED000F8CFDF91CF910895CF92DF92EF92FF922A
:10DEE000C0900A0ED0900B0EE0900C0EF0900D0E2C
:10DEF00083EC9EE10E945E6F42E0C701B6010E9482
:10DF0000E06E8BEB9EE10E945E6F60914D0570911B
:10DF10004E0580914F059091500541E00E94E06EC2
:10DF2000FF90EF90DF90CF900C94566F4F925F92DE
:10DF30006F927F928F929F92AF92BF92CF92DF9219
:10DF4000EF92FF920F931F93CF93DF93CC24CA9449
:10DF5000DC2C76010EEA1FE093E2892E912CA12C95
:10DF6000B12C412C512C3201D0E0C0E08FEFC8160B
:10DF700009F45DC0C8010F9482BAEC01BC01990F8D
:10DF8000880B990B0F9402B52091250E3091260E27
:10DF90004091270E5091280E0F949BBC2B013C0101
:10DFA000C701B6010E94C46E87E19EE10E945E6FC8
:10DFB000C501B4010E94C46E87E19EE10E945E6FBC
:10DFC000BE010D2E000C880B990B0E94C46E87E1D8
:10DFD0009EE10E945E6F20E030E04AE754E4C30116
:10DFE000B2010F9441B50F94CA7A85E0880E911C56
:10DFF000A11CB11C0E5F1F4F8FEFC81AD80AE80A88
:10E00000F80A0A3B8FE0180709F0B0CFDF91CF91F3
:10E010001F910F91FF90EF90DF90CF90BF90AF9046
:10E020009F908F907F906F905F904F90089586E9BA
:10E030009DE30E945E6FB8CF882371F18BE09EE173
:10E040000E945E6F6091A41370E090E080E00E94F7
:10E05000C46E8091A4138430D8F01092A41386E08B
:10E060009EE10E945E6F8091A41390E00F945D7C0E
:10E070008091A41320911206309113063093110E53
:10E080002093100E0F94730D0E948C540D948851A0
:10E090008F5F8093A413E3CF90E080E00E9458E06C
:10E0A000E9CFCF93DF9383E09EE10E945E6FCCEED9
:10E0B000D6E0688179818A819B8142E00E94E06E8E
:10E0C0008FEF9DE10E945E6F6C817D818E819F81CB
:10E0D00042E00E94E06E8BEF9DE10E945E6F6885DA
:10E0E00079858A859B8542E00E94E06E87EF9DE1FD
:10E0F0000E945E6F6C857D858E859F8542E00E94C3
:10E10000E06E83ED93E10E945E6F80E00F940F302C
:10E110000F9402B5C9E1DEE02C813D814E815F8123
:10E120000F949BBC42E00E94E06E83EF9DE10E9451
:10E130005E6F81E00F940F300F9402B5288539850A
:10E140004A855B850F949BBC42E00E94E06E8FEE97
:10E150009DE10E945E6F82E00F940F300F9402B534
:10E160002C853D854E855F850F949BBC42E00E94C7
:10E17000E06E8BEE9DE10E945E6F83E00F940F30A6
:10E180000F9402B5288939894A895B890F949BBC11
:10E19000DF91CF910D94CA7A8AEF9CE10E945E6F65
:10E1A00060910A0E70910B0E80910C0E90910D0EE5
:10E1B00041E00E94E06E87EF9CE10E945E6F6091FB
:10E1C000100E7091110E072E000C880B990B0F94F6
:10E1D00002B541E00E94E06E83EF9CE10E945E6F19
:10E1E00060914D0570914E0580914F0590915005BD
:10E1F00041E00E94E06E80EF9CE10E945E6F6091C2
:10E20000CA067091CB06072E000C880B990B0F9451
:10E2100002B541E00E94E06E8BEE9CE10E945E6FD1
:10E2200060910A0E70910B0E80910C0E90910D0E64
:10E2300041E00E94E06E88EE9CE10E945E6F60917A
:10E24000100E7091110E072E000C880B990B0F9475
:10E2500002B541E00E94E06E84EE9CE10E945E6F98
:10E260006091750570E090E080E00E94C46E8FEDD3
:10E270009CE10E945E6F6091830670E090E080E018
:10E280000E94C46E8BED9CE10E945E6F6091F4036E
:10E290007091F5038091F6039091F70341E00E949D
:10E2A000E06E87ED9CE10E945E6F6091BC0670910C
:10E2B000BD068091BE069091BF0641E00E94E06ECF
:10E2C0000C94566F2091E31430E0A8EEB3E00F9465
:10E2D00014BBAB01BC0184EE94E10F94B7208823FA
:10E2E00099F08091E21480FD0E94CC708091E2143C
:10E2F00082FD0E9451708091E21481FD0E947D5642
:10E3000084EE94E10D94642208950E945E6F0C9453
:10E31000566FCF93DF93EC0180E495E70E945E6F28
:10E3200083E799E20E945E6FCE01DF91CF910C945A
:10E330008571CF9381EA9DE00F9474BACBE08C9FF6
:10E34000C0011124805B924F0F9482BA8156904F86
:10E35000803A9F40C8F082E99EE10E94857181EA7F
:10E360009DE00F9474BA8C9FC001112470E060E0AE
:10E37000805B924F0F94D2BA85E59EE10E9402F82D
:10E3800081E0CF910C945A64CF9108951092E306E6
:10E390001092E20680E10E9492EA882391F00E94A6
:10E3A000997181EA9DE00F9474BA2BE0829FC001BD
:10E3B0001124805B924F0F9482BA9093E30680936E
:10E3C000E2060895FF920F931F93CF93DF939091EE
:10E3D000700591114BC0C82F81E080937005CC234C
:10E3E00001F10E949E578823E1F00E94935781110A
:10E3F00020C063E08CEB9EE00E94CAEDF090140612
:10E400000091120610911306D09111060F94DF1F90
:10E41000F09214061093130600931206D09311067F
:10E4200008C061E080E00E943EEE88E195E7CC23E1
:10E4300011F080E495E70E945E6F8CE494E10E9405
:10E44000857183EB9EE00E940AEE9FB7F89480915D
:10E4500002018460809302019FBF0F940618C111CE
:10E4600005C080913104816080933104DF91CF91A8
:10E470001F910F91FF900895EC01F8940F948D2552
:10E48000179A1092E906169A1092EA06149A88E1F1
:10E4900095E70E945E6F86E39EE10E94857120975A
:10E4A00079F0CE010E948571BE0185E99CE00F9450
:10E4B000D2BA62E484E99CE00F94BCBA0E9445574A
:10E4C000CEE2DEE1F1CF8091060186FD33C080E02F
:10E4D0000E94A9561092F4061092F5061092F606C4
:10E4E0001092F7060F940F6120E030E040EA50E40C
:10E4F0006091F4067091F5068091F6069091F7060A
:10E500000F949CBB6093F4067093F5068093F60617
:10E510009093F706E0916F02F0917002608571852B
:10E52000828593850F9469650F9488518AE692E1FC
:10E530000E943C7208952F923F924F925F926F9289
:10E540007F928F929F92AF92BF92CF92DF92EF9283
:10E55000FF920F931F93CF93DF93CDB7DEB76097F2
:10E560000FB6F894DEBF0FBECDBF282E6E875A8738
:10E5700049872091B6022D87772473947092B60252
:10E5800042E0841709F4D4C1082F10E0F801EC52DE
:10E59000F34E3490832D032C000C990B9C878B87B2
:10E5A000D801AA0FBB1FAA0FBB1FBA83A983FD0105
:10E5B000E253FD4F80819181A281B3818B839C8343
:10E5C000AD83BE838093B9029093BA02A093BB023D
:10E5D000B093BC02BC01CD010E94C0566B017C010E
:10E5E00081E0022C01C0880F0A94EAF70F94251EDF
:10E5F000A981BA81A451B94FB887AF83FD011082B8
:10E600001182128213820F940F610E943458632D7D
:10E61000032C000C770B880B990B0F9402B54B0160
:10E620005C0149815A814453594F588B4F8720E0F0
:10E6300030E040E450EC0F9441B5AF85B8896D935C
:10E640007D938D939C931397C701B6010F94366504
:10E650000F9488510F94ED3A1092B602EF81F8852D
:10E6600010821182128213820F940F61AF85B889D4
:10E670008D929D92AD92BC921397C701B6010F94F3
:10E6800036650F9488517092B602E981FA81E85399
:10E69000F34E45905590659074902DEC3CEC4CE811
:10E6A0005FE3C501B4010F9441B5A30192010F943A
:10E6B00041B5EF85F8896083718382839383C701B5
:10E6C000B6010F9436650F948851712C612C4F80E0
:10E6D00058840F94ED3A1092B602D2011D921D9209
:10E6E0001D921C9213970F940F6120E030E040E2DE
:10E6F00051ECC501B4010F9441B5EF85F8896083F1
:10E70000718382839383C701B6010F9436650F949A
:10E7100088510F94ED3AF1E0F093B60220E030E03A
:10E7200040E351E4C501B4010F9441B5AF85B88908
:10E730006D937D938D939C9313978B819C81AD8179
:10E74000BE818093B9029093BA02A093BB02B093AA
:10E75000BC02C701B6010F9436650F948851822D13
:10E760000F94C21C9C0144E0369527954A95E1F729
:10E77000A985BA85109721F0FD01E60DF71D2083CC
:10E780009F938F933F932F937F926F92E0EBFCE1E7
:10E79000FF93EF930F9436B94FEF641A740A0FB6D4
:10E7A000F894DEBF0FBECDBF9E85691608F491CFE9
:10E7B0000F94ED3A1092B60280915105882309F426
:10E7C000B2C0F801EE5AFA4F6081603408F0ABC075
:10E7D000F801E65AFD4FA081AB83F801EC5AFA4FDD
:10E7E000808140E051E002C0569547958A95E2F756
:10E7F000822D0F943793BB81BB2339F0432D419574
:10E800006B2F70E0822D0F9408930F94F61D822DCC
:10E810000E94F33EF801E751F94F81E080836B8558
:10E820007C85719561957109072E000C880B990BF9
:10E830000F9402B52AE037ED43E25CE30F9441B553
:10E840004B015C01F801E85AFD4F608170E090E0F7
:10E8500080E00F9402B59B01AC01C501B4010F9497
:10E8600041B54B015C01E981FA81E451F94FFC8328
:10E87000EB83AC019B0160817181828193810F9454
:10E880009BBBAB81BC816D937D938D939C931397C0
:10E890000F940F61EB81FC81208131814281538192
:10E8A000C501B4010F949CBBAB81BC816D937D937A
:10E8B0008D939C931397E981FA81E453F94F608318
:10E8C00071838283938320E030E040E05FE3C701FF
:10E8D000B6010F9441B50F9436650F94885110928C
:10E8E000B9021092BA021092BB021092BC02FD85CE
:10E8F000F093B60260960FB6F894DEBF0FBECDBFA0
:10E90000DF91CF911F910F91FF90EF90DF90CF900B
:10E91000BF90AF909F908F907F906F905F904F903F
:10E920003F902F900895432D419568E070E06ACFA5
:10E9300081E00E94A956E6EDFCE1B491B983109202
:10E94000F4061092F5061092F6061092F7060F9450
:10E950000F61E0EDFCE185909590A590B490E98180
:10E960006E2FEE0F770B880B990B0F9402B56B018E
:10E970007C0120E030E040EC5FE3C501B4010F947E
:10E9800041B5A70196010F9441B56093D4067093E9
:10E99000D5068093D6069093D70680E090E0A8E451
:10E9A000B4E48093B9029093BA02A093BB02B093EF
:10E9B000BC02BC01CD010E94C0564B015C010F940A
:10E9C00036650F9488510E9463721092F40610927B
:10E9D000F5061092F6061092F7060F940F61ECEA16
:10E9E000FCE165917591859194919058A7019601EC
:10E9F0000F9441B56093D4067093D5068093D606E4
:10EA00009093D706C501B4010F9436650F948851D1
:10EA1000ECEAFCE165917591859194919B01AC01C3
:10EA20000F949CBBA70196010F9441B56093D40647
:10EA30007093D5068093D6069093D70680E090E039
:10EA4000A8ECB3E48093B9029093BA02A093BB02FE
:10EA5000B093BC02BC01CD010E94C0560F94366534
:10EA60000F9488510E94637282E00E94F33E80916D
:10EA7000F4069091F506A091F606B091F706809302
:10EA8000D4069093D506A093D606B093D7061092DD
:10EA9000B9021092BA021092BB021092BC020F94FB
:10EAA000ED3A7092EB0680E00E94A95620CF2F929B
:10EAB0003F924F925F926F927F928F929F92AF920E
:10EAC000BF92CF92DF92EF92FF920F931F93CF935B
:10EAD000DF9300D000D0CDB7DEB784E00F94251EC1
:10EAE0008091B6028C831092B60280E00F94D13AE6
:10EAF0008B830E94BC5680E99BE60E94E0F348EEBF
:10EB000057E163E080E00E94346181E08093B602C7
:10EB100080E090E0A0EAB0E48093F4069093F506DC
:10EB2000A093F606B093F70665E575E585E591E4F3
:10EB30000E940F4D0E9463721092B60280E090E036
:10EB4000A0E8BFE38093EC069093ED06A093EE0659
:10EB5000B093EF068093F0069093F106A093F2062F
:10EB6000B093F30660EF76E08CEE96E00E94EB5BEC
:10EB700060E070E088E492E40E940F4D0E943458F7
:10EB800050E040E061E082E00E949B7243E060E080
:10EB900070E080E291EC0F94A694811104C08AE6A3
:10EBA00092E10E943C728091F4069091F506A0914A
:10EBB000F606B091F70680931E1490931F14A0934D
:10EBC0002014B0932114E2E0F0E0FA83E983C12C31
:10EBD000D12C30EAE32E30E4F32E43E0B42E52E0A1
:10EBE000952E0EE619E267E0A62E0E94BC56C09252
:10EBF000F406D092F506E092F606F092F70665E587
:10EC000075E585E591E40E940F4D29812150822F01
:10EC10006B2D0F9423BB892E822F0F942FBB782E40
:10EC200080FF03C0F92DF8198F2E882D880F880DCD
:10EC30000E943A4F6093EC067093ED068093EE06C7
:10EC40009093EF06872D880F870D0E94274F6093C2
:10EC5000F0067093F1068093F2069093F30660EF4E
:10EC600076E08CEE96E00E94EB5B60E070E088E47A
:10EC700092E40E940F4D63E080E00E9487608A81E9
:10EC80008F9399819F931F930F930E94386043E065
:10EC900060E070E080E291EC0F94A694582E0F9003
:10ECA0000F900F900F90882309F479CFA79CF00163
:10ECB0001124E80DF11DEE0FFF1FEE0FFF1FE35EA5
:10ECC000FB4E8091F4069091F506A091F606B09166
:10ECD000F70681839283A383B483E981FA81319615
:10ECE000FA83E9833A9709F080CF60901E14709000
:10ECF0001F148090201490902114462CA72CB82C1F
:10ED0000292C1E821D820DE114E18D819E81825E7F
:10ED10009B4E9A83898393E0392EE981FA81C190D1
:10ED2000D190E190F190FA83E9839301A401C701A6
:10ED3000B6010F9425BE181614F036014701242D94
:10ED40003A2D4B2D522DC701B6010F9491BC87FD72
:10ED500004C04C2CAD2CBE2C2F2C3A943110DDCF9E
:10ED60008D819E814C969E838D838435910559F6C5
:10ED70009301A401642D7A2D8B2D922D0F949BBBB2
:10ED800020E030E040E450E40F9425BE18163CF536
:10ED900081E599E20E948571512CFC81F093B602C5
:10EDA0008B810F94D13A0F94F61D852D26960FB6C0
:10EDB000F894DEBF0FBECDBFDF91CF911F910F91B1
:10EDC000FF90EF90DF90CF90BF90AF909F908F908B
:10EDD0007F906F905F904F903F902F900895198291
:10EDE00085ECE82E8FE0F82E68011D829D8191113F
:10EDF00003C0E981EE2329F120911E1430911F14E4
:10EE00004091201450912114F60161817281838117
:10EE100094810F949BBB20E030E048EC52E40F94C7
:10EE200041B520E030E040E05FE30F949CBB0F94DD
:10EE300043BD0F940DBDC7010F94B6BAF2E0EF0EBB
:10EE4000F11C84E0C80ED11C9D819F5F9D8393308F
:10EE500069F6045E1F4FE981EF5FE983E33021F635
:10EE60000F949C940E940A5D98CF2F923F924F92EC
:10EE70005F926F927F928F929F92AF92BF92CF924A
:10EE8000DF92EF92FF920F931F93CF93DF9300D007
:10EE90001F921F92CDB7DEB7D82E2A013B01322E2A
:10EEA000E982FA820B831C830F94885181E080935E
:10EEB000010EFC2CE32CD31010C0ED2CDC100DC087
:10EEC00060E070E080EA90E40E94E05FFF24F39449
:10EED000EE24E3942224239401C02D2C0E94875217
:10EEE00080911D148D8310921D1482E00F941D30AB
:10EEF0006093F4067093F5068093F6069093F706F8
:10EF0000F1100E942B4081E00E94E1568C010E948A
:10EF100034581092B9021092BA021092BB021092A9
:10EF2000BC02222009F47AC19B8D91116DC150E081
:10EF300040E061E080E00E949B72EE2031F050E002
:10EF400040E061E081E00E949B72DD20E9F0411425
:10EF5000510461047104C1F0C301B2010F9402B500
:10EF60009B01AC016091710E7091720E8091730ED5
:10EF70009091740E0F949CBB6093EC067093ED0619
:10EF80008093EE069093EF06332001F189819A81F8
:10EF9000AB81BC810097A105B105C1F0BC01CD01D9
:10EFA0000F9402B59B01AC016091750E7091760EC5
:10EFB0008091770E9091780E0F949CBB6093F00631
:10EFC0007093F1068093F2069093F306FF2009F404
:10EFD000A2C060E070E080EA90E40E94E05F80916F
:10EFE000E906811105C050E040E061E00E949B729B
:10EFF0008091EA06811106C050E040E061E081E0C6
:10F000000E949B720E942051ECE5FFE6859195914C
:10F01000A591B491E8E5FFE645915591659174910C
:10F020004093CC065093CD066093CE067093CF06E6
:10F030008093D0069093D106A093D206B093D306C6
:10F0400060ED76E08CEC96E00E94435B0E944E52AD
:10F0500020E030E040E850EC6091D0067091D1069D
:10F060008091D2069091D3060F9491BC87FF0CC07B
:10F0700080E090E0A0E8B0EC8093D0069093D106B9
:10F08000A093D206B093D30680E090E0A6E1B3E46B
:10F090008093B9029093BA02A093BB02B093BC02D2
:10F0A0001092B6020F940F616091B9027091BA028A
:10F0B0008091BB029091BC020F9436650F948851E9
:10F0C0008091CC069091CD06A091CE06B091CF064E
:10F0D0008093EC069093ED06A093EE06B093EF06B6
:10F0E0008091D0069091D106A091D206B091D3061E
:10F0F0008093F0069093F106A093F206B093F30686
:10F1000081E08093B6020F94ED3A50E040E061E078
:10F1100082E00E949B72CC20E9F081149104A1044A
:10F12000B104C1F0C501B4010F9402B59B01AC015B
:10F130006091790E70917A0E80917B0E90917C0E89
:10F140000F949CBB6093F4067093F5068093F606CB
:10F150009093F7060F940F61C8010E94C7560F9451
:10F16000ED3A0E9420510E945C4FD11007C031102F
:10F1700005C08C8D811102C0CC2039F1F11025C061
:10F180009D81992311F181E080931D140F941D300E
:10F190006B017C0180E00F941D30A70196010F9454
:10F1A000067B9B01AC016091F4067091F50680919D
:10F1B000F6069091F7060F949BBB6093F40670934C
:10F1C000F5068093F6069093F70684E10F948C473A
:10F1D0000F9488511092010E0F900F900F900F9086
:10F1E0000F90DF91CF911F910F91FF90EF90DF90E3
:10F1F000CF90BF90AF909F908F907F906F905F90D7
:10F200004F903F902F90089580E00F94E81AEE20E1
:10F2100009F49BCE81E00F94E81A97CEEE2009F412
:10F2200094CEAB8DAA2309F48ACEF4CF8F929F920D
:10F23000AF92BF92CF92EF92FF920F931F93262F20
:10F2400091E09F931F92812C912C5401C42EE12CAC
:10F25000F12C870140E050E0BA010E9435770F9011
:10F260000F901F910F91FF90EF90CF90BF90AF90B4
:10F270009F908F9008952F923F924F925F926F923E
:10F280007F928F929F92AF92BF92CF92DF92EF9236
:10F29000FF920F931F93CF93DF93CDB7DEB7A49761
:10F2A0000FB6F894DEBF0FBECDBF0F94885180918A
:10F2B000060E811117C081E08093020E8091E9064D
:10F2C000882349F08091EA06882329F02091EB06F3
:10F2D0002F83211120C081E08093FD1082E29EE205
:10F2E0000F94657CA4960FB6F894DEBF0FBECDBF19
:10F2F000DF91CF911F910F91FF90EF90DF90CF9012
:10F30000BF90AF909F908F907F906F905F904F9045
:10F310003F902F9008958BEA9DE00F9474BA182FB8
:10F320008EE40E942741082F0E94D4408E83002340
:10F3300029F0873009F4C9C0833029F0133009F06F
:10F34000C3C063E06E8380E090E0A0E8BFE38A83FF
:10F350009B83AC83BD838AEA9DE00F9474BA888F47
:10F3600083E40E942741182F0E94D440112329F0E2
:10F37000882319F08B3008F4888F88E50E94274194
:10F38000882309F4ABC00E94BA4520E030E04CE984
:10F3900052E40F949BBB20E030E048EB51E40F9423
:10F3A0009BBB6A877B878C879D8789E50E94274165
:10F3B000882309F49CC00E94BA4520E030E048E070
:10F3C00052E40F949BBB20E030E040EA50E40F94FD
:10F3D0009BBB6C8B7D8B8E8B9F8B87E50E9427411F
:10F3E000882309F489C00E94BA452A853B854C854B
:10F3F0005D850F949CBB20E030E04CE153E40F941A
:10F400009CBB698F7A8F8B8F9C8F88E40E942741E9
:10F41000882309F47AC00E94BA452C893D894E8917
:10F420005F890F949CBB20E030E048E852E40F94E1
:10F430009CBB6D8F7E8F8F8F98A30F949C9480912F
:10F44000290290912A02A0912B02B0912C02809364
:10F450001E1490931F14A0932014B09321140E94A3
:10F460002B4005EC1FE0C8010F9482BA019609F009
:10F4700051C00E5F1F4F053D8FE01807A1F7212CEB
:10F48000ADE1B4E1BAA3A9A3B987A887512C412C57
:10F49000312C042D842D63E00F942FBB988B68844E
:10F4A000798410E0F889F11137C0812F63E00F945F
:10F4B00023BB911131C021103DC17E81733009F40D
:10F4C00070C08F818E8737C01E836AE979E989E130
:10F4D0009FE36A837B838C839D833DCF80E090E0B4
:10F4E000A0E8BFEF8A879B87AC87BD875ECF60E0CF
:10F4F00070E080E89FEF6DCF80E090E0A0E8BFE78C
:10F50000898F9A8FAB8FBC8F80CF60E070E080E8EE
:10F510009FE78FCF2F80B4CF60E070E080EC9FE753
:10F52000D30111966D937D938D939C931497BE8117
:10F53000B330C1F11E86812F0E943A4F4B015C010E
:10F54000802F0E94274F6B017C01A50194016A85E1
:10F550007B858C859D850F9425BE18160CF41AC1E9
:10F56000298D3A8D4B8D5C8DC501B4010F9425BE5C
:10F5700018160CF40FC1A70196016C897D898E893C
:10F580009F890F9425BE18160CF404C12D8D3E8D55
:10F590004F8D58A1C701B6010F9425BE18160CF463
:10F5A000F9C033941F5F24E0620E711C173009F01C
:10F5B00079CF6FEF461A560A888599854C969987B8
:10F5C000888797E04916510409F063CF0F94B7A7D5
:10F5D000A0911E07AF83B0915504B88781E0809356
:10F5E0001E078AE0830D8093550481E00E94266007
:10F5F00080E090E0A0EAB0E48093F4069093F506F2
:10F60000A093F606B093F70665E575E585E591E408
:10F610000F94696580E00E94E1569CA38BA3312C76
:10F62000832D67E00F9423BBF82E092F682F70E01D
:10F630007F876E8780FF03C076E0791B072F802FBE
:10F6400063E00F9423BB911105C08F2D0F9423BB52
:10F6500011E0911110E0802F0E943A4F688B798B56
:10F660008A8B9B8B8F2D0E94274F4B015C018E81D3
:10F67000833009F097C01111C6C027E0AE85BF8561
:10F680002A9FF0012B9FF00D1124E00FF11DEE0FCA
:10F69000FF1FEE0FFF1FE35EFB4E60E070E080ECAB
:10F6A0009FE761837283838394833394E1E33E1203
:10F6B000B7CF80E090E0A0EAB0E48093F4069093A6
:10F6C000F506A093F606B093F70665E575E585E5C2
:10F6D00091E40F9469650F948851B1E33B1609F4E6
:10F6E0002DC280916F0391E0980F90936F03882350
:10F6F00009F4CFC160E080E00E943EEE87E69EE024
:10F700000E9402F880E00E9485F281E08093BF02AF
:10F7100083E49DE60E940AEE2F8120931E076885F0
:10F720006093550482E00E9426600F9488511092E5
:10F73000020ED8CD011103C0112309F4BECE812FD2
:10F7400063E00F942FBB840D952D911D880F991F99
:10F750008D53904F0F9482BABC01990F880B990B6F
:10F760000F9402B52AE037ED43E25CE30F9441B514
:10F770009B01AC0160911E1470911F1480912014A4
:10F78000909121140F949CBBF30161837283838356
:10F79000948393CEFE85FF2309F404CF222009F43D
:10F7A00000CF00CF288939894A895B896A857B85A2
:10F7B0008C859D850F9425BE181604F128893989FA
:10F7C0004A895B89698D7A8D8B8D9C8D0F9491BC54
:10F7D00087FD14C0A50194016C897D898E899F895C
:10F7E0000F9425BE181654F0A50194016D8D7E8DE1
:10F7F0008F8D98A10F9491BC87FF05C0112309F448
:10F8000054CF211052CF10E0A7E08E859F85A89F8E
:10F81000F001A99FF00D1124E00FF11FEE0FFF1F63
:10F82000EE0FFF1FE35EFB4E4180528063807480C9
:10F83000C12CD12CE0EAEE2EE0E4FE2E222051F085
:10F8400023E333E343EB5EE3C301B2010F949CBBBC
:10F850006B017C01A70196016091F4067091F50699
:10F860008091F6069091F7060F9491BC87FF10C027
:10F87000C092F406D092F506E092F606F092F706F2
:10F8800065E575E585E591E40F9469650F94885108
:10F89000688979898A899B896093EC067093ED0663
:10F8A0008093EE069093EF068092F0069092F10618
:10F8B000A092F206B092F30660EF76E08CEE96E04E
:10F8C0000E94EB5B60E070E086E193E40F94696571
:10F8D0000F9488518091060E882339F07F817093B0
:10F8E0001E07888580935504FDCC812C912C70E2F5
:10F8F000A72E71ECB72E222051F02A813B814C813A
:10F900005D81C301B2010F949BBB4B015C01488D2B
:10F91000C501B4010F94A694811109C08AE692E151
:10F920009F938F930F9436B90F900F90C2CE209172
:10F93000F4063091F5064091F6065091F706C7019E
:10F94000B6010F949BBB20E030E0A9010F9491BC5D
:10F9500087FF36C060E070E080EA90E46093F406D0
:10F960007093F5068093F6069093F70665E575E5C6
:10F9700085E591E40F9469650F948851488DC50120
:10F98000B4010F94A694882349F22091F406309193
:10F99000F5064091F6065091F70660E070E080EAC7
:10F9A00090E40F949BBB2DEC3CEC4CEC5DE30F948E
:10F9B00091BC87FF05C087E69DE10F945DB979CEC4
:10F9C000C090F406D090F506E090F606F090F706A9
:10F9D0002220A1F0A7019601C301B2010F949BBBA5
:10F9E0009B01AC015F776A817B818C819D810F9443
:10F9F00091BC87FF03C08EE29DE1DFCF8FEA9FE0DD
:10FA00000F9474BA882309F440C086EA9FE00F94EB
:10FA100074BA8823D1F16091F4037091F503809159
:10FA2000F6039091F7030E9493412091250E3091A7
:10FA3000260E4091270E5091280E0F949BBC9B01DF
:10FA4000AC01E7E0AE85BF85EA9FC001EB9F900D5A
:10FA50001124080F191F000F111F000F111F035E43
:10FA60001B4EC701B6010F949BBBD80111966D9335
:10FA70007D938D939C93149780915504815080932E
:10FA8000550481E00E94266010CE20E030E0A901FC
:10FA9000D8CF85E00F94F63AC12CD12C90EAE92E0C
:10FAA00090E4F92E85E39EE00E94E0F38EE190E081
:10FAB0000E940CF30E94926380E00F94D13A182FB9
:10FAC00060E070E080E89FEB0E94615F81E00F944E
:10FAD000D13A84E00F94251EC092F406D092F50628
:10FAE000E092F606F092F70665E575E585E591E4A6
:10FAF0000F9469650F9488510F94F61D812F0F9410
:10FB0000D13A82E00F941D3020E030E040EA50E42A
:10FB10000F9425BE181634F2EF81E0931E07F88586
:10FB2000F093550481E00E945A6441E061E081E075
:10FB30000E94167981E08093FD10D4CB10926F0360
:10FB40008BA19CA10E94C7560E94C6716091E206DB
:10FB50007091E306072E000C880B990B0F9402B5E9
:10FB600090582091250E3091260E4091270E5091ED
:10FB7000280E0F949BBC0E94F13F80EC9FE00F94F5
:10FB800074BA91E0813009F090E099834FEB5FE027
:10FB90006CE4CE0101960E943C41F82E4EEB5FE0F2
:10FBA00062E5CE0101960E943C41082F4DEB5FE0DB
:10FBB00066E4CE0101960E943C41182F4CEB5FE0B9
:10FBC00062E4CE0101960E943C41212F110F330BBC
:10FBD000082E000C990B5C01A21AB30A8F2DFF0CA2
:10FBE000990B280F391F46E0429F6001439FD00CBC
:10FBF0001124F12CE12C002E000C110B081B190B09
:10FC0000B701625E7B4E3B01460177E07A83D30108
:10FC10002D903D904D905D903D01FD013497FB8707
:10FC2000EA87B401092C000C880B990B0F9402B5DC
:10FC30002FE333EC4EE259E30F9441B5A201910159
:10FC40000F949CBBAA85BB856D937D938D939C93EC
:10FC50001397BA81B150BA83800E911EB111D7CFDC
:10FC6000CA0CDB1CECE1EE0EF11CF4ECEF16F10417
:10FC700039F60F94B7A78DE40E942741882309F431
:10FC800084C00E94D4402E81273009F094C088237C
:10FC900009F491C0BB24B394AA24AA94AB0C09A183
:10FCA0001AA1612C8EEF882E8B0C6A2D862D0E9456
:10FCB000873E99249394960C81116EC06B2D862DEE
:10FCC0000E94873EC12CD12C7601712C882381F0B3
:10FCD00020E030E0A901D8015D966D917D918D9174
:10FCE0009C9190970F949CBB6B017C01772473943B
:10FCF000682D862D0E94873E882369F0F8017B9746
:10FD00002081318142815381C701B6010F949CBB90
:10FD10006B017C0173946A2D892D0E94873E882394
:10FD200061F0F8012581368147815085C701B60110
:10FD30000F949CBB6B017C0173946A2D8FEF860D31
:10FD40000E94873E882331F1F80133972081318169
:10FD500042815381C701B6010F949CBB6B017C01AA
:10FD60007394672D70E090E080E00F9402B59B01E2
:10FD7000AC01C701B6010F949BBCD80111966D93DD
:10FD80007D938D939C93149707C08CEA9DE00F940C
:10FD900074BA79CF7110E5CF692C0C5F1F4FB7E0B3
:10FDA0009B1283CFB394E9A1FAA17C96FAA3E9A3AD
:10FDB000F8E0BF1271CF81E080931D148FE40E94A0
:10FDC0002741811103C00E940A5D9FCC0E94D4404C
:10FDD0008111F9CF0E94BC5698CC8BE893E00F9428
:10FDE00064228091FE109091FF10892B79F0E091B0
:10FDF000ED12F091EE12E050FF4E8081813011F053
:10FE0000863021F489EF9FE20C94857108958091EA
:10FE1000FE109091FF10892B29F00E94ED7E0E9428
:10FE2000D06DF5CF1092EE121092ED121092FC10E0
:10FE30001092FB1081E08093FD100895EF92FF92E5
:10FE40000F931F93CF93DF9380911D14882389F123
:10FE500080EC9DE10E9485718AEA9DE10E94857196
:10FE600089E99DE10E948571C7E0DCE1C15058F14C
:10FE7000CD9F7001112401E010E086E99DE10E9410
:10FE80005E6FF801EE0FFF1FEE0FFF1FEE0DFF1D5F
:10FE9000E65EFB4E608171818281938145E00E9424
:10FEA000E06E0F5F1F4F0830110539F70E94566F43
:10FEB000DDCF8DEC9DE1DF91CF911F910F91FF90F0
:10FEC000EF900C948571DF91CF911F910F91FF906E
:10FED000EF9008958F929F92AF92BF92CF92DF9250
:10FEE000EF92FF928091120E811131C00F94D31FB7
:10FEF0006B017C0120912F02222309F14091BF0266
:10FF00004130E9F08091100290911102A09112020B
:10FF1000B091130246015701881A990AAA0ABB0A2E
:10FF200030E0A8EEB3E00F9414BB86169706A8063F
:10FF3000B9066CF0443031F19CF44230D4F4C092F4
:10FF40001002D0921102E0921202F0921302FF907E
:10FF5000EF90DF90CF90BF90AF909F908F900895DB
:10FF6000453069F780E495E70E945E6F82E49CE18A
:10FF700006C080E495E70E945E6F8FE69CE10E94D8
:10FF80008571DDCF80E495E70E945E6F89E59CE195
:10FF9000F6CFCF92DF92EF92FF920F931F93CF9302
:10FFA000DF931F921F92CDB7DEB70F94D31F00913E
:10FFB0001B1810911C1820911D1830911E18601BE1
:10FFC000710B820B930B6938734181059105D0F059
:10FFD0008091C906811116C00F94D31F60931B181E
:10FFE00070931C1880931D1890931E1880910B0518
:10FFF000809314028B3418F08FEF80930B0581E00F
:020000021000EC
:100000008093C9060F94D31F00911B1810911C18E0
:1000100020911D1830911E18601B710B820B930BE1
:10002000653671058105910508F457C18091C906AF
:10003000882309F452C16091480670914906072E41
:10004000000C880B990B0F9402B56B017C010F9487
:10005000D31F00911B1810911C1820911D1830916E
:100060001E18601B710B820B930B0F9400B59B0144
:10007000AC0160E070E08AE793E40F949BBCA701B9
:1000800096010F9441B50F940DBD709325046093B4
:10009000240460914A0670914B06072E000C880BD1
:1000A000990B0F9402B56B017C010F94D31F009143
:1000B0001B1810911C1820911D1830911E18601BE0
:1000C000710B820B930B0F9400B59B01AC0160E0A8
:1000D00070E08AE793E40F949BBCA70196010F940C
:1000E00041B50F940DBD8B017093270460932604D6
:1000F000109249061092480610924B0610924A063A
:1001000083E08A8382E0898380913802882351F0DA
:1001100087E89FE00F9474BA91E0811101C090E0EC
:1001200090933802809124049091250444970CF018
:100130009DC020E030E048E452E460910A0E7091E6
:100140000B0E80910C0E90910D0E0F9425BE18167B
:100150000CF08CC0809156038F5F8093560305305E
:1001600011050CF089C09091FF0D8091000E981739
:1001700009F47FC0E091000E8EE6E89FF0011124A3
:10018000EB59F84F80818C3408F476C08091570386
:100190008F5F809357038091560381110BC080912C
:1001A0005703811107C080914404823019F481E023
:1001B0008093440480914404813061F40E94EF579D
:1001C000811108C0109244041092300483E49DE62B
:1001D0000E940AEE80913802882309F46EC0809153
:1001E0004404823009F469C086E5E82E83E0F82EE5
:1001F000FE0131966F0110E002E0F70191917F015D
:10020000F60181916F01891768F5F7013197108226
:1002100080914404823031F1009344040E949E573F
:10022000882381F10E949357811106C080916D054A
:10023000882329F10F940218113059F187EB99E1C5
:100240000E9485718091300481110CC041E070E002
:1002500060E088EC90E00F94D23C62E080E29DE2A6
:100260000E94CAED113049F111E0C7CF1092560338
:1002700076CF8091450487CF109257038CCF0F948F
:10028000DF1FDACF1092110E1092100E109241045F
:10029000D3CF8FED99E10E94857180913004811157
:1002A0000CC041E070E060E088EC90E00F94D23C3C
:1002B00062E08CE09DE20E94CAED8091140280937E
:1002C0000B050F94D31F60931B1870931C18809319
:1002D0001D1890931E181092C9060F900F90DF9171
:1002E000CF911F910F91FF90EF90DF90CF900C94E2
:1002F000B36CCF92DF92EF92FF926B017C01C092C0
:100300005C03D0925D03E0925E03F0925F03809104
:1003100075038230B1F420E030E040E950E4C701D9
:100320000F9491BC87FF14C08091490E90914A0EA2
:10033000A0914B0EB0914C0E803D9740A105B105A8
:1003400020F5C701B601FF90EF90DF90CF900895A0
:100350002AE939E949E95EE3C701B6010F9491BC86
:1003600087FF0AC020E030E048E351E4C701B6014E
:100370000F9441B56B017C0183E39AE10E945E6FAB
:10038000C701B6010F94CA7ADCCF2AE939E949E9F5
:100390005EE3C701B6010F9491BC87FDE3CF20E077
:1003A00030E040E85EE3C701B6010F9441B520E0BC
:1003B00030E048E550E40F949CBBDCCFCF92DF9255
:1003C000EF92FF92CF93909175039817B9F1C82FD0
:1003D000C0905C03D0905D03E0905E03F0905F03FB
:1003E00020E030E0A901C701B6010F9491BC882339
:1003F00041F0C0926D0ED0926E0EE0926F0EF092B0
:10040000700E86E19AE10E945E6FC13011F1E0F05A
:10041000C23011F1C093750360916D0E70916E0E34
:1004200080916F0E9091700E0E94798160936D0E95
:1004300070936E0E80936F0E9093700ECF91FF901D
:10044000EF90DF90CF9008958EE09AE10E94857141
:10045000E1CF8AE09AE1FACF86E09AE1F7CF0F94F4
:100460008851179AE9EEF6E01082169A1182149AD2
:1004700080E00E94DE818FEF9FEF9093B002809327
:10048000AF022FEF2093AC029093B4028093B3029B
:100490002093AB029093AE028093AD029093B20290
:1004A0008093B102089541ED50E061EC78E189E17B
:1004B0009EE00F940EB80F9441520F94D12E0F94DA
:1004C0001D280E94B25580E495E70E945E6F8FE977
:1004D00098E10C948571CF93DF9361EC78E189E129
:1004E0009EE00F942BB841ED50E064E170E089E1AB
:1004F0009EE00F9488BA60917C0582E09DE00F94A5
:1005000098BACBE0D3E14AA55BA56CA57DA58EEF9B
:100510009CE00F94AABA4EA55FA568A979A982EAC2
:100520009CE00F94AABA4AA95BA96CA97DA98EE99F
:100530009CE00F94AABA4EA95FA968AD79AD8AEF85
:100540009CE00F94AABA4AAD5BAD6CAD7DAD8AE973
:100550009CE00F94AABA6EAD7FAD88E99CE00F9441
:10056000B6BA40E450E06AEB7CE08BE493E10F9490
:1005700088BA40918B1350918C1360918D137091B8
:100580008E1386EB9CE00F94AABA40918F13509182
:100590009013609191137091921382EB9CE00F94F1
:1005A000AABA40919313509194136091951370914E
:1005B00096138EEA9CE00F94AABA80E495E70E9415
:1005C0005E6F8BE498E1DF91CF910C948571CF93AE
:1005D000DF93EC018991882319F00E944B6EFACFCA
:1005E000DF91CF9108950E94E7820C94566F2F926D
:1005F0003F924F925F926F927F928F929F92AF92B3
:10060000BF92CF92DF92EF92FF920F931F93CF93FF
:10061000DF93CDB7DEB7A2970FB6F894DEBF0FBE5B
:10062000CDBF8FE590E00E948C40882309F491C0F3
:100630000E941D6E8F37910561F4809100059091A5
:1006400001059093FF048093FE048CE398E10E94DF
:1006500085711E012FE1220E311CDD24D3940E94EE
:100660001D6E181619060CF068C08091030E8823C1
:1006700029F00E949357882309F45FC080910104F8
:1006800081115BC00E949E5397FDE9CF282F8F3FB9
:1006900009F07BC080914803882309F473C0D0928D
:1006A0004703109248031F8E18A2C0904B03CC2022
:1006B000B1F2809149038F8F91E09C1518F48091DD
:1006C0004A0388A310924B033AA229A289A1821956
:1006D0008C1528F6E9A1FAA11191FAA3E9A38EE4F9
:1006E00093E00F94342017FDF1CF8091F910909191
:1006F000FA101A3009F44AC11D3009F447C18F3588
:1007000091050CF048C11B3311F4D0924D03209198
:100710004D032111DBCF9C012F5F3F4F3093FA1027
:100720002093F9102091FB103091FC1020503F4E87
:10073000820F931FFC011383C9CF8091F910909110
:10074000FA10181619060CF45AC28091EB14811194
:1007500070C2A2960FB6F894DEBF0FBECDBFDF9178
:10076000CF911F910F91FF90EF90DF90CF90BF90AE
:10077000AF909F908F907F906F905F904F903F9041
:100780002F900895D09248038ECF309147033323A2
:1007900009F457C0893F09F43FC080F5863F09F44A
:1007A00048C0809146038260273F79F187E098E155
:1007B0000E945E6F82E098E10E945E6F1091460396
:1007C0008EEF97E110FD02C089EF97E10E945E6F06
:1007D000012F027084EF97E111FD02C08FEE97E1C7
:1007E0000E945E6F8EEE97E10E948571002329F1D1
:1007F00055E450930B021092470355CF8A3F41F0C6
:100800008091460381602B3F89F680934603CECFCB
:10081000809146038E7FF9CF10924B0310924703CD
:10082000109246031092450310924803109244031D
:10083000BDCF809146038D7FE8CF80E280930B028D
:10084000DACF2091480340914603222331F1E09111
:100850004B0340FF49C030914403332309F440C0A7
:1008600021E02E0F20934B03AE2FB0E0A75BBC4FCF
:10087000FFEFFC9350914503552351F0EE5FE09359
:100880004B03E22FF0E0E75BFC4F508310924503EF
:1008900031503093440310924803E0914B0340FFE2
:1008A0006CC020914403222349F191E09E0F909364
:1008B0004B03AE2FB0E0A75BBC4F8C9380914503F8
:1008C000882351F0EE5FE0934B03E92FF0E0E75B04
:1008D000FC4F808310924503215020934403E3CEC4
:1008E00022E020934403D7CF21E02E0F20934B0327
:1008F000F0E0E75BFC4F5FEF5083CDCFA82FAF70E8
:1009000040E031E0AF3029F0B0E0A050BE4F4C9154
:1009100030E0582F507F503F59F4326030FF13C001
:10092000D092440331FF0CC082E080934403BBCEDD
:1009300082958F70A82FB0E0A050BE4F2C91EECFC3
:1009400020934503B0CE81E08E0F80934B03AE2FF2
:10095000B0E0A75BBC4F4C934A3009F4A4CE31FF02
:1009600003C0D09244039FCEEE5FE0934B03E82F89
:10097000F0E0E75BFC4F208396CE91E09E0F9093D2
:100980004B03F0E0E75BFC4F80838DCE009719F4BA
:1009900010924D03DECE0091FB101091FC100D5F04
:1009A0001F4F80509F4EFC01E00FF11F108200503E
:1009B0001F4E1A83098380914D03811103C1F801F1
:1009C00080818E3409F08AC04AE050E0BE016F5F3A
:1009D0007F4FC80101960F94FFB52B013C01E980C0
:1009E000FA80F7018081803231F4FFEFEF1AFF0ABD
:1009F000FA82E982F4CF80907F0390908003A090E8
:100A00008103B0908203D501C4010196A11DB11DDF
:100A100084159505A605B70549F044E050E067E365
:100A200078E1C7010F9453B8892BA1F46AE270E012
:100A3000C7010F94CBC09093CF058093CE0500974C
:100A400009F445C0F801F12CE817F90771F021917C
:100A5000F226FACF88E195E70E945E6F8FE593E179
:100A60000E945E6FC501B40115C00E94E140F816F6
:100A70001906D9F088E195E70E945E6F80E493E162
:100A80000E945E6F60917F0370918003809181036B
:100A9000909182030E94C46E0E94566F0E94F9409A
:100AA0001092FA101092F91054CEE091CE05F09108
:100AB000CF051082E980FA8062E378E1C7010F94E4
:100AC00022B8892B39F586E096E10E943C7288E1D4
:100AD00095E70E945E6F86E193E1C2CF89819A819A
:100AE000FC012081203221F401969A838983F6CF7C
:100AF0006AE270E00F94CBC0892B39F088E195E76A
:100B00000E945E6F8CEE92E1BBCF44244A94542C39
:100B10003201D0CF44E050E06DE278E1C7010F949C
:100B200053B85C01F7018081873481F48091130E02
:100B3000853061F08DE695E00F943420F6E0F09377
:100B4000130E60E085EA9FE00F9498BAAB2821F07D
:100B5000809170058111A4CF26E077FC21E080917F
:100B6000FB109091FC10FC01E050FF4E2083498166
:100B70005A81F801DA0140175107A1F501900020D0
:100B8000E9F79F01201B310B0396280F391F2D3EDB
:100B9000F1E03F0779F13093FC102093FB10809136
:100BA000FE109091FF1001969093FF108093FE101D
:100BB00077FC08C040927F035092800360928103CB
:100BC000709282031092FA101092F9100E941D6E1A
:100BD000892B09F4BECD8FE590E00E948C408111F5
:100BE00075CDB7CD6D9161939D01241B350B6111BE
:100BF000F9CFCACF1092FC101092FB10D0CF809189
:100C0000120E60E273E0811102C060ED77E08EE4C5
:100C100093E00F940520882309F497CD10924D039B
:100C20001092FA101092F91082E298E10E948571F8
:100C300090CD80917E17882309F48BCD8091F91097
:100C40009091FA10892B09F084CD8091FE1090913B
:100C5000FF10892B11F410924C0312E001E0409137
:100C6000FF1750910018609101187091021880913F
:100C7000F8179091F917A091FA17B091FB17481740
:100C800059076A077B0708F0C1C080914C038111A6
:100C9000BDC00F94DC8140918317509184176091FF
:100CA0008517709186174093FF1750930018609333
:100CB0000118709302182091F9103091FA108A30BF
:100CC00061F08D3051F0833209F487C02F35310542
:100CD00024F48F3F980709F087C02115310509F4E6
:100CE00038CD80917E17811103C040E050E0BA01F9
:100CF0008091870390918803481B590BA091FB10AA
:100D0000B091FC10FD01E050FF4E108341835283EF
:100D1000139620503F4EF901EA0FFB1F1082A0509E
:100D2000BF4EFD0101900020E9F73197EA1BFB0B54
:100D3000F8948091FE109091FF1001969093FF100F
:100D40008093FE10EC5F8091FB109091FC10E80FF7
:100D5000F92FF11DF093FC10E093FB1080917E17AA
:100D6000882309F43DC08091FF1790910018A0914D
:100D70000118B09102188093870390938803A09381
:100D80008903B0938A03ED3EF14021F41092FC10E8
:100D90001092FB10789410924D031092FA1010925A
:100DA000F9104091FF17509100186091011870914F
:100DB00002188091F8179091F917A091FA17B09145
:100DC000FB17481759076A077B0700F58FE590E086
:100DD0000E948C40811143CFBCCC00934C037DCF4B
:100DE00080E090E0DC01C7CFA9014F5F5F4F5093D7
:100DF000FA104093F9104091FB105091FC104050B4
:100E00005F4E240F351FF901838329CF4091FF17CF
:100E10005091001860910118709102188091F81794
:100E20009091F917A091FA17B091FB17481759073D
:100E30006A077B0708F48DCC0E945C3F892B09F080
:100E400088CC0F94F97A89ED92E10E9485710F9414
:100E5000FE2E6B017C010E9418568CE3882E912C8B
:100E6000A12CB12CC701B601A50194010F94E7BADA
:100E7000CA01B901A50194010F94E7BA7F936F935A
:100E8000C701B60120E13EE040E050E00F94E7BA30
:100E90003F932F938EE098E19F938F938E010F5F86
:100EA0001F4F1F930F930F948BB980E495E70E9417
:100EB0005E6FC8010E94F382C8010E942DEE0F945C
:100EC0001588109269020FB6F894DEBF0FBECDBF31
:100ED0008091EC14882359F00F941F7D8091120E9D
:100EE000882309F436CC86E00F948C4732CC81E01D
:100EF0000F9454888091EC148111EECFEFCFFF92C4
:100F00000F931F93CF93DF93EC01F62E662309F422
:100F10004BC00F9432B88C01C8010E948C408823CA
:100F200009F453C08091FB109091FC10FC01E0503B
:100F3000FF4E23E020838D5F9E4EBE01FF20E9F12E
:100F40000F942BB880E495E70E945E6F8EEC92E1DF
:100F50000E945E6F8091FB109091FC108D5F9E4E01
:100F60000E94E7828CEC92E10E9485718091FB10D7
:100F70009091FC100496080F191F0D3E81E0180790
:100F8000F9F01093FC100093FB108091FE109091EB
:100F9000FF1001969093FF108093FE10DF91CF9188
:100FA0001F910F91FF900895FC0101900020E9F737
:100FB00031978F01081B190BAFCF0F94DFC0C2CF41
:100FC0001092FC101092FB10E0CF88E195E70E9490
:100FD0005E6F8EEC92E10E945E6FCE01FF2059F0B1
:100FE0000E945E6F81E095E7DF91CF911F910F9195
:100FF000FF900C9485710E94E782F4CFCF93DF932A
:101000003091740520917305321320C0EB01BC01AF
:101010008091B702882319F080E20E94EE668091E9
:101020007205882399F0209174058091E6069091CD
:10103000E7062817190651F4209721F061E0CE0148
:101040000E947F87DF91CF910C94F35280917405B9
:101050008F5F80937405DF91CF9108950F931F9355
:10106000CF93DF93D62F8C01C0E0F8018591949146
:1010700061E00E947F87CF5F0E5F1F4FDC13F5CFCB
:10108000DF91CF911F910F910895CF93DF93CDB74B
:10109000DEB76E970FB6F894DEBF0FBECDBF9E01D0
:1010A0002C5D3F4FF901419151919F016EE170E03C
:1010B000CE0101960F94CAB960E0CE0101960E945C
:1010C0007F876E960FB6F894DEBF0FBECDBFDF915F
:1010D000CF910895EF92FF920F931F93CF93DF93D9
:1010E000CDB7DEB76B970FB6F894DEBF0FBECDBF9E
:1010F0008AE59FE00F9474BAE82E0AE01FE0F12C15
:1011000048E050E0FE1479F0B801CE010E960F943D
:1011100064BA1E8A60E0CE010E960F94A685F39401
:10112000085F1F4FEDCF65E97FE08E010F5F1F4F16
:10113000C8010F9464BA19868EE28F8B43E050E0A9
:1011400061E97CE0CE0148960F9464BA1B8EBE0123
:10115000695E7F4FC8010F94C0C01F930F9385EC49
:101160009DE69F938F930E9445880F900F900F905C
:101170000F906B960FB6F894DEBF0FBECDBFDF9118
:10118000CF911F910F91FF90EF900895BF92CF9252
:10119000DF92EF92FF920F931F93CF93DF93E09133
:1011A000030EE111B1C0052F142FE9016B017C0181
:1011B000F8940E943355B090020EB11002C0B09066
:1011C000010E0E94E9540F949C6580E1ECEEF6E07C
:1011D000A1E7B2E001900D928A95E1F7BB2061F0A2
:1011E00080E090E0A0E8BFEB8093710290937202E0
:1011F000A0937302B09374028091390290913A02E5
:1012000090937703809376038091100E9091110E46
:1012100090931306809312068091CA068093140659
:101220008091430483FB882780F98093C7058091D0
:101230004504809311060E94077F1092EB1481E011
:101240008093030E0F943130789420E030E0A901B0
:10125000C701B6010F9491BC20E030E0A901F8016C
:101260006C2F7D2F81115AC08F2F902F0F9491BC1E
:10127000882309F449C08091C705811105C061E048
:101280008EE19EE20E947F870F931F93DF93CF939F
:1012900085E49AE49F938F930E9445880F900F9066
:1012A0000F900F900F900F9020E030E0A901C70140
:1012B000B6010F9491BC882321F184E48F9388E4D4
:1012C0008F931F921F922091790230917A02409160
:1012D0007B0250917C02C701B6010F949CBB9F9387
:1012E0008F937F936F9386EC9EE19F938F930E94E1
:1012F00045888DB79EB70A960FB6F8949EBF0FBE6D
:101300008DBF81E08093FD10DF91CF911F910F91F0
:10131000FF90EF90DF90CF90BF9008958F2F902F88
:101320000F9491BC882349F2A6CF8091660488234C
:1013300021F180914F028230E9F4A0914D02B091E9
:101340004E0228EE33E00F9494BBAB01BC018FE357
:1013500093E00F94B720882331F06091640470E02B
:1013600085E00C9409E580913F03882331F060917A
:101370006504F5CF8111FBCFF0CF0895609165042E
:1013800084E39DE00F9498BA6091640483E39DE048
:101390000F9498BA60914F0282E39DE00F9498BA3F
:1013A00060914D0270914E0280E39DE00D94B6BABB
:1013B000882361F081E080934F02809165048E3133
:1013C00018F48EE1809365040C94958982E39DE086
:1013D0000F9474BA80934F0284E39DE00F9474BA23
:1013E000F1CF80916604882331F08FE393E00F946E
:1013F00064220C9495890895FF920F931F93CF93C5
:10140000DF9390916604992399F1882351F100911B
:101410004F02C82FD0E0CC0FDD1F10E0FF24F39463
:10142000212F30E080913F038F25023009F080E0CA
:101430008C0F9D2F911D281739078CF481E0909116
:101440004F02911180E080934F020E94958969E1DB
:1014500070E080E090E00F94A01F1F5FE1CF009349
:101460004F02DF91CF911F910F91FF900C94F18962
:10147000DF91CF911F910F91FF9008950F931F93CC
:10148000CF93DF93C82F80910518813009F447C0AE
:10149000823009F45DC00E94EF578111FFC0809136
:1014A000100E9091110E009739F42091CA063091D8
:1014B000CB06232B09F4F2C0409130025091310247
:1014C0006091320270913302411551056105710539
:1014D00009F4E4C0892B31F48091CA069091CB06BF
:1014E000892B29F080914006882309F43FC180911F
:1014F000120E882321F040EE52E369E270E080E4AE
:1015000096E00F94B720882309F4CAC00F948D2564
:1015100081E99EE00E9402F80F940618C1C00F9462
:101520007883882309F4B7CF81E090911218911144
:1015300001C080E0809308188091EA0E9091EB0E34
:10154000909315188093141882E080930518A3CF08
:101550000F9478831092091880910518823009F051
:101560009ACF80910A18811140C0D091121881E061
:10157000D11101C080E090910818891709F48BCF30
:10158000809308188AE098E10F943420DD23B1F1AC
:1015900080910618882311F18091020481111EC0E8
:1015A000809115148130D1F08091FF0D9091000E43
:1015B000891B8F7099F40E949E5781110FC08091F2
:1015C0000E0E843059F08FE59FE00F9474BA8111AC
:1015D00005C061E087E092E00E945D5381E0809366
:1015E000091881E08093B70256CF64E670E08AE084
:1015F00098E10F9405208111B8CF4DCF8091071845
:10160000882379F3809102048111EBCF8091FF0D43
:101610009091000E891B8F7021F40E949E578823A1
:1016200001F38091030E8111DCCF8091151481307C
:10163000C1F280910E0E8430A1F28FE59FE00F94ED
:1016400074BA8111CECF82E394E19F938F9388E1A6
:1016500094E19F938F930F9436B9109207181092CC
:10166000061820E030E0A901CA01B9010E94C6882D
:1016700060E070E0CB010E94855985E69FE00E9402
:10168000346D81E09FE00E94276D8CEB9DE60F9406
:10169000657C0F900F900F900F90A3CF1092400693
:1016A0008091FE109091FF10039714F40E94F7822E
:1016B0009091FF0D8091000E981781F08091130E8C
:1016C000863061F468E873E18DE695E00F940520BB
:1016D000882321F08DE695E00F9434204091830318
:1016E00050918403609185037091860341155105E3
:1016F0006105710509F03FC04091340250913502F7
:1017000060913602709137024115510561057105EE
:10171000A9F08BE893E00F94B720882379F090919B
:10172000FF0D8091000E981309C0C11107C0179AD0
:101730001092E906169A1092EA06149AC09145048E
:101740009091000E8091FF0D981701F18091000E8D
:101750009EE6899FF0011124EB59F84FC0819091CA
:10176000FF0D981799F08F5F8F70F9CF80E496E0A6
:101770000F94642295CF8BE893E00F94B7208823D1
:1017800009F4BACF8AE19EE10E943C72CC2309F4AD
:101790009FC08091710390917203A0917303B091E7
:1017A0007403892B8A2B8B2B81F40F94D31F605EDB
:1017B0007C4F8F4F9F4F60937103709372038093A0
:1017C000730390937403CFEF0FC00F94D31F009156
:1017D00071031091720320917303309174036017A9
:1017E00071078207930778F38091C906882309F46B
:1017F00078C0C093140280916B05811107C081E00D
:1018000080936B050F94D5AD10926B0580913906CE
:101810008823E1F11092390680E00E94FC894FB7DD
:10182000F89480913706282F082E000C330B37FFD1
:1018300003C0319521953109243031050CF454C091
:10184000982F87FF02C093E0980F9595959520916A
:10185000E6063091E706290F311D97FD3A95309342
:10186000E7062093E606837887FF03C081508C6FDC
:101870008F5F809337064FBF86E00F94F63A8091D2
:10188000B702811103C081E08093B7020E9495895D
:1018900080913A06882361F00E94DD68E0917B0424
:1018A000F0917C04309721F08091B8028111199554
:1018B0000E9462710E946A7F40E355E760E070E039
:1018C00089EF93E0DF91CF911F910F910D94B72095
:1018D00010927103109272031092730310927403AA
:1018E00083CFC0930B0587CF109237064FBF80E0A0
:1018F000C4CFCF93DF93EC010F94604F81E00E943F
:101900003E8A80E00E942660209799F0C233D1057C
:1019100040F062E370E080E090E00F94A01FE29757
:10192000EBCFBE0190E080E00F94A01FD0E0C0E0BC
:10193000E3CFDF91CF910895CF93DF93EC016091D6
:101940000A0E70910B0E80910C0E90910D0E0F945B
:101950000DBD2091100E3091110EC901861B970B01
:10196000069724F0CE010E94798CE9CFDF91CF91C8
:101970000895CF93DF93C82FDFEF0F94604F81E07E
:101980000E943E8A809113148F3FD9F48091A8134E
:10199000843021F48091AB138111EFCF8091E61355
:1019A0009091E713019749F780910D1490910E14CF
:1019B0008932904811F360E089E290E80F94858ABB
:1019C000DCCFD0931314853039F4CF3FF9F261E0C6
:1019D0008C2F0F9464B4D1CF8430C1F6DF91CF91B6
:1019E00008951F920F920FB60F9211240BB60F920B
:1019F0002F933F934F935F936F937F938F939F9317
:101A0000AF93BF93EF93FF932091780030917900CB
:101A1000E0913E03F0E0EE0FFF1FE25DFC4F80819E
:101A20009181820F931F9183808380912D038F5F1B
:101A300080932D03803109F056C080913E038F5F63
:101A400080933E03883009F046C080912E03909128
:101A50002F039093720680937106809132039091C8
:101A600033039093700680936F06809134039091B6
:101A7000350390936E0680936D06809138039091A4
:101A8000390390937C0680937B0680913603909176
:101A900037039093C3068093C20680913C039091D4
:101AA0003D039093C1068093C00681E080937B053F
:101AB000FF91EF91BF91AF919F918F917F916F9126
:101AC0005F914F913F912F910F900BBE0F900FBEE2
:101AD0000F901F90189580912C034FE553E08F5F76
:101AE00041F410922C0380917A00806480937A00F4
:101AF000DFCF9A01082E02C0359527950A94E2F7A8
:101B000020FFEDCF80932C030E949C3F10922D0369
:101B1000EACFCF93DF93CAE7D0E088818F7B8883B9
:101B200010922D0310923E0310922C0380E00E942D
:101B30009C3FEEE2F3E080E1DF011D928A95E9F738
:101B4000888180648883DF91CF9108954F925F925E
:101B50006F927F928F929F92AF92BF92EF92FF927D
:101B60000F931F93CF93DF931F92CDB7DEB744E05F
:101B700050E064E170E089E19EE00F9464BA43E0D4
:101B800050E061EC78E189E19EE00F9453B8892B35
:101B900009F0A0C1E5E8F9E145915591659174918D
:101BA00088ED90E00E941F49E9E8F9E145915591DF
:101BB000659174918CED90E00E941F49EDE8F9E188
:101BC000649180EE90E00E94156DEEE8F9E1659178
:101BD000749181EE90E00E94FD6CE0E9F9E165917D
:101BE000749183EE90E00E94FD6CE1E8F9E145918B
:101BF00055916591749184ED90E00E941F494DE5E7
:101C000059E160E170E080EB90E00E94DE6C4DE60F
:101C100059E160E170E080EC90E00E94DE6C4DE7FD
:101C200059E164E070E080ED90E00E94DE6C41EDEF
:101C300050E064E170E089E19EE00F9464BA0E9494
:101C4000B25509E11EE085EBE82E8EE0F82E94EC0B
:101C5000892E99E0992EA12CB12C20EC422E23E064
:101C6000522E612C712C20E030E048E453E4F8015E
:101C700064897589868997890F9425BE18164CF456
:101C800080E090E0A8E4B3E4F801848B958BA68B08
:101C9000B78BF70161917191819191917F0120E062
:101CA00030E048EC52E40F9425BE181654F480E05E
:101CB00090E0A8ECB2E4F701349780839183A2838B
:101CC000B383F80184A195A1A6A1B7A1853C994051
:101CD000A105B10528F0F80184A295A2A6A2B7A299
:101CE000F70184859585A685B785813C9340A1053C
:101CF000B10528F0F70144865586668677860C5F25
:101D00001F4FFEE001321F0709F0ADCF6091D50EE5
:101D100070E080E00F94471D6091D60E70E081E086
:101D20000F94471D6091D70E70E082E00F94471D1D
:101D30006091D80E70E083E00F94471D0F944152DC
:101D40000F94D12ECE0101960F940F2844E350E852
:101D500067EB7AEB82EA9CE00E941F4946E656E672
:101D600066E87FE38EE99CE00E941F494AE959E951
:101D700069E17EE38AE99CE00E941F496EE071E020
:101D800088E99CE00E94FD6C61E087E99CE00E948C
:101D9000156D82E09DE00F9474BA91E0811101C04D
:101DA00090E090937C058EEF9CE00F947CBA60935A
:101DB000351370933613809337139093381382EA58
:101DC0009CE00F947CBA6093391370933A1380931C
:101DD0003B1390933C138EE99CE00F947CBA609384
:101DE0003D1370933E1380933F13909340138AEFFB
:101DF0009CE00F947CBA60934113709342138093DC
:101E00004313909344138AE99CE00F947CBA609347
:101E1000451370934613809347139093481388E9B2
:101E20009CE00F9482BA0F94F72440E450E06AEBF0
:101E30007CE08BE493E10F9464BA86EB9CE00F9412
:101E40007CBA60938B1370938C1380938D13909353
:101E50008E1382EB9CE00F947CBA60938F13709387
:101E6000901380939113909392138EEA9CE00F94B9
:101E70007CBA60939313709394138093951390930B
:101E800096130F941625811106C08BE598E10E94E8
:101E900085710F941D280F947E25CE0101960F9415
:101EA000022880E495E70E945E6F85E898E10E9431
:101EB000857181E00F90DF91CF911F910F91FF907D
:101EC000EF90BF90AF909F908F907F906F905F90BA
:101ED0004F9008950E94538264E070E084E190E0A6
:101EE0000E94D63F91E08927E5CF2F923F924F92F3
:101EF0005F926F927F928F929F92AF92BF92CF929A
:101F0000DF92EF92FF920F931F93CF93DF93CDB7A2
:101F1000DEB7CF58D1090FB6F894DEBF0FBECDBFE4
:101F200082E08093BF02A090ED12B090EE12850186
:101F30000D5F1E4E46E050E06FE379E2C8010F945A
:101F400053B8892B09F0B5C080E399E20F94E251B0
:101F5000882309F48EC088E50E942741182F89E55F
:101F60000E942741811112600F9488511A821982B0
:101F7000FE01339683E1DF011D928A95E9F748EC73
:101F80005FEA60E070E08AE793E00F94B720811188
:101F900010927903009179030F5F009379038AE728
:101FA00093E00F94642280917803812B80937803CF
:101FB00010FF08C086E69FE00E94346D85E09FE038
:101FC0000E94276D11FF08C088E69FE00E94346DD3
:101FD00083E09FE00E94276D81E00E945A6482E0C6
:101FE0000E942660612FCE0101960E94A645CE0177
:101FF00001960E942DEE40E061E081E00E9416799A
:1020000061E081EC95E2033048F11092110E1092DC
:10201000100E80E00E945A640E94906160917803E3
:10202000CE0101960E94A64510927803CE0101963A
:102030000E94F16746EE5CE361E080E00E9434615B
:102040008FE30E944E6040E060E090E080E00E94FC
:102050005EEF61E081110AC083EB95E20E947F8709
:1020600081E08093BF020E94ED7ED3C386EA95E2B1
:10207000F5CF82E299E20F94E251882369F00E9441
:102080009357811106C060E070E080E89FE30E94F2
:1020900085590F94A21EE4CF85E199E20F94E25195
:1020A0008823F1F20F94A21E60E080E00E943EEED1
:1020B000D7CF44E050E060E179E2C8010F9453B813
:1020C000892B09F0FCC08501095F1E4E49E050E0F4
:1020D00066E079E2C8010F9453B8892BC9F4F50181
:1020E000E05FFE4E1081153489F01855143008F069
:1020F000B7CF4AE050E070E060E0C5018F5E9E4ED1
:102100000F94FFB5812F0F942090AACF13E0F1CF49
:1021100049E050E06CEF78E2C8010F9453B8892B86
:1021200051F5F501E05FFE4E1081153411F118559F
:10213000143008F095CF4AE050E070E060E0C5014F
:102140008F5E9E4E0F94FFB5E12FF0E0EC5AFA4FF0
:10215000808140E051E002C0569547958A95E2F7AC
:10216000842F880F880F81506823812F0F94379315
:1021700077CF13E0E0CF49E050E062EF78E2C801AA
:102180000F9453B8892B09F06BCFF501E05FFE4E39
:102190008081853409F490C018EAC12EC80EB3E0DE
:1021A000BC1508F45DCFEC2CF12C4701880C991C70
:1021B000F401ED55FD4F0081202F2F70102F129547
:1021C0001770001F0027001F61816770660F062BC4
:1021D000F401EC55FD4FD080D694D694D694ED2DD5
:1021E000E370DE2E1A821982C5018F5E9E4EDC01DD
:1021F0003C91B22E3323E1F14AE050E0BE016F5F23
:102200007F4F0F94FFB56F70B62E89819A8100972A
:1022100079F1FC012081222359F14AE050E0BE010E
:102220006F5F7F4F0F94FFB5162F177089819A81CA
:102230000097F1F0DC012C912223D1F04AE050E02C
:10224000BE016F5F7F4F0F94FFB5062F0F7089811E
:102250009A81009769F0FC012081222349F04AE02D
:1022600050E0BE016F5F7F4F0F94FFB56370D62EB5
:10227000F401ED55FD4F17701295107F602F679593
:10228000662767951B29162B1083602F66950181A1
:10229000007E2D2D2370D22EDD0CDD0CDD0C062BE7
:1022A000D02AD182F701EC5AFA4F50E040E0608129
:1022B0008C2D0F94DC1CD4CEB3E0CB2E74CF45E034
:1022C00050E06CEE78E2C8010F9453B8892B09F006
:1022D000D9C18091120E882309F448C082EA95E2A0
:1022E0000F94E251882379F08091D0051F928F934B
:1022F00081E895E19F938F930F9436B90F900F90DB
:102300000F900F90ADCE8EE995E20F94E2518823A5
:1023100019F010927D04A4CE8BE995E20F94E2515E
:10232000882321F18091CE059091CF0561E003963D
:102330000F94DD860F94DC818C018091831790913E
:102340008417A0918517B09186178093FF179093FB
:102350000018A0930118B0930218802F0E944B6EB2
:102360000A30110539F70F94F97A7ACE82EE98E2A5
:102370000F94E251882309F43CC01092C90614E678
:10238000C12CD12C76016F9A779864E170E080E0DF
:1023900090E00F94A01F0F947A1F4B015C01F894FA
:1023A0006F98679BFECF78940F947A1FDC01CB0166
:1023B00088199909AA09BB09C816D906EA06FB06B5
:1023C00010F46C017D011150F1F680E995E20E9454
:1023D0005E6F8CE895E235EFC31631E0D306E10479
:1023E000F10410F489E895E20E9485716F98779A5C
:1023F00037CE8EED98E20F94E251882321F140917F
:102400002604509127042CE3249FC001259F900DA2
:1024100011249F938F934091240450912504249F6D
:10242000C001259F900D11249F938F9381ED97E11B
:102430009F938F930F9436B90F900F900F900F903A
:102440000F900F900DCE89ED98E20F94E251882302
:1024500011F18CE89FE00F9474BA811110C061E013
:1024600081EC9DE60E947F8760E085EA9FE00F9403
:1024700098BA60E08FE79CE00F9498BAF1CD813074
:1024800009F0EECD0F94D62F8DE695E00F94342011
:102490000F94DF1FE5CD82ED98E20F94E25188237F
:1024A00021F080E00F94380EDBCD8CEC98E20F9495
:1024B000E251882351F01092FC1F1092FD1F1092E0
:1024C000FE1F1092FF1F0E94455789EC98E20F945F
:1024D000E2518823A9F044E150E065E17DE0CE01BE
:1024E00001960F9464BA8C89882329F08EEB98E2C8
:1024F0000F945DB9B5CDCE0101960F9403C1B0CD57
:102500008AEB98E20F94E251882329F08EEA98E250
:102510000E948571A5CD8AEA98E20F94E251882342
:1025200019F086E898E2F4CF81E898E20F94E2513E
:10253000811196CD8EE798E20F94E251882379F0CD
:1025400081EA9DE00F9474BA4BE0849FC00111248E
:1025500070E060E0805B924F0F94B6BA81CD8BE75C
:1025600098E20F94E251882351F00E94906140E07C
:1025700070E060E084E690E00F94D23C71CD87E794
:1025800098E20F94E2518823E1F086E50E9427410A
:10259000882309F465CD0E94E14011E0892B09F4FC
:1025A00010E00F94885180911D1490E018171906BF
:1025B00009F456CD10931D1484EF96E00F94D35276
:1025C0004FCD80E798E20F94E251882309F448CD7B
:1025D00084E40E9427418823A1F00E94BA4520E0AC
:1025E00030E04AE754E40F9441B520E030E040E0A9
:1025F0005FE30F949CBB0F9414BDCB010E947FF846
:102600002FCD8CE698E20F94E251882321F080913F
:10261000120E811112C085EA9DE00F9482BABC01AE
:1026200090E080E00F9400B520E030E04AE754E409
:102630000F949BBC0F94CA7A13CD8091CE059091D4
:10264000CF0502969093CF058093CE050E94BA45A0
:102650006B017C016FEF87EA9DE00F9498BA20E050
:1026600030E04AE754E4C701B6010F9441B520E0D9
:1026700030E040E05FE30F949CBB0F9414BD85EA0B
:102680009DE06ACFD8018C91873411F00C94F79EAD
:102690001093CF050093CE050E94E14090939903DB
:1026A000809398038B34910509F4D0C60CF049C18E
:1026B0008430910509F422C60CF0C5C097FDCFC047
:1026C00002970CF0A0C10E94BC3E8C010E94E14622
:1026D0006091E8037091E9038091EA039091EB0324
:1026E0000F9400B56B017C014090F8065090F906FC
:1026F0006090FA067090FB068090D8069090D906FC
:10270000A090DA06B090DB06A5019401C301B201E6
:102710000F949BBB20E030E048EC52E40F9441B5AD
:102720009B01AC01C701B6010F9425BE1816D4F465
:10273000A3019201C501B4010F949BBB20E030E0DE
:1027400048EC52E40F9441B5A70196010F949CBB4D
:102750000F9414BD6093E8037093E9038093EA0338
:102760009093EB0380919B0E882309F444C188E584
:102770000E94274181113FC189E50E9427418111B3
:102780003AC18AE50E942741811135C185E40E9442
:102790002741882309F42FC12091F8063091F906CA
:1027A0004091FA065091FB066091D8067091D906C7
:1027B0008091DA069091DB060F949BBB6B017C0144
:1027C0002DEC3CEC4CEC5DEB0F9491BC87FF05C10C
:1027D0008091E80681110C9459C60F94885180911C
:1027E000D8069091D906A091DA06B091DB068093C5
:1027F000F8069093F906A093FA06B093FB0688EFCB
:1028000096E00F94A0529091E80681E089270F94FA
:10281000BC91C157DF4F0FB6F894DEBF0FBECDBFDE
:10282000DF91CF911F910F91FF90EF90DF90CF90AC
:10283000BF90AF909F908F907F906F905F904F90E0
:102840003F902F9008958531910509F4D7C0FCF48D
:102850008A30910509F49BC50B9709F49CC58091BA
:10286000ED129091EE128D5F9E4E9F938F931F926B
:1028700087E48F9383EF96E19F938F930F9436B9FC
:102880000F900F900F900F900F900F90B7C08C315A
:10289000910509F482C54E9711F70F94885181E094
:1028A0008093010E0E94E1568C0180E090E0A8E444
:1028B000B4E48093B9029093BA02A093BB02B093A0
:1028C000BC0243E060E070E080E291EC0F94A694DB
:1028D0008091F7068F938091F6068F938091F5068D
:1028E0008F938091F4068F938091F3068F9380915C
:1028F000F2068F938091F1068F938091F0068F936B
:102900008091EF068F938091EE068F938091ED0674
:102910008F938091EC068F938BE69AE39F938F932E
:102920008CEA97E19F938F930F9436B9C8010E9468
:10293000C7561092010E0FB6F894DEBF0FBECDBF82
:102940005DC08835910509F459C0F4F481359105CD
:1029500011F40C94469E5CF48C34910509F499C5ED
:102960008035910509F07BCF0E943B7947C08635C1
:10297000910511F40C944A9E8735910509F06FCFAB
:1029800080E10E9485EA3AC08C35910511F40C94DF
:10299000569E74F48A35910511F40C944F9E8B3534
:1029A000910509F05CCF8091430487600C94529E9E
:1029B0008236910511F40C94E49E8336910509F05A
:1029C0004ECF1092120E60E084EC9FE00F9498BA04
:1029D00082E00E9426600C94F39E2DEC3CEC4CECC3
:1029E0005DE3C701B6010F9425BE181624F480914B
:1029F000E8068111F2CEC8010E94885D1092990309
:102A0000109298032DCB0E94BC3EE0969FAF8EAFF4
:102A1000E0970E94E14689E40E942741882309F457
:102A200000C40E94BA456093900370939103809311
:102A30009203909393038AE40E942741C12CD12CE6
:102A40007601882321F00E94BA456B017C01C09277
:102A50009403D0929503E0929603F0929703E0914D
:102A60009803F0919903C257DF4FF983E883CE585A
:102A7000D0408090900390909103A0909203B090EA
:102A80009303A7019601C501B4010F9438BEAE9619
:102A90006CAF7DAF8EAF9FAFAE97609139027091F2
:102AA0003A02072E000C880B990B0F9402B5209167
:102AB000B9023091BA024091BB025091BC020F940E
:102AC00041B52EE333EC4EE259E30F9441B5AA969B
:102AD0006CAF7DAF8EAF9FAFAA9780E1ECEEF6E0D2
:102AE000DE01119601900D928A95E1F7A5019401FE
:102AF00050586E962CAF3DAF4EAF5FAF6E97D7017B
:102B0000C601B0586A968CAF9DAFAEAFBFAF6A97A3
:102B100029813A814B815C81E6962CAF3DAF4EAF67
:102B20005FAFE697C501B4010F949CBBEA966CAF0A
:102B30007DAF8EAF9FAFEA978D819E81AF81B885C3
:102B4000EE968CAF9DAFAEAFBFAFEE979C01AD01DF
:102B5000C701B6010F949CBBCE57DF4F68837983C2
:102B60008A839B83C258D04029853A854B855C85F2
:102B70006091D4067091D5068091D6069091D706C3
:102B80000F949BBBC258DF4F688379838A839B83F2
:102B9000CE57D0402091CC063091CD064091CE0644
:102BA0005091CF06CA57DF4F288339834A835B830E
:102BB000C658D040EA962CAD3DAD4EAD5FADEA971C
:102BC000CA57DF4F688179818A819B81C658D0407E
:102BD0000F949BBB6B017C018091D0069091D10634
:102BE000A091D206B091D306C657DF4F8883998350
:102BF000AA83BB83CA58D040CE57DF4F2881398182
:102C00004A815B81C258D040BC01CD010F949BBB6F
:102C10004B015C013090DD0E2090DE0E9091DF0EB6
:102C20006F969FAF6F97A091E00EA396AFAFA3975B
:102C3000A70196016E966CAD7DAD8EAD9FAD6E9782
:102C40000F9441B52B013C01A50194016A966CAD2E
:102C50007DAD8EAD9FAD6A970F9441B59B01AC01E0
:102C6000C301B2010F949CBB2B013C01A50194014F
:102C70006E966CAD7DAD8EAD9FAD6E970F9441B5E8
:102C80004B015C01A70196016A966CAD7DAD8EADDE
:102C90009FAD6A970F9441B59B01AC01C501B4018A
:102CA0000F949BBBA30192010F941BBC6B017C0191
:102CB00020E030E0A9010F9491BC87FF0AC02BED02
:102CC0003FE049EC50E4C701B6010F949CBB6B0197
:102CD0007C016091E60E7091E70E6115710509F4B3
:102CE000A4C290E080E00F9400B59B01AC016BEDB5
:102CF0007FE089EC90E40F949BBCAE962CAD3DAD8B
:102D00004EAD5FADAE970F9441B55B018C01609104
:102D1000E80E7091E90E61157105F1F090E080E028
:102D20000F9400B520E030E040E752E40F9441B545
:102D30009B01AC01AA966CAD7DAD8EAD9FADAA97FF
:102D40000F949BBC3B014C019501A8010F9491BCD1
:102D500087FF02C0530184014090E10E5090E20EC3
:102D60006090E30E7090E40E9501A801B201C301DA
:102D70000F9425BE1816C4F09501A801632D722D7D
:102D80006F968FAD6F97A3969FADA3970F9491BC4D
:102D90002501380187FF08C0432C522C6F966FAC79
:102DA0006F97A3967FACA397C257DF4FE881F98155
:102DB000CE58D040329751F42BED3FE049EC50E42F
:102DC000C701B6010F949BBB6B017C01CA57DF4F53
:102DD000288139814A815B81C658D040E6966CAD26
:102DE0007DAD8EAD9FADE6970F9491BC811125C04E
:102DF000C657DF4F288139814A815B81CA58D0404C
:102E0000EE966CAD7DAD8EAD9FADEE970F9491BCFF
:102E1000811113C020E030E0A901C701B6010F9471
:102E200091BC81110AC02BED3FE049EC50E4C70191
:102E3000B6010F949CBB6B017C01A7019601AE9675
:102E40006CAD7DAD8EAD9FADAE970F9441B5C258C0
:102E5000DF4F288139814A815B81CE57D0400F9462
:102E600038BE4B015C012FE632E143E85AE30F9490
:102E700091BC87FDCFC19201A301C501B4010F949C
:102E80009BBC0F947ABC0F9414BDA4967FAF6EAF19
:102E9000A4976230710508F48BC1E0964EAD5FAD2A
:102EA000E097452B09F484C15091E50E6F965FAF12
:102EB0006F9790E080E00F9400B54B015C01AC018E
:102EC0009B01C701B6010F949BBC2B013C01A501DE
:102ED0009401C258DF4F688179818A819B81CE57E6
:102EE000D0400F949BBCEE966CAF7DAF8EAF9FAF82
:102EF000EE972D853E854F8558896091D806709153
:102F0000D9068091DA069091DB060F949BBBA50150
:102F100094010F949BBCC258DF4F688379838A83E6
:102F20009B83CE57D040A3019201C301B2010F94FD
:102F300041B56B017C01AC019B01C301B2010F944F
:102F400041B520E030E040EC50E40F949BBC9B0185
:102F5000AC01C301B2010F949BBBAE966CAF7DAFC9
:102F60008EAF9FAFAE9720E030E040E05FE3C70157
:102F7000B6010F9441B59B01AC0160E070E080E8C0
:102F80009FE30F949BBBE6966CAF7DAF8EAF9FAF78
:102F9000E69722242394312C6F968FAD6F97811181
:102FA0004DC1B10190E080E00F9400B5A301920102
:102FB0000F9441B56B017C010F9496BC6A966CAF7F
:102FC0007DAF8EAF9FAF6A97C701B6010F945CBF0C
:102FD0004B015C01C0909003D0909103E09092036C
:102FE000F0909303F7FAF094F7F8F094209194039B
:102FF000309195034091960350919703A2962CAF80
:103000003DAF4EAF5FAFA297A70196016A966CAD38
:103010007DAD8EAD9FAD6A970F9441B56E966CAF46
:103020007DAF8EAF9FAF6E97A2962CAD3DAD4EADEE
:103030005FADA297C501B4010F9441B59B01AC01EE
:103040006E966CAD7DAD8EAD9FAD6E970F949CBBB3
:103050006E966CAF7DAF8EAF9FAF6E97A701960156
:10306000C501B4010F9441B56B017C01A2962CAD52
:103070003DAD4EAD5FADA2976A966CAD7DAD8EADA8
:103080009FAD6A970F9441B59B01AC01C701B60192
:103090000F949BBB6A966CAF7DAF8EAF9FAF6A9764
:1030A0003091E50E6F963FAF6F976E962CAD3DADAC
:1030B0004EAD5FAD6E97EA966CAD7DAD8EAD9FADBA
:1030C000EA970F949CBB69837A838B839C836A966F
:1030D0002CAD3DAD4EAD5FAD6A97CE57DF4F6881E9
:1030E00079818A819B81C258D0400F949CBB6D83AB
:1030F0007E838F839887EE962CAD3DAD4EAD5FAD50
:10310000EE9769857A858B859C850F949CBB698732
:103110007A878B879C87C258DF4F288139814A8103
:103120005B81CE57D0406D857E858F8598890F94C1
:103130009CBB6D877E878F87988BCE0101960E94FE
:10314000495DE0968EAD9FADE0972816390608F1EF
:10315000E984FA840B851C852D813E814F81588539
:1031600069817A818B819C813F922F92ACEEB6E08F
:10317000BF93AF93AA968CAC9DACAEACBFACAA97F4
:10318000DE011D966D010F94FA520F900F900F9073
:103190000F908091060E81113DC0BFEF2B1A3B0AA4
:1031A000A496EEADFFADA497E215F30509F0F4CEB9
:1031B0008CEC96E00E94495DE090D406F090D50634
:1031C0000091D6061091D7062091D0063091D106F5
:1031D0004091D2065091D3066091CC067091CD06F5
:1031E0008091CE069091CF061F921F92ECEEF6E0F2
:1031F000FF93EF93AA968CAC9DACAEACBFACAA97F4
:10320000E8EDCE2EE6E0DE2E0F94FA520F900F90EE
:103210000F900F900E94483F8BE893E00F94642238
:10322000EDCB60E070E0CB01FECBA32CB22C6F960F
:103230000FAD6F97A3961FADA39769CD6F964FAD56
:103240006F9741506F964FAF6F97AE962CAD3DADD7
:103250004EAD5FADAE976E966CAD7DAD8EAD9FAD54
:103260006E970F9441B56B017C01E6962CAD3DAD98
:103270004EAD5FADE6976A966CAD7DAD8EAD9FAD00
:103280006A970F9441B59B01AC01C701B6010F9439
:103290009CBB7B018C01E6962CAD3DAD4EAD5FAD88
:1032A000E6976E966CAD7DAD8EAD9FAD6E970F942B
:1032B00041B54B015C01AE962CAD3DAD4EAD5FAD61
:1032C000AE976A966CAD7DAD8EAD9FAD6A970F944B
:1032D00041B59B01AC01C501B4010F949BBB6E9637
:1032E0006CAF7DAF8EAF9FAF6E97C701D8016A9666
:1032F0008CAF9DAFAEAFBFAF6A97D7CE80E50E94CF
:103300002741C12CD12C7601882331F00E94BA4587
:103310000F9414BD6B017C0183E50E942741882333
:1033200061F00E94BA4520E030E04AE754E40F948F
:1033300041B50F9414BD6B017C01C114D104E104AB
:10334000F10441F080911E07873021F088EC97E16D
:103350000E940AEE0F9488510F94D31FC60ED71EF9
:10336000E81EF91E8BE893E00F9464220F94D31F9C
:103370006C157D058E059F0508F040CB0F94604FBE
:1033800080E00E943E8A80E00E942660EFCF81E0CC
:103390000F94BC9133CB80E0FBCF88E50E9427419E
:1033A000382E412C512C3201882321F00E94EE400E
:1033B0002B013C0189E50E942741282E882309F42E
:1033C0003EC00E94EE406E966CAF7DAF8EAF9FAF59
:1033D0006E978AE50E942741D82E812C912C5401AA
:1033E000882321F00E94EE404B015C0187E50E949A
:1033F000274167968FAF679783E40E9427416796BE
:10340000FFAD6797FF938F93CD2C6E96ECACFDAC20
:103410000EAD1FAD6E97222DB301A201832D0E9428
:1034200035770F900F903110E9CA2110E7CA6796DF
:103430002FAD67972111E2CAD110E0CA95CA6E96E6
:103440001CAE1DAE1EAE1FAE6E97C3CF08E210E0DD
:1034500023EAE22E27E1F22E602F70E090E080E078
:103460000F9400B50E9493419F938F937F936F9326
:103470001F930F93FF92EF920F9436B90F5F1F4F78
:103480000FB6F894DEBF0FBECDBF0F36110521F782
:10349000B5CA20E030E040E251E46091F40370915D
:1034A000F5038091F6039091F7030F9425BE87FFF3
:1034B00005C088E598E20E948571A0CA82E00E945A
:1034C00092EA811105C088E492E10E9402F896CA4E
:1034D0008091E906882341F08091EA06882321F053
:1034E0001091EB06111108C081E08093FD1082E27B
:1034F0009EE20F94657C82CA81E092E10E9402F80C
:1035000041E060E082E29AE60E945EEF81115FC0D6
:1035100080E090E0A0EAB0E48093F4069093F50692
:10352000A093F606B093F70660E070E088E492E4BA
:103530000F94696580E090E0A8E4B2E48093F4061B
:103540009093F506A093F606B093F70680E090E01E
:10355000A4E3B3E48093F0069093F106A093F206FF
:10356000B093F30660E070E088E492E40F9469653C
:103570000F94885185ED99E60E9402F8ECE5FFE68C
:1035800085919591A591B4918093F0069093F10661
:10359000A093F206B093F306E8E5FFE685919591D6
:1035A000A591B4918093EC069093ED06A093EE065E
:1035B000B093EF0660E070E088E492E40F946965F0
:1035C0000F94885141E060E080E00E94167920E08D
:1035D00030E04CE052E46091F4037091F503809187
:1035E000F6039091F7030F9425BE18160CF075C0E2
:1035F0008091120E811171C080E090E0A8ECB2E4DD
:103600008093F4069093F506A093F606B093F70620
:1036100060E070E088E492E40F9469650F948D2572
:1036200019821A821B821C821D82CE0101960F9480
:10363000642203E291E8E92E95E2F92E20E030E0E1
:103640004CE052E46091F4037091F5038091F6032D
:103650009091F7030F9425BE1816B4F58BEB91E10A
:103660000E94E0F342E864E080E00E9440611F9223
:103670000F936091F4037091F5038091F60390919C
:10368000F7030F940DBD7F936F93FF92EF920E940B
:10369000386081E80E944E6088EE93E00E94798C49
:1036A0000E946C6F40E053E567E070E0CE01019648
:1036B0000F94B7200F900F900F900F900F900F90D6
:1036C000882309F4BBCF10E081E00E945A641111F5
:1036D00004C080E00F946B0B91C90F94885181E076
:1036E0008093010E0E945A648AE398E20E948571D9
:1036F0008090F4039090F503A090F603B090F70348
:1037000020E030E040EA50E4C501B4010F949BBCD6
:103710000F940DBD25E0269FA001279F500D112479
:10372000BA01550F880B990B0F9402B51B017C0150
:1037300020E030E04CE052E40F9491BC87FF06C0DB
:10374000212C312C0CE0E02E82E4F82E222D332D9A
:103750004E2D5F2DC501B4010F9425BE181664F4DB
:1037600020E030E040EA50E4622D732D8E2D9F2D35
:103770000F949CBB1B017C01FF92EF923F922F9212
:103780008AE897E19F938F930F9436B920E030E059
:1037900040EF51E4622D732D8E2D9F2D0F949BBB16
:1037A00020E030E04CE852E40F949CBB0F940DBD38
:1037B0007093CB066093CA0684E080931E0781E075
:1037C0008093550488E49BE30E940AEE80E090E039
:1037D000A0EAB0E48093F4069093F506A093F60671
:1037E000B093F70660E070E088E492E40F946965B6
:1037F00080E090E0A0EAB1E48093EC069093ED06BF
:10380000A093EE06B093EF0680E090E0A0E7B2E46C
:103810008093F0069093F106A093F206B093F3061E
:1038200060E070E088E492E40F9469658AE999E9C0
:10383000A9E1BEE38093F4069093F506A093F60603
:10384000B093F70660E070E088E492E40F94696555
:103850000F9488510F900F900F900F900F900F9032
:103860002091F4033091F5034091F6035091F70352
:10387000622D732D8E2D9F2D0F9425BE18163CF4AE
:1038800088EE93E00E94798C0E946C6FE9CF60E033
:1038900086EA9FE00F9498BA80E090E0A0EAB0E456
:1038A0008093F4069093F506A093F606B093F7067E
:1038B00060E070E088E492E40F946965E8E5FFE673
:1038C00085919591A591B4918093EC069093ED0626
:1038D000A093EE06B093EF06ECE5FFE68591959197
:1038E000A591B4918093F0069093F106A093F2060F
:1038F000B093F30660E070E088E492E40F946965A9
:103900000F94885143E060E070E080E89FEB0F94F3
:10391000A694811105C00F946B0B1092010E6EC816
:103920009091F40667969FAF6797A091F5066B9606
:10393000AFAF6B97B091F6066F96BFAF6F97E09100
:10394000F706A796EFAFA797EF93BF93AF939F9319
:103950008DE797E19F938F930F9436B90F900F9057
:103960000F900F900F900F90BEEAAB2EBFE0BB2ED2
:1039700013E2C12ED12C0FEF1FEFB6010D2C000C5E
:10398000880B990B0F9402B52B013C01DF92CF926B
:10399000C80102969F938F9321E437E13F932F93C1
:1039A0000F9436B948015FEF851A950A0F900F9072
:1039B0000F900F900F900F9011F40C9467C670E069
:1039C00060E0C5010F94B6BAA3019201622D732D78
:1039D0008E2D9F2D0F9491BC181644F485E0881607
:1039E000910411F00C9473C605E010E0580197E2C1
:1039F000A91A98EFB90AAA0CBB1C85E0809F100198
:103A0000819F300C11240D5F1F4FFAE94F2EF9E909
:103A10005F2EF9E16F2EFEE37F2EA8E08A2EA7E14C
:103A20009A2EC801029705970CF0D4C0B101635DCE
:103A30007F4F072E000C880B990B0F9402B56B017A
:103A40007C011F930F93A4E3B7E1BF93AF930F944F
:103A500036B90093550420E030E040EF51E4C7014F
:103A6000B6010F949BBB20E030E040E251E40F949C
:103A700041B520E030E040EA50E40F949BBC20E0E8
:103A800030E048E452E40F949CBB0F940DBD70935A
:103A9000CB066093CA0680E090E0A0EAB0E4809391
:103AA000F4069093F506A093F606B093F70660E04F
:103AB00070E088E492E40F94696520E030E040EA29
:103AC00051E42093EC063093ED064093EE065093BC
:103AD000EF0680E090E0A0E7B2E48093F0069093D8
:103AE000F106A093F206B093F30660E070E088E47C
:103AF00092E40F9469654092F4065092F506609244
:103B0000F6067092F70660E070E088E492E40F94A5
:103B100069650F9488510F900F900F900F9020912E
:103B2000F4033091F5034091F6035091F703C70178
:103B3000B6010F9425BE18163CF488EE93E00E945F
:103B4000798C0E946C6FEBCF80E090E0A0EAB0E44B
:103B50008093F4069093F506A093F606B093F706CB
:103B600060E070E088E492E40F946965E8E5FFE6C0
:103B700085919591A591B4918093EC069093ED0673
:103B8000A093EE06B093EF06ECE5FFE685919591E4
:103B9000A591B4918093F0069093F106A093F2065C
:103BA000B093F30660E070E088E492E40F946965F6
:103BB0000F94885143E060E070E080E89FEB0F9441
:103BC000A69495E0290E311C0F5F1F4F811104C090
:103BD0000F946B0B81E09FCE67967FAD67976B96D6
:103BE0006FAD6B976F969FAD6F97A7968FADA797A9
:103BF000272F362F492F582F6091F4067091F50624
:103C00008091F6069091F7060F949BBBF62EE72E57
:103C1000D82EC92E2091250E3091260E4091270EC8
:103C20005091280ED701F6016B2F7A2F8F2F9E2FE0
:103C30000F9441B50F940DBDA6966CAF7DAF8EAFBE
:103C40009FAFA697CF92DF92EF92FF928091F703FA
:103C50008F938091F6038F938091F5038F938091DA
:103C6000F4038F939F928F920F9436B9A4966EAD02
:103C70007FADA497C5010F94B6BAA2E0AA0EB11CFD
:103C80000FB6F894DEBF0FBECDBFCBCE0E941E7F15
:103C90000C94FE9480E10E9430EA0C94FE94809192
:103CA0004304887F809343040C94FE946EEDC62EEB
:103CB00062E0D62E8E010F5B1F4F9E012F5F3F4F9C
:103CC000790172EE872E72E0972E58013901D601E4
:103CD0008D916D010E942741F50181935F01882339
:103CE00041F00E94BA45D7016D937D938D939C93CB
:103CF0001397B4E0EB0EF11C8C149D0441F7F8010E
:103D0000D380DD2029F120E030E0A9016D857E859A
:103D10008F8598890F9491BC81111AC0D8018C911C
:103D2000811116C011968C911197811111C01296B4
:103D30008C9181110DC01092F8061092F906109224
:103D4000FA061092FB0681E080931D050C94FE9408
:103D50000F948851F12CE12CF80181918F01882377
:103D6000D1F097012451394F5901F301EE0DFF1D98
:103D70002081318142815381F701EF58F14F6081F9
:103D80007181828193810F949CBBD5016D937D934A
:103D90008D939C931397B4E0EB0EF11CECE0EE16C0
:103DA000F104D1F6DD2061F08D859E85AF85B8895F
:103DB0008093F8069093F906A093FA06B093FB0659
:103DC0000F940F610C94FE9481E08093120E61E0D9
:103DD00084EC9FE00F9498BA1092FF0360E08FEF9D
:103DE0009FE00F9498BA0E9480EC0C94FE948D345E
:103DF00011F00C94DCC41093CF050093CE05F801AC
:103E0000319681918032E9F38930D9F380538A3039
:103E100030F01F930F9386E298E20C947A910E94FF
:103E2000E1409093050E8093040E893C910511F4B6
:103E30000C94E6AC0CF0FEC28E34910511F40C9497
:103E40009AA80CF004C28C31910509F4D6C70CF085
:103E5000F1C08531910509F4E9C60CF05AC08131F1
:103E6000910509F4DAC6DCF4029708F445C680919E
:103E7000ED129091EE128D5F9E4E9F938F931F9245
:103E80008DE48F9383EF96E19F938F930F9436B9D0
:103E90000F900F900F900F900F900F9012C68231DD
:103EA000910511F40C9402AA449709F781E08093DC
:103EB000BF0283EE96E10E94857184E50E9427414E
:103EC000182F8CE40E94274100E080FB00F910FBD2
:103ED00001F981E795E10E94406E83E2E1E7F5E1B7
:103EE000DE01119601900D928A95E1F720E050E0F5
:103EF00040E0BE016F5F7F4F8AEF92E00F94777EC4
:103F0000CE0101960E94456E85ED96E10E94857175
:103F1000D8C58831910509F49AC684F48631910593
:103F200009F488C6479709F0A2CF8091CE059091F9
:103F3000CF0561E004960F94DD86C3C58A319105F3
:103F400009F4CBC60CF0EBC60EED12E0FFE3AF2E8A
:103F5000F2E0BF2EA1E2CA2EA2E0DA2EB5E1EB2EEE
:103F6000B2E0FB2EF80181918F010E942741882346
:103F700021F10E94BA45D6014D905D906D907C90E4
:103F8000A30192010F9491BC87FD11C00E94BA4514
:103F9000F7014080518062807380A30192010F94E9
:103FA00025BE181624F00E94BA452B013C01D5010C
:103FB0004D925D926D927C921397B4E0AB0EB11C62
:103FC000E4E0CE0ED11CF4E0EF0EF11C22E0013E45
:103FD000120741F683E50E942741882311F40C94CF
:103FE00074BD0E94D44081116CC580E090E0A8E4CB
:103FF000B2E480933F0290934002A0934102B093B9
:10400000420280E090E0AEE3B3E4809343029093F9
:104010004402A0934502B093460280E090E0A0EAFB
:10402000B1E48093470290934802A0934902B09371
:104030004A0247C58D32910509F480C70CF0D9C0FA
:104040008F31910509F408C70CF059C08D319105E5
:1040500009F437C54E9709F00ACF8091EC148823F4
:1040600009F42FC50F94F97A0091CE051091CF0570
:104070000C5F1F4F8091EC14882309F422C58BE755
:1040800097E10F94FC431092EB1423961FAF0EAFF1
:104090002397CE018F5B9F4F0F945886882309F496
:1040A00010C523964EAD5FAD239760919415709126
:1040B000951519821C8222E0CE0101960F94DF69CA
:1040C0008111A3C610E0CE0101960E94456E112316
:1040D00009F4B2C687E495E20E945E6F23968EAD26
:1040E0009FAD23970E94F3821092FF171092001841
:1040F00010920118109202180F942284E2C48A329E
:10410000910509F4D0C68C32910509F4FEC680975A
:1041100009F0ADCE8091EB1481110F94885100917C
:10412000CE051091CF050C5F1F4F61E270E0C80112
:104130000F94CBC0009719F08C010F5F1F4F80E5E3
:104140000E942741F82E8091CE059091CF05081747
:10415000190708F4F12C8091EC14882309F4B1C4F8
:1041600061E06F25C8010F94DD8683E50E94274139
:10417000882399F08091CE059091CF058017910703
:1041800060F40E94EE406093FF17709300188093D4
:104190000118909302180F94047D8091EC148823E9
:1041A00031F081E08093EB1485E08093130EF110E1
:1041B00088C480917E17882361F08091FF179091C9
:1041C0000018A0910118B0910218892B8A2B8B2B13
:1041D00069F40E947541109287031092880310922F
:1041E000890310928A0380E00E94DE810F94D62F0B
:1041F00068C48934910509F4E5C6CCF48E32910582
:1042000009F4A2C68834910509F031CE83E50E94F5
:104210002741882309F4C7C60E94D440882309F4A3
:10422000BFC6813009F04DC48093130E4AC48C344C
:10423000910509F467C70CF078C78B34910509F034
:1042400016CE0E945EF8882309F43BC4CFCF8E3689
:10425000910511F40C94F9AA0CF07DC086359105F6
:1042600011F40C9452AAB4F58335910511F40C9411
:10427000FCA974F48F34910509F477C78235910550
:1042800009F0F5CD80914304877F8093430419C4DE
:104290008435910511F40C9402AA8535910509F035
:1042A000E6CD83E50E942741882309F40AC40E94D1
:1042B000BA4520E030E04AE754E40F9441B50F944A
:1042C00014BD60938303709384038093850390935C
:1042D0008603F7C38936910509F4A3C7C4F48C3566
:1042E000910511F40C946FAA8836910509F0BFCDA1
:1042F00083E50E942741882309F4E3C30E94BA455D
:104300000F940DBD7093110E6093100EDAC38B36AF
:10431000910511F40C94F9A914F40C94EBA98D36C1
:10432000910509F0A4CD8CED9CE40E940AEE81E099
:10433000809341040F948C4783E50E942741882392
:1043400009F482C70E94BA450F940DBD7093110EF7
:104350006093100E7EC78737910511F40C943BAC27
:1043600094F58237910511F40C94F0ABA4F48037E6
:10437000910509F443C78137910509F078CD83E5AC
:104380000E942741882311F40C940AAB0E94D44068
:1043900080932F0296C38537910511F40C94F3ABEB
:1043A00014F00C9403AC8337910509F060CD86E5D9
:1043B0000E942741882311F40C941FAB87E89EE4E8
:1043C0000E9485717EC38C38910509F41BC754F493
:1043D0008B37910511F40C94A0AC8D37910509F43D
:1043E000B3CD45CD8E3B910509F463C7883C91055B
:1043F00011F40C94A3AC8B39910509F038CD83E509
:104400000E942741882359F00E94D4408093E314EE
:10441000882309F412C784EE94E10F94642283E4A4
:104420000E942741882309F40BC70E94D44080933F
:10443000E21447C3863FF1E09F0711F40C9458B68D
:104440000CF0F7C18C3231E0930711F40C9464AF97
:104450000CF01BC1803D910511F40C9452AE0CF090
:1044600073C08D3C910511F40C94BCAD9CF58B3C54
:10447000910511F40C9433AD8C3C910509F0F7CC07
:1044800083E50E942741882311F40C948BAD0E9490
:10449000BA456093D90E7093DA0E8093DB0E909339
:1044A000DC0E60934D0E70934E0E80934F0E9093E2
:1044B000500E84E50E942741882309F402C30E941C
:1044C000BA456093510E7093520E8093530E9093A1
:1044D000540EF7C28E3C910511F40C9435AE8F3C0E
:1044E000910509F0C4CC83E50E942741882351F04F
:1044F0000E94BA4560939C0E70939D0E80939E0E11
:1045000090939F0E86E40E942741882361F00E94C9
:10451000BA450E94C0566093A00E7093A10E80937E
:10452000A20E9093A30E8AE50E942741882309F4E6
:10453000C8C20E94BA456093A40E7093A50E8093E2
:10454000A60E9093A70EBDC28C3D910511F40C945C
:10455000B9AE0CF07DC0813D910511F40C9476AE9E
:10456000863D910509F083CC80E50E942741882390
:1045700011F40C94A5AE0E94BA452B013C0183E5D1
:104580000E942741882311F40C94AFAE0E94BA45D3
:104590004B015C018EE40E942741D090E50E8823F8
:1045A00029F00E94BA450F9414BDD62E82E50E94D0
:1045B0002741E090E60EF090E70E882329F00E9454
:1045C000BA450F9414BD7B0186E40E9427410091F7
:1045D000E80E1091E90E882329F00E94BA450F9445
:1045E00014BD8B0120E030E0A901C301B2010F949A
:1045F00091BC18160CF065C220E030E0A901C5019D
:10460000B4010F9491BC87FD5CC2A5019401C30164
:10461000B2010F9491BC87FD54C24092DD0E5092BE
:10462000DE0E6092DF0E7092E00E8092E10E9092AC
:10463000E20EA092E30EB092E40ED092E50EF0925C
:10464000E70EE092E60E1093E90E0093E80E39C2F1
:10465000823E910511F40C940AAF803F910509F454
:1046600030C28D3D910509F002CC83E50E942741BF
:10467000882311F40C94F8AE0E94E1409093BE029E
:104680008093BD020E94B2551CC2803951E095074B
:1046900011F40C9429B60CF0A7C08F32B1E09B073F
:1046A00011F40C9408B0C4F48D32F1E09F0711F4BA
:1046B0000C948BAF8E32914009F0D9CB83E50E94E8
:1046C0002741882311F40C9404B00E94E140909398
:1046D0006C0280936B02F5C1863331E0930711F4CD
:1046E0000C943BB08E3541E0940711F40C94ECC26D
:1046F0008033914009F0BBCB80E50E94274188239D
:1047000051F00E94BA4560938D0E70938E0E809387
:104710008F0E9093900E89E40E942741882381F0A8
:104720000E94BA452CEA35EC47E25EE30F9441B5AE
:104730006093910E7093920E8093930E9093940ECB
:1047400084E40E942741882381F00E94BA452CEA24
:1047500035EC47E25EE30F949BBC6093950E70933B
:10476000960E8093970E9093980E0F94D12E89EF0A
:104770009FE20E945E6F85EE96E20E945E6F6091FE
:104780008D0E70918E0E80918F0E9091900E42E062
:104790000E94E06E81EE96E20E945E6F2CEA35EC9C
:1047A00047E25EE36091910E7091920E8091930EBC
:1047B0009091940E0F949BBC42E00E94E06E8DEDB0
:1047C00096E20E945E6F2CEA35EC47E25EE3609170
:1047D000950E7091960E8091970E9091980E0F9471
:1047E00041B50F94CA7A6DC18639A1E09A0711F4D8
:1047F0000C944BB674F48339E1E09E0711F40C94E9
:104800002DB68539914009F032CB81E00E94DB6BF7
:1048100058C1843F21E0920711F40C9450B614F073
:104820000C9454B6843A914009F021CB0E941E7F2B
:1048300048C1833C52E0950711F40C9472C40CF00B
:1048400092C08A35B2E09B0711F40C9483BD2CF51D
:104850008832F2E09F0711F40C946FB99CF4873F03
:1048600031E0930711F40C945CB68D3F914009F050
:10487000FECA80E495E70E945E6F8DEC96E20E948E
:104880005E6F1FC1883552E0950711F40C94A1B9F1
:104890008935924009F458CBEACA8E3BB2E09B07B7
:1048A00011F40C9432C40CF04CC08B35F2E09F072D
:1048B00011F40C948BBD8D3B924009F0D8CA8091C5
:1048C0001514813011F40C94D1C31FEF8CE40E94B5
:1048D0002741C12CD12C6CE8E62E62E4F62E882309
:1048E00021F00E94BA456B017C018AE50E942741B4
:1048F000882311F40C94E2C30E94BA459F770E946A
:10490000615F4B015C018AE50E942741082F0F94EB
:10491000448E86E10F948C4780911514813011F0FC
:104920000C94E7C3153018F4812F0F94730D109277
:1049300002040F948282C501B40190580E94615F05
:10494000C0C0813C32E0930711F40C9466C414F0AB
:104950000C946CC4803C924009F089CA80EC92E0CF
:104960000E945845AEC08438A3E09A0711F40C9415
:1049700019C10CF095C08235E3E09E0711F40C9448
:1049800091BD94F5843C22E0920711F40C948FC4FD
:10499000853C924009F06BCA83E50E942741882339
:1049A00051F00E94D440882311F40C94BBC4813090
:1049B00011F40C94C8C480911514813091F488E5E9
:1049C0000E942741882369F00E94D440813011F46D
:1049D0000C94D6C410F40C94D1C48A3211F40C9403
:1049E000DAC40F944B7C6DC08D3543E0940711F40D
:1049F0000C9407BF8E3553E0950711F40C949FBFBC
:104A00008C35934009F033CA83E50E9427418823FF
:104A100009F457C00E94E1408C018BED91E10E94A6
:104A20000AEE86E496E20E945E6FC8010F945D7CF8
:104A30000F94D31F4B015C0110920F0E8091100E4A
:104A40009091110E892B41F4FF24F3948091CA06B2
:104A50009091CB06892B09F0F12C2801012E000C36
:104A600066087708F1100C94C7BE80910F0E811173
:104A700012C0C301B2010F9402B52091F40330912A
:104A8000F5034091F6035091F7030F9425BE1816D5
:104A900014F40C94D9BE89EF9FE20E940AEE11C073
:104AA0008139B3E09B0711F40C944CC284F48B3829
:104AB000F3E09F0711F40C94C8C18C38934009F0BF
:104AC000D6C91092050E1092040E0C9430908439C1
:104AD00033E0930714F40C949BC2803A934009F09E
:104AE000C6C98091CE059091CF0521E02093EA14AC
:104AF00005960F94FC8CE5CF0091CE051091CF0563
:104B00000E5F1F4F80E50E942741C12CD12C7601FA
:104B1000882321F00E94EE406B017C0183E50E9416
:104B20002741882351F00E94EE409B01AC01A8EE82
:104B3000B3E00F9409BB6B017C01C8010F5F1F4FED
:104B4000DC014C914032C9F326E020931E07C114CA
:104B5000D104E104F104A1F52C91222389F10E94F2
:104B60002DEE0F948851809131048460809331043C
:104B70008BE893E00F946422C114D104E104F104A2
:104B8000A1F10F94D31FC60ED71EE81EF91E84E0B4
:104B90008093BF020F94D31F6C157D058E059F0572
:104BA000D8F082E08093BF02809131048B7F8093A4
:104BB00031048091EB14882359F110921E0781CFA4
:104BC0008091120E811105C080EF91E10E940AEEE2
:104BD000C8CF10921E07C5CF0E94E2688111E1CFB5
:104BE00090E080E00E94798CD5CF1091BF0284E0E4
:104BF0008093BF020E94DD680E94E268811105C0B7
:104C000090E080E00E94798CF7CF1093BF02CCCF68
:104C100083E49DE60E940AEE54CF87EE91E10E9464
:104C20000AEE17981698159814984BCF81E00F94B8
:104C3000548847CF1092EB141092EC1480E495E75F
:104C40000E945E6F86ED9DE20E9485713ACF0E94C0
:104C50009357882319F00E94D7EE33CF0E945EF855
:104C6000882309F42ECF80917E17882361F08091EC
:104C7000FF1790910018A0910118B0910218892B8C
:104C80008A2B8B2B69F40E94754110928703109236
:104C900088031092890310928A0380E00E94DE81CB
:104CA0008091EC14882331F081E08093EB1485E04F
:104CB0008093130E0F94D62F80911514813009F034
:104CC00000CF8091EB13882309F4FBCE809112185A
:104CD0008111F7CE0F940BB4F4CE8091EC1488239D
:104CE00009F4EFCE83E50E942741882309F4E9CE39
:104CF0000E94EE406B017C01C092FF17D092001819
:104D0000E0920118F09202180F94047DC09287037C
:104D1000D0928803E0928903F0928A03D2CE80E594
:104D20000E942741182F0E949357882391F0809169
:104D3000030E882349F080916A02811105C081E742
:104D400095E20E948571BDCE85E695E20E9485714F
:104D5000B8CE8091EB14882309F44AC01123E1F105
:104D60000F9489810E94566F8FE695E10E945E6FD5
:104D70006091FF17709100188091011890910218AE
:104D80004AE00E945F6E8FE20E944B6E6091F817BE
:104D90007091F9178091FA179091FB174AE00E94E1
:104DA0005F6E0E94566F0F94FE2E2CE330E040E0C1
:104DB00050E00F94E7BAC9016CE370E00F943DBB7B
:104DC0008C0190E080E00E94C46E8AE30E944B6EEA
:104DD000C8010F945D7C75CE80910215882329F05F
:104DE00082E095E10E94F382BFCF8DEE94E1FACF8D
:104DF00085E595E20E94857164CE8091CE05909103
:104E0000CF0504960F94FC8C5CCECE0101960F94D6
:104E1000E57D882309F456C961E0CE0101960F941F
:104E2000AD43009709F44EC925EEFC0120831C8296
:104E30000F94A13E182F47C98FE295E20E945E6F42
:104E400023968EAD9FAD23970E94E7828EE20E944B
:104E50004B6E0E94566F35CE0F94FE2E2CE330E041
:104E600040E050E00F94E7BA7F936F933F932F9306
:104E700087E198E29F938F938E010F5F1F4F1F93DF
:104E80000F930F948BB980E495E70E945E6FC80181
:104E90000E94F382C8010E942DEE0FB6F894DEBF87
:104EA0000FBECDBF0ECE83E50E942741882309F4B3
:104EB00008CE0E94D440082F80E50E9427411DE0C3
:104EC000882319F00E94D440182FEBEFF7E2849169
:104ED000811709F4F6CD319638E2E731F307B9F7D7
:104EE000163081F40093450461E0812F0E94D8E4DC
:104EF000602F812F0E94AAE4602F70E0812F0E9412
:104F000009E5DFCD17FDDDCDEFCF80E10E9430EA6E
:104F100081EA9DE00F9474BA4BE0849FC001112494
:104F200070E060E0805B924F0F94B6BA82E00E941E
:104F300030EA0E9446400E948752C3CD8AE50E9413
:104F400027410F94F495BDCD80915C17882319F10A
:104F5000CE0101960F94648D8823C1F089810E944F
:104F60004B6E8EE20E944B6E8A810E944B6E8EE2E7
:104F70000E944B6E8B810E944B6E8EE20E944B6EA4
:104F80008C810E944B6E0E94566F9BCD8BED97E2F9
:104F90000E945E6F96CD87ED97E20E94857191CD5C
:104FA0001092130E8ECD8091130E1F928F9383EC6F
:104FB00096E19F938F930F9436B90F900F900F90B7
:104FC0000F907FCD80E50E942741882321F00E9429
:104FD000D4408093AC0282E50E942741882341F0AF
:104FE0000E94BA450F9414BD7093B0026093AF0253
:104FF00081E50E942741882321F00E94D4408093BC
:10500000AB0283E50E942741882341F00E94BA4504
:105010000F9414BD7093B4026093B30283E40E94B2
:1050200027418823A9F00E94BA456B017C0120E04A
:1050300030E0A9010F9491BC6FEF7FEF181624F4B4
:10504000C701B6010F9414BD7093AE026093AD0218
:1050500084E40E9427418823A9F00E94BA456B018D
:105060007C0120E030E0A9010F9491BC6FEF7FEF4D
:10507000181624F4C701B6010F9414BD7093B20240
:105080006093B1028091AE028F938091AD028F93B5
:105090008091B0028F938091AF028F938091AC0288
:1050A000282F082E000C330B3F938F9389E696E14F
:1050B0009F938F9300E716E11F930F930F9436B9D8
:1050C0008091B2028F938091B1028F938091B4024C
:1050D0008F938091B3028F938091AB02282F082E7B
:1050E000000C330B3F938F9382E696E19F938F934F
:1050F0001F930F930F9436B90FB6F894DEBF0FBE0F
:10510000CDBFDFCC8091F803813009F0DACC82E0AA
:105110008093F8030F94D31F6093B8067093B90679
:105120008093BA069093BB06CCCC0F94FA2F0E94C2
:105130001856C7CC80ED97E20E945E6F8DEE9FE01F
:105140000F947CBA4AE00E945F6E8AEC97E20E945C
:105150005E6F81EF9FE00F947CBA4AE00E945F6E21
:1051600085EC97E20E948571ACCC89EF93E00F94B7
:10517000642283E50E942741882309F162E270E0FE
:105180008091CE059091CF050F94CBC08C01892BD7
:10519000B1F00F5F1F4F62E270E0C8010F94CBC007
:1051A000892B69F0E2EBF6E083E0DF011D928A953E
:1051B000E9F742E050E0B801CF010F94F4C08CE869
:1051C0009FE00F9474BA813009F07BCC0E9489571C
:1051D000882309F476CC0E949357882309F471CC74
:1051E00080914C05882329F080E496E10E94857126
:1051F00068CC83E296E10E94857163CC86E096E1FB
:105200000E943C7283E50E942741882309F459CC0F
:105210000E94BA450F940DBD7093CB066093CA06E9
:1052200050CC81EC97E20E945E6F0E94CC700E948D
:10523000D06D81E08093FD1044CC1092E414EFC84F
:1052400081E08093E2143DCC82E50E9427418111E8
:1052500079C80F94D31F6B017C016091100E70917F
:10526000110E072E000C880B990B0F9402B511E05C
:1052700020910A0E30910B0E40910C0E50910D0EA4
:105280000F9425BE18160CF010E01093090EC701FC
:10529000B6010F9473898EEC9CE40E940AEE82E0C2
:1052A000809341040F948C478BE893E00F94642221
:1052B00008CC82EC9CE40E940AEE83E080934104D7
:1052C00081E00F948C4783E50E942741182F8823A3
:1052D00049F00E94BA450F940DBD7093CB066093C0
:1052E000CA0605C082E50E9427418111F2CF0F94C2
:1052F000D31F6B017C0110920F0E6091CA06709152
:10530000CB06072E000C880B990B0F9402B501E019
:1053100020914D0530914E0540914F05509150051B
:105320000F9425BE18160CF000E00093090E809132
:105330000F0E81111CC06091CA067091CB06072E1A
:10534000000C880B990B0F9402B59B01AC01609186
:105350004D0570914E0580914F0590915005E0915B
:10536000090EEE2381F00F9491BC87FD12C089EBEA
:105370009CE40E940AEE84E0809341048BE893E071
:105380000F9464229ECB0F9425BE181684F711113A
:10539000EECF80910E0E823051F30F94D31F6C1913
:1053A0007D098E099F09693E73408105910550F082
:1053B0008091120E811102C00E946C6F0F94D31F56
:1053C0006B017C010F94604F80E00E943E8A80E078
:1053D0000E942660ACCF83E50E942741882329F0F4
:1053E0000E94D440809345046CCB8FEF809345049A
:1053F00068CB1092450465CB80914304886080930C
:1054000043045FCB83E50E942741882399F00E94E3
:10541000BA4520E030E04AE754E40F9441B50F94D8
:1054200014BD6093340270933502809336029093DA
:10543000370247CB88E50E9427418823D1F00F949B
:10544000885188E50E942741811128C089E50E9482
:105450002741882319F0169A1092EA068AE50E94DD
:10546000274185E40E942741882309F42ACB149A16
:1054700028CB89E50E9427418111E1CF8AE50E946E
:1054800027418111DCCF85E40E9427418111D7CFCC
:105490000F948851149A0E942F8213CB179A10925E
:1054A000E906D4CF83E50E942741882309F409CB7C
:1054B0000E94BA4520E030E04AE754E40F9441B539
:1054C0000F9414BD609330027093310280933202C6
:1054D0009093330280E496E00F946422F2CA4EED7A
:1054E000C42E42E0D42E59E1E52E5EE0F52E10E008
:1054F000F60181916F010E942741882309F467C05A
:105500000E94BA452B013C01133009F06AC020E02B
:1055100030E040EA51E40F9491BC87FF4EC0A301F4
:1055200092016091290E70912A0E80912B0E90911C
:105530002C0E0F949BBC4B015C01AC019B01609154
:105540006D0E70916E0E80916F0E9091700E0F9493
:1055500041B560936D0E70936E0E80936F0E9093B5
:10556000700E20906F0230907002A5019401D1015D
:105570001C966D917D918D919C911F970F9441B5D3
:10558000F10164877587868797876091BD05709163
:10559000BE058091BF059091C0050F9400B5A5018F
:1055A00094010F9441B50F9414BD6093BD057093A1
:1055B000BE058093BF059093C0054092290E50927E
:1055C0002A0E60922B0E70922C0E0F94C982B4E0BA
:1055D000EB0EF11C1F5F143009F08ACF0F9441527B
:1055E00070CAD70114964D925D926D927C92179776
:1055F000EECF8EE40E942741882309F462CA0E94FC
:10560000EE4060937F0370938003809381039093B7
:10561000820357CA80E495E70E945E6FC0902F0214
:10562000D12CF12CE12C8AEB97E20E945E6F4AE0CC
:10563000C701B6010E945F6E0E94566F42CA85E59F
:105640000E942741882309F457C00091CE0510918C
:10565000CF050F5F1F4F1093CF050093CE058091AC
:105660005B04882309F42DCABE016F5F7F4FC80118
:105670000E94BDEC882309F424CA8AE498E4DE0180
:105680001196BE01675F7F4FFC01459154912D91AA
:105690003D914217530710F40C9489C6241735071F
:1056A00008F40FCA0296A617B70771F70ACA4BE8A3
:1056B00051E163E080E00E94346140E068EE73E015
:1056C00082E390E00F94D23C84EF91E00E94798CC9
:1056D00040E068EE73E082E390E00F94D23C8EE10C
:1056E00090E00E940CF381E00E945A640E94906155
:1056F00080E00E942660E5C941E150E060E87CE07E
:10570000CE0101960F9464BA8CE997E20E945E6F15
:1057100087E89EE40E945E6F8AE997E20E945E6FCE
:1057200085E997E20E945E6F83E997E20E945E6FCF
:1057300089E897E20E945E6F8FE297E20E945E6FB7
:105740008BE297E20E945E6F8CE197E20E945E6FAF
:10575000CE0101960E94E7828AE097E20E945E6F86
:1057600089E097E20E9485711F9231E3F32EFF9248
:105770008EE195E29F938F9307ED14E21F930F93B1
:105780000F9436B91F92FF928EE095E29F938F930C
:105790001F930F930F9436B91F92FF928AEF94E2F2
:1057A0009F938F931F930F930F9436B91F92FF927D
:1057B0008DEE94E29F938F931F930F930F9436B9BE
:1057C0001F92FF9282EE94E29F938F931F930F9309
:1057D0000F9436B90FB6F894DEBF0FBECDBF71C9B6
:1057E0000E9451706EC9E091CE05F091CF05CF01B6
:1057F00004962481203209F401960E942DEE87E060
:1058000080931E075EC90091CE051091CF050B5FF6
:105810001F4F83E0F12C40E08150E9F0D8019C91CA
:10582000292F2B7F2134B9F411962C91213399F42F
:10583000913471F0953409F441E098012E5F3F4FA7
:1058400089012F5F3F4FF80190819032C9F3E4CF77
:10585000FF24F394F2CF442321F080E495E70E94E3
:105860005E6FFF2021F086E097E20E945E6FC80124
:105870000E94F38226C98DEE95E10E945E6F0E9420
:10588000566F85EE95E10E945E6F1E9947C080EECF
:1058900095E10E945E6F0E94566F8EEC95E10E942A
:1058A0005E6F8091060182FD3CC080EE95E10E9412
:1058B0005E6F0E94566F86EC95E10E945E6F1D99A7
:1058C00033C080EE95E10E945E6F0E94566F8EEBB2
:1058D00095E10E945E6F8091060187FD28C080EEF1
:1058E00095E10E945E6F0E94566F86EB95E10E94E3
:1058F0005E6F1C991FC080EE95E10E945E6F0E9452
:10590000566F8EEA95E10E945E6F019B16C080EE95
:1059100095E10E945E6F0E94566FD3C886ED95E1B7
:10592000B8CF86ED95E1C3CF86ED95E1CCCF86ED7E
:1059300095E1D7CF86ED95E1E0CF86ED95E1E9CF12
:105940000E947D56BEC884E50E942741882369F0E5
:105950000E94D440882349F080E495E70E945E6F5E
:1059600087E995E10E94E782ACC884E40E94274160
:10597000882309F4A6C80E94BA4520E030E0A901B6
:105980000F9491BC811105C01092B00E0E94B255C7
:1059900098C80E94BA456B017C0120E030E0A90163
:1059A0000F9491BC811106C0C12CD12C20EEE22EA7
:1059B0002FE3F22EC092B10ED092B20EE092B30E4F
:1059C000F092B40E81E08093B00EE0CF8EEDC82E41
:1059D00082E0D82E99E1E92E9EE0F92E10E0D60162
:1059E0008D916D010E942741882341F10E94BA45A3
:1059F0000F9414BD12304CF5653CB9E07B0781056E
:105A0000910540F5562F472F382F292F613CE3E0B1
:105A10007E078105910520F050EC43E030E020E066
:105A2000D70194966D937D938D939C939797F701EF
:105A3000E455FF4F5083418332832383B4E0EB0E60
:105A4000F11C1F5F143059F6C9CD562F472F382F40
:105A5000292FE6CF50EC43E030E020E064EC79E021
:105A600080E090E0DDCF1EEDA12E12E0B12E09E125
:105A7000C02E0EE0D02E912CF50181915F010E9485
:105A80002741882371F10E94BA457B018C01F1E026
:105A9000F915B8F120E030E048E453E40F9425BE56
:105AA000181644F15E2C6F2C702E812E20E030E011
:105AB00048EC52E4B701C8010F9425BE181634F122
:105AC000852D962DA72DB82DF601848B958BA68B51
:105AD000B78BC701D801E456FF4F80839183A2831F
:105AE000B3839394F4E0CF0ED11C24E09212C4CF80
:105AF0000C9461A5512C612CA8E47A2EB3E48B2E72
:105B0000D5CF562E6F2C782E812EDACFE12CF12CAA
:105B100008EC12E4D5CF80E50E942741882351F09C
:105B20000E94BA4560934D0E70934E0E80934F0EB7
:105B30009093500E82E50E942741882351F00E94E5
:105B4000BA456093510E7093520E8093530E90930A
:105B5000540E84E50E942741882311F40C9461A51A
:105B60000E94BA456093D90E7093DA0E8093DB0ED3
:105B70009093DC0E0C9461A583E50E942741882355
:105B800051F00E94BA456093550E7093560E809363
:105B9000570E9093580E84E50E942741882351F0B8
:105BA0000E94BA456093590E70935A0E80935B0E13
:105BB00090935C0E82E40E942741882361F00E944A
:105BC000BA450F9414BD60935D0E70935E0E809382
:105BD0005F0E9093600E88E50E942741882391F024
:105BE0000E94BA456093650E7093660E8093670EAF
:105BF0009093680E6093610E7093620E8093630EB3
:105C00009093640E89E50E942741882351F00E94F9
:105C1000BA456093650E7093660E8093670E9093FD
:105C2000680E8AE50E942741882351F00E94BA45F8
:105C30006093690E70936A0E80936B0E90936C0E56
:105C400085E40E942741882311F40C9461A50E94E9
:105C5000BA450E94798160936D0E70936E0E8093A9
:105C60006F0E9093700E0C9461A50EED12E0F1E7AB
:105C7000EF2EFEE0FF2ED8018D918D010E9427416D
:105C8000882339F00E94BA45F701608371838283CB
:105C90009383F4E0EF0EF11C22E0013E120759F766
:105CA0000C9461A583E50E942741882351F00E944E
:105CB000BA456093A80E7093A90E8093AA0E909394
:105CC000AB0E86E40E942741882311F40C9461A551
:105CD0000E94BA450E94C0566093AC0E7093AD0E00
:105CE0008093AE0E9093AF0E0C9461A583E50E9455
:105CF0002741882311F40C9461A50E94D440882385
:105D0000C1F08130E1F080E495E70E945E6F84E8A5
:105D100095E10E945E6F8091ED129091EE128D5F81
:105D20009E4E0E94E78281E097E20E9485710C946A
:105D300061A510929B0E1092E8060C9461A58093C9
:105D40009B0E1092E8060C9461A54090DD0E5090D9
:105D5000DE0E6090DF0E7090E00E0C94BFA280907B
:105D6000E10E9090E20EA090E30EB090E40E0C9441
:105D7000CAA282E40E942741182F882341F0809113
:105D8000390290913A0290932E0280932D0283E57E
:105D90000E942741082F882339F00E94E140909308
:105DA0003A0280933902102F82E50E94274188230E
:105DB00051F080912D0290912E0290933A0280939F
:105DC00039020C9461A511110C9461A580913A02DD
:105DD0008F93809139028F938BEF96E29F938F93ED
:105DE0000F9436B90F900F900F900F900C9461A5FF
:105DF0008091BE028F938091BD028F9385EF96E2D2
:105E00009F938F930F9436B90F900F900F900F9030
:105E10000C9461A580E50E942741882311F40C941D
:105E200061A50E94E1407C0183E50E9427410FEFBC
:105E30001FEF882319F00E94E1408C01C8010196F0
:105E4000039710F00C9461A5EBEFF7E227E138E23D
:105E50008491082E000C990BE816F90611F40C94A5
:105E600061A531962E173F0799F7F7FE02C00C94F3
:105E700061A50F948851DE2C60E08E2D0E94D8E43D
:105E80000F3F1007B1F00130110511F010E000E0F4
:105E90008D2D0E9481E48017910711F40C9461A567
:105EA0000F94604F80E00E943E8A80E00E9426604E
:105EB000EFCF8E2D0E9481E431E020E0892B09F0A4
:105EC00030E0032F122FE4CF80E50E94274108EE37
:105ED00013E0882329F00E94BA450F9414BD8B016A
:105EE00083E50E942741882371F00E94BA450F94F0
:105EF00014BD6115710549F4B80190E080E00F947C
:105F0000A01F0C9461A570E060E040E0C8010F9410
:105F1000D23C0C9461A580E50E942741882351F072
:105F20000E94BA456093810E7093820E8093830E17
:105F30009093840E89E40E942741882381F00E9477
:105F4000BA452CEA35EC47E25EE30F9441B5609325
:105F5000850E7093860E8093870E9093880E84E44E
:105F60000E942741882381F00E94BA452CEA35EC33
:105F700047E25EE30F949BBC6093890E70938A0E98
:105F800080938B0E90938C0E0F94D12E89EF9FE20D
:105F90000E945E6F81EF96E20E945E6F6091810EBB
:105FA0007091820E8091830E9091840E42E00E9447
:105FB000E06E8DEE96E20E945E6F2CEA35EC47E2D1
:105FC0005EE36091850E7091860E8091870E9091B0
:105FD000880E0F949BBC42E00E94E06E89EE96E230
:105FE0000E945E6F2CEA35EC47E25EE36091890E19
:105FF00070918A0E80918B0E90918C0E0F9441B50A
:106000000F94CA7A0C9461A590E080E00C9467A389
:1060100085E40E94274110E000E0882359F00E94A7
:10602000E1408C01C12CD12C7CE8E72E72E4F72EE4
:1060300097FD06C0C12CD12CE6E1EE2EE3E4FE2E46
:1060400083E50E942741882321F00E94BA456B0115
:106050007C0183E40E942741882351F00E94E140A3
:106060009C01A801C701B6010F94BD4B0C9461A51A
:1060700085E090E0F5CF89E40E942741882309F468
:1060800030C20E94E140AB968FAFAB9782E50E9491
:106090002741882309F42AC20E94BA45E2966CAFD0
:1060A0007DAF8EAF9FAFE29780E50E942741C12C64
:1060B000D12C60ECE62E6FE7F62E882321F00E94AB
:1060C000BA456B017C0185E50E942741882309F4CC
:1060D00018C20E94BA456E966CAF7DAF8EAF9FAF6F
:1060E0006E9786E50E942741882309F415C20E9415
:1060F000BA45A2966CAF7DAF8EAF9FAFA29783E4F7
:106100000E942741882309F412C20E94BA456A9668
:106110006CAF7DAF8EAF9FAF6A9784E40E9427413A
:10612000882309F40FC20E94BA45AA966CAF7DAFCE
:106130008EAF9FAFAA978CE40E9427410FEF1FEF0D
:10614000882319F00E94E1408C0183E50E942741D9
:10615000882309F402C20E94E140E3968FAFE397DF
:1061600082E40E942741882309F4FCC10E94E14097
:10617000E7968FAFE79784E50E942741882309F4CB
:10618000F6C10E94BA45A6966CAF7DAF8EAF9FAFA9
:10619000A69785E40E942741412C512C50EC652E96
:1061A0005FE7752E882321F00E94BA452B013C0140
:1061B00087E50E942741812C912C40ECA42E4FE7CB
:1061C000B42E882321F00E94BA454B015C0181E482
:1061D0000E94274122242A94322C882319F00E94FD
:1061E000E1401C0186E40E942741882309F4CAC1CA
:1061F0000E94E140EB968FAFEB97E2962CAD3DAD60
:106200004EAD5FADE297CA01B9010F94AABF8823D2
:1062100009F4C1C1A7019601C701B6010F94AABF35
:10622000882309F4B8C16E962CAD3DAD4EAD5FAD7F
:106230006E97CA01B9010F94AABF882309F4ABC1B4
:10624000A2962CAD3DAD4EAD5FADA297CA01B9018E
:106250000F94AABF882309F49EC16A962CAD3DAD68
:106260004EAD5FAD6A97CA01B9010F94AABF8823EA
:1062700009F491C1AA962CAD3DAD4EAD5FADAA9784
:10628000CA01B9010F94AABF882309F484C1A69654
:106290002CAD3DAD4EAD5FADA697CA01B9010F94CF
:1062A000AABF882309F477C1A5019401C501B401EF
:1062B0000F94AABF882309F46EC1A3019201C30100
:1062C000B2010F94AABF882309F465C1AB964FAD04
:1062D000AB9747FF60C1E3965FADE39757FF5BC1A4
:1062E000E7968FADE79787FF5BC137FE9FC117FD2C
:1062F0004EC1CE0101960F940F28A7019601C70148
:10630000B6010F94AABF882309F431C26E962CAD52
:106310003DAD4EAD5FAD6E97CA01B9010F94AABFF6
:1063200081110EC06E962CAD3DAD4EAD5FAD6E973A
:106330002093391330933A1340933B1350933C13FB
:10634000A2962CAD3DAD4EAD5FADA297CA01B9018D
:106350000F94AABF81110EC0A2968CAD9DADAEADBB
:10636000BFADA29780933D1390933E13A0933F132C
:10637000B09340136A962CAD3DAD4EAD5FAD6A97BC
:10638000CA01B9010F94AABF81111BC020E030E0FF
:10639000A9016A966CAD7DAD8EAD9FAD6A970F94E5
:1063A00025BE181674F46A962CAD3DAD4EAD5FADAA
:1063B0006A972093411330934213409343135093B1
:1063C0004413AA962CAD3DAD4EAD5FADAA97CA0160
:1063D000B9010F94AABF81110EC0AA968CAD9DADD4
:1063E000AEADBFADAA978093451390934613A0938B
:1063F0004713B093481317FD03C0C8010F94F72447
:10640000A6962CAD3DAD4EAD5FADA697CA01B901C4
:106410000F94AABF81110EC0A6962CAD3DAD4EAD16
:106420005FADA69720938B1330938C1340938D13FD
:1064300050938E13A5019401C501B4010F94AABF16
:10644000811111C020E030E0A901C501B4010F9411
:1064500025BE181644F480928F1390929013A09248
:106460009113B0929213A3019201C301B2010F9450
:10647000AABF811111C020E030E0A901C301B2011F
:106480000F9425BE181644F440929313509294131F
:106490006092951370929613C0909313D0909413BA
:1064A000E0909513F0909613A701960160918F13D9
:1064B0007091901380919113909192130F9425BE37
:1064C000181644F4C0928F13D0929013E092911357
:1064D000F09292130F947E25CE0101960F9402281C
:1064E000C8C04FEFAB964FAFAB97D0CD80E090E0F8
:1064F000A0ECBFE7E2968CAF9DAFAEAFBFAFE29727
:10650000D3CD20E030E040EC5FE76E962CAF3DAF9E
:106510004EAF5FAF6E97E5CD80E090E0A0ECBFE7B7
:10652000A2968CAF9DAFAEAFBFAFA297E8CD20E0F3
:1065300030E040EC5FE76A962CAF3DAF4EAF5FAF07
:106540006A97EBCD80E090E0A0ECBFE7AA968CAF15
:106550009DAFAEAFBFAFAA97EECD9FEFE3969FAFD3
:10656000E397FECDAFEFE796AFAFE79704CE20E01D
:1065700030E040EC5FE7A6962CAF3DAF4EAF5FAF8B
:10658000A69707CE3FEFEB963FAFEB9736CE0F9433
:1065900036240C9461A5E7969FADE79797FD09C057
:1065A00081E0E796AFADE797A11101C080E080934D
:1065B0003D02A7019601C701B6010F94AABF882327
:1065C00009F497CE6E962CAD3DAD4EAD5FAD6E9796
:1065D000CA01B9010F94AABF882309F48ACEA296F2
:1065E0002CAD3DAD4EAD5FADA297CA01B9010F9480
:1065F000AABF882309F47DCE6A962CAD3DAD4EAD81
:106600005FAD6A97CA01B9010F94AABF882309F444
:1066100070CEAA962CAD3DAD4EAD5FADAA97CA0126
:10662000B9010F94AABF882309F463CE17FD02C0F5
:106630000C94A8C6A6962CAD3DAD4EAD5FADA69709
:10664000CA01B9010F94AABF882309F452CEA5014B
:106650009401C501B4010F94AABF882309F449CE5F
:10666000A3019201C301B2010F94AABF882309F4C8
:1066700040CEAB963FADAB9737FD3BC0E2962CAD1D
:106680003DAD4EAD5FADE297CA01B9010F94AABF0F
:1066900081112FC0AB964FADAB97403154F520E040
:1066A00030E0A901E2966CAD7DAD8EAD9FADE29775
:1066B0000F9491BC1816ECF4CE0101960F940F289C
:1066C000AB965FADAB9784E05802F0011124E55B17
:1066D000FC4EE2962CAD3DAD4EAD5FADE297208312
:1066E0003183428353830F947E25CE0101960F940C
:1066F0000228E3963FADE39737FD06C081E03111F4
:1067000001C080E00F94B22837FE02C00C9461A54E
:1067100011E0EB964FADEB9714160CF010E081E012
:1067200080933C028091FF0D9091000E891B8F7029
:1067300041F480910E0E853069F10E94EF57882355
:1067400049F185EC94E29F938F9381E090E08C0F68
:106750009D1F9F938F930F948BB9CE0101960E943A
:10676000F9ED0F900F900F900F900C9461A520E021
:1067700030E0A901C701B6010F9425BE18160CF030
:10678000C5CDC0923513D0923613E0923713F092F4
:106790003813BCCD83E08093BF02809131048260C6
:1067A000809331040F9406182091411330914213C5
:1067B00040914313509144136E962CAF3DAF4EAFB2
:1067C0005FAF6E9780E4EBE4F3E1DE011196019098
:1067D0000D928A95E1F730917C0567963FAF6797F8
:1067E000812F0F94D4288FEA94E20E94857121149E
:1067F000310419F426EE222E312C80E00F942C2443
:1068000082E0482E512C93E9692E94E2792EAE0154
:106810004F5B5F4F4A0112E31092110E1092100E5F
:1068200020E030E048E452E460910A0E70910B0ED3
:1068300080910C0E90910D0E0F9425BE87FD58C0CF
:106840001F921F9389E794E29F938F939F928F9259
:106850000F948BB9C4010E94F9ED009145048FEFAC
:106860000F942C240F900F900F900F900F900F907B
:10687000C0900A0ED0900B0EE0900C0EF0900D0E12
:1068800020E030E048E452E4C701B6010F9425BE91
:1068900087FD27C080917A05811123C02091BC0615
:1068A0003091BD064091BE065091BF0660918B139A
:1068B00070918C1380918D1390918E130F949CBBCB
:1068C00020E030E040EA50E40F949CBB9B01AC0117
:1068D000C701B6010F9491BC87FD03C00F943951D5
:1068E000C7CF802F0F942C2480E197E20F9466513C
:1068F0007F926F92EBE6F4E2FF93EF939F928F9279
:106900000F948BB9C4010E94F9ED3092110E2092C0
:10691000100E0F94880E5C0180917A050F900F90F5
:106920000F900F900F900F9081117AC0A114B104B5
:1069300009F476C060914B1370914C1380914D1304
:1069400090914E139B01AC010F94AABF882361F074
:1069500080E090E0A8E4B2E480934B1390934C1352
:10696000A0934D13B0934E13C090BC06D090BD06BB
:10697000E090BE06F090BF0600E020E030E040EA84
:1069800051E461E473E1C5010E94AAE29B01AC01FC
:106990000F94AABF811144C00F9444514A944528D2
:1069A00009F485C080E395E70F9466513F922F92DA
:1069B0007F926F924EE554E25F934F939F928F9236
:1069C0000F948BB9C4010E94F9ED0F94880E2091A9
:1069D0007A050FB6F894DEBF0FBECDBF211120C0DF
:1069E0000097F1F0C090BC06D090BD06E090BE06C6
:1069F000F090BF0620E030E048E452E46BE473E13D
:106A00000E94AAE2BCE86B2EB4E27B2E442443949D
:106A1000512C9B01AC010F94AABF882309F4FCCE32
:106A200081E080933C020F948D2580913C02882365
:106A300009F4FDC08BE994E29F938F939F928F920C
:106A40000F948BB9C4010E94F9ED80917A050F90E3
:106A50000F900F900F90882319F08FEF0F942C2434
:106A60000F9436246E962CAD3DAD4EAD5FAD6E9756
:106A70002093411330934213409343135093441394
:106A800080E4FE013196ABE4B3E101900D928A956A
:106A9000E1F767968FAD67970F94B2280E94DD6883
:106AA000809131048D7F809331040C9461A58FEF28
:106AB0000F942C2480E395E70F946651E7E86E2E3F
:106AC000E3E17E2E1FEFFFE0AF2EB12C212C312C05
:106AD000A0EC4A2EAFE75A2EF30120823182428287
:106AE0005382812F0F942C2480E197E20F946651FA
:106AF000BF92AF922AE434E23F932F939F928F92FA
:106B00000F948BB9C4010E94F9ED0F94880E209167
:106B10007A050F900F900F900F900F900F9021110A
:106B20007FCF009709F47CCFC090BC06D090BD0603
:106B3000E090BE06F090BF0620914B1330914C13AD
:106B400040914D1350914E130A2DB3010E94AAE2B9
:106B50009B01AC010F94AABF811162CF54E0A51A2A
:106B6000B10880E1681A710810549FEFA916B906A0
:106B700009F0B2CF63E8E62E63E1F62E0EE010E0F6
:106B80007FE0372E8FE090E0801B910B8370992778
:106B9000892B59F4302E01501109F4E0EF1AF10855
:106BA0000115110579F780E03CCF8CEF830D87FD4F
:106BB00080E0082E000C990BFC01EE0FFF1FEE0F7A
:106BC000FF1FE55BFC4E4080518062807380B801FE
:106BD000681B790B072E000C880B990B0F9402B5DC
:106BE00020E030E040E85EE30F9441B55B016C01CA
:106BF000A32DB4E0AB02F0011124E55BFC4EA30130
:106C0000920160817181828193810F949BBB9B0172
:106C1000AC01C601B5010F9441B5A30192010F94D7
:106C20009CBBF7016083718382839383B4CF88E038
:106C30000E9485EA83E49DE60E940AEE80E00F94BC
:106C40002C2467968FAD67970F94B2280F94362443
:106C500025CF0F9488510C9461A580911514813033
:106C600011F00C9461A585E40E94274181110E94D6
:106C7000D44086E40E94274181110E94D4400F94A1
:106C80001890882311F40C9461A560E080E00F94C3
:106C900044B30C9461A580E00E94DB6B0C9461A569
:106CA0000E946B820C9461A50E94A68D0C9461A534
:106CB0000E9453820C9461A580917C0E8F938091E9
:106CC0007B0E8F9380917A0E8F938091790E8F93A4
:106CD0008091780E8F938091770E8F938091760EAE
:106CE0008F938091750E8F938091740E8F93809106
:106CF000730E8F938091720E8F938091710E8F938C
:106D000000E415E71F930F931F930F938091700E6C
:106D10008F9380916F0E8F9380916E0E8F938091E1
:106D20006D0E8F9380916C0E8F9380916B0E8F936D
:106D300080916A0E8F938091690E8F938091680E77
:106D40008F938091670E8F938091660E8F938091C1
:106D5000650E8F938091640E8F938091630E8F9355
:106D60008091620E8F938091610E8F938091600E5F
:106D70008F9380915F0E8F9380915E0E8F938091A1
:106D80005D0E8F9380915C0E8F9380915B0E8F933D
:106D900080915A0E8F938091590E8F938091580E47
:106DA0008F938091570E8F938091560E8F93809181
:106DB000550E8F931F930F931F930F938091DC0EAB
:106DC0008F938091DB0E8F938091DA0E8F93809159
:106DD000D90E8F938091540E8F938091530E8F9381
:106DE0008091520E8F938091510E8F938091500E0F
:106DF0008F9380914F0E8F9380914E0E8F93809141
:106E00004D0E8F931F930F931F930F938091D40E6A
:106E10008F938091D30E8F938091D20E8F93809118
:106E2000D10E8F938091D00E8F938091CF0E8F9340
:106E30008091CE0E8F938091CD0E8F938091CC0E4A
:106E40008F938091CB0E8F938091CA0E8F938091F8
:106E5000C90E8F938091C80E8F938091C70E8F9328
:106E60008091C60E8F938091C50E8F931F930F93C1
:106E70001F930F9380914C0E8F9380914B0E8F93A5
:106E800080914A0E8F938091490E8F938091480E86
:106E90008F938091470E8F938091460E8F938091B0
:106EA000450E8F938091440E8F938091430E8F9364
:106EB0008091420E8F938091410E8F938091400E6E
:106EC0008F9380913F0E8F9380913E0E8F93809190
:106ED0003D0E8F931F930F931F930F938091C40EBA
:106EE0008F938091C30E8F938091C20E8F93809168
:106EF000C10E8F938091C00E8F938091BF0E8F93A0
:106F00008091BE0E8F938091BD0E8F938091BC0EA9
:106F10008F938091BB0E8F938091BA0E8F93809147
:106F2000B90E8F938091B80E8F938091B70E8F9387
:106F30008091B60E8F938091B50E8F931F930F9310
:106F40001F930F9380913C0E8F9380913B0E8F93F4
:106F500080913A0E8F938091390E8F938091380EE5
:106F60008F938091370E8F938091360E8F938091FF
:106F7000350E8F938091340E8F938091330E8F93C3
:106F80008091320E8F938091310E8F938091300ECD
:106F90008F9380912F0E8F9380912E0E8F938091DF
:106FA0002D0E8F931F930F931F930F938091D80EE5
:106FB0001F928F938091D70E1F928F938091D60E40
:106FC0001F928F938091D50E1F928F931F930F93D3
:106FD0001F930F9380912C0E8F9380912B0E8F9384
:106FE00080912A0E8F938091290E8F938091280E85
:106FF0008F938091270E8F938091260E8F9380918F
:10700000250E8F938091240E8F938091230E8F9362
:107010008091220E8F938091210E8F938091200E6C
:107020008F9380911F0E8F9380911E0E8F9380916E
:107030001D0E8F931F930F931F930F9382E791E27F
:107040009F938F930F9436B90FB6F894DEBF0FBE9F
:10705000CDBF2CEA35EC47E25EE36091890E70917A
:107060008A0E80918B0E90918C0E0F9441B59F9358
:107070008F937F936F932CEA35EC47E25EE3609148
:10708000850E7091860E8091870E9091880E0F94D8
:107090009BBC9F938F937F936F938091840E8F936C
:1070A0008091830E8F938091820E8F938091810EB9
:1070B0008F931F930F931F930F9385E491E29F93F8
:1070C0008F930F9436B92CEA35EC47E25EE360917A
:1070D000950E7091960E8091970E9091980E0F9448
:1070E00041B59F938F937F936F932CEA35EC47E2E2
:1070F0005EE36091910E7091920E8091930E90914B
:10710000940E0F949BBC9F938F937F936F9380916A
:10711000900E8F9380918F0E8F9380918E0E8F9310
:1071200080918D0E8F931F930F931F930F9380E188
:1071300091E29F938F930F9436B90FB6F894DEBF08
:107140000FBECDBF80919B0E1F928F931F930F9305
:107150001F930F9320E030E040E752E46091AC0EC3
:107160007091AD0E8091AE0E9091AF0E0F9441B51F
:107170009F938F937F936F938091AB0E8F938091AA
:10718000AA0E8F938091A90E8F938091A80E8F9352
:107190001F930F931F930F938091A70E8F9380914E
:1071A000A60E8F938091A50E8F938091A40E8F933E
:1071B00020E030E040E752E46091A00E7091A10E13
:1071C0008091A20E9091A30E0F9441B59F938F933F
:1071D0007F936F9380919F0E8F9380919E0E8F93DC
:1071E00080919D0E8F9380919C0E8F931F930F9390
:1071F0001F930F938FE090E29F938F930F9436B974
:107200000FB6F894DEBF0FBECDBF8091B00E8823BD
:1072100009F458C08091B40E8F938091B30E8F9370
:107220008091B20E8F938091B10E8F931F930F9325
:107230001F930F9389EE9FE19F938F930F9436B91D
:107240000FB6F894DEBF0FBECDBF8091E90E8F93CD
:107250008091E80E8F938091E70E8F938091E60ED8
:107260008F938091E50E1F928F938091E40E8F9300
:107270008091E30E8F938091E20E8F938091E10EC7
:107280008F938091E00E8F938091DF0E8F9380918A
:10729000DE0E8F938091DD0E8F9380E495E79F93B0
:1072A0008F939F938F9388E49FE19F938F930F9485
:1072B00036B90F9436240FB6F894DEBF0FBECDBF9B
:1072C0000C9461A51F930F938AEC9FE19F938F937A
:1072D0000F9436B90F900F900F900F90B6CF80E5B6
:1072E0000E942741882311F40C9461A51092C406D2
:1072F0001092C5061092C6061092C70604EC16E05E
:107300004AE2F42EE091CE05F091CF05F0820E9482
:10731000E140D8018D938D01B6E0083C1B0711F4C4
:107320000C9461A58EE20E9427418111EBCF10924F
:10733000C4061092C5061092C6061092C7060C9499
:1073400061A50F9488518091030E811102C00E94A3
:10735000425485E40E942741812C912CA12C30ECD1
:10736000B32E882321F00E94BA454B015C018CE4C6
:107370000E942741C12CD12C7601882321F00E9444
:10738000BA456B017C018AE50E942741412C512CB2
:1073900028ED622E21E4722E882331F00E94BA4536
:1073A0002B013C01E89477F888E50E942741882367
:1073B00009F440C10E94BA456A966CAF7DAF8EAFAA
:1073C0009FAF6A9789E50E942741882309F43DC150
:1073D0000E94BA456E966CAF7DAF8EAF9FAF6E9731
:1073E0001A821982FE01339683E1DF011D928A958C
:1073F000E9F783E40E9427418823F9F062E270E014
:107400008091CE059091CF050F94CBC08C01892B34
:10741000A1F00F5F1F4F62E270E0C8010F94CBC074
:10742000009759F0801B843108F084E1482F50E028
:10743000B801CE0101960F949DC08091151410E003
:10744000813029F488EC96E20F94E251182F0F94C2
:10745000885186E10F948C47109245040E949357FF
:107460008111FAC0A50194016091F8067091F906A6
:107470008091FA069091FB060F949CBB6093F806EE
:107480007093F9068093FA069093FB0660E070E033
:1074900088EE92E40F9469650F9488518AEE9AE41D
:1074A0000E948571C301B2010E94615F6A962CAD92
:1074B0003DAD4EAD5FAD6A972093EC063093ED067F
:1074C0004093EE065093EF066E968CAD9DADAEAD3B
:1074D000BFAD6E978093F0069093F106A093F206ED
:1074E000B093F30660E070E088E492E40F9469657D
:1074F0000F94885167961FAE6797B12C04E3202E36
:107500000FE1302E82E0A82E9CE3892E9FE1992E78
:1075100080911514813009F0A2C00F94CF7AB82E53
:107520000E943B660F9488510F94448E80911514ED
:10753000813009F45AC184E08093BF0240E060E0EA
:107540008BE691E10E945EEF082F80E00E945A6472
:10755000013001F50E9490614BED51E162E080E065
:107560000E94346180E090E0A8ECB2E48093EC06E5
:107570009093ED06A093EE06B093EF0660E070E006
:1075800088E492E40F9469650F9488518BE391E14C
:107590000E9402F80E94906145ED50E160E080E0B9
:1075A0000E94346161E080E00E94876089818823C5
:1075B00041F0CE0101960E94F16762E080E00E94F6
:1075C000876080910618811104C082EC90E10E94CE
:1075D0004A6084E08093BF020E94E268811110C07B
:1075E0000F94604F81E00E943E8A809109188823A1
:1075F00099F340E068EE73E082E390E00F94D23CB0
:10760000A092BF02CE0101960E94976840E068EE0A
:1076100073E082E390E00F94D23CB4E07B2E112320
:1076200009F4F8C00F94828267964FAD67974111B5
:107630006FCF83C120E030E043E553E46A962CAF7E
:107640003DAF4EAF5FAF6A97BDCE6E961CAE1DAE1E
:107650001EAE1FAE6E97C4CE0E94C25423CF84E0EC
:107660008093BF020F94D31F2B013C0189E990E165
:107670000E94E0F30E94E268082F811136C0A30146
:1076800092012054384D464F5F4F6E962CAF3DAF60
:107690004EAF5FAF6E970F94604F81E00E943E8ABD
:1076A000023009F463C00F94763D84E090E001302D
:1076B00029F10E94798C0F94D31F6E962CAD3DADAD
:1076C0004EAD5FAD6E97261737074807590790F6FE
:1076D0008AE690E10E94E0F31092110E1092100ED3
:1076E0000F948851149A01E0D6CF1092D1051092D0
:1076F000D405C701B6010E9497F614CF0E94798C79
:107700000E94E268882339F2809112069091130654
:107710009093110E8093100E8BE493E30E94E0F39C
:1077200042E864E080E00E9440618091110E8F93F6
:107730008091100E8F9360910A0E70910B0E8091C4
:107740000C0E90910D0E0F940DBD7F936F933F9291
:107750002F920E94386081E80E944E600F900F9037
:107760000F900F900F900F9002E095CF6091100E48
:107770007091110E072E000C880B990B0F9402B517
:1077800020910A0E30910B0E40910C0E50910D0E6F
:107790000F949BBB9F7720E030E040EA50E40F94C9
:1077A00091BC87FF09C089E990E10E94E0F30F9442
:1077B000D31F2B013C015ECF64E081E00E94876013
:1077C00060910A0E70910B0E80910C0E90910D0E2F
:1077D0000F940DBD7F936F939F928F920E9438609C
:1077E0000F900F900F900F9056CF111103C08B2D5B
:1077F0000E94B98C812F0E941C700FCF033010F4AF
:107800000F5F3CC087E00F94F63A38C0CE01019676
:107810000E9497687092BF020E9490614BE051E114
:1078200060E081E00E94346147EF50E161E081E077
:107830000E94346145EE50E162E081E00E943461D3
:1078400046E85CE363E081E00E9434614EE360E07F
:1078500080E00E9440610E94DD6800E00F94604F6C
:1078600081E00E943E8A8091E6069091E7060097AB
:10787000D1F097FFC3CF002329F2015040E45FE12C
:1078800060E080E00E9434614EE3602F80E00E945F
:1078900040611092E7061092E60664E670E080E030
:1078A00090E00F94A01F0E94E2688823B9F20E9422
:1078B00090610F940618A092BF020230B1F003301D
:1078C00009F4EDC0013051F580911514813009F0B3
:1078D0009DCF0F94CF7A082F0E943B66802F0E9485
:1078E000B98C80E00E941C7095CF0F9488510E9443
:1078F0008C540E9490614DE151E160E080E00E9473
:1079000034614BED51E162E080E00E94346187E92F
:107910009DE10F94F70B0F9488517CCF0E949061EA
:107920004BE251E162E080E00E943461002319F0F3
:10793000033009F06FCF0F94828281E00E945A6475
:107940008091110680934504111127C00E9493571E
:10795000C090F806D090F906E090FA06F090FB0689
:10796000882309F4A1C020E030E040E85FE3C701CC
:10797000B6010F949BBB6093F8067093F906809351
:10798000FA069093FB0660E070E088EE92E40F94B4
:1079900069651092110E1092100EE090F406F090AE
:1079A000F5060091F6061091F706209175023091C8
:1079B0007602409177025091780260917102709145
:1079C000720280917302909174021F921F921F9213
:1079D0001F92812C912CE8E4AE2EE2E4BE2EF8EF4B
:1079E000CF2EF6E0DF2E0F94FA520F948851E090DC
:1079F0007902F0907A0200917B0210917C02209132
:107A00007502309176024091770250917802609130
:107A100071027091720280917302909174021F92B0
:107A20001F921F921F92812C912CA0E7AA2EA1E4F5
:107A3000BA2E0F94FA520F9488518DE792E00F946A
:107A4000A05280E1E1E7F2E0ACEEB6E001900D92E9
:107A50008A95E1F70E9434588091760390917703DC
:107A60008093390290933A029F938F9381E19AE435
:107A70009F938F930E9445880E9493570FB6F89466
:107A8000DEBF0FBECDBF882331F18EEA9FE30E9497
:107A90000AEE10921E071092FC060C9461A531E0CC
:107AA00067963FAF6797BECD20E030E040EA50E4F4
:107AB000C701B6010F949CBB6093F8067093F9065A
:107AC0008093FA069093FB0660E070E080E090E41B
:107AD0000F94696562CF83E49DE60E940AEE85E318
:107AE0009DE20E948571D5CF0E94935781110C941D
:107AF00061A50F9488510E94ED7E0E94D06D0F9475
:107B0000DF1F0C9461A50E949357882311F40C94F5
:107B100061A50C942BA660E080E00E943EEE0C94E0
:107B200061A5188683E50E9427418823B1F00E9451
:107B3000D440182F8830B0F089EA96E20E945E6F38
:107B40004AE067E070E080E090E00E945F6E8AEFBC
:107B500092E00E94F3820C9461A581EA9DE00F946B
:107B600074BA182F8AE50E942741882309F4D7C0E8
:107B70000E94BA452B013C012091250E3091260E22
:107B80004091270E5091280E0F9441B50F940DBDD2
:107B90006B019B012156304F203A3F4030F083E982
:107BA00096E20E9485710C9461A55BE0159F90019F
:107BB0001124C901805B924F0F94B6BA8CE40E94E5
:107BC0002741BBE01B9F700111245701E7EBAE1A60
:107BD000E2EFBE0A882309F4BEC0E091CE05F09121
:107BE000CF053196BF0181918032E1F3882331F0D6
:107BF00047E050E0CE0101960F94F4C047E050E01A
:107C0000B501CE0101960F9488BA82E40E94274103
:107C10005701FEEAAF1AF2EFBF0A882309F4A3C0A6
:107C20000E94D440982E682FC5010F9498BA80E521
:107C30000E9427412DEAE21A22EFF20A882309F472
:107C400097C00E94D440B82E682FC7010F9498BAED
:107C500081E40E942741882309F48FC00E94D44008
:107C6000811106C081EA9DE00F9474BA18138DC08B
:107C7000812F0E94556D082F882329F0612F81EAFA
:107C80009DE00F9498BA8CE896E20E945E6F612F97
:107C900070E090E080E00E94C46E812F0E94556DDC
:107CA000811104C08BE796E20E94857188E796E215
:107CB0000E945E6F44E0C301B2010E94E06E85E75E
:107CC00096E20E945E6FB601DD0C880B990B0E9454
:107CD000C46E82E796E20E945E6FCE0101960E941A
:107CE000E7828FE696E20E945E6F692D70E090E079
:107CF00080E00E94C46E8CE696E20E945E6F6B2D5F
:107D000070E090E080E00E94C46E89E696E20E94F6
:107D10005E6F802F90E00F945D7C0C9461A5ABE0CA
:107D20001A9FC0011124805B924F0F9482BA6C019C
:107D3000BC01990F880B990B0F9402B52091250E69
:107D40003091260E4091270E5091280E0F949BBC27
:107D50002B013C0133CF47E050E0B501CE01019645
:107D60000F9464BA52CFC5010F9474BA982E5FCFA6
:107D7000C7010F9474BAB82E6BCF81EA9DE00F94BF
:107D800074BA01E0181709F47ECF00E07CCFC3017C
:107D9000B2010F9402B52091F4033091F5034091A4
:107DA000F6035091F7030F9491BC87FD02C00C9429
:107DB0004BA50F94D31F681979098A099B09693E5D
:107DC000734081059105C8F083E496E20E945E6FDE
:107DD0006091F4037091F5038091F6039091F7039D
:107DE00041E00E94E06E8FE20E944B6EC8010F944A
:107DF0005D7C0F94D31F4B015C010F94604F80E0BA
:107E00000E943E8A80E00E9426600C9432A58FE397
:107E10000E9427418823C9F080E396E20E945E6FAA
:107E200086EA9FE00F9474BA21E030E0811102C02D
:107E300030E020E0C9010F945D7C89E196E20E9468
:107E400085710E94966F0C9461A581E20E94274182
:107E5000882349F161E086EA9FE00F9498BA68E0D0
:107E600070E080EB9FE00F94B6BA68E170E082EBBF
:107E70009FE00F94B6BA60E370E084EB9FE00F944C
:107E8000B6BA60E570E086EB9FE00F94B6BA68E79B
:107E900070E088EB9FE00F94B6BA88E096E20E940B
:107EA00085710C9461A58AE50E9427418823C1F061
:107EB00061E086EA9FE00F9498BA00EB1FE070E063
:107EC00060E0C8010F94B6BA0E5F1F4F0A3B4FE047
:107ED0001407A9F78EEF95E20E9485710C9461A5B5
:107EE00083E50E942741882321F10E94E1408C0113
:107EF00089E40E942741882311F40C9461A50E9413
:107F0000D440853010F00C9461A590E08852984FD1
:107F1000B801880F991F0F94B6BA89EF9FE20E94AB
:107F2000857189E196E20E9485710E94966F0C949A
:107F300061A58DEE95E20E9485710C9461A50E9469
:107F4000BA4520E030E040E251E40F9441B50F948F
:107F500014BD6C5A633009F494C060F5613009F4C3
:107F60004BC0623011F00C9461A580911514E0E3D0
:107F7000FFE1813011F0E2E3FFE10591149180E52A
:107F80000E942741882309F46BC00E94EE40409173
:107F90005C04442311F40C9461A56017710711F47B
:107FA0000C9461A566ED7FE084E390E10E944DF8BA
:107FB0000C9461A5643009F4B0C0653011F00C94E4
:107FC00061A580E50E942741882309F425C10E940C
:107FD000EE4040915A04442311F40C9461A56230A0
:107FE000710510F40C9461A561ED7EE088E29FE0DC
:107FF0000E944DF80C9461A580E50E9427418823DA
:10800000A9F00E94BA4520E030E04AE754E40F941A
:1080100041B520E030E040E05FE30F949CBB0F945B
:1080200014BDCB010E947FF80C9461A581E50E94EC
:108030002741882311F40C9461A585EA9DE00F94F3
:1080400082BABC0190E080E00F9400B520E030E0FF
:108050004AE754E40F949BBC0F94CA7A0C9461A530
:1080600081E50E942741882311F40C9461A5B80191
:1080700090E080E04AE00E945F6E0E94566F0C9490
:1080800061A58091151468E2E62E6FE1F62E81302D
:1080900021F054E2E52E5FE1F52E80E50E942741B4
:1080A000882379F162E270E08091CE059091CF054E
:1080B0000F94CBC08C01892BD1F00F5F1F4F62E270
:1080C00070E0C8010F94CBC0009789F0D82ED01A69
:1080D000C7010F9432B8D8120AC0AC015527B701B6
:1080E000C8010F9453B8892B11F40C9461A54091E9
:1080F0005C0466ED7FE084E390E10E944DF80C940F
:1081000061A581E50E942741882311F40C9461A5A3
:10811000C7010E9485710C9461A580E50E942741EA
:10812000882309F470C08091CE059091CF05019607
:108130009093CF058093CE0520915B04222311F408
:108140000C9461A5BE016F5F7F4F0E94BDEC8AE079
:1081500090E00F9482BA29813A8112E08217930746
:1081600028F011E02817390708F410E01295110FD4
:10817000110F107C8CE090E00F9482BAAC012B813F
:108180003C8182E04217530728F081E0241735072D
:1081900008F480E050E1859FC0011124180F8EE0A3
:1081A00090E00F9482BAAC012D813E8182E04217AB
:1081B000530728F081E02417350708F480E0A4E095
:1081C0008A9FC0011124180F80E190E00F9482BAB9
:1081D000AC012F81388592E04217530728F091E0D7
:1081E0002417350708F490E0190F163510F40C9495
:1081F00061A540915B0467E57FE088EA9FE00E940B
:108200004DF80C9461A581E50E942741882311F463
:108210000C9461A50C94DEA181E50E94274188237E
:1082200011F40C9461A581E090E00F945D7C0C94B6
:1082300061A58BE40E942741C12CD12CE12C40EC9C
:10824000F42E882349F10E94BA456B017C0120E09D
:1082500030E0A9010F9491BC81111EC01092C80595
:108260001092C9051092CA051092CB050E94DE81BA
:1082700080E495E70E945E6F81E09FE10E945E6F5F
:108280006091C8057091C9058091CA059091CB0590
:108290000F94CA7A0C9461A58091750381111BC05B
:1082A00020E030E0A901C701B6010F9491BC87FF1F
:1082B00005C08CE09FE10E948571DACF20E030E0BC
:1082C00040E251E4C701B6010F9491BC87FF2CC076
:1082D00081E00E94DE818091750320E030E0A901F9
:1082E000813021F5C701B6010F9425BE87FDE1CF8E
:1082F00020E030E040E251E4C701B6010F9491BCA8
:1083000087FFD7CF20E030E0A901C701B6010F9465
:1083100091BC87FDCECFC092C805D092C905E0922E
:10832000CA05F092CB05A4CF82E0D3CFC701B60136
:108330000F9425BE87FDBDCF2FE632E143E05BE31E
:10834000C701B6010F9441B52AE037ED43E25CE383
:108350000F949BBB6B017C0120E030E0A9010F94DE
:1083600091BC87FD11C020E030E040E251E4C7013C
:10837000B6010F9425BE18162CF6C12CD12C30E274
:10838000E32E31E4F32EC7CFC12CD12C7601C3CF1D
:108390009EED892E92E0992E0DE512E024E5A22EA5
:1083A00025E0B22E712CF40181914F010E942741EA
:1083B000882309F445C0F3E07F1204C00E941DED3C
:1083C000811161C00E94BA456B017C0120E030E060
:1083D000A9010F9491BC87FD46C020E030EA40E837
:1083E00054E4C701B6010F9425BE1816A4F120E08D
:1083F00030E047E054E4C701B6010F9425BE87FD85
:1084000035C020E030E04CE752E4C701B6010F94DC
:1084100041B520E030EA40E854E40F949BBC0F944F
:1084200014BDF62EC8010E940C586F2DC8010E9481
:10843000145850E040E0D5016C91872D0F94DC1C5E
:1084400073940D5F1F4FBFEFAB1ABB0AE4E07E12BF
:10845000AACF0C9461A5C12C80EAD82E80E8E82E22
:1084600084E4F82ECECFC12CD12C760120E030E070
:108470004CE752E4C701B6010F9441B520E034EB5C
:1084800040E954E4CACF89E49EE50E945E6F8CED1A
:1084900095E20E948571D4CFA09067028091660218
:1084A000811101C0AA0CB12C86E692E00F94631FE3
:1084B000882EC090640280916302811101C0CC0CAF
:1084C000D12C83E692E00F94631F982E00916102F5
:1084D00080916002811101C0000F10E080E692E0FF
:1084E0000F94631FE82EF0905E0280915D0281116F
:1084F00001C0FF0C8DE592E00F94631FBF92AF9215
:108500001F928F92DF92CF921F929F921F930F9391
:108510001F92EF921F92FF921F928F9380E395E13B
:108520009F938F930F9436B90FB6F894DEBF0FBEAA
:10853000CDBF0C9461A511E08239934009F410E09D
:1085400082E50E942741882381F08FEF9FE00F94FE
:1085500074BA182F8091E406811711F40C9461A568
:10856000812F0E9492450C9461A580E50E942741CD
:10857000882389F001E08091040E9091050E8239E4
:10858000934009F400E0602F8FEF9FE00F9498BABA
:108590000093FF03DFCF81E50E9427418823D1F2BA
:1085A0008091E406811115C084E49FE39F938F932B
:1085B0008BE49FE39F938F9384ED95E29F938F933A
:1085C0000F9436B90F900F900F900F900F900F905F
:1085D000C1CF88E59DE3EACF8EED92E06C969FAF28
:1085E0008EAF6C97E9E1CE2EEEE0DE2EFDEFEF2EA2
:1085F000F6E0FF2EA4E52A2EA5E03A2EB5ED8B2E4F
:10860000BEE09B2E67961FAE67976C96AEADBFAD72
:108610006C978D916C96BFAFAEAF6C970E9427415F
:10862000B82E882309F47CC00E94BA450F9414BD6B
:108630002B018B016830710509F45EC3603171054F
:1086400009F45AC381E00032110509F080E0679611
:10865000BFAD6797B33009F45AC392012150310975
:108660002230310508F04EC39B2D892B6796EFAD64
:108670006797E33041F40034110531F0BB24B39423
:108680000038110509F0B12C811103C0BB2009F499
:1086900047C00F948851D1018C91A12CBB24B39475
:1086A00002C0B694A7948A95E2F7B20167968FAD9F
:1086B00067970F94471DF4014082A016B10608F099
:1086C00047C0C801B5010F943DBB2B01712C612C33
:1086D000C3010F9400B59B01AC01D60114966D91B6
:1086E0007D918D919C9117970F9441B5F60164830C
:1086F000758386839783D7012D913D914D915C9130
:10870000C301B2010F94D7BAF701608371838283EA
:1087100093836796FFAD6797F33011F40F94C98286
:1087200067962FAD67972F5F67962FAF679734E0F7
:10873000C30ED11C44E0E40EF11C5FEF251A350A8C
:108740008FEF881A980A243009F05FCF0C94EEAAB4
:10875000C501B8010F943DBB2B01712C612CC301E5
:108760000F9400B59B01AC01D60114966D917D91DB
:108770008D919C9117970F949BBCF6016483758330
:1087800086839783D7016D917D918D919C91A301F3
:1087900092010F9465BBF701208331834283538399
:1087A000B8CF80E50E942741882329F00E94D44059
:1087B000182F0C9466A484E50E9427418111F6CFFE
:1087C0000C9465A460E070E0CB010C947FA482E07F
:1087D00080931E0787E29CE60E940AEEA70196019D
:1087E0006091F8067091F9068091FA069091FB0667
:1087F0000F949CBB6093F8067093F9068093FA0679
:108800009093FB0660E070E080EA91E40F94696564
:10881000011106C060E070E088E492E40E94E05F2D
:108820000E948C540F94885140E064EF71E082E321
:1088300090E00F94D23C8091120E811105C080917E
:10884000020481110F94DC0B81E00E945A6482E0E3
:108850000E94266083E49DE60E940AEE10921E07A5
:108860000C9497A485E50E942741C12CD12C760158
:10887000882321F00E94BA456B017C018AE50E94A1
:1088800027418823A1F00E94BA459F770E94615F2B
:108890004B015C0180911514813099F40F940BB455
:1088A000C501B40190580E94615F0C9461A560E01D
:1088B00070E080EA91E40E94E05F60E070E0CB014C
:1088C000E5CFC701B6010E9497F6EACF81EC92E0AE
:1088D0000E9458450C9461A582EC92E00E94584594
:1088E0000C9461A580911514813011F00C9461A550
:1088F00081E40E942741882311F40C9461A58091A2
:10890000CE059091CF0540E150E070E060E0019627
:108910000F94FFB5862F0F94570E0C9461A580918C
:108920001514813011F00C9461A581E40E94274157
:1089300010E0882361F08091CE059091CF0540E151
:1089400050E070E060E001960F94FFB5162F88E5C7
:108950000E942741882361F00E94E140112311F415
:108960000C9461A5BC01812F0E9437E40C9461A591
:1089700090E080E0F3CF60E08CEA9CE00F9498BA3E
:10898000109215141092C3131092A8130C94DBA428
:1089900061E08CEA9CE00F9498BA0E94E5DF0C94A9
:1089A000DBA480E00F94380E0C94F1A40E94D84C04
:1089B0000C94F1A48AE2F6CF843509F075C01093C7
:1089C000CF050093CE0581E08093FE030E94D44042
:1089D000182F2091CE053091CF0591E07901E90E55
:1089E000F11CD7018C91803211F0893011F49F5F16
:1089F000F5CF082E000C990B0F9488C0F7018083E7
:108A000090ED980F953058F08F3359F0883749F032
:108A10008336D1F087ED9EE10E9485710FC08F33C0
:108A200089F480911514813049F490E080E00E942F
:108A300058E0682FD7018C910F94DB0D1092FE0344
:108A40000C943090833649F4809115148130B1F73D
:108A50000F94CF7A682F83E6EFCF80911514813081
:108A600069F40F94CF7A181305C087EE9EE10F9436
:108A70005DB9E4CF812F0F94B80DE0CF80E495E786
:108A80000E945E6F112359F084E50E944B6E812F86
:108A900090E0C0960F945D7C8FE195E1BDCF8CE0B6
:108AA00095E10E945E6FCACF843409F0EEC0109346
:108AB000CF050093CE050E94E1408630910509F470
:108AC00079C09CF48230910509F452C0833091053D
:108AD00009F461C0019689F488EF94E19F938F9324
:108AE0000F9436B90F900F90FFCF8531910509F49F
:108AF0008DC094F4449709F469C08091ED1290916F
:108B0000EE128D5F9E4E9F938F931F9284E48F93FE
:108B100083EF96E10C9418928631910509F49BC07D
:108B20008634910551F783E50E942741882311F48B
:108B30000C9430900E94E14011E0009709F410E09D
:108B4000892B91F0CE0101960F940F280F94D31F1B
:108B500060938A0670938B0680938C0690938D06A3
:108B6000CE0101960F94022810939A060C9430902F
:108B700043EFC42E44E1D42E52E0E52E00E020E085
:108B800032E240E050E060E072E080E090E00E947D
:108B9000C0470C9430902CEEC22E24E1D22E33E04C
:108BA000E32E01E020E030E140E050E060E070E0E2
:108BB000CB01EDCF85EEC82E84E1D82E96E0E92ECC
:108BC00003E020E030E044E050E0F0CF85E40E9494
:108BD0002741882329F080E00E94AFE90C9430906F
:108BE0000F94D31F6B017C010E94DDE90F94D31F0A
:108BF000DC01CB018C199D09AE09BF09BF93AF936E
:108C00009F938F938CEC94E10C94189290E080E009
:108C10000E94FBE8811107C089EB94E19F938F9339
:108C20000F9436B914C081E08093BF0282EA94E1C8
:108C30009F938F930F9436B903E020E033E240E036
:108C400050E060E070ED83E090E00F94BF8D0F90F6
:108C50000F900C94309090E080E00E94FBE881112E
:108C600003C08FE894E1DACF8CE58CBD1DBC0E9477
:108C700033E940E050ED63E070E080E20E94B5E847
:108C80000E9497E881E894E1C9CF80E495E70E94CB
:108C90005E6F84E895E10E945E6F8091ED12909185
:108CA000EE128D5F9E4E0E94E7828FEC95E20C944F
:108CB00088922DEC3CEC4CEC5DE3C701B6010F94BF
:108CC00025BE181614F40C94ED930C94FB94A30198
:108CD0009201622D732D8E2D9F2D0F9491BC18162D
:108CE00014F00C94F69CE5E0CE0ED11CF2E0AF0E31
:108CF000B11C84010C94BD9C67962FAD67978B2D9A
:108D0000233029F091E00430110509F4AECC90E055
:108D1000ACCC8BE991E10E94E0F34EE255E262E0D7
:108D200080E00E943461F80181918F01982F9F7D2E
:108D300011F40C9457AB97EF980F923010F40C94F9
:108D400057AB8D3011F40C9457AB0E944E60EBCFB3
:108D5000CE0101960F940F280C9486B122E0209347
:108D6000C0001092C50090E19093C4008091C100B2
:108D700080618093C1008091C10088608093C100B0
:108D80008091C10080688093C100809198058130F6
:108D9000A9F42093C8001092CD009093CC0080914C
:108DA000C90080618093C9008091C9008860809368
:108DB000C9008091C90080688093C90008958150DE
:108DC000823108F05AC0E82FF0E08827E551F943D6
:108DD0008F4F0D9484BB0BC70FC7FDC603C707C7D2
:108DE0003DC712C718C71CC722C726C72AC730C726
:108DF00034C73DC738C73EC742C7809180008F77D0
:108E0000809380000895809180008F7DF9CF8091BC
:108E10008000877FF5CF84B58F7784BD089584B5B2
:108E20008F7DFBCF8091B0008F778093B000089545
:108E30008091B0008F7DF9CF809190008F778093E3
:108E400090000895809190008F7DF9CF80919000DF
:108E5000877FF5CF8091A0008F778093A000089541
:108E60008091A0008F7DF9CF8091A000877FF5CF02
:108E7000809120018F7780932001089580912001B7
:108E80008F7DF9CF80912001877FF5CF83B18295C7
:108E90008170089580916104909162040895CF9249
:108EA000DF92EF92FF9220916304B0E0A0E0C090C7
:108EB0000D07D0900E07E0900F07F090100720FFED
:108EC00042C0C81AD90AEA0AFB0AC0920D07D0921A
:108ED0000E07E0920F07F0921007CB01B0E0A0E080
:108EE000C0901107D0901207E0901307F09014077C
:108EF00021FF36C0C81AD90AEA0AFB0AC092110734
:108F0000D0921207E0921307F092140770E060E02D
:108F10008091150790911607A0911707B091180737
:108F200022FF2BC0841B950BA60BB70B8093150754
:108F300090931607A0931707B0931807FF90EF9030
:108F4000DF90CF9008958C0D9D1DAE1DBF1D8093A9
:108F50000D0790930E07A0930F07B0931007BDCF96
:108F60008C0D9D1DAE1DBF1D8093110790931207A0
:108F7000A0931307B0931407C9CF840F951FA61FA2
:108F8000B71FD4CFFB01118210826AE0DC012C9163
:108F900020532A30A0F440815181649F9001659F45
:108FA000300D1124318320834D91CD01205331099F
:108FB000240F311D47FD3A9531832083E7CF089573
:108FC00085E080930E0E0D940618FC0180818823A5
:108FD00021F0813029F482E001C081E0808308958E
:108FE00010820895FC019491903249F087EF890F27
:108FF000823028F081E09D3019F080E0089581E012
:10900000089586E09EE20E9485710D940618809175
:10901000130E813021F485E69DE20C94857186E57E
:109020009DE2FBCF84E09DE00F9474BA8A3239F45C
:109030008AE29DE00F9474BA91E0813009F090E0EB
:10904000892F0895CF93DF930F948851CCEED6E00B
:109050006091F21370E090E080E00F9402B520E0A0
:1090600030E040E851E40F949BBB9B01AC016C8560
:109070007D858E859F850F949BBB6C877D878E87B2
:109080009F8762E080E399E4DF91CF910D94EF8FA9
:10909000DF92EF92FF920F931F93CF93DF93CDB7A1
:1090A000DEB763970FB6F894DEBF0FBECDBF309129
:1090B000740520917305321371C07C018091B70251
:1090C000882309F443C083E093E49F938F9389EE50
:1090D00098E49F938F938E010F5F1F4F1F930F9301
:1090E0000F948BB9D82E47E050E0B701800F912F35
:1090F000911D0F9464BA0F900F900F900F900F90E6
:109100000F9020E0822F8D0D90E0273039F02F5FF7
:10911000F801E80FF91F30813111F4CFF801E80FA1
:10912000F91F2DE520838C0F9D1FFC0112820E94E8
:10913000E652482F6091710580E00E94406162E133
:10914000C8010E94896780E20E944E60809172058A
:10915000882321F1209174058091E6069091E7061D
:1091600028171906D9F41092B80287E79DE6892BD3
:1091700011F00E94776D81E08093B8020E94F35253
:1091800063960FB6F894DEBF0FBECDBFDF91CF91CF
:109190001F910F91FF90EF90DF90089580917405DB
:1091A0008F5F80937405ECCF61E084ED93E40E94BF
:1091B0007F870D94061861E088ED93E40E947F8715
:1091C0000D94061861E080ED93E40E947F870D9472
:1091D000061861E08EED93E40E947F870D940618D7
:1091E0000D94C982CF92DF92EF92FF920F931F935B
:1091F000CF93DF936C017901C42FD0E0AE010F94BF
:1092000053B8892BB9F4B801C6018C0F9D1F0E9479
:10921000C2C7F801208131812E293F293183208363
:1092200081E0DF91CF911F910F91FF90EF90DF9040
:10923000CF90089580E0F5CFE5E0F8E1628181E02C
:109240006827628385ED9EE00D9498BA87EA9CE0DA
:109250000F9474BA61E0823008F4682787EA9CE0D2
:109260000D9498BACF93DF93C5E1DDE0FE01ED5395
:10927000F84C6491CE010F9498BA2196C9328DE0D2
:10928000D807A1F7DF91CF910895CF930E9412C81C
:10929000C1E0C8276FEF09F06AE284E09DE00F9417
:1092A00098BA8C2F880F8270CF910D94AD1E8AEAE8
:1092B0009DE00F9474BA65E0833021F061E0853061
:1092C00009F063E08AEA9DE00D9498BA8BEA9DE08C
:1092D0000F9474BA63E0833009F467E08BEA9DE091
:1092E0000D9498BA8CEA9DE00F9474BA61E08111F4
:1092F00060E08CEA9DE00D9498BA80E694E00E94CC
:10930000E5C76091600480E29CE00D9498BA8BE51B
:1093100094E00E94E5C760915B0483EA9DE00D94B0
:1093200098BA8CE594E00E94E5C760915C0484EAF9
:109330009DE00D9498BA8FE594E00E94E5C7609196
:109340005F0488EA9DE00D9498BA80910D1860E062
:10935000811101C061E060930D1887E49DE00D94D8
:1093600098BAE5E0F8E1618181E06827618387E0F0
:109370009FE00D9498BAECE5F7E1608181E0682701
:1093800060838BEB9FE00D9498BA809198058130B3
:1093900051F4109298056091980588E09FE00F9431
:1093A00098BA0C94AEC681E080939805F4CF8FEA0A
:1093B0009FE00F9474BA61E0811160E08FEA9FE052
:1093C0000D9498BA80914305813071F020F082307D
:1093D00069F483E001C081E0809343056091430517
:1093E00087ED9EE00D9498BA82E0F6CF1092430587
:1093F000F5CF89E09FE00F9474BA61E0882321F0F3
:1094000062E0813009F060E089E09FE00F9498BA53
:1094100081E080933A150895CF93DF9380915D04A6
:109420008C33E1F0803501F1883291F088E280934D
:109430005D04C0E9D1E060915D0487EA9DE00F948E
:1094400098BABE0185EA9DE0DF91CF910D94B6BA3E
:109450008CE380935D04C8E5D2E0EDCF80E5809396
:109460005D04C0E2D3E0E7CF89E180935D04CAEFF9
:10947000D0E0E1CF0F931F93CF93DF9300D000D0C4
:109480001F921F92CDB7DEB78C018AE090E00F9457
:1094900082BA9A8389838CE090E00F9482BA9C838D
:1094A0008B838EE090E00F9482BA9E838D8380E15F
:1094B00090E00F9482BA98878F83C801DE011196DD
:1094C000BE01675F7F4FFC01259134914D915D9105
:1094D0004217530748F02417350720F00296A617C5
:1094E000B70789F780E001C081E028960FB6F894AD
:1094F000DEBF0FBECDBFDF91CF911F910F910895B9
:109500000F931F93CF93DF93982F862F142FE9018A
:10951000692F0E948760113021F0123079F0CE015E
:1095200015C0CE010E944A608AE30E944E60802FDF
:10953000DF91CF911F910F910C944E60CE010E944C
:109540004A608AE30E944E6080EC9DE2DF91CF91F9
:109550001F910F910C944A60813021F486E89CE2BF
:109560000C944A6082E89CE2FBCF81E09091051860
:10957000911180E00C94DB6B0F931F93CF9305E068
:1095800018E1F801C68581E0C827C6878091EA0EF8
:109590009091EB0E908B87870F947A82F801158A51
:1095A0006C2F8DEA9CE0CF911F910F910D9498BA8A
:1095B0000E94906143E751E360E080E00E943461E3
:1095C00080914B0290914C022091E6063091E70683
:1095D000820F931F823321E0920750F181E391E0E3
:1095E00090934C0280934B021092E7061092E6068D
:1095F00062E081E00E94876080914C028F938091AD
:109600004B028F9388E593E49F938F930E94386079
:109610000E94E2680F900F900F900F90882371F0D6
:1096200083E080930E0E0F94061882E00C9426605F
:109630008A309105A8F68AE090E0D2CF089589EAB1
:109640009DE00C94486D282FCB01213039F0223059
:1096500049F022E06CE57FE30C94FD6722E067E5CA
:109660007FE3FACF22E060E57FE3F6CF8FEF9FE064
:109670000F9474BA9091E40622E04DEE53EF8111FD
:109680001BC061EF74E4911102C064E47FE38BE4DA
:109690009FE30E94FD6789E69FE00F9474BA6BEB2D
:1096A0007CE6882311F06FEB7CE622E048E251ED86
:1096B00089E39FE30C94FD676CEE74E4891302C0A8
:1096C00061E37FE38BE49FE30E94FD6722E04DE5C9
:1096D0005EEC70E060E0ECCF809138026BEB7CE6F2
:1096E000882311F06FEB7CE622E041EB51E08FE63E
:1096F0009AE30C94FD6786ED9EE00F9474BA6BEBD1
:109700007CE6813011F46FEB7CE622E04FE952E019
:1097100080ED9CE20E94FD678EEC9EE00F9474BA8F
:1097200022E04BE752E06FEB7CE6813011F06BEB0F
:109730007CE68AE59AE30E94FD6789EA9DE00F9442
:1097400074BA64E47FE3882311F061E37FE322E0ED
:109750004FE15BEC81E59AE30C94FD678091040492
:10976000882321F08091B702882351F081E0809313
:10977000040460E08AE29DE00E94156D8093050478
:109780000E949D6A1092710580917105843008F0E5
:1097900060C01092740580915E04811137C08CE224
:1097A0009FE30E94366760EF7CED80E29CE30E94BD
:1097B0005B6780915D048C3309F43FC050F58931BB
:1097C00091F1883251F167EA78EF8DEF9AE30E94C8
:1097D00005676BEB7DEC82EC9AE30E945B678091FE
:1097E0000504882331F06AE27CEC8CEF93E40E945C
:1097F0005B670E940353809171058F5F80937105B1
:10980000809173058F5F80937305BECF8BEE9DE3D0
:10981000C8CF8035C1F08F3FB1F622E04CE05AEC62
:1098200063E174E405C022E04CE05AEC68E174E4C2
:1098300084EB9CE30E94FD67C6CF22E04CE05AEC2B
:109840006EE074E4F5CF22E04CE05AEC69E074E499
:10985000EFCF08950E949D6A109271058091710565
:10986000843040F5109274058CE29FE30E943667C5
:109870000E9412C86BEB7CE6882311F06FEB7CE64C
:1098800022E045E459EC8AEF9DE20E94FD6762E325
:1098900079EC87EE9DE20E9405670E940353809158
:1098A00071058F5F80937105809173058F5F809341
:1098B0007305D4CF0895CF9344EF5DE360E080E07B
:1098C0000E9434614AE061E080E00E9440610E94B1
:1098D0009D6A10927105C2E0809171058430F8F4A0
:1098E00010927405811102C0C09371056BEE71E096
:1098F00084E09CE60E94056767E87EEE87E09CE6D0
:109900000E9405670E940353809171058F5F8093C9
:109910007105809173058F5F80937305DDCFCF91C3
:1099200008950E949D6A109271058091710584309E
:1099300008F087C0109274058CE29FE30E9436679E
:10994000809105186BEB7CE6882311F06FEB7CE6C9
:1099500022E045EB5AEC8FE69DE30E94FD67809183
:109960000518882309F45AC0833029F522E040EF16
:1099700058EC66E97DE387E49AE30E94FD6722E004
:1099800040EF58EC66E97DE38BE39AE30E94FD67C4
:1099900022E040EF58EC66E97DE38DE29AE30E9415
:1099A000FD6780910D18882381F1813009F443C04F
:1099B0000E94A5C933C0809107186BEB7CE6882311
:1099C00011F06FEB7CE622E04CE159EC87E49AE37E
:1099D0000E94FD67809106186BEB7CE6882311F0EE
:1099E0006FEB7CE622E041EB59EC8BE39AE30E94BB
:1099F000FD67809113186BEB7CE6882311F06FEB09
:109A00007CE622E04CEB5AECC8CF22E045EA59EC68
:109A10006DE17AE383E29AE30E94FD670E940353BB
:109A2000809171058F5F80937105809173058F5FC1
:109A3000809373057ACF22E045EA59EC67E17AE337
:109A4000E9CF08950E949D6A109271058091710579
:109A50008430A8F51092740580E29CE30E9436677A
:109A6000809140040E94556D882331F060EB7BEDBE
:109A700089E19CE30E945B6780910E0E811106C014
:109A800068E77CEE88E09CE30E945B676AE67FEC17
:109A900081E09CE30E945B676EE37AEE8BEF9BE3D1
:109AA0000E9405670E940353809171058F5F809328
:109AB0007105809173058F5F80937305C7CF0895FB
:109AC00087E0809340040C9422CD86E0809340048C
:109AD0000C9422CD85E0809340040C9422CD84E048
:109AE000809340040C9422CD83E0809340040C9436
:109AF00022CD82E0809340040C9422CD81E08093BB
:109B000040040C9422CD109240040C9422CD0E946B
:109B10009D6A1092710580917105843058F51092FC
:109B200074058BEE9DE30E9436676BE07FED8EE05F
:109B300092E30E945B6764E17FED87E092E30E941D
:109B40005B6762E07FED80E092E30E945B6769EB18
:109B50007BED87EF91E30E945B670E940353809146
:109B600071058F5F80937105809173058F5F80937E
:109B70007305D1CF08950E949D6A1092710580915E
:109B80007105843098F5109274058BE09BE30E9478
:109B900036674BE959EC60E87AE380915F040E94F4
:109BA00023CB41E959EC6AE77AE380915C040E9497
:109BB00023CB47E859EC6AED7CE280915B040E947C
:109BC00023CB4DE759EC6CEF7FE2809160040E945B
:109BD00023CB0E940353809171058F5F80937105A1
:109BE000809173058F5F80937305C9CF0895CF93DC
:109BF00010923A04C3B144EB5CE260E080E00E9462
:109C0000346160E086E00E948760C4FB882780F9A9
:109C10000E94ACCA80911514813099F4C1E0809102
:109C2000EB13811101C0C0E04EEA5CE260E08AE023
:109C30000E94346160E081E10E9487608C2F0E9465
:109C4000ACCAC1E080911218811101C0C0E04FE69A
:109C50005DE361E080E00E94346161E081E10E94A7
:109C600087608C2F0E94ACCA62E080E00E9487600F
:109C70008091EB0E8F938091EA0E8F938091160E58
:109C80001F928F938091F3038F938091F2038F93B0
:109C90008091150E1F928F938AE89CE29F938F9379
:109CA0000E9438608DB79EB70A960FB6F8949EBF93
:109CB0000FBE8DBFCF910C94976A0E94896185E198
:109CC00092E30E944A600C94976ABF92CF92DF920F
:109CD000EF92FF920F931F93CF93DF93C82FF62E2F
:109CE000E42EB22E680180E00E945A64DCE7FE1484
:109CF00008F0DDE2BB20E9F00E949061C1111CC0B8
:109D000083E597E60E944A6088EF8C0F823068F501
:109D100080EC9EE30E944A6083EA9EE3CC3049F1E6
:109D20008CE597E6CD3029F1CE3029F582E99EE326
:109D300020C00E948961E2CFC13011F3C23001F32B
:109D40008DE09FE3C330F1F28DEF9EE3C430D1F29A
:109D50008DEE9EE3C530B1F28DED9EE3C63091F2FB
:109D6000C73091F680ED9EE3CDCFCA3059F58FEA2A
:109D70009EE30E944A6043EC54E461E080E00E946C
:109D80003461C33040F546E85EE362E080E00E9463
:109D9000346162E082E10E948760C11117C08D2F9B
:109DA0000E944E604BE75EE363E080E00E94346116
:109DB00063E082E10E948760C23001F18D2F0E9432
:109DC0004E6020C0CB3009F0A7CFD1CF80EC9DE210
:109DD0000E944A60E7CF86EF8C0F823090F54CE608
:109DE00057E662E080E00E9434618AE30E944E60A0
:109DF00062E082E10E948760CA3001F380EC9DE25C
:109E00000E944A60C114D10419F0C6010E94798CE5
:109E100081E08F0D482F50E092E024E030E0E91619
:109E200011F026E030E0421753070CF080E0DF919C
:109E3000CF911F910F91FF90EF90DF90CF90BF9047
:109E40000895CA30F8F641E0C43021F042E0C33052
:109E500009F440E00D2F21EC34E462E082E00E943E
:109E600080CA41E0C53021F042E0C53008F440E04E
:109E70000D2F2FEB34E468E082E00E9480CA41E0BD
:109E8000C63021F042E0C63008F440E00D2F2DEB43
:109E900034E46EE082E00E9480CA41E0C73021F0E5
:109EA00042E0C73008F440E00D2F29EB34E460E0D5
:109EB00083E00E9480CA41E0C83021F042E0C8300F
:109EC00008F440E00D2F22EB34E469E083E00E94C7
:109ED00080CA98CFCF93DF9380910404811118C07A
:109EE000609140048BE0689FB0011124675B724F62
:109EF00047E050E086E094E00F9464BA8091060455
:109F000090E09093E7068093E60681E08093040456
:109F10008091E6069091E706809734F480E290E025
:109F20009093E7068093E6068091E6069091E70617
:109F30008F3F910539F034F08FEF90E09093E70672
:109F40008093E606E0910504F0E0EC5FFB4F809122
:109F5000E60682830E948961C6E0D4E089910E946E
:109F60004E6084E0CD30D807C9F74EE561E08091BE
:109F700005040E94406180910504882329F040E295
:109F800061E081500E9440610E94E268882399F05C
:109F9000E09105048E2F90E00196079778F4EF5F2B
:109FA000E0930504F0E0EC5FFB4F828190E090933A
:109FB000E7068093E606DF91CF9108956091400413
:109FC0008BE0689FB0011124675B724F47E050E05F
:109FD00086E094E00F9488BADF91CF910C949B5364
:109FE0000E9489618AE492E30E944A600C94976A15
:109FF0002F923F924F925F926F927F928F929F9299
:10A00000AF92BF92CF92DF92EF92FF920F931F9386
:10A01000CF93DF93CDB7DEB7A0970FB6F894DEBF2E
:10A020000FBECDBF48E050E065EE7FE0CE01419627
:10A030000F9464BA48E050E06DED7FE0CE010996E0
:10A040000F9464BA48E050E065ED7FE0CE010196E0
:10A050000F9464BA8D849E84AF84B888E8E5FFE6E7
:10A060002591359145915491CD80DE80EF80F88423
:10A07000ECE5FFE685919591A591B4918D8F9E8F2A
:10A08000AF8FB8A38D899E89AF89B88D898F9A8F3C
:10A09000AB8FBC8FC501B4010F9441B52B013C01BE
:10A0A0002D8D3E8D4F8D58A1C701B6010F9441B53E
:10A0B0009B01AC01C301B2010F949CBB298D3A8D69
:10A0C0004B8D5C8D0F949CBB20E030E040E950E468
:10A0D0000F949CBB1B018C01E0E6FFE625913591B6
:10A0E00045915491E4E6FFE6459055906590749053
:10A0F000C501B4010F9441B54B015C01A30192016C
:10A10000C701B6010F9441B59B01AC01C501B40173
:10A110000F949CBB298D3A8D4B8D5C8D0F949CBB0D
:10A1200020E030E040E950E40F949CBBF62EE72E8F
:10A13000D82EC92E0E94896183ED90E39F938F935F
:10A1400089ED90E39F938F9383EC94E49F938F9397
:10A150008EED90E39F938F9380E49CE29F938F9387
:10A160000E94386062E08BE00E9487600FB6F8942E
:10A17000DEBF0FBECDBF20E030E048E453E4622DE7
:10A18000732D802F912F0F9425BE87FF57C01F93EB
:10A190000F933F922F9288E39CE29F938F930E94AC
:10A1A00038600F900F900F900F900F900F9063E01A
:10A1B0008BE00E94876020E030E048E453E4D70160
:10A1C000F6016B2F7E2D8F2F9C2D0F9425BE87FFC0
:10A1D0003AC0CF92DF92EF92FF9288E39CE29F9386
:10A1E0008F930E9438600F900F900F900F900F90F8
:10A1F0000F900E94E268882341F020E041E070E087
:10A2000060E084E89DED0E943753A0960FB6F89465
:10A21000DEBF0FBECDBFDF91CF911F910F91FF9099
:10A22000EF90DF90CF90BF90AF909F908F907F90F6
:10A230006F905F904F903F902F90089586E99DE337
:10A240000E944A60B4CF86E99DE30E944A60D1CF64
:10A2500089E69FE00E94486D0D94A21ECF93DF9384
:10A2600094E0899FE0011124C451D94F20E030E0EF
:10A2700040E251E4688179818A819B810F949CBB83
:10A28000688379838A839B8360E070E084E392E44F
:10A290000F9469650F948851DF91CF910D94A21EA0
:10A2A0000E946A8861E081EC9DE60E947F870D94A0
:10A2B0000618CF93DF938AE394E00F946422809191
:10A2C000010E811118C08091020E811114C0C0913D
:10A2D0007704D09178048AEECF39D80761F08FEDFA
:10A2E000C230D80741F080913104811104C08091BF
:10A2F0007005882331F082E08093B702DF91CF911F
:10A3000008958BECCE3AD80749F482E08093B702E7
:10A310008AE29DE0DF91CF910C94486D9091FF0D02
:10A320008091000E981304C00E949E57882361F00C
:10A330000E94D957811110C082E08093B70280E05B
:10A34000DF91CF910D94F63A81E0C93AD807E1F454
:10A3500060E082E09FED14C081E0C93AD80759F06F
:10A3600081EDCD3DD80739F086EDCD39D80719F00C
:10A37000C75ED04009F70E94906160E08FE99AEED5
:10A38000DF91CF910C945D5381EDCD3DD80701F362
:10A3900081E0CF35D807E1F28FEEC636D807C1F29B
:10A3A00083EDC63ED807A1F285EDC23DD80781F204
:10A3B000C75ED04009F0C0CFCBCF1F93CF93DF93C0
:10A3C0000E949D6A109271051BE0D1E08091710599
:10A3D000843008F0F7C1109274058AE39DE30E946F
:10A3E00036670E94EF57811117C00E94895781116B
:10A3F00013C08091410481110FC08091130E8330EE
:10A4000009F053C08091EC14882331F060E571EDC0
:10A4100082E39DE30E9405670E94D957882371F06B
:10A420000E949E57811104C080910E0E843031F439
:10A430006FE97AEE84E29DE30E945B678091120EE1
:10A44000882331F06BE17EEE8BE79DE30E94056788
:10A450000E94895781115AC08091FF0D9091000E82
:10A46000891B8F7069F50E94EF57811129C0809177
:10A470004404823029F180917005811127C06FE575
:10A4800071E087E19DE30E945B678091F903882377
:10A49000E9F08091130E67E078EC813009F07BC021
:10A4A00089E09DE30E94056711C0843009F0B4CFB4
:10A4B0008091F903882309F4AFCF61E078ECA8CF4D
:10A4C0006DE976ED8FE19DE30E945B67C091020E1E
:10A4D0000E949357C1111AC09091010E911116C09C
:10A4E000811118C08091FE03811110C080916D050B
:10A4F00069E471E0811106C08091EB14882331F08A
:10A500006FEA72E083EF9CE30E9405670E94935715
:10A51000882321F180917A05811120C08091440423
:10A520008230E1F080916A02823021F49091030E32
:10A530009923A1F090911E07983081F067ED7EEE8F
:10A54000882341F0813051F48091F903882331F060
:10A5500064E07FEE86EE9CE30E945B670E949E575C
:10A56000811108C00E949357811104C00E9489572D
:10A57000882341F080911E07813021F08091FE03F5
:10A58000882361F080917005882371F067E87EEE82
:10A5900087ED9CE307C08FEF9CE384CF6BE57CECF9
:10A5A00084EF9DE30E945B670E948957811192C0EE
:10A5B0000E94EF5781118EC080917A0581118AC067
:10A5C00080914404823009F485C08091EC1481119B
:10A5D00005C080910E0E882309F4A5C080917E17D6
:10A5E000811110C080916D0581110CC080910E0EFB
:10A5F000811108C0D0933F0466E67FEE89EC9CE3AE
:10A600000E945B678091120E81111FC081EA9DE05C
:10A610000F9474BAC82F0E94636D87FD09C0C817D4
:10A6200039F0C102C0011124875B924F0E9448C8D3
:10A6300080915D048C3309F492C008F07BC08931AD
:10A6400009F483C0883209F47AC080910204811130
:10A6500041C08091700581113DC0809115148130F9
:10A6600009F089C08091EB1381110AC08091121802
:10A67000811106C06FE77BED85EA9CE30E945B6772
:10A6800063E672E086E99CE30E945B6763EC72E03C
:10A6900086E89CE30E945B676DE571E088E19CE6DB
:10A6A0000E945B678EEC9EE00F9474BA882331F0B1
:10A6B00063EE71E08BE09CE60E945B6766EE73EDF3
:10A6C0008BEE9DE30E945B6760E275ED8AE59CE39B
:10A6D0000E945B676DE17FED8FE49CE30E945B6706
:10A6E00067E771E084E49CE30E945B678091151446
:10A6F000813031F46DE371E085E39CE30E945B6798
:10A7000067EE70E08DE29CE30E945B670E9403535A
:10A71000809171058F5F80937105809173058F5FC4
:10A720008093730553CED0933F048EEB9CE30E943D
:10A73000366768CF8035C9F08F3F09F086CF22E0B9
:10A740004CE05AEC62E674E405C022E04CE05AECBE
:10A7500067E674E484EB9CE30E94FD6776CF22E019
:10A760004CE05AEC6DE574E4F5CF22E04CE05AEC95
:10A7700068E574E4EFCF809105188823C1F08091DB
:10A780000618811106C063E272E088E79CE30E942C
:10A790005B6780911218811110C080910618882380
:10A7A00009F48CCF65E07BED86E69CE385CF63E220
:10A7B00072E088E79CE30E945B6761EC72E086E8E8
:10A7C0009CE37ACFDF91CF911F910895CF938FEFC4
:10A7D0009FE00F9474BA8093FF030E949D6A1092C9
:10A7E0007105C1E080917105843008F027C1109295
:10A7F000740588E39EE30E94366762ED75ED8CE395
:10A800009BE30E945B670E94EF57882321F00E9420
:10A810009357882361F067E87DEC82E39BE30E9415
:10A820005B6765E17EE281E29BE30E94FE8761E96E
:10A830007CEC8FE69DE30E945B678CEA9CE00F94C2
:10A8400074BA6BEB7CE6882311F06FEB7CE622E0B8
:10A8500043E450EE89E394E40E94FD678CEA9CE0B7
:10A860000F9474BA882331F06BE071E08FE294E4C6
:10A870000E94056780911514813041F40E947BCBC2
:10A8800067EC72E084E19BE30E945B670E946CCB03
:10A890008091120E811102C00E9436CB8091120E5F
:10A8A0008111C5C0C0935E046EEA7BEC8BE09BE334
:10A8B0000E945B6760E972EF87E89BE30E945B6739
:10A8C00065E27DEE8DEE9AE30E945B6720E030E06A
:10A8D00040E251E46091F4037091F5038091F60336
:10A8E0009091F7030F9425BE87FD11C08FEA9FE07A
:10A8F0000F9474BA6BEB7CE6882311F06FEB7CE667
:10A9000022E047ED59EC88E49BE30E94FD678091CB
:10A9100098056FEB7CE6811102C06BEB7CE622E0D0
:10A9200045EC59EC84EE9AE30E94FD670E94935730
:10A93000811106C06FE97AEE84E29DE30E945B67B5
:10A940008091120E81112AC080915C1722E04BEB9E
:10A9500059EC60EF7CE2811102C064E47FE38CED8E
:10A960009AE30E94FD6789E09FE00F9474BA22E0A9
:10A9700049EF59EC62ED7AE3882361F022E049EF78
:10A9800059EC69EC7AE3813029F022E049EF59EC87
:10A990006CE57FE387ED9AE30E94FD6780914305B4
:10A9A00022E042EE59EC68E57DE3823051F061E54A
:10A9B0007DE3833031F064E67DE3813011F46FE5AF
:10A9C0007DE389E69DE30E94FD678091660488230C
:10A9D00031F06BE07BED86E49DE30E945B6787EAE4
:10A9E0009CE00F9474BA64E07CE6882311F067E081
:10A9F0007CE622E046E259EC83EE9CE20E94FD6791
:10AA00008091120E882331F06FE672EF8DE194E4AD
:10AA10000E9405670E940353809171058F5F8093A8
:10AA20007105809173058F5F80937305DBCE67EAB4
:10AA300078EF8DEF9AE30E9405673CCFCF910895A0
:10AA40000E949D6A1092710580917105843008F012
:10AA500075C01092740588E39EE30E9436676BE927
:10AA600071E086EC9BE30E94056780910E0E8111D8
:10AA700006C06AEC7BEE88E09CE30E945B6762E2C2
:10AA80007EE28AEF9BE60E94FE8761E673EF8CEB25
:10AA90009BE30E94056765E976EF83EB9BE30E94E9
:10AAA000056764ED78EC85EA9BE30E9405676BED32
:10AAB00078EC89E99BE30E94056762EE78EC87E811
:10AAC0009BE30E945B6760EF75ED85E79BE30E9467
:10AAD0005B6768ED7AEC85E69BE30E945B676DE35C
:10AAE00074E483E59BE30E94FE8720E030E040E2CF
:10AAF00051E46091F4037091F5038091F603909115
:10AB0000F7030F9425BE87FD06C069EE78EC88E454
:10AB10009BE30E94056760EE77EC89EF9CE20E9460
:10AB200005670E940353809171058F5F80937105C3
:10AB3000809173058F5F8093730586CF0895EF92A0
:10AB4000FF920F931F9388ECE82EF12C07E211E09F
:10AB500030E020E040E160E17EE080E89AE30E949E
:10AB60009B6092E3E92EF12C08E710E030E020E052
:10AB700040E16AEC76E08BE69AE30E949B602FE767
:10AB8000E22EF12C0FEF10E030E020E048E065E429
:10AB900074E081E69AE30E949B601F910F91FF9001
:10ABA000EF9008950E949D6A109271058091710541
:10ABB0008430A8F4109274058BEE9DE30E943667F2
:10ABC0000E949FD50E940353809171058F5F8093EF
:10ABD0007105809173058F5F80937305E7CF0895AA
:10ABE000EF92FF920F931F9380911104811135C052
:10ABF00080EC9FE00F9474BA813061F58FEB9FE099
:10AC00000F9474BA082E000C990B90931304809340
:10AC100012048EEB9FE00F9474BA082E000C990B6F
:10AC200090931504809314048DEB9FE00F9474BAF5
:10AC3000082E000C990B90931704809316048CEB4C
:10AC40009FE00F9474BA082E000C990B909319048E
:10AC50008093180481E0809311040E949D6A1092F1
:10AC6000710580917105843008F062C010927405FE
:10AC70000E94A6528823E9F0609112048FEB9FE0B6
:10AC80000F9498BA609116048DEB9FE00F9498BAD8
:10AC9000609118048CEB9FE00F9498BA60911404B3
:10ACA0008EEB9FE00F9498BA61E080EC9FE00F94E8
:10ACB00098BA8CE29FE30E943667F12CE12C04E6FF
:10ACC00010E02CE93FEF40E162E174E084E691E3BB
:10ACD0000E949B602CE93FEF40E164E174E085E570
:10ACE00091E30E949B602CE93FEF40E166E174E054
:10ACF00086E491E30E949B602CE93FEF40E168E12C
:10AD000074E087E391E30E949B606DE37DED8BEF40
:10AD10009BE30E9405670E940353809171058F5F3A
:10AD200080937105809173058F5F8093730599CF30
:10AD30001F910F91FF90EF900895EF92FF920F9364
:10AD40001F938091BD029091BE02209111042111A8
:10AD50008FC021E020931104909313048093120478
:10AD60008FEF9FE00F9474BA8093FF030E949D6A57
:10AD70001092710580917105843008F088C010929E
:10AD800074050E94A65281110E94DC5488E39EE360
:10AD90000E943667F12CE12C07EE13E02AE030E048
:10ADA00040E169E372E080E99DE30E949B600E94BC
:10ADB0009FD52AE030E040E16DEB72E08BE89DE347
:10ADC0000E949B608091120E811106C06BE17EEEA5
:10ADD0008BE79DE30E9405670E949357882331F01B
:10ADE0006CE674E48AEF9BE60E94FE8761E97CECE6
:10ADF0008FE69DE30E945B6780911514813011F40A
:10AE00000E947BCB0E946CCB8091120E811102C0FC
:10AE10000E9436CB8091430522E042EE59EC68E572
:10AE20007DE3823051F061E57DE3833031F064E60B
:10AE30007DE3813011F46FE57DE389E69DE30E94B7
:10AE4000FD6780916604882331F06BE07BED86E43A
:10AE50009DE30E945B670E940353809171058F5FA1
:10AE600080937105809173058F5F8093730582CF06
:10AE700020911204309113042817390709F470CF78
:10AE800090931304809312040E94B25569CF1F91CE
:10AE90000F91FF90EF9008958F929F92AF92BF9283
:10AEA000CF92DF92EF92FF920F931F93CF93DF9396
:10AEB000F82E60910A0E70910B0E80910C0E9091FD
:10AEC0000D0E0F940DBD4B016B0160914D057091FE
:10AED0004E0580914F05909150050F940DBDEB01EB
:10AEE000FF2009F4A6C06B01E40124EB922E90E050
:10AEF00080E09093110E8093100E84E690E0F110A4
:10AF000002C090E080E09093CB068093CA06E09068
:10AF10007C0580E00F94B2280F94604F81E00E947E
:10AF20003E8AB12CA12C85E0882E8091700581117C
:10AF30001CC00F94604F81E00E943E8A00E911E03E
:10AF400020E042E06A2D87E0F11001C088E00E9415
:10AF500065CEA82E8B2D682D0F9423BB911102C0B6
:10AF60000E946C6FB394B910E0CF1092110E109242
:10AF7000100E1092CB061092CA060F94604FB601C5
:10AF8000DD0C880B990B4E01DD0FAA08BB08FF20D2
:10AF900009F454C00F9402B59B01AC0160914D05BA
:10AFA00070914E0580914F05909150050F949BBB79
:10AFB0000F940DBDEB01C501B4010F9402B59B01C7
:10AFC000AC0160910A0E70910B0E80910C0E909165
:10AFD0000D0E0F949BBB0F940DBD109170051111B8
:10AFE0000CC0F1104BC0693071050CF04DC08EE102
:10AFF00090E011E0C817D90734F46AEF72E080E0FE
:10B000000F942DA910E08E2D0F94B2280F94604F4D
:10B0100081E00E943E8A812FDF91CF911F910F9195
:10B02000FF90EF90DF90CF90BF90AF909F908F9068
:10B0300008959CE3992E88EC90E05BCF0F9402B5C5
:10B040009B01AC0160910A0E70910B0E80910C0E69
:10B0500090910D0E0F949BBB0F940DBDEB01C5019C
:10B06000B4010F9402B59B01AC0160914D05709144
:10B070004E0580914F0590915005ABCF89E090E04F
:10B080006E3171050CF4B5CF6AEF72E081E00F9478
:10B090002DA9B9CF2F923F924F925F926F927F92DC
:10B0A0008F929F92AF92BF92CF92DF92EF92FF92D8
:10B0B0001F93CF93DF9300D000D01F92CDB7DEB7A0
:10B0C000182F682E712C812C20E8922E2CE5A22EB0
:10B0D00023E4B22E813031F0812C912C9FE7A92EF0
:10B0E00093E4B92E10925C020F94F61D81E08093D8
:10B0F000B60260E070E080EA90E40E94E05F81E0E8
:10B10000012E01C0880F0A94EAF70F94251E20E053
:10B1100030E040E752E4C501B4010F949CBB698361
:10B120007A838B839C831301220C331C220C331CE7
:10B13000C1018451994F9E838D8329813A814B812E
:10B140005C81FC0160817181828193810F949BBB42
:10B15000ED81FE81608371838283938360E070E080
:10B1600084E392E40F9469650F94885110933B0235
:10B17000109228041092290410922A0410922B0491
:10B1800010922C0410922D0410922E0410922F0471
:10B19000812F0F941D306B017C0120E030E040EFE7
:10B1A00052E4ED81FE8160817181828193810F94EF
:10B1B0009CBBED81FE81608371838283938360E019
:10B1C00070E084E392E40F9469650F948851A501BF
:10B1D0009401ED81FE8160817181828193810F9460
:10B1E0009CBBED81FE81608371838283938360E0E9
:10B1F00070E084E392E40F9469650F9488518FEFB7
:10B2000080933B0260912C0470912D0480912E0458
:10B2100090912F04209128043091290440912A0410
:10B2200050912B040F94E7BA2D833F833F932F93C4
:10B23000F8E56F0E711C7F926F9282EA94E49F93FF
:10B240008F930F9436B90F900F900F900F900F902F
:10B250000F908BE59FE0111102C08DE59FE06D819D
:10B260007F810F94D2BA812F0F941D302B013C01A6
:10B27000A70196010F949BBB6B017C01E894F7F842
:10B28000C1018451994F9E838D8320E030E040E7D7
:10B2900052E4FC0160817181828193810F949BBB98
:10B2A000ED81FE81608371838283938360E070E02F
:10B2B00084E392E40F9469650F94885129813A815F
:10B2C0004B815C81ED81FE816081718182819381FE
:10B2D0000F949BBBED81FE81608371838283938396
:10B2E00060E070E084E392E40F9469650F94885104
:10B2F000812F0F941D309B01AC01C301B2010F944B
:10B300009BBB2B013C01E89477F80F94F61DFF924C
:10B31000EF92DF92CF9285EA9DE29F938F930F94F5
:10B3200036B9A5019401C701B6010F949BBB9F7765
:10B330000F900F900F900F900F900F9020E030E043
:10B3400040EA50E40F9425BE18160CF453C07F92C7
:10B350006F925F924F9285EA9DE29F938F930F9435
:10B3600036B9A5019401C301B2010F949BBB9F772D
:10B370000F900F900F900F900F900F9020E030E003
:10B3800040EA50E40F9425BE1816A4F1A3019201DF
:10B39000C701B6010F949BBB6B017C01E894F7F8E1
:10B3A000FF92EF92DF92CF9288E89DE29F938F9376
:10B3B0000F9436B90F900F900F900F900F900F9041
:10B3C00020E030E040E85FE3C701B6010F9425BEFE
:10B3D00018160CF444C0ED81FE8110821182128295
:10B3E00013820F940F61812F0E942ED10F94ED3A9A
:10B3F00081E01DC01092B60264EE72E0113011F0CF
:10B4000062EE72E088E00F942DA9F101E451F94F4A
:10B4100010821182128213820F940F61812F0E9479
:10B420002ED181E08093B6020F94ED3A80E027960A
:10B430000FB6F894DEBF0FBECDBFDF91CF911F9145
:10B44000FF90EF90DF90CF90BF90AF909F908F9044
:10B450007F906F905F904F903F902F90089564EE93
:10B4600072E0113011F062EE72E087E00F942DA9C6
:10B47000F101E451F94F10821182128213820F946C
:10B480000F61812F0E942ED1CFCF0F942284109272
:10B4900000041092E7061092E6060C942F53809158
:10B4A0008B168823F9F0815080938B1693E2E9EB99
:10B4B000F5E1A6E9B5E101900D929A95E1F729EB46
:10B4C00035E190E0981760F443E2F901B396D901B1
:10B4D00001900D924A95E1F79F5F2D5D3F4FF2CFAE
:10B4E0000F942284109200041092E7061092E60650
:10B4F0000C942F53AF92BF92CF92DF92EF92FF92B4
:10B500000F931F93CF93DF936C010E941460E601A9
:10B51000F12CE12C6F2D80E00E948760C6010E9413
:10B52000F2C7882329F08FEFC81AD80A09F449C056
:10B53000C6010F9432B88431910510F084E190E097
:10B54000E601C80FD91FE3E0FE120AC0843141F4BE
:10B55000FE018491E12C882319F02297EE24E394D4
:10B56000FE018491882309F440C0CE010E94F2C7F5
:10B5700081113BC0FE01849192ED980F9230A8F1A9
:10B580008C3299F196EC980F923078F18F3369F103
:10B59000813259F18E01C016D10658F45801F1E0FC
:10B5A000AF1AB108C5010E94F2C781111DC0850103
:10B5B000F2CFC016D106C9F0E801F39484E0F81286
:10B5C000A9CFEE20F9F048E863E083E10E944061F2
:10B5D000CE01DF91CF911F910F91FF90EF90DF90FF
:10B5E000CF90BF90AF900895E801CC16DD0628F704
:10B5F000F60184918A3009F30E94C764FFEFCF1AE5
:10B60000DF0AF3CFD0E0C0E0E3CF84E390E30E9411
:10B610007ADA0C94976AEF92FF920F931F930E942D
:10B620009D6A1092710580917105843008F052C0B6
:10B63000109274050E94A65281110E94BE898CE26C
:10B640009FE30E9436672091640430E0F12CE12CE6
:10B650000FEF10E048E065E674E08EED9DE30E9498
:10B660009B600091650410E030E020E048E064E673
:10B6700074E081ED9DE30E949B6080914F026DEB31
:10B680007DE3813031F064EC7DE3811102C069EB30
:10B690007DE322E04FE65BED8BE49FE30E94FD67D4
:10B6A000F12CE12C07EE13E021E030E040E16DE405
:10B6B00072E089EC9DE30E949B600E94035380919D
:10B6C00071058F5F80937105809173058F5F809303
:10B6D0007305A9CF1F910F91FF90EF90089580916E
:10B6E0004F02882331F0813041F410924F020C94C4
:10B6F000BE8982E080934F02FACF81E0FBCFCF93E7
:10B700000E949D6A1092710580917105843030F518
:10B710001092740588E39EE30E9436676FED7CED1E
:10B720008DEC9BE30E940567C0E061E36C0F2C2F5A
:10B730004EEE5CED88E79CE30E949766CF5FC530D4
:10B74000A1F70E940353809171058F5F809371056B
:10B75000809173058F5F80937305D6CFCF91089545
:10B760006091400481EA9DE00F9498BA83E00C94C4
:10B770007F5360910A0E70910B0E80910C0E909188
:10B780000D0E0F940DBD20916B0230916C022617A7
:10B7900037070CF065C08091E6069091E706892B8B
:10B7A000B9F10E94BC568091FF0D8F5F803109F482
:10B7B00080E09091000E981759F16091E606709123
:10B7C000E706072E000C880B990B0F9402B59B011E
:10B7D000AC016091F8067091F9068091FA0690919B
:10B7E000FB060F949CBB6093F8067093F906809358
:10B7F000FA069093FB061092E7061092E60665E5BE
:10B8000075E585ED9FE30F94696581E08093B7024C
:10B810008091B702882311F161E080E00E94876087
:10B820008091FB068F938091FA068F938091F906A1
:10B830008F938091F8068F9389E293E49F938F937F
:10B840008AE193E49F938F930E9438608DB79EB7EF
:10B8500008960FB6F8949EBF0FBE8DBF0C94976AE2
:10B860000E9490614CEC50E360E080E00E94346103
:10B8700048EB50E362E080E00E94346160ED77E0E5
:10B8800080E090E00F94A01F0E9490610D94061834
:10B89000CF930E949D6A109271058091710584304A
:10B8A00058F5109274050E94A65281110F94D91870
:10B8B00088E39EE30E94366767E471E08DEC9BE3CA
:10B8C0000E940567C0E061E36C0F2C2F4BEF50E046
:10B8D00088E79CE30E949766CF5FC530A1F70E947E
:10B8E0000353809171058F5F80937105809173057B
:10B8F0008F5F80937305D1CFCF910895EF92FF9220
:10B900000F931F93CF938C017B010E949D6A10922D
:10B91000710580917105843018F5109274050E94AC
:10B92000A65281110F94D91888E39EE30E943667CE
:10B93000C0E061E36C0F2C2FA701C8010E9497663D
:10B94000CF5FC530B1F70E940353809171058F5FBF
:10B9500080937105809173058F5F80937305D9CFB4
:10B96000CF911F910F91FF90EF90089568EC7CEDBF
:10B970008BE09CE60C947EDC64ED7CED88E19CE63B
:10B980000C947EDC65EE72E088E79CE30C947EDC30
:10B99000CF93C82F0F941890882321F08C2FCF912C
:10B9A0000D94DFB4CF910895CF93C82F0E949B537D
:10B9B00061E08C2F0F9464B4CF910D94D91880E07E
:10B9C0000F9423B481E00F9423B482E00F9423B446
:10B9D00083E00F9423B484E00D9423B40D9423B436
:10B9E0000E949D6A1092710580917105843008F063
:10B9F00043C0109274058BE09BE30E94366763E8B6
:10BA00007DEC89E49DE00E94A1676EE77DEC84E512
:10BA10009DE00E94A16769E77DEC8FE59DE00E94B3
:10BA2000A16764E77DEC8AE69DE00E94A1676FE66E
:10BA30007DEC85E79DE00E94A1676AE67DEC80E8E9
:10BA40009DE00E94A16765E67DEC8BE89DE00E9489
:10BA5000A16760E67DEC86E99DE00E94A1670E94F7
:10BA60000353809171058F5F8093710580917305F9
:10BA70008F5F80937305B8CF08950E94AC6D1092CC
:10BA800011040895CF93DF9348E151E360E080E033
:10BA90000E94346143EC54E461E080E00E94346130
:10BAA00062E080E00E94876085EE9FE00F947CBAA0
:10BAB0009F938F937F936F931F9288E58F93C3E338
:10BAC000D3E4DF93CF930E94386063E080E00E946C
:10BAD000876089EE9FE00F947CBA9F938F937F934A
:10BAE0006F931F9289E58F93DF93CF930E94386005
:10BAF0008DB79EB740960FB6F8949EBF0FBE8DBF10
:10BB0000DF91CF910C94976ACF92DF92EF92FF92E0
:10BB100080E69FE00F947CBA6B017C010E948961F2
:10BB20008EE38F9380E88F931F921F9282EF90E3B2
:10BB30009F938F938DE38F9385EF8F9382EC8F93F9
:10BB400080E98F938EEF90E39F938F9383EC94E43F
:10BB50009F938F938AE091E39F938F9385E59CE277
:10BB60009F938F930E94386060E08FE00E9487600F
:10BB70008DB79EB742960FB6F8949EBF0FBE8DBF8D
:10BB800020E030E048EC52E4C701B6010F9491BCCC
:10BB900087FF2EC020E030E044E353E4C701B60144
:10BBA0000F9441B52BED3FE049E450E40F949BBC6A
:10BBB0009F938F937F936F938EE49CE29F938F93D9
:10BBC0000E9438600F900F900F900F900F900F9081
:10BBD0000E94E268882389F020E041E070E060E0A4
:10BBE00082E49DEDFF90EF90DF90CF900C9437535F
:10BBF00086E99DE30E944A60EBCFFF90EF90DF90D3
:10BC0000CF9008952F923F924F925F926F927F92C2
:10BC10009F92AF92BF92CF92DF92EF92FF920F93DB
:10BC20001F93CF93DF937091010E711104C0709137
:10BC3000020E772399F0DF91CF911F910F91FF9022
:10BC4000EF90DF90CF90BF90AF909F907F906F90DC
:10BC50005F904F903F902F900C949B5370910404F1
:10BC6000711109C07091B6021092B602709305046A
:10BC700071E07093040419016A01C62FD92F982E20
:10BC80008091E6069091E706892B09F471C00E9425
:10BC9000BC568091FF0D8F5F803109F480E0909158
:10BCA000000E981709F464C084E0C89F8001112435
:10BCB000F801E451F94F5F016091E6067091E706E3
:10BCC000072E000C880B990B0F9402B5F50120810B
:10BCD0003181428153810F949CBB2B013C01B60101
:10BCE000DD0C880B990B0F9402B56B017C01AC0144
:10BCF0009B01C301B2010F9491BCF50187FD7DC08A
:10BD00004082518262827382B101330C880B990B9D
:10BD10000F9402B52B013C01C8018451994F7C015D
:10BD2000A3019201FC0160817181828193810F9452
:10BD300025BE18162CF4F70140825182628273826C
:10BD40001092E7061092E60660EF76E08CEE96E041
:10BD50000E94EB5BF801E550FD4F608171818281AB
:10BD600093810E94C0560F94696581E08093B70269
:10BD70008091B702882311F161E080E00E94876022
:10BD800084E0C89FF0011124E451F94F83818F931F
:10BD900082818F9381818F9380818F93DF939F9294
:10BDA0008AE193E49F938F930E943860EDB7FEB7CA
:10BDB00038960FB6F894FEBF0FBEEDBF80913504E4
:10BDC000811104C080910304882321F0809105042F
:10BDD0008093B602DF91CF911F910F91FF90EF906A
:10BDE000DF90CF90BF90AF909F907F906F905F90CB
:10BDF0004F903F902F900C94976AC082D182E2823C
:10BE0000F38282CF22ED30E050E040E062E084E453
:10BE100093E40C9402DE2FEF30E050E040E060E06D
:10BE20008EE393E40C9402DE24ED30E04CEF5FEF00
:10BE300061E081E493E40C9402DE8F929F92AF92D2
:10BE4000BF92CF92DF92EF92FF920F931F93CF9307
:10BE5000DF9310923A040E949E57882309F462C02F
:10BE60006091E8037091E9038091EA039091EB03FC
:10BE70000F9400B520E030E543EC57E40F949BBCF1
:10BE8000EB01182F092F0F94FE2E6B017C010E94ED
:10BE900089618CE3882E912CA12CB12CC701B601AD
:10BEA000A50194010F94E7BA7F936F93CA01B9017A
:10BEB000A50194010F94E7BA7F936F93C701B60170
:10BEC00020E13EE040E050E00F94E7BA5F934F93EB
:10BED0003F932F938FE790E39F938F930F931F933D
:10BEE000DF93CF938AE890E39F938F9380EF9BE259
:10BEF0009F938F930E9438608DB79EB742960FB67E
:10BF0000F8949EBF0FBE8DBFDF91CF911F910F910F
:10BF1000FF90EF90DF90CF90BF90AF909F908F9069
:10BF20000C94976A81EF9FE00F947CBA4B015C01FF
:10BF30008DEE9FE00F947CBA6B017C010E948961B9
:10BF4000C701B6012CE330E040E050E00F94E7BABF
:10BF50007F936F93CA01B90128E130E040E050E0DF
:10BF60000F94E7BA7F936F93C701B60120EA35E0DB
:10BF700040E050E00F94E7BA5F934F933F932F93C5
:10BF800088E990E39F938F93C501B4010F9400B5A6
:10BF900020E030E048EC52E40F949BBC9F938F93D9
:10BFA0007F936F9389EA90E39F938F9384E19CE260
:10BFB0009F938F930E9438608DB79EB742960FB6BD
:10BFC000F8949EBF0FBE8DBF9FCF1F93CF93DF937B
:10BFD000E1E0F1E080818E7F8083E2E0F1E080812A
:10BFE00081608083E9E9F5E090E19083118212821B
:10BFF000E0EDF0E08081826080839093D400E1EDF9
:10C00000F0E088E18083808180688083EFEEF2E158
:10C010008FED91E09187808781E792E09387828717
:10C0200013E01383158614869FB7F894E5E0F1E0DA
:10C030008081806280839FBFE4E0F1E08081806244
:10C0400080830E94D84C83E60F94978F89E091E714
:10C050000E948571C6EAD3E11093FA1383EE94E748
:10C060000E9485718AE08C8B82E08093151481E0B8
:10C070008D8F8A831CA286E08C8380E0DF91CF9134
:10C080001F910D944FAC8CEA9CE00F9474BA8823F6
:10C0900061F0109215141092C3131092A8138CEA39
:10C0A0009CE00E94486D0D944B7C0E94E5DFF7CF29
:10C0B0004F925F926F927F92AF92BF92CF92DF9238
:10C0C000EF92FF920F931F93CF93DF936C018091B8
:10C0D0001514C114D10429F0D6E0813029F0D5E03F
:10C0E00003C0D4E08130D9F30E94906184E0809352
:10C0F000BF02C1E000E08D2F8350990B7C010F94AB
:10C10000604F81E00E943E8A8091E6069091E706AA
:10C11000009709F497C097FF82C0C1501092E706BC
:10C120001092E606C4300CF480C0802F002E000C64
:10C13000990B8E159F050CF074C00F5F0E949061E3
:10C14000C3E049E053E460E080E00E943461A02E47
:10C15000002E000CBB08C114D10421F012E0AE1473
:10C16000BF0409F013E0D0E0DF5F4CEF5FE26D2F1A
:10C1700081E00E9434611D13F7CF402E002E000C89
:10C180005508660877089FEF491A590A690A790A1B
:10C1900010E01F5F612F8AE00E948760C301B20137
:10C1A0000E9400668FEF481A580A680A780AD1136D
:10C1B000F0CFC114D10441F0AE14BF0429F4A6019C
:10C1C00063E081E00E9434614AE259E461E080E08A
:10C1D0000E9434614EE36C2F80E00E94406164E66F
:10C1E00070E080E090E00F94A01F0E94E268882336
:10C1F00009F485CF82E08093BF028FEF8C0F800F10
:10C20000DF91CF911F910F91FF90EF90DF90CF9032
:10C21000BF90AF907F906F905F904F900895CF5FE9
:10C220007DCF87E00F94F63A8BCFC1118ACF1016DD
:10C230002CF401500E949061C1E083CF87E00F94FD
:10C24000F63AFACFC4300CF070CF7BCF2F923F92EA
:10C250004F925F926F927F928F929F92AF92BF9216
:10C26000CF92DF92EF92FF920F931F93CF93DF93C2
:10C2700000D000D01F92CDB7DEB7698349015A01C3
:10C280002701682F70E090E080E00F9402B524E071
:10C2900032E041E05CE30F9441B5209135133091D9
:10C2A000361340913713509138130F9441B56B01F9
:10C2B0007C012091391330913A1340913B135091F6
:10C2C0003C13C501B4010F9441B520913D13309149
:10C2D0003E1340913F13509140130F949CBBA70114
:10C2E00096010F9441B56B017C0120918B13309125
:10C2F0008C1340918D1350918E13C801B2010F948D
:10C300009CBB9B01AC01C501B4010F949BBB39815F
:10C3100024E0329FF0011124E55BFC4E2081318145
:10C32000428153810F949BBC9B01AC01C701B601B4
:10C330000F949BBB209198133091991340919A13BD
:10C3400050919B130F9441B56F837983182F092F58
:10C3500020912C13E22FF0E080912B138150990B48
:10C36000E817F90709F4F4C02F5F2E835E8144E0DB
:10C37000549F10011124D101A55FBC4E2D913D9118
:10C380004D915C912A833B834C835D83EE0FFF1FAD
:10C39000EE0FFF1FE55FFC4E40805180628073808E
:10C3A000C0904513D0904613E0904713F090481387
:10C3B0009201A301B201C3010F94AABF882321F007
:10C3C0004F805980612E702EA101455F5C4E1A018D
:10C3D000A701960160E070E080E89FE30F949BBBAB
:10C3E0009201A3010F9441B52B013C01A7019601D5
:10C3F0006F817981812F902F0F9441B59B01AC0102
:10C40000C301B2010F949CBBF101608371838283ED
:10C410009383FE81F0932C132091311330913213CA
:10C420004091331350913413C501B4010F949BBB59
:10C430002A813B814C815D810F949BBB2B013C0188
:10C44000C0902D13D0902E13E0902F13F090301346
:10C45000A7019601C701B6010F94AABF882319F05E
:10C46000C12CD12C760123E333E343E75FE3C7011B
:10C47000B6010F9441B56B017C012DEC3CEC4CE412
:10C480005DE3C301B2010F9441B59B01AC01C7014B
:10C49000B6010F949CBB8092311390923213A092FC
:10C4A0003313B092341360932D1370932E13809333
:10C4B0002F13909330136B017C01E894F7F821E07F
:10C4C00029832091A0133091A1134091A213509180
:10C4D000A313C701B6010F9425BE18160CF01982DC
:10C4E00080919713398130FB81F98093971341E054
:10C4F000498320919C1330919D1340919E1350913C
:10C500009F13C701B6010F9425BE18160CF01982AF
:10C5100080919713598150FB82F980939713279646
:10C520000FB6F894DEBF0FBECDBFDF91CF911F9144
:10C530000F91FF90EF90DF90CF90BF90AF909F90C2
:10C540008F907F906F905F904F903F902F900895C5
:10C550001E820CCF2F923F924F925F926F927F92EA
:10C560008F929F92AF92BF92CF92DF92EF92FF9203
:10C570000F931F93CF93DF93CDB7DEB7A4970FB67A
:10C58000F894DEBF0FBECDBF9B8F8A8F7A8B698BED
:10C590002B8B3C8B4D8B5E8B0C8FCD8EDE8EEF8E7E
:10C5A000F8A220917C05298F80E00F94D428A989D6
:10C5B000BA898D919D910D90BC91A02D89A39AA3CC
:10C5C000ABA3BCA380E090E0A0EAB0E489839A83A7
:10C5D000AB83BC838B899C89AD89BE898D839E8307
:10C5E000AF83B88720E030E040EA50E4BC01CD01E1
:10C5F0000F949BBB2AE737E34EE15FE30F9441B50D
:10C600006B017C0120E030E040EA50E40F949CBBD9
:10C6100069877A878B879C87A70196016B897C89BC
:10C620008D899E890F949BBB6D877E878F87988BA2
:10C63000312C212C29853A854B855C85CD8CDE8C6F
:10C64000EF8CF8A00C8D69897A898A8D9B8D0F9467
:10C6500022234B015C012D853E854F855889CD8C69
:10C66000DE8CEF8CF8A00C8D69897A898A8D9B8D80
:10C670000F9422239B01AC0111E0C501B4010F947A
:10C6800025BE18160CF010E001E00127802F90E085
:10C69000E12FF0E0EE0FFF1FEE0FFF1F41E050E033
:10C6A0004C0F5D1F4E0F5F1F8C01000F111F000FFD
:10C6B000111FA1E0B0E0AC0FBD1F0A0F1B1FF80156
:10C6C0003896F88FEF8BF80180859185A285B38528
:10C6D000FA0180839183A283B3838D809E80AF8093
:10C6E000B884C980DA80EB80FC80A7019601C5017F
:10C6F000B4010F949BBB2AE737E34EE15FE30F944D
:10C7000041B52B013C01AC019B01C701B6010F945F
:10C710009CBB69877A878B879C87A3019201C5019F
:10C72000B4010F949BBB6D877E878F87988BD80150
:10C7300018964C90EF89F88D518062807380A50126
:10C740009401C701B6010F949BBB242D352D462DB6
:10C75000572D0F949BBC9F772CE031E943EC5EE3AF
:10C760000F9441B56B017C015B018C01FF928F93AB
:10C77000DF926F937F926F925F924F923F922F92D0
:10C7800020E139E43F932F930F9436B90FB6F89414
:10C79000DEBF0FBECDBF2AE037ED43E25CE36C2D78
:10C7A0007D2D8E2D9F2D0F9491BC87FF42C020E0E0
:10C7B00030E040EA50E4642D752D862D972D0F94BE
:10C7C00091BC8823F1F1242D352D462D572D6B89F1
:10C7D0007C898D899E890F9491BC882391F1842D49
:10C7E000952DA62DB72DE989FA8980839183A2839F
:10C7F000B383898D0F94D4286A2D7B2D802F912FA0
:10C80000A4960FB6F894DEBF0FBECDBFDF91CF91D7
:10C810001F910F91FF90EF90DF90CF90BF90AF905E
:10C820009F908F907F906F905F904F903F902F9050
:10C830000895FFEF2F1A3F0A2EE12216310409F066
:10C84000F9CE81EF98E40E94857189A19AA1ABA1EC
:10C85000BCA1E989FA8980839183A283B383898DFE
:10C860000F94D428A12CB12C00EC1FE7C5CFEF9278
:10C87000FF920F931F93CF93DF9300D01F921F92CD
:10C88000CDB7DEB7082F162FF72E0F9418908823F8
:10C89000D9F00B3029F1043131F187E5E82EE98236
:10C8A0000A831B83FC82CE0101960E94A74C8D83D4
:10C8B00047E5502F612F7F2D0F9425AC60E080E07D
:10C8C0000F9444B3882359F30F900F900F900F905B
:10C8D0000F90DF91CF911F910F91FF90EF900895EE
:10C8E0001093F213DACF1093F313D7CF8230910560
:10C8F00038F0880F991F880F991F05970197F1F756
:10C900000895CF93DF93282F30E0F901EE5CF84BC8
:10C910008491F901E452F94BD491F901EA57F94BAA
:10C92000C491CC23A1F081110E94DFC6EC2FF0E06E
:10C93000EE0FFF1FE459F94BA591B491EC91ED2353
:10C9400081E090E009F480E0DF91CF91089580E0EC
:10C9500090E0FACF1F93CF93DF93282F30E0F901B7
:10C96000EE5CF84B8491F901E452F94BD491F90152
:10C97000EA57F94BC491CC23A9F0162F81110E94DC
:10C98000DFC6EC2FF0E0EE0FFF1FEE5AF94BA5913A
:10C99000B4918FB7F894EC91111108C0D095DE23B3
:10C9A000DC938FBFDF91CF911F910895DE2BF8CFDD
:10C9B000CF93DF9390E0FC01E452F94B24918A5726
:10C9C000994BFC0184918823D1F090E0880F991F46
:10C9D000FC01E85CF94BA591B491FC01EE5AF94BCE
:10C9E000C591D49161110EC09FB7F8948C91E22F3C
:10C9F000E0958E238C932881E223E8839FBFDF910B
:10CA0000CF9108958FB7F894EC91E22BEC938FBF00
:10CA1000F6CF1F93CF93DF93182FEB0161E00E94B5
:10CA2000D8E4209739F460E0812FDF91CF911F91F6
:10CA30000C94AAE4CF3FD10511F461E0F5CFE12FCA
:10CA4000F0E0EE5CF84BE491E150E23108F0B3C065
:10CA5000F0E08827E15DFA418F4F0D9484BB41E5FA
:10CA600049E54EE558E562E5DBE56CE574E57CE516
:10CA700086E590E59AE5A9E5B3E5DBE5BDE5C7E523
:10CA8000D1E584B5806884BDC7BDDF91CF911F918A
:10CA9000089584B5806284BDC8BDF7CF80918000C1
:10CAA000806880938000D0938900C0938800EDCF88
:10CAB00080918000806280938000D0938B00C0932F
:10CAC0008A00E3CF80918000886080938000D093BB
:10CAD0008D00C0938C00D9CF8091B0008068809386
:10CAE000B000C093B300D1CF8091B000806280933A
:10CAF000B000C093B400C9CF80919000806880934B
:10CB00009000D0939900C0939800BFCF809190007F
:10CB1000806280939000D0939B00C0939A00B5CF21
:10CB200080919000886080939000D0939D00C09386
:10CB30009C00ABCF8091A00080688093A000809182
:10CB4000A0008F7B8093A000D093A900C093A80081
:10CB50009CCF8091A00080628093A000D093AB0016
:10CB6000C093AA0092CF8091A00088608093A0001B
:10CB7000D093AD00C093AC0088CF80912001806835
:10CB800080932001D0932901C09328017ECF80910A
:10CB90002001806280932001D0932B01C0932A0151
:10CBA00074CF80912001886080932001D0932D0163
:10CBB000C0932C016ACFC038D1050CF03ECF33CFE3
:10CBC0004F925F926F927F928F929F92AF92BF929D
:10CBD000CF92DF92EF92FF920F931F93CF93DF9349
:10CBE00086B9FA01E080F18016161706B4F4E21651
:10CBF000F30699F4C701DF91CF911F910F91FF9038
:10CC0000EF90DF90CF90BF90AF909F908F907F90EC
:10CC10006F905F904F900C9476E489016A01EB016C
:10CC2000B70190E080E00F9400B52DEB37E346E8C4
:10CC300055E30F9441B54B015C01BE010D2E000C74
:10CC4000880B990B0F9402B5A50194010F9441B57F
:10CC50002B013C01A50194016AE077ED83E29CE39E
:10CC60000F949BBC9B01AC01C301B2010F949CBB10
:10CC70004B015C012AE037ED43E25EE30F9491BC87
:10CC80001816DCF5A50194016AE077ED83E29CE3D8
:10CC90000F949BBC20E034E244E759E40F9441B583
:10CCA00020E030E040E05FE30F949CBB0F9414BDA4
:10CCB0005B016017710708F45801EA14FB0431F4B2
:10CCC000209721F0FCF0F1E0AF1AB108C5010E94F5
:10CCD00076E4F601B182A082DF91CF911F910F918E
:10CCE000FF90EF90DF90CF90BF90AF909F908F908C
:10CCF0007F906F905F904F90089580E1A82E87E21B
:10CD0000B82EDBCF8FEFA81AB80AE0CF2F923F9250
:10CD10004F925F926F927F928F929F92AF92BF924B
:10CD2000CF92DF92EF92FF920F931F93CF93DF93F7
:10CD300000D0CDB7DEB7F901E080F180E114F10455
:10CD400009F46BC0161617060CF067C019015B8357
:10CD50004A836B018983FA0100811181B80190E057
:10CD600080E00F9400B54B015C01B6010D2C000C66
:10CD7000880B990B0F9402B52B013C01A50194017E
:10CD8000C501B4010F9441B59B01AC01C301B201CF
:10CD90000F9441B59B01AC016AE077ED83EA9BE318
:10CDA0000F949BBC20E030E040E05FE30F949CBB1D
:10CDB0000F9414BD6E157F0528F5F981F6B9EA8147
:10CDC000FB81808191810E9476E4F10180819181D3
:10CDD00001979183808381E00F900F900F90DF91F6
:10CDE000CF911F910F91FF90EF90DF90CF90BF9068
:10CDF000AF909F908F907F906F905F904F903F90FB
:10CE00002F900895662777276C197D0998014A812C
:10CE10005B8189810E94E0E5D8CF80E0DDCF0F9370
:10CE20001F93CF93DF93182F062FD1E0C0E0812FFF
:10CE30008D2329F0602F6D238C2F0F94A83DCF5F99
:10CE4000DD0FC330A1F7DF91CF911F910F910895AE
:10CE50008F929F92AF92BF92CF92DF92EF92FF920A
:10CE600030E020E091E0482F492319F1A901440F57
:10CE7000551F440F551FFA01E35FF84FC080D18062
:10CE8000E280F380762F7923812C912C54018394B6
:10CE9000772321F088248A94982C5401C80CD91C3B
:10CEA000EA1CFB1C435F584FFA01C082D182E28228
:10CEB000F382990F2F5F3F4F23303105A1F6FF908A
:10CEC000EF90DF90CF90BF90AF909F908F9008959C
:10CED0002F923F924F925F926F927F928F929F928A
:10CEE000AF92BF92CF92DF92EF92FF920F931F9378
:10CEF000CF93DF9300D000D0CDB7DEB7C0900D0741
:10CF0000D0900E07E0900F07F09010077C01EC180E
:10CF1000FD088091110790911207A0911307B0911D
:10CF20001407681B790B8091150790911607A09143
:10CF30001707B0911807FA01E81BF90BFA83E98388
:10CF4000FB01FF0FEE0BFF0FFE2FEE1FE27089813A
:10CF50009A8188E09802812D990B11248470E82B26
:10CF60008F2D881F8827881FE82BE09363049091FA
:10CF70000B01987B8AE0E827E0FD9160E1FD92607B
:10CF8000E2FD9460906490930B01000086E497ECBE
:10CF9000011102C090E080E09093E1068093E006EA
:10CFA000309362042093610429813A813E832D836A
:10CFB00037FF05C03195219531093E832D838B01C3
:10CFC00077FF03C0119501951109F7FE03C0F19495
:10CFD000E194F1089801D8010F948CBB4B015C01DE
:10CFE0002D813E81D9010F948CBB860E971EA81E01
:10CFF000B91E9701D7010F948CBB680D791D8A1D4E
:10D000009B1D0F9400B50F946ABF20E030E040E014
:10D010005FE30F949CBB0F9414BD2B014B015B018C
:10D020006B013B011C821B82312C212C1A8219823C
:10D030006114710409F447C0E091E006F091E10643
:10D040003097E9F580E0EC14FD0440F0C40CD51CE9
:10D0500089819A8101969A83898381E00A151B054B
:10D0600030F08260A40CB51C9FEF291A390AED81BB
:10D07000FE81E815F90548F08460840C951C2B812D
:10D080003C812F5F3F4F3C832B83CE18DF08A01AD3
:10D09000B10AED81FE818E1A9F0A86B9E091DC0605
:10D0A000F091DD063097D1F1B201C30119950097D7
:10D0B00011F00E9476E4F1E06F1A7108B9CF19956A
:10D0C000882309F4BFCFE091DE06F091DF063097A8
:10D0D00041F030E020E04B815C81B10189819A818F
:10D0E000199581E0672809F480E026960FB6F89438
:10D0F000DEBF0FBECDBFDF91CF911F910F91FF908B
:10D10000EF90DF90CF90BF90AF909F908F907F90E7
:10D110006F905F904F903F902F90089584EF91E033
:10D12000C8CF8EBD0DB407FEFDCF8EB508954598CE
:10D1300085E00E9491E88FEF0E9491E8459A80FD7A
:10D14000F6CF08951F93CF93DF93EA01162F0E9425
:10D1500091E8812F0E9491E88D2F0E9491E88C2FF9
:10D16000DF91CF911F910C9491E845980E94A2E81D
:10D17000459A0895EF92FF920F931F93CF93DF93F9
:10D180007A0189014598AB01BC0182E00E94A2E8C6
:10D19000E7010E0D1F1DC017D10741F4459ADF911D
:10D1A000CF911F910F91FF90EF90089589910E9468
:10D1B00091E8F1CFEF92FF920F931F93CF93DF93FC
:10D1C0007A0189014598AB01BC0183E00E94A2E885
:10D1D000E7010E0D1F1DC017D10741F4459ADF91DD
:10D1E000CF911F910F91FF90EF9008958FEF0E94C4
:10D1F00091E88993F0CF0F931F93CF93DF9300D0E3
:10D200001F92CDB7DEB78C018CE58CBD1DBC24E030
:10D2100030E0AE014F5F5F4F60E070ED83E090E083
:10D220000E94DAE889819A81AB81BC818734954577
:10D23000A245B54571F40115110549F021E030E032
:10D24000A80165E070ED83E090E00E94DAE881E0FB
:10D2500001C080E00F900F900F900F90DF91CF9161
:10D260001F910F910895459886E00E9491E8459A94
:10D2700008954F925F926F927F928F929F92AF929A
:10D28000BF92EF92FF920F931F93CF93DF937C0196
:10D290004A015B01E9018CE58CBD1DBC412C80ED90
:10D2A000582E83E0682E712C0E9433E9B301A2014D
:10D2B00080E20E94B5E80E9497E880E1580E611C68
:10D2C000711C41145104E4E06E06710469F78DB7D6
:10D2D0009EB7F7019387828700D08F919F91AF917E
:10D2E000B0E086839783A087B1870E9433E92CE062
:10D2F00030E0A70160E070ED83E090E00E94BAE8C2
:10D300000E9497E80E9433E94598B501A40182E0A4
:10D310000E94A2E8FE01219680810E9491E80150BE
:10D32000110941F0FFEF8F1A9F0AAF0ABF0AFE01F1
:10D330008110F1CF459A0E9497E80115110511F768
:10D34000DF91CF911F910F91FF90EF90BF90AF9021
:10D350009F908F907F906F905F904F900895CF93A4
:10D36000DF93CDB7DEB72C970FB6F894DEBF0FBEB4
:10D37000CDBF47E455E562E575E549835A836B8384
:10D380007C8391E09D838E83F89488E19DE00FB6C5
:10D39000F894A895809360000FBE9093600000E021
:10D3A00012E230E020E040E051ED63E070E0CE01B9
:10D3B00001960E9439E90E9445570F931F93CF931E
:10D3C000DF93CDB7DEB72C970FB6F894DEBF0FBE54
:10D3D000CDBF87E495E5A2E5B5E589839A83AB8364
:10D3E000BC831D821E8200E010E220E032E040E0BB
:10D3F00053ED63E070E0CE0101960E9439E92C966E
:10D400000FB6F894DEBF0FBECDBFDF91CF911F9155
:10D410000F910895CF93459A3D9A8CE58CBD1DBC24
:10D42000459880E90E9491E880E00E9491E880E0C0
:10D430000E9491E880E00E9491E88FEF0E9491E8BD
:10D44000C82F8FEF0E9491E8982F459ACF3E11F098
:10D45000C83C19F481E0913109F080E0CF91089542
:10D46000CF93C82F86EA9CE00F9474BAC0956C2FB6
:10D47000682386EA9CE0CF910D9498BA1F93CF93CE
:10D48000DF9300D000D01F921F92CDB7DEB7BE0150
:10D490006F5F7F4F809140040E94856D80914004B2
:10D4A0001BE0819FC00111246FEF7FEF805B924FE3
:10D4B0000F94B6BA60914004619FB0011124675B7C
:10D4C000724F47E050E0CE0101960F9488BA81EA8E
:10D4D0009DE00F9474BA9091400489130AC00E9491
:10D4E000776D80E00E94636D8F3F19F480E10E94A8
:10D4F00030EA0E949B5328960FB6F894DEBF0FBE09
:10D50000CDBFDF91CF911F910895CF93C82F86EAA9
:10D510009CE00F9474BA682F6C2B86EA9CE0CF9144
:10D520000D9498BACF93C82F86EA9CE00F9474BAF2
:10D53000982F9C2381E09C1380E0CF9108950F9356
:10D540001F93CF93DF93CDB7DEB763970FB6F894F1
:10D55000DEBF0FBECDBF8091040481113AC081E0CF
:10D56000809304040E94997181EA9DE00F9474BA3B
:10D57000182F0E94556D8111EAC010920604109276
:10D58000050480E10E9492EA811104C01092060411
:10D59000109205046091050470910604072E000C9A
:10D5A000880B990B0F9402B52091250E3091260E11
:10D5B0004091270E5091280E0F949BBC6093070456
:10D5C000709308048093090490930A0481E0809387
:10D5D000B7028091E6069091E7060097F1F120915D
:10D5E000050430910604280F391F30930604209358
:10D5F0000504213640EF34070CF0B6C081E690EF09
:10D6000090930604809305046091050470910604CC
:10D61000072E000C880B990B0F9402B52091250E54
:10D620003091260E4091270E5091280E0F949BBCEE
:10D6300060930704709308048093090490930A048C
:10D6400062E370E080E090E00F94A01F1092E70684
:10D650001092E60681E08093B7028091B70288239A
:10D66000B9F181EA9DE00F9474BA2BE0829FC0016A
:10D670001124BE016F5F7F4F875B924F0E94C052A3
:10D680000E948961CE0101960E94F16761E080E00D
:10D690000E94876080910A048F93809109048F9380
:10D6A000809108048F93809107048F938BE291E31C
:10D6B0009F938F931F9280E28F9387E493E49F93CD
:10D6C0008F930E9438600FB6F894DEBF0FBECDBFB7
:10D6D00080910304811104C080913504882351F1A5
:10D6E00081EA9DE00F9474BA9BE0899F8001112428
:10D6F0006091050470910604C801805B924F0F94FD
:10D70000B6BA6091CA06C8018E5A924F0F9498BA61
:10D710006091F4037091F5038091F6039091F70303
:10D720000F9414BDC8018D5A924F0F9498BA80E19E
:10D730000E9485EA0E94976A63960FB6F894DEBF4E
:10D740000FBECDBFDF91CF911F910F9108952BE0B8
:10D75000129FC0011124805B924F0F9482BA909364
:10D760000604809305040DCF121613062CF41092B4
:10D7700006041092050448CF2FB7F8944091F003A7
:10D780005091F103840F951F9093F1038093F00360
:10D790002FBF3ACFEF92FF921F93CF93DF9300D02A
:10D7A00000D01F92CDB7DEB780910304811118C05D
:10D7B00081EA9DE00F9474BA182F0E94556D88235A
:10D7C00079F080E10E9492EA882351F02BE0129FC9
:10D7D000C0011124805B924F0F9482BA892BF1F41F
:10D7E00080910404882371F081EA9DE00F9474BA5B
:10D7F0002BE0829FC00111246FEF7FEF805B924F7F
:10D800000F94B6BA0E94E26821E0811120E041E065
:10D8100070E060E08FE397EF0E9437532091E606B7
:10D820003091E7062115310559F081E012161306F3
:10D830000CF080E0809304041092E7061092E60654
:10D8400081EA9DE00F9474BA1BE0819FB00111241E
:10D85000675B724F47E050E0CE0101967C010F9468
:10D8600064BA0E94896181EA9DE00F9474BA819F35
:10D87000C0011124805B924F0F9482BABC01990FB2
:10D88000880B990B0F9402B52091250E3091260E2E
:10D890004091270E5091280E0F949BBC20910404B8
:10D8A000222319F13EE320E21F923F931F922F9310
:10D8B0009F938F937F936F93FF92EF9287E992E309
:10D8C0009F938F930E9438600FB6F894DEBF0FBE0F
:10D8D000CDBF27960FB6F894DEBF0FBECDBFDF9148
:10D8E000CF911F91FF90EF90089530E22EE3DCCFAF
:10D8F0006091400481EA9DE00F9498BA0C94CAEBC1
:10D9000061E088EA9DE00E94156D80935F0480913C
:10D91000120E882341F082E080935F0462E088EA7F
:10D920009DE00F9498BA68E287EA9DE00E94156D29
:10D9300080935D0460E971E085EA9DE00E94FD6CE2
:10D9400061E084EA9DE00E94156D80935C0461E0D3
:10D9500083EA9DE00E94156D80935B0461E082EA9A
:10D960009DE00E94156D80935A0461E080E29CE086
:10D970000E94156D8093600408950F931F938B018F
:10D980000E94C2C7FC0120812E3211F080E034C019
:10D99000B8016E5F7F4F01960E94C2C7FC012081D3
:10D9A0002E32A1F7B8016C5F7F4F01960E94C2C76B
:10D9B00020E430E0F80137832683FC01DF019191F8
:10D9C000892F8F7DC1F187EF890F8230A0F19D30C3
:10D9D00091F19D3299F711969C919234E1F07CF48B
:10D9E0009134A1F60A5F1F4F28E030E045E062E382
:10D9F00076E4CF010E94F2C81F910F9108959434EC
:10DA000091F0923519F60A5F1F4F20E230E042E0B4
:10DA100066E276E4EECF0A5F1F4F20E130E044E09B
:10DA20006DE276E4E6CF0A5F1F4F30E020E043E08E
:10DA300069E276E4DECF81E0DFCF8091120E8111C2
:10DA400002C00C9412C881E00895DF92EF92FF9219
:10DA50000F931F93CF93DF930E949D6A10927105DD
:10DA600080917105843008F05CC0109274050E94AA
:10DA7000A6528823E9F0C8E5D5E007EF1EE0FE01D5
:10DA800088818E3108F4188221966081C8010F9434
:10DA900098BA01501109033F8EE0180781F70E94E0
:10DAA0001DEDE894D0F880FBD1F88D2D0F94AD1EBC
:10DAB0008BEE9DE30E943667F12CE12C08EC10E020
:10DAC0002DE130E048E068E575E08DE09AE30E94E2
:10DAD0009B602DE130E048E069E575E083E09AE382
:10DAE0000E949B602DE130E048E06AE575E089EF37
:10DAF00099E30E949B602DE130E048E06BE575E022
:10DB00008FEE99E30E949B600E9403538091710500
:10DB10008F5F80937105809173058F5F809373058C
:10DB20009FCFDF91CF911F910F91FF90EF90DF90EA
:10DB3000089544E150E0662389F0BC018EE795E04A
:10DB40000F9461B81092920510927D0583EC9DE2CE
:10DB50000E94857181E08093B7020895BC018EE731
:10DB600095E00F94F4C0EECF90913004891780F4C3
:10DB7000913061F480919305882351F040E25EE496
:10DB800060E070E083E995E00D94B72080E00895AF
:10DB900081E00895EF92FF921F93CF93DF93EC0102
:10DBA000162F862F0E94B4ED8823E9F0BE018EE780
:10DBB00095E00F9422B87C0183E995E00F946422EC
:10DBC0001093300410921E0710925504EF2859F05C
:10DBD00061E0CE010E9499EDDF91CF911F91FF90FE
:10DBE000EF900D940618DF91CF911F91FF90EF9069
:10DBF0000895CF93DF93EC0180E00E94B4ED882379
:10DC000021F060E0CE010E9499EDCE01DF91CF912D
:10DC10000C94F382CF93DF93EC0180E00E94B4ED8B
:10DC2000882331F061E0CE01DF91CF910C9499ED22
:10DC3000DF91CF91089561E08CEB9DE60E947F8794
:10DC400082E080931E0788E694E60E940AEE0F9415
:10DC5000061883E08093B7020895CF93DF93EC0119
:10DC600080E00E94B4ED882331F060E0CE01DF91C6
:10DC7000CF910C9499EDDF91CF910895CF93DF93DD
:10DC8000C82FDFB7662389F1F8940F948D2581E0C2
:10DC900080930F0E109241040E94A6540F949C652D
:10DCA0000E94077F109201040F943130DFBF109261
:10DCB00042040F94FA2F80917E17882321F010924E
:10DCC000EB140F94F97A88E79DE20E948571109217
:10DCD0001D14C1111092700581E080930E0E1092F8
:10DCE000130EDF91CF910D940618F89481E0809384
:10DCF0000F0E109241040E94A6540F949C650E943E
:10DD0000077F109201040F943130DFBFD4CF60E061
:10DD100081E00C943EEE8093450480930B050D94B6
:10DD2000604F0F9406181092300480917A0581118B
:10DD300032C080913802811102C081E008958FEFD6
:10DD40000E948BEE83E00E94676C0F94D31F609358
:10DD50001B1870931C1880931D1890931E1881E057
:10DD60008093C90668EE73E080E090E00F94A01FF6
:10DD70000F94604F81E00E94676C80E00E948BEE00
:10DD8000809124049091250445973CF462E080E260
:10DD90009DE20E94CAED80E0089580912604909152
:10DDA0002704459754F662E08CE09DE2F2CF0E9492
:10DDB00091EE882341F11092010488E694E60E94D6
:10DDC0000AEE0F94885188E080931E070E94ED6B45
:10DDD00081E00E94676C1092700560E070E080E85E
:10DDE0009FE30E948559109242048091F80382308B
:10DDF00011F40F94D62F0E94BC5685E39DE20E9439
:10DE0000857110921E0708950E9491EE882321F0DB
:10DE100086E49DE20C9485710895CF92DF92EF9293
:10DE2000FF920F931F93CF93DF93D82F6B017A014B
:10DE3000C22F40E2811101C04EE363E080E00E9406
:10DE40004061C6010E944A6040E2D13009F44EE3CD
:10DE500063E08C2F0E944061C7010E944A60011557
:10DE6000110519F1C8010F9432B8D82EC7010F94CB
:10DE700032B8CE5F93E19D198C0F891708F4892F72
:10DE8000833108F082E140E2D23009F44EE363E0EE
:10DE90000E944061C801DF91CF911F910F91FF90C7
:10DEA000EF90DF90CF900C944A60DF91CF911F915B
:10DEB0000F91FF90EF90DF90CF9008950F930AE0BD
:10DEC00030E020E00F94E1930F9108952F923F925C
:10DED0004F925F926F927F928F929F92AF92BF927A
:10DEE000CF92DF92EF92FF920F931F93CF93DF9326
:10DEF000CDB7DEB72D970FB6F894DEBF0FBECDBFFE
:10DF000080910404813051F130F0823009F47FC2F5
:10DF10001092040400C180913A15882349F01092B0
:10DF20003A151092B8020F94228481E08093B802CF
:10DF30000F943C8190930C0480930B048091120EFB
:10DF40008111E3C089E09FE00F9474BA80930E04BE
:10DF500081E0809304048FEF80930D0480910F047F
:10DF6000811107C08FE094E00F94342081E080930A
:10DF7000B7028091B702811121C064EF71E08FE098
:10DF800094E00F9405208823A1F080910D048F3F29
:10DF900081F082E08093040410920504109208043A
:10DFA000109207048FE094E00F94342081E0809376
:10DFB000B7028091B702882309F4A9C08FEF80933C
:10DFC0000D048FE094E00F9434200E949D6A10921B
:10DFD0007105CE0101967C01F5EC2F2EFDE63F2E5A
:10DFE00080917105843008F096C01092740580917C
:10DFF0003F04882309F4A8C088E39EE30E943667A3
:10E000006DEE74E186E995E10F9405448091ED147D
:10E010008F3209F09CC080915C17882331F065E451
:10E020007AED8FE29EE30E940567C0900B04D090CA
:10E030000C0401E091E0C91AD10808F4DBC1809119
:10E040007405909173058913D1C160910E04C601C6
:10E050000F94968C8091740590E02091E6063091A3
:10E06000E706109137158217930751F4D0920A04EE
:10E07000C0920904109306044091710540930D0469
:10E080004091B702112309F467C04423E9F040919D
:10E090000215EDEEAE2EE4E1BE2E442321F072E037
:10E0A000A72E75E1B72E609171054EE38217930795
:10E0B00009F040E280E00E94406185E80E944E60E5
:10E0C00062E1C5010E948967809174059091720593
:10E0D000992309F48BC12091E6063091E706821757
:10E0E000130609F083C11092B80261E08DEE94E14D
:10E0F0000F94A6851092E7061092E6060E942F5311
:10E100000093B8020E94F35295CF82E01FCF0E9485
:10E11000E268811153CF2D960FB6F894DEBF0FBE83
:10E12000CDBFDF91CF911F910F91FF90EF90DF90C6
:10E13000CF90BF90AF909F908F907F906F905F90A7
:10E140004F903F902F9008958CE29FE357CF6FE45C
:10E150007AED88E794E467CF4423D1F0409102152B
:10E160006DEEA62E64E1B62E442321F052E0A52EDA
:10E1700055E1B52E609171054EE38217930709F0C2
:10E1800040E280E00E94406163E1C5010E9489672E
:10E190008091740590917205992309F427C120910B
:10E1A000E6063091E7068217130609F01FC11092A8
:10E1B000B802809102048111A3CF6DEE74E1C70112
:10E1C0000F94DFC0470145E9A42E4FE0B42EF401BF
:10E1D00061914F01662319F06E3209F04BC060E087
:10E1E000C5010F9498BA6EE270E0C7010F94CBC0DE
:10E1F0003C01892B19F08FEF681A780A430131E945
:10E20000A32E3CE0B32E6114710421F0F40160816F
:10E21000611101C060E0C5010F9498BAFFEFAF1A19
:10E22000BF0A2FEF821A920A84E9A8168CE0B8067A
:10E2300051F760908B16662D8AE59FE00F9498BA8F
:10E2400089EE94E12AE0A22E2FE0B22E712C4C012F
:10E25000E9E08E0E911C7614D1F048E050E0B50153
:10E260008E5A9F4F0F9488BA7394F8E0AF0EB11C8A
:10E27000C401EDCFC5010F9498BAFFEFAF1ABF0AE2
:10E280002DE9A2162FE0B20609F0A1CFACCF809104
:10E29000120E882391F0FF92EF923F922F920E94EC
:10E2A000458861E081EC9DE60E947F870F900F908A
:10E2B0000F900F900F94061823CF61E0C7010F94C1
:10E2C000DD864090F8175090F9176090FA1770901B
:10E2D000FB17942D852D21E0421628E75206610494
:10E2E000710410F090E088E7A92EB82E81E048165E
:10E2F00088E758066104710408F45AC098E7591A6F
:10E30000610871084092FF1750920018609201183E
:10E3100070920218C301B2010F94047D0E94077F1E
:10E32000009301046FEF7DE3C5010E94796680913F
:10E33000FF1790910018A0910118B0910218409118
:10E34000F8175091F9176091FA177091FB1784171D
:10E350009507A607B70780F511112EC020917E17EB
:10E36000211103C080E090E0DC01841995090E942E
:10E370006C650093EB140E94F7828091FE109091DF
:10E38000FF10892BA1F285E19EE20F94E2518111E9
:10E3900005C083E794E40F94E251811111E080916C
:10E3A000FD10811102C00E94D06D1092FD10E5CFCA
:10E3B000412C512C3201B2CF0E948D651092010484
:10E3C0000F94158883E49DE60E940AEE111163CF35
:10E3D00041E060E08DE09EE30E945EEF182F81E057
:10E3E0000E945A64112309F456CF64CF8F5F809343
:10E3F000740520CE0E940353809171058F5F809336
:10E400007105809173058F5F80937305E9CD8091CD
:10E41000030411E0811105C08091B702811101C090
:10E4200010E08091070490910804892B91F4609189
:10E430000E048091090490910A040F94968C8091A7
:10E440000215811146C08DEE94E1909308048093EB
:10E4500007041111109205046CE271E08FE094E062
:10E460000F940520811103C0112309F454CE80912B
:10E47000060402E1811101C003E14EE360910D0445
:10E4800080E00E94406180910604882319F085E8AD
:10E490000E94C764209105048091070490910804AC
:10E4A000602F820F911D0E948967811115C08FE036
:10E4B00094E00F943420809105048F5F80930504CD
:10E4C000112309F428CE10920F0481E080930404F4
:10E4D00022CE82E095E1B9CF10920F04F1CF41E056
:10E4E00061E085E494E40E945EEF811107C061E081
:10E4F00081E494E40E947F870F94061881E00E94D3
:10E500005A6482E08093B702089540E0682F8CE05F
:10E5100094E30E945EEF811102C00C94DBC8089561
:10E52000DF92EF92FF920F931F93CF93DF9300D070
:10E530001F92CDB7DEB78CEA9DE00F9474BAE82E37
:10E540008BEA9DE00F9474BA182F8AEA9DE00F942D
:10E5500074BA082F0E949D6A1092710580E3F82E0C
:10E56000F10E98E7D92E005D80917105843008F096
:10E5700047C0109274050E94A652882329F01730D4
:10E5800019F481E00E9485F28BEE9DE30E943667CC
:10E59000F982DA82FB821C8220E046E659ECBE0159
:10E5A0006F5F7F4F84EB9DE30E94FD6709831A82B2
:10E5B00020E047E559ECBE016F5F7F4F88EA9DE39D
:10E5C0000E94FD6766E97DE3173031F46BEB7CE672
:10E5D000EE2011F06FEB7CE622E042E759EC8AE98D
:10E5E0009DE30E94FD670E940353909171059F5F18
:10E5F00090937105909173059F5F90937305B4CFCD
:10E600000F900F900F900F90DF91CF911F910F916E
:10E61000FF90EF90DF9008954F925F926F927F92FC
:10E620008F929F92AF92BF92CF92DF92EF92FF9222
:10E630006C010F94D31F28EE33E040E050E00F94BC
:10E64000E7BA29013A010E94DD6884E08093BF02A5
:10E65000F12CE12C0F94604F81E00E943E8A0F94D0
:10E66000D31F28EE33E040E050E00F94E7BA4901B1
:10E670005A0184189508A608B7080E94E26881111B
:10E6800007C0C814D904EA04FB0420F781E007C0DE
:10E6900081E0C814D904EA04FB0408F080E092E0A9
:10E6A0009093BF0291E08927FF90EF90DF90CF9089
:10E6B000BF90AF909F908F907F906F905F904F90A2
:10E6C00008950F931F93CF93DF930E94906181E091
:10E6D0000E94A9568DE59FE00F9482BAEC018BE56C
:10E6E0009FE00F9482BA182F092F8DEF9EE30E94AE
:10E6F0004A6061E080E00E948760DF93CF9389E801
:10E7000094E49F938F930E94386082E08093BF02CD
:10E7100080E00E944AD80F900F900F900F908823AE
:10E7200009F442C08DE59FE00F9482BAEC0161E0EC
:10E730008AE00E948760BE0190E080E04AE00E948B
:10E740009B654DEE5EE362E080E00E94346163E031
:10E7500080E00E9487600F931F938CE794E49F935F
:10E760008F930E94386081E00E944AD80F900F90EA
:10E770000F900F908823C1F08BE59FE00F9482BA31
:10E78000EC0163E08AE00E948760BE0190E080E0D7
:10E790004AE00E949B6543E863E083E10E94406198
:10E7A0008AE090E00E940CF380E00E94A95681E08C
:10E7B0008093BF02DF91CF911F910F910C94976AC4
:10E7C000CF93DF93EC0180E00E945A640E94906135
:10E7D000CE01DF91CF910C947ADA8091FF03811101
:10E7E0003AC081E08093FF036091FF038FEF9FE0C9
:10E7F0000F9498BA9091FF0D8091000E981731F008
:10E800008CE792E30E94E0F30F9488510F94AC8F51
:10E81000F89481E09091FF03911101C080E0809312
:10E82000E4060F9483520E941DED880F82700F94AE
:10E83000AD1E0F943130789489E69FE00F9474BA3E
:10E84000882361F08091FF03882341F060E080EF2E
:10E850009FEC0C945D531092FF03C6CF0895CF92A6
:10E86000DF92EF92FF920F931F93CF93DF9300D02D
:10E870001F92CDB7DEB70F948D25D09045048FEF52
:10E88000809345048CE9E82E84E4F82E06E914E42C
:10E8900020E030E048E452E460910A0E70910B0EE3
:10E8A00080910C0E90910D0E0F9425BE18168CF0D1
:10E8B00020E030E048E452E460914D0570914E054F
:10E8C00080914F05909150050F9425BE18160CF0BD
:10E8D00040C08DE39EE30E94E0F342E864E080E004
:10E8E0000E94406160910A0E70910B0E80910C0E97
:10E8F00090910D0E0F940DBD7F936F93FF92EF9249
:10E900000E94386081E80E944E6040E864E089E03F
:10E910000E94406160914D0570914E0580914F05B8
:10E92000909150050F940DBD7F936F931F930F939C
:10E930000E94386081E80E944E6088EE93E00E9459
:10E94000798C0E946C6F0FB6F894DEBF0FBECDBFFE
:10E950009FCFD092450481E00E945A640E9490614A
:10E960004CE65EE360E080E00E94346181E00E945A
:10E97000A95681E00E94D88960ED77E080E090E0C0
:10E980000F94A01F82E08093BF0200ED17E021E00A
:10E9900043E060E080E00E9465CEF82E83E00E94B4
:10E9A000676C80E00E948BEE62E082E00F9477AAB1
:10E9B00080E00E94676CC0902404D090250494E10C
:10E9C000C916D1045CF121E043E06F2D81E00E9483
:10E9D00065CEF82E8FEF0E948BEE63E085E00F94FA
:10E9E00077AA80E00E948BEE809126049091270404
:10E9F00084319105CCF46AEF72E085E00F942DA983
:10EA000096E4C916D1049CF408E813E121E043E040
:10EA10006F2D8DE00E9465CEE12C49C16AEF72E056
:10EA200086E00F942DA9F0CF8634910554F460E070
:10EA300081E00F94F4A9811166C16AEF72E089E068
:10EA4000F0CF86E4C816D10494F700ED17E021E07A
:10EA500043E06F2D82E00E9465CEF82E1C9B18C00B
:10EA60001C9B16C020E030E040E251E46091F406C7
:10EA70007091F5068091F6069091F7060F949CBB75
:10EA80006093F4067093F5068093F6069093F7066C
:10EA900060E070E084E392E40F9469650F9488511C
:10EAA0001C9B3BC11A8219821C821B821C9B06C0C4
:10EAB00066EE72E0CE0101960F94C0C0BE016F5F9A
:10EAC0007F4F82E00F942DA910E00F94604F81E0FA
:10EAD0000E943E8A112309F497CF00ED17E021E050
:10EAE00043E06F2D84E00E9465CEF82E80E00E9406
:10EAF0004AD8882309F488CF10E000E021E043E001
:10EB00006F2D84E00E9465CE0CED15E021E043E01E
:10EB1000682F85E00E9465CEF82E81E00E944AD8D9
:10EB2000882309F471CF10E000E021E043E06F2D6D
:10EB300086E00E9465CEF82E0F94F61D1092B60264
:10EB4000E8E5FFE685919591A591B4918093EC0657
:10EB50009093ED06A093EE06B093EF06ECE5FFE68A
:10EB6000659175918591949120E030E040E850E402
:10EB70000F949CBB6093F0067093F1068093F206AD
:10EB80009093F30660E070E080E291E40E94615FA0
:10EB90000E9434580CED15E021E043E06F2D86E033
:10EBA0000E9465CE50E040E061E082E00E949B72EE
:10EBB00060E070E080EA91E40E94615F60E070E0F4
:10EBC00080E291E40E94615F10E000E021E042E019
:10EBD00060E08EE00E9465CE80E00F94E81AE82E97
:10EBE00021E042E061E08EE00E9465CE81E00F947A
:10EBF000E81AE82221E042E062E08EE00E9465CE61
:10EC0000F82EEE2009F400CF61E088EF9EE00F942B
:10EC100098BA00ED17E021E043E06F2D87E00E94F5
:10EC200065CEF82E81E00E944CD7882309F4ECCE03
:10EC300008EE13E021E043E06F2D88E00E9465CEEE
:10EC4000F82E80E00E944CD7E82E882309F4DCCE11
:10EC500000ED17E021E043E06F2D89E00E9465CED2
:10EC600021E043E0682F8AE00E9465CEF82E0F94E1
:10EC7000C98280910518833029F46AEF72E08AE036
:10EC80000F942DA980910518833009F4BDCE00EDB5
:10EC900017E021E043E06F2D8BE00E9465CE08E88D
:10ECA00013E121E043E0682F8CE00E9465CE1092D2
:10ECB000300461E085E19EE20E947F8781E00E944E
:10ECC0005A64EE2061F181E00E9485EA80E69EE3CD
:10ECD0000E940AEE0F94061880E00E94A95680E078
:10ECE0000E94D88981E08093BF028E2D0F900F90F3
:10ECF0000F900F90DF91CF911F910F91FF90EF90A8
:10ED0000DF90CF90089561E080E00F94F4A9811125
:10ED10009CCE6AEF72E085E084CE11E0D6CE62E050
:10ED20008CE597E60E94CAEDD7CF0C942FF4CF92D2
:10ED3000DF92EF92FF92CF936B017C0182E0809390
:10ED40001E0785E194E60E940AEE0F94448E20E0AF
:10ED500030E044E352E46091F8067091F906809146
:10ED6000FA069091FB060F949BBB6093F806709394
:10ED7000F9068093FA069093FB066AE077E58DEA40
:10ED800092E40F9469650F94885120E030E04CE0E4
:10ED900052E46091F8067091F9068091FA0690911C
:10EDA000FB060F949BBB6093F8067093F906809363
:10EDB000FA069093FB0669E27CE585E891E40F94FE
:10EDC00069650F94885120E030E0A901C701B601C0
:10EDD0000F9491BC8823E1F0A70196016091F80699
:10EDE0007091F9068091FA069091FB060F949CBBF6
:10EDF0006093F8067093F9068093FA069093FB06E9
:10EE000060E070E080E291E40F9469650F948851AE
:10EE100086ED9BE30E94E0F3149A64E670E080E0E4
:10EE200090E00F94A01F82E00F94F63AC3E30E9493
:10EE3000E268811107C0C15029F084E690E00E9489
:10EE4000798CF5CF0F9488510E94E268882329F0CD
:10EE500084E690E00E94798CF7CF81E00E945A64AA
:10EE600083E49DE60E940AEE10921E070F94D918C3
:10EE7000CF91FF90EF90DF90CF900D948282CF934F
:10EE8000809115148130A1F485EE92E30E9458E040
:10EE9000853080F5809358048AE08093020420E056
:10EEA00041E070E060E08BE892E0CF910C94375342
:10EEB0008FE59FE00F9474BA8111EECF8091051811
:10EEC0008230D9F4809112188111E6CF88EC92E358
:10EED0000E94E0F30E94DD68C4E184E690E00E94B5
:10EEE000798C0E94E268811102C0C150B1F781E0C3
:10EEF0008093B802CF910C949B5341E060E081E88D
:10EF000097E30E945EEF91E0811190E081E08093B1
:10EF1000B8029111C1CFDACFCF92DF92EF92FF9278
:10EF200080E090E0A8ECB2E48093F4069093F506BC
:10EF3000A093F606B093F70665E575E585E591E4DF
:10EF40000F94696580ED97E00E94798C8BE493E3E0
:10EF50000E94E0F36091100E7091110E072E000CCC
:10EF6000880B990B0F9402B59B01AC0160910A0EBE
:10EF700070910B0E80910C0E90910D0E0F949BBB17
:10EF80009F7720E030E040EA50E40F9425BE181649
:10EF9000A4F58BE493E30E94E0F364E080E00E9438
:10EFA00087606091100E7091110E072E000C880B77
:10EFB000990B0F9402B520E030E040E05FE30F943E
:10EFC0009CBB0F940DBD6B0120E030E040E05FE39F
:10EFD00060910A0E70910B0E80910C0E90910D0EA7
:10EFE0000F949CBB0F940DBDA60182E80F94CB1922
:10EFF00088EE93E00E94798CADCFFF90EF90DF9088
:10F00000CF900895CF92DF92EF92FF920F931F93CC
:10F01000CF93DF93D82EC92E01E08091B8028111E1
:10F0200001C000E01092B8028D2D9C2D0E94E0F3EB
:10F030007C010E94DD6884E08093BF02E701209795
:10F0400029F449E863E083E10E94406114E682E329
:10F0500090E00E94798C0E94E268882381F02097DA
:10F0600081F482E08093BF020093B802DF91CF91D8
:10F070001F910F91FF90EF90DF90CF900895115066
:10F0800031F7E114F104D9F2209711F4CD2DDC2DE4
:10F09000CE010E94E0F3EC01D2CF413041F440E0D8
:10F0A00061E00E945EEF813041F40C9487EE4230C3
:10F0B00021F4CB010E9402F8F8CF08958CEA9CE07D
:10F0C0000F9474BA811119C0809105188823A9F092
:10F0D00080911218811111C040916004442369F09D
:10F0E0006AE570E488E890E40E944DF881E0909130
:10F0F0000E0E913019F480E0089581E008951F9379
:10F10000CF93DF9310915F041123E9F0EC0185EABE
:10F110009DE00F9482BA8C179D07A9F0412F69ECEE
:10F120007FE387E290E40E944DF88091120E8111F6
:10F130000AC010925E0460E08EEA9BECDF91CF91F2
:10F140001F910C945D53DF91CF911F910895809191
:10F150000518882351F080911218882331F087E830
:10F160009AE30E9402F80D94061886E080930E0E32
:10F17000FACF80911514813061F485EB93E30E94FE
:10F1800002F884E08093020461E082EE93E40C9440
:10F190007F878BE693E30E9402F880E00E945A6426
:10F1A0000E94906147E25CE662E080E00E94346188
:10F1B00081E0E8CFAF92BF92CF92DF92EF92FF92C1
:10F1C0000F931F93CF93C82F882329F061E08FE519
:10F1D0009FE00F9498BA81E00E94D8898AEEE82EC9
:10F1E00083E4F82E97EDC92ED12C2CE3A22EB12C5E
:10F1F0000C2F10E01F92CF93FF92EF920F9436B92D
:10F200000F900F900F900F90CF30A0F7F801882744
:10F21000E35FF6408F4F0D9484BB1CF959F97FF9D9
:10F2200089F991F9C3F9CDF9E5F9FAF9F4F9FEF99B
:10F230001CFA32FA42FA42FA1092030E8FE59FE06E
:10F240000F9474BA823029F48CE499E30E9402F896
:10F250000DC040E060E089EE98E30E945EEF81110E
:10F2600007C061E08FE59FE00F9498BAC1E0C0CF7E
:10F2700060E08FE59FE00F9498BA10E000E080E036
:10F280000E94D8891F930F938AEB9CE29F938F93E0
:10F290000F9436B90F900F900F900F90CD3009F466
:10F2A0000AC1CE3009F4F4C0C111F6C082E296E37F
:10F2B000F1C01092300481E00E9492EAC2E08823FB
:10F2C00009F496CF82E00E9492EAC3E0882309F411
:10F2D0008FCF84E00E9492EAC4E0882309F488CFAB
:10F2E00088E00E9492EAC5E0882309F481CF80E19A
:10F2F0000E9492EACDE081117BCFC6E079CF82EA0D
:10F3000098E30E9402F80E942FF48111AFCFCEE063
:10F310006FCF86E698E30E9402F880E00F94F495A0
:10F32000F4CF80E498E30E9402F884E198E30E941D
:10F3300002F886EF97E30E9402F881E00F94F495BB
:10F34000882329F360E070E088ED91E40E94E05F9B
:10F3500080911514813009F489CFD092110EC0929A
:10F36000100E83ED97E30E94E0F30E948CF760E0BB
:10F3700070E0CB010E9497F60E94B9F81092110E2E
:10F380001092100E73CF85E997E30E9402F885E092
:10F3900080930E0E05E010E072CFD092110EC09255
:10F3A000100EB092CB06A092CA0641E060E081E860
:10F3B00097E30E945EEF8823F9F080911514C7E06F
:10F3C000813009F015CFC8E013CF20E041E070E0B4
:10F3D00060E08FE591E00E94375382E497E30E945A
:10F3E00002F807E010E04BCF0E948CF70E94B9F8BA
:10F3F000CBE0FECE0E94B9F8CAE0FACE88E595E3EC
:10F400000E9402F880911514813099F481E095E30F
:10F410000E9402F883E394E30E9402F820E041E0B6
:10F4200070E060E08FE397EF0E9437530AE010E04E
:10F4300026CF81ED94E3ECCF88E595E30E9402F8B6
:10F4400080911514813021F481E095E30E9402F847
:10F4500083E394E30E9402F884E080930E0E0BE0B5
:10F4600010E00DCF41E060E081EF96E30E945EEF97
:10F47000811105C083EC96E30E9402F8BDCF8FE5B1
:10F4800096E3E4CE60E08FE59FE00F9498BAF7CE64
:10F4900085EA95E30E9402F881E00E945A6482E0C6
:10F4A000CF911F910F91FF90EF90DF90CF90BF9081
:10F4B000AF900C9426601092300483E49DE60E9485
:10F4C0000AEE0F94061885E096E3E4CFCF93DF931E
:10F4D000CDB7DEB767970FB6F894DEBF0FBECDBFCE
:10F4E000789484B5826084BD84B5816084BD85B51F
:10F4F000826085BD85B5816085BD80916E0081602B
:10F5000080936E00109281008091810082608093D0
:10F5100081008091810081608093810080918000D2
:10F520008160809380008091B10084608093B100FD
:10F530008091B00081608093B000809191008260E2
:10F5400080939100809191008160809391008091DF
:10F5500090008160809390008091A10082608093F0
:10F56000A1008091A10081608093A1008091A00002
:10F5700081608093A00080912101826080932101AD
:10F58000809121018160809321018091200181601F
:10F590008093200180917A00846080937A0080912A
:10F5A0007A00826080937A0080917A0081608093F3
:10F5B0007A0080917A00806880937A001092C1006E
:10F5C0009FB7F894A89584B7877F84BF0FB6F89447
:10F5D000A89580916000886180936000109260001F
:10F5E0000FBE9FBF9FB7F8941092B00084E0809345
:10F5F000B1008091700081608093700080917000F4
:10F600008D7F80937000809170008B7F809370005D
:10F610001092B3009FBF6B98739A6AE070E080E02D
:10F6200090E00F94A01F9CB181E0292F287093FDDA
:10F6300080E080936604211122C062E082E39DE0B5
:10F640000E94156D80934F0262E884E39DE00E9462
:10F65000156D8093650462E383E39DE00E94156D60
:10F66000809364046AE070E080E39DE00E94FD6C9A
:10F6700090934E0280934D026B9A0E94F1898F986D
:10F68000559A879A859A9C9A809101018068809307
:10F6900001019B9A809175048860809375042FEF17
:10F6A00080E792E0215080409040E1F700C00000E8
:10F6B00081E00E94836488ED98E6909370048093C3
:10F6C0006F04109272041092710412E010936A0495
:10F6D00010927404109273040E94C46489E591ED41
:10F6E00090937C0480937B0481E991E090937A0469
:10F6F0008093790489EA91E0909378048093770469
:10F70000809104018B7F80930401809104018D7F9F
:10F71000809304019FB7F8948091050184608093E1
:10F7200005019FBF9FB7F894809105018260809387
:10F7300005019FBF809101018F7B809301019FB7DD
:10F74000F894809102018064809302019FBF8091B0
:10F7500004018E7F809304019FB7F8948091050186
:10F760008160809305019FBFAFE9BFE01197F1F77A
:10F7700000C0000080910301809581708093760421
:10F7800044E150E063E47DE68EE795E00F9461B8D4
:10F790000E94634C0E94906188E897E49F938F9346
:10F7A0008FE897E49F938F930E94386080910101C6
:10F7B00084608093010160E087ED9EE00E94156DFA
:10F7C0008093430560E088E09FE00E94156D809380
:10F7D00098050E94AEC689E59FE6909365058093E3
:10F7E0006405109267051092660510935F051092EC
:10F7F0006905109268058CE595E090932818809330
:10F8000027180E940AEAD82E0F900F900F900F90A1
:10F8100001E0882319F00E94A261082F60E084ECC7
:10F820009FE00E94156D8093120E882389F011E0ED
:10F8300010937D0488E00F948C47109398050E94E4
:10F84000AEC61092061861E087E89FE00F9498BA60
:10F850000E941DED882351F064E286E692E00E944A
:10F86000145864E286E692E00E940C5844E150E0AD
:10F8700065E17DE0FE0131967F01CF010F9464BA0E
:10F880008C8981110AC044E050E06FEA78E4C70136
:10F890000F9453B8892B09F450C0C09098051D8A65
:10F8A0001F8A1E8A10929805CE0145960F94342027
:10F8B00062E370E080E090E00F94A01F809100056B
:10F8C000909101059093FF048093FE0482EC97E4ED
:10F8D0000E948571570110E01331A1F06AEF70E0CA
:10F8E000CE0145960F9405208111C0C00E941D6E67
:10F8F000181619068CF70E949E53D5018D935D0151
:10F900001F5FEACF1C8A44E050E06DEB77E4C7014B
:10F910000F9453B8892B61F681E0C0929805882333
:10F9200009F4A6C044E150E065E17DE0C7010F9411
:10F9300088BA84EA98E40F945DB9011104C08091FB
:10F940009805882321F08DE898E40E94857180E471
:10F9500095E70E945E6F86E798E40F945DB960E0DA
:10F960008CEA9CE00E94156D81110E94E5DF0F94E6
:10F970004B7C85EC97E40E945E6F62E086ED9EE032
:10F980000E94156D813009F076C08FEB9CE60E94D5
:10F99000857114B710FF04C089EC9FE20F945DB924
:10F9A00011FF04C089EB9FE20F945DB912FF04C000
:10F9B00088EA9FE20F945DB913FF04C088E99FE2D3
:10F9C0000F945DB915FF04C088E89FE20F945DB9FC
:10F9D00014BE80E495E70E945E6F88E79FE20E9474
:10F9E0005E6F82E698E40E945E6F8CE69FE20E9462
:10F9F0005E6F8AE598E40E94857180E495E70E9435
:10FA00005E6F8DE59FE20E945E6F8091211890915C
:10FA10002218B701009791F1681B790B072E000C93
:10FA2000880B990B0E94C46E86E49FE20E945E6F71
:10FA300080EE96E00F945D7C6CE271E08EEE9EE0CD
:10FA40000E94FD6C8C0166E371E08CEE9EE00E94EA
:10FA5000FD6C0C32114009F0A9C701E086339140DA
:10FA600009F400E00E94A68DC82EA8C780E055CFFB
:10FA700083E998E460CF8BEB9CE689CF6B527841A9
:10FA8000CDCF81E391E0909357028093560280910D
:10FA90000605909107050F94AAAA20E030E848E9EE
:10FAA00053E40F9425BE181654F4809106059091E6
:10FAB000070540969093070580930605E8CF80914F
:10FAC0005202909153020F942B2B20E030E040E241
:10FAD00051E40F9491BC87FF0AC08091520290912B
:10FAE000530240979093530280935202E8CF809143
:10FAF0000405909105050F942B2B20E030E04AEF90
:10FB000052E40F9425BE181654F480910405909188
:10FB1000050540969093050580930405E8CF8091F4
:10FB20005002909151020F94962A20E030E040EF6D
:10FB300051EC0F9491BC87FF0AC0809150029091C4
:10FB4000510240979093510280935002E8CF8091E8
:10FB50000205909103050F94962A20E030E040EAD8
:10FB600052E40F9425BE181654F48091020590912A
:10FB7000030540969093030580930205E8CF9FB755
:10FB8000F89416BC8FEF88BD83E384BD12E015BDE9
:10FB900080916E00816080936E009FBF80E88093AB
:10FBA000B400809170008460809370002FB7F89447
:10FBB000809101018460809301019FB7F894809146
:10FBC00002018B7F809302019FBF809101018062BF
:10FBD0008093010181E08093A00085E18093A100E2
:10FBE0008FEF90E09093A9008093A8009093AB00D2
:10FBF0008093AA009093AD008093AC0010927200A5
:10FC00002FBF83ED97E40F945DB98FE580937E005D
:10FC100010937D0080917C00806480937C008FE94C
:10FC200080937A000E94898D9FB7F894809121017A
:10FC30008F7E809321018091210188608093210132
:10FC4000809120018D7F80932001809120018E7F03
:10FC500080932001809120018F73809320018091F7
:10FC600020018F7C8093200180912101846080930A
:10FC70002101809121018D7F8093210180912101BB
:10FC80008E7F8093210110922501109224012BEE8A
:10FC900031E43093290120932801D19A8091730097
:10FCA0008260809373009FBF1092FF0D1092000E30
:10FCB00080E1EDEFF6E0DF01282F1D922A95E9F7AC
:10FCC000E2E3F5E0DF01282F1D922A95E9F7E2E251
:10FCD000F5E0DF011D928A95E9F710921E0510925A
:10FCE0001F05109220051092210510921D051092FB
:10FCF0001C0584E08093BF028091000186FDC3C093
:10FD0000BFEFE3EDF0E3B150E040F040E1F700C0B9
:10FD100000008091000186FDB6C00E9490618DE2D6
:10FD200098E40E944A6080910101846080930101FF
:10FD300080914305823041F09FB7F8948091020191
:10FD40008460809302019FBF8091000186FFFCCFF9
:10FD50009FB7F894809102018B7F809302019FBF2F
:10FD60002FEF87EA91E6215080409040E1F700C0F4
:10FD7000000083E198E49A83898388E098E49C8377
:10FD80008B838AEF97E49E838D838DEE97E498872B
:10FD90008F8384EE97E49A8789870E9490614EE36F
:10FDA00060E080E00E9440610E94DD6810E0B12CBC
:10FDB000A12C80914205F501E80FF11D87FDFA9510
:10FDC000EE0FFF1FEE0DFF1D408151816A2D81E076
:10FDD0000E943461AFEFAA1ABA0AB4E0AB16B104BC
:10FDE00041F70F94604F81E00E943E8A8091E606C1
:10FDF0009091E706009771F197FF12C011501430EF
:10FE00000CF4A7C087E00F94F63A809142051816CB
:10FE10002CF08F5F809342050E94906113E003C035
:10FE20001F5F143078F74CED57E460E080E00E94EB
:10FE30003461612F80E00E9487608EE30E944E60F3
:10FE40001092E7061092E60664E670E080E090E02B
:10FE50000F94A01F0E94E268882309F4A8CF809124
:10FE60004205180F0E94906140E070E060E084E677
:10FE700090E00F94D23C123009F49FC008F07AC091
:10FE8000113009F495C082E08093BF0260E08FEFEB
:10FE90009FE00E94156D61E08FE59FE00E94156D67
:10FEA0008FEF9FE00F9474BA182F8F3F09F410E082
:10FEB0001092E40661E08091120E811160E089E603
:10FEC0009FE00E94156D91E0811101C090E0909338
:10FED0005C02882309F4A8C081E39FE20F945DB916
:10FEE00087EF9EE00F9474BAB82E8093580586EF82
:10FEF0009EE00F9474BAE82E8093590585EF9EE03A
:10FF00000F9474BAF82E80935A0584EF9EE00F94F4
:10FF100074BA80935B05FFEFBF1202C010925805C0
:10FF20002FEFE21202C0109259059FEFF91202C0A2
:10FF300010925A058F3F11F410925B058091D50EF7
:10FF400090E028E096958795009709F470C02150BD
:10FF5000F9CF1F3F09F067CF87E00F94F63A809101
:10FF6000420518162CF48150809342050E9490613E
:10FF700010E059CF133019F1143009F084CF6CE13F
:10FF800078E480E090E10E94796610E000E06FEF95
:10FF9000C8010F9498BAC8010E946C650F5F1F4F8B
:10FFA0000115E0E11E0799F70E948D650E944557F3
:10FFB0000E940A570E941DDF66CF0E940A5784E004
:10FFC0000E9430EA62E08FE59FE00F94BCBA109285
:10FFD000120E60E084EC9FE00F9498BA81E00E94DA
:10FFE000DB6B11E01093061861E087E09FE00F944F
:10FFF00098BA1093071861E085ED9EE00F9498BAC7
:020000022000DC
:10000000109313188091EA0E9091EB0E90931518AF
:10001000809314180F947A8210921A1861E08DEA76
:100020009CE00F9498BA2FCF8CE19FE257CF20939A
:1000300054058091D60E90E028E09695879500971C
:1000400011F02150FACF209355058091D70E90E002
:1000500028E096958795009711F02150FACF2093CC
:1000600056058091D80E90E028E0969587950097E8
:1000700011F02150FACF209357050E941DED880FF3
:1000800082700F94AD1E80910A01816080930A01F5
:1000900080910A01826080930A0180910A01846044
:1000A00080930A0180910A01806480930A010F9A6B
:1000B000179A0E9A169A0D9A159A0C9A149A2698CF
:1000C0002E9A25982D9A24982C9A809107018B7F3F
:1000D000809307019FB7F894809108018460809312
:1000E00008019FBF809107018F77809307019FB719
:1000F000F894809108018068809308019FBF099857
:10010000119A6E98389A4098179A1092E906399A7F
:100110004198169A1092EA063A9A42983B9A439866
:10012000149A809181008F7E80938100809181005C
:10013000886080938100809180008D7F8093800013
:10014000809180008E7F80938000809180008F73EB
:1001500080938000809180008F7C809380008091CC
:100160008100887F82608093810080E090E490939A
:10017000890080938800109285001092840010926C
:100180004B0510924A058FEF9FEF9093490580939E
:1001900048059093470580934605109245051092B7
:1001A000440581E08093B60280916F008260809365
:1001B0006F00789481E0111101C080E08093E40623
:1001C0000F9483520E941DED880F82700F94AD1E14
:1001D0000E944E528CEE96E00E94495D0F940F6192
:1001E000D11008C089E79EE20F945DB98DE29EE2CE
:1001F0000E9402F884E99CE00F9474BA823459F4A6
:100200006FEF84E99CE00F94BCBA85E99CE00F9401
:1002100082BA0E9402F80F94C982159888E00F9460
:100220008C478BEB9FE00F9474BA91E0813009F01A
:1002300090E090935C1781E00F94548860E084E62E
:100240009FE00E94156D60E086E69FE00E94156DBC
:1002500060E088E69FE00E94156D60E085E69FE023
:100260000E94156D70E060E08FEF9EE00E94FD6CD3
:1002700070E060E085E09FE00E94FD6C70E060E06F
:1002800083E09FE00E94FD6C70E060E081E09FE011
:100290000E94FD6C70E060E083ED9EE00E94FD6CCA
:1002A00070E060E080ED9EE00E94FD6C60E082ED19
:1002B0009EE00E94156D60E08FEC9EE00E94156D3F
:1002C00088EA9CE00F94C58181EA9DE00F9474BA9E
:1002D0008F3F71F460E081EA9DE00F9498BA88EF57
:1002E0009FE00F9482BABC0180E59DE00F94B6BAFE
:1002F00049E4E42E4DE0F42E10E0BE016F5F7F4F25
:10030000812F0E94856DAE014F5F5F4F67E070E007
:10031000C7010E94DE6C1F5FABE0EA0EF11C1830D3
:1003200061F781EA9DE00F9474BA0E94556D8111C6
:1003300002C00E94776D0E94997180E89CE00F9442
:1003400074BA8F3F41F440E150E060E87CE088EE11
:1003500092E00F9488BA85E09DE00F94C5818DEE00
:100360009FE00F94C58181EF9FE00F94C58160E00D
:100370008EEC9EE00E94156D61E087EA9CE00E9491
:10038000156D60E08FEA9FE00E94156D86EA9FE0A0
:100390000F9474BA8F3FD9F461E086EA9FE00F941E
:1003A00098BA30EBE32E3FE0F32E70E060E0C70137
:1003B0000F94B6BAB2E0EB0EF11CEAEBEE16EFE0EA
:1003C000FE0699F760E08FEA9FE00F9498BA60E02C
:1003D00085EA9FE00E94156D60E08FE79CE00E9437
:1003E000156D60E089E09FE00E94156D61E08CEA88
:1003F0009DE00E94156D63E08BEA9DE00E94156D03
:1004000063E08AEA9DE00E94156D61E089EA9DE063
:100410000E94156D6F98779880916A008F7B80930A
:100420006A0080916A00806880936A00EF9A84E095
:100430008093BF028091120E811123C08091070129
:100440008E7F809307019FB7F894809108018160A7
:10045000809308019FBF8FE891E00197F1F700C0FA
:100460000000909106012FB7F894809108018E7FCB
:10047000809308012FBF90FD04C08FEA90E40E9492
:1004800002F8023071F0033009F430C1013099F400
:100490008FEC92E40E9402F866E371E08CEE9EE03D
:1004A00008C080EB92E40E9402F86CE271E08EEEEC
:1004B0009EE00F94D2BAC11006C08DE392E40E9470
:1004C00002F80E946B8280E80E9492EA8823B9F0C9
:1004D00087EF9FE00F9474BA60E0813061F482E5A9
:1004E00098E40E943ACA67E1882329F08DEF91E4ED
:1004F0000E9402F866E186EA9CE00F9498BA8AE4CA
:1005000098E40E943ACA182F882329F08FE10E94AC
:1005100092EA11E01827F12CE12CF701E55CF74B8A
:100520006491C7010F9498BA9FEFE91AF90AAAE0FB
:10053000EA16F10491F7EAE4F8E4659174918AE02F
:1005400090E00F94B6BAECE4F8E4659174918CE015
:1005500090E00F94B6BAEEE4F8E4659174918EE001
:1005600090E00F94B6BAE0E5F8E46591749180E10B
:1005700090E00F94B6BA8FE59FE00F9474BA882389
:1005800009F4BFC080E00E94DAF883E08093BF02E4
:1005900081E00E945A640E94906182E00E9426607D
:1005A00060E08EEF9EE00E94156D8093520560E33F
:1005B0008DEF9EE00E94156D80935A0260E38CEFF0
:1005C0009EE00E94156D8093580260E08BEF9EE0E4
:1005D0000E94156D8093530560E38AEF9EE00E94B0
:1005E000156D80935B0260E389EF9EE00E94156DBC
:1005F0008093590260E088EF9EE00E94156D809321
:100600005105CE0101960E94FBE8882389F084E021
:100610009FE20F945DB98981882351F083E09DE0CA
:100620000F9474BA8F3F21F080E99EE20E9402F895
:100630006FEF83E09DE00F9498BA0E94895788235A
:10064000D9F10F94604F8CE89FE00F9474BA182F83
:1006500080936A02C0904D05D0904E05E0904F0502
:10066000F09050058BE89FE00F9474BA682F70E00B
:1006700090E080E00F9400B520E030E040EA50E4E4
:100680000F949BBB4B015C0101E0AC019B01C701D6
:10069000B6010F9425BE18160CF000E000934C052F
:1006A000A5019401C701B6010F9425BE18160CF0E0
:1006B00052C081E00F941C626C98749880916A001B
:1006C000816080936A0080916A008D7F80936A00C8
:1006D000EC9A64994FC00E948957882309F44AC054
:1006E00085E498E40E9485710F94F65187E792E4BF
:1006F0000E9402F86CE271E08EEE9EE00F94D2BA96
:10070000CBCE81E011113FCF0E9492EA811105C04A
:100710008FE891E40E9402F838CF84E00E9492EAC8
:10072000811103C089E191E4F5CF80E10E9492EA52
:10073000811104C08DE39AE60E9402F888E00E94CD
:1007400092EA811122CF80917C05882309F41DCF84
:1007500087EF90E4DFCF113011F480E0ABCF41E0C0
:1007600060E085ED90E40E945EEF8823B1F30E9483
:10077000A654A2CF0E9480EC81E08093BF0288E162
:1007800098E20FB6F894A895809360000FBE9093FE
:1007900060008091600080648093600085E0D82EC6
:1007A00090E0E92E90E0F92ECC24C39424E0B22E00
:1007B0001092060E80917005882309F4C2C0B09291
:1007C000BF020E949357882309F4BEC080916A0239
:1007D000813009F0B9C08DE695E00F9434200E9475
:1007E000F78280916902882389F068E873E18CEFD1
:1007F00097E10F940520811109C010926902809140
:10080000EC14882309F4ACC00F941F7D8091FE1076
:100810009091FF10892B09F45FC01092FD10809118
:10082000E9148823C1F10091ED121091EE120D5FD1
:100830001E4E65EE78E4C8010F947BB8892B09F051
:100840009CC010927B17F80101900020E9F73197C6
:10085000BF01601B710BC8010F94F68A62E070E063
:1008600088EF92E00F94F68A80917B17882341F0FD
:1008700088E195E70E945E6F81ED9FE20E9485719D
:100880008091EA14882309F473C08091FE1090913E
:10089000FF10892B11F00E94758F8091FD1081113E
:1008A00019C08091FE109091FF10892B99F0E09172
:1008B000ED12F091EE12E050FF4E8081823009F08F
:1008C00061C0F894D082818192810F9428527894EB
:1008D0000E94D06D0E946A7F0F94604F0E949357D0
:1008E0000E943E8A80916A05811110926A0580E01B
:1008F0000E9426600F946E2080916C05882379F009
:1009000010926C05823009F449C0833009F44AC062
:10091000813029F461E085ED98E40E947F87809121
:100920006B05811107C0C0926B0581E00F94D5ADB6
:1009300010926B05E114F10409F43ACF0E94000013
:1009400037CFC092BF023DCF60E177E28DE695E000
:100950000F940520882309F442CFB092130E3FCFA5
:1009600081E00F9454888091EC1481114DCF4ECFCB
:1009700089EF9FE20E94857190CF0F94F97A87EEFC
:100980009FE2F8CF863009F0A3CF8091EB1481115C
:100990009FCFF894D08281E090E097CF61E085EC22
:1009A00098E4BBCF61E084EB98E4B7CF02E08633F4
:1009B000914009F003E00E945382C12C82EA92EA3E
:1009C000A0E0B0E080934B1890934C18A0934D1882
:1009D000B0934E18109218051092190510921A052E
:1009E00010921B052091850E3091860E4091870E46
:1009F0005091880E60E070E08FE793E40F949BBC09
:100A00006093140570931505809316059093170550
:100A100010921005109211051092120510921305F4
:100A20002091910E3091920E4091930E5091940E20
:100A300060E070E08FE793E40F949BBC60930C053B
:100A400070930D0580930E0590930F056D9A9D9AF6
:100A50008091010188608093010180910B0590E0F5
:100A6000B4E095958795BA95E1F780930A058AE0F9
:100A700090E090930905809308058091540290912D
:100A800055020F94AAAA20E030E040E251E40F940E
:100A900091BC87FD02C00C9441FD8091540290915D
:100AA000550240979093550280935402E6CF2F92BF
:100AB0003F924F925F926F927F928F929F92AF92EE
:100AC000BF92CF92DF92EF92FF920F931F93CF933B
:100AD000DF9300D01F921F92CDB7DEB780910E0E2C
:100AE000813009F05FC09091FF0D8091000E981346
:100AF00059C08091010E811155C010921E078BEBD9
:100B00009FE30E940AEE10920E0E82E08093130E75
:100B1000109259040F94FA2F0E94185660E070E06A
:100B200080E291E40E94615F8091E906882321F1CF
:100B30008091EA06882301F180E090E0A8E4B2E425
:100B40008093EC069093ED06A093EE06B093EF062B
:100B500080E090E0AEE3B3E48093F0069093F1067A
:100B6000A093F206B093F30660E070E084E392E4B1
:100B70000F9469650F94885180917A05882309F450
:100B8000C7C09FB7F894809102018B7F80930201C8
:100B90009FBF0F94A2250E942F8288E08093430478
:100BA0001092420480910E0E823009F068C090913C
:100BB000FF0D8091000E981362C08091010E81118B
:100BC0005EC080911E07873031F010921E078EEABA
:100BD0009FE30E940AEE10920E0E82E08093130EA5
:100BE000109259040F948851109241041092110EE2
:100BF0001092100E60914702709148028091490254
:100C000090914A020E94615F8091E906882351F128
:100C10008091EA06882331F180913F029091400251
:100C2000A0914102B09142028093EC069093ED06B0
:100C3000A093EE06B093EF06809143029091440298
:100C4000A0914502B09146028093F0069093F10680
:100C5000A093F206B093F30660E070E088E492E4BB
:100C60000F94696580917A05882309F47BC09FB74A
:100C7000F894809102018B7F809302019FBF809145
:100C80000E0E843009F0ADC085EA9DE00F9482BA63
:100C90003091FF0D2091000E321378C12091FE108B
:100CA0003091FF10232B09F071C12091030E29838D
:100CB00021116CC120915904211157C02CE02093BF
:100CC00059044496BC0190E080E00F9400B520E008
:100CD00030E04AE754E40F949BBC6B017C01E09147
:100CE0005904E150EC3008F07CC0F0E08827E4586B
:100CF000F94F8E4F0D9484BBAF018901D1010501DD
:100D00007F02A302EB0033017D02BF01A70229028B
:100D1000109245040E94ED6B81E00E94676C809107
:100D20001514813009F035CF8091EB13882309F435
:100D300030CF80914404823009F42BCF0E94935726
:100D400081110E94C2542091100E3091110E809199
:100D50006B0290916C02281739070CF41ACF0F948C
:100D60000BB417CF109245048ACF2150A8CF65E06D
:100D70008EE895E40E942E8834C08091151481304D
:100D800069F5309158043B8361E08EE19EE20E9458
:100D90007F8761E081E895E40E947F8761E083E7D7
:100DA00095E40E947F870F94CF7A9B819817B1F0CA
:100DB0008F3F29F061E089E19EE20E947F871F92C8
:100DC0002B812F938FE695E49F938F930E94458804
:100DD0000F900F900F900F9031E0398389818093AD
:100DE000570480910E0E833009F0D0C090915904C1
:100DF000911109C080931E0791E090935504809350
:100E0000B7028093590480915904833009F5909179
:100E1000FF0D8091000E98131BC00F948D2510922A
:100E20003E0280914C028F9380914B028F9389E117
:100E300096E49F938F930E94458885EA9FE30E94E2
:100E40000AEE82E0809359040F900F900F900F905C
:100E500080915904823009F07AC080913E02882343
:100E600009F475C01092550483E99FE30E940AEECD
:100E70001092110E1092100E30915104398380910E
:100E800052048B83109153040091540420E030E00D
:100E9000A901B981F8016B2F782F8F2F9E2F0F9406
:100EA00091BC81111FC020E030E0A90160914D0488
:100EB00070914E0480914F04909150040F9491BC16
:100EC000811110C020E030E0A901609149047091C7
:100ED0004A0480914B0490914C040F9491BC882358
:100EE00009F458C280914C048F9380914B048F93E6
:100EF00080914A048F93809149048F93809150048C
:100F00008F9380914F048F9380914E048F938091A3
:100F10004D048F930F931F939B819F9329812F9350
:100F200082E096E49F938F930E94458861E088E277
:100F30009EE20E947F870FB6F894DEBF0FBECDBF42
:100F400086E494E00F94342081E0809359048091EA
:100F500059048130D9F460ED77E086E494E00F9491
:100F60000520882399F083E49DE60E940AEE109202
:100F70001E0782ED90E090934C0280934B021092FA
:100F8000590410920E0E82E08093130E90910E0E73
:100F90009530A1F42091FE103091FF10232B09F021
:100FA00049C280915904823009F41DC208F0F7C18A
:100FB000882309F408C2813009F420C280910E0E02
:100FC000863009F037C29091FF0D8091000E981382
:100FD00031C28091FE109091FF10892B09F02AC236
:100FE0008091030E811126C280915904813009F449
:100FF0004AC208F41CC2823009F434C2833009F0BA
:1010000019C260910A0E70910B0E80910C0E909196
:101010000D0E0F940DBD693271056CF09FEF90932A
:1010200045040F948D2540E061E081E79FE30E9435
:101030005EEF813031F761E082E29EE20E947F87BD
:1010400061E08FE995E40E947F8782E0F1C10E9410
:1010500090611092560461E08FE99AEE0E945D5310
:10106000809115148130F1F48091570410E08111C2
:1010700001C012E0212F30E0220F331F255A3A4BD6
:101080003A832983E981FA818591949161E00E94F4
:101090007F871F5F89819A8102969A8389831A309C
:1010A00089F79FCE20E030E040E850E4C701B60168
:1010B0000F9441B520E030E040E752E40F94578EA2
:1010C0009F938F937F936F931F928CE38F9327E46B
:1010D00035E43F932F930E94458820E030E040E0C4
:1010E00051E4C701B6010F9441B520E030E040E281
:1010F00052E40F94578E9F938F937F936F931F9219
:1011000084E68F9327E435E43F932F930E9445882C
:101110000FB6F894DEBF0FBECDBF63CE67E089E3A4
:1011200095E428CE61E08DE295E40E947F878EE30E
:101130008F938CE48F938CEC8F938DEC8F938DE158
:1011400095E49F938F930E94458861E084E195E444
:101150000E947F8720E030E040E850E4C701B601FC
:101160000F9441B520E030E048EC51E40F94578EE5
:101170009F938F937F936F931F921BE91F931F92EF
:101180008BE48F9382E095E49F938F930E94458830
:10119000A7019601C701B6010F949CBB20E030E087
:1011A00048EC51E40F94578E9F938F937F936F93E6
:1011B0001F921F931F9284E68F9382E095E49F9382
:1011C0008F930E94458820E030E048EC52E4C7014C
:1011D000B6010F94578E9F938F937F936F931F92B7
:1011E0001F931F9218EC1F9382E095E49F938F93B7
:1011F0000E9445880FB6F894DEBF0FBECDBF20E039
:1012000030E040EA51E4C701B6010F94578E9F9336
:101210008F937F936F931F9287E88F931F921F93F3
:1012200022E035E43F932F930E94458871CF20E060
:1012300030E046E153E4C701B6010F94578E562EB5
:10124000472E382E292E20E030E040EA51E4C70135
:10125000B6010F94578E6B83C72E782E692E85E0CA
:10126000D82E812C912C96E1A92E93E4B92E32E34D
:101270003C8387E88D8302E015E49D81E92EF12C03
:101280003C81232F30E03A8329832F923F924F9263
:101290005F921F929F931F928C818F931F930F9346
:1012A0000E944588B701FF0C880B990B0F9402B57B
:1012B00020E030E040EA51E40F949BBB0F9414BD52
:1012C0006D836F927F92CF929B819F931F922D810E
:1012D0002F931F923C813F931F930F930E94458849
:1012E00029813A81B901330F880B990B0F9402B50C
:1012F000A50194010F949CBB0F9414BD6C83B7FAA5
:10130000B094B7F8B094DA940FB6F894DEBF0FBE7D
:10131000CDBFD110B2CF65CDB701A60180E00F944B
:101320007E8E5FCDB701A60184E0F9CFB701A6019B
:1013300088E0F5CFB701A6018CE0F1CF90911514AC
:10134000998366E086EF94E40E942E8829812130FB
:1013500029F461E089E19EE20E947F8761E085E1F6
:101360009EE20E947F873DCD83E49DE60E940AEEC7
:101370001092590410920E0E82E08093130E8FE5A6
:101380009FE00F9474BA882309F400CE8CE00E9489
:10139000DAF827CD82ED95E40E945E6FD1CD8430DE
:1013A000A9F0C0F0853009F009CE61E082E29EE24A
:1013B0000E947F8761E08CEB95E40E947F8784E048
:1013C00080935904FBCD90935904EFCF0F9488512B
:1013D00083E0F6CF10923D0261E082EB95E40E943B
:1013E0007F8782E0EDCF80913C02811105C061E0F2
:1013F00088E29EE20E947F8781E0E2CF109259044A
:1014000010920E0E92E09093130E80933D028FE5A2
:101410009FE00F9474BA882369F080913C02811197
:1014200004C081E00E94DAF8C9CD8EE0FBCF83E0F2
:10143000809359040F900F900F900F900F90DF91B1
:10144000CF911F910F91FF90EF90DF90CF90BF90C1
:10145000AF909F908F907F906F905F904F903F9054
:101460002F90089561E088E995E40E947F8741E02C
:1014700060E081E69FE30E945EEF8111DBCF109276
:10148000450481E0D5CF1092590410920E0E82E0EF
:101490008093130E20E041E062E070E08EEA9BEC66
:1014A0000E94375383E080935604C4CF0F931F9359
:1014B0008091030180958170909176048917A1F144
:1014C000809177049091780486569F4E11F40E9483
:1014D0009B5382E08093B7028091030180958170D5
:1014E000809376040E94C46480E00E94FC8980910D
:1014F0007604882309F488C08091EC14811105C01A
:101500000F94548881E080933A1583E49DE60E940D
:101510000AEE10923F0461E086E69FEE0E945D5362
:101520008AE394E00F9464220F94D31F0091360451
:1015300010913704209138043091390406171707A9
:1015400028073907E8F58091B702882331F08AE34C
:1015500094E00F9464220E941460E0917704F0916B
:101560007804199580917704909178048F599A4E58
:1015700009F45BC0809177049091780421E0893A66
:10158000920709F073C08091B702823021F40E9463
:10159000C46410927D058091B702882319F08150B0
:1015A0008093B7020F94D31F6C597F4F8F4F9F4F7B
:1015B0006093360470933704809338049093390411
:1015C0008091120E882399F080917D04882379F010
:1015D00060E177E282E394E00F940520882339F0FC
:1015E00088E00F948C4782E394E00F94342080913C
:1015F0000E0E843009F051C08091060E81114DC04D
:101600001F910F910D9457051092EB141092EC144A
:1016100080E495E70E945E6F86ED9DE20E948571F1
:101620008FE19FE30E940AEE7FCF0E94AD578111A8
:101630000EC0E0917704F0917804309739F50E945C
:1016400090610F94061882E08093B7029CCF80913E
:101650000E0E81118FCF40E95FE561E070E08AE313
:1016600094E00F94B7208111E4CF84CF8F599A4E24
:1016700009F489CF40E355E760E070E08AE394E045
:101680000F94B720882309F47ECFD3CF81E08093D5
:101690003504199510923504D2CF1F910F910895FA
:1016A0008FE10E9492EA811106C08FE10E9430EA28
:1016B00080E00C94DAF841E060E08CEE92E30E9466
:1016C0005EEF882391F30F94061881E00E945A641C
:1016D00082E00C942660CF93C82F10921E07179AB1
:1016E0001092E906169A1092EA06149A1092CB0606
:1016F0001092CA06682F86EA9FE00F9498BA6C2F62
:101700008FEA9FE00F9498BACC2379F087E993E4AD
:101710000E9485718DE991E30E9402F881E00E94A8
:101720005A6482E0CF910C9426608CE593E40E9489
:10173000857184E891E3F0CF809302044091151401
:101740002091100E3091110E413059F01092E703A4
:1017500080916B0290916C02281739075CF40D940C
:10176000DC189091EB139111F1CF8650823070F715
:101770004093E70381E08093E6036091CA0670918D
:10178000CB06C9010F945C3B1092E703089584E0F7
:101790000D949C0B85E00D949C0B86E00D949C0BA6
:1017A00087E00D949C0B81E00D949C0B88E00D94D8
:1017B0009C0B82E00D949C0B0F9308E025E030E336
:1017C00040E060E08BE090E30F94E193813029F4F6
:1017D0000E948C540F948851F0CF823031F460E035
:1017E00070E0CB010F910C9497F60F9108951F9321
:1017F000CF93DF9364E670E00F943DBBEB0110E004
:101800004EE263E0812F0E944061CE010E94798CFC
:10181000CE010E94798CCE010E94798CCE010E946B
:10182000798CCE010E94798C1F5F143149F7DF91CA
:10183000CF911F9108952F923F924F925F926F9296
:101840007F928F929F92AF92BF92CF92DF92EF9250
:10185000FF920F931F93CF93DF93CDB7DEB76797B8
:101860000FB6F894DEBF0FBECDBF082FCE0146964F
:101870009F8B8E8B83E0F82E95E1292E0E94ED4CF4
:101880000093FD13402F64E5CE0101960E94CB4CDE
:1018900049815A816B817C818D810F9425AC61E0F7
:1018A00081E00F9444B3182F811107C00E94406D4E
:1018B0000F94E4B20F94D2B3E1CF0F9488510E94F9
:1018C000134D813079F10F94D2B392E0F91209C02F
:1018D0008EEC9EE00F9474BA813019F4802F0F942F
:1018E000B5B4FA94F110CACF8091060E882309F49A
:1018F000EFC067960FB6F894DEBF0FBECDBFDF9185
:10190000CF911F910F91FF90EF90DF90CF90BF90FC
:10191000AF909F908F907F906F905F904F903F908F
:101920002F9008956091F21370E090E080E00F94A2
:1019300002B59B01AC0166E676E68DE992E40F9470
:101940009BBB362E872E982EE92E262F372F482F19
:10195000592F60E070E080E291E40F949BBC2B0172
:101960003C01EEE7F5E0822D11928A95E9F710929D
:101970007D05832D982DA92DBE2DBC01CD01912C67
:10198000312CE12C5B016C01D7FAD094D7F8D094BC
:1019900020E030E048E452E40E94EF4C9091FF0DCB
:1019A0008091000E981709F449C0112331F00E946C
:1019B000134D11E0813009F010E083E00F941D30E9
:1019C0002091F8063091F9064091FA065091FB06F5
:1019D0000F949BBBA30192010F9441B50F947ABC65
:1019E0000F9414BD862EE616C1F0E32DE43108F005
:1019F000E3E1332433943E0E8FEF111101C08DE2E9
:101A0000F0E0E258FA4F808391E09093B702809122
:101A1000B802811102C00F94FA2090E080E00E9489
:101A2000798CE82C8091060E882309F4B7CF10E05A
:101A300037C0C601B50199249394AACF91E09912B9
:101A4000F8CF0E94ED4C111108C08FEC9EE00E946F
:101A5000346D80ED9EE00E94276D44E150E06EE71A
:101A600075E0CE0101960F94F4C0FE01319681918C
:101A700087FD2CC080E3DF0111978C938E899F89AD
:101A80008E179F07A1F71D8A80E495E70E945E6F7D
:101A900080E499E40E945E6FCE0101960E94F38279
:101AA00083E995E00F946422112309F40CCF802F71
:101AB0000F94978F0093A4138091191490911A1486
:101AC000019690931A148093191413CF81E3D3CF06
:101AD0008AE290E89093A7138093A61361E081E0D7
:101AE0000F9444B3C7CECF93DF93D82F0F941890A1
:101AF000C82F882339F188EC90E00E949C8C82E00A
:101B00000F94F63A6D2F87E29CE60E941C660F94B4
:101B10008E8F0F94448E8091FC13833629F062E1FE
:101B200089E790E70F94EF8F8D2F0F941B0C0E9485
:101B300022C883E00F94F63A0F9482820F940D909E
:101B40000E9480648C2FDF91CF9108950F94730DC4
:101B50000E948C540F9488510F9406180F94DC0B3C
:101B600083E49DE60E940AEE10921E070D94D91898
:101B7000CF93DF93D82F0F941890C82F8823B9F0F4
:101B80008091FC138D1799F00E94EF57811102C0CC
:101B90000F940BB40F948E8F0F94448E0F94885132
:101BA0008D2F0F941B0C0F9482820F940D908C2F0D
:101BB000DF91CF9108951F93CF93DF93C82F162FF6
:101BC0000F941890D82F882389F00F94448EC33631
:101BD00001F1C83781F0CF3339F484E690E00E94F8
:101BE0009C8C812F0F94730D0F9482828D2FDF9127
:101BF000CF911F91089510926C0210926B02812F69
:101C00000F94B80D8FEA90E090936C0280936B0272
:101C1000EBCF84E690E00E949C8C0E9422C8E4CF27
:101C2000CF93C82F682F82EF92E40E941C668C2FFE
:101C30000F94B80D0F9488510F940BB40E948064D8
:101C400081E0CF91089580E00F94100E81E00F9411
:101C5000100E82E00F94100E83E00F94100E84E0BB
:101C60000F94100E0D94D9180F94100E0D94D918CE
:101C7000CF93DF9300D01F921F92CDB7DEB7482FCE
:101C800068E5CE0101960E94CB4C49815A816B8157
:101C90007C818D810F9425AC0F900F900F900F9049
:101CA0000F90DF91CF91089580E00D94380E1F932F
:101CB000CF93DF9300D01F921F92CDB7DEB7182FBE
:101CC0000F9418908823D9F0412F62E5CE01019638
:101CD0000E94CB4C49815A816B817C818D810F940C
:101CE00025AC60E080E00F9444B3882369F3209131
:101CF000C1133091C21330931214209311140F901A
:101D00000F900F900F900F90DF91CF911F9108953A
:101D1000FF920F931F93CF93DF931F92CDB7DEB740
:101D2000CE0101960F940F2810E000E085E0F82E18
:101D3000D19911C00F94604F0E3D1105C9F7CE0126
:101D400001960F940228C8010F90DF91CF911F9147
:101D50000F91FF900895D19A80917B05882361F3BC
:101D600010927B050E94898D0F942E2C80917A050C
:101D700081111BC0F09EF001F19EF00D1124E15E77
:101D8000F84F8091760590917705A0917805B091F4
:101D9000790580839183A283B383809175058483C1
:101DA0000F5F1F4F0F943951C7CF10E000E0C7CF2E
:101DB000883E23E0920710F087EE93E0089590911B
:101DC0009B0580919A052FEF3FEF891771F0E92F5E
:101DD000F0E0E356FA4F208130E09F5F8091990553
:101DE000981708F090E090939B05C9010895909191
:101DF000D00095FFFCCF8093D60090E080E008955E
:101E0000CF92DF92EF92FF920F931F93CF93DF93C6
:101E10008C01EA0190E050E06150770B292F30E00F
:101E2000261737072CF0552319F190E050E0F6CF34
:101E30007801E20EF31EF7018081D9011196680145
:101E4000CA0EDB1EF6014081481780F4F70140837B
:101E5000F6018083209749F0FE01E20FF31F808195
:101E6000AC0FBD1F2C9120838C9351E09F5FD6CF88
:101E7000DF91CF911F910F91FF90EF90DF90CF9066
:101E80000895813041F028F0823039F0833071F0CC
:101E90000895A09A0895A29A08959FB7F894809102
:101EA00008018062809308019FBF08959FB7F8944E
:101EB000809108018061F6CF813041F028F08230B6
:101EC00039F0833071F00895A0980895A29808958C
:101ED0009FB7F894809108018F7D809308019FBF80
:101EE00008959FB7F894809108018F7EF6CF8EBD3C
:101EF0000DB407FEFDCF8EB508952F923F924F92FD
:101F00005F926F927F928F929F92AF92BF92CF9289
:101F1000DF92EF92FF920F931F93CF93DF93CDB792
:101F2000DEB72E970FB6F894DEBF0FBECDBF209060
:101F30008406309085064090760550907705609035
:101F40007805709079052114310439F481E080938B
:101F50005B06812C912C5401F9C0B101032C000CBB
:101F6000880B990B0F9402B5A30192010F949BBBB0
:101F70006B017C0180915B06882391F010925706DB
:101F8000109258061092590610925A061092530653
:101F900010925406109255061092560610925B0647
:101FA0002091810E3091820E4091830E5091840ECB
:101FB000C701B6010F9441B569837A838B839C83F3
:101FC00020915706309158064091590650915A0673
:101FD000C701B6010F949CBB4B015C012091180511
:101FE0002D8730911905398710911A0500911B052D
:101FF000412F502F0F9491BC87FD17C0809114057D
:102000008D879091150599871091160500911705F8
:102010009C01412F502FB401C5010F9425BE181605
:1020200024F08D8699861A2D0B2D8D859985A12FEB
:10203000B02F8093570690935806A0935906B093FB
:102040005A062091850E3091860E4091870E509150
:10205000880EBC01812F902F0F9441B56D837E8334
:102060008F83988720914F063091500640915106FA
:1020700050915206C301B2010F949BBB2091890E6F
:1020800030918A0E40918B0E50918C0E0F9441B579
:1020900020ED3CEC4CE45DE30F9441B54B015C0159
:1020A00023E333E343E75FE3609153067091540603
:1020B00080915506909156060F9441B59B01AC0155
:1020C000C501B4010F949CBB4B015C018092530687
:1020D00090925406A0925506B09256062D813E81EC
:1020E0004F81588569817A818B819C810F949CBB3B
:1020F000A50194010F949BBB4B015C0120E030E0F3
:102100004FE753E40F9425BE20E030E0A9011816F4
:102110000CF06DC1C701B6010F9425BE181684F4EA
:10212000A70196016D857985812F902F0F949BBB18
:1021300060935706709358068093590690935A06F9
:10214000812C912C3FE7A32E33E4B32E40924F060F
:10215000509250066092510670925206609156025B
:1021600070915702072E000C880B990B0F9402B543
:102170009B01AC01C301B2010F9491BC87FF57C111
:10218000232809F454C1C501B4010F940DBD759500
:1021900067956093750520917D0630917E063A83A0
:1021A000298340907F065090800660908106709051
:1021B0008206B901330F880B990B0F9402B5A30166
:1021C00092010F949BBB6B017C0120918D0E30918D
:1021D0008E0E40918F0E5091900E0F9441B56D83ED
:1021E0007E838F83988720916406309165064091A5
:1021F000660650916706C701B6010F949CBB5B0150
:102200008C01309110053E87809111058D873090AB
:10221000120520901305232F382F432D522DB50181
:10222000C8010F9491BC87FD18C090910C059E8742
:1022300020910D052D8730900E0520900F05292F38
:102240003D85432D522DB501C8010F9425BE1816AA
:1022500024F0AE86BD86302E212E8E859D85A32D41
:10226000B22D8093640690936506A0936606B093A2
:1022700067062091910E3091920E4091930E5091ED
:10228000940EBC01832D922D0F9441B569877A87F6
:102290008B879C8720916006309161064091620691
:1022A00050916306C301B2010F949BBB2091950E20
:1022B0003091960E4091970E5091980E0F9441B523
:1022C00020ED3CEC4CE45DE30F9441B54B015C0127
:1022D00023E333E343E75FE360915C0670915D06BF
:1022E00080915E0690915F060F9441B59B01AC0111
:1022F000C501B4010F949CBB4B015C0180925C064C
:1023000090925D06A0925E06B0925F0640926006D3
:1023100050926106609262067092630629853A8542
:102320004B855C856D817E818F8198850F949CBBE8
:10233000A50194010F949BBB4B015C0120E030E0B0
:102340004FE753E40F9425BE20E030E0A9011816B2
:102350000CF070C0C701B6010F9425BE181684F4A6
:10236000A70196016E857D85832D922D0F949BBBD1
:102370006093640670936506809366069093670683
:10238000812C912C9FE7A92E93E4B92E20E030E018
:102390004AEF52E4C301B2010F9491BC87FF6DC0B4
:1023A000C501B4010F940DBD7595679560938306C3
:1023B00089819A81892B11F4109283062E960FB68B
:1023C000F894DEBF0FBECDBFDF91CF911F910F916B
:1023D000FF90EF90DF90CF90BF90AF909F908F9045
:1023E0007F906F905F904F903F902F900895C50120
:1023F000B4010F9491BC87FFA9CE20E030E0A90181
:10240000C701B6010F9491BC87FFA3CDA701960128
:102410006D857985812F902F0F949BBB6093570614
:10242000709358068093590690935A0692CD109255
:102430007505B1CEC501B4010F9491BC87FFA6CF3D
:1024400020E030E0A901C701B6010F9491BC87FFDD
:1024500010C0A70196016E857D85832D922D0F9466
:102460009BBB6093640670936506809366069093A9
:102470006706812C912C540189CF1092830698CF46
:102480008091100E9091110E909385068093840692
:102490008091CA069091CB0690937E0680937D062C
:1024A0000895813041F120F0823009F445C008954B
:1024B000179880910901817091E06927861759F07A
:1024C00090910B01662389F0916090930B01EBE4EE
:1024D000F0E03197F1F791E096B9882341F08091CF
:1024E0000B01816080930B0108959E7FEECF809158
:1024F0000B018E7FF7CF16989091090181E0292F6B
:10250000227091FF80E0861759F080910B016623BD
:1025100079F0826080930B018BE490E00197F1F7F2
:1025200082E086B980910B01222321F08260DACF0C
:102530008D7FF0CF8D7FD6CF15989091090181E0E6
:10254000292F247092FF80E091E06927861759F0C7
:1025500090910B01662391F0946090930B01EBE452
:10256000F0E03197F1F794E096B9861709F4BCCF03
:1025700080910B01222321F08460B4CF9B7FEDCFAB
:102580008B7FB0CF80919805811125C08091C000CC
:1025900087FF3DC08091C00084FF03C08091C600CA
:1025A00008954091C6002091FE043091FF04C901B6
:1025B00001968F7799276091000570910105861724
:1025C000970729F122583B4FF90140839093FF046C
:1025D0008093FE041CC08091C80087FF18C08091C2
:1025E000C80084FF03C08091CE0008954091CE00C2
:1025F0002091FE043091FF04C90101968F7799273D
:10260000609100057091010568177907D9F6089562
:1026100023E0811121E080E06BE173E04BEC57E0B7
:102620003FB7F894909102019460909302013FBFEC
:10263000FB013197F1F73FB7F894909102019B7F2E
:10264000909302013FBFFA013197F1F78F5F821338
:10265000E7CF08958AE02BE831E04FB7F8949091E6
:1026600002019460909302014FBFF9013197F1F795
:102670004FB7F894909102019B7F909302014FBF56
:10268000F9013197F1F7815041F7089583E00D94F6
:102690009C0B87EA9CE00F9474BA811105C080916D
:1026A00002048150883010F080E0089581E00895A0
:1026B0000E949D6A10927105809171058430F8F432
:1026C0001092740588E39EE30E94366763E971E027
:1026D00089E69DE40E945B676DEE71E083E69DE410
:1026E0000E945B670E940353809171058F5F809306
:1026F0007105809173058F5F80937305DDCF089519
:102700000E949D6A1092710580917105843028F5B0
:102710001092740588E39EE30E94366761E872E0D8
:1027200089E69DE40E945B676BE771E083E69DE4C8
:102730000E945B6763E972E08DE09DE40E945B6745
:102740000E940353809171058F5F80937105809182
:1027500073058F5F80937305D7CF08958091E6034B
:10276000811103C082E00C947F5381E0FCCF8EEC9A
:102770009EE00F9474BA60E0813009F061E08EEC65
:102780009EE00D9498BA6091380281E068276093CA
:10279000380287E89FE00F9498BA8091380281113F
:1027A00002C010924404089586ED9EE00F9474BA1E
:1027B00061E0823009F062E086ED9EE00D9498BA07
:1027C000CF93DF93CDB7DEB72F970FB6F894DEBF68
:1027D0000FBECDBFFC01DE01119690E09D018491FA
:1027E00041E0490F882329F08D933196942F4D3085
:1027F000B1F7F901E90FF11D8AE380839F5FF901C9
:10280000E90FF11D80E29E3019F081939F5FFBCFAD
:102810001F867F936F933F932F9385E090E69F935E
:102820008F930E9438600F900F900F900F900F9031
:102830000F902F960FB6F894DEBF0FBECDBFDF917D
:10284000CF91089510923A040E948961E4E2F4E085
:10285000428153812CE3249FC001259F900D1124B8
:102860009F938F938BE79EE39F938F93408151813A
:10287000249FC001259F900D11249F938F9386E87C
:102880009EE39F938F9389E69FE59F938F930E948A
:1028900038608DB79EB70A960FB6F8949EBF0FBEEC
:1028A0008DBF0C94976A10923A040E9489616091DE
:1028B0000A0E70910B0E80910C0E90910D0E0F94DC
:1028C0000DBD80E89AE30F94E01360914D0570917F
:1028D0004E0580914F05909150050F940DBD8BE6EC
:1028E0009AE30F94E0136091BC067091BD0680914D
:1028F000BE069091BF060F940DBD84E79DE40F9432
:10290000E0136091F4037091F5038091F6039091C8
:10291000F7030F940DBD84EB9CE20F94E0130C942D
:10292000976ACF92DF92EF92FF920F931F93CF930C
:10293000DF9310923A046091C2067091C306072E8D
:10294000000C880B990B0F9402B520E030EC4FE798
:1029500056E40F949BBC20E030E040EA50E40F9432
:1029600041B527ED30E344E45EE30F949BBCEB01FB
:10297000182F092F6091C0067091C106072E000C18
:10298000880B990B0F9402B520E030EC4FE756E42A
:102990000F949BBC20E030E040EA50E40F9441B536
:1029A00027ED30E344E45EE30F949BBCF62EE72E64
:1029B000D82EC92E0E948961CF92DF92EF92FF92AA
:1029C0000F931F93DF93CF938FE090E69F938F93A6
:1029D0000E9438608DB79EB70A960FB6F8949EBFD6
:1029E0000FBE8DBFDF91CF911F910F91FF90EF90A0
:1029F000DF90CF900C94976A0F931F93CF93DF9340
:102A000010923A0484E69FE00F9474BAC82F85E6CA
:102A10009FE00F9474BAD82F86E69FE00F9474BAA3
:102A2000182F88E69FE00F9474BA082F0E948961DE
:102A30001F920F931F921F938DE29DE49F938F939C
:102A40001F92DF9383E39DE49F938F931F92CF9315
:102A500080E49DE49F938F938FE49DE49F938F93F5
:102A600080ED9FE59F938F930E9438608DB79EB74E
:102A700042960FB6F8949EBF0FBE8DBFDF91CF91E7
:102A80001F910F910C94976ACF93DF9310923A04A1
:102A90000E9489618FEC9EE00F9474BA90E00F94CD
:102AA000D80EEC0182ED9EE00F9474BA90E00F9482
:102AB000D80EDF93CF9324EF3CE43F932F939F9363
:102AC0008F9383E09DE49F938F938FE49DE49F9386
:102AD0008F9384E89FE59F938F930E9438608DB712
:102AE0009EB70C960FB6F8949EBF0FBE8DBFDF91B8
:102AF000CF910C94976ACF93DF930E9489618BE505
:102B00009FE00F9482BAEC018DE59FE00F9482BAAA
:102B1000DF93CF939F938F9382E99DE49F938F934D
:102B200083E390E69F938F930E9438608DB79EB7A2
:102B300008960FB6F8949EBF0FBE8DBFDF91CF9160
:102B40000C94976AEF92FF920F931F93CF93DF93AA
:102B500010923A040E94896183E09FE00F9482BA48
:102B60000F94D80EF82EE92E85E09FE00F9482BADC
:102B70000F94D80E182F092F81E09FE00F9482BA8E
:102B80000F94D80EEC018FEF9EE00F9482BA0F9451
:102B9000D80EEF92FF920F931F932DE23DE43F93E7
:102BA0002F93DF93CF9323E33DE43F932F939F93A2
:102BB0008F9380E49DE49F938F938EE19DE49F9398
:102BC0008F9380ED9FE59F938F930E9438608DB720
:102BD0009EB742960FB6F8949EBF0FBE8DBFDF9191
:102BE000CF911F910F91FF90EF900C94976A0F93E4
:102BF0001F93CF93DF9310923A040E9489618091D2
:102C00001B1490911C140F94D80E182F092F80EDCF
:102C10009EE00F9482BA0F94D80EEC0183ED9EE0F3
:102C20000F9482BA0F94D80E0F931F9324EE3CE4B6
:102C30003F932F93DF93CF9324EF3CE43F932F9365
:102C40009F938F9383E09DE49F938F938EE19DE408
:102C50009F938F9383EA9FE59F938F930E943860A1
:102C60008DB79EB740960FB6F8949EBF0FBE8DBF2E
:102C7000DF91CF911F910F910C94976AEF92FF9281
:102C80000F931F93CF93DF9380910404882329F03F
:102C90009091B702923009F06CC181E080930404F6
:102CA00080915C1780930504882321F086E094E0EE
:102CB0000F94648D0E949D6A1092710583E7E82E3F
:102CC00080E6F82EC2E4D0E60AE014E080917105B7
:102CD000843008F073C11092740588E39EE30E946B
:102CE00036678BED90E60E9436678EEC90E60E9488
:102CF000366780EC90E60E94366780EB90E60E9493
:102D0000366788E39BE40E94366786E29BE40E9474
:102D1000366785E19BE40E94366783EC94E40E9469
:102D2000366785EA90E60E9436678BE990E60E9456
:102D300036678CE890E60E94366783EC94E40E9444
:102D4000366780EF9DE40E94366781E890E60E9436
:102D5000366783EC94E40E943667809115148130C5
:102D600009F027C182EE9DE40E9436678CE790E669
:102D70000E943667809174058150990B20917305EC
:102D80002817190649F58091B702882329F1609127
:102D9000710586E00E94876080911514813009F0EA
:102DA00003C18091F5139091F6132091F7138823B6
:102DB00009F4FAC01F922F931F929F931F928F9333
:102DC000FF92EF920E9438608DB79EB708960FB6BB
:102DD000F8949EBF0FBE8DBF80910504882309F42F
:102DE00040C083EC94E40E94366782E590E60E943E
:102DF000366780E590E60E943667809174058150C1
:102E0000990B209173052817190659F58091B7027F
:102E1000882339F16091710582E00E94876080917A
:102E200009041F928F93809108041F928F938091C1
:102E300007041F928F93809106041F928F93DF9354
:102E4000CF931F930F930F948BB98AE094E00E9465
:102E5000F1678DB79EB70C960FB6F8949EBF0FBE64
:102E60008DBF8091C4069091C506A091C606B09111
:102E7000C706892B8A2B8B2B09F440C083EC94E482
:102E80000E94366789EC9DE40E9436678EE490E6E6
:102E90000E943667809174058150990B20917305CB
:102EA0002817190659F58091B702882339F16091E6
:102EB000710582E00E9487608091C7061F928F9300
:102EC0008091C6061F928F938091C5061F928F93A3
:102ED0008091C4061F928F93DF93CF931F930F931C
:102EE0000F948BB98AE094E00E94F1678DB79EB78A
:102EF0000C960FB6F8949EBF0FBE8DBF83EC94E482
:102F00000E94366768EF7FEC88EB9DE40E945B6768
:102F10006FED70E08AEA9DE40E945B6767EF7DECED
:102F20008EE99DE40E945B676BE171E082E99DE4BC
:102F30000E945B676BEB72E085E89DE40E945B6733
:102F40006BE072E08CE79DE40E945B6769ED71E0E5
:102F500089E09BE40E9405670E94035380917105FC
:102F60008F5F80937105809173058F5F80937305E8
:102F7000ADCE90910504992309F49CCE40910604AE
:102F8000509107046091080470910904452B462B69
:102F9000472B09F08FCE8F5F803119F080930404A6
:102FA00089CE1092040486CE8AED9DE40E944A6088
:102FB00013CF84E690E60E9436670ECFDF91CF9163
:102FC0001F910F91FF90EF9008958091040481115B
:102FD00017C00E9490618DE09DE40E944A608AE3E0
:102FE0000E944E6061E08AE00E94876088EA9CE06F
:102FF0000F947CBA4AE00E949B6581E080930404B0
:103000000C94976A8AEF9AE40C9485710E94C464C8
:1030100010927D0520E041E070E060E089EA91E0F7
:103020000E943753109256041092020408958DEBBB
:103030009EE40C945E6FCF93C82F87EB9EE40E94B2
:103040005E6F8C2F0E944B6E8DE5CF910C944B6E72
:10305000CF93C82F80E89EE40E945E6F8C2F0E9461
:103060004B6E8DE50E944B6ECF910D9417180F9308
:103070001F93CF93DF93EC01CB01BA014A8141301A
:1030800029F088F0423009F14330D1F48B8181116D
:1030900025C082E08A8363E082E69DE50E94CAED56
:1030A00085E08B830DC0A90198010F9425BE1816E9
:1030B0003CF463E0888199810E94CAED81E08A83B3
:1030C000DF91CF911F910F9108958B81811106C0DF
:1030D0008881998123E02A8363E0E0CF8150E1CFAA
:1030E00080EE9EE40E945E6F6091100E7091110E52
:1030F000072E000C880B990B0E94C46E89ED9EE48C
:103100000E945E6F6091CA067091CB06072E000C7C
:10311000880B990B0E94C46E82ED9EE40E945E6F44
:1031200060910A0E70910B0E80910C0E90910D0E15
:1031300042E00E94E06E8BEC9EE40E945E6F609124
:103140004D0570914E0580914F059091500542E0DC
:103150000E94E06E8DE50C944B6E82E00E94FC892B
:103160009FB7F894E2E0F1E08081846080839FBFA4
:103170002FEF89E698E1215080409040E1F700C0B0
:1031800000009FB7F89480818B7F80839FBF089554
:1031900085EC9EE40E945E6F85EA9DE00F9482BA02
:1031A000BC0190E080E04AE00E945F6E8DE50C94E7
:1031B0004B6E109202040895CF930E949D6A109264
:1031C000710580917105843008F0ADC010927405CE
:1031D0008FE59FE00F9474BA81110DC00E94A65232
:1031E00081110F94D918809102048A3089F188E303
:1031F0009EE30E9436678091120E882361F16FE38F
:1032000072E088E092E60E94056767E272E088EF6C
:1032100091E60E9405678FE59FE00F9474BA8111D3
:103220000AC080910204893031F469E171E087E7D6
:103230009EE40E9405670E940353809171058F5F91
:1032400080937105809173058F5F80937305B9CF6B
:103250008CE29FE3CECF0F944913C82F8DED91E6FA
:10326000CC2311F08CEE91E665E472E00E945B677E
:1032700082EC91E6CC2311F081ED91E667E772E0F4
:103280000E945B6786EA91E6CC2311F086EB91E61B
:103290006BE972E00E945B678AE891E6CC2311F04B
:1032A0008AE991E663ED71E00E945B678FE691E643
:1032B000CC2311F08EE791E665EE71E00E945B672A
:1032C00084E591E6CC2311F083E691E665EB72E0AC
:1032D0000E945B6788E391E6CC2311F088E491E6D5
:1032E00061E172E00E945B678CE191E6CC2311F012
:1032F0008CE291E661EE70E00E945B6780E091E60F
:10330000CC2311F080E191E667EE71E00E945B67EB
:1033100085EE90E6CC2311F084EF90E66FE872E042
:103320000E945B6778CFCF91089589E08093020473
:103330000D94DC1881E00E9455600F94CF7A909133
:10334000FD13933609F49FEF89130EC086E40E94A3
:103350004E600F94CF7A8F3F29F08F5C0E944E60B1
:1033600083E008958FE3FACF8F3F89F08F5C0E944E
:103370004E608EE30E944E608091FD13833649F0CB
:103380008F3F39F08F5C0E944E6084E008958FE398
:10339000EECF8FE3F8CF5F934F937F936F93282FF8
:1033A000082E000C330B3F938F938FE89AE49F9382
:1033B0008F930E9438602DB73EB7285F3F4F0FB6FE
:1033C000F8943EBF0FBE2DBF99E0981B892F0C9437
:1033D0005560CF93DF930E948961C091100ED09108
:1033E000110E60910A0E70910B0E80910C0E90914F
:1033F0000D0E0F940DBDAE0182E80F94CB1960E065
:103400008AE00E948760C091CA06D091CB062097BF
:1034100081F060914D0570914E0580914F0590911E
:1034200050050F940DBDAE0180E8DF91CF910D9452
:10343000CB198AE0DF91CF910C94556010923A0439
:103440000F94E9194AE15EE461E080E00E94346192
:1034500062E080E00E94876080910204833071F115
:1034600038F4813050F089E09EE40E944A6005C043
:10347000853021F1C0F38830B1F30E94E2688111F8
:1034800009C0809102048150823028F5809109188A
:10349000882309F18091E603811113C083E00E9423
:1034A0007F5380910204823071F0833081F081304B
:1034B00091F461E084E49BE40C947F8786EF9DE4C3
:1034C000D4CF82E0ECCF81E080930204F2CF61E0C0
:1034D00089E19EE2F1CF08951F920F920FB60F92ED
:1034E00011240BB60F922F933F934F935F936F93DB
:1034F0007F938F939F93AF93BF93EF93FF9320910D
:10350000D60080919A0590919B05E82FF0E0E35654
:10351000FA4F20838F5F20919905821708F080E091
:10352000981317C086E29FE50F945DB9FF91EF9164
:10353000BF91AF919F918F917F916F915F914F91CB
:103540003F912F910F900BBE0F900FBE0F901F90C9
:10355000189580939A05EACF1F920F920FB60F929B
:1035600011240BB60F928F939F93EF93FF939FB706
:10357000F894E2E0F1E080818B7F80839FBFFF9130
:10358000EF919F918F910F900BBE0F900FBE0F90F8
:103590001F9018951F920F920FB60F9211240BB621
:1035A0000F928F939F93EF93FF939FB7F894E2E06E
:1035B000F1E08081846080839FBFFF91EF919F91B4
:1035C0008F910F900BBE0F900FBE0F901F9018950C
:1035D0006F927F928F929F92AF92BF92DF92EF9203
:1035E000FF920F931F93CF93DF93CDB7DEB7E09792
:1035F0000FB6F894DEBF0FBECDBFD82EAE014F5F21
:103600005F4F60E10E949B7250E040E060E1CE01BC
:1036100001960F94000F86E19FE50F945DB99E011E
:103620002F5F3F4F590110E000E025E0E22E2FE52B
:10363000F22ED5018D915D011F928F931F930F93F1
:10364000FF92EF920F9436B90F5F1F4F0F900F90BC
:103650000F900F900F900F900031110551F70981D5
:1036600010E05E01B2E0AB0EB11CEE24E394F12C4D
:10367000EC0EFD1EE0E1EE0EF11CE0E021E0D501D4
:103680003D915D01622F70E0C8010F943DBB462F54
:10369000431B361710F0432F461B832F90E0423018
:1036A00008F047C02F5F080F191FAE14BF0439F789
:1036B000AE2EB12CA1E1B0E0AC0FBD1FAA0DBB1D19
:1036C0002C937E01B1E2EB0EF11CAE0CBF1C622FFD
:1036D00070E0C8010F943DBBD5016C9311E01E0F43
:1036E0008BEF9EE50F945DB9FE0171963F01570186
:1036F00083EE882E8EE5982E8A2D8E19811770F50F
:10370000C5018E199F09D5013D915D01F3012191FC
:103710003F011F923F931F922F939F938F939F92EE
:103720008F920F9436B90FB6F894DEBF0FBECDBF9F
:10373000E3CF4E2F50E0A1E1B0E0AC0FBD1FA40FCE
:10374000B51FEF5F2C9321E230E02C0F3D1F420F9D
:10375000531FDA016C938C0121E0A7CFA701612FE1
:10376000CE0141960F94000FFE01E10FF11D80A1E3
:10377000ED2DF0E0EE5AFA4F80831F928F9381ED8A
:103780009EE59F938F930F9436B90F900F900F90F3
:103790000F90609152058EEF9EE0DD2021F0609148
:1037A00053058BEF9EE00F9498BA81E0E0960FB638
:1037B000F894DEBF0FBECDBFDF91CF911F910F9167
:1037C000FF90EF90DF90BF90AF909F908F907F9091
:1037D0006F900895813049F028F0823041F08330B5
:1037E00041F0089581E086B9089582E0FCCF84E03D
:1037F000FACF88E0F8CF8130D1F048F0823021F163
:10380000833079F18BE490E00197F1F708959FB749
:10381000662341F0F89480910B01816080930B0145
:103820009FBFF0CFF89480910B018E7FF7CF9FB7A9
:10383000611105C0F89480910B018260EFCFF8947C
:1038400080910B018D7FEACF9FB7662329F0F89412
:1038500080910B018460E2CFF89480910B018B7F03
:10386000DDCF9FB7611105C0F89480910B01806492
:10387000D5CFF89480910B018F7BD0CFCF92DF9280
:10388000EF92FF920F931F93CF93DF93182FF62E93
:10389000EA010CE50CBD1DBC0F945C0F8F2D0F943D
:1038A000770F80E00F94770F80E00F94770F80E020
:1038B0000F94770F80E00F94770F812F0F94410FB3
:1038C0000CBD1DBC812F0F945C0F80E00F94770F0F
:1038D000082F80E00F94770F90E0B0E0A0E0CC24B8
:1038E000D82EE92EFA2E80E00F94770FC82AFE2CEE
:1038F000ED2CDC2CCC2480E00F94770FC82AFE2C12
:10390000ED2CDC2CCC2480E00F94770FC82A812F7B
:103910000F94410FC882D982EA82FB82802FDF9107
:10392000CF911F910F91FF90EF90DF90CF9008956E
:10393000EF92FF920F931F93CF93DF93C82FE62E42
:10394000D22F132F042FF52E8CE58CBD1DBC8C2F90
:103950000F945C0F8E2D0F94770F8F2D0F94770F90
:10396000802F0F94770F812F0F94770F8D2F0F9447
:10397000770F8C2FDF91CF911F910F91FF90EF90D8
:103980000D94410FCF93DF9300D01F92CDB7DEB7D8
:1039900019821A821B821C82AE014F5F5F4F6AE65A
:1039A0000F943E1C89819A8193700F900F900F9015
:1039B0000F90DF91CF910895FF920F931F93CF93B4
:1039C000DF93F82EEA01E82FF0E083E0F89E800113
:1039D0001124035A1D4FD8018C9130E0377F3F7E70
:1039E0003F7D3F7B40E080FB41F94370562F5F7085
:1039F00050625F7B5F7781E0611101C080E080FBF6
:103A000054F9BF01660F771FFB01ED55FD4F208173
:103A1000922F991F9927991F81818770880F892B71
:103A200080FB27F986958770387F382B6C557D4F42
:103A3000FB01808186958695869580FB37F981FB11
:103A400040F96CEE8F2D0F94981C209709F4E80133
:103A500019818A81C12F811708F4C82F181740F4E3
:103A600080E495E70E945E6F89E69AE40E94857182
:103A70002C2F2F71312F3F714FE050E060E98F2DD7
:103A8000DF91CF911F910F91FF900D94981CE82F1B
:103A9000F0E098E0769567956115710511F0915009
:103AA000F9CFEC5AFA4F908350E040E0692F0D9423
:103AB000DC1C0F931F93CF93DF93C82F082F10E0C8
:103AC000F801EC5AFA4F50E040E060810F94DC1CA2
:103AD00020E030E0A90161E98C2F0F94981CD0916F
:103AE000E406C230E1F520E030E044E051E06DEE64
:103AF00082E00F94981C24EF31E040E050E0D13098
:103B000019F420E030E0A90164E982E00F94981CE8
:103B100024E831E040E050E0D13021F424E030E00E
:103B200040E050E060E882E00F94981C28EC34E01C
:103B300046E050E060EF82E00F94981C20EF3FEFEA
:103B40004FE050E0D13019F420E030E0A90163E902
:103B500082E0DF91CF911F910F910D94981CF80195
:103B6000E55EFC4F208130E050E040E0A9013327C2
:103B7000222751606DEE8C2F0F94981C20E030E0CE
:103B8000A901D13061F02EEA31E0C23030F024EFEB
:103B900031E0C23011F030E020E050E040E064E974
:103BA0008C2F0F94981C20E831E040E050E0D13099
:103BB00021F424E030E040E050E060E88C2F0F94E6
:103BC000981C000F111F000F111FF801E55FFC4F3B
:103BD000208131814281538160EF8C2F0F94981C9A
:103BE00020E030E0A90163E98C2FB3CF1F93CF937E
:103BF000DF938091A9061F928F938BE99EE59F9397
:103C00008F930F9436B98091A90683700F900F900F
:103C10000F900F9011F00F94AC8F1091A906112303
:103C200071F0D1E0C0E0812F8D2319F08C2F0F941B
:103C3000591DCF5FDD0FC330B1F71092A906109266
:103C40006C05DF91CF911F910895DF92EF92FF9263
:103C50000F931F93CF93DF9300D0CDB7DEB7D82E4D
:103C60001F928F9385E79EE59F938F930F9436B9AC
:103C70008D2D83700F900F900F900F9011F00F9477
:103C8000AC8F10E000E0FF24F394E02E8D2D8F2107
:103C900009F446C08091A9068F298093A90620E0E7
:103CA00030E0A90160E8802F0F94981CF801E55ED0
:103CB000FC4F208130E050E040E0A901332722276B
:103CC0006DEE802F0F94981C82E024EF31E00817EE
:103CD00011F02EEA31E050E040E064E98E2D0F94BF
:103CE000981CB801660F771F600F711F6759714AE2
:103CF00043E050E0CE0101960F940EB8AE014F5F45
:103D00005F4FF801EC5AFA4F60818E2D0F94DC1C46
:103D100020E831E040E050E060E88E2D0F94981CE0
:103D2000FF0C0F5F1F4F0330110509F0AECF0F904E
:103D30000F900F90DF91CF911F910F91FF90EF9017
:103D4000DF90089589E69FE00F9474BA91E08111A5
:103D500001C090E090935C020895CF93C82FA09A81
:103D6000A29A9FB7F894809108018062809308011D
:103D70009FBF9FB7F89480910801806180930801EC
:103D80009FBF989A9A9A8091070180628093070159
:103D900080910701806180930701809107018B7FEB
:103DA00080930701809107018F77809307018091AD
:103DB00007018F7B8093070180910701877F8093A4
:103DC00007019FB7F89480910801846080930801EF
:103DD0009FBF9FB7F8948091080180688093080185
:103DE0009FBF9FB7F8948091080180648093080179
:103DF0009FBF9FB7F8948091080188608093080165
:103E00009FBF80E00F94591D81E00F94591D82E0FF
:103E10000F94591D50E040E06091570583E00F94E6
:103E2000DC1C20E030E0A90161E983E00F94981CDC
:103E3000C1FD1DC020E831E040E050E060E883E0D3
:103E40000F94981C6091580580E00F942090609129
:103E5000590581E00F94209060915A0582E00F94FB
:103E6000209060915B0583E0CF910D94209020E03D
:103E700030E043E050E06DEE83E00F94981C20E0CA
:103E800030E0A90164E983E00F94981C24E030E05D
:103E900040E050E060E883E00F94981C2BE234E5AA
:103EA00042E050E060EF83E00F94981C23E931E09A
:103EB00040E050E063E983E00F94981C89E49EE5BC
:103EC0000E948571BFCFFC0120819281492F50E073
:103ED000211102C0440F551F8181211101C0880F9B
:103EE0008417150631F02CF0892F211102C0880F9C
:103EF000089508953FB7F8948091A5069091A6067D
:103F0000A091A706B091A8062091B200B89B05C069
:103F10002F3F19F00196A11DB11D3FBFBA2FA92F48
:103F2000982F8827BC01CD01620F711D811D911D45
:103F300042E0660F771F881F991F4A95D1F70895B1
:103F40008F929F92AF92BF92CF92DF92EF92FF92A9
:103F50006B017C010F947A1F4B015C01C114D104E9
:103F6000E104F104B9F00F947A1F681979098A09FC
:103F70009B09683E73408105910580F321E0C21AD8
:103F8000D108E108F10888EE880E83E0981EA11C94
:103F9000B11CE4CFFF90EF90DF90CF90BF90AF9037
:103FA0009F908F9008952FB7F8946091A10670911B
:103FB000A2068091A3069091A4062FBF089520E049
:103FC00030E040E85FEB60E070E0CB010E94C68823
:103FD0008AEE9AE40E94857181E080934204809188
:103FE000F803813069F482E08093F8030F94D31FC3
:103FF0006093B8067093B9068093BA069093BB0697
:1040000082E080930E0E0D940618FF920F931F937B
:10401000CF93DF93FC01F080F11008C0F12C8F2DBD
:10402000DF91CF911F910F91FF9008958B01EC01CB
:104030000F94D31F89819A81080F191F0817190738
:1040400040F06017710718F46817790738F718827D
:10405000E6CF60177107C0F7E1CFFC012081211185
:104060000D94052081E00895CF93DF93EC010F9428
:10407000D31F7A83698381E08883DF91CF9108958C
:104080001F93CF93DF9300D0CDB7DEB7182F1982DF
:104090001B821A82CE0101960F9434208091BC00BD
:1040A00087FD0AC06AE070E0CE0101960F940520FA
:1040B0008823A1F382E009C08091B900887F181796
:1040C00059F084E98093BC0081E00F900F900F902D
:1040D000DF91CF911F91089580E0F7CF1F93CF9389
:1040E000DF9300D01F92CDB7DEB768EE73E08AEAA7
:1040F00096E00F942D20882391F110E019821A8206
:104100001B821C82AE014F5F5F4F6FE6812F0F94C1
:104110003E1C89819A81AB81BC81B2FF19C085E5C3
:104120009AE40E945E6F812F0E944B6E0E94566F30
:1041300010E020E030E041E050E06CEE812F0F9481
:10414000981C1F5F1430A9F785E59AE40E943C7221
:104150001F5F143099F68AEA96E00F9434200F908E
:104160000F900F900F90DF91CF911F9108958F9234
:104170009F92AF92BF92CF92DF92EF92FF921F93E6
:10418000CF93DF93FC01108111110EC010E0812F3D
:10419000DF91CF911F91FF90EF90DF90CF90BF9074
:1041A000AF909F908F9008956A017B01EC010F946E
:1041B000D31F4B015C0189819A81AB81BC81C80E00
:1041C000D91EEA1EFB1EC816D906EA06FB0660F0D9
:1041D0008C149D04AE04BF0428F488169906AA0620
:1041E000BB06A0F61882D3CF8C149D04AE04BF0486
:1041F000A0F7CCCF0F931F93CF93809141048823D6
:1042000009F446C08091B1068F5F8E30B0F4809380
:10421000B10663E087E00E9487608DE00E945560F0
:10422000C0E08091B106C81758F44EE263E087E021
:104230008C0F0E944061CF5FF4CF1092B106E9CF9E
:10424000809141048230C1F040F44CED5CE4813057
:10425000C1F0CF911F910F910895833081F049EB08
:104260005CE48430B1F763E080E00E943461109236
:1042700041041092B106EDCF4EEC5CE4F4CF42EC79
:104280005CE463E080E0CF911F910F910C94346166
:104290008091EB14882361F180911E07811128C061
:1042A00080913004823020F580919305811116C0F1
:1042B00080910215882309F435C082E095E12091B0
:1042C000140E64E1820F911D0E94896781112DC037
:1042D0008091140E8F5F8093140EBBCF40E25EE49A
:1042E00060E070E083E995E00F94B7208111E0CFA2
:1042F00080911E0781111CC0E0911E07EA3008F072
:10430000A8CFF0E08827E857FE4D8E4F0D9484BB70
:104310002301F90023013101190295012301230131
:10432000650123018DEE94E1CACF1092140E91CF56
:1043300080919305882301F30F94D31F0091940576
:10434000109195052091960530919705601B710B92
:10435000820B930B603A7F408105910568F679CF17
:1043600063E080917D050E94876080917D05C4E1B6
:104370006C2F681B90E082589A4F0E948967C81B77
:10438000C0937D0566CF809155048B30F0F063E0DB
:1043900080E00E94876084E10E9455604BEA5CE403
:1043A00063E080E00E94346182E59FE50E944A60FC
:1043B000609155046A50770B072E000C880B990BFF
:1043C000CF911F910F910C940066833031F483E4F8
:1043D0009DE60E940AEE10921E07809155048450BB
:1043E000873008F036CF63E080E00E94876083E189
:1043F0000E9455604AE95CE463E080E00E94346119
:104400008091550481508093550423CF64E18EE759
:1044100095E00E9489672091AF063091B0068091A7
:10442000AD069091AE06821793070CF412CF8091DF
:104430005504882309F40DCF63E08AE00E94876069
:104440008091AE068F938091AD068F938091B006D8
:104450008F938091AF068F9389E49FE59F938F930D
:104460000E9438600F900F900F900F900F900F9058
:10447000F0CE63E080E00E948760809155041F9237
:104480008F9388E49BE39F938F938BE39FE5E6CF25
:104490004CE85CE463E080E00E9434618091550464
:1044A000893708F0D6CE88E39FE50E944A60809164
:1044B00055040E94C76480E2CF911F910F910C9424
:1044C000C7644DE75CE4DDCECF93DF93EC010F943E
:1044D000D31F69837A838B839C8381E08883DF91F8
:1044E000CF910895CF92DF92FF920F931F93CF93B6
:1044F000DF93CDB7DEB764970FB6F894DEBF0FBE7B
:10450000CDBF8C01F62E6CE47DE5CE0101960F94B3
:104510002BB8B801CE0101960F9417B883E00E9422
:10452000B4ED8823E1F0BE016F5F7F4F8EE795E029
:104530000F94D6C06C0183E995E00F94642283E068
:104540008093300410921E0710925504CD2839F044
:1045500060E0CE0101960E9499ED0F94061888E163
:1045600095E70E945E6F81E0F81649F060E070E028
:10457000CB010E94C46E89E49DE50E945E6F82E3D8
:104580009DE50E945E6FC8010E945E6F86E29DE518
:104590000E94857164960FB6F894DEBF0FBECDBF42
:1045A000DF91CF911F910F91FF90DF90CF900895F1
:1045B0001F920F920FB60F9211242F933F938F9358
:1045C0009F93AF93BF938091A1069091A206A09173
:1045D000A306B091A4063091A00623E0230F2D3747
:1045E00058F50196A11DB11D2093A0068093A10648
:1045F0009093A206A093A306B093A4068091A5066B
:104600009091A606A091A706B091A8060196A11DBB
:10461000B11D8093A5069093A606A093A706B0931C
:10462000A806BF91AF919F918F913F912F910F90CD
:104630000FBE0F901F90189526E8230F0296A11D1C
:10464000B11DD2CF2F923F924F925F926F927F9285
:104650008F929F92AF92BF92CF92DF92EF92FF9292
:104660000F931F93CF93DF9300D000D01F92CDB74D
:10467000DEB79C838B830D8326013701FB012083EA
:1046800031834283538320914113309142134091EF
:1046900043135091441361E77DE38AE89EE30F944E
:1046A0009BBC609398137093991380939A13909383
:1046B0009B1321E73DE34AE85EE360918F1370911D
:1046C000901380919113909192130F9441B5609340
:1046D0009C1370939D1380939E1390939F1321E7D7
:1046E0003DE34AE85EE360919313709194138091E7
:1046F0009513909196130F9441B56093A013709306
:10470000A1138093A2139093A313809149139091C6
:104710004A136EE071E00F943DBB60932B13EBE006
:10472000F3E180E090E0A0ECBFE781939193A19347
:10473000B19323E1EB32F207C1F710922C131092E0
:104740002D1310922E1310922F131092301380936A
:10475000311390933213A0933313B0933413809199
:1047600097138E7F809397138FE197E09F838E83BB
:10477000E1E0F0E0FA83E983312C212C812C912CAB
:10478000540129813A818B819C8128173907C8F50A
:10479000EE81FF8125813681478150858301720139
:1047A0006D8181850E9426E1C0902D13D0902E133B
:1047B000E0902F13F0903013A7019601C701B601C6
:1047C0000F94AABF811111C0A7019601C701B601BC
:1047D0000F9441B59B01AC01C501B4010F949CBB82
:1047E0004B015C01FFEF2F1A3F0A29813A812F5FAD
:1047F0003F4F3A8329838E819F8105969F838E83C5
:10480000C0CF60E070E080EC9FE72114310459F0E4
:10481000B10190E080E00F9400B59B01AC01C501AF
:10482000B4010F949BBC27960FB6F894DEBF0FBE61
:10483000CDBFDF91CF911F910F91FF90EF90DF904F
:10484000CF90BF90AF909F908F907F906F905F9030
:104850004F903F902F900895CF93C82F0E94ED6BFB
:10486000C0934504C0930B05CF910895CF92DF927A
:10487000EF92FF920F931F93CF93DF9380E495E71E
:104880000E945E6F81EF9DE50E948571CBE4D3E1CC
:1048900010E000E080E4E82E85E7F82E9DEDC92EBB
:1048A0009DE5D92E888199812A813B8124963F9369
:1048B0002F939F938F931F930F93FF92EF92DF920B
:1048C000CF920F9436B90F5F1F4F8DB79EB70A96E0
:1048D0000FB6F8949EBF0FBE8DBF0031110511F7C2
:1048E00080918E138F9380918D138F9380918C1371
:1048F0008F9380918B138F93809192138F938091DC
:1049000091138F93809190138F9380918F138F9336
:10491000809196138F93809195138F938091941328
:104920008F93809193138F9380913D021F928F9369
:1049300080917C051F928F9380914A138F93809171
:1049400049138F93809148138F93809147138F93CE
:10495000809146138F93809145138F9380914413D8
:104960008F93809143138F93809142138F93809103
:1049700041138F93809140138F9380913F138F93B6
:1049800080913E138F9380913D138F9380913C13C0
:104990008F9380913B138F9380913A138F938091E3
:1049A00039138F93809138138F93809137138F939E
:1049B000809136138F93809135138F93FF92EF92EE
:1049C00087E99DE59F938F930F9436B98DB79EB776
:1049D0008A960FB6F8949EBF0FBE8DBFDF91CF9120
:1049E0001F910F91FF90EF90DF90CF90089589571E
:1049F0009F4F6EE071E00F943DBB6115710599F01A
:104A00006930710510F068E070E02EE031E0629FDF
:104A1000C001639F900D729F900D112490934A13D3
:104A200080934913089561E070E0EFCFCF93DF9357
:104A300020E030E0A9016091351370913613809128
:104A40003713909138130F9425BE18160CF054C0EC
:104A50006091391370913A1380913B1390913C13FC
:104A60009B01AC010F94AABF811146C060913D1318
:104A700070913E1380913F13909140139B01AC01C4
:104A80000F94AABF811138C020E030E0A9016091E5
:104A900041137091421380914313909144130F94EA
:104AA00025BE18164CF56091451370914613809100
:104AB0004713909148139B01AC010F94AABF811139
:104AC0001BC08091491390914A13892BA9F0CBE424
:104AD000D3E1699179918991999120E030E0A90120
:104AE0000F9425BE87FD08C083E1CB38D80789F72E
:104AF00081E0DF91CF91089580E0FBCF0F941625E0
:104B0000811102C010927C0581E0809397138091FF
:104B10009F068D7F80939F060895CF931092110E6C
:104B20001092100E1092CB061092CA06CFB7F894CE
:104B30000F9440120F947D0F75981092E506CFBF29
:104B4000CF9108950F948D25109245040D94061869
:104B50001F93CF93DF93C82F162FD42F80917A0500
:104B600080FD18C08091030E811114C08091CA0687
:104B700080931406E62FF0E0EE0FFF1FE05FF14F89
:104B80008081918190931306809312068091450451
:104B9000809311060F948D250E94ED6B83E00E9497
:104BA000676C809101018860809301018FEF809391
:104BB0000B058093450480917A0580FF07C08091A2
:104BC0007A05829586958770D817C0F4C370CC0F8C
:104BD000CC0F80917A05837F8C2B80937A0580910E
:104BE0007A0510FB84F980937A05D295DD0FD07E8B
:104BF00040917A054F714D2B40937A0580917A054B
:104C0000816080937A0580917A05826080937A052D
:104C1000DF91CF911F91089520916F06309170061A
:104C20008091520290915302281739072CF041E0ED
:104C300060E081E00D94A8250895209171063091DF
:104C400072068091540290915502281739072CF072
:104C500041E060E080E00D94A82508952F923F92F6
:104C60004F925F926F927F928F929F92AF92BF927C
:104C7000CF92DF92EF92FF920F931F93CF93DF9328
:104C8000CDB7DEB72C970FB6F894DEBF0FBECDBF01
:104C9000282E49835A836B837C83280139013A2C5F
:104CA0000F94D31F022D10E09801220F331F220F03
:104CB000331F3C872B87F901E15DF94F808091809C
:104CC000A280B380681979098A099B09613D774000
:104CD0008105910508F4EAC0332009F475C088E61F
:104CE00091E09A87898780E090E0A0EAB0E48D8324
:104CF0009E83AF83B8870F94D31FEB85FC85E15D5E
:104D0000F94F608371838283938320E030E0A901AF
:104D1000C701B6010F9491BC811107C0F801EE0FD5
:104D2000FF1FE55DF94F11821082AB85BC85AD5D3B
:104D3000B94F5D0129813A814B815C816D917D91F3
:104D40008D919C910F9491BC882309F491C020E02F
:104D500030E0A90169817A818B819C810F9425BE05
:104D6000F801EF5DF94F1816C4F581E08083898161
:104D70009A81AB81BC81F50180839183A283B38347
:104D8000EB85FC85E75EF94F408251826282738237
:104D9000F801E95EF94F1082A3019201BC01CD0137
:104DA0000F9425BE18161CF5F801E95EF94F8081B5
:104DB0008F5F80833110C7C08930C8F0812C912C5F
:104DC000A12C50E4B52EE8C0ADE2B0E0BA87A987C7
:104DD00080E090E0A0E7B1E48ACF108289819A81D7
:104DE000AB81BC81F50180839183A283B3832D8144
:104DF0003E814F81588569817A818B819C810F9496
:104E00009BBBA30192010F9491BC87FF46C0F801A0
:104E1000EF5DF94F8081813049F482E08083F801B1
:104E2000EE0FFF1FE55DF94F1182108220E030E0A8
:104E3000A901C701B6010F9425BE1816BCF529813A
:104E40003A814B815C816D817E818F8198850F9441
:104E50009CBBA30192010F9425BE18160CF03FC015
:104E6000000F111FF801E55DF94F118210821EC07D
:104E7000A301920169817A818B819C810F9425BE67
:104E800018160CF0B4CFF801EF5DF94F8081813036
:104E900009F0ADCF89CF108297C020E030E0A901A2
:104EA000C701B6010F9425BE1816CCF02C960FB68C
:104EB000F894DEBF0FBECDBFDF91CF911F910F9150
:104EC000FF90EF90DF90CF90BF90AF909F908F902A
:104ED0007F906F905F904F903F902F900895F801D2
:104EE000EF5DF94F8081823008F3000F111FF80148
:104EF000E55DF94F80819181019691838083880FD0
:104F0000991FE985FA85E817F90780F643E0622DD5
:104F1000832D2C960FB6F894DEBF0FBECDBFDF9168
:104F2000CF911F910F91FF90EF90DF90CF90BF90A6
:104F3000AF909F908F907F906F905F904F903F9039
:104F40002F900D94A825813108F451CF20E030E056
:104F500044EB52E4C301B2010F9425BE812C912C85
:104F6000E0E4AE2EBA2C18162CF4812C912CA12C36
:104F700070E4B72E20E030E042ED52E4C301B2010C
:104F80000F9425BE181644F46AE9862E69E9962E18
:104F900069E1A62E6FE3B62EEB85FC85E75EF94F3F
:104FA0002081318142815381C301B2010F949BBBA7
:104FB000A50194010F9491BCF801EB5EF94F87FFB6
:104FC0006ACF80818F5F8083808190E0311004C040
:104FD00006974CF080E003C004972CF081E042E09B
:104FE000622D0F94A8252B853C85275E394FD9016A
:104FF0004D925D926D927C921397F801E95EF94FA4
:105000001082F5CEFC019FB7F8948081882329F0A7
:10501000809173008260809373009FBF0895DC01CC
:105020002FB7F894E3E7F0E09081969591709C9308
:1050300080818D7F80832FBF0895CF93DF931F9250
:10504000CDB7DEB7CE0101960F940F2880E090E037
:10505000A0E7B2E48093351390933613A0933713EF
:10506000B093381384E390E8A7EBBAEB809339133D
:1050700090933A13A0933B13B0933C1386E696E6C5
:10508000A6E8BFE380933D1390933E13A0933F1394
:10509000B09340138AE999E9A1E1B1E48093411307
:1050A00090934213A0934313B09344138AE999E970
:1050B000A9E1BEE38093451390934613A093471351
:1050C000B09348138EE091E090934A138093491374
:1050D00089E09EE5ABE4B3E1FC0145915591659112
:1050E00074914D935D936D937D93049623E1AB385A
:1050F000B20791F780E090E0A0EEB0EC80938B13C4
:1051000090938C13A0938D13B0938E138AE999E931
:10511000A9E5BFE380938F1390939013A09391130D
:10512000B093921384EA90E7ADE9BFE380939313C1
:1051300090939413A0939513B093961381E080936A
:105140003D0280937C058093971380919F068D7F0D
:1051500080939F06CE0101960F9402280F90DF9155
:10516000CF9108951F93CF93DF931F92CDB7DEB7F2
:10517000182FCE0101960F940F2810937C050F94E1
:105180007E25CE0101960F940228112341F08091D3
:105190007C05811104C081E79DE50E9485710F9017
:1051A000DF91CF911F9108951F93CF93DF931F92AB
:1051B000CDB7DEB7182FCE0101960F940F281093AC
:1051C0007C0581E080939713EFE9F6E080818D7F85
:1051D0008083CE0101960F9402280F90DF91CF912A
:1051E0001F910895CF93DF931F92CDB7DEB7CE0105
:1051F00001960F940F288091760590917705A091E4
:105200007805B091790580930A0E90930B0EA093C8
:105210000C0EB0930D0E80917F0690918006A091A8
:105220008106B091820680934D0590934E05A09320
:105230004F05B09350058091690690916A06A09140
:105240006B06B0916C068093F4039093F503A093E2
:10525000F603B093F7038091860690918706A0919C
:105260008806B09189068093BC069093BD06A093F2
:10527000BE06B093BF0680917A05811102C00F94DB
:10528000401210926806CE0101960F9402280F90EA
:10529000DF91CF9108951F920F920FB60F921124B4
:1052A0000BB60F92FF920F931F932F933F934F9341
:1052B0005F936F937F938F939F93AF93BF93CF939E
:1052C000DF93EF93FF93809170008B7F809370004A
:1052D00078948091000186FDC8C068EC70E085E498
:1052E00096E00F942D208823B9F085E496E00F9482
:1052F000342080E496E00F94642280913F0681116F
:10530000A5C080913E068111A1C08BE396E00F9469
:10531000342081E080933F068091030182FB88273F
:1053200080F991E089279091030191FF8260E091DB
:105330003806E817E1F024E0E29FF0011124E82BA1
:10534000EE5AF24AE49190913706E90FE09337065E
:105350000E2E000CFF0BF7FF03C0F195E195F1094C
:1053600034971CF091E09093390680933806809131
:10537000A202811108C08091750580934E06882392
:1053800009F487C0759A8091A2028F70A9F4809168
:105390000B0590E024E0959587952A95E1F7809399
:1053A0000A05892B09F477C09FB7F8948091020110
:1053B0008860809302019FBF90914E068091A20267
:1053C000981708F475988091A2028F7090910A0541
:1053D000981740F49FB7F89480910201877F8093DB
:1053E00002019FBF8091A2028F5F8F778093A202FC
:1053F00010E000E0E801CC0FDD1FC451DC4F8881D4
:105400009981181619060CF04CC0FFB6F89461E0AB
:10541000802F0F94511288819981019799838883F5
:10542000FFBE0F5F1F4F0330110521F780914B180E
:1054300090914C18A0914D18B0914E18823A924A12
:10544000A105B105D9F181E00E94665768EE73E0CD
:105450008BE396E00F940520882309F45DCF81E06B
:1054600080933E0680933A0657CF80913F0688236B
:1054700009F452CF10923F0680913E06811103C07D
:1054800081E08093030481E08093390610923E0608
:1054900043CF759878CF9FB7F89480910201877FAA
:1054A00088CF892B09F4BDCFFFB6F89460E0802F38
:1054B0000F945112888199810196B0CF9CB180914F
:1054C0004C0696FB992790F9981791F09091C90690
:1054D000992351F020914806309149062F5F3F4FA4
:1054E000309349062093480691E0892780934C0623
:1054F000F89480917000846080937000FF91EF9128
:10550000DF91CF91BF91AF919F918F917F916F91DB
:105510005F914F913F912F911F910F91FF900F90AD
:105520000BBE0F900FBE0F901F9018954F925F9279
:105530006F927F92AF92BF92CF92DF92EF92FF92E3
:105540000F931F93CF93DF9324E030E041E050E0CE
:10555000D901AC51B44AFD01659174918617970742
:105560000CF066C041505109440F551F440F551FA0
:10557000EA01CA51D44AFE01059114914C51544A92
:10558000FA0165917491F901EA51F44AE590F490B9
:10559000FE01C590D490FD01C591D491FA01A5906A
:1055A000B490861B970BBC01990F880B990B0F9435
:1055B00002B52B013C01B7016C197D09072E000CC7
:1055C000880B990B0F9402B59B01AC01C301B2018A
:1055D0000F9441B56B017C01BE016A197B09072E4E
:1055E000000C880B990B0F9402B59B01AC01C7010D
:1055F000B6010F949BBC6B017C01B801110F880BA5
:10560000990B0F9402B59B01AC01C701B6010F9431
:105610009CBBDF91CF911F910F91FF90EF90DF9096
:10562000CF90BF90AF907F906F905F904F90089514
:105630004F5F5F4F2C5F3F4F2838310509F088CF0F
:10564000EAE6FCE565917491072E000C880B990B36
:105650000F9402B5DECF4F925F926F927F92AF921E
:10566000BF92CF92DF92EF92FF920F931F93CF934F
:10567000DF9324E030E041E050E0D901A051B54A89
:10568000FD0165917491861797070CF080C0415019
:105690005109440F551F440F551F8A010E50154ADA
:1056A000F801C590D4904051554AFA016591749122
:1056B000F901EE50F54AC591D491F8010591149184
:1056C000FD01E590F490FA01A590B490861B970B2C
:1056D000BC01990F880B990B0F9402B52B013C016B
:1056E000BE01601B710B072E000C880B990B0F94E9
:1056F00002B59B01AC01C301B2010F9441B52B016E
:105700003C01B7016A197B09072E000C880B990B25
:105710000F9402B59B01AC01C301B2010F949BBC75
:105720002B013C01B601DD0C880B990B0F9402B5DF
:105730009B01AC01C301B2010F949CBB6B017C01C6
:1057400020E030E040E252E4C701B6010F9425BEEC
:1057500087FD30C020E030E048E452E4C701B601E4
:105760000F9491BC181634F120E030E040E252E48E
:10577000C701B6010F949BBB20E030E040E05FE33F
:105780000F9441B59B01AC01C701B60143C04F5F07
:105790005F4F2C5F3F4F243F310509F06ECFE2EEA3
:1057A000FBE565917491072E000C880B990B0F9403
:1057B00002B5C4CF20E030E048E452E4C701B601AE
:1057C0000F9425BE1816DCF520E030E048EC52E4DA
:1057D000C701B6010F9491BC18168CF120E030E09F
:1057E00040EA50E4C701B6010F949CBB2B013C0179
:1057F00020E030E048E452E4C701B6010F949BBBBF
:105800002DEC3CEC4CEC5DE30F9441B59B01AC01FD
:10581000C301B2010F949CBB6B017C01C701B601AF
:10582000DF91CF911F910F91FF90EF90DF90CF907C
:10583000BF90AF907F906F905F904F90089520E061
:1058400030E048EC52E4C701B6010F9425BE1816AB
:105850002CF720E030E040E251E496CF4F925F9287
:105860006F927F92AF92CF92DF92EF92FF920F935F
:105870001F93CF93DF9380917106909172060F94DE
:10588000AAAA609376057093770580937805909324
:10589000790560906F0670907006C3010F942B2BF2
:1058A0006B017C01C0927F06D0928006E092810657
:1058B000F092820680916D0690916E060F942B2BCC
:1058C0006093690670936A0680936B0690936C06EA
:1058D000C0917B06D0917C06CE010F94962A6093EE
:1058E000860670938706809388069093890681E0E8
:1058F0008093680680917A058D7F80937A05209148
:105900007106309172068091060590910705821705
:1059100093072CF040E060E080E00F94A825809190
:10592000040590910505861597052CF040E060E090
:1059300081E00F94A82580910205909103058C17B2
:105940009D072CF040E060E082E00F94A825809154
:10595000500290915102C817D9072CF041E060E045
:1059600082E00F94A825C13ADE430CF4CDC16091CA
:105970000805709109058091840690918506681745
:1059800079070CF055C0C0917A06C11118C06B5F41
:105990007F4F072E000C880B990B0F9402B59B01CB
:1059A000AC01C1E060917605709177058091780532
:1059B000909179050F9425BE18160CF0C0E0C093A5
:1059C0007A0668E97AE387E796E00F942D20811143
:1059D00002C0CC2329F081E080937A060F941D2623
:1059E00080917D0690917E060B974CF1C0917606D2
:1059F000C1110CC0C1E020E030E040E751E4C70134
:105A0000B6010F9425BE18160CF0C0E0C0937606C0
:105A100060E573EC83E796E00F942D20811102C0BE
:105A2000CC2399F081E0809376060F940C260DC06C
:105A300087E796E00F94342010927A06D1CF83E75F
:105A400096E00F943420109276066091750570E010
:105A500090E080E00F9400B56B017C0140907605EA
:105A60005090770560907805709079056091840674
:105A700070918506072E000C880B990B0F9402B5C8
:105A8000AB01BC01A12C9301820181E00F942E2671
:105A90006091830670E090E080E00F9400B56B01A8
:105AA0007C0140907F065090800660908106709047
:105AB000820660917D0670917E06072E000C880B91
:105AC000990B0F9402B5AB01BC01AA24A3949301D6
:105AD000820180E00F942E2680917C05882309F4B2
:105AE000BCC0C0917505D0910A05409076055090D4
:105AF00077056090780570907905C0908606D09003
:105B00008706E0908806F09089068091971380FFC1
:105B100072C0209141133091421340914313509130
:105B2000441361E77DE38AE89EE30F949BBC609396
:105B300098137093991380939A1390939B1321E772
:105B40003DE34AE85EE360918F137091901380917A
:105B50009113909192130F9441B560939C1370939D
:105B60009D1380939E1390939F1321E73DE34AE892
:105B70005EE36091931370919413809195139091CB
:105B800096130F9441B56093A0137093A113809363
:105B9000A2139093A3138091491390914A136EE03E
:105BA00071E00F943DBB60932B13EBE0F3E18BE2CC
:105BB00093E140E050E060EC7FE7419351936193C3
:105BC00071938E179F07C9F710922C1310922D1303
:105BD00010922E1310922F13109230134093311302
:105BE000509332136093331370933413809197134F
:105BF0008E7F8093971387017601A30192016D2F09
:105C00008C2F0E9426E18091971381FF05C044E00C
:105C100060E080E00F94A8259091971380919F06F3
:105C200092FB81F980939F0680919F0681FF15C0AA
:105C300080919F06816080939F0680912D139091A3
:105C40002E13A0912F13B091301380939B06909345
:105C50009C06A0939D06B0939E0680919A06882389
:105C600009F43FC00F94D31FC0908A06D0908B06D2
:105C7000E0908C06F0908D0660938A0670938B06F8
:105C800080938C0690938D0620918F062F5F209332
:105C90008F066C196E5060938E0680917505809307
:105CA00090068091760590917705A0917805B09146
:105CB00079058093910690939206A0939306B093F2
:105CC00094068091860690918706A0918806B091EF
:105CD00089068093950690939606A0939706B093B5
:105CE000980680913E02882391F0DF91CF911F9119
:105CF0000F91FF90EF90DF90CF90AF907F906F90DB
:105D00005F904F900D947D0F0F941D268ECEDF91E6
:105D1000CF911F910F91FF90EF90DF90CF90AF90B8
:105D20007F906F905F904F9008951F920F920FB6E3
:105D30000F9211240BB60F922F933F934F935F93C3
:105D40006F937F938F939F93AF93BF93EF93FF9343
:105D500080917B05882391F010927B050E94898DAC
:105D6000809173008D7F8093730078940F942E2C14
:105D7000F89480917300826080937300FF91EF919B
:105D8000BF91AF919F918F917F916F915F914F9153
:105D90003F912F910F900BBE0F900FBE0F901F9051
:105DA00018952091850E3091860E4091870E509166
:105DB000880E60E070E08FE793E40F949BBC6093E3
:105DC000140570931505809316059093170520917F
:105DD000910E3091920E4091930E5091940E60E08E
:105DE00070E08FE793E40F949BBC60930C05709375
:105DF0000D0580930E0590930F0508950F931F9343
:105E00008091F803813019F50F94D31F00910D068E
:105E100010910E0620910F0630911006601B710B39
:105E2000820B930B28EE33E040E050E00F94E7BA8A
:105E30006091090670910A0680910B0690910C06FC
:105E4000620F731F841F951F1F910F91089560911A
:105E5000B8067091B9068091BA069091BB06D6CF6C
:105E6000CF93C82F8BE70E944B6E8C2F0F941B187B
:105E70000F94171881EB9EE40E945E6F6091E80317
:105E80007091E9038091EA039091EB034AE00E944C
:105E90005F6E8AEA9EE40E945E6F80917E1788237F
:105EA00009F45EC08091F8179091F917A091FA1744
:105EB000B091FB170097A105B10509F451C0BC01D1
:105EC000CD016D597F4F8F4F9F4F24E630E040E06A
:105ED00050E00F94E7BA6091FF177091001880911D
:105EE0000118909102180F94E7BA622F70E090E0C9
:105EF00080E00E94C46E83EA9EE40E945E6F60911F
:105F0000390270913A02072E000C880B990B0E94FF
:105F1000C46E8CE99EE40E945E6F8091021581112F
:105F200021C08DEE94E10E94E78285E99EE40E9403
:105F30005E6F8091F8038130C1F40F94FE2E4AE029
:105F40000E945F6E8EE89EE40E945E6F87E89EE48A
:105F50000E945E6F8DE50E944B6ECF910D94C81824
:105F600020E0C3CF82E095E1DECF60E070E0CB01BE
:105F70000E94C46EE7CF1092F80310920D061092A3
:105F80000E0610920F06109210061092B80610928C
:105F9000B9061092BA061092BB061092090610922A
:105FA0000A0610920B0610920C0608958091F803D1
:105FB0008130F1F08230C9F40F94FE2E609309060F
:105FC00070930A0680930B0690930C0681E08093F1
:105FD000F8030F94D31F60930D0670930E06809301
:105FE0000F069093100681E008950F94BB2FEECF1B
:105FF00080E008958091F8038150823070F410920F
:10600000F8030F94D31F6093B8067093B90680937A
:10601000BA069093BB0681E0089580E008952FB7FB
:10602000F89494E0899FF0011124E35FF84F6081B8
:106030007181828193812FBF0895CF93C82F0F94D0
:106040000F300F9402B524E0C29FF0011124E35EEB
:10605000F14F20813181428153810F949BBCCF91BC
:106060000895B19A109285001092840080ED97E017
:10607000909389008093880010924B0510924A05F6
:10608000809148059091490501978E3F9F4F20F4DC
:10609000109249051092480508951F920F920FB66D
:1060A0000F9211240BB60F926F927F928F92CF9224
:1060B000DF92EF92FF920F931F932F933F934F9393
:1060C0005F936F937F938F939F93AF93BF93CF9380
:1060D000DF93EF93FF9380914805909149059C01D0
:1060E000215031092E3F3F4F90F42091880030918C
:1060F00089002817390708F0F9C0209188003091ED
:106100008900821B930B9093490580934805209149
:1061100088003091890080914A0590914B0528179D
:10612000390708F0E8C02091880030918900821B6F
:10613000930B90934B0580934A0580914A0590916B
:106140004B05892B11F00D949D39E0910706F091D4
:106150000806309709F087C19091FF0D8091000EDD
:10616000981709F4F9C1C091000E2C2F30E05EE6BB
:10617000C59FE0011124C15ED84FFE01E95BFF4FCE
:1061800041E04083D0930806C0930706209709F4A6
:10619000E3C11092030610920406109205061092B5
:1061A0000606109202068AAD9BAD9093010680937D
:1061B00000068134ECE99E0708F0A2C08132FEE4BB
:1061C0009F0708F4A0C0969587959695879544E01B
:1061D0004093FF0580978115E8E09E0708F4A4C06E
:1061E000E92FFF27EE0FFF1FEE0FFF1FAF01415DED
:1061F0005A4AFA013296A591B491FA014591549107
:10620000B89FB001A89F000C611D1124711DCA0127
:10621000861B970B8436910510F484E690E0B0E07D
:10622000A0E08093FB059093FC05A093FD05B0933F
:10623000FE054EE6429FC001439F900D1124815EF2
:10624000984FFC01E45BFF4F4081442349F0815BA0
:106250009F4FFC01808191819093FA058093F9050D
:106260001092F8058FEF9FEF9093490580934805B2
:106270008093F7058EE6829FF001839FF00D112435
:10628000E15EF84F85A984FF08C0109219071092AB
:106290001A0710921B0710921C0783FF66C08EE638
:1062A000829FF001839FF00D1124E15EF84F8089F9
:1062B0009189969587959195819591099093E80597
:1062C0008093E7059093EC058093EB059093F005A0
:1062D0008093EF059093F4058093F30581E0248586
:1062E0003585232B09F082C080E080C010924905DB
:1062F000109248050CCF10924B0510924A051DCF05
:1063000080E49CE960CF813157E2950720F09695B3
:10631000879542E05DCF4093FF058032910508F0FC
:1063200059CF80E290E056CFAC01569547954C7F0F
:10633000415D5E4AFA0165917491FA013296A59128
:10634000B491AC01477055274A9FC0014B9F900DF7
:106350005A9F900D1124E3E096958795EA95E1F711
:10636000AB01481B590BCA0155CF8EE6829FF00145
:10637000839FF00D1124E15EF84F80899189A289F5
:10638000B389B695A79597958795B095A095909563
:1063900081959F4FAF4FBF4F8093E7059093E805DE
:1063A000A093E905B093EA058093EB059093EC0583
:1063B000A093ED05B093EE058093EF059093F00563
:1063C000A093F105B093F2058093F3059093F40543
:1063D000A093F505B093F60581E044855585668563
:1063E0007785452B462B472B09F47ECF8093E60516
:1063F0001092E2051092E3051092E4051092E50573
:10640000888D8093E10580FF90C080910B018160B1
:1064100080930B018FEF809395028091E10581FFBE
:106420008BC080910B018D7F80930B018FEF809348
:1064300096028091E10582FF86C080910B01846005
:1064400080930B018FEF809397028091E10583FF8A
:1064500081C08FEF80939802E0910706F0910806C3
:10646000309709F43DC78091B6025091DE0588232C
:1064700009F4CBC020916A058091E0059091DF0579
:106480003091E1054091060130FF87C042FD83C095
:106490008160492F41704823B1F0C080D180E280F3
:1064A000F3801C141D041E041F046CF42160C088BA
:1064B000D188E288F388C092E205D092E305E092A9
:1064C000E405F092E5054091060131FF70C047FDFB
:1064D0006CC08260492F42704823B1F0C480D580DF
:1064E000E680F7801C141D041E041F046CF4226057
:1064F000C088D188E288F388C092E205D092E30593
:10650000E092E405F092E50532FF94C0511177C0A6
:106510003091E406313009F052C03091A90632FDC5
:106520004EC01C9B52C0846051C080910B018E7F75
:1065300080930B0181E06FCF80910B01826080938B
:106540000B0181E074CF80910B018B7F80930B0155
:1065500081E079CF81E07ECF80ED97E090934B058D
:1065600080934A0590934705809346058FEF9FEFF0
:1065700090934905809348051092F8058091440551
:1065800090914505009709F467CF019790934505D1
:106590008093440561CF8E7F7CCF42FD04C0806133
:1065A000492F407178CF8F7EFBCF8D7F93CF47FDF2
:1065B00004C08062492F40728FCF8F7DFBCF1C9922
:1065C000B2CF3091060136FFAECF8B7F9470982307
:1065D000B1F0C084D184E284F3841C141D041E0431
:1065E0001F046CF42460C088D188E288F388C092CC
:1065F000E205D092E305E092E405F092E505809390
:10660000E0058093DF0520936A05552309F440C017
:1066100020916A058091E0059091DF053091E406B4
:106620003130C9F43091A90632FD15C01C9B19C048
:10663000846018C03091E406313031F43091A906FD
:1066400032FD02C08F7B05C03091060136FDFACFC6
:1066500080649074BCCF1C99EBCF3091060136FF5B
:10666000E7CF8B7F9470982369F02460408951892B
:10667000628973894093E2055093E3056093E405D2
:106680007093E5058093E0058093DF0520936A050C
:1066900085A9C0E0D1E012E004E083FF08C1809149
:1066A000FF05C81708F072C20F94C212E0910706E6
:1066B000F0910806808191812091E7053091E805ED
:1066C000820F931F9093E8058093E705181619062B
:1066D00064F5D6B9E0910706F09108068091E705C8
:1066E0009091E80520893189821B930B9093E805EE
:1066F0008093E7059091950240910D0750910E0708
:1067000060910F0770911007892F990F990BAA0BB1
:10671000BB0B840F951FA61FB71F80930D07909387
:106720000E07A0930F07B0931007E0910706F091B2
:106730000806848195812091EB053091EC05820F4C
:10674000931F9093EC058093EB051816190644F5FA
:1067500016B9E0910706F091080620893189821B5D
:10676000930B9093EC058093EB05909196024091EA
:106770001107509112076091130770911407892F28
:10678000990F990BAA0BBB0B840F951FA61FB71F60
:106790008093110790931207A0931307B0931407E7
:1067A000E0910706F0910806808591852091EF051C
:1067B0003091F005820F931F9093F0058093EF05C1
:1067C0001816190644F506B9E0910706F091080677
:1067D00020893189821B930B9093F0058093EF05FC
:1067E00090919702409115075091160760911707F5
:1067F00070911807892F990F990BAA0BBB0B840F67
:10680000951FA61FB71F8093150790931607A09397
:106810001707B0931807E0910706F09108068091DA
:10682000F3059091F40524853585820F931F90938D
:10683000F4058093F305208931891816190644F56B
:10684000821B930B9093F4058093F305909198022B
:106850004091190750911A0760911B0770911C070E
:10686000892F990F990BAA0BBB0B840F951FA61F9D
:10687000B71F8093190790931A07A0931B07B09333
:106880001C07909198028091F805890F8093F80574
:106890008091E2059091E30501969093E305809342
:1068A000E2058217930708F071C1CF5FF8CE80919F
:1068B000FF05C81708F06AC10F94C212E0910706DD
:1068C000F091080680819181A281B3814091E70512
:1068D0005091E8056091E9057091EA05840F951FD4
:1068E000A61FB71F8093E7059093E805A093E905DD
:1068F000B093EA05181619061A061B06C4F5D6B990
:10690000E0910706F09108068091E7059091E8056F
:10691000A091E905B091EA0540895189628973899E
:10692000841B950BA60BB70B8093E7059093E805A6
:10693000A093E905B093EA059091950240910D0767
:1069400050910E0760910F0770911007892F990FD2
:10695000990BAA0BBB0B840F951FA61FB71F809323
:106960000D0790930E07A0930F07B0931007E091C7
:106970000706F091080684819581A681B781409130
:10698000EB055091EC056091ED057091EE05840FDB
:10699000951FA61FB71F8093EB059093EC05A0935E
:1069A000ED05B093EE05181619061A061B0684F5B8
:1069B00016B9E0910706F09108064089518962896D
:1069C0007389841B950BA60BB70B8093EB059093F3
:1069D000EC05A093ED05B093EE05909196024091E1
:1069E0001107509112076091130770911407892FB6
:1069F000990F990BAA0BBB0B840F951FA61FB71FEE
:106A00008093110790931207A0931307B093140774
:106A1000E0910706F091080680859185A285B385EF
:106A20004091EF055091F0056091F1057091F205EC
:106A3000840F951FA61FB71F8093EF059093F00555
:106A4000A093F105B093F205181619061A061B0655
:106A500084F506B9E0910706F0910806408951894E
:106A600062897389841B950BA60BB70B8093EF0586
:106A70009093F005A093F105B093F20590919702E1
:106A800040911507509116076091170770911807EC
:106A9000892F990F990BAA0BBB0B840F951FA61F6B
:106AA000B71F8093150790931607A0931707B0930D
:106AB0001807E0910706F09108068091F305909180
:106AC000F405A091F505B091F605448555856685D8
:106AD0007785840F951FA61FB71F8093F3059093AA
:106AE000F405A093F505B093F605408951896289B4
:106AF0007389181619061A061B0674F5841B950B64
:106B0000A60BB70B8093F3059093F405A093F505BE
:106B1000B093F60590919802C0901907D0901A078B
:106B2000E0901B07F0901C07892F990F990BAA0B77
:106B3000BB0B8C0D9D1DAE1DBF1D8093190790933F
:106B40001A07A0931B07B0931C079091980280919D
:106B5000F805890F8093F8058091E2059091E3058F
:106B6000A091E405B091E5050196A11DB11D8093AA
:106B7000E2059093E305A093E405B093E50584173F
:106B80009507A607B70710F4CF5F91CE8091F8055F
:106B9000882339F087FDEEC080910B0180648093DB
:106BA0000B014091E2055091E3056091E40570917D
:106BB000E505C0910706D0910806898D9A8DAB8DA9
:106BC000BC8D84179507A607B70708F434C1409118
:106BD000FB055091FC056091FD057091FE05CC8888
:106BE000DD88EE88AA274D9DB12D5E9DC0016E9D6A
:106BF000900D6D9D800D911D4E9DB00D811D9A1FB4
:106C00005D9DB00D811D9A1F6C9DB00D811D9A1F59
:106C10005C9DB10D8A1F9A1FBB0F8A1F9A1F1124FA
:106C20002AAD3BAD820F931F90930106809300061F
:106C30002EA93FA92817390720F430930106209385
:106C4000000680910006909101068134FCE99F07BF
:106C500008F094C081322EE4920708F492C0969511
:106C600087959695879524E02093FF058097811559
:106C7000F8E09F0708F497C0E92FFF27EE0FFF1FEA
:106C8000EE0FFF1F9F01215D3A4AF9013296A5914F
:106C9000B491F90125913491B89FF001A89F000C9F
:106CA000E11D1124F11DC9018E1B9F0B8436910536
:106CB00010F484E690E090934B0580934A059093FE
:106CC000470580934605480F591F611D711D40936C
:106CD000FB055093FC056093FD057093FE05FE01D6
:106CE000E45BFF4F808181117DC080E080FF16C092
:106CF0009FEF9093F705E0914405F09145052091B1
:106D0000F9053091FA05E217F30709F024C28FEF75
:106D10009FEF909349058093480580E080FD07C070
:106D20008091480590914905019609F4B2C2E0911D
:106D30004605F09147058091D8059091D905A0911D
:106D4000DA05B091DB058E0F9F1FA11DB11DC35B3E
:106D5000DF4F0881198130E020E060E08017910763
:106D6000A207B30708F427C26F5F801B910BA20B29
:106D7000B30BF4CF80910B018F7B11CF80E49CE9A2
:106D80006ECF8131E7E29E0720F09695879522E04D
:106D90006BCF21E02093FF058032910508F066CF8C
:106DA00080E290E063CF9C01369527952C7F215D92
:106DB0003E4AF901A591B491F901329605911491D9
:106DC00087709927809F9001819F300D909F300D93
:106DD0001124F3E036952795FA95E1F7CD01821B52
:106DE000930B64CF4091E2055091E3056091E40577
:106DF0007091E5058091FF0590E0B0E0A0E0841778
:106E00009507A607B70708F470CF8091E6058111B2
:106E100002C083E06BCF809144059091450520919D
:106E2000F9053091FA052817390798F79093FA0574
:106E30008093F905EECF8091E2059091E305A09152
:106E4000E405B091E5054D8D5E8D6F8D78A14817F5
:106E500059076A077B0708F0E3C0C0900306D0908B
:106E60000406E0900506F09006066C887D888E8802
:106E7000AA27C79CB12DD89CF001E89CF00DE79C97
:106E8000E00DF11DC89CB00DE11DFA1FD79CB00D9F
:106E9000E11DFA1FE69CB00DE11DFA1FD69CB10D55
:106EA000EA1FFA1FBB0FEA1FFA1F112420910006E8
:106EB000309101068EAD9FAD2E173F0730F02E1B8F
:106EC0003F0B8217930708F4C90181342CE992071C
:106ED00008F075C08132EEE49E0708F473C0969501
:106EE00087959695879524E02093FF0580978115D7
:106EF00028E0920708F478C0E92FFF27EE0FFF1F64
:106F0000EE0FFF1F9F01215D3A4AF9013296A591CC
:106F1000B491F90125913491B89FF001A89F000C1C
:106F2000E11D1124F11D2E1B3F0BC9012436310533
:106F300010F484E690E090934B0580934A0590937B
:106F4000470580934605C80ED91EE11CF11CC0926E
:106F50000306D0920406E0920506F0920606FE01B2
:106F6000E45BFF4F8081882309F4BFCE8091E20566
:106F70009091E305A091E405B091E5052091FF050E
:106F8000420F511D611D711D481759076A077B0784
:106F900008F4ABCE3596208131813093FA052093E9
:106FA000F9058091E605882309F433CF80914405E3
:106FB000909145058217930708F02BCF37CF80E4D7
:106FC0009CE98DCF8131F7E29F0720F09695879558
:106FD00022E08ACF21E02093FF058032910508F05E
:106FE00085CF80E290E082CFDC01B695A795AC7F9B
:106FF000A15DBE4AFD0125913491FD013296A59116
:10700000B491877099278A9FF0018B9FF00D9A9F0A
:10701000F00D1124A3E0F695E795AA95E1F783CF4B
:1070200080910206882371F080E02091DC05309188
:10703000DD0530934B0520934A0530934705209397
:10704000460554CE8EA99FA981344CE9940708F0D7
:107050004EC081325EE4950708F44CC09695879542
:107060009695879524E02093FF0580978115F8E099
:107070009F0708F451C0E92FFF27EE0FFF1FEE0F07
:10708000FF1F9F01215D3A4AF90132966591749183
:10709000F90125913491789FA001689F000C411D52
:1070A0001124511DC901841B950B8436910510F4E0
:1070B00084E690E09093DD058093DC058091FF05E8
:1070C00080930206FE01E45BFF4F8081882309F470
:1070D000ABCF8091E605882341F0809144059091E3
:1070E00045059093FA058093F90581E09ECF80E4F1
:1070F0009CE9B4CF8131E7E29E0720F09695879511
:1071000022E0B1CF21E02093FF058032910508F005
:10711000ACCF80E290E0A9CF9C01369527952C7FDB
:10712000215D3E4AF90145915491F90132966591EC
:10713000749187709927869F9001879F300D969F45
:10714000300D1124A3E036952795AA95E1F7CA01E1
:10715000821B930BAACFDE01A35BBF4F4D915C91C5
:10716000119770E060E04093D8055093D905609383
:10717000DA057093DB0516969C919093D705982FAE
:10718000927009F4CBCD9091E605992309F4C6CD10
:107190002E173F0708F0C2CD440F551F661F771FFB
:1071A0004093D8055093D9056093DA057093DB05B9
:1071B0001092F705B3CD8093D8059093D905A0938D
:1071C000DA05B093DB0561111BC0F093D605E0939F
:1071D000D505F0934905E09348058091F70587FDB3
:1071E00058C08091FF051091D705288139818113FE
:1071F00035C081E02E173F0708F449C080E047C042
:10720000643028F56F5F6330A9F06695AF0102C066
:10721000569547956A95E2F7BA017093D605609343
:10722000D5058091D5059091D60590934905809319
:107230004805D3CF9F01ABEABAEA0F9414BB41E1F2
:1072400096958795779567954A95D1F7E6CF70E043
:107250006F5F7F4FCF010F943DBBDFCF833009F4C9
:10726000CFC08695A90102C0569547958A95E2F749
:10727000133009F4D3C01695BF0102C07695679507
:107280001A95E2F781E04617570708F0B7CF8093C9
:10729000F7050F94C2124091E2055091E305609109
:1072A000E4057091E505E0910706F09108068089F4
:1072B0009189A289B389481759076A077B0780F02B
:1072C00010920806109207069091FF0D8091000E13
:1072D000981731F08091000E8F5F8F708093000EB1
:1072E0008091E406813049F180915C02882329F184
:1072F0008091A906811121C09091060181E0292F7A
:10730000247092FD80E090910601826097FF03C097
:10731000211113C081E080936C0510925C02609192
:107320004702709148028091490290914A0220E000
:1073300030E040E85FEB0E94C6886091480570919C
:1073400049056115710509F046C040914405509109
:1073500045052091F9053091FA058091F80524172B
:10736000350708F06CC09091D705913041F0421B71
:10737000530B9417150619F010F04093D705909110
:10738000D705891B8093F805882339F087FD53C002
:1073900080910B01806480930B012091D70580912F
:1073A000440590914505821B910990934505809372
:1073B000440520914405309145058091F90590914F
:1073C000FA052817390709F066C08FEF9FEF9093F1
:1073D0004905809348054091F805411161C08091AD
:1073E00048059091490520914A0530914B058F3F02
:1073F000980709F098C030938900209388009EC0B8
:10740000ABEABAEA0F9414BBAB01BC0131E176954B
:107410006795579547953A95D1F72ACF9F01ABEAE3
:10742000BAEA0F9414BB21E19695879577956795F5
:107430002A95D1F727CF80910B018F7BACCF4217D4
:10744000530708F0B6CF9091D705913041F0241B37
:10745000350B9217130619F010F02093D705909171
:10746000D705890F8093F805882339F087FD0FC071
:1074700080910B01806480930B018091D70520914E
:10748000440530914505820F932F911D8ECF809139
:107490000B018F7BF0CF8091D5059091D60597CFCA
:1074A0008091F70587FD0EC0082E000C990B21E096
:1074B00030E06115710511F030E020E0821793078C
:1074C00009F08DCF2091D705672B11F02091FF0592
:1074D000842F042E000C990B97FF03C09195819582
:1074E000910930E0281739070CF4C90147FF17C08C
:1074F00061E04FEF5FEF78E076B99091F805960F75
:107500009093F8052091161830911718240F351F05
:107510003093171820931618815071F760CF6FEFD2
:1075200041E050E0E8CFAC01485D5F4F42175307A0
:1075300008F061CF909389008093880020918800A3
:1075400030918900809184009091850040962817A1
:10755000390748F48091840090918500409690937B
:10756000890080938800FF91EF91DF91CF91BF91C7
:10757000AF919F918F917F916F915F914F913F91CB
:107580002F911F910F91FF90EF90DF90CF908F90F0
:107590007F906F900F900BBE0F900FBE0F901F90BB
:1075A00018959091DE058093DE052FB7F8948091B1
:1075B0006A058B7F80936A052FBF892F089580917C
:1075C0006A052FB7F89490916A059B7F90936A059E
:1075D0002FBF82FB882780F9089590916A05109249
:1075E0006A0581E0911101C080E008959091430502
:1075F0009130A1F028F09230A9F09330C1F00895B5
:10760000811102C00D942A13823011F40D94AD182B
:10761000853009F050C080E00D940813882391F361
:107620008230A1F3853009F046C081E0F5CF882390
:1076300049F3823059F3853071F38630E1F485E007
:1076400027E231E04FB7F894909102019460909353
:1076500002014FBFF9013197F1F74FB7F8949091BC
:1076600002019B7F909302014FBFF9013197F1F71F
:10767000815041F708958730F1F481E00E94FC8940
:1076800084E123E731E04FB7F894909102019460D0
:10769000909302014FBFF9013197F1F74FB7F8947A
:1076A000909102019B7F909302014FBFF9013197A6
:1076B000F1F7815041F708950F931F93CF93DF9314
:1076C0008C01EB019093110E8093100E0F944913CF
:1076D000811104C0D093CB06C093CA06C0910204A6
:1076E00087EF8C0F8230F8F40F940618CA3041F4FB
:1076F00084E080930E0EDF91CF911F910F9108953A
:1077000060E070E080E291E40E94E05F8FE59FE03E
:107710000F9474BA882379F389E0DF91CF911F9198
:107720000F910C94DAF810923A048091E7038111DA
:1077300012C060910A0E70910B0E80910C0E909108
:107740000D0E0F940DBD601B710B6C5F7F4F693088
:10775000710508F060C0C150C83088F5EC2FF0E02A
:107760008827EA54F44C8E4F0D9484BB7301730147
:1077700073014902DD013702B902D502C2ECDCED2A
:107780008091C806882329F082E00F94F63A10927F
:10779000C806209709F4AFCF0F94AE1361E0CE0175
:1077A000DF91CF911F910F910C945D538091C8068A
:1077B000882341F061E081EF92E00E945D53D0E0C8
:1077C000C0E0DECF0F94AE1380910204823019F432
:1077D00081E08093020480910204813031F461E001
:1077E00084E49BE40E947F87EACF833041F761E025
:1077F00089E19EE2F7CFC8E4DCEDC2CF0F94AE136F
:107800000F940BB40F94D918DACFCCEBDCEDB8CFD2
:10781000C6EBDCEDB5CF8091C806882321F08091BE
:10782000B702882349F181E08093C8068093B702AC
:107830000E94906144EE52E363E080E00E94346174
:1078400061E080E00E948760E0910204E150E8304E
:1078500098F4F0E08827E05DF34C8E4F0D9484BBE4
:10786000130213021301130213014702DF02130272
:1078700084E69EE40E944A608091C80681110F94BC
:10788000E9190E94E268882309F435CF1092C806EE
:107890008091E60381110EC01092110E1092100E0D
:1078A0000E949357811104C01092CB061092CA0611
:1078B0000E949B530E949B53DF91CF911F910F9188
:1078C0000D94D9188FE49EE4D5CF8BE39EE4D2CFFC
:1078D00089E29EE4CFCF1092E60360E570E08AEF84
:1078E00090E00D945C3B1092E60370E060E08AEF5C
:1078F00090E00D945C3B1092E6036CE370E087ED42
:1079000090E00D945C3B1092E60365E570E086EE36
:1079100090E00D945C3B1092E60369E670E084E031
:1079200091E00D945C3B1092E6036EE670E083E11B
:1079300091E00D945C3B1092E6036BE470E087ED00
:1079400090E00D945C3B1092E6036AE570E083E101
:1079500091E00D945C3B1092E60364E670E08FEFDB
:1079600090E00D945C3B1092E60364E670E08CEDD1
:1079700090E00D945C3B1092E60364E670E08EEFBD
:1079800090E00D945C3B1092E60362E370E080EFC0
:1079900090E00D945C3B80E00F94F63A0E94DDE9A4
:1079A0000D940618CF92DF92EF92FF92411104C01E
:1079B000209143052230D1F09B016C01F12CE12C88
:1079C000672BC9F49FB7F89480910201846080937B
:1079D00002019FBFC701B6010F94A01F9FB7F89483
:1079E000809102018B7F809302019FBFFF90EF90F7
:1079F000DF90CF900895220F331F50E040E060E009
:107A000074E284EF90E00F9465BB91E0211531059D
:107A100081E04807510544F086E056954795379533
:107A200027958A95D1F793E0215031094FB7F89403
:107A30008091A100887F892B8093A1006091AC0088
:107A40007091AD00269FC001279F900D369F900D2D
:107A50001124509172006FEF70E051FF04C06091EB
:107A6000A8007091A9000F943DBB7093AD00609386
:107A7000AC003093A9002093A8008091720083602D
:107A8000809372004FBFC701B6010F94A01F2FB79C
:107A9000F8948091A100887F85608093A100409137
:107AA000AC005091AD003FEF349FC001359F900D69
:107AB0001124309172006FEF70E031FF04C06091CB
:107AC000A8007091A9000F943DBB7093AD00609326
:107AD000AC008FEF90E09093A9008093A800809174
:107AE00072008C7F809372002FBF78CFCF93C091AC
:107AF0004305C23059F1C13069F48091D405811138
:107B000025C040E070E060E080E590E00F94D23C5A
:107B1000C093D40560ED77E081ED95E00F942D20C2
:107B20008823A1F081ED95E00F94342080914305E6
:107B3000811108C040E070E060E080E590E0CF9106
:107B40000D94D23C80E0CF910D94F63ACF910895F8
:107B50008230B9F08330E9F0813059F080910B0127
:107B6000613029F4816080930B01000008958E7FBD
:107B7000FACF80910B01611102C08260F4CF8D7F3A
:107B8000F2CF80910B01613011F48460ECCF8B7FD8
:107B9000EACF80910B01611102C08064E4CF8F7B3A
:107BA000E2CF8EBD0DB407FEFDCF08958FEF8EBDE1
:107BB0000DB407FEFDCF8EB508958F929F92AF92C0
:107BC000BF92EF92FF920F931F93CF937C01C62F2A
:107BD00049015A01FC019181892F806A86958CBDEB
:107BE00090FD03C081E0963009F480E08DBD9FB721
:107BF000F894809105018F7B809305019FBF8CE2F3
:107C000091E00F94DE7A8C2F80640F94D13D08E1CF
:107C100010E0D501C401002E04C0B695A795979534
:107C200087950A94D2F70F94D13D08501109083F67
:107C3000FFEF1F0771F785E9CC2321F087E8C830F3
:107C400009F08FEF0F94D13DCC3011F40F94D63D55
:107C5000C0E00F94D63DF701828387FF04C0CF3F79
:107C600011F0CF5FF6CFCF911F910F91FF90EF9062
:107C7000BF90AF909F908F9008950F931F93CF93D5
:107C8000DF93EC0189018B81833039F089E0440F67
:107C9000551F661F771F8A95D1F79A01AB0168E1DE
:107CA000CE010F94DD3D882319F086E0888339C02A
:107CB0008EEF8EBDF801C8019E5F0DB407FEFDCFAB
:107CC00020812EBD0DB407FEFDCF21812EBD329641
:107CD000E817F90791F70DB407FEFDCF8FEF0F946A
:107CE000D13D8FEF0F94D13D0F94D63D8A838F7194
:107CF000853099F488E592E00F94DE7A182F87E1B9
:107D00001123A1F220E030E0A9016DE0CE010F9433
:107D1000DD3D882351F086E1C9CF83E188830F944C
:107D2000D57A0F94D57A10E006C00F94D63D811114
:107D3000F2CF0F94D57A812FDF91CF911F910F91C0
:107D40000895CF938091F40EC1E08823A1F0409173
:107D5000EC0E5091ED0E6091EE0E7091EF0E28EF4B
:107D60003EE08091F50E9091F60E0F943D3EC82FA7
:107D7000811104C0C0E08C2FCF9108954091F00E86
:107D80005091F10E6091F20E7091F30E4115510574
:107D90006105710591F028EF3EE08091F50E90911C
:107DA000F60E0F943D3E882329F31092F00E1092A8
:107DB000F10E1092F20E1092F30E1092F40EDBCF31
:107DC0002F923F924F925F926F927F928F929F92EB
:107DD000AF92BF92CF92DF92EF92FF920F931F93D9
:107DE000CF93DF93EC012A013B0169018B81833042
:107DF00039F069E0440C551C661C771C6A95D1F774
:107E000043E0942E560181E0A81A8EEFB80A1601BD
:107E1000EEEF3E1A54E0852E9A94A301920161E19F
:107E2000CE010F94DD3D882379F08882992009F4F2
:107E30007AC00F94D57A20E030E0A9016CE0CE0141
:107E40000F94DD3D1882E8CF0F94D31F8B010F9460
:107E5000D63D8A838F3F91F40F94D31F601B710B23
:107E60006D327140A0F381E188830F94D57A8C81C3
:107E70008823E1F28FEF0F94D13DD8CF8E3F11F0E0
:107E80008FE0F2CF8FEF8EBDD601F6010DB407FE65
:107E9000FDCF9EB591938EBDEA15FB05B9F70DB4E4
:107EA00007FEFDCF8EB5F5018083F12CE12C8D917D
:107EB000EF2DFF27E827EE0FFF1FEA5DF04B8591BE
:107EC0009491FE2CEE24E826F9262A163B0679F733
:107ED0000F94D63D082F10E0102F00270F94D63DA9
:107EE000082B0E151F0519F0F0E2F883BECF0F9492
:107EF000D57ACC81CC23D9F08FEF0F94D13D8C2F44
:107F0000DF91CF911F910F91FF90EF90DF90CF9075
:107F1000BF90AF909F908F907F906F905F904F90A9
:107F20003F902F9008950F94D57AC0E0E8CFC1E03C
:107F3000E6CFCF92DF92EF92FF92CF936B017C015D
:107F4000C42F8091EC0E9091ED0EA091EE0EB091A9
:107F5000EF0E8C159D05AE05BF0501F10F94A13EF6
:107F6000811108C0C0E08C2FCF91FF90EF90DF907F
:107F7000CF90089528EF3EE0B701A6018091F50E5D
:107F80009091F60E0F94E03E882361F3C092EC0EC0
:107F9000D092ED0EE092EE0EF092EF0ECC2321F097
:107FA00081E08093F40EDFCFC1E0DDCF4F925F928E
:107FB0006F927F928F929F92AF92BF92CF92DF92F9
:107FC000EF92FF920F931F93CF93DF93EC01423018
:107FD00051056105710590F480E0DF91CF911F910B
:107FE0000F91FF90EF90DF90CF90BF90AF909F9058
:107FF0008F907F906F905F904F90089589859A85BC
:10800000AB85BC850196A11DB11D84179507A607F8
:10801000B70710F38F898031C9F5852E962EA72ECC
:10802000BB248B899C89AD89BE89880E991EAA1EA6
:10803000BB1E280139016A017B0141E0C501B40181
:108040000F94993F882341F29F89903181F5DD2477
:10805000EE24FF24F601EE0FFF1FE850F14F1183CD
:1080600000839A89923008F4B8CF4D815E816F8188
:108070007885840E951EA61EB71E8092F00E9092F3
:10808000F10EA092F20EB092F30EA7CF803209F05B
:10809000A3CF8B899C89AD89BE894A015B01E7E04A
:1080A000B694A79497948794EA95D1F7BECFE894B5
:1080B000C7F8DD24EE24FF24F601EE0FFF1FEE0FBC
:1080C000FF1FE850F14F4082518262827382C9CF14
:1080D000CF92DF92EF92FF920F931F93CF93DF9394
:1080E000FC0181859285A385B4850196A11DB11DF2
:1080F00084179507A607B70750F480E0DF91CF916A
:108100001F910F91FF90EF90DF90CF900895878996
:108110008031A9F5BB27A72F962F852FC388D48838
:10812000E588F6888C0D9D1DAE1DBF1DE9016A0115
:108130007B018F014091EC0E5091ED0E6091EE0E9F
:108140007091EF0E84179507A607B70749F5F80158
:108150008789803169F5B701A601552766277727FA
:10816000440F551F4850514FFA0180819181B0E072
:10817000A0E088839983AA83BB8381E0BFCF80324C
:1081800009F0BBCFC388D488E588F688DB01CA0133
:10819000C7E0B695A79597958795CA95D1F7C2CFB1
:1081A00040E0BC01CD010F94993F8111D0CFA5CF04
:1081B000B701A6014F77552766277727440F551F2C
:1081C000440F551F4850514FFA0180819181A2817F
:1081D000B381BF70CECF4F925F926F927F92AF927A
:1081E000BF92CF92DF92EF92FF920F931F93CF93A4
:1081F000DF9300D01F92CDB7DEB78C0149835A833D
:108200006B837C835901C12CD12C7601412C82E0F7
:10821000582E612C712C49815A816B817C819E0181
:108220002F5F3F4FC8010F946840882319F1F80170
:108230008585A301920104C0220F331F441F551FDF
:108240008A95D2F7DA01C901C80ED91EEA1EFB1EB3
:1082500049815A816B817C8187898031F1F481E089
:10826000483F5F4F61057105B0F2F501C082D182D0
:10827000E282F3820F900F900F900F90DF91CF91D9
:108280001F910F91FF90EF90DF90CF90BF90AF9034
:108290007F906F905F904F90089581E0483F5F4FCF
:1082A0006F4F7F4008F4B7CFE0CF0F931F93CF936A
:1082B000DF93FC012381222331F080E0DF91CF9115
:1082C0001F910F9108958B01EC01FB01878980318B
:1082D00039F582E08B831D8A1E8A1F8A188E808D55
:1082E000918DB0E0A0E025E0880F991FAA1FBB1F69
:1082F0002A95D1F7898B9A8BAB8BBC8B1A8F098F00
:1083000081E089831C821D821E821F821886198645
:108310001A861B861C861D861E861F86188ACECF4F
:10832000803259F683E08B83428D538D648D758D39
:108330004D8B5E8B6F8B788F9E012F5E3F4FC801F8
:108340000F94EB408111DACFB8CFCF92DF92EF924A
:10835000FF921F93CF93DF93EC01EB81E11109C0F2
:1083600080E0DF91CF911F91FF90EF90DF90CF9051
:108370000895898180FFF4CF488559856A857B857A
:108380009A0131703AA329A3898D9A8D6A017B01E4
:10839000F9E0F694E794D794C794FA95D1F7E230D0
:1083A00079F4FC01828D938DA48DB58D8C0D9D1D6E
:1083B000AE1DBF1D8D8F9E8FAF8FB8A381E0D1CF33
:1083C000FC01148111501C21232B71F411110CC0DC
:1083D000452B462B472B31F58D899E89AF89B88D6A
:1083E0008C839D83AE83BF83E98DFA8D8C819D81C3
:1083F000AE81BF810297A109B109258504C0880F0C
:10840000991FAA1FBB1F2A95D2F7468557856089F9
:108410007189840F951FA61FB71F810F911DA11D84
:10842000B11DC8CF4C815D816E817F819E012C5F23
:108430003F4F0F9468408111D7CF92CF8F929F9278
:10844000AF92BF92CF92DF92EF92FF920F931F9362
:10845000CF93DF93EC018B8181110EC080E0DF911F
:10846000CF911F910F91FF90EF90DF90CF90BF9031
:10847000AF909F908F90089509891A892B893C8924
:10848000041715072607370748F34A015B018230B6
:1084900031F488869986AA86BB8681E0E0CF811474
:1084A0009104A104B10449F41C821D821E821F8222
:1084B000188619861A861B86F0CF088519852A85A5
:1084C0003B85E98DFA8D858590E00996B901A80173
:1084D0004150510961097109082E04C076956795CC
:1084E000579547950A94D2F775016401E1E0CE1AD9
:1084F000D108E108F10804C0F694E794D794C79432
:108500008A95D2F7C416D506E606F70620F0012BA9
:10851000022B032B11F58D899E89AF89B88D8C8331
:108520009D83AE83BF838E010C5F1F4FC114D104A6
:10853000E104F10409F4ADCF4C815D816E817F814E
:108540009801898D9A8D0F94684091E0C91AD108DD
:10855000E108F1088111EACF81CFC41AD50AE60AF1
:10856000F70AE1CF3F924F925F926F927F928F9284
:108570009F92AF92BF92CF92DF92EF92FF920F93B2
:108580001F93CF93DF93CDB7DEB72C970FB6F89438
:10859000DEBF0FBECDBF5C01DC0159968D909C9073
:1085A000F40181859285A385B4859C01AD012F5F7F
:1085B0003F4F4F4F5F4F29873A874B875C87D501E5
:1085C00014964D905D906D907C90179741145104D6
:1085D0006104710409F459C0BFEF4B1A5B0A6B0ABE
:1085E0007B0A312C730162011D821E821F82188654
:1085F000F40181859285A385B4852D813E814F81CB
:108600005885281739074A075B0708F056C089853F
:108610009A85AB85BC858C159D05AE05BF0550F4CC
:1086200082E0C82ED12CE12CF12C92E0492E512C65
:10863000612C712C9E012F5F3F4FB701A601C40131
:108640000F9468408823C9F189819A81AB81BC81EC
:10865000892B8A2B8B2B01F1260137019FEF491AB9
:10866000590A690A790A2D813E814F8158852F5F09
:108670003F4F4F4F5F4F2D833E834F8358873FEFD0
:10868000C31AD30AE30AF30AB3CF40805180628051
:10869000738033243394A6CFC414D504E604F704BE
:1086A00011F70FEF1FEF2FEF3FE0B701A601C40155
:1086B0000F94D63F782E81111AC0712C872D2C96DD
:1086C0000FB6F894DEBF0FBECDBFDF91CF911F91E3
:1086D0000F91FF90EF90DF90CF90BF90AF909F9061
:1086E0008F907F906F905F904F903F900895F5012D
:1086F0004481558166817781411551056105710578
:1087000039F097018601C4010F94D63F8823A9F25E
:10871000D5011496CD92DD92ED92FC9217973320FD
:1087200051F0D701C6010196A11DB11DF40180834E
:108730009183A283B383F50185899689A789B08D3A
:10874000892B8A2B8B2B09F0B9CFC58AD68AE78A69
:10875000F08E818180688183B1CFCF93DF93EC016C
:10876000462F41706C857D858E859F850F94993F3E
:10877000882351F0888920E2829FC001112488500B
:10878000914FDF91CF91089590E080E0FACFCF93A1
:10879000DF93EC018B81882349F1898187FF22C017
:1087A00061E0CE010F94AD43FC01892BF9F080818B
:1087B000853EE1F08B81823040F489899A89AB89CA
:1087C000BC89848F958FA68FB78F8D899E89938F53
:1087D000828F8D899E89AF89B88DB58BA48B898155
:1087E0008F778983DF91CF910D94A13E81E08883BB
:1087F00080E0DF91CF910895CF93DF93EC010F9448
:10880000C7431B82DF91CF910895CF93DF93EB0194
:10881000FC012381211104C080E0DF91CF910895F4
:108820002250223028F48FE28883198281E0F5CF2C
:1088300060E00F94AD43009779F3DC0160E080E0E5
:108840009EE22D91203299F0883031F49E01260F5E
:10885000311DF90190836F5F9E01260F311DAD011F
:1088600041505109FA014081F90140836F5F8F5FE8
:108870008B3039F7FE01E60FF11D1082D7CF2F9212
:108880003F924F925F926F927F928F929F92AF92A0
:10889000BF92CF92DF92EF92FF920F931F93CF93ED
:1088A000DF9300D01F92CDB7DEB79C838B834B0143
:1088B0007A01DC0113968C91811119C08FEF9FEF23
:1088C0000F900F900F900F90DF91CF911F910F910C
:1088D000FF90EF90DF90CF90BF90AF909F908F90E0
:1088E0007F906F905F904F903F902F900895EB8115
:1088F000FC81818180FFE2CF01891289238934893B
:108900004085518562857385C701B0E0A0E02801EC
:108910003901441A550A660A770A84159505A60591
:10892000B70518F07801E41AF50A67018B819C817C
:1089300004969A838983612C32E0732EC114D1048A
:1089400009F4B7C0AB81BC8118964D915D916D91D2
:108950007C911B975A01B1E0BB22EB81FC81818D98
:10896000928D1A012B0129E056944794379427944D
:108970002A95D1F72381223091F5DC015A966D9129
:108980007D918D919C915D97620D731D841D951D48
:1089900083010A191B09C016D10608F486010115C6
:1089A000B2E01B0771F42091EC0E3091ED0E409176
:1089B000EE0E5091EF0E621773078407950709F0CA
:1089C00059C040E00F94993F882309F477CFB5014F
:1089D0006850714FA801C4010F949DC057C0FC019D
:1089E000148111501221A114B10481F411110EC08F
:1089F000452B462B472B79F5EB81FC8185899689A0
:108A0000A789B08D84839583A683B783AB81BC810E
:108A10005996ED91FC915A9714966D917D918D9197
:108A20009C9117976250710981099109258504C0AD
:108A3000660F771F881F991F2A95D2F726853785DD
:108A400040895189620F731F841F951F610F711D2B
:108A5000811D911D9DCFAB81BC8114964D915D917F
:108A60006D917C91179729813A810F94684081110B
:108A7000CDCF24CF9401AB01BC018091F50E909134
:108A8000F60E0F94E03E882309F418CF800E911E55
:108A9000EB81FC8180859185A285B385800F911F34
:108AA000A11DB11D80879187A287B387C01AD10A03
:108AB00045CFC70105CFDF92EF92FF920F931F932F
:108AC000CF93DF938C01EB017A018DE0D82E40E249
:108AD00050E0BE01C8010F943F448032910571F00F
:108AE00021E0892B09F420E0822F8195DF91CF913D
:108AF0001F910F91FF90EF90DF900895288122231E
:108B000009F43FC0253E19F32E3209F33B853F732C
:108B10003F3099F5E114F10481F14A8D5B8D452BCD
:108B200061F52F713FEF320F343038F52150330BA0
:108B3000D29EC001D39E900D1124F701E80FF91FBA
:108B4000298120832B8121832D8122832F812383DF
:108B5000298524832E852583288926832A892783AE
:108B60002C8920872E892187288D22872C8D238789
:108B70002E8D2487288126FD15862B8523FDA7CFE2
:108B8000B5CF80E0B3CF4F925F926F927F92AF925A
:108B9000BF92CF92DF92EF92FF920F931F93CF93EA
:108BA000DF931F92CDB7DEB78C017B015A01C22E35
:108BB000DB0159968D919C91F801928F818FCB01A9
:108BC0000E94406E712CF70180859185A285B38546
:108BD000418952896389748984179507A607B70765
:108BE00008F052C055E0B695A795979587955A9588
:108BF000D1F7F82FFF70DF2ED70113968C918230BA
:108C000010F480E0DBC041E050E0BE016F5F7F4FB9
:108C1000C7010F943F440197A1F7F7018085918523
:108C2000A285B3854F96A11DB11D80879187A2872C
:108C3000B387F0E2DF9EB00111246850714F6115D7
:108C40007105F9F2DB018C91882341F0853E09F032
:108C50004CC0772029F077247394B5CF71100EC0E3
:108C60008091EC0E9091ED0EA091EE0EB091EF0E72
:108C7000F80184879587A687B787D08ADB018C9116
:108C80008111E9CF772473948C2D8274823409F09A
:108C9000B8CF772009F4A2C0F801D08861E0C801FC
:108CA0000F94AD43009709F4ACCF20E2DC011D9294
:108CB0002A95E9F72BE0F501DC0101900D922A9548
:108CC000E1F721E238E2FC01318B208B40E058E0F3
:108CD00057874687338B228B318F208F578B468B5C
:108CE0000F94A13E811109C08CCF4BE050E0C5012B
:108CF0000F9490C0892B09F066CFF0E2DF9ED0017F
:108D000011249D012850314FF9018385817121F093
:108D10008C2D827109F0FCC0F801818D928D4091FB
:108D2000EC0E5091ED0E6091EE0E7091EF0E4487B7
:108D3000558766877787D08AFD01E850F14F4488D0
:108D40005588712C612C320155244424D801559644
:108D50004D925D926D927C925897428D538D70E04A
:108D600060E0442955296629772955964D935D93EE
:108D70006D937C935897D9011B962C91287109F01B
:108D8000B9C0848D958DA68DB78DF801818B928B9E
:108D9000A38BB48B81E083838C2D8F70F80181834A
:108DA0001482158216821782108611861286138607
:108DB00081E0C4FE03C0C8010F94E57D0F90DF91F0
:108DC000CF911F910F91FF90EF90DF90CF90BF90C8
:108DD000AF907F906F905F904F900895D70113965A
:108DE0008C911397823009F40CCF51968D919D91FF
:108DF0000D90BC91A02D803E9F4FAF41B10508F072
:108E000000CFC7010F94B242882309F4FACE0F9421
:108E1000A13E882309F4F5CED7015996ED91FC9136
:108E20005A9714964D905D906D907C901797B2E094
:108E30004B1A510861087108858504C0440C551C03
:108E4000661C771C8A95D2F786859785A089B1899B
:108E5000480E591E6A1E7B1E81E08093F40E4092DC
:108E6000EC0E5092ED0E6092EE0E7092EF0EE8EF67
:108E7000FEE080E092E0DF019C011D922150304035
:108E8000E1F7DD24D394D7015996ED91FC918481CB
:108E9000D81698F428EF3EE0B301A2014D0D511D04
:108EA000611D711D8091F50E9091F60E0F943D3E5F
:108EB000882309F4A6CED394E6CF258580E092E0FE
:108EC000A0E0B0E004C0880F991FAA1FBB1F2A951D
:108ED000D2F7F7014189528963897489840F951FFC
:108EE000A61FB71F818B928BA38BB48B88EF9EE05C
:108EF000D12CDBCE203161F498012F5E3F4F0F94CF
:108F0000EB40882329F084E0D80113968C9344CF5A
:108F1000D80113961C9275CECF939091120E99237F
:108F200009F4F6C0C82F873009F4BEC008F046C067
:108F3000833009F4EDC080F5813009F488C008F46D
:108F400060C08BE70E944B6E83E00F941B180F9458
:108F500017188DE70E944B6E0E94566FC3E0C093B6
:108F6000D00581E08093B5028091EB14811105C09A
:108F700080910204882309F478C08BE70E944B6E2D
:108F800084E00F941B180F94171884E08093D00589
:108F900081E08093B5021EC0853009F471C088E17C
:108FA0009FE4C63008F46EC081E09FE40E945E6FCB
:108FB0000F94171888E08093D00574C0863109F4A7
:108FC0009BC070F4843109F480C008F089C08830F7
:108FD00009F472C08DE70E944B6ECF910C94566FCE
:108FE0008B3509F491C030F481E3CA3599F70F94B9
:108FF0002818F0CF8C3509F489C084E3CD35B9F356
:10900000E9CF8091BF02843021F48FE00F94302F9C
:10901000E1CF0E949357882311F08EE0F7CF809123
:10902000EB14811104C080910204882311F084E0C4
:10903000EDCF8BE70E944B6E81E00F941B180F94CD
:1090400017180F94C81881E08093D005C3CF8BE721
:109050000E944B6E82E00F941B180F94171882E049
:109060008093D005C093B502B5CF8BE70E944B6EBD
:1090700083E00F941B180F941718C093D00588CF66
:109080008AE09FE40E945E6F60E070E0CB010E9486
:10909000C46E8DE50E944B6E8091D0050F941B1815
:1090A0000F94171882E075CF88EF9EE40E945E6FE0
:1090B0000F94171889E07FCF8FEE9EE40E945E6FB9
:1090C0000F9417181092D005EDCF8BE70E944B6ECE
:1090D0008091D0050F941B180F94171884E059CF76
:1090E0008BE70E944B6E0F9470180F9417188091A5
:1090F000D0050F941B186ECF86EE9EE40E945E6F23
:109100000F94171885E0A0CF82E371CF83E36FCF70
:10911000CF910895CF92DF92EF92FF920F931F931A
:10912000CF93DF9300D000D01F921F92CDB7DEB750
:109130008091E6069091E7060097E1F120913902CF
:1091400030913A02243631054CF4AC01420F531FE2
:10915000453651056CF4820F931F0CC0243631053F
:1091600009F455C0AC01420F531F443651059CF71A
:1091700084E690E090933A0280933902809139021C
:1091800090913A0282179307A9F0883E53E0950721
:1091900014F087EE93E08A30910514F48AE090E0B1
:1091A00090933A02809339021092E7061092E606F5
:1091B0000E94DC548091B70281111092B706109181
:1091C000B706112391F12FEF210F2093B70680915D
:1091D000310481110DC00E94E268882349F0109289
:1091E000560460E08DED91ED0E945D530E94C464D1
:1091F00028960FB6F894DEBF0FBECDBFDF91CF919A
:109200001F910F91FF90EF90DF90CF9008958B30DA
:1092100091051CF0865A9F4FADCF863F4FEF9407C4
:109220000CF0ACCF82599F4FA5CF6AE06093B70690
:109230008091B6068F5F8093B6068E3109F09FC08D
:109240001092B6060E94C46410927D050E941460BC
:109250000E9489616091100E7091110E072E000C12
:10926000880B990B0F9402B520E030E040E05FE3FB
:109270000F949CBB0F940DBD6B0120E030E040E0EB
:109280005FE360910A0E70910B0E80910C0E90912D
:109290000D0E0F949CBB0F940DBDA60182E80F9498
:1092A000CB1983E00E94556080911E07813009F040
:1092B0006EC082EA9AE40E944A6061E080E00E9407
:1092C00087606091CA067091CB06072E000C880B50
:1092D000990B0F9402B520E030E040E05FE30F947B
:1092E0009CBB0F940DBD6B0120E030E040E05FE3DC
:1092F00060914D0570914E0580914F0590915005FC
:109300000F949CBB0F940DBDA60180E80F94CB1960
:1093100083E00E94556080913A028F9380913902D8
:109320008F938BEA9AE49F938F930E94386098E022
:10933000981B892F0E94556062E080E00E94876040
:109340000F900F900F900F9080916D05E090EB14AF
:1093500081113EC02EEBC22E2AE4D22EE1103CC079
:1093600082ECC82E8AE4D82E0E94EF57F82E88236C
:10937000D9F18091AC028F3F89F5F12C35C00F9463
:109380002FBB911163CF80E00E9483645DCF8091F9
:10939000EB068823D9F080E21F928F938091F70625
:1093A0008F938091F6068F938091F5068F9380912D
:1093B000F4068F9389E99AE49F938F930E94386013
:1093C0000FB6F894DEBF0FBECDBF77CF8FE3E4CFEB
:1093D00096ECC92E9AE4D92EEE2031F28091410408
:1093E000FF24F394882399F181EA9DE00F9474BAE5
:1093F000082F0E94636D87FD2AC0081741F19BE08A
:109400000902B0011124675B724F47E050E08E0102
:109410000F5F1F4FC8010F9464BA18861F930F93F4
:109420008AE59FE59F938F930E9438600F900F907D
:109430000F900F9080911514813009F062C00F9445
:109440009A1995E0981B892F0E94556067C0E1101A
:1094500004C08091F90381114AC0DF92CF9286E562
:109460009FE59F938F930E9438600F900F900F900D
:109470000F908091FF03811104C08091AC0285366A
:10948000F0F18091AB028536D0F180917E17882370
:1094900019F18091F8179091F917A091FA17B091EE
:1094A000FB170097A105B105B9F0BC01CD016D59BD
:1094B0007F4F8F4F9F4F24E630E040E050E00F9405
:1094C000E7BA6091FF177091001880910118909190
:1094D00002180F94E7BA122F212F30E088EB9AE49C
:1094E000F11002C082EB9AE43F932F939BCF81E06F
:1094F0000E94556082EB96E00E94F167BACF182F68
:10950000EBCF8091120E882309F4ACC08AEC9AE468
:109510009F938F930E9438600F900F900E94EF5797
:10952000882309F4BCC08091FF03882309F49CC000
:10953000C090B302D090B402E090B102F090B202B9
:109540008091B5068A3011F41092B5068091B50667
:109550008F5F8093B5062FEFE216F20621F0970198
:1095600013E4863070F43FEFC316D30609F085C0CC
:109570000F94FE2E2CE330E040E050E00F94E7BA69
:1095800010E24091390250913A024436510509F4F3
:1095900077C0C216D30621F0E216F30609F070C0B8
:1095A000A4E6B0E00F9414BB9A01550F440B550B81
:1095B0000F94E7BA4FE3E42E042E000CFF08E12FCE
:1095C000012E000CFF0BC9016CE370E00F943DBB52
:1095D0002037374108F056C0FF924F93FF931F93F7
:1095E0009F938F937F936F938BED9AE49F938F93C9
:1095F0000E9438600FB6F894DEBF0FBECDBF98E072
:10960000981B892F0E94556063E080E00E9487606C
:109610000F94FA208091120E8823C1F08091B50238
:10962000815009F45CC08093B5028091B502853009
:1096300009F45CC0883051F485E10F948C47809127
:109640000204882319F086E10F948C4780910E0E56
:10965000882309F4BCCD8091060E8111B8CD0F94FA
:109660005705B5CD85E0F0CEC090AF02D090B002E6
:10967000E090AD02F090AE0263CF960112E581CF8B
:1096800040E299CFFF924F93FF931F937F936F9385
:1096900080ED9AE49F938F930E943860ABCF85EA68
:1096A0009DE00F9482BABC0190E080E00F9400B579
:1096B00020E030E04AE754E40F949BBC9F938F93E3
:1096C0007F936F938FE59FE59F938F930E94386000
:1096D0000F900F900F900F900F900F9090CF8AE007
:1096E0008093B50280E00F948C479FCF8091EB145C
:1096F000882309F4ABCF84E1A7CFCF93DF93909178
:109700007005911121C0C62FD82F882311F186E052
:109710009DE5662311F084E19DE563E00E94CAEDBA
:1097200088E195E70E945E6F83EE9CE5C11102C05F
:1097300081EC9CE50E94857180E00F948C478AE55E
:10974000D1118BE50F948C4780E0DF91CF910C9481
:10975000E2718DE99CE5662311F08DEA9CE563E0FA
:109760000E94CAED88E195E70E945E6F84E89CE55F
:10977000C111E0CF8CE69CE5DDCF2F923F924F9256
:109780005F926F927F928F929F92AF92BF92CF9291
:10979000DF92EF92FF920F931F93CF93DF93CDB79A
:1097A000DEB7E0970FB6F894DEBF0FBECDBF6A8775
:1097B0007B878C879D871A013AA729A70F948D254F
:1097C00010923E0229A53AA53093AE062093AD062D
:1097D0001092B0061092AF060F94D31F6E837F8352
:1097E0008887998737FEFFC03DE23F8F0F94D31FD4
:1097F0006CA37DA38EA39FA386E39AE512141304A2
:109800000CF48AC283E29AE50E9485716A857B85A1
:109810008C859D850F940DBD2FE72114310409F42B
:10982000E5C0209383067093CB066093CA068E81B1
:109830009F81A885B9858E879F87A88BB98B88A3C0
:1098400099A3AAA3BBA31A8A90E49B8BACE1AC8B2F
:10985000B6E4BD8B1E8A1F8A188E198E6FE7C62E3E
:10986000D12CE12CF12C00E010E018AA1FA61D82DB
:109870002FE730E040E050E029833A834B835C835C
:109880001B8E1C8E1D8E1E8E31E03A8FA895409146
:10989000680648A7442309F42CC20F94F228211427
:1098A000310409F0AAC000910A0E10910B0E5091DC
:1098B0000C0E58AB80910D0E8FA72E893F89488DD5
:1098C000598DB80188A99FA50F9491BC87FD06C04A
:1098D0000E8B1F8BB8A9B88F2FA5298F2A893B899A
:1098E0004C895D89B80188A99FA50F9425BE1816DB
:1098F00034F00A8B1B8B38A93C8B4FA54D8B0F94F2
:10990000D31F2CA13DA14EA15FA1621B730B840B41
:10991000950B653C79408105910540F00E94B36C40
:109920000F94D31F6CA37DA38EA39FA34A8D4423C2
:1099300009F44CC02A853B854C855D85B80188A912
:109940009FA50F9425BE18160CF0D3C10F94D31FFA
:109950002E853F8548895989621B730B840B950BB3
:10996000693873418105910508F4C3C1D701C60167
:1099700029813A814B815C81821B930BA40BB50B2F
:10998000B595A795979587952114310409F440C0A2
:10999000809383060F94D31F6E837F838887998774
:1099A000DC01CB012E853F8548895989821B930BA9
:1099B000A40BB50B8B8F9C8FAD8FBE8F3A853E8BE2
:1099C0004B854F8B5C85588F8D85898F2A853B858C
:1099D0004C855D85B80188A99FA50F9491BC87FD32
:1099E0001AC01A8E86C14AE04F8F00CF20937505AA
:1099F0007093110E6093100E1ACF00914D051091C7
:109A00004E0590914F0598ABA0915005AFA755CF4B
:109A100080937505BFCF0F94D31F2E813F8148855A
:109A20005985621B730B840B950B69387341810553
:109A30009105B8F20F94D31F6E877F87888B998B1F
:109A40008091AF069091B006181619060CF02CC143
:109A50008E859F85A889B9892E813F814885598542
:109A6000821B930BA40BB50B4B8C5C8C6D8C7E8C8A
:109A7000480E591E6A1E7B1E2B8D3C8D4D8D5E8DB2
:109A8000281B390B4A0B5B0B69817A818B819C8186
:109A90000F94D7BAA30192010F9465BBDA01C901F3
:109AA0008C0D9D1DAE1DBF1D84319105A105B10515
:109AB0000CF43CC16C017D013CEEC316D104E10401
:109AC000F1042CF04BEEC42ED12CE12CF12C80387B
:109AD0009105A105B1050CF437C18EEF90E0A0E02F
:109AE000B0E08C199D09AE09BF0989839A83AB83C5
:109AF000BC838BE19AE50E945E6FC701B6010E94AC
:109B0000C46E86E19AE50E945E6F69817A818B81DD
:109B10009C810E94C46E8FE09AE50E945E6F42E0D5
:109B20006A897B898C899D890E94E06E88E09AE52C
:109B30000E945E6F6E897F89888D998D0F94CA7A95
:109B40008091AF069091B00603970CF4ADC0698187
:109B50007A818B819C810F9402B520E030E040E84F
:109B600050E40F9441B54B015C012A893B894C8933
:109B70005D896E897F89888D998D0F949BBB20EDBF
:109B80003FE049E450E40F9441B520E030E040E08C
:109B90005FE30F9441B59B01AC01C501B4010F9483
:109BA0009BBC4B015C01C301B2010F9402B520E0E4
:109BB00030E04AE754E40F949BBC2B013C0182E067
:109BC0009AE50E945E6F42E0C501B4010E94E06E1A
:109BD0008CEF99E50E945E6FC301B2010F94CA7ABF
:109BE0002AE939E949E15FE3C501B4010F9441B5C0
:109BF0004B015C018092510490925204A092530454
:109C0000B0925404AC019B010F949CBBA301920140
:109C10000F949BBC60934D0470934E0480934F044B
:109C200090935004A3019201C501B4010F9441B572
:109C300020E030E040E05EE30F9441B560934904DA
:109C400070934A0480934B0490934C048EEE99E5F4
:109C50000E94857188EE99E50E945E6F60915104C3
:109C60007091520480915304909154040F94CA7AD5
:109C700082EE99E50E945E6F60914D0470914E04F2
:109C800080914F04909150040F94CA7A8CED99E51D
:109C90000E945E6F6091490470914A0480914B0468
:109CA00090914C040F94CA7A89819A81AB81BC81CE
:109CB0008C0D9D1DAE1DBF1DB595A79597958795DC
:109CC0002114310409F445C0809383068091AF06C6
:109CD0009091B00601969093B0068093AF063A85B6
:109CE0003A8B4B854B8B5C855C8B8D858D8B98A5DA
:109CF0009A8F20E030E040EF51E46A857B858C85C7
:109D00009D850F949CBB980148A95FA50F9491BCB9
:109D100087FF22C082EB99E50E94857181E08093E4
:109D20003E021092B0061092AF0698C034E1C32EE6
:109D3000D12CE12CF12C24E130E040E050E02983EB
:109D40003A834B835C83D5CEC982DA82EB82FC8274
:109D5000D0CE80937505BACF0F94D31F28A139A117
:109D60004AA15BA1621B730B840B950B613D77408D
:109D70008105910558F1A0908306B12C8FEA99E5F1
:109D80002114310429F4A0907505B12C8CEA99E5D1
:109D90000E945E6F42E0B80188A99FA50E94E06E14
:109DA00088EA99E50E945E6FC5010F945D7C4D8144
:109DB000442309F46CC05F8D451770F54F5F4D83E8
:109DC0000F94D31F68A379A38AA39BA30F94D31FD7
:109DD0004B015C010F94D31F4E805F8068847984AF
:109DE0002E853F8548895989420E531E641E751E73
:109DF00084189508A608B708860E971EA81EB91ED7
:109E000031E883163FE4930632E1A306B10408F477
:109E100047C08BE899E580CF8D819F8D8913D0CF86
:109E20008F5F8D832BA53CA54DA55EA5B80188A9A4
:109E30009FA50F949BBB9F7720E030E040EA50E461
:109E40000F9491BC87FFBCCF632D661F6627661FEA
:109E500080E00F947D4B81E080933E02E0960FB648
:109E6000F894DEBF0FBECDBFDF91CF911F910F9150
:109E7000FF90EF90DF90CF90BF90AF909F908F902A
:109E80007F906F905F904F903F902F9008950BA719
:109E90001CA7A8A9ADA7BFA5BEA721E02D8390CF81
:109EA0008091AF069091B00649A55AA54817590769
:109EB0001CF48FE299E530CF80E00E942660E6CC6A
:109EC0006F927F928F929F92AF92BF92CF92DF92CA
:109ED000EF92FF920F931F93CF93DF931F92CDB713
:109EE000DEB7A89580916806882309F4B9C00F945D
:109EF000F22880919F0680FF4FC010918F13009130
:109F00009013B0909113A0909213CE0101960F94EC
:109F10000F28C0909B06D0909C06E0909D06F09084
:109F20009E06CE0101960F940228AF92BF920F9326
:109F30001F9321E73DE34AE85EE3C701B6010F94B2
:109F40009BBC9F938F937F936F938DED9AE59F9327
:109F50008F930F9436B990919F060FB6F894DEBF99
:109F60000FBECDBF80913D0291FF91C09091A102A3
:109F7000992309F485C0882369F061E08DE69CE4AB
:109F80000E94CAED9FB7F89480910201846080938B
:109F900002019FBF1092A10280917A05882389F067
:109FA00080917A05829586958770843008F082C00A
:109FB000823008F025C1882309F4F9C0813009F402
:109FC00094C00E94C97F80919A06882309F448C0F2
:109FD00080918F0670909906871509F441C0CE01D3
:109FE00001960F940F2800918E0610918F066090B5
:109FF0009006C0909106D0909206E0909306F09063
:10A0000094068090950690909606A0909706B09042
:10A010009806CE0101960F94022810939906BF92DC
:10A02000AF929F928F92FF92EF92DF92CF921F9208
:10A030006F92802F000F990B01969F938F93812F22
:10A0400087198150990B9F938F9380E69AE59F9390
:10A050008F930F9436B90FB6F894DEBF0FBECDBF05
:10A060000F90DF91CF911F910F91FF90EF90DF90B4
:10A07000CF90BF90AF909F908F907F906F900895FA
:10A08000882309F489CF84E08093000185CF9091E3
:10A090009F069E7F90939F06882341F09FB7F89478
:10A0A000809102018B7F809302019FBF81E08093AA
:10A0B000A10272CF843009F084CF80917A0581FFAC
:10A0C000BCC080917005811104C088EC9AE50E94A3
:10A0D000857181E00E94E2719FB7F894809102013E
:10A0E0008460809302019FBF6CCF80917A05869532
:10A0F000869583708130F1F158F0823009F061CF9C
:10A1000080917005811117C061E08AE89AE53DC031
:10A1100080917A0581FF13C060917A056295617024
:10A1200080917005811107C086E79AE50F9472222D
:10A130008CE50F948C4780E00E94E27142CF6091E1
:10A140000805709109056B5F7F4F072E000C880B87
:10A15000990B0F9402B58B019C0140910A0E50910E
:10A160000B0E60910C0E70910D0E8DE992E00F9424
:10A17000371827CF80917A0581FF0AC0809170053A
:10A180008111D9CF61E08EE79AE50F947222D3CF87
:10A1900040914D0550914E0560914F0570915005CD
:10A1A00000E010E020E731E489E992E0E0CF80911F
:10A1B0007A058695869583708130D1F058F082308B
:10A1C00009F0FFCE809170058111B5CF61E08AEA78
:10A1D0009AE5DBCF60917A05629561708091700598
:10A1E0008111A9CF86E99AE50F9472228DE5A1CF5E
:10A1F0008091700581119FCF61E08EE99AE5C5CF0E
:10A2000080917A05869586958370823008F0D9CE44
:10A2100080917A0586958695837090917A059295BE
:10A220009695977061E0813009F060E081E09230AE
:10A2300009F080E00F947D4BC4CE10927A059FB751
:10A24000F894809102018B7F809302019FBF8091DF
:10A25000CA069091CB06892B39F48091140690E0C0
:10A260009093CB068093CA0686EB9AE50E9485718F
:10A27000A8CE0F94604F0E946A7F0E9462710E9474
:10A28000C97F80E00C9426606091100E7091110ED1
:10A2900065507109072E000C880B990B0F9402B5BD
:10A2A0009B01AC0160910A0E70910B0E80910C0E17
:10A2B00090910D0E0F9491BC87FF07C080917A0595
:10A2C000811103C00F943951DFCF0895CF92DF92EF
:10A2D000EF92FF927C010F94D31F9B01AC012E0DD6
:10A2E0003F1D411D511D69017A010F94D31F6C154B
:10A2F0007D058E059F0538F480917A05811103C094
:10A300000F943951F2CFFF90EF90DF90CF900895E6
:10A31000CF93DF9300D01F92CDB7DEB79091FF0DA2
:10A320008091000E981709F446C00F94604F8091F9
:10A330003B02843038F081E00E943E8A80E00E9437
:10A340002660ECCF19821A821B821C82AE014F5FFD
:10A350005F4F6FE60F943E1C89819A81AB81BC816F
:10A360009370AA27BB2740912C0450912D04609133
:10A370002E0470912F04840F951FA61FB71F809382
:10A380002C0490932D04A0932E04B0932F0480915D
:10A39000280490912904A0912A04B0912B040196DD
:10A3A000A11DB11D8093280490932904A0932A0431
:10A3B000B0932B04B3CF0F900F900F900F90DF91BD
:10A3C000CF9108952091ED123091EE12BC01C90198
:10A3D0008D5F9E4E0F947BB89C019093CF05809328
:10A3E000CE0581E0232B09F480E0089588E19EE00A
:10A3F0000FB6F894A895809360000FBE909360000C
:10A400009FB7F894809102018460809302019FBFFE
:10A410000E94906142EB59E461E080E00E94346167
:10A42000FFCF6091FF0D9091000E30E020E08EE6AE
:10A43000961761F0899FF0011124E557F84F40818C
:10A440005181240F351F9F5F9F70F2CFC90108957E
:10A450003091FF0D2091000E321791F0E091FF0D29
:10A46000E11101C0E0E1E1502EE6E29FF00111248C
:10A47000E557F84F20813181820F931F91838083AC
:10A4800008958F929F92AF92BF92CF92DF92EF92F8
:10A49000FF920F931F93CF93DF93C0916D02D091E2
:10A4A0006E028DE1E82E8EE0F82E01EB15E06E01D4
:10A4B00080E1C80ED11C6991799189919991F70138
:10A4C00081909190A190B1907F010F9400B5A5016A
:10A4D00094010F9441B50F9414BDF80161937193E9
:10A4E000819391938F01CC15DD0529F7DF91CF91F1
:10A4F0001F910F91FF90EF90DF90CF90BF90AF90A2
:10A500009F908F9008958091E40681110EC08DE296
:10A510009EE09093700280936F028DE39EE0909393
:10A520006E0280936D020D9441528130E1F785EB0C
:10A530009EE09093700280936F0285EC9EE0EFCFD7
:10A54000FC01408151816281738140933E055093AB
:10A550003F0560934005709341052091290E30918D
:10A560002A0E40912B0E50912C0E608171818281B8
:10A5700093810F9441B50F94D9BEEDEFF6E0648757
:10A580007587868797878FB7F89444855585668544
:10A5900077854093190750931A0760931B077093B0
:10A5A0001C078FBF0895FC01408151816281738136
:10A5B00040933A0550933B0560933C0570933D05ED
:10A5C0002091250E3091260E4091270E5091280E95
:10A5D00060817181828193810F9441B50F94D9BEBE
:10A5E0006093050770930607809307079093080709
:10A5F0000D94818F2F923F924F925F926F927F9234
:10A600008F929F92AF92BF92CF92DF92EF92FF9282
:10A610000F931F93CF93DF93CDB7DEB7C558D10902
:10A620000FB6F894DEBF0FBECDBF69A37AA38BA38C
:10A630009CA32DA33EA34FA358A7A896ECAEFDAEB6
:10A640000EAF1FAFA897AA96DFAECEAEAA9789AA83
:10A6500099AEADAEBDAAC556DF4F08811981CB5961
:10A66000D0408091FF0D8F5FA1968FAFA197803171
:10A6700019F4A1961FAEA1978091000EA1962FAD5F
:10A68000A19782130FC00F94604F80E00E943E8A12
:10A6900080E00E9426608091000EA1963FADA197B8
:10A6A000831789F34091060EA2964FAFA2974423D9
:10A6B00011F180E495E70E945E6F85EA99E40E94BB
:10A6C0008571CB57DF4F0FB6F894DEBF0FBECDBFFD
:10A6D000DF91CF911F910F91FF90EF90DF90CF907E
:10A6E000BF90AF909F908F907F906F905F904F90B2
:10A6F0003F902F9008959091FF0D292E312C8EE6DA
:10A70000989FD0011124A496BFAFAEAFA497CD01FE
:10A71000815E984FFC01E95BFF4F108284599F4F87
:10A72000FC01118210820115110511F40D94EE5DEA
:10A7300080E1F801A958B84F01900D928A95E1F790
:10A740008EE6829D8001839D100D1124015E184FBD
:10A75000F801E859FF4FC356DF4F88819981CD59E1
:10A76000D0409183808306591F4F6091B902709148
:10A77000BA028091BB029091BC020F9414BDD80123
:10A780006D937C9380911D058823A9F01092090791
:10A7900010920A0710920B0710920C0710923E05B8
:10A7A00010923F05109240051092410510921D0530
:10A7B00081E080931C05BE016B5D7F4FCE018196C9
:10A7C0000E94435BC9A0DAA0EBA0FCA020911D0E63
:10A7D00030911E0E40911F0E5091200EC701B60100
:10A7E0000F9441B50F94D9BEC258DF4F6883798367
:10A7F0008A839B83CE57D0408DA09EA0AFA0B8A4E3
:10A800002091210E3091220E4091230E5091240E62
:10A81000C501B4010F9441B50F94D9BECE57DF4F97
:10A82000688379838A839B83C258D04080911D14AA
:10A83000882311F40D94F55DA5019401C701B601BB
:10A840000F94067BA8962CAD3DAD4EAD5FADA8979D
:10A850000F949CBB2091250E3091260E4091270E1F
:10A860005091280E0F9441B50F94D9BEE6966CAF67
:10A870007DAF8EAF9FAFE697AA96EEADFFADAA97DC
:10A8800080809180A280B3802091290E30912A0E81
:10A8900040912B0E50912C0EC501B4010F9441B57F
:10A8A0000F94D9BEAE966CAF7DAF8EAF9FAFAE9713
:10A8B0008091090790910A07A0910B07B0910C07AE
:10A8C000AE964CAC5DAC6EAC7FACAE97481A590AF4
:10A8D0006A0A7B0A8091FD069091FE06A091FF0610
:10A8E000B0910007C258DF4FC880D980EA80FB8052
:10A8F000CE57D040C81AD90AEA0AFB0A809101074C
:10A9000090910207A0910307B0910407CE57DF4F43
:10A91000288139814A815B81C258D040281B390B7C
:10A920004A0B5B0B29A73AA74BA75CA780910507A9
:10A9300090910607A0910707B0910807E6962CAD05
:10A940003DAD4EAD5FADE697281B390B4A0B5B0B57
:10A950002DA73EA74FA758AB4114510461047104C1
:10A9600009F480C060910A0E70910B0E80910C0E5C
:10A9700090910D0E0F940DBD20916B0230916C02E1
:10A98000621773070CF5AE968CAD9DADAEADBFAD45
:10A99000AE978093090790930A07A0930B07B09393
:10A9A0000C0780923E0590923F05A0924005B09220
:10A9B000410580E495E70E945E6F8BE899E40E9470
:10A9C0008571412C512C3201C301B20177FE07C0C1
:10A9D00066277727CB0164197509860997090F94B3
:10A9E00002B54B015C0120E030EC4BEE53E460918A
:10A9F000290E70912A0E80912B0E90912C0E0F949F
:10AA000041B59B01AC01C501B4010F9425BE1816D8
:10AA10004CF5AE962CAD3DAD4EAD5FADAE972093EF
:10AA2000090730930A0740930B0750930C07AA9627
:10AA3000EEADFFADAA9780819181A281B381809311
:10AA40003E0590933F05A0934005B093410580E4F7
:10AA500095E70E945E6F8DE699E40E948571412C16
:10AA6000512C32018EE6829DF001839DF00D112460
:10AA7000E15EF84FD701C601F7FE07C08827992786
:10AA8000DC018C199D09AE09BF0980839183A283E3
:10AA9000B3838EE6829DF001839DF00D1124E15E6B
:10AAA000F84F89A59AA5ABA5BCA5B7FF07C0B0957F
:10AAB000A095909581959F4FAF4FBF4F848395830D
:10AAC000A683B7838EE6829DF001839DF00D11244D
:10AAD000E15EF84F8DA59EA5AFA5B8A9B7FF07C049
:10AAE000B095A095909581959F4FAF4FBF4F8087B0
:10AAF0009187A287B387B301A20177FE07C04427DD
:10AB00005527BA0144195509660977098EE6829DD1
:10AB1000F001839DF00D1124E15EF84F44875587C5
:10AB200066877787008111812281338184819581B5
:10AB3000A681B78180179107A207B30714F4D90142
:10AB4000C801EEE6BE2EB29CF001B39CF00D1124BC
:10AB5000E15EF84F80849184A284B38488159905BE
:10AB6000AA05BB0514F4D501C40184179507A607EF
:10AB7000B70714F4DB01CA014EE6429DF001439D84
:10AB8000F00D1124E15EF84F808B918BA28BB38B7B
:10AB90000697A105B1050CF494CD80914504DF0121
:10ABA000AA5BBF4F8C93F7FE02C00D94055E108E1A
:10ABB00089A59AA5ABA5BCA5B7FF0BC08EE6829D63
:10ABC000F001839DF00D1124E15EF84F808D8260CD
:10ABD000808F8DA59EA5AFA5B8A9B7FF0BC08EE647
:10ABE000829DF001839DF00D1124E15EF84F808D70
:10ABF0008460808F77FE0BC08EE6829DF001839D7E
:10AC0000F00D1124E15EF84F808D8860808F012B5C
:10AC1000022B032B09F017988EE6829DF001839D8D
:10AC2000F00D1124E15EF84F84819581A681B781F2
:10AC3000892B8A2B8B2B09F016988EE6829DF001CA
:10AC4000839DF00D1124E15EF84F80859185A285EA
:10AC5000B385892B8A2B8B2B09F015988EE6829D64
:10AC6000F001839DF00D1124E15EF84F84859585F8
:10AC7000A685B785892B8A2B8B2B09F014988EE635
:10AC8000829DF001839DF00D1124E15EF84F248533
:10AC90003585468557852A962CAF3DAF4EAF5FAFC1
:10ACA0002A97232B242B252B09F0B3C7A090590EEC
:10ACB000B0905A0E00915B0E10915C0E29A939AD2F
:10ACC0004DAD5DA9B501C8010F9425BE181624F439
:10ACD000A9AAB9AE0DAF1DABC701B6010F9402B55D
:10ACE00020911D0E30911E0E40911F0E5091200E8E
:10ACF0000F949BBC4B015C0189829A82AB82BC821F
:10AD000069A57AA58BA59CA50F9402B52091210E6B
:10AD10003091220E4091230E5091240E0F949BBC33
:10AD20006B017C01CD82DE82EF82F8866DA57EA567
:10AD30008FA598A90F9402B52091250E3091260E6B
:10AD40004091270E5091280E0F949BBC22966CAF19
:10AD50007DAF8EAF9FAF229769877A878B879C875D
:10AD6000C301B2010F9402B52091290E30912A0E31
:10AD700040912B0E50912C0E0F949BBC26966CAFDD
:10AD80007DAF8EAF9FAF26976D877E878F87988B1D
:10AD90008EE6829DF001839DF00D1124E15EF84F57
:10ADA00080819181A281B3812E968CAF9DAFAEAF91
:10ADB000BFAF2E970697A105B1050CF033C784816C
:10ADC0009581A681B7810697A105B1050CF02AC728
:10ADD00080859185A285B3850697A105B1050CF004
:10ADE00021C726968CAD9DADAEADBFAD2697BF7782
:10ADF00085A796A7A7A7B0AB8EE6829DF001839D9D
:10AE0000F00D1124E15EF84F45A456A467A470A884
:10AE1000A301920160E070E080E89FE30F949BBC87
:10AE200029A939AD4DAD5DA90F9441B56B017C01E8
:10AE30008091FF0D9091000E891B8F708DAF825015
:10AE4000863008F040C0A701960160E074E284E714
:10AE500099E40F949BBC0F94D9BE4B015C01809187
:10AE60005D0E90915E0EA0915F0EB091600E8816FF
:10AE70009906AA06BB0638F5BC01CD016819790907
:10AE80008A099B09660F771F881F991FADAD2A2F6E
:10AE900030E050E040E00F94E7BACA01B9010F94E6
:10AEA00000B50F940DBD680D791D8A1D9B1D0F9473
:10AEB00000B59B01AC0160E074E284E799E40F9473
:10AEC0009BBC6B017C01A3019201C701B6010F94E9
:10AED00041B56DAB7EAB8FAB98AF8EE6829D8001A6
:10AEE000839D100D1124015E184F2DA93EA94FA975
:10AEF00058ADD80191962D933D934D935C939497C3
:10AF000050966D917D918D919C9153970F9400B5C2
:10AF100069AF7AAF8BAF9CAF9B01AC01C701B601A3
:10AF20000F9441B50F947ABC0F9414BD62966CAF28
:10AF30007DAF8EAF9FAF6297F80166AB77AB80AF06
:10AF400091AF9E012F5F3F4F6C963FAF2EAF6C9736
:10AF5000AE014F5E5F4FA0965FAF4EAFA09780915E
:10AF60006F02909170029AAB89AB40966E969FAF3C
:10AF70008EAF6E9768965FAF4EAF689719A61DA605
:10AF800000E81FE36C96AEADBFAD6C972D913D917F
:10AF90004D915D916C96BFAFAEAF6C97C701B60196
:10AFA0000F9441B56896EEADFFAD689761937193CC
:10AFB000819391936896FFAFEEAF68974B015C0168
:10AFC000E894B7F8A9A9BAA92D913D914D915D9149
:10AFD000BAABA9AB66962CAF3DAF4EAF5FAF6697ED
:10AFE000C501B4010F9425BE1816B4F4A50194014F
:10AFF00066966CAD7DAD8EAD9FAD66970F949BBC94
:10B000004B015C0129A53DA5A8010F9425BE18168A
:10B010001CF089A69DA685016E96EEADFFAD6E97DC
:10B0200029A93AA9E217F30709F0ACCF20E030E0F4
:10B0300040E85FE369A57DA5C8010F9491BC87FF37
:10B0400050C0A096AEACBFACA09730E1A30EB11C2F
:10B05000A096CEACDFACA097D6016D917D918D917D
:10B060009D916D017D01B4E0EB1AF10829A53DA584
:10B07000A8010F9441B5F7016083718382839383A4
:10B08000AC14BD0449F72EE6229DC001239D900D0E
:10B0900011249C01215E384F790129A53DA5A80105
:10B0A0006DA97EA98FA998AD0F9441B5D70191964E
:10B0B0006D937D938D939C93949762966CAD7DADCB
:10B0C0008EAD9FAD62970F9400B529A53DA5A8014F
:10B0D0000F9441B50F9414BDF70166AB77AB80AF09
:10B0E00091AFA301920169AD7AAD8BAD9CAD0F9488
:10B0F0009BBC69A77AA78BA79CA72E962CAD3DADCC
:10B100004EAD5FAD2E97232B242B252B09F0B9C50F
:10B110008EE6829D8001839D100D1124015E184FE3
:10B12000F80184819581A681B781892B8A2B8B2B8D
:10B1300009F0A7C580859185A285B385892B8A2BC7
:10B140008B2B09F09EC52091510E3091520E4091EB
:10B15000530E5091540E69A57AA58BA59CA50F940A
:10B1600041B50F947ABC0F9414BD2B013C01F8013A
:10B17000E45BFF4F10826A961CAE1DAE1EAE1FAE82
:10B180006A978EE6829D8001839D100D1124015ED9
:10B19000184FF801EE5BFF4F40825182628273824A
:10B1A000C301B2010F9400B56B017C0129A53AA53A
:10B1B0004BA55CA50F949BBCE2966CAF7DAF8EAFA8
:10B1C0009FAFE297F80161AB72AB83AB94AB2DEB11
:10B1D00037E346E051E4C701B6010F9441B50F943F
:10B1E00014BDD80154966D937D938D939C9357977E
:10B1F0009196BC912796BFAF2797F801F2A12B96A5
:10B20000FFAF2B97D8019396BC912F96BFAF2F9786
:10B21000F801F4A16396FFAF639721E63EE0EE9656
:10B220003FAF2EAFEE97A0964EAC5FACA09730E14B
:10B23000430E511C01E61EE0A0966EAC7FACA097B9
:10B2400027964FAD279749A72B965FAD2B975DA704
:10B25000B9ABF9AF1DAAD3018D909D90AD90BD9073
:10B260003D01E894B7F8F801C190D190E190F190D8
:10B270008F01A5019401C701B6010F9491BC87FF0E
:10B280003AC0FDA9FF2309F47EC629A53DA549A919
:10B2900059ADC501B4010F9441B54B015C01A70143
:10B2A000960127966FAD27972B967FAD2B972F96FC
:10B2B0008FAD2F9763969FAD63970F9441B56B0148
:10B2C0007C01AC019B01C501B4010F9425BE181689
:10B2D00094F4A5019401C701B6010F949BBC9B0196
:10B2E000AC0169A57DA589A999AD0F9441B569A760
:10B2F0007DA789AB99AF4614570409F0ACCF8EE611
:10B30000829DF001839DF00D1124E15EF84F15AA96
:10B3100080911C05882321F080E185AB10921C05EB
:10B320003DAD323008F48FC640911E056B964FAF8D
:10B330006B9750911F056D965FAF6D97009120053B
:10B340001091210527E137EB41ED58E36B966FAD86
:10B350006B976D967FAD6D97C8010F9425BE18163B
:10B360000CF071C66B962FAD6B976D963FAD6D97D8
:10B37000A80127966FAD27972B967FAD2B972F9619
:10B380008FAD2F9763969FAD63970F9491BC87FF06
:10B3900001C66B962FAD6B976D963FAD6D97A8016B
:10B3A00027966FAD27972B967FAD2B972F968FAD56
:10B3B0002F9763969FAD63970F949BBCEC966CAFF1
:10B3C0007DAF8EAF9FAFEC9727968FAD27978DAF50
:10B3D0002B969FAD2B979DAB2F96AFAD2F97AEAF12
:10B3E0006396BFAD63972396BFAF239722E235E004
:10B3F000E8963FAF2EAFE897412C512C30E8632EF2
:10B400003FE3732EE896AEADBFADE8978D909D906B
:10B41000AD90BD90E896BFAFAEAFE897A096EEAD09
:10B42000FFADA097C190D190E190F190A096FFAFB1
:10B43000EEAFA0976B962FAD6B976D963FAD6D9766
:10B44000A80127966FAD27972B967FAD2B972F9648
:10B450008FAD2F9763969FAD63970F9491BC87FF35
:10B460000CC0EC962CAD3DAD4EAD5FADEC97C5017B
:10B47000B4010F9441B54B015C01A296FFADA297B8
:10B48000FF2381F0A3019201C501B4010F9441B5DE
:10B490004B015C01A3019201C701B6010F9441B5B4
:10B4A0006B017C01A7019601C501B4010F9425BE73
:10B4B00020E030E0A90118160CF0A3C5C701B601C1
:10B4C0000F9425BE18164CF020E030E0A901C5010C
:10B4D000B4010F9491BC87FF85C5A7019601C501F2
:10B4E000B4010F949BBB6B017C01EE96AEADBFAD7A
:10B4F000EE978D909D90AD90BD90EE96BFAFAEAFA4
:10B50000EE97A5019401C701B6010F9425BE181648
:10B5100094F4A7019601C501B4010F949BBC9B0153
:10B52000AC01C301B2010F9441B52B013C01B1E064
:10B53000A296BFAFA297E2E3F5E0E8962EAD3FAD4D
:10B54000E897E217F30709F05DCFA2963FADA29707
:10B55000332381F0A30192016DAD7DA98EAD2396B9
:10B560009FAD23970F9441B56DAF7DAB8EAF239602
:10B570009FAF239724EA30E74DE75FE36DAD7DA9E8
:10B580008EAD23969FAD23970F9441B56B017C013F
:10B59000AC019B016091AD057091AE058091AF0546
:10B5A0009091B0050F9425BE1816FCF429A53DA571
:10B5B00049A959ADC701B6010F9491BC87FF15C0C9
:10B5C0008EE6829DF001839DF00D1124E15EF84F1F
:10B5D00085A9846085AB49A54DAF5DA55DAB89A903
:10B5E0008EAF99AD23969FAF23978EE6829D800103
:10B5F000839D100D1124015E184F8DAD9DA9AEAD38
:10B600002396BFAD2397F80181A792A7A3A7B4A75C
:10B6100029A53DA549A959AD69A57DA589A999ADDA
:10B620000F9441B56B017C01E2966CAD7DAD8EADA2
:10B630009FADE29790589B01AC010F949CBBD80141
:10B640009D962D913D914D915C91D0970F9441B570
:10B650009B01AC01C701B6010F949BBB0F946ABF5D
:10B66000D62EE72E8C012DAD3DA94EAD23965FADB4
:10B6700023970F9425BE181634F0DDAEEDAA0EAF59
:10B6800023961FAF23978EE6829DF001839DF00DD8
:10B690001124E15EF84F8DAD9DA9AEAD2396BFADEF
:10B6A000239785A396A3A7A3B0A7F5A82D2D3E2D7C
:10B6B000A80127966FAD27972B967FAD2B972F96D6
:10B6C0008FAD2F9763969FAD63970F9491BC18161B
:10B6D0000CF4CFC483E09EE6929D8001939D100DF3
:10B6E0001124015E184FF82AF801F5AA80E1FE0145
:10B6F0007196A2E2B5E001900D928A95E1F7279646
:10B700008FAD27972B969FAD2B972F96AFAD2F9789
:10B710006396BFAD639780931E0590931F05A0931A
:10B720002005B093210589A59DA5A9A9B9AD809350
:10B73000AD059093AE05A093AF05B093B005D801C9
:10B74000D6966D917D918D919C91D9970F9400B56E
:10B7500027962FAD27972B963FAD2B972F964FAD62
:10B760002F9763965FAD63970F949BBC2B013C01B1
:10B77000F801E85BFF4F4082518262827382349607
:10B780008081882309F489C02091C8053091C905BA
:10B790004091CA055091CB056A966CAD7DAD8EADDA
:10B7A0009FAD6A970F9441B54B015C01C090290E83
:10B7B000D0902A0EE0902B0EF0902C0E0C5A1F4FBA
:10B7C000A70196010F9441B5A30192010F949BBC70
:10B7D000F801608371838283938320E030E0A901C4
:10B7E0006A966CAD7DAD8EAD9FAD6A970F9425BE08
:10B7F00018160CF040C4A5019401E2966CAD7DAD25
:10B800008EAD9FADE2970F9441B5A70196010F94BD
:10B8100041B56B017C0120E030E44CE157E40F942A
:10B8200025BE18163CF4C12C20E4D22E2CE1E22EC9
:10B8300027E4F22EA701960160E074E284EF99E418
:10B840000F949BBC4B015C0120E030E44CE956E4D2
:10B85000C701B6010F9425BE18160CF017C48EE66A
:10B86000829D8001839D100D1124015E184F780187
:10B87000FDE4EF0EF11C20E030E040E850E4C501AB
:10B88000B4010F9441B50F9414BDD7016D937C930F
:10B89000F801ED5AFF4F84E0808309A51DA529A971
:10B8A00039AD4DAD5DA96EAD23967FAD2397A496BE
:10B8B0008EAD9FADA497815E984F0E9441498EE660
:10B8C000829DF001839DF00D1124E15EF84F808987
:10B8D0009189A289B38981159048A105B10518F411
:10B8E00085A9886085AB8FB7F8949091060E911169
:10B8F00093C4A1963FADA1973093FF0D8FBFC2585F
:10B90000DF4F88819981AA81BB81CE57D040809337
:10B91000FD069093FE06A093FF06B0930007CE5756
:10B92000DF4F288139814A815B81C258D040209302
:10B930000107309302074093030750930407E696EC
:10B940008CAD9DADAEADBFADE697809305079093EE
:10B950000607A0930707B0930807AE962CAD3DAD40
:10B960004EAD5FADAE972093090730930A07409321
:10B970000B0750930C0789A19AA1ABA1BCA180939E
:10B98000320590933305A0933405B09335058DA10E
:10B990009EA1AFA1B8A58093360590933705A093DB
:10B9A0003805B0933905A8968CAD9DADAEADBFAD51
:10B9B000A89780933A0590933B05A0933C05B093DC
:10B9C0003D05AA96EEADFFADAA9780819181A28137
:10B9D000B38180933E0590933F05A0934005B093BB
:10B9E0004105F090000E8091FF0D8F198F7083300C
:10B9F00040F11091FF0D111101C010E11150FEE650
:10BA00001F9FC00111249C01215E384F5901111163
:10BA100001C010E111503EE6139FC0011124AC019A
:10BA2000415E584F6A019EE6692EF11669F0D60113
:10BA3000D5960C9102FF7EC38091FF0D811B8F7004
:10BA4000F12E823008F4A3C03EE6F39EC00111241B
:10BA5000AC01415E584F5A01F39450E1F51201C018
:10BA6000F12CAEE6FA9EC0011124FC01E15EF84F14
:10BA70006F018EE6882ED501D5968C91D59781FDE4
:10BA80005AC095964D905D906D907C909897F60178
:10BA900095A0E6A007A110A5292D3E2DA801C30160
:10BAA000B2010F9491BC87FF46C0A3019201C3016C
:10BAB000B2010F9441B52B013C01D501D1966D9196
:10BAC0007D918D919C91D49790589B01AC010F94DE
:10BAD0009CBBF50125A536A547A550A90F9441B5F6
:10BAE0009B01AC01C301B2010F949BBB0F946ABFD1
:10BAF0002B013C019B01AC01692D7E2DC8010F94E7
:10BB000091BC87FF03C0492C5E2C38019201A30130
:10BB1000692D7E2DC8010F9491BC882361F0D60158
:10BB2000D5962C91C201D301F60185A396A3A7A3B4
:10BB3000B0A7216025ABD501D5968C91D597F6019C
:10BB400095A9892B80FF14C005A116A127A130A5B6
:10BB500095964D915D916D917C919897C5010E944C
:10BB60004149D501D5968C91D5978E7FD5968C93EA
:10BB7000F394B0E1FB1201C0F12CF89CC001112438
:10BB8000815E984F2091FF0D5601F21243C38091C0
:10BB9000FF0D811101C080E18150EEE68E9FC00152
:10BBA00011249C01215E384F7901D90195964D9160
:10BBB0005D916D917C91989709A51DA529A939AD35
:10BBC000C7010E944149F70185A98E7F85AB80910D
:10BBD0006F00826080936F000D946153A958B84F35
:10BBE00080E1ECEEF6E00D949C532091250E30910F
:10BBF000260E4091270E5091280EA8966CAD7DAD73
:10BC00008EAD9FADA8970D94325481E0808F0D9436
:10BC1000D855A090550EB090560E0091570E109129
:10BC2000580E4CC8C501B4010F943DB54B015C01E1
:10BC3000C701B6010F943DB59B01AC01C501B4012C
:10BC40000F949CBB6B017C0122966CAD7DAD8EADDB
:10BC50009FAD22970F943DB59B01AC01C701B60182
:10BC60000F949CBB0F946ABF2EE6229DF001239D8A
:10BC7000F00D1124E15EF84F65A776A787A790AB7A
:10BC8000BBC82A962CAD3DAD4EAD5FAD2A97232B98
:10BC9000242B252B09F40EC160914D0E70914E0E90
:10BCA00080914F0E9091500E29A53AA54BA55CA509
:10BCB0000F9441B50F947ABC0F9414BD2B013C0135
:10BCC0008091C8059091C905A091CA05B091CB0596
:10BCD0008DA79EA7AFA7B8AB20E030E0A901BC01BB
:10BCE000CD010F9425BE18160CF0EDC020E030E019
:10BCF000A90126966CAD7DAD8EAD9FAD26970F94B4
:10BD000025BE87FDE0C022966CAD7DAD8EAD9FADAA
:10BD100022979F7720E030E040E05FE30F9491BCF2
:10BD200087FFD1C08EE6829D8001839D100D112476
:10BD30000559184F81E0D8018C932091320530913C
:10BD40003305409134055091350569A17AA18BA145
:10BD50009CA10F949BBB69AB7AAB8BAB9CAB209146
:10BD600036053091370540913805509139056DA160
:10BD70007EA18FA198A50F949BBB4B015C012091E4
:10BD80003A0530913B0540913C0550913D05A89600
:10BD90006CAD7DAD8EAD9FADA8970F949BBB6B0135
:10BDA0007C0129A93AA94BA95CA9CA01B9010F9440
:10BDB00041B569AB7AAB8BAB9CABA5019401C501D6
:10BDC000B4010F9441B59B01AC0169A97AA98BA973
:10BDD0009CA90F949CBB4B015C01A7019601C70174
:10BDE000B6010F9441B59B01AC01C501B4010F949C
:10BDF0009CBB0F946ABF6B017C0120913E05309182
:10BE00003F054091400550914105AA96EEADFFAD2A
:10BE1000AA9760817181828193810F949BBBA70156
:10BE200096010F949BBC6A966CAF7DAF8EAF9FAFAF
:10BE30006A9720E030E040E450E40F9425BE1816E5
:10BE40000CF49EC020E030E0A9016A966CAD7DAD97
:10BE50008EAD9FAD6A970F9425BE18160CF042C0A8
:10BE60006A962CAD3DAD4EAD5FAD6A976DA57EA5D2
:10BE70008FA598A90F9441B59B01AC0160916D0EFF
:10BE800070916E0E80916F0E9091700E0F949BBC0E
:10BE900029A53AA54BA55CA50F9441B50F947ABC92
:10BEA0000F9414BD6415750586059705D8F42B010C
:10BEB0003C0118C06091D90E7091DA0E8091DB0EB2
:10BEC0009091DC0EF1CE8EE6829DF001839DF00D07
:10BED0001124E559F84F10826A961CAE1DAE1EAEB5
:10BEE0001FAE6A9710E000E0A496EEADFFADA497F8
:10BEF000E00FF11FE15EF84FC080D180E280F38057
:10BF0000C114D104E104F104A1F1F801EF54FA4F96
:10BF1000608171818281938164157505860597051D
:10BF200040F50F9400B529AD3AAD4BAD5CAD0F9423
:10BF300041B54B015C01C701B6010F9402B59B01ED
:10BF4000AC01C501B4010F949BBC6B017C01C30122
:10BF5000B2010F9400B59B01AC01C701B6010F946B
:10BF600091BC87FF06C0C701B6010F9414BD2B0119
:10BF70003C010C5F1F4F0031110509F0B5CF01C91D
:10BF8000D8011C92AFCFC9A6DDA6E9AAF9AE21E07F
:10BF90002DABB1C927962FAD27972B963FAD2B9789
:10BFA0002F964FAD2F9763965FAD63976B966FADEE
:10BFB0006B976D967FAD6D97C8010F949BBCEC9607
:10BFC0006CAF7DAF8EAF9FAFEC976B96EFAD6B977D
:10BFD000EDAF6D96FFAD6D97FDAB0EAF23961FAF26
:10BFE000239704CAF7FAF094F7F8F094A5019401A6
:10BFF000C701B6010F9491BC87FF77CA7501640130
:10C0000074CAC701B6010F9491BC87FD09C020E036
:10C0100030E0A901C501B4010F9425BE18162CF417
:10C02000A5019401C701B6015CCAB7FAB094B7F88C
:10C03000B094A7019601C501B4010F9425BE18164E
:10C040000CF053CADBCF8EE6829DF001839DF00D8C
:10C050001124E15EF84F85A9846085ABA9A5ADAF39
:10C06000BDA5BDABE9A9EEAFF9AD2396FFAF239710
:10C07000BCCA81E030CB20916D0E30916E0E4091A4
:10C080006F0E5091700EC701B601C1CB20E030E4B5
:10C090004CE156E4C701B6010F9425BE1816D4F43E
:10C0A0008EE6829D8001839D100D1124015E184F44
:10C0B0007801BDE4EB0EF11CA5019401C501B401AA
:10C0C0000F949CBB0F9414BDF70171836083369667
:10C0D00082E0E2CB20E03FEF4FE757E4C501B40137
:10C0E0000F9491BC87FF19C08EE6829D8001839DCD
:10C0F000100D11240459184FC501B4010F9414BD3B
:10C10000D8016D937C938EE6829DF001839DF00DA6
:10C110001124EE58F84F81E0BFCB8EE6829DF001EE
:10C12000839DF00D1124E459F84F8FEF9FEF918319
:10C130008083E9CFF60171A482A493A4E4A4272DFF
:10C14000382D492D5E2D65A176A187A190A50F946C
:10C1500091BC882309F451C001FD44C0D5019596D6
:10C160002D903D904D905C909897A2019101672D84
:10C17000782D892D9E2D0F9491BC18169CF5A20147
:10C180009101C201B1010F9441B51B012C01F601CF
:10C1900061A972A983A994A990589B01AC010F943D
:10C1A0009CBBD6019D962D913D914D915C91D09770
:10C1B0000F9441B59B01AC01C201B1010F949BBB2F
:10C1C0000F946ABF2B015C019B01AC01672D782D98
:10C1D000892D9E2D0F9491BC87FD04C0742C852C55
:10C1E0009A2CEB2C872D982DA92DBE2DF60185A319
:10C1F00096A3A7A3B0A7016005AB111101C010E180
:10C200001150169DC001112456019C01215E384F2A
:10C2100069010BCC6C012FCC8FBF0D9461534F92F1
:10C220005F926F927F928F929F92AF92BF92CF92C6
:10C23000DF92EF92FF92CF93DF93CDB7DEB72C97CB
:10C240000FB6F894DEBF0FBECDBFC090F406D090FD
:10C25000F506E090F606F090F7068091F0069091D2
:10C26000F106A091F206B091F3064091EC065091D0
:10C27000ED066091EE067091EF064D835E836F834D
:10C28000788789839A83AB83BC83BE016F5F7F4FBE
:10C29000CE0105960E94435B4D805E806F8078845E
:10C2A00020911D0E30911E0E40911F0E5091200EB8
:10C2B000C301B2010F9441B50F94D9BE6093FD063E
:10C2C0007093FE068093FF069093000789809A8002
:10C2D000AB80BC802091210E3091220E4091230E24
:10C2E0005091240EC501B4010F9441B50F94D9BEED
:10C2F00060930107709302078093030790930407EC
:10C3000080911D14882309F48CC0A5019401C301F8
:10C31000B2010F94067B9B01AC01C701B6010F94DB
:10C320009CBB2091250E3091260E4091270E5091F6
:10C33000280E0F9441B50F94D9BE609305077093F2
:10C34000060780930707909308078091F80690915D
:10C35000F906A091FA06B091FB0689879A87AB8708
:10C36000BC872091290E30912A0E40912B0E5091BE
:10C370002C0EBC01CD010F9441B50F94D9BE609332
:10C38000090770930A0780930B0790930C0740925C
:10C3900032055092330560923405709235058092D3
:10C3A000360590923705A0923805B0923905C092B3
:10C3B0003A05D0923B05E0923C05F0923D05898517
:10C3C0009A85AB85BC8580933E0590933F05A093ED
:10C3D0004005B09341050F94818F10921E05109275
:10C3E0001F051092200510922105E2E2F5E080E1A0
:10C3F000DF011D928A95E9F72C960FB6F894DEBFFF
:10C400000FBECDBFDF91CF91FF90EF90DF90CF9027
:10C41000BF90AF909F908F907F906F905F904F9064
:10C4200008952091250E3091260E4091270E5091AF
:10C43000280EC701B6017DCF4F925F926F927F9217
:10C440008F929F92AF92BF92CF92DF92EF92FF9224
:10C450000F931F93CF93DF931F921F92CDB7DEB739
:10C46000A82E8CE59CE40E940AEE1092EC06109235
:10C47000ED061092EE061092EF061092F006109262
:10C48000F1061092F2061092F3069EEAE92E9DE064
:10C49000F92ED12CC12C27E0B22E8C2D6B2D0F94B0
:10C4A0002FBB082F992E42E050E0B701CE01019634
:10C4B0000F9464BA69817A816115710511F0DD24E8
:10C4C000D3942B2D020380011124090D111D97FC1B
:10C4D0001A95000F111F000F111F035E1B4E072E30
:10C4E000000C880B990B0F9402B52FE632E143E85C
:10C4F0005AE30F9441B5F801618372838383948377
:10C50000F2E0EF0EF11CC39421E3C212C6CF8AED14
:10C510009EE00F947CBA6093F4067093F5068093C6
:10C52000F6069093F7068EE69FE00F947CBA609330
:10C53000F8067093F9068093FA069093FB060E9422
:10C5400020510E94C6718CEE96E00E94495D0E94C7
:10C5500034580F940F6189E49BE40E945E6F8091D0
:10C56000F7068F938091F6068F938091F5068F934F
:10C570008091F4068F938091F3068F938091F20659
:10C580008F938091F1068F938091F0068F93809125
:10C59000EF068F938091EE068F938091ED068F9337
:10C5A0008091EC068F938AEE99E49F938F930F947A
:10C5B00036B981E08093EB06159888ED9EE00F94E4
:10C5C00082BA9093110E8093100E8BE89FE00F9427
:10C5D00074BA90E09093CB068093CA0688EE9EE0F2
:10C5E0000F947CBA609391027093920280939302AD
:10C5F000909394028EED9EE00F9482BA9093BE02C7
:10C600008093BD0240E150E067E37DE081E892E085
:10C610000F9464BA8CE69FE00F9482BA9093CD0594
:10C620008093CC058CE29DE00F947CBA6093C805A2
:10C630007093C9058093CA059093CB058DE79CE064
:10C640000F9482BA90936C0280936B0240E150E0A9
:10C650006DE67CE08DE39EE00F9464BA40E150E02B
:10C660006DE57CE085EC9EE00F9464BA40E150E01B
:10C670006DE47CE08DE29EE00F9464BA40E150E00E
:10C680006DE37CE085EB9EE00F9464BA89E39CE067
:10C690000F947CBA6093550E7093560E8093570E8C
:10C6A0009093580E85E39CE00F947CBA6093590EEA
:10C6B00070935A0E80935B0E90935C0E81E39CE026
:10C6C0000F947CBA60935D0E70935E0E80935F0E44
:10C6D0009093600E40E150E061E27CE081E69EE0F4
:10C6E0000F9464BA8FE79CE00F9474BA0FB6F89475
:10C6F000DEBF0FBECDBF8130B1F420E030E040EAB4
:10C7000051E46091F4067091F5068091F6069091DF
:10C71000F7060F949CBB6093F4067093F506809324
:10C72000F6069093F7068FE79CE00F9474BA811198
:10C7300023C020E030E040EA51E46091F4067091BB
:10C74000F5068091F6069091F7060F949CBB9F9397
:10C750008F937F936F938EE49CE49F938F930E94BB
:10C76000458861E08FE79CE00F9498BA0F900F9096
:10C770000F900F900F900F9061E086E49CE40E9470
:10C780007F878091110E8F938091100E8F938DE390
:10C790009CE49F938F930E9445888091CB068F9352
:10C7A0008091CA068F9384E39CE49F938F930E94A9
:10C7B00045888CE89FE00F9474BA0FB6F894DEBFFA
:10C7C0000FBECDBF811110C08091110E8F9380914B
:10C7D000100E8F938BE29CE49F938F930E94458869
:10C7E0000F900F900F900F9061E08EE19EE20E94FB
:10C7F0007F87A11017C061E080E29CE40E947F87E0
:10C800008FE38F9380E88F931F921F9285E49AE4C1
:10C810009F938F930E9445880F900F900F900F90D9
:10C820000F900F908FE29AE40F945DB90E945170BF
:10C8300088E89FE00F9474BA882E89E89FE00F94EF
:10C8400082BA8C0185E39DE00F9482BAF82EE92E1E
:10C8500086E19CE40E945E6FB801012E000C880BFB
:10C86000990B0E94C46E86E09CE40E945E6F8F2D3F
:10C870009E2D0F945D7C80916A02811102C00E94FE
:10C880006A888DE99FE00F947CBAC62EB72EA82E39
:10C89000992E81EA9FE00F947CBA762E672E582E4F
:10C8A000492E20E030E040E85FEB6C2D7B2D8A2D97
:10C8B000992D0F9491BC882399F04F925F926F92BB
:10C8C0007F929F92AF92BF92CF928FEE9BE49F9305
:10C8D0008F930E9445880FB6F894DEBF0FBECDBF80
:10C8E000DD2029F061E082EE9BE40E947F878DE8E5
:10C8F0009FE00F947CBA9F938F937F936F9388ED03
:10C900009BE49F938F930E94458881E19DE00F9463
:10C910007CBAD62EC72EB82EA92E8DE09DE00F949E
:10C920007CBA962E772E682E592E89E09DE00F94C2
:10C930007CBA9F938F937F936F935F926F927F9256
:10C940009F92AF92BF92CF92DF928EEB9BE49F9328
:10C950008F930E9445888FE38F9380E88F931F9277
:10C960001F9285E49AE49F938F930E9445888EE6F8
:10C970009FE00F947CBA9F938F937F936F9383EB89
:10C980009BE49F938F930E9445880FB6F894DEBF77
:10C990000FBECDBF82E79FE00F9474BA882329F0C1
:10C9A00061E08FEA9BE40E947F871F930F9388EAE0
:10C9B0009BE49F938F930E944588EF92FF9281E1C1
:10C9C0009AE49F938F930E9445881F928F928FE9DC
:10C9D0009BE49F938F930E94458881E99FE00F9489
:10C9E0007CBA20916A020FB6F894DEBF0FBECDBFAD
:10C9F000211133C09F938F937F936F9386E99BE4BC
:10CA00009F938F930E9445880F900F900F900F90E7
:10CA10000F900F9061E086E89BE40E947F8761E0C1
:10CA20008BE79BE40E947F878AE19AE40F945DB9CB
:10CA30000E9451700F900F90DF91CF911F910F9135
:10CA4000FF90EF90DF90CF90BF90AF909F908F902E
:10CA50007F906F905F904F9008952130D9F69F930B
:10CA60008F937F936F938CE89BE4CACF8F929F92B2
:10CA7000AF92BF92CF92DF92EF92FF920F931F93EC
:10CA80004B015C01ECECF6E0E084F1840285138557
:10CA900024813581468157816081718182819381B2
:10CAA0001F921F921F921F92E8EDCE2EE6E0DE2E1F
:10CAB0000F94FA520F900F900F900F901F910F91BB
:10CAC000FF90EF90DF90CF90BF90AF909F908F90AE
:10CAD00008958F929F92AF92BF92CF92DF92EF9282
:10CAE000FF920F931F934B015C01ECEEF6E0E084A4
:10CAF000F1840285138524813581468157816081C7
:10CB00007181828193811F921F921F921F92E8EF81
:10CB1000CE2EE6E0DE2E0F94FA520F900F900F907B
:10CB20000F901F910F91FF90EF90DF90CF90BF90EB
:10CB3000AF909F908F90089580916F008D7F80932C
:10CB40006F000E943E5881E08093060E80916F0036
:10CB50008D7F80936F009091FF0D8091000E98174C
:10CB600069F09091FF0D8091000E9817A1F38091CC
:10CB7000000E8F5F8F708093000EEDCF109208062D
:10CB8000109207068FEF9FEF909349058093480519
:10CB900010924505109244050F94313080916F003A
:10CBA000826080936F0010921E0510921F051092F4
:10CBB000200510922105E2E2F5E080E1DF011D92FF
:10CBC0008A95E9F710921D0510921C0508951F9291
:10CBD0000F920FB60F9211240BB60F928F929F9265
:10CBE000AF92BF92CF92DF92EF92FF920F931F937B
:10CBF0002F933F934F935F936F937F938F939F9365
:10CC0000AF93BF93CF93DF93EF93FF93EC9885E4BB
:10CC100098E40E94857185EA9FE00F9474BA182FFA
:10CC20008111DEC20E94EF57882309F4A9C30F9433
:10CC3000D31F6B017C01C091030ECC2331F0C1E006
:10CC400080916A02823009F4C0E0D091020ED111C5
:10CC500002C0D091010E10924F02109264040E9403
:10CC60009589179A1092E906169A1092EA0664E1DD
:10CC700083E692E00E940C5864E183E692E00E9411
:10CC8000145850E040E06091560582E00F94DC1C9F
:10CC900064E186E692E00E940C5864E186E692E048
:10CCA0000E94145850E040E06091570583E00F94D3
:10CCB000DC1CC1111BC08091FC06811117C0809142
:10CCC000CA06809314068091100E9091110E9093D5
:10CCD0001306809312068091430483FB882780F912
:10CCE0008093C70580914504809311060F948D258C
:10CCF000C11104C00E9433550E94E95400911D14D3
:10CD000010921D140F949C65C1111BC08091FC06EC
:10CD1000811117C080E1ECEEF6E0A1E7B2E00190EE
:10CD20000D928A95E1F7DD2361F080E090E0A0E8C4
:10CD3000BFEB8093710290937202A0937302B09341
:10CD400074028090790290907A02A0907B02B09059
:10CD50007C020023D1F0209175023091760240913F
:10CD60007702509178026091710270917202809105
:10CD70007302909174020F94067B9B01AC01C50174
:10CD8000B4010F949BBB4B015C01B501A4018DE87C
:10CD90009FE00F94AABA40917D0250917E0260916B
:10CDA0007F02709180028EE69FE00F94AABA609194
:10CDB000C705C1E06C2782E79FE00F9498BA0E94F4
:10CDC000077F1092EB14C093030E1092060E789416
:10CDD00020E030E040E85FE36091F8067091F906EA
:10CDE0008091FA069091FB060F949BBB6093F80626
:10CDF0007093F9068093FA069093FB0660E070E06A
:10CE00008EEB92E40F9469650F948851149A809187
:10CE10005605C0E0D1E002C0D695C7958A95E2F7E5
:10CE200082E00F94C21C60E074E0681B790B90E014
:10CE300080E00F9400B54B015C01BE0190E080E002
:10CE40000F9400B52091250E3091260E4091270EAB
:10CE50005091280E0F9441B59B01AC01C501B4015E
:10CE60000F949BBC2AE037ED43E25FE30F949CBB39
:10CE70002091F4063091F5064091F6065091F706A0
:10CE80000F949CBB6093F4067093F5068093F606AE
:10CE90009093F70665E575E585E591E40F9469657E
:10CEA0000F9488514091C3055091C4056091C50508
:10CEB0007091C60581E99FE00F94AABACEEADDE041
:10CEC00097E0B92E70E060E0002319F1812F6B2DFF
:10CED0000F9423BBB89EF0011124E90FF11DEE0F52
:10CEE000FF1FEE0FFF1FE35EFB4E20E030E04AE73E
:10CEF00054E461817281838194810F9441B520E073
:10CF000030E040E05FE30F949CBB0F9443BD0F946F
:10CF10000DBDCE010F94B6BA1F5F2296113391F664
:10CF20004091F4065091F5066091F6067091F7066F
:10CF30008AED9EE00F94AABA40917102509172025C
:10CF400060917302709174028DE99FE00F94AABA08
:10CF5000409175025091760260917702709178024B
:10CF600081EA9FE00F94AABA6091C1057091C20551
:10CF700089E89FE00F94B6BA6091390270913A0245
:10CF800085E39DE00F94B6BA609112067091130686
:10CF900088ED9EE00F94B6BA609114068BE89FE08E
:10CFA0000F9498BA6091110688E89FE00F9498BAA0
:10CFB000409191025091920260919302709194027B
:10CFC00088EE9EE00F94AABA6091BD027091BE02F5
:10CFD0008EED9EE00F94B6BA40914D0E50914E0EDC
:10CFE00060914F0E7091500E81E19DE00F94AABAAE
:10CFF0004091510E5091520E6091530E7091540E0B
:10D000008DE09DE00F94AABA4091D90E5091DA0EAE
:10D010006091DB0E7091DC0E89E09DE00F94AABA5E
:10D0200040E150E067E37DE081E892E00F9488BA48
:10D030006091CC057091CD058CE69FE00F94B6BA57
:10D0400060916A028CE89FE00F9498BA4091C805FD
:10D050005091C9056091CA057091CB058CE29DE0A5
:10D060000F94AABA60916B0270916C028DE79CE0FC
:10D070000F94B6BA40E150E06DE67CE08DE39EE0AF
:10D080000F9488BA40E150E06DE57CE085EC9EE0CD
:10D090000F9488BA40E150E06DE47CE08DE29EE0C0
:10D0A0000F9488BA40E150E06DE37CE085EB9EE0B0
:10D0B0000F9488BA4091550E5091560E6091570EBC
:10D0C0007091580E89E39CE00F94AABA4091590ED2
:10D0D00050915A0E60915B0E70915C0E85E39CE05E
:10D0E0000F94AABA40915D0E50915E0E60915F0E52
:10D0F0007091600E81E39CE00F94AABA40E150E089
:10D1000061E27CE081E69EE00F9488BA809142045F
:10D11000882329F061E08FE79CE00F9498BA61E0E2
:10D1200085EA9FE00F9498BA84E69FE00E94346DF0
:10D130008FEF9EE00E94276D0F94D31FDC01CB017F
:10D140008C199D09AE09BF09BF93AF939F938F932D
:10D1500087EC99E49F938F930F9436B99FB7F89417
:10D16000809102018460809302019FBF15980F9007
:10D170000F900F900F900F900F9020E030E04FEF46
:10D1800052E46091EC067091ED068091EE0690916C
:10D19000EF060F9491BC87FD1FC080E090E0AFE7E1
:10D1A000B3E48093EC069093ED06A093EE06B09363
:10D1B000EF0660E070E08AEF93E40F9469650F94E6
:10D1C000885188E19EE00FB6F894A895809360009E
:10D1D0000FBE90936000FFCF80E090E0DC01E1CFD4
:10D1E0000F94D31F6B017C01179A1092E906169ACF
:10D1F0001092EA06149A64E183E692E00E940C58C9
:10D2000064E183E692E00E94145850E040E06091AF
:10D21000560582E00F94DC1C0F948D2510921D148E
:10D220000F949C658090F4069090F506A090F60609
:10D23000B090F7068AED9EE00F947CBA9B01AC019A
:10D24000C501B4010F949BBB4B015C01E894B7F896
:10D250002091250E3091260E4091270E5091280ED8
:10D2600060E070E080E89FE30F949BBC9B01AC0101
:10D27000C501B4010F9425BE87FD61C00E94077FE0
:10D280001092EB1481E08093030E1092060E7894B6
:10D2900080915605C0E0D1E002C0D695C7958A9529
:10D2A000E2F782E00F94C21C60E074E0681B790B27
:10D2B00090E080E00F9400B54B015C01BE0190E06E
:10D2C00080E00F9400B52091250E3091260E4091FC
:10D2D000270E5091280E0F9441B59B01AC01C5015A
:10D2E000B4010F949BBC2AE037ED43E25EE30F9458
:10D2F0009CBB2091F4063091F5064091F6065091C2
:10D30000F7060F949CBB6093F4067093F506809328
:10D31000F6069093F70665E575E585E591E40F94CB
:10D3200069650F9488514091F4065091F50660911B
:10D33000F6067091F7068AED9EE00F94AABA62E0B5
:10D3400085EA9FE00F9498BA84E69FE00E94346DCE
:10D350008FEF9EE00E94276D0F94D31FDC01CB015D
:10D360008C199D09AE09BF09BF93AF939F938F930B
:10D3700086ED99E49F938F930F9436B90F94F651ED
:10D38000FF91EF91DF91CF91BF91AF919F918F91DD
:10D390007F916F915F914F913F912F911F910F91CD
:10D3A000FF90EF90DF90CF90BF90AF909F908F90C5
:10D3B0000F900BBE0F900FBE0F901F9018952F92DD
:10D3C0003F924F925F926F927F928F929F92AF9215
:10D3D000BF92CF92DF92EF92FF920F931F93CF9362
:10D3E000DF93CDB7DEB7C254D1090FB6F894DEBFD4
:10D3F0000FBECDBF4C015B016A01322E19821C8227
:10D400001C8E1F8E672B21F510E0CE014C960E94DA
:10D41000456ECE0101960E94456E812FCE5BDF4F97
:10D420000FB6F894DEBF0FBECDBFDF91CF911F9135
:10D430000F91FF90EF90DF90CF90BF90AF909F90B3
:10D440008F907F906F905F904F903F902F900895B6
:10D45000FC0183818111D8CFFA0180818F32C1F420
:10D46000CA016C010196F60120812F32D1F3F5013A
:10D4700083818250823060F0618D728DCE014C9636
:10D480000F9455418E01045E1F4F811102C0BCCF25
:10D490008501CE0101967C013C012E019CE1490EE3
:10D4A000511C2396EFAE23972F2CFE01F796CF0148
:10D4B0000B96AF0120E22193E817F907D9F79601FF
:10D4C00090E067E0D9018D91882349F18F3239F1DD
:10D4D000282F8E3239F46A3009F496CF98E06AE04A
:10D4E0009D01F0CFE6E2F1E53491332321F031964E
:10D4F0008313FACF89CF691708F486CF3FED380F31
:10D500003E3508F081CF3FE9380F3A3110F420EE74
:10D51000280FFA01E90FF11D20839F5FE1CF8FA94A
:10D52000803209F471CF6901F90180812F5F3F4F8B
:10D530008F32C9F38823D9F021E0B801C7010F94D5
:10D54000C345882309F460CF0A151B0519F0C801EB
:10D550000F94FC43942D852D6E147F0421F02396A7
:10D560009FAD2397822D8701E92EF82E9ECF232D84
:10D57000B801C4010F94C345182F47CFE3E8F7E182
:10D580004081518162817381480F591F611D711D56
:10D59000408351836283738308952F923F924F9209
:10D5A0005F926F927F928F929F92AF92BF92CF9233
:10D5B000DF92EF92FF920F931F93CF93DF9300D0F0
:10D5C0001F921F92CDB7DEB71C012A013B0100E27A
:10D5D00010E019829981892F90E09B838A838017BC
:10D5E00091079CF5880F991F880F991F9D838C8345
:10D5F000820D931D9B838A83FC01C080D180E280D1
:10D60000F3808C819D810496820D931D9D838C8374
:10D61000FC0180809180A280B380A5019401C701A4
:10D62000B6010F9425BE181664F4EA81FB8180824E
:10D630009182A282B382EC81FD81C082D182E2829A
:10D64000F382F981FF5FF983C5CF0150110908F614
:10D65000F101E05CFF4F2081318142815381C301A0
:10D66000B2010F9441B56B017C0120E030E040E055
:10D670005FEB0F9491BC87FD10C020E030E040E0EC
:10D680005FE3C701B6010F9491BC18165CF4C12C7E
:10D69000D12CE12C8FE3F82E05C0C12CD12CE12C2C
:10D6A0009FEBF92EC701B6010F900F900F900F90CE
:10D6B0000F90DF91CF911F910F91FF90EF90DF902E
:10D6C000CF90BF90AF909F908F907F906F905F9022
:10D6D0004F903F902F9008950F94D31F6093B513F0
:10D6E0007093B6138093B7139093B81308958091F5
:10D6F000FB13882369F08091FA13882349F087ECA3
:10D7000094E70E9485718091FA1381508093FA13F7
:10D7100008959F92AF92BF92CF92DF92EF92FF92C5
:10D720000F931F93CF93DF93CDB7DEB7E0970FB67C
:10D73000F894DEBF0FBECDBF8C01E090E313FE0175
:10D74000319621E030E05F01F12C40E1C42ED12C74
:10D7500050E2952EC701821B930BB6010F9451BB6B
:10D76000DC01BB27AA55BC4E9D968C91482F50E0FA
:10D7700094E0559547959A95E1F796EF940F96307A
:10D78000A8F1405D40838F7096EF980F963080F13E
:10D79000805D818392822F5F3F4F33962131310527
:10D7A000C9F618AA80E495E70E945E6F8AE395E7C0
:10D7B0000E945E6FC8010E945E6F82EF94E70E9434
:10D7C0005E6FC5010E94F382E0960FB6F894DEBF4B
:10D7D0000FBECDBFDF91CF911F910F91FF90EF90C2
:10D7E000DF90CF90BF90AF909F900895495ACACFD5
:10D7F000895ACFCF9C019091BA139A3011F460935B
:10D80000B91391509093BA1391110DC0C9010F949F
:10D81000896B83EE94E70E9485718AE08093BA1346
:10D820008091B913089580E00895CF93DF93CDB729
:10D83000DEB72E970FB6F894DEBF0FBECDBF2EE336
:10D8400030E03A832983FE0133962CE0DF011D92FC
:10D850002A95E9F7DE011296482FFC019D018E2FD3
:10D86000841B861740F4819190EE980F903608F053
:10D870008EE28D93F4CFF901E60FF11D10824EE098
:10D8800050E066E475E7CE0101960F9453B8892BFA
:10D8900059F44EE050E0BE016F5F7F4F8DEF92E193
:10D8A0000F94E6C0892B61F080E495E70E945E6FDB
:10D8B0008AE395E70E945E6FCE0101960E94F38293
:10D8C0004EE050E0BE016F5F7F4F8DEF92E10F940D
:10D8D000F4C02E960FB6F894DEBF0FBECDBFDF9119
:10D8E000CF910895CF92DF92EF92FF921F93CF9343
:10D8F000DF93CDB7DEB762970FB6F894DEBF0FBEE9
:10D90000CDBF4E875F87688B798B8A8B4983852F44
:10D91000511131C080E38A8311E0E1E0E10F81E041
:10D9200090E08C0F9D1F8E0F911DFC018A899AE259
:10D930009083811127C080E3818381E01E5F180FEF
:10D94000E1E0F0E0EC0FFD1FE10FF11D8AE08083C4
:10D950001F5FFE0131967F016F01C10ED11CEC14D7
:10D96000FD04B1F0F70181917F016FEE72E190E06B
:10D970000F94DCB8F4CFBE016E5F7F4F0E947B4CEA
:10D98000182FCBCFBF016F5F7F4F0E947B4CD6CF4C
:10D99000612FCE0101960F94156C0F946C6B6296FB
:10D9A0000FB6F894DEBF0FBECDBFDF91CF911F91B0
:10D9B000FF90EF90DF90CF9008958F929F92AF925B
:10D9C000BF92DF92EF92FF920F931F93CF93DF935B
:10D9D000CDB7DEB767970FB6F894DEBF0FBECDBFE9
:10D9E000182F7B01D42E07E50B8B8C8B7E8B6D8BD8
:10D9F000CE0143960E94A74C8F8B0E871F87F98A12
:10DA0000E88ACE010E960E94A74C8A8B09831111D9
:10DA100027C080E38A8381E0E1E0E80F21E030E085
:10DA20002C0F3D1F2E0F311DF90190E2908302E073
:10DA3000080FAA24A394B12CAC0EBD1EA00EB11CDD
:10DA4000E114F10439F114E0C7018827907F892B94
:10DA500071F424E0EE0CFF1C2A95E1F71150F4CF8D
:10DA6000BE016E5F7F4F812F0E947B4CD5CF450159
:10DA7000882D8A19811790F48F2D82958F7094E0EC
:10DA8000EE0CFF1C9A95E1F70E94714CF401819312
:10DA90004F01EECF80E3F501808311E0100FE1E04C
:10DAA000F0E0EC0FFD1FE10FF11D8A899AE29083EF
:10DAB000811121C080E3818381E01F5F180FE1E0C5
:10DAC000F0E0EC0FFD1FE10FF11D8AE080831F5F86
:10DAD0009E012F5F3F4F79015901A10EB11CEA143D
:10DAE000FB0479F0F70181917F016FEE72E190E024
:10DAF0000F94DCB8F4CFBF016F5F7F4F0E947B4C67
:10DB0000DCCF612FCE0101960F94156C0F946C6BD6
:10DB1000D092A91367960FB6F894DEBF0FBECDBFA3
:10DB2000DF91CF911F910F91FF90EF90DF90BF9009
:10DB3000AF909F908F9008952091F4132F5F2093C2
:10DB4000F413223078F430E0F901EF51FB4884916E
:10DB50002E503C4EF901608170E049E00F94DD6C7D
:10DB600080E0089581E008952F923F924F925F9256
:10DB70006F927F928F929F92AF92BF92CF92DF92DD
:10DB8000EF92FF920F931F93CF93DF9300D01F92DA
:10DB90001F92CDB7DEB72B011A01F12CE12C1C82AC
:10DBA0001D8210E050E066246394712C70E060E008
:10DBB0009701215E384F3A832983862EC980DA8007
:10DBC000C60ED71EFC0100E040E030E020E0AEEFE2
:10DBD000A40FAB83442319F04B3009F07DC0AEEFA6
:10DBE000A20FA83008F47AC02F5F3F4F2C303105C8
:10DBF00089F74F5F20E2C20ED11C32964C3029F7D4
:10DC00003C81301718F40C835D83182D6F5F7F4FB4
:10DC10006431710591F65F5FA0E2EA0EF11C5431A8
:10DC200029F6EC816E2F70E090E080E00F9402B551
:10DC300023EC35EF48EA5FE30F949BBC9F938F93EF
:10DC40007F936F93FD816F2F70E090E080E00F94E1
:10DC500002B520E030E040EB50E40F949CBB9F9372
:10DC60008F937F936F93612F70E090E080E00F942B
:10DC700002B520E030E040EB50E40F949CBB9F9352
:10DC80008F937F936F9389E190E79F938F930F9486
:10DC900036B9F20110832D81F10120830FB6F8947B
:10DCA000DEBF0FBECDBF8C810F900F900F900F90F5
:10DCB0000F90DF91CF911F910F91FF90EF90DF9028
:10DCC000CF90BF90AF909F908F907F906F905F901C
:10DCD0004F903F902F900895222311F02B3021F484
:10DCE000AB81A83008F080CF99249394D601A20F7D
:10DCF000B31FAC91A13108F4912CA080B180D30165
:10DD0000022E02C0AA0FBB1F0A94E2F7AA21BB2170
:10DD1000BB24B394AB2B09F4B12C9B1065CF0F5FE0
:10DD200063CF8F929F92AF92BF92CF92DF92EF928A
:10DD3000FF92CF93DF9328E537E13093F60E2093DF
:10DD4000F50E1092741742E050E060E070E04093EE
:10DD50005D1750935E1760935F1770936017109272
:10DD6000F40E1092F00E1092F10E1092F20E10922C
:10DD7000F30E4FEF5FEFBA014093EC0E5093ED0EB0
:10DD80006093EE0E7093EF0E882309F470C040E0AC
:10DD900060E070E0CB010F94993F81110DC0C0E0AD
:10DDA0008C2FDF91CF91FF90EF90DF90CF90BF90BD
:10DDB000AF909F908F9008958091B6108F7779F7EC
:10DDC0008091C2109091C310A091C410B091C51061
:10DDD00084369105A105B10510F3C090BE10D09016
:10DDE000BF10E090C010F090C110C114D104E10444
:10DDF000F104A9F240E0C701B6010F94993FC82F82
:10DE0000882369F28091030F9091040F811592404D
:10DE100031F6A091080FAA2311F26091060F7091BC
:10DE2000070F6115710509F4BACF2091050F222360
:10DE300009F4B5CFA0936F172093611790E080E0AD
:10DE400030E0E1E0F0E0D82FAF01082E02C0440F2F
:10DE5000551F0A94E2F72417350769F041E0480F8F
:10DE600001968930910579F740936A1798CFC12CB4
:10DE7000D12C7601BFCF80936A1720910E0F30917D
:10DE80000F0F50E040E02115310541F420911C0FA7
:10DE900030911D0F40911E0F50911F0F209362175C
:10DEA00030936317409364175093651746015701E9
:10DEB000860E971EA11CB11C80927017909271174C
:10DEC000A0927217B0927317E091090FF0910A0FA8
:10DED000F0937617E0937517B0E00F9409BBDC015F
:10DEE000CB01880D991DAA1DBB1D809377179093B8
:10DEF0007817A0937917B0937A1725E0EE0FFF1FDC
:10DF00002A95E1F7E150FE4FEF2FFF27E6958E0FA0
:10DF10009F1FA11DB11D80936B1790936C17A09349
:10DF20006D17B0936E1780900B0F90900C0FB12C63
:10DF3000A12C8114910441F48090180F9090190F36
:10DF4000A0901A0FB0901B0FC81AD90AEA0AFB0A50
:10DF5000C80CD91CEA1CFB1C04C0F694E794D794A7
:10DF6000C794DA95D2F7C0926617D0926717E092FD
:10DF70006817F092691785EFC8168FE0D806E1049C
:10DF8000F10420F48CE08093741709CF80E125EF31
:10DF9000C2162FEFD206E104F10488F08091240F1D
:10DFA0009091250FA091260FB091270F809377179E
:10DFB00090937817A0937917B0937A1780E28093A3
:10DFC0007417EECE0F931F93609198177091991765
:10DFD00080919A1790919B170091EC0E1091ED0E85
:10DFE0002091EE0E3091EF0E6017710782079307B4
:10DFF00039F140E00F94993F8823F9F020919C1764
:10E0000030919D1740918C1750918D1760918E170C
:10E0100070918F17421B530B61097109413092E0D7
:10E0200059076105710520F040E052E060E070E0C2
:10E030004850514F9AE0FA0190831F910F91089533
:10E0400081E0FBCF20E030E040EA52E460E070E0A5
:10E0500080EA92EC0C94EF4C9091161491FD17C04D
:10E060008823A9F092FD13C00E94ED4C8091100E00
:10E070009091110E90930B1480930A1480911614B2
:10E080008460809316148DE691E70C94897108954D
:10E090008091161480FF47C085E891E70E9489713E
:10E0A0008091021490910314A0910414B09105146E
:10E0B0004091FE135091FF13609100147091011470
:10E0C0004093EC065093ED066093EE067093EF06D6
:10E0D0008093F0069093F106A093F206B093F306B6
:10E0E00060E070E088E492E40E940F4D8091061495
:10E0F00090910714A0910814B09109148093F4062C
:10E100009093F506A093F606B093F70660E070E0F2
:10E1100080E791E40E940F4D1092FC068091161446
:10E120008E7F8093161408950F931F93CF93909131
:10E130001614911172C0C82F8AE591E70E94897167
:10E140000E94ED4C0F9488518091030E811102C002
:10E150000E944254CC2309F460C08091161481605F
:10E16000809316148091F4069091F506A091F6061E
:10E17000B091F7064091F0065091F1066091F206D9
:10E180007091F3060091EC061091ED062091EE06D9
:10E190003091EF060093FE131093FF1320930014A9
:10E1A00030930114409302145093031460930414A9
:10E1B000709305148093061490930714A093081489
:10E1C000B093091460E070E080EA91E40E94615F1E
:10E1D0008091E906882309F18091EA068823E9F015
:10E1E00080E090E0AAEFB2E48093EC069093ED0615
:10E1F000A093EE06B093EF061092F0061092F1068F
:10E200001092F2061092F30660E070E088E492E467
:10E21000CF911F910F910C940F4DCF911F910F91A2
:10E2200008952F923F924F925F926F927F928F92BA
:10E230009F92AF92BF92CF92DF92EF92FF920F9395
:10E240001F93CF93DF93CDB7DEB7CD5BD1400FB631
:10E25000F894DEBF0FBECDBFC357DE4F99838883CE
:10E26000CD58D140C157DE4F79836883CF58D14014
:10E27000CE56DE4F59834883C259D14084E1CF56F0
:10E28000DE4F8883C159D140CE56DE4FA881B98177
:10E29000C259D1408D919D910D90BC91A02DC65633
:10E2A000DE4F88839983AA83BB83CA59D140C15763
:10E2B000DE4FA881B981CF58D1408D919D910D90AD
:10E2C000BC91A02DCA54DE4F88839983AA83BB8357
:10E2D000C65BD140C357DE4FA881B981CD58D1402C
:10E2E0008D919D910D90BC91A02DC654DE4F8883D9
:10E2F0009983AA83BB83CA5BD140FE01E75FFE4FCF
:10E30000C855DE4FF983E883C85AD140CE018B57F8
:10E310009F4FCA55DE4F99838883C65AD140DE018C
:10E320001196C856DE4FB983A883C859D140312C05
:10E33000212CB101032C000C880B990B0F9402B512
:10E340002AE138EF42E45EE30F9441B56B017C01B2
:10E350000F945CBFC256DE4F688379838A839B83A8
:10E36000CE59D140C701B6010F9496BCCE55DE4FB1
:10E37000688379838A839B83C25AD1409B01AC0115
:10E38000C656DE4F688179818A819B81CA59D14006
:10E390000F9441B5C654DE4F288139814A815B8193
:10E3A000CA5BD1400F949CBB6B017C0120E030E044
:10E3B000A9010F9491BC18160CF07AC2C256DE4F18
:10E3C000288139814A815B81CE59D140C656DE4FC2
:10E3D000688179818A819B81CA59D1400F9441B566
:10E3E000CA54DE4F288139814A815B81C65BD140A6
:10E3F0000F949CBB4B015C0120E030E0A9010F941D
:10E4000091BC18160CF054C220E030E048EF51E403
:10E41000C701B6010F9425BE87FF4AC220E030E055
:10E4200048EF51E4C501B4010F9425BE87FF40C2F7
:10E43000C701B6010F9443BD9B01AC01C701B601F2
:10E440000F949BBB2B013C01C501B4010F9443BD4C
:10E450009B01AC01C501B4010F949BBBCC56DE4FB0
:10E46000688379838A839B83C459D140A301920135
:10E4700060E070E080E89FE30F949BBBC255DE4FE5
:10E48000688379838A839B83CE5AD140CC56DE4FF2
:10E49000288139814A815B81C459D14060E070E0B4
:10E4A00080E89FE30F949BBBCE54DE4F6883798353
:10E4B0008A839B83C25BD140C701B6010F9414BD10
:10E4C0006B01FB013196C655DE4FF983E883CA5ACA
:10E4D000D140C501B4010F9414BD8B0195E0000F2C
:10E4E000111F9A95E1F7C8018096C455DE4F9983B4
:10E4F0008883CC5AD140F801EC0DFD1DE15EF84F48
:10E50000608170E090E080E00F9402B54B015C0107
:10E51000CE54DE4F288139814A815B81C25BD14074
:10E52000C255DE4F688179818A819B81CE5AD14064
:10E530000F9441B59B01AC01C501B4010F9441B5E5
:10E540004B015C01C455DE4FE881F981CC5AD140C2
:10E55000EC0DFD1DE15EF84F608170E090E080E021
:10E560000F9402B56B017C01C255DE4F28813981C1
:10E570004A815B81CE5AD140CC56DE4F6881798189
:10E580008A819B81C459D1400F9441B59B01AC0154
:10E59000C701B6010F9441B59B01AC01C501B4019F
:10E5A0000F949CBB6B017C01C655DE4FA881B981DD
:10E5B000CA5AD1400A0F1B1FF801E15EF84F608173
:10E5C00070E090E080E00F9402B54B015C01CE5406
:10E5D000DE4F288139814A815B81C25BD140C30112
:10E5E000B2010F9441B59B01AC01C501B4010F9478
:10E5F00041B59B01AC01C701B6010F949CBB6B01F7
:10E600007C01C655DE4FE881F981CA5AD140C45514
:10E61000DE4F88819981CC5AD140E80FF91FE15E25
:10E62000F84F608170E090E080E00F9402B54B01FC
:10E630005C01CC56DE4F288139814A815B81C45907
:10E64000D140C301B2010F9441B59B01AC01C5019A
:10E65000B4010F9441B59B01AC01C701B6010F9401
:10E660009CBB20E030E040E052E40F949BBB6B0188
:10E670007C01AC019B01CE55DE4F688179818A8196
:10E680009B81C25AD1400F9441B5C855DE4FA88135
:10E69000B981C85AD1406D937D938D939D93C85590
:10E6A000DE4FB983A883C85AD140A7019601C2564C
:10E6B000DE4F688179818A819B81CE59D1400F9448
:10E6C00041B5CA55DE4FE881F981C65AD140619300
:10E6D000719381939193CA55DE4FF983E883C65AAB
:10E6E000D140C856DE4FA881B981C859D140CD92DA
:10E6F000DD92ED92FD92C856DE4FB983A883C859CA
:10E70000D140BFEF2B1A3B0AE1E22E16310409F08B
:10E7100010CE40E050E060E07DE3CE01875F9E4F89
:10E720000F94CD6A9B01AC01C357DE4FA881B9811C
:10E73000CD58D1406D917D918D919C910F949CBB52
:10E74000C357DE4FE881F981CD58D1406083718392
:10E750008283938340E050E060E07DE3CE018B57FD
:10E760009F4F0F94CD6A9B01AC01C157DE4FA8812A
:10E77000B981CF58D1406D917D918D919C910F942D
:10E780009CBBC157DE4FE881F981CF58D1406083EF
:10E7900071838283938340E050E060E87CE3CE01A4
:10E7A00001960F94CD6ACE56DE4FA881B981C25929
:10E7B000D1402D913D914D915C910F949CBB162FB2
:10E7C000072FF82EE92E20E030E040E050E40F94CF
:10E7D00091BC18162CF010E000E0F12C80E4E82E3B
:10E7E000A8019701852F902FA32FBE2DCE56DE4F67
:10E7F000E881F981C259D14080839183A283B38398
:10E80000CF56DE4FF881C159D140F150CF56DE4F7F
:10E81000F883C159D140F11137CDEF92FF920F9398
:10E820001F93C157DE4FA881B981CF58D1401396AD
:10E830008C9113978F9312968C9112978F931196B8
:10E840008C9111978F938C918F93C357DE4FE881F2
:10E85000F981CD58D14083818F9382818F938181BB
:10E860008F9380818F938DE390E79F938F930F9485
:10E8700036B90FB6F894DEBF0FBECDBFC354DE4F1E
:10E880000FB6F894DEBF0FBECDBFDF91CF911F91C1
:10E890000F91FF90EF90DF90CF90BF90AF909F903F
:10E8A0008F907F906F905F904F903F902F90089542
:10E8B00060E070E0CB01D5CEEF92FF920F931F93F3
:10E8C000CF93DF931F921F92CDB7DEB7F82EE62EBF
:10E8D00080E197E29A8389838A01169507958F2DA7
:10E8E0000E940FE70150110978F028EC30E0AE01EA
:10E8F0004F5F5F4F68EE73E08F2D0E94E0E56E2D55
:10E900008F2D0E9428E7EECF6E2D8F2D0E940FE7EE
:10E910000F900F90DF91CF911F910F91FF90EF908B
:10E9200008952F923F924F925F926F927F928F92B3
:10E930009F92AF92BF92CF92DF92EF92FF920F938E
:10E940001F93CF93DF93CDB7DEB76C970FB6F894D4
:10E95000DEBF0FBECDBF6C015B014A0119011887F4
:10E960000F83FA82E982D7018D919C9160ED72E06C
:10E970000F943DBB9C8F8B8F9F938F933F922F93D0
:10E980001F9284E68F939F928F92BF92AF92DF92F5
:10E99000CF928BEB9FE69F938F930F9436B90FB670
:10E9A000F894DEBF0FBECDBF2227332722193309CB
:10E9B0003A8F298FC401990CAA0BBB0B89879A87C0
:10E9C000AB87BC879501BB0C440B550B298B3A8B4D
:10E9D0004B8B5C8BC601DD0CAA0BBB0B8D8B9E8B0E
:10E9E000AF8BB88F121413040CF0BAC08B8D9C8DB2
:10E9F0006CE370E00F943DBB10E1161B2B8D3C8D3A
:10EA0000D1010F9494BB0F9400B520E030E044E3B3
:10EA100054E40F949BBC6B017C016F817885EB8D76
:10EA2000FC8D6E0F7F1F90E080E00F9400B525E312
:10EA30003AEF4EE85CE30F9441B54B015C010F9453
:10EA400096BC6B837C838D839E83C501B4010F9438
:10EA50005CBF2B013C0169857A858B859C850F9471
:10EA600002B54B015C012B8D3C8DA4E6B0E00F9408
:10EA700014BB0F9402B520E030E044E354E40F945B
:10EA80009BBC9B01AC01C501B4010F949BBB0F94CF
:10EA90000DBD6D877E878F87988B69897A898B8971
:10EAA0009C890F9402B54B015C01A3019201C7013F
:10EAB000B6010F9441B59B01AC01C501B4010F949F
:10EAC0009CBB0F940DBD4B016D897E898F89988DFC
:10EAD0000F9402B52B013C01A70196016B817C814B
:10EAE0008D819E810F9441B59B01AC01C301B201A0
:10EAF0000F949CBB0F940DBDCB0101E020E431E0ED
:10EB00004D855E85B4010E9468E7212F30E088239F
:10EB1000B9F14B8D5C8D420F531F4F5F5F4F5C8F80
:10EB20004B8FEB8DFC8DA981BA81ED93FC936C9694
:10EB30000FB6F894DEBF0FBECDBFDF91CF911F910E
:10EB40000F91FF90EF90DF90CF90BF90AF909F908C
:10EB50008F907F906F905F904F903F902F9008958F
:10EB60002FEC32E0AB8DBC8D2A1B3B0BC9016CE353
:10EB700070E00F943DBB10E1161BA98DBA8D41CFFB
:10EB80002F5F3F4FAB8DBC8DA20FB31FBC8FAB8FE0
:10EB9000A03DB24008F426CFC4CF2F923F924F92AF
:10EBA0005F926F927F928F929F92AF92BF92CF921D
:10EBB000DF92EF92FF920F931F93CF93DF93CDB726
:10EBC000DEB7CA55D1090FB6F894DEBF0FBECDBF70
:10EBD00063969FAF8EAF63978B016A017E0125E438
:10EBE000E20EF11C80E197E2F7019183808388E0D7
:10EBF00090E79F938F930F9436B92FE137E061969A
:10EC00003FAF2EAF6197C801805E93402B969FAFB8
:10EC10008EAF2B970F900F90E0E4F0E02996FFAFB6
:10EC2000EEAF299763962EAD3FAD6397205E3340DC
:10EC300069963FAF2EAF699729964EAC5FAC299786
:10EC4000312C63968EAD9FAD639780529C4F6B962F
:10EC50009FAF8EAF6B9760901507709016078090EE
:10EC60001707909018076B96AEACBFAC6B9731103E
:10EC700004C06996AEACBFAC699780910D079091C6
:10EC80000E07A0910F07B0911007F501E81BF90BD3
:10EC9000CF0171F0AF01F7FF04C0442755274E1B89
:10ECA0005F0B692F661F6627661F81E00F945C74F7
:10ECB0008091110790911207A0911307B09114074A
:10ECC0002B964EAD5FAD2B97481B590B57FDB2C02D
:10ECD00060E04115510509F0AEC080911507909193
:10ECE0001607A0911707B0911807681A790A77FCE0
:10ECF000ABC060E06114710409F0A7C04091150732
:10ED000050911607609117077091180700E028ECE2
:10ED100030E02B966EAD7FAD2B97C5010E9468E762
:10ED2000632D80E00F94A83D5F924F9284E090E7BE
:10ED30009F938F930F9436B963E084E00E948760BD
:10ED40005F924F9285EF9FE69F938F930E9438606A
:10ED50000FB6F894DEBF0FBECDBF21E030E031101A
:10ED600002C02FEF3FEF40EC4203C001439F900DE4
:10ED7000112467969FAF8EAF679740EE53E0249FB4
:10ED80004001259F900C349F900C11246396EEADAA
:10ED9000FFAD63978E0E9F1E9E012F5F3F4F2D96F6
:10EDA0003FAF2EAF2D9761968EAD9FAD61972F9699
:10EDB0009FAF8EAF2F97712C612CE0E1F7E2279681
:10EDC000FFAFEEAF279780910D0790910E07A091AE
:10EDD0000F07B09110078401081B190B17FF03C020
:10EDE00011950195110998013595279565963FAFC5
:10EDF0002EAF65971C9B33C045E0242E6596AEACC4
:10EE0000BFAC6597632D822D0E940FE731E0A31AF6
:10EE1000B10840F128EC30E0A70168EE73E0822DE4
:10EE20000E94E0E5632D822D0E9428E7EFCF332476
:10EE3000339411CF62E057FF03C0519541955109BA
:10EE400082E00F945C7449CF64E0A30177FE03C0B5
:10EE500051954195510984E00F945C744FCF222461
:10EE60002394CCCF6596EEADFFAD65970E1B1F0BBF
:10EE700023961FAF0EAF2397632D822D0E940FE7BD
:10EE80009E012F5B3F4FA70168EE73E0822D0E9429
:10EE900086E6882329F0632D822D0E9428E7F0CF93
:10EEA00060E082E00F94A83D20E137E227963FAF73
:10EEB0002EAF27970091150710911607209117077D
:10EEC00030911807005A164F17FF02C00F5F1F4FEF
:10EED000159507958091150790911607A091170732
:10EEE000B091180780179107F4F41C9B1CC028EC04
:10EEF00030E0A70168EE73E084E00E94E0E58091D5
:10EF0000150790911607A0911707B0911807019661
:10EF1000A11DB11D8093150790931607A0931707A5
:10EF2000B0931807D7CF1C9B3FC0809115079091D5
:10EF30001607A0911707B0911807E0E6F9E0E81B63
:10EF4000F90BCF01F7FF02C090E080E025969FAF5C
:10EF50008EAF25971C9B28C08091150790911607AE
:10EF6000A0911707B091180780369940ECF49E01E4
:10EF70002D5B3F4FA70168EE73E084E00E9486E6B8
:10EF80008091150790911607A0911707B091180767
:10EF90000196A11DB11D8093150790931607A093AC
:10EFA0001707B0931807D6CF60E084E00E940FE700
:10EFB000F701208131812031F7E23F0758F4A701A2
:10EFC00068E17CEF84E00E94E0E560E084E00E947C
:10EFD00028E7EECF61E082E00F94A83D20E137E220
:10EFE000F7013183208300911507109116072091B6
:10EFF0001707309118070C0D1D1D17FF02C00F5F7A
:10F000001F4F159507958091150790911607A091B0
:10F010001707B0911807081719070CF0D9C01C9BE7
:10F02000BBC000911507109116072091170730916A
:10F0300018071C9928C08091150790911607A09178
:10F040001707B09118078C199D0997FF02C090E02F
:10F0500080E025969FAF8EAF25971C990CC08091BC
:10F06000150790911607A0911707B0911807C816B9
:10F07000D9060CF4AFC00091150710911607209126
:10F080001707309118078091150790911607A091E6
:10F090001707B0911807C816D9063CF4F70180810C
:10F0A00091818031974208F4B2C00C191D093110CA
:10F0B000CAC0F301EE0FFF1F21E030E02C0F3D1F0F
:10F0C000E20FF31F11830083FFEF6F1A7F0A679629
:10F0D0002EAD3FAD6797820E931E2D968EAD9FADE0
:10F0E0002D9702972D969FAF8EAF2D972F96EEAD51
:10F0F000FFAD2F9731972F96FFAFEEAF2F97F0E22E
:10F100006F16710409F059CE21E0421A510831E01E
:10F1100033128DCE61968EAD9FAD619780966196CC
:10F120009FAF8EAF61972B96EEADFFAD2B97E05C56
:10F13000FF4F2B96FFAFEEAF2B9729962EAD3FAD2D
:10F1400029972250310929963FAF2EAF2997232BBB
:10F1500009F072CD83EF9FE69F938F930F9436B99A
:10F160000F900F90C65ADF4F0FB6F894DEBF0FBE58
:10F17000CDBFDF91CF911F910F91FF90EF90DF9066
:10F18000CF90BF90AF909F908F907F906F905F9047
:10F190004F903F902F90089528EC30E0A70168EE43
:10F1A00073E084E00E94E0E58091150790911607D6
:10F1B000A0911707B09118070197A109B109809391
:10F1C000150790931607A0931707B09318071BCF46
:10F1D00086012FCF9E012D5B3F4FA70168EE73E0A4
:10F1E00084E00E9486E68091150790911607A09111
:10F1F0001707B09118070197A109B1098093150766
:10F2000090931607A0931707B093180726CF28EC02
:10F2100030E0A70168E17CEF84E00E94E0E58091A6
:10F22000150790911607A0911707B091180701973D
:10F23000A109B1098093150790931607A0931707AA
:10F24000B093180720CF2D96EEADFFAD2D9786AD6C
:10F2500097AD012E000C220B330B080F191F211D37
:10F26000311D36952795179507950F3F11052105F7
:10F27000310529F020F00FEF10E020E030E02F966C
:10F28000EEADFFAD2F97078F1FCFEF92FF920F9339
:10F290001F93CF93DF93CDB7DEB72F970FB6F894B8
:10F2A000DEBF0FBECDBFEBE0F3E110A211A212A2B0
:10F2B00013A214A215A216A217A210A611A61092AC
:10F2C000A41306EA13E1EE24E394F12CD80111967D
:10F2D000FC92EE9212961C92129782E813968C93EF
:10F2E00040E060E08BEA93E10E94CB4C40E060E0BC
:10F2F00080EB93E10E94CB4CF8011786108A118AAB
:10F30000128A138A8AE0848B40E060E0CE01019685
:10F310000E94CB4C85E0FE013196DE0116960190ED
:10F320000D928A95E1F785E0FE013696ABEBB3E1ED
:10F3300001900D928A95E1F7D8015A961C925A973E
:10F340005C961C921E925B978BEB93E10E94BA4CE9
:10F35000F801818F158E168E40E060E085EC93E118
:10F360000E94CB4CD80194961C9240E060E0CE0104
:10F370000B960E94CB4C85E0FE013B96DE01119678
:10F3800001900D928A95E1F785E0FE013196ABEC94
:10F39000B3E101900D928A95E1F7F80112A614A647
:10F3A00013A68BEC93E10E94BA4CD80199968C93EA
:10F3B0009997DD961C92DD9785EA93E1DF969C9301
:10F3C0008E93DE97F092E713E092E6131092E81323
:10F3D0001FEF1093E9130E94134D8093EA131092CC
:10F3E000EB131092EC131092ED131092EF13109296
:10F3F000EE131092F1131092F0131092F413109276
:10F40000F5131092F6131092F71383E08093FA131A
:10F410001092FB1385E18093F21384E18093F31340
:10F4200083E68093FC138093FD131092FE131092D9
:10F43000FF131092001410920114109202141092F3
:10F4400003141092041410920514109206141092D2
:10F450000714109208141092091410920B141092B1
:10F460000A1410920C148EE290E890930E1480937C
:10F470000D1410930F141093101410921214109274
:10F4800011141093131482E0809314141092151425
:10F4900010921614109217141092181410921A1435
:10F4A0001092191410921C1410921B140F949C9417
:10F4B000E9EEF4E110927115109274151092961500
:10F4C0001092991589E18093581710925B1710924A
:10F4D0005C171092741710927B1710927E1710927F
:10F4E000FC171092FE171092FD1710928D161092B5
:10F4F0008C161092F8171092F9171092FA171092B2
:10F50000FB171092FF17109200181092011810921A
:10F510000218128213821082118210928B1610929E
:10F520009E17E9EBF5E182EDDF011D928A95E9F77F
:10F5300010923A1510923915109238158CEF97E108
:10F540000F943420E2EEF4E11182128213821482CD
:10F55000158216821083E5E0F8E115821782168283
:10F560001186138612860F94D31F60931B18709315
:10F570001C1880931D1890931E182F960FB6F894A0
:10F58000DEBF0FBECDBFDF91CF911F910F91FF90D6
:10F59000EF90089542E00E94E06E0C94566F8091C7
:10F5A000FC13833609F48FEF08959FB7F894E5E0D4
:10F5B000F1E08081806480839FBF08950F931F9343
:10F5C000CF93DF93EC010F94D31F8B010F94D63DA3
:10F5D0008F3F69F00F94D31F601B710B6C177D0771
:10F5E000A8F380E0DF91CF911F910F91089581E002
:10F5F000F9CF8BE797E10F94C7438BE797E10F941F
:10F60000FC43E9EEF4E11082118208952F923F92BB
:10F610004F925F926F927F928F929F92AF92BF9222
:10F62000CF92DF92EF92FF920F931F93CF93DF93CE
:10F6300000D000D000D01F92CDB7DEB72B013C0127
:10F6400049015A0120E030E040EC51E40F949BBBAB
:10F6500020E030E04CE952E40F949BBC6B017C014C
:10F660000F9443BD0F940DBD312C212C77FD1EC08E
:10F670001B01663071051CF045E0242E312C822DD3
:10F680000E943A4F20E030E048EB51E40F949CBBDD
:10F690009B01AC01C301B2010F949BBB20E030E0A1
:10F6A0004CE952E40F949BBC6B017C0120E030E0FC
:10F6B00040EC50E4C501B4010F949BBB20E030E066
:10F6C00048E052E40F949BBC69837A838B839C83CC
:10F6D0000F9443BD0F940DBD77FDDAC07A8769871B
:10F6E0006630710524F0E5E0F0E0FA87E987898566
:10F6F0000E94274F20E030E040EA50E40F949CBB8A
:10F700009B01AC01C501B4010F949BBB20E030E02C
:10F7100048E052E40F949BBC69837A838B839C837B
:10F72000A701960160E070E080E89FE30F949BBB27
:10F730002B013C0191012F5F3F4F3E832D83898533
:10F740009A85019698878F8327E0E985FA852E9F11
:10F7500080012F9F100D1124F801E20DF31DEE0F13
:10F76000FF1FEE0FFF1FE35EFB4E218132814381BD
:10F770005481C301B2010F9441B54B015C01ED818D
:10F78000FE81E00FF11FEE0FFF1FEE0FFF1FE35E84
:10F79000FB4E2181328143815481C701B6010F9410
:10F7A00041B59B01AC01C501B4010F949CBB4B0159
:10F7B0005C0129813A814B815C8160E070E080E8E6
:10F7C0009FE30F949BBB9B01AC01C501B4010F9457
:10F7D00041B54B015C0127E0EF81F8852E9FC00108
:10F7E0002F9F900D11249A878987FC01E20DF31D4C
:10F7F000EE0FFF1FEE0FFF1FE35EFB4E21813281F4
:10F8000043815481C301B2010F9441B52B013C01E6
:10F8100089859A85ED81FE818E0F9F1F880F991F24
:10F82000880F991F835E9B4EFC01218132814381A9
:10F830005481C701B6010F9441B59B01AC01C301CE
:10F84000B2010F949CBB29813A814B815C810F945A
:10F8500041B59B01AC01C501B4010F949CBB2A9634
:10F860000FB6F894DEBF0FBECDBFDF91CF911F91D1
:10F870000F91FF90EF90DF90CF90BF90AF909F904F
:10F880008F907F906F905F904F903F902F90089552
:10F890001A86198645CF8EE495E70E945E6F60E078
:10F8A0008CEA9CE00E94156D813021F48FEB9CE680
:10F8B0000C9485718BEB9CE6FBCFBC01990F880BF8
:10F8C000990B0E94C46E0C94566F0F931F93CF93A5
:10F8D000DF93EC010F9432B88C018036910508F06B
:10F8E00085C08091FD10811105C00E94D06D81E01E
:10F8F0008093FD104091ED125091EE128091FB101B
:10F900009091FC104817590741F42091FE10309156
:10F91000FF10121613060CF469C02091F9103091F3
:10F92000FA10121613060CF041C09C012F593F4FDC
:10F9300084179507E8F544505109401B510B4217B5
:10F9400053070CF453C05093EE124093ED12809184
:10F95000ED129091EE12FC01E050FF4E23E0208367
:10F96000BE018D5F9E4E0F942BB88091FE1090913A
:10F97000FF1001969093FF108093FE1080E495E7AE
:10F980000E945E6F81E295E70E945E6F8091ED12AA
:10F990009091EE128D5F9E4E0E94E7828FE195E777
:10F9A000DF91CF911F910F910C9485719C01C0CF75
:10F9B000C80104964817590728F044505109401BC4
:10F9C000510BC1CF89EE91E0BC01601B710B8B0123
:10F9D000621773075CF070E060E080E091E10F94E3
:10F9E000A6C01093EE120093ED12B1CF88E195E717
:10F9F0000E945E6F81E295E70E945E6FCE010E94D9
:10FA00005E6F81E095E7CCCFAB01BC018BE797E15E
:10FA10000F941E42811102C080E008958BE797E1A8
:10FA20000F94A5418823C1F320919C1730919D1715
:10FA30002850314F309397172093961708958F923F
:10FA40009F92AF92BF92CF92DF92EF92FF920F936D
:10FA50001F93CF93DF93CDB7DEB7EE970FB6F89431
:10FA6000DEBF0FBECDBF809139158F9380913815C1
:10FA70008F938CEB94E79F938F938E010F5D1F4FB5
:10FA80001F930F930F948BB90F900F900F900F90BF
:10FA90000F900F90F12CF80101900020E9F73197B9
:10FAA000E01BF10BFE1684F46801CF0CD11CF7FCAF
:10FAB000DA94F6018081082E000C990B0F9488C00F
:10FAC000F6018083F394E7CF81E795E10E94406ED1
:10FAD000A12CCE0101967C0185ECC82E8DE6D82E96
:10FAE00080917415823008F450C0809179159091FE
:10FAF0007A15A0917B15B0917C158F719927AA2753
:10FB0000BB27892B8A2B8B2B09F03FC050E040E0AC
:10FB1000B70181E795E10F945B451816B4F5B12C58
:10FB2000F70101900020E9F73197EE19FF09BE16A1
:10FB300074F447018B0C911CB7FC9A94F4018081FA
:10FB400090E00F9488C0F4018083B394E9CF8A8554
:10FB50008E3731F245E050E0B801C7010F94E6C09E
:10FB6000892B09F0BDCF1F930F93DF92CF920E9494
:10FB7000458861E081EC9DE60E947F870F900F90A1
:10FB80000F900F90AA24A394ABCF8FEF9FEFAA20E2
:10FB900029F0809138159091391501969093391577
:10FBA00080933815EE960FB6F894DEBF0FBECDBF2A
:10FBB000DF91CF911F910F91FF90EF90DF90CF9049
:10FBC000BF90AF909F908F9008958F929F92AF9229
:10FBD000BF92CF92DF92EF92FF920F931F93CF933A
:10FBE000DF9300D01F92CDB7DEB7FC018381813057
:10FBF00011F080E060C0818181FFFBCF8189928913
:10FC0000A389B489892B8A2B8B2B09F46EC07F01C1
:10FC100040E050E0BA01CF010F941E42882349F31F
:10FC2000F701C18CD28C85889688A788B08C82E039
:10FC300090E0A0E0B0E0F60180839183A283B383DB
:10FC40009E012F5F3F4FB501A401C6010F9468408C
:10FC5000882379F200E010E09801B501A401C60103
:10FC60000F94D63F882329F289809A80AB80BC808C
:10FC7000F6018789803181F5F8EF8F16FFEF9F0637
:10FC8000A104B104E8F2F701158A168A178A108ECA
:10FC9000118A128A138A148A818180688183C7013C
:10FCA0000F94C743882309F4A4CF40E050E0BA0181
:10FCB000C7010F941E420F900F900F900F90DF918D
:10FCC000CF911F910F91FF90EF90DF90CF90BF9059
:10FCD000AF909F908F90089588EF88168FEF9806C9
:10FCE000A8068FE0B80678F6ABCF81E0E4CF2F927C
:10FCF0003F924F925F926F927F928F929F92AF92BC
:10FD0000BF92CF92DF92EF92FF920F931F93CF9308
:10FD1000DF93CDB7DEB7C657D1090FB6F894DEBF73
:10FD20000FBECDBF4C016B013A01E5962FAFE597B1
:10FD3000502E2DB63EB6102F11708091F70E8F5FAA
:10FD40008093F70EFB0180859185A285B385809312
:10FD5000FE149093FF14A0930015B0930115412C4D
:10FD60005E01F7E6AF0EB11CF6018381823008F424
:10FD7000C0C180859185A285B3858F719927AA27F7
:10FD8000BB27892B8A2B8B2B09F0B3C1109202154C
:10FD900042E055E1BE01695B7F4FC6010F945B45B0
:10FDA00018160CF0A6C18091F70E873008F0A1C19B
:10FDB00028968FAD2897882309F49BC1853E09F4C6
:10FDC00039C18E3209F436C1809102158E3209F4A0
:10FDD00031C163968FAD6397982F9A7009F02AC14D
:10FDE000887191E0803119F090E0803131F4E5962E
:10FDF000FFADE597FF2309F494C090933715803148
:10FE000061F060968FAD6097873409F013C16196F9
:10FE10008FAD61978E3709F40DC1E596FFADE5977B
:10FE2000F13009F41BC1F23009F425C1BE01695B50
:10FE30007F4F8DEE94E10E942A6EC4010E94E782FA
:10FE40008DEE94E10E94E78280E20E944B6EA796BD
:10FE50006CAD7DAD8EAD9FADA7974AE00E945F6E01
:10FE600051FE45C0A1962EAD3FADA1973093FD1434
:10FE70002093FC146F964EAD5FAD6F975093FB14BB
:10FE80004093FA1469968EAD9FAD6997281739078C
:10FE900050F02817390799F467962EAD3FAD679754
:10FEA0004217530760F49093FD148093FC146796F7
:10FEB0008EAD9FAD67979093FB148093FA14809159
:10FEC000FD148F938091FC148F938091FB148F937A
:10FED0008091FA148F9329E934E73F932F930F947D
:10FEE00036B90F900F900F900F900F900F90112335
:10FEF00099F080910215882309F4BAC082E095E157
:10FF00009F938F93E3E9F4E7FF93EF930F9436B950
:10FF10000F900F900F900F900E94566F0F94604FAC
:10FF200089C02DB73EB7E7963FAF2EAFE797BE012A
:10FF3000695B7F4FC5010E942A6EF401808188238E
:10FF400009F486C001900020E9F73197E819F90912
:10FF5000D5010D900020E9F7EA19FB09EA0FFB1F14
:10FF600031962DB73EB72E1B3F0B0FB6F8943EBF10
:10FF70000FBE2DBFEDB7FEB731967F016FE173E085
:10FF80008111B401C7010F94DFC0B501C7010F94FF
:10FF9000C0C06FE173E0C7010F94C0C01123A9F086
:10FFA00080910215811157C0C5019F938F93FF92D5
:10FFB000EF9228EA34E73F932F930F9436B90F90CE
:10FFC0000F900F900F900F900F901CA21FA221E096
:10FFD000A501B601CE0184960F94DF6983E2FE018C
:10FFE000B496DE01119601900D928A95E1F710FB0F
:10FFF00050F8052D20E050E040E0BE016F5F7F4FDC
:020000023000CC
:10000000C7010F94777ECE0101960E94456E1123A1
:1000100021F08FE994E70F945DB9CE0184960E9498
:10002000456EE796EEADFFADE7970FB6F894FEBFCD
:100030000FBEEDBFF60180859185A285B3858093C3
:10004000FE149093FF14A0930015B09301158CCE6D
:10005000E1E0F0E07DCF82E095E1A7CF8091031849
:100060009091041801969093041880930318E2CF9E
:100070008DEE94E145CFBE01695B7F4F8DEE94E13B
:100080000E942A6EA1962EAD3FADA1973093FD142C
:100090002093FC146F964EAD5FAD6F975093FB1499
:1000A0004093FA1469968EAD9FAD6997281739076A
:1000B00050F02817390799F467962EAD3FAD679732
:1000C0004217530760F49093FD148093FC146796D5
:1000D0008EAD9FAD67979093FB148093FA146114D3
:1000E000710459F16DEE74E1C3010F94ADC0892B19
:1000F00059F58091F70E81508093F70E0FB6F89462
:100100003EBE0FBE2DBECA58DF4F0FB6F894DEBFFD
:100110000FBECDBFDF91CF911F910F91FF90EF9058
:10012000DF90CF90BF90AF909F908F907F906F9017
:100130005F904F903F902F90089580910318909179
:10014000041848161906A9F2439474CFCF92DF928F
:10015000EF92FF920F93CF93DF93CDB7DEB7A397C4
:100160000FB6F894DEBF0FBECDBF6C0184E9E82E58
:1001700085E1F82E86E995E1D7018D939C93109245
:100180000418109203180E94406E00E00E7F0D7F4D
:10019000D701ED91FC9183E2DE01119601900D9261
:1001A0008A95E1F722E0A601BE016F5F7F4F8AEFDB
:1001B00092E00F94777ECE0101960E94456EA39641
:1001C0000FB6F894DEBF0FBECDBFDF91CF910F9178
:1001D000FF90EF90DF90CF900895EF92FF920F93F2
:1001E000CF93DF93CDB7DEB7A3970FB6F894DEBFFA
:1001F0000FBECDBF24E9E22E25E1F22E26E935E13E
:10020000D7012D933C931092041810920318B0E07C
:10021000A0E0AC01BD01E5E0440F551F661F771F4C
:10022000EA95D1F7C9010F941E4200E00E7F0D7FC1
:10023000D701ED91FC9183E2DE01119601900D92C0
:100240008A95E1F722E050E040E0BE016F5F7F4F0A
:100250008AEF92E00F94777ECE0101960E94456E60
:10026000A3960FB6F894DEBF0FBECDBFDF91CF913E
:100270000F91FF90EF900895CF92DF92EF92FF924F
:100280000F93CF93DF93CDB7DEB7A3970FB6F89454
:10029000DEBF0FBECDBF84E9C82E85E1D82E86E92A
:1002A00095E1D6018D939C9323E0E22E28E1F22E76
:1002B000F701118210820E94406E00E00E7F0D7FD8
:1002C000D601ED91FC9183E2DE01119601900D9231
:1002D0008A95E1F721E050E040E0BE016F5F7F4F7B
:1002E0008AEF92E00F94777ECE0101960E94456ED0
:1002F000F70180819181A3960FB6F894DEBF0FBEFF
:10030000CDBFDF91CF910F91FF90EF90DF90CF9015
:100310000895CF93DF938FE20E944B6EC0E0D9E047
:1003200080918B16C81760F4CD9FC0011124855CA5
:100330009A4E0E94E7828FE20E944B6ECF5FF0CF11
:1003400080910215811106C08DEE94E1DF91CF916D
:100350000C94E78282E095E1F9CFCF92DF92EF92A1
:10036000FF926B017C0188EA9CE00F947CBAAB01A0
:10037000BC014C0D5D1D6E1D7F1D88EA9CE0FF9049
:10038000EF90DF90CF900D94CABACF93DF93EC013A
:100390000F947CBA6F3F2FEF72078207920749F4E0
:1003A00040E050E0BA01CE010F94CABA60E070E0BC
:1003B000CB01DF91CF9108950F931F93CF93DF93DC
:1003C0000F94E26F882339F1209196173091971797
:1003D000E9011BEF88818B3351F5FE0161916A3091
:1003E000E9F7EF01CF01885F9E4081309240E4F051
:1003F000CE01821B930B01970F94BE6A8BE797E1A6
:100400000F94A541882339F00F94E26F28EF3EE066
:10041000E9018111E2CF88EF90E1909397178093E3
:100420009617CFEFDFEF34C01150C1F52197CE0101
:10043000821B930B01960F94BE6ACE010196C88170
:10044000D0E0009183171091841720918517309187
:10045000861740918C1750918D1760918E1770916F
:100460008F170417150726073707A8F69C01285F82
:100470003E402115324044F08BE797E10F94A541AF
:10048000882349F288EF9EE0909397178093961700
:10049000CE01DF91CF911F910F91089588818B3309
:1004A00009F498CFC3CFCF93DF93D82F84EA8093FA
:1004B000BC0088E00F944020811116C08AEE809322
:1004C000BB00C4E8C093BC0088E10F9440208111B8
:1004D0000FC0D093BB00C093BC0088E20F944020B3
:1004E000882319F083E001C081E0DF91CF91089566
:1004F00082E0FBCF8FB7F89410921718109216185D
:100500008FBF089587E69FE00F9474BA91E0811140
:1005100001C090E081E020910518211101C080E028
:1005200098139093051887E09FE00F9474BA91E0B8
:10053000811101C090E09093061885ED9EE00F9424
:1005400074BA91E0811101C090E09093071887E49C
:100550009DE00F9474BA8F3FC9F080930D188DEA17
:100560009CE00F9474BA91E0811101C090E09093E7
:1005700013188091EA0E9091EB0E909315188093CA
:1005800014180F947A8210921A18089510920D1868
:10059000E6CF80910518833021F41092051810924F
:1005A00011180F94828220E030E040EA5FE360910E
:1005B000290E70912A0E80912B0E90912C0E0F9483
:1005C00041B50F940DBD7093191860931818519888
:1005D000599A5898509A8AE0589A95E09A95F1F766
:1005E0000000589895E09A95F1F700008150A1F726
:1005F0005098589A8091B9008C7F8093B9008CE014
:100600008093B80084EA8093BC0088E00F94402077
:10061000811168C08AEE8093BB0084E88093BC009F
:1006200088E10F94402081115DC084E98093BC0073
:1006300060E08FE70E94A34B80E00E94BE4B809356
:10064000180E81E00E94BE4B8093170E9091180EF9
:100650009133B9F58139A9F567E986E00E94A34B8A
:100660008FE99FE00197F1F700C0000082E894E76E
:100670000E94EB4B8823B1F18FE39CE90197F1F7DE
:1006800000C0000061E08FE70E94A34B8FE494E775
:100690000E94EB4B882331F160E08FE70E94A34B6F
:1006A00060E089E00E94A34B80E00E94BE4B8093F3
:1006B000180E81E00E94BE4B8093170E80910601B8
:1006C000089580E00E94BE4B8093180E81E00E9446
:1006D000BE4B8093170E9091180E913319F4813907
:1006E00009F4BACF1092111883E080930518089589
:1006F000CF93DF9380911318882309F462C08FB7DA
:10070000F894C0911618D09117188FBFCE01D7FF5B
:1007100004C0882799278C1B9D0B209118183091B5
:100720001918821793074CF10F947A820E94094C92
:10073000811102C00F94C9822091EA0E3091EB0E14
:1007400080911A184091141850911518B901641B22
:10075000750B41E0161617060CF040E091E01C16F0
:100760001D060CF090E0491709F463C08F5F809379
:100770001A18309315182093141880911A188B307A
:1007800000F110921A181092071810920618109281
:10079000131820E030E0A901CA01B9010E94C688FF
:1007A00060E070E0CB010E94855985E69FE00E94E1
:1007B000346D81E09FE00E94276D8CEB9DE60F94E5
:1007C000657C6AE070E08EE098E10F942D20C82FE0
:1007D000882339F18EE098E10F9434200E94094C6F
:1007E000811102C00F94C9828091160E813130F0C0
:1007F000C1E08091150E823308F4C0E08091111899
:100800002091121830E0C2171306C1F08F5F809359
:10081000111880911118853020F010921118C09392
:10082000121881E090911118911180E0DF91CF9121
:100830000895882309F49DCF815099CF882349F3E7
:100840008150E5CF2F923F924F925F926F927F92AD
:100850008F929F92AF92BF92CF92DF92EF92FF92D0
:100860000F931F93CF93DF93CDB7DEB7ED970FB6FE
:10087000F894DEBF0FBECDBF10928D1610928C166D
:1008800010925717109256178091030180FDF1C006
:1008900089E09FE00F9474BA382E82E08093BF0203
:1008A0000F943C816C01009709F4E0C085369105F6
:1008B00070F032E0331641F08091120E811104C0C5
:1008C0008AE69CE60E9402F8F4E6CF2ED12CD09264
:1008D0008D16C0928C166EE8662E66E1762EF12C8F
:1008E000E12C76E9A72E75E1B72E88248394912C0C
:1008F0008091030180FDBDC00F94604FE114F104AD
:1009000009F0D0C090E080E00F94A6808091FE14A2
:100910009091FF14A0910015B091011555E0B69586
:10092000A795979587955A95D1F7F3018193919360
:100930003F01FFEFEF1AFF0ACE14DF04C9F621E0F2
:10094000E216F10409F492C032E0331609F48EC0C5
:100950002091120E21118AC0909357178093561739
:10096000EE9CC001EF9C900D900D11246CE57CE68F
:10097000969587950E94796630E9A32E36E1B32ECD
:10098000912C812CCC24C394D12CC4010E946C6581
:100990008C0C9D1CF5010190F081E02DF9AFE8AFC2
:1009A000CF010F94ED80809102156DEE74E18823E4
:1009B00011F062E075E1CE0101960F94DFC0609006
:1009C000FC147090FD142091FA143091FB143BAF8D
:1009D0002AAF20903715BFAAAEAA860180910301E5
:1009E00080FD47C00F94604FC80101979DAF8CAF49
:1009F000EEA9FFA952904290FFABEEABC2010F945B
:100A0000ED80809102156DEE74E1882311F062E0B3
:100A100075E131108AC080913715281283C080910A
:100A2000FC149091FD146816790609F06CC0809151
:100A3000FA149091FB142AAD3BAD8217930708F08E
:100A400066C0000F111FF801E257F94E28AD39AD0D
:100A5000318320833FEFC31AD30A82E0A80EB11C72
:100A6000EC14FD0409F091CF0E948D6581E0809324
:100A7000BF02ED960FB6F894DEBF0FBECDBFDF917B
:100A8000CF911F910F91FF90EF90DF90CF90BF908B
:100A9000AF909F908F907F906F905F904F903F901E
:100AA0002F9008954091FE145091FF14609100150D
:100AB00070910115B0929515A0929415909204181A
:100AC0008092031886E995E10F941E421E7F1D7FD8
:100AD000E0919415F091951583E2DE011196019055
:100AE0000D928A95E1F7012F22E050E040E0BE012F
:100AF0006F5F7F4F8AEF92E00F94777ECE01019671
:100B00000E94456E03CF8615970508F49ACFEEA98B
:100B1000FFA9538242820CAD1DAD0115110509F0EC
:100B20005DCF8FCF222099F38CCF31E03312EFCFFE
:100B300080913715281207C0CE0101960F94ADC0E1
:100B400097FDE5CF7ECF2110E2CF7BCFCF92DF9212
:100B5000EF92FF920F931F93CF93DF93CDB7DEB742
:100B6000A3970FB6F894DEBF0FBECDBF7C01062F52
:100B700019821C828091991596E9C92E95E1D92E8A
:100B8000811104C081E7C82E85E1D82E21E0A7019C
:100B9000B601CE0101960F94DF69182F882321F149
:100BA00080918B16853000F529E0829FC0011124C9
:100BB000B701855C9A4E0F94DFC0C7010F9403C143
:100BC00080918B16863080F183E2FE013196A6E992
:100BD000B5E101900D928A95E1F7002309F44CC02C
:100BE0000F942284102F0CC080E495E70E945E6F62
:100BF00086EA9DE60E945E6FC7010E94F38210E0C4
:100C0000CE0101960E94456E812FA3960FB6F894EF
:100C1000DEBF0FBECDBFDF91CF911F910F91FF902F
:100C2000EF90DF90CF9008958F5F80938B1693E2C3
:100C30008150C8F0282F30E0A9014F5F5F4F949F8B
:100C4000D001959FB00D1124A754BA4E929FF00188
:100C5000939FF00D1124E754FA4E292F01900D9225
:100C60002A95E1F7E5CF83E2F601A9EBB5E1019022
:100C70000D928A95E1F7A8CF81E080933A15C0CF15
:100C800093E2E1E7F5E1A6E9B5E101900D929A95CD
:100C9000E1F710928B1626E935E1309395152093F4
:100CA000941581110D94228481E080933A15089562
:100CB0008F929F92AF92BF92CF92DF92EF92FF926C
:100CC0000F931F93CF93DF93CDB7DEB72D970FB65A
:100CD000F894DEBF0FBECDBF21E735E13093951507
:100CE00020939415DC01ED91FC913097A1F481E003
:100CF0002D960FB6F894DEBF0FBECDBFDF91CF911A
:100D00001F910F91FF90EF90DF90CF90BF90AF9029
:100D10009F908F90089520812F3209F047C06C0179
:100D200080E00F944086F601008111810F5F1F4F14
:100D300096E9892E95E1992ED8018C918823B9F2F4
:100D40006FE270E0C8010F94CBC05C01009751F1D5
:100D50000817190738F57C01E01AF10ABDE0EB1617
:100D6000F10418F08CE0E82EF12CA701B801CE01B7
:100D700001960F94F4C0E1E0F0E0EC0FFD1FEE0DE2
:100D8000FF1D108260E0CE0101960F94A685882396
:100D900009F4AECF909295158092941585010F5F5E
:100DA0001F4FCACFF60111830083A1CF86E995E1D9
:100DB00090939515809394159ACFBF92CF92DF921E
:100DC000EF92FF920F931F93CF93DF931F921F9287
:100DD000CDB7DEB72091EC14222309F4EFC07C01DB
:100DE00080917E17882309F404C16111F6C0D09068
:100DF0009E17DD2021F08AE194E70E943C7280E496
:100E000095E70E945E6F81E094E70E945E6FC701E4
:100E10000E94E78286EF93E70E945E6F00919E1723
:100E200025E5029F800111240D55184E8FE2F8012F
:100E300081938F01CC24C39483E2B82E80918B16CA
:100E4000D816B0F4DB9CC0011124B80187549A4E27
:100E50000F940544C8018C010196F80120812223DA
:100E600029F0F4E5FC1510F0C394F5CFD394E6CF48
:100E700027E42C1508F4AEC0B8018BE797E10F9476
:100E8000054480919E17F5E58F9FC00111248D5573
:100E9000984E0E94E78280EF93E70E945E6F609118
:100EA000FF177091001880910118909102184AE084
:100EB0000E945F6E0E94566F80919E1724E0829F71
:100EC000F0011124E156F84E4091FF17509100189F
:100ED000609101187091021840835183628373837B
:100EE0008F5F80939E178BE797E10F94FC431092DE
:100EF000EB14FA82E982CE0101960F94588688237A
:100F000009F45CC049815A816091941570919515DE
:100F100021E08BE797E10F94DF69882309F477C01C
:100F20008BE797E10F94A541882309F470C0809165
:100F30009C1790919D178850914F9093971780938D
:100F4000961789819A810F94A68080918C17909131
:100F50008D17A0918E17B0918F178093F8179093EB
:100F6000F917A093FA17B093FB1780EC93E70E9450
:100F70005E6F0F94898188EB93E70E945E6F6091AA
:100F8000F8177091F9178091FA179091FB174AE0C2
:100F90000E945F6E0E94566F1092FF171092001809
:100FA00010920118109202188AEA93E70E94857144
:100FB0008AEA93E70E940AEE1092140E0F900F90A7
:100FC000DF91CF911F910F91FF90EF90DF90CF9025
:100FD000BF900895F801108254CF80E495E70E94F5
:100FE0005E6F8FED93E70E945E6FC7010E94F382F0
:100FF0007ACF10929E1780E495E70E945E6F8EEC88
:1010000093E70E945E6FC7010E94F38270CF82E96E
:101010009DE60E945E6F89819A810E94E7828EE23E
:101020000E944B6E0E94566FC9CF0F9488518BE778
:1010300097E10F94FC4380919E17882369F18150BA
:1010400080939E1725E5829FC001112461E08D5594
:10105000984E0F94DD86E0919E1784E0E89FF001A2
:101060001124E156F84E60817181828193816093F1
:10107000FF177093001880930118909302180F9433
:10108000047D8091EC14882371F081E08093EB144F
:1010900085E08093130E08951092EB1483E0809303
:1010A000130E0C942F820895CF92DF92EF92FF924D
:1010B0000F931F93CF93DF93082F1092EC1480911E
:1010C0007415882321F081E795E10F94FC43109279
:1010D0005B17109258170F94D31FEB010F94D57A1A
:1010E000809104018064809304012398229A219ABC
:1010F000209A289A85E08093591782E58CBD1DBC03
:101100001AE08FEF0F94D13D1150D9F72B9A20E0C0
:1011100030E0A90160E088E597E10F94DD3D809320
:101120005A17813061F00F94D31F6C1B7D0B613D0A
:10113000774068F32B9881E08093581722C02B9852
:101140000F94D31FEB018DE993E70E9485718FEF18
:101150000F94D13D0F94D63D80935A178F3F59F18C
:101160008FEF0F94D13D0F94D31F6C1B7D0B623218
:10117000710580F382E0809358178CE893E70E9412
:1011800085710F94D57A80E495E70E945E6F85E8BB
:101190009DE60E9485718091EC14882309F49AC021
:1011A000802FDF91CF911F910F91FF90EF90DF90F3
:1011B000CF900D9440862AEA31E040E050E068E0AC
:1011C00088E597E10F94DD3D82FF2BC081E080939D
:1011D0005B1780915B17C12CD12C7601823029F4EA
:1011E000C12CD12CE12C80E4F82E20E030E0A901C4
:1011F00067E388E597E10F94DD3DA701960169E279
:1012000088E597E10F94DD3D80935A178823B1F06C
:101210000F94D31F6C1B7D0B613D774030F38AE048
:101220008BCF14E00F94D63D80935A171150D1F70D
:101230008A3A11F082E080CF82E0C9CF80915B17BB
:101240008230D1F420E030E0A9016AE388E597E13B
:101250000F94DD3D882311F088E06ECF0F94D63DCA
:10126000807C803C19F483E080935B170F94D63D1B
:101270000F94D63D0F94D63D0F94D57A10925917FE
:1012800081E00F94916E81110CC080E00F94916EFB
:10129000811107C088E195E70E945E6F82E79DE6B5
:1012A00078CF6DE577E181E795E10F9455418111A4
:1012B00007C088E195E70E945E6F82E69DE669CFF0
:1012C00081E08093EC1480E495E70E945E6F87E5EF
:1012D0009DE65FCFDF91CF911F910F91FF90EF902F
:1012E000DF90CF9008954F925F926F927F928F928E
:1012F0009F92AF92BF92CF92DF92EF92FF924B01FB
:101300005C016091100E7091110E072E000C880B7D
:10131000990B0F9402B520E030E0A9010F9491BC25
:101320008823D1F010920F0ECC24CA94DC2C7601C5
:1013300098EE492E93E0592E612C712C80910F0E5E
:1013400081110AC02FEFC216D206E206F20689F416
:1013500080910E0E8230B9F4FF90EF90DF90CF9025
:10136000BF90AF909F908F907F906F905F904F90C5
:101370000895F7FCF1CF0F94D31F6C197D09683BDA
:101380007B4030F3E9CF0F94D31F681979098A099C
:101390009B09693E73408105910508F442C0809124
:1013A000120E81113AC089E893E70E945E6F609146
:1013B0000A0E70910B0E80910C0E90910D0E41E073
:1013C0000E94E06E85E893E70E945E6F60E070E047
:1013D000CB010E94C46E81E893E70E945E6FF7FC28
:1013E00052C00F94D31F4601570158EB850E5BE0A6
:1013F000951EA11CB11CA5019401261B370B480B9F
:10140000590BCA01B901A30192010F94E7BACA01AD
:10141000B9010E94C46E0E94566F0F94D31F4B01F6
:101420005C0190E080E00E94798C3FEFC316D30608
:10143000E306F30609F046C08091090E6091100E94
:101440007091110E882319F1072E000C880B990B4F
:101450000F9402B520E030E040E85FE30F949BBBBF
:101460009B01AC0160910A0E70910B0E80910C0EE5
:1014700090910D0E0F9425BE87FD60CF0F94D31F62
:101480006B017C015BCF8FE30E944B6EC4CF072EB4
:10149000000C880B990B0F9402B520E030E040E877
:1014A0005FE30F949CBB9B01AC0160910A0E7091AD
:1014B0000B0E80910C0E90910D0E0F9491BC18168E
:1014C000ECF63CCFF7FC3ACF6091100E7091110E04
:1014D000072E000C880B990B0F9402B59B01AC01F1
:1014E00060910A0E70910B0E80910C0E90910D0E72
:1014F0000F949BBB9F7720E030E040EA50E40F94CC
:1015000025BE18160CF01ACFB9CF1F93CF93DF93D7
:10151000EC01162F8091E813833009F44DC08C3113
:1015200009F451C080910D1490910E148C179D07F1
:1015300071F1D0930E14C0930D1410930F14CE01BB
:101540000E941A4DE82FF0E0EE0FFF1FEB54FD480C
:10155000859194910E948971C130D105C1F0CC3040
:1015600080E8D807A1F0C93280E8D80781F00E944E
:10157000406DCE0188279E77892B49F080911B14FE
:1015800090911C14019690931C1480931B148091CD
:10159000FA138823D9F011E01093080ECE010E94AF
:1015A0006B4E8F3F99F01093FB1382EA92E7DF9125
:1015B000CF911F910C948571109218140F949C6513
:1015C0001092060EAFCF10921714F8CF1092FB13A3
:1015D0008091070E811106C0CE01DF91CF911F913E
:1015E0000C94EF68DF91CF911F9108952F923F9255
:1015F0004F925F926F927F928F929F92AF92BF9223
:10160000CF92DF92EF92FF920F931F93CF93DF93CE
:1016100000D01F92CDB7DEB75C014B0180917E17E1
:10162000813009F0DEC080917C1781FFDAC082FD35
:10163000BCC07401212C32E0332E0091831710912D
:1016400084172091851730918617E114F10409F46D
:1016500030C18091941790919517DC0114967C907D
:101660007A94B901A80129E0769567955795479531
:101670002A95D1F774221170711025C0011511053A
:1016800011F540917F1750918017609181177091EB
:101690008217411551056105710509F0A8C08091B7
:1016A000901790919117A0919217B091931700976E
:1016B000A105B10509F0B4C08BE797E10F94B242E0
:1016C000882309F48EC0C101801B910B67018E1520
:1016D0009F0508F46C01E0919417F09195178091A3
:1016E0007F1790918017A0918117B0918217029770
:1016F000A109B109258504C0880F991FAA1FBB1F26
:101700002A95D2F74685578560897189840F951F80
:10171000A61FB71F9C01AD01270D311D411D511D95
:1017200029013A01C11432E0D30609F08AC0809140
:10173000EC0E9091ED0EA091EE0EB091EF0E4816CA
:1017400059066A067B0669F41092F40E8FEF9FEF3C
:10175000DC018093EC0E9093ED0EA093EE0EB0930F
:10176000EF0E9501B301A2018091F50E9091F60E56
:101770000F943D3E8823A9F180918317909184179F
:10178000A0918517B09186178C0D9D1DA11DB11DCF
:101790008093831790938417A0938517B09386172F
:1017A000AC0CBD1CEC18FD0848CF40918C17509133
:1017B0008D1760918E1770918F178091831790917C
:1017C0008417A0918517B0918617481759076A07A3
:1017D0007B0709F42ECF8BE797E10F941E4281110E
:1017E00028CF81E080937B178FEF9FEF81C09E0110
:1017F0002F5F3F4F0F946840882399F389819A8126
:10180000AB81BC81E0919417F09195172789203125
:1018100081F4883FEFEF9E07A105B10508F04CCF9A
:1018200080937F1790938017A0938117B0938217AE
:101830004ACF883FFFEF9F07AF07FFE0BF0780F366
:101840003BCF0115110569F540918317509184171D
:10185000609185177091861780918C1790918D17E4
:10186000A0918E17B0918F17481759076A077B0709
:10187000C0F00F94A13E882309F4B3CF81E0809398
:10188000F40E4092EC0E5092ED0E6092EE0E7092BD
:10189000EF0EA601B501C8018850914F0F949DC06D
:1018A0006BCF41E0C301B2010F94993F8111F1CF99
:1018B00098CF80918C1790918D17A0918E17B09131
:1018C0008F1780179107A207B30768F480917C17E0
:1018D00000938C1710938D1720938E1730938F17CA
:1018E000806880937C1780917C1783FD18C0C401A9
:1018F0000F900F900F900F90DF91CF911F910F914C
:10190000FF90EF90DF90CF90BF90AF909F908F901F
:101910007F906F905F904F903F902F9008958BE74E
:1019200097E10F94C7438111E2CF5BCF0F93CF9321
:10193000DF93CDB7DEB7A3970FB6F894DEBF0FBE27
:10194000CDBF20918C1630918D1682179307D8F455
:10195000613031F421503109A901481B590BCA01EA
:10196000880F991FFC01E257F94E808191810F94F5
:10197000ED80A3960FB6F894DEBF0FBECDBFDF910A
:10198000CF910F91089546E955E1509395154093F5
:101990009415821B930B019690930418809303185F
:1019A000409156175091571785E0440F551F8A955F
:1019B000E1F770E060E086E995E10F941E4200E0F7
:1019C0000E7F0D7FE0919415F091951583E2DE0175
:1019D000119601900D928A95E1F722E050E040E0E7
:1019E000BE016F5F7F4F8AEF92E00F94777ECE014A
:1019F00001960E94456EBDCF0F931F93CF93DF9347
:101A00001F921F92CDB7DEB72091EC14222369F10B
:101A10008C0180917E17882379F189EC91E70E94EF
:101A200085711092EB141A830983CE0101960F94ED
:101A300058868823D1F049815A816091941570911C
:101A4000951526E58BE797E10F94DF69811122C098
:101A500082E99DE60E945E6F89819A810E94E782F9
:101A60008EE20E944B6E0E94566F0F900F90DF9196
:101A7000CF911F910F91089510929E1780E495E7E2
:101A80000E945E6F8EEC93E70E945E6FC8010E9419
:101A9000F382C7CF81E08093E91489819A810F9402
:101AA000A68087EB91E70E945E6F0F9489810E9468
:101AB000566F8AEA93E70E9485718AEA93E70E944B
:101AC0000AEE1092140ED1CF0F931F93CF93DF9392
:101AD000EC0184E0FE0111928A95E9F723E030EAF7
:101AE0004AE050E960E388E597E10F94DD3D882303
:101AF00091F023E030EA4AE050E961E188E597E1BE
:101B00000F94DD3D882339F080E8809358170F94B7
:101B1000D57A80E02FC00F94D31F8B010F94D63D50
:101B200080935A178F3F69F40F94D31F601B710B7A
:101B30006D32714098F381E1809358170F94D57AF4
:101B4000E6CF8E3F11F08FE0F7CF8E010C5F1F4F75
:101B50000F94D63D8993C017D107D1F7CEEFD1E0CE
:101B60000F94D63D2197E1F70F94D57A8FEF0F941C
:101B7000D13D81E0DF91CF911F910F9108958F9218
:101B80009F92AF92BF92CF92DF92EF92FF920F930C
:101B90001F93CF93DF931F92CDB7DEB76B017C010C
:101BA00049015A01033019F48CE58CBD1DBC811428
:101BB0009104A104B10409F459C08E2D0E94C56D91
:101BC0008D2D0E94C56D8C2D0E94C56D60912718CA
:101BD0007091281880E290E00F94DCB810E119822F
:101BE0000130B1F188F10330B9F18FEFC81AD80A8A
:101BF000E80AF80A609127187091281880E290E0AE
:101C00000F94DCB889810E94C56D115081E0881A5B
:101C10009108A108B1080FB607FE06C0C4019F7164
:101C2000892B11F40F94604F81149104A104B10425
:101C300011F01111D4CF60912718709128188AE003
:101C400090E00F94DCB8B3CFF60180818983CDCFCB
:101C5000C6010F9474BAFACF21E030E0AE014F5FB5
:101C60005F4FC701B6010E94DAE8BFCF0F90DF9146
:101C7000CF911F910F91FF90EF90DF90CF90BF9089
:101C8000AF909F908F900895CF93DF93C5E0D8E1F8
:101C90001A8219821E868091EA0E9091EB0E988B23
:101CA0008F870F947A821D8ADF91CF910895CF920A
:101CB000DF92EF92FF9269017A012DEC3CEC4CE44B
:101CC0005EE30F949BBB2DEC3CEC4CE45EE30F9485
:101CD00041B52DEF3DEA40E05DE30F949CBBA701C9
:101CE00096010F9441B524E230EF49E150E40F949E
:101CF0009BBCFF90EF90DF90CF9008952F923F9282
:101D00004F925F926F927F928F929F92AF92BF920B
:101D1000CF92DF92EF92FF920F931F93CF93DF93B7
:101D200000D01F921F92CDB7DEB78C834A015B01B2
:101D300023E43DEC4FE25DE3CB01B4010F949BBB88
:101D40006B017C0120E030E040EA51E4C501B401C0
:101D50000F94578E562E472E382E292EA701960106
:101D6000C501B4010F94578E69837A838B83A92EA2
:101D7000BC808B2D90E09C012D5F3F4F3D832C83D9
:101D80000B2D10E08C819D81801791070CF4A1C070
:101D90002F923F924F925F92B801012E000C880B58
:101DA000990B0F9402B5A70196010F9441B59B01C1
:101DB000AC010F949CBB9B01AC0160E070E08CE037
:101DC00092E40F949BBB9F938F937F936F931F928B
:101DD00096E49F9322EA31E73F932F930E94458830
:101DE000B801660F771F6F5F7F4F072E000C880BBF
:101DF000990B0F9402B5A70196010F9441B59B0171
:101E0000AC0160E070E08CE092E40F949BBB962EF6
:101E1000872E782E692EAF929B819F932A812F93D4
:101E200039813F936F927F928F929F921F9286E4A7
:101E30008F9322EA31E73F932F930E9445882F9298
:101E40003F924F925F926F927F928F929F921F92DA
:101E500092E39F9322EA31E73F932F930E944588B4
:101E60000FB6F894DEBF0FBECDBFAF923B813F935C
:101E70008A818F9399819F93B8016F5F7F4F072E5F
:101E8000000C880B990B0F9402B5A70196010F94D3
:101E900041B59B01AC010F949CBB9B01AC0160E080
:101EA00070E08CE092E40F949BBB9F938F937F93A1
:101EB0006F931F9222E32F9382EA91E79F938F9370
:101EC0000E944588B3940FB6F894DEBF0FBECDBF15
:101ED00057CF0F900F900F900F900F90DF91CF91F1
:101EE0001F910F91FF90EF90DF90CF90BF90AF9038
:101EF0009F908F907F906F905F904F903F902F902A
:101F000008959FB7F89480E1EDEFF6E0ADE0B7E01B
:101F100001900D928A95E1F79FBF089589E0809323
:101F20001E07EFEDF1E7859194910C940AEECF93A3
:101F3000C82F8093FC1380E495E70E945E6F8CE9C4
:101F400091E70E945E6F82E991E70E945E6F8C2F9D
:101F500090E0CF910D945D7C0F931F93CF93DF930F
:101F600000D000D01F921F92CDB7DEB708EE13E06D
:101F70001D821E821F82188619821A821B821C8271
:101F8000AE014B5F5F4F6FE680E00F943E1CAE01E9
:101F90004F5F5F4F6FE681E00F943E1C8D819E8105
:101FA000AF81B885B7FD07C00F946E2001501109AD
:101FB000F9F680E009C089819A81AB81BC81B7FFC5
:101FC000F3CF0F946E2081E028960FB6F894DEBF11
:101FD0000FBECDBFDF91CF911F910F9108951F9339
:101FE000CF93DF93EC01162F0F948851FE013496A6
:101FF0002591359145915491FE0165917591859199
:1020000094910E94EF4C2896115081F70F948851BB
:10201000DF91CF911F910C94ED4C0E949E5781113E
:1020200004C083E49DE60E940AEE10921E07089504
:1020300080911514882311F081E0089580E00895BF
:102040002F923F924F925F926F927F928F929F92C8
:10205000AF92BF92CF92DF92EF92FF920F931F93B6
:10206000CF93DF93CDB7DEB72D970FB6F894DEBFD1
:102070000FBECDBFE82E412C512C32016E3190F0B5
:10208000693C08F068EC70E068517C4F90E080E0BB
:102090000F9400B520E030E04AE754E40F949BBC75
:1020A0002B013C018091C7029091C802A091C90206
:1020B000B091CA0289839A83AB83BC838091CB029F
:1020C0009091CC02A091CD028D839E83AF8320E0BE
:1020D00030E047EF50E069EE8E2D0F94981C812C74
:1020E000912C5401F12C10E001E0D12C19862F2CF9
:1020F000312C8F2D8F718887811103C0812C912CF9
:102100005401B101032C000C880B990B0F9402B5FC
:102110002BED3FE049EC50E40F9441B56A877B8793
:102120008C879D8720E030E0A901C301B2010F94A4
:1021300091BC81114DC02BED3FE049E450E46A852C
:102140007B858C859D850F949CBB20E030E040E82A
:102150005AE30F9441B50F945CBF20E030E048E7AC
:1021600053E40F9441B520E030E040E05FE30F948A
:102170009CBB0F9414BDCC24CA94C60E8C2D99859B
:10218000891B8D15F9F0801709F471C08D150CF0BD
:1021900053C08823E9F1813009F444C08F3F09F02E
:1021A00081C0E2E0F0E0EC0FFD1FE10FF11D1082B5
:1021B00000E0E5E0F0E0EC0FFD1FE10FF11DF08223
:1021C0001F5FD82E143008F456C06CC0F82E8FCF85
:1021D00020E030E040E85AE36A857B858C859D8568
:1021E0000F9441B50F945CBFA30192010F940CBFF3
:1021F00020E030E047E753E40F9441B520E030E0C1
:1022000040E05FE30F949CBB0F9414BDC62EB6CF85
:10221000E2E0F0E0EC0FFD1FE10FF11D91E0908393
:1022200001E0C7CFE2E0F0E0EC0FFD1FE10FF11D90
:1022300092E0908302E0BDCF0817A4F5823009F444
:1022400080C0833009F488C0813061F5E2E0F0E0BD
:10225000EC0FFD1FE10FF11D808301E0D12CE5E0C3
:10226000F0E0EC0FFD1FE10FF11DF0821F5F143055
:10227000C8F46894B7F888858F3109F078C0B10147
:10228000E5E075956795EA95E1F7605A6068A50104
:1022900094018E2D0F94981C81E08F0DC9869FEFBD
:1022A000F91294CF2A8130E050E040E082E0220F22
:1022B000331F441F551F8A95D1F78B80912CB12C69
:1022C000A12C94E0880C991CAA1CBB1C9A95D1F7F0
:1022D000822A932AA42AB52A8981882A8C8190E0AF
:1022E000B0E0A0E09C01AD0166E0220F331F441F67
:1022F000551F6A95D1F7282939294A295B298D81EB
:10230000382B8E81482B8F81582B68EE8E2D2D9681
:102310000FB6F894DEBF0FBECDBFDF91CF911F91F6
:102320000F91FF90EF90DF90CF90BF90AF909F9074
:102330008F907F906F905F904F903F902F900D9473
:10234000981CE2E0F0E0EC0FFD1FE10FF11D80832F
:1023500002E0DD24D39483CFE2E0F0E0EC0FFD1F38
:10236000E10FF11D808303E0F2E0DF2E78CFB69419
:10237000A7949794879490CF8F929F92AF92BF9299
:10238000CF92DF92EF92FF929091E806882309F4B2
:102390009DC0911192C00F9488510E943458609151
:1023A000BD027091BE02072E000C880B990B0F9492
:1023B00002B520919C0E30919D0E40919E0E509141
:1023C0009F0E0F9441B52AE037ED43E25CE30F9492
:1023D00041B52091F8063091F9064091FA065091E6
:1023E000FB060F949CBB6093F8067093F9068093EC
:1023F000FA069093FB0688EF96E00F94A052C090E7
:10240000B902D090BA02E090BB02F090BC0220E08A
:1024100030E040E752E46091A00E7091A10E8091EF
:10242000A20E9091A30E0F9441B56093B9027093E0
:10243000BA028093BB029093BC0281E08093E806CD
:1024400090E080E00E94885D20E030E0A90160918A
:10245000A40E7091A50E8091A60E9091A70E0F94D8
:1024600091BC882311F10F9488512091A40E3091D2
:10247000A50E4091A60E5091A70E6091F4067091A2
:10248000F5068091F6069091F7060F949BBB60933A
:10249000F4067093F5068093F6069093F7060F9472
:1024A0000F6190E080E00E94885DC092B902D092F6
:1024B000BA02E092BB02F092BC02FF90EF90DF9074
:1024C000CF90BF90AF909F908F9008959923A9F3DC
:1024D0000F9488510E9434588090B9029090BA02AB
:1024E000A090BB02B090BC0220E030E040E752E494
:1024F0006091AC0E7091AD0E8091AE0E9091AF0ECA
:102500000F9441B56093B9027093BA028093BB02F5
:102510009093BC02C090A40ED090A50EE090A60EA1
:10252000F090A70E20E030E0A901C701B6010F949A
:1025300091BC8823E1F0A70196016091F4067091A7
:10254000F5068091F6069091F7060F949CBB609378
:10255000F4067093F5068093F6069093F7060F94B1
:102560000F6190E080E00E94885D0F948851209177
:10257000A80E3091A90E4091AA0E5091AB0E609119
:102580009C0E70919D0E80919E0E90919F0E0F94C7
:102590009CBB6B017C016091BD027091BE02072E55
:1025A000000C880B990B0F9402B59B01AC01C7017D
:1025B000B6010F9441B52AE037ED43E25CE30F9496
:1025C00041B59B01AC016091F8067091F9068091CC
:1025D000FA069091FB060F949BBB6093F8067093EC
:1025E000F9068093FA069093FB0688EF96E00F9425
:1025F000A0521092E80690E080E00E94885D8092F0
:10260000B9029092BA02A092BB02B092BC0255CF1E
:10261000EF92FF920F931F93CF93C82F8B0180915E
:102620000901C130B9F0C230C1F08170481721F002
:10263000642F8C2F0F94FB1B8BE9E82E8FE0F82E74
:102640000150110970F08C2F0F94EA1BC7010197FC
:10265000F1F7F6CF86958C27E8CF82FB882780F9A3
:10266000E5CFCF911F910F91FF90EF9008958F923A
:102670009F92AF92BF92CF92DF92EF92FF920F9311
:102680001F93CF93C82F8A01C62ED12C1F934F932F
:1026900083E08F9388EE8F931F9282E08F931F9237
:1026A0006F931F92CF9389E590E79F938F930F9439
:1026B00036B98DB79EB70C960FB6F8949EBF0FBE75
:1026C0008DBF90E080E040E051E0282FBA01082E55
:1026D00002C0769567950A94E2F70617170729F066
:1026E00001968830910589F728E0E22EF12C88E0E8
:1026F00090E08E199F0924E030E0590102C0AA0C35
:10270000BB1C8A95E2F78C2F0F94C21C9C0190E0B1
:10271000C43028F4EC2FF0E0E95DFC4F90810E2CE2
:1027200002C0369527950A94E2F78601021B130B27
:1027300095013695279561E02017310774F19111C5
:1027400060E017FF05C081E0682711950195110928
:102750008C2F0F94FB1B8C2F0F94C21CB12CA12C1F
:102760002BE9822E2FE0922E0A151B05F1F02FEF98
:10277000A21AB20A0E2C02C0969587950A94E2F727
:102780008C159D0591F08C2F0F94EA1BC4010197C5
:10279000F1F78C2F0F94C21CE7CF911101C060E0BC
:1027A000C501801B910B8C01CCCFCF911F910F9154
:1027B000FF90EF90DF90CF90BF90AF909F908F9061
:1027C00008952F923F924F925F926F927F928F92D5
:1027D0009F92AF92BF92CF92DF92EF92FF920F93B0
:1027E0001F93CF93DF934C01262EC42F5901D02F76
:1027F000009709F048C085012D2F44E05CE667E0B2
:102800007CE68C2F0E940DEFD12CC12C0F94D31F8E
:102810002B013C010E94DD6884E08093BF027601B9
:1028200084E6382E82E390E00E94798C211032C039
:102830008091E6069091E7060097C9F50E94E2684C
:10284000882309F45DC0E114F10409F055C082E069
:102850008093BF0291E09093B8028093B7028C2FCF
:10286000DF91CF911F910F91FF90EF90DF90CF906C
:10287000BF90AF909F908F907F906F905F904F90A0
:102880003F902F9008950E94E0F36C01892B09F08E
:10289000BDCFB1CF0F94D31F64197509860997096D
:1028A000613375478105910518F2CFEFD0CFE11460
:1028B000F104F9F4A114B104B1F097FF10C0C111F3
:1028C000C15085012D2F44E05CE667E07CE68C2F4B
:1028D0000E940DEF1092E7061092E606AFCFC230CD
:1028E00081F3CF5FEECFC92FC095CC1FCC27CC1F73
:1028F000E8CF87E00F94F63AC114D10459F490CF91
:102900003A9431108FCFC114D10441F0E114F10495
:1029100009F47401C7010E94E0F37C01E114F104A1
:1029200009F07ECF85012D2F44E05CE667E07CE670
:102930008C2F0E940DEF74CF10921D14EEE1F4E184
:1029400084ECDF011D928A95E9F708952F923F925A
:102950004F925F926F927F928F929F92AF92BF92AF
:10296000CF92DF92EF92FF920F931F93CF93DF935B
:1029700000D01F92CDB7DEB74B015C01042F81E080
:102980008093E5068091E40610E0813019F40E94FE
:10299000A95611E02091B6022A8381E08093B60205
:1029A00080E00F94D13A89830F94DF3A8092F40645
:1029B0009092F506A092F606B092F70665E575E5E9
:1029C00085E591E40E940F4D0E944D4F0F94DF3A30
:1029D0008C83882309F4F9C08091060186FFF5C035
:1029E0001B82C12CD12C7601312C8B81801708F0F1
:1029F000A8C06091F4067091F5068091F60690915A
:102A0000F70620E030E040E05FE3311004C02DEC39
:102A10003CEC4CE45EE30F949CBB2B013C014092E8
:102A2000F4065092F5066092F6067092F70665E598
:102A300075E585E591E40E940F4D8092F406909231
:102A4000F506A092F606B092F70665E575E585E510
:102A500090E40E940F4D0E944D4FA301920160919E
:102A6000F4067091F5068091F6069091F7060F94A2
:102A70009BBB9F772DEC3CEC4CEC5CE30F9491BC42
:102A800087FF16C060E070E080E09FE30E94615F16
:102A90008092F4069092F506A092F606B092F706A0
:102AA00065E575E585E590E40E940F4D0E944D4F68
:102AB0000F94DF3A282E882309F487C080910601FD
:102AC00086FF83C04090F4065090F5066090F606AD
:102AD0007090F7062B812223D9F0622F70E090E0EE
:102AE00080E00F9402B59B01AC01C701B6010F94C1
:102AF0009BBC9B01AC01C301B2010F949BBB9F77B0
:102B00002DEC3CEC4CE45DE30F9425BE181664F00C
:102B1000A3019201C701B6010F949CBB6B017C011C
:102B20002B812F5F2B8361CF31104FC084EF91E059
:102B30000E94798C322C8FEF8B83C12CD12C7601A3
:102B4000EFCF023068F5C092F406D092F506E0921D
:102B5000F606F092F7068A818093B60289810F9477
:102B6000D13A112319F080E00E94A9561092E5068F
:102B70008C810F900F900F900F90DF91CF911F914C
:102B80000F91FF90EF90DF90CF90BF90AF909F900C
:102B90008F907F906F905F904F903F902F9008950F
:102BA000602F70E090E080E00F9400B59B01AC01D5
:102BB000C701B6010F949BBC6093F4067093F506B1
:102BC0008093F6069093F706C6CF2A812093B6022B
:102BD00089810F94D13A112319F080E00E94A956FF
:102BE0001092E5061C82C4CF2F923F924F925F92C3
:102BF0006F927F928F929F92AF92BF92CF92DF920D
:102C0000EF92FF920F931F93CF93DF93CDB7DEB771
:102C1000CE5CD1090FB6F894DEBF0FBECDBF182F22
:102C200081E00E94A95681E00E94D889111104C058
:102C30000F948D250E94AC6D80E00E945A640F9421
:102C40009C940E9487521092E3061092E206E9EEED
:102C5000F6E083E0DF011D928A95E9F781E00E94AA
:102C6000E156C755DF4F99838883C95AD0408AEF10
:102C70009BE60E94E0F360E070E080EA90E40E944E
:102C8000E05F0E94345850E040E061E080E00E9444
:102C90009B7250E040E061E081E00E949B720F94E3
:102CA0000F610F94ED3A1092B60220E030E040EA56
:102CB00050E46091EC067091ED068091EE069091E3
:102CC000EF060F949CBB6093EC067093ED06809327
:102CD000EE069093EF0620E030E040EA50E4609189
:102CE000F0067091F1068091F2069091F3060F9430
:102CF0009CBB6093F0067093F1068093F20690936C
:102D0000F30660E070E080EA91E40F9469650F9447
:102D100088510E949263E5968FAFE597811104C0B8
:102D2000E5961FAEE5977AC480EC9BE60E9402F818
:102D3000112309F450C440E060E082E29AE60E9468
:102D40005EEF882321F08DEF99E60E9402F880E97A
:102D50009BE60E94E0F34FE35DE663E080E00E94C3
:102D600034610E94BC56111120C084E08093BF02E0
:102D700041E060E082E29AE60E945EEF811104C0C9
:102D800085ED99E60E9402F88AED9AE60E9402F823
:102D900082E08093BF0280E79BE60E94E0F347E376
:102DA0005DE663E080E00E9434610091B60210921B
:102DB000B60260E070E080E89FEB0E94615FC12C8A
:102DC000D12C80EAE82E80E4F82EC092F406D0924E
:102DD000F506E092F606F092F70681E08093B602DF
:102DE00084E00F94251E60E070E080EA91E40F9487
:102DF00069650F9488510F94F61D0093B60282E026
:102E00000F941D302DEC3CEC44EA50E40F9491BC3F
:102E100018160CF4E7C382E00F941D3023E333E36C
:102E20004BE950E40F9425BE87FDDCC31111DFC3CD
:102E300080E10E9430EA81EA9DE00F9474BABBE021
:102E40008B9FC001112470E060E0805B924F0F9473
:102E5000B6BA0E94BC56EEE1F4E184ECDF011D92AB
:102E60008A95E9F78DE79FE60E945E6F81E090E02A
:102E70000F945D7C80E79BE60E94E0F3C092F4062D
:102E8000D092F506E092F606F092F706B2E0E196EF
:102E9000BFAFE19728E53FE6CD56DF4F3983288362
:102EA000C359D0404DE154E1CF56DF4F5983488399
:102EB000C159D040A0965FAF4EAFA097E0963FAF0C
:102EC0002EAFE097A7961FAEA797312C212C0E941A
:102ED000BC5663E080E00E948760BFEF2B1A3B0A7C
:102EE0003F922F92E8E7FFE6FF93EF930E9438604E
:102EF00065E575E585E591E40E940F4DE096EEAD40
:102F0000FFADE09785919591A591B4918093EC06E2
:102F10009093ED06A093EE06B093EF06E096EEAD2B
:102F2000FFADE097349685919591A591B4918093EA
:102F3000F0069093F106A093F206B093F30660E0DA
:102F400070E088E492E40E940F4D4DED5DE65F93E2
:102F50004F930F9436B94CEC5DE663E084E00E9439
:102F600034610F948D250F94885180916F008D7F6F
:102F700080936F000FB6F894A895809160008861E7
:102F800080936000109260000FBE1092E1061092D4
:102F9000E0068FE497EC9093DF068093DE06AAE4C8
:102FA000B7ECB093DD06A093DC06009115071091F5
:102FB000160720911707309118074091110750917B
:102FC0001207609113077091140780910D0790917B
:102FD0000E07A0910F07B09110073F932F931F93F7
:102FE0000F937F936F935F934F93BF93AF939F9391
:102FF0008F93ECE7FEE6FF93EF930F9436B9409082
:103000000D0750900E0760900F0770901007B42CBA
:10301000A52C8091110790911207A0911307B091F0
:103020001407A6968CAF9DAFAEAFBFAFA697A39681
:103030009FACA397A4968FACA497C0901507D0908F
:103040001607E0901707F09018070FB6F894DEBF48
:103050000FBECDBFB5E0CB16B7EFDB060CF43EC319
:103060001A8219821F921F92E3E0EF93F4E8FF9314
:103070001F9224E62F93DF92CF928F929F92AF926E
:10308000BF9243EF5DE65F934F930F9436B90FB64F
:10309000F894DEBF0FBECDBF89819A81803D9240FA
:1030A00008F4E7C289819A81803A954010F00D9426
:1030B00039A79E012F5F3F4F790110E000E02CE718
:1030C0003CEFA60144565109692D782D8B2D9A2D80
:1030D0000F949174882311F40D9439A789819A81F2
:1030E00080539D4FC0901507D0901607E0901707AA
:1030F000F090180700911107109112072091130703
:103100003091140740910D0750910E0760910F0701
:10311000709110079F938F93DF92CF921F930F931D
:103120005F934F9388E59EE69F938F930F9436B9F4
:103130004091150750911607609117077091180775
:103140004854510900E028EC30E0A3966FADA397F6
:10315000A4967FADA497C2010E9468E720910D0755
:1031600030910E0740910F07509110076E962CAFCB
:103170003DAF4EAF5FAF6E978091110790911207F0
:10318000A0911307B0911407AE968CAF9DAFAEAF70
:10319000BFAFAE97209115073091160740911707E2
:1031A00050911807E9962CAF3DAF4EAF5FAFE9974E
:1031B000AFE1BBE00FB6F894DEBF0FBECDBF90E02D
:1031C00080E0FC01ED50F149259134912D933D9320
:1031D000FC01E552F1492591349157963C932E9389
:1031E000569702968831910561F7E7964EAD5FAD2F
:1031F000E797AC966EAD7FADAC976C968EAD9FADFC
:103200006C970F94CD752FE137E0A4963FAF2EAFAA
:10321000A4977901A0E29A2EBEE9CB2EBEE6DB2E62
:1032200003EF1FE65701F0E28F2ED5018D915D016E
:103230001F928F93DF92CF920F9436B98A940F909A
:103240000F900F900F908110F0CF1F930F930F945A
:1032500036B99A94B0E2EB0EF11C0F900F909110DA
:10326000E1CF1F930F930F9436B96FE17BE00F907E
:103270000F90EFE1F7E090E080E050E040E0219136
:1032800021116BC44F5F5F4F6E177F07C1F79A0123
:10329000280F391F25383340A4F0433351058CF0F3
:1032A0008333910574F020E034E0241B350B281B98
:1032B000390B241735072CF41DEF281739070CF4A8
:1032C0003DC266961FAE669762961FAE62972296C3
:1032D0001FAE22971982AE014F5A5F4FBE016B5A43
:1032E0007F4F8FE19BE00F94B46D082FAE014F5FCD
:1032F0005F4FBE016F5B7F4F87E39BE00F94B46D20
:1033000066966FAD669762961FAD6297801728F03C
:1033100022966FAD22971981082F083508F422C430
:1033200070E090E080E00F9402B520E030E040EBE8
:1033300050E40F949CBB2B013C0165964CAE5DAEF6
:103340006EAE7FAE6597612F70E090E080E00F94E5
:1033500002B520E030E040EB50E40F949CBB4B0101
:103360005C0125968CAE9DAEAEAEBFAE259720E03B
:1033700030E040E950E429833A834B835C83AE011B
:103380004F5F5F4FBE016F5B7F4FCE018F5A9F4FE4
:103390000F941171A301920165966CAD7DAD8EAD58
:1033A0009FAD65970F949BBB6B017C019F7720E0DD
:1033B00030E040E450E40F9425BE181634F1A50126
:1033C000940125966CAD7DAD8EAD9FAD25970F9484
:1033D0009BBB9F7720E030E040E450E40F9425BE93
:1033E00018169CF020E030E040EA50E469817A81D0
:1033F0008B819C810F949BBB9F7720E030E040E461
:1034000050E40F9425BE1816BCF520E030E040EAE9
:1034100050E469817A818B819C810F949BBB9F933F
:103420008F937F936F93A501940125966CAD7DAD2D
:103430008EAD9FAD25970F949BBB9F938F937F93EA
:103440006F93FF92EF92DF92CF928FEB9EE69F9366
:103450008F930F9436B965964CAE5DAE6EAE7FAE6F
:10346000659725968CAE9DAEAEAEBFAE25970FB6D6
:10347000F894DEBF0FBECDBF20E030E048E751E456
:1034800065966CAD7DAD8EAD9FAD65970F949BBB82
:1034900020E030E040E852E40F9441B56B017C013C
:1034A0006C96AEADBFAD6C97BD01BB0F880B990B91
:1034B0000F9402B59B01AC01C701B6010F949CBBF0
:1034C0006B017C016596CCAEDDAEEEAEFFAE6597CE
:1034D00020E030E048E751E425966CAD7DAD8EAD3F
:1034E0009FAD25970F949BBB20E030E040E852E46D
:1034F0000F9441B54B015C01AC96EEADFFADAC97BE
:10350000BF01FF0F880B990B0F9402B59B01AC0113
:10351000C501B4010F949CBB25966CAF7DAF8EAFF7
:103520009FAF25972AE037ED43E25CE30F9441B566
:103530009F938F937F936F932AE037ED43E25CE391
:10354000C701B6010F9441B59F938F937F936F93FB
:1035500083EA9EE69F938F930F9436B920E030E084
:1035600040E05FE325966CAD7DAD8EAD9FAD2597B8
:103570000F949CBB0F940DBD6B0120E030E040E048
:103580005FE365966CAD7DAD8EAD9FAD65970F9495
:103590009CBB0F940DBDCB0100E028EC30E0E7961A
:1035A0004EAD5FADE797B6010E9468E70FB6F8949D
:1035B000DEBF0FBECDBF10E08FEF9DE0A496AEAD95
:1035C000BFADA4971D92A496BFAFAEAFA4978A17C4
:1035D0009B07A1F7B3C080E79BE60E94E0F34BE3B3
:1035E0005DE6BBCB89E89FE60E9402F899CBC75500
:1035F000DF4F88819981C95AD0400E94C7560E94E6
:1036000020510E945C4F0E945775E5968FAFE59759
:10361000882309F485CB84E00E9485EA81E00E943A
:103620005A6480E00E94A95680E00E94D889E596FD
:103630008FADE597C253DF4F0FB6F894DEBF0FBED4
:10364000CDBFDF91CF911F910F91FF90EF90DF9051
:10365000CF90BF90AF909F908F907F906F905F9032
:103660004F903F902F900895E1E0E196EFAFE19702
:1036700011CCFE0131967F0110E000E024E833E038
:10368000A601692D782D8B2D9A2D0F949174882386
:1036900009F408CD89819A8125CD89819A81803468
:1036A0009B40B8F4CE0101967C0104EB10E02CE7BE
:1036B0003CEFA6014C525140692D782D8B2D9A2D4F
:1036C0000F949174882329F089819A818059974FAA
:1036D00009CD90E9C91A91E0D90ABCCC009115072F
:1036E0001091160720911707309118074091110784
:1036F00050911207609113077091140780910D0784
:1037000090910E07A0910F07B09110073F932F9350
:103710001F930F937F936F935F934F93BF93AF93D9
:103720009F938F938BE29EE69F938F930F9436B96E
:103730000FB6F894DEBF0FBECDBF1FEF8BE09FE644
:103740009F938F930F9436B963E084E00E94876063
:1037500080E10E9455600E943E5888E198E20FB6D1
:10376000F894A895809360000FBE909360008091BC
:10377000600080648093600080916F00826080931D
:103780006F000F900F901D3F09F4EEC11F3F11F421
:103790000D94FEA620E030E0A901A096EEADFFADAD
:1037A000A09761817281838194810F9441B52091AA
:1037B000EC063091ED064091EE065091EF060F9425
:1037C0009CBBA096AEADBFADA09711966D937D93B7
:1037D0008D939C931497C090F006D090F106E090E2
:1037E000F206F090F30620E030E0A90115966D9105
:1037F0007D918D919C9118970F9441B5A7019601E9
:103800000F949CBBA096EEADFFADA0976583768329
:103810008783908720E030E040E850ECC701B60194
:103820000F9491BC87FF0CC080E090E0A0E8B0EC62
:103830008093F0069093F106A093F206B093F306FE
:1038400020E030E040E450E46091F4067091F50629
:103850008091F6069091F7060F949CBB6093F40656
:103860007093F5068093F6069093F706E0962EADDA
:103870003FADE097285F3F4FE0963FAF2EAFE09718
:10388000A0964EAD5FADA097485F5F4FA0965FAF2B
:103890004EAFA09754E02516310409F018CBA79637
:1038A0006FADA797662331F0E1968FADE197813038
:1038B00009F0DACE86E19DE69F938F930F9436B997
:1038C00090E080E00E94798C0F900F9020E030E033
:1038D00040E950EC609122147091231480912414DB
:1038E000909125140F9491BC87FF45C187E59FE611
:1038F0000E94857185E29FE60E945E6F60912214AE
:1039000070912314809124149091251442E00E9418
:10391000E06E81E29FE60E945E6F60E070E080E909
:1039200090EC0F94CA7A92E0AF969FAFAF97109247
:103930004E1410924F141092501410925114109271
:103940005214109253141092541410925514A4E669
:10395000E696AFAFE697A2961CAE1DAE1EAE1FAEAA
:10396000A297A6961CAE1DAE1EAE1FAEA697FE0178
:1039700031966896FFAFEEAF68979E012F5B3F4F81
:103980006A963FAF2EAF6A97A6966CAD7DAD8EADB1
:103990009FADA6970F9496BC6E966CAF7DAF8EAF21
:1039A0009FAF6E97A6966CAD7DAD8EAD9FADA69781
:1039B0000F945CBFCB57DF4F688379838A839B83E7
:1039C000C558D040A2966CAD7DAD8EAD9FADA2978F
:1039D0000F9496BCC757DF4F688379838A839B8394
:1039E000C958D040A2966CAD7DAD8EAD9FADA2976B
:1039F0000F945CBFCB56DF4F688379838A839B83A8
:103A0000C559D0406896AEADBFAD6897E0E41D9251
:103A1000EA95E9F780E16A96AEADBFAD6A971D926F
:103A20008A95E9F790E080E00E94798C20914E140D
:103A300030914F144091501450915114C555DF4F9F
:103A4000288339834A835B83CB5AD04080915214B8
:103A500090915314A0915414B0915514C155DF4F57
:103A600088839983AA83BB83CF5AD040DE01AF5BA2
:103A7000BF4FC756DF4FB983A883C959D040FE0155
:103A80003196AC96FFAFEEAFAC9700E0CB56DF4F70
:103A9000288139814A815B81C559D0405058ED96C3
:103AA0002CAF3DAF4EAF5FAFED97C757DF4F88816B
:103AB0009981AA81BB81C958D040B058C358DF4F03
:103AC00088839983AA83BB83CD57D040CB57DF4FE0
:103AD000288139814A815B81C558D0405058CF57E1
:103AE000DF4F288339834A835B83C158D040AC962B
:103AF0002EAC3FACAC9710E07DE1472E74E1572E21
:103B0000E4E07E2EC12CD12C7601013011F40D940D
:103B1000ADA7113011F40D945BA7002311F40D949F
:103B20009BA7023061F5D20111962D913D914D91E7
:103B30005C911497CF57DF4F688179818A819B818F
:103B4000C158D0400F9441B54B015C01111125C003
:103B500060E070E080E89FE335C02F3F09F094CB30
:103B6000019692CB1FEF28CDE596BFADE597A796BE
:103B7000BFAFA7970FCEAF961FAEAF97D8CEF201CB
:103B80002581368147815085C358DF4F688179810F
:103B90008A819B81CD57D040D5CF123011F00D9442
:103BA000A5A6D20111962D913D914D915C9114974E
:103BB000CF57DF4F688179818A819B81C158D0407E
:103BC0000F9441B59B01AC01C501B4010F9441B5FF
:103BD0009B01AC01C701B6010F949CBB6B017C013A
:103BE00001110D94A9A77A94F8E04F0E511C7110A1
:103BF0008CCFD101CD92DD92ED92FD921D011F5F20
:103C0000143009F079CF48E5242E4FE6342EEDE14B
:103C1000F4E1A896FFAFEEAFA897C357DF4F188225
:103C2000CD58D040C356DF4F1882CD59D040CF5524
:103C3000DF4F1882C15AD04010E0A896AEADBFAD9C
:103C4000A89711962D913D914D915C911497E49612
:103C50002CAF3DAF4EAF5FAFE49715964D905D90A2
:103C60006D907C901897002311F40D94D8A6812CA8
:103C7000912C5401013081F0023011F00D94CCA64A
:103C8000CF57DF4F688179818A819B81C158D040AD
:103C90000F9441B54B015C01E4962CAD3DAD4EADAA
:103CA0005FADE4976E966CAD7DAD8EAD9FAD6E97BA
:103CB0000F9441B56B017C01F1012591359145913E
:103CC0005491CB55DF4F288339834A835B83C55A90
:103CD000D040A3019201CB56DF4F688179818A8160
:103CE0009B81C559D0400F9441B59B01AC01C701E0
:103CF000B6010F949BBBC555DF4F288139814A819E
:103D00005B81CB5AD0400F949CBBCB55DF4F2881B1
:103D100039814A815B81C55AD0400F949BBBA50174
:103D200094010F9441B5C357DF4F2881CD58D0403F
:103D3000C356DF4F3881CD59D040CF55DF4F488132
:103D4000C15AD040512F0F949CBBC357DF4F68839B
:103D500079838A839B83CD58D040002311F40D943E
:103D6000E0A6013011F40D94E5A6023061F0A30144
:103D70009201ED966CAD7DAD8EAD9FADED970F943C
:103D800041B56B017C01F101349685909590A59029
:103D9000B490E4962CAD3DAD4EAD5FADE497CB57FE
:103DA000DF4F688179818A819B81C558D0400F940B
:103DB00041B5E4966CAF7DAF8EAF9FAFE497A301A2
:103DC0009201C757DF4F688179818A819B81C958E9
:103DD000D0400F9441B59B01AC01E4966CAD7DAD34
:103DE0008EAD9FADE4970F949CBBC155DF4F2881EA
:103DF00039814A815B81CF5AD0400F949CBBA50189
:103E000094010F949BBBA70196010F9441B5C35732
:103E1000DF4F288139814A815B81CD58D0400F9492
:103E20009CBBC357DF4F6883CD58D040C356DF4F8C
:103E30007883CD59D040CF55DF4F8883C15AD040C9
:103E4000192FA8964EAD5FADA897485F5F4FA89613
:103E50005FAF4EAFA89758E0250E311CADE3B4E13B
:103E6000A896EEADFFADA897AE17BF0709F0E5CE57
:103E70009058C756DF4FA881B981C959D0406D937A
:103E80007D938D939D93C756DF4FB983A883C959FE
:103E9000D0400F5FAC96EEADFFADAC977096AC9690
:103EA000FFAFEEAFAC97043009F021CE25962CADD4
:103EB0003DAD4EAD5FAD2597AE962CAF3DAF4EAF4D
:103EC0005FAFAE978D819E81AF81B885E4968CAF50
:103ED0009DAFAEAFBFAFE49729853A854B855C8532
:103EE000ED962CAF3DAF4EAF5FAFED978D859E85C4
:103EF000AF85B889C358DF4F88839983AA83BB8372
:103F0000CD57D04029813A814B815C81CF57DF4F1B
:103F1000288339834A835B83C158D04029968CAD6E
:103F20009DADAEADBFAD2997CB57DF4F8883998349
:103F3000AA83BB83C558D04029893A894B895C89BB
:103F4000C757DF4F288339834A835B83C958D040E2
:103F5000898D9A8DAB8DBC8DCB56DF4F888399832D
:103F6000AA83BB83C559D0402D8D3E8D4F8D58A15E
:103F7000C756DF4F288339834A835B83C959D040B2
:103F80008D899E89AF89B88DC357DF4F8883998308
:103F9000AA83BB83CD58D0402D962CAD3DAD4EAD00
:103FA0005FAD2D97C356DF4F288339834A835B83E8
:103FB000CD59D04089A19AA1ABA1BCA1CF55DF4F6B
:103FC00088839983AA83BB83C15AD0402DA13EA187
:103FD0004FA158A5CB55DF4F288339834A835B8394
:103FE000C55AD0408DA59EA5AFA5B8A9CD54DF4F29
:103FF00088839983AA83BB83C35BD04029A53AA554
:104000004BA55CA5C954DF4F288339834A835B8362
:10401000C75BD04061968CAD9DADAEADBFAD619735
:10402000C554DF4F88839983AA83BB83CB5BD04081
:1040300029A93AA94BA95CA9C154DF4F2883398328
:104040004A835B83CF5BD0408DA99EA9AFA9B8AD51
:10405000CD53DF4F88839983AA83BB83C35CD04051
:1040600029AD3AAD4BAD5CADC953DF4F28833983E1
:104070004A835B83C75CD04021968CAD9DADAEADCD
:10408000BFAD2197C553DF4F88839983AA83BB8334
:10409000CB5CD04014E6C12CD12C760146015701EF
:1040A00026013701A3019201E4966CAD7DAD8EAD82
:1040B0009FADE4970F9441B59B01AC01AE966CADFA
:1040C0007DAD8EAD9FADAE970F949BBB2B013C0198
:1040D000A5019401ED966CAD7DAD8EAD9FADED97D4
:1040E0000F9441B59B01AC01C301B2010F949BBB7E
:1040F0002B013C01A7019601C358DF4F68817981EC
:104100008A819B81CD57D0400F9441B59B01AC0172
:10411000C301B2010F949BBBCF57DF4F2881398178
:104120004A815B81C158D0400F949BBC6E966CAFA6
:104130007DAF8EAF9FAF6E97C757DF4F2881398114
:104140004A815B81C958D0400F9441B59B01AC01B5
:10415000CB57DF4F688179818A819B81C558D040D8
:104160000F949BBB2B013C01A5019401CB56DF4F63
:10417000688179818A819B81C559D0400F9441B56E
:104180009B01AC01C301B2010F949BBB4B015C01CD
:10419000A7019601C756DF4F688179818A819B818B
:1041A000C959D0400F9441B59B01AC01C501B40180
:1041B0000F949BBBC357DF4F288139814A815B81B4
:1041C000CD58D0400F949BBC2B013C01CF55DF4F05
:1041D000288139814A815B81C15AD0406E966CAD8D
:1041E0007DAD8EAD9FAD6E970F9441B59B01AC0137
:1041F000C356DF4F688179818A819B81CD59D04038
:104200000F949BBB4B015C01CB55DF4F288139815B
:104210004A815B81C55AD040C301B2010F9441B5B8
:104220009B01AC01C501B4010F949BBB4B015C0128
:10423000A7019601CD54DF4F688179818A819B81E6
:10424000C35BD0400F9441B59B01AC01C501B401E3
:104250000F949BBBC954DF4F288139814A815B8110
:10426000C75BD0400F949BBC4B015C01C154DF4F36
:10427000288139814A815B81CF5BD0406E966CADDD
:104280007DAD8EAD9FAD6E970F9441B59B01AC0196
:10429000C554DF4F688179818A819B81CB5BD04097
:1042A0000F949BBB6B017C01CD53DF4F288139817B
:1042B0004A815B81C35CD040C301B2010F9441B518
:1042C0009B01AC01C701B6010F949BBB6B017C0144
:1042D000C953DF4F288139814A815B81C75CD04057
:1042E000C501B4010F9441B59B01AC01C701B601F2
:1042F0000F949BBBC553DF4F288139814A815B8175
:10430000CB5CD0400F949BBC6B017C01115009F039
:10431000C9CE6E962CAD3DAD4EAD5FAD6E97C55519
:10432000DF4F688179818A819B81CB5AD0400F947D
:104330009CBB60934E1470934F14809350149093D1
:104340005114A3019201C155DF4F688179818A819F
:104350009B81CF5AD0400F949CBB609352147093B2
:1043600053148093541490935514A5019401A69668
:104370006CAD7DAD8EAD9FADA6970F949CBBA69600
:104380006CAF7DAF8EAF9FAFA697A7019601A296A7
:104390006CAD7DAD8EAD9FADA2970F949CBBA296E8
:1043A0006CAF7DAF8EAF9FAFA297E6969FADE697BD
:1043B0009150E6969FAFE6979111E6CAA6966CAD2E
:1043C0007DAD8EAD9FADA6970F9496BC60933E14C5
:1043D00070933F148093401490934114A6966CAD53
:1043E0007DAD8EAD9FADA6970F945CBF60934214D8
:1043F000709343148093441490934514A2966CAD2B
:104400007DAD8EAD9FADA2970F945CBF9058609329
:104410004614709347148093481490934914A296BD
:104420006CAD7DAD8EAD9FADA2970F9496BC6093A1
:104430004A1470934B1480934C1490934D14A69689
:104440002CAD3DAD4EAD5FADA697A2966CAD7DADEA
:104450008EAD9FADA2970F949BBB4B015C017C017D
:104460006B01E894F7F821EE3EE245E652E4A296AD
:104470006CAD7DAD8EAD9FADA2970F9441B59F936E
:104480008F937F936F9321EE3EE245E652E4C501A0
:10449000B4010F9441B59F938F937F936F9382ECF8
:1044A0009CE69F938F930F9436B9B701A60180E6DF
:1044B0009FE00F94AABA0FB6F894DEBF0FBECDBF2F
:1044C0002FE132E449E05BE3C701B6010F9425BE5A
:1044D00010E0181664F425E33AEF4EE85BE3C701F9
:1044E000B6010F9425BE12E018160CF011E025E37A
:1044F0003AEF4EE85BE3A6966CAD7DAD8EAD9FAD19
:10450000A6979F770F9425BE18160CF466C425E372
:104510003AEF4EE85BE3A2966CAD7DAD8EAD9FADFC
:10452000A2979F770F9425BE18160CF456C42091BD
:104530003E1430913F144091401450914114AE9676
:104540002CAF3DAF4EAF5FAFAE97809146149091C8
:104550004714A0914814B0914914E9968CAF9DAFCF
:10456000AEAFBFAFE99720914E1430914F144091F8
:10457000501450915114E4962CAF3DAF4EAF5FAF45
:10458000E4978091421490914314A0914414B09107
:104590004514ED968CAF9DAFAEAFBFAFED972091B8
:1045A0004A1430914B1440914C1450914D14C358FF
:1045B000DF4F288339834A835B83CD57D040809176
:1045C000521490915314A0915414B0915514CF5794
:1045D000DF4F88839983AA83BB83C158D040A8E565
:1045E000BFE66C96BFAFAEAF6C979DE1292E94E10C
:1045F000392EF101C180D280E380F480458056805D
:10460000678070846C96EEADFFAD6C972591359107
:1046100045915491CB57DF4F288339834A835B837D
:10462000C558D0406C96EEADFFAD6C973496859032
:104630009590A590B490ED962CAD3DAD4EAD5FAD8F
:10464000ED97C701B6010F9441B5C757DF4F688397
:1046500079838A839B83C958D040C358DF4F288110
:1046600039814A815B81CD57D040C301B2010F949B
:1046700041B59B01AC01C757DF4F688179818A81C1
:104680009B81C958D0400F949CBBCF57DF4F2881E6
:1046900039814A815B81C158D0400F949CBB9B01FA
:1046A000AC01C501B4010F949BBB4B015C01A70198
:1046B0009601AE966CAD7DAD8EAD9FADAE970F946D
:1046C00041B56B017C01A3019201E9966CAD7DAD12
:1046D0008EAD9FADE9970F9441B59B01AC01C70129
:1046E000B6010F949CBBE4962CAD3DAD4EAD5FADD5
:1046F000E4970F949CBB9B01AC01CB57DF4F6881C3
:1047000079818A819B81C558D0400F949BBBA501BC
:1047100094010F9438BE2DEC3CEC4CE45FE30F9415
:1047200025BE18160CF41EEF38E0230E311C6C96D3
:104730004EAD5FAD6C97485F5F4F6C965FAF4EAF0D
:104740006C97A8968EAD9FADA8978215930509F03A
:1047500050CF111162C1A2962CAD3DAD4EAD5FADF3
:10476000A297A6966CAD7DAD8EAD9FADA6970F942A
:104770009CBB20E030E040E05FE30F9441B56B016B
:104780007C010F9496BCA2966CAF7DAF8EAF9FAFAD
:10479000A29760933E1470933F14809340149093BB
:1047A0004114C701B6010F945CBFA6966CAF7DAFF4
:1047B0008EAF9FAFA697609342147093431480937B
:1047C0004414909345149B01AC015058AA962CAF09
:1047D0003DAF4EAF5FAFAA97209346143093471476
:1047E0004093481450934914A2968CAD9DADAEAD44
:1047F000BFADA29780934A1490934B14A0934C148E
:10480000B0934D1410924E1410924F1410925014F5
:104810001092511410925214109253141092541476
:1048200010925514412C512C3201CF56DF4FA881E4
:10483000B981C159D04011968D909D90AD90BC909A
:10484000149715962D913D914D915C9118976E9608
:104850002CAF3DAF4EAF5FAF6E97CD56DF4FE881C7
:10486000F981C359D040C590D590E590F490A50149
:104870009401A2966CAD7DAD8EAD9FADA2970F94C5
:1048800041B5AE966CAF7DAF8EAF9FAFAE976E96D3
:104890002CAD3DAD4EAD5FAD6E97AA966CAD7DADC6
:1048A0008EAD9FADAA970F9441B59B01AC01AE961A
:1048B0006CAD7DAD8EAD9FADAE970F949CBB9B0153
:1048C000AC01C701B6010F949BBB20914E143091EF
:1048D0004F1440915014509151140F949CBB6B0194
:1048E0007C01C0924E14D0924F14E0925014F0927A
:1048F000511420E030E040E85FE3C301B2010F94BF
:104900009CBB2B013C01CD56DF4FE881F981C35997
:10491000D04034962591359145915491AE962CAF67
:104920003DAF4EAF5FAFAE97A5019401A6966CADBB
:104930007DAD8EAD9FADA6970F9441B54B015C0147
:104940006E962CAD3DAD4EAD5FAD6E97A2966CAD43
:104950007DAD8EAD9FADA2970F9441B59B01AC018B
:10496000C501B4010F949CBB9B01AC01AE966CAD2C
:104970007DAD8EAD9FADAE970F949BBB2091521431
:104980003091531440915414509155140F949CBB82
:104990004B015C018092521490925314A0925414D3
:1049A000B0925514CF56DF4F48815981C159D0403C
:1049B000485F5F4FCF56DF4F59834883C159D0407E
:1049C000CD56DF4F88819981C359D0400896CD5686
:1049D000DF4F99838883C359D0402416350609F0E8
:1049E00024CFA3019201C701B6010F949BBC609331
:1049F0004E1470934F148093501490935114A3014C
:104A00009201C501B4010F949BBC60935214709342
:104A10005314809354149093551440903E14509026
:104A20003F146090401470904114C0904A14D0908C
:104A30004B14E0904C14F0904D142091421430919E
:104A400043144091441450914514A2962CAF3DAFAD
:104A50004EAF5FAFA2978091461490914714A091FA
:104A60004814B0914914A6968CAF9DAFAEAFBFAFBE
:104A7000A697A7019601C301B2010F9441B54B015E
:104A80005C01A6962CAD3DAD4EAD5FADA697A2964E
:104A90006CAD7DAD8EAD9FADA2970F9441B59B01DE
:104AA000AC01C501B4010F949BBB4B015C01AC018F
:104AB0009B01C701B6010F949BBC6B017C01A696BC
:104AC0006CAD7DAD8EAD9FADA6979058A5019401BC
:104AD0000F949BBCA6966CAF7DAF8EAF9FAFA69791
:104AE000A2966CAD7DAD8EAD9FADA2979058A501FD
:104AF00094010F949BBCAA966CAF7DAF8EAF9FAF15
:104B0000AA97A5019401C301B2010F949BBC4B016C
:104B10005C0140904E1450904F146090501470906F
:104B200051142091521430915314409154145091C7
:104B30005514A2962CAF3DAF4EAF5FAFA297C09277
:104B40003E14D0923F14E0924014F0924114AA9681
:104B50008CAD9DADAEADBFADAA978093421490933E
:104B60004314A0934414B0934514A6962CAD3DADC8
:104B70004EAD5FADA69720934614309347144093F3
:104B800048145093491480924A1490924B14A09266
:104B90004C14B0924D14C701B6019058A301920174
:104BA0000F9441B56B017C01A2962CAD3DAD4EAD8D
:104BB0005FADA297A6966CAD7DAD8EAD9FADA6976D
:104BC0000F9441B59B01AC01C701B6010F949BBB8B
:104BD00060934E1470934F1480935014909351141B
:104BE000AA966CAD7DAD8EAD9FADAA979058A301EE
:104BF00092010F9441B56B017C01A2962CAD3DADA5
:104C00004EAD5FADA297C501B4010F9441B59B01B4
:104C1000AC01C701B6010F949BBB60935214709313
:104C20005314809354149093551490E080E00E94A4
:104C3000798C17FDD4C080E09DE69F938F930F94ED
:104C400036B94EE454E166E474E18EE394E10E94E7
:104C5000D74F48E050E065EE7FE08EE494E10F949A
:104C600088BA48E050E06DED7FE08EE394E10F9468
:104C700088BA48E050E065ED7FE086E494E10F9467
:104C800088BA0E945C4F0F900F90C755DF4F888104
:104C90009981C95AD0400E94C75680E090E0A0EAAE
:104CA000B0E48093F4069093F506A093F606B093D3
:104CB000F70660E070E080EA91E40F9469650F9474
:104CC000885117FD20C01092F4061092F50610923C
:104CD000F6061092F70680E090E0A6E1B3E4809338
:104CE000D4069093D506A093D606B093D70665E573
:104CF00075E585E591E40F9436658DEF99E60E94A0
:104D000002F80E94577581E00E945A6482E00E9476
:104D1000266088E999E61F3F11F40D94F49A1E3F2E
:104D200009F072C0AF964FADAF9786ED98E6442379
:104D300011F40D94F49A86E998E6423011F40D943A
:104D4000F49A81E598E60D94F49AF2012581368172
:104D500047815085C358DF4F688179818A819B8163
:104D6000CD57D0400D94E09DF201258136814781D9
:104D70005085ED966CAD7DAD8EAD9FADED97AFC01E
:104D8000F2012581368147815085ED966CAD7DAD70
:104D90008EAD9FADED97BDC0A3019201C358DF4F0B
:104DA000688179818A819B81CD57D0400D94489E3E
:104DB000812C912C30E8A32E3FE3B32E0D944C9E12
:104DC000C12CD12C76010D94C39EC12CD12C20E88E
:104DD000E22E2FE3F22E0D94C39E12E0A8CB1E3FCD
:104DE00089F4AF963FADAF97323009F04ECF89EDE1
:104DF0009CE69F938F930F9436B945CFAF961FAE25
:104E0000AF9743CF1FEF41CFAF965FADAF97511133
:104E10000FC086ED98E6133040F4E12FF0E0EE0F7E
:104E2000FF1FEF5DFC4F808191810E9402F80DC051
:104E3000AF966FADAF9789E099E6623011F483E5E4
:104E400099E60E9402F8111624F31F3F11F40D9405
:104E5000909686E00E9485EA8FE59FE00F9474BAF1
:104E600081110D940E9B8DE39AE60E9402F80D9439
:104E70000E9B89819A818037984010F00D944D9B4C
:104E8000AE014F5F5F4F7A0104EB10E024E833E09E
:104E9000A601485C5109692D782D8B2D9A2D0F9410
:104EA0009174882311F40D944D9B89819A818056C9
:104EB0009A4F0D947298002311F40D94F39D0230D3
:104EC00009F052CFD20111962D913D914D915C91F7
:104ED00014976E966CAD7DAD8EAD9FAD6E970F94B1
:104EE00041B54B015C0160E070E080E89FE3113068
:104EF00091F0123009F044CFD20111962D913D91DD
:104F00004D915C9114976E966CAD7DAD8EAD9FAD5D
:104F10006E970F9441B59B01AC01C501B4010F948C
:104F200041B59B01AC01C701B6010F949CBB6B015D
:104F30007C010D94F39D812C912C60E8A62E6FE3EB
:104F4000B62E11110D94CD9D20E030E040E85FE3D6
:104F5000EACF1111B4CF0D94F39D812C912C50E820
:104F6000A52E5FE3B52E1111BECF0D94F39D2F92A8
:104F70003F924F925F926F927F928F929F92AF92E9
:104F8000BF92CF92DF92EF92FF920F931F93CF9336
:104F9000DF9300D000D000D0CDB7DEB70DE114E133
:104FA0001F830E832E803F801982F10161817281FF
:104FB000838194819B01AC010F94AABF882309F4DB
:104FC0007CC089810E943A4F20E030E048EB51E4F8
:104FD0000F949CBB6B017C0120E030E041E853E47E
:104FE0000F949BBB2B013C0120E030E046EF53E4E3
:104FF000C701B6010F949BBB4B015C0120E030E080
:1050000040EC51E4C701B6010F949BBB6B017C01DE
:10501000EE81FF812181328143815481C301B2013C
:105020000F9441B5A50194010F9441B520E034EEF1
:1050300045ED57E40F949BBC6A837B838C839D83EF
:10504000EE81FF812585368547855089C701B601E8
:105050000F9441B5A50194010F9441B520E034EEC1
:1050600045E557EC0F949BBC9B01AC016A817B81A9
:105070008C819D810F949CBB4B015C01EE81FF8173
:10508000218D328D438D548DC701B6010F9441B5EA
:10509000A30192010F9441B520E034EE45ED57E4B1
:1050A0000F949BBC9B01AC01C501B4010F949CBB48
:1050B000F1016183728383839483F4E02F0E311CAA
:1050C00029812F5F2983273009F06FCF8E819F813F
:1050D0004C969F838E83815E944109F063CF19873C
:1050E0000887F1E0F983C8018B5A9F4F9F838E8315
:1050F000180199EA290E311CE885F985658D768DB0
:10510000878D90A19B01AC010F94AABF882309F45D
:1051100079C089810E94274F20E030E040EA50E4C6
:105120000F949CBB6B017C0120E030E048ED52E421
:105130000F949BBB2B013C0120E030E042E553E49F
:10514000C701B6010F949BBB4B015C0120E030E02E
:1051500040EC50E4C701B6010F949BBB6B017C018E
:10516000EE81FF8120813181428153810F9441B5CD
:10517000A50194010F9441B520E030E942E256ECDC
:105180000F949BBC6A837B838C839D83F801218170
:10519000328143815481C301B2010F9441B5A5010D
:1051A00094010F9441B520E030E942EA56E40F94AF
:1051B0009BBC9B01AC016A817B818C819D810F949A
:1051C0009CBB4B015C01F101208131814281538103
:1051D000C701B6010F9441B5A30192010F9441B5E7
:1051E00020E030E942EA56E40F949BBC9B01AC01FD
:1051F000C501B4010F949CBBE885F985658F768F56
:10520000878F90A3888599854C96998788879981FF
:105210009F5F9983963009F06FCF0C5F1F4FE4E1D9
:1052200009331E0709F05BCF29960FB6F894DEBF4D
:105230000FBECDBFDF91CF911F910F91FF90EF90E7
:10524000DF90CF90BF90AF909F908F907F906F90A6
:105250005F904F903F902F9008951F93CF93DF93CF
:10526000182FEB0180E00F94F63A80E00E94D88975
:105270001092110E1092100E1092CB061092CA06C8
:105280000F94604F80E00E943E8A0E94906141E44A
:1052900058E660E080E00E94346143E358E661E054
:1052A00080E00E94346111501A3090F4E12FF0E058
:1052B0008827E25AF6458E4F0D9484BB51010F02A8
:1052C000FD01E902B102C7018B01D30217014D02B2
:1052D00041E258E662E080E00E94346143E158E632
:1052E00063E080E00E94346136C048E058E662E046
:1052F00080E00E9434614BEF57E6F2CF42EF57E671
:1053000062E080E00E9434614BEF57E663E080E0AA
:105310000E94346163E082E10E948760CE0119C07F
:105320004CEE57E662E080E00E94346162E082E188
:105330000E948760CE010E94F16744EE57E663E069
:1053400080E00E94346163E082E10E9487608AEF1E
:1053500092E00E94F16768EE73E080E090E00F94C5
:10536000A01F80E00F94F63A64E670E080E090E0E1
:105370000F94A01F0F94604F80E00E943E8A0E940D
:10538000E268882389F362E08CE597E60E94CAED23
:10539000DF91CF911F910D94061844ED57E662E01E
:1053A00080E00E9434614CEE57E6B0CF43EC57E604
:1053B000A7CF42EB57E6A4CF45EA57E6F0CF49E93D
:1053C00057E662E080E00E94346144E957E69ECFF0
:1053D00044E857E662E080E00E9434614CE757E61B
:1053E00095CF4CE657E683CF1F93CF93DF93C82F1B
:1053F000D62F0E94906143E557E660E080E00E946E
:10540000346143EC57E6CC2311F042EB57E661E000
:1054100080E00E9434618FEF0E948BEE64EF71E0B8
:1054200080E090E00F94A01F4AE457E662E081E03C
:105430000E9434614EE363E080E00E9440618DE3AE
:1054400097E60E944A606D2F70E07093E7066093C4
:10545000E60684E08093BF020E94DD68DC2F11E045
:105460001C278091E6069091E706009719F197FFB7
:105470000BC0D12F4EE362E080E00E94406140E229
:1054800063E080E00E9440618091E6069091E7062B
:10549000181619065CF440E262E080E00E94406168
:1054A0004EE363E080E00E944061DC2F1092E7064B
:1054B0001092E6060F94604F81E00E943E8A64E6F7
:1054C00070E080E090E00F94A01F0E94E2688823C3
:1054D00041F282E08093BF0280E00E94676C80E02E
:1054E0000E948BEE8D2FDF91CF911F910895CF9366
:1054F000DF93C82FD62FC15098F04DE26D2F82E177
:105500000E94406184EF91E00E94798C4CE76D2FFE
:1055100082E10E94406184EF91E00E94798CEBCFA0
:105520000F94D31F60931B1870931C1880931D1841
:1055300090931E1881E08093C9068091C906882344
:1055400029F084E690E00E94798CF7CFDF91CF912B
:105550000C947D564F925F926F927F92AF92BF9262
:10556000CF92DF92EF92FF920F931F93CF93DF932F
:1055700024E030E041E050E0D901A75EBD49FD01E3
:1055800065917491861797070CF066C041505109D8
:10559000440F551F440F551FEA01C55EDD49FE014A
:1055A00005911491475E5D49FA0165917491F90185
:1055B000E55EFD49E590F490FE01C590D490FD01B3
:1055C000C591D491FA01A590B490861B970BBC01AC
:1055D000990F880B990B0F9402B52B013C01B70171
:1055E0006C197D09072E000C880B990B0F9402B5DE
:1055F0009B01AC01C301B2010F9441B56B017C0169
:10560000BE016A197B09072E000C880B990B0F94B9
:1056100002B59B01AC01C701B6010F949BBC6B01A5
:105620007C01B801110F880B990B0F9402B59B01F7
:10563000AC01C701B6010F949CBBDF91CF911F91C4
:105640000F91FF90EF90DF90CF90BF90AF907F9041
:105650006F905F904F9008954F5F5F4F2C5F3F4F6B
:105660002038310509F088CFE7E9F2E665917491B9
:10567000072E000C880B990B0F9402B5DECF1F93F9
:10568000CF93DF9300D01F921F92CDB7DEB7162FB6
:10569000482F62E5CE0101960E94CB4C49815A8188
:1056A0006B817C818D810F94726C1093A9130F9084
:1056B0000F900F900F900F90DF91CF911F91089551
:1056C0001092F413EEEDF4E7849167E00D943FAB94
:1056D000E091F413AE2FB0E0AA0FBB1FA251BC4E55
:1056E0002091C1133091C2132D933C93EF5FE0934F
:1056F000F413E23040F4F0E0EB53FB48849168E0AF
:105700000F943FAB88E00895E091F413AE2FB0E022
:10571000A551BC4E8091C1138C93EF5FE093F413BD
:10572000E33040F01092F413E5ECF4E7849168E084
:105730000D943FABF0E0E252FB48849167E0F8CF74
:10574000CF93DF9300D000D000D01F92CDB7DEB74B
:105750008091B013823409F446C0B8F5882309F467
:1057600072C084E08093A81385E0E0EBF3E1DE01F2
:10577000169601900D928A95E1F785E0FE01369626
:10578000ABEAB3E101900D928A95E1F740E060E069
:10579000CE0101960E94CB4C85E0FE013196A0EB34
:1057A000B3E101900D928A95E1F785E08093A9130A
:1057B0004091AB135091AC136091AD137091AE1347
:1057C0008091AF130F94726C2EC08235B1F1873582
:1057D00041F66091B2137091B3134CE08091B11314
:1057E0000F94DD6C11C04091B11362E4CE010196BB
:1057F0000E94CB4C49815A816B817C818D810F94B1
:10580000726C8AE08093A91340E060E0CE010196BB
:105810000E94CB4C85E0FE013196A0EBB3E10190F4
:105820000D928A95E1F781E02A960FB6F894DEBFD3
:105830000FBECDBFDF91CF9108956BE08091B11382
:105840000F943FABE1CF80E0EFCFCF93DF9300D059
:105850001F921F92CDB7DEB749835A836B837C8337
:105860008D8385E0FE013196A0EBB3E101900D92AE
:105870008A95E1F78091A91387FF09C00F900F90D7
:105880000F900F900F90DF91CF910D94A0AB0F90E0
:105890000F900F900F900F90DF91CF9108951F936D
:1058A000CF93DF9300D01F921F92CDB7DEB7182F92
:1058B000482F63E5CE0101960E94CB4C49815A8165
:1058C0006B817C818D810F94726C1093A9130F9062
:1058D0000F900F900F900F90DF91CF911F9108952F
:1058E000CF93DF9300D01F921F92CDB7DEB740E079
:1058F00061E5CE0101960E94CB4C49815A816B81B2
:105900007C818D810F94726C84E08093A9130F9039
:105910000F900F900F900F90DF91CF910895CF933C
:10592000DF9300D01F921F92CDB7DEB70E94134DB8
:105930008093EA13482F66E6CE0101960E94CB4C75
:1059400049815A816B817C818D810F94726C86E0D4
:105950008093A9130F900F900F900F900F90DF91ED
:10596000CF910895CF93DF9300D01F921F92CDB7B0
:10597000DEB78091C0138534F1F020F4823451F108
:1059800085E011C0863471F18035D1F78091C11363
:105990008093E81381E090E09093E7138093E613FF
:1059A0000F948FAC80E00F900F900F900F900F909E
:1059B000DF91CF9108958CE08093E8138091C1131B
:1059C0009091C2139093E7138093E6130F948FACDA
:1059D00087E0E9CF8091C1138093E9130F948FACD6
:1059E0008BE0E1CF9091AB138091BB13981322C051
:1059F0009091AC138091BC1398131CC01092E813C3
:105A000081E090E09093E7138093E61382E880931F
:105A1000A91340E060E0CE0101960E94CB4C85E0E6
:105A2000FE013196ABEAB3E101900D928A95E1F760
:105A300082E0B9CF83E0B7CF1F93CF93DF9300D03D
:105A40001F921F92CDB7DEB78091080E81112AC038
:105A5000109110141F3F91F580910F14811160C0B7
:105A60001F3FB9F081E090E09093A7138093A613B5
:105A700090930E1480930D148FEF80930F141330B6
:105A800009F482C0F8F0163008F47BC0173009F42E
:105A90007EC00F900F900F900F900F90DF91CF91DD
:105AA0001F91089580910D1490910E140E946B4ED9
:105AB000182F1092080E8F3F79F6CACF8FEF809380
:105AC0001014CACF86E193E70E945E6F812F90E0A9
:105AD0000F945D7C0F94E4B280910F14813089F4AF
:105AE0008FE093E70E948971412F62E4CE01019615
:105AF0000E94CB4C49815A816B817C818D810F94AE
:105B000025AC80910D1490910E14843020E89207FA
:105B100021F08930904809F0BCCF0F942270B9CFA2
:105B2000193008F0B6CFE12FF0E08827E556F245AE
:105B30008E4F0D9484BBF501F501F5019D016D01BA
:105B40006D016102DB018D0180910D1490910E14A5
:105B5000873820E8920721F08730914809F099CFE3
:105B60008091A813843021F48091AB13811191CFDF
:105B700081E08093070E60E08FEB9AE60E945D5310
:105B800088CF1093131485CF0E94D84C82CF1092E7
:105B900015141092C3131092A81360E08CEA9CE0D5
:105BA0000F9498BA0F944B7C74CF4F925F926F9280
:105BB0007F928F929F92AF92BF92CF92DF92EF929D
:105BC000FF920F931F93CF93DF93CDB7DEB7A097CC
:105BD0000FB6F894DEBF0FBECDBF082F0F941CADDB
:105BE0008091A91387FD0F94A0AB9091A91397FF03
:105BF0007DC08091A8138230B1F008F475C0833065
:105C0000E1F1843009F454C00F94A0AB81116BC34F
:105C100082E08093C31383E08093A81382E880938B
:105C2000A91312E0DBC20F94D31FAB01BC0180911A
:105C3000B5139091B613A091B713B091B8138851D2
:105C40009C4FAF4FBF4F481759076A077B0708F4AF
:105C50004BC08FEE92E10F94A0B80196D1F781E08E
:105C60008093C3138093A8131092CA1386E0809385
:105C7000AA1380E00F944FAC37C0923829F60F94E6
:105C8000D31FAB01BC018091B5139091B613A091C5
:105C9000B713B091B81388519C4FAF4FBF4F4817FF
:105CA00059076A077B0708F4AFCF0F9470AC1CC08C
:105CB0000F94D31FAB01BC018091B5139091B61323
:105CC000A091B713B091B81388519C4FAF4FBF4FFD
:105CD000481759076A077B0740F70E94134D9091B8
:105CE000EA1389130F948FAC10E078C2A12CD12C49
:105CF000C12C9924939455E0B52E63E0862E74E070
:105D0000772EE2E06E2E66C0233009F4E0C0243026
:105D100009F083C020ED280F2A3008F4F8C02FE9DD
:105D2000280F263008F4F3C08A3009F0FAC04090FA
:105D3000CF138BEC93E10E94BA4C4812B8C010927A
:105D4000CA1388E0EBECF3E1DE01519601900D926D
:105D50008A95E1F788E0FE017196DE01599601907F
:105D60000D928A95E1F788E0FE017996ABEBB3E1FD
:105D700001900D928A95E1F78CE38983FE013296BA
:105D8000A3EDB3E120E0CF01521609F4CDC03D915F
:105D900040EE430F403608F03EE231932F5FF4CFE0
:105DA0008E3408F056C08B3408F046C0823409F4B3
:105DB00043C0E0F58A3059F08D3049F0B092CA13F3
:105DC000A11005C11F3609F0F9C3AA24A3944FEF0F
:105DD000C41AD40A8FEE92E10F94A0B897FD00C1C7
:105DE000182F2091E31330E0F901EA55FC4E85A706
:105DF0007901EFEFEE1AFE0AFFE0EF22FF245E2C9E
:105E0000E092E3132091CA13223009F448C008F04D
:105E10007BCF222329F2213051F11A3009F48FCFA0
:105E20001D3009F48CCF1092D013CACF853430F2D4
:105E3000873410F0883411F68093CB131092CC1372
:105E40001092CE131092CD131092CF139092CA13CA
:105E5000BECF893540F4873578F720EB280F263000
:105E600008F0ACCFE9CF863609F0A8CFE5CF20ED1A
:105E7000280F2A3050F02FE9280F263030F08032DA
:105E800009F09CCF6092CA13A2CF0E94994C9091C6
:105E9000CC139295907F890F8093CC1398CF873441
:105EA00048F4853458F42FEB280F223038F0109244
:105EB000D01384CF803511F08235C9F78092CA1390
:105EC0008093D0131092D2131092D11380CF20ED73
:105ED000280F2A3048F02FE9280F263028F08A3280
:105EE00031F77092CA1373CF0E94994C2091D1134D
:105EF0003091D21344E0220F331F4A95E1F7820F0D
:105F0000932F911D9093D2138093D11360CF0E9451
:105F1000994C9091CF139295907F890F8093CF13D6
:105F200056CF8D3021F603CFE80EF91EF70110820F
:105F30001092E31380E495E70E945E6F8AE395E791
:105F40000E945E6FCE0101960E94F3820F946C6BEB
:105F50008091A813813009F474C008F4C5CE833051
:105F600009F4D1C0843009F04FCE8091A913863056
:105F700009F46CC108F093C1843009F409C185307B
:105F800009F0CCC08091C013813409F496C18235E8
:105F900009F0C4C01092E8138DE290E89093E713E3
:105FA0008093E6138FE792E70F94896B85E08093E7
:105FB000A9134091AB135091AC136091AD13709144
:105FC000AE138091AF130F94726C16E007C11B36AD
:105FD00009F0F4C280E692E70F94896B18E0FEC0E6
:105FE000CD2819F00F946C6B7FCE0F94D31FAB01AB
:105FF000BC018091B5139091B613A091B713B091E5
:10600000B8138053984FAF4FBF4F481759076A07CF
:106010007B0708F469CE8091A813882309F464CE25
:106020001092CA1381E08093C3138093A81386E073
:106030008093AA1380E00F944FAC64E088E392E76A
:1060400079C01091A9131330B1F160F0163009F442
:1060500050C0193009F0BECF0F949C6D882309F40D
:1060600043CE40CE8091BB13833521F48091BC1385
:10607000181711F0812FFECD8091C113E12FF0E0B0
:10608000DF01AB50BC4E8C93E35AFD48E4918E1770
:1060900041F08091AA1381508093AA138111EACF15
:1060A00099CF83EE94E70E9485718AE08093BA13BA
:1060B00081E0810FDFCD8091BB13833521F4809186
:1060C000BC13833011F083E0D5CD8091C113909142
:1060D000C2139093F9138093F8131092F413E1EE26
:1060E000F4E784916091F21370E049E00F94DD6C65
:1060F000FBCD82E08093C31383E08093A81382E8F2
:106100008093A913D2CD8091A913883009F4B7C028
:10611000A8F48430D9F0873009F4AEC081E08093D0
:10612000C31382E08093A81383E88093A91365E0EA
:106130008EE492E70F94FA6B182F50C08A3009F45E
:10614000A7C060F38D3008F45FCDE8CF8091BB131A
:106150008E3460F58B3410F4853401F78091C013D0
:10616000863409F473C084E08093A81385E0EBEBD8
:10617000F3E1DE01119601900D928A95E1F785E039
:10618000FE013196ABEAB3E101900D928A95E1F7F9
:106190000F94B2AC182F853009F208F09CC0823001
:1061A00009F432CD843009F43BCF18C0843508F4AB
:1061B000B5CF863598F2883509F0B0CF8091C013FD
:1061C000863489F18035C1F1823409F042C0809172
:1061D000C1138093E9130F9460AB1BE08091A61369
:1061E0009091A7138130910509F0EBC1123009F4A9
:1061F00090C008F07DC0112309F418C1002309F4F0
:10620000E4C0173009F4C1C108F0B5C1143009F475
:10621000C4C1153009F0D9C082E08093151460E044
:106220008DE290E8B7C18091AB13882329F082E812
:106230008093A91313E0D2CF8091C1138093E81308
:1062400081E090E09093E7138093E6130F9460ABA6
:106250004BCD8CE08093E8138091C1139091C213D1
:106260009093E7138093E6130F9460AB81E792E776
:106270000F94896B17E0B2CF0F9484AB35CD82E8D1
:106280000F9468AB8093A913823809F02DCDBCCC54
:106290008091C0138134D1F60F94776BD7CF8830BB
:1062A000B1F050F38A3009F039CF8091C0138134B6
:1062B00009F018CD0F94776B15CD1092E81310925A
:1062C000E7131092E61381E88093A9130DCD81E8BE
:1062D0000F9468ABF9CF873049F208F463CE883069
:1062E00009F478CE7BCF8091A91387FD9ACCFCCCA2
:1062F000133009F46AC01B3009F080CF8091E91394
:106300008093101480E992E70E9489710F941CAD6C
:106310005CC08091EB13811158C00E949E57882366
:1063200009F453C08091040E9091050E8835924077
:1063300009F44BC08091030E811147C08091020E79
:10634000811143C08091010E81113FC09091000ED8
:106350008091FF0D9817C9F18091000E90E02EE614
:106360003091FF0D381789F0289FF0011124E15E6C
:10637000F84F4485558566857785452B462B472BF9
:1063800009F09F5F8F5F8F70EBCF9923F1F081E26F
:1063900092E70E94857120E030E0A901CA01B901AD
:1063A0000E94C68860E070E0CB010E94855986EDAE
:1063B0009EE00F9474BA813021F40F94CF7A8F3F0E
:1063C00091F58CEB9DE60F94657C8091C313823030
:1063D00019F481E0809315141093141480911D0713
:1063E000882351F08091070E811106C080910D1411
:1063F00090910E140E94EF68A0960FB6F894DEBF3D
:106400000FBECDBFDF91CF911F910F91FF90EF9005
:10641000DF90CF90BF90AF909F908F907F906F90C4
:106420005F904F90089587E192E7CDCF0091E813F8
:1064300080910C14081709F446C08091A813843089
:10644000A9F48091AB13882389F089E080931E071B
:10645000EDEDF1E70E3130F4E02FF0E0EE0FFF1F2D
:10646000E352FE48859194910E940AEEEDEDF1E72A
:106470000E3130F4E02FF0E0EE0FFF1FE352FE4844
:10648000859194910E94897100930C14033049F016
:106490000C3109F09ACF0F94885181E08093171442
:1064A00094CF8091A813843031F48091AB1384553C
:1064B000823008F48ACF0F94885181E080931814B9
:1064C0000F94227082CF033071F10C3109F07DCF2F
:1064D00080911714882309F478CF0E94134D8823E4
:1064E000B1F1813009F071CF109217140F949C65AF
:1064F0001092060E6091F31370E090E080E00F942C
:1065000000B56B017C016091F21370E06E5F7F4F0C
:10651000072E000C880B990B0F9402B5A70196016A
:106520000E94EF4C52CF80911814882309F44DCF6C
:106530009091FF0D8091000E981347CF0E94134D4C
:106540008150833008F4BCCF109218143ECF909144
:10655000FF0D8091000E981338CF6091F31370E017
:1065600090E080E00F9400B59B01AC0160E070E02A
:106570008FEA93E4D5CF1830B9F0193009F025CF60
:1065800060E00F94858A19E020CF61E08091E613E6
:106590009091E7130F94858A18CF82E080931514A9
:1065A00060E08EE290E8F6CF109215141092C313BB
:1065B0001092A81360E08CE290E8ECCF0F946C6B23
:1065C000ADCD002301F3DCCF8091161482FF07C00C
:1065D0008B7F809316148BE693E70E9489718091DC
:1065E000161481FF50C080910A1490910B14892BCE
:1065F00009F449C08DE593E70E94897180910A14DE
:1066000090910B140F945D7C809116148D7F809374
:10661000161480910A1490910B149093110E80938C
:10662000100E88E39CE60E94E0F34DE253E762E03F
:1066300080E00E94346160910A0E70910B0E80918F
:106640000C0E90910D0E0F940DBD2091100E3091F7
:10665000110EC901861B970B06976CF081E00E9412
:106660003E8A80E00F94D5AD0E944C6184E690E0B4
:106670000E94798CE0CF0E94806482E493E70E94BC
:1066800089710C94906108950F931F93CF93DF93BA
:1066900000D01F921F92CDB7DEB7182F062F109291
:1066A000161483E08093BF0219821A821B821C8217
:1066B0001D8290E080E00E94798C9091161489816F
:1066C00092FF37C081111EC0CE0101960F94642243
:1066D00082E491E70E948971E0911414E250EA305B
:1066E00040F7F0E08827E858FC448E4F0D9484BBB7
:1066F000DB02D70279017901F30179018101F90106
:10670000C901790140E457E76BE170E0CE010196E1
:106710000F94B720882301F3809116148B7F826039
:10672000809316141092110E1092100E82E391E7CE
:10673000D1CF882389F219828CE191E7CBCF0F94D6
:10674000E4B20F9448708091070E811107C089E070
:1067500091E70E94857183E08093FA130F9488512A
:1067600081E00F900F900F900F900F90DF91CF91DD
:106770001F910F9108950F941CADF2CF8091FB13E0
:10678000811197CF812F0F949470802F0F942C70CC
:106790000F941CAD8ECF0F94E4B20F94487089CF44
:1067A00080E0DFCFCF93DF9300D01F921F92CDB751
:1067B000DEB70F94448E62E189E790E70F94EF8F84
:1067C0000E94ED4C40E065E5CE0101960E94CB4C65
:1067D00049815A816B817C818D810F9425AC61E068
:1067E00080E00F9444B3811103C00E94406DE8CF54
:1067F00083E00F94F63A83E60F94978F83E68093B5
:10680000FD130F9482820F900F900F900F900F90B6
:10681000DF91CF910895CF930F941890C82F8823BC
:1068200079F088EC90E00E949C8C82E00F94F63A1C
:106830000F948E8F0F94D2B30F940D900E948064AA
:106840008C2FCF9108950F931F93CF93DF9300D098
:106850001F921F92CDB7DEB7082F0F941890182FF4
:10686000882339F1602F87E29CE60E941C660F9412
:106870008E8F0E94ED4C402F6CE4CE0101960E9459
:10688000CB4C49815A816B817C818D810F9425ACE1
:1068900060E080E00F9444B3182F811103C00E9480
:1068A000406DE7CF83E00F94F63A0F940D900E946D
:1068B0008064812F0F900F900F900F900F90DF91B9
:1068C000CF911F910F910895FF920F931F93CF9334
:1068D000DF9300D01F921F92CDB7DEB7082FF62EA0
:1068E0000F941890182F8823A1F1FF2029F0602F12
:1068F00088E19CE60E941C668091EB1381110F9445
:106900000BB40F948E8F0E94ED4C402F65E4CE01A6
:1069100001960E94CB4C49815A816B817C818D818B
:106920000F9425AC61E080E00F9444B3182F8111DF
:1069300003C00E94406DE7CF83E60F94978F83E6F4
:106940008093FD1383E00F94F63A0F940D900E940C
:106950008064812F0F900F900F900F900F90DF9118
:10696000CF911F910F91FF9008951F93CF93DF93C5
:1069700000D01F921F92CDB7DEB7182F0E94ED4CAA
:10698000412F6BE4CE0101960E94CB4C49815A8184
:106990006B817C818D810F9425AC61E080E00F9448
:1069A00044B3811103C00E94406DE8CF0F900F9057
:1069B0000F900F900F90DF91CF911F910895CF937B
:1069C000C82F682F8BE09CE60E941C668091EB1319
:1069D00081110F940BB40F948E8F8C2F0F94B5B43C
:1069E00083E60F94978F83E68093FD1383E00F94E3
:1069F000F63A0F940D900E94806481E0CF91089543
:106A0000E89409C097FB3EF4909580957095619548
:106A10007F4F8F4F9F4F9923A9F0F92F96E9BB27FE
:106A20009395F695879577956795B795F111F8CF7A
:106A3000FAF4BB0F11F460FF1BC06F5F7F4F8F4FE5
:106A40009F4F16C0882311F096E911C0772321F0DB
:106A50009EE8872F762F05C0662371F096E8862F73
:106A600070E060E02AF09A95660F771F881FDAF7CA
:106A7000880F9695879597F908959B01AC010D9421
:106A800041B50F9454B50D94C5B50F94B7B538F012
:106A90000F94BEB520F0952311F00D94AEB50D9472
:106AA000B4B511240D94F9B50F94D6B570F3959F34
:106AB000C1F3950F50E0551F629FF001729FBB27F5
:106AC000F00DB11D639FAA27F00DB11DAA1F649F91
:106AD0006627B00DA11D661F829F2227B00DA11D44
:106AE000621F739FB00DA11D621F839FA00D611DCA
:106AF000221F749F3327A00D611D231F849F600DEB
:106B0000211D822F762F6A2F11249F5750409AF013
:106B1000F1F088234AF0EE0FFF1FBB1F661F771F9F
:106B2000881F91505040A9F79E3F510580F00D9469
:106B3000AEB50D94F9B55F3FE4F3983ED4F3869576
:106B400077956795B795F795E7959F5FC1F7FE2B0A
:106B5000880F911D9695879597F9089597F99F67E6
:106B600080E870E060E008959FEF80EC08950024D5
:106B70000A941616170618060906089500240A94A2
:106B800012161306140605060895092E0394000C28
:106B900011F4882352F0BB0F40F4BF2B11F460FFB7
:106BA00004C06F5F7F4F8F4F9F4F089557FD9058E0
:106BB000440F551F59F05F3F71F04795880F97FBC1
:106BC000991F61F09F3F79F087950895121613067B
:106BD0001406551FF2CF4695F1DF08C016161706AA
:106BE0001806991FF1CF86957105610508940895DF
:106BF000E894BB2766277727CB0197F908953F9242
:106C00004F925F926F927F928F929F92AF92BF92BC
:106C1000CF92DF92EF92FF920F931F93CF93DF9368
:106C20005C016B017A016115710519F0FB0191831B
:106C30008083E114F10451F0C7010297839730F08B
:106C400040E030E020E090E06BC05E01E50121967D
:106C5000F5011081812F90E00F9405B8892BA9F7D9
:106C60001D3201F52196F501118101E0E114F104D5
:106C700009F4E6C0F0E1EF16F10409F088C0103322
:106C800059F488818F7D883509F07CC0198122965E
:106C90000260F0E1EF2EF12C812C912CA12C88E0E8
:106CA000B82E92C01B3221F4E5012296F501118124
:106CB00000E0DCCFEAE0EE16F10409F4C7C0F0E131
:106CC000EF16F10409F073C0E7CF78E0E72EF12C5E
:106CD000812C912CA12C60E1B62E76C021E0ADC0B4
:106CE000302F3170C114D10431F0222371F121977A
:106CF000F601D183C08327FF2EC060E070E080E002
:106D000090E8311104C06FEF7FEF8FEF9FE722E231
:106D100030E03093201820931F18462F372F282F4C
:106D2000642F732F822FDF91CF911F910F91FF90CE
:106D3000EF90DF90CF90BF90AF909F908F907F901B
:106D40006F905F904F903F90089501FF04C022978D
:106D5000F601D183C083332341F0909580957095DF
:106D600061957F4F8F4F9F4FD8CF97FFD6CF82E24D
:106D700090E09093201880931F186FEF7FEF8FEFB4
:106D80009FE7CBCF10E3E114F10409F49ECF28E094
:106D9000E216F10409F49CCF0CF08CCF812C912CDD
:106DA000A12CE0E4BE2E82E0E816F10469F060E078
:106DB00070E080E090E897010F2C000C440B550B1D
:106DC0000F94E7BA49015A0120E060E070E0CB017E
:106DD00027010F2C000C66087708FE0150ED352EB8
:106DE000310E39E0331570F43FEB310F49EC342E9E
:106DF0003A3138F03FE9310F3A3108F071CF39EAD2
:106E0000332E310E3E141F040CF06ACF27FD15C03F
:106E100086169706A806B90678F0A30192010F948A
:106E2000D7BA630D711D811D911D613071058105FA
:106E300020E8920708F452CF2FEF21961081CDCF92
:106E4000103309F41ECF2AE0E22EF12C9CEC892E9F
:106E5000982CA82C9CE0B92EB7CF283008F027E05A
:106E60003327DA01990F311D87FD91600096610586
:106E7000710539F432602E5F3D9330E32A95E1F7D6
:106E800008959F3F30F080387105610509F03C5F3F
:106E90003C5F3D93913008F08068911DDF93CF9364
:106EA0001F930F93FF92EF92192F987F9695E92FDA
:106EB00096959695E90FFF27E45BF94F99273327BD
:106EC000EE24FF24A701E70105900894079428F415
:106ED000360FE71EF81E491F511D660F771F881FCA
:106EE000991F0694A1F70590079428F4E70EF81E61
:106EF000491F561FC11D770F881F991F661F0694D3
:106F0000A1F70590079428F4F80E491F561FC71FD4
:106F1000D11D880F991F661F771F0694A1F7059052
:106F2000079420F4490F561FC71FD81F990F661FDB
:106F3000771F881F0694A9F784911095177041F068
:106F4000D695C79557954795F794E7941A95C1F745
:106F5000E2EFF5E068941590159135916591959162
:106F600005907FE27395E118F10A430B560BC90BAC
:106F7000D009C0F7E10CF11E431F561FC91FD01DD9
:106F80007EF4703311F48A95E6CFE894015030F026
:106F9000080F0AF40027021708F4202F2395022F68
:106FA0007A3328F079E37D932A95E9F710C07D9331
:106FB0002A9589F6069497956795379517951794AE
:106FC000E118F10A430B560BC90BD00998F0239531
:106FD0007E9173957A3308F070E37C932013B8F7B1
:106FE0007E9170617D9330F0839571E37D9370E3C2
:106FF0002A95E1F71124EF90FF900F911F91CF9107
:10700000DF91992787FD9095089591110D9461BAAC
:10701000803219F089508550C8F70895FB01DC01D2
:1070200002C005900D9241505040D8F70895FB01E1
:10703000DC010D900020E9F7119705900D920020DA
:10704000E1F70895FB01DC018D9105908019011095
:10705000D9F3990B0895FB01DC0105900D920020F6
:10706000E1F70895FC0105900020E9F780959095DF
:107070008E0F9F1F0895FB01DC014150504088F0A6
:107080008D9181341CF08B350CF4805E65916134F8
:107090001CF06B350CF4605E861B611171F3990B6B
:1070A0000895881BFCCFFB01DC014150504030F0BB
:1070B0008D910590801919F40020B9F7881B990B60
:1070C0000895FB01DC014150504048F005900D92BD
:1070D0000020C9F701C01D9241505040E0F70895CB
:1070E000FC010590615070400110D8F78095909593
:1070F0008E0F9F1F0895FB0155915523A9F0BF01E5
:10710000DC014D9145174111E1F759F4CD0105908E
:10711000002049F04D9140154111C9F3FB01411187
:10712000EFCF81E090E001970895FC01615070403D
:1071300001900110D8F7809590958E0F9F1F0895AC
:10714000CF93DF93EC012B8120FF1AC026FF0CC0E8
:107150002F7B2B838E819F8101969F838E838A81D3
:1071600090E0DF91CF91089522FF18C0E881F98166
:107170008081082E000C990B009729F420622B8344
:107180008FEF9FEFEECF3196F983E8832E813F8119
:107190002F5F3F4F3F832E839927E3CFEA85FB85FF
:1071A000199597FFF3CF2B81019621F080E2822B76
:1071B0008B83E6CF80E1FBCF0F931F93CF93DF93B9
:1071C000182F092FEB018B8181FD09C01FEF0FEFF5
:1071D000812F902FDF91CF911F910F91089582FF02
:1071E00014C02E813F818C819D81281739073CF482
:1071F000E881F981CF0101969983888310838E817C
:107200009F8101969F838E83E3CFE885F985812F47
:107210001995892BA1F3DACFEF92FF920F931F9369
:10722000CF93DF938C017B01DB0113968C91D0E02F
:10723000C0E081FD0FC0CFEFDFEF10C0D70118967F
:10724000ED91FC91B7011995892B11F0CFEFDFEF8C
:107250000F5F1F4FF80184918111F0CFCE01DF91B4
:10726000CF911F910F91FF90EF9008950F931F936F
:10727000CF93DF93CDB7DEB7AE01485F5F4FDA0142
:107280006D917D91AD0105E218E1F8018281938154
:10729000DC0113962C911397286013962C930E946F
:1072A000E03AD8011296ED91FC912381277F238348
:1072B000DF91CF911F910F9108950F931F93CF935B
:1072C000DF938C01E0912718F09128188381D0E09A
:1072D000C0E081FD0AC0CFEFDFEF17C01995892B01
:1072E00011F0CFEFDFEF0F5F1F4FF8018491609136
:1072F000271870912818DB011896ED91FC918111E7
:10730000EDCF8AE01995892B31F7CE01DF91CF912E
:107310001F910F9108950F931F93CF93DF93CDB7D4
:10732000DEB72E970FB6F894DEBF0FBECDBF0E8925
:107330001F898EE08C831A8309838FEF9FE79E83DA
:107340008D83AE01465E5F4F688D798DCE010196CB
:107350000E94E03A2F813885020F131FF801108236
:107360002E960FB6F894DEBF0FBECDBFDF91CF9142
:107370001F910F910895CF93DF93EC018B8188606B
:107380008B83CE010E94E03A2B81277F2B83DF91F4
:10739000CF9108950F931F93CF93DF93CDB7DEB7AF
:1073A0002E970FB6F894DEBF0FBECDBF8C01FA0149
:1073B0008EE08C831A83098377FF02C060E070E857
:1073C000615071097E836D83A901BF01CE010196D1
:1073D0000E94E03A4D815E8157FD0AC02F813885B9
:1073E000421753070CF49A01020F131FF801108281
:1073F0002E960FB6F894DEBF0FBECDBFDF91CF91B2
:107400001F910F910895FA01AA27283051F12031D8
:1074100081F1E8946F936E7F6E5F7F4F8F4F9F4F28
:10742000AF4FB1E03ED0B4E03CD0670F781F891F6A
:107430009A1FA11D680F791F8A1F911DA11D6A0F38
:10744000711D811D911DA11D20D009F468943F91EB
:107450002AE0269F11243019305D3193DEF6CF01EA
:107460000895462F4770405D4193B3E00FD0C9F7B0
:10747000F6CF462F4F70405D4A3318F0495D31FD1D
:107480004052419302D0A9F7EACFB4E0A695979570
:10749000879577956795BA95C9F700976105710546
:1074A00008959B01AC010A2E069457954795379590
:1074B0002795BA95C9F7620F731F841F951FA01DEA
:1074C0000895992788270895DC01CB01FC01F999DB
:1074D000FECF06C0F2BDE1BDF89A319600B40D9220
:1074E00041505040B8F70895F999FECF92BD81BD43
:1074F000F89A992780B50895A6E1B0E044E050E0FD
:107500000D9466BAA8E1B0E042E050E00D9466BA8E
:10751000DC01A40FB51F4150504048F0CB01840F4F
:10752000951F2E910F9499BA41505040D0F708956D
:10753000262FF999FECF92BD81BDF89A019700B42C
:10754000021639F01FBA20BD0FB6F894FA9AF99ACC
:107550000FBE08950396272F0F9499BA0F9498BAE7
:10756000252F0F9499BA242F0D9499BA0196272F9D
:107570000F9499BA0D9498BA262FF999FECF1FBA95
:1075800092BD81BD20BD0FB6F894FA9AF99A0FBE4C
:1075900001960895242F0F94BDBA252F0F94BDBADC
:1075A0000D94D2BA0F94BCBA272F0D94BDBADB014B
:1075B0008F939F930F9409BBBF91AF91A29F800DB2
:1075C000911DA39F900DB29F900D11240895A1E2EB
:1075D0001A2EAA1BBB1BFD010DC0AA1FBB1FEE1F4D
:1075E000FF1FA217B307E407F50720F0A21BB30B98
:1075F000E40BF50B661F771F881F991F1A9469F714
:1076000060957095809590959B01AC01BD01CF016F
:1076100008950F9414BBA59F900DB49F900DA49F47
:10762000800D911D11240895A29FB001B39FC00148
:10763000A39F700D811D1124911DB29F700D811D9E
:107640001124911D0895991B79E004C0991F961784
:1076500008F0961B881F7A95C9F78095089587FBD7
:10766000082E062687FD819567FD61950F9423BB43
:107670000EF4919507FC81950895AA1BBB1B51E15F
:1076800007C0AA1FBB1FA617B70710F0A61BB70B92
:10769000881F991F5A95A9F780959095BC01CD0137
:1076A000089597FB072E16F4009407D077FD09D0B4
:1076B0000F943DBB07FC05D03EF4909581959F4FFC
:1076C0000895709561957F4F0895052E97FB1EF4E0
:1076D00000940F947CBB57FD07D00F94E7BA07FCCA
:1076E00003D04EF40D947CBB509540953095219578
:1076F0003F4F4F4F5F4F08959095809570956195DE
:107700007F4F8F4F9F4F0895EE0FFF1F881F8BBF36
:107710000790F691E02D19940F9414BB332312F4C3
:107720008A1B9B0B0D9496BB0F9414BBB7FF089557
:10773000821B930B08955058BB27AA270F94B3BB05
:107740000D94C5B50F94B7B538F00F94BEB520F0C1
:1077500039F49F3F19F426F40D94B4B50EF4E09576
:10776000E7FB0D94AEB5E92F0F94D6B558F3BA17D1
:10777000620773078407950720F079F4A6F50D9446
:10778000F8B50EF4E0950B2EBA2FA02D0B01B90120
:1077900090010C01CA01A0011124FF27591B99F087
:1077A000593F50F4503E68F11A16F040A22F232F93
:1077B000342F4427585FF3CF469537952795A795E3
:1077C000F0405395C9F77EF41F16BA0B620B730B8A
:1077D000840BBAF09150A1F0FF0FBB1F661F771FFB
:1077E000881FC2F70EC0BA0F621F731F841F48F4B0
:1077F000879577956795B795F7959E3F08F0B0CF39
:107800009395880F08F09927EE0F9795879508951F
:107810000F94B7B560F080E891E009F49EEF0F9403
:10782000BEB528F040E851E071F45EEF0CC00D9455
:10783000B4B50D94F8B5E92FE0780F94D6B540F3C0
:10784000092E052AB1F3261737074807590738F0DC
:107850000E2E07F8E02569F0E025E0640AC0EF632A
:1078600007F8009407FADB01B9019D01DC01CA01A8
:10787000AD01EF930F94B2BC0F94C5B50F944BBC00
:107880005F91552339F02BED3FE049E450FD49EC81
:107890000D949CBB0895DF93DD27B92FBF7740E897
:1078A0005FE31616170648075B0718F4D92F0F94E5
:1078B00097BE9F938F937F936F930F943DB5E4EEA4
:1078C000F0E00F94A7BD0F94C5B52F913F914F9154
:1078D0005F910F9454B5DD2351F09058A2EA2AED40
:1078E0003FE049EC5FE3D0785D270F94B3BBDF91B5
:1078F0000D94C5B50F940DBE90F09F3748F49111CB
:1079000016F40D94F9B560E070E080E89FE3089507
:1079100026F01B16611D711D811D0D947EBD0D94F9
:1079200099BD0F945ABD08F481E008950F94D0BD1D
:10793000E3950D94F9BD0F94AFBC0D94C5B50F94AC
:10794000BEB558F00F94B7B540F029F45F3F29F069
:107950000D94AEB551110D94F9B50D94B4B50F94C5
:10796000D6B568F39923B1F3552391F3951B550BC5
:10797000BB27AA2762177307840738F09F5F5F4F02
:10798000220F331F441FAA1FA9F335D00E2E3AF041
:10799000E0E832D091505040E695001CCAF72BD059
:1079A000FE2F29D0660F771F881FBB1F26173707AA
:1079B0004807AB07B0E809F0BB0B802DBF01FF27DC
:1079C00093585F4F3AF09E3F510578F00D94AEB555
:1079D0000D94F9B55F3FE4F3983ED4F3869577951F
:1079E0006795B795F7959F5FC9F7880F911D969595
:1079F000879597F90895E1E0660F771F881FBB1FF1
:107A0000621773078407BA0720F0621B730B840B9D
:107A1000BA0BEE1F88F7E09508950F9414BD689493
:107A2000B1110D94F9B508950F94DEB588F09F5704
:107A300098F0B92F9927B751B0F0E1F0660F771F92
:107A4000881F991F1AF0BA95C9F714C0B13091F088
:107A50000F94F8B5B1E008950D94F8B5672F782F1D
:107A60008827B85F39F0B93FCCF38695779567954D
:107A7000B395D9F73EF490958095709561957F4FB9
:107A80008F4F9F4F08950F940DBE90F09F3748F48D
:107A9000911116F00D94F9B560E070E080E89FEB6D
:107AA000089526F41B16611D711D811D0D947EBD68
:107AB0000D9499BD990F0008550FAA0BE0E8FEEF51
:107AC00016161706E807F907C0F012161306E407A2
:107AD000F50798F0621B730B840B950B39F40A269B
:107AE00061F0232B242B252B21F408950A2609F479
:107AF000A140A6958FEF811D811D0895882371F403
:107B0000772321F09850872B762F07C0662311F436
:107B100099270DC09051862B70E060E02AF09A956D
:107B2000660F771F881FDAF7880F9695879597F964
:107B300008959F3F31F0915020F487957795679590
:107B4000B795880F911D9695879597F90895DF93BE
:107B5000CF931F930F93FF92EF92DF927B018C01E3
:107B6000689406C0DA2EEF010F9454B5FE01E89434
:107B7000A5912591359145915591A6F3EF010F946B
:107B8000B3BBFE019701A801DA9469F7DF90EF908B
:107B9000FF900F911F91CF91DF9108950D94B4B58F
:107BA0000F94DEB5D8F3E894E0E0BB279F57F0F0E0
:107BB0002AED3FE049EC06C0EE0FBB0F661F771FB2
:107BC000881F28F0B23A62077307840728F0B25A78
:107BD000620B730B840BE3959A9572F7803830F43F
:107BE0009A95BB0F661F771F881FD2F790480D9498
:107BF0009BBDEF93E0FF07C0A2EA2AED3FE049EC0E
:107C00005FEB0F94B3BB0F94C5B50F90039401FCC9
:107C10009058E1E1F1E00D94F0BF0F94DEB5A0F0D3
:107C2000BEE7B91788F4BB279F3860F41616B11D5C
:107C3000672F782F8827985FF7CF86957795679578
:107C4000B11D93959639C8F308950F945ABD08F461
:107C50008FEF08950F94B7B529F00F94BEB511F0CA
:107C60000D94B4B50D94AEB5B901CA010D9499BD8A
:107C70009F775F770F94D6B568F39923A9F35523BF
:107C8000A9F3FF27951758F4E52FE91BED3060F7AE
:107C90005E3B10F0F1E41CC09034E0F40AC0E92F20
:107CA000E51BED3018F79E3B10F0F1E411C05034A5
:107CB00088F4F9EA88232AF09A95660F771F881FBF
:107CC000DAF744232AF05A95220F331F441FDAF7BC
:107CD0009F1B5F1BFF931F930F93FF92EF927901FE
:107CE0008A01BB27AB2F9B01AC010F9457B59701BD
:107CF000A801BF937B018C01AA27BA2FB901CA0141
:107D00000F9457B5AF919701A801EF90FF900F9195
:107D10001F910F94B3BB0F94C5B50F946ABF4F91D9
:107D200040FF0895552747FD50950D94A3BE9B0134
:107D3000AC0160E070E080E89FE30D949BBC0D9483
:107D4000AEB50D9499BD0F94DEB5D8F39923C9F360
:107D5000940F511DA3F39150504094F059F0882393
:107D600032F0660F771F881F91505040C1F79E3F39
:107D700051052CF7880F911D9695879597F90895D1
:107D80005F3FACF0983E9CF0BB2786957795679552
:107D9000B79508F4B1609395C1F7BB0F58F711F48C
:107DA00060FFE8CF6F5F7F4F8F4F9F4FE3CF0D9402
:107DB000F9B50F94DEB558F19E5760F19851A0F0D7
:107DC000E9F0983020F5092E9927660F771F881F54
:107DD000991F0A94D1F712C0062E672F782F882793
:107DE000985F11F4000C07C0993FB4F3869577951E
:107DF00067959395D9F7611D711D811D3EF490958E
:107E00008095709561957F4F8F4F9F4F089568942F
:107E10000D94F9B50D94F8B5FA01EE0FFF1F3096E9
:107E200021053105A1F16115710561F48038BFE3C9
:107E30009B0749F168949038810561F08038BFEF65
:107E40009B0741F099234AF5FF3FE10531052105E4
:107E500019F1E8940894E795D901AA2329F4AB2FE6
:107E6000BE2FF85FD0F310C0FF5F70F4A695E0F767
:107E7000F73950F019F0FF3A38F49F779F930DD0FF
:107E80000F9007FC9058089546F00D94B4B560E04B
:107E900070E080E89FE308954FE79F775F934F93EB
:107EA0003F932F930F940CC02F913F914F915F916F
:107EB0000F9441B50D94B7BF9F930F94D0BD0F9011
:107EC00007FCEE5F0D94F9BD19F416F40D94B4B5EA
:107ED0000D9499BD0F94DEB5B8F39923C9F3B6F3A9
:107EE0009F57550B87FF0F94E9BF0024A0E640EA97
:107EF000900180585695979528F4805C660F771FFF
:107F0000881F20F026173707480730F4621B730BD1
:107F1000840B202931294A2BA695179407942025F4
:107F200031254A2758F7660F771F881F20F026173C
:107F30003707480730F4620B730B840B200D311D9B
:107F4000411DA09581F7B901842F9158880F96950E
:107F5000879508950F945ABD880B990B089529F4BD
:107F600016F00D94AEB50D94F8B50D94B4B50F940C
:107F7000DEB5A8F39638A0F707F80F92E8942BE344
:107F80003AEA48EB5FE70F9457B50F920F920F92C2
:107F90004DB75EB70F920F9454C0EFE2F1E00F942B
:107FA000A7BD4F915F91EF91FF91E595EE1FFF1FE8
:107FB00049F0FE57E0684427EE0F441FFA95E1F7B9
:107FC0004195550B0F94A3BE0F9007FE0D9497BEDD
:107FD000089591505040660F771F881FD2F708957B
:107FE0009F938F937F936F93FF93EF939B01AC01CC
:107FF0000F9441B5EF91FF910F94A7BD2F913F9141
:108000004F915F910D9441B516F00D9499BD0D946B
:10801000B4B568940D94AEB50F94DEB5A8F399236A
:10802000C1F3AEF3DF93CF931F930F93FF92C92F4A
:10803000DD2788232AF02197660F771F881FDAF73C
:1080400020E030E040E85FEB9FE3883920F0803E9D
:1080500038F021968F770F949CBBE7E5F1E004C0E0
:108060000F949CBBE4E8F1E00F94A7BD8B01BE0127
:10807000EC01FB2E6F5771097595771F880B990BD3
:108080000F9402B528E132E741E35FE30F9454B562
:10809000AF2D9801AE01FF900F911F91CF91DF910D
:1080A0000F94B3BB0D94C5B5FA01DC01AA0FBB1F39
:1080B0009B01AC01BF5728F422273327442750786F
:1080C00020C0B75190F4AB2F0024469537952795E3
:1080D000011CA395D2F3002071F0220F331F441F1F
:1080E000B395DAF30ED00D949BBB61307105A0E817
:1080F0008A07B94630F49B01AC01662777278827A9
:108100009078309621F02083318342835383089501
:108110009111089581548A5108F4805E855A08951A
:10812000FB01DC0104C08D910190801921F44150C4
:108130005040C8F7881B990B0895FB01DC0102C071
:1081400001900D9241505040D8F70895DC0101C0D4
:108150006D9341505040E0F70895FB01DC018D9193
:1081600081341CF08B350CF4805E619161341CF01D
:108170006B350CF4605E861B611189F3990B0895D1
:10818000FB01DC010D900020E9F7119701900D92A1
:108190000020E1F70895FC018191861721F08823E2
:1081A000D9F7992708953197CF010895FB01DC0194
:1081B0008D91019080190110D9F3990B0895FB015D
:1081C000DC0101900D920020E1F70895FB01DC0134
:1081D0004150504030F08D910190801919F40020E9
:1081E000B9F7881B990B0895FB01DC014150504001
:1081F00048F001900D920020C9F701C01D92415036
:108200005040E0F708950F931F93CF93DF93E091D1
:108210002718F09128182381EC0110E000E021FDDF
:1082200008C00FEF1FEF14C01995892B11F00FEF45
:108230001FEF89916091271870912818DB0118961B
:10824000ED91FC918111F0CF8AE01995892B49F7C6
:10825000C801DF91CF911F910F9108951AE3CCEAE5
:10826000DAE300E006C0802FFE010F9484BB219664
:10827000011DCD3AD10780E00807A9F7F894FFCF98
:10828000303132333435363738392E200A475800EA
:10829000FFFFFFFFFF00007F4300805443000052B8
:1082A0004300000000000080C09A99193E6400025B
:1082B00040771B0060EA0000016400FF010101003B
:1082C00000484200003E430000A041D2000A0001E5
:1082D000FF3FFF3FFF3FFF3F3030303001011010C4
:1082E000011414001111011E1E0102AF003D0E2DDC
:1082F0000E000080BF000000000000000000000031
:1083000000000080BF00000000000000000000002E
:10831000000000803F010101014649000558490065
:10832000050101D310D310D310D310FFFFFFFFFFBF
:10833000FFFFFFFFFF080102010080BB4464000152
:108340007F7F777B777F7F01010101FFFFFF008047
:108350003B4500803B450000484400000000585960
:108360005A45580059005A005072757361204D4BA0
:10837000332D5248463630000D0A0000C028450013
:10838000C0284500007A440000C842E6020600EB1F
:10839000020600C8040600F0040600030304032FCD
:0C83A000001D63DA629962010001000018
:00000001FF
