:100000000C94A63A0C94D73A0C94D73A0C94D73A5D
:100010000C94D73A0D94E0650C94D73A0C94D73AE7
:100020000C94F36B0C94D73A0C94D73A0C94D73ABF
:100030000C947A570C94D73A0D9444290D94D122FC
:100040000C94D73A0D9446300C94D73A0C94D73A86
:100050000C94D73A0C94D73A0C94D73A0C94276B5B
:100060000C94D73A0C94F7530C94D73A0C94D73A93
:100070000C94D73A0C94EA8C0C94D73A0C94D73A57
:100080000C94D73A0C94D73A0C94D73A0C94D73AAC
:100090000C94B3530C94D73A0C94D73A0C94D73AA7
:1000A0000C94D73A0C94D73A0D94C31A0C94D73ABF
:1000B0000C94D73A0D94A51A0C94D73A0D948E2E21
:1000C0000C94D73A0C94D73A0C94D73A0D94651AFD
:1000D0000C94D73A0C94D73A0C94D73A0C94D73A5C
:1000E0000C94D73A084AD73B3BCE016E84BCBFFD87
:1000F000C12F3D6C74319ABD56833DDA3D00C77FF8
:1001000011BED9E4BB4C3E916BAAAABE0000008090
:100110003F05A84CCDB2D44EB93836A9020C50B91F
:10012000918688083CA6AAAA2ABE000000803F0744
:10013000634236B79BD8A71A39685618AEBAAB5582
:100140008C1D3CB7CC5763BD6DEDFD753EF6177247
:1001500031BF000000803F08000000BE9224491219
:100160003EABAAAA2ABECDCCCC4C3E00000080BE3D
:10017000ABAAAAAA3E00000000BF000000803F001A
:1001800000000000084178D3BB4387D1133D190E0E
:100190003CC3BD4282AD2B3E68EC8276BED98FE176
:1001A000A93E4C80EFFFBE01C4FF7F3F000000006E
:1001B00000000D943E790C94AAC90C94E9DC0D94CE
:1001C0001B140D94AC3C0C9468DB0C94B4CD0D94D2
:1001D00037160C94C1DC0D9410090C94F2C90C94E0
:1001E000D8DC0C94B5CA0C948EF60C9404C70C940D
:1001F00029C70D94BC210D942D0E0C94CAE50C94C6
:1002000005CA0C9421D10C94D1CA0D948F090C9479
:100210001FC70C947FE50D944D0E0C94BCF90C9403
:100220005AF30C946DE50D945B3C0C94CDC80D9481
:10023000E1A90D949B250D9474150C94CD6B0C9431
:10024000A7CB0C9437EA0D94A9210C94E9D50C9412
:10025000706D0C942BFA0C9404DF0C9415C70C945D
:10026000E6F30D94FF210D948B080C940C6A0C940A
:10027000D0EE0C9468F20C94DBC80D9479130C94B6
:10028000E2C80C948F6B0C94A2E50C9448DA0D94A0
:100290001C0E0D94FB170C94B86A0C947CCD0C9436
:1002A000606B0D946EA90C948AC90C946B6B0C94C2
:1002B000FAC70C9496D60C9494C90D94C60B0D9461
:1002C0008E190C94A9DB0C943EC90D945A220C94FF
:1002D000CDDC0C94AECA0C94A0F80D94BAAD0C947D
:1002E000796B0C94526F0D94CF3B0C94C6F90D941E
:1002F00051130D94B7B30D94F0150C940BC70C94D7
:10030000F6C60D94B4B30C9436C70C9404DB0C946D
:100310005ECD0D9497090D94D5A90D949DAD0C94C7
:1003200000C80D944F0A0D94F5140D9441220C94BD
:100330005FEF0C94B6E50D94490B0D94BDAD0C9494
:1003400015FA0C94F0CD0C943BFA0C941FC90C9444
:10035000DBC90D9483480C9447E50C94986B0D947D
:10036000AD090D94BC130C943CE00C948ACC0C9415
:1003700050C90C94B2DB0C94FDEE0C9482F90D94F0
:1003800020080C9449D10C9478F90C9454CC0D9419
:10039000D2A90D94C4B30C94AFDC0C9476C90C9420
:1003A00036DD0D9493090D948C3C0C943BC70C9452
:1003B00098EA0D94C43C0D94C0AD0D94F73B0D9498
:1003C000F00E0C94D6D10D94C90B0D94943C0D9461
:1003D000B43C0C94FEDA0D94FF170D949B150C940D
:1003E0003FC70C9489F20D9452B30D945BAD0C94FD
:1003F00043C70D94BBB30C948AF90D9489A90C944E
:10040000E7DC0C9493E50C947DDD0C9465E50D948C
:10041000D20B0C9411C70D948A140C94F1CF0D9447
:1004200077A90D94A43C0D94313C0C9478DB0C948A
:100430002BC90D9432220C949EC90C94B5DC0C94FB
:1004400008C70C94D0C90D94CC0B0C941EED0D94E0
:100450006C3C0D94B0060C9437C70C9467540C9404
:100460005BE50C9441DC0C945FC90C9415F90D9478
:10047000FE3B0C9468CD0C940DDF0C94E9CF0D94E9
:10048000643C0C94D4C80C94D4E50D94743C0D9445
:100490005E3C0D94B73B0C94B4C90D94EAA90C943E
:1004A000BB6B0C9442E50C9472CD0C942DC70C944C
:1004B000E9C80C94BBDC0C9414EE0C9489E50C9404
:1004C00051E50D9442AD0D94C00B0C94F7F90C94CA
:1004D00063CF0C941BC70C94F3F90C9452F90C9451
:1004E00075E50D94D80E0C9400C70C94CBD50D94E3
:1004F0007C3C0C9459CD0D94B0130D9487080D9449
:100500008B090D943D150C9438F70C9448C70C9446
:10051000DFD30C9423CC0D94D5180C94BEC90D9444
:10052000BC3C0C943AE50D94DE170C946BC90C940A
:10053000DEF90C94C3EB0D94843C0C9418CB0D9411
:10054000CD130C94466B0D9485090C9463CD0D94DA
:10055000B6060C943EDA0C9480EE0C946DCD0D949E
:10056000D81F0D94CFA90C9431C70D949C3C0C94CA
:10057000D1680D94013C0D944C140C9477CD0C94DF
:1005800052D10D943F130D94C30B0C9419D50D94B7
:10059000CF0B0C94ACE50C9456CE0C9471EC0C94EF
:1005A000FCC60C94D9C70D94D8A90D94F43B0D94B6
:1005B000C9B30C943BDD0D9498B30C9480C90D9491
:1005C000613C0C9480CD0C94EDF90D949F0D0C942E
:1005D00016DF0D94C6A90C94FBDE0C9423C70C9473
:1005E000C0E50D94171A0C9415C96E616E00696E02
:1005F000660000407A10F35A00A0724E18090010ED
:10060000A5D4E80000E87648170000E40B54020087
:1006100000CA9A3B000000E1F505000080969800B2
:10062000000040420F000000A086010000001027DB
:1006300000000000E803000000006400000000006B
:100640000A00000000000100000000002C76D8889D
:10065000DC674F0823DFC1DFAE59E1B1B796E5E3B0
:10066000E453C63AE651997696E8E6C28426EB89C9
:100670008C9B62ED407C6FFCEFBC9C9F40F2BAA566
:100680006FA5F490055A2AF75C936B6CF9676DC1FE
:100690001BFCE0E40D47FEF520E6B500D0ED902E02
:1006A0000300943577050080841E080000204E0A60
:1006B000000000C80C333333330F986E128311419E
:1006C000EF8D2114893BE65516CFFEE6DB18D18469
:1006D0004B381BF77C1D901DA4BBE4242032847290
:1006E0005E228100C9F124ECA1E53D27556E6578B5
:1006F000706563746564206572726F72206F6363E6
:1007000075727265642E004D3630302046696C611A
:100710006D656E74204368616E67652E204C6F6155
:10072000642061206E65772066696C616D656E740A
:10073000206F7220656A65637420746865206F6C31
:1007400064206F6E652E0052656D6F76652074684B
:100750006520656A65637465642066696C616D65B2
:100760006E742066726F6D207468652066726F6E9D
:1007700074206F6620746865204D4D552E004669C3
:100780006C616D656E742064657465637465642066
:10079000756E65787065637465646C792E20456E3E
:1007A00073757265206E6F2066696C616D656E741D
:1007B000206973206C6F616465642E2043686563F3
:1007C0006B207468652073656E736F727320616E41
:1007D0006420776972696E672E00496E7465726E67
:1007E000616C2072756E74696D65206572726F72CE
:1007F0002E2054727920726573657474696E672057
:10080000746865204D4D55206F7220757064617459
:10081000696E6720746865206669726D77617265BC
:100820002E004D4D552046572076657273696F6EC8
:1008300020697320696E636F6D70617469626C65A5
:100840002077697468207072696E746572204657EB
:100850002E55706461746520746F207665727369BB
:100860006F6E20332E302E332E004D4D55204669AD
:10087000726D7761726520696E7465726E616C204D
:100880006572726F722C20706C6561736520726581
:1008900073657420746865204D4D552E0052657146
:1008A0007565737465642066696C616D656E74202E
:1008B000746F6F6C206973206E6F7420617661694C
:1008C0006C61626C65206F6E20746869732068616A
:1008D0007264776172652E20436865636B2074686B
:1008E0006520472D636F646520666F7220746F6F9B
:1008F0006C20696E646578206F7574206F66207255
:10090000616E6765202854302D5434292E004361D0
:100910006E6E6F7420706572666F726D207468659C
:1009200020616374696F6E2C2066696C616D656E01
:100930007420697320616C7265616479206C6F61E9
:100940006465642E20556E6C6F6164206974206646
:10095000697273742E004D4D55206E6F7420726550
:1009600073706F6E64696E6720636F727265637413
:100970006C792E20436865636B2074686520776905
:1009800072696E6720616E6420636F6E6E6563745A
:100990006F72732E004D4D55206E6F74207265730B
:1009A000706F6E64696E672E20436865636B207498
:1009B000686520776972696E6720616E6420636F75
:1009C0006E6E6563746F72732E004D6F7265206476
:1009D000657461696C73206F6E6C696E652E00546E
:1009E00068652049646C65722063616E6E6F742067
:1009F000686F6D652070726F7065726C792E204320
:100A00006865636B20666F7220616E797468696EC9
:100A10006720626C6F636B696E6720697473206D09
:100A20006F76656D656E742E0043616E2774206D60
:100A30006F76652053656C6563746F72206F7220EA
:100A400049646C65722E005468652053656C65635B
:100A5000746F722063616E6E6F7420686F6D6520B5
:100A600070726F7065726C792E20436865636B20BD
:100A7000666F7220616E797468696E6720626C6F50
:100A8000636B696E6720697473206D6F76656D6541
:100A90006E742E004C6F6164696E6720746F206500
:100AA00078747275646572206661696C65642E2065
:100AB000496E7370656374207468652066696C6143
:100AC0006D656E74207469702073686170652E2086
:100AD000526566696E65207468652073656E736F14
:100AE000722063616C6962726174696F6E2C206937
:100AF00066206E65656465642E0053656C6563747D
:100B00006F722063616E2774206D6F766520647547
:100B10006520746F2046494E4441206465746563C6
:100B200074696E6720612066696C616D656E742EF4
:100B3000204D616B652073757265206E6F2066694C
:100B40006C616D656E7420697320696E2053656CED
:100B50006563746F7220616E642046494E44412083
:100B6000776F726B732070726F7065726C792E0084
:100B700046696C616D656E742073656E736F72206B
:100B800074726967676572656420746F6F20656150
:100B9000726C79207768696C65206C6F6164696E2E
:100BA0006720746F2065787472756465722E2043B7
:100BB0006865636B2074686572652069736E27745D
:100BC00020616E797468696E6720737475636B2039
:100BD000696E205054464520747562652E20436826
:100BE00065636B20746861742073656E736F722027
:100BF00072656164732070726F7065726C792E001B
:100C000050756C6C6579206D6F746F7220737461B0
:100C10006C6C65642E20456E737572652074686512
:100C20002070756C6C65792063616E206D6F7665E0
:100C300020616E6420636865636B2074686520774B
:100C40006972696E672E0046696C616D656E74200D
:100C500073656E736F72206469646E277420737796
:100C600069746368206F6666207768696C652075B3
:100C70006E6C6F6164696E672066696C616D656E2C
:100C8000742E20456E737572652066696C616D65A2
:100C90006E742063616E206D6F766520616E6420D6
:100CA0007468652073656E736F7220776F726B73F3
:100CB0002E0046696C616D656E742073656E736F8E
:100CC00072206469646E2774207472696767657244
:100CD000207768696C65206C6F6164696E67207449
:100CE00068652066696C616D656E742E20456E7353
:100CF000757265207468652073656E736F72206904
:100D0000732063616C6962726174656420616E64F2
:100D1000207468652066696C616D656E742072650B
:100D200061636865642069742E0046494E44412021
:100D30006469646E277420737769746368206F66D2
:100D400066207768696C6520756E6C6F6164696E8A
:100D5000672066696C616D656E742E20547279200F
:100D6000756E6C6F6164696E67206D616E75616C24
:100D70006C792E20456E737572652066696C616DA5
:100D8000656E742063616E206D6F766520616E64A0
:100D90002046494E444120776F726B732E004649BE
:100DA0004E4441206469646E2774207472696767D9
:100DB0006572207768696C65206C6F6164696E6725
:100DC000207468652066696C616D656E742E2045BF
:100DD0006E73757265207468652066696C616D65F7
:100DE0006E742063616E206D6F766520616E642085
:100DF00046494E444120776F726B732E00446973ED
:100E000061626C650053746F70004C6F61640055D3
:100E10006E6C6F61640052657365744D4D55005280
:100E200065747279004372617368206465746563E8
:100E30007465642E00536F6D652070726F626C650F
:100E40006D20656E636F756E74657265642C205AD3
:100E50002D6C6576656C696E6720656E666F726372
:100E60006564202E2E2E004D657368206265642017
:100E70006C6576656C696E67206661696C65642E69
:100E8000205072696E742063616E63656C65642EB8
:100E90000048656174696E672064697361626C659E
:100EA00064206279207361666574792074696D6568
:100EB000722E0053544F505045442E00504155530C
:100EC000454420544845524D414C204552524F52C2
:100ED00000472D636F646520736C696365642066E9
:100EE0006F72206120646966666572656E74206C3D
:100EF0006576656C2E20506C656173652072652D7A
:100F0000736C69636520746865206D6F64656C201F
:100F1000616761696E2E205072696E742063616E24
:100F200063656C6C65642E00472D636F6465207388
:100F30006C6963656420666F72206120646966660F
:100F40006572656E74206C6576656C2E20436F6EDD
:100F500074696E75653F00472D636F646520736C1F
:100F60006963656420666F722061206E65776572C3
:100F7000206669726D776172652E20506C656173B1
:100F80006520757064617465207468652066697297
:100F90006D776172652E205072696E742063616E88
:100FA00063656C6C65642E00472D636F6465207308
:100FB0006C6963656420666F722061206E65776579
:100FC00072206669726D776172652E20436F6E7450
:100FD000696E75653F00472D636F646520736C69AA
:100FE00063656420666F722061206469666665725D
:100FF000656E74207072696E7465722074797065A4
:101000002E20506C656173652072652D736C696369
:101010006520746865206D6F64656C206167616927
:101020006E2E205072696E742063616E63656C6C05
:1010300065642E00472D636F646520736C6963657A
:101040006420666F72206120646966666572656EF1
:1010500074207072696E74657220747970652E20C8
:10106000436F6E74696E75653F00507265737320CF
:10107000746865206B6E6F6220746F207072656893
:10108000656174206E6F7A7A6C6520616E6420638E
:101090006F6E74696E75652E00506C6561736520A6
:1010A000707265737320746865206B6E6F62207454
:1010B0006F20756E6C6F61642066696C616D656E22
:1010C0007400616E642070726573732074686520AB
:1010D0006B6E6F6200496E736572742066696C6135
:1010E0006D656E7400436F6C6F72206E6F74206359
:1010F0006F72726563740046696C616D656E742011
:101100006E6F74206C6F61646564004368616E6724
:10111000656420636F72726563746C79004C6F61F3
:1011200064696E6720636F6C6F72004368616E67FD
:101130006520737563636573732100506C6561731B
:1011400065206F70656E2069646C657220616E64E5
:101150002072656D6F76652066696C616D656E7471
:10116000206D616E75616C6C792E0057617320661D
:10117000696C616D656E7420756E6C6F616420734F
:1011800075636365737366756C3F00506C6561735E
:101190006520757067726164652E004E6577206604
:1011A00069726D776172652076657273696F6E2002
:1011B000617661696C61626C653A00576169746956
:1011C0006E6720666F722050494E44412070726FE6
:1011D000626520636F6F6C696E6700506C65617348
:1011E000652077616974004E6F206D6F76652E0003
:1011F0005761697420666F7220757365722E2E2E8A
:1012000000537461626C6520616D6269656E742063
:1012100074656D70657261747572652032312D323E
:101220003643206973206E656564656420612072B1
:1012300069676964207374616E64206973207265E4
:101240007175697265642E00506C656173652072FA
:10125000756E2058595A2063616C696272617469B5
:101260006F6E2066697273742E00426564206C652F
:1012700076656C696E67206661696C65642E2053C3
:10128000656E736F72206469646E2774207472696E
:10129000676765722E20446562726973206F6E20E5
:1012A0006E6F7A7A6C653F2057616974696E67204A
:1012B000666F722072657365742E0053656E736974
:1012C00074697669747900446F6E65002200656EFA
:1012D000717565696E67202200446F6E65207072BB
:1012E000696E74696E672066696C65004E6F204C8C
:1012F000696E65204E756D6265722077697468202D
:10130000636865636B73756D2C204C617374204C3E
:10131000696E653A20004E6F20436865636B737594
:101320006D2077697468206C696E65206E756D62DA
:1013300065722C204C617374204C696E653A2000F4
:10134000636865636B73756D206D69736D6174633C
:10135000682C204C617374204C696E653A20004CF7
:10136000696E65204E756D626572206973206E6FBF
:1013700074204C617374204C696E65204E756D62EB
:1013800065722B312C204C617374204C696E653A68
:101390002000256C752062797465732077726974FA
:1013A00074656E20746F202553206174206164641D
:1013B000726573732030782530346C780A004425C8
:1013C00064202D20526561642F5772697465202551
:1013D000530A0020436F756E7420583A2000453040
:1013E0003A25642052504D2050524E313A25642007
:1013F00052504D204530403A25752050524E3140D4
:101400003A25750A00526573656E640025533A20CB
:10141000256C640A25530A002F2F616374696F6E6F
:101420003A6E6F74696669636174696F6E202553E3
:101430000A0046696C616D656E742072756E6F7519
:101440007420646574656374656421005072696E0C
:101450007465722073746F707065642064756520A4
:10146000746F206572726F72732E2053757065727F
:10147000766973696F6E2072657175697265642E25
:101480000064756D7020636C65617265640A006E3E
:101490006F2064756D7020617661696C61626C6546
:1014A0000A00443231202D2072656164206372612C
:1014B00073682064756D700A006E6F2064756D70BE
:1014C00020617661696C61626C650A0064756D709B
:1014D00020636F6D706C6574656420696E20256C87
:1014E000756D730A0058464C4153480045455052AB
:1014F0004F4D005352414D00442D31202D20456E5B
:10150000646C657373206C6F6F700A00416374695B
:1015100076652045787472756465723A20300049AA
:101520006E76616C696420657874727564657200AA
:10153000746D63323133305F7072696E745F6375DE
:101540007272656E747328290A094809520A58098B
:1015500025640925640A590925640925640A5A097C
:1015600025640925640A450925640925640A005390
:1015700044207072696E74696E67206279746520A8
:1015800000257500556E6B6E6F776E20636F6D6D05
:10159000616E643A2022004D32303020496E76610F
:1015A0006C696420657874727564657220007A5F76
:1015B0006D61783A20007A5F6D696E3A2000795F3C
:1015C0006D61783A2000795F6D696E3A2000785F2E
:1015D0006D61783A200054524947474552454400CE
:1015E0006F70656E00785F6D696E3A2000526570AD
:1015F0006F7274696E6720656E6473746F702073A8
:101600007461747573004D3131322063616C6C65A7
:10161000642E20456D657267656E63792053746F23
:10162000702E002F2F616374696F6E3A75766C6F40
:101630005F7265636F766572795F72656164790068
:101640002F2F616374696F6E3A75766C6F5F617589
:10165000746F5F7265636F766572795F72656164DE
:10166000790053494C454E54004E4F524D414C0069
:101670002553204D4F44453A2050657263656E7482
:1016800020646F6E653A20256868643B207072693B
:101690006E742074696D652072656D61696E696E26
:1016A0006720696E206D696E733A2025643B204384
:1016B00068616E676520696E206D696E733A2025DA
:1016C000640A005072696E74657253746174653A8D
:1016D0002025640A00456E642066696C65206C698B
:1016E000737400426567696E2066696C65206C6979
:1016F000737400556E6B6E6F776E20256320636F79
:1017000064653A2025730A000A50494E444120740A
:10171000656D70657261747572653A20252E31664B
:10172000205A20736869667420286D6D293A202537
:101730002E3366000A537465703A2025642F360AEA
:10174000000A537465703A2025642F362028736B85
:101750006970706564290A50494E44412074656D72
:1017600070657261747572653A202564205A207321
:101770006869667420286D6D293A300A000A5A4556
:10178000524F3A20252E33660A007374617274201A
:1017900074656D70657261747572653A20252E31BD
:1017A000660A0025642020252E3266002553205825
:1017B0003A20252E356620593A20252E3566205AA6
:1017C0003A20252E35660A00536C6565702E2E2E44
:1017D0000045303A25642052504D0A50524E303A5E
:1017E00025642052504D0A00312F39008800002016
:1017F00045535000204E535000204F464600204F86
:101800004E005056303100205B4D505D2000256960
:1018100020686F757273202569206D696E75746517
:10182000730052582074696D656F7574004D3331C3
:1018300030004D313132004D3131300046756C6C25
:10184000205258204275666665720053657474694B
:101850006E67732053746F72656400544D3A207341
:10186000746F7265642063616C6962726174696F20
:101870006E20696E76616C69642C20726573657484
:1018800074696E670053746F726564207365747455
:10189000696E677320726574726965766564004865
:1018A000617264636F6465642044656661756C741D
:1018B0002053657474696E6773204C6F616465644E
:1018C00000563200000000C8420000C8420000C8B4
:1018D0004300008C430000484300004843000040A0
:1018E000410000F042E8030000E8030000C80000E7
:1018F000008813000000409C4400409C440000000D
:101900000000000000204E000000002041000020E8
:1019100041CDCCCC3E000090400000000000000013
:101920000000000000CDCCCC3E0000C8419C5349D3
:101930003F80F946438F42FC42E65A343F4C62B046
:10194000450000000000404000003442000000005C
:101950000000000000000041000000E03F0000C85F
:10196000420000C842000040410000F042C00300B5
:1019700000C0030000C80000008813000010101011
:101980002000409C440000803F0000003F191400EC
:101990000000437573746F6D004E796C6F6E50412B
:1019A00000536174696E202000546578747572006C
:1019B000536D6F6F746800486F74656E6420666164
:1019C0006E207370656564206973206C6F77657233
:1019D000207468616E20657870656374656400507A
:1019E00072696E742066616E20737065656420692B
:1019F00073206C6F776572207468616E20657870F3
:101A0000656374656400312E3000312E3500554E0B
:101A10004B4E4F574E004C413130433A204C696E8B
:101A200065617220416476616E6365206D6F6465E7
:101A30003A20004C413130433A2041646A75737456
:101A4000656420452D4A65726B3A20003E0FA8AFB1
:101A500000480069960000DF602555588768042714
:101A6000F2E0005E3403CC1960F33C0EF88F00DB2B
:101A700008029492003E1C079A8700E524008528FE
:101A8000527E06001BE4007E781270787061F812B6
:101A9000788F8841784270787061782570787061AD
:101AA000F850788F88D1F02527078761F025278F98
:101AB00088412C0D27AA50D1BC0707871161BE7839
:101AC0008F881141785270787061F852788F884110
:101AD0002012788870632052788870634852788822
:101AE0008743031117997064181278F870654412CF
:101AF000F8F8F045184278F87065182578F87065A0
:101B0000185278F87065185078F870650C078F8750
:101B10002365A20F8F8F11450012062270690012F3
:101B20000722274900250622706900250722274938
:101B300000120622276C026236A2706C40456C448B
:101B4000704C03622222706C43888888F04C7812B3
:101B5000BC88806E7852BC88806E38127888706F2E
:101B600078127888874F38427888706F382578885F
:101B7000706F3A0079AC786F3D079AAC786F785007
:101B8000788887EF39497888706F0852BC888072EE
:101B90009852F88F985220127870F0734812786338
:101BA000875320527870F073485278638753100738
:101BB000870F247312786387245360699A988BE2A5
:101BC0002304E4443074104E444324747C12888906
:101BD00060753C50888870557825288960757949EA
:101BE000088960753C12887070790C1288522259ED
:101BF0004412F124F07A4452F124F07A8C52F036F7
:101C00008F5A4420F124F07A00401454CDCCCC3DBE
:101C10000AD7233C17B7D13877CC2B329595E624D9
:101C20001FB14F0A000020410000C84200401C467E
:101C300020BCBE4CCA1B0E5AAEC59D744E414E49C7
:101C40004E46627573793A207061757365642066DB
:101C50006F7220696E70757400627573793A2070C6
:101C6000617573656420666F7220757365720062BA
:101C70007573793A2070726F63657373696E67006C
:101C800000007F43008054430000524300000000E6
:101C9000000080C09A99193E00000000000080C03A
:101CA0009A99193E0000A0400000A04000000040AA
:101CB00025336420737465703D253264206D736331
:101CC0006E743D2534640A0000007F430080584351
:101CD0009AD95143FFFFFF20413A0020503A00209B
:101CE00042403A0020403A00202F002054303A0071
:101CF000202F0020423A00202F00543A002553455F
:101D0000786365737369766520626564206C6576B7
:101D1000656C696E6720636F7272656374696F6E5C
:101D20003A202569206D6963726F6E730A004265FF
:101D300064206C6576656C696E67206661696C65A8
:101D4000642E20546F6F206D756368207661726910
:101D50006174696F6E2066726F6D20656570726F59
:101D60006D206D65736800426564206C6576656CF6
:101D7000696E67206661696C65642E2053656E73B9
:101D80006F722074726967676572656420746F6F23
:101D900020736F6F6E002020004D65617375726552
:101DA0006420706F696E74733A005A2073656172B3
:101DB0006368206865696768743A20352E3066006C
:101DC0004E756D20582C593A20372C37004D6573CD
:101DD0006820626564206C6576656C696E67206E4C
:101DE0006F74206163746976652E0020453A002087
:101DF0005A3A0020593A0020453A00205A3A002029
:101E0000593A00583A00202D3E200053706F6F6CF5
:101E10004A6F696E3A20002C2000496E6163746934
:101E2000766974792053687574646F776E004B49D6
:101E30004C4C45442E005072696E74657220686186
:101E40006C7465642E206B696C6C28292063616C4E
:101E50006C656421005A206C6976652061646A753E
:101E60007374206F7574206F662072616E67652EC3
:101E70002053657474696E6720746F20302E204380
:101E80006C69636B20746F20636F6E74696E756527
:101E90002E005A206C6976652061646A757374201F
:101EA0006F7574206F662072616E67652E205365B2
:101EB0007474696E6720746F20300020453A3020BA
:101EC000423A00543A004731205A252D2E336620DD
:101ED00046252D2E336600496E76616C6964205468
:101EE00020636F64652E004475706C69636174656E
:101EF00020542D636F64652069676E6F7265642E70
:101F000000416476616E6365204B3D004B206F7528
:101F100074206F6620616C6C6F7765642072616EEF
:101F2000676521004D4B33004D4B334D4D5533000C
:101F30005C762C012533642F25336400253364003F
:101F4000200A200A200A200025534172632053658D
:101F50007474696E67733A20503A4D6178206C65ED
:101F60006E677468286D6D2920533A4D696E206C38
:101F7000656E67746820286D6D29204E3A436F7234
:101F800072656374696F6E7320523A4D696E207387
:101F900065676D656E747320463A5365676D656E4F
:101FA00074732F7365632E0A255320204D3231340C
:101FB0002050252E32662053252E3266204E256471
:101FC00020522564204625640A00255346696C6129
:101FD0006D656E742073657474696E67733A20441E
:101FE000697361626C65640A00255346696C616DB2
:101FF000656E742073657474696E67733A0A25534D
:102000002020204D3230302044252E32660A002513
:1020100053526574726163743A20533D4C656E6728
:10202000746820286D6D2920463A537065656420D8
:10203000286D6D2F6D29205A3A205A4C69667420FC
:10204000286D6D290A25532020204D32303720532A
:10205000252E32662046252E3266205A252E3266DF
:102060000A25535265636F7665723A20533D457871
:10207000747261206C656E67746820286D6D29200C
:10208000463A537065656420286D6D2F6D290A25C9
:10209000532020204D3230382053252E32662046E2
:1020A000252E32660A25534175746F2D5265747260
:1020B0006163743A20533D3020746F20646973610A
:1020C000626C652C203120746F20696E74657270AB
:1020D00072657420657874727564652D6F6E6C79A5
:1020E000206D6F7665732061732072657472616311
:1020F0007473206F72207265636F766572696573A1
:102100000A25532020204D323039205325640A00FF
:102110002553504944206865617462656420736585
:102120007474696E67733A0A25532020204D33304A
:10213000342050252E32662049252E326620442533
:102140002E32660A00255350494420736574746921
:102150006E67733A0A25532020204D3330312050CA
:10216000252E32662049252E32662044252E3266E1
:102170000A00255353746570732070657220756E64
:1021800069743A0A255320204D39322058252E32C1
:10219000662059252E3266205A252E326620452586
:1021A0002E32660A25535553746570207265736F1D
:1021B0006C7574696F6E3A200A2553204D333530A3
:1021C0002058256420592564205A2564204525641B
:1021D0000A25534D6178696D756D20666565647279
:1021E00061746573202D206E6F726D616C20286D97
:1021F0006D2F73293A0A255320204D323033205851
:10220000252E32662059252E3266205A252E32661A
:102210002045252E32660A25534D6178696D756D0E
:1022200020666565647261746573202D2073746522
:10223000616C746820286D6D2F73293A0A2553202C
:10224000204D3230332058252E32662059252E322B
:1022500066205A252E32662045252E32660A2553E1
:102260004D6178696D756D20616363656C65726140
:1022700074696F6E202D206E6F726D616C20286DF9
:102280006D2F7332293A0A255320204D32303120E8
:1022900058256C752059256C75205A256C7520457C
:1022A000256C750A25534D6178696D756D206163E4
:1022B00063656C65726174696F6E202D207374653F
:1022C000616C746820286D6D2F7332293A0A25538A
:1022D00020204D3230312058256C752059256C75E1
:1022E000205A256C752045256C750A25534163637A
:1022F000656C65726174696F6E3A20503D707269E9
:102300006E742C20523D726574726163742C20547B
:102310003D74726176656C0A255320204D3230344D
:102320002050252E32662052252E32662054252E2E
:1023300032660A2553416476616E63656420766176
:10234000726961626C65733A20533D4D696E206617
:102350006565647261746520286D6D2F73292C206A
:10236000543D4D696E2074726176656C20666565BA
:10237000647261746520286D6D2F73292C20423D95
:102380006D696E696D756D207365676D656E74201E
:1023900074696D6520287573292C20583D6D61780E
:1023A000696D756D205859206A65726B20286D6DB6
:1023B0002F73292C20205A3D6D6178696D756D2031
:1023C0005A206A65726B20286D6D2F73292C20208E
:1023D000453D6D6178696D756D2045206A65726B4C
:1023E00020286D6D2F73290A255320204D3230355A
:1023F0002053252E32662054252E32662042256C2D
:10240000752058252E32662059252E3266205A25F1
:102410002E32662045252E32660A2553486F6D659B
:10242000206F666673657420286D6D293A0A2553FE
:1024300020204D3230362058252E32662059252E48
:102440003266205A252E32660A00544D3A20525BDD
:1024500025755D20657374696D6174652E00544D3A
:102460003A20255320522025644300544D3A20251C
:10247000532043206573742E00544D3A20636F6FD0
:102480006C20646F776E203C25644300726566693A
:102490006E6500696E697469616C00544D3A206321
:1024A000616C6962722E206661696C6564210054FA
:1024B0004D3A2063616C6962726174696F6E20735A
:1024C0007461727400544D3A2043616C2E204E4F5B
:1024D000542049444C45004361703A25533A2563E2
:1024E0000A0050525553415F4D4D553200455854E6
:1024F000454E4445445F4D3230004155544F52459E
:10250000504F52545F504F534954494F4E0041551C
:10251000544F5245504F52545F46414E530041551F
:10252000544F5245504F52545F54454D5000004453
:10253000656C6574696F6E206661696C65642C20DA
:1025400046696C653A200046696C652064656C6577
:102550007465643A004E6F74205344207072696E43
:1025600074696E67005072696E7420736176656479
:10257000005344207072696E7420706175736564D5
:10258000002533642F253364004F4B004241440043
:1025900052414D426F2046414E20006676007468DD
:1025A000780050524E0043524153485F43414E43DE
:1025B000454C0043524153485F5245434F564552A4
:1025C0000043524153485F5245434F564552002203
:1025D0002832290025533A2025530A002C204D3952
:1025E000303720452069676E6F726564006E6F201A
:1025F00076616C696420636F6D6D616E64007A65ED
:10260000726F72697A656400666163746F727920B3
:10261000726573746F72656400696E6465782C20EE
:1026200074656D702C2075737465702C20756D0049
:1026300050494E44412063616C207374617475731A
:102640003A2000503A005761697420666F7220503A
:10265000494E4441207461726765742074656D70E1
:10266000657261747572653A002041002050002047
:102670004200204C00205200205A00204E4F54208F
:10268000494E495449414C495A454400536865658F
:10269000742000205A2056414C5545204F55542057
:1026A0004F462052414E474500496E76616C696441
:1026B0002073686565742049442E20416C6C6F77E7
:1026C00065643A20302E2E004155544F004C414E47
:1026D000472053454C20464F524345440020643A1E
:1026E0000020693A0020703A0020643A0020693ADC
:1026F0000020703A00256925250A00256925250A4C
:102700000022283129002F2F00002045585452550F
:102710004445525F434F554E543A3100204D41439A
:1027200048494E455F545950453A00312E300020FB
:102730006261736564206F6E204D61726C696E20FA
:102740004649524D574152455F55524C3A68747450
:1027500070733A2F2F6769746875622E636F6D2FDF
:10276000707275736133642F50727573612D466991
:10277000726D776172652050524F544F434F4C5FDA
:1027800056455253494F4E3A003136353532663749
:102790006264005F0038323530002B004649524DEC
:1027A000574152455F4E414D453A50727573612D08
:1027B0004669726D7761726520004D313133205367
:1027C000006F6B200020636D2E00206D696E20006D
:1027D000535441545320006E2F61003F546F73686F
:1027E00069626120466C6173684169722047657453
:1027F0004950206661696C65640A00000125311D3D
:102800000C4024301C0B45232F1B0A17FF04062203
:102810002B1A03363735382569206D696E2C202533
:10282000692073656300496E76616C6964204D2090
:10283000636F64653A2025730A0050494E44412075
:1028400070726F62652063616C6962726174696F36
:102850006E207374617274004E6F2050494E444173
:1028600020746865726D6973746F720073657400AB
:102870006E6F7A7A6C65004D424C004652004C7A7D
:10288000004C616E6700315F37356D6D5F4D4B33C6
:102890002D45494E53795F3130612D4533445245C2
:1028A000564F0052657600332E31342E312D38329A
:1028B00035300046697200534E20696E76616C694E
:1028C0006400534E005245534554004D4D555245FA
:1028D000530075766C6F0046414E0046414E50499C
:1028E0004E545354005052555341005345545F4386
:1028F000484F505F005345545F535445505F005359
:1029000045545F574156455F00544D435F00435265
:102910004153485F43414E43454C00435241534865
:102920005F5245434F5645520043524153485F441E
:10293000455445435445440043524153485F0025A4
:102940002E313053200025346400457872656D6562
:10295000207370616E206F6620746865205A20763F
:10296000616C756573210025642F39004D4D55321A
:102970003A002533640018010419020A9E0D2A0D3D
:10298000B20C470C000C700BFA0A940A470A290A89
:10299000DF09290ACA09CA09CA09CA09CA09CA092A
:1029A000CA09CA09CA09CA09CA09CA09CA09CA098F
:1029B000CA09CA09CA09CA09CA09CA09CA09CA097F
:1029C000950956090E099D086A082208DA077E074C
:1029D00047070707EC06010101010101010271012E
:1029E00071013232320303030303030303030303BE
:1029F00003030303030303039393243803930301A3
:102A0000025603650066006700680069006A006B93
:102A1000006C00730074007D007E00C900D300DDEF
:102A200000CA00D400DE002D01370141012E01381B
:102A30000142012F013901430130013A01440131C2
:102A4000013B014501320191019201F501F601F7C7
:102A500001F801F901FA01FB01FC0184031F0EC713
:102A600012160E0F0E0A0EFE2F183D050EFD0D2537
:102A70002E3230530A70727573612E696F2F3034A5
:102A80002568750020557067726164696E672078EB
:102A9000666C6173680A20446F206E6F74206469ED
:102AA00073636F6E6E6563742100773235783230F0
:102AB000636C5F63666D0A00773235783230636C21
:102AC0005F656E7465720A0073746172740A004700
:102AD00031205831302059313830204634303030B0
:102AE000004731205A3130204631333030004D31EB
:102AF0003430205330004D313034205330004731D2
:102B000020452D302E3037352046323130300047C9
:102B100031204634303030004D32303420533130A3
:102B20003030004731205A352046373230300047A8
:102B30003120452D312E3520463231303000473995
:102B40003000473120583520453420463130303070
:102B5000004731205A302E32204631303030004785
:102B6000312058353520453235204631343030005B
:102B7000473120592D322046313030300047312046
:102B80005832343020453235202046323230300041
:102B90004731205A302E3320463130303000473113
:102BA0002058353520453820463230303000473106
:102BB00020583520453239204631383030004731F1
:102BC00020583535204532392046313037330047DB
:102BD000393220453000473238004D313039004D10
:102BE000313930004D3130370025533A0A2531381C
:102BF0002E32666D200A25533A0A2531306C6468FE
:102C000020253032646D2025303264730025533A1C
:102C10000A2531382E32666D200A25533A0A2531AD
:102C2000306C646420253032646820253032646D55
:102C30000025362E32666D6D0025530A25530A2570
:102C4000533A0A25533A0025332E32668100252D4A
:102C500031342E3134533A0A25530A252D31342E7E
:102C60003134533A25332E3266810A252D31342EE4
:102C70003134533A25332E32668100202030002033
:102C8000203100423A20253364202020202058643F
:102C90003A2536640A533A20253364202020202028
:102CA00059643A2536640046494E44410050494E25
:102CB00044410057697A61726420656E64207374C0
:102CC0006174653A2025640A0053706F6F6C4A6F17
:102CD000696E004669726D7761726500484265648D
:102CE000206F6E206C6F616400466C61736841698F
:102CF0007200546865726D616C204D6F64656C2064
:102D000063616C2E004572723A5052494E5420460F
:102D1000414E204552524F52004572723A484F542C
:102D2000454E442046414E204552524F52002F2FCF
:102D3000616374696F6E3A726573756D6564002FB7
:102D40002F616374696F6E3A726573756D65002FDC
:102D50002F616374696F6E3A7265616479002F2F19
:102D6000616374696F6E3A6E6F745F7265616479E6
:102D7000002F2F616374696F6E3A63616E63656CD7
:102D80000041786973206C656E67746820646966B9
:102D9000666572656E63653A252E33660A004D6579
:102DA0006173757265642061786973206C656E6704
:102DB00074683A252E33660A004F4B004C4344207A
:102DC000737461747573206368616E676564005322
:102DD0004420636172642072656C65617365640090
:102DE00046616B652073657269616C206E756D62FA
:102DF000657200452D636F6F6C206D6F6465002FE9
:102E00002F616374696F6E3A7374617274004D3828
:102E100034004D373032004D3833004732382057B8
:102E2000004D3530300045787465726E616C20530A
:102E3000504920666C6173680A58464C41534820DB
:102E40006973206E6F74207265732D0A706F6E64E3
:102E5000696E672E204C616E67756167650A7377CE
:102E60006974636820756E617661696C61626C6516
:102E70002E0058464C415348206E6F742072657383
:102E8000706F6E64696E672E0046572063726173BF
:102E9000682064657465637465642120596F7520CA
:102EA00063616E20636F6E74696E75652070726900
:102EB0006E74696E672E2044656275672064617464
:102EC0006120617661696C61626C6520666F722059
:102ED000616E616C797369732E20436F6E746163E8
:102EE0007420737570706F727420746F20737562C4
:102EF0006D69742064657461696C732E002F2F6195
:102F00006374696F6E3A64756D705F617661696C48
:102F100061626C65004372617368446574656374D3
:102F20002044495341424C45440043726173684414
:102F3000657465637420454E41424C454421002030
:102F400020506C616E6E657242756666657242797C
:102F50007465733A20002046726565204D656D6F7B
:102F600072793A2000207C20417574686F723A2093
:102F700000204C61737420557064617465643A205C
:102F80000020536F667477617265205265736574B3
:102F900000205761746368646F67205265736574BD
:102FA000002042726F776E206F75742052657365D2
:102FB00074002045787465726E616C20526573658B
:102FC0007400506F7765725570006572726F722071
:102FD00077726974696E6720746F2066696C65002A
:102FE000446F6E6520736176696E672066696C65F3
:102FF0002E006F6B0046696C616D656E7400456AEA
:103000006563740046696C616D656E7420657874E3
:10301000727564696E672026207769746820636F13
:10302000727265637420636F6C6F723F00417574D8
:103030006F6C6F6164696E672066696C616D656E47
:1030400074206973206163746976652C206A7573D6
:103050007420707265737320746865206B6E6F6284
:1030600020616E6420696E736572742066696C619C
:103070006D656E742E2E2E005072696E7420746908
:103080006D650046696C616D656E7420757365646D
:1030900000546F74616C207072696E742074696D75
:1030A0006500546F74616C2066696C616D656E7447
:1030B000005072656865617420746865206E6F7A6F
:1030C0007A6C6521004552524F523A005269676846
:1030D00074004C65667400592064697374616E6392
:1030E000652066726F6D206D696E0053657665723E
:1030F0006520736B657700536C6967687420736B28
:103100006577004D6561737572656420736B6577D3
:10311000005B303B305D20706F696E74206F6666B7
:103120007365740041646A757374696E67205A0030
:10313000526561722073696465205BE46D5D0046D1
:10314000726F6E7420736964655BE46D5D00526933
:1031500067687420736964655BE46D5D004C656647
:10316000742073696465205BE46D5D0053657420B1
:1031700074656D70657261747572653A0050494E80
:1031800044412063616C6962726174696F6E20668C
:1031900061696C65640050494E44412063616C690B
:1031A00062726174696F6E2069732066696E6973FB
:1031B00068656420616E64206163746976652E20A1
:1031C00049742063616E2062652064697361626C7A
:1031D000656420696E206D656E7520536574746931
:1031E0006E67732D3E50494E44412063616C2E0042
:1031F0004578747275646572004D6F7665205A006B
:103200004D6F76652059004D6F76652058004372EA
:1032100061736820646574656374696F6E206361AF
:103220006E0A6265207475726E6564206F6E206F21
:103230006E6C7920696E0A4E6F726D616C206D6FD5
:103240006465005741524E494E473A0A43726173D2
:103250006820646574656374696F6E0A646973617C
:10326000626C656420696E0A537465616C746820D1
:103270006D6F6465004D6F6465206368616E67659E
:1032800020696E2070726F67726573732E2E2E0028
:10329000536865657420252E37730A5A206F666659
:1032A0007365743A20252B312E33666D6D0A2563C4
:1032B000436F6E74696E75650A2563526573657434
:1032C00000506C65617365206C6F61642066696C89
:1032D000616D656E742066697273742E003E436181
:1032E0006E63656C0052756E6E696E672057697A01
:1032F0006172642077696C6C2064656C657465200C
:1033000063757272656E742063616C696272617458
:10331000696F6E20726573756C747320616E6420C2
:1033200073746172742066726F6D207468652062B8
:103330006567696E6E696E672E20436F6E74696E85
:1033400075653F0050726568656174696E67206ECF
:103350006F7A7A6C652E20506C6561736520776199
:1033600069742E00506C6561736520696E736572B7
:10337000742066696C616D656E7420696E746F206F
:103380007468652065787472756465722C20746841
:10339000656E20707265737320746865206B6E6F44
:1033A0006220746F206C6F61642069742E00506C11
:1033B0006561736520696E736572742066696C61FE
:1033C0006D656E7420696E746F207468652066691F
:1033D0007273742074756265206F6620746865204E
:1033E0004D4D552C207468656E2070726573732086
:1033F000746865206B6E6F6220746F206C6F6164FF
:103400002069742E005A2063616C6962726174696C
:103410006F6E207265636F6D6D656E6465642E20DE
:1034200052756E206974206E6F773F005468652076
:103430007072696E7465722077696C6C2073746148
:103440007274207072696E74696E672061207A6987
:10345000672D7A6167206C696E652E20526F7461EA
:10346000746520746865206B6E6F6220756E746978
:103470006C20796F752072656163682074686520BF
:103480006F7074696D616C206865696768742E205F
:10349000436865636B207468652070696374757236
:1034A000657320696E207468652068616E64626F60
:1034B0006F6B202843616C6962726174696F6E2062
:1034C00063686170746572292E0053656C6563745E
:1034D0002074656D706572617475726520776869B6
:1034E0006368206D61746368657320796F757220FD
:1034F0006D6174657269616C2E0053656C656374EF
:1035000020612066696C616D656E7420666F722043
:10351000746865204669727374204C617965722005
:1035200043616C6962726174696F6E20616E6420C0
:1035300073656C65637420697420696E20746865B6
:10354000206F6E2D73637265656E206D656E752ECE
:10355000004E6F7720492077696C6C2063616C693D
:1035600062726174652064697374616E6365206260
:1035700065747765656E20746970206F6620746865
:1035800065206E6F7A7A6C6520616E642068656173
:103590007462656420737572666163652E00506C99
:1035A0006561736520636865636B206F7572206861
:1035B000616E64626F6F6B20616E64206669782053
:1035C0007468652070726F626C656D2E205468653A
:1035D0006E20726573756D65207468652057697A11
:1035E000617264206279207265626F6F74696E67C0
:1035F00020746865207072696E7465722E00416C6B
:103600006C20697320646F6E652E2048617070793C
:10361000207072696E74696E672100596F7520633E
:10362000616E20616C7761797320726573756D6569
:10363000207468652057697A6172642066726F6DC4
:103640002043616C6962726174696F6E202D3E2047
:1036500057697A6172642E00496620796F75206817
:10366000617665206164646974696F6E616C207352
:103670007465656C207368656574732C2063616C78
:103680006962726174652074686569722070726520
:103690007365747320696E2053657474696E677303
:1036A000202D204857205365747570202D205374A9
:1036B00065656C207368656574732E00506C656178
:1036C000736520636C65616E206865617462656412
:1036D00020616E64207468656E207072657373205B
:1036E000746865206B6E6F622E00446F20796F7571
:1036F0002077616E7420746F20726570656174202C
:103700006C617374207374657020746F20726561CE
:10371000646A7573742064697374616E6365206292
:1037200065747765656E206E6F7A7A6C6520616E60
:103730006420686561746265643F0053656C65630D
:1037400074206E6F7A7A6C6520707265686561743A
:103750002074656D70657261747572652077686933
:103760006368206D61746368657320796F7572207A
:103770006D6174657269616C2E0049732066696CB5
:10378000616D656E74206C6F616465643F005468A0
:1037900065726D616C206D6F64656C2063616C2E69
:1037A0002074616B657320617070726F782E2031A8
:1037B00032206D696E732E205365650A70727573C1
:1037C000612E696F2F746D2D63616C004E6F7720D1
:1037D000492077696C6C2070726568656174206E31
:1037E0006F7A7A6C6520666F7220504C412E0049CA
:1037F0002077696C6C2072756E207A2063616C6929
:1038000062726174696F6E206E6F772E004E6F77F3
:103810002072656D6F7665207468652074657374B9
:10382000207072696E742066726F6D2073746565A6
:103830006C2073686565742E00506C65617365203B
:1038400072656D6F7665207368697070696E672048
:1038500068656C706572732066697273742E0049B6
:103860002077696C6C2072756E2078797A2063619C
:103870006C6962726174696F6E206E6F772E204979
:10388000742077696C6C2074616B6520757020748E
:103890006F203234206D696E732E00466972737426
:1038A0002C20492077696C6C2072756E20746865D5
:1038B0002073656C667465737420746F206368652B
:1038C000636B206D6F737420636F6D6D6F6E20611D
:1038D0007373656D626C792070726F626C656D7365
:1038E0002E0048692C204920616D20796F75722067
:1038F0004F726967696E616C2050727573612069DF
:1039000033207072696E7465722E20576F756C6407
:1039100020796F75206C696B65206D6520746F2050
:10392000677569646520796F75207468726F756753
:1039300068207468652073657475702070726F6399
:103940006573733F0048692C204920616D20796FB1
:103950007572204F726967696E616C205072757361
:1039600061206933207072696E7465722E2049205F
:1039700077696C6C20677569646520796F75207450
:1039800068726F75676820612073686F7274207346
:10399000657475702070726F636573732C20696E27
:1039A00020776869636820746865205A2D6178699A
:1039B000732077696C6C2062652063616C69627248
:1039C000617465642E205468656E2C20796F7520B3
:1039D00077696C6C20626520726561647920746F10
:1039E000207072696E742E00452D636F727265636C
:1039F00074005A2D636F727265637400592D636F82
:103A0000727265637400582D636F7272656374001F
:103A1000506175736500436F6E742E0046532041EC
:103A20006374696F6E00462E206A616D2064657450
:103A300065637400462E206175746F6C6F6164005D
:103A4000462E2072756E6F7574004D4D55204D6F6A
:103A50006465004375747465720046616E2073700E
:103A6000656564004265640046616E732063686545
:103A7000636B004D6F64656C004E6F7A7A6C650005
:103A8000506C6561736520756E6C6F61642074683D
:103A9000652066696C616D656E7420666972737409
:103AA0002C207468656E207265706561742074687E
:103AB000697320616374696F6E2E00436865636B80
:103AC0007300416C7068616265740054696D6500D3
:103AD000536F7274005344206361726400525069E2
:103AE00020706F7274004C696E2E20636F72726565
:103AF0006374696F6E004E6F7A7A6C6520636861DB
:103B00006E6765004857205365747570004C6F618F
:103B100064696E6720546573740044697361626CF4
:103B200065207374657070657273004D6F766520E3
:103B3000617869730054656D706572617475726542
:103B40000050494E44412063616C2E0052657365FC
:103B5000742058595A2063616C6962722E00504972
:103B6000442063616C6962726174696F6E004265C2
:103B700064206C6576656C20636F72726563740097
:103B80004D65736820426564204C6576656C696E8E
:103B9000670043616C696272617465205A00436119
:103BA0006C6962726174652058595A0053656C667D
:103BB000746573740042656C742074657374005787
:103BC000697A617264004C6F616420416C6C0050D2
:103BD0006C656173652070756C6C206F7574206600
:103BE000696C616D656E7420696D6D656469617481
:103BF000656C790052657365740052656E616D6520
:103C0000004669727374206C617965722063616C1F
:103C10002E0053656C65637400537465656C207386
:103C2000686565747300537570706F7274004661D7
:103C3000696C207374617473204D4D550046616941
:103C40006C20737461747300537461746973746964
:103C500063730043616C6962726174696F6E0041E5
:103C600075746F4C6F61642066696C616D656E740C
:103C7000004C6F61642066696C616D656E740055FF
:103C80006E6C6F61642066696C616D656E74004C6A
:103C90006F616420746F206E6F7A7A6C6500507269
:103CA000656C6F616420746F204D4D55004E6F7AC6
:103CB0007A6C6520642E004E6F205344206361723D
:103CC00064005072696E742066726F6D20534400F8
:103CD000436C65617220544D206572726F720052A0
:103CE0006573756D65207072696E740050617573CF
:103CF00065207072696E740053657420526561644A
:103D00007900536574206E6F742052656164790088
:103D1000507265686561740054756E65004C697613
:103D2000652061646A757374205A00526570726907
:103D30006E7400496E666F2073637265656E004233
:103D400072696768746E6573730041737369737425
:103D50000053696C656E74004F6E6365004C6F753F
:103D60006400536F756E640046696C2E2073656E37
:103D7000736F72004368616E67652066696C616D80
:103D8000656E7400466C6F77005370656564004E15
:103D90002F41004D61676E65747320636F6D702EE7
:103DA000005A2D70726F6265206E722E004D657321
:103DB000680044696D0042726967687400417574F7
:103DC0006F0054696D656F7574004C6576656C2085
:103DD00044696D6D6564004C6576656C204272695E
:103DE0006768740053657474696E67730053746F09
:103DF00070207072696E7400436865636B696E67EA
:103E00002066696C650046696C6520696E636F6D3C
:103E1000706C6574652E20436F6E74696E756520D5
:103E2000616E797761793F00845265667265736867
:103E3000004D61696E0057616974696E6720666F35
:103E400072206E6F7A7A6C6520616E6420626564A0
:103E500020636F6F6C696E670053656C6674657381
:103E600074204F4B0053656C6674657374207374D3
:103E7000617274005072696E742066616E3A004817
:103E80006F74656E642066616E3A0043616C6962AE
:103E9000726174696E6720686F6D6500416C6C209B
:103EA000636F727265637400436865636B696E6704
:103EB0002073656E736F727300436865636B696E20
:103EC0006720686F74656E6400436865636B696E34
:103ED000672062656400436865636B696E67205A9A
:103EE000206178697300436865636B696E67205968
:103EF000206178697300436865636B696E67205859
:103F0000206178697300436865636B696E6720653B
:103F10006E6473746F707300436172642072656DB8
:103F20006F766564004261636B00537465616C7405
:103F300068004372617368206465742E004E6F726E
:103F40006D616C004D6F6465005374726963740039
:103F50005761726E004E6F6E65004E6F7A7A6C65B7
:103F6000206368616E6765643F004E6F7A7A6C65A6
:103F700020697320686F7421205761697420666F0F
:103F80007220636F6F6C646F776E2E00504944200F
:103F900063616C2E2066696E6973686564005049C0
:103FA000442063616C2E005072696E7420706175DC
:103FB000736564005072696E742061626F7274651B
:103FC00064004E6F7A7A6C65206469616D65746512
:103FD0007220646966666572732066726F6D207404
:103FE000686520472D636F64652E20506C65617392
:103FF0006520636865636B207468652076616C7505
:104000006520696E2073657474696E67732E205025
:1040100072696E742063616E63656C6C65642E00FA
:104020004E6F7A7A6C65206469616D657465722083
:10403000646966666572732066726F6D2074686568
:1040400020472D636F64652E20436F6E74696E7513
:10405000653F005468657265206973206E6F206645
:10406000696C616D656E74206C6F616465642E208F
:104070005072696E742063616E63656C6C65642E4A
:10408000005468657265206973206E6F2066696CE4
:10409000616D656E74206C6F616465642E20436F82
:1040A0006E74696E75653F004D4B33206669726DA5
:1040B00077617265206465746563746564206F6EF2
:1040C000204D4B3353207072696E74657200426CE0
:1040D00061636B6F7574206F636375727265642EB4
:1040E000205265636F766572207072696E743F004E
:1040F000546865726D616C206D6F64656C206E6FC5
:10410000742063616C69627261746564207965749E
:104110002E005468657265206973207374696C6C35
:104120002061206E65656420746F206D616B652071
:104130005A2063616C6962726174696F6E2E2050DF
:104140006C6561736520666F6C6C6F772074686551
:10415000206D616E75616C2C20636861707465728E
:104160002046697273742073746570732C207365B4
:104170006374696F6E2043616C6962726174696F08
:104180006E20666C6F772E005072696E74657220B7
:10419000686173206E6F74206265656E2063616C68
:1041A00069627261746564207965742E20506C6553
:1041B00061736520666F6C6C6F7720746865206D25
:1041C000616E75616C2C2063686170746572204645
:1041D000697273742073746570732C2073656374D3
:1041E000696F6E2043616C6962726174696F6E20E1
:1041F000666C6F772E0053656C66746573742077F8
:10420000696C6C2062652072756E20746F2063612A
:104210006C69627261746520616363757261746553
:104220002073656E736F726C657373207265686F4F
:104230006D696E672E004F6C642073657474696ECF
:10424000677320666F756E642E2044656661756CB9
:1042500074205049442C2045737465707320657434
:10426000632E2077696C6C206265207365742E0064
:104270005761726E696E673A20626F74682070725F
:10428000696E746572207479706520616E64206D4A
:104290006F74686572626F617264207479706520F2
:1042A0006368616E6765642E005761726E696E6740
:1042B0003A207072696E746572207479706520633B
:1042C00068616E6765642E005761726E696E673A49
:1042D000206D6F74686572626F61726420747970AA
:1042E00065206368616E6765642E00546573746948
:1042F0006E672066696C616D656E740053686565F4
:10430000740053656C6563742066696C616D656EDD
:10431000743A00252D31322E313253252B382E316F
:10432000660045787472756465723A0025632531BC
:10433000372E32666D6D00583A00593A005A3A00ED
:104340002563252D31332E313353252B352E3366FE
:10435000002533750050494E44412063616C696209
:10436000726174696F6E206661696C65642E2043AA
:104370006F6E74696E7565207769746820707265F8
:104380007373696E6720746865206B6E6F622E00B0
:1043900050494E44412063616C6962726174696F77
:1043A0006E20646F6E652E20436F6E74696E756546
:1043B0002077697468207072657373696E67207402
:1043C0006865206B6E6F622E00473830004D3435C3
:1043D000004D3435205A00473736004D37303120F4
:1043E00050300057697A6172642073746174653A61
:1043F0002025640A004578706572696D656E746188
:104400006C00302E383000302E363000302E3430F4
:1044100000302E32350044697361626C652066613C
:10442000726D206D6F6465005265736574204D4D2B
:1044300055004D4D55004D3434004739390044691D
:104440007361626C65206661726D206D6F64653F9B
:1044500000302E383000302E363000302E34300010
:10446000302E323500473238205859004D2038342C
:1044700000852E2E00593A202575202D3E202E2E07
:104480002E00583A202575202D3E202E2E2E002558
:1044900033642F30002533642F30002563204158CA
:1044A0004953205347313D25640A00486F74656EB7
:1044B0006400426564005A00590058002D2D2D2DCE
:1044C0002D2D2D2D2D2D2D2D2D2D2D2D2D2D2D2D1C
:1044D00000435A5058496E76616C6964536572693D
:1044E000616C4E72004D393134004D39313500E484
:1044F0002BFE2AF62AEE2AE12ACF2A473120582518
:1045000064205925642045252D2E3566004731202D
:104510004631303830004731205A252D2E33662061
:104520004637323030004731205835302059313548
:104530003500CF2B3E2B172E2F2B232B182B0F2B79
:104540004731205825642045252D2E3366204631DD
:1045500030303000BE2BAE2B9E2B902BCF2B7D2BE3
:10456000702B5F2B512B422B542564004731205A6E
:10457000302E3420463130303000473120592D3331
:1045800020463130303000E42BDF2BDA2BD62BCF16
:104590002B4D3834205859004731205831323520BE
:1045A0005A323030204631303030004D33313020F7
:1045B00041204631004731205831323520593130C1
:1045C00035205A3120463830303000496E76616CE3
:1045D0006964205049442063616C2E2072657375B4
:1045E0006C74732E204E6F742073746F7265642028
:1045F000746F20454550524F4D2E004D33303120C1
:1046000050252E32662049252E32662044252E3232
:1046100066004D333033204530205325337500522A
:104620004300444556004245544100414C504841E6
:104630000000002100240027002A002D0030003354
:104640000001010000040107010A01000022002509
:104650000028002B002E003100340002010000056C
:104660000108010B01000020002300260029002C76
:10467000002F0032000001000003010601090105BE
:10468000050505070508080808020202020A0A08CB
:1046900008040404040101010101010101030303F1
:1046A0000303030303040707070C0C0C0C0C0C0C8E
:1046B0000C0202020206060606060606060B0B0B95
:1046C0000B0B0B0B0B07070A0A0A0A0A0A0505055A
:1046D00004040408080102102020080810204010DB
:1046E00020408002010201080402010102040810B6
:1046F00020408080402010080402018004020180D4
:1047000040201008040201080402010102040810FC
:104710002040800102040810204080100804088016
:10472000102040044080102040048000000A0B024A
:10473000090C0D0E08070304010000000000000032
:104740000000000000000000000000000000000069
:104750000000000000000012111000000000000026
:104760000000000000000000000000000000000049
:104770000000000000000000000000000000000039
:1047800000332E31342E31000A204F726967696E72
:10479000616C2050727573612069330A20202050AB
:1047A000727573612052657365617263680A2532A0
:1047B000302E32305300435A5058003B5300537050
:1047C0006F6F6C4A6F696E20697320006164635F6C
:1047D000696E697400200A200A200A2000416C6C6E
:1047E000204461746100536572766963652070725C
:1047F0006570005368697070696E672070726570CB
:104800000053746174697374696373004C616E67FB
:10481000756167650045524153494E4720616C6C94
:10482000206461746100466163746F72792052453F
:104830005345540050525553413344465700494E56
:1048400054340003000E0001004000030002000089
:10485000000400556E6B6E6F776E00323032362D6D
:1048600030342D32342030393A35313A3537002062
:10487000332E31342E312D383235305F31363535E7
:10488000326637626400737461727400534E20752F
:104890007064617465206661696C656400534E20C4
:1048A0007570646174656400435A50580043524106
:1048B00053485F4445544543544544585900435276
:1048C0004153485F4445544543544544590043527D
:1048D0004153485F444554454354454458004D3284
:1048E0003900252D392E39535B00544D20657374E2
:1048F000696D6174696F6E20646964206E6F7420E5
:10490000636F6E766572676500544D2069746572D9
:104910003A257520763A252E326620653A252E33C3
:10492000660A00200A200A200000004842000058C1
:10493000419A998D41333353404D4D55323A004D94
:10494000494E54454D50204245442066697865647F
:10495000004D494E54454D5020484F54454E44203B
:1049600066697865640020746F6F206C6F6E6720D5
:10497000657874727573696F6E2070726576656E96
:104980007465640020636F6C64206578747275735D
:10499000696F6E2070726576656E746564004D6F28
:1049A00076652061626F7274656400504F5745529E
:1049B0002050414E4943204445544543544544000A
:1049C00055564C4F202D20656E642025640A0055F5
:1049D000564C4F5F54494E59202D20656E6420255A
:1049E000640A00776F726C6420636F6F7264696E23
:1049F000617465733A2028252E33662C20252E33CA
:104A0000662C20252E3366290A004D323230205381
:104A1000256400446F6E652072656164696E67206D
:104A2000454550524F4D0A0054656D706572617472
:104A300075726520526573746F7265640A00473140
:104A40002045252D2E336620463237303000544D18
:104A50004320445249564552204F56455254454DE5
:104A60005000486F6C642063757272656E742074B8
:104A700072756E636174656420746F2052756E2068
:104A800063757272656E740025632533642F256427
:104A900081005A25362E32662563005A2020202DAB
:104AA0002D2D2000862533642525002D2D2D25252F
:104AB00000253364252500205344002020200020B9
:104AC000484F002046524D20008725337568202529
:104AD0006325630087253032753A253032752563AA
:104AE0002563002F2F616374696F6E3A706175736F
:104AF0006564002F2F616374696F6E3A706175731E
:104B0000650044756D70206D656D6F727900686524
:104B10006C702E707275736133642E636F6D0066F6
:104B20006F72756D2E707275736133642E636F6D65
:104B300000707275736133642E636F6D004D373092
:104B400031007265636F7665725F6D616368696E6F
:104B5000655F73746174655F61667465725F706FC1
:104B60007765725F70616E69632C20696E69746924
:104B7000616C200050525553412075766C6F004790
:104B800034205330004D313130204E256C75004DAE
:104B900032362053256C75004D3130362053257543
:104BA00000473120462564004D3832004739322015
:104BB00045252D2E3366004D3230342050252D2EC4
:104BC00031662052252D2E31662054252D2E31663A
:104BD000004731205A252D2E33660050525553413F
:104BE000204D424C2056310047312058252D2E3380
:104BF000662059252D2E3366204633303030002C68
:104C000020666565646D756C7469706C793A0046F0
:104C1000656564726174653A004731204535204608
:104C2000313230004D31303920532564004D31345C
:104C30003020532564004D31303420532564004723
:104C4000323820582059004731205A252E3366200B
:104C500046383030005265636F766572696E672042
:104C60007072696E7400544845524D414C20414E5B
:104C70004F4D414C5900526573756D696E672070D8
:104C800072696E740050494E4441204865617469F0
:104C90006E670043616C6962726174696F6E206453
:104CA0006F6E650043616C6962726174696E672042
:104CB0005A0042656420646F6E6500426564204856
:104CC000656174696E670048656174696E67206428
:104CD0006F6E652E0048656174696E67004D4D55B5
:104CE00020706F776572206661696C73004D4D5559
:104CF000206C6F6164206661696C73004D4D5520B6
:104D00006661696C73004D6174657269616C2063E2
:104D100068616E67657300546F74616C20666169C9
:104D20006C757265730043726173680046696C2E1E
:104D30002072756E6F75747300506F7765722066A0
:104D400061696C75726573004C617374207072696F
:104D50006E74206661696C7572657300546F74615E
:104D60006C004C617374207072696E7400416D62E6
:104D700069656E7400566F6C746167657300546585
:104D80006D7065726174757265730042656C742034
:104D90007374617475730053656E736F7220696EFE
:104DA000666F00457874727564657220696E666F0F
:104DB0000058595A2063616C2E2064657461696CD7
:104DC00073005072696E74657220495020416464AA
:104DD000723A00756E6B6E6F776E004D4D552063A5
:104DE0006F6E6E656374656400446174653A007447
:104DF0006F20756E6C6F61642066696C616D656EA5
:104E00007400746F206C6F61642066696C616D65FD
:104E10006E7400507265737320746865206B6E6FDA
:104E2000620050726568656174696E6720746F20F6
:104E30006375740050726568656174696E6720748B
:104E40006F20656A65637400507265686561746996
:104E50006E6720746F20756E6C6F616400507265B0
:104E600068656174696E6720746F206C6F6164009F
:104E7000436F6F6C646F776E007B5B4552523A00F4
:104E8000332E31342E31005D5B4657523A005D5B64
:104E900054494D3A005D5B464E4D3A005D5B4645D8
:104EA0004D3A005D5B5043443A005B5446553A002E
:104EB0005B50524E3A005B50464E3A305D005B44C8
:104EC00049413A005D5B4154423A005D5B415430D8
:104ED0003A005D5B5354423A005B5354303A007BD6
:104EE0005B50524E3A355D007B5B50524E3A305D1E
:104EF000007B5B50524E3A395D007B5B50524E3A1C
:104F0000385D007B5B5245533A305D5B46494C3A15
:104F1000007B5B5245533A315D5B46494C3A000099
:104F2000002110422063308440A550C660E770081D
:104F30008129914AA16BB18CC1ADD1CEE1EFF131A4
:104F400012100273325222B5529442F772D662396D
:104F50009318837BB35AA3BDD39CC3FFF3DEE362F4
:104F600024433420040114E664C774A44485546ABD
:104F7000A54BB528850995EEE5CFF5ACC58DD55384
:104F800036722611163006D776F6669556B4465B0D
:104F9000B77AA719973887DFF7FEE79DD7BCC7C454
:104FA00048E5588668A7784008611802282338CC5D
:104FB000C9EDD98EE9AFF9488969990AA92BB9F5E4
:104FC0005AD44AB77A966A711A500A333A122AFDAD
:104FD000DBDCCBBFFB9EEB799B588B3BBB1AABA6B4
:104FE0006C877CE44CC55C222C033C600C411CAEFD
:104FF000ED8FFDECCDCDDD2AAD0BBD688D499D97C4
:105000007EB66ED55EF44E133E322E511E700E9F4C
:10501000FFBEEFDDDFFCCF1BBF3AAF599F788F8813
:1050200091A981CAB1EBA10CD12DC14EF16FE180E4
:1050300010A100C230E3200450254046706760B9DB
:10504000839893FBA3DAB33DC31CD37FE35EF3B134
:10505000029012F322D2323542145277625672EA2B
:10506000B5CBA5A89589856EF54FE52CD50DC5E284
:1050700034C324A01481046674476424540544DBBB
:10508000A7FAB79987B8975FE77EF71DC73CD7D3D4
:1050900026F2369106B01657667676154634564C8B
:1050A000D96DC90EF92FE9C899E9898AB9ABA94424
:1050B00058654806782768C018E1088238A3287D1B
:1050C000CB5CDB3FEB1EFBF98BD89BBBAB9ABB7574
:1050D0004A545A376A167AF10AD01AB32A923A2EEB
:1050E000FD0FED6CDD4DCDAABD8BADE89DC98D26C4
:1050F0007C076C645C454CA23C832CE01CC10C1FFB
:10510000EF3EFF5DCF7CDF9BAFBABFD98FF89F1713
:105110006E367E554E745E932EB23ED10EF01E7CDE
:105120003C3E3F2F2A225C0024F4D43050C38E2012
:10513000C2A24017828B7011127A910D816CD90A2C
:10514000A861E108C7586607615143061E4B5D051B
:10515000C145A7041A411104093D9803713931036F
:105160004036DB0265339102D4305402802E1D029A
:10517000632CEE01752AC501B028A001102781011A
:105180008F2564012B244B01E0223401AC211F0147
:105190008D200D01801FFC00841EED00971DDF0097
:1051A000B81CD200E61BC600201BBC00641AB2006B
:1051B000B219A8000A19A0006A189900D117910025
:1051C00040178B00B516840031167E00B3157900A8
:1051D0003A157300C7146F0058146A00EE13660086
:1051E0008813630025135E00C7125B006C12570022
:1051F00015125400C111510070114F0021114B00C4
:10520000D61049008D10470046104400021042009D
:10521000C00F4000800F3E00420F3C00060F3B00D5
:10522000CB0E3800930E37005C0E3500270E34008D
:10523000F30D3200C10D3100900D3000600D2E00D5
:10524000320D2D00050D2C00D90C2B00AE0C2900C1
:10525000850C29005C0C2700350C27000E0C26005D
:10526000E80B2400C40B2400A00B23007D0B2300BB
:105270005A0B2100390B2100180B2000F80A1F00DF
:10528000D90A1E00BB0A1E009D0A1D00800A1D00CF
:10529000630A1C00470A1B002C0A1B00110A1A0093
:1052A000F7091A00DD091900C4091900AB09190032
:1052B000920917007B091800630917004C091600B2
:1052C00036091600200916000A091500F508150010
:1052D000E0081400CC081400B8081400A408140056
:1052E000900813007D0812006B0813005808120084
:1052F000460812003408110023081100120811009A
:1053000001081100F0071000E0071000D00710009E
:10531000C0071000B0070F00A107100091070E0092
:1053200083070F0074070F0065070E0057070E0074
:1053300049070E003B070D002E070E0020070D0049
:1053400013070D0006070D00F9060C00ED060D0011
:10535000E0060C00D4060C00C8060C00BC060C00CD
:10536000B0060C00A4060B0099060C008D060B007D
:1053700082060B0077060B006C060B0061060A0024
:1053800057060B004C060A0042060A0038060A00BF
:105390002E060A0024060A001A060A001006090052
:1053A00007060A00FD050900F4050900EB050900E0
:1053B000E2050900D9050900D0050900C705090063
:1053C000BE050900B5050800AD050800A5050900E2
:1053D0009C050800940508008C0508008405080059
:1053E0007C050800740508006C05070065050800C9
:1053F0005D050700560508004E0507004705070034
:105400004005080038050700310507002A05070098
:10541000230507001C050600160507000F050700F9
:105420000805060002050700FB040600F504070056
:10543000EE040600E8040600E2040700DB040600B0
:10544000D5040600CF040600C9040600C304060004
:10545000BD040600B7040600B1040500AC04060054
:10546000A6040600A00405009B04060095040500A0
:10547000900406008A0405008504050080040600E7
:105480007A04050075040500700405006B0405002E
:1054900066040500610405005C040500570405006E
:1054A000520405004D0405004804050043040500AE
:1054B0003E0404003A0405003504050030040400ED
:1054C0002C04050027040400230405001E04040026
:1054D0001A04040016040500110404000D0404005D
:1054E000090405000404040000040400FC03040093
:1054F000F8030400F4030400F0030400EC030400C8
:10550000E8030400E4030400E0030400DC030400F7
:10551000D8030400D4030400D0030400CC03040027
:10552000C8030300C503030024F404D9201BC40CE2
:105530005C0E9804C4095F0265077101F405F90067
:10554000FB04B30048048700C103690058035500F9
:1055500003034500BE023A008402310053022A00D0
:105560002902250004022000E4011C00C8011900E2
:10557000AF0117009801140084011300710110009D
:105580006101100051010E0043010D0036010B00B6
:105590002B010B0020010B00150109000C01090073
:1055A00003010800FB000800F3000800EB000700FF
:1055B000E4000600DE000600D8000600D200060067
:1055C000CC000500C7000500C2000500BD000400B6
:1055D000B9000400B5000400B1000400AD000400EF
:1055E000A9000400A5000300A20003009F0004001E
:1055F0009B00030098000300950002009300030045
:10560000900003008D0002008B0003008800020060
:105610008600020084000300810002007F00020077
:105620007D0002007B00020079000200770001008B
:105630007600020074000200720001007100020096
:105640006F0002006D0001006C0002006A000100A2
:1056500069000200670001006600010065000100AA
:1056600064000200620001006100010060000100AE
:105670005F0002005D0001005C0001005B000100B2
:105680005A000100590001005800010057000100B4
:1056900056000100550001005400010053000000B5
:1056A00053000100520001005100010050000100B0
:1056B0004F0001004E0000004E0001004D000100AF
:1056C0004C0001004B0000004B0001004A000100AB
:1056D00049000100480000004800010047000100A7
:1056E00046000000460001004500000045000100A2
:1056F000440001004300000043000100420000009C
:105700004200010041000000410001004000010092
:105710003F0000003F0001003E0000003E0001008D
:105720003D0000003D0001003C0000003C00000086
:105730003C0001003B0000003B0001003A0000007B
:105740003A00010039000000390001003800000073
:105750003800000038000100370000003700010069
:105760003600000036000000360001003500000061
:105770003500000035000100340000003400000056
:10578000340001003300000033000000330001004A
:105790003200000032000000320001003100000041
:1057A0003100000031000100300000003000000036
:1057B000300001002F0000002F0000002F0000002B
:1057C0002F0001002E0000002E0000002E0001001E
:1057D0002D0000002D0000002D0000002D00010014
:1057E0002C0000002C0000002C0000002C00010008
:1057F0002B0000002B0000002B0000002B000100FC
:105800002A0000002A0000002A0000002A000100EF
:1058100029000000290000002900000029000000E4
:1058200029000100280000002800000028000000D6
:1058300028000000280001002700000027000000C9
:1058400027000000270000002700010026000000BC
:1058500026000000260000002600000026000100AF
:1058600025000000250000002500000025000000A4
:105870002500000025000100240000002400000095
:105880002400000024000000240001002300000088
:10589000230000002300000023000000230000007C
:1058A000230000002300010022000000220000006D
:1058B000220000002200000022000000220001005F
:1058C0002100000021000000210000002100000054
:1058D0002100000021000000210001002000000044
:1058E0002000000020000000200000002000000038
:1058F0002000000020000000200001001F00000028
:105900001F0000001F0000001F0000001F0000001B
:105910001F0000001F0001001E0000001E0000000C
:105920001E0000001E000000504944204175746FA5
:1059300074756E652066696E6973686564212050B0
:10594000757420746865206C617374204B702C2012
:105950004B6920616E64204B6420636F6E737461C9
:105960006E74732066726F6D2061626F7665206958
:105970006E746F20436F6E66696775726174696FCC
:105980006E2E6800504944204175746F74756E65C1
:10599000206661696C6564212074696D656F75743A
:1059A0000020403A00543A00423A00504944204115
:1059B00075746F74756E65206661696C656421200D
:1059C00054656D706572617475726520746F6F20B7
:1059D0006869676800204B643A2000204B693A20D0
:1059E00000204B703A200020436C61737369632080
:1059F00050494420002054753A2000204B753A202D
:105A000000206D61783A2000206D696E3A200020F8
:105A1000643A200020626961733A200050494420B2
:105A20004175746F74756E65207374617274005083
:105A30004944204175746F74756E65206661696CA8
:105A400065642E20426164206578747275646572A5
:105A5000206E756D6265722E00544D4C20256420B9
:105A6000256420257820256C7820256C780A004D47
:105A7000494E54454D50004D494E54454D502042DD
:105A80004544004D494E54454D5020414D42004D36
:105A9000415854454D50004D415854454D502042B9
:105AA0004544004D415854454D5020414D4200540D
:105AB0004D3A206572726F7220636C656172656425
:105AC00000544D3A206572726F7220747269676774
:105AD000657265642100544D3A206572726F7220C0
:105AE0007C25667C3E25660A0070012C019001270A
:105AF00001B0012201C0011D01F0011801100213C3
:105B00000130020E016002090190020401C002FF8F
:105B1000000003FA004003F5008003F000D003EB1F
:105B2000002004E6007004E100E004DC004005D73A
:105B300000C005D2004006CD00D006C8008007C3D3
:105B4000003008BE00F008B900C009B400B00AAFC8
:105B500000B00BAA00D00CA500000EA000500F9BB7
:105B600000C01096005012910000148C00C01587E0
:105B700000B0178200B0197D00D01B7800001E73A2
:105B80000040206E0090226900F024640040275FEE
:105B90000090295A00E02B5500102E500020304B69
:105BA0000010324600E033410090353C001037379A
:105BB0000070383200A0392D00B03A2800A03B23F5
:105BC00000603C1E00103D1900903D1400103E0F77
:105BD00000703E0A00C03E0500003F000090137DAB
:105BE00000B0157800F0177300601A6E00F01C69A1
:105BF00000A01F640050225F0020255A00E02755B6
:105C000000902A5000202D4B00A02F4600F031417B
:105C10000010343C00F0353700A037320020392D19
:105C200000603A2800703B2300603C1E00203D19B4
:105C300000C03D1400403E0F00A03E0A00F03E05AB
:105C400000403F0000703FFBFF903FF6FFB03FF188
:105C5000FFC03FECFFD03FE7FFE03FE2FFF03FDD5A
:105C6000FFF03FD8FF20484F54454E44205448454C
:105C7000524D414C2052554E415741590020484504
:105C8000415442454420544845524D414C205255C0
:105C90004E4157415900544845524D414C205255B0
:105CA0004E415741590042454420544845524D41C8
:105CB0004C2052554E415741590020544845524DB1
:105CC000414C2052554E4157415920285052454889
:105CD00045415420484F54454E44290020544845DE
:105CE000524D414C2052554E415741592028505257
:105CF00045484541542048454154424544290050B7
:105D0000524548454154204552524F520042454465
:105D10002050524548454154204552524F52002090
:105D200074726967676572656421004865617465AE
:105D30007273207377697463686564206F66662E7A
:105D400020003A20004572723A200000FF01020153
:105D50000002FFFFFE0001FE01FF00506C65617351
:105D600065207265737461727400544D3A20696ED7
:105D700076616C696420706172616D6574657273BF
:105D80002C2063616E6E6F7420656E61626C6500BD
:105D9000255320204D3331302050252E326620559A
:105DA000252E34662056252E32662043252E326657
:105DB0002044252E3466204C25752053257520421D
:105DC00025752045252E32662057252E3266205413
:105DD000252E32660A00255320204D3331302049CC
:105DE00025752052252E32660A00546865726D6151
:105DF0006C204D6F64656C2073657474696E677395
:105E00003A006666CA413333BF410000B441CDCC8D
:105E10009C4100009841666692419A998D41CDCC93
:105E200088416666864100008441666682410000C2
:105E3000804166667E4133337B419A99794166663B
:105E40007641452D6D6F746F722063757272656E49
:105E500074207363616C696E6720656E61626C6546
:105E60006400010808010A0A011414011212746D79
:105E700063323133305F686F6D655F656E74657274
:105E800028617865735F6D61736B3D3078253032C2
:105E900078290A00746D63323133305F686F6D6545
:105EA0005F6578697420746D63323133305F736776
:105EB0005F686F6D696E675F617865735F6D617351
:105EC0006B3D3078253032780A00726573756C74DA
:105ED0002076616C75653A2025640A0020693D25AD
:105EE000326420636E743D2532642076616C3D25FA
:105EF00032640A00636C7573746572733A002069CA
:105F00003D25326420737465703D2532640A007348
:105F10006F727465642073616D706C65733A0055BF
:105F200053415254322072782046756C6C212121E5
:105F3000003A2000252D31322E313253252D642F89
:105F400036002533642F252D336400203A200025A8
:105F5000335300252D3773004E642025342E3266CE
:105F60002000252D31352E313553252D35640A2558
:105F70002D31352E313553252D35640A0025530A30
:105F800020252D31362E313653252D33640A202518
:105F90002D31362E313653252D33640025530A20FA
:105FA000252D31362E313653252D33640A20252DEB
:105FB00031362E313653252D33640A20252D3136C6
:105FC0002E313653252D33640025530A20252D31DB
:105FD000362E313653252D33640A20252D31362EA9
:105FE000313653252D33640A20252D372E3753584B
:105FF00020252D336420205920252D3364002025B1
:106000007325336481200A00205057523A20202003
:1060100020202025342E3166560A204245443A205D
:10602000202020202025342E3166560025530A20BA
:10603000582025640A20592025640025752E2575D1
:106040002E25752E25750020002000466C61736892
:1060500041697220495020416464723A004D4D55A7
:1060600020202020202020204E2F410025642E2596
:10607000642E2564002046573A00323032362D30E7
:10608000342D3234004533445245564F0045494E75
:1060900053795F31306100315F37356D6D5F4D4B46
:1060A000330020486173683A3136353532663762DD
:1060B0006400205265706F3A556E6B6E6F776E009C
:1060C00020332E31342E312D38323530004669726E
:1060D0006D776172653A00464C4558202D2020327C
:1060E00034302F353000464C4558202D2020323496
:1060F000300050502020202D20203235342F3130D8
:10610000300050502020202D2020323534004849C6
:106110005053202D20203232302F3130300048496A
:106120005053202D20203232300041425320202D68
:1061300020203235352F3130300041425320202D80
:1061400020203235350050412020202D20203237AC
:10615000352F39300050412020202D202032373576
:106160000050564220202D20203231352F37350067
:1061700050564220202D202032313500504320201F
:10618000202D20203237352F313130005043202050
:10619000202D20203237350041534120202D202052
:1061A0003236302F3130350041534120202D202010
:1061B0003236300050455420202D20203233302FED
:1061C00038350050455420202D20203233300050E7
:1061D0004C4120202D20203231352F363000504CBC
:1061E0004120202D2020323135006E6F7A7A6C6587
:1061F000202D20203235302F30006661726D202036
:10620000202D20203235302F3830001000C90210E8
:10621000012C014001220170011801B0010E01F0B2
:106220000104015002FA00B002F0003003E600D091
:1062300003DC009004D2007005C800A006BE000078
:1062400008B400B009AA00D00BA000600E96006050
:10625000118C000015820020197800C01D6E00A06E
:10626000226400B0275A00902C500000314600E014
:10627000343C0010383200903A2800603C1E00A0E8
:106280003D1400803E0A00203F000058595A206308
:10629000616C6962726174696F6E20616C6C2072EE
:1062A000696768742E20536B65772077696C6C2062
:1062B000626520636F7272656374656420617574D2
:1062C0006F6D61746963616C6C792E0058595A2046
:1062D00063616C6962726174696F6E20616C6C20BD
:1062E00072696768742E20582F5920617865732071
:1062F00061726520736C696768746C7920736B6573
:106300007765642E20476F6F64206A6F62210058A2
:10631000595A2063616C6962726174696F6E206F93
:106320006B2E20582F59206178657320617265208B
:1063300070657270656E646963756C61722E20435E
:106340006F6E67726174756C6174696F6E73210032
:1063500046656564696E6720746F204653656E7389
:106360006F72004D6F76696E672073656C6563743C
:106370006F7200486F6D696E670052657472616379
:10638000742066726F6D2046494E444100456A652F
:106390006374696E672066696C616D656E74005028
:1063A00061726B696E672073656C6563746F7200F0
:1063B00052657475726E696E672073656C6563747F
:1063C0006F7200506572666F726D696E67206375DB
:1063D000740050757368696E672066696C616D65DD
:1063E0006E7400507265706172696E6720626C61D4
:1063F00064650053656C656374696E672066696CDB
:106400002E20736C6F7400556E6C6F6164696E67DB
:106410002066696C616D656E740045525220544D62
:1064200043206661696C6564004552522048656C82
:10643000702066696C616D656E740045525220492A
:106440006E7465726E616C004552522057616974BA
:1064500020666F7220557365720046696E697368B5
:10646000696E67206D6F76656D656E747300417639
:106470006F6964696E67206772696E64004665655E
:1064800064696E6720746F206E6F7A7A6C6500465F
:10649000656564696E6720746F20657874727564D1
:1064A00065720046656564696E6720746F204649B1
:1064B0004E444100556E6C6F6164696E6720746F65
:1064C0002070756C6C657900556E6C6F6164696ED7
:1064D0006720746F2046494E444100446973656EDD
:1064E000676167696E672069646C657200456E67F5
:1064F0006167696E672069646C6572004F4B005577
:106500004E4B4E4F574E204552524F520046494C2B
:10651000414D454E54204348414E47450046494C65
:10652000414D454E5420454A454354454400554E3F
:106530004C4F4144204D414E55414C4C590046571B
:106540002052554E54494D45204552524F52004D10
:106550004D5520465720555044415445204E454501
:106560004445440051554555452046554C4C00493D
:106570004E56414C494420544F4F4C0046494C2EF6
:1065800020414C5245414459204C4F414445440020
:10659000434F4D4D554E49434154494F4E2045526E
:1065A000524F52004D4D55204E4F5420524553509E
:1065B0004F4E44494E47004D4D55204D43552045C3
:1065C00052524F52004D4D552053454C4654455361
:1065D00054204641494C454400544D4320445249BF
:1065E0005645522053484F5254454400544D432081
:1065F000554E444552564F4C544147452045525202
:1066000000544D432044524956455220524553456B
:106610005400544D4320445249564552204552524D
:106620004F5200544D43204F564552484541542047
:106630004552524F52005741524E494E4720544DF9
:106640004320544F4F20484F540049444C4552205A
:1066500043414E4E4F54204D4F56450049444C4502
:10666000522043414E4E4F5420484F4D4500534514
:106670004C4543544F522043414E4E4F54204D4FB2
:1066800056450053454C4543544F522043414E4ECE
:106690004F5420484F4D45004C4F414420544F200B
:1066A000455854522E204641494C454400494E53CA
:1066B000504543542046494E4441004653454E53AD
:1066C0004F5220544F4F204541524C590050554C89
:1066D0004C45592043414E4E4F54204D4F56450096
:1066E0004653454E534F522046494C2E2053545545
:1066F000434B004653454E534F52204449444E5459
:106700002054524947472E0046494E4441204649AD
:106710004C414D2E20535455434B0046494E444165
:10672000204449444E542054524947474552004E54
:106730006F74207370696E6E696E67005370696E56
:106740006E696E670046616E2074657374005365F0
:106750006C6674657374206661696C656400466973
:106760006C616D656E742073656E736F7200537724
:1067700061707065640046726F6E742F6C6566742C
:106780002066616E730041786973004178697320F7
:106790006C656E677468004C6F6F73652070756C04
:1067A0006C6579004C65667420686F74656E642052
:1067B00066616E3F0046726F6E74207072696E740F
:1067C0002066616E3F00456E6473746F70206E6F5B
:1067D000742068697400456E6473746F70004D6F47
:1067E000746F7200456E6473746F707300576972D2
:1067F000696E67206572726F72004265642F48652A
:1068000061746572004E6F7420636F6E6E656374A1
:106810006564004865617465722F546865726D69BE
:1068200073746F7200506C65617365206368656393
:106830006B3A0053656C6674657374206572726F91
:1068400072210058595A2063616C696272617469DF
:106850006F6E206661696C65642E2052696768748A
:106860002066726F6E742063616C69627261746914
:106870006F6E20706F696E74206E6F742072656128
:10688000636861626C652E0058595A2063616C69B7
:1068900062726174696F6E206661696C65642E2036
:1068A00046726F6E742063616C6962726174696FA5
:1068B0006E20706F696E7473206E6F7420726561E4
:1068C000636861626C652E0058595A2063616C6977
:1068D00062726174696F6E206661696C65642E20F6
:1068E000506C6561736520636F6E73756C74207492
:1068F0006865206D616E75616C2E0058595A206371
:10690000616C6962726174696F6E20636F6D707221
:106910006F6D697365642E205269676874206672B2
:106920006F6E742063616C6962726174696F6E204E
:10693000706F696E74206E6F742072656163686138
:10694000626C652E0058595A2063616C69627261ED
:1069500074696F6E20636F6D70726F6D69736564BB
:106960002E2046726F6E742063616C69627261746E
:10697000696F6E20706F696E7473206E6F74207211
:106980006561636861626C652E0058595A206361C5
:106990006C6962726174696F6E206661696C6564AE
:1069A0002E204265642063616C6962726174696F54
:1069B0006E20706F696E7420776173206E6F742023
:1069C000666F756E642E00506C656173652072652C
:1069D0006D6F766520737465656C2073686565748A
:1069E0002066726F6D20686561746265642E005068
:1069F0006C6561736520706C616365207374656597
:106A00006C207368656574206F6E206865617462C0
:106A100065642E00497320737465656C2073686526
:106A20006574206F6E20686561746265643F004420
:106A3000697374616E6365206265747765656E2045
:106A4000746970206F6620746865206E6F7A7A6C46
:106A50006520616E642074686520626564207375CA
:106A6000726661636520686173206E6F7420626571
:106A7000656E20736574207965742E20506C656195
:106A8000736520666F6C6C6F7720746865206D612C
:106A90006E75616C2C206368617074657220466944
:106AA0007273742073746570732C207365637469DA
:106AB0006F6E204669727374206C61796572206311
:106AC000616C6962726174696F6E2E00506C6163F3
:106AD000652061207368656574206F662070617041
:106AE000657220756E64657220746865206E6F7AB9
:106AF0007A6C6520647572696E67207468652063BE
:106B0000616C6962726174696F6E206F662066697C
:106B1000727374203420706F696E74732E2049660E
:106B200020746865206E6F7A7A6C65206361746387
:106B3000686573207468652070617065722C2070C0
:106B40006F776572206F6666207468652070726961
:106B50006E74657220696D6D6564696174656C79C8
:106B60002E00536561726368696E672062656420F8
:106B700063616C6962726174696F6E20706F696EB7
:106B800074004D6561737572696E67207265666524
:106B900072656E636520686569676874206F66203A
:106BA00063616C6962726174696F6E20706F696E87
:106BB0007400506C6561736520636C65616E207450
:106BC0006865206E6F7A7A6C6520666F72206361EB
:106BD0006C6962726174696F6E2E20436C69636BBD
:106BE000207768656E20646F6E652E004175746F46
:106BF00020686F6D65004E6F0059657300437574B2
:106C00002066696C616D656E7400456A6563742009
:106C100066726F6D204D4D55004C6F6164696E67F3
:106C20002066696C616D656E74004D4D552052652E
:106C30007472793A20526573746F72696E6720744A
:106C4000656D70657261747572652E2E2E00536FBE
:106C50007274696E672066696C657300536F6D6549
:106C60002066696C65732077696C6C206E6F742088
:106C7000626520736F727465642E204D61782E20DA
:106C80004E6F2E206F662066696C657320696E20DA
:106C90003120666F6C64657220666F7220736F724C
:106CA00074696E67206973203130302E004F66663C
:106CB000004F6E004D6561737572656420736B657E
:106CC00077733A2025662025660A00466974746940
:106CD0006E67206661696C6564203D3E2063616C6F
:106CE0006962726174696F6E206661696C65642E99
:106CF0000A0043616C6962726174696F6E2073751A
:106D000063636573732E0A00416C6C2034206361E9
:106D10006C6962726174696F6E20706F696E7473F2
:106D200020666F756E642E0A00312F3400312F34C7
:106D300000312F39005072757361206933204D4B3B
:106D4000332D52204F4B2E00534420636172642038
:106D50006F6B006F70656E526F6F74206661696C47
:106D6000656400766F6C756D652E696E697420665A
:106D700061696C656400534420696E6974206661C2
:106D8000696C006F70656E206661696C65642C20AB
:106D900046696C653A200043616E6E6F7420656EC3
:106DA000746572207375626469723A20004D3630E2
:106DB00030004D3234004D3233202573004D656173
:106DC000737572652063656E746572202000787932
:106DD0007A63616C5F6D6561737572655F656E7412
:106DE00065720A0078797A63616C5F7370697261A9
:106DF0006C382063783D25642063793D2564207AD2
:106E0000303D256420647A3D256420726164697593
:106E1000733D25642061643D25640A0078797A63B6
:106E2000616C5F7365617263685A206E6F2073696D
:106E3000676E616C0A20783D256C6420793D256C75
:106E400064207A3D256C640A00204F4E2D5349473B
:106E50004E414C20617420783D256420793D2564A5
:106E6000207A3D25642061643D25640A0078797AA2
:106E700063616C5F7365617263685A20783D256C4D
:106E80006420793D256C64207A3D256C640A0025D8
:106E900030327800205B25662025665D206D6D20F0
:106EA0007061747465726E2063656E7465720A0039
:106EB000205B25662025665D5B25665D206D6D2067
:106EC000646976657267656E63650A000000F000AC
:106ED000F801FC03FE07FE07FE07FE07FC03F801AE
:106EE000F000000000000000F000F801FC03FC03CB
:106EF000FC03FC03F801F0000000000078797A63DD
:106F0000616C5F6D6561737572655F6C65617665F7
:106F10000A00203C20005741524E494E473A204635
:106F2000726F6E7420706F696E74206E6F74207251
:106F30006561636861626C652E205920636F6F72B2
:106F400064696E6174653A0000000040410000C051
:106F50004000005C430000C04000005C430000466D
:106F600043000040410000464325642F340049742B
:106F700065726174696F6E3A200043616C69627278
:106F80006174696F6E206661696C65642120436875
:106F900065636B20746865206178657320616E6439
:106FA0002072756E20616761696E2E0078797A6350
:106FB000616C5F73706972616C322063783D256427
:106FC0002063793D2564207A303D256420647A3D34
:106FD0002564207261646975733D25642061643D98
:106FE00025640A000A00436F756E74646F776E3A09
:106FF000202564200025640A005363616E20636FBE
:10700000756E74646F776E3A2000506174746572A7
:107010006E2063656E746572205B25662025665D53
:107020002C206D6174636820256625250A00205B8D
:1070300025662C2025665D5B25665D2066696E6190
:107040006C20636972636C650A00746D633231335E
:10705000305F676F746F5F737465702025642025DF
:1070600064202564202564200A00E02D903E898854
:10707000B24111369C3E7777C14129CBB03EEFEE4D
:10708000DA41BA49CC3EEFEEFC4161C3F33EEFEE8C
:1070900016429CA2133FCDCC36428AB0113FABAA18
:1070A00056428863DD3DABAA5642B8AF433F5555C3
:1070B00072421826533F33B38242302A593FEF6E53
:1070C0008642000070C10000C8420000C4C1000038
:1070D000A0410000E0C000002041000060C00000AE
:1070E000C0400000A0412222F2400000A0C19A99B5
:1070F000A14000000CC2555505425265736574529B
:1071000065747279417474656D70747300436F6F48
:107110006C696E672074696D65722073746F70702E
:1071200065640048656174657220636F6F6C646F9D
:10713000776E00436F6F6C696E672054696D656F81
:107140007574207374617274656400536176696E3E
:107150006720616E64207061726B696E67004865BC
:107160006174657220636F6F6C646F776E207065F9
:107170006E64696E6700526573756D696E6720583D
:10718000595A004D4D5532746F6F6C3D004D4D5541
:10719000323A004731205825642059252D2E326679
:1071A0002045252D2E33660057726974696E67205D
:1071B000746F2066696C653A200046696C652061D1
:1071C0006C7265616479206F70656E656400FC6443
:1071D000ED64DB64C864B464A3648F647D646E642E
:1071E0005A64DB64ED6448643B6429641A64076490
:1071F000196CF363E363D263C363B0639F638D630E
:107200007A637363636350634D3630302041555465
:107210004F0046494E44412066696C616D656E744D
:107220002072756E6F75742100436F6D6D756E6998
:10723000636174696F6E2074696D656F7574005059
:10724000726F746F636F6C204572726F720003000F
:107250000356657273696F6E206D69736D61746337
:107260006800436F6D6D616E64204572726F7200CD
:10727000436F6D6D616E642072656A6563746564E9
:10728000004D4D5520427574746F6E207075736893
:107290006564005265747279427574746F6E5072D1
:1072A0006573736564001B670867F366E066CD6607
:1072B000BB66AD66986683666E665C664A663666D1
:1072C0003666366623662366236612661266126683
:1072D000016601660166EC65EC65EC65D965D9650A
:1072E000D965C565C565C565B765A46590657C65E7
:1072F0006F6564654F653E652E651D650D65FF64B0
:10730000427574746F6E00436865636B5573657284
:10731000496E7075742D62746E4C4D522000464952
:107320003A202046533A202020203E202082202050
:10733000208100486F74656E642074656D7065729D
:107340006174757265207265616368656400526579
:1073500073756D696E672054656D7000436F6F6C57
:10736000646F776E20666C616720636C656172651F
:10737000640020573A0020453A00543A004E6F20EE
:1073800030784646207265636569766564005365AA
:107390006E64696E6720307846460046696C6520E9
:1073A00073656C6563746564002053697A653A207F
:1073B0000046696C65206F70656E65643A20004E0A
:1073C0006F772066726573682066696C653A200085
:1073D0004E6F7720646F696E672066696C653A202E
:1073E000002220706F73002220706172656E743A03
:1073F0002200535542524F5554494E452043414C6B
:107400004C207461726765743A2200747279696EF7
:107410006720746F2063616C6C207375622D6763E5
:107420006F64652066696C65732077697468207481
:107430006F6F206D616E79206C6576656C732E00C0
:10744000062833D036C23E013F154132423B43F25B
:10745000443B45F24622473B48F2493B4AF05898A4
:10746000590C5A085B0C5C086110679B6E2271070F
:107470007208FF095A0D000EF019145E0820642BE3
:107480006D322FFF2022257322002025236C7800E7
:107490004449525F45584954004449525F454E544F
:1074A00045523A20257320222573220A0061757403
:1074B0006F25692E6700041A44656372656D656EF9
:1074C000745265747279417474656D7074730008D8
:1074D0001B1C0B14525354436F6D6D54696D656FD3
:1074E0007574002C206C6173742062797465733A32
:1074F000200022206661696C65643A2042756666E8
:1075000065722066756C6C21004572726F723A006C
:107510002200456E717565696E6720746F2074680E
:10752000652066726F6E743A2022004D4D55323AD6
:10753000006563686F3A003E53302A63362E004D73
:107540004D55206973200000D900675411241FBED7
:10755000CFEFD1E2DEBFCDBF00E00CBF13E0A0E073
:10756000B2E0E2E7F2E803E00BBF02C007900D9241
:10757000AA32B107D9F728E1AAE2B3E001C01D920F
:10758000A932B207E1F71AE3C5EADAE300E006C080
:1075900021970109802FFE010F947DBBC43AD107CA
:1075A00080E00807A9F70E945FFA0D9427C10C94A8
:1075B00072572F923F924F925F926F927F928F926B
:1075C0009F92AF92BF92CF92DF92EF92FF920F9372
:1075D0001F93CF93DF93CDB7DEB72F970FB6F894F5
:1075E000DEBF0FBECDBF6C011B015A01FC0117822B
:1075F000168283819E012F5F3F4F490181FDD2C0DA
:107600008FEF9FEFEEC2F12C512C00E0003238F4E6
:107610008B3209F190F48032F9F0833209F107FDE1
:1076200034C020ED280F2A3020F506FF1BC0FAE0F9
:10763000FF9E200D1124F22E05C08D3279F080338B
:1076400071F70160F10193FD859193FF81911F0115
:107650008111DCCF1AC002600460F4CF0860F2CF61
:107660000061F0CF3AE0539E200D1124522E0062AB
:10767000E9CF8E3221F406FDB1C20064E3CF8C362F
:1076800011F40068DFCF8836E9F29BEB980F933056
:1076900008F05FC00061805E06FD02C046E0F42E87
:1076A000102F1F73853609F05BC0106417FF61C08F
:1076B0008F2D9BE39F1508F48BE344244394480EDD
:1076C00027E03501F4E06F0E711CF50160817181D6
:1076D00082819381042DA4010F9426B75C01F98166
:1076E000FC87F0FF03C00DE2F3FF07C00BE211FDC2
:1076F00004C0012F047012FD00E22C852C70E22ED4
:1077000009F46BC00111D8C2F3E0E12CF515A0F427
:1077100083E0E52CE81A13FD08C0B60180E290E092
:107720000F94D5B8EA94E110F8CF002329F0B60100
:10773000802F90E00F94D5B83C852AEEA22E25E04C
:10774000B22E33FD04C09EEEA92E95E0B92E107125
:1077500022C09BE9980F933008F047C10F7E9CCF61
:10776000863611F41068A2CFFF2009F49FCFFA9457
:107770009DCFE7E02F2DEF1518F427E037E0F32E2B
:10778000412C9FCF11118052B60190E00F94D5B8D3
:107790008FEFA81AB80AF50184918111F3CFE11097
:1077A00084C25301F6019381F10193FD859193FF0A
:1077B00081911F01882309F411C2853241F493FDA0
:1077C000859193FF81911F01853209F01CCFB6018D
:1077D00090E00F94D5B83501E4CF17FF6FC04A0C85
:1077E000FC85F4FF04C08A81813309F44A9414149F
:1077F0000CF086C028E0241510F488E0482E85E0BF
:1078000090E017FF06C0C501B7FE02C090E080E01F
:10781000019601110196FF2031F02F2D30E02F5FEE
:107820003F4F820F931F5816190619F014F0E52CDC
:10783000E81A812F897011F4E11067C0002329F044
:10784000B601802F90E00F94D5B813FD02C0E1106F
:1078500063C017FF7CC08501B7FE02C010E000E0E6
:10786000C501841991092C016F2D70E0EE27FF27C7
:10787000E61BF70BFF87EE870F3F100729F4B601D1
:107880008EE290E00F94D5B8A016B1060CF44BC070
:10789000401651060CF047C0F501E01BF10BE80D56
:1078A000F91D8181015011092E853F8502171307AB
:1078B000E4F1B60190E00F94D5B8DECF16FD9FCF6E
:1078C000EF2DF0E0EA15FB0534F03CEFA3163FEF97
:1078D000B3060CF010683296E80DF91D01C0FA9459
:1078E000FF2019F082918033D1F317FF88CF442411
:1078F00043944F0CFA141B0431F02CF0FA187FCF8C
:10790000442443947CCFF12C7ACFB60180E290E0FE
:107910000F94D5B8EA9490CFB60180E390E00F942D
:10792000D5B8EA9494CF80E3BDCFA016B10641F458
:107930009A81963350F4953319F43C8534FF05C091
:10794000B60190E00F94D5B82ACF81E3F9CF8A81B0
:10795000813319F09C859F7E9C87B60190E00F943F
:10796000D5B8FF20A9F0B6018EE290E00F94D5B80B
:10797000F394F394E2E001E00E0FE80DF92DF11D10
:107980008081B60190E00F94D5B8E02F0F11F3CFAE
:1079900085E690E014FF02C085E490E0B6010F9404
:1079A000D5B8B7FC06C0A114B104C1F4EC85E4FF5E
:1079B00015C0B194A194B1088DE2B60190E00F9486
:1079C000D5B880E32AE0A216B10454F4B60190E0E1
:1079D0000F94D5B8B601C501C096B4CF8BE2EDCFF8
:1079E0008F5FFAE0AF1AB108EDCF8336C9F0833765
:1079F00071F1833509F05BC03501F2E06F0E711C47
:107A0000F501A080B1806F2D70E006FD02C06FEF20
:107A10007FEFC5010F9469B89D878C8700680DC002
:107A2000350132E0630E711CF5018081898321E00C
:107A300030E03D872C8754010F7703FD06C02C856D
:107A40003D855216130609F0A8F4E52C2BC035012C
:107A500032E0630E711CF501A080B1806F2D70E0E3
:107A600006FD02C06FEF7FEFC5010F948EB89D87B2
:107A70008C87E2CFB60180E290E00F94D5B85A949B
:107A8000DECFF50107FD859107FF81915F01B6010A
:107A900090E00F94D5B8E110EA948C859D8501970C
:107AA0009D878C87EC85FD85EF2B59F778CE843642
:107AB00019F0893609F074C0350107FF66C0F4E09B
:107AC0006F0E711CF5016081718182819381102F8D
:107AD0001F7697FF08C090958095709561957F4FB0
:107AE0008F4F9F4F10682AE030E0A4010F94FCB93B
:107AF000A82EA818BA2C012F16FF0AC00E7FAF14AB
:107B000038F414FF04C012FD02C0012F0E7EBF2CFA
:107B100004FFA3C0FE01EA0DF11D8081803309F04E
:107B200095C0097EF02FF870EF2E03FDA5C000FF71
:107B30009FC0FA2CB51410F4F50CFB1804FFA2C07A
:107B4000B60180E390E00F94D5B802FF09C088E742
:107B500090E001FF02C088E590E0B6010F94D5B82F
:107B6000AF1408F49BC0AA940A2D10E00F5F1F4FBA
:107B7000080D191DF80182918F01B60190E00F9454
:107B8000D5B880169106B1F70ACEF2E06F0E711CDF
:107B9000F50160817181072E000C880B990B97CF3E
:107BA000102F8537A9F41F7E2AE030E0350117FF3A
:107BB00044C0F4E06F0E711CF50160817181828117
:107BC0009381A4010F94FCB9A82EA8181F7792CF17
:107BD000197F8F3679F1F0F4883539F1F601868115
:107BE00097812F960FB6F894DEBF0FBECDBFDF9101
:107BF000CF911F910F91FF90EF90DF90CF90BF90AA
:107C0000AF909F908F907F906F905F904F903F903C
:107C10002F900895803739F0883701F714FD1460EC
:107C200020E130E0C3CF1061F9CF04FD166020E100
:107C300032E0BCCF28E030E0B9CFF2E06F0E711C2B
:107C4000F5016081718190E080E0BBCF02FD02C050
:107C5000B39468CFB394B39465CF802F867809F43A
:107C600061CFF6CFB60180E290E00F94D5B8B3941F
:107C7000B514C0F3E12C62CFE52CEB18B51408F471
:107C80005DCFF8CF802F867809F46ACF8BE201FFB1
:107C900080E207FD8DE2B60190E060CFB60180E39F
:107CA00090E00F94D5B8FA945BCFB60180E290E0F3
:107CB0000F94D5B8EA9473CD24E0E12C251508F093
:107CC00036CD84E026CD9091C00095FFFCCF809307
:107CD000C60008958091C00087FFFCCF8091C0004E
:107CE00084FD01C0A8958091C6000895862798E07C
:107CF00027E0382F880F37FD82279150D1F708955C
:107D0000CF93DF9300D000D01F92CDB7DEB787307E
:107D100050F5673040F597E0E0ECF2E0DE011196B7
:107D200001900D929A95E1F746E050E0FA01E61BCA
:107D3000F10921E030E02C0F3D1FE20FF31F2081FD
:107D400030E0481B5109C90102C0959587954A95B5
:107D5000E2F7817027960FB6F894DEBF0FBECDBF55
:107D6000DF91CF91089580E0F5CF20E030E040E84A
:107D70005FEB609181027091820280918302909109
:107D800084020F948ABC882321F1E091EB12F091D8
:107D9000EC12E250FF4E80818B7F8230D1F480E183
:107DA000E1E8F2E0AAEEB6E001900D928A95E1F7E3
:107DB00080E090E0A0E8BFEB809381029093820284
:107DC000A0938302B09384028091CA059091CB0561
:107DD000089581E090E00895CF92DF92EF92FF92B4
:107DE0000F931F93CF93DF9390E0EC01CC0FDD1F37
:107DF000CC0FDD1FFE01E856F34E259135914591DC
:107E00005491FE01E159F14FC080D180E280F380AE
:107E10008E010651194FC701B6010F9495BBF801A9
:107E20006083718382839383FE01E457F34E25912F
:107E30003591459154918E010F5D1D4FC701B601DB
:107E40000F9495BBF8016083718382839383FE0155
:107E5000E058F34E2591359145915491CB5EDD4F1D
:107E6000C701B6010F9495BB688379838A839B838E
:107E7000DF91CF911F910F91FF90EF90DF90CF9006
:107E8000089580E1EAECF6E0AAEEB6E001900D92EA
:107E90008A95E1F70895EBE0FCE1833021F0E82FCB
:107EA000F0E0E85FF34E849108954091FC1050910A
:107EB000FD1090E080E041155105B1F12091EB12E9
:107EC0003091EC1290E080E0F901E250FF4EA08189
:107ED000A23021F461817281860F971F41505109B0
:107EE00019F1F901EF5FFE4EA1919F012E5F304124
:107EF000A111FACFF901E250FF4E2D3EA1E03A0761
:107F000030F4A191A111E0CF2F5F3F4FF6CF2D3E6E
:107F1000E1E03E07C9F6EEEFF0E19F012E5F304150
:107F2000A191AA23D1F3D0CF0895982F9F7083FFFA
:107F30000DC080917B00886080937B0080917C00E5
:107F4000887F9770892B80937C00089580917B00B7
:107F5000877FF2CF84FF18C08D9A85FF17C0A49A3F
:107F60002FB786FF15C0F894909102019068909306
:107F700002012FBF87FF11C0A39A8F9A85E08A95CF
:107F8000F1F700008F9808958D98E7CFA498E8CF77
:107F9000F894909102019F77EACFA398EECF0F93C8
:107FA0001F93CF93DF93EC01C60FD71F8C179D074C
:107FB00079F08C010F5F1F4F0F946DBA8F3F31F036
:107FC00081E0DF91CF911F910F910895C801EECF0D
:107FD00080E0F7CF0F931F93CF93DF9300D01F92D2
:107FE000CDB7DEB79B01AC010AEE16E0F801608563
:107FF00071858285938569837A838B839C830F94B3
:1080000094BBF801608771878287938765E575E582
:1080100085E591E40F9462650F94815189819A817D
:10802000AB81BC81F80180879187A287B387CE019D
:1080300001960F94CC520F900F900F900F90DF91FC
:10804000CF911F910F9108956091E0067091E10624
:10805000072E000C880B990B0F94FBB42091230E74
:108060003091240E4091250E5091260E0F9494BC11
:108070000E94EA3F1092E1061092E00608954FEF49
:108080005FEFBA0185EE9FE00F94A3BA4FEF5FEF69
:10809000BA0189EE9FE00F94A3BA4FEF5FEFBA01E8
:1080A0008DED9FE00F94A3BA4FEF5FEFBA0181EE21
:1080B0009FE00F94A3BA4FEF5FEFBA0185ED9FE009
:1080C0000F94A3BA4FEF5FEFBA0189ED9FE00F94D1
:1080D000A3BA4FEF5FEFBA0185EC9FE00F94A3BA0C
:1080E0004FEF5FEFBA0189EC9FE00F94A3BA4FEF17
:1080F0005FEFBA018DEC9FE00F94A3BA4FEF5FEFF3
:10810000BA0181ED9FE00D94A3BA80369105F8F491
:108110004091EB125091EC122091F9103091FA102D
:108120004217530739F46091FC107091FD10161638
:1081300017066CF0B901680F791FFB01E359FF4F77
:108140002417350730F481E04E175F0708F480E00C
:108150000895EE3EF140F8F06C5F7F4F6E3E714047
:1081600018F449365105B8F483599F4F48175907F9
:1081700070F34DEE51E0421B530B70E060E0C9011B
:1081800082509F4E0F949FC08FB7F8941092FA10B0
:108190001092F9108FBF81E008958091CC059091E5
:1081A000CD054AE050E070E060E001960F94F8B52C
:1081B000862F08958091CC059091CD054AE050E03E
:1081C00070E060E001960F94F8B5CB0108958091BE
:1081D000CC059091CD054AE050E070E060E001965A
:1081E0000D94F8B58091FE049091FF049093FD04E6
:1081F0008093FC0482EF9FE29F938F9380917D0395
:1082000090917E03A0917F03B09180030196A11D00
:10821000B11DBF93AF939F938F9385E094E19F939C
:108220008F938CE094E19F938F930F942FB98DB728
:108230009EB70A960FB6F8949EBF0FBE8DBF0895E5
:10824000682F880F770B8091EB129091EC128F5F63
:108250009E4E0F94C4C09C019093CD058093CC0595
:1082600081E0232B09F480E008950F931F93CF93AF
:10827000DF938C01862FEA010E942041882319F1A7
:108280000E94DA409C0197FF03C031952195310986
:10829000253631059CF09F938F9389E095E79F9356
:1082A0008F938DEF9CE19F938F930F942FB90F9035
:1082B0000F900F900F900F900F9080E0DF91CF9173
:1082C0001F910F910895F80180818823B1F3CE01A9
:1082D000DF91CF911F910F910D946DBA60E086E60A
:1082E0009FE00F9491BA60E088E69FE00F9491BA06
:1082F00060E085E69FE00F9491BA60E084E69FE03D
:108300000F9491BA60E082ED9EE00F9491BA60E024
:108310008FEC9EE00D9491BA2F923F924F925F9214
:108320006F927F928F929F92AF92BF92CF92DF9285
:10833000EF92FF920F931F93CF93DF93CDB7DEB7EA
:10834000CC58D2400FB6F894DEBF0FBECDBFCB588D
:10835000DD4F688379838A839B83C557D240FE01B2
:10836000E754FE4F88E2DF011D928A95E9F7E85B4A
:10837000F1401F0180E991E0DF01FC011D9231977E
:10838000E9F7C75ADD4F19821882C955D2409E01BC
:108390002F513E4FC159DD4F39832883CF56D240EC
:1083A0008E01075A1D4FCE018F5C9D4FC359DD4F83
:1083B00099838883CD56D2403C01490140EBA42EDD
:1083C0004FE0B42E53E2C52ED12CF12CE12CB60196
:1083D0000D2C000C880B990B0F94FBB4D4016D93FA
:1083E0007D938D939D934D01F801619171918F0162
:1083F000072E000C880B990B0F94FBB4D3016D93DF
:108400007D938D939D933D01BFEFEB1AFB0AE6E050
:10841000EE16F10409F038C3CB58DD4F28813981BD
:108420004A815B81C557D240C159DD4FA881B981CE
:10843000CF56D2406D917D918D919C910F941EBE2F
:10844000412C512C320118160CF402C3C359DD4FD4
:1084500008811981CD56D2400C5E1F4FC159DD4FA6
:10846000E880F980CF56D240B4E1EB0EF11C6E01EA
:10847000EFEDCE1AEDEFDE0A9E012B553E4FCF58A1
:10848000DD4F39832883C157D240D8014D905D908C
:108490006D907C90F7016081718182819381D70119
:1084A0005E914E913E912E917D010F9494BB4B01B4
:1084B0005C01F80152914291329122918F01C301E6
:1084C000B2010F9494BBA50194010F9494BCD60102
:1084D0009E938E937E936E936D01CF58DD4FE8810E
:1084E000F981C157D240B292A29292928292CF5811
:1084F000DD4FF983E883C157D240C359DD4F28814E
:108500003981CD56D2400217130709F0BECF4E0174
:108510003FE6831A3EEF930A5E0183EFA81A8DEFC0
:10852000B80A61018101EE24E394F12CD4014D904D
:108530005D906D907D904D012D913D914D915C919F
:10854000C301B2010F9495BB9B01AC010F9495BB85
:10855000F80164A775A786A797A7F1E0EF16F104C5
:1085600061F0D80198964D925D926D927C929B97A6
:10857000F8014482558266827782FFEFEF1AFF0A84
:10858000F501208131814281538184E0A80EB11C24
:1085900064817581868197810F9494BB20E030E0DF
:1085A00040EC50E40F943AB5D601DC966D937D9380
:1085B0008D939C93DF97045D1F4FB8E2CB0ED11CC7
:1085C000E5E0EE16F10409F0B1CF7E01FDE2EF0E19
:1085D000F11C28E2A22EB12C00EB1FEF24E0220EAA
:1085E000311CD7012D913D914D915C911397989637
:1085F0006D917D918D919C919B970F9494BC2B01D3
:108600003C016101C01AD10A88248394912CF6019F
:10861000E00FF11FEA0DFB1D208131814281538162
:10862000C301B2010F943AB59B01AC01F601608120
:108630007181828193810F9494BBD6016D937D9358
:108640008D939D936D01BFEF8B1A9B0AE6E08E160A
:108650009104E9F63CE2E30EF11C0852110988E2AC
:10866000A80EB11C08339FEF190709F0BACF1E01FD
:10867000F5EB2F0E311C6E0121EBC20ED11C7E01D9
:1086800037E3E31A3EEFF30A04E010E04801B12CAF
:10869000A12C412C512C3201F601EA0DFB1DD70112
:1086A000AA0DBB1D2D913D914D915C916081718111
:1086B000828193810F943AB59B01AC01C301B20151
:1086C0000F9495BB2B013C018FEF881A980A94E018
:1086D000A90EB11CA5E08A169104F1F6A30192013E
:1086E000F10160817181828193810F9494BBD601E5
:1086F0002D913D914D915C910F9494BCF701608355
:1087000071838283938301501109F8E22F1A310893
:108710002CE2C21AD10834E0E31AF1080115110560
:1087200009F0B4CFCB50DE4F88819981AA81BB81FB
:10873000C55FD140CF57DD4F88839983AA83BB8320
:10874000C158D2401E0197E4291A9EEF390A10E061
:1087500000E0C159DD4FA881B981CF56D240CD90FC
:10876000DD90ED90FD90C159DD4FB983A883CF56C0
:10877000D240CB58DD4F288139814A815B81C55772
:10878000D240C701B6010F948ABC1816B4F0CB587A
:10879000DD4F288139814A815B81C557D240C1595B
:1087A000DD4FE881F981CF56D240608171818281AD
:1087B00093810F941EBE87FF18C00430110509F085
:1087C00030C1CB58DD4F288139814A815B81C55743
:1087D000D240CF57DD4F688179818A819B81C15812
:1087E000D2400F948ABC87FF1CC1D10114968D9092
:1087F0009D90AD90BC9017978D919D910D90BC91DF
:10880000A02DCF58DD4F88839983AA83BB83C1579E
:10881000D240F801EE0FFF1FEE0FFF1F21E931E0FC
:108820002C0F3D1FE20FF31F408051806280738048
:10883000C359DD4FA881B981CD56D2408D919D910C
:108840000D90BC91A02DC358DD4F88839983AA83D6
:10885000BB83CD57D240A7019601CB58DD4F68812D
:1088600079818A819B81C557D2400F9494BB6B015B
:108870007C0120E030E040E450E40F9405BFCB578A
:10888000DD4F688379838A839B83C558D240C35860
:10889000DD4F288139814A815B81CD57D240C35950
:1088A000DD4FE881F981CD56D240648175818681A2
:1088B00097810F9494BBA30192010F9494BCC75865
:1088C000DD4F688379838A839B83C957D240A30194
:1088D0009201C301B2010F9495BBCF58DD4F28819F
:1088E00039814A815B81C157D2400F943AB5C7574D
:1088F000DD4F688379838A839B83C958D240A30163
:108900009201C501B4010F943AB59B01AC01C75760
:10891000DD4F688179818A819B81C958D2400F944B
:1089200095BB20E030E040EC50E40F9494BC9B01F8
:10893000AC01C758DD4F688179818A819B81C95715
:10894000D2400F9494BBA70196010F943AB5C75833
:10895000DD4F688379838A839B83C957D240CF5880
:10896000DD4F288139814A815B81C157D240C501E1
:10897000B4010F9494BB4B015C0120E030E040EC6B
:1089800050E4C301B2010F943AB59B01AC01C5019B
:10899000B4010F9494BCCB57DD4F288139814A81B3
:1089A0005B81C558D2400F943AB54B015C0120E081
:1089B00030E040E05FE3CF58DD4F688179818A8104
:1089C0009B81C157D2400F943AB52B013C01A701BE
:1089D0009601C701B6010F943AB59B01AC01C301E2
:1089E000B2010F943AB59B01AC01C501B4010F94DB
:1089F00095BB9B01AC01C758DD4F688179818A81A5
:108A00009B81C957D2400F9495BBC358DD4F288135
:108A100039814A815B81CD57D2400F9495BB2B01A0
:108A20003C010F5F1F4FF4E02F0E311CC359DD4F87
:108A300028813981CD56D2402C5F3F4FC359DD4F3D
:108A400039832883CD56D2400530110509F081CEF7
:108A5000C301B201C457DD4F0FB6F894DEBF0FBE9D
:108A6000CDBFDF91CF911F910F91FF90EF90DF90DD
:108A7000CF90BF90AF909F908F907F906F905F90BE
:108A80004F903F902F900895C5010F947BBAD80165
:108A90008D939C93B5E0CB0ED11CE2E0AE0EB11CE1
:108AA00096CC0F931F93CF9320911314213079F517
:108AB0008C0180E50E942041882349F10E94CD402D
:108AC000C82F853020F5013C82E0180749F0023CB0
:108AD000124069F08C2FCF911F910F910D941CB40F
:108AE00060E08C2FCF911F910F910D945DB48EECAF
:108AF0009EE00F946DBA882351F00F941190882353
:108B000031F08C2FCF911F910F910D94D8B4CF914C
:108B10001F910F910895CF93C82F0F948151F8940E
:108B2000C093E2060F947C520E9416ED880F82706B
:108B30000F94A61E0F942A307894CF91089560FF69
:108B400004C028E5FC012083019661FF04C029E5EB
:108B5000FC012083019620E2FC012193CF0165E214
:108B60007EE00D9424B88F929F92AF92BF92CF92E5
:108B7000DF92EF92FF920F931F93CF93DF930091B9
:108B8000CC051091CD050F5F1F4F68018FEFC81AFC
:108B9000D80AD801DC918D2F90E00F94FEB77C01AC
:108BA000892B01F5DD3201F56801B2E0CB0ED11C55
:108BB000F801D181C1E086010150110943E050E084
:108BC0006FE37CE1C8010F9434B8892BC1F460E0F5
:108BD00070E080E89FEFC111DBC060E070E080E8EA
:108BE0009FE7D6C08601D1CFDB3239F46801F2E0CD
:108BF000CF0ED11CD8011196DC91C0E0DCCF43E050
:108C000050E06CE37CE1C8010F9434B8892B09F47F
:108C1000CCC0F60110E000E020E030E0A9016F01D7
:108C2000D053DA3060F5BC2E6894B1F88C2F887080
:108C3000C2FF09C0811102C00F5F1F4F3196D601DC
:108C4000DC91CB2DECCF882311F001501109A5E068
:108C5000B0E00F9402BB9B01AC01220F331F441FF5
:108C6000551F2D0F311D411D511D2839B9E93B07F5
:108C70004B07B9E15B0710F3C660BC2EDFCFDE3FC8
:108C800031F4C3FD33C0BC2E6894B3F8D7CFD533CD
:108C900069F580818D3231F4C061BF016E5F7F4F15
:108CA000818105C0BF018B32C9F36F5F7F4F805355
:108CB0008A30E0F4FB01B0E8EB16BCE0FB065CF4A4
:108CC000B701660F771F660F771FE60EF71EEE0CD3
:108CD000FF1CE80EF11C819180538A3060F3C4FFC1
:108CE00003C0F194E194F1080E0D1F1DCA01B901F2
:108CF0000F94F9B4C370C33009F490584B015C0170
:108D000020E030E0A9010F948ABC882309F43EC01A
:108D1000C8E3DCE117FF05C0119501951109C0E218
:108D2000DCE16E01E8E1CE1AD10880E2E82EF12CF8
:108D30000DC0FE0125913591459154910E191F09E1
:108D4000C501B4010F943AB54B015C01D501C401D2
:108D50000E151F0574F72497F594E794CC16DD06DD
:108D6000A9F78A2F880F8B2F881F8F3F49F020E0AB
:108D700030E0A901C501B4010F948ABC811106C07D
:108D800082E290E090931E1880931D18C501B401F3
:108D9000DF91CF911F910F91FF90EF90DF90CF90D7
:108DA000BF90AF909F908F90089560E070E080EC4E
:108DB0009FE7EECF2F923F924F925F926F927F92FA
:108DC0008F929F92AF92BF92CF92DF92EF92FF92DB
:108DD0000F931F93CF93DF9300D0CDB7DEB78EED07
:108DE000C82E82E0D82E8AEC96E09B838A839AEE86
:108DF000E92E96E0F92E3324339400E0F6018191B8
:108E00006F010E942041282E882309F4A6C01091EA
:108E1000410413210E94B3452B013C01EA81FB81EF
:108E20004082518262827382033009F046C0F1E0D1
:108E3000F983111101C019828090910290909202E1
:108E4000A0909302B090940220E030E040E85FE30D
:108E5000C501B4010F948ABC882359F1111115C0C2
:108E60002091F6063091F7064091F8065091F906E8
:108E7000C301B2010F9494BB6093D6067093D706DA
:108E80008093D8069093D9062982A5019401609118
:108E9000D6067091D7068091D8069091D9060F9486
:108EA0003AB56093D6067093D7068093D806909310
:108EB000D906E981E11103C022C0112399F0F7011D
:108EC0002081318142815381EA81FB8160817181FE
:108ED000828193810F9495BBEA81FB8160837183CA
:108EE000828393830F5F330C8A819B8104969B83DB
:108EF0008A8394E0E90EF11C043009F07FCF86E408
:108F00000E942041882399F00E94B3456B017C01A7
:108F100020E030E0A9010F941EBE181644F4C09260
:108F2000B902D092BA02E092BB02F092BC020F905A
:108F30000F900F90DF91CF911F910F91FF90EF90C5
:108F4000DF90CF90BF90AF909F908F907F906F9069
:108F50005F904F903F902F900895F701808191810D
:108F6000A281B381EA81FB8180839183A283B38351
:108F7000B9CF2F923F924F925F926F927F928F92D2
:108F80009F92AF92BF92CF92DF92EF92FF920F9398
:108F90001F93CF93DF93CDB7DEB765970FB6F894E5
:108FA000DEBF0FBECDBF698B7A8B8B8B9C8B49014B
:108FB0005A01302ECD8A2D2C81E08093BF02DF92A2
:108FC0002D892F931F92EF928EEB93E19F938F93B6
:108FD0000F942FB981E40E9420410F900F900F90C1
:108FE0000F900F900F908823A1F08091CC05909165
:108FF000CD05FC012181283709F069C040E150E02E
:1090000070E060E002960F94F8B5698B7A8B8B8BD9
:109010009C8B83E40E942041882309F465C00E9450
:10902000E7402B013C01C988DA88EB88FC888C1466
:109030009D04AE04BF0410F475016401D301C201A4
:109040008C0D9D1DAE1DBF1D88169906AA06BB0678
:1090500028F08C159D05AE05BF0530F424013501BF
:109060004C185D086E087F0888E50E94204188231F
:1090700009F491C02091CC053091CD052F5F3F4F71
:10908000FE01319610E000E04F01D9018C912F5F75
:109090003F4F882309F43FC000311105E1F18032D0
:1090A000A1F38A30C1F190ED980F9A3010F58295B6
:1090B000807F9D012E5F3F4F11969C9140ED490F9F
:1090C0004A30F8F4842B81930F5F1F4FDECF0E944C
:1090D000B3450F9406BD9B01770F440B550B298BAD
:1090E0003A8B4B8B5C8B95CF44244A94542C3201A1
:1090F0009ACF9FE9980F963058F48295807F8057D9
:10910000D8CF4FE9490F463018F49755892BDBCF5C
:109110001195019511092801012E000C66087708A8
:10912000DA8AC98AB12CA12C0A151B05F1F033206B
:1091300039F031E0331671F04FEFA41AB40AF4CFCE
:10914000F401EA0DFB1D8081E989FA89EA0DFB1D16
:109150008083F2CFF401EA0DFB1D608189899A8931
:109160008A0D9B1D0F94B5BAE7CFFF92EF92DF9265
:10917000CF922F925D895F937F926F925F924F9211
:1091800082E993E19F938F930F942FB90FB6F894D0
:10919000DEBF0FBECDBF032DA3019201C701B601F3
:1091A0000F94B88D65960FB6F894DEBF0FBECDBF95
:1091B000DF91CF911F910F91FF90EF90DF90CF90B3
:1091C000BF90AF909F908F907F906F905F904F90E7
:1091D0003F902F900895609125187091261890E087
:1091E0008A3020F0895A9F4F0D94D5B8C096FCCF95
:1091F0000F931F93CF93DF93C82FD62F8A0160FF61
:1092000015C05D9A8AE18A95F1F700C08C2F0E9403
:10921000AA3FD1FD04C08C2F82950E94AA3FC801AD
:10922000DF91CF911F910F910C946FE45D98EACF7D
:10923000CF92DF92EF92FF92CF93DF93EC016A011E
:109240007B010F9475BA6F3F7F4F8F4F9F4F59F43B
:10925000B701A601CE01DF91CF91FF90EF90DF9093
:10926000CF900D94C3BADF91CF91FF90EF90DF9034
:10927000CF9008952F923F924F925F926F927F927C
:109280008F929F92AF92BF92CF92DF92EF92FF9216
:109290000F931F93CF93DF93CDB7DEB7A1970FB690
:1092A000F894DEBF0FBECDBF1C0148015901FC017F
:1092B000E85BFF4FC080D180E280F3809A01AB0170
:1092C000C701B6010F943AB50F9473BC0F940DBD4E
:1092D0008B018D839983A5019401C701B6010F9479
:1092E0003AB50F9473BC0F940DBD362F272FA801EC
:1092F0006D817981483751056105710520F448E792
:1093000050E060E070E0D101D6968D909D90AD90D8
:10931000BC90D9978F8A988EA98EBA8E4815590518
:109320006A057B0520F44F8B588F698F7A8F432F06
:10933000522FBC01483751056105710520F448E7FB
:1093400050E060E070E0182D092DA9A2B8A24815E0
:1093500059056A057B0520F4142F052F69A378A30E
:10936000F101EE5BFF4FC080D180E280F380CD82BF
:10937000DE82EF82F886CD28CE28CF2841F4C12C9A
:10938000D12C7601C394CD82DE82EF82F8862F89BC
:10939000388D498D5A8DB901CA010F94D0BA6D87A5
:1093A0007E878F87988BA5019401C501B4010F9426
:1093B000D0BA2B013C01212F302F49A158A1612F98
:1093C000702FCA010F94D0BA698B7A8B8B8B9C8BD0
:1093D000CD80DE80EF80F884CC0CDD1CEE1CFF1C01
:1093E000C986DA86EB86FC86C301B2016150710939
:1093F00081099109CD84DE84EF84F8886C197D0998
:109400008E099F09C984DA84EB84FC846C0D7D1D70
:109410008E1D9F1DA70196010F94E0BA69017A0184
:10942000C301B20129893A894B895C89621B730B9C
:10943000840B950B29853A854B855C850F94E0BAA2
:1094400029013A01D701C601840D951DA61DB71D3E
:109450008C8F9D8FAE8FBF8FF101E45BFF4F9081AA
:109460009B8F992309F48DC0612F702F89A198A13A
:109470000F94F9B4F101EC5AFF4F20813181428100
:1094800053810F943AB50F940DBD6D8B7E8BD10136
:1094900050962D913D914D915C91539729833A833C
:1094A0004B835C838C8D9D8DAE8DBF8D8217930712
:1094B000A407B50708F068C029013A01481A590AFB
:1094C0006A0A7B0A9B8D40E080E0992389F0C50100
:1094D000B4010F94F9B4F101EC5AFF4F20813181AE
:1094E000428153810F943AB50F940DBD462F872FBB
:1094F0003FB7F894F101E95BFF4F2081211127C0AC
:10950000D1015996CD92DD92ED92FC925C97C40CFC
:10951000D51CE61CF71CF101C58ED68EE78EF0A295
:10952000CF88C2AED88CD3AEE98CE4AEFA8CF5AE5F
:10953000FE9610830183C9A0C282D8A0D3827396FD
:10954000ED88E082FE88F1823297408381833FBFBD
:10955000A1960FB6F894DEBF0FBECDBFDF91CF91BD
:109560001F910F91FF90EF90DF90CF90BF90AF9041
:109570009F908F907F906F905F904F903F902F9033
:1095800008951D8A1E8A83CF2D813E814F81588583
:1095900082E0220F331F441F551F8A95D1F789811E
:1095A0009A81AB81BC8181709927AA27BB278D83C3
:1095B0009E83AF83B88789809A80AB80BC80B69445
:1095C000A79497948794CD84DE84EF84F888898962
:1095D0009A89AB89BC898C159D05AE05BF0508F439
:1095E0006FC06C017D0191E0C91AD108E108F10852
:1095F0008D859E85AF85B889C81AD90AEA0AFB0A03
:10960000C701B601620F731F841F951FCD80DE80D6
:10961000EF80F884CD28CE28CF2841F0C984DA84A1
:10962000EB84FC846C0D7D1D8E1D9F1D0F94E0BA94
:1096300075016401C20ED31EE41EF51E29813A8114
:109640004B815C812C153D054E055F0510F46901C9
:109650007A012B8D222309F469C0C114D104E104DD
:10966000F10409F466C04D898E89411451046104E6
:10967000710409F43DCFA701960169857A858B8530
:109680009C850F94D0BA2D853E854F855889620FF1
:10969000731F841F951F0F94F9B40F9463BFF101DA
:1096A000EC5AFF4F20813181428153810F943AB5AA
:1096B0000F940DBD462F872F412C512C320118CF0E
:1096C0006D857E858F859889C988DA88EB88FC88C6
:1096D0006C197D098E099F09CD80DE80EF80F884AA
:1096E000CD28CE28CF2841F0C984DA84EB84FC84CD
:1096F0006C0D7D1D8E1D9F1D0F94E0BA820E931E72
:10970000A41EB51E49805A806B807C808414950409
:10971000A604B70410F424013501C980DA80EB8077
:10972000FC80C418D508E608F70893CF40E080E035
:10973000C3CF4D898E89C0CFCF93C62F0F944C8253
:1097400081110FC0C093BB0084E88093BC0088E205
:109750000F943920811105C084E98093BC00CF911A
:1097600008958FEF8093160E8093150EF8CFCF9348
:109770000F944C82811121C084EA8093BC0080E167
:109780000F943920811119C08BEE8093BB00C4E87F
:10979000C093BC0080E40F94392081110EC0C093A7
:1097A000BC0088E50F943920811107C08091BB006F
:1097B00094E99093BC00CF9108958FEF8093160E9B
:1097C0008093150E80E0F7CF0F931F93CF93DF9315
:1097D0008C01F801D491DF3F99F03196C4916C2F40
:1097E0008D2F0E949C4B8D2F0E94B74B0E5F1F4FF9
:1097F000C81779F380E0DF91CF911F910F91089501
:1098000081E0F9CFCF93DF938091160E813321F061
:1098100080E0DF91CF9108958091150E8139C1F7D5
:1098200082E00E94B74BC82F87E10E94B74B80931C
:10983000130E84E10E94B74B8093140E8091160E94
:109840008F3F31F3C7FF36C083E00E94B74BD82F5C
:1098500084E00E94B74BC82F82E10E94B74B9091E1
:10986000160E9F3FA9F290E09C0144E0220F331FA7
:109870004A95E1F722273F702D2B982F88278827BC
:109880009F708C2B33FD305193FD90514091F0032C
:109890005091F103240F351F3093F1032093F0030F
:1098A0002091E80E3091E90E820F931F9093E90EFC
:1098B0008093E80E81E0ADCF84B1817F84B984B11B
:1098C000876084B985B1817F85B9289A80E58CBD90
:1098D0001DBC08958A3020F0803120F4895A089503
:1098E000805D089580E008950F931F93CF93DF93D9
:1098F000082FEB0190E024E0959587952A95E1F7F4
:1099000011E0009721F00E946A4C899312E0802FA9
:109910008F700E946A4C8883812FDF91CF911F91B5
:109920000F910895803330F08A3330F09FE9980F1B
:10993000963020F080E0089580530895875508956B
:10994000CF93DF93EC01688180E00E94763E6981CD
:109950000E94763E6A81CB810E94763E6C2FDF9119
:10996000CF910C94763ECF93DF93EC010E94A04CF4
:109970006D810E94763E6E81CF810E94763E6C2F73
:10998000DF91CF910C94763ECF93DF93EC01688307
:1099900049831B821A820E94A04C8C83DF91CF9155
:1099A00008959FB7F894E5E0F1E080818F7D808392
:1099B0009FBF8FE891E00197F1F700C000009FB7CB
:1099C000F8948081806280839FBF0895149A0895DF
:1099D000CF92DF92EF92FF92CF93DF9369017A01EA
:1099E000CAEED6E09B01AC016C857D858E859F8596
:1099F0000F9495BB6C877D878E879F87C701B601C3
:109A0000DF91CF91FF90EF90DF90CF900D94626542
:109A10000F9462650D94815181E09091101891111D
:109A200001C080E00895893220E8920709F497C0C8
:109A300008F048C0863060E8960709F49AC030F50F
:109A4000833040E8940709F480C0A8F4813020E80E
:109A5000920709F417C1823040E8940709F473C0F3
:109A60009C0186FF8EC02227327C2115324C09F0E2
:109A70009EC08EE10895843060E8960709F467C0BF
:109A8000853020E8920761F784E208958A3040E843
:109A9000940709F45EC058F4883020E8920709F46E
:109AA0006EC0893040E89407D9F685E008958C307F
:109AB00060E8960709F451C08D3020E8920781F6DE
:109AC00081E208958F3240E8940709F456C0E0F42B
:109AD0008C3220E8920709F44EC058F48A3260E8CC
:109AE0009607C9F18B3220E8920709F0B9CF86E2D8
:109AF00008958D3240E89407D1F18E3260E89607E0
:109B000009F0AECF82E20895873820E8920749F144
:109B100058F4873460E8960729F08B3420E89207E0
:109B200009F09ECF84E00895873041E89407D9F08A
:109B30008B3061E89607C9F08B3820E8920709F06E
:109B40008FCF89E0089581E0089582E0089583E051
:109B5000089586E0089587E008958AE208958BE2EB
:109B6000089588E008958AE008958BE0089583E2DF
:109B7000089585E2089587E2089588E2089589E2CC
:109B8000089587FF07C02227327C2115324CA1F5AA
:109B90008FE108952227317090FF52C0AC01442715
:109BA000527C4115524C09F04BC080E208959C0153
:109BB00022273278232B09F067C09C0122273478B2
:109BC000232B09F063C09C0122273878232B09F04E
:109BD0005FC09C0122273079232B09F05BC09C01D8
:109BE0002227307A232B09F057C08827907C892BB5
:109BF00009F468C08FE008959C0122273278232B56
:109C000009F04CC09C0122273478232B09F048C06E
:109C10009C0122273878232B09F044C09C0122277D
:109C20003079232B09F040C09C012227307A232B66
:109C3000E9F58827907C892B09F444C080E10895D8
:109C4000232B09F43FC09C0122273278232B81F576
:109C50009C0122273478232B69F59C012227387830
:109C6000232B51F59C0122273079232B39F59C01B8
:109C70002227307A232B21F58827907C892B11F11C
:109C800081E1089580E0089582E1089585E10895D5
:109C900088E108958BE108958CE0089583E10895AB
:109CA00086E1089589E108958CE108958DE0089595
:109CB00084E1089587E108958AE108958DE108958A
:109CC0008EE008958CE208950E94134DE82FF0E095
:109CD000EE0FFF1FED5FF54D25913491233381E0A9
:109CE000380708F041C02D3281E0380778F52E376B
:109CF000310509F483C0F0F42C36310509F485C030
:109D000030F42536310508F079C08FEF08952437F7
:109D1000310509F473C02D37310519F023373105AA
:109D2000A1F78091060E813009F46DC0873069F784
:109D300088E00895233D310509F46EC050F4293CB4
:109D4000310509F469C02A3C3105F9F68091060E07
:109D500067C02D3D310509F45FC02E3D3105B1F3DB
:109D6000243D310591F6F2CF253F81E0380709F413
:109D70005CC0F8F4263481E0380758F4213481E0DF
:109D8000380720F7275331402530310508F0BDCF83
:109D9000DDCF215931402230310508F0B6CF809116
:109DA000060E833009F43FC0893009F0AECF87E05A
:109DB0000895293F81E0380749F270F4273F81E098
:109DC000380721F260F78091060E833061F1883008
:109DD00009F09BCF86E008952B3F81E03807A9F07A
:109DE00068F02C3F314009F090CF8091060E85300D
:109DF00089F0863009F089CF85E008958091060EBC
:109E0000813009F082CF81E008958091060E823082
:109E1000D1F37BCF84E008958091060E823061F00B
:109E2000833009F072CF83E008958091060E82306E
:109E300029F0843009F069CF82E0089580E0089528
:109E4000682F70E090E080E00F94F9B420E030E0FB
:109E500048E052E40F943AB520E030E040E85FE398
:109E60000F9495BB0895682F70E090E080E00F9408
:109E7000F9B420E030E04CE952E40F943AB520E028
:109E800030E040E85FE30F9495BB089582E00F94C3
:109E900016306093F2067093F3068093F406909365
:109EA000F50682EF96E00D94CC524F925F926F923E
:109EB0007F928F929F92AF92BF92CF92DF92EF925A
:109EC000FF920F931F93CF93DF930AEE16E0CBED33
:109ED000D3E0288139814A815B81F80160817181F9
:109EE000828193810F9494BB4B015C012C813D8155
:109EF0004E815F81F80164817581868197810F941D
:109F000094BB6B017C01CBECD3E0288139814A8181
:109F10005B81C501B4010F943AB52B013C012C8142
:109F20003D814E815F81C701B6010F943AB59B0117
:109F3000AC01C301B2010F9495BBF801608371833A
:109F400082839383288539854A855B85C501B40161
:109F50000F943AB54B015C012C853D854E855F859C
:109F6000C701B6010F943AB59B01AC01C501B4011C
:109F70000F9495BBF8016483758386839783DF9183
:109F8000CF911F910F91FF90EF90DF90CF90BF90F6
:109F9000AF909F908F907F906F905F904F900895BB
:109FA0004F925F926F927F928F929F92AF92BF92E9
:109FB000CF92DF92EF92FF920F931F93CF93DF9395
:109FC00000D000D01F921F92CDB7DEB7DC01CD903C
:109FD000DD90ED90FC901397C092B003D092B10346
:109FE000E092B203F092B30314960D911D912D915E
:109FF0003C91179709831A832B833C830093B80302
:10A000001093B9032093BA033093BB03DB010D9186
:10A010001D912D913C9113970D831E832F833887BB
:10A020000093B4031093B5032093B6033093B703A2
:10A0300014964D905D906D907C9017974092BC0364
:10A040005092BD036092BE037092BF03FA0160811B
:10A050007181828193816093DB037093DC03809331
:10A06000DD039093DE0384809580A680B780809284
:10A07000DF039092E003A092E103B092E20320E0BC
:10A0800030E0A9010F948ABC8111AAC020E030E021
:10A09000A901C501B4010F948ABC8111A1C010921D
:10A0A000E30320E030E040E85FE3C701B6010F942E
:10A0B0008ABC811121C020E030E0A9016D817E8140
:10A0C0008F8198850F948ABC811116C020E030E002
:10A0D000A90169817A818B819C810F948ABC81114D
:10A0E0000BC020E030E040E85FE3C301B2010F9411
:10A0F0008ABC882309F478C08091E303826080934E
:10A10000E303A3019201C701B6010F943AB54B01D5
:10A110005C012D813E814F81588569817A818B81D7
:10A120009C810F943AB59B01AC01C501B4010F9419
:10A1300094BB4B015C01AC019B01C301B2010F94C4
:10A1400094BC6093CB037093CC038093CD03909326
:10A15000CE036D817E818F8198859058A5019401F1
:10A160000F9494BC6093CF037093D0038093D1037A
:10A170009093D20369817A818B819C819058A5014B
:10A1800094010F9494BC6093D3037093D403809391
:10A19000D5039093D603A5019401C701B6010F948E
:10A1A00094BC6093D7037093D8038093D9039093A2
:10A1B000DA0328960FB6F894DEBF0FBECDBFDF914D
:10A1C000CF911F910F91FF90EF90DF90CF90BF90B4
:10A1D000AF909F908F907F906F905F904F90089579
:10A1E00081E08093E3035DCF80E090E0A0E8BFE3EF
:10A1F0008093CB039093CC03A093CD03B093CE0375
:10A200001092CF031092D0031092D1031092D20378
:10A210001092D3031092D4031092D5031092D60358
:10A220008093D7039093D803A093D903B093DA0314
:10A23000C0CF4F925F926F927F928F929F92AF9218
:10A24000BF92CF92DF92EF92FF921F93CF93DF9353
:10A25000CDB7DEB7A8970FB6F894DEBF0FBECDBF5F
:10A2600048E050E06DED7FE0CE0101960F945DBABD
:10A2700048E050E065ED7FE0CE0109960F945DBAAD
:10A2800048E050E065EE7FE0CE0141960F945DBA64
:10A2900089899A89AB89BC8989A39AA3ABA3BCA3FA
:10A2A0008F3F9F4FAF4FBF4F09F4B1C08D899E893B
:10A2B000AF89B88D8DA39EA3AFA3B8A78F3F9F4F43
:10A2C000AF4FBF4F09F4A3C089809A80AB80BC8098
:10A2D0008FEF88169806A806B80609F498C08D81F5
:10A2E0009E81AF81B885898F9A8FAB8FBC8F8F3F4E
:10A2F0009F4FAF4FBF4F09F48AC0C984DA84EB8403
:10A30000FC848FEFC816D806E806F80609F47FC06B
:10A310008D859E85AF85B8898D8F9E8FAF8FB8A3B1
:10A320008F3F9F4FAF4FBF4F09F471C0298D3A8DBA
:10A330004B8D5C8DC501B4010F9431BE2B013C01E6
:10A3400026E636E646E65FE30F948ABC11E087FD19
:10A350000BC02DEC3CEC4CE85FE3C301B2010F9461
:10A360001EBE18160CF010E02D8D3E8D4F8D58A19D
:10A37000C701B6010F9431BE2B013C0126E636E63B
:10A3800046E65FE30F948ABC87FD7FC02DEC3CEC72
:10A390004CE85FE3C301B2010F941EBE18160CF423
:10A3A00074C02DA13EA14FA158A569A17AA18BA18E
:10A3B0009CA10F9431BE20E030E040E751E40F94BF
:10A3C0001EBE18160CF411E0A5019401C701B601D8
:10A3D0000F943AB56B017C012D8D3E8D4F8D58A1A8
:10A3E000698D7A8D8B8D9C8D0F943AB59B01AC0154
:10A3F000C701B6010F9495BB9F772DEC3CEC4CEC5C
:10A400005DE30F941EBE181614F01123F1F00E94A4
:10A410003F4080E090E0A0E8BFE389839A83AB836C
:10A42000BC831D821E821F82188619861A861B868F
:10A430001C868D879E87AF87B88B198A1A8A1B8ADC
:10A440001C8A1D8A1E8A1F8A188EAE014F5E5F4FBE
:10A45000BE01675F7F4FCE0101960E94D04FA89644
:10A460000FB6F894DEBF0FBECDBFDF91CF911F9125
:10A47000FF90EF90DF90CF90BF90AF909F908F9024
:10A480007F906F905F904F90089511E08ACFCF93A7
:10A49000DF93CDB7DEB768970FB6F894DEBF0FBE77
:10A4A000CDBF80E090E0A0E8BFE389839A83AB83CF
:10A4B000BC831D821E821F82188619861A861B86FF
:10A4C0001C868D879E87AF87B88B198A1A8A1B8A4C
:10A4D0001C8A1D8A1E8A1F8A188EAE014F5E5F4F2E
:10A4E000BE01675F7F4FCE0101960E94D04F6896F4
:10A4F0000FB6F894DEBF0FBECDBFDF91CF910895A8
:10A500008091E3038823D1F00E9447520F94815138
:10A5100080E00F9416306093EA067093EB06809308
:10A52000EC069093ED0681E00F9416306093EE06F2
:10A530007093EF068093F0069093F1060895809152
:10A5400072059091710589130BC090917005992344
:10A5500039F02091E4063091E5068217130639F0B0
:10A5600081E090913304911103C080E0089581E06F
:10A5700008950F931F93CF93DF938C01EB018CEF22
:10A5800092E49F938F938FE399E29F938F93DF934E
:10A590006F930F9484B9C80FD11D47E050E0B80104
:10A5A000CE010F945DBA1F820F900F900F900F9005
:10A5B0000F900F90DF91CF911F910F9108952091EF
:10A5C00072058091E4069091E5062817190611F0AE
:10A5D00080E208958EE3089582E08093B70280912F
:10A5E00072058F5F8093720584E080936F051092EF
:10A5F000710510927005089580916F05843038F5CB
:10A600008091720590E02091E4063091E5062817CC
:10A61000390744F001979093E5068093E40687E0BC
:10A620000F94EF3A8091E4062091FE0330E02D5F15
:10A630003F4F8217130659F054F09DEF980F9093F7
:10A64000FE038450809371058FEF80936F0508950A
:10A65000E2E0F4E080E2DF011D928A95E9F70895D7
:10A66000CF933FB7F894E0917504F0917604E81722
:10A67000F907C9F0C42F9093760480937504709302
:10A68000E5066093E4061092FE0382E08093B70231
:10A690003FBF222319F080E00F94EF3ACC2321F042
:10A6A000CF910C9428533FBFCF910895DC01262F02
:10A6B000909154049730D8F4492F50E0FA01EE0FEE
:10A6C000FF1FE40FF51FE856FC4F409175045091B1
:10A6D0007604518340838091E4069F5F90935404F5
:10A6E000828341E070E060E0CD010C943053089526
:10A6F000982F809154049817A8F4891B80935404D0
:10A7000090E0FC01EE0FFF1FE80FF91FE856FC4F29
:10A710006281062E000C770B20E041E08081918160
:10A720000C94305380E0EACF81E00C947853209170
:10A73000FE043091FF048091FC049091FD04821787
:10A74000930771F0F901E458FB4F80812F5F3F4F71
:10A750002F7733273093FF042093FE0490E0089571
:10A760008FEF9FEF08951F920F920FB60F92112453
:10A770000BB60F922F933F934F936F937F938F93CB
:10A780009F93EF93FF938091C80084FF12C0809144
:10A79000CE00FF91EF919F918F917F916F914F919B
:10A7A0003F912F910F900BBE0F900FBE0F901F90F7
:10A7B00018954091CE0080919605813051F72091F7
:10A7C000FC043091FD04C90101968F7799276091AF
:10A7D000FE047091FF0486179707D9F224583B4F67
:10A7E000F90140839093FD048093FC04D2CF1F9223
:10A7F0000F920FB60F9211240BB60F922F933F9327
:10A800004F936F937F938F939F93EF93FF938091D9
:10A81000C00084FF12C08091C600FF91EF919F910C
:10A820008F917F916F914F913F912F910F900BBE20
:10A830000F900FBE0F901F9018954091C600809109
:10A8400096058111EACF2091FC043091FD04C901E5
:10A8500001968F7799276091FE047091FF04861707
:10A860009707D9F224583B4FF90140839093FD0498
:10A870008093FC04D2CF80E1EAEEF6E0A1E7B2E0FB
:10A8800001900D928A95E1F78091390290913A02F8
:10A89000909375038093740380910E0E90910F0E28
:10A8A00090931106809310068091C806809312063B
:10A8B0008091410483FB882780F98093C5058091AE
:10A8C000430480930F0681E08093FA060895CF93A6
:10A8D000DF9389E797E10E943E6E87EB95E1892B34
:10A8E00051F0C9E8D6E1A397CE010E943E6E85E102
:10A8F000C73BD807C1F784E995E10E943E6E8FE619
:10A9000095E1DF91CF910C943E6ECF93DF93CAEE29
:10A91000D6E020E030E048EC51E46C857D858E8502
:10A920009F850F9495BB6C877D878E879F8763E398
:10A9300073E383E590E4DF91CF910D94626560E06D
:10A9400085EA9FE00F9491BA60E08FE79CE00F9456
:10A9500091BA80E090E0A0E8BFEB809381029093F1
:10A960008202A0938302B093840282E080936A0201
:10A970001092010E08958091100690911106209179
:10A980000E0E30910F0E2817390771F090930F0EAD
:10A9900080930E0E81E080933F040F94CC1F0F94A0
:10A9A0006C8982E080933F0408958091010E882392
:10A9B00041F08091390290913A029093750380930F
:10A9C000740308958091050690910606009729F179
:10A9D0002091000E211121C02091FF0D21111DC0D9
:10A9E000FC01E85AFF4F20E1A1E8B2E001900D928E
:10A9F0002A95E1F7FC01E659FF4F20813181309320
:10AA0000C0052093BF0588599F4FFC01808191812B
:10AA10009093CB058093CA05089580E090E0A0E86C
:10AA2000BFEB8093810290938202A0938302B09344
:10AA300084026091B9027091BA028091BB02909138
:10AA4000BC020F940DBD7093C0056093BF051092BA
:10AA5000CB051092CA050895CF92DF92EF92FF9234
:10AA60008091E9148823D9F1809185039091860320
:10AA7000A0918703B09188038093C1059093C2058C
:10AA8000A093C305B093C4050F940A52C090C105AA
:10AA9000D090C205E090C305F090C405C81AD90A49
:10AAA000E108F108C092C105D092C205E092C30549
:10AAB000F092C4050E94553FC81AD90AE108F1086E
:10AAC000C092C105D092C205E092C305F092C405C0
:10AAD00010926A02FF90EF90DF90CF9008958091DE
:10AAE0006B058823B1F180917D0390917E03A09145
:10AAF0007F03B09180038093C1059093C205A0931A
:10AB0000C305B093C4050F940A524091C1055091FA
:10AB1000C2056091C3057091C405481B51096109C4
:10AB200071098091FC109091FD10092E000CAA0B68
:10AB3000BB0B481B590B6A0B7B0B4093C105509311
:10AB4000C2056093C3057093C40581E080936A02D7
:10AB5000C1CF82E0FBCFCF92DF92EF92FF92C09005
:10AB6000AF0ED090B00EE090B10EF090B20E80918A
:10AB7000AE0E882309F44EC020E030E0A901C701E1
:10AB8000B6010F941EBE18160CF044C02BED3FE02A
:10AB900049E450E4C701B6010F943AB5A701960104
:10ABA0000F943AB520E030E040E85EE30F943AB508
:10ABB0009B01AC0160E070E080E89FE30F9494BCDF
:10ABC0006B017C016091BD027091BE02643671051B
:10ABD000A1F0072E000C880B990B0F94FBB42AE010
:10ABE00037ED43E25CE30F943AB59B01AC01C7013A
:10ABF000B6010F943AB56B017C01C0929102D092DC
:10AC00009202E0929302F0929402FF90EF90DF9014
:10AC1000CF900895C12CD12C80E8E82E8FE3F82E38
:10AC2000D1CF8F929F92AF92BF92CF92DF92EF924D
:10AC3000FF9281EF9FE00F94BE816B017C018DEE4E
:10AC40009FE00F94BE814B015C010F94F72E2CE323
:10AC500030E040E050E00F94E0BABA01A901480D9D
:10AC6000591D6A1D7B1D8DEE9FE00F94A3BA609164
:10AC7000E6037091E7038091E8039091E90328EEE1
:10AC800033E040E050E00F94E0BABA01A9014C0D66
:10AC90005D1D6E1D7F1D81EF9FE00F94A3BA0F9481
:10ACA000B42F1092E6031092E7031092E80310927B
:10ACB000E90380911314813081F46091171470912D
:10ACC000181490E080E00F94A6811092181410924E
:10ACD000171410921A1410921914FF90EF90DF902D
:10ACE000CF90BF90AF909F908F9008958091430434
:10ACF0001F928F9380916E031F928F93E2E2F4E094
:10AD0000428153812CE3249FC001259F900D112483
:10AD10009F938F9340815181249FC001259F900D67
:10AD200011249F938F938EED93E19F938F930F94B4
:10AD30002FB98DB79EB70A960FB6F8949EBF0FBE77
:10AD40008DBF0895CF93C82F8FEF9FE00F946DBAFA
:10AD5000813021F08091E206813029F481E08C2756
:10AD6000CF910C948B45CF91089589E893E00D9491
:10AD70005D2220E030E040E752E40F9494BC089557
:10AD80001092B6024091690350916A0360916B037F
:10AD900070916C034093B9025093BA026093BB0266
:10ADA0007093BC0290933A028093390289E893E051
:10ADB0000D945D221F93CF93DF93182F8091B902DA
:10ADC0009091BA02A091BB02B091BC02809369033A
:10ADD00090936A03A0936B03B0936C03C091390204
:10ADE000D0913A0284E690E090933A02809339023F
:10ADF00089E893E00F945D221093B602CE01DF91B3
:10AE0000CF911F91089540E050E0BA018DEE9FE090
:10AE10000F94A3BA40E050E0BA0181EF9FE00F9495
:10AE2000A3BA0E946E4170E060E085E09FE00F945D
:10AE3000AFBA70E060E083E09FE00F94AFBA70E0DB
:10AE400060E081E09FE00F94AFBA70E060E08FEFC8
:10AE50009EE00F94AFBA70E060E083ED9EE00F9447
:10AE6000AFBA70E060E080ED9EE00F94AFBA40E0D2
:10AE700050E0BA0188EA9CE00D94A3BAF89488E106
:10AE800098E00FB6F894A895809360000FBE909359
:10AE90006000FFCF0E946A3E803229F081E10E946B
:10AEA000633E0E943E5784E10C94633ECF93C82FCB
:10AEB0000E946A3EC150E1F7CF910C944A57C82FC7
:10AEC0009FB7F894E2E0F1E08081846080839FBFC7
:10AED0006C2F83E09DE00F9491BA8C2F0E94A8E91B
:10AEE0000E943E571F920F920FB60F92112483E0DB
:10AEF0000E945F571F920F920FB60F92112482E0AB
:10AF00000E945F5785EA9FE00F946DBA91E081112E
:10AF100001C090E0892F089580914004811106C0FE
:10AF200081E09091F603923009F080E008958091DD
:10AF3000E91481110AC080916B05811106C081E07E
:10AF40009091F603913009F080E00895CF93DF935C
:10AF5000C091FF0DC1111FC08091000E81111CC056
:10AF60000E948C57811118C0D0910C0ED43061F41E
:10AF700080910E0E90910F0E892B91F48091C8064E
:10AF80009091C906892B61F40E949757C82F8111AF
:10AF900003C0C1E0D111C0E08C2FDF91CF910895A3
:10AFA000C1E0FACF0E94A657882389F020E030E064
:10AFB00040E050E46091F2067091F3068091F4064F
:10AFC0009091F5060F948ABC881F8827881F0895E2
:10AFD0000E949757811118C00E948C57811114C08C
:10AFE0008091010E811110C080910C0E81110BC057
:10AFF00080911414811107C08091FF0D811104C04C
:10B000008091000E089581E00895FC0120812111B6
:10B0100001C06695FC0162830895FC01618321E013
:10B02000603208F020E09081291781F08281992315
:10B0300051F090E095958795828370E075956795BE
:10B04000618320830895880F8283FBCF211104C080
:10B0500070E0759567956183089580E1EAEEF6E00A
:10B06000AAECB6E001900D928A95E1F708954F920F
:10B070005F926F927F928F929F92AF92BF92CF9288
:10B08000DF92EF92FF92CF9380E00F9408306093AD
:10B09000FB067093FC068093FD069093FE0681E00C
:10B0A0000F9408306093FF067093000780930107A8
:10B0B0009093020782E00F94083060930307709327
:10B0C0000407809305079093060783E00F940830E8
:10B0D00060930707709308078093090790930A0706
:10B0E00080E00F9416306093EA067093EB0680932D
:10B0F000EC069093ED0681E00F9416306093EE0617
:10B100007093EF068093F0069093F10682E00F941F
:10B1100016306093F2067093F3068093F4069093D2
:10B12000F50683E00F9416306093F6067093F706E9
:10B130008093F8069093F90680911B14882331F1CF
:10B140002091EE063091EF064091F0065091F10605
:10B150006091EA067091EB068091EC069091ED0605
:10B160000F94FF7A9B01AC016091F2067091F30697
:10B170008091F4069091F5060F9494BB6093F206CB
:10B180007093F3068093F4069093F506C091E30361
:10B19000CC2309F49AC0C0FF34C02091DB03309166
:10B1A000DC034091DD035091DE036091EA0670916B
:10B1B000EB068091EC069091ED060F9494BB6093A2
:10B1C000EA067093EB068093EC069093ED062091CF
:10B1D000DF033091E0034091E1035091E20360917D
:10B1E000EE067091EF068091F0069091F1060F94B3
:10B1F00094BB6093EE067093EF068093F0069093F5
:10B20000F106C1FF62C08090EA069090EB06A09024
:10B21000EC06B090ED06C090EE06D090EF06E09000
:10B22000F006F090F1062091D3033091D4034091C1
:10B23000D5035091D603C501B4010F943AB52B0143
:10B240003C012091D7033091D8034091D90350910C
:10B25000DA03C701B6010F943AB59B01AC01C301F3
:10B26000B2010F9495BB2B013C012091CB0330918F
:10B27000CC034091CD035091CE03C501B4010F948E
:10B280003AB54B015C012091CF033091D00340913E
:10B29000D1035091D203C701B6010F943AB59B0177
:10B2A000AC01C501B4010F9495BB6093EA0670939D
:10B2B000EB068093EC069093ED064092EE065092DA
:10B2C000EF066092F0067092F1060E942D5880E120
:10B2D000EAEEF6E0A0E3B5E001900D928A95E1F781
:10B2E000CF91FF90EF90DF90CF90BF90AF909F9065
:10B2F0008F907F906F905F904F9008954F925F92E4
:10B300006F927F928F929F92AF92BF92CF92DF9275
:10B31000EF92FF920F931F93CF93DF9300D000D053
:10B320001F921F92CDB7DEB72091010E222309F4A0
:10B3300073C120914204223009F46EC1209142046D
:10B34000213011F4109242042B013C01109243046D
:10B350001091120660914B0570914C0580914D053E
:10B3600090914E050F940DBD611731F0812F90E043
:10B370009093C9068093C8060E94BB5480910F0623
:10B3800080934304909141048091C505819589275C
:10B390008870892780934104A301920160917D0206
:10B3A00070917E0280917F02909180020F9494BBF5
:10B3B0006D837E838F839887CE0105960F94995273
:10B3C0001092380220E030E040E85FEB60917102BB
:10B3D0007091720280917302909174020F948ABCF2
:10B3E000811120C08091EA069091EB06A091EC06B5
:10B3F000B091ED068093710290937202A093730254
:10B40000B09374028091EE069091EF06A091F00641
:10B41000B091F1068093750290937602A093770223
:10B42000B0937802A301920160917D0270917E0237
:10B4300080917F02909180020F9494BB69837A83FC
:10B440008B839C83E090F206F090F3060091F40663
:10B450001091F506209175023091760240917702A5
:10B460005091780260917102709172028091730222
:10B47000909174021F921F921F921F92E2E68E2EED
:10B48000E7E29E2EE6E7AE2EE2E4BE2EFE01319606
:10B490006F010F94F352A301920160917D027091AC
:10B4A0007E0280917F02909180020F9494BB698309
:10B4B0007A838B839C83E0907902F0907A020091EA
:10B4C0007B0210917C0220917502309176024091AE
:10B4D00077025091780260917102709172028091AE
:10B4E0007302909174021F921F921F921F920F94E9
:10B4F000F352E0907902F0907A0200917B02109171
:10B500007C02209175023091760240917702509131
:10B510007802609171027091720280917302909131
:10B5200074021F921F921F921F92812C912CF8EE91
:10B53000AF2EF2E4BF2EADE7CA2EA2E0DA2E0F94B2
:10B54000F3520F94815111E0109338026091BF05BE
:10B550007091C00590E080E00F94F9B46093B90257
:10B560007093BA028093BB029093BC0280917403E3
:10B570009091750390933A028093390280E1E1E75C
:10B58000F2E0AAEEB6E001900D928A95E1F70E94F2
:10B590002D5880916A020FB6F894DEBF0FBECDBF62
:10B5A000811151C06091C1057091C2058091C305A0
:10B5B0009091C4056093FD177093FE178093FF1759
:10B5C000909300180F94FD7C8091C1059091C20565
:10B5D000A091C305B091C405809385039093860321
:10B5E000A0938703B09388031093E91460E085EA81
:10B5F0009FE00F9491BA60E08FE79CE00F9491BABE
:10B6000085E39DE60E9403EE82E080936A02109239
:10B61000010E81E08093040E28960FB6F894DEBFE9
:10B620000FBECDBFDF91CF911F910F91FF90EF9093
:10B63000DF90CF90BF90AF909F908F907F906F9052
:10B640005F904F900895813089F68091C105909167
:10B65000C205A091C305B091C40580937D0390936A
:10B660007E03A0937F03B09380031092F810109292
:10B67000F7100E94F240BACF3F924F925F926F92C2
:10B680007F928F929F92AF92BF92CF92DF92EF9272
:10B69000FF920F931F93CF93DF933090E3033320F8
:10B6A00009F480C08B01EC0131FE54C08880998080
:10B6B000AA80BB80FB01C080D180E280F380209112
:10B6C000B8033091B9034091BA035091BB03C5014F
:10B6D000B4010F943AB52B013C012091BC03309189
:10B6E000BD034091BE035091BF03C701B6010F9443
:10B6F0003AB59B01AC01C301B2010F9495BB2B017C
:10B700003C012091B0033091B1034091B2035091BC
:10B71000B303C501B4010F943AB54B015C0120910C
:10B72000B4033091B5034091B6035091B703C701FC
:10B73000B6010F943AB59B01AC01C501B4010F9459
:10B7400095BB688379838A839B83F8014082518209
:10B750006282738230FE26C02091DB033091DC03CD
:10B760004091DD035091DE03688179818A819B815C
:10B770000F9495BB688379838A839B832091DF0331
:10B780003091E0034091E1035091E203F8016081C0
:10B790007181828193810F9495BBF80160837183DD
:10B7A00082839383DF91CF911F910F91FF90EF9050
:10B7B000DF90CF90BF90AF909F908F907F906F90D1
:10B7C0005F904F903F9008952F923F924F925F92DB
:10B7D0006F927F928F929F92AF92BF92CF92DF92A1
:10B7E000EF92FF920F931F93CF93DF9300D000D07F
:10B7F0001F921F92CDB7DEB78C011B01FC01808127
:10B800009181A281B38189839A83AB83BC83FB013D
:10B8100080819181A281B3818D839E83AF83B8871C
:10B82000BE016B5F7F4FCE0101960E943C5BC980D9
:10B83000DA80EB80FC8020E030E0A901C701B6018E
:10B840000F948ABC87FF35C019821A821B821C8222
:10B85000FF24F3948D809E80AF80B88420E030E098
:10B8600040E850ECC501B4010F948ABC87FF35C095
:10B8700080E090E0A0E8B0EC8D839E83AF83B88732
:10B88000CD80DE80EF80F88489809A80AB80BC8098
:10B890007090E30371104CC0F80180829182A28203
:10B8A000B382F101C082D182E282F382FF24F39459
:10B8B00025C020E030E04FE753E4C701B6010F9404
:10B8C0001EBEF12C181634F680E090E0AFE7B3E42A
:10B8D00089839A83AB83BC83BBCF20E030E844E507
:10B8E00053E4C501B4010F941EBE18162CF480E079
:10B8F00090E8A4E5B3E4C0CFF110C2CF8F2D289615
:10B900000FB6F894DEBF0FBECDBFDF91CF911F9170
:10B910000F91FF90EF90DF90CF90BF90AF909F90EE
:10B920008F907F906F905F904F903F902F900895F1
:10B9300070FE1CC02091DB033091DC034091DD03DD
:10B940005091DE03C501B4010F9494BB4B015C011F
:10B950002091DF033091E0034091E1035091E20335
:10B96000C701B6010F9494BB6B017C0171FE9ECFA1
:10B970002091CB033091CC034091CD035091CE0365
:10B98000C501B4010F943AB52B013C012091CF03BE
:10B990003091D0034091D1035091D203C701B60139
:10B9A0000F943AB59B01AC01C301B2010F9495BB52
:10B9B000F80160837183828393832091D303309154
:10B9C000D4034091D5035091D603C501B4010F941F
:10B9D0003AB54B015C012091D7033091D8034091D7
:10B9E000D9035091DA03C701B6010F943AB59B0110
:10B9F000AC01C501B4010F9495BBF1016083718363
:10BA00008283938353CFCF93DF930E94B556CAEEC0
:10BA1000D6E080E090E0A0EAB0E488879987AA8722
:10BA2000BB8765E575E585E591E40E94084D8DECE1
:10BA30009CECACE4BEE388839983AA83BB8383E355
:10BA400093E3A3E7B0EC8C839D83AE83BF836EEE5C
:10BA500076E0CE010E94E45B60E070E086E193E472
:10BA60000E94084D8AE999E9A9E1BEE38887998790
:10BA7000AA87BB8765E575E585E591E4DF91CF9100
:10BA80000C94084DCF92DF92EF92FF92CF93DF9309
:10BA9000EC01BC016C5F7F4F0E94E45BC090290207
:10BAA000D0902A02E0902B02F0902C02A701960180
:10BAB000688579858A859B850F948ABC87FF04C039
:10BAC000C886D986EA86FB86C0901D02D0901E02E9
:10BAD000E0901F02F0902002A70196016885798509
:10BAE0008A859B850F941EBE181624F4C886D986B5
:10BAF000EA86FB86DF91CF91FF90EF90DF90CF90A9
:10BB000008952F923F924F925F926F927F928F9201
:10BB10009F92AF92BF92CF92DF92EF92FF920F93DC
:10BB20001F93CF93DF93CDB7DEB7A2970FB6F894EC
:10BB3000DEBF0FBECDBF1C018AEC96E00E94425DC5
:10BB400089E893E00F945D224090EA065090EB065E
:10BB50006090EC067090ED06C090CA06D090CB06BF
:10BB6000E090CC06F090CD06A7019601C301B2018A
:10BB70000F948ABC81113FC02091CE063091CF0630
:10BB80004091D0065091D1066091EE067091EF067B
:10BB90008091F0069091F1060F948ABC81112BC020
:10BBA00020E030E040E752E46091B9027091BA02BF
:10BBB0008091BB029091BC020F9494BC0F942F65AE
:10BBC0000E94413FA2960FB6F894DEBF0FBECDBFD4
:10BBD000DF91CF911F910F91FF90EF90DF90CF9069
:10BBE000BF90AF909F908F907F906F905F904F909D
:10BBF0003F902F9008956091390270913A02072E7C
:10BC0000000C880B990B0F94FBB42091B902309172
:10BC1000BA024091BB025091BC020F943AB52EE398
:10BC200033EC4EE259E30F943AB56F8378878987F6
:10BC30009A8780911B14882309F40FC1A3019201F4
:10BC4000C701B6010F9494BB2B013C012091EE0675
:10BC50003091EF064091F0065091F1066091CE06CA
:10BC60007091CF068091D0069091D1060F9494BB2D
:10BC70006B877C878D879E87C301B2019F772B8559
:10BC80003C854D855E855F770F9495BB6B017C018C
:10BC900020E030E0A9010F941EBE18160CF0DDC0A4
:10BCA00020E030E040EF51E4C701B6010F9494BCAE
:10BCB0000F9473BC0F940DBD7E836D83623071054C
:10BCC00008F4CBC02114310409F4C7C02091F20656
:10BCD0003091F3064091F4065091F5066091D2063A
:10BCE0007091D3068091D4069091D5060F9494BBA1
:10BCF0006F87788B898B9A8B2091F6063091F706A7
:10BD00004091F8065091F9066091D6067091D706D9
:10BD10008091D8069091D9060F9494BB6B8B7C8B45
:10BD20008D8B9E8BAD81BE81CD01B0E0A0E08F8F69
:10BD300098A3A9A3BAA32D813E812216330608F049
:10BD40008CC0B10190E080E00F94F9B46B017C01EC
:10BD50006F8D78A189A19AA10F94F9B49B01AC01D0
:10BD6000C701B6010F9494BC6B017C01AC019B012F
:10BD70006B897C898D899E890F943AB59B01AC01B2
:10BD80006091F6067091F7068091F8069091F90699
:10BD90000F9495BB69837A838B839C83A70196015B
:10BDA0006F85788989899A890F943AB52091F2062E
:10BDB0003091F3064091F4065091F5060F9495BB2F
:10BDC0006F8B788F898F9A8FA70196016B857C8501
:10BDD0008D859E850F943AB52091EE063091EF0641
:10BDE0004091F0065091F1060F9495BB6B8F7C8FBC
:10BDF0008D8F9E8FA7019601C301B2010F943AB5B2
:10BE00002091EA063091EB064091EC065091ED0648
:10BE10000F9495BB3F922F92AAEEB6E0BF93AF93DB
:10BE20008F809884A984BA84DE0111966D01EF8811
:10BE3000F88C098D1A8D2B8D3C8D4D8D5E8D0F9458
:10BE4000F3520F900F900F900F908091040E81117C
:10BE5000B7CEBFEF2B1A3B0A6ECFE090D206F09020
:10BE6000D3060091D4061091D5062091CE063091CC
:10BE7000CF064091D0065091D1066091CA067091CC
:10BE8000CB068091CC069091CD061F921F92EAEED0
:10BE9000F6E0FF93EF938F809884A984BA84E6ED4F
:10BEA000CE2EE6E0DE2E0F94F3520F900F900F90FF
:10BEB0000F9086CECF92DF92EF92FF92CF939B01AD
:10BEC000AC01C090F206D090F306E090F406F0903A
:10BED000F506C701B6010F9495BB6093F206709307
:10BEE000F3068093F4069093F50683B19091E906EA
:10BEF000911102C084FF26C08AEE96E00E94425D46
:10BF0000E0916F02F0917002608571858285938562
:10BF10000F9462650F948151A70196016091F2061A
:10BF20007091F3068091F4069091F5060F9494BBFE
:10BF30006B017C01C701B601CF91FF90EF90DF90BC
:10BF4000CF90089515980F94815181E00F94CA3ACB
:10BF5000C82F84E00F941E1E65E575E585E591E424
:10BF60000F9462650F94815182E00F941630A701FF
:10BF700096010F9494BB6B017C010F94D83A8823EF
:10BF800091F080911D0290911E02A0911F02B0912C
:10BF900020028093F2069093F306A093F406B093E8
:10BFA000F5060F9408610F94EF1D8C2F0F94CA3A79
:10BFB000C1CF8F929F92AF92BF92CF92DF92EF92BA
:10BFC000FF924B015C01C090F206D090F306E09026
:10BFD000F406F090F506AC019B01C701B6010F9481
:10BFE0001EBE87FF11C0A5019401C701B6010F94C1
:10BFF00094BB9F77FF90EF90DF90CF90BF90AF9072
:10C000009F908F900C945A5FFF90EF90DF90CF90AD
:10C01000BF90AF909F908F900895E1E6F3E09FE787
:10C0200080818F3721F087FF08C08F77808331961A
:10C0300083E0E936F807A1F708959083F8CF90914F
:10C04000B702981710F48093B7028091B802882342
:10C0500039F0E0917704F0917804309709F0199461
:10C060000895CF93DF93CDB7DEB7AE014A5F5F4F40
:10C07000FA0161917191AF0185E694E00F94B4B932
:10C08000DF91CF91089565E674E00D9405B965E6FA
:10C0900074E0082E000C990B0D94D5B8CF93C82FDF
:10C0A000C15020F080E20E944760FACFCF910895FE
:10C0B0000F931F93CF93DF93EB01142F052F0E9453
:10C0C0004760CE010E9443608AE30E944760CE0130
:10C0D0000F942BB89EE0981B892F0E944E600F93FF
:10C0E0001F9386E499E29F938F930E9431600F9093
:10C0F0000F900F900F90DF91CF911F910F910895A6
:10C10000CF93C82F862F643008F083E080936003BC
:10C110000E944B3F8C0F80935F0344E650E060E049
:10C120008068CF910C94F8487F928F929F92AF9243
:10C13000BF92CF92DF92EF92FF920F931F93CF9314
:10C14000DF93E091720550917105E51373C0FB0117
:10C15000483009F06CC0C081D0E04901742E6B01F9
:10C160005C018091B702882359F060916F0580E0EF
:10C170000E9480600E94DF52AE01B5010E945860AB
:10C1800080917005882309F455C090917205209123
:10C19000E4063091E5069217130609F04BC0809132
:10C1A00054048730D8F4282F30E0F901EE0FFF1F38
:10C1B000E20FF31FE856FC4F20917504309176048E
:10C1C000318320838F5F80935404928320E040E08A
:10C1D00070E060E08CE09AE60E943053B092030475
:10C1E000A0920204D0920604C09205047092040446
:10C1F000D0930804C093070490920A048092090423
:10C2000010930C0400930B04F0920E04E0920D04C2
:10C21000DF91CF911F910F91FF90EF90DF90CF9022
:10C22000BF90AF909F908F907F900C94EC52C08104
:10C23000D18193CF809172058F5F80937205DF91DA
:10C24000CF911F910F91FF90EF90DF90CF90BF9013
:10C25000AF909F908F907F900895CF93DF93EA01E6
:10C260000E94806065E674E0CE01DF91CF910D946D
:10C2700005B9CF93C42F0E94806065E674E08C2FCF
:10C28000CC0F990BCF910D94D5B841E08091E91373
:10C29000811101C040E0405D62E083E00E943961AD
:10C2A00041E080911018811101C040E0405D62E0E2
:10C2B00088E00E94396162E08AE00E9480600F9409
:10C2C000931962E080E10E94806020E030E040E06D
:10C2D0005FE36091080E7091090E80910A0E9091B3
:10C2E0000B0E0F9495BB0F9406BD7F936F9382E75F
:10C2F00099E29F938F930E9431600F900F900F905F
:10C300000F90089560E080E00E94806010925F03CB
:10C31000089540E456E060E081E00E94F848109201
:10C32000600310925F0348E050E06FE770E081E641
:10C3300093E00D949FC02F923F924F925F926F9225
:10C340007F928F929F92AF92BF92CF92DF92EF92A5
:10C35000FF920F931F93CF93DF93CDB7DEB7C650F5
:10C36000D1400FB6F894DEBF0FBECDBF8091FC1F49
:10C370009091FD1FA091FE1FB091FF1F8A3A954535
:10C38000AA4AB54521F48091FB1F87FDC2C1A8953B
:10C39000D09096058091C00087FF04C0A895809139
:10C3A000C600F8CF109296050091FE041091FF048C
:10C3B0001093FD040093FC0458ECE52E5AE2F52E90
:10C3C0006EECA62E6AE2B62EF70184910E94633EBF
:10C3D000FFEFEF1AFF0AAE14BF04B1F7A8958FE084
:10C3E00090E027EC3AE240E854E86EE170E0E0913A
:10C3F000FC04F091FD04E017F10719F5A8954150F0
:10C4000051096109710999F7D092960580E0CA5FD8
:10C41000DE4F0FB6F894DEBF0FBECDBFDF91CF91D8
:10C420001F910F91FF90EF90DF90CF90BF90AF9052
:10C430009F908F907F906F905F904F903F902F9044
:10C440000895F801E458FB4F40810F5F1F4F0F77AD
:10C450001127F901E81BF90BE4914E13D5CFA895EC
:10C46000019709F0C0CF8091C1008F778093C10000
:10C470000AEA1AE2F80184910E94633E0F5F1F4F9F
:10C48000FAE2073B1F07B1F70E945C4C0E9403EAE7
:10C490000FB6F894A8958091600088618093600041
:10C4A000109260000FBE0E94896144E85AE261E088
:10C4B00080E00E942D611092FC1F1092FD1F1092CF
:10C4C000FE1F1092FF1FCB5FDE4F1882C550D14078
:10C4D00010E000E0F12CAE014F5F5F4F3A010E9487
:10C4E0006A3E8134A9F40E946A3EE82E0E944A57AF
:10C4F00052E882E0E51621F081E8E81207C086E004
:10C500000E94633E80E10E94633EE9CF83E0F8CF62
:10C51000823421F484E10E945657F4CF853411F41B
:10C5200085E0F9CF8535C9F40E946A3E082F0E9444
:10C530006A3E082B10E00E946A3E182B0E946A3E59
:10C54000182B17FF07C06894F0F8000F111F0E9406
:10C550004A57D8CFE894F0F8F8CF8635A1F40E9476
:10C560006A3E8D3471F40E946A3E0E946A3E9F2D9D
:10C570009170F92E880FF82A81E00E94565780E0CA
:10C58000BFCF83E0FACF843609F077C00E946A3EBD
:10C59000B82E0E946A3EC82E0E946A3EE82E0E9473
:10C5A0006A3ED12CDC2CCC24DB288E29C82A0E94A0
:10C5B0006A3E582EFE0131965F0146018E0E9F1E87
:10C5C000EE2ECA5FDE4FB882C650D1400E946A3E4E
:10C5D000F50181935F018E169F06C1F70E944A57AD
:10C5E000F5E45F1201C0FFCF1801512C4F2C01154B
:10C5F000110561F54201AA24BB24CB5FDE4F2881DF
:10C60000C550D140822F90E0082C02C095958795A7
:10C610000A94E2F780FD1AC00E9490E80E942CE97B
:10C62000B201A80188ED0E94AEE881E090E001C06F
:10C63000880F8A94EAF7CB5FDE4F4881C550D1401E
:10C64000482BCB5FDE4F4883C550D1400E9490E815
:10C650000E942CE996014E2DCA5FDE4F5881C650CC
:10C66000D140C201B1010E94B3E80E9490E8459810
:10C6700084E00E948AE8459A45CF843781F5B12C41
:10C68000AF2C0E946A3ED82E0E946A3EC82E0E949D
:10C690006A3EE82E0E946A3E2C2D30E0322F22277F
:10C6A000F901FD296F018E29C82A0E946A3E0E9465
:10C6B0004A570E9490E89601A301C501B8010E9463
:10C6C000D3E85301C501861997098C159D0508F01B
:10C6D00019CFF50181915F010E94633EF3CF853749
:10C6E00051F40E944A578EE10E94633E88E90E94FD
:10C6F000633E81E005CF813509F029CFF8E128E0DC
:10C700000FB6F894A895F09360000FBE20936000D8
:10C710001ECF81E07CCE4F925F926F927F928F927C
:10C720009F92AF92BF92EF92FF920F931F93CF937E
:10C73000DF930E94896144EA5CE461E080E00E944A
:10C740002D61D091B60281E08093B602E6EDFCE166
:10C75000C49184E00F941E1E8AEEE82E86E0F82E27
:10C76000F70110861186128613860F9408610E94C5
:10C770002D58E0EDFCE185909590A590B4900AECE1
:10C7800016E08C2F992781950CF49095BC01072E0B
:10C79000000C880B990B0F94FBB42B013C012DEC82
:10C7A0003CEC4CE85FE3C501B4010F943AB59B0142
:10C7B000AC01C301B2010F943AB5F801208531856F
:10C7C000428553850F9495BBF801608771878287F6
:10C7D000938780E090E0A8E4B4E48093B90290935A
:10C7E000BA02A093BB02B093BC0265E575E585E58E
:10C7F00091E40F942F650F9481510F94EF1D1092C7
:10C80000B602F70110861186128613860F9408610E
:10C810000E942D58F6EFCF02B0011124072E000C14
:10C82000880B990B0F94FBB49B01AC01F801608558
:10C830007185828593850F9495BBF8016087718718
:10C840008287938780E090E0A8ECB3E48093B902FC
:10C850009093BA02A093BB02B093BC0265E575E564
:10C8600085ED90E40F942F650F948151D093B6021B
:10C8700080E090E0A4E5B3E4F70180879187A28788
:10C88000B3870F94086181E0DF91CF911F910F91E1
:10C89000FF90EF90BF90AF909F908F907F906F90A0
:10C8A0005F904F9008959091B802981709F1809386
:10C8B000B8028823E9F01092E5061092E40610927F
:10C8C000350688E394E00F945D220F94CC1F6150ED
:10C8D0007109810991096093340470933504809340
:10C8E0003604909337040E94896182E00C941F60A3
:10C8F000089581E00C945364CF93C82F1092600385
:10C9000010925F0348E050E06FE770E081E693E04B
:10C910000F949FC044E951E162E080E30E94F8482F
:10C9200046E950E062E080E30E94F84846E950E0C2
:10C9300062E080E30E94F84846E950E062E080E26D
:10C940000E94F8488091730444E650E060E0806201
:10C950000E94F84884E080935E0344E650E060E083
:10C960008CE00E94F848C1110E94896144E650E0C1
:10C9700060E086E0CF910C94F84881E00C947C64F0
:10C98000CF92DF92FF920F931F93CF93DF9300D04C
:10C9900000D01F921F92CDB7DEB78A30D9F48091B4
:10C9A0006003843018F08FEF809360036091600320
:10C9B0006F5F80E00E94806028960FB6F894DEBF1B
:10C9C0000FBECDBFDF91CF911F910F91FF90DF90F0
:10C9D000CF90089590E8980F44E650E061E09A34D3
:10C9E00008F5482F4058550B9A0196E0929FA001F8
:10C9F000939F500D1124FA01EF5AF54EF490E1E6A1
:10CA0000F3E030E020E09FEF6191782F76277F7789
:10CA100089F4F901EF59FC4F8083F22E44E650E08F
:10CA200061E08F2D0E94F84880915F038F5F8093B3
:10CA30005F03C2CF6F3709F03CC0F901EF59FC4FDB
:10CA40008083922FF92EFA01E45BF54E8E010F5F81
:10CA50001F4FD801959188E0182E10FE0590029482
:10CA6000802D9795881F8D931A94B9F7BF2DE8E014
:10CA7000BE02C001112444E650E060E080640E94E0
:10CA8000F8486E01F9E0CF0ED11C44E650E061E0B9
:10CA9000D8018D918D010E94F848C016D106A9F7E2
:10CAA00080915F0344E650E060E080680E94F848AF
:10CAB000B5CF67FF922F2F5F3F4F2830310509F028
:10CAC000A3CF9F3F09F0BECFA9CFCF9324E1AC0104
:10CAD000249FC001259F900D11246091AE03709199
:10CAE000AF030F9436BBC62F653108F0C4E18091C7
:10CAF000AD038C1748F48FEF0E94C0648091AD03A2
:10CB00008F5F8093AD03F3CFCF91089581E090E0E4
:10CB10009093AF038093AE030E9465656CE271E071
:10CB200080E090E00D94991F8F929F92AF92BF92F8
:10CB3000EF92FF920F931F93CF93DF93CDB7DEB7A2
:10CB4000A0970FB6F894DEBF0FBECDBF611571057B
:10CB50008105910599F480E3A0960FB6F894DEBFA5
:10CB60000FBECDBFDF91CF911F910F91FF90EF903E
:10CB7000BF90AF909F908F900C94C06400E0842E83
:10CB8000912CB12CA12C9E012F5F3F4F7901A50163
:10CB900094010F94E0BAF701E00FF11D6083B90131
:10CBA000CA010F5F611571058105910581F70E0DB1
:10CBB0001F2D111DE016F10659F0F80182918F0129
:10CBC0008A3020F4805D0E94C064F4CF895CFBCF82
:10CBD000A0960FB6F894DEBF0FBECDBFDF91CF9108
:10CBE0001F910F91FF90EF90BF90AF909F908F900B
:10CBF0000895CF92DF92EF92FF926B017C01F7FED6
:10CC00000BC08DE20E94C064F094E094D094C09474
:10CC1000C11CD11CE11CF11C4AE0C701B601FF9008
:10CC2000EF90DF90CF900C9494650F931F93CF9368
:10CC30008C01C62F80E00E9453640E948961A80184
:10CC400061E080E00E942D6180E20E94C0646C2F50
:10CC500070E06F5F7F4F072E000C880B990BCF9110
:10CC60001F910F910C94F9650F94C87A8F3FF9F0DA
:10CC700080E00E9453640E94896147E054E661E0CD
:10CC800080E00E942D6180E20E94C0640F94C87A07
:10CC9000682F70E06F5F7F4F072E000C880B990B99
:10CCA0000E94F9650F9404B481E00C9453640895D4
:10CCB0000F931F93CF938C01C62FCC2359F0F8010B
:10CCC0002491222339F00F5F1F4F84910E94C0648A
:10CCD000C150F3CF8C2F0E944E608C2FCF911F91AB
:10CCE0000F9108950F931F93CF93DF938C01EB0166
:10CCF0000E9489611092AD031093AF030093AE03BD
:10CD000061E080E00E94806064E1CE010E9458668C
:10CD100062E080E0DF91CF911F910F910C948060D1
:10CD2000EF92FF920F931F93CF93DF937091720551
:10CD30003091710573133FC0122FEA01062F7C0159
:10CD40008091B7028823D1F00E94DF52482F609172
:10CD50006F0580E00E94396161E1C7010E94586659
:10CD6000402F60916F0593E1981B892F0E943961D4
:10CD700040E260916F0583E10E9439618091700506
:10CD80008823C9F0209172058091E4069091E50610
:10CD90002817190681F41092B802812FFE01199507
:10CDA00081E08093B802DF91CF911F910F91FF90A6
:10CDB000EF900C94EC52809172058F5F8093720516
:10CDC000DF91CF911F910F91FF90EF9008950F93F6
:10CDD0001F93CF93C82F8B010E94DF52482F609181
:10CDE0006F0580E00E94396162E1C8010E945866C7
:10CDF0008C2FCF911F910F910C944760CF93DF93AD
:10CE00003091720520917105321321C0EB01BC01F4
:10CE10008091B702882319F080E20E94E766809132
:10CE200070058823A1F0209172058091E40690910D
:10CE3000E5062817190659F41092B802FE01199553
:10CE400081E08093B802DF91CF910C94EC528091F5
:10CE500072058F5F80937205DF91CF9108953091B5
:10CE6000720520917105321319C0BC018091B7027F
:10CE7000882319F083E80E94E76680917005882373
:10CE800069F0209172058091E4069091E5062817DB
:10CE9000190621F40E9494530C94EC52809172056F
:10CEA0008F5F809372050895CF93DF933091720561
:10CEB0002091710532131EC0EB01BC018091B702B5
:10CEC000882319F08EE70E94E76680917005882319
:10CED00089F0209172058091E4069091E50628176B
:10CEE000190641F460E0CE010E945653DF91CF91C4
:10CEF0000C94EC52809172058F5F80937205DF91E4
:10CF0000CF9108950F931F93CF938C01C62FCC23FD
:10CF100049F0F80181918F01882321F00E94C064BB
:10CF2000C150F5CF8C2F0E944E608C2FCF911F9156
:10CF30000F9108950F931F93CF93DF93CDB7DEB773
:10CF400063970FB6F894DEBF0FBECDBF3091720568
:10CF500020917105321338C08B012091B702222332
:10CF6000A9F0BE016F5F7F4F0E94B9520E94DF524D
:10CF7000482F60916F0580E00E94396162E1CE0127
:10CF800001960E9482678EE70E944760809170053B
:10CF90008823D1F0209172058091E4069091E506F6
:10CFA0002817190689F460E0C8010E9456530E94B0
:10CFB000EC5263960FB6F894DEBF0FBECDBFDF9183
:10CFC000CF911F910F910895809172058F5F80938B
:10CFD0007205EFCFCF93DF93EC018991882319F08D
:10CFE0000E94C064FACFDF91CF9108958F929F92F3
:10CFF000AF92BF92CF92DF92EF92FF920F931F9367
:10D00000CF93DF93E091720530917105E31376C001
:10D01000C22F7A016B015C018091B7028823B9F1BC
:10D020000E94DF5201E08E3309F000E00C2B802FCC
:10D030008270882EE60190E2992EC114D10421F469
:10D040008EE7982ECFE8DDE3882009F441C0CE01B9
:10D050000F942BB814E0180F4EE300FF40E26091EC
:10D060006F0580E00E94396164E1611BC5010E9487
:10D0700058668BE50E944760CE01882089F10E94A6
:10D0800043608DE50E944760892D0E944760809132
:10D090007005882399F1209172058091E4069091A2
:10D0A000E5062817190651F5CD28E9F460E0C70117
:10D0B0000E945653DF91CF911F910F91FF90EF90F7
:10D0C000DF90CF90BF90AF909F908F900C94EC52D8
:10D0D000FE0101900020E9F7EC1B13E01E0FBCCF0E
:10D0E0000E94EA67CECF1092B802E114F10411F069
:10D0F000F701199581E08093B802DCCF8091720529
:10D100008F5F80937205DF91CF911F910F91FF90F8
:10D11000EF90DF90CF90BF90AF909F908F90089549
:10D12000CF93DF93EC0120E030E04CE852E46091D3
:10D13000F6067091F7068091F8069091F9060F9423
:10D1400095BB6093F6067093F7068093F80690936C
:10D15000F90660E070E080EA91E40F9462650E9455
:10D1600085540E94896149E15CE660E080E00E94AC
:10D170002D618881882339F061E080E00E94806021
:10D18000CE010E94EA674BED51E162E080E00E942F
:10D190002D6183E49BE20F94F00BDF91CF910D940E
:10D1A00081510E94C06490E080E0089510920104D3
:10D1B000109238060895CF9380910104C1E0811147
:10D1C00004C0C0E08C2FCF9108950E94D668FACF9A
:10D1D000FF920F931F93CF93DF932091E41330912D
:10D1E000E5132130310539F420910D14213019F463
:10D1F00022E02093CA030E94134DD82F8091CA03C6
:10D20000813009F457C048F0823009F4E5C0DF915D
:10D21000CF911F910F91FF90089584E08093BF02FA
:10D220000D2F10E0F801EA52F64DC491FC2EF29455
:10D230004FE0F422CF7080E00E9453640E94896125
:10D24000000F111FF801ED5FF54D259134910A553E
:10D250001D48F801859194913F932F939F938F934D
:10D260008FE69AE29F938F930E9431604EE153E7DD
:10D2700062E080E00E942D610F900F900F900F9060
:10D280000F900F90F110BCC010E000E022E14CEED6
:10D2900057E1EC2FF0E0EE0FFF1FE55AF54D6591D9
:10D2A000749181E0F11001C080E00E9406EF81E0FE
:10D2B0008093CA0381E080931B070E9445610F940D
:10D2C0006F3D0D2F10E0F801EA52F64DC491DC2FAE
:10D2D000D295DF708091C203811109C081E0D11124
:10D2E00001C080E08093C10381E08093C2038091FC
:10D2F000C003882341F081E0D11101C080E0809318
:10D30000C1031092C0032091E4063091E506211577
:10D310003105B9F18091C103DD2361F037FF06C00B
:10D32000882369F081508093C10309C0823039F0AD
:10D330008F5FF9CF37FF3FC081111092C1038091F9
:10D34000C1034EE3811140E263E080E00E94396155
:10D350008091C103DD23A1F14EE3813009F040E269
:10D3600063E089E00E9439618091C103823051F508
:10D370004EE363E082E10E9439611092E50610926B
:10D38000E4060E94DB68882309F441CF8091C10341
:10D39000D1111AC0813079F5F801EE0FFF1FE45862
:10D3A000F64D859194910E94FBF781E08093C00334
:10D3B0001092CA032CCF813009F4C1CF81E0B3CFE2
:10D3C0008130B1F240E2D5CF823031F3813099F42F
:10D3D000D093060E8093C00381E00E9453640F94A3
:10D3E000FF171092CF051092D20510921B0782E012
:10D3F0008093BF02DDCFCF70C093060E81E0EACFED
:10D40000EF2DF0E0EE0FFF1FE55AF54D45915491D9
:10D410000CEE17E129E03DCF8091B702882309F493
:10D4200052C020910D0430910E0480910904909116
:10D430000A0421153105D9F04091E4065091E50622
:10D4400041155105A1F07CF040910704509108046A
:10D450004817590741F430930804209307041092A9
:10D46000E5061092E40610920E0410920D0420912D
:10D470000704309108044091E4065091E506240F1A
:10D48000351F1092E5061092E4062817390744F07C
:10D4900080910B0490910C04281739070CF4C901F2
:10D4A000909308048093070461E080E00E9480600C
:10D4B00040910704509108046091020470910304A4
:10D4C00080E20E9458600E94DB68882341F1E0916D
:10D4D0000504F091060480910704909108042091BE
:10D4E000040480832830C9F4809154048823B9F05F
:10D4F00081508093540490E0FC01EE0FFF1FE80F71
:10D50000F91FE856FC4F6281062E000C770B20E0D5
:10D5100040E0808191810C9430539183E5CF089550
:10D520000E94DB6881110C94945308958091E40665
:10D530009091E50697FF07C01092E5061092E40669
:10D5400087E00F94EF3A8091E4069091E5062091F0
:10D55000FE032817190619F014F08093FE0380913A
:10D56000FE03809371050E94DB6880937005089527
:10D57000EF92FF920F931F931092380480910F0443
:10D58000811123C081E080930F0481E090E020911D
:10D59000E4133091E5132730314811F090E080E03A
:10D5A000BC01660F771F680F791F6A58764D43E0FC
:10D5B00050E081E194E00F9407B8809111040F943A
:10D5C000500E80910F14809310040E94966A10925E
:10D5D0006F0580916F058430A8F5109272050E9446
:10D5E0009F52882379F06091100470E080911104BB
:10D5F0000E9430E41092050E1F910F91FF90EF9062
:10D600000D94FF1787EC92E10E942F67009113049D
:10D6100010E02091120430E0F12CE12C48E060E1B0
:10D6200074E08BEB92E10E9494600E94FC52809126
:10D630006F058F5F80936F05809171058F5F809379
:10D640007105C7CF1F910F91FF90EF9008951F9222
:10D650000F920FB60F9211240BB60F922F938F9348
:10D660009F93EF93FF93E0915903E830E8F4F0E0E3
:10D670008827E25CF4498F4F0D947DBB466B606B4D
:10D680006B6B796B8F6B986BBB6BCD6B8091E3068B
:10D6900081110AC080918106880F809358038823E6
:10D6A00019F081E080935903FF91EF919F918F9141
:10D6B0002F910F900BBE0F900FBE0F901F901895DB
:10D6C000809157038F5F8093570390915803981769
:10D6D00058F382E0E7CF83E0809359038FE0809393
:10D6E00056038FEF86BD81E085BD84B58F7E84BDF6
:10D6F000DBCF809156038295807F819588BD809194
:10D700005603882321F0815080935603CDCF84E0C7
:10D71000809359038FEF88BD8EEF86BDC5CF85E01E
:10D72000809359038FEF88BD86BD82E085BDBCCF55
:10D730002FEF28BD8091E3068111B6CF809157036A
:10D740008F5F8093570390915803891708F4ACCFEB
:10D750008091810690E08F3791050CF0A5CF86E08F
:10D76000809359038FE08093560326BD81E085BDE9
:10D7700084B58061BCCF809156038295807F81956E
:10D7800088BD809156038111BECF87E080935903F5
:10D7900080E886BD8FEF88BD87CF1092590380E85F
:10D7A00086BD8FEF88BDC1CFCF93C82F682F87E686
:10D7B0009FE00F9491BACC2319F0CF910D94C282BF
:10D7C0001092031810920F18CF9108951092C70667
:10D7D0000F94CC1F6093191870931A1880931B181C
:10D7E00090931C1808951F920F920FB60F92112458
:10D7F0002F934F935F936F937F938F939F93AF93E9
:10D80000BF938091C7068823F1F0809109058B347E
:10D81000D0F080916A0086FF24C080919F0690918D
:10D82000A006A091A106B091A20680934F03909309
:10D830005003A0935103B093520380916A0090E487
:10D84000892780936A00BF91AF919F918F917F91BB
:10D850006F915F914F912F910F900FBE0F901F907E
:10D86000189580919F069091A006A091A106B09175
:10D87000A20640914F035091500360915103709163
:10D880005203841B950BA60BB70B2091430444E075
:10D8900050E060E070E0253620F043E050E060E0CA
:10D8A00070E084179507A607B70738F280914806FD
:10D8B0009091490602969093490680934806BDCF01
:10D8C0008093530380FD1CC010926E0320916E0361
:10D8D0008FEF820F8E3FE8F08091A000877F8093CA
:10D8E000A0001092AD001092AC009FB7222361F00F
:10D8F000F894809102018062809302019FBF089595
:10D900008FEF80936E03E2CFF894809102018F7DB8
:10D91000F3CFEFB7F8948091A00088608093A000C7
:10D9200030E0809172004FEF50E081FF04C04091E1
:10D93000A8005091A900249FC001259F900D349FFD
:10D94000900D11246FEF70E00F9436BB7093AD0013
:10D950006093AC00EFBF08951F93CF93DF93D091F6
:10D960005303D1FD1DC010917805C1E020E030E0E7
:10D9700048E452E46091080E7091090E80910A0EFD
:10D9800090910B0E0F941EBE18160CF0C0E0DE7FB7
:10D99000CD2B81E0111101C080E0C82BC09353034F
:10D9A00080915303DF91CF911F910C94606CEF92A3
:10D9B000FF920F931F93CF93DF93EC018B017A01BA
:10D9C0000E94CF3F81110BC0A801BE01C701DF91AA
:10D9D000CF911F910F91FF90EF900D9481BADF913D
:10D9E000CF911F910F91FF90EF9008950F931F9388
:10D9F000CF93DF938C01D62FC72F0F947BBA8F3F25
:10DA0000980739F46D2F7C2FC8010F94CBBA8D2F56
:10DA10009C2FDF91CF911F910F9108950F931F932A
:10DA2000CF938C01C62F0F946DBA8F3F29F46C2FC2
:10DA3000C8010F94B5BA8C2FCF911F910F91089503
:10DA4000CF93DF93EC010F947BBABC016F5F7F4FE4
:10DA5000CE01DF91CF910D94CBBACF93DF93EC0140
:10DA60000F946DBA61E0680FCE01DF91CF910D94F4
:10DA7000B5BA82ED9EE00E942D6D83ED9EE00C9480
:10DA8000206DCF93DF93EC010F946DBA61E08111AB
:10DA900060E0CE01DF91CF910D94B5BA2BE0829F6B
:10DAA000C0011124805B924F0F947BBA21E0019654
:10DAB00009F420E0822F0895CF93DF93C82FD8E098
:10DAC000CF5FC8300CF0C0E08C2F0E944E6D8111EA
:10DAD00003C0D150A9F7CFEF8C2FDF91CF910895DC
:10DAE00081EA9DE00F946DBA0E945C6D87FD05C0D0
:10DAF000682F81EA9DE00D9491BA08950F931F93CA
:10DB0000CF93C82F8B0160EB79E1823070F069EA26
:10DB100079E1843050F061EA79E1843031F069E9EB
:10DB200079E1853011F062E979E1C8010F9424B8F8
:10DB30008CEF8C0F823028F0C170CF5CF801C68367
:10DB40001782CF911F910F91089561E080EC9FE0C3
:10DB50000F9491BA60E08FEB9FE00F9491BA60E070
:10DB60008EEB9FE00F9491BA60E08DEB9FE00F94F5
:10DB700091BA60E08CEB9FE00D9491BACF93C82FDF
:10DB800082958F700E94EB488C2F8F70CF910C94F0
:10DB9000EB488091FC109091FD10181619060CF0BE
:10DBA00043C001979093FD108093FC10892BA1F442
:10DBB0008091F7109091F810892B21F41092FA10AF
:10DBC0001092F9108091F9109091FA109093EC1244
:10DBD0008093EB1281E008958091EB129091EC120A
:10DBE0000396FC01E250FF4E208101962111F9CFEE
:10DBF000FC01E250FF4E8D3E21E0920740F441913E
:10DC00009C012F5F3F4F4111E1CFC901F4CFEEEFEF
:10DC1000F0E18D3E21E09207C9F6CF018E5F904181
:10DC200021912223D1F3D2CF80E008958091FC048A
:10DC30009091FD042091FE043091FF04821B930B10
:10DC40008F7799270895FC0120E03EE2DB014D919A
:10DC5000BD01403249F0283011F430833196DB01A8
:10DC600011974C91408331962F5F2B3079F71082BA
:10DC7000089540E050E0BA010D941742FC01238161
:10DC800021110D94F543089590919605911107C0C7
:10DC90009091C00095FFFCCF8093C600089591300D
:10DCA00031F49091C80095FFFCCF8093CE00089589
:10DCB0008F929F92AF92BF92EF92FF920F931F931A
:10DCC000CF93DF93CDB7DEB7A0970FB6F894DEBF42
:10DCD0000FBECDBF611571058105910599F480E3F3
:10DCE000A0960FB6F894DEBF0FBECDBFDF91CF91E7
:10DCF0001F910F91FF90EF90BF90AF909F908F90EA
:10DD00000C94446E00E0842E912CB12CA12C9E0129
:10DD10002F5F3F4F7901A50194010F94E0BAF701FD
:10DD2000E00FF11D6083B901CA010F5F6115710534
:10DD30008105910581F70E0D1F2D111DE016F106CD
:10DD400059F0F80182918F018A3020F4805D0E94A1
:10DD5000446EF4CF895CFBCFA0960FB6F894DEBF7B
:10DD60000FBECDBFDF91CF911F910F91FF90EF902C
:10DD7000BF90AF909F908F900895CF92DF92EF92D7
:10DD8000FF926B017C01F7FE0BC08DE20E94446E96
:10DD9000F094E094D094C094C11CD11CE11CF11CFF
:10DDA0004AE0C701B601FF90EF90DF90CF900C944E
:10DDB000586E8F929F92AF92BF92CF92DF92EF9266
:10DDC000FF92CF936B017C01B42E20E030E0A901DB
:10DDD0000F948ABC87FF07C08DE20E94446EF7FA59
:10DDE000F094F7F8F094C0E060E070E080E09FE32A
:10DDF000CB1541F020E030E040E251E40F9494BCB8
:10DE0000CF5FF6CF9B01AC01C701B6010F9495BB64
:10DE10006B017C010F940DBD4B015C014AE00E9437
:10DE2000586ECC2391F1C501B4010F94F9B49B0154
:10DE3000AC01C701B6010F9494BB6B017C018EE26B
:10DE40000E94446EC15008F120E030E040E251E40D
:10DE5000C701B6010F943AB54B015C010F9406BDA2
:10DE60006B01770FEE08FF08C701B6010E94BD6E77
:10DE7000C701B6010F94FBB49B01AC01C501B4010D
:10DE80000F9494BB6B017C01DDCFCF91FF90EF909D
:10DE9000DF90CF90BF90AF909F908F9008958AE0D1
:10DEA0000C94446E0E94446E90E080E00895CF93FD
:10DEB000DF93EC01FE018491882321F00E94446EDF
:10DEC0002196F8CFDF91CF910895CF92DF92EF9214
:10DED000FF92C090080ED090090EE0900A0EF090CC
:10DEE0000B0E83EC9EE10E94576F42E0C701B60122
:10DEF0000E94D96E8BEB9EE10E94576F60914B059B
:10DF000070914C0580914D0590914E0541E00E9425
:10DF1000D96EFF90EF90DF90CF900C944F6F4F929F
:10DF20005F926F927F928F929F92AF92BF92CF92A9
:10DF3000DF92EF92FF920F931F93CF93DF93CC2446
:10DF4000CA94DC2C76010EEA1FE093E2892E912C14
:10DF5000A12CB12C412C512C3201D0E0C0E08FEF2C
:10DF6000C81609F45DC0C8010F947BBAEC01BC016E
:10DF7000990F880B990B0F94FBB42091230E3091CD
:10DF8000240E4091250E5091260E0F9494BC2B0127
:10DF90003C01C701B6010E94BD6E87E19EE10E946F
:10DFA000576FC501B4010E94BD6E87E19EE10E94DA
:10DFB000576FBE010D2E000C880B990B0E94BD6E91
:10DFC00087E19EE10E94576F20E030E04AE754E489
:10DFD000C301B2010F943AB50F94C37A85E0880E5D
:10DFE000911CA11CB11C0E5F1F4F8FEFC81AD80ADD
:10DFF000E80AF80A0A3B8FE0180709F0B0CFDF9172
:10E00000CF911F910F91FF90EF90DF90CF90BF9035
:10E01000AF909F908F907F906F905F904F900895FA
:10E020008FE89DE30E94576FB8CF882371F18BE092
:10E030009EE10E94576F6091A21370E090E080E033
:10E040000E94BD6E8091A2138430D8F01092A2136A
:10E0500086E09EE10E94576F8091A21390E00F949A
:10E06000567C8091A21320911006309111063093B6
:10E070000F0E20930E0E0F946C0D0E9485540D947C
:10E0800081518F5F8093A213E3CF90E080E00E94E4
:10E0900051E0E9CFCF93DF9383E09EE10E94576F79
:10E0A000CAEED6E0688179818A819B8142E00E9434
:10E0B000D96E8FEF9DE10E94576F6C817D818E81BB
:10E0C0009F8142E00E94D96E8BEF9DE10E94576FC5
:10E0D000688579858A859B8542E00E94D96E87EFA5
:10E0E0009DE10E94576F6C857D858E859F8542E0FE
:10E0F0000E94D96E83ED93E10E94576F80E00F94E8
:10E1000008300F94FBB4C7E1DEE02C813D814E81E5
:10E110005F810F9494BC42E00E94D96E83EF9DE131
:10E120000E94576F81E00F9408300F94FBB428854C
:10E1300039854A855B850F9494BC42E00E94D96E74
:10E140008FEE9DE10E94576F82E00F9408300F948C
:10E15000FBB42C853D854E855F850F9494BC42E0D1
:10E160000E94D96E8BEE9DE10E94576F83E00F9461
:10E1700008300F94FBB4288939894A895B890F9448
:10E1800094BCDF91CF910D94C37A8AEF9CE10E94F9
:10E19000576F6091080E7091090E80910A0E909150
:10E1A0000B0E41E00E94D96E87EF9CE10E94576FF1
:10E1B00060910E0E70910F0E072E000C880B990BBC
:10E1C0000F94FBB441E00E94D96E83EF9CE10E9462
:10E1D000576F60914B0570914C0580914D05909162
:10E1E0004E0541E00E94D96E80EF9CE10E94576F7E
:10E1F0006091C8067091C906072E000C880B990B18
:10E200000F94FBB441E00E94D96E8BEE9CE10E941A
:10E21000576F6091080E7091090E80910A0E9091CF
:10E220000B0E41E00E94D96E88EE9CE10E94576F70
:10E2300060910E0E70910F0E072E000C880B990B3B
:10E240000F94FBB441E00E94D96E84EE9CE10E94E1
:10E25000576F6091730570E090E080E00E94BD6EA2
:10E260008FED9CE10E94576F6091810670E090E015
:10E2700080E00E94BD6E8BED9CE10E94576F609123
:10E28000F2037091F3038091F4039091F50341E060
:10E290000E94D96E87ED9CE10E94576F6091BA068B
:10E2A0007091BB068091BC069091BD0641E00E9432
:10E2B000D96E0C944F6F2091E11430E0A8EEB3E0DA
:10E2C0000F940DBBAB01BC0182EE94E10F94B02022
:10E2D000882399F08091E01480FD0E94C5708091A0
:10E2E000E01482FD0E944A708091E01481FD0E943A
:10E2F000765682EE94E10D945D2208950E94576F48
:10E300000C944F6FCF93DF93EC0181E395E70E946C
:10E31000576F8CE699E20E94576FCE01DF91CF9143
:10E320000C947E71CF9381EA9DE00F946DBACBE09F
:10E330008C9FC0011124805B924F0F947BBA815651
:10E34000904F803A9F40C8F082E99EE10E947E7122
:10E3500081EA9DE00F946DBA8C9FC001112470E09A
:10E3600060E0805B924F0F94CBBA85E59EE10E94FE
:10E37000FBF781E0CF910C945364CF9108951092F4
:10E38000E1061092E00680E10E948BEA882391F07A
:10E390000E94927181EA9DE00F946DBA2BE0829FFA
:10E3A000C0011124805B924F0F947BBA9093E106D9
:10E3B0008093E0060895FF920F931F93CF93DF930E
:10E3C00090916E0591114BC0C82F81E080936E052E
:10E3D000CC2301F10E9497578823E1F00E948C57CB
:10E3E000811120C063E08CEB9EE00E94C3EDF090B1
:10E3F00012060091100610911106D0910F060F948D
:10E40000D81FF09212061093110600931006D093B5
:10E410000F0608C061E080E00E9437EE89E095E7D2
:10E42000CC2311F081E395E70E94576F8CE494E1CF
:10E430000E947E7183EB9EE00E9403EE9FB7F894EA
:10E44000809102018460809302019FBF0F94FF17A7
:10E45000C11105C080912F04816080932F04DF914A
:10E46000CF911F910F91FF900895EC01F8940F94B4
:10E470008625179A1092E706169A1092E806149AC3
:10E4800089E095E70E94576F86E39EE10E947E71C6
:10E49000209779F0CE010E947E71BE0185E99CE053
:10E4A0000F94CBBA62E484E99CE00F94B5BA0E9461
:10E4B0003E57CEE2DEE1F1CF8091060186FD33C00A
:10E4C00080E00E94A2561092F2061092F30610927B
:10E4D000F4061092F5060F94086120E030E040EA5F
:10E4E00050E46091F2067091F3068091F4069091E9
:10E4F000F5060F9495BB6093F2067093F306809334
:10E50000F4069093F506E0916F02F0917002608539
:10E510007185828593850F9462650F9481518AE697
:10E5200092E10E94357208952F923F924F925F922E
:10E530006F927F928F929F92AF92BF92CF92DF9213
:10E54000EF92FF920F931F93CF93DF93CDB7DEB778
:10E5500060970FB6F894DEBF0FBECDBF282E6E8732
:10E560005A8749872091B6022D8777247394709239
:10E57000B60242E0841709F4D4C1082F10E0F80174
:10E58000EC52F34E3490832D032C000C990B9C8796
:10E590008B87D801AA0FBB1FAA0FBB1FBA83A98301
:10E5A000FD01E253FD4F80819181A281B3818B8374
:10E5B0009C83AD83BE838093B9029093BA02A093EB
:10E5C000BB02B093BC02BC01CD010E94B9566B01E5
:10E5D0007C0181E0022C01C0880F0A94EAF70F94B5
:10E5E0001E1EA981BA81A651B94FB887AF83FD011C
:10E5F00010821182128213820F9408610E942D589A
:10E60000632D032C000C770B880B990B0F94FBB434
:10E610004B015C0149815A814653594F588B4F87B2
:10E6200020E030E040E450EC0F943AB5AF85B88973
:10E630006D937D938D939C931397C701B6010F94AF
:10E640002F650F9481510F94E63A1092B602EF8134
:10E65000F88510821182128213820F940861AF85AF
:10E66000B8898D929D92AD92BC921397C701B60165
:10E670000F942F650F9481517092B602E981FA814F
:10E68000E853F34E45905590659074902DEC3CEC1A
:10E690004CE85FE3C501B4010F943AB5A3019201C0
:10E6A0000F943AB5EF85F8896083718382839383F1
:10E6B000C701B6010F942F650F948151712C612C05
:10E6C0004F8058840F94E63A1092B602D2011D9200
:10E6D0001D921D921C9213970F94086120E030E068
:10E6E00040E251ECC501B4010F943AB5EF85F889C9
:10E6F0006083718382839383C701B6010F942F6572
:10E700000F9481510F94E63AF1E0F093B60220E0C5
:10E7100030E040E351E4C501B4010F943AB5AF8550
:10E72000B8896D937D938D939C9313978B819C8176
:10E73000AD81BE818093B9029093BA02A093BB02CF
:10E74000B093BC02C701B6010F942F650F9481519D
:10E75000822D0F94BB1C9C0144E0369527954A9569
:10E76000E1F7A985BA85109721F0FD01E60DF71DA7
:10E7700020839F938F933F932F937F926F92E0EB31
:10E78000FCE1FF93EF930F942FB94FEF641A740AD3
:10E790000FB6F894DEBF0FBECDBF9E85691608F494
:10E7A00091CF0F94E63A1092B60280914F058823DC
:10E7B00009F4B2C0F801E05BFA4F6081603408F000
:10E7C000ABC0F801E65AFD4FA081AB83F801EE5AC9
:10E7D000FA4F808140E051E002C0569547958A95F6
:10E7E000E2F7822D0F943093BB81BB2339F0432D88
:10E7F00041956B2F70E0822D0F9401930F94EF1DC4
:10E80000822D0E94EC3EF801E951F94F81E08083AE
:10E810006B857C85719561957109072E000C880BBD
:10E82000990B0F94FBB42AE037ED43E25CE30F94BD
:10E830003AB54B015C01F801E85AFD4F608170E088
:10E8400090E080E00F94FBB49B01AC01C501B401E2
:10E850000F943AB54B015C01E981FA81E651F94F19
:10E86000FC83EB83AC019B01608171818281938188
:10E870000F9494BBAB81BC816D937D938D939C93DE
:10E8800013970F940861EB81FC81208131814281D3
:10E890005381C501B4010F9495BBAB81BC816D93CD
:10E8A0007D938D939C931397E981FA81E653F94FF9
:10E8B000608371838283938320E030E040E05FE3F4
:10E8C000C701B6010F943AB50F942F650F9481518B
:10E8D0001092B9021092BA021092BB021092BC02BE
:10E8E000FD85F093B60260960FB6F894DEBF0FBEBA
:10E8F000CDBFDF91CF911F910F91FF90EF90DF90EF
:10E90000CF90BF90AF909F908F907F906F905F90CF
:10E910004F903F902F900895432D419568E070E00F
:10E920006ACF81E00E94A256E6EDFCE1B491B98382
:10E930001092F2061092F3061092F4061092F50669
:10E940000F940861E0EDFCE185909590A590B4905E
:10E95000E9816E2FEE0F770B880B990B0F94FBB4A8
:10E960006B017C0120E030E040EC5FE3C501B401C5
:10E970000F943AB5A70196010F943AB56093D20669
:10E980007093D3068093D4069093D50680E090E0F0
:10E99000A8E4B4E48093B9029093BA02A093BB02B6
:10E9A000B093BC02BC01CD010E94B9564B015C0181
:10E9B0000F942F650F9481510E945C721092F206A1
:10E9C0001092F3061092F4061092F5060F94086167
:10E9D000ECEAFCE165917591859194919058A701BD
:10E9E00096010F943AB56093D2067093D306809344
:10E9F000D4069093D506C501B4010F942F650F94EA
:10EA00008151ECEAFCE165917591859194919B01AE
:10EA1000AC010F9495BBA70196010F943AB5609392
:10EA2000D2067093D3068093D4069093D50680E0E7
:10EA300090E0A8ECB3E48093B9029093BA02A0935B
:10EA4000BB02B093BC02BC01CD010E94B9560F9429
:10EA50002F650F9481510E945C7282E00E94EC3E0F
:10EA60008091F2069091F306A091F406B091F5061C
:10EA70008093D2069093D306A093D406B093D50684
:10EA80001092B9021092BA021092BB021092BC020C
:10EA90000F94E63A7092E90680E00E94A25620CFD9
:10EAA0002F923F924F925F926F927F928F929F929E
:10EAB000AF92BF92CF92DF92EF92FF920F931F938C
:10EAC000CF93DF9300D000D0CDB7DEB784E00F94B2
:10EAD0001E1E8091B6028C831092B60280E00F94C5
:10EAE000CA3A8B830E94B55682E89BE60E94D9F30E
:10EAF00048EE57E163E080E00E942D6181E0809361
:10EB0000B60280E090E0A0EAB0E48093F206909331
:10EB1000F306A093F406B093F50665E575E585E583
:10EB200091E40E94084D0E945C721092B60280E04F
:10EB300090E0A0E8BFE38093EA069093EB06A093F1
:10EB4000EC06B093ED068093EE069093EF06A0934B
:10EB5000F006B093F1066EEE76E08AEE96E00E9443
:10EB6000E45B60E070E088E492E40E94084D0E945B
:10EB70002D5850E040E061E082E00E94947243E052
:10EB800060E070E080E291EC0F949F94811104C0EA
:10EB90008AE692E10E9435728091F2069091F30626
:10EBA000A091F406B091F50680931C1490931D1467
:10EBB000A0931E14B0931F14E2E0F0E0FA83E983FF
:10EBC000C12CD12C30EAE32E30E4F32E43E0B42EF6
:10EBD00052E0952E07E619E267E0A62E0E94B55690
:10EBE000C092F206D092F306E092F406F092F50697
:10EBF00065E575E585E591E40E94084D2981215080
:10EC0000822F6B2D0F941CBB892E822F0F9428BB53
:10EC1000782E80FF03C0F92DF8198F2E882D880FCC
:10EC2000880D0E94334F6093EA067093EB06809341
:10EC3000EC069093ED06872D880F870D0E94204FDC
:10EC40006093EE067093EF068093F0069093F106C2
:10EC50006EEE76E08AEE96E00E94E45B60E070E0A3
:10EC600088E492E40E94084D63E080E00E948060A6
:10EC70008A818F9399819F931F930F930E94316094
:10EC800043E060E070E080E291EC0F949F94582E96
:10EC90000F900F900F900F90882309F479CFA79CC5
:10ECA000F0011124E80DF11DEE0FFF1FEE0FFF1F05
:10ECB000E55EFB4E8091F2069091F306A091F4067A
:10ECC000B091F50681839283A383B483E981FA81AD
:10ECD0003196FA83E9833A9709F080CF60901C144B
:10ECE00070901D1480901E1490901F14462CA72C19
:10ECF000B82C292C1E821D820BE114E18D819E818E
:10ED0000845E9B4E9A83898393E0392EE981FA8150
:10ED1000C190D190E190F190FA83E9839301A4012D
:10ED2000C701B6010F941EBE181614F03601470134
:10ED3000242D3A2D4B2D522DC701B6010F948ABCBC
:10ED400087FD04C04C2CAD2CBE2C2F2C3A943110D6
:10ED5000DDCF8D819E814C969E838D838435910578
:10ED600059F69301A401642D7A2D8B2D922D0F94C9
:10ED700094BB20E030E040E450E40F941EBE18162F
:10ED80003CF58AE499E20E947E71512CFC81F0935B
:10ED9000B6028B810F94CA3A0F94EF1D852D2696EB
:10EDA0000FB6F894DEBF0FBECDBFDF91CF911F919C
:10EDB0000F91FF90EF90DF90CF90BF90AF909F901A
:10EDC0008F907F906F905F904F903F902F9008951D
:10EDD000198285ECE82E8FE0F82E68011D829D8156
:10EDE000911103C0E981EE2329F120911C14309187
:10EDF0001D1440911E1450911F14F60161817281FF
:10EE0000838194810F9494BB20E030E048EC52E47D
:10EE10000F943AB520E030E040E05FE30F9495BBFB
:10EE20000F943CBD0F9406BDC7010F94AFBAF2E03A
:10EE3000EF0EF11C84E0C80ED11C9D819F5F9D8365
:10EE4000933069F6045E1F4FE981EF5FE983E33099
:10EE500021F60F9495940E94035D98CF2F923F92D4
:10EE60004F925F926F927F928F929F92AF92BF92DA
:10EE7000CF92DF92EF92FF920F931F93CF93DF9386
:10EE800000D01F921F92CDB7DEB7D82E2A013B01CA
:10EE9000322EE982FA820B831C830F94815181E028
:10EEA0008093FF0DFC2CE32CD31010C0ED2CDC1054
:10EEB0000DC060E070E080EA90E40E94D95FFF241A
:10EEC000F394EE24E3942224239401C02D2C0E9479
:10EED000805280911B148D8310921B1482E00F943A
:10EEE00016306093F2067093F3068093F4069093C5
:10EEF000F506F1100E94244081E00E94DA568C0150
:10EF00000E942D581092B9021092BA021092BB02C0
:10EF10001092BC02222009F47AC19B8D91116DC11F
:10EF200050E040E061E080E00E949472EE2031F019
:10EF300050E040E061E081E00E949472DD20E9F061
:10EF40004114510461047104C1F0C301B2010F9472
:10EF5000FBB49B01AC0160916F0E7091700E8091BB
:10EF6000710E9091720E0F9495BB6093EA067093A8
:10EF7000EB068093EC069093ED06332001F1898136
:10EF80009A81AB81BC810097A105B105C1F0BC019C
:10EF9000CD010F94FBB49B01AC016091730E709195
:10EFA000740E8091750E9091760E0F9495BB6093C0
:10EFB000EE067093EF068093F0069093F106FF2023
:10EFC00009F4A2C060E070E080EA90E40E94D95F9A
:10EFD0008091E706811105C050E040E061E00E94A9
:10EFE00094728091E806811106C050E040E061E033
:10EFF00081E00E9494720E941951EDE4FFE6859130
:10F000009591A591B491E9E4FFE6459155916591FB
:10F0100074914093CA065093CB066093CC067093CC
:10F02000CD068093CE069093CF06A093D006B093E2
:10F03000D1066EEC76E08AEC96E00E943C5B0E9482
:10F04000475220E030E040E850EC6091CE067091ED
:10F05000CF068091D0069091D1060F948ABC87FF8D
:10F060000CC080E090E0A0E8B0EC8093CE069093D6
:10F07000CF06A093D006B093D10680E090E0A6E141
:10F08000B3E48093B9029093BA02A093BB02B09309
:10F09000BC021092B6020F9408616091B90270919F
:10F0A000BA028091BB029091BC020F942F650F941D
:10F0B00081518091CA069091CB06A091CC06B09167
:10F0C000CD068093EA069093EB06A093EC06B093EE
:10F0D000ED068091CE069091CF06A091D006B0911A
:10F0E000D1068093EE069093EF06A093F006B093BE
:10F0F000F10681E08093B6020F94E63A50E040E0DA
:10F1000061E082E00E949472CC20E9F081149104C5
:10F11000A104B104C1F0C501B4010F94FBB49B017B
:10F12000AC016091770E7091780E8091790E90917C
:10F130007A0E0F9495BB6093F2067093F30680935A
:10F14000F4069093F5060F940861C8010E94C0561A
:10F150000F94E63A0E9419510E94554FD11007C0F2
:10F16000311005C08C8D811102C0CC2039F1F11015
:10F1700025C09D81992311F181E080931B140F9488
:10F1800016306B017C0180E00F941630A7019601C8
:10F190000F94FF7A9B01AC016091F2067091F30627
:10F1A0008091F4069091F5060F9494BB6093F2065B
:10F1B0007093F3068093F4069093F50684E10F9420
:10F1C00085470F9481511092FF0D0F900F900F9073
:10F1D0000F900F90DF91CF911F910F91FF90EF90C3
:10F1E000DF90CF90BF90AF909F908F907F906F9067
:10F1F0005F904F903F902F90089580E00F94E11A18
:10F20000EE2009F49BCE81E00F94E11A97CEEE2018
:10F2100009F494CEAB8DAA2309F48ACEF4CF8F9251
:10F220009F92AF92BF92CF92EF92FF920F931F9354
:10F23000262F91E09F931F92812C912C5401C42E74
:10F24000E12CF12C870140E050E0BA010E942E77BA
:10F250000F900F901F910F91FF90EF90CF90BF9064
:10F26000AF909F908F9008952F923F924F925F9210
:10F270006F927F928F929F92AF92BF92CF92DF92C6
:10F28000EF92FF920F931F93CF93DF93CDB7DEB72B
:10F29000A4970FB6F894DEBF0FBECDBF0F94815177
:10F2A0008091040E811117C081E08093000E80913F
:10F2B000E706882349F08091E806882329F0209109
:10F2C000E9062F83211120C081E08093FB108BE1A0
:10F2D0009EE20F945E7CA4960FB6F894DEBF0FBE3C
:10F2E000CDBFDF91CF911F910F91FF90EF90DF90F5
:10F2F000CF90BF90AF909F908F907F906F905F90D6
:10F300004F903F902F9008958BEA9DE00F946DBA37
:10F31000182F8EE40E942041082F0E94CD408E833A
:10F32000002329F0873009F4C9C0833029F0133055
:10F3300009F0C3C063E06E8380E090E0A0E8BFE323
:10F340008A839B83AC83BD838AEA9DE00F946DBA68
:10F35000888F83E40E942041182F0E94CD40112302
:10F3600029F0882319F08B3008F4888F88E50E94F3
:10F370002041882309F4ABC00E94B34520E030E06F
:10F380004CE952E40F9494BB20E030E048EB51E4A8
:10F390000F9494BB6A877B878C879D8789E50E9441
:10F3A0002041882309F49CC00E94B34520E030E04E
:10F3B00048E052E40F9494BB20E030E040EA50E48F
:10F3C0000F9494BB6C8B7D8B8E8B9F8B87E50E94FB
:10F3D0002041882309F489C00E94B3452A853B85D2
:10F3E0004C855D850F9495BB20E030E04CE153E403
:10F3F0000F9495BB698F7A8F8B8F9C8F88E40E94C6
:10F400002041882309F47AC00E94B3452C893D89A4
:10F410004E895F890F9495BB20E030E048E852E4C4
:10F420000F9495BB6D8F7E8F8F8F98A30F949594BB
:10F430008091290290912A02A0912B02B0912C0276
:10F4400080931C1490931D14A0931E14B0931F144A
:10F450000E94244005EC1FE0C8010F947BBA01967E
:10F4600009F051C00E5F1F4F053D8FE01807A1F74F
:10F47000212CABE1B4E1BAA3A9A3B987A887512C89
:10F48000412C312C042D842D63E00F9428BB988BE4
:10F490006884798410E0F889F11137C0812F63E026
:10F4A0000F941CBB911131C021103DC17E8173307E
:10F4B00009F470C08F818E8737C01E836AE979E9AD
:10F4C00089E19FE36A837B838C839D833DCF80E0CA
:10F4D00090E0A0E8BFEF8A879B87AC87BD875ECFAF
:10F4E00060E070E080E89FEF6DCF80E090E0A0E802
:10F4F000BFE7898F9A8FAB8FBC8F80CF60E070E0C1
:10F5000080E89FE78FCF2F80B4CF60E070E080EC81
:10F510009FE7D30111966D937D938D939C931497E0
:10F52000BE81B330C1F11E86812F0E94334F4B0143
:10F530005C01802F0E94204F6B017C01A50194018A
:10F540006A857B858C859D850F941EBE18160CF4EC
:10F550001AC1298D3A8D4B8D5C8DC501B4010F9474
:10F560001EBE18160CF40FC1A70196016C897D8987
:10F570008E899F890F941EBE18160CF404C12D8D20
:10F580003E8D4F8D58A1C701B6010F941EBE1816AF
:10F590000CF4F9C033941F5F24E0620E711C173025
:10F5A00009F079CF6FEF461A560A888599854C96EF
:10F5B0009987888797E04916510409F063CF0F9423
:10F5C000B0A7A0911C07AF83B0915304B88781E026
:10F5D00080931C078AE0830D8093530481E00E948E
:10F5E0001F6080E090E0A0EAB0E48093F206909380
:10F5F000F306A093F406B093F50665E575E585E599
:10F6000091E40F94626580E00E94DA569CA38BA37C
:10F61000312C832D67E00F941CBBF82E092F682F27
:10F6200070E07F876E8780FF03C076E0791B072F2D
:10F63000802F63E00F941CBB911105C08F2D0F9498
:10F640001CBB11E0911110E0802F0E94334F688B9A
:10F65000798B8A8B9B8B8F2D0E94204F4B015C01F5
:10F660008E81833009F097C01111C6C027E0AE85A6
:10F67000BF852A9FF0012B9FF00D1124E00FF11D93
:10F68000EE0FFF1FEE0FFF1FE55EFB4E60E070E028
:10F6900080EC9FE761837283838394833394E1E3F7
:10F6A0003E12B7CF80E090E0A0EAB0E48093F2068B
:10F6B0009093F306A093F406B093F50665E575E51F
:10F6C00085E591E40F9462650F948151B1E33B1697
:10F6D00009F42DC280916D0391E0980F90936D0312
:10F6E000882309F4CFC160E080E00E9437EE87E60E
:10F6F0009EE00E94FBF780E00E947EF281E0809312
:10F70000BF0285E39DE60E9403EE2F8120931C0734
:10F7100068856093530482E00E941F600F948151BA
:10F720001092000ED8CD011103C0112309F4BECEF2
:10F73000812F63E00F9428BB840D952D911D880FB8
:10F74000991F8D53904F0F947BBABC01990F880B72
:10F75000990B0F94FBB42AE037ED43E25CE30F947E
:10F760003AB59B01AC0160911C1470911D148091FD
:10F770001E1490911F140F9495BBF3016183728343
:10F780008383948393CEFE85FF2309F404CF222044
:10F7900009F400CF00CF288939894A895B896A85B5
:10F7A0007B858C859D850F941EBE181604F12889D3
:10F7B00039894A895B89698D7A8D8B8D9C8D0F94EF
:10F7C0008ABC87FD14C0A50194016C897D898E894E
:10F7D0009F890F941EBE181654F0A50194016D8DDB
:10F7E0007E8D8F8D98A10F948ABC87FF05C0112351
:10F7F00009F454CF211052CF10E0A7E08E859F85E9
:10F80000A89FF001A99FF00D1124E00FF11FEE0F4A
:10F81000FF1FEE0FFF1FE55EFB4E418052806380AD
:10F820007480C12CD12CE0EAEE2EE0E4FE2E2220E2
:10F8300051F023E333E343EB5EE3C301B2010F94E2
:10F8400095BB6B017C01A70196016091F206709156
:10F85000F3068091F4069091F5060F948ABC87FF19
:10F8600010C0C092F206D092F306E092F406F09235
:10F87000F50665E575E585E591E40F9462650F94FD
:10F880008151688979898A899B896093EA06709396
:10F89000EB068093EC069093ED068092EE06909234
:10F8A000EF06A092F006B092F1066EEE76E08AEED8
:10F8B00096E00E94E45B60E070E086E193E40F94E0
:10F8C00062650F9481518091040E882339F07F8105
:10F8D00070931C07888580935304FDCC812C912C58
:10F8E00070E2A72E71ECB72E222051F02A813B81C5
:10F8F0004C815D81C301B2010F9494BB4B015C014B
:10F90000488DC501B4010F949F94811109C08AE606
:10F9100092E19F938F930F942FB90F900F90C2CEC7
:10F920002091F2063091F3064091F4065091F506CD
:10F93000C701B6010F9494BB20E030E0A9010F94F9
:10F940008ABC87FF36C060E070E080EA90E4609394
:10F95000F2067093F3068093F4069093F50665E53E
:10F9600075E585E591E40F9462650F948151488DAA
:10F97000C501B4010F949F94882349F22091F206A7
:10F980003091F3064091F4065091F50660E070E086
:10F9900080EA90E40F9494BB2DEC3CEC4CEC5DE3DE
:10F9A0000F948ABC87FF05C087E69DE10F9456B986
:10F9B00079CEC090F206D090F306E090F406F09075
:10F9C000F5062220A1F0A7019601C301B2010F9410
:10F9D00094BB9B01AC015F776A817B818C819D81A7
:10F9E0000F948ABC87FF03C08EE29DE1DFCF8FEAD0
:10F9F0009FE00F946DBA882309F440C086EA9FE027
:10FA00000F946DBA8823D1F16091F2037091F303E2
:10FA10008091F4039091F5030E948C412091230E74
:10FA20003091240E4091250E5091260E0F9494BCD7
:10FA30009B01AC01E7E0AE85BF85EA9FC001EB9F6B
:10FA4000900D1124080F191F000F111F000F111F17
:10FA5000055E1B4EC701B6010F9494BBD8011196E9
:10FA60006D937D938D939C93149780915304815053
:10FA70008093530481E00E941F6010CE20E030E0AC
:10FA8000A901D8CF85E00F94EF3AC12CD12C90EA90
:10FA9000E92E90E4F92E85E39EE00E94D9F38EE1F1
:10FAA00090E00E9405F30E948B6380E00F94CA3AB5
:10FAB000182F60E070E080E89FEB0E945A5F81E0C1
:10FAC0000F94CA3A84E00F941E1EC092F206D092A0
:10FAD000F306E092F406F092F50665E575E585E536
:10FAE00091E40F9462650F9481510F94EF1D812F63
:10FAF0000F94CA3A82E00F94163020E030E040EADA
:10FB000050E40F941EBE181634F2EF81E0931C07E8
:10FB1000F885F093530481E00E94536441E061E072
:10FB200081E00E940F7981E08093FB10D4CB10928A
:10FB30006D038BA19CA10E94C0560E94BF71609171
:10FB4000E0067091E106072E000C880B990B0F94CC
:10FB5000FBB490582091230E3091240E4091250E35
:10FB60005091260E0F9494BC0E94EA3F80EC9FE0D7
:10FB70000F946DBA91E0813009F090E099834FEBDA
:10FB80005FE06CE4CE0101960E943541F82E4EEB09
:10FB90005FE062E5CE0101960E943541082F4DEBF2
:10FBA0005FE066E4CE0101960E943541182F4CEBD0
:10FBB0005FE062E4CE0101960E943541212F110FD2
:10FBC000330B082E000C990B5C01A21AB30A8F2D7F
:10FBD000FF0C990B280F391F46E0429F6001439F9D
:10FBE000D00C1124F12CE12C002E000C110B081B61
:10FBF000190BB701645E7B4E3B01460177E07A83C7
:10FC0000D3012D903D904D905D903D01FD013497C5
:10FC1000FB87EA87B401092C000C880B990B0F9421
:10FC2000FBB42FE333EC4EE259E30F943AB5A20153
:10FC300091010F9495BBAA85BB856D937D938D93A0
:10FC40009C931397BA81B150BA83800E911EB11163
:10FC5000D7CFCA0CDB1CECE1EE0EF11CF4ECEF1676
:10FC6000F10439F60F94B0A78DE40E942041882357
:10FC700009F484C00E94CD402E81273009F094C041
:10FC8000882309F491C0BB24B394AA24AA94AB0C92
:10FC900009A11AA1612C8EEF882E8B0C6A2D862D5E
:10FCA0000E94803E99249394960C81116EC06B2D16
:10FCB000862D0E94803EC12CD12C7601712C882388
:10FCC00081F020E030E0A901D8015D966D917D9131
:10FCD0008D919C9190970F9495BB6B017C0177243B
:10FCE0007394682D862D0E94803E882369F0F80168
:10FCF0007B972081318142815381C701B6010F94E6
:10FD000095BB6B017C0173946A2D892D0E94803E06
:10FD1000882361F0F8012581368147815085C7012C
:10FD2000B6010F9495BB6B017C0173946A2D8FEF24
:10FD3000860D0E94803E882331F1F801339720819F
:10FD4000318142815381C701B6010F9495BB6B018C
:10FD50007C017394672D70E090E080E00F94FBB419
:10FD60009B01AC01C701B6010F9494BCD801119658
:10FD70006D937D938D939C93149707C08CEA9DE0BF
:10FD80000F946DBA79CF7110E5CF692C0C5F1F4FBE
:10FD9000B7E09B1283CFB394E9A1FAA17C96FAA3B2
:10FDA000E9A3F8E0BF1271CF81E080931B148FE4C8
:10FDB0000E942041811103C00E94035D9FCC0E94DC
:10FDC000CD408111F9CF0E94B55698CC89E893E0D7
:10FDD0000F945D228091FC109091FD10892B79F099
:10FDE000E091EB12F091EC12E250FF4E80818130F5
:10FDF00011F0863021F482EF9FE20C947E71089519
:10FE00008091FC109091FD10892B29F00E94E67ED4
:10FE10000E94C96DF5CF1092EC121092EB12109265
:10FE2000FA101092F91081E08093FB100895EF9280
:10FE3000FF920F931F93CF93DF9380911B1488231E
:10FE400089F180EC9DE10E947E718AEA9DE10E9429
:10FE50007E7189E99DE10E947E71C7E0DCE1C150BD
:10FE600058F1CD9F7001112401E010E086E99DE179
:10FE70000E94576FF801EE0FFF1FEE0FFF1FEE0DF0
:10FE8000FF1DE85EFB4E608171818281938145E0B8
:10FE90000E94D96E0F5F1F4F0830110539F70E947D
:10FEA0004F6FDDCF8DEC9DE1DF91CF911F910F91D1
:10FEB000FF90EF900C947E71DF91CF911F910F9185
:10FEC000FF90EF9008958F929F92AF92BF92CF9242
:10FED000DF92EF92FF928091100E811131C00F944A
:10FEE000CC1F6B017C0120912F02222309F140914C
:10FEF000BF024130E9F08091100290911102A0916F
:10FF00001202B091130246015701881A990AAA0AEF
:10FF1000BB0A30E0A8EEB3E00F940DBB861697063F
:10FF2000A806B9066CF0443031F19CF44230D4F4A8
:10FF3000C0921002D0921102E0921202F0921302CB
:10FF4000FF90EF90DF90CF90BF90AF909F908F90F9
:10FF50000895453069F781E395E70E94576F82E481
:10FF60009CE106C081E395E70E94576F8FE69CE114
:10FF70000E947E71DDCF81E395E70E94576F89E58E
:10FF80009CE1F6CFCF92DF92EF92FF920F931F93F7
:10FF9000CF93DF931F921F92CDB7DEB70F94CC1F84
:10FFA0000091191810911A1820911B1830911C18E3
:10FFB000601B710B820B930B6938734181059105AE
:10FFC000D0F08091C706811116C00F94CC1F6093AA
:10FFD000191870931A1880931B1890931C1880910D
:10FFE0000905809314028B3418F08FEF8093090574
:10FFF00081E08093C7060F94CC1F009119181091CF
:020000021000EC
:100000001A1820911B1830911C18601B710B820B61
:10001000930B653671058105910508F457C18091F0
:10002000C706882309F452C16091460670914706BD
:10003000072E000C880B990B0F94FBB46B017C010D
:100040000F94CC1F0091191810911A1820911B18A9
:1000500030911C18601B710B820B930B0F94F9B439
:100060009B01AC0160E070E08AE793E40F9494BCDC
:10007000A70196010F943AB50F9406BD709323041F
:10008000609322046091480670914906072E000C87
:10009000880B990B0F94FBB46B017C010F94CC1F60
:1000A0000091191810911A1820911B1830911C18E2
:1000B000601B710B820B930B0F94F9B49B01AC0185
:1000C00060E070E08AE793E40F9494BCA701960186
:1000D0000F943AB50F9406BD8B017093250460937D
:1000E0002404109247061092460610924906109278
:1000F000480683E08A8382E08983809138028823DE
:1001000051F087E89FE00F946DBA91E0811101C032
:1001100090E09093380280912204909123044497B8
:100120000CF09DC020E030E048E452E46091080EFD
:100130007091090E80910A0E90910B0E0F941EBEC5
:1001400018160CF08CC0809154038F5F8093540379
:10015000053011050CF089C09091FD0D8091FE0DC8
:10016000981709F47FC0E091FE0D8EE6E89FF0013C
:100170001124ED59F84F80818C3408F476C08091B9
:1001800055038F5F809355038091540381110BC0F9
:1001900080915503811107C080914204823019F487
:1001A00081E08093420480914204813061F40E9496
:1001B000E857811108C01092420410922E0485E382
:1001C0009DE60E9403EE80913802882309F46EC0F8
:1001D00080914204823009F469C084E5E82E83E00E
:1001E000F82EFE0131966F0110E002E0F7019191C7
:1001F0007F01F60181916F01891768F5F701319749
:10020000108280914204823031F1009342040E94B6
:100210009757882381F10E948C57811106C08091E5
:100220006B05882329F10F94FB17113059F187EBE7
:1002300099E10E947E7180912E0481110CC041E0F1
:1002400070E060E088EC90E00F94CB3C62E089E1E4
:100250009DE20E94C3ED113049F111E0C7CF109229
:10026000540376CF8091430487CF109255038CCFEF
:100270000F94D81FDACF10920F0E10920E0E10921C
:100280003F04D3CF8FED99E10E947E7180912E04BF
:1002900081110CC041E070E060E088EC90E00F94C8
:1002A000CB3C62E085E09DE20E94C3ED80911402A8
:1002B000809309050F94CC1F6093191870931A1836
:1002C00080931B1890931C181092C7060F900F90E4
:1002D000DF91CF911F910F91FF90EF90DF90CF9022
:1002E0000C94AC6CCF92DF92EF92FF926B017C0189
:1002F000C0925A03D0925B03E0925C03F0925D03DC
:10030000809173038230B1F420E030E040E950E4A2
:10031000C7010F948ABC87FF14C08091470E90914B
:10032000480EA091490EB0914A0E803D9740A1051C
:10033000B10520F5C701B601FF90EF90DF90CF9097
:1003400008952AE939E949E95EE3C701B6010F9446
:100350008ABC87FF0AC020E030E048E351E4C701CF
:10036000B6010F943AB56B017C0183E39AE10E94D8
:10037000576FC701B6010F94C37ADCCF2AE939E978
:1003800049E95EE3C701B6010F948ABC87FDE3CF5C
:1003900020E030E040E85EE3C701B6010F943AB5D3
:1003A00020E030E048E550E40F9495BBDCCFCF92DD
:1003B000DF92EF92FF92CF93909173039817B9F168
:1003C000C82FC0905A03D0905B03E0905C03F0907C
:1003D0005D0320E030E0A901C701B6010F948ABC9B
:1003E000882341F0C0926B0ED0926C0EE0926D0E9D
:1003F000F0926E0E86E19AE10E94576FC13011F1C2
:10040000E0F0C23011F1C093730360916B0E7091F4
:100410006C0E80916D0E90916E0E0E9472816093B1
:100420006B0E70936C0E80936D0E90936E0ECF9149
:10043000FF90EF90DF90CF9008958EE09AE10E94B8
:100440007E71E1CF8AE09AE1FACF86E09AE1F7CFB8
:100450000F948151179AE7EEF6E01082169A1182F6
:10046000149A80E00E94D7818FEF9FEF9093B002A3
:100470008093AF022FEF2093AC029093B40280934D
:10048000B3022093AB029093AE028093AD0290939F
:10049000B2028093B102089541ED50E061EC78E141
:1004A00087E19EE00F9407B80F943A520F94CA2E3A
:1004B0000F9416280E94AB5581E395E70E94576F71
:1004C0008FE998E10C947E71CF93DF9361EC78E132
:1004D00087E19EE00F9424B841ED50E064E170E0C4
:1004E00087E19EE00F9481BA60917A0582E09DE0F9
:1004F0000F9491BAC9E0D3E14AA55BA56CA57DA58F
:100500008EEF9CE00F94A3BA4EA55FA568A979A9C8
:1005100082EA9CE00F94A3BA4AA95BA96CA97DA9C1
:100520008EE99CE00F94A3BA4EA95FA968AD79AD9E
:100530008AEF9CE00F94A3BA4AAD5BAD6CAD7DAD84
:100540008AE99CE00F94A3BA6EAD7FAD88E99CE088
:100550000F94AFBA40E450E06AEB7CE089E493E1A9
:100560000F9481BA4091891350918A1360918B1333
:1005700070918C1386EB9CE00F94A3BA40918D137D
:1005800050918E1360918F137091901382EB9CE0C9
:100590000F94A3BA409191135091921360919313C9
:1005A000709194138EEA9CE00F94A3BA81E395E7CF
:1005B0000E94576F8BE498E1DF91CF910C947E718C
:1005C000CF93DF93EC018991882319F00E94446E48
:1005D000FACFDF91CF9108950E94E0820C944F6F83
:1005E0002F923F924F925F926F927F928F929F9243
:1005F000AF92BF92CF92DF92EF92FF920F931F9331
:10060000CF93DF93CDB7DEB7A2970FB6F894DEBFD6
:100610000FBECDBF8FE590E00E948540882309F48E
:1006200091C00E94166E8F37910561F48091FE048F
:100630009091FF049093FD048093FC048CE398E177
:100640000E947E711E012FE1220E311CDD24D39405
:100650000E94166E181619060CF068C08091010EE3
:10066000882329F00E948C57882309F45FC0809169
:10067000FF0381115BC00E94975397FDE9CF282F9C
:100680008F3F09F07BC080914603882309F473C033
:10069000D0924503109246031F8E18A2C0904903C2
:1006A000CC20B1F2809147038F8F91E09C1518F414
:1006B0008091480388A3109249033AA229A289A1F4
:1006C00082198C1528F6E9A1FAA11191FAA3E9A3E0
:1006D0008CE493E00F942D2017FDF1CF8091F7105B
:1006E0009091F8101A3009F44AC11D3009F447C13D
:1006F0008F3591050CF048C11B3311F4D0924B0398
:1007000020914B032111DBCF9C012F5F3F4F309392
:10071000F8102093F7102091F9103091FA10225020
:100720003F4E820F931FFC011383C9CF8091F710B6
:100730009091F810181619060CF45AC28091E91419
:10074000811170C2A2960FB6F894DEBF0FBECDBF66
:10075000DF91CF911F910F91FF90EF90DF90CF909D
:10076000BF90AF909F908F907F906F905F904F90D1
:100770003F902F900895D09246038ECF309145033D
:10078000332309F457C0893F09F43FC080F5863F01
:1007900009F448C0809144038260273F79F187E0E3
:1007A00098E10E94576F82E098E10E94576F109184
:1007B00044038EEF97E110FD02C089EF97E10E949C
:1007C000576F012F027084EF97E111FD02C08FEE89
:1007D00097E10E94576F8EEE97E10E947E71002391
:1007E00029F155E450930B021092450355CF8A3FEF
:1007F00041F08091440381602B3F89F6809344034C
:10080000CECF809144038E7FF9CF1092490310928E
:100810004503109244031092430310924603109232
:100820004203BDCF809144038D7FE8CF80E2809367
:100830000B02DACF2091460340914403222331F189
:10084000E091490340FF49C030914203332309F44A
:1008500040C021E02E0F20934903AE2FB0E0A95BEA
:10086000BC4FFFEFFC9350914303552351F0EE5FD3
:10087000E0934903E22FF0E0E95BFC4F50831092D4
:10088000430331503093420310924603E0914903F1
:1008900040FF6CC020914203222349F191E09E0F5A
:1008A00090934903AE2FB0E0A95BBC4F8C9380912D
:1008B0004303882351F0EE5FE0934903E92FF0E012
:1008C000E95BFC4F80831092430321502093420345
:1008D000E3CE22E020934203D7CF21E02E0F2093D6
:1008E0004903F0E0E95BFC4F5FEF5083CDCFA82FC9
:1008F000AF7040E031E0AF3029F0B0E0A050BE4F23
:100900004C9130E0582F507F503F59F4326030FF07
:1009100013C0D092420331FF0CC082E080934203A7
:10092000BBCE82958F70A82FB0E0A050BE4F2C9107
:10093000EECF20934303B0CE81E08E0F8093490326
:10094000AE2FB0E0A95BBC4F4C934A3009F4A4CE63
:1009500031FF03C0D09242039FCEEE5FE093490384
:10096000E82FF0E0E95BFC4F208396CE91E09E0FEC
:1009700090934903F0E0E95BFC4F80838DCE0097B4
:1009800019F410924B03DECE0091F9101091FA1079
:100990000D5F1F4F82509F4EFC01E00FF11F108230
:1009A00002501F4E1A83098380914B03811103C1AA
:1009B000F80180818E3409F08AC04AE050E0BE011F
:1009C0006F5F7F4FC80101960F94F8B52B013C0172
:1009D000E980FA80F7018081803231F4FFEFEF1A6D
:1009E000FF0AFA82E982F4CF80907D0390907E0323
:1009F000A0907F03B0908003D501C4010196A11D92
:100A0000B11D84159505A605B70549F044E050E0F1
:100A100067E378E1C7010F944CB8892BA1F46AE22F
:100A200070E0C7010F94C4C09093CD058093CC05AE
:100A3000009709F445C0F801F12CE817F90771F0A7
:100A40002191F226FACF89E095E70E94576F8FE552
:100A500093E10E94576FC501B40115C00E94DA40AE
:100A6000F8161906D9F089E095E70E94576F80E4DF
:100A700093E10E94576F60917D0370917E03809196
:100A80007F03909180030E94BD6E0E944F6F0E9471
:100A9000F2401092F8101092F71054CEE091CC056D
:100AA000F091CD051082E980FA8062E378E1C70118
:100AB0000F941BB8892B39F586E096E10E943572B8
:100AC00089E095E70E94576F86E193E1C2CF898163
:100AD0009A81FC012081203221F401969A83898336
:100AE000F6CF6AE270E00F94C4C0892B39F089E038
:100AF00095E70E94576F8CEE92E1BBCF44244A9455
:100B0000542C3201D0CF44E050E06DE278E1C701CF
:100B10000F944CB85C01F7018081873481F4809197
:100B2000110E853061F08BE695E00F942D20F6E0F4
:100B3000F093110E60E085EA9FE00F9491BAAB2824
:100B400021F080916E058111A4CF26E077FC21E091
:100B50008091F9109091FA10FC01E250FF4E208331
:100B600049815A81F801DA0140175107A1F5019036
:100B70000020E9F79F01201B310B0396280F391F36
:100B80002D3EF1E03F0779F13093FA102093F910F0
:100B90008091FC109091FD1001969093FD10809330
:100BA000FC1077FC08C040927D0350927E03609257
:100BB0007F03709280031092F8101092F7100E9439
:100BC000166E892B09F4BECD8FE590E00E9485401A
:100BD000811175CDB7CD6D9161939D01241B350BAE
:100BE0006111F9CFCACF1092FA101092F910D0CF3C
:100BF0008091100E60E273E0811102C060ED77E039
:100C00008CE493E00F94FE1F882309F497CD109293
:100C10004B031092F8101092F71082E298E10E94B4
:100C20007E7190CD80917C17882309F48BCD8091C3
:100C3000F7109091F810892B09F084CD8091FC1069
:100C40009091FD10892B11F410924A0312E001E0FB
:100C50004091FD175091FE176091FF177091001899
:100C60008091F6179091F717A091F817B091F917A6
:100C7000481759076A077B0708F0C1C080914A03EB
:100C80008111BDC00F94D581409181175091821779
:100C900060918317709184174093FD175093FE174E
:100CA0006093FF17709300182091F7103091F8109F
:100CB0008A3061F08D3051F0833209F487C02F35CE
:100CC000310524F48F3F980709F087C021153105BD
:100CD00009F438CD80917C17811103C040E050E0C9
:100CE000BA018091850390918603481B590BA0910E
:100CF000F910B091FA10FD01E250FF4E10834183CC
:100D00005283139622503F4EF901EA0FFB1F1082C7
:100D1000A250BF4EFD0101900020E9F73197EA1B78
:100D2000FB0BF8948091FC109091FD10019690932C
:100D3000FD108093FC10EC5F8091F9109091FA10F7
:100D4000E80FF92FF11DF093FA10E093F91080915C
:100D50007C17882309F43DC08091FD179091FE1700
:100D6000A091FF17B091001880938503909386039C
:100D7000A0938703B0938803ED3EF14021F41092D5
:100D8000FA101092F910789410924B031092F81008
:100D90001092F7104091FD175091FE176091FF17C8
:100DA000709100188091F6179091F717A091F8179D
:100DB000B091F917481759076A077B0700F58FE5C7
:100DC00090E00E948540811143CFBCCC00934A0340
:100DD0007DCF80E090E0DC01C7CFA9014F5F5F4F7E
:100DE0005093F8104093F7104091F9105091FA1079
:100DF00042505F4E240F351FF901838329CF409164
:100E0000FD175091FE176091FF17709100188091A7
:100E1000F6179091F717A091F817B091F9174817A6
:100E200059076A077B0708F48DCC0E94553F892B30
:100E300009F088CC0F94F27A89ED92E10E947E71DC
:100E40000F94F72E6B017C010E9411568CE3882EC3
:100E5000912CA12CB12CC701B601A50194010F94CE
:100E6000E0BACA01B901A50194010F94E0BA7F93D9
:100E70006F93C701B60120E13EE040E050E00F94DF
:100E8000E0BA3F932F938EE098E19F938F938E016A
:100E90000F5F1F4F1F930F930F9484B981E395E762
:100EA0000E94576FC8010E94EC82C8010E9426EE82
:100EB0000F940E88109269020FB6F894DEBF0FBE31
:100EC000CDBF8091EA14882359F00F94187D80914A
:100ED000100E882309F436CC86E00F94854732CC77
:100EE00081E00F944D888091EA148111EECFEFCF0D
:100EF000FF920F931F93CF93DF93EC01F62E66239F
:100F000009F44BC00F942BB88C01C8010E94854096
:100F1000882309F453C08091F9109091FA10FC01D4
:100F2000E250FF4E23E020838F5F9E4EBE01FF20E4
:100F3000E9F10F9424B881E395E70E94576F8EEC96
:100F400092E10E94576F8091F9109091FA108F5F93
:100F50009E4E0E94E0828CEC92E10E947E71809114
:100F6000F9109091FA100496080F191F0D3E81E0B8
:100F70001807F9F01093FA100093F9108091FC1003
:100F80009091FD1001969093FD108093FC10DF91DD
:100F9000CF911F910F91FF900895FC0101900020C7
:100FA000E9F731978F01081B190BAFCF0F94D8C009
:100FB000C2CF1092FA101092F910E0CF89E095E7B5
:100FC0000E94576F8EEC92E10E94576FCE01FF2076
:100FD00059F00E94576F82EF94E7DF91CF911F91F4
:100FE0000F91FF900C947E710E94E082F4CFCF931A
:100FF000DF933091720520917105321320C0EB010F
:10100000BC018091B702882319F080E20E94E76654
:1010100080917005882399F0209172058091E406F3
:101020009091E5062817190651F4209721F061E008
:10103000CE010E947887DF91CF910C94EC52809181
:1010400072058F5F80937205DF91CF9108950F93A2
:101050001F93CF93DF93D62F8C01C0E0F8018591C9
:10106000949161E00E947887CF5F0E5F1F4FDC1381
:10107000F5CFDF91CF911F910F910895CF93DF931B
:10108000CDB7DEB76E970FB6F894DEBF0FBECDBFFB
:101090009E012C5D3F4FF901419151919F016EE1FD
:1010A00070E0CE0101960F94C3B960E0CE010196C5
:1010B0000E9478876E960FB6F894DEBF0FBECDBF44
:1010C000DF91CF910895EF92FF920F931F93CF93EB
:1010D000DF93CDB7DEB76B970FB6F894DEBF0FBEC8
:1010E000CDBF8AE59FE00F946DBAE82E0AE01FE0BD
:1010F000F12C48E050E0FE1479F0B801CE010E96D4
:101100000F945DBA1E8A60E0CE010E960F949F8503
:10111000F394085F1F4FEDCF65E97FE08E010F5F0D
:101120001F4FC8010F945DBA19868EE28F8B43E082
:1011300050E061E97CE0CE0148960F945DBA1B8EC9
:10114000BE01695E7F4FC8010F94B9C01F930F9312
:1011500086EB9DE69F938F930E943E880F900F90A1
:101160000F900F906B960FB6F894DEBF0FBECDBFF9
:10117000DF91CF911F910F91FF90EF900895BF9253
:10118000CF92DF92EF92FF920F931F93CF93DF9353
:10119000E091010EE111B1C0052F142FE9016B019F
:1011A0007C01F8940E942C55B090000EB11002C042
:1011B000B090FF0D0E94E2540F94956580E1EAEE35
:1011C000F6E0A1E7B2E001900D928A95E1F7BB202D
:1011D00061F080E090E0A0E8BFEB80937102909313
:1011E0007202A0937302B0937402809139029091BD
:1011F0003A02909375038093740380910E0E909140
:101200000F0E90931106809310068091C80680936C
:1012100012068091410483FB882780F98093C505DD
:101220008091430480930F060E94007F1092E9147E
:1012300081E08093010E0F942A30789420E030E012
:10124000A901C701B6010F948ABC20E030E0A901D2
:10125000F8016C2F7D2F81115AC08F2F902F0F9482
:101260008ABC882309F449C08091C505811105C055
:1012700061E087E19EE20E9478870F931F93DF93DE
:10128000CF938EE39AE49F938F930E943E880F90B2
:101290000F900F900F900F900F9020E030E0A90179
:1012A000C701B6010F948ABC882321F184E48F938F
:1012B00088E48F931F921F922091790230917A02D5
:1012C00040917B0250917C02C701B6010F9495BBFF
:1012D0009F938F937F936F9386EC9EE19F938F9361
:1012E0000E943E888DB79EB70A960FB6F8949EBFAF
:1012F0000FBE8DBF81E08093FB10DF91CF911F91D6
:101300000F91FF90EF90DF90CF90BF9008958F2FB7
:10131000902F0F948ABC882349F2A6CF8091640451
:10132000882321F180914F028230E9F4A0914D028F
:10133000B0914E0228EE33E00F948DBBAB01BC019F
:101340008DE393E00F94B020882331F06091620424
:1013500070E085E00C9402E580913D03882331F034
:1013600060916304F5CF8111FBCFF0CF08956091B8
:10137000630484E39DE00F9491BA6091620483E377
:101380009DE00F9491BA60914F0282E39DE00F942B
:1013900091BA60914D0270914E0280E39DE00D94F0
:1013A000AFBA882361F081E080934F02809163049B
:1013B0008E3118F48EE1809363040C948E8982E35D
:1013C0009DE00F946DBA80934F0284E39DE00F94EB
:1013D0006DBAF1CF80916404882331F08DE393E0FE
:1013E0000F945D220C948E890895FF920F931F93A2
:1013F000CF93DF9390916404992399F1882351F15D
:1014000000914F02C82FD0E0CC0FDD1F10E0FF2469
:10141000F394212F30E080913D038F25023009F0B5
:1014200080E08C0F9D2F911D281739078CF481E0E7
:1014300090914F02911180E080934F020E948E891B
:1014400069E170E080E090E00F94991F1F5FE1CFA9
:1014500000934F02DF91CF911F910F91FF900C9459
:10146000EA89DF91CF911F910F91FF9008950F931B
:101470001F93CF93DF93C82F80910318813009F415
:1014800047C0823009F45DC00E94E8578111FFC057
:1014900080910E0E90910F0E009739F42091C8069E
:1014A0003091C906232B09F4F2C0409130025091CB
:1014B000310260913202709133024115510561058C
:1014C000710509F4E4C0892B31F48091C80690912C
:1014D000C906892B29F080913E06882309F43FC173
:1014E0008091100E882321F040EE52E369E270E013
:1014F0008EE396E00F94B020882309F4CAC00F94BD
:10150000862581E99EE00E94FBF70F94FF17C1C07A
:101510000F947183882309F4B7CF81E0909110185C
:10152000911101C080E0809306188091E80E90919F
:10153000E90E909313188093121882E08093031899
:10154000A3CF0F94718310920718809103188230F3
:1015500009F09ACF80910818811140C0D0911018DD
:1015600081E0D11101C080E090910618891709F43B
:101570008BCF8093061888E098E10F942D20DD230F
:10158000B1F180910418882311F180910004811138
:101590001EC0809113148130D1F08091FD0D909187
:1015A000FE0D891B8F7099F40E94975781110FC00F
:1015B00080910C0E843059F08FE59FE00F946DBA46
:1015C000811105C061E087E092E00E94565381E0FE
:1015D0008093071881E08093B70256CF64E670E0ED
:1015E00088E098E10F94FE1F8111B8CF4DCF809114
:1015F0000518882379F3809100048111EBCF809145
:10160000FD0D9091FE0D891B8F7021F40E9497575C
:10161000882301F38091010E8111DCCF8091131496
:101620008130C1F280910C0E8430A1F28FE59FE0F1
:101630000F946DBA8111CECF82E394E19F938F9383
:1016400088E194E19F938F930F942FB9109205181E
:101650001092041820E030E0A901CA01B9010E94EB
:10166000BF8860E070E0CB010E947E5985E69FE074
:101670000E942D6D81E09FE00E94206D8DEA9DE625
:101680000F945E7C0F900F900F900F90A3CF10924D
:101690003E068091FC109091FD10039714F40E9477
:1016A000F0829091FD0D8091FE0D981781F0809150
:1016B000110E863061F468E873E18BE695E00F94D3
:1016C000FE1F882321F08BE695E00F942D2040919A
:1016D00081035091820360918303709184034115CB
:1016E00051056105710509F03FC0409134025091E8
:1016F000350260913602709137024115510561053E
:101700007105A9F089E893E00F94B020882379F05F
:101710009091FD0D8091FE0D981309C0C11107C075
:10172000179A1092E706169A1092E806149AC0913A
:1017300043049091FE0D8091FD0D981701F1809169
:10174000FE0D9EE6899FF0011124ED59F84FC081EE
:101750009091FD0D981799F08F5F8F70F9CF8EE300
:1017600096E00F945D2295CF89E893E00F94B02026
:10177000882309F4BACF8AE19EE10E943572CC2316
:1017800009F49FC080916F0390917003A091710341
:10179000B0917203892B8A2B8B2B81F40F94CC1F71
:1017A000605E7C4F8F4F9F4F60936F037093700309
:1017B0008093710390937203CFEF0FC00F94CC1FEF
:1017C00000916F03109170032091710330917203A7
:1017D000601771078207930778F38091C706882303
:1017E00009F478C0C093140280916905811107C083
:1017F00081E0809369050F94CEAD109269058091C8
:1018000037068823E1F11092370680E00E94F589BF
:101810004FB7F89480913506282F082E000C330B13
:1018200037FF03C0319521953109243031050CF47F
:1018300054C0982F87FF02C093E0980F9595959517
:101840002091E4063091E506290F311D97FD3A9568
:101850003093E5062093E406837887FF03C0815028
:101860008C6F8F5F809335064FBF86E00F94EF3A01
:101870008091B702811103C081E08093B7020E947A
:101880008E8980913806882361F00E94D668E091A5
:101890007904F0917A04309721F08091B802811197
:1018A00019950E945B710E94637F40E355E760E0F9
:1018B00070E087EF93E0DF91CF911F910F910D942E
:1018C000B02010926F031092700310927103109267
:1018D000720383CFC093090587CF109235064FBF9F
:1018E00080E0C4CFCF93DF93EC010F94594F81E098
:1018F0000E94378A80E00E941F60209799F0C233CF
:10190000D10540F062E370E080E090E00F94991F11
:10191000E297EBCFBE0190E080E00F94991FD0E0FA
:10192000C0E0E3CFDF91CF910895CF93DF93EC0137
:101930006091080E7091090E80910A0E90910B0E25
:101940000F9406BD20910E0E30910F0EC901861B1B
:10195000970B069724F0CE010E94728CE9CFDF919D
:10196000CF910895CF93DF93C82FDFEF0F94594F96
:1019700081E00E94378A809111148F3FD9F48091C1
:10198000A613843021F48091A9138111EFCF8091A7
:10199000E4139091E513019749F780910B1490910E
:1019A0000C148932904811F360E089E290E80F94BA
:1019B0007E8ADCCFD0931114853039F4CF3FF9F211
:1019C00061E08C2F0F945DB4D1CF8430C1F6DF91EC
:1019D000CF9108951F920F920FB60F9211240BB65C
:1019E0000F922F933F934F935F936F937F938F93B8
:1019F0009F93AF93BF93EF93FF9320917800309123
:101A00007900E0913C03F0E0EE0FFF1FE45DFC4F36
:101A100080819181820F931F9183808380912B031A
:101A20008F5F80932B03803109F056C080913C0377
:101A30008F5F80933C03883009F046C080912C036F
:101A400090912D039093700680936F0680913003E0
:101A50009091310390936E0680936D0680913203CE
:101A60009091330390936C0680936B0680913603BC
:101A70009091370390937A0680937906809134038E
:101A8000909135039093C1068093C00680913A03EC
:101A900090913B039093BF068093BE0681E08093B4
:101AA0007905FF91EF91BF91AF919F918F917F91B8
:101AB0006F915F914F913F912F910F900BBE0F90BF
:101AC0000FBE0F901F90189580912A034FE553E0A9
:101AD0008F5F41F410922A0380917A008064809392
:101AE0007A00DFCF9A01082E02C0359527950A9417
:101AF000E2F720FFEDCF80932A030E94953F1092DA
:101B00002B03EACFCF93DF93CAE7D0E088818F7BA6
:101B1000888310922B0310923C0310922A0380E0DA
:101B20000E94953FECE2F3E080E1DF011D928A958F
:101B3000E9F7888180648883DF91CF9108954F927F
:101B40005F926F927F928F929F92AF92BF92EF922D
:101B5000FF920F931F93CF93DF931F92CDB7DEB702
:101B600044E050E064E170E087E19EE00F945DBAEC
:101B700043E050E061EC78E187E19EE00F944CB8DF
:101B8000892B09F0A0C1E5E8F9E1459155916591EE
:101B9000749188ED90E00E941849E9E8F9E14591D7
:101BA0005591659174918CED90E00E941849EDE893
:101BB000F9E1649180EE90E00E940E6DEEE8F9E1AB
:101BC0006591749181EE90E00E94F66CE0E9F9E194
:101BD0006591749183EE90E00E94F66CE1E8F9E182
:101BE000459155916591749184ED90E00E9418495A
:101BF0004DE559E160E170E080EB90E00E94D76C28
:101C00004DE659E160E170E080EC90E00E94D76C15
:101C10004DE759E164E070E080ED90E00E94D76C00
:101C200041ED50E064E170E087E19EE00F945DBA21
:101C30000E94AB5507E11EE083EBE82E8EE0F82E04
:101C400094EC892E99E0992EA12CB12C20EC422EF7
:101C500023E0522E612C712C20E030E048E453E464
:101C6000F80164897589868997890F941EBE1816B4
:101C70004CF480E090E0A8E4B3E4F801848B958B09
:101C8000A68BB78BF70161917191819191917F0141
:101C900020E030E048EC52E40F941EBE181654F4D5
:101CA00080E090E0A8ECB2E4F70134978083918360
:101CB000A283B383F80184A195A1A6A1B7A1853C15
:101CC0009940A105B10528F0F80184A295A2A6A229
:101CD000B7A2F70184859585A685B785813C934099
:101CE000A105B10528F0F7014486558666867786FA
:101CF0000C5F1F4FFEE00F311F0709F0ADCF609161
:101D0000D30E70E080E00F94401D6091D40E70E01F
:101D100081E00F94401D6091D50E70E082E00F9439
:101D2000401D6091D60E70E083E00F94401D0F942B
:101D30003A520F94CA2ECE0101960F94082844E31C
:101D400050E867EB7AEB82EA9CE00E94184946E68D
:101D500056E666E87FE38EE99CE00E9418494AE96E
:101D600059E969E17EE38AE99CE00E9418496EE046
:101D700071E088E99CE00E94F66C61E087E99CE0F4
:101D80000E940E6D82E09DE00F946DBA91E081118A
:101D900001C090E090937A058EEF9CE00F9475BAA5
:101DA00060933313709334138093351390933613E9
:101DB00082EA9CE00F9475BA6093371370933813DE
:101DC0008093391390933A138EE99CE00F9475BA7F
:101DD00060933B1370933C1380933D1390933E1399
:101DE0008AEF9CE00F9475BA60933F137093401391
:101DF00080934113909342138AE99CE00F9475BA43
:101E00006093431370934413809345139093461348
:101E100088E99CE00F947BBA0F94F02440E450E0F2
:101E20006AEB7CE089E493E10F945DBA86EB9CE079
:101E30000F9475BA6093891370938A1380938B13F0
:101E400090938C1382EB9CE00F9475BA60938D1382
:101E500070938E1380938F13909390138EEA9CE06F
:101E60000F9475BA609391137093921380939313A8
:101E7000909394130F940F25811106C08BE598E180
:101E80000E947E710F9416280F947725CE0101963B
:101E90000F94FB2781E395E70E94576F85E898E14F
:101EA0000E947E7181E00F90DF91CF911F910F9181
:101EB000FF90EF90BF90AF909F908F907F906F902A
:101EC0005F904F9008950E944C8264E070E084E13E
:101ED00090E00E94CF3F91E08927E5CF2F923F927B
:101EE0004F925F926F927F928F929F92AF92BF922A
:101EF000CF92DF92EF92FF920F931F93CF93DF93D6
:101F0000CDB7DEB7CF58D1090FB6F894DEBF0FBEFC
:101F1000CDBF82E08093BF02A090EB12B090EC1294
:101F200085010F5F1E4E46E050E068E379E2C8018C
:101F30000F944CB8892B09F0B5C089E299E20F944F
:101F4000DB51882309F48EC088E50E942041182FB8
:101F500089E50E942041811112600F9481511A82FB
:101F60001982FE01339683E1DF011D928A95E9F71C
:101F700048EC5FEA60E070E088E793E00F94B020FF
:101F8000811110927703009177030F5F009377031D
:101F900088E793E00F945D2280917603812B8093F4
:101FA000760310FF08C086E69FE00E942D6D85E055
:101FB0009FE00E94206D11FF08C088E69FE00E940C
:101FC0002D6D83E09FE00E94206D81E00E945364AC
:101FD00082E00E941F60612FCE0101960E949F4502
:101FE000CE0101960E9426EE40E061E081E00E9471
:101FF0000F7961E081EC95E2033048F110920F0E09
:1020000010920E0E80E00E9453640E9489616091DC
:102010007603CE0101960E949F4510927603CE0171
:1020200001960E94EA674FED5CE361E080E00E9468
:102030002D618FE30E94476040E060E090E080E027
:102040000E9457EF61E081110AC083EB95E20E9484
:10205000788781E08093BF020E94E67ED3C386EA40
:1020600095E2F5CF8BE199E20F94DB51882369F07B
:102070000E948C57811106C060E070E080E89FE309
:102080000E947E590F949B1EE4CF8EE099E20F943C
:10209000DB518823F1F20F949B1E60E080E00E94E8
:1020A00037EED7CF44E050E069E079E2C8010F9401
:1020B0004CB8892B09F0FCC085010B5F1E4E49E02E
:1020C00050E06FEF78E2C8010F944CB8892BC9F447
:1020D000F501E25FFE4E1081153489F01855143079
:1020E00008F0B7CF4AE050E070E060E0C501815FE2
:1020F0009E4E0F94F8B5812F0F941990AACF13E03C
:10210000F1CF49E050E065EF78E2C8010F944CB898
:10211000892B51F5F501E25FFE4E1081153411F166
:102120001855143008F095CF4AE050E070E060E0B8
:10213000C501815F9E4E0F94F8B5E12FF0E0EE5A95
:10214000FA4F808140E051E002C0569547958A954C
:10215000E2F7842F880F880F81506823812F0F9416
:10216000309377CF13E0E0CF49E050E06BEE78E2B8
:10217000C8010F944CB8892B09F06BCFF501E25FD1
:10218000FE4E8081853409F490C018EAC12EC80E35
:10219000B3E0BC1508F45DCFEC2CF12C4701880CA2
:1021A000991CF401ED55FD4F0081202F2F70102F49
:1021B00012951770001F0027001F61816770660F5E
:1021C000062BF401EC55FD4FD080D694D694D694CE
:1021D000ED2DE370DE2E1A821982C501815F9E4EBD
:1021E000DC013C91B22E3323E1F14AE050E0BE0124
:1021F0006F5F7F4F0F94F8B56F70B62E89819A810B
:10220000009779F1FC012081222359F14AE050E046
:10221000BE016F5F7F4F0F94F8B5162F177089813D
:102220009A810097F1F0DC012C912223D1F04AE051
:1022300050E0BE016F5F7F4F0F94F8B5062F0F700F
:1022400089819A81009769F0FC012081222349F05D
:102250004AE050E0BE016F5F7F4F0F94F8B56370A6
:10226000D62EF401ED55FD4F17701295107F602F9B
:102270006795662767951B29162B1083602F669537
:102280000181007E2D2D2370D22EDD0CDD0CDD0CA6
:10229000062BD02AD182F701EE5AFA4F50E040E0E7
:1022A00060818C2D0F94D51CD4CEB3E0CB2E74CF8F
:1022B00045E050E065EE78E2C8010F944CB8892BF8
:1022C00009F0D9C18091100E882309F448C082EA30
:1022D00095E20F94DB51882379F08091CE051F920F
:1022E0008F9381E895E19F938F930F942FB90F906F
:1022F0000F900F900F90ADCE8EE995E20F94DB51C9
:10230000882319F010927B04A4CE8BE995E20F94F8
:10231000DB51882321F18091CC059091CD0561E0BE
:1023200003960F94D6860F94D5818C0180918117E6
:1023300090918217A0918317B09184178093FD1715
:102340009093FE17A093FF17B0930018802F0E9460
:10235000446E0A30110539F70F94F27A7ACE8BED7C
:1023600098E20F94DB51882309F43CC01092C70611
:1023700014E6C12CD12C76016F9A779864E170E055
:1023800080E090E00F94991F0F94731F4B015C0144
:10239000F8946F98679BFECF78940F94731FDC01BD
:1023A000CB0188199909AA09BB09C816D906EA06FA
:1023B000FB0610F46C017D011150F1F680E995E205
:1023C0000E94576F8CE895E235EFC31631E0D306D3
:1023D000E104F10410F489E895E20E947E716F989F
:1023E000779A37CE87ED98E20F94DB51882321F15D
:1023F00040912404509125042CE3249FC001259F83
:10240000900D11249F938F934091220450912304A7
:10241000249FC001259F900D11249F938F9381EDE0
:1024200097E19F938F930F942FB90F900F900F9078
:102430000F900F900F900DCE82ED98E20F94DB512C
:10244000882311F18CE89FE00F946DBA811110C0C0
:1024500061E082EB9DE60E94788760E085EA9FE07C
:102460000F9491BA60E08FE79CE00F9491BAF1CDA0
:10247000813009F0EECD0F94CF2F8BE695E00F94CD
:102480002D200F94D81FE5CD8BEC98E20F94DB51F3
:10249000882321F080E00F94310EDBCD85EC98E2AB
:1024A0000F94DB51882351F01092FC1F1092FD1FF6
:1024B0001092FE1F1092FF1F0E943E5782EC98E27E
:1024C0000F94DB518823A9F044E150E065E17DE001
:1024D000CE0101960F945DBA8C89882329F087EB91
:1024E00098E20F9456B9B5CDCE0101960F94FCC079
:1024F000B0CD83EB98E20F94DB51882329F087EA73
:1025000098E20E947E71A5CD83EA98E20F94DB5198
:10251000882319F086E898E2F4CF81E898E20F94D6
:10252000DB51811196CD8EE798E20F94DB51882321
:1025300079F081EA9DE00F946DBA4BE0849FC00171
:10254000112470E060E0805B924F0F94AFBA81CDB0
:102550008BE798E20F94DB51882351F00E94896148
:1025600040E070E060E084E690E00F94CB3C71CDF9
:1025700087E798E20F94DB518823E1F086E50E941B
:102580002041882309F465CD0E94DA4011E0892BAF
:1025900009F410E00F94815180911B1490E01817FA
:1025A000190609F456CD10931B1482EF96E00F9490
:1025B000CC524FCD80E798E20F94DB51882309F489
:1025C00048CD84E40E9420418823A1F00E94B345B5
:1025D00020E030E04AE754E40F943AB520E030E0E0
:1025E00040E05FE30F9495BB0F940DBDCB010E94BB
:1025F00078F82FCD8CE698E20F94DB51882321F0F8
:102600008091100E811112C085EA9DE00F947BBA73
:10261000BC0190E080E00F94F9B420E030E04AE79C
:1026200054E40F9494BC0F94C37A13CD8091CC05DD
:102630009091CD0502969093CD058093CC050E9494
:10264000B3456B017C016FEF87EA9DE00F9491BA6F
:1026500020E030E04AE754E4C701B6010F943AB5F0
:1026600020E030E040E05FE30F9495BB0F940DBD98
:1026700085EA9DE06ACFD8018C91873411F00C94E3
:10268000F09E1093CD050093CC050E94DA40909304
:102690009703809396038B34910509F4D0C60CF010
:1026A00049C18430910509F422C60CF0C5C097FDDC
:1026B000CFC002970CF0A0C10E94B53E8C010E94D1
:1026C000DA466091E6037091E7038091E803909108
:1026D000E9030F94F9B46B017C014090F606509029
:1026E000F7066090F8067090F9068090D6069090F4
:1026F000D706A090D806B090D906A5019401C301D1
:10270000B2010F9494BB20E030E048EC52E40F9407
:102710003AB59B01AC01C701B6010F941EBE181655
:10272000D4F4A3019201C501B4010F9494BB20E03D
:1027300030E048EC52E40F943AB5A70196010F94AB
:1027400095BB0F940DBD6093E6037093E7038093F0
:10275000E8039093E9038091990E882309F444C11A
:1027600088E50E94204181113FC189E50E942041F6
:1027700081113AC18AE50E942041811135C185E469
:102780000E942041882309F42FC12091F606309140
:10279000F7064091F8065091F9066091D6067091BF
:1027A000D7068091D8069091D9060F9494BB6B01FF
:1027B0007C012DEC3CEC4CEC5DEB0F948ABC87FF6C
:1027C00005C18091E60681110C9452C60F94815187
:1027D0008091D6069091D706A091D806B091D906DF
:1027E0008093F6069093F706A093F806B093F90647
:1027F00086EF96E00F9499529091E60681E0892742
:102800000F94B591C157DF4F0FB6F894DEBF0FBEDE
:10281000CDBFDF91CF911F910F91FF90EF90DF908F
:10282000CF90BF90AF909F908F907F906F905F9070
:102830004F903F902F9008958531910509F4D7C0AE
:10284000FCF48A30910509F49BC50B9709F49CC5EB
:102850008091EB129091EC128F5F9E4E9F938F931D
:102860001F9287E48F9383EF96E19F938F930F944A
:102870002FB90F900F900F900F900F900F90B7C03F
:102880008C31910509F482C54E9711F70F9481514F
:1028900081E08093FF0D0E94DA568C0180E090E089
:1028A000A8E4B4E48093B9029093BA02A093BB0267
:1028B000B093BC0243E060E070E080E291EC0F94E2
:1028C0009F948091F5068F938091F4068F93809169
:1028D000F3068F938091F2068F938091F1068F9388
:1028E0008091F0068F938091EF068F938091EE0692
:1028F0008F938091ED068F938091EC068F9380915A
:10290000EB068F938091EA068F9384E69AE39F9378
:102910008F938CEA97E19F938F930F942FB9C801FF
:102920000E94C0561092FF0D0FB6F894DEBF0FBE86
:10293000CDBF5DC08835910509F459C0F4F48135E7
:10294000910511F40C943F9E5CF48C34910509F4CC
:1029500099C58035910509F07BCF0E94347947C035
:102960008635910511F40C94439E8735910509F045
:102970006FCF80E10E947EEA3AC08C35910511F458
:102980000C944F9E74F48A35910511F40C94489E72
:102990008B35910509F05CCF8091410487600C94E0
:1029A0004B9E8236910511F40C94DD9E8336910581
:1029B00009F04ECF1092100E60E084EC9FE00F946F
:1029C00091BA82E00E941F600C94EC9E2DEC3CECCE
:1029D0004CEC5DE3C701B6010F941EBE181624F43B
:1029E0008091E6068111F2CEC8010E94815D1092AD
:1029F0009703109296032DCB0E94B53EE0969FAFB1
:102A00008EAFE0970E94DA4689E40E942041882335
:102A100009F400C40E94B34560938E0370938F0342
:102A200080939003909391038AE40E942041C12CEB
:102A3000D12C7601882321F00E94B3456B017C01E3
:102A4000C0929203D0929303E0929403F092950384
:102A5000E0919603F0919703C257DF4FF983E88323
:102A6000CE58D04080908E0390908F03A09090031A
:102A7000B0909103A7019601C501B4010F9431BE36
:102A8000AE966CAF7DAF8EAF9FAFAE9760913902BF
:102A900070913A02072E000C880B990B0F94FBB42F
:102AA0002091B9023091BA024091BB025091BC0210
:102AB0000F943AB52EE333EC4EE259E30F943AB556
:102AC000AA966CAF7DAF8EAF9FAFAA9780E1EAEE7A
:102AD000F6E0DE01119601900D928A95E1F7A501CD
:102AE000940150586E962CAF3DAF4EAF5FAF6E97CE
:102AF000D701C601B0586A968CAF9DAFAEAFBFAFDD
:102B00006A9729813A814B815C81E6962CAF3DAF73
:102B10004EAF5FAFE697C501B4010F9495BBEA963F
:102B20006CAF7DAF8EAF9FAFEA978D819E81AF81F5
:102B3000B885EE968CAF9DAFAEAFBFAFEE979C0160
:102B4000AD01C701B6010F9495BBCE57DF4F688327
:102B500079838A839B83C258D04029853A854B85E7
:102B60005C856091D2067091D3068091D4069091D5
:102B7000D5060F9494BBC258DF4F688379838A834C
:102B80009B83CE57D0402091CA063091CB0640910E
:102B9000CC065091CD06CA57DF4F288339834A832C
:102BA0005B83C658D040EA962CAD3DAD4EAD5FADCF
:102BB000EA97CA57DF4F688179818A819B81C6581D
:102BC000D0400F9494BB6B017C018091CE06909114
:102BD000CF06A091D006B091D106C657DF4F8883AB
:102BE0009983AA83BB83CA58D040CE57DF4F288130
:102BF00039814A815B81C258D040BC01CD010F941C
:102C000094BB4B015C013090DB0E2090DC0E909168
:102C1000DD0E6F969FAF6F97A091DE0EA396AFAFBC
:102C2000A397A70196016E966CAD7DAD8EAD9FAD5D
:102C30006E970F943AB52B013C01A50194016A9659
:102C40006CAD7DAD8EAD9FAD6A970F943AB59B018B
:102C5000AC01C301B2010F9495BB2B013C01A5014E
:102C600094016E966CAD7DAD8EAD9FAD6E970F9459
:102C70003AB54B015C01A70196016A966CAD7DAD3A
:102C80008EAD9FAD6A970F943AB59B01AC01C5011B
:102C9000B4010F9494BBA30192010F9414BC6B0177
:102CA0007C0120E030E0A9010F948ABC87FF0AC0B4
:102CB0002BED3FE049EC50E4C701B6010F9495BB02
:102CC0006B017C016091E40E7091E50E6115710558
:102CD00009F4A4C290E080E00F94F9B49B01AC0128
:102CE0006BED7FE089EC90E40F9494BCAE962CAD34
:102CF0003DAD4EAD5FADAE970F943AB55B018C0123
:102D00006091E60E7091E70E61157105F1F090E0AB
:102D100080E00F94F9B420E030E040E752E40F94F3
:102D20003AB59B01AC01AA966CAD7DAD8EAD9FAD61
:102D3000AA970F9494BC3B014C019501A8010F94F4
:102D40008ABC87FF02C0530184014090DF0E50907F
:102D5000E00E6090E10E7090E20E9501A801B201C4
:102D6000C3010F941EBE1816C4F09501A801632D6F
:102D7000722D6F968FAD6F97A3969FADA3970F940B
:102D80008ABC2501380187FF08C0432C522C6F965E
:102D90006FAC6F97A3967FACA397C257DF4FE881C4
:102DA000F981CE58D040329751F42BED3FE049ECF9
:102DB00050E4C701B6010F9494BB6B017C01CA5764
:102DC000DF4F288139814A815B81C658D040E69621
:102DD0006CAD7DAD8EAD9FADE6970F948ABC811131
:102DE00025C0C657DF4F288139814A815B81CA5887
:102DF000D040EE966CAD7DAD8EAD9FADEE970F944D
:102E00008ABC811113C020E030E0A901C701B601DE
:102E10000F948ABC81110AC02BED3FE049EC50E4CD
:102E2000C701B6010F9495BB6B017C01A701960108
:102E3000AE966CAD7DAD8EAD9FADAE970F943AB5AD
:102E4000C258DF4F288139814A815B81CE57D040FB
:102E50000F9431BE4B015C012FE632E143E85AE3A7
:102E60000F948ABC87FDCFC19201A301C501B401B3
:102E70000F9494BC0F9473BC0F940DBDA4967FAFB8
:102E80006EAFA4976230710508F48BC1E0964EAD29
:102E90005FADE097452B09F484C15091E30E6F9626
:102EA0005FAF6F9790E080E00F94F9B44B015C0145
:102EB000AC019B01C701B6010F9494BC2B013C01EE
:102EC000A5019401C258DF4F688179818A819B8175
:102ED000CE57D0400F9494BCEE966CAF7DAF8EAFC2
:102EE0009FAFEE972D853E854F8558896091D60618
:102EF0007091D7068091D8069091D9060F9494BB13
:102F0000A50194010F9494BCC258DF4F6883798364
:102F10008A839B83CE57D040A3019201C301B201A3
:102F20000F943AB56B017C01AC019B01C301B20166
:102F30000F943AB520E030E040EC50E40F9494BC9C
:102F40009B01AC01C301B2010F9494BBAE966CAF70
:102F50007DAF8EAF9FAFAE9720E030E040E05FE303
:102F6000C701B6010F943AB59B01AC0160E070E077
:102F700080E89FE30F9494BBE6966CAF7DAF8EAF75
:102F80009FAFE69722242394312C6F968FAD6F97D5
:102F900081114DC1B10190E080E00F94F9B4A3011B
:102FA00092010F943AB56B017C010F948FBC6A9625
:102FB0006CAF7DAF8EAF9FAF6A97C701B6010F941C
:102FC00055BF4B015C01C0908E03D0908F03E09001
:102FD0009003F0909103F7FAF094F7F8F0942091B1
:102FE0009203309193034091940350919503A296DC
:102FF0002CAF3DAF4EAF5FAFA297A70196016A9687
:103000006CAD7DAD8EAD9FAD6A970F943AB56E965F
:103010006CAF7DAF8EAF9FAF6E97A2962CAD3DADDE
:103020004EAD5FADA297C501B4010F943AB59B01B7
:10303000AC016E966CAD7DAD8EAD9FAD6E970F946D
:1030400095BB6E966CAF7DAF8EAF9FAF6E97A701AD
:103050009601C501B4010F943AB56B017C01A296AB
:103060002CAD3DAD4EAD5FADA2976A966CAD7DAD1A
:103070008EAD9FAD6A970F943AB59B01AC01C70125
:10308000B6010F9494BB6A966CAF7DAF8EAF9FAFC5
:103090006A973091E30E6F963FAF6F976E962CADA7
:1030A0003DAD4EAD5FAD6E97EA966CAD7DAD8EAD2C
:1030B0009FADEA970F9495BB69837A838B839C833A
:1030C0006A962CAD3DAD4EAD5FAD6A97CE57DF4FE2
:1030D000688179818A819B81C258D0400F9495BBC9
:1030E0006D837E838F839887EE962CAD3DAD4EAD7C
:1030F0005FADEE9769857A858B859C850F9495BB2E
:1031000069877A878B879C87C258DF4F28813981EE
:103110004A815B81CE57D0406D857E858F859889A9
:103120000F9495BB6D877E878F87988BCE01019614
:103130000E94425DE0968EAD9FADE097281639065D
:1031400008F1E984FA840B851C852D813E814F812D
:10315000588569817A818B819C813F922F92AAEE5A
:10316000B6E0BF93AF93AA968CAC9DACAEACBFACAF
:10317000AA97DE011D966D010F94F3520F900F90E8
:103180000F900F908091040E81113DC0BFEF2B1A5C
:103190003B0AA496EEADFFADA497E215F30509F046
:1031A000F4CE8AEC96E00E94425DE090D206F09068
:1031B000D3060091D4061091D5062091CE06309109
:1031C000CF064091D0065091D1066091CA06709109
:1031D000CB068091CC069091CD061F921F92EAEE0D
:1031E000F6E0FF93EF93AA968CAC9DACAEACBFAC6F
:1031F000AA97E6EDCE2EE6E0DE2E0F94F3520F9066
:103200000F900F900F900E94413F89E893E00F9438
:103210005D22EDCB60E070E0CB01FECBA32CB22CA5
:103220006F960FAD6F97A3961FADA39769CD6F965D
:103230004FAD6F9741506F964FAF6F97AE962CADD5
:103240003DAD4EAD5FADAE976E966CAD7DAD8EADC6
:103250009FAD6E970F943AB56B017C01E6962CAD4D
:103260003DAD4EAD5FADE6976A966CAD7DAD8EAD72
:103270009FAD6A970F943AB59B01AC01C701B601A7
:103280000F9495BB7B018C01E6962CAD3DAD4EAD08
:103290005FADE6976E966CAD7DAD8EAD9FAD6E97D2
:1032A0000F943AB54B015C01AE962CAD3DAD4EADE1
:1032B0005FADAE976A966CAD7DAD8EAD9FAD6A97F2
:1032C0000F943AB59B01AC01C501B4010F9494BBB6
:1032D0006E966CAF7DAF8EAF9FAF6E97C701D80172
:1032E0006A968CAF9DAFAEAFBFAF6A97D7CE80E581
:1032F0000E942041C12CD12C7601882331F00E94FC
:10330000B3450F940DBD6B017C0183E50E94204104
:10331000882361F00E94B34520E030E04AE754E49E
:103320000F943AB50F940DBD6B017C01C114D1040B
:10333000E104F10441F080911C07873021F088EC12
:1033400097E10E9403EE0F9481510F94CC1FC60E9B
:10335000D71EE81EF91E89E893E00F945D220F94B2
:10336000CC1F6C157D058E059F0508F040CB0F9492
:10337000594F80E00E94378A80E00E941F60EFCFA3
:1033800081E00F94B59133CB80E0FBCF88E50E94BC
:103390002041382E412C512C3201882321F00E94EB
:1033A000E7402B013C0189E50E942041282E88231B
:1033B00009F43EC00E94E7406E966CAF7DAF8EAFC1
:1033C0009FAF6E978AE50E942041D82E812C912CC8
:1033D0005401882321F00E94E7404B015C0187E5FE
:1033E0000E94204167968FAF679783E40E94204137
:1033F0006796FFAD6797FF938F93CD2C6E96ECACDD
:10340000FDAC0EAD1FAD6E97222DB301A201832D31
:103410000E942E770F900F903110E9CA2110E7CA51
:1034200067962FAD67972111E2CAD110E0CA95CAFD
:103430006E961CAE1DAE1EAE1FAE6E97C3CF08E2D9
:1034400010E023EAE22E27E1F22E602F70E090E0F8
:1034500080E00F94F9B40E948C419F938F937F93E7
:103460006F931F930F93FF92EF920F942FB90F5FFB
:103470001F4F0FB6F894DEBF0FBECDBF0F3611053C
:1034800021F7B5CA20E030E040E251E46091F20358
:103490007091F3038091F4039091F5030F941EBE95
:1034A00087FF05C088E598E20E947E71A0CA82E08D
:1034B0000E948BEA811105C088E492E10E94FBF72B
:1034C00096CA8091E706882341F08091E806882318
:1034D00021F01091E906111108C081E08093FB10E2
:1034E0008BE19EE20F945E7C82CA81E092E10E94B1
:1034F000FBF741E060E084E19AE60E9457EF81111A
:103500005FC080E090E0A0EAB0E48093F206909380
:10351000F306A093F406B093F50660E070E088E44B
:1035200092E40F94626580E090E0A8E4B2E48093B6
:10353000F2069093F306A093F406B093F50680E0AC
:1035400090E0A4E3B3E48093EE069093EF06A0939B
:10355000F006B093F10660E070E088E492E40F9426
:1035600062650F94815187EC99E60E94FBF7EDE4C8
:10357000FFE685919591A591B4918093EE06909385
:10358000EF06A093F006B093F106E9E4FFE685911B
:103590009591A591B4918093EA069093EB06A09340
:1035A000EC06B093ED0660E070E088E492E40F94DE
:1035B00062650F94815141E060E080E00E940F79E4
:1035C00020E030E04CE052E46091F2037091F303AC
:1035D0008091F4039091F5030F941EBE18160CF021
:1035E00075C08091100E811171C080E090E0A8EC50
:1035F000B2E48093F2069093F306A093F406B0939E
:10360000F50660E070E088E492E40F9462650F9440
:10361000862519821A821B821C821D82CE01019688
:103620000F945D2203E291E8E92E95E2F92E20E065
:1036300030E04CE052E46091F2037091F30380912A
:10364000F4039091F5030F941EBE1816B4F58BEB9E
:1036500091E10E94D9F342E864E080E00E94396180
:103660001F920F936091F2037091F3038091F40322
:103670009091F5030F9406BD7F936F93FF92EF92A5
:103680000E94316081E80E94476088EE93E00E94CA
:10369000728C0E94656F40E053E567E070E0CE01F8
:1036A00001960F94B0200F900F900F900F900F90F5
:1036B0000F90882309F4BBCF10E081E00E9453648F
:1036C000111104C080E00F94640B91C90F948151D3
:1036D00081E08093FF0D0E9453648AE398E20E9488
:1036E0007E718090F2039090F303A090F403B09069
:1036F000F50320E030E040EA50E4C501B4010F9446
:1037000094BC0F9406BD25E0269FA001279F500D75
:103710001124BA01550F880B990B0F94FBB41B01B0
:103720007C0120E030E04CE052E40F948ABC87FF3B
:1037300006C0212C312C0CE0E02E82E4F82E222D44
:10374000332D4E2D5F2DC501B4010F941EBE1816EA
:1037500064F420E030E040EA50E4622D732D8E2DB9
:103760009F2D0F9495BB1B017C01FF92EF923F921E
:103770002F928AE897E19F938F930F942FB920E0BF
:1037800030E040EF51E4622D732D8E2D9F2D0F946C
:1037900094BB20E030E04CE852E40F9495BB0F94CA
:1037A00006BD7093C9066093C80684E080931C0729
:1037B00081E08093530481E49BE30E9403EE80E068
:1037C00090E0A0EAB0E48093F2069093F306A09311
:1037D000F406B093F50660E070E088E492E40F949C
:1037E000626580E090E0A0EAB1E48093EA069093FD
:1037F000EB06A093EC06B093ED0680E090E0A0E726
:10380000B2E48093EE069093EF06A093F006B09397
:10381000F10660E070E088E492E40F9462658AE962
:1038200099E9A9E1BEE38093F2069093F306A09391
:10383000F406B093F50660E070E088E492E40F943B
:1038400062650F9481510F900F900F900F900F9021
:103850000F902091F2033091F3034091F4035091C3
:10386000F503622D732D8E2D9F2D0F941EBE1816FD
:103870003CF488EE93E00E94728C0E94656FE9CF61
:1038800060E086EA9FE00F9491BA80E090E0A0EAC1
:10389000B0E48093F2069093F306A093F406B093FD
:1038A000F50660E070E088E492E40F946265E9E474
:1038B000FFE685919591A591B4918093EA06909346
:1038C000EB06A093EC06B093ED06EDE4FFE68591E0
:1038D0009591A591B4918093EE069093EF06A093F5
:1038E000F006B093F10660E070E088E492E40F9493
:1038F00062650F94815143E060E070E080E89FEBE7
:103900000F949F94811105C00F94640B1092FF0DCA
:103910006EC89091F20667969FAF6797A091F306E5
:103920006B96AFAF6B97B091F4066F96BFAF6F9782
:10393000E091F506A796EFAFA797EF93BF93AF93EC
:103940009F938DE797E19F938F930F942FB90F90DB
:103950000F900F900F900F900F90BEEAAB2EBFE02C
:10396000BB2E13E2C12ED12C0FEF1FEFB6010D2C91
:10397000000C880B990B0F94FBB42B013C01DF92D8
:10398000CF92C80102969F938F9321E437E13F9332
:103990002F930F942FB948015FEF851A950A0F9066
:1039A0000F900F900F900F900F9011F40C9460C631
:1039B00070E060E0C5010F94AFBAA3019201622DDF
:1039C000732D8E2D9F2D0F948ABC181644F485E01C
:1039D0008816910411F00C946CC605E010E05801B3
:1039E00097E2A91A98EFB90AAA0CBB1C85E0809F40
:1039F0001001819F300C11240D5F1F4FFAE94F2EEB
:103A0000F9E95F2EF9E16F2EFEE37F2EA8E08A2E02
:103A1000A7E19A2EC801029705970CF0D4C0B10116
:103A2000635D7F4F072E000C880B990B0F94FBB43E
:103A30006B017C011F930F93A4E3B7E1BF93AF9396
:103A40000F942FB90093530420E030E040EF51E48D
:103A5000C701B6010F9494BB20E030E040E251E48E
:103A60000F943AB520E030E040EA50E40F9494BC63
:103A700020E030E048E452E40F9495BB0F9406BD7B
:103A80007093C9066093C80680E090E0A0EAB0E4B5
:103A90008093F2069093F306A093F406B093F50694
:103AA00060E070E088E492E40F94626520E030E02A
:103AB00040EA51E42093EA063093EB064093EC068B
:103AC0005093ED0680E090E0A0E7B2E48093EE062C
:103AD0009093EF06A093F006B093F10660E070E0DB
:103AE00088E492E40F9462654092F2065092F306E5
:103AF0006092F4067092F50660E070E088E492E46B
:103B00000F9462650F9481510F900F900F900F905A
:103B10002091F2033091F3034091F4035091F503A7
:103B2000C701B6010F941EBE18163CF488EE93E050
:103B30000E94728C0E94656FEBCF80E090E0A0EA5B
:103B4000B0E48093F2069093F306A093F406B0934A
:103B5000F50660E070E088E492E40F946265E9E4C1
:103B6000FFE685919591A591B4918093EA06909393
:103B7000EB06A093EC06B093ED06EDE4FFE685912D
:103B80009591A591B4918093EE069093EF06A09342
:103B9000F006B093F10660E070E088E492E40F94E0
:103BA00062650F94815143E060E070E080E89FEB34
:103BB0000F949F9495E0290E311C0F5F1F4F8111C8
:103BC00004C00F94640B81E09FCE67967FAD67972A
:103BD0006B966FAD6B976F969FAD6F97A7968FADF6
:103BE000A797272F362F492F582F6091F2067091F3
:103BF000F3068091F4069091F5060F9494BBF62E8F
:103C0000E72ED82EC92E2091230E3091240E4091FC
:103C1000250E5091260ED701F6016B2F7A2F8F2F8C
:103C20009E2F0F943AB50F9406BDA6966CAF7DAF4C
:103C30008EAF9FAFA697CF92DF92EF92FF928091C7
:103C4000F5038F938091F4038F938091F3038F9307
:103C50008091F2038F939F928F920F942FB9A49625
:103C60006EAD7FADA497C5010F94AFBAA2E0AA0EC6
:103C7000B11C0FB6F894DEBF0FBECDBFCBCE0E94F5
:103C8000177F0C94F79480E10E9429EA0C94F79432
:103C900080914104887F809341040C94F7946EEDE9
:103CA000C62E62E0D62E8E010F5B1F4F9E012F5F46
:103CB0003F4F790172EE872E72E0972E580139013D
:103CC000D6018D916D010E942041F50181935F0124
:103CD000882341F00E94B345D7016D937D938D9366
:103CE0009C931397B4E0EB0EF11C8C149D0441F7E8
:103CF000F801D380DD2029F120E030E0A9016D85B5
:103D00007E858F8598890F948ABC81111AC0D8014D
:103D10008C91811116C011968C911197811111C04F
:103D200012968C9181110DC01092F6061092F70632
:103D30001092F8061092F90681E080931B050C940E
:103D4000F7940F948151F12CE12CF80181918F01AE
:103D50008823D1F097012651394F5901F301EE0D17
:103D6000FF1D2081318142815381F701E159F14FDB
:103D700060817181828193810F9495BBD5016D9390
:103D80007D938D939C931397B4E0EB0EF11CECE0C4
:103D9000EE16F104D1F6DD2061F08D859E85AF85AC
:103DA000B8898093F6069093F706A093F806B0932F
:103DB000F9060F9408610C94F79481E08093100E3B
:103DC00061E084EC9FE00F9491BA1092FD0360E0F3
:103DD0008FEF9FE00F9491BA0E9479EC0C94F794C6
:103DE0008D3411F00C94D5C41093CD050093CC05FF
:103DF000F801319681918032E9F38930D9F380530B
:103E00008A3030F01F930F9386E298E20C947391FE
:103E10000E94DA409093030E8093020E893C910534
:103E200011F40C94DFAC0CF0FEC28E34910511F449
:103E30000C9493A80CF004C28C31910509F4D6C7F8
:103E40000CF0F1C08531910509F4E9C60CF05AC0B7
:103E50008131910509F4DAC6DCF4029708F445C60D
:103E60008091EB129091EC128F5F9E4E9F938F93F7
:103E70001F928DE48F9383EF96E19F938F930F941E
:103E80002FB90F900F900F900F900F900F9012C6B8
:103E90008231910511F40C94FBA9449709F781E054
:103EA0008093BF0283EE96E10E947E7184E50E94BA
:103EB0002041182F8CE40E94204100E080FB00F993
:103EC00010FB01F98FE695E10E94396E83E2EFE67F
:103ED000F5E1DE01119601900D928A95E1F720E05F
:103EE00050E040E0BE016F5F7F4F89EF92E00F949A
:103EF000707ECE0101960E943E6E85ED96E10E9495
:103F00007E71D8C58831910509F49AC684F486314A
:103F1000910509F488C6479709F0A2CF8091CC0596
:103F20009091CD0561E004960F94D686C3C58A3181
:103F3000910509F4CBC60CF0EBC60EED12E0FFE3E1
:103F4000AF2EF2E0BF2EA1E2CA2EA2E0DA2EB5E13A
:103F5000EB2EB2E0FB2EF80181918F010E942041EF
:103F6000882321F10E94B345D6014D905D906D905C
:103F70007C90A30192010F948ABC87FD11C00E941E
:103F8000B345F7014080518062807380A3019201A4
:103F90000F941EBE181624F00E94B3452B013C015D
:103FA000D5014D925D926D927C921397B4E0AB0E69
:103FB000B11CE4E0CE0ED11CF4E0EF0EF11C22E0C7
:103FC000013E120741F683E50E942041882311F447
:103FD0000C946DBD0E94CD4081116CC580E090E0D5
:103FE000A8E4B2E480933F0290934002A093410280
:103FF000B093420280E090E0AEE3B3E480934302EA
:1040000090934402A0934502B093460280E090E072
:10401000A0EAB1E48093470290934802A09349023A
:10402000B0934A0247C58D32910509F480C70CF060
:10403000D9C08F31910509F408C70CF059C08D31F2
:10404000910509F437C54E9709F00ACF8091EA141B
:10405000882309F42FC50F94F27A0091CC051091B2
:10406000CD050C5F1F4F8091EA14882309F422C507
:1040700089E797E10F94F5431092E91423961FAF57
:104080000EAF2397CE018F5B9F4F0F9451868823ED
:1040900009F410C523964EAD5FAD2397609192153C
:1040A0007091931519821C8222E0CE0101960F9423
:1040B000D8698111A3C610E0CE0101960E943E6E20
:1040C000112309F4B2C687E495E20E94576F239644
:1040D0008EAD9FAD23970E94EC821092FD17109237
:1040E000FE171092FF17109200180F941B84E2C461
:1040F0008A32910509F4D0C68C32910509F4FEC6C6
:10410000809709F0ADCE8091E91481110F9481510F
:104110000091CC051091CD050C5F1F4F61E270E05E
:10412000C8010F94C4C0009719F08C010F5F1F4F96
:1041300080E50E942041F82E8091CC059091CD051C
:104140000817190708F4F12C8091EA14882309F460
:10415000B1C461E06F25C8010F94D68683E50E9443
:104160002041882399F08091CC059091CD0580174E
:10417000910760F40E94E7406093FD177093FE176B
:104180008093FF17909300180F94FD7C8091EA14A0
:10419000882331F081E08093E91485E08093110E4B
:1041A000F11088C480917C17882361F08091FD17FD
:1041B0009091FE17A091FF17B0910018892B8A2BC0
:1041C0008B2B69F40E946E41109285031092860336
:1041D000109287031092880380E00E94D7810F9489
:1041E000CF2F68C48934910509F4E5C6CCF48E322A
:1041F000910509F4A2C68834910509F031CE83E512
:104200000E942041882309F4C7C60E94CD4088231C
:1042100009F4BFC6813009F04DC48093110E4AC421
:104220008C34910509F467C70CF078C78B3491057D
:1042300009F016CE0E9457F8882309F43BC4CFCF6B
:104240008E36910511F40C94F2AA0CF07DC08635DF
:10425000910511F40C944BAAB4F58335910511F432
:104260000C94F5A974F48F34910509F477C782355D
:10427000910509F0F5CD80914104877F8093410439
:1042800019C48435910511F40C94FBA98535910569
:1042900009F0E6CD83E50E942041882309F40AC491
:1042A0000E94B34520E030E04AE754E40F943AB569
:1042B0000F940DBD609381037093820380938303F9
:1042C00090938403F7C38936910509F4A3C7C4F416
:1042D0008C35910511F40C9468AA8836910509F083
:1042E000BFCD83E50E942041882309F4E3C30E94E7
:1042F000B3450F9406BD70930F0E60930E0EDAC394
:104300008B36910511F40C94F2A914F40C94E4A9E1
:104310008D36910509F0A4CD85ED9CE40E9403EE55
:1043200081E080933F040F94854783E50E942041FC
:10433000882309F482C70E94B3450F9406BD709389
:104340000F0E60930E0E7EC78737910511F40C9403
:1043500034AC94F58237910511F40C94E9ABA4F4D4
:104360008037910509F443C78137910509F078CD6D
:1043700083E50E942041882311F40C9403AB0E9432
:10438000CD4080932F0296C38537910511F40C948C
:10439000ECAB14F00C94FCAB8337910509F060CDC5
:1043A00086E50E942041882311F40C9418AB80E824
:1043B0009EE40E947E717EC38C38910509F41BC770
:1043C00054F48B37910511F40C9499AC8D37910509
:1043D00009F4B3CD45CD8E3B910509F463C7883C04
:1043E000910511F40C949CAC8B39910509F038CDF2
:1043F00083E50E942041882359F00E94CD4080939C
:10440000E114882309F412C782EE94E10F945D222F
:1044100083E40E942041882309F40BC70E94CD4009
:104420008093E01447C3863FF1E09F0711F40C949A
:1044300051B60CF0F7C18C3231E0930711F40C94B3
:104440005DAF0CF01BC1803D910511F40C944BAE97
:104450000CF073C08D3C910511F40C94B5AD9CF536
:104460008B3C910511F40C942CAD8C3C910509F01A
:10447000F7CC83E50E942041882311F40C9484AD8D
:104480000E94B3456093D70E7093D80E8093D90ED7
:104490009093DA0E60934B0E70934C0E80934D0EFA
:1044A00090934E0E84E50E942041882309F402C3B4
:1044B0000E94B34560934F0E7093500E8093510E3F
:1044C0009093520EF7C28E3C910511F40C942EAECF
:1044D0008F3C910509F0C4CC83E50E9420418823DC
:1044E00051F00E94B34560939A0E70939B0E809397
:1044F0009C0E90939D0E86E40E942041882361F0DB
:104500000E94B3450E94B95660939E0E70939F0E11
:104510008093A00E9093A10E8AE50E9420418823EB
:1045200009F4C8C20E94B3456093A20E7093A30E13
:104530008093A40E9093A50EBDC28C3D910511F4FD
:104540000C94B2AE0CF07DC0813D910511F40C9439
:104550006FAE863D910509F083CC80E50E94204135
:10456000882311F40C949EAE0E94B3452B013C01AC
:1045700083E50E942041882311F40C94A8AE0E9488
:10458000B3454B015C018EE40E942041D090E30EC4
:10459000882329F00E94B3450F940DBDD62E82E5E5
:1045A0000E942041E090E40EF090E50E882329F06F
:1045B0000E94B3450F940DBD7B0186E40E9420410B
:1045C0000091E60E1091E70E882329F00E94B34572
:1045D0000F940DBD8B0120E030E0A901C301B201B1
:1045E0000F948ABC18160CF065C220E030E0A901D7
:1045F000C501B4010F948ABC87FD5CC2A50194017A
:10460000C301B2010F948ABC87FD54C24092DB0EF5
:104610005092DC0E6092DD0E7092DE0E8092DF0E04
:104620009092E00EA092E10EB092E20ED092E30ED4
:10463000F092E50EE092E40E1093E70E0093E60E82
:1046400039C2823E910511F40C9403AF803F91056D
:1046500009F430C28D3D910509F002CC83E50E943A
:104660002041882311F40C94F1AE0E94DA4090931B
:10467000BE028093BD020E94AB551CC2803951E03E
:10468000950711F40C9422B60CF0A7C08F32B1E05C
:104690009B0711F40C9401B0C4F48D32F1E09F0734
:1046A00011F40C9484AF8E32914009F0D9CB83E59C
:1046B0000E942041882311F40C94FDAF0E94DA403F
:1046C00090936C0280936B02F5C1863331E09307BF
:1046D00011F40C9434B08E3541E0940711F40C942D
:1046E000E5C28033914009F0BBCB80E50E942041B8
:1046F000882351F00E94B34560938B0E70938C0E0B
:1047000080938D0E90938E0E89E40E942041882321
:1047100081F00E94B3452CEA35EC47E25EE30F944A
:104720003AB560938F0E7093900E8093910E909394
:10473000920E84E40E942041882381F00E94B345B8
:104740002CEA35EC47E25EE30F9494BC6093930E41
:104750007093940E8093950E9093960E0F94CA2E9C
:1047600082EF9FE20E94576F85EE96E20E94576F9C
:1047700060918B0E70918C0E80918D0E90918E0EAB
:1047800042E00E94D96E81EE96E20E94576F2CEAB9
:1047900035EC47E25EE360918F0E7091900E809150
:1047A000910E9091920E0F9494BC42E00E94D96EAB
:1047B0008DED96E20E94576F2CEA35EC47E25EE3FE
:1047C0006091930E7091940E8091950E9091960E3B
:1047D0000F943AB50F94C37A6DC18639A1E09A0758
:1047E00011F40C9444B674F48339E1E09E0711F49B
:1047F0000C9426B68539914009F032CB81E00E94B5
:10480000D46B58C1843F21E0920711F40C9449B64F
:1048100014F00C944DB6843A914009F021CB0E94DB
:10482000177F48C1833C52E0950711F40C946BC488
:104830000CF092C08A35B2E09B0711F40C947CBD59
:104840002CF58832F2E09F0711F40C9468B99CF4BF
:10485000873F31E0930711F40C9455B68D3F91409A
:1048600009F0FECA81E395E70E94576F8DEC96E24E
:104870000E94576F1FC1883552E0950711F40C94C0
:104880009AB98935924009F458CBEACA8E3BB2E016
:104890009B0711F40C942BC40CF04CC08B35F2E048
:1048A0009F0711F40C9484BD8D3B924009F0D8CA47
:1048B00080911314813011F40C94CAC31FEF8CE45F
:1048C0000E942041C12CD12C6CE8E62E62E4F62E29
:1048D000882321F00E94B3456B017C018AE50E9488
:1048E0002041882311F40C94DBC30E94B3459F77C9
:1048F0000E945A5F4B015C018AE50E942041082F0B
:104900000F943D8E86E10F9485478091131481307A
:1049100011F00C94E0C3153018F4812F0F946C0D36
:10492000109200040F947B82C501B40190580E943C
:104930005A5FC0C0813C32E0930711F40C945FC40D
:1049400014F00C9465C4803C924009F089CA80EC54
:1049500092E00E945145AEC08438A3E09A0711F45A
:104960000C9412C10CF095C08235E3E09E0711F45F
:104970000C948ABD94F5843C22E0920711F40C94C7
:1049800088C4853C924009F06BCA83E50E942041AF
:10499000882351F00E94CD40882311F40C94B4C4B4
:1049A000813011F40C94C1C480911314813091F4BE
:1049B00088E50E942041882369F00E94CD40813023
:1049C00011F40C94CFC410F40C94CAC48A3211F4BC
:1049D0000C94D3C40F94447C6DC08D3543E0940790
:1049E00011F40C9400BF8E3553E0950711F40C942C
:1049F00098BF8C35934009F033CA83E50E9420416B
:104A0000882309F457C00E94DA408C018BED91E1B4
:104A10000E9403EE86E496E20E94576FC8010F944D
:104A2000567C0F94CC1F4B015C0110920D0E8091AF
:104A30000E0E90910F0E892B41F4FF24F394809178
:104A4000C8069091C906892B09F0F12C2801012E86
:104A5000000C66087708F1100C94C0BE80910D0E12
:104A6000811112C0C301B2010F94FBB42091F20373
:104A70003091F3034091F4035091F5030F941EBE5F
:104A8000181614F40C94D2BE82EF9FE20E9403EE3B
:104A900011C08139B3E09B0711F40C9445C284F432
:104AA0008B38F3E09F0711F40C94C1C18C3893400C
:104AB00009F0D6C91092030E1092020E0C942990A0
:104AC000843933E0930714F40C9494C2803A9340F1
:104AD00009F0C6C98091CC059091CD0521E02093C5
:104AE000E81405960F94F58CE5CF0091CC05109154
:104AF000CD050E5F1F4F80E50E942041C12CD12CB7
:104B00007601882321F00E94E7406B017C0183E558
:104B10000E942041882351F00E94E7409B01AC0194
:104B2000A8EEB3E00F9402BB6B017C01C8010F5FDC
:104B30001F4FDC014C914032C9F326E020931C0743
:104B4000C114D104E104F104A1F52C91222389F1CF
:104B50000E9426EE0F94815180912F0484608093EF
:104B60002F0489E893E00F945D22C114D104E1047D
:104B7000F104A1F10F94CC1FC60ED71EE81EF91E3A
:104B800084E08093BF020F94CC1F6C157D058E05C9
:104B90009F05D8F082E08093BF0280912F048B7F25
:104BA00080932F048091E914882359F110921C07F7
:104BB00081CF8091100E811105C080EF91E10E949C
:104BC00003EEC8CF10921C07C5CF0E94DB6881118D
:104BD000E1CF90E080E00E94728CD5CF1091BF02AF
:104BE00084E08093BF020E94D6680E94DB68811136
:104BF00005C090E080E00E94728CF7CF1093BF0256
:104C0000CCCF85E39DE60E9403EE54CF87EE91E181
:104C10000E9403EE17981698159814984BCF81E0D0
:104C20000F944D8847CF1092E9141092EA1481E353
:104C300095E70E94576F8FEC9DE20E947E713ACFFC
:104C40000E948C57882319F00E94D0EE33CF0E9427
:104C500057F8882309F42ECF80917C17882361F0C0
:104C60008091FD179091FE17A091FF17B091001849
:104C7000892B8A2B8B2B69F40E946E41109285033D
:104C800010928603109287031092880380E00E949E
:104C9000D7818091EA14882331F081E08093E91470
:104CA00085E08093110E0F94CF2F809113148130E3
:104CB00009F000CF8091E913882309F4FBCE80919D
:104CC00010188111F7CE0F9404B4F4CE8091EA1439
:104CD000882309F4EFCE83E50E942041882309F45C
:104CE000E9CE0E94E7406B017C01C092FD17D09293
:104CF000FE17E092FF17F09200180F94FD7CC0920F
:104D00008503D0928603E0928703F0928803D2CE87
:104D100080E50E942041182F0E948C57882391F033
:104D20008091010E882349F080916A02811105C0AB
:104D300081E795E20E947E71BDCE85E695E20E94F4
:104D40007E71B8CE8091E914882309F44AC01123FA
:104D5000E1F10F9482810E944F6F8FE695E10E94EE
:104D6000576F6091FD177091FE178091FF1790911A
:104D700000184AE00E94586E8FE20E94446E6091D3
:104D8000F6177091F7178091F8179091F9174AE08C
:104D90000E94586E0E944F6F0F94F72E2CE330E064
:104DA00040E050E00F94E0BAC9016CE370E00F946A
:104DB00036BB8C0190E080E00E94BD6E8AE30E94C9
:104DC000446EC8010F94567C75CE809100158823DF
:104DD00029F080E095E10E94EC82BFCF8BEE94E158
:104DE000FACF85E595E20E947E7164CE8091CC0574
:104DF0009091CD0504960F94F58C5CCECE01019672
:104E00000F94DE7D882309F456C961E0CE01019636
:104E10000F94A643009709F44EC925EEFC012083A8
:104E20001C820F949A3E182F47C98FE295E20E9488
:104E3000576F23968EAD9FAD23970E94E0828EE23E
:104E40000E94446E0E944F6F35CE0F94F72E2CE3D4
:104E500030E040E050E00F94E0BA7F936F933F93CF
:104E60002F9387E198E29F938F938E010F5F1F4FDF
:104E70001F930F930F9484B981E395E70E94576FB6
:104E8000C8010E94EC82C8010E9426EE0FB6F89479
:104E9000DEBF0FBECDBF0ECE83E50E94204188232A
:104EA00009F408CE0E94CD40082F80E50E942041E1
:104EB0001DE0882319F00E94CD40182FEBEFF7E298
:104EC0008491811709F4F6CD319638E2E731F30782
:104ED000B9F7163081F40093430461E0812F0E94FA
:104EE000D1E4602F812F0E94A3E4602F70E0812F16
:104EF0000E9402E5DFCD17FDDDCDEFCF80E10E94FE
:104F000029EA81EA9DE00F946DBA4BE0849FC001CD
:104F1000112470E060E0805B924F0F94AFBA82E0A2
:104F20000E9429EA0E943F400E948052C3CD8AE538
:104F30000E9420410F94ED95BDCD80915A17882392
:104F400019F1CE0101960F945D8D8823C1F08981FE
:104F50000E94446E8EE20E94446E8A810E94446EDA
:104F60008EE20E94446E8B810E94446E8EE20E940B
:104F7000446E8C810E94446E0E944F6F9BCD8BEDDE
:104F800097E20E94576F96CD87ED97E20E947E715F
:104F900091CD1092110E8ECD8091110E1F928F9394
:104FA00083EC96E19F938F930F942FB90F900F90FE
:104FB0000F900F907FCD80E50E942041882321F043
:104FC0000E94CD408093AC0282E50E94204188235C
:104FD00041F00E94B3450F940DBD7093B0026093F1
:104FE000AF0281E50E942041882321F00E94CD403C
:104FF0008093AB0283E50E942041882341F00E9408
:10500000B3450F940DBD7093B4026093B30283E473
:105010000E9420418823A9F00E94B3456B017C01C6
:1050200020E030E0A9010F948ABC6FEF7FEF1816E3
:1050300024F4C701B6010F940DBD7093AE026093C6
:10504000AD0284E40E9420418823A9F00E94B34568
:105050006B017C0120E030E0A9010F948ABC6FEF66
:105060007FEF181624F4C701B6010F940DBD70939D
:10507000B2026093B1028091AE028F938091AD0233
:105080008F938091B0028F938091AF028F93809124
:10509000AC02282F082E000C330B3F938F9389E628
:1050A00096E19F938F9300E716E11F930F930F9460
:1050B0002FB98091B2028F938091B1028F9380912A
:1050C000B4028F938091B3028F938091AB02282F0B
:1050D000082E000C330B3F938F9382E696E19F934B
:1050E0008F931F930F930F942FB90FB6F894DEBFD1
:1050F0000FBECDBFDFCC8091F603813009F0DACC52
:1051000082E08093F6030F94CC1F6093B6067093F1
:10511000B7068093B8069093B906CCCC0F94F32FC2
:105120000E941156C7CC80ED97E20E94576F8DEE1A
:105130009FE00F9475BA4AE00E94586E8AEC97E29D
:105140000E94576F81EF9FE00F9475BA4AE00E946A
:10515000586E85EC97E20E947E71ACCC87EF93E0AD
:105160000F945D2283E50E942041882309F162E2C9
:1051700070E08091CC059091CD050F94C4C08C0156
:10518000892BB1F00F5F1F4F62E270E0C8010F94EE
:10519000C4C0892B69F0E0EBF6E083E0DF011D92EB
:1051A0008A95E9F742E050E0B801CF010F94EDC0D5
:1051B0008CE89FE00F946DBA813009F07BCC0E949F
:1051C0008257882309F476CC0E948C57882309F4EF
:1051D00071CC80914A05882329F080E496E10E94F1
:1051E0007E7168CC83E296E10E947E7163CC86E09A
:1051F00096E10E94357283E50E942041882309F4DC
:1052000059CC0E94B3450F9406BD7093C9066093B4
:10521000C80650CC81EC97E20E94576F0E94C5707F
:105220000E94C96D81E08093FB1044CC1092E2147F
:10523000EFC881E08093E0143DCC82E50E942041DC
:10524000811179C80F94CC1F6B017C0160910E0E07
:1052500070910F0E072E000C880B990B0F94FBB466
:1052600011E02091080E3091090E40910A0E5091E4
:105270000B0E0F941EBE18160CF010E01093070EC4
:10528000C701B6010F946C8987EC9CE40E9403EE81
:1052900082E080933F040F94854789E893E00F9460
:1052A0005D2208CC8BEB9CE40E9403EE83E08093AC
:1052B0003F0481E00F94854783E50E942041182F29
:1052C000882349F00E94B3450F9406BD7093C90628
:1052D0006093C80605C082E50E9420418111F2CF8B
:1052E0000F94CC1F6B017C0110920D0E6091C806CB
:1052F0007091C906072E000C880B990B0F94FBB414
:1053000001E020914B0530914C0540914D055091A5
:105310004E050F941EBE18160CF000E00093070E09
:1053200080910D0E81111CC06091C8067091C90654
:10533000072E000C880B990B0F94FBB49B01AC015A
:1053400060914B0570914C0580914D0590914E05F3
:10535000E091070EEE2381F00F948ABC87FD12C006
:1053600082EB9CE40E9403EE84E080933F0489E892
:1053700093E00F945D229ECB0F941EBE181684F707
:105380001111EECF80910C0E823051F30F94CC1F8F
:105390006C197D098E099F09693E7340810591054D
:1053A00050F08091100E811102C00E94656F0F9421
:1053B000CC1F6B017C010F94594F80E00E94378A0B
:1053C00080E00E941F60ACCF83E50E9420418823CB
:1053D00029F00E94CD40809343046CCB8FEF8093E3
:1053E000430468CB1092430465CB809141048860EC
:1053F000809341045FCB83E50E942041882399F08C
:105400000E94B34520E030E04AE754E40F943AB5F7
:105410000F940DBD60933402709335028093360271
:105420009093370247CB88E50E9420418823D1F032
:105430000F94815188E50E942041811128C089E59F
:105440000E942041882319F0169A1092E8068AE5F6
:105450000E94204185E40E942041882309F42ACB40
:10546000149A28CB89E50E9420418111E1CF8AE579
:105470000E9420418111DCCF85E40E9420418111EE
:10548000D7CF0F948151149A0E94288213CB179A78
:105490001092E706D4CF83E50E942041882309F4C7
:1054A00009CB0E94B34520E030E04AE754E40F9472
:1054B0003AB50F940DBD6093300270933102809322
:1054C0003202909333028EE396E00F945D22F2CA8B
:1054D0004EEDC42E42E0D42E57E1E52E5EE0F52ECF
:1054E00010E0F60181916F010E942041882309F4A8
:1054F00067C00E94B3452B013C01133009F06AC01C
:1055000020E030E040EA51E40F948ABC87FF4EC0AF
:10551000A30192016091270E7091280E8091290EAF
:1055200090912A0E0F9494BC4B015C01AC019B013D
:1055300060916B0E70916C0E80916D0E90916E0E5D
:105540000F943AB560936B0E70936C0E80936D0E52
:1055500090936E0E20906F0230907002A50194011E
:10556000D1011C966D917D918D919C911F970F9407
:105570003AB5F10164877587868797876091BB0587
:105580007091BC058091BD059091BE050F94F9B452
:10559000A50194010F943AB50F940DBD6093BB051E
:1055A0007093BC058093BD059093BE054092270E75
:1055B0005092280E6092290E70922A0E0F94C28289
:1055C000B4E0EB0EF11C1F5F143009F08ACF0F948A
:1055D0003A5270CAD70114964D925D926D927C92A8
:1055E0001797EECF8EE40E942041882309F462CA07
:1055F0000E94E74060937D0370937E0380937F0356
:105600009093800357CA81E395E70E94576FC0903B
:105610002F02D12CF12CE12C8AEB97E20E94576FDC
:105620004AE0C701B6010E94586E0E944F6F42CAFD
:1056300085E50E942041882309F457C00091CC05DC
:105640001091CD050F5F1F4F1093CD050093CC0532
:1056500080915904882309F42DCABE016F5F7F4FE2
:10566000C8010E94B6EC882309F424CA83E498E4B4
:10567000DE011196BE01675F7F4FFC014591549199
:105680002D913D914217530710F40C9482C62417B4
:10569000350708F40FCA0296A617B70771F70ACAAA
:1056A0004BE851E163E080E00E942D6140E068EE4C
:1056B00073E082E390E00F94CB3C84EF91E00E9492
:1056C000728C40E068EE73E082E390E00F94CB3C94
:1056D0008EE190E00E9405F381E00E9453640E94F5
:1056E000896180E00E941F60E5C941E150E060E807
:1056F0007CE0CE0101960F945DBA8CE997E20E949E
:10570000576F80E89EE40E94576F8AE997E20E94F3
:10571000576F85E997E20E94576F83E997E20E94ED
:10572000576F89E897E20E94576F8FE297E20E94D5
:10573000576F8BE297E20E94576F8CE197E20E94CD
:10574000576FCE0101960E94E0828AE097E20E94A4
:10575000576F89E097E20E947E711F9231E3F32E2A
:10576000FF928EE195E29F938F9307ED14E21F93D2
:105770000F930F942FB91F92FF928EE095E29F93A3
:105780008F931F930F930F942FB91F92FF928AEF5D
:1057900094E29F938F931F930F930F942FB91F92AF
:1057A000FF928DEE94E29F938F931F930F930F942C
:1057B0002FB91F92FF9282EE94E29F938F931F93D3
:1057C0000F930F942FB90FB6F894DEBF0FBECDBF65
:1057D00071C90E944A706EC9E091CC05F091CD0567
:1057E000CF0104962481203209F401960E9426EE0E
:1057F00087E080931C075EC90091CC051091CD0510
:105800000B5F1F4F83E0F12C40E08150E9F0D8019D
:105810009C91292F2B7F2134B9F411962C9121339F
:1058200099F4913471F0953409F441E098012E5FB8
:105830003F4F89012F5F3F4FF80190819032C9F3AC
:10584000E4CFFF24F394F2CF442321F081E395E7E2
:105850000E94576FFF2021F086E097E20E94576F69
:10586000C8010E94EC8226C98DEE95E10E94576F17
:105870000E944F6F85EE95E10E94576F1E9947C0B9
:1058800080EE95E10E94576F0E944F6F8EEC95E17C
:105890000E94576F8091060182FD3CC080EE95E129
:1058A0000E94576F0E944F6F86EC95E10E94576FE0
:1058B0001D9933C080EE95E10E94576F0E944F6F93
:1058C0008EEB95E10E94576F8091060187FD28C0FD
:1058D00080EE95E10E94576F0E944F6F86EB95E135
:1058E0000E94576F1C991FC080EE95E10E94576F70
:1058F0000E944F6F8EEA95E10E94576F019B16C080
:1059000080EE95E10E94576F0E944F6FD3C886EDDD
:1059100095E1B8CF86ED95E1C3CF86ED95E1CCCF8B
:1059200086ED95E1D7CF86ED95E1E0CF86ED95E167
:10593000E9CF0E947656BEC884E50E9420418823A4
:1059400069F00E94CD40882349F081E395E70E94E9
:10595000576F87E995E10E94E082ACC884E40E9419
:105960002041882309F4A6C80E94B34520E030E016
:10597000A9010F948ABC811105C01092AE0E0E943D
:10598000AB5598C80E94B3456B017C0120E030E024
:10599000A9010F948ABC811106C0C12CD12C20EE24
:1059A000E22E2FE3F22EC092AF0ED092B00EE09214
:1059B000B10EF092B20E81E08093AE0EE0CF8EED8C
:1059C000C82E82E0D82E97E1E92E9EE0F92E10E055
:1059D000D6018D916D010E942041882341F10E94E2
:1059E000B3450F940DBD12304CF5653CB9E07B0713
:1059F0008105910540F5562F472F382F292F613CFF
:105A0000E3E07E078105910520F050EC43E030E0B3
:105A100020E0D70194966D937D938D939C939797F7
:105A2000F701E455FF4F5083418332832383B4E071
:105A3000EB0EF11C1F5F143059F6C9CD562F472FBE
:105A4000382F292FE6CF50EC43E030E020E064EC23
:105A500079E080E090E0DDCF1EEDA12E12E0B12EC6
:105A600007E1C02E0EE0D02E912CF50181915F014F
:105A70000E942041882371F10E94B3457B018C0173
:105A8000F1E0F915B8F120E030E048E453E40F9478
:105A90001EBE181644F15E2C6F2C702E812E20E055
:105AA00030E048EC52E4B701C8010F941EBE18164E
:105AB00034F1852D962DA72DB82DF601848B958B6D
:105AC000A68BB78BC701D801E456FF4F8083918323
:105AD000A283B3839394F4E0CF0ED11C24E09212FE
:105AE000C4CF0C945AA5512C612CA8E47A2EB3E4AF
:105AF0008B2ED5CF562E6F2C782E812EDACFE12C1F
:105B0000F12C08EC12E4D5CF80E50E9420418823D7
:105B100051F00E94B34560934B0E70934C0E8093EE
:105B20004D0E90934E0E82E50E942041882351F045
:105B30000E94B34560934F0E7093500E8093510EA8
:105B40009093520E84E50E942041882311F40C9416
:105B50005AA50E94B3456093D70E7093D80E8093D8
:105B6000D90E9093DA0E0C945AA583E50E94204139
:105B7000882351F00E94B3456093530E7093540EE6
:105B80008093550E9093560E84E50E942041882301
:105B900051F00E94B3456093570E7093580E809356
:105BA000590E90935A0E82E40E942041882361F09E
:105BB0000E94B3450F940DBD60935B0E70935C0E15
:105BC00080935D0E90935E0E88E50E9420418823AD
:105BD00091F00E94B3456093630E7093640E8093BE
:105BE000650E9093660E60935F0E7093600E8093C7
:105BF000610E9093620E89E50E942041882351F046
:105C00000E94B3456093630E7093640E8093650E9B
:105C10009093660E8AE50E942041882351F00E94ED
:105C2000B3456093670E7093680E8093690E9093EE
:105C30006A0E85E40E942041882311F40C945AA531
:105C40000E94B3450E94728160936B0E70936C0E3C
:105C500080936D0E90936E0E0C945AA50EED12E08B
:105C6000FFE6EF2EFEE0FF2ED8018D918D010E9400
:105C70002041882339F00E94B345F7016083718386
:105C800082839383F4E0EF0EF11C22E0013E1207C1
:105C900059F70C945AA583E50E942041882351F0BE
:105CA0000E94B3456093A60E7093A70E8093A80E32
:105CB0009093A90E86E40E942041882311F40C944D
:105CC0005AA50E94B3450E94B9566093AA0E7093DC
:105CD000AB0E8093AC0E9093AD0E0C945AA583E559
:105CE0000E942041882311F40C945AA50E94CD40B3
:105CF0008823C1F08130E1F081E395E70E94576F7E
:105D000084E895E10E94576F8091EB129091EC121C
:105D10008F5F9E4E0E94E08281E097E20E947E713A
:105D20000C945AA51092990E1092E6060C945AA55E
:105D30008093990E1092E6060C945AA54090DB0EC3
:105D40005090DC0E6090DD0E7090DE0E0C94B8A2C8
:105D50008090DF0E9090E00EA090E10EB090E20EE9
:105D60000C94C3A282E40E942041182F882341F0A2
:105D70008091390290913A0290932E0280932D02E5
:105D800083E50E942041082F882339F00E94DA40E1
:105D900090933A0280933902102F82E50E942041AD
:105DA000882351F080912D0290912E0290933A0217
:105DB000809339020C945AA511110C945AA5809124
:105DC0003A028F93809139028F938BEF96E29F93E3
:105DD0008F930F942FB90F900F900F900F900C94FA
:105DE0005AA58091BE028F938091BD028F9385EF5B
:105DF00096E29F938F930F942FB90F900F900F906F
:105E00000F900C945AA580E50E942041882311F43C
:105E10000C945AA50E94DA407C0183E50E9420413F
:105E20000FEF1FEF882319F00E94DA408C01C801A0
:105E30000196039710F00C945AA5EBEFF7E227E1D7
:105E400038E28491082E000C990BE816F90611F43B
:105E50000C945AA531962E173F0799F7F7FE02C00A
:105E60000C945AA50F948151DE2C60E08E2D0E9477
:105E7000D1E40F3F1007B1F00130110511F010E02F
:105E800000E08D2D0E947AE48017910711F40C94A4
:105E90005AA50F94594F80E00E94378A80E00E94F3
:105EA0001F60EFCF8E2D0E947AE431E020E0892B35
:105EB00009F030E0032F122FE4CF80E50E9420414B
:105EC00008EE13E0882329F00E94B3450F940DBD1E
:105ED0008B0183E50E942041882371F00E94B34525
:105EE0000F940DBD6115710549F4B80190E080E093
:105EF0000F94991F0C945AA570E060E040E0C8012F
:105F00000F94CB3C0C945AA580E50E942041882335
:105F100051F00E94B34560937F0E7093800E809382
:105F2000810E9093820E89E40E942041882381F0A3
:105F30000E94B3452CEA35EC47E25EE30F943AB594
:105F40006093830E7093840E8093850E9093860EDB
:105F500084E40E942041882381F00E94B3452CEA0A
:105F600035EC47E25EE30F9494BC6093870E709328
:105F7000880E8093890E90938A0E0F94CA2E82EF1A
:105F80009FE20E94576F81EF96E20E94576F6091E7
:105F90007F0E7091800E8091810E9091820E42E072
:105FA0000E94D96E8DEE96E20E94576F2CEA35EC76
:105FB00047E25EE36091830E7091840E8091850EBE
:105FC0009091860E0F9494BC42E00E94D96E89EEA7
:105FD00096E20E94576F2CEA35EC47E25EE360914F
:105FE000870E7091880E8091890E90918A0E0F9481
:105FF0003AB50F94C37A0C945AA590E080E00C94C3
:1060000060A385E40E94204110E000E0882359F05D
:106010000E94DA408C01C12CD12C7CE8E72E72E47E
:10602000F72E97FD06C0C12CD12CE6E1EE2EE3E45D
:10603000FE2E83E50E942041882321F00E94B34573
:106040006B017C0183E40E942041882351F00E946F
:10605000DA409C01A801C701B6010F94B64B0C941D
:106060005AA585E090E0F5CF89E40E94204188237D
:1060700009F430C20E94DA40AB968FAFAB9782E54D
:106080000E942041882309F42AC20E94B345E29667
:106090006CAF7DAF8EAF9FAFE29780E50E9420414D
:1060A000C12CD12C60ECE62E6FE7F62E882321F070
:1060B0000E94B3456B017C0185E50E942041882345
:1060C00009F418C20E94B3456E966CAF7DAF8EAFD7
:1060D0009FAF6E9786E50E942041882309F415C280
:1060E0000E94B345A2966CAF7DAF8EAF9FAFA297D3
:1060F00083E40E942041882309F412C20E94B34520
:106100006A966CAF7DAF8EAF9FAF6A9784E40E94B2
:106110002041882309F40FC20E94B345AA966CAFB0
:106120007DAF8EAF9FAFAA978CE40E9420410FEF06
:106130001FEF882319F00E94DA408C0183E50E944A
:106140002041882309F402C20E94DA40E3968FAF0F
:10615000E39782E40E942041882309F4FCC10E9455
:10616000DA40E7968FAFE79784E50E9420418823C5
:1061700009F4F6C10E94B345A6966CAF7DAF8EAF11
:106180009FAFA69785E40E942041412C512C50ECF2
:10619000652E5FE7752E882321F00E94B3452B0101
:1061A0003C0187E50E942041812C912C40ECA42EDB
:1061B0004FE7B42E882321F00E94B3454B015C01C8
:1061C00081E40E94204122242A94322C882319F051
:1061D0000E94DA401C0186E40E942041882309F4D1
:1061E000CAC10E94DA40EB968FAFEB97E2962CADD6
:1061F0003DAD4EAD5FADE297CA01B9010F94A3BFAB
:10620000882309F4C1C1A7019601C701B6010F9403
:10621000A3BF882309F4B8C16E962CAD3DAD4EAD39
:106220005FAD6E97CA01B9010F94A3BF882309F42B
:10623000ABC1A2962CAD3DAD4EAD5FADA297CA01EC
:10624000B9010F94A3BF882309F49EC16A962CADAF
:106250003DAD4EAD5FAD6A97CA01B9010F94A3BFC2
:10626000882309F491C1AA962CAD3DAD4EAD5FAD2A
:10627000AA97CA01B9010F94A3BF882309F484C166
:10628000A6962CAD3DAD4EAD5FADA697CA01B90146
:106290000F94A3BF882309F477C1A5019401C50118
:1062A000B4010F94A3BF882309F46EC1A301920126
:1062B000C301B2010F94A3BF882309F465C1AB9653
:1062C0004FADAB9747FF60C1E3965FADE39757FFD4
:1062D0005BC1E7968FADE79787FF5BC137FE9FC134
:1062E00017FD4EC1CE0101960F940828A701960113
:1062F000C701B6010F94A3BF882309F431C26E967B
:106300002CAD3DAD4EAD5FAD6E97CA01B9010F9496
:10631000A3BF81110EC06E962CAD3DAD4EAD5FADED
:106320006E9720933713309338134093391350935B
:106330003A13A2962CAD3DAD4EAD5FADA297CA010A
:10634000B9010F94A3BF81110EC0A2968CAD9DAD73
:10635000AEADBFADA29780933B1390933C13A09337
:106360003D13B0933E136A962CAD3DAD4EAD5FAD7F
:106370006A97CA01B9010F94A3BF81111BC020E025
:1063800030E0A9016A966CAD7DAD8EAD9FAD6A9788
:106390000F941EBE181674F46A962CAD3DAD4EAD2A
:1063A0005FAD6A9720933F1330934013409341139E
:1063B00050934213AA962CAD3DAD4EAD5FADAA975A
:1063C000CA01B9010F94A3BF81110EC0AA968CAD6A
:1063D0009DADAEADBFADAA97809343139093441388
:1063E000A0934513B093461317FD03C0C8010F9443
:1063F000F024A6962CAD3DAD4EAD5FADA697CA017B
:10640000B9010F94A3BF81110EC0A6962CAD3DAD6E
:106410004EAD5FADA6972093891330938A134093B6
:106420008B1350938C13A5019401C501B4010F94F3
:10643000A3BF811111C020E030E0A901C501B40162
:106440000F941EBE181644F480928D1390928E13F2
:10645000A0928F13B0929013A3019201C301B201D5
:106460000F94A3BF811111C020E030E0A901C30146
:10647000B2010F941EBE181644F44092911350922C
:1064800092136092931370929413C0909113D090D2
:106490009213E0909313F0909413A70196016091EA
:1064A0008D1370918E1380918F13909190130F9490
:1064B0001EBE181644F4C0928D13D0928E13E09233
:1064C0008F13F09290130F947725CE0101960F94BD
:1064D000FB27C8C04FEFAB964FAFAB97D0CD80E056
:1064E00090E0A0ECBFE7E2968CAF9DAFAEAFBFAF40
:1064F000E297D3CD20E030E040EC5FE76E962CAF22
:106500003DAF4EAF5FAF6E97E5CD80E090E0A0EC81
:10651000BFE7A2968CAF9DAFAEAFBFAFA297E8CD5D
:1065200020E030E040EC5FE76A962CAF3DAF4EAF25
:106530005FAF6A97EBCD80E090E0A0ECBFE7AA9652
:106540008CAF9DAFAEAFBFAFAA97EECD9FEFE396F6
:106550009FAFE397FECDAFEFE796AFAFE79704CEDF
:1065600020E030E040EC5FE7A6962CAF3DAF4EAFA9
:106570005FAFA69707CE3FEFEB963FAFEB9736CED8
:106580000F942F240C945AA5E7969FADE79797FD9B
:1065900009C081E0E796AFADE797A11101C080E0A7
:1065A00080933D02A7019601C701B6010F94A3BFD6
:1065B000882309F497CE6E962CAD3DAD4EAD5FAD00
:1065C0006E97CA01B9010F94A3BF882309F48ACE3C
:1065D000A2962CAD3DAD4EAD5FADA297CA01B901FB
:1065E0000F94A3BF882309F47DCE6A962CAD3DADF0
:1065F0004EAD5FAD6A97CA01B9010F94A3BF88235E
:1066000009F470CEAA962CAD3DAD4EAD5FADAA9704
:10661000CA01B9010F94A3BF882309F463CE17FD03
:1066200002C00C94A1C6A6962CAD3DAD4EAD5FAD9B
:10663000A697CA01B9010F94A3BF882309F452CECB
:10664000A5019401C501B4010F94A3BF882309F4E7
:1066500049CEA3019201C301B2010F94A3BF8823C5
:1066600009F440CEAB963FADAB9737FD3BC0E29609
:106670002CAD3DAD4EAD5FADE297CA01B9010F94AF
:10668000A3BF81112FC0AB964FADAB97403154F5EE
:1066900020E030E0A901E2966CAD7DAD8EAD9FADFE
:1066A000E2970F948ABC1816ECF4CE0101960F9471
:1066B0000828AB965FADAB9784E05802F001112437
:1066C000E75BFC4EE2962CAD3DAD4EAD5FADE29783
:1066D00020833183428353830F947725CE01019623
:1066E0000F94FB27E3963FADE39737FD06C081E0AB
:1066F000311101C080E00F94AB2837FE02C00C942A
:106700005AA511E0EB964FADEB9714160CF010E084
:1067100081E080933C028091FD0D9091FE0D891BDC
:106720008F7041F480910C0E853069F10E94E8571A
:10673000882349F185EC94E29F938F9381E090E068
:106740008C0F9D1F9F938F930F9484B9CE01019658
:106750000E94F2ED0F900F900F900F900C945AA59D
:1067600020E030E0A901C701B6010F941EBE181643
:106770000CF0C5CDC0923313D0923413E092351390
:10678000F0923613BCCD83E08093BF0280912F043A
:10679000826080932F040F94FF1720913F13309154
:1067A000401340914113509142136E962CAF3DAF70
:1067B0004EAF5FAF6E9780E4E9E4F3E1DE0111963E
:1067C00001900D928A95E1F730917A0567963FAF77
:1067D0006797812F0F94CD288FEA94E20E947E71F3
:1067E0002114310419F426EE222E312C80E00F946E
:1067F000252482E0482E512C93E9692E94E2792ECB
:10680000AE014F5B5F4F4A0112E310920F0E1092E0
:106810000E0E20E030E048E452E46091080E7091E2
:10682000090E80910A0E90910B0E0F941EBE87FDEB
:1068300058C01F921F9389E794E29F938F939F9272
:106840008F920F9484B9C4010E94F2ED0091430429
:106850008FEF0F9425240F900F900F900F900F90B3
:106860000F90C090080ED090090EE0900A0EF090A4
:106870000B0E20E030E048E452E4C701B6010F946B
:106880001EBE87FD27C080917805811123C020910D
:10689000BA063091BB064091BC065091BD0660918E
:1068A000891370918A1380918B1390918C130F949C
:1068B00095BB20E030E040EA50E40F9495BB9B018B
:1068C000AC01C701B6010F948ABC87FD03C00F94C9
:1068D0003251C7CF802F0F94252480E197E20F9487
:1068E0005F517F926F92EBE6F4E2FF93EF939F92FA
:1068F0008F920F9484B9C4010E94F2ED30920F0E72
:1069000020920E0E0F94810E5C01809178050F90FD
:106910000F900F900F900F900F9081117AC0A114DB
:10692000B10409F476C06091491370914A138091C3
:106930004B1390914C139B01AC010F94A3BF882380
:1069400061F080E090E0A8E4B2E480934913909372
:106950004A13A0934B13B0934C13C090BA06D09037
:10696000BB06E090BC06F090BD0600E020E030E001
:1069700040EA51E46FE373E1C5010E94A3E29B0189
:10698000AC010F94A3BF811144C00F943D514A94B0
:10699000452809F485C080E395E70F945F513F9245
:1069A0002F927F926F924EE554E25F934F939F92A6
:1069B0008F920F9484B9C4010E94F2ED0F94810E5E
:1069C000209178050FB6F894DEBF0FBECDBF211120
:1069D00020C00097F1F0C090BA06D090BB06E090BE
:1069E000BC06F090BD0620E030E048E452E469E4E3
:1069F00073E10E94A3E2BCE86B2EB4E27B2E442438
:106A00004394512C9B01AC010F94A3BF882309F43C
:106A1000FCCE81E080933C020F94862580913C025D
:106A2000882309F4FDC08BE994E29F938F939F9292
:106A30008F920F9484B9C4010E94F2ED8091780581
:106A40000F900F900F900F90882319F08FEF0F94F5
:106A500025240F942F246E962CAD3DAD4EAD5FAD29
:106A60006E9720933F1330934013409341135093FC
:106A7000421380E4FE013196A9E4B3E101900D9246
:106A80008A95E1F767968FAD67970F94AB280E94C0
:106A9000D66880912F048D7F80932F040C945AA583
:106AA0008FEF0F94252480E395E70F945F51E5E87D
:106AB0006E2EE3E17E2E1FEFFFE0AF2EB12C212CD6
:106AC000312CA0EC4A2EAFE75A2EF30120823182FE
:106AD00042825382812F0F94252480E197E20F9404
:106AE0005F51BF92AF922AE434E23F932F939F927B
:106AF0008F920F9484B9C4010E94F2ED0F94810E1D
:106B0000209178050F900F900F900F900F900F909D
:106B100021117FCF009709F47CCFC090BA06D090A6
:106B2000BB06E090BC06F090BD0620914913309161
:106B30004A1340914B1350914C130A2DB3010E94FC
:106B4000A3E29B01AC010F94A3BF811162CF54E07B
:106B5000A51AB10880E1681A710810549FEFA916B0
:106B6000B90609F0B2CF61E8E62E63E1F62E0EE039
:106B700010E07FE0372E8FE090E0801B910B837058
:106B80009927892B59F4302E01501109F4E0EF1A9E
:106B9000F1080115110579F780E03CCF8CEF830DEA
:106BA00087FD80E0082E000C990BFC01EE0FFF1F03
:106BB000EE0FFF1FE75BFC4E4080518062807380C8
:106BC000B801681B790B072E000C880B990B0F94EA
:106BD000FBB420E030E040E85EE30F943AB55B019F
:106BE0006C01A32DB4E0AB02F0011124E75BFC4E75
:106BF000A301920160817181828193810F9494BB82
:106C00009B01AC01C601B5010F943AB5A3019201F5
:106C10000F9495BBF7016083718382839383B4CF14
:106C200088E00E947EEA85E39DE60E9403EE80E014
:106C30000F94252467968FAD67970F94AB280F9418
:106C40002F2425CF0F9481510C945AA580911314B1
:106C5000813011F00C945AA585E40E9420418111E5
:106C60000E94CD4086E40E94204181110E94CD40C7
:106C70000F941190882311F40C945AA560E080E0E1
:106C80000F943DB30C945AA580E00E94D46B0C94F1
:106C90005AA50E9464820C945AA50E949F8D0C9460
:106CA0005AA50E944C820C945AA580917A0E8F931B
:106CB0008091790E8F938091780E8F938091770ECB
:106CC0008F938091760E8F938091750E8F93809124
:106CD000740E8F938091730E8F938091720E8F93A9
:106CE0008091710E8F938091700E8F9380916F0EB3
:106CF0008F9301E315E71F930F931F930F938091D9
:106D00006E0E8F9380916D0E8F9380916C0E8F938A
:106D100080916B0E8F9380916A0E8F938091690E94
:106D20008F938091680E8F938091670E8F938091DF
:106D3000660E8F938091650E8F938091640E8F9372
:106D40008091630E8F938091620E8F938091610E7C
:106D50008F938091600E8F9380915F0E8F938091BF
:106D60005E0E8F9380915D0E8F9380915C0E8F935A
:106D700080915B0E8F9380915A0E8F938091590E64
:106D80008F938091580E8F938091570E8F9380919F
:106D9000560E8F938091550E8F938091540E8F9342
:106DA0008091530E8F931F930F931F930F93809196
:106DB000DA0E8F938091D90E8F938091D80E8F9396
:106DC0008091D70E8F938091520E8F938091510EA8
:106DD0008F938091500E8F9380914F0E8F9380915F
:106DE0004E0E8F9380914D0E8F9380914C0E8F930A
:106DF00080914B0E8F931F930F931F930F9380914E
:106E0000D20E8F938091D10E8F938091D00E8F935D
:106E10008091CF0E8F938091CE0E8F938091CD0E67
:106E20008F938091CC0E8F938091CB0E8F93809116
:106E3000CA0E8F938091C90E8F938091C80E8F9345
:106E40008091C70E8F938091C60E8F938091C50E4F
:106E50008F938091C40E8F938091C30E8F931F9355
:106E60000F931F930F9380914A0E8F938091490E39
:106E70008F938091480E8F938091470E8F938091CE
:106E8000460E8F938091450E8F938091440E8F9381
:106E90008091430E8F938091420E8F938091410E8B
:106EA0008F938091400E8F9380913F0E8F938091AE
:106EB0003E0E8F9380913D0E8F9380913C0E8F9369
:106EC00080913B0E8F931F930F931F930F9380918D
:106ED000C20E8F938091C10E8F938091C00E8F93BD
:106EE0008091BF0E8F938091BE0E8F938091BD0EC7
:106EF0008F938091BC0E8F938091BB0E8F93809166
:106F0000BA0E8F938091B90E8F938091B80E8F93A4
:106F10008091B70E8F938091B60E8F938091B50EAE
:106F20008F938091B40E8F938091B30E8F931F93A4
:106F30000F931F930F9380913A0E8F938091390E88
:106F40008F938091380E8F938091370E8F9380911D
:106F5000360E8F938091350E8F938091340E8F93E0
:106F60008091330E8F938091320E8F938091310EEA
:106F70008F938091300E8F9380912F0E8F938091FD
:106F80002E0E8F9380912D0E8F9380912C0E8F93C8
:106F900080912B0E8F931F930F931F930F938091CC
:106FA000D60E1F928F938091D50E1F928F93809152
:106FB000D40E1F928F938091D30E1F928F931F93A5
:106FC0000F931F930F9380912A0E8F938091290E18
:106FD0008F938091280E8F938091270E8F938091AD
:106FE000260E8F938091250E8F938091240E8F9380
:106FF0008091230E8F938091220E8F938091210E8A
:107000008F938091200E8F9380911F0E8F9380918C
:107010001E0E8F9380911D0E8F9380911C0E8F9367
:1070200080911B0E8F931F930F931F930F9382E7F3
:1070300091E29F938F930F942FB90FB6F894DEBF10
:107040000FBECDBF2CEA35EC47E25EE36091870EC0
:107050007091880E8091890E90918A0E0F943AB5A6
:107060009F938F937F936F932CEA35EC47E25EE317
:107070006091830E7091840E8091850E9091860EA2
:107080000F9494BC9F938F937F936F938091820E04
:107090008F938091810E8F938091800E8F9380913A
:1070A0007F0E8F931F930F931F930F9385E491E2AD
:1070B0009F938F930F942FB92CEA35EC47E25EE350
:1070C0006091930E7091940E8091950E9091960E12
:1070D0000F943AB59F938F937F936F932CEA35EC7F
:1070E00047E25EE360918F0E7091900E8091910E59
:1070F0009091920E0F9494BC9F938F937F936F9374
:1071000080918E0E8F9380918D0E8F9380918C0E37
:107110008F9380918B0E8F931F930F931F930F93D9
:1071200080E191E29F938F930F942FB90FB6F8945B
:10713000DEBF0FBECDBF8091990E1F928F931F931C
:107140000F931F930F9320E030E040E752E46091EB
:10715000AA0E7091AB0E8091AC0E9091AD0E0F9473
:107160003AB59F938F937F936F938091A90E8F93DE
:107170008091A80E8F938091A70E8F938091A60E79
:107180008F931F930F931F930F938091A50E8F934F
:107190008091A40E8F938091A30E8F938091A20E65
:1071A0008F9320E030E040E752E460919E0E7091B2
:1071B0009F0E8091A00E9091A10E0F943AB59F93CF
:1071C0008F937F936F9380919D0E8F9380919C0EF0
:1071D0008F9380919B0E8F9380919A0E8F931F9324
:1071E0000F931F930F938FE090E29F938F930F94D1
:1071F0002FB90FB6F894DEBF0FBECDBF8091AE0E93
:10720000882309F458C08091B20E8F938091B10EFB
:107210008F938091B00E8F938091AF0E8F931F93B9
:107220000F931F930F9389EE9FE19F938F930F947A
:107230002FB90FB6F894DEBF0FBECDBF8091E70E19
:107240008F938091E60E8F938091E50E8F938091BE
:10725000E40E8F938091E30E1F928F938091E20E44
:107260008F938091E10E8F938091E00E8F938091A8
:10727000DF0E8F938091DE0E8F938091DD0E8F93C2
:107280008091DC0E8F938091DB0E8F9381E395E7E5
:107290009F938F939F938F9388E49FE19F938F9306
:1072A0000F942FB90F942F240FB6F894DEBF0FBEA2
:1072B000CDBF0C945AA51F930F938AEC9FE19F9327
:1072C0008F930F942FB90F900F900F900F90B6CF10
:1072D00080E50E942041882311F40C945AA5109255
:1072E000C2061092C3061092C4061092C50602ECA4
:1072F00016E04AE2F42EE091CC05F091CD05F08243
:107300000E94DA40D8018D938D01B6E0063C1B0740
:1073100011F40C945AA58EE20E9420418111EBCF0A
:107320001092C2061092C3061092C4061092C506AF
:107330000C945AA50F9481518091010E811102C0C5
:107340000E943B5485E40E942041812C912CA12C69
:1073500030ECB32E882321F00E94B3454B015C0131
:107360008CE40E942041C12CD12C7601882321F08D
:107370000E94B3456B017C018AE50E942041412CAB
:10738000512C28ED622E21E4722E882331F00E94C8
:10739000B3452B013C01E89477F888E50E94204131
:1073A000882309F440C10E94B3456A966CAF7DAF53
:1073B0008EAF9FAF6A9789E50E942041882309F428
:1073C0003DC10E94B3456E966CAF7DAF8EAF9FAF4F
:1073D0006E971A821982FE01339683E1DF011D92B6
:1073E0008A95E9F783E40E9420418823F9F062E25C
:1073F00070E08091CC059091CD050F94C4C08C01B4
:10740000892BA1F00F5F1F4F62E270E0C8010F945B
:10741000C4C0009759F0801B843108F084E1482FE4
:1074200050E0B801CE0101960F9496C080911314DC
:1074300010E0813029F488EC96E20F94DB51182F8C
:107440000F94815186E10F948547109243040E9466
:107450008C578111FAC0A50194016091F6067091D4
:10746000F7068091F8069091F9060F9495BB60930A
:10747000F6067093F7068093F8069093F90660E09D
:1074800070E088EE92E40F9462650F94815183EE70
:107490009AE40E947E71C301B2010E945A5F6A960B
:1074A0002CAD3DAD4EAD5FAD6A972093EA063093AB
:1074B000EB064093EC065093ED066E968CAD9DADB9
:1074C000AEADBFAD6E978093EE069093EF06A0939E
:1074D000F006B093F10660E070E088E492E40F9467
:1074E00062650F94815167961FAE6797B12C04E3D4
:1074F000202E0FE1302E82E0A82E9CE3892E9FE102
:10750000992E80911314813009F0A2C00F94C87A8B
:10751000B82E0E9434660F9481510F943D8E809155
:107520001314813009F45AC184E08093BF0240E013
:1075300060E08BE691E10E9457EF082F80E00E9407
:107540005364013001F50E9489614BED51E162E025
:1075500080E00E942D6180E090E0A8ECB2E480938E
:10756000EA069093EB06A093EC06B093ED0660E07C
:1075700070E088E492E40F9462650F9481518BE38C
:1075800091E10E94FBF70E94896145ED50E160E0C6
:1075900080E00E942D6161E080E00E94806089812E
:1075A000882341F0CE0101960E94EA6762E080E004
:1075B0000E94806080910418811104C082EC90E1E7
:1075C0000E94436084E08093BF020E94DB688111C7
:1075D00010C00F94594F81E00E94378A809107189C
:1075E000882399F340E068EE73E082E390E00F9423
:1075F000CB3CA092BF02CE0101960E94906840E071
:1076000068EE73E082E390E00F94CB3CB4E07B2E15
:10761000112309F4F8C00F947B8267964FAD6797EA
:1076200041116FCF83C120E030E043E553E46A9617
:107630002CAF3DAF4EAF5FAF6A97BDCE6E961CAE1E
:107640001DAE1EAE1FAE6E97C4CE0E94BB5423CF9C
:1076500084E08093BF020F94CC1F2B013C0189E989
:1076600090E10E94D9F30E94DB68082F811136C097
:10767000A30192012054384D464F5F4F6E962CAFB8
:107680003DAF4EAF5FAF6E970F94594F81E00E94B0
:10769000378A023009F463C00F946F3D84E090E0B4
:1076A000013029F10E94728C0F94CC1F6E962CAD84
:1076B0003DAD4EAD5FAD6E972617370748075907AA
:1076C00090F68AE690E10E94D9F310920F0E109284
:1076D0000E0E0F948151149A01E0D6CF1092CF056F
:1076E0001092D205C701B6010E9490F614CF0E94F5
:1076F000728C0E94DB68882339F280911006909189
:10770000110690930F0E80930E0E84E493E30E9473
:10771000D9F342E864E080E00E94396180910F0E65
:107720008F9380910E0E8F936091080E7091090EC9
:1077300080910A0E90910B0E0F9406BD7F936F936C
:107740003F922F920E94316081E80E9447600F9023
:107750000F900F900F900F900F9002E095CF6091D7
:107760000E0E70910F0E072E000C880B990B0F94C4
:10777000FBB42091080E3091090E40910A0E5091F1
:107780000B0E0F9494BB9F7720E030E040EA50E46A
:107790000F948ABC87FF09C089E990E10E94D9F360
:1077A0000F94CC1F2B013C015ECF64E081E00E946E
:1077B00080606091080E7091090E80910A0E909180
:1077C0000B0E0F9406BD7F936F939F928F920E9432
:1077D00031600F900F900F900F9056CF111103C092
:1077E0008B2D0E94B28C812F0E9415700FCF033019
:1077F00010F40F5F3CC087E00F94EF3A38C0CE0121
:1078000001960E9490687092BF020E9489614BE0CD
:1078100051E160E081E00E942D6147EF50E161E0BD
:1078200081E00E942D6145EE50E162E081E00E941E
:107830002D614FE75CE363E081E00E942D614EE340
:1078400060E080E00E9439610E94D66800E00F94F9
:10785000594F81E00E94378A8091E4069091E506B5
:107860000097D1F097FFC3CF002329F2015040E4E5
:107870005FE160E080E00E942D614EE3602F80E0D8
:107880000E9439611092E5061092E40664E670E009
:1078900080E090E00F94991F0E94DB688823B9F282
:1078A0000E9489610F94FF17A092BF020230B1F0CD
:1078B000033009F4EDC0013051F58091131481308B
:1078C00009F09DCF0F94C87A082F0E943466802F4C
:1078D0000E94B28C80E00E94157095CF0F94815168
:1078E0000E9485540E9489614DE151E160E080E091
:1078F0000E942D614BED51E162E080E00E942D611C
:1079000087E99DE10F94F00B0F9481517CCF0E9489
:1079100089614BE251E162E080E00E942D61002329
:1079200019F0033009F06FCF0F947B8281E00E9441
:10793000536480910F0680934304111127C00E9465
:107940008C57C090F606D090F706E090F806F090BD
:10795000F906882309F4A1C020E030E040E85FE3A5
:10796000C701B6010F9494BB6093F6067093F706B7
:107970008093F8069093F90660E070E088EE92E458
:107980000F94626510920F0E10920E0EE090F206A8
:10799000F090F3060091F4061091F506209175021F
:1079A0003091760240917702509178026091710295
:1079B0007091720280917302909174021F921F92D3
:1079C0001F921F92812C912CE8E4AE2EE2E4BE2E91
:1079D000F6EFCF2EF6E0DF2E0F94F3520F94815185
:1079E000E0907902F0907A0200917B0210917C0283
:1079F0002091750230917602409177025091780281
:107A00006091710270917202809173029091740280
:107A10001F921F921F921F92812C912CA0E7AA2ED9
:107A2000A1E4BA2E0F94F3520F9481518DE792E0A6
:107A30000F94995280E1E1E7F2E0AAEEB6E00190FE
:107A40000D928A95E1F70E942D58809174039091D0
:107A500075038093390290933A029F938F938AE043
:107A60009AE49F938F930E943E880E948C570FB692
:107A7000F894DEBF0FBECDBF882331F187EA9FE3C4
:107A80000E9403EE10921C071092FA060C945AA55D
:107A900031E067963FAF6797BECD20E030E040EA27
:107AA00050E4C701B6010F9495BB6093F60670933E
:107AB000F7068093F8069093F90660E070E080E0A6
:107AC00090E40F94626562CF85E39DE60E9403EE29
:107AD0008EE29DE20E947E71D5CF0E948C5781116B
:107AE0000C945AA50F9481510E94E67E0E94C96DA4
:107AF0000F94D81F0C945AA50E948C57882311F418
:107B00000C945AA50C9424A660E080E00E9437EE05
:107B10000C945AA5188683E50E9420418823B1F071
:107B20000E94CD40182F8830B0F089EA96E20E947A
:107B3000576F4AE067E070E080E090E00E94586E86
:107B400089EF92E00E94EC820C945AA581EA9DE0B4
:107B50000F946DBA182F8AE50E942041882309F4FA
:107B6000D7C00E94B3452B013C012091230E3091D8
:107B7000240E4091250E5091260E0F943AB50F9485
:107B800006BD6B019B012156304F203A3F4030F03B
:107B900083E996E20E947E710C945AA55BE0159FE2
:107BA00090011124C901805B924F0F94AFBA8CE40D
:107BB0000E942041BBE01B9F700111245701E7EB9D
:107BC000AE1AE2EFBE0A882309F4BEC0E091CC05EC
:107BD000F091CD053196BF0181918032E1F3882388
:107BE00031F047E050E0CE0101960F94EDC047E040
:107BF00050E0B501CE0101960F9481BA82E40E9453
:107C000020415701FEEAAF1AF2EFBF0A882309F4B8
:107C1000A3C00E94CD40982E682FC5010F9491BA41
:107C200080E50E9420412DEAE21A22EFF20A882321
:107C300009F497C00E94CD40B82E682FC7010F9459
:107C400091BA81E40E942041882309F48FC00E94E8
:107C5000CD40811106C081EA9DE00F946DBA1813E2
:107C60008DC0812F0E944E6D082F882329F0612F2F
:107C700081EA9DE00F9491BA8CE896E20E94576FDA
:107C8000612F70E090E080E00E94BD6E812F0E9425
:107C90004E6D811104C08BE796E20E947E7188E7E9
:107CA00096E20E94576F44E0C301B2010E94D96E70
:107CB00085E796E20E94576FB601DD0C880B990BA1
:107CC0000E94BD6E82E796E20E94576FCE01019638
:107CD0000E94E0828FE696E20E94576F692D70E065
:107CE00090E080E00E94BD6E8CE696E20E94576FA5
:107CF0006B2D70E090E080E00E94BD6E89E696E218
:107D00000E94576F802F90E00F94567C0C945AA5D8
:107D1000ABE01A9FC0011124805B924F0F947BBA95
:107D20006C01BC01990F880B990B0F94FBB4209147
:107D3000230E3091240E4091250E5091260E0F9463
:107D400094BC2B013C0133CF47E050E0B501CE019C
:107D500001960F945DBA52CFC5010F946DBA982E5B
:107D60005FCFC7010F946DBAB82E6BCF81EA9DE04B
:107D70000F946DBA01E0181709F47ECF00E07CCFB4
:107D8000C301B2010F94FBB42091F2033091F303CD
:107D90004091F4035091F5030F948ABC87FD02C013
:107DA0000C9444A50F94CC1F681979098A099B0982
:107DB000693E734081059105C8F083E496E20E9414
:107DC000576F6091F2037091F3038091F4039091E7
:107DD000F50341E00E94D96E8FE20E94446EC80113
:107DE0000F94567C0F94CC1F4B015C010F94594F9C
:107DF00080E00E94378A80E00E941F600C942BA5CF
:107E00008FE30E9420418823C9F080E396E20E941C
:107E1000576F86EA9FE00F946DBA21E030E0811140
:107E200002C030E020E0C9010F94567C89E196E25F
:107E30000E947E710E948F6F0C945AA581E20E946D
:107E40002041882349F161E086EA9FE00F9491BACE
:107E500068E070E080EB9FE00F94AFBA68E170E0FB
:107E600082EB9FE00F94AFBA60E370E084EB9FE099
:107E70000F94AFBA60E570E086EB9FE00F94AFBA65
:107E800068E770E088EB9FE00F94AFBA88E096E275
:107E90000E947E710C945AA58AE50E942041882395
:107EA000C1F061E086EA9FE00F9491BA00EB1FE019
:107EB00070E060E0C8010F94AFBA0E5F1F4F0A3B3D
:107EC0004FE01407A9F78EEF95E20E947E710C94A3
:107ED0005AA583E50E942041882321F10E94DA40BF
:107EE0008C0189E40E942041882311F40C945AA546
:107EF0000E94CD40853010F00C945AA590E0885235
:107F0000984FB801880F991F0F94AFBA82EF9FE284
:107F10000E947E7189E196E20E947E710E948F6FBD
:107F20000C945AA58DEE95E20E947E710C945AA590
:107F30000E94B34520E030E040E251E40F943AB5AE
:107F40000F940DBD6C5A633009F494C060F5613034
:107F500009F44BC0623011F00C945AA580911314AF
:107F6000E0E3FFE1813011F0E2E3FFE105911491DC
:107F700080E50E942041882309F46BC00E94E740FD
:107F800040915A04442311F40C945AA560177107C8
:107F900011F40C945AA566ED7FE084E390E10E9411
:107FA00046F80C945AA5643009F4B0C0653011F05D
:107FB0000C945AA580E50E942041882309F425C12C
:107FC0000E94E74040915804442311F40C945AA5B0
:107FD0006230710510F40C945AA561ED7EE088E2E0
:107FE0009FE00E9446F80C945AA580E50E9420412B
:107FF0008823A9F00E94B34520E030E04AE754E42A
:108000000F943AB520E030E040E05FE30F9495BB79
:108010000F940DBDCB010E9478F80C945AA581E510
:108020000E942041882311F40C945AA585EA9DE012
:108030000F947BBABC0190E080E00F94F9B420E08B
:1080400030E04AE754E40F9494BC0F94C37A0C9444
:108050005AA581E50E942041882311F40C945AA569
:10806000B80190E080E04AE00E94586E0E944F6F95
:108070000C945AA58091131468E2E62E6FE1F62E57
:10808000813021F054E2E52E5FE1F52E80E50E947B
:108090002041882379F162E270E08091CC059091D3
:1080A000CD050F94C4C08C01892BD1F00F5F1F4FF9
:1080B00062E270E0C8010F94C4C0009789F0D82E26
:1080C000D01AC7010F942BB8D8120AC0AC0155279B
:1080D000B701C8010F944CB8892B11F40C945AA520
:1080E00040915A0466ED7FE084E390E10E9446F8F7
:1080F0000C945AA581E50E942041882311F40C9428
:108100005AA5C7010E947E710C945AA580E50E9471
:108110002041882309F470C08091CC059091CD0551
:1081200001969093CD058093CC052091590422238C
:1081300011F40C945AA5BE016F5F7F4F0E94B6ECFC
:108140008AE090E00F947BBA29813A8112E082178D
:10815000930728F011E02817390708F410E012956A
:10816000110F110F107C8CE090E00F947BBAAC01E2
:108170002B813C8182E04217530728F081E02417CD
:10818000350708F480E050E1859FC0011124180FE5
:108190008EE090E00F947BBAAC012D813E8182E0AD
:1081A0004217530728F081E02417350708F480E0D0
:1081B000A4E08A9FC0011124180F80E190E00F9481
:1081C0007BBAAC012F81388592E04217530728F023
:1081D00091E02417350708F490E0190F163510F4D4
:1081E0000C945AA54091590467E57FE088EA9FE026
:1081F0000E9446F80C945AA581E50E9420418823EC
:1082000011F40C945AA50C94D7A181E50E94204149
:10821000882311F40C945AA581E090E00F94567CC9
:108220000C945AA58BE40E942041C12CD12CE12C46
:1082300040ECF42E882349F10E94B3456B017C0188
:1082400020E030E0A9010F948ABC81111EC0109279
:10825000C6051092C7051092C8051092C9050E9464
:10826000D78181E395E70E94576F81E09FE10E94EB
:10827000576F6091C6057091C7058091C8059091B0
:10828000C9050F94C37A0C945AA580917303811188
:108290001BC020E030E0A901C701B6010F948ABCE1
:1082A00087FF05C08CE09FE10E947E71DACF20E05D
:1082B00030E040E251E4C701B6010F948ABC87FF69
:1082C0002CC081E00E94D7818091730320E030E0D0
:1082D000A901813021F5C701B6010F941EBE87FDAB
:1082E000E1CF20E030E040E251E4C701B6010F9455
:1082F0008ABC87FFD7CF20E030E0A901C701B601D3
:108300000F948ABC87FDCECFC092C605D092C70518
:10831000E092C805F092C905A4CF82E0D3CFC7018F
:10832000B6010F941EBE87FDBDCF2FE632E143E0BC
:108330005BE3C701B6010F943AB52AE037ED43E29B
:108340005CE30F9494BB6B017C0120E030E0A90159
:108350000F948ABC87FD11C020E030E040E251E478
:10836000C701B6010F941EBE18162CF6C12CD12CD5
:1083700030E2E32E31E4F32EC7CFC12CD12C7601AD
:10838000C3CF9EED892E92E0992E0DE512E022E5F5
:10839000A22E25E0B22E712CF40181914F010E9492
:1083A0002041882309F445C0F3E07F1204C00E94F5
:1083B00016ED811161C00E94B3456B017C0120E084
:1083C00030E0A9010F948ABC87FD46C020E030EA66
:1083D00040E854E4C701B6010F941EBE1816A4F17C
:1083E00020E030E047E054E4C701B6010F941EBE20
:1083F00087FD35C020E030E04CE752E4C701B6010C
:108400000F943AB520E030EA40E854E40F9494BC6D
:108410000F940DBDF62EC8010E9405586F2DC8019E
:108420000E940D5850E040E0D5016C91872D0F94CB
:10843000D51C73940D5F1F4FBFEFAB1ABB0AE4E06E
:108440007E12AACF0C945AA5C12C80EAD82E80E8BF
:10845000E82E84E4F82ECECFC12CD12C760120E07A
:1084600030E04CE752E4C701B6010F943AB520E082
:1084700034EB40E954E4CACF82E49EE50E94576F92
:108480008CED95E20E947E71D4CFA090670280911E
:108490006602811101C0AA0CB12C86E692E00F940D
:1084A0005C1F882EC090640280916302811101C01C
:1084B000CC0CD12C83E692E00F945C1F982E009197
:1084C000610280916002811101C0000F10E080E61E
:1084D00092E00F945C1FE82EF0905E0280915D02A6
:1084E000811101C0FF0C8DE592E00F945C1FBF92DB
:1084F000AF921F928F92DF92CF921F929F921F9303
:108500000F931F92EF921F92FF921F928F9380E31F
:1085100095E19F938F930F942FB90FB6F894DEBF18
:108520000FBECDBF0C945AA511E08239934009F4D7
:1085300010E082E50E942041882381F08FEF9FE0C8
:108540000F946DBA182F8091E206811711F40C94E4
:108550005AA5812F0E948B450C945AA580E50E9454
:108560002041882389F001E08091020E9091030E52
:108570008239934009F400E0602F8FEF9FE00F9461
:1085800091BA0093FD03DFCF81E50E94204188234B
:10859000D1F28091E206811115C08DE39FE39F9394
:1085A0008F9384E49FE39F938F9384ED95E29F9351
:1085B0008F930F942FB90F900F900F900F900F90F3
:1085C0000F90C1CF81E59DE3EACF8EED92E06C96EE
:1085D0009FAF8EAF6C97E7E1CE2EEEE0DE2EFBEF85
:1085E000EF2EF6E0FF2EA2E52A2EA5E03A2EB3EDFF
:1085F0008B2EBEE09B2E67961FAE67976C96AEAD36
:10860000BFAD6C978D916C96BFAFAEAF6C970E946B
:108610002041B82E882309F47CC00E94B3450F94F2
:108620000DBD2B018B016830710509F45EC360310B
:10863000710509F45AC381E00032110509F080E0A8
:108640006796BFAD6797B33009F45AC392012150C2
:1086500031092230310508F04EC39B2D892B6796D6
:10866000EFAD6797E33041F40034110531F0BB24DE
:10867000B3940038110509F0B12C811103C0BB205F
:1086800009F447C00F948151D1018C91A12CBB24D6
:10869000B39402C0B694A7948A95E2F7B2016796A4
:1086A0008FAD67970F94401DF4014082A016B1066C
:1086B00008F047C0C801B5010F9436BB2B01712CDF
:1086C000612CC3010F94F9B49B01AC01D60114963F
:1086D0006D917D918D919C9117970F943AB5F6010C
:1086E0006483758386839783D7012D913D914D9146
:1086F0005C91C301B2010F94D0BAF701608371831A
:10870000828393836796FFAD6797F33011F40F94DC
:10871000C28267962FAD67972F5F67962FAF6797D7
:1087200034E0C30ED11C44E0E40EF11C5FEF251AC7
:10873000350A8FEF881A980A243009F05FCF0C941D
:10874000E7AAC501B8010F9436BB2B01712C612C2F
:10875000C3010F94F9B49B01AC01D60114966D913D
:108760007D918D919C9117970F9494BCF601648331
:10877000758386839783D7016D917D918D919C91AF
:10878000A30192010F945EBBF701208331834283E2
:108790005383B8CF80E50E942041882329F00E94AE
:1087A000CD40182F0C945FA484E50E9420418111D4
:1087B000F6CF0C945EA460E070E0CB010C9478A43A
:1087C00082E080931C0789E19CE60E9403EEA701EA
:1087D00096016091F6067091F7068091F8069091E7
:1087E000F9060F9495BB6093F6067093F706809395
:1087F000F8069093F90660E070E080EA91E40F9447
:108800006265011106C060E070E088E492E40E94B5
:10881000D95F0E9485540F94815140E064EF71E06C
:1088200082E390E00F94CB3C8091100E811105C043
:108830008091000481110F94D50B81E00E94536454
:1088400082E00E941F6085E39DE60E9403EE109285
:108850001C070C9490A485E50E942041C12CD12CCA
:108860007601882321F00E94B3456B017C018AE5E3
:108870000E9420418823A1F00E94B3459F770E9467
:108880005A5F4B015C0180911314813099F40F946D
:1088900004B4C501B40190580E945A5F0C945AA5C3
:1088A00060E070E080EA91E40E94D95F60E070E0EF
:1088B000CB01E5CFC701B6010E9490F6EACF81EC6B
:1088C00092E00E9451450C945AA582EC92E00E94DD
:1088D00051450C945AA580911314813011F00C94D9
:1088E0005AA581E40E942041882311F40C945AA5D2
:1088F0008091CC059091CD0540E150E070E060E0C2
:1089000001960F94F8B5862F0F94500E0C945AA52B
:1089100080911314813011F00C945AA581E40E94C7
:10892000204110E0882361F08091CC059091CD0525
:1089300040E150E070E060E001960F94F8B5162F2A
:1089400088E50E942041882361F00E94DA401123CB
:1089500011F40C945AA5BC01812F0E9430E40C94B0
:108960005AA590E080E0F3CF60E08CEA9CE00F94A1
:1089700091BA109213141092C1131092A6130C9472
:10898000D4A461E08CEA9CE00F9491BA0E94DEDFEF
:108990000C94D4A480E00F94310E0C94EAA40E94AD
:1089A000D14C0C94EAA48AE2F6CF843509F075C064
:1089B0001093CD050093CC0581E08093FC030E94C9
:1089C000CD40182F2091CC053091CD0591E0790153
:1089D000E90EF11CD7018C91803211F0893011F42D
:1089E0009F5FF5CF082E000C990B0F9481C0F70103
:1089F000808390ED980F953058F08F3359F0883779
:108A000049F08336D1F087ED9EE10E947E710FC060
:108A10008F3389F480911314813049F490E080E021
:108A20000E9451E0682FD7018C910F94D40D1092C1
:108A3000FC030C942990833649F4809113148130FF
:108A4000B1F70F94C87A682F83E6EFCF80911314A3
:108A5000813069F40F94C87A181305C087EE9EE13F
:108A60000F9456B9E4CF812F0F94B10DE0CF81E37D
:108A700095E70E94576F112359F084E50E94446ED8
:108A8000812F90E0C0960F94567C8FE195E1BDCF89
:108A90008CE095E10E94576FCACF843409F0EEC094
:108AA0001093CD050093CC050E94DA4086309105E5
:108AB00009F479C09CF48230910509F452C08330E6
:108AC000910509F461C0019689F488EF94E19F93C0
:108AD0008F930F942FB90F900F90FFCF8531910591
:108AE00009F48DC094F4449709F469C08091EB12A5
:108AF0009091EC128F5F9E4E9F938F931F9284E410
:108B00008F9383EF96E10C9411928631910509F4CD
:108B10009BC08634910551F783E50E94204188234C
:108B200011F40C9429900E94DA4011E0009709F4A6
:108B300010E0892B91F0CE0101960F9408280F9434
:108B4000CC1F609388067093890680938A06909361
:108B50008B06CE0101960F94FB27109398060C9478
:108B6000299043EFC42E44E1D42E52E0E52E00E0DC
:108B700020E032E240E050E060E072E080E090E02F
:108B80000E94B9470C9429902CEEC22E24E1D22EDB
:108B900033E0E32E01E020E030E140E050E060E02F
:108BA00070E0CB01EDCF85EEC82E84E1D82E96E0A3
:108BB000E92E03E020E030E044E050E0F0CF85E42F
:108BC0000E942041882329F080E00E94A8E90C94AB
:108BD00029900F94CC1F6B017C010E94D6E90F9461
:108BE000CC1FDC01CB018C199D09AE09BF09BF93D5
:108BF000AF939F938F938CEC94E10C94119290E03F
:108C000080E00E94F4E8811107C089EB94E19F9312
:108C10008F930F942FB914C081E08093BF0282EA32
:108C200094E19F938F930F942FB903E020E033E2F8
:108C300040E050E060E070ED83E090E00F94B88D8C
:108C40000F900F900C94299090E080E00E94F4E83F
:108C5000811103C08FE894E1DACF8CE58CBD1DBC97
:108C60000E942CE940E050ED63E070E080E20E9459
:108C7000AEE80E9490E881E894E1C9CF81E395E7EE
:108C80000E94576F84E895E10E94576F8091EB1224
:108C90009091EC128F5F9E4E0E94E0828FEC95E2E5
:108CA0000C9481922DEC3CEC4CEC5DE3C701B601D9
:108CB0000F941EBE181614F40C94E6930C94F494BE
:108CC000A3019201622D732D8E2D9F2D0F948ABCCE
:108CD000181614F00C94EF9CE5E0CE0ED11CF2E0D7
:108CE000AF0EB11C84010C94B69C67962FAD6797AC
:108CF0008B2D233029F091E00430110509F4AECC1E
:108D000090E0ACCC8BE991E10E94D9F34EE255E2C0
:108D100062E080E00E942D61F80181918F01982F1F
:108D20009F7D11F40C9450AB97EF980F923010F494
:108D30000C9450AB8D3011F40C9450AB0E944760F2
:108D4000EBCFCE0101960F9408280C947FB122E05E
:108D50002093C0001092C50090E19093C4008091D0
:108D6000C10080618093C1008091C10088608093C0
:108D7000C1008091C10080688093C10080919605F8
:108D80008130A9F42093C8001092CD009093CC00BC
:108D90008091C90080618093C9008091C90088607A
:108DA0008093C9008091C90080688093C9000895AC
:108DB0008150823108F05AC0E82FF0E08827EC514A
:108DC000F9438F4F0D947DBB04C708C7F6C6FCC698
:108DD00000C736C70BC711C715C71BC71FC723C797
:108DE00029C72DC736C731C737C73BC78091800019
:108DF0008F77809380000895809180008F7DF9CFD8
:108E000080918000877FF5CF84B58F7784BD0895EA
:108E100084B58F7DFBCF8091B0008F778093B000B9
:108E200008958091B0008F7DF9CF809190008F7769
:108E3000809390000895809190008F7DF9CF80916C
:108E40009000877FF5CF8091A0008F778093A0005E
:108E500008958091A0008F7DF9CF8091A000877F39
:108E6000F5CF809120018F77809320010895809124
:108E700020018F7DF9CF80912001877FF5CF83B1CD
:108E800082958170089580915F04909160040895A7
:108E9000CF92DF92EF92FF9220916104B0E0A0E0C8
:108EA000C0900B07D0900C07E0900D07F0900E07D4
:108EB00020FF42C0C81AD90AEA0AFB0AC0920B076F
:108EC000D0920C07E0920D07F0920E07CB01B0E0B4
:108ED000A0E0C0900F07D0901007E0901107F0902D
:108EE000120721FF36C0C81AD90AEA0AFB0AC09243
:108EF0000F07D0921007E0921107F092120770E06E
:108F000060E08091130790911407A0911507B0912C
:108F1000160722FF2BC0841B950BA60BB70B809363
:108F2000130790931407A0931507B0931607FF90AB
:108F3000EF90DF90CF9008958C0D9D1DAE1DBF1D4D
:108F400080930B0790930C07A0930D07B0930E0727
:108F5000BDCF8C0D9D1DAE1DBF1D80930F0790933F
:108F60001007A0931107B0931207C9CF840F951F64
:108F7000A61FB71FD4CFFB01118210826AE0DC016B
:108F80002C9120532A30A0F440815181649F90019C
:108F9000659F300D1124318320834D91CD012053E5
:108FA0003109240F311D47FD3A9531832083E7CFE6
:108FB000089585E080930C0E0D94FF17FC018081CD
:108FC000882321F0813029F482E001C081E0808390
:108FD000089510820895FC019491903249F087EF32
:108FE000890F823028F081E09D3019F080E00895EB
:108FF00081E008958FEF9DE20E947E710D94FF172E
:109000008091110E813021F48EE59DE20C947E71E9
:109010008FE49DE2FBCF84E09DE00F946DBA8A322D
:1090200039F48AE29DE00F946DBA91E0813009F045
:1090300090E0892F0895CF93DF930F948151CAEE6A
:10904000D6E06091F01370E090E080E00F94FBB404
:1090500020E030E040E851E40F9494BB9B01AC0168
:109060006C857D858E859F850F9494BB6C877D87ED
:109070008E879F8762E089E299E4DF91CF910D941A
:10908000E88FDF92EF92FF920F931F93CF93DF93BE
:10909000CDB7DEB763970FB6F894DEBF0FBECDBF76
:1090A0003091720520917105321371C07C0180915D
:1090B000B702882309F443C08CEF92E49F938F9307
:1090C00082EE98E49F938F938E010F5F1F4F1F9343
:1090D0000F930F9484B9D82E47E050E0B701800F6A
:1090E000912F911D0F945DBA0F900F900F900F90DC
:1090F0000F900F9020E0822F8D0D90E0273039F0F7
:109100002F5FF801E80FF91F30813111F4CFF8011A
:10911000E80FF91F2DE520838C0F9D1FFC011282A3
:109120000E94DF52482F60916F0580E00E943961F4
:1091300062E1C8010E94826780E20E9447608091DC
:109140007005882321F1209172058091E4069091A9
:10915000E50628171906D9F41092B80280E79DE6B3
:10916000892B11F00E94706D81E08093B8020E94FB
:10917000EC5263960FB6F894DEBF0FBECDBFDF9101
:10918000CF911F910F91FF90EF90DF900895809104
:1091900072058F5F80937205ECCF61E08DEC93E4F4
:1091A0000E9478870D94FF1761E081ED93E40E949F
:1091B00078870D94FF1761E089EC93E40E9478872B
:1091C0000D94FF1761E087ED93E40E9478870D947A
:1091D000FF170D94C282CF92DF92EF92FF920F930E
:1091E0001F93CF93DF936C017901C42FD0E0AE01C0
:1091F0000F944CB8892BB9F4B801C6018C0F9D1F90
:109200000E94BBC7F801208131812E293F2931837B
:10921000208381E0DF91CF911F910F91FF90EF901C
:10922000DF90CF90089580E0F5CFE3E0F8E1628130
:1092300081E06827628385ED9EE00D9491BA87EA0C
:109240009CE00F946DBA61E0823008F4682787EAE9
:109250009CE00D9491BACF93DF93C5E1DDE0FE0170
:10926000E454F84C6491CE010F9491BA2196C9321E
:109270008DE0D807A1F7DF91CF910895CF930E9499
:109280000BC8C1E0C8276FEF09F06AE284E09DE0F7
:109290000F9491BA8C2F880F8270CF910D94A61ED7
:1092A0008AEA9DE00F946DBA65E0833021F061E0B9
:1092B000853009F063E08AEA9DE00D9491BA8BEA6B
:1092C0009DE00F946DBA63E0833009F467E08BEAA8
:1092D0009DE00D9491BA8CEA9DE00F946DBA61E027
:1092E000811160E08CEA9DE00D9491BA8EE594E0E6
:1092F0000E94DEC760915E0480E29CE00D9491BA0A
:1093000089E594E00E94DEC76091590483EA9DE0FC
:109310000D9491BA8AE594E00E94DEC760915A04E8
:1093200084EA9DE00D9491BA8DE594E00E94DEC739
:1093300060915D0488EA9DE00D9491BA80910B18CC
:1093400060E0811101C061E060930B1887E49DE04B
:109350000D9491BAE3E0F8E1618181E068276183CF
:1093600087E09FE00D9491BAEAE5F7E1608181E042
:10937000682760838BEB9FE00D9491BA80919605EE
:10938000813051F4109296056091960588E09FE037
:109390000F9491BA0C94A7C681E080939605F4CF00
:1093A0008FEA9FE00F946DBA61E0811160E08FEA6F
:1093B0009FE00D9491BA80914105813071F020F0C9
:1093C000823069F483E001C081E0809341056091BF
:1093D000410587ED9EE00D9491BA82E0F6CF1092A0
:1093E0004105F5CF89E09FE00F946DBA61E08823D5
:1093F00021F062E0813009F060E089E09FE00F94A5
:1094000091BA81E0809338150895CF93DF938091CE
:109410005B048C33E1F0803501F1883291F088E211
:1094200080935B04C0E9D1E060915B0487EA9DE032
:109430000F9491BABE0185EA9DE0DF91CF910D9422
:10944000AFBA8CE380935B04C8E5D2E0EDCF80E552
:1094500080935B04C0E2D3E0E7CF89E180935B04B3
:10946000CAEFD0E0E1CF0F931F93CF93DF9300D0EB
:1094700000D01F921F92CDB7DEB78C018AE090E03A
:109480000F947BBA9A8389838CE090E00F947BBA27
:109490009C838B838EE090E00F947BBA9E838D83B8
:1094A00080E190E00F947BBA98878F83C801DE013A
:1094B0001196BE01675F7F4FFC01259134914D915C
:1094C0005D914217530748F02417350720F00296A4
:1094D000A617B70789F780E001C081E028960FB68C
:1094E000F894DEBF0FBECDBFDF91CF911F910F91DA
:1094F00008950F931F93CF93DF93982F862F142FE8
:10950000E901692F0E948060113021F0123079F05A
:10951000CE0115C0CE010E9443608AE30E944760DD
:10952000802FDF91CF911F910F910C944760CE0156
:109530000E9443608AE30E94476089EB9DE2DF91CD
:10954000CF911F910F910C944360813021F48FE7EC
:109550009CE20C9443608BE79CE2FBCF81E090910E
:109560000318911180E00C94D46B0F931F93CF9349
:1095700003E018E1F801C68581E0C827C68780911D
:10958000E80E9091E90E908B87870F947382F80113
:10959000158A6C2F8DEA9CE0CF911F910F910D944D
:1095A00091BA0E9489614CE651E360E080E00E943C
:1095B0002D6180914B0290914C022091E4063091F4
:1095C000E506820F931F823321E0920750F181E379
:1095D00091E090934C0280934B021092E50610921A
:1095E000E40662E081E00E94806080914C028F93EB
:1095F00080914B028F9381E593E49F938F930E9418
:1096000031600E94DB680F900F900F900F908823BD
:1096100071F083E080930C0E0F94FF1782E00C949E
:109620001F608A309105A8F68AE090E0D2CF0895B5
:1096300089EA9DE00C94416D282FCB01213039F04F
:10964000223049F022E065E57FE30C94F66722E0E2
:1096500060E57FE3FACF22E069E47FE3F6CF8FEFA6
:109660009FE00F946DBA9091E20622E046EE53EF30
:1096700081111BC06AEE74E4911102C06DE37FE3B7
:1096800084E49FE30E94F66789E69FE00F946DBA39
:109690006DEA7CE6882311F061EB7CE622E041E292
:1096A00051ED82E39FE30C94F66765EE74E4891351
:1096B00002C06AE27FE384E49FE30E94F66722E04F
:1096C00046E55EEC70E060E0ECCF809138026DEA38
:1096D0007CE6882311F061EB7CE622E041EB51E06F
:1096E00088E69AE30C94F66786ED9EE00F946DBAD7
:1096F0006DEA7CE6813011F461EB7CE622E04FE913
:1097000052E089EC9CE20E94F6678EEC9EE00F949A
:109710006DBA22E04BE752E061EB7CE6813011F05C
:109720006DEA7CE683E59AE30E94F66789EA9DE0AC
:109730000F946DBA6DE37FE3882311F06AE27FE353
:1097400022E048E15BEC8AE49AE30C94F6678091AE
:109750000204882321F08091B702882351F081E030
:109760008093020460E08AE29DE00E940E6D809387
:1097700003040E94966A10926F0580916F058430F1
:1097800008F060C01092720580915C04811137C0AE
:1097900085E29FE30E942F6769EE7CED89E19CE3FF
:1097A0000E94546780915B048C3309F43FC050F5EC
:1097B000893191F1883251F160EA78EF86EF9AE3CE
:1097C0000E94FE6664EB7DEC8BEB9AE30E9454678B
:1097D00080910304882331F063E27CEC85EF93E40D
:1097E0000E9454670E94FC5280916F058F5F8093A6
:1097F0006F05809171058F5F80937105BECF84EEF8
:109800009DE3C8CF8035C1F08F3FB1F622E045E03F
:109810005AEC6CE074E405C022E045E05AEC61E1EA
:1098200074E48DEA9CE30E94F667C6CF22E045E02F
:109830005AEC67E074E4F5CF22E045E05AEC62E0D0
:1098400074E4EFCF08950E94966A10926F0580919C
:109850006F05843040F51092720585E29FE30E9407
:109860002F670E940BC86DEA7CE6882311F061EB3C
:109870007CE622E04EE359EC83EF9DE20E94F6671E
:109880006BE279EC80EE9DE20E94FE660E94FC5243
:1098900080916F058F5F80936F05809171058F5F59
:1098A00080937105D4CF0895CF934DEE5DE360E0D2
:1098B00080E00E942D614AE061E080E00E94396111
:1098C0000E94966A10926F05C2E080916F05843005
:1098D000F8F410927205811102C0C0936F056BEE0F
:1098E00071E086EF9BE60E94FE6660E87EEE89EFFF
:1098F0009BE60E94FE660E94FC5280916F058F5F7E
:1099000080936F05809171058F5F80937105DDCF26
:10991000CF9108950E94966A10926F0580916F050D
:10992000843008F087C01092720585E29FE30E94A0
:109930002F67809103186DEA7CE6882311F061EBB4
:109940007CE622E04EEA5AEC88E69DE30E94F66748
:1099500080910318882309F45AC0833029F522E046
:1099600049EE58EC6FE87DE380E49AE30E94F667E5
:1099700022E049EE58EC6FE87DE384E39AE30E942D
:10998000F66722E049EE58EC6FE87DE386E29AE361
:109990000E94F66780910B18882381F1813009F4C9
:1099A00043C00E949EC933C0809105186DEA7CE6D1
:1099B000882311F061EB7CE622E045E159EC80E47C
:1099C0009AE30E94F667809104186DEA7CE688238A
:1099D00011F061EB7CE622E04AEA59EC84E39AE379
:1099E0000E94F667809111186DEA7CE6882311F0D9
:1099F00061EB7CE622E045EB5AECC8CF22E04EE971
:109A000059EC66E17AE38CE19AE30E94F6670E94E2
:109A1000FC5280916F058F5F80936F058091710577
:109A20008F5F809371057ACF22E04EE959EC60E1B7
:109A30007AE3E9CF08950E94966A10926F058091AB
:109A40006F058430A8F51092720589E19CE30E94AD
:109A50002F6780913E040E944E6D882331F069EAA1
:109A60007BED82E19CE30E94546780910C0E811192
:109A700006C061E77CEE81E09CE30E94546763E6E8
:109A80007FEC8AEF9BE30E94546767E37AEE84EFF2
:109A90009BE30E94FE660E94FC5280916F058F5FDF
:109AA00080936F05809171058F5F80937105C7CF9B
:109AB000089587E080933E040C941BCD86E080934C
:109AC0003E040C941BCD85E080933E040C941BCD8A
:109AD00084E080933E040C941BCD83E080933E048D
:109AE0000C941BCD82E080933E040C941BCD81E04E
:109AF00080933E040C941BCD10923E040C941BCD1D
:109B00000E94966A10926F0580916F05843058F517
:109B10001092720584EE9DE30E942F6764E07FED52
:109B200087E092E30E9454676DE07FED80E092E36E
:109B30000E9454676BEF7EED89EF91E30E945467BA
:109B400062EB7BED80EF91E30E9454670E94FC5230
:109B500080916F058F5F80936F05809171058F5F96
:109B600080937105D1CF08950E94966A10926F0577
:109B700080916F05843098F51092720584E09BE324
:109B80000E942F6744E959EC69E77AE380915D040C
:109B90000E941CCB4AE859EC63E77AE380915A04AF
:109BA0000E941CCB40E859EC63ED7CE280915904A3
:109BB0000E941CCB46E759EC65EF7FE280915E0482
:109BC0000E941CCB0E94FC5280916F058F5F809396
:109BD0006F05809171058F5F80937105C9CF0895DE
:109BE000CF9310923804C3B14DEA5CE260E080E0AC
:109BF0000E942D6160E086E00E948060C4FB88279F
:109C000080F90E94A5CA80911314813099F4C1E0B3
:109C10008091E913811101C0C0E047EA5CE260E095
:109C20008AE00E942D6160E081E10E9480608C2FBB
:109C30000E94A5CAC1E080911018811101C0C0E046
:109C400048E65DE361E080E00E942D6161E081E132
:109C50000E9480608C2F0E94A5CA62E080E00E9472
:109C600080608091E90E8F938091E80E8F938091B0
:109C7000140E1F928F938091F1038F938091F003C4
:109C80008F938091130E1F928F9383E89CE29F9392
:109C90008F930E9431608DB79EB70A960FB6F894E5
:109CA0009EBF0FBE8DBFCF910C94906A0E948261BF
:109CB0008EE092E30E9443600C94906ABF92CF9230
:109CC000DF92EF92FF920F931F93CF93DF93C82FF2
:109CD000F62EE42EB22E680180E00E945364DCE789
:109CE000FE1408F0DDE2BB20E9F00E948961C11199
:109CF0001CC085E497E60E94436088EF8C0F823099
:109D000068F589EB9EE30E9443608CE99EE3CC30CA
:109D100049F18EE497E6CD3029F1CE3029F58BE874
:109D20009EE320C00E948261E2CFC13011F3C230B5
:109D300001F386E09FE3C330F1F286EF9EE3C43087
:109D4000D1F286EE9EE3C530B1F286ED9EE3C630D9
:109D500091F2C73091F689EC9EE3CDCFCA3059F528
:109D600088EA9EE30E9443604CEB54E461E080E0AB
:109D70000E942D61C33040F54FE75EE362E080E072
:109D80000E942D6162E082E10E948060C11117C0D3
:109D90008D2F0E94476044E75EE363E080E00E940D
:109DA0002D6163E082E10E948060C23001F18D2F5D
:109DB0000E94476020C0CB3009F0A7CFD1CF89EBFC
:109DC0009DE20E944360E7CF86EF8C0F823090F5D2
:109DD0004EE557E662E080E00E942D618AE30E9432
:109DE000476062E082E10E948060CA3001F389EB43
:109DF0009DE20E944360C114D10419F0C6010E9483
:109E0000728C81E08F0D482F50E092E024E030E02A
:109E1000E91611F026E030E0421753070CF080E01D
:109E2000DF91CF911F910F91FF90EF90DF90CF9036
:109E3000BF900895CA30F8F641E0C43021F042E006
:109E4000C33009F440E00D2F2AEB34E462E082E0F5
:109E50000E9479CA41E0C53021F042E0C53008F4E3
:109E600040E00D2F28EB34E468E082E00E9479CADC
:109E700041E0C63021F042E0C63008F440E00D2F4A
:109E800026EB34E46EE082E00E9479CA41E0C730FC
:109E900021F042E0C73008F440E00D2F22EB34E41B
:109EA00060E083E00E9479CA41E0C83021F042E0DE
:109EB000C83008F440E00D2F2BEA34E469E083E079
:109EC0000E9479CA98CFCF93DF93809102048111C9
:109ED00018C060913E048BE0689FB0011124675B5D
:109EE000724F47E050E084E094E00F945DBA8091B7
:109EF000040490E09093E5068093E40681E080936B
:109F000002048091E4069091E506809734F480E2A3
:109F100090E09093E5068093E4068091E4069091AA
:109F2000E5068F3F910539F034F08FEF90E0909384
:109F3000E5068093E406E0910304F0E0EE5FFB4F5A
:109F40008091E40682830E948261C4E0D4E089911A
:109F50000E94476084E0CB30D807C9F74EE561E046
:109F6000809103040E94396180910304882329F0C1
:109F700040E261E081500E9439610E94DB688823E1
:109F800099F0E09103048E2F90E00196079778F402
:109F9000EF5FE0930304F0E0EE5FFB4F828190E01F
:109FA0009093E5068093E406DF91CF910895609148
:109FB0003E048BE0689FB0011124675B724F47E05D
:109FC00050E084E094E00F9481BADF91CF910C943B
:109FD00094530E94826183E492E30E9443600C9454
:109FE000906A2F923F924F925F926F927F928F92E0
:109FF0009F92AF92BF92CF92DF92EF92FF920F9318
:10A000001F93CF93DF93CDB7DEB7A0970FB6F89429
:10A01000DEBF0FBECDBF48E050E065EE7FE0CE0171
:10A0200041960F945DBA48E050E06DED7FE0CE01BF
:10A0300009960F945DBA48E050E065ED7FE0CE01EF
:10A0400001960F945DBA8D849E84AF84B888E9E44C
:10A05000FFE62591359145915491CD80DE80EF80CA
:10A06000F884EDE4FFE685919591A591B4918D8FEB
:10A070009E8FAF8FB8A38D899E89AF89B88D898F48
:10A080009A8FAB8FBC8FC501B4010F943AB52B01E9
:10A090003C012D8D3E8D4F8D58A1C701B6010F9407
:10A0A0003AB59B01AC01C301B2010F9495BB298D58
:10A0B0003A8D4B8D5C8D0F9495BB20E030E040E9EC
:10A0C00050E40F9495BB1B018C01E1E5FFE625915F
:10A0D000359145915491E5E5FFE6459055906590A1
:10A0E0007490C501B4010F943AB54B015C01A30112
:10A0F0009201C701B6010F943AB59B01AC01C501AD
:10A10000B4010F9495BB298D3A8D4B8D5C8D0F94C6
:10A1100095BB20E030E040E950E40F9495BBF62E6B
:10A12000E72ED82EC92E0E9482618CEC90E39F937B
:10A130008F9382ED90E39F938F938CEB94E49F93A6
:10A140008F9387ED90E39F938F9389E39CE29F9396
:10A150008F930E94316062E08BE00E9480600FB6B6
:10A16000F894DEBF0FBECDBF20E030E048E453E4FA
:10A17000622D732D802F912F0F941EBE87FF57C025
:10A180001F930F933F922F9281E39CE29F938F93B3
:10A190000E9431600F900F900F900F900F900F90D2
:10A1A00063E08BE00E94806020E030E048E453E40C
:10A1B000D701F6016B2F7E2D8F2F9C2D0F941EBE85
:10A1C00087FF3AC0CF92DF92EF92FF9281E39CE249
:10A1D0009F938F930E9431600F900F900F900F907C
:10A1E0000F900F900E94DB68882341F020E041E04F
:10A1F00070E060E08DE79DED0E943053A0960FB6B1
:10A20000F894DEBF0FBECDBFDF91CF911F910F91AC
:10A21000FF90EF90DF90CF90BF90AF909F908F9086
:10A220007F906F905F904F903F902F9008958FE8B0
:10A230009DE30E944360B4CF8FE89DE30E9443609A
:10A24000D1CF89E69FE00E94416D0D949B1ECF9374
:10A25000DF9394E0899FE0011124C651D94F20E09B
:10A2600030E040E251E4688179818A819B810F94DA
:10A2700095BB688379838A839B8360E070E084E385
:10A2800092E40F9462650F948151DF91CF910D9408
:10A290009B1E0E94638861E082EB9DE60E947887A6
:10A2A0000D94FF17CF93DF9388E394E00F945D2222
:10A2B0008091FF0D811118C08091000E811114C092
:10A2C000C0917504D09176048AEEC839D80761F040
:10A2D0008EEDCB3FD80741F080912F04811104C04F
:10A2E00080916E05882331F082E08093B702DF9180
:10A2F000CF9108958BECC73AD80749F482E0809358
:10A30000B7028AE29DE0DF91CF910C94416D90916C
:10A31000FD0D8091FE0D981304C00E94975788236D
:10A3200061F00E94D257811110C082E08093B70281
:10A3300080E0DF91CF910D94EF3A81E0C93AD807E0
:10A34000E1F460E08BEF9EED14C081E0C93AD807DC
:10A3500059F081EDC63DD80739F086EDC639D807EA
:10A3600019F0C75ED04009F70E94896160E088E972
:10A370009AEEDF91CF910C94565381EDC63DD807EC
:10A3800001F381E0CF35D807E1F28FEECF35D80762
:10A39000C1F283EDCF3DD807A1F285EDCB3CD807C4
:10A3A00081F2C75ED04009F0C0CFCBCF1F93CF93CF
:10A3B000DF930E94966A10926F051BE0D1E08091B6
:10A3C0006F05843008F0F7C11092720583E39DE3B6
:10A3D0000E942F670E94E857811117C00E94825780
:10A3E000811113C080913F0481110FC08091110E23
:10A3F000833009F053C08091EA14882331F069E476
:10A4000071ED8BE29DE30E94FE660E94D257882385
:10A4100071F00E949757811104C080910C0E843016
:10A4200031F468E97AEE8DE19DE30E9454678091F2
:10A43000100E882331F064E17EEE84E79DE30E94F4
:10A44000FE660E94825781115AC08091FD0D909145
:10A45000FE0D891B8F7069F50E94E857811129C094
:10A4600080914204823029F180916E05811127C0CC
:10A470006FE571E080E19DE30E9454678091F703EE
:10A480008823E9F08091110E60E078EC813009F0CA
:10A490007BC082E09DE30E94FE6611C0843009F01B
:10A4A000B4CF8091F703882309F4AFCF6AEF77EC3C
:10A4B000A8CF66E976ED88E19DE30E945467C091DC
:10A4C000000E0E948C57C1111AC09091FF0D91117E
:10A4D00016C0811118C08091FC03811110C08091B9
:10A4E0006B0569E471E0811106C08091E91488234D
:10A4F00031F06FEA72E08CEE9CE30E94FE660E94EF
:10A500008C57882321F180917805811120C080919A
:10A5100042048230E1F080916A02823021F490910D
:10A52000010E9923A1F090911C07983081F060ED05
:10A530007EEE882341F0813051F48091F703882327
:10A5400031F06DEF7EEE8FED9CE30E9454670E9428
:10A550009757811108C00E948C57811104C00E9436
:10A560008257882341F080911C07813021F080912F
:10A57000FC03882361F080916E05882371F060E808
:10A580007EEE80ED9CE307C088EF9CE384CF64E51A
:10A590007CEC8DEE9DE30E9454670E9482578111EE
:10A5A00092C00E94E85781118EC080917805811178
:10A5B0008AC080914204823009F485C08091EA14F7
:10A5C000811105C080910C0E882309F4A5C08091EB
:10A5D0007C17811110C080916B0581110CC0809196
:10A5E0000C0E811108C0D0933D046FE57FEE82EC24
:10A5F0009CE30E9454678091100E81111FC081EA74
:10A600009DE00F946DBAC82F0E945C6D87FD09C054
:10A61000C81739F0C102C0011124875B924F0E9414
:10A6200041C880915B048C3309F492C008F07BC070
:10A63000893109F483C0883209F47AC0809100041A
:10A64000811141C080916E0581113DC0809113142C
:10A65000813009F089C08091E91381110AC080918D
:10A660001018811106C068E77BED8EE99CE30E941B
:10A67000546763E672E08FE89CE30E94546763ECE2
:10A6800072E08FE79CE30E9454676DE571E08AE019
:10A690009CE60E9454678EEC9EE00F946DBA88236E
:10A6A00031F063EE71E08DEF9BE60E9454676FED31
:10A6B00073ED84EE9DE30E94546769E175ED83E5D7
:10A6C0009CE30E94546766E17FED88E49CE30E946E
:10A6D000546767E771E08DE39CE30E9454678091C3
:10A6E0001314813031F46DE371E08EE29CE30E943B
:10A6F000546767EE70E086E29CE30E9454670E9414
:10A70000FC5280916F058F5F80936F05809171057A
:10A710008F5F8093710553CED0933D0487EB9CE30C
:10A720000E942F6768CF8035C9F08F3F09F086CF30
:10A7300022E045E05AEC6BE574E405C022E045E018
:10A740005AEC60E674E48DEA9CE30E94F66776CFEB
:10A7500022E045E05AEC66E574E4F5CF22E045E0FE
:10A760005AEC61E574E4EFCF809103188823C1F0BF
:10A7700080910418811106C063E272E081E79CE3D6
:10A780000E94546780911018811110C080910418A4
:10A79000882309F48CCF6EEF7AED8FE59CE385CFAB
:10A7A00063E272E081E79CE30E94546761EC72E02F
:10A7B0008FE79CE37ACFDF91CF911F910895CF93DC
:10A7C0008FEF9FE00F946DBA8093FD030E94966A0D
:10A7D00010926F05C1E080916F05843008F027C1A9
:10A7E0001092720581E39EE30E942F676BEC75ED7A
:10A7F00085E39BE30E9454670E94E857882321F079
:10A800000E948C57882361F060E87DEC8BE29BE32B
:10A810000E9454676EE07EE28AE19BE30E94F78724
:10A820006AE87CEC88E69DE30E9454678CEA9CE031
:10A830000F946DBA6DEA7CE6882311F061EB7CE63B
:10A8400022E04CE350EE82E394E40E94F6678CEA47
:10A850009CE00F946DBA882331F06BE071E088E2E0
:10A8600094E40E94FE6680911314813041F40E94AA
:10A8700074CB67EC72E08DE09BE30E9454670E940A
:10A8800065CB8091100E811102C00E942FCB809168
:10A89000100E8111C5C0C0935C0467EA7BEC84E0B4
:10A8A0009BE30E94546769E872EF80E89BE30E9493
:10A8B00054676EE17DEE86EE9AE30E94546720E0D5
:10A8C00030E040E251E46091F2037091F303809133
:10A8D000F4039091F5030F941EBE87FD11C08FEA1B
:10A8E0009FE00F946DBA6DEA7CE6882311F061EB6E
:10A8F0007CE622E040ED59EC81E49BE30E94F667A0
:10A900008091960561EB7CE6811102C06DEA7CE6E0
:10A9100022E04EEB59EC8DED9AE30E94F6670E941F
:10A920008C57811106C068E97AEE8DE19DE30E94A3
:10A9300054678091100E81112AC080915A1722E02D
:10A9400044EB59EC69EE7CE2811102C06DE37FE3D8
:10A9500085ED9AE30E94F66789E09FE00F946DBA57
:10A9600022E042EF59EC6BEC7AE3882361F022E0BD
:10A9700042EF59EC62EC7AE3813029F022E042EFB9
:10A9800059EC65E57FE380ED9AE30E94F6678091DC
:10A99000410522E04BED59EC61E57DE3823051F059
:10A9A0006AE47DE3833031F06DE57DE3813011F4BD
:10A9B00068E57DE382E69DE30E94F667809164048A
:10A9C000882331F064E07BED8FE39DE30E945467C0
:10A9D00087EA9CE00F946DBA66EF7BE6882311F05E
:10A9E00069EF7BE622E04FE159EC8CED9CE20E949E
:10A9F000F6678091100E882331F068E672EF86E1E9
:10AA000094E40E94FE660E94FC5280916F058F5F65
:10AA100080936F05809171058F5F80937105DBCE08
:10AA200060EA78EF86EF9AE30E94FE663CCFCF9112
:10AA300008950E94966A10926F0580916F05843088
:10AA400008F075C01092720581E39EE30E942F67A3
:10AA50006BE971E08FEB9BE30E94FE6680910C0E28
:10AA6000811106C063EC7BEE81E09CE30E94546799
:10AA70006BE17EE28CEE9BE60E94F7876AE573EF5E
:10AA800085EB9BE30E94FE666EE876EF8CEA9BE323
:10AA90000E94FE666DEC78EC8EE99BE30E94FE66F8
:10AAA00064ED78EC82E99BE30E94FE666BED78EC46
:10AAB00080E89BE30E94546769EE75ED8EE69BE3A8
:10AAC0000E94546761ED7AEC8EE59BE30E94546727
:10AAD00066E374E48CE49BE30E94F78720E030E0B7
:10AAE00040E251E46091F2037091F3038091F4032A
:10AAF0009091F5030F941EBE87FD06C062EE78ECC0
:10AB000081E49BE30E94FE6669ED77EC82EF9CE2B4
:10AB10000E94FE660E94FC5280916F058F5F8093B9
:10AB20006F05809171058F5F8093710586CF0895C1
:10AB3000EF92FF920F931F9388ECE82EF12C07E21F
:10AB400011E030E020E040E16EE07EE089E79AE34A
:10AB50000E94946092E3E92EF12C08E710E030E0C7
:10AB600020E040E168EC76E084E69AE30E9494609D
:10AB70002FE7E22EF12C0FEF10E030E020E048E06C
:10AB800063E474E08AE59AE30E9494601F910F9158
:10AB9000FF90EF9008950E94966A10926F05809141
:10ABA0006F058430A8F41092720584EE9DE30E9434
:10ABB0002F670E9498D50E94FC5280916F058F5F8D
:10ABC00080936F05809171058F5F80937105E7CF4A
:10ABD0000895EF92FF920F931F9380910F048111BC
:10ABE00035C080EC9FE00F946DBA813061F58FEB3A
:10ABF0009FE00F946DBA082E000C990B90931104EE
:10AC0000809310048EEB9FE00F946DBA082E000C19
:10AC1000990B90931304809312048DEB9FE00F9493
:10AC20006DBA082E000C990B9093150480931404B0
:10AC30008CEB9FE00F946DBA082E000C990B90934B
:10AC400017048093160481E080930F040E94966A93
:10AC500010926F0580916F05843008F062C01092E9
:10AC600072050E949F528823E9F0609110048FEBD7
:10AC70009FE00F9491BA609114048DEB9FE00F94C4
:10AC800091BA609116048CEB9FE00F9491BA609199
:10AC900012048EEB9FE00F9491BA61E080EC9FE08C
:10ACA0000F9491BA85E29FE30E942F67F12CE12C6B
:10ACB00004E610E02CE93FEF40E160E174E08DE54F
:10ACC00091E30E9494602CE93FEF40E162E174E07F
:10ACD0008EE491E30E9494602CE93FEF40E164E14F
:10ACE00074E08FE391E30E9494602CE93FEF40E130
:10ACF00066E174E080E391E30E94946066E37DED99
:10AD000084EF9BE30E94FE660E94FC5280916F05D7
:10AD10008F5F80936F05809171058F5F80937105C0
:10AD200099CF1F910F91FF90EF900895EF92FF92AE
:10AD30000F931F938091BD029091BE0220910F044A
:10AD400021118FC021E020930F0490931104809370
:10AD500010048FEF9FE00F946DBA8093FD030E9463
:10AD6000966A10926F0580916F05843008F088C054
:10AD7000109272050E949F5281110E94D55481E366
:10AD80009EE30E942F67F12CE12C07EE13E02AE0EE
:10AD900030E040E169E372E089E89DE30E9494605D
:10ADA0000E9498D52AE030E040E16DEB72E084E843
:10ADB0009DE30E9494608091100E811106C064E1B1
:10ADC0007EEE84E79DE30E94FE660E948C578823F6
:10ADD00031F065E674E48CEE9BE60E94F7876AE842
:10ADE0007CEC88E69DE30E945467809113148130C7
:10ADF00011F40E9474CB0E9465CB8091100E8111DA
:10AE000002C00E942FCB8091410522E04BED59EC0E
:10AE100061E57DE3823051F06AE47DE3833031F017
:10AE20006DE57DE3813011F468E57DE382E69DE325
:10AE30000E94F66780916404882331F064E07BED22
:10AE40008FE39DE30E9454670E94FC5280916F053E
:10AE50008F5F80936F05809171058F5F809371057F
:10AE600082CF20911004309111042817390709F47A
:10AE700070CF90931104809310040E94AB5569CF5A
:10AE80001F910F91FF90EF9008958F929F92AF9234
:10AE9000BF92CF92DF92EF92FF920F931F93CF93C7
:10AEA000DF93F82E6091080E7091090E80910A0EC2
:10AEB00090910B0E0F9406BD4B016B0160914B05F9
:10AEC00070914C0580914D0590914E050F9406BDF3
:10AED000EB01FF2009F4A6C06B01E40124EB922EE4
:10AEE00090E080E090930F0E80930E0E84E690E049
:10AEF000F11002C090E080E09093C9068093C806EC
:10AF0000E0907A0580E00F94AB280F94594F81E0D0
:10AF10000E94378AB12CA12C85E0882E80916E0585
:10AF200081111CC00F94594F81E00E94378A00E9BB
:10AF300011E020E042E06A2D87E0F11001C088E0D6
:10AF40000E945ECEA82E8B2D682D0F941CBB9111F4
:10AF500002C00E94656FB394B910E0CF10920F0E3B
:10AF600010920E0E1092C9061092C8060F94594FF7
:10AF7000B601DD0C880B990B4E01DD0FAA08BB084A
:10AF8000FF2009F454C00F94FBB49B01AC01609105
:10AF90004B0570914C0580914D0590914E050F9495
:10AFA00094BB0F9406BDEB01C501B4010F94FBB433
:10AFB0009B01AC016091080E7091090E80910A0E00
:10AFC00090910B0E0F9494BB0F9406BD10916E05DB
:10AFD00011110CC0F1104BC0693071050CF04DC05F
:10AFE0008EE190E011E0C817D90734F469EF72E000
:10AFF00080E00F9426A910E08E2D0F94AB280F94BB
:10B00000594F81E00E94378A812FDF91CF911F91A4
:10B010000F91FF90EF90DF90CF90BF90AF909F90F7
:10B020008F9008959CE3992E88EC90E05BCF0F946D
:10B03000FBB49B01AC016091080E7091090E8091E8
:10B040000A0E90910B0E0F9494BB0F9406BDEB016A
:10B05000C501B4010F94FBB49B01AC0160914B0599
:10B0600070914C0580914D0590914E05ABCF89E0D4
:10B0700090E06E3171050CF4B5CF69EF72E081E0BC
:10B080000F9426A9B9CF2F923F924F925F926F9261
:10B090007F928F929F92AF92BF92CF92DF92EF9268
:10B0A000FF921F93CF93DF9300D000D01F92CDB7B4
:10B0B000DEB7182F682E712C812C20E8922E2CE5FB
:10B0C000A22E23E4B22E813031F0812C912C9FE707
:10B0D000A92E93E4B92E10925C020F94EF1D81E02B
:10B0E0008093B60260E070E080EA90E40E94D95F4D
:10B0F00081E0012E01C0880F0A94EAF70F941E1E0A
:10B1000020E030E040E752E4C501B4010F9495BB64
:10B1100069837A838B839C831301220C331C220C5A
:10B12000331CC1018651994F9E838D8329813A81B9
:10B130004B815C81FC0160817181828193810F94DC
:10B1400094BBED81FE81608371838283938360E091
:10B1500070E084E392E40F9462650F948151109340
:10B160003B02109226041092270410922804109299
:10B17000290410922A0410922B0410922C0410928D
:10B180002D04812F0F9416306B017C0120E030E0FC
:10B1900040EF52E4ED81FE81608171818281938173
:10B1A0000F9495BBED81FE816083718382839383CD
:10B1B00060E070E084E392E40F9462650F94815143
:10B1C000A5019401ED81FE8160817181828193816D
:10B1D0000F9495BBED81FE8160837183828393839D
:10B1E00060E070E084E392E40F9462650F94815113
:10B1F0008FEF80933B0260912A0470912B04809121
:10B200002C0490912D042091260430912704409124
:10B210002804509129040F94E0BA2D833F833F9373
:10B220002F93F8E56F0E711C7F926F928BE994E477
:10B230009F938F930F942FB90F900F900F900F90B3
:10B240000F900F908BE59FE0111102C08DE59FE0FC
:10B250006D817F810F94CBBA812F0F9416302B0113
:10B260003C01A70196010F9494BB6B017C01E8940B
:10B27000F7F8C1018651994F9E838D8320E030E01D
:10B2800040E752E4FC0160817181828193810F94D7
:10B2900094BBED81FE81608371838283938360E040
:10B2A00070E084E392E40F9462650F9481512981E8
:10B2B0003A814B815C81ED81FE8160817181828167
:10B2C00093810F9494BBED81FE81608371838283AF
:10B2D000938360E070E084E392E40F9462650F94DE
:10B2E0008151812F0F9416309B01AC01C301B20133
:10B2F0000F9494BB2B013C01E89477F80F94EF1D59
:10B30000FF92EF92DF92CF928EE99DE29F938F930F
:10B310000F942FB9A5019401C701B6010F9494BBF6
:10B320009F770F900F900F900F900F900F9020E04D
:10B3300030E040EA50E40F941EBE18160CF453C0DF
:10B340007F926F925F924F928EE99DE29F938F93CF
:10B350000F942FB9A5019401C301B2010F9494BBBE
:10B360009F770F900F900F900F900F900F9020E00D
:10B3700030E040EA50E40F941EBE1816A4F1A30179
:10B380009201C701B6010F9494BB6B017C01E89454
:10B39000F7F8FF92EF92DF92CF9281E89DE29F93C0
:10B3A0008F930F942FB90F900F900F900F900F90D5
:10B3B0000F9020E030E040E85FE3C701B6010F9452
:10B3C0001EBE18160CF444C0ED81FE81108211825D
:10B3D000128213820F940861812F0E9427D10F944B
:10B3E000E63A81E01DC01092B60264EE72E01130C0
:10B3F00011F062EE72E088E00F9426A9F101E651A7
:10B40000F94F10821182128213820F940861812FEA
:10B410000E9427D181E08093B6020F94E63A80E043
:10B4200027960FB6F894DEBF0FBECDBFDF91CF9148
:10B430001F91FF90EF90DF90CF90BF90AF909F90C3
:10B440008F907F906F905F904F903F902F900895D6
:10B4500064EE72E0113011F062EE72E087E00F945A
:10B4600026A9F101E651F94F10821182128213824E
:10B470000F940861812F0E9427D1CFCF0F941B8496
:10B480001092FE031092E5061092E4060C942853E5
:10B49000809189168823F9F081508093891693E270
:10B4A000E7EBF5E1A4E9B5E101900D929A95E1F79A
:10B4B00027EB35E190E0981760F443E2F901B39689
:10B4C000D90101900D924A95E1F79F5F2D5D3F4FA5
:10B4D000F2CF0F941B841092FE031092E506109297
:10B4E000E4060C942853AF92BF92CF92DF92EF9272
:10B4F000FF920F931F93CF93DF936C010E940D6017
:10B50000E601F12CE12C6F2D80E00E948060C601E5
:10B510000E94EBC7882329F08FEFC81AD80A09F4D4
:10B5200049C0C6010F942BB88431910510F084E115
:10B5300090E0E601C80FD91FE3E0FE120AC0843193
:10B5400041F4FE018491E12C882319F02297EE2426
:10B55000E394FE018491882309F440C0CE010E9447
:10B56000EBC781113BC0FE01849192ED980F9230A0
:10B57000A8F18C3299F196EC980F923078F18F33D4
:10B5800069F1813259F18E01C016D10658F4580183
:10B59000F1E0AF1AB108C5010E94EBC781111DC0CF
:10B5A0008501F2CFC016D106C9F0E801F39484E01A
:10B5B000F812A9CFEE20F9F048E863E083E10E9499
:10B5C0003961CE01DF91CF911F910F91FF90EF90E4
:10B5D000DF90CF90BF90AF900895E801CC16DD06C4
:10B5E00028F7F60184918A3009F30E94C064FFEFC6
:10B5F000CF1ADF0AF3CFD0E0C0E0E3CF8DE290E3D3
:10B600000E9473DA0C94906AEF92FF920F931F934B
:10B610000E94966A10926F0580916F05843008F041
:10B6200052C0109272050E949F5281110E94B789E8
:10B6300085E29FE30E942F672091620430E0F12CA5
:10B64000E12C0FEF10E048E063E674E087ED9DE346
:10B650000E9494600091630410E030E020E048E034
:10B6600062E674E08AEC9DE30E94946080914F0250
:10B6700066EB7DE3813031F06DEB7DE3811102C03B
:10B6800062EB7DE322E048E65BED84E49FE30E9409
:10B69000F667F12CE12C07EE13E021E030E040E109
:10B6A0006DE472E082EC9DE30E9494600E94FC5283
:10B6B00080916F058F5F80936F05809171058F5F1B
:10B6C00080937105A9CF1F910F91FF90EF9008957E
:10B6D00080914F02882331F0813041F410924F0263
:10B6E0000C94B78982E080934F02FACF81E0FBCFC0
:10B6F000CF930E94966A10926F0580916F058430F7
:10B7000030F51092720581E39EE30E942F6768ED89
:10B710007CED86EC9BE30E94FE66C0E061E36C0F6B
:10B720002C2F47EE5CED81E79CE30E949066CF5F93
:10B73000C530A1F70E94FC5280916F058F5F809306
:10B740006F05809171058F5F80937105D6CFCF9182
:10B75000089560913E0481EA9DE00F9491BA83E0E0
:10B760000C9478536091080E7091090E80910A0E26
:10B7700090910B0E0F9406BD20916B0230916C02DC
:10B78000261737070CF065C08091E4069091E50616
:10B79000892BB9F10E94B5568091FD0D8F5F8031E4
:10B7A00009F480E09091FE0D981759F16091E4063C
:10B7B0007091E506072E000C880B990B0F94FBB4D3
:10B7C0009B01AC016091F6067091F7068091F80636
:10B7D0009091F9060F9495BB6093F6067093F70667
:10B7E0008093F8069093F9061092E5061092E4060D
:10B7F00065E575E585ED9FE30F94626581E08093D3
:10B80000B7028091B702882311F161E080E00E94C5
:10B8100080608091F9068F938091F8068F938091D4
:10B82000F7068F938091F6068F9382E293E49F93BD
:10B830008F9383E193E49F938F930E9431608DB740
:10B840009EB708960FB6F8949EBF0FBE8DBF0C949E
:10B85000906A0E94896145EC50E360E080E00E94BC
:10B860002D6141EB50E362E080E00E942D6160EDCC
:10B8700077E080E090E00F94991F0E9489610D9419
:10B88000FF17CF930E94966A10926F0580916F0503
:10B89000843058F5109272050E949F5281110F94C6
:10B8A000D21881E39EE30E942F6767E471E086EC83
:10B8B0009BE30E94FE66C0E061E36C0F2C2F4BEF10
:10B8C00050E081E79CE30E949066CF5FC530A1F70E
:10B8D0000E94FC5280916F058F5F80936F0580916D
:10B8E00071058F5F80937105D1CFCF910895EF924D
:10B8F000FF920F931F93CF938C017B010E94966A56
:10B9000010926F0580916F05843018F510927205C2
:10B910000E949F5281110F94D21881E39EE30E94EE
:10B920002F67C0E061E36C0F2C2FA701C8010E94B4
:10B930009066CF5FC530B1F70E94FC5280916F05D1
:10B940008F5F80936F05809171058F5F8093710584
:10B95000D9CFCF911F910F91FF90EF90089561EC97
:10B960007CED8DEF9BE60C9477DC6DEC7CED8AE052
:10B970009CE60C9477DC65EE72E081E79CE30C9426
:10B9800077DCCF93C82F0F941190882321F08C2F50
:10B99000CF910D94D8B4CF910895CF93C82F0E9422
:10B9A000945361E08C2F0F945DB4CF910D94D21815
:10B9B00080E00F941CB481E00F941CB482E00F94DB
:10B9C0001CB483E00F941CB484E00D941CB40D945B
:10B9D0001CB40E94966A10926F0580916F058430A6
:10B9E00008F043C01092720584E09BE30E942F6729
:10B9F0006CE77DEC89E49DE00E949A6767E77DEC47
:10BA000084E59DE00E949A6762E77DEC8FE59DE00A
:10BA10000E949A676DE67DEC8AE69DE00E949A6737
:10BA200068E67DEC85E79DE00E949A6763E67DEC21
:10BA300080E89DE00E949A676EE57DEC8BE89DE0D2
:10BA40000E949A6769E57DEC86E99DE00E949A670D
:10BA50000E94FC5280916F058F5F80936F058091EB
:10BA600071058F5F80937105B8CF08950E94A56D11
:10BA700010920F040895CF93DF9341E151E360E00A
:10BA800080E00E942D614CEB54E461E080E00E9474
:10BA90002D6162E080E00E94806085EE9FE00F945F
:10BAA00075BA9F938F937F936F931F9288E58F93BF
:10BAB000CCE2D3E4DF93CF930E94316063E080E077
:10BAC0000E94806089EE9FE00F9475BA9F938F93D8
:10BAD0007F936F931F9289E58F93DF93CF930E949B
:10BAE00031608DB79EB740960FB6F8949EBF0FBEDB
:10BAF0008DBFDF91CF910C94906ACF92DF92EF923D
:10BB0000FF9280E69FE00F9475BA6B017C010E9462
:10BB100082618EE38F9380E88F931F921F928BEE4A
:10BB200090E39F938F938DE38F9385EF8F9382ECB8
:10BB30008F9380E98F9387EF90E39F938F938CEBA4
:10BB400094E49F938F9383E091E39F938F938EE48C
:10BB50009CE29F938F930E94316060E08FE00E948F
:10BB600080608DB79EB742960FB6F8949EBF0FBE09
:10BB70008DBF20E030E048EC52E4C701B6010F94DD
:10BB80008ABC87FF2EC020E030E044E353E4C701C5
:10BB9000B6010F943AB52BED3FE049E450E40F9421
:10BBA00094BC9F938F937F936F9387E49CE29F93C2
:10BBB0008F930E9431600F900F900F900F900F9015
:10BBC0000F900E94DB68882389F020E041E070E05C
:10BBD00060E08BE39DEDFF90EF90DF90CF900C94B1
:10BBE00030538FE89DE30E944360EBCFFF90EF90CE
:10BBF000DF90CF9008952F923F924F925F926F9275
:10BC00007F929F92AF92BF92CF92DF92EF92FF927C
:10BC10000F931F93CF93DF937091FF0D711104C0A9
:10BC20007091000E772399F0DF91CF911F910F91C2
:10BC3000FF90EF90DF90CF90BF90AF909F907F905C
:10BC40006F905F904F903F902F900C949453709111
:10BC50000204711109C07091B6021092B60270937D
:10BC6000030471E07093020419016A01C62FD92FF1
:10BC7000982E8091E4069091E506892B09F471C015
:10BC80000E94B5568091FD0D8F5F803109F480E0F0
:10BC90009091FE0D981709F464C084E0C89F80015C
:10BCA0001124F801E651F94F5F016091E4067091AB
:10BCB000E506072E000C880B990B0F94FBB4F501D9
:10BCC00020813181428153810F9495BB2B013C012E
:10BCD000B601DD0C880B990B0F94FBB46B017C0152
:10BCE000AC019B01C301B2010F948ABCF50187FD31
:10BCF0007DC04082518262827382B101330C880B15
:10BD0000990B0F94FBB42B013C01C8018651994F4C
:10BD10007C01A3019201FC01608171818281938188
:10BD20000F941EBE18162CF4F701408251826282D5
:10BD300073821092E5061092E4066EEE76E08AEECB
:10BD400096E00E94E45BF801E650FD4F608171814E
:10BD5000828193810E94B9560F94626581E080933D
:10BD6000B7028091B702882311F161E080E00E9460
:10BD7000806084E0C89FF0011124E651F94F83816F
:10BD80008F9382818F9381818F9380818F93DF93B3
:10BD90009F9283E193E49F938F930E943160EDB76C
:10BDA000FEB738960FB6F894FEBF0FBEEDBF809178
:10BDB0003304811104C080910104882321F0809113
:10BDC00003048093B602DF91CF911F910F91FF90F2
:10BDD000EF90DF90CF90BF90AF909F907F906F904B
:10BDE0005F904F903F902F900C94906AC082D182C8
:10BDF000E282F38282CF22ED30E050E040E062E068
:10BE00008DE393E40C94FBDD2FEF30E050E040E055
:10BE100060E087E393E40C94FBDD24ED30E04CEF2D
:10BE20005FEF61E08AE393E40C94FBDD8F929F92D5
:10BE3000AF92BF92CF92DF92EF92FF920F931F9338
:10BE4000CF93DF93109238040E949757882309F408
:10BE500062C06091E6037091E7038091E8039091DE
:10BE6000E9030F94F9B420E030E543EC57E40F9474
:10BE700094BCEB01182F092F0F94F72E6B017C0156
:10BE80000E9482618CE3882E912CA12CB12CC701D9
:10BE9000B601A50194010F94E0BA7F936F93CA0194
:10BEA000B901A50194010F94E0BA7F936F93C70184
:10BEB000B60120E13EE040E050E00F94E0BA5F932D
:10BEC0004F933F932F9388E790E39F938F930F9324
:10BED0001F93DF93CF9383E890E39F938F9389EE33
:10BEE0009BE29F938F930E9431608DB79EB74296DD
:10BEF0000FB6F8949EBF0FBE8DBFDF91CF911F91FB
:10BF00000F91FF90EF90DF90CF90BF90AF909F90F8
:10BF10008F900C94906A81EF9FE00F9475BA4B015B
:10BF20005C018DEE9FE00F9475BA6B017C010E945D
:10BF30008261C701B6012CE330E040E050E00F948D
:10BF4000E0BA7F936F93CA01B90128E130E040E085
:10BF500050E00F94E0BA7F936F93C701B60120EAD7
:10BF600035E040E050E00F94E0BA5F934F933F9389
:10BF70002F9381E990E39F938F93C501B4010F94B0
:10BF8000F9B420E030E048EC52E40F9494BC9F9365
:10BF90008F937F936F9382EA90E39F938F938DE0CB
:10BFA0009CE29F938F930E9431608DB79EB742961B
:10BFB0000FB6F8949EBF0FBE8DBF9FCF1F93CF9338
:10BFC000DF93E1E0F1E080818E7F8083E2E0F1E0C9
:10BFD000808181608083E7E9F5E090E190831182C0
:10BFE0001282E0EDF0E08081826080839093D40043
:10BFF000E1EDF0E088E18083808180688083EDEE70
:10C00000F2E18FED91E09187808781E792E093875D
:10C01000828713E01383158614869FB7F894E5E0B2
:10C02000F1E08081806280839FBFE4E0F1E0808165
:10C03000806280830E94D14C83E60F94908F8AEFB8
:10C0400090E70E947E71C4EAD3E11093F81384ED67
:10C0500094E70E947E718AE08C8B82E080931314B7
:10C0600081E08D8F8A831CA286E08C8380E0DF9143
:10C07000CF911F910D9448AC8CEA9CE00F946DBA5F
:10C08000882361F0109213141092C1131092A6131A
:10C090008CEA9CE00E94416D0D94447C0E94DEDF9E
:10C0A000F7CF4F925F926F927F92AF92BF92CF92F3
:10C0B000DF92EF92FF920F931F93CF93DF936C0168
:10C0C00080911314C114D10429F0D6E0813029F0F5
:10C0D000D5E003C0D4E08130D9F30E94896184E0C7
:10C0E0008093BF02C1E000E08D2F8350990B7C014B
:10C0F0000F94594F81E00E94378A8091E406909115
:10C10000E506009709F497C097FF82C0C1501092CE
:10C11000E5061092E406C4300CF480C0802F002E97
:10C12000000C990B8E159F050CF074C00F5F0E94D8
:10C130008961C3E042E053E460E080E00E942D6149
:10C14000A02E002E000CBB08C114D10421F012E077
:10C15000AE14BF0409F013E0D0E0DF5F45EF5FE20B
:10C160006D2F81E00E942D611D13F7CF402E002E10
:10C17000000C5508660877089FEF491A590A690AA2
:10C18000790A10E01F5F612F8AE00E948060C3017E
:10C19000B2010E94F9658FEF481A580A680A780AB6
:10C1A000D113F0CFC114D10441F0AE14BF0429F46F
:10C1B000A60163E081E00E942D6143E259E461E061
:10C1C00080E00E942D614EE36C2F80E00E94396177
:10C1D00064E670E080E090E00F94991F0E94DB68B5
:10C1E000882309F485CF82E08093BF028FEF8C0F04
:10C1F000800FDF91CF911F910F91FF90EF90DF9013
:10C20000CF90BF90AF907F906F905F904F900895C8
:10C21000CF5F7DCF87E00F94EF3A8BCFC1118ACFEC
:10C2200010162CF401500E948961C1E083CF87E091
:10C230000F94EF3AFACFC4300CF070CF7BCF2F922F
:10C240003F924F925F926F927F928F929F92AF92A6
:10C25000BF92CF92DF92EF92FF920F931F93CF93F3
:10C26000DF9300D000D01F92CDB7DEB769834901BC
:10C270005A012701682F70E090E080E00F94FBB432
:10C2800024E032E041E05CE30F943AB520913313AF
:10C290003091341340913513509136130F943AB5C1
:10C2A0006B017C0120913713309138134091391381
:10C2B00050913A13C501B4010F943AB520913B1344
:10C2C00030913C1340913D1350913E130F9495BB18
:10C2D000A70196010F943AB56B017C012091891357
:10C2E00030918A1340918B1350918C13C801B20185
:10C2F0000F9495BB9B01AC01C501B4010F9494BB95
:10C30000398124E0329FF0011124E75BFC4E20814B
:10C310003181428153810F9494BC9B01AC01C701D0
:10C32000B6010F9494BB20919613309197134091CE
:10C330009813509199130F943AB56F837983182FFE
:10C34000092F20912A13E22FF0E0809129138150C8
:10C35000990BE817F90709F4F4C02F5F2E835E816B
:10C3600044E0549F10011124D101A75FBC4E2D91D0
:10C370003D914D915C912A833B834C835D83EE0F0D
:10C38000FF1FEE0FFF1FE75FFC4E40805180628071
:10C390007380C0904313D0904413E0904513F09005
:10C3A00046139201A301B201C3010F94A3BF8823D6
:10C3B00021F04F805980612E702EA101475F5C4EA5
:10C3C0001A01A701960160E070E080E89FE30F94F6
:10C3D00094BB9201A3010F943AB52B013C01A70134
:10C3E00096016F817981812F902F0F943AB59B012F
:10C3F000AC01C301B2010F9495BBF101608371835D
:10C4000082839383FE81F0932A1320912F1330911E
:10C4100030134091311350913213C501B4010F9480
:10C4200094BB2A813B814C815D810F9494BB2B018D
:10C430003C01C0902B13D0902C13E0902D13F09062
:10C440002E13A7019601C701B6010F94A3BF88233D
:10C4500019F0C12CD12C760123E333E343E75FE3EA
:10C46000C701B6010F943AB56B017C012DEC3CEC91
:10C470004CE45DE3C301B2010F943AB59B01AC01FA
:10C48000C701B6010F9495BB80922F139092301381
:10C49000A0923113B092321360932B1370932C132C
:10C4A00080932D1390932E136B017C01E894F7F881
:10C4B00021E0298320919E1330919F134091A01376
:10C4C0005091A113C701B6010F941EBE18160CF0AF
:10C4D000198280919513398130FB81F980939513EE
:10C4E00041E0498320919A1330919B1340919C1312
:10C4F00050919D13C701B6010F941EBE18160CF083
:10C50000198280919513598150FB82F9809395137C
:10C5100027960FB6F894DEBF0FBECDBFDF91CF9147
:10C520001F910F91FF90EF90DF90CF90BF90AF9051
:10C530009F908F907F906F905F904F903F902F9043
:10C5400008951E820CCF2F923F924F925F926F926E
:10C550007F928F929F92AF92BF92CF92DF92EF9293
:10C56000FF920F931F93CF93DF93CDB7DEB7A497BE
:10C570000FB6F894DEBF0FBECDBF9B8F8A8F7A8B2C
:10C58000698B2B8B3C8B4D8B5E8B0C8FCD8EDE8E17
:10C59000EF8EF8A220917A05298F80E00F94CD28A4
:10C5A000A989BA898D919D910D90BC91A02D89A3E7
:10C5B0009AA3ABA3BCA380E090E0A0EAB0E4898397
:10C5C0009A83AB83BC838B899C89AD89BE898D831B
:10C5D0009E83AF83B88720E030E040EA50E4BC019E
:10C5E000CD010F9494BB2AE737E34EE15FE30F944C
:10C5F0003AB56B017C0120E030E040EA50E40F9452
:10C6000095BB69877A878B879C87A70196016B8981
:10C610007C898D899E890F9494BB6D877E878F87D7
:10C62000988B312C212C29853A854B855C85CD8CC6
:10C63000DE8CEF8CF8A00C8D69897A898A8D9B8DB0
:10C640000F941B234B015C012D853E854F85588936
:10C65000CD8CDE8CEF8CF8A00C8D69897A898A8D5F
:10C660009B8D0F941B239B01AC0111E0C501B4010C
:10C670000F941EBE18160CF010E001E00127802F69
:10C6800090E0E12FF0E0EE0FFF1FEE0FFF1F41E003
:10C6900050E04C0F5D1F4E0F5F1F8C01000F111FEC
:10C6A000000F111FA1E0B0E0AC0FBD1F0A0F1B1F50
:10C6B000F8013896F88FEF8BF80180859185A28577
:10C6C000B385FA0180839183A283B3838D809E809A
:10C6D000AF80B884C980DA80EB80FC80A701960126
:10C6E000C501B4010F9494BB2AE737E34EE15FE341
:10C6F0000F943AB52B013C01AC019B01C701B60177
:10C700000F9495BB69877A878B879C87A3019201D9
:10C71000C501B4010F9494BB6D877E878F87988B7A
:10C72000D80118964C90EF89F88D51806280738003
:10C73000A5019401C701B6010F9494BB242D352D9A
:10C74000462D572D0F9494BC9F772CE031E943EC94
:10C750005EE30F943AB56B017C015B018C01FF92A3
:10C760008F93DF926F937F926F925F924F923F927F
:10C770002F9229E039E43F932F930F942FB90FB6EE
:10C78000F894DEBF0FBECDBF2AE037ED43E25CE395
:10C790006C2D7D2D8E2D9F2D0F948ABC87FF42C05E
:10C7A00020E030E040EA50E4642D752D862D972D71
:10C7B0000F948ABC8823F1F1242D352D462D572D59
:10C7C0006B897C898D899E890F948ABC882391F11D
:10C7D000842D952DA62DB72DE989FA898083918323
:10C7E000A283B383898D0F94CD286A2D7B2D802F52
:10C7F000912FA4960FB6F894DEBF0FBECDBFDF9188
:10C80000CF911F910F91FF90EF90DF90CF90BF904D
:10C81000AF909F908F907F906F905F904F903F90E0
:10C820002F900895FFEF2F1A3F0A2EE122163104B0
:10C8300009F0F9CE8AEE98E40E947E7189A19AA14E
:10C84000ABA1BCA1E989FA8980839183A283B383D8
:10C85000898D0F94CD28A12CB12C00EC1FE7C5CFFA
:10C86000EF92FF920F931F93CF93DF9300D01F920D
:10C870001F92CDB7DEB7082F162FF72E0F94119009
:10C880008823D9F00B3029F1043131F187E5E82E06
:10C89000E9820A831B83FC82CE0101960E94A04C90
:10C8A0008D8347E5502F612F7F2D0F941EAC60E0E4
:10C8B00080E00F943DB3882359F30F900F900F90B1
:10C8C0000F900F90DF91CF911F910F91FF90EF90FC
:10C8D00008951093F013DACF1093F113D7CF82306D
:10C8E000910538F0880F991F880F991F05970197B8
:10C8F000F1F70895CF93DF93282F30E0F901E55D3C
:10C90000F84B8491F901EB52F94BD491F901E158BC
:10C91000F94BC491CC23A1F081110E94D8C6EC2F11
:10C92000F0E0EE0FFF1FEB59F94BA591B491EC919C
:10C93000ED2381E090E009F480E0DF91CF9108954C
:10C9400080E090E0FACF1F93CF93DF93282F30E061
:10C95000F901E55DF84B8491F901EB52F94BD49163
:10C96000F901E158F94BC491CC23A9F0162F81119C
:10C970000E94D8C6EC2FF0E0EE0FFF1FE55BF94BED
:10C98000A591B4918FB7F894EC91111108C0D0958E
:10C99000DE23DC938FBFDF91CF911F910895DE2BB3
:10C9A000F8CFCF93DF9390E0FC01EB52F94B249149
:10C9B0008158994BFC0184918823D1F090E0880F35
:10C9C000991FFC01EF5CF94BA591B491FC01E55B6B
:10C9D000F94BC591D49161110EC09FB7F8948C9119
:10C9E000E22FE0958E238C932881E223E8839FBF7A
:10C9F000DF91CF9108958FB7F894EC91E22BEC93EF
:10CA00008FBFF6CF1F93CF93DF93182FEB0161E019
:10CA10000E94D1E4209739F460E0812FDF91CF911B
:10CA20001F910C94A3E4CF3FD10511F461E0F5CF41
:10CA3000E12FF0E0E55DF84BE491E150E23108F0E0
:10CA4000B3C0F0E08827E85DFA418F4F0D947DBBBD
:10CA50003AE542E547E551E55BE5D4E565E56DE599
:10CA600075E57FE589E593E5A2E5ACE5D4E5B6E5B6
:10CA7000C0E5CAE584B5806884BDC7BDDF91CF91AC
:10CA80001F91089584B5806284BDC8BDF7CF8091A1
:10CA90008000806880938000D0938900C0938800D4
:10CAA000EDCF80918000806280938000D0938B00D6
:10CAB000C0938A00E3CF80918000886080938000DB
:10CAC000D0938D00C0938C00D9CF8091B000806846
:10CAD0008093B000C093B300D1CF8091B00080624A
:10CAE0008093B000C093B400C9CF8091900080685B
:10CAF00080939000D0939900C0939800BFCF80910D
:10CB00009000806280939000D0939B00C0939A0025
:10CB1000B5CF80919000886080939000D0939D0065
:10CB2000C0939C00ABCF8091A00080688093A00050
:10CB30008091A0008F7B8093A000D093A900C09328
:10CB4000A8009CCF8091A00080628093A000D09329
:10CB5000AB00C093AA0092CF8091A0008860809320
:10CB6000A000D093AD00C093AC0088CF809120018D
:10CB7000806880932001D0932901C09328017ECF43
:10CB800080912001806280932001D0932B01C0937B
:10CB90002A0174CF80912001886080932001D09376
:10CBA0002D01C0932C016ACFC038D1050CF03ECFC7
:10CBB00033CF4F925F926F927F928F929F92AF92FC
:10CBC000BF92CF92DF92EF92FF920F931F93CF937A
:10CBD000DF9386B9FA01E080F18016161706B4F4E7
:10CBE000E216F30699F4C701DF91CF911F910F91DF
:10CBF000FF90EF90DF90CF90BF90AF909F908F907D
:10CC00007F906F905F904F900C946FE489016A0160
:10CC1000EB01B70190E080E00F94F9B42DEB37E31E
:10CC200046E855E30F943AB54B015C01BE010D2E69
:10CC3000000C880B990B0F94FBB4A50194010F9481
:10CC40003AB52B013C01A50194016AE077ED83E23E
:10CC50009CE30F9494BC9B01AC01C301B2010F94FF
:10CC600095BB4B015C012AE037ED43E25EE30F9494
:10CC70008ABC1816DCF5A50194016AE077ED83E221
:10CC80009CE30F9494BC20E034E244E759E40F9411
:10CC90003AB520E030E040E05FE30F9495BB0F949D
:10CCA0000DBD5B016017710708F45801EA14FB041D
:10CCB00031F4209721F0FCF0F1E0AF1AB108C50182
:10CCC0000E946FE4F601B182A082DF91CF911F91A3
:10CCD0000F91FF90EF90DF90CF90BF90AF909F901B
:10CCE0008F907F906F905F904F90089580E1A82E75
:10CCF00087E2B82EDBCF8FEFA81AB80AE0CF2F92C9
:10CD00003F924F925F926F927F928F929F92AF92DB
:10CD1000BF92CF92DF92EF92FF920F931F93CF9328
:10CD2000DF9300D0CDB7DEB7F901E080F180E114E8
:10CD3000F10409F46BC0161617060CF067C0190150
:10CD40005B834A836B018983FA0100811181B801F9
:10CD500090E080E00F94F9B44B015C01B6010D2C1A
:10CD6000000C880B990B0F94FBB42B013C01A5011F
:10CD70009401C501B4010F943AB59B01AC01C30104
:10CD8000B2010F943AB59B01AC016AE077ED83EAFA
:10CD90009BE30F9494BC20E030E040E05FE30F940D
:10CDA00095BB0F940DBD6E157F0528F5F981F6B979
:10CDB000EA81FB81808191810E946FE4F101808191
:10CDC000918101979183808381E00F900F900F9064
:10CDD000DF91CF911F910F91FF90EF90DF90CF9057
:10CDE000BF90AF909F908F907F906F905F904F908B
:10CDF0003F902F900895662777276C197D09980139
:10CE00004A815B8189810E94D9E5D8CF80E0DDCF5E
:10CE10000F931F93CF93DF93182F062FD1E0C0E01D
:10CE2000812F8D2329F0602F6D238C2F0F94A13D2E
:10CE3000CF5FDD0FC330A1F7DF91CF911F910F912D
:10CE400008958F929F92AF92BF92CF92DF92EF920E
:10CE5000FF9230E020E091E0482F492319F1A90129
:10CE6000440F551F440F551FFA01E55FF84FC0806E
:10CE7000D180E280F380762F7923812C912C54018C
:10CE80008394772321F088248A94982C5401C80C29
:10CE9000D91CEA1CFB1C455F584FFA01C082D182A5
:10CEA000E282F382990F2F5F3F4F23303105A1F6C5
:10CEB000FF90EF90DF90CF90BF90AF909F908F90BA
:10CEC00008952F923F924F925F926F927F928F922E
:10CED0009F92AF92BF92CF92DF92EF92FF920F9309
:10CEE0001F93CF93DF9300D000D0CDB7DEB7C090B3
:10CEF0000B07D0900C07E0900D07F0900E077C0117
:10CF0000EC18FD0880910F0790911007A091110770
:10CF1000B0911207681B790B809113079091140749
:10CF2000A0911507B0911607FA01E81BF90BFA83D7
:10CF3000E983FB01FF0FEE0BFF0FFE2FEE1FE270E8
:10CF400089819A8188E09802812D990B112484703F
:10CF5000E82B8F2D881F8827881FE82BE09361041A
:10CF600090910B01987B8AE0E827E0FD9160E1FD5C
:10CF70009260E2FD9460906490930B0100008FE357
:10CF800097EC011102C090E080E09093DF0680935F
:10CF9000DE063093600420935F0429813A813E834A
:10CFA0002D8337FF05C03195219531093E832D83AF
:10CFB0008B0177FF03C0119501951109F7FE03C09E
:10CFC000F194E194F1089801D8010F9485BB4B01CD
:10CFD0005C012D813E81D9010F9485BB860E971E81
:10CFE000A81EB91E9701D7010F9485BB680D791D46
:10CFF0008A1D9B1D0F94F9B40F9463BF20E030E0AD
:10D0000040E05FE30F9495BB0F940DBD2B014B01E6
:10D010005B016B013B011C821B82312C212C1A828B
:10D0200019826114710409F447C0E091DE06F091A1
:10D03000DF063097E9F580E0EC14FD0440F0C40C05
:10D04000D51C89819A8101969A83898381E00A158A
:10D050001B0530F08260A40CB51C9FEF291A390A19
:10D06000ED81FE81E815F90548F08460840C951C7B
:10D070002B813C812F5F3F4F3C832B83CE18DF08F1
:10D08000A01AB10AED81FE818E1A9F0A86B9E0913D
:10D09000DA06F091DB063097D1F1B201C3011995A0
:10D0A000009711F00E946FE4F1E06F1A7108B9CF98
:10D0B0001995882309F4BFCFE091DC06F091DD06D5
:10D0C000309741F030E020E04B815C81B1018981F3
:10D0D0009A81199581E0672809F480E026960FB6B9
:10D0E000F894DEBF0FBECDBFDF91CF911F910F919E
:10D0F000FF90EF90DF90CF90BF90AF909F908F9078
:10D100007F906F905F904F903F902F90089584EFA5
:10D1100091E0C8CF8EBD0DB407FEFDCF8EB508954A
:10D12000459885E00E948AE88FEF0E948AE8459A38
:10D1300080FDF6CF08951F93CF93DF93EA01162F5A
:10D140000E948AE8812F0E948AE88D2F0E948AE837
:10D150008C2FDF91CF911F910C948AE845980E9403
:10D160009BE8459A0895EF92FF920F931F93CF93F8
:10D17000DF937A0189014598AB01BC0182E00E94EE
:10D180009BE8E7010E0D1F1DC017D10741F4459A1A
:10D19000DF91CF911F910F91FF90EF9008958991AA
:10D1A0000E948AE8F1CFEF92FF920F931F93CF93E3
:10D1B000DF937A0189014598AB01BC0183E00E94AD
:10D1C0009BE8E7010E0D1F1DC017D10741F4459ADA
:10D1D000DF91CF911F910F91FF90EF9008958FEF06
:10D1E0000E948AE88993F0CF0F931F93CF93DF9328
:10D1F00000D01F92CDB7DEB78C018CE58CBD1DBC75
:10D2000024E030E0AE014F5F5F4F60E070ED83E0FF
:10D2100090E00E94D3E889819A81AB81BC818734F8
:10D220009545A245B54571F40115110549F021E078
:10D2300030E0A80165E070ED83E090E00E94D3E863
:10D2400081E001C080E00F900F900F900F90DF9170
:10D25000CF911F910F910895459886E00E948AE82A
:10D26000459A08954F925F926F927F928F929F920C
:10D27000AF92BF92EF92FF920F931F93CF93DF93E2
:10D280007C014A015B01E9018CE58CBD1DBC412C90
:10D2900080ED582E83E0682E712C0E942CE9B3019A
:10D2A000A20180E20E94AEE80E9490E880E1580E60
:10D2B000611C711C41145104E4E06E06710469F7AD
:10D2C0008DB79EB7F7019387828700D08F919F918A
:10D2D000AF91B0E086839783A087B1870E942CE945
:10D2E0002CE030E0A70160E070ED83E090E00E9468
:10D2F000B3E80E9490E80E942CE94598B501A4018A
:10D3000082E00E949BE8FE01219680810E948AE8CB
:10D310000150110941F0FFEF8F1A9F0AAF0ABF0AAF
:10D32000FE018110F1CF459A0E9490E80115110588
:10D3300011F7DF91CF911F910F91FF90EF90BF9068
:10D34000AF909F908F907F906F905F904F900895D7
:10D35000CF93DF93CDB7DEB72C970FB6F894DEBF2F
:10D360000FBECDBF47E455E562E575E549835A83B5
:10D370006B837C8391E09D838E83F89488E19DE0AC
:10D380000FB6F894A895809360000FBE909360004C
:10D3900000E012E230E020E040E051ED63E070E0B8
:10D3A000CE0101960E9432E90E943E570F931F93CF
:10D3B000CF93DF93CDB7DEB72C970FB6F894DEBFCF
:10D3C0000FBECDBF87E495E5A2E5B5E589839A83D5
:10D3D000AB83BC831D821E8200E010E220E032E0BD
:10D3E00040E053ED63E070E0CE0101960E9432E927
:10D3F0002C960FB6F894DEBF0FBECDBFDF91CF9154
:10D400001F910F910895CF93459A3D9A8CE58CBD5D
:10D410001DBC459880E90E948AE880E00E948AE865
:10D4200080E00E948AE880E00E948AE88FEF0E94F4
:10D430008AE8C82F8FEF0E948AE8982F459ACF3E3E
:10D4400011F0C83C19F481E0913109F080E0CF91EE
:10D450000895CF93C82F86EA9CE00F946DBAC095CB
:10D460006C2F682386EA9CE0CF910D9491BA1F93AC
:10D47000CF93DF9300D000D01F921F92CDB7DEB7BD
:10D48000BE016F5F7F4F80913E040E947E6D809150
:10D490003E041BE0819FC00111246FEF7FEF805B92
:10D4A000924F0F94AFBA60913E04619FB001112476
:10D4B000675B724F47E050E0CE0101960F9481BA4E
:10D4C00081EA9DE00F946DBA90913E0489130AC0E1
:10D4D0000E94706D80E00E945C6D8F3F19F480E1C6
:10D4E0000E9429EA0E94945328960FB6F894DEBF52
:10D4F0000FBECDBFDF91CF911F910895CF93C82F5D
:10D5000086EA9CE00F946DBA682F6C2B86EA9CE04B
:10D51000CF910D9491BACF93C82F86EA9CE00F94D7
:10D520006DBA982F9C2381E09C1380E0CF910895E1
:10D530000F931F93CF93DF93CDB7DEB763970FB6EB
:10D54000F894DEBF0FBECDBF8091020481113AC0B6
:10D5500081E0809302040E94927181EA9DE00F9421
:10D560006DBA182F0E944E6D8111EAC0109204040A
:10D570001092030480E10E948BEA811104C0109292
:10D580000404109203046091030470910404072EB4
:10D59000000C880B990B0F94FBB42091230E309153
:10D5A000240E4091250E5091260E0F9494BC60934A
:10D5B000050470930604809307049093080481E0A7
:10D5C0008093B7028091E4069091E5060097F1F10F
:10D5D0002091030430910404280F391F3093040470
:10D5E00020930304213640EF34070CF0B6C081E6E7
:10D5F00090EF90930404809303046091030470916E
:10D600000404072E000C880B990B0F94FBB4209197
:10D61000230E3091240E4091250E5091260E0F942A
:10D6200094BC609305047093060480930704909360
:10D63000080462E370E080E090E00F94991F10927C
:10D64000E5061092E40681E08093B7028091B7026C
:10D650008823B9F181EA9DE00F946DBA2BE0829F97
:10D66000C0011124BE016F5F7F4F875B924F0E9404
:10D67000B9520E948261CE0101960E94EA6761E080
:10D6800080E00E948060809108048F93809107045D
:10D690008F93809106048F93809105048F9384E289
:10D6A00091E39F938F931F9280E28F9380E493E4A2
:10D6B0009F938F930E9431600FB6F894DEBF0FBE28
:10D6C000CDBF80910104811104C08091330488236F
:10D6D00051F181EA9DE00F946DBA9BE0899F800132
:10D6E00011246091030470910404C801805B924F7F
:10D6F0000F94AFBA6091C806C8018E5A924F0F942A
:10D7000091BA6091F2037091F3038091F4039091C8
:10D71000F5030F940DBDC8018D5A924F0F9491BA25
:10D7200080E10E947EEA0E94906A63960FB6F894A8
:10D73000DEBF0FBECDBFDF91CF911F910F91089536
:10D740002BE0129FC0011124805B924F0F947BBA93
:10D7500090930404809303040DCF121613062CF447
:10D76000109204041092030448CF2FB7F89440910C
:10D77000EE035091EF03840F951F9093EF03809376
:10D78000EE032FBF3ACFEF92FF921F93CF93DF9319
:10D7900000D000D01F92CDB7DEB780910104811177
:10D7A00018C081EA9DE00F946DBA182F0E944E6D4B
:10D7B000882379F080E10E948BEA882351F02BE0E6
:10D7C000129FC0011124805B924F0F947BBA892B6A
:10D7D000F1F480910204882371F081EA9DE00F94B6
:10D7E0006DBA2BE0829FC00111246FEF7FEF805B49
:10D7F000924F0F94AFBA0E94DB6821E0811120E0C4
:10D8000041E070E060E088E397EF0E9430532091A0
:10D81000E4063091E5062115310559F081E0121634
:10D8200013060CF080E0809302041092E50610923B
:10D83000E40681EA9DE00F946DBA1BE0819FB00180
:10D840001124675B724F47E050E0CE0101967C01E6
:10D850000F945DBA0E94826181EA9DE00F946DBAD7
:10D86000819FC0011124805B924F0F947BBABC0151
:10D87000990F880B990B0F94FBB42091230E3091D4
:10D88000240E4091250E5091260E0F9494BC2091A9
:10D890000204222319F13EE320E21F923F931F92DC
:10D8A0002F939F938F937F936F93FF92EF9280E9D3
:10D8B00092E39F938F930E9431600FB6F894DEBF7E
:10D8C0000FBECDBF27960FB6F894DEBF0FBECDBFFB
:10D8D000DF91CF911F91FF90EF90089530E22EE3FA
:10D8E000DCCF60913E0481EA9DE00F9491BA0C94E4
:10D8F000C3EB61E088EA9DE00E940E6D80935D04B9
:10D900008091100E882341F082E080935D0462E0F4
:10D9100088EA9DE00F9491BA68E287EA9DE00E9450
:10D920000E6D80935B0460E971E085EA9DE00E94E2
:10D93000F66C61E084EA9DE00E940E6D80935A04CB
:10D9400061E083EA9DE00E940E6D8093590461E0DE
:10D9500082EA9DE00E940E6D8093580461E080E2AF
:10D960009CE00E940E6D80935E0408950F931F93B8
:10D970008B010E94BBC7FC0120812E3211F080E098
:10D9800034C0B8016E5F7F4F01960E94BBC7FC0197
:10D9900020812E32A1F7B8016C5F7F4F01960E9463
:10D9A000BBC720E430E0F80137832683FC01DF01A8
:10D9B0009191892F8F7DC1F187EF890F8230A0F17E
:10D9C0009D3091F19D3299F711969C919234E1F03E
:10D9D0007CF49134A1F60A5F1F4F28E030E045E067
:10D9E0006BE276E4CF010E94EBC81F910F9108957E
:10D9F000943491F0923519F60A5F1F4F20E230E01F
:10DA000042E06FE176E4EECF0A5F1F4F20E130E0A5
:10DA100044E066E276E4E6CF0A5F1F4F30E020E0A4
:10DA200043E062E276E4DECF81E0DFCF8091100E4A
:10DA3000811102C00C940BC881E00895DF92EF922F
:10DA4000FF920F931F93CF93DF930E94966A1092D9
:10DA50006F0580916F05843008F05CC010927205EC
:10DA60000E949F528823E9F0C6E5D5E007EF1EE04B
:10DA7000FE0188818E3108F4188221966081C801E8
:10DA80000F9491BA01501109033F8EE0180781F7F6
:10DA90000E9416EDE894D0F880FBD1F88D2D0F94FC
:10DAA000A61E84EE9DE30E942F67F12CE12C08EC6A
:10DAB00010E02DE130E048E066E575E086E09AE3AD
:10DAC0000E9494602DE130E048E067E575E08CEF5E
:10DAD00099E30E9494602DE130E048E068E575E04C
:10DAE00082EF99E30E9494602DE130E048E069E51F
:10DAF00075E088EE99E30E9494600E94FC52809148
:10DB00006F058F5F80936F05809171058F5F8093A4
:10DB100071059FCFDF91CF911F910F91FF90EF90F3
:10DB2000DF90089544E150E0662389F0BC018CE762
:10DB300095E00F945AB81092900510927B058CEBEB
:10DB40009DE20E947E7181E08093B7020895BC013E
:10DB50008CE795E00F94EDC0EECF90912E048917DD
:10DB600080F4913061F480919105882351F040E276
:10DB70005EE460E070E081E995E00D94B02080E023
:10DB8000089581E00895EF92FF921F93CF93DF9362
:10DB9000EC01162F862F0E94ADED8823E9F0BE011F
:10DBA0008CE795E00F941BB87C0181E995E00F9418
:10DBB0005D2210932E0410921C0710925304EF283C
:10DBC00059F061E0CE010E9492EDDF91CF911F915B
:10DBD000FF90EF900D94FF17DF91CF911F91FF9071
:10DBE000EF900895CF93DF93EC0180E00E94ADEDBC
:10DBF000882321F060E0CE010E9492EDCE01DF91FA
:10DC0000CF910C94EC82CF93DF93EC0180E00E94E3
:10DC1000ADED882331F061E0CE01DF91CF910C941E
:10DC200092EDDF91CF91089561E08DEA9DE60E942B
:10DC3000788782E080931C078AE594E60E9403EED1
:10DC40000F94FF1783E08093B7020895CF93DF937B
:10DC5000EC0180E00E94ADED882331F060E0CE0160
:10DC6000DF91CF910C9492EDDF91CF910895CF93F6
:10DC7000DF93C82FDFB7662389F1F8940F948625C8
:10DC800081E080930D0E10923F040E949F540F94E8
:10DC900095650E94007F1092FF030F942A30DFBF2A
:10DCA000109240040F94F32F80917C17882321F069
:10DCB0001092E9140F94F27A81E79DE20E947E713E
:10DCC00010921B14C11110926E0581E080930C0E0E
:10DCD0001092110EDF91CF910D94FF17F89481E00F
:10DCE00080930D0E10923F040E949F540F949565EF
:10DCF0000E94007F1092FF030F942A30DFBFD4CF21
:10DD000060E081E00C9437EE809343048093090532
:10DD10000D94594F0F94FF1710922E04809178059F
:10DD2000811132C080913802811102C081E00895D2
:10DD30008FEF0E9484EE83E00E94606C0F94CC1FF2
:10DD40006093191870931A1880931B1890931C18DD
:10DD500081E08093C70668EE73E080E090E00F9466
:10DD6000991F0F94594F81E00E94606C80E00E94DF
:10DD700084EE809122049091230445973CF462E064
:10DD800089E19DE20E94C3ED80E008958091240422
:10DD900090912504459754F662E085E09DE2F2CF2C
:10DDA0000E948AEE882341F11092FF038AE594E6EF
:10DDB0000E9403EE0F94815188E080931C070E941B
:10DDC000E66B81E00E94606C10926E0560E070E08E
:10DDD00080E89FE30E947E59109240048091F603F0
:10DDE000823011F40F94CF2F0E94B5568EE29DE23F
:10DDF0000E947E7110921C0708950E948AEE88236B
:10DE000021F08FE39DE20C947E710895CF92DF9212
:10DE1000EF92FF920F931F93CF93DF93D82F6B0155
:10DE20007A01C22F40E2811101C04EE363E080E03D
:10DE30000E943961C6010E94436040E2D13009F47A
:10DE40004EE363E08C2F0E943961C7010E9443605A
:10DE50000115110519F1C8010F942BB8D82EC7016F
:10DE60000F942BB8CE5F93E19D198C0F891708F49E
:10DE7000892F833108F082E140E2D23009F44EE389
:10DE800063E00E943961C801DF91CF911F910F912A
:10DE9000FF90EF90DF90CF900C944360DF91CF9193
:10DEA0001F910F91FF90EF90DF90CF9008950F9307
:10DEB0000AE030E020E00F94DA930F9108952F925A
:10DEC0003F924F925F926F927F928F929F92AF920A
:10DED000BF92CF92DF92EF92FF920F931F93CF9357
:10DEE000DF93CDB7DEB72D970FB6F894DEBF0FBE28
:10DEF000CDBF80910204813051F130F0823009F4BD
:10DF00007FC21092020400C180913815882349F025
:10DF1000109238151092B8020F941B8481E0809300
:10DF2000B8020F94358190930A048093090480917C
:10DF3000100E8111E3C089E09FE00F946DBA8093C9
:10DF40000C0481E0809302048FEF80930B04809196
:10DF50000D04811107C08DE094E00F942D2081E025
:10DF60008093B7028091B702811121C064EF71E004
:10DF70008DE094E00F94FE1F8823A1F080910B04A4
:10DF80008F3F81F082E0809302041092030410928C
:10DF90000604109205048DE094E00F942D2081E09A
:10DFA0008093B7028091B702882309F4A9C08FEF4C
:10DFB00080930B048DE094E00F942D200E94966ACC
:10DFC00010926F05CE0101967C01F6EB2F2EFDE637
:10DFD0003F2E80916F05843008F096C01092720534
:10DFE00080913D04882309F4A8C081E39EE30E9448
:10DFF0002F676BEE74E184E995E10F94FE43809105
:10E00000EB148F3209F09CC080915A17882331F0AD
:10E010006EE37AED88E29EE30E94FE66C0900904FA
:10E02000D0900A0401E091E0C91AD10808F4DBC1DC
:10E0300080917205909171058913D1C160910C0492
:10E04000C6010F948F8C8091720590E02091E406B8
:10E050003091E506109135158217930751F4D0924F
:10E060000804C09207041093040440916F05409384
:10E070000B044091B702112309F467C04423E9F06F
:10E0800040910015EBEEAE2EE4E1BE2E442321F0CC
:10E0900070E0A72E75E1B72E60916F054EE38217F1
:10E0A000930709F040E280E00E94396185E80E9410
:10E0B000476062E1C5010E9482678091720590917C
:10E0C0007005992309F48BC12091E4063091E5068F
:10E0D0008217130609F083C11092B80261E08BEE3B
:10E0E00094E10F949F851092E5061092E4060E9439
:10E0F00028530093B8020E94EC5295CF82E01FCFC4
:10E100000E94DB68811153CF2D960FB6F894DEBFC5
:10E110000FBECDBFDF91CF911F910F91FF90EF9078
:10E12000DF90CF90BF90AF909F908F907F906F9037
:10E130005F904F903F902F90089585E29FE357CFD7
:10E1400068E47AED81E794E467CF4423D1F040910D
:10E1500000156BEEA62E64E1B62E442321F050E0AC
:10E16000A52E55E1B52E60916F054EE382179307FA
:10E1700009F040E280E00E94396163E1C5010E943C
:10E1800082678091720590917005992309F427C1E7
:10E190002091E4063091E5068217130609F01FC1AD
:10E1A0001092B802809100048111A3CF6BEE74E14C
:10E1B000C7010F94D8C0470145E9A42E4FE0B42E03
:10E1C000F40161914F01662319F06E3209F04BC0E2
:10E1D00060E0C5010F9491BA6EE270E0C7010F9440
:10E1E000C4C03C01892B19F08FEF681A780A4301EB
:10E1F00031E9A32E3CE0B32E6114710421F0F40147
:10E200006081611101C060E0C5010F9491BAFFEF18
:10E21000AF1ABF0A2FEF821A920A84E9A8168CE07F
:10E22000B80651F760908916662D8AE59FE00F9435
:10E2300091BA87EE94E12AE0A22E2FE0B22E712C43
:10E240004C01E9E08E0E911C7614D1F048E050E0CC
:10E25000B5018E5A9F4F0F9481BA7394F8E0AF0EB8
:10E26000B11CC401EDCFC5010F9491BAFFEFAF1AF5
:10E27000BF0A2DE9A2162FE0B20609F0A1CFACCF5C
:10E280008091100E882391F0FF92EF923F922F928F
:10E290000E943E8861E082EB9DE60E9478870F90A5
:10E2A0000F900F900F900F94FF1723CF61E0C701DD
:10E2B0000F94D6864090F6175090F7176090F81795
:10E2C0007090F917942D852D21E0421628E752060B
:10E2D0006104710410F090E088E7A92EB82E81E067
:10E2E000481688E758066104710408F45AC098E794
:10E2F000591A610871084092FD175092FE176092FA
:10E30000FF1770920018C301B2010F94FD7C0E94A8
:10E31000007F0093FF0368EF7DE3C5010E947266F2
:10E320008091FD179091FE17A091FF17B0910018F2
:10E330004091F6175091F7176091F8177091F917FF
:10E3400084179507A607B70780F511112EC02091F5
:10E350007C17211103C080E090E0DC01841995094D
:10E360000E9465650093E9140E94F0828091FC1080
:10E370009091FD10892BA1F28EE09EE20F94DB516B
:10E38000811105C08CE694E40F94DB51811111E0FA
:10E390008091FB10811102C00E94C96D1092FB1088
:10E3A000E5CF412C512C3201B2CF0E9486651092EC
:10E3B000FF030F940E8885E39DE60E9403EE111182
:10E3C00063CF41E060E086E09EE30E9457EF182FA4
:10E3D00081E00E945364112309F456CF64CF8F5F0C
:10E3E0008093720520CE0E94FC5280916F058F5F52
:10E3F00080936F05809171058F5F80937105E9CDE2
:10E400008091010411E0811105C08091B702811152
:10E4100001C010E08091050490910604892B91F4CD
:10E4200060910C0480910704909108040F948F8CE4
:10E4300080910015811146C08BEE94E19093060403
:10E44000809305041111109203046CE271E08DE0D9
:10E4500094E00F94FE1F811103C0112309F454CEE0
:10E460008091040402E1811101C003E14EE3609157
:10E470000B0480E00E94396180910404882319F024
:10E4800085E80E94C0642091030480910504909166
:10E490000604602F820F911D0E948267811115C0B2
:10E4A0008DE094E00F942D20809103048F5F809382
:10E4B0000304112309F428CE10920D0481E0809307
:10E4C000020422CE80E095E1B9CF10920D04F1CF85
:10E4D00041E061E08EE394E40E9457EF811107C0B0
:10E4E00061E08AE394E40E9478870F94FF1781E04B
:10E4F0000E94536482E08093B702089540E0682F41
:10E5000085E094E30E9457EF811102C00C94D4C8B7
:10E510000895DF92EF92FF920F931F93CF93DF93B3
:10E5200000D01F92CDB7DEB78CEA9DE00F946DBA94
:10E53000E82E8BEA9DE00F946DBA182F8AEA9DE0D1
:10E540000F946DBA082F0E94966A10926F0580E3AF
:10E55000F82EF10E98E7D92E005D80916F0584307A
:10E5600008F047C0109272050E949F52882329F03C
:10E57000173019F481E00E947EF284EE9DE30E9440
:10E580002F67F982DA82FB821C8220E04FE559EC8A
:10E59000BE016F5F7F4F8DEA9DE30E94F66709839E
:10E5A0001A8220E040E559ECBE016F5F7F4F81EA9F
:10E5B0009DE30E94F6676FE87DE3173031F46DEA62
:10E5C0007CE6EE2011F061EB7CE622E04BE659ECB4
:10E5D00083E99DE30E94F6670E94FC5290916F05CB
:10E5E0009F5F90936F05909171059F5F9093710568
:10E5F000B4CF0F900F900F900F90DF91CF911F919C
:10E600000F91FF90EF90DF9008954F925F926F927D
:10E610007F928F929F92AF92BF92CF92DF92EF92B2
:10E62000FF926C010F94CC1F28EE33E040E050E0E5
:10E630000F94E0BA29013A010E94D66884E08093E1
:10E64000BF02F12CE12C0F94594F81E00E94378AD0
:10E650000F94CC1F28EE33E040E050E00F94E0BA76
:10E6600049015A0184189508A608B7080E94DB687A
:10E67000811107C0C814D904EA04FB0420F781E023
:10E6800007C081E0C814D904EA04FB0408F080E064
:10E6900092E09093BF0291E08927FF90EF90DF9086
:10E6A000CF90BF90AF909F908F907F906F905F9032
:10E6B0004F9008950F931F93CF93DF930E9489612A
:10E6C00081E00E94A2568DE59FE00F947BBAEC0199
:10E6D0008BE59FE00F947BBA182F092F86EF9EE3FE
:10E6E0000E94436061E080E00E948060DF93CF93EE
:10E6F00082E894E49F938F930E94316082E080933C
:10E70000BF0280E00E9443D80F900F900F900F90AF
:10E71000882309F442C08DE59FE00F947BBAEC0199
:10E7200061E08AE00E948060BE0190E080E04AE003
:10E730000E94946546EE5EE362E080E00E942D61F7
:10E7400063E080E00E9480600F931F9385E794E46C
:10E750009F938F930E94316081E00E9443D80F9075
:10E760000F900F900F908823C1F08BE59FE00F94DE
:10E770007BBAEC0163E08AE00E948060BE0190E019
:10E7800080E04AE00E94946543E863E083E10E94F0
:10E7900039618AE090E00E9405F380E00E94A25671
:10E7A00081E08093BF02DF91CF911F910F910C9474
:10E7B000906ACF93DF93EC0180E00E9453640E9443
:10E7C0008961CE01DF91CF910C9473DA8091FD03C2
:10E7D00081113AC081E08093FD036091FD038FEFCA
:10E7E0009FE00F9491BA9091FD0D8091FE0D9817C6
:10E7F00031F085E792E30E94D9F30F9481510F9491
:10E80000A58FF89481E09091FD03911101C080E003
:10E810008093E2060F947C520E9416ED880F82705E
:10E820000F94A61E0F942A30789489E69FE00F94E7
:10E830006DBA882361F08091FD03882341F060E088
:10E8400089EE9FEC0C9456531092FD03C6CF0895A9
:10E85000CF92DF92EF92FF920F931F93CF93DF93AC
:10E8600000D01F92CDB7DEB70F948625D090430419
:10E870008FEF8093430485E9E82E84E4F82E0FE8B7
:10E8800014E420E030E048E452E46091080E709116
:10E89000090E80910A0E90910B0E0F941EBE181651
:10E8A0008CF020E030E048E452E460914B05709138
:10E8B0004C0580914D0590914E050F941EBE181683
:10E8C0000CF040C086E39EE30E94D9F342E864E086
:10E8D00080E00E9439616091080E7091090E80916C
:10E8E0000A0E90910B0E0F9406BD7F936F93FF92CB
:10E8F000EF920E94316081E80E94476040E864E046
:10E9000089E00E94396160914B0570914C058091BE
:10E910004D0590914E050F9406BD7F936F931F9305
:10E920000F930E94316081E80E94476088EE93E077
:10E930000E94728C0E94656F0FB6F894DEBF0FBE06
:10E94000CDBF9FCFD092430481E00E9453640E94C8
:10E95000896145E65EE360E080E00E942D6181E030
:10E960000E94A25681E00E94D18960ED77E080E0AC
:10E9700090E00F94991F82E08093BF0200ED17E0B2
:10E9800021E043E060E080E00E945ECEF82E83E06C
:10E990000E94606C80E00E9484EE62E082E00F944E
:10E9A00070AA80E00E94606CC0902204D090230482
:10E9B00094E1C916D1045CF121E043E06F2D81E0C0
:10E9C0000E945ECEF82E8FEF0E9484EE63E085E019
:10E9D0000F9470AA80E00E9484EE809124049091AC
:10E9E000250484319105CCF469EF72E085E00F9441
:10E9F00026A996E4C916D1049CF408E813E121E0A5
:10EA000043E06F2D8DE00E945ECEE12C49C169EF9D
:10EA100072E086E00F9426A9F0CF8634910554F475
:10EA200060E081E00F94EDA9811166C169EF72E0A9
:10EA300089E0F0CF86E4C816D10494F700ED17E022
:10EA400021E043E06F2D82E00E945ECEF82E1C9BF9
:10EA500018C01C9B16C020E030E040E251E46091F9
:10EA6000F2067091F3068091F4069091F5060F94EA
:10EA700095BB6093F2067093F3068093F40690932F
:10EA8000F50660E070E084E392E40F9462650F9411
:10EA900081511C9B3BC11A8219821C821B821C9BC8
:10EAA00006C066EE72E0CE0101960F94B9C0BE01B9
:10EAB0006F5F7F4F82E00F9426A910E00F94594FAB
:10EAC00081E00E94378A112309F497CF00ED17E007
:10EAD00021E043E06F2D84E00E945ECEF82E80E0BE
:10EAE0000E9443D8882309F488CF10E000E021E099
:10EAF00043E06F2D84E00E945ECE0CED15E021E036
:10EB000043E0682F85E00E945ECEF82E81E00E94EF
:10EB100043D8882309F471CF10E000E021E043E0FE
:10EB20006F2D86E00E945ECEF82E0F94EF1D10929E
:10EB3000B602E9E4FFE685919591A591B4918093A1
:10EB4000EA069093EB06A093EC06B093ED06EDE495
:10EB5000FFE6659175918591949120E030E040E861
:10EB600050E40F9495BB6093EE067093EF0680938C
:10EB7000F0069093F10660E070E080E291E40E947C
:10EB80005A5F0E942D580CED15E021E043E06F2DF7
:10EB900086E00E945ECE50E040E061E082E00E94AC
:10EBA000947260E070E080EA91E40E945A5F60E055
:10EBB00070E080E291E40E945A5F10E000E021E002
:10EBC00042E060E08EE00E945ECE80E00F94E11AA9
:10EBD000E82E21E042E061E08EE00E945ECE81E01E
:10EBE0000F94E11AE82221E042E062E08EE00E9408
:10EBF0005ECEF82EEE2009F400CF61E088EF9EE0B3
:10EC00000F9491BA00ED17E021E043E06F2D87E00B
:10EC10000E945ECEF82E81E00E9445D7882309F439
:10EC2000ECCE08EE13E021E043E06F2D88E00E9477
:10EC30005ECEF82E80E00E9445D7E82E882309F4A6
:10EC4000DCCE00ED17E021E043E06F2D89E00E946B
:10EC50005ECE21E043E0682F8AE00E945ECEF82E6F
:10EC60000F94C28280910318833029F469EF72E017
:10EC70008AE00F9426A980910318833009F4BDCE51
:10EC800000ED17E021E043E06F2D8BE00E945ECEA7
:10EC900008E813E121E043E0682F8CE00E945ECE9B
:10ECA00010922E0461E08EE09EE20E94788781E05F
:10ECB0000E945364EE2061F181E00E947EEA89E5C2
:10ECC0009EE30E9403EE0F94FF1780E00E94A2567D
:10ECD00080E00E94D18981E08093BF028E2D0F9049
:10ECE0000F900F900F90DF91CF911F910F91FF9098
:10ECF000EF90DF90CF90089561E080E00F94EDA950
:10ED000081119CCE69EF72E085E084CE11E0D6CE11
:10ED100062E08EE497E60E94C3EDD7CF0C9428F40E
:10ED2000CF92DF92EF92FF92CF936B017C0182E052
:10ED300080931C0787E094E60E9403EE0F943D8EBB
:10ED400020E030E044E352E46091F6067091F7066B
:10ED50008091F8069091F9060F9494BB6093F606A3
:10ED60007093F7068093F8069093F9066AE077E5CA
:10ED70008DEA92E40F9462650F94815120E030E0B7
:10ED80004CE052E46091F6067091F7068091F80627
:10ED90009091F9060F9494BB6093F6067093F70672
:10EDA0008093F8069093F90669E27CE585E891E4A2
:10EDB0000F9462650F94815120E030E0A901C701F2
:10EDC000B6010F948ABC8823E1F0A70196016091F7
:10EDD000F6067091F7068091F8069091F9060F9467
:10EDE00095BB6093F6067093F7068093F8069093B0
:10EDF000F90660E070E080E291E40F9462650F94A0
:10EE000081518FEC9BE30E94D9F3149A64E670E081
:10EE100080E090E00F94991F82E00F94EF3AC3E3F3
:10EE20000E94DB68811107C0C15029F084E690E0A0
:10EE30000E94728CF5CF0F9481510E94DB68882369
:10EE400029F084E690E00E94728CF7CF81E00E9466
:10EE5000536485E39DE60E9403EE10921C070F9415
:10EE6000D218CF91FF90EF90DF90CF900D947B82DE
:10EE7000CF93809113148130A1F48EED92E30E9420
:10EE800051E0853080F5809356048AE08093000439
:10EE900020E041E070E060E08BE892E0CF910C94DC
:10EEA00030538FE59FE00F946DBA8111EECF8091C2
:10EEB00003188230D9F4809110188111E6CF81ECCB
:10EEC00092E30E94D9F30E94D668C4E184E690E000
:10EED0000E94728C0E94DB68811102C0C150B1F7A0
:10EEE00081E08093B802CF910C94945341E060E0AC
:10EEF0008AE797E30E9457EF91E0811190E081E06B
:10EF00008093B8029111C1CFDACFCF92DF92EF9206
:10EF1000FF9280E090E0A8ECB2E48093F206909338
:10EF2000F306A093F406B093F50665E575E585E56F
:10EF300091E40F94626580ED97E00E94728C84E406
:10EF400093E30E94D9F360910E0E70910F0E072E7D
:10EF5000000C880B990B0F94FBB49B01AC016091E2
:10EF6000080E7091090E80910A0E90910B0E0F946D
:10EF700094BB9F7720E030E040EA50E40F941EBE3F
:10EF80001816A4F584E493E30E94D9F364E080E0CA
:10EF90000E94806060910E0E70910F0E072E000C83
:10EFA000880B990B0F94FBB420E030E040E05FE366
:10EFB0000F9495BB0F9406BD6B0120E030E040E05C
:10EFC0005FE36091080E7091090E80910A0E909196
:10EFD0000B0E0F9495BB0F9406BDA60182E80F940B
:10EFE000C41988EE93E00E94728CADCFFF90EF9031
:10EFF000DF90CF900895CF92DF92EF92FF920F9320
:10F000001F93CF93DF93D82EC92E01E08091B802D1
:10F01000811101C000E01092B8028D2D9C2D0E943C
:10F02000D9F37C010E94D66884E08093BF02E70197
:10F03000209729F449E863E083E10E94396114E6EE
:10F0400082E390E00E94728C0E94DB68882381F04A
:10F05000209781F482E08093BF020093B802DF9191
:10F06000CF911F910F91FF90EF90DF90CF90089577
:10F07000115031F7E114F104D9F2209711F4CD2D9C
:10F08000DC2DCE010E94D9F3EC01D2CF413041F406
:10F0900040E061E00E9457EF813041F40C9480EE33
:10F0A000423021F4CB010E94FBF7F8CF08958CEA9F
:10F0B0009CE00F946DBA811119C0809103188823C8
:10F0C000A9F080911018811111C040915E04442371
:10F0D00069F063E570E481E890E40E9446F881E01D
:10F0E00090910C0E913019F480E0089581E008951C
:10F0F0001F93CF93DF9310915D041123E9F0EC018E
:10F1000085EA9DE00F947BBA8C179D07A9F0412FEB
:10F1100062EC7FE380E290E40E9446F88091100E5A
:10F1200081110AC010925C0460E087EA9BECDF91D9
:10F13000CF911F910C945653DF91CF911F91089559
:10F1400080910318882351F080911018882331F0A2
:10F1500080E89AE30E94FBF70D94FF1786E0809306
:10F160000C0EFACF80911314813061F48EEA93E390
:10F170000E94FBF784E08093000461E08BED93E450
:10F180000C94788784E693E30E94FBF780E00E946A
:10F1900053640E94896149E15CE662E080E00E947C
:10F1A0002D6181E0E8CFAF92BF92CF92DF92EF92D4
:10F1B000FF920F931F93CF93C82F882329F061E00C
:10F1C0008FE59FE00F9491BA81E00E94D18983EE90
:10F1D000E82E83E4F82E97EDC92ED12C2CE3A22E35
:10F1E000B12C0C2F10E01F92CF93FF92EF920F944F
:10F1F0002FB90F900F900F900F90CF30A0F7F8011C
:10F200008827EA5FF6408F4F0D947DBB15F952F9C0
:10F2100078F982F98AF9BCF9C6F9DEF9F3F9EDF962
:10F22000F7F915FA2BFA3BFA3BFA1092010E8FE52B
:10F230009FE00F946DBA823029F485E499E30E942F
:10F24000FBF70DC040E060E082EE98E30E9457EFCC
:10F25000811107C061E08FE59FE00F9491BAC1E092
:10F26000C0CF60E08FE59FE00F9491BA10E000E01E
:10F2700080E00E94D1891F930F9383EB9CE29F93C0
:10F280008F930F942FB90F900F900F900F90CD3058
:10F2900009F40AC1CE3009F4F4C0C111F6C08BE103
:10F2A00096E3F1C010922E0481E00E948BEAC2E046
:10F2B000882309F496CF82E00E948BEAC3E088237A
:10F2C00009F48FCF84E00E948BEAC4E0882309F41C
:10F2D00088CF88E00E948BEAC5E0882309F481CFBB
:10F2E00080E10E948BEACDE081117BCFC6E079CF2F
:10F2F0008BE998E30E94FBF70E9428F48111AFCFBD
:10F30000CEE06FCF8FE598E30E94FBF780E00F948B
:10F31000ED95F4CF89E398E30E94FBF78DE098E345
:10F320000E94FBF78FEE97E30E94FBF781E00F94BA
:10F33000ED95882329F360E070E088ED91E40E9468
:10F34000D95F80911314813009F489CFD0920F0EC8
:10F35000C0920E0E8CEC97E30E94D9F30E9485F7C1
:10F3600060E070E0CB010E9490F60E94B2F810922B
:10F370000F0E10920E0E73CF8EE897E30E94FBF7EC
:10F3800085E080930C0E05E010E072CFD0920F0E56
:10F39000C0920E0EB092C906A092C80641E060E08D
:10F3A0008AE797E30E9457EF8823F9F080911314BE
:10F3B000C7E0813009F015CFC8E013CF20E041E06D
:10F3C00070E060E08FE591E00E9430538BE397E3BB
:10F3D0000E94FBF707E010E04BCF0E9485F70E94E8
:10F3E000B2F8CBE0FECE0E94B2F8CAE0FACE81E5D8
:10F3F00095E30E94FBF780911314813099F48AEF12
:10F4000094E30E94FBF78CE294E30E94FBF720E078
:10F4100041E070E060E088E397EF0E9430530AE03B
:10F4200010E026CF8AEC94E3ECCF81E595E30E94CF
:10F43000FBF780911314813021F48AEF94E30E944A
:10F44000FBF78CE294E30E94FBF784E080930C0EC0
:10F450000BE010E00DCF41E060E08AEE96E30E9401
:10F4600057EF811105C08CEB96E30E94FBF7BDCFEF
:10F4700088E596E3E4CE60E08FE59FE00F9491BAD3
:10F48000F7CE8EE995E30E94FBF781E00E9453647A
:10F4900082E0CF911F910F91FF90EF90DF90CF907E
:10F4A000BF90AF900C941F6010922E0485E39DE6F0
:10F4B0000E9403EE0F94FF178EEF95E3E4CFCF93F6
:10F4C000DF93CDB7DEB767970FB6F894DEBF0FBEF8
:10F4D000CDBF789484B5826084BD84B5816084BDDD
:10F4E00085B5826085BD85B5816085BD80916E00E2
:10F4F000816080936E001092810080918100826013
:10F50000809381008091810081608093810080914F
:10F5100080008160809380008091B100846080933E
:10F52000B1008091B00081608093B0008091910023
:10F53000826080939100809191008160809391001E
:10F54000809190008160809390008091A100826002
:10F550008093A1008091A10081608093A10080919F
:10F56000A00081608093A00080912101826080933F
:10F5700021018091210181608093210180912001EE
:10F5800081608093200180917A00846080937A006A
:10F5900080917A00826080937A0080917A00816005
:10F5A00080937A0080917A00806880937A0010922C
:10F5B000C1009FB7F894A89584B7877F84BF0FB622
:10F5C000F894A89580916000886180936000109203
:10F5D00060000FBE9FBF9FB7F8941092B00084E008
:10F5E0008093B10080917000816080937000809161
:10F5F00070008D7F80937000809170008B7F80936E
:10F6000070001092B3009FBF6B98739A6AE070E02D
:10F6100080E090E00F94991F9CB181E0292F287021
:10F6200093FD80E080936404211122C062E082E3B4
:10F630009DE00E940E6D80934F0262E884E39DE09E
:10F640000E940E6D8093630462E383E39DE00E9459
:10F650000E6D809362046AE070E080E39DE00E949A
:10F66000F66C90934E0280934D026B9A0E94EA8949
:10F670008F98559A879A859A9C9A80910101806803
:10F68000809301019B9A8091730488608093730436
:10F690002FEF80E792E0215080409040E1F700C0DA
:10F6A000000081E00E947C6481ED98E690936E04F6
:10F6B00080936D041092700410926F0412E0109306
:10F6C000680410927204109271040E94BD6482E575
:10F6D00091ED90937A048093790481E991E090937D
:10F6E00078048093770489EA91E09093760480937C
:10F6F0007504809104018B7F809304018091040143
:10F700008D7F809304019FB7F894809105018460F8
:10F71000809305019FBF9FB7F89480910501826097
:10F72000809305019FBF809101018F7B8093010130
:10F730009FB7F894809102018064809302019FBF7B
:10F74000809104018E7F809304019FB7F89480918B
:10F7500005018160809305019FBFAFE9BFE011976C
:10F76000F1F700C0000080910301809581708093C3
:10F77000740444E150E065E37DE68CE795E00F9486
:10F780005AB80E945C4C0E94896181E897E49F937B
:10F790008F9388E897E49F938F930E9431608091C4
:10F7A000010184608093010160E087ED9EE00E948A
:10F7B0000E6D8093410560E088E09FE00E940E6D31
:10F7C000809396050E94A7C682E59FE69093630505
:10F7D00080936205109265051092640510935D0593
:10F7E00010926705109266058AE595E090932618B9
:10F7F000809325180E9403EAD82E0F900F900F9047
:10F800000F9001E0882319F00E949B61082F60E0AF
:10F8100084EC9FE00E940E6D8093100E882389F087
:10F8200011E010937B0488E00F94854710939605B0
:10F830000E94A7C61092041861E087E89FE00F9429
:10F8400091BA0E9416ED882351F064E286E692E0B8
:10F850000E940D5864E286E692E00E94055844E159
:10F8600050E065E17DE0FE0131967F01CF010F940C
:10F870005DBA8C8981110AC044E050E068EA78E4FE
:10F88000C7010F944CB8892B09F450C0C09096055D
:10F890001D8A1F8A1E8A10929605CE0145960F94E6
:10F8A0002D2062E370E080E090E00F94991F80913A
:10F8B000FE049091FF049093FD048093FC048BEB75
:10F8C00097E40E947E71570110E01331A1F06AEFB6
:10F8D00070E0CE0145960F94FE1F8111C0C00E94BA
:10F8E000166E181619068CF70E949753D5018D9342
:10F8F0005D011F5FEACF1C8A44E050E066EB77E4CD
:10F90000C7010F944CB8892B61F681E0C09296052F
:10F91000882309F4A6C044E150E065E17DE0C70119
:10F920000F9481BA8DE998E40F9456B9011104C07F
:10F9300080919605882321F086E898E40E947E71E4
:10F9400081E395E70E94576F8FE698E40F9456B9CC
:10F9500060E08CEA9CE00E940E6D81110E94DEDF67
:10F960000F94447C8EEB97E40E94576F62E086ED23
:10F970009EE00E940E6D813009F076C081EB9CE61E
:10F980000E947E7114B710FF04C082EC9FE20F94B6
:10F9900056B911FF04C082EB9FE20F9456B912FFD3
:10F9A00004C081EA9FE20F9456B913FF04C081E9B5
:10F9B0009FE20F9456B915FF04C081E89FE20F94AF
:10F9C00056B914BE81E395E70E94576F81E79FE225
:10F9D0000E94576F8BE598E40E94576F85E69FE27F
:10F9E0000E94576F83E598E40E947E7181E395E75A
:10F9F0000E94576F86E59FE20E94576F80911F1803
:10FA000090912018B701009791F1681B790B072E90
:10FA1000000C880B990B0E94BD6E8FE39FE20E9441
:10FA2000576F80EE96E00F94567C6CE271E08EEE9C
:10FA30009EE00E94F66C8C0166E371E08CEE9EE025
:10FA40000E94F66C0C32114009F0A9C701E0863320
:10FA5000914009F400E00E949F8DC82EA8C780E065
:10FA600055CF8CE898E460CF8DEA9CE689CF695247
:10FA70007841CDCF81E391E0909357028093560275
:10FA800080910405909105050F94A3AA20E030E829
:10FA900048E953E40F941EBE181654F480910405EF
:10FAA0009091050540969093050580930405E8CF55
:10FAB00080915202909153020F94242B20E030E069
:10FAC00040E251E40F948ABC87FF0AC08091520241
:10FAD0009091530240979093530280935202E8CF43
:10FAE00080910205909103050F94242B20E030E0D3
:10FAF0004AEF52E40F941EBE181654F4809102058A
:10FB00009091030540969093030580930205E8CFFA
:10FB100080915002909151020F948F2A20E030E0A2
:10FB200040EF51EC0F948ABC87FF0AC080915002CD
:10FB30009091510240979093510280935002E8CFE8
:10FB400080910005909101050F948F2A20E030E00C
:10FB500040EA52E40F941EBE181654F4809100053A
:10FB60009091010540969093010580930005E8CFA0
:10FB70009FB7F89416BC8FEF88BD83E384BD12E075
:10FB800015BD80916E00816080936E009FBF80E8FC
:10FB90008093B400809170008460809370002FB7D0
:10FBA000F894809101018460809301019FB7F894DB
:10FBB000809102018B7F809302019FBF80910101A0
:10FBC00080628093010181E08093A00085E18093B1
:10FBD000A1008FEF90E09093A9008093A8009093EC
:10FBE000AB008093AA009093AD008093AC0010927C
:10FBF00072002FBF8CEC97E40F9456B98FE5809379
:10FC00007E0010937D0080917C00806480937C0056
:10FC10008FE980937A000E94828D9FB7F89480913B
:10FC200021018F7E80932101809121018860809342
:10FC30002101809120018D7F8093200180912001FE
:10FC40008E7F80932001809120018F73809320010B
:10FC5000809120018F7C809320018091210184601C
:10FC600080932101809121018D7F809321018091DA
:10FC700021018E7F80932101109225011092240191
:10FC80002BEE31E43093290120932801D19A809101
:10FC900073008260809373009FBF1092FD0D1092DD
:10FCA000FE0D80E1EBEFF6E0DF01282F1D922A9593
:10FCB000E9F7E0E3F5E0DF01282F1D922A95E9F747
:10FCC000E0E2F5E0DF011D928A95E9F710921C054C
:10FCD00010921D0510921E0510921F0510921B0513
:10FCE00010921A0584E08093BF028091000186FD86
:10FCF000C3C0BFEFE3EDF0E3B150E040F040E1F707
:10FD000000C000008091000186FDB6C00E9489619C
:10FD100086E298E40E9443608091010184608093B0
:10FD2000010180914105823041F09FB7F8948091A4
:10FD300002018460809302019FBF8091000186FFD1
:10FD4000FCCF9FB7F894809102018B7F80930201D2
:10FD50009FBF2FEF87EA91E6215080409040E1F766
:10FD600000C000008CE098E49A83898381E098E4E5
:10FD70009C838B8383EF97E49E838D8386EE97E449
:10FD800098878F838DED97E49A8789870E94896190
:10FD90004EE360E080E00E9439610E94D66810E086
:10FDA000B12CA12C80914005F501E80FF11D87FDD4
:10FDB000FA95EE0FFF1FEE0DFF1D408151816A2D58
:10FDC00081E00E942D61AFEFAA1ABA0AB4E0AB1627
:10FDD000B10441F70F94594F81E00E94378A809116
:10FDE000E4069091E506009771F197FF12C011505B
:10FDF00014300CF4A7C087E00F94EF3A80914005CF
:10FE000018162CF08F5F809340050E94896113E0E3
:10FE100003C01F5F143078F745ED57E460E080E0E1
:10FE20000E942D61612F80E00E9480608EE30E941D
:10FE300047601092E5061092E40664E670E080E008
:10FE400090E00F94991F0E94DB68882309F4A8CFE3
:10FE500080914005180F0E94896140E070E060E0E9
:10FE600084E690E00F94CB3C123009F49FC008F078
:10FE70007AC0113009F495C082E08093BF0260E03F
:10FE80008FEF9FE00E940E6D61E08FE59FE00E9482
:10FE90000E6D8FEF9FE00F946DBA182F8F3F09F40E
:10FEA00010E01092E20661E08091100E811160E096
:10FEB00089E69FE00E940E6D91E0811101C090E003
:10FEC00090935C02882309F4A8C08AE29FE20F9411
:10FED00056B987EF9EE00F946DBAB82E8093560501
:10FEE00086EF9EE00F946DBAE82E8093570585EF5C
:10FEF0009EE00F946DBAF82E8093580584EF9EE033
:10FF00000F946DBA80935905FFEFBF1202C0109293
:10FF100056052FEFE21202C0109257059FEFF9121B
:10FF200002C0109258058F3F11F41092590580912C
:10FF3000D30E90E028E096958795009709F470C05D
:10FF40002150F9CF1F3F09F067CF87E00F94EF3AB8
:10FF50008091400518162CF48150809340050E9432
:10FF6000896110E059CF133019F1143009F084CFB2
:10FF700065E178E480E090E10E94726610E000E0C4
:10FF80006FEFC8010F9491BAC8010E9465650F5FB9
:10FF90001F4F0115E0E11E0799F70E9486650E9438
:10FFA0003E570E9403570E9416DF66CF0E940357F8
:10FFB00084E00E9429EA62E08FE59FE00F94B5BAE1
:10FFC0001092100E60E084EC9FE00F9491BA81E0F3
:10FFD0000E94D46B11E01093041861E087E09FE069
:10FFE0000F9491BA1093051861E085ED9EE00F948F
:10FFF00091BA109311188091E80E9091E90E9093A8
:020000022000DC
:100000001318809312180F9473821092181861E0DD
:100010008DEA9CE00F9491BA2FCF85E19FE257CFF4
:10002000209352058091D40E90E028E09695879514
:10003000009711F02150FACF209353058091D50EEF
:1000400090E028E096958795009711F02150FACF1F
:10005000209354058091D60E90E028E096958795E0
:10006000009711F02150FACF209355050E9416ED0C
:10007000880F82700F94A61E80910A018160809380
:100080000A0180910A01826080930A0180910A012D
:10009000846080930A0180910A01806480930A0140
:1000A0000F9A179A0E9A169A0D9A159A0C9A149AF4
:1000B00026982E9A25982D9A24982C9A809107019B
:1000C0008B7F809307019FB7F8948091080184602B
:1000D000809308019FBF809107018F77809307016C
:1000E0009FB7F894809108018068809308019FBFB2
:1000F0000998119A6E98389A4098179A1092E706C4
:10010000399A4198169A1092E8063A9A42983B9A80
:100110004398149A809181008F7E80938100809112
:100120008100886080938100809180008D7F809322
:100130008000809180008E7F80938000809180007D
:100140008F7380938000809180008F7C80938000EB
:1001500080918100887F82608093810080E090E4BC
:1001600090938900809388001092850010928400FB
:1001700010924905109248058FEF9FEF9093470525
:10018000809346059093450580934405109243055E
:100190001092420581E08093B60280916F008260E8
:1001A00080936F00789481E0111101C080E080930A
:1001B000E2060F947C520E9416ED880F82700F9415
:1001C000A61E0E9447528AEE96E00E94425D0F945E
:1001D0000861D11008C082E79EE20F9456B986E20A
:1001E0009EE20E94FBF784E99CE00F946DBA823492
:1001F00059F46FEF84E99CE00F94B5BA85E99CE06F
:100200000F947BBA0E94FBF70F94C282159888E086
:100210000F9485478BEB9FE00F946DBA91E081308E
:1002200009F090E090935A1781E00F944D8860E0B8
:1002300084E69FE00E940E6D60E086E69FE00E94EB
:100240000E6D60E088E69FE00E940E6D60E085E63E
:100250009FE00E940E6D70E060E08FEF9EE00E94D4
:10026000F66C70E060E085E09FE00E94F66C70E064
:1002700060E083E09FE00E94F66C70E060E081E067
:100280009FE00E94F66C70E060E083ED9EE00E94CB
:10029000F66C70E060E080ED9EE00E94F66C60E03D
:1002A00082ED9EE00E940E6D60E08FEC9EE00E9469
:1002B0000E6D88EA9CE00F94BE8181EA9DE00F9468
:1002C0006DBA8F3F71F460E081EA9DE00F9491BABE
:1002D00088EF9FE00F947BBABC0180E59DE00F940E
:1002E000AFBA49E4E42E4DE0F42E10E0BE016F5F9A
:1002F0007F4F812F0E947E6DAE014F5F5F4F67E0A1
:1003000070E0C7010E94D76C1F5FABE0EA0EF11CE2
:10031000183061F781EA9DE00F946DBA0E944E6D2E
:10032000811102C00E94706D0E94927180E89CE071
:100330000F946DBA8F3F41F44FE050E060E87CE0ED
:1003400088EE92E00F9481BA85E09DE00F94BE8123
:100350008DEE9FE00F94BE8181EF9FE00F94BE81F0
:1003600060E08EEC9EE00E940E6D61E087EA9CE00A
:100370000E940E6D60E08FEA9FE00E940E6D86EA9B
:100380009FE00F946DBA8F3FD9F461E086EA9FE059
:100390000F9491BA30EBE32E3FE0F32E70E060E073
:1003A000C7010F94AFBAB2E0EB0EF11CEAEBEE1608
:1003B000EFE0FE0699F760E08FEA9FE00F9491BAB4
:1003C00060E085EA9FE00E940E6D60E08FE79CE0B0
:1003D0000E940E6D60E089E09FE00E940E6D61E07A
:1003E0008CEA9DE00E940E6D63E08BEA9DE00E9426
:1003F0000E6D63E08AEA9DE00E940E6D61E089EA7D
:100400009DE00E940E6D6F98779880916A008F7BB7
:1004100080936A0080916A00806880936A00EF9AF6
:1004200084E08093BF028091100E811123C08091DF
:1004300007018E7F809307019FB7F8948091080190
:100440008160809308019FBF8FE891E00197F1F7E9
:1004500000C00000909106012FB7F8948091080128
:100460008E7F809308012FBF90FD04C088EA90E43E
:100470000E94FBF7023071F0033009F430C1013003
:1004800099F488EC92E40E94FBF766E371E08CEE4D
:100490009EE008C089EA92E40E94FBF76CE271E0FA
:1004A0008EEE9EE00F94CBBAC11006C086E392E4B4
:1004B0000E94FBF70E94648280E80E948BEA8823F6
:1004C000B9F087EF9FE00F946DBA60E0813061F47E
:1004D0008BE498E40E9433CA67E1882329F086EF11
:1004E00091E40E94FBF766E186EA9CE00F9491BAE2
:1004F00083E498E40E9433CA182F882329F08FE1FF
:100500000E948BEA11E01827F12CE12CF701EC5C3A
:10051000F74B6491C7010F9491BA9FEFE91AF90A5A
:10052000AAE0EA16F10491F7E3E4F8E46591749126
:100530008AE090E00F94AFBAE5E4F8E46591749135
:100540008CE090E00F94AFBAE7E4F8E46591749121
:100550008EE090E00F94AFBAE9E4F8E4659174910D
:1005600080E190E00F94AFBA8FE59FE00F946DBAF1
:10057000882309F4BFC080E00E94D3F883E0809311
:10058000BF0281E00E9453640E94896182E00E9460
:100590001F6060E08EEF9EE00E940E6D809350051C
:1005A00060E38DEF9EE00E940E6D80935A0260E33F
:1005B0008CEF9EE00E940E6D8093580260E08BEFFE
:1005C0009EE00E940E6D8093510560E38AEF9EE0ED
:1005D0000E940E6D80935B0260E389EF9EE00E94B3
:1005E0000E6D8093590260E088EF9EE00E940E6DD0
:1005F00080934F05CE0101960E94F4E8882389F08C
:100600008DEF9EE20F9456B98981882351F083E0E3
:100610009DE00F946DBA8F3F21F089E89EE20E9421
:10062000FBF76FEF83E09DE00F9491BA0E94825731
:100630008823D9F10F94594F8CE89FE00F946DBA3D
:10064000182F80936A02C0904B05D0904C05E09023
:100650004D05F0904E058BE89FE00F946DBA682F22
:1006600070E090E080E00F94F9B420E030E040EAE0
:1006700050E40F9494BB4B015C0101E0AC019B0181
:10068000C701B6010F941EBE18160CF000E00093CF
:100690004A05A5019401C701B6010F941EBE1816A4
:1006A0000CF052C081E00F9415626C9874988091A0
:1006B0006A00816080936A0080916A008D7F8093D8
:1006C0006A00EC9A64994FC00E948257882309F40B
:1006D0004AC08EE398E40E947E710F94EF5180E748
:1006E00092E40E94FBF76CE271E08EEE9EE00F94C4
:1006F000CBBACBCE81E011113FCF0E948BEA8111A2
:1007000005C088E891E40E94FBF738CF84E00E949E
:100710008BEA811103C082E191E4F5CF80E10E9470
:100720008BEA811104C08FE29AE60E94FBF788E011
:100730000E948BEA811122CF80917A05882309F4E7
:100740001DCF80EF90E4DFCF113011F480E0ABCF0C
:1007500041E060E08EEC90E40E9457EF8823B1F313
:100760000E949F54A2CF0E9479EC81E08093BF0247
:1007700088E198E20FB6F894A895809360000FBEC8
:10078000909360008091600080648093600085E0B9
:10079000D82E90E0E92E90E0F92ECC24C39424E0EA
:1007A000B22E1092040E80916E05882309F4C2C007
:1007B000B092BF020E948C57882309F4BEC080917A
:1007C0006A02813009F0B9C08BE695E00F942D20C4
:1007D0000E94F08280916902882389F068E873E1C1
:1007E0008AEF97E10F94FE1F811109C010926902F0
:1007F0008091EA14882309F4ACC00F94187D80918D
:10080000FC109091FD10892B09F45FC01092FB1031
:100810008091E7148823C1F10091EB121091EC1242
:100820000F5F1E4E6EED78E4C8010F9474B8892BEB
:1008300009F09CC010927917F80101900020E9F7A7
:100840003197BF01601B710BC8010F94EF8A62E002
:1008500070E087EF92E00F94EF8A809179178823F8
:1008600041F089E095E70E94576F8AEC9FE20E9471
:100870007E718091E814882309F473C08091FC1084
:100880009091FD10892B11F00E946E8F8091FB10CA
:10089000811119C08091FC109091FD10892B99F065
:1008A000E091EB12F091EC12E250FF4E8081823029
:1008B00009F061C0F894D082818192810F94215215
:1008C00078940E94C96D0E94637F0F94594F0E94D3
:1008D0008C570E94378A80916805811110926805B3
:1008E00080E00E941F600F94672080916A05882332
:1008F00079F010926A05823009F449C0833009F416
:100900004AC0813029F461E08EEC98E40E94788737
:1009100080916905811107C0C092690581E00F943B
:10092000CEAD10926905E114F10409F43ACF0E94AA
:10093000000037CFC092BF023DCF60E177E28BE687
:1009400095E00F94FE1F882309F442CFB092110E58
:100950003FCF81E00F944D888091EA1481114DCFF3
:100960004ECF82EF9FE20E947E7190CF0F94F27A79
:1009700080EE9FE2F8CF863009F0A3CF8091E91492
:1009800081119FCFF894D08281E090E097CF61E011
:100990008EEB98E4BBCF61E08DEA98E4B7CF02E03C
:1009A0008633914009F003E00E944C82C12C82EA18
:1009B00092EAA0E0B0E08093491890934A18A0937F
:1009C0004B18B0934C181092160510921705109200
:1009D0001805109219052091830E3091840E4091D4
:1009E000850E5091860E60E070E08FE793E40F94DF
:1009F00094BC609312057093130580931405909333
:100A0000150510920E0510920F0510921005109208
:100A1000110520918F0E3091900E4091910E5091C2
:100A2000920E60E070E08FE793E40F9494BC6093C3
:100A30000A0570930B0580930C0590930D056D9A34
:100A40009D9A809101018860809301018091090540
:100A500090E0B4E095958795BA95E1F78093080505
:100A60008AE090E0909307058093060580915402F8
:100A7000909155020F94A3AA20E030E040E251E4A7
:100A80000F948ABC87FD02C00C943AFD80915402F9
:100A90009091550240979093550280935402E6CF6F
:100AA0002F923F924F925F926F927F928F929F927E
:100AB000AF92BF92CF92DF92EF92FF920F931F936C
:100AC000CF93DF9300D01F921F92CDB7DEB78091F6
:100AD0000C0E813009F05FC09091FD0D8091FE0DEC
:100AE000981359C08091FF0D811155C010921C07B9
:100AF00084EB9FE30E9403EE10920C0E82E0809341
:100B0000110E109257040F94F32F0E94115660E0BB
:100B100070E080E291E40E945A5F8091E7068823AA
:100B200021F18091E806882301F180E090E0A8E4BB
:100B3000B2E48093EA069093EB06A093EC06B093A0
:100B4000ED0680E090E0AEE3B3E48093EE06909390
:100B5000EF06A093F006B093F10660E070E084E346
:100B600092E40F9462650F948151809178058823F7
:100B700009F4C7C09FB7F894809102018B7F8093DE
:100B800002019FBF0F949B250E94288288E08093DA
:100B900041041092400480910C0E823009F068C02C
:100BA0009091FD0D8091FE0D981362C08091FF0D14
:100BB00081115EC080911C07873031F010921C07B4
:100BC00087EA9FE30E9403EE10920C0E82E080936E
:100BD000110E109257040F94815110923F041092FD
:100BE0000F0E10920E0E6091470270914802809194
:100BF000490290914A020E945A5F8091E706882339
:100C000051F18091E806882331F180913F02909163
:100C10004002A0914102B09142028093EA06909373
:100C2000EB06A093EC06B093ED0680914302909101
:100C30004402A0914502B09146028093EE06909343
:100C4000EF06A093F006B093F10660E070E088E450
:100C500092E40F94626580917805882309F47BC043
:100C60009FB7F894809102018B7F809302019FBF10
:100C700080910C0E843009F0ADC085EA9DE00F94A0
:100C80007BBA3091FD0D2091FE0D321378C1209179
:100C9000FC103091FD10232B09F071C12091010E41
:100CA000298321116CC120915704211157C02CE0D8
:100CB000209357044496BC0190E080E00F94F9B46F
:100CC00020E030E04AE754E40F9494BC6B017C01CF
:100CD000E0915704E150EC3008F07CC0F0E0882748
:100CE000EB58F94F8E4F0D947DBBAF018901D101B7
:100CF00005017F02A302EB0033017D02BF01A702C1
:100D00002902109243040E94E66B81E00E94606C0D
:100D100080911314813009F035CF8091E913882335
:100D200009F430CF80914204823009F42BCF0E9425
:100D30008C5781110E94BB5420910E0E30910F0EE2
:100D400080916B0290916C02281739070CF41ACF2E
:100D50000F9404B417CF109243048ACF2150A8CF28
:100D600065E087E895E40E94278834C080911314D9
:100D7000813069F5309156043B8361E087E19EE262
:100D80000E94788761E08AE795E40E94788761E0B5
:100D90008CE695E40E9478870F94C87A9B81981717
:100DA000B1F08F3F29F061E082E19EE20E947887F6
:100DB0001F922B812F9388E695E49F938F930E9437
:100DC0003E880F900F900F900F9031E0398389810A
:100DD0008093550480910C0E833009F0D0C090911F
:100DE0005704911109C080931C0791E0909353041C
:100DF0008093B7028093570480915704833009F59C
:100E00009091FD0D8091FE0D98131BC00F948625C7
:100E100010923E0280914C028F9380914B028F93EF
:100E200082E196E49F938F930E943E888EE99FE330
:100E30000E9403EE82E0809357040F900F900F9072
:100E40000F9080915704823009F07AC080913E0261
:100E5000882309F475C0109253048CE89FE30E9424
:100E600003EE10920F0E10920E0E30914F04398344
:100E7000809150048B83109151040091520420E022
:100E800030E0A901B981F8016B2F782F8F2F9E2FA9
:100E90000F948ABC81111FC020E030E0A90160914D
:100EA0004B0470914C0480914D0490914E040F942A
:100EB0008ABC811110C020E030E0A9016091470494
:100EC000709148048091490490914A040F948ABC1F
:100ED000882309F458C280914A048F938091490471
:100EE0008F93809148048F93809147048F938091D2
:100EF0004E048F9380914D048F9380914C048F9377
:100F000080914B048F930F931F939B819F93298113
:100F10002F938BEF95E49F938F930E943E8861E01F
:100F200081E29EE20E9478870FB6F894DEBF0FBE82
:100F3000CDBF84E494E00F942D2081E0809357048A
:100F4000809157048130D9F460ED77E084E494E037
:100F50000F94FE1F882399F085E39DE60E9403EE1F
:100F600010921C0782ED90E090934C0280934B020C
:100F70001092570410920C0E82E08093110E909103
:100F80000C0E9530A1F42091FC103091FD10232B14
:100F900009F049C280915704823009F41DC208F05B
:100FA000F7C1882309F408C2813009F420C2809176
:100FB0000C0E863009F037C29091FD0D8091FE0D28
:100FC000981331C28091FC109091FD10892B09F08B
:100FD0002AC28091010E811126C28091570481306E
:100FE00009F44AC208F41CC2823009F434C28330C6
:100FF00009F019C26091080E7091090E80910A0ED5
:1010000090910B0E0F9406BD693271056CF09FEF45
:10101000909343040F94862540E061E08AE69FE3C5
:101020000E9457EF813031F761E08BE19EE20E9430
:10103000788761E088E995E40E94788782E0F1C1D1
:101040000E9489611092540461E088E99AEE0E943E
:101050005653809113148130F1F48091550410E0BF
:10106000811101C012E0212F30E0220F331F2C5AD2
:101070003A4B3A832983E981FA818591949161E021
:101080000E9478871F5F89819A8102969A8389835B
:101090001A3089F79FCE20E030E040E850E4C701E5
:1010A000B6010F943AB520E030E040E752E40F94E7
:1010B000508E9F938F937F936F931F928CE38F93A8
:1010C00020E435E43F932F930E943E8820E030E0F7
:1010D00040E051E4C701B6010F943AB520E030E09A
:1010E00040E252E40F94508E9F938F937F936F93BF
:1010F0001F9284E68F9320E435E43F932F930E9460
:101100003E880FB6F894DEBF0FBECDBF63CE67E05A
:1011100082E395E428CE61E086E295E40E94788738
:101120008EE38F938CE48F938CEC8F938DEC8F9365
:1011300086E195E49F938F930E943E8861E08DE065
:1011400095E40E94788720E030E040E850E4C70151
:10115000B6010F943AB520E030E048EC51E40F942A
:10116000508E9F938F937F936F931F921BE91F93D2
:101170001F928BE48F938BEF94E49F938F930E9445
:101180003E88A7019601C701B6010F9495BB20E0E8
:1011900030E048EC51E40F94508E9F938F937F93EF
:1011A0006F931F921F931F9284E68F938BEF94E4AB
:1011B0009F938F930E943E8820E030E048EC52E4F9
:1011C000C701B6010F94508E9F938F937F936F93B7
:1011D0001F921F931F9218EC1F938BEF94E49F9321
:1011E0008F930E943E880FB6F894DEBF0FBECDBF2E
:1011F00020E030E040EA51E4C701B6010F94508E80
:101200009F938F937F936F931F9287E88F931F9283
:101210001F932BEF34E43F932F930E943E8871CFAE
:1012200020E030E046E153E4C701B6010F94508E50
:10123000562E472E382E292E20E030E040EA51E489
:10124000C701B6010F94508E6B83C72E782E692E7E
:1012500085E0D82E812C912C96E1A92E93E4B92E0D
:1012600032E33C8387E88D830BEF14E49D81E92E04
:10127000F12C3C81232F30E03A8329832F923F9237
:101280004F925F921F929F931F928C818F931F9317
:101290000F930E943E88B701FF0C880B990B0F94A7
:1012A000FBB420E030E040EA51E40F9494BB0F948B
:1012B0000DBD6D836F927F92CF929B819F931F9202
:1012C0002D812F931F923C813F931F930F930E9478
:1012D0003E8829813A81B901330F880B990B0F940D
:1012E000FBB4A50194010F9495BB0F940DBD6C83C5
:1012F000B7FAB094B7F8B094DA940FB6F894DEBFAA
:101300000FBECDBFD110B2CF65CDB701A60180E031
:101310000F94778E5FCDB701A60184E0F9CFB701B6
:10132000A60188E0F5CFB701A6018CE0F1CF90913E
:101330001314998366E08FEE94E40E942788298134
:10134000213029F461E082E19EE20E94788761E029
:101350008EE09EE20E9478873DCD85E39DE60E9467
:1013600003EE1092570410920C0E82E08093110E3F
:101370008FE59FE00F946DBA882309F400CE8CE0CE
:101380000E94D3F827CD8BEC95E40E94576FD1CD06
:101390008430A9F0C0F0853009F009CE61E08BE11E
:1013A0009EE20E94788761E085EB95E40E94788751
:1013B00084E080935704FBCD90935704EFCF0F94B4
:1013C000815183E0F6CF10923D0261E08BEA95E413
:1013D0000E94788782E0EDCF80913C02811105C0A8
:1013E00061E081E29EE20E94788781E0E2CF109284
:1013F000570410920C0E92E09093110E80933D02D0
:101400008FE59FE00F946DBA882369F080913C02CC
:10141000811104C081E00E94D3F8C9CD8EE0FBCFDA
:1014200083E0809357040F900F900F900F900F90D0
:10143000DF91CF911F910F91FF90EF90DF90CF90B0
:10144000BF90AF909F908F907F906F905F904F90E4
:101450003F902F90089561E081E995E40E9478879C
:1014600041E060E08AE59FE30E9457EF8111DBCF06
:101470001092430481E0D5CF1092570410920C0EC5
:1014800082E08093110E20E041E062E070E087EAA4
:101490009BEC0E94305383E080935404C4CF0F939D
:1014A0001F93809103018095817090917404891736
:1014B000A1F180917504909176048F559F4E11F49F
:1014C0000E94945382E08093B7028091030180953B
:1014D0008170809374040E94BD6480E00E94F5894D
:1014E00080917404882309F488C08091EA148111E2
:1014F00005C00F944D8881E08093381585E39DE603
:101500000E9403EE10923D0461E08FE59FEE0E9481
:10151000565388E394E00F945D220F94CC1F009102
:1015200034041091350420913604309137040617A5
:10153000170728073907E8F58091B702882331F0AB
:1015400088E394E00F945D220E940D60E0917504A1
:10155000F0917604199580917504909176048859DC
:101560009A4E09F45BC0809175049091760421E055
:10157000893A920709F073C08091B702823021F452
:101580000E94BD6410927B058091B702882319F0F8
:1015900081508093B7020F94CC1F6C597F4F8F4FAF
:1015A0009F4F609334047093350480933604909376
:1015B00037048091100E882399F080917B04882352
:1015C00079F060E177E280E394E00F94FE1F8823D6
:1015D00039F088E00F94854780E394E00F942D2044
:1015E00080910C0E843009F051C08091040E81115D
:1015F0004DC01F910F910D9450051092E914109257
:10160000EA1481E395E70E94576F8FEC9DE20E94F8
:101610007E7188E19FE30E9403EE7FCF0E94A65770
:1016200081110EC0E0917504F0917604309739F580
:101630000E9489610F94FF1782E08093B7029CCFCC
:1016400080910C0E81118FCF40E95FE561E070E081
:1016500088E394E00F94B0208111E4CF84CF8859BF
:101660009A4E09F489CF40E355E760E070E088E3E3
:1016700094E00F94B020882309F47ECFD3CF81E08B
:1016800080933304199510923304D2CF1F910F9198
:1016900008958FE10E948BEA811106C08FE10E94BC
:1016A00029EA80E00C94D3F841E060E085EE92E313
:1016B0000E9457EF882391F30F94FF1781E00E9457
:1016C000536482E00C941F60CF93C82F10921C07C4
:1016D000179A1092E706169A1092E806149A10923A
:1016E000C9061092C806682F86EA9FE00F9491BA47
:1016F0006C2F8FEA9FE00F9491BACC2379F080E9A8
:1017000093E40E947E7186E991E30E94FBF781E0F9
:101710000E94536482E0CF910C941F6085E593E4AE
:101720000E947E718DE791E3F0CF80930004409199
:10173000131420910E0E30910F0E413059F010927B
:10174000E50380916B0290916C02281739075CF4D5
:101750000D94D5189091E9139111F1CF86508230F4
:1017600070F74093E50381E08093E4036091C8063D
:101770007091C906C9010F94553B1092E503089575
:1017800084E00D94950B85E00D94950B86E00D9407
:10179000950B87E00D94950B81E00D94950B88E0F7
:1017A0000D94950B82E00D94950B0F9308E02EEFAE
:1017B0003FE240E060E084E090E30F94DA93813010
:1017C00029F40E9485540F948151F0CF823031F476
:1017D00060E070E0CB010F910C9490F60F910895AA
:1017E0001F93CF93DF9364E670E00F9436BBEB0159
:1017F00010E04EE263E0812F0E943961CE010E9429
:10180000728CCE010E94728CCE010E94728CCE012D
:101810000E94728CCE010E94728C1F5F143149F7B6
:10182000DF91CF911F9108952F923F924F925F9237
:101830006F927F928F929F92AF92BF92CF92DF92E0
:10184000EF92FF920F931F93CF93DF93CDB7DEB745
:1018500067970FB6F894DEBF0FBECDBF082FCE013D
:1018600046969F8B8E8B83E0F82E95E1292E0E9461
:10187000E64C0093FB13402F64E5CE0101960E94D5
:10188000C44C49815A816B817C818D810F941EAC3F
:1018900061E081E00F943DB3182F811107C00E94D1
:1018A000396D0F94DDB20F94CBB3E1CF0F9481511A
:1018B0000E940C4D813079F10F94CBB392E0F91274
:1018C00009C08EEC9EE00F946DBA813019F4802F20
:1018D0000F94AEB4FA94F110CACF8091040E88230D
:1018E00009F4EFC067960FB6F894DEBF0FBECDBF08
:1018F000DF91CF911F910F91FF90EF90DF90CF90EC
:10190000BF90AF909F908F907F906F905F904F901F
:101910003F902F9008956091F01370E090E080E088
:101920000F94FBB49B01AC0166E676E68DE992E488
:101930000F9494BB362E872E982EE92E262F372F04
:10194000482F592F60E070E080E291E40F9494BC3E
:101950002B013C01ECE7F5E0822D11928A95E9F725
:1019600010927B05832D982DA92DBE2DBC01CD0194
:10197000912C312CE12C5B016C01D7FAD094D7F873
:10198000D09420E030E048E452E40E94E84C90918A
:10199000FD0D8091FE0D981709F449C0112331F017
:1019A0000E940C4D11E0813009F010E083E00F94AB
:1019B00016302091F6063091F7064091F8065091C6
:1019C000F9060F9494BBA30192010F943AB50F94BA
:1019D00073BC0F940DBD862EE616C1F0E32DE431E5
:1019E00008F0E3E1332433943E0E8FEF111101C070
:1019F0008DE2F0E0E458FA4F808391E09093B702D3
:101A00008091B802811102C00F94F32090E080E031
:101A10000E94728CE82C8091040E882309F4B7CFC1
:101A200010E037C0C601B50199249394AACF91E084
:101A30009912F8CF0E94E64C111108C08FEC9EE07D
:101A40000E942D6D80ED9EE00E94206D44E150E0EB
:101A50006CE775E0CE0101960F94EDC0FE01319662
:101A6000819187FD2CC080E3DF0111978C938E89D3
:101A70009F898E179F07A1F71D8A81E395E70E9432
:101A8000576F89E399E40E94576FCE0101960E9437
:101A9000EC8281E995E00F945D22112309F40CCFCB
:101AA000802F0F94908F0093A21380911714909120
:101AB00018140196909318148093171413CF81E390
:101AC000D3CF8AE290E89093A5138093A41361E0AA
:101AD00081E00F943DB3C7CECF93DF93D82F0F94FF
:101AE0001190C82F882339F188EC90E00E94958CE2
:101AF00082E00F94EF3A6D2F89E19CE60E94156613
:101B00000F94878F0F943D8E8091FA13833629F0BE
:101B100062E18AE690E70F94E88F8D2F0F94140C02
:101B20000E941BC883E00F94EF3A0F947B820F94BE
:101B300006900E9479648C2FDF91CF9108950F94C5
:101B40006C0D0E9485540F9481510F94FF170F94D0
:101B5000D50B85E39DE60E9403EE10921C070D94C1
:101B6000D218CF93DF93D82F0F941190C82F8823CA
:101B7000B9F08091FA138D1799F00E94E8578111FE
:101B800002C00F9404B40F94878F0F943D8E0F946E
:101B900081518D2F0F94140C0F947B820F9406901B
:101BA0008C2FDF91CF9108951F93CF93DF93C82F90
:101BB000162F0F941190D82F882389F00F943D8E03
:101BC000C33601F1C83781F0CF3339F484E690E0B1
:101BD0000E94958C812F0F946C0D0F947B828D2F1A
:101BE000DF91CF911F91089510926C0210926B02B9
:101BF000812F0F94B10D8FEA90E090936C02809347
:101C00006B02EBCF84E690E00E94958C0E941BC88B
:101C1000E4CFCF93C82F682F8BEE92E40E94156615
:101C20008C2F0F94B10D0F9481510F9404B40E9426
:101C3000796481E0CF91089580E00F94090E81E0EE
:101C40000F94090E82E00F94090E83E00F94090EA1
:101C500084E00F94090E0D94D2180F94090E0D9480
:101C6000D218CF93DF9300D01F921F92CDB7DEB76B
:101C7000482F68E5CE0101960E94C44C49815A81E3
:101C80006B817C818D810F941EAC0F900F900F9013
:101C90000F900F90DF91CF91089580E00D94310E59
:101CA0001F93CF93DF9300D01F921F92CDB7DEB763
:101CB000182F0F9411908823D9F0412F62E5CE019F
:101CC00001960E94C44C49815A816B817C818D812F
:101CD0000F941EAC60E080E00F943DB3882369F35D
:101CE0002091BF133091C0133093101420930F1420
:101CF0000F900F900F900F900F90DF91CF911F9149
:101D00000895FF920F931F93CF93DF931F92CDB748
:101D1000DEB7CE0101960F94082810E000E085E0C0
:101D2000F82ED19911C00F94594F0E3D1105C9F7E6
:101D3000CE0101960F94FB27C8010F90DF91CF9140
:101D40001F910F91FF900895D19A80917905882372
:101D500061F3109279050E94828D0F94272C809157
:101D6000780581111BC0F09EF001F19EF00D112449
:101D7000E35EF84F8091740590917505A09176050A
:101D8000B091770580839183A283B383809173059B
:101D900084830F5F1F4F0F943251C7CF10E000E0D4
:101DA000C7CF883E23E0920710F087EE93E00895B6
:101DB00090919905809198052FEF3FEF891771F069
:101DC000E92FF0E0E556FA4F208130E09F5F8091E7
:101DD0009705981708F090E090939905C901089528
:101DE0009091D00095FFFCCF8093D60090E080E0EA
:101DF0000895CF92DF92EF92FF920F931F93CF93AC
:101E0000DF938C01EA0190E050E06150770B292FBD
:101E100030E0261737072CF0552319F190E050E0F9
:101E2000F6CF7801E20EF31EF7018081D9011196F9
:101E30006801CA0EDB1EF6014081481780F4F701E5
:101E40004083F6018083209749F0FE01E20FF31FE3
:101E50008081AC0FBD1F2C9120838C9351E09F5F3C
:101E6000D6CFDF91CF911F910F91FF90EF90DF9030
:101E7000CF900895813041F028F0823039F08330DE
:101E800071F00895A09A0895A29A08959FB7F894C2
:101E9000809108018062809308019FBF08959FB7D9
:101EA000F894809108018061F6CF813041F028F0EC
:101EB000823039F0833071F00895A0980895A29887
:101EC00008959FB7F894809108018F7D8093080151
:101ED0009FBF08959FB7F894809108018F7EF6CF39
:101EE0008EBD0DB407FEFDCF8EB508952F923F92A3
:101EF0004F925F926F927F928F929F92AF92BF921A
:101F0000CF92DF92EF92FF920F931F93CF93DF93C5
:101F1000CDB7DEB72E970FB6F894DEBF0FBECDBF9C
:101F2000209082063090830640907405509075058D
:101F300060907605709077052114310439F481E0C2
:101F400080935906812C912C5401F9C0B101032CC6
:101F5000000C880B990B0F94FBB4A30192010F9412
:101F600094BB6B017C0180915906882391F01092FB
:101F70005506109256061092570610925806109267
:101F80005106109252061092530610925406109267
:101F9000590620917F0E3091800E4091810E509114
:101FA000820EC701B6010F943AB569837A838B8399
:101FB0009C832091550630915606409157065091CA
:101FC0005806C701B6010F9495BB4B015C012091E7
:101FD00016052D8730911705398710911805009146
:101FE0001905412F502F0F948ABC87FD17C080918F
:101FF00012058D8790911305998710911405009112
:1020000015059C01412F502FB401C5010F941EBE30
:10201000181624F08D8699861A2D0B2D8D8599859D
:10202000A12FB02F8093550690935606A093570684
:10203000B09358062091830E3091840E4091850E06
:102040005091860EBC01812F902F0F943AB56D836D
:102050007E838F83988720914D0630914E06409164
:102060004F0650915006C301B2010F9494BB2091CA
:10207000870E3091880E4091890E50918A0E0F94F0
:102080003AB520ED3CEC4CE45DE30F943AB54B01DE
:102090005C0123E333E343E75FE360915106709112
:1020A000520680915306909154060F943AB59B01C5
:1020B000AC01C501B4010F9495BB4B015C0180924A
:1020C000510690925206A0925306B09254062D816A
:1020D0003E814F81588569817A818B819C810F94E3
:1020E00095BBA50194010F9494BB4B015C0120E0CA
:1020F00030E04FE753E40F941EBE20E030E0A9012A
:1021000018160CF06DC1C701B6010F941EBE18164B
:1021100084F4A70196016D857985812F902F0F9406
:1021200094BB609355067093560680935706909320
:102130005806812C912C3FE7A32E33E4B32E409216
:102140004D0650924E0660924F0670925006609176
:10215000560270915702072E000C880B990B0F94B2
:10216000FBB49B01AC01C301B2010F948ABC87FF91
:1021700057C1232809F454C1C501B4010F9406BD09
:10218000759567956093730520917B0630917C0669
:102190003A83298340907D0650907E0660907F06AA
:1021A00070908006B901330F880B990B0F94FBB424
:1021B000A30192010F9494BB6B017C0120918B0EC3
:1021C00030918C0E40918D0E50918E0E0F943AB539
:1021D0006D837E838F83988720916206309163069A
:1021E0004091640650916506C701B6010F9495BBF6
:1021F0005B018C0130910E053E8780910F058D8724
:102200003090100520901105232F382F432D522D8B
:10221000B501C8010F948ABC87FD18C090910A05CA
:102220009E8720910B052D8730900C0520900D0581
:10223000292F3D85432D522DB501C8010F941EBE97
:10224000181624F0AE86BD86302E212E8E859D85F3
:10225000A32DB22D8093620690936306A09364062B
:10226000B093650620918F0E3091900E4091910EA3
:102270005091920EBC01832D922D0F943AB569872F
:102280007A878B879C8720915E0630915F0640910C
:10229000600650916106C301B2010F9494BB209176
:1022A000930E3091940E4091950E5091960E0F948E
:1022B0003AB520ED3CEC4CE45DE30F943AB54B01AC
:1022C0005C0123E333E343E75FE360915A067091D7
:1022D0005B0680915C0690915D060F943AB59B0178
:1022E000AC01C501B4010F9495BB4B015C01809218
:1022F0005A0690925B06A0925C06B0925D064092F0
:102300005E0650925F0660926006709261062985B3
:102310003A854B855C856D817E818F8198850F9490
:1023200095BBA50194010F9494BB4B015C0120E087
:1023300030E04FE753E40F941EBE20E030E0A901E7
:1023400018160CF070C0C701B6010F941EBE181607
:1023500084F4A70196016E857D85832D922D0F94BF
:1023600094BB6093620670936306809364069093B7
:102370006506812C912C9FE7A92E93E4B92E20E0CD
:1023800030E04AEF52E4C301B2010F948ABC87FFE8
:102390006DC0C501B4010F9406BD75956795609336
:1023A000810689819A81892B11F4109281062E96DB
:1023B0000FB6F894DEBF0FBECDBFDF91CF911F9156
:1023C0000F91FF90EF90DF90CF90BF90AF909F90D4
:1023D0008F907F906F905F904F903F902F900895D7
:1023E000C501B4010F948ABC87FFA9CE20E030E07C
:1023F000A901C701B6010F948ABC87FFA3CDA7012D
:1024000096016D857985812F902F0F9494BB6093F1
:10241000550670935606809357069093580692CDB2
:1024200010927305B1CEC501B4010F948ABC87FF29
:10243000A6CF20E030E0A901C701B6010F948ABC05
:1024400087FF10C0A70196016E857D85832D922D93
:102450000F9494BB60936206709363068093640646
:1024600090936506812C912C540189CF109281069E
:1024700098CF80910E0E90910F0E909383068093CB
:1024800082068091C8069091C90690937C0680933D
:102490007B060895813041F120F0823009F445C077
:1024A0000895179880910901817091E06927861736
:1024B00059F090910B01662389F0916090930B0184
:1024C000EBE4F0E03197F1F791E096B9882341F021
:1024D00080910B01816080930B0108959E7FEECF68
:1024E00080910B018E7FF7CF16989091090181E0C2
:1024F000292F227091FF80E0861759F080910B01FF
:10250000662379F0826080930B018BE490E0019761
:10251000F1F782E086B980910B01222321F08260DD
:10252000DACF8D7FF0CF8D7FD6CF159890910901AE
:1025300081E0292F247092FF80E091E069278617BF
:1025400059F090910B01662391F0946090930B01E8
:10255000EBE4F0E03197F1F794E096B9861709F4CF
:10256000BCCF80910B01222321F08460B4CF9B7FEC
:10257000EDCF8B7FB0CF80919605811125C08091E2
:10258000C00087FF3DC08091C00084FF03C08091E0
:10259000C60008954091C6002091FC043091FD04CE
:1025A000C90101968F7799276091FE047091FF040D
:1025B0008617970729F124583B4FF90140839093E0
:1025C000FD048093FC041CC08091C80087FF18C0E4
:1025D0008091C80084FF03C08091CE00089540918F
:1025E000CE002091FC043091FD04C90101968F7743
:1025F00099276091FE047091FF0468177907D9F656
:10260000089523E0811121E080E06BE173E04BEC61
:1026100057E03FB7F89490910201946090930201C3
:102620003FBFFB013197F1F73FB7F894909102015A
:102630009B7F909302013FBFFA013197F1F78F5FC3
:102640008213E7CF08958AE02BE831E04FB7F89482
:10265000909102019460909302014FBFF90131976C
:10266000F1F74FB7F894909102019B7F909302018C
:102670004FBFF9013197F1F7815041F7089583E099
:102680000D94950B87EA9CE00F946DBA811105C0FB
:10269000809100048150883010F080E0089581E03E
:1026A00008950E94966A10926F0580916F0584309C
:1026B000F8F41092720581E39EE30E942F6763E9AC
:1026C00071E082E69DE40E9454676DEE71E08CE556
:1026D0009DE40E9454670E94FC5280916F058F5FB9
:1026E00080936F05809171058F5F80937105DDCFB9
:1026F00008950E94966A10926F0580916F0584304C
:1027000028F51092720581E39EE30E942F6761E82D
:1027100072E082E69DE40E9454676BE771E08CE50D
:102720009DE40E94546763E972E086E09DE40E94A4
:1027300054670E94FC5280916F058F5F80936F05F4
:10274000809171058F5F80937105D7CF0895809137
:10275000E403811103C082E00C94785381E0FCCF44
:102760008EEC9EE00F946DBA60E0813009F061E07C
:102770008EEC9EE00D9491BA6091380281E068275A
:102780006093380287E89FE00F9491BA80913802F5
:10279000811102C010924204089586ED9EE00F94CC
:1027A0006DBA61E0823009F062E086ED9EE00D9442
:1027B00091BACF93DF93CDB7DEB72F970FB6F894CA
:1027C000DEBF0FBECDBFFC01DE01119690E09D0182
:1027D000849141E0490F882329F08D933196942FFD
:1027E0004D30B1F7F901E90FF11D8AE380839F5F56
:1027F000F901E90FF11D80E29E3019F081939F5F8E
:10280000FBCF1F867F936F933F932F938EEF9FE5B0
:102810009F938F930E9431600F900F900F900F90B5
:102820000F900F902F960FB6F894DEBF0FBECDBF5E
:10283000DF91CF910895109238040E948261E2E204
:10284000F4E0428153812CE3249FC001259F900D29
:1028500011249F938F9384E79EE39F938F934081EE
:102860005181249FC001259F900D11249F938F9328
:102870008FE79EE39F938F9382E69FE59F938F93CD
:102880000E9431608DB79EB70A960FB6F8949EBF2E
:102890000FBE8DBF0C94906A109238040E94826122
:1028A0006091080E7091090E80910A0E90910B0EA6
:1028B0000F9406BD89E79AE30F94D91360914B05F5
:1028C00070914C0580914D0590914E050F9406BD79
:1028D00084E69AE30F94D9136091BA067091BB060F
:1028E0008091BC069091BD060F9406BD8DE69DE4D7
:1028F0000F94D9136091F2037091F3038091F40364
:102900009091F5030F9406BD8DEA9CE20F94D913C4
:102910000C94906ACF92DF92EF92FF920F931F93E5
:10292000CF93DF93109238046091C0067091C10676
:10293000072E000C880B990B0F94FBB420E030ECB1
:102940004FE756E40F9494BC20E030E040EA50E4B6
:102950000F943AB527ED30E344E45EE30F9494BC62
:10296000EB01182F092F6091BE067091BF06072E4C
:10297000000C880B990B0F94FBB420E030EC4FE770
:1029800056E40F9494BC20E030E040EA50E40F9409
:102990003AB527ED30E344E45EE30F9494BCF62EA1
:1029A000E72ED82EC92E0E948261CF92DF92EF923D
:1029B000FF920F931F93DF93CF9388E090E69F934E
:1029C0008F930E9431608DB79EB70A960FB6F89428
:1029D0009EBF0FBE8DBFDF91CF911F910F91FF90D2
:1029E000EF90DF90CF900C94906A0F931F93CF934A
:1029F000DF931092380484E69FE00F946DBAC82FDD
:102A000085E69FE00F946DBAD82F86E69FE00F947D
:102A10006DBA182F88E69FE00F946DBA082F0E94B8
:102A200082611F920F931F921F9386E29DE49F93F2
:102A30008F931F92DF938CE29DE49F938F931F925D
:102A4000CF9389E39DE49F938F9388E49DE49F93C4
:102A50008F9389EC9FE59F938F930E9431608DB790
:102A60009EB742960FB6F8949EBF0FBE8DBFDF9102
:102A7000CF911F910F910C94906ACF93DF93109296
:102A800038040E9482618FEC9EE00F946DBA90E052
:102A90000F94D10EEC0182ED9EE00F946DBA90E0A0
:102AA0000F94D10EDF93CF932DEE3CE43F932F9301
:102AB0009F938F938CEF9CE49F938F9388E49DE486
:102AC0009F938F938DE79FE59F938F930E94316033
:102AD0008DB79EB70C960FB6F8949EBF0FBE8DBFF4
:102AE000DF91CF910C94906ACF93DF930E94826123
:102AF0008BE59FE00F947BBAEC018DE59FE00F948E
:102B00007BBADF93CF939F938F938BE89DE49F9342
:102B10008F938CE290E69F938F930E9431608DB7E4
:102B20009EB708960FB6F8949EBF0FBE8DBFDF917B
:102B3000CF910C94906AEF92FF920F931F93CF93D3
:102B4000DF93109238040E94826183E09FE00F942B
:102B50007BBA0F94D10EF82EE92E85E09FE00F94FA
:102B60007BBA0F94D10E182F092F81E09FE00F94AC
:102B70007BBA0F94D10EEC018FEF9EE00F947BBADD
:102B80000F94D10EEF92FF920F931F9326E23DE434
:102B90003F932F93DF93CF932CE23DE43F932F930A
:102BA0009F938F9389E39DE49F938F9387E19DE4A7
:102BB0009F938F9389EC9FE59F938F930E94316041
:102BC0008DB79EB742960FB6F8949EBF0FBE8DBFCD
:102BD000DF91CF911F910F91FF90EF900C94906A2D
:102BE0000F931F93CF93DF93109238040E9482615A
:102BF0008091191490911A140F94D10E182F092F47
:102C000080ED9EE00F947BBA0F94D10EEC0183ED22
:102C10009EE00F947BBA0F94D10E0F931F932DED6E
:102C20003CE43F932F93DF93CF932DEE3CE43F930F
:102C30002F939F938F938CEF9CE49F938F9387E1C7
:102C40009DE49F938F938CE99FE59F938F930E94C0
:102C500031608DB79EB740960FB6F8949EBF0FBEF9
:102C60008DBFDF91CF911F910F910C94906AEF92DD
:102C7000FF920F931F93CF93DF93809102048823D9
:102C800029F09091B702923009F06CC181E08093F5
:102C9000020480915A1780930304882321F084E072
:102CA00094E00F945D8D0E94966A10926F058CE6F9
:102CB000E82E80E6F82ECBE3D0E608E014E0809121
:102CC0006F05843008F073C11092720581E39EE3B2
:102CD0000E942F678DEC90E60E942F6780EC90E6B3
:102CE0000E942F6782EB90E60E942F6782EA90E6AF
:102CF0000E942F6781E39BE40E942F678FE19BE492
:102D00000E942F678EE09BE40E942F678CEB94E477
:102D10000E942F6787E990E60E942F678DE890E672
:102D20000E942F6785E890E60E942F678CEB94E461
:102D30000E942F6789EE9DE40E942F678AE790E644
:102D40000E942F678CEB94E40E942F6780911314EC
:102D5000813009F027C18BED9DE40E942F6785E744
:102D600090E60E942F67809172058150990B209107
:102D700071052817190649F58091B702882329F1B2
:102D800060916F0586E00E9480608091131481300D
:102D900009F003C18091F3139091F4132091F5137E
:102DA000882309F4FAC01F922F931F929F931F92BA
:102DB0008F93FF92EF920E9431608DB79EB7089675
:102DC0000FB6F8949EBF0FBE8DBF80910304882379
:102DD00009F440C08CEB94E40E942F678BE490E6EA
:102DE0000E942F6789E490E60E942F678091720508
:102DF0008150990B209171052817190659F580917A
:102E0000B702882339F160916F0582E00E948060EB
:102E1000809107041F928F93809106041F928F93D5
:102E2000809105041F928F93809104041F928F93C9
:102E3000DF93CF931F930F930F9484B988E094E0AE
:102E40000E94EA678DB79EB70C960FB6F8949EBFA6
:102E50000FBE8DBF8091C2069091C306A091C4069B
:102E6000B091C506892B8A2B8B2B09F440C08CEBC3
:102E700094E40E942F6782EC9DE40E942F6787E410
:102E800090E60E942F67809172058150990B2091E6
:102E900071052817190659F58091B702882339F171
:102EA00060916F0582E00E9480608091C5061F924C
:102EB0008F938091C4061F928F938091C3061F92B7
:102EC0008F938091C2061F928F93DF93CF931F93AE
:102ED0000F930F9484B988E094E00E94EA678DB75D
:102EE0009EB70C960FB6F8949EBF0FBE8DBF8CEBAD
:102EF00094E40E942F6761EF7FEC81EB9DE40E94D8
:102F000054676FED70E083EA9DE40E94546760EFC0
:102F10007DEC87E99DE40E9454676BE171E08BE8EA
:102F20009DE40E9454676BEB72E08EE79DE40E9483
:102F300054676BE072E085E79DE40E94546769ED99
:102F400071E082E09BE40E94FE660E94FC52809148
:102F50006F058F5F80936F05809171058F5F809300
:102F60007105ADCE90910304992309F49CCE409154
:102F70000404509105046091060470910704452BE8
:102F8000462B472B09F08FCE8F5F803119F080934D
:102F9000020489CE1092020486CE83ED9DE40E9445
:102FA000436013CF8DE590E60E942F670ECFDF912F
:102FB000CF911F910F91FF90EF900895809102049F
:102FC000811117C00E94896186E09DE40E944360E0
:102FD0008AE30E94476061E08AE00E94806088EA9C
:102FE0009CE00F9475BA4AE00E94946581E080935A
:102FF00002040C94906A83EF9AE40C947E710E9410
:10300000BD6410927B0520E041E070E060E089EA59
:1030100091E00E94305310925404109200040895DD
:1030200086EB9EE40C94576FCF93C82F80EB9EE401
:103030000E94576F8C2F0E94446E8DE5CF910C94A7
:10304000446ECF93C82F89E79EE40E94576F8C2F60
:103050000E94446E8DE50E94446ECF910D9410182D
:103060000F931F93CF93DF93EC01CB01BA014A81F9
:10307000413029F088F0423009F14330D1F48B819E
:10308000811125C082E08A8363E08BE59DE50E9483
:10309000C3ED85E08B830DC0A90198010F941EBE7E
:1030A00018163CF463E0888199810E94C3ED81E0A9
:1030B0008A83DF91CF911F910F9108958B818111A8
:1030C00006C08881998123E02A8363E0E0CF8150A4
:1030D000E1CF89ED9EE40E94576F60910E0E7091D2
:1030E0000F0E072E000C880B990B0E94BD6E82ED0F
:1030F0009EE40E94576F6091C8067091C906072E22
:10310000000C880B990B0E94BD6E8BEC9EE40E9414
:10311000576F6091080E7091090E80910A0E909180
:103120000B0E42E00E94D96E84EC9EE40E94576F21
:1031300060914B0570914C0580914D0590914E0525
:1031400042E00E94D96E8DE50C94446E82E00E94AC
:10315000F5899FB7F894E2E0F1E080818460808394
:103160009FBF2FEF89E698E1215080409040E1F722
:1031700000C000009FB7F89480818B7F80839FBF41
:1031800008958EEB9EE40E94576F85EA9DE00F94B0
:103190007BBABC0190E080E04AE00E94586E8DE569
:1031A0000C94446E109200040895CF930E94966A86
:1031B00010926F0580916F05843008F0ADC01092B9
:1031C00072058FE59FE00F946DBA81110DC00E94CA
:1031D0009F5281110F94D218809100048A3089F196
:1031E00081E39EE30E942F678091100E882361F196
:1031F0006FE372E08AEF91E60E94FE6667E272E09A
:103200008AEE91E60E94FE668FE59FE00F946DBA0C
:1032100081110AC080910004893031F469E171E0C4
:1032200080E79EE40E94FE660E94FC5280916F053A
:103230008F5F80936F05809171058F5F809371051B
:10324000B9CF85E29FE3CECF0F944213C82F8FEC06
:1032500091E6CC2311F08EED91E665E472E00E94D8
:10326000546784EB91E6CC2311F083EC91E667E799
:1032700072E00E94546788E991E6CC2311F088EA55
:1032800091E66BE972E00E9454678CE791E6CC23EB
:1032900011F08CE891E663ED71E00E94546781E6DD
:1032A00091E6CC2311F080E791E665EE71E00E9493
:1032B000546786E491E6CC2311F085E591E665EB51
:1032C00072E00E9454678AE291E6CC2311F08AE30F
:1032D00091E661E172E00E9454678EE091E6CC23B2
:1032E00011F08EE191E661EE70E00E94546782EF8A
:1032F00090E6CC2311F082E091E667EE71E00E9447
:10330000546787ED90E6CC2311F086EE90E66FE8E7
:1033100072E00E94546778CFCF91089589E080933E
:1033200000040D94D51881E00E944E600F94C87A75
:103330009091FB13933609F49FEF89130EC086E436
:103340000E9447600F94C87A8F3F29F08F5C0E94DB
:10335000476083E008958FE3FACF8F3F89F08F5C59
:103360000E9447608EE30E9447608091FB13833682
:1033700049F08F3F39F08F5C0E94476084E00895E8
:103380008FE3EECF8FE3F8CF5F934F937F936F93ED
:10339000282F082E000C330B3F938F9388E89AE474
:1033A0009F938F930E9431602DB73EB7285F3F4FA8
:1033B0000FB6F8943EBF0FBE2DBF99E0981B892F22
:1033C0000C944E60CF93DF930E948261C0910E0EE9
:1033D000D0910F0E6091080E7091090E80910A0E27
:1033E00090910B0E0F9406BDAE0182E80F94C419A4
:1033F00060E08AE00E948060C091C806D091C90652
:10340000209781F060914B0570914C0580914D059E
:1034100090914E050F9406BDAE0180E8DF91CF91EB
:103420000D94C4198AE0DF91CF910C944E601092F4
:1034300038040F94E21943E15EE461E080E00E9409
:103440002D6162E080E00E94806080910004833002
:1034500071F138F4813050F082E09EE40E944360C4
:1034600005C0853021F1C0F38830B1F30E94DB68DC
:10347000811109C0809100048150823028F580912B
:103480000718882309F18091E403811113C083E0B8
:103490000E94785380910004823071F0833081F073
:1034A000813091F461E08DE39BE40C9478878FEE9A
:1034B0009DE4D4CF82E0ECCF81E080930004F2CF92
:1034C00061E082E19EE2F1CF08951F920F920FB664
:1034D0000F9211240BB60F922F933F934F935F934C
:1034E0006F937F938F939F93AF93BF93EF93FF93CC
:1034F0002091D6008091980590919905E82FF0E0F1
:10350000E556FA4F20838F5F20919705821708F0C8
:1035100080E0981317C08FE19FE50F9456B9FF9193
:10352000EF91BF91AF919F918F917F916F915F913B
:103530004F913F912F910F900BBE0F900FBE0F90A8
:103540001F90189580939805EACF1F920F920FB69F
:103550000F9211240BB60F928F939F93EF93FF93CB
:103560009FB7F894E2E0F1E080818B7F80839FBF7A
:10357000FF91EF919F918F910F900BBE0F900FBE17
:103580000F901F9018951F920F920FB60F92112453
:103590000BB60F928F939F93EF93FF939FB7F8947F
:1035A000E2E0F1E08081846080839FBFFF91EF9132
:1035B0009F918F910F900BBE0F900FBE0F901F9099
:1035C00018956F927F928F929F92AF92BF92DF92E7
:1035D000EF92FF920F931F93CF93DF93CDB7DEB798
:1035E000E0970FB6F894DEBF0FBECDBFD82EAE0168
:1035F0004F5F5F4F60E10E94947250E040E060E1F5
:10360000CE0101960F94F90E8FE09FE50F9456B905
:103610009E012F5F3F4F590110E000E02EEFE22E98
:103620002EE5F22ED5018D915D011F928F931F9390
:103630000F93FF92EF920F942FB90F5F1F4F0F90D0
:103640000F900F900F900F900F900031110551F7D0
:10365000098110E05E01B2E0AB0EB11CEE24E394F0
:10366000F12CEC0EFD1EE0E1EE0EF11CE0E021E09D
:10367000D5013D915D01622F70E0C8010F9436BB0A
:10368000462F431B361710F0432F461B832F90E025
:10369000423008F047C02F5F080F191FAE14BF0457
:1036A00039F7AE2EB12CA1E1B0E0AC0FBD1FAA0DD1
:1036B000BB1D2C937E01B1E2EB0EF11CAE0CBF1CC6
:1036C000622F70E0C8010F9436BBD5016C9311E0F6
:1036D0001E0F84EF9EE50F9456B9FE0171963F01CF
:1036E00057018CED882E8EE5982E8A2D8E19811724
:1036F00070F5C5018E199F09D5013D915D01F3015A
:1037000021913F011F923F931F922F939F938F937D
:103710009F928F920F942FB90FB6F894DEBF0FBE11
:10372000CDBFE3CF4E2F50E0A1E1B0E0AC0FBD1F05
:10373000A40FB51FEF5F2C9321E230E02C0F3D1F4B
:10374000420F531FDA016C938C0121E0A7CFA70130
:10375000612FCE0141960F94F90EFE01E10FF11D8C
:1037600080A1ED2DF0E0E05BFA4F80831F928F93F4
:103770008AEC9EE59F938F930F942FB90F900F9033
:103780000F900F90609150058EEF9EE0DD2021F0AC
:10379000609151058BEF9EE00F9491BA81E0E09625
:1037A0000FB6F894DEBF0FBECDBFDF91CF911F9152
:1037B0000F91FF90EF90DF90BF90AF909F908F9010
:1037C0007F906F900895813049F028F0823041F069
:1037D000833041F0089581E086B9089582E0FCCFFE
:1037E00084E0FACF88E0F8CF8130D1F048F0823021
:1037F00021F1833079F18BE490E00197F1F708959E
:103800009FB7662341F0F89480910B01816080930B
:103810000B019FBFF0CFF89480910B018E7FF7CF03
:103820009FB7611105C0F89480910B018260EFCFC2
:10383000F89480910B018D7FEACF9FB7662329F022
:10384000F89480910B018460E2CFF89480910B0191
:103850008B7FDDCF9FB7611105C0F89480910B017C
:103860008064D5CFF89480910B018F7BD0CFCF921D
:10387000DF92EF92FF920F931F93CF93DF93182F56
:10388000F62EEA010CE50CBD1DBC0F94550F8F2DD3
:103890000F94700F80E00F94700F80E00F94700F02
:1038A00080E00F94700F80E00F94700F812F0F94C1
:1038B0003A0F0CBD1DBC812F0F94550F80E00F9463
:1038C000700F082F80E00F94700F90E0B0E0A0E040
:1038D000CC24D82EE92EFA2E80E00F94700FC82A3F
:1038E000FE2CED2CDC2CCC2480E00F94700FC82A29
:1038F000FE2CED2CDC2CCC2480E00F94700FC82A19
:10390000812F0F943A0FC882D982EA82FB82802FDE
:10391000DF91CF911F910F91FF90EF90DF90CF90AB
:103920000895EF92FF920F931F93CF93DF93C82FC9
:10393000E62ED22F132F042FF52E8CE58CBD1DBC47
:103940008C2F0F94550F8E2D0F94700F8F2D0F9479
:10395000700F802F0F94700F812F0F94700F8D2F89
:103960000F94700F8C2FDF91CF911F910F91FF90CB
:10397000EF900D943A0FCF93DF9300D01F92CDB705
:10398000DEB719821A821B821C82AE014F5F5F4F25
:103990006AE60F94371C89819A8193700F900F907B
:1039A0000F900F90DF91CF910895FF920F931F9387
:1039B000CF93DF93F82EEA01E82FF0E083E0F89E42
:1039C00080011124035A1D4FD8018C9130E0377FBC
:1039D0003F7E3F7D3F7B40E080FB41F94370562FA7
:1039E0005F7050625F7B5F7781E0611101C080E0B2
:1039F00080FB54F9BF01660F771FFB01ED55FD4FAA
:103A00002081922F991F9927991F81818770880F94
:103A1000892B80FB27F986958770387F382B6C556A
:103A20007D4FFB01808186958695869580FB37F9D1
:103A300081FB40F96CEE8F2D0F94911C209709F4B7
:103A4000E80119818A81C12F811708F4C82F18173E
:103A500040F481E395E70E94576F82E69AE40E9462
:103A60007E712C2F2F71312F3F714FE050E060E9B4
:103A70008F2DDF91CF911F910F91FF900D94911C8D
:103A8000E82FF0E098E0769567956115710511F0E3
:103A90009150F9CFEE5AFA4F908350E040E0692FF1
:103AA0000D94D51C0F931F93CF93DF93C82F082F2E
:103AB00010E0F801EE5AFA4F50E040E060810F94B8
:103AC000D51C20E030E0A90161E98C2F0F94911CF6
:103AD000D091E206C230E1F520E030E044E051E070
:103AE0006DEE82E00F94911C24EF31E040E050E055
:103AF000D13019F420E030E0A90164E982E00F94AC
:103B0000911C24E831E040E050E0D13021F424E081
:103B100030E040E050E060E882E00F94911C28EC37
:103B200034E046E050E060EF82E00F94911C20EF1B
:103B30003FEF4FE050E0D13019F420E030E0A90130
:103B400063E982E0DF91CF911F910F910D94911C59
:103B5000F801E65EFC4F208130E050E040E0A90132
:103B60003327222751606DEE8C2F0F94911C20E09B
:103B700030E0A901D13061F02EEA31E0C23030F0FE
:103B800024EF31E0C23011F030E020E050E040E0BE
:103B900064E98C2F0F94911C20E831E040E050E064
:103BA000D13021F424E030E040E050E060E88C2F98
:103BB0000F94911C000F111F000F111FF801E65FF9
:103BC000FC4F208131814281538160EF8C2F0F9413
:103BD000911C20E030E0A90163E98C2FB3CF1F9343
:103BE000CF93DF938091A7061F928F9384E99EE580
:103BF0009F938F930F942FB98091A70683700F9096
:103C00000F900F900F9011F00F94A58F1091A706B1
:103C1000112371F0D1E0C0E0812F8D2319F08C2F9A
:103C20000F94521DCF5FDD0FC330B1F71092A7067E
:103C300010926A05DF91CF911F910895DF92EF9264
:103C4000FF920F931F93CF93DF9300D0CDB7DEB7D2
:103C5000D82E1F928F938EE69EE59F938F930F949D
:103C60002FB98D2D83700F900F900F900F9011F042
:103C70000F94A58F10E000E0FF24F394E02E8D2D2B
:103C80008F2109F446C08091A7068F298093A7064B
:103C900020E030E0A90160E8802F0F94911CF8012A
:103CA000E65EFC4F208130E050E040E0A901332780
:103CB00022276DEE802F0F94911C82E024EF31E0DB
:103CC000081711F02EEA31E050E040E064E98E2D53
:103CD0000F94911CB801660F771F600F711F6E590A
:103CE000714A43E050E0CE0101960F9407B8AE014F
:103CF0004F5F5F4FF801EE5AFA4F60818E2D0F949F
:103D0000D51C20E831E040E050E060E88E2D0F94B3
:103D1000911CFF0C0F5F1F4F0330110509F0AECF50
:103D20000F900F900F90DF91CF911F910F91FF9007
:103D3000EF90DF90089589E69FE00F946DBA91E0CF
:103D4000811101C090E090935C020895CF93C82F39
:103D5000A09AA29A9FB7F8948091080180628093FC
:103D600008019FBF9FB7F8948091080180618093FC
:103D700008019FBF989A9A9A809107018062809368
:103D800007018091070180618093070180910701FD
:103D90008B7F80930701809107018F7780930701C4
:103DA000809107018F7B8093070180910701877FB6
:103DB000809307019FB7F8948091080184608093F5
:103DC00008019FBF9FB7F894809108018068809395
:103DD00008019FBF9FB7F894809108018064809389
:103DE00008019FBF9FB7F894809108018860809375
:103DF00008019FBF80E00F94521D81E00F94521D77
:103E000082E00F94521D50E040E06091550583E040
:103E10000F94D51C20E030E0A90161E983E00F9404
:103E2000911CC1FD1DC020E831E040E050E060E899
:103E300083E00F94911C6091560580E00F941990D7
:103E40006091570581E00F9419906091580582E0C8
:103E50000F9419906091590583E0CF910D941990BA
:103E600020E030E043E050E06DEE83E00F94911CE1
:103E700020E030E0A90164E983E00F94911C24E084
:103E800030E040E050E060E883E00F94911C2BE2CA
:103E900034E542E050E060EF83E00F94911C23E9A9
:103EA00031E040E050E063E983E00F94911C82E44C
:103EB0009EE50E947E71BFCFFC0120819281492F37
:103EC00050E0211102C0440F551F8181211101C012
:103ED000880F8417150631F02CF0892F211102C0AC
:103EE000880F089508953FB7F8948091A3069091A4
:103EF000A406A091A506B091A6062091B200B89B99
:103F000005C02F3F19F00196A11DB11D3FBFBA2F6B
:103F1000A92F982F8827BC01CD01620F711D811D2B
:103F2000911D42E0660F771F881F991F4A95D1F7B0
:103F300008958F929F92AF92BF92CF92DF92EF92AD
:103F4000FF926B017C010F94731F4B015C01C11444
:103F5000D104E104F104B9F00F94731F68197909D1
:103F60008A099B09683E73408105910580F321E031
:103F7000C21AD108E108F10888EE880E83E0981E85
:103F8000A11CB11CE4CFFF90EF90DF90CF90BF90C9
:103F9000AF909F908F9008952FB7F89460919F06EF
:103FA0007091A0068091A1069091A2062FBF08955E
:103FB00020E030E040E85FEB60E070E0CB010E9481
:103FC000BF8883EE9AE40E947E7181E08093400472
:103FD0008091F603813069F482E08093F6030F94B8
:103FE000CC1F6093B6067093B7068093B806909383
:103FF000B90682E080930C0E0D94FF17FF920F9389
:104000001F93CF93DF93FC01F080F11008C0F12CD7
:104010008F2DDF91CF911F910F91FF9008958B010C
:10402000EC010F94CC1F89819A81080F191F081782
:10403000190740F06017710718F46817790738F707
:104040001882E6CF60177107C0F7E1CFFC0120812D
:1040500021110D94FE1F81E00895CF93DF93EC01B1
:104060000F94CC1F7A83698381E08883DF91CF919D
:1040700008951F93CF93DF9300D0CDB7DEB7182FED
:1040800019821B821A82CE0101960F942D208091F5
:10409000BC0087FD0AC06AE070E0CE0101960F9473
:1040A000FE1F8823A1F382E009C08091B900887FB8
:1040B000181759F084E98093BC0081E00F900F90AD
:1040C0000F90DF91CF911F91089580E0F7CF1F935C
:1040D000CF93DF9300D01F92CDB7DEB768EE73E0C9
:1040E00088EA96E00F942620882391F110E0198247
:1040F0001A821B821C82AE014F5F5F4F6FE6812FD9
:104100000F94371C89819A81AB81BC81B2FF19C0A1
:104110008EE49AE40E94576F812F0E94446E0E94A1
:104120004F6F10E020E030E041E050E06CEE812F76
:104130000F94911C1F5F1430A9F78EE49AE40E943B
:1041400035721F5F143099F688EA96E00F942D209F
:104150000F900F900F900F90DF91CF911F910895C6
:104160008F929F92AF92BF92CF92DF92EF92FF9287
:104170001F93CF93DF93FC01108111110EC010E04B
:10418000812FDF91CF911F91FF90EF90DF90CF9023
:10419000BF90AF909F908F9008956A017B01EC01D2
:1041A0000F94CC1F4B015C0189819A81AB81BC814A
:1041B000C80ED91EEA1EFB1EC816D906EA06FB0663
:1041C00060F08C149D04AE04BF0428F48816990690
:1041D000AA06BB06A0F61882D3CF8C149D04AE04A9
:1041E000BF04A0F7CCCF0F931F93CF9380913F04D0
:1041F000882309F446C08091AF068F5F8E30B0F4FB
:104200008093AF0663E087E00E9480608DE00E94AB
:104210004E60C0E08091AF06C81758F44EE263E0EC
:1042200087E08C0F0E943961CF5FF4CF1092AF0608
:10423000E9CF80913F048230C1F040F445ED5CE469
:104240008130C1F0CF911F910F910895833081F09B
:1042500042EB5CE48430B1F763E080E00E942D61C2
:1042600010923F041092AF06EDCF47EC5CE4F4CF20
:104270004BEB5CE463E080E0CF911F910F910C94D5
:104280002D618091E914882361F180911C078111CF
:1042900028C080912E04823020F5809191058111F3
:1042A00016C080910015882309F435C080E095E19F
:1042B0002091120E64E1820F911D0E94826781118C
:1042C0002DC08091120E8F5F8093120EBBCF40E203
:1042D0005EE460E070E081E995E00F94B020811128
:1042E000E0CF80911C0781111CC0E0911C07EA30CF
:1042F00008F0A8CFF0E08827EF57FE4D8E4F0D94C1
:104300007DBB2301F900230131011902950123012D
:104310002301650123018BEE94E1CACF1092120EA6
:1043200091CF80919105882301F30F94CC1F0091C8
:104330009205109193052091940530919505601B8D
:10434000710B820B930B603A7F408105910568F6F3
:1043500079CF63E080917B050E94806080917B052E
:10436000C4E16C2F681B90E084589A4F0E948267CA
:10437000C81BC0937B0566CF809153048B30F0F04F
:1043800063E080E00E94806084E10E944E6044EA25
:104390005CE463E080E00E942D618BE49FE50E9475
:1043A0004360609153046A50770B072E000C880B12
:1043B000990BCF911F910F910C94F965833031F4D3
:1043C00085E39DE60E9403EE10921C078091530442
:1043D0008450873008F036CF63E080E00E94806030
:1043E00083E10E944E6043E95CE463E080E00E9468
:1043F0002D618091530481508093530423CF64E155
:104400008CE795E00E9482672091AD063091AE0660
:104410008091AB069091AC06821793070CF412CFF3
:1044200080915304882309F40DCF63E08AE00E9451
:1044300080608091AC068F938091AB068F938091C2
:10444000AE068F938091AD068F9382E49FE59F9394
:104450008F930E9431600F900F900F900F900F90EC
:104460000F90F0CE63E080E00E9480608091530462
:104470001F928F9381E49BE39F938F9384E39FE547
:10448000E6CF45E85CE463E080E00E942D61809126
:104490005304893708F0D6CE81E39FE50E9443603C
:1044A000809153040E94C06480E2CF911F910F91CC
:1044B0000C94C06446E75CE4DDCECF93DF93EC015F
:1044C0000F94CC1F69837A838B839C8381E08883DC
:1044D000DF91CF910895CF92DF92FF920F931F93B8
:1044E000CF93DF93CDB7DEB764970FB6F894DEBFF6
:1044F0000FBECDBF8C01F62E65E47DE5CE010196A1
:104500000F9424B8B801CE0101960F9410B883E03F
:104510000E94ADED8823E1F0BE016F5F7F4F8CE715
:1045200095E00F94CFC06C0181E995E00F945D2276
:1045300083E080932E0410921C0710925304CD2820
:1045400039F060E0CE0101960E9492ED0F94FF17C2
:1045500089E095E70E94576F81E0F81649F060E026
:1045600070E0CB010E94BD6E82E49DE50E94576F12
:104570008BE29DE50E94576FC8010E94576F8FE143
:104580009DE50E947E7164960FB6F894DEBF0FBE63
:10459000CDBFDF91CF911F910F91FF90DF90CF9012
:1045A00008951F920F920FB60F9211242F933F93ED
:1045B0008F939F93AF93BF9380919F069091A00696
:1045C000A091A106B091A20630919E0623E0230F90
:1045D0002D3758F50196A11DB11D20939E0680939D
:1045E0009F069093A006A093A106B093A206809187
:1045F000A3069091A406A091A506B091A6060196E7
:10460000A11DB11D8093A3069093A406A093A506B7
:10461000B093A606BF91AF919F918F913F912F913B
:104620000F900FBE0F901F90189526E8230F02964B
:10463000A11DB11DD2CF2F923F924F925F926F92E8
:104640007F928F929F92AF92BF92CF92DF92EF9222
:10465000FF920F931F93CF93DF9300D000D01F9250
:10466000CDB7DEB79C838B830D8326013701FB0119
:10467000208331834283538320913F133091401331
:10468000409141135091421361E77DE38AE89EE334
:104690000F9494BC60939613709397138093981320
:1046A0009093991321E73DE34AE85EE360918D130F
:1046B00070918E1380918F13909190130F943AB54F
:1046C00060939A1370939B1380939C1390939D1304
:1046D00021E73DE34AE85EE3609191137091921304
:1046E00080919313909194130F943AB560939E1315
:1046F00070939F138093A0139093A11380914713FD
:10470000909148136EE071E00F9436BB60932913CB
:10471000E9E0F3E180E090E0A0ECBFE781939193C2
:10472000A193B19323E1E932F207C1F710922A1362
:1047300010922B1310922C1310922D1310922E13F3
:1047400080932F1390933013A0933113B0933213AF
:10475000809195138E7F809395138DE197E09F83D1
:104760008E83E1E0F0E0FA83E983312C212C812C67
:10477000912C540129813A818B819C81281739071A
:10478000C8F5EE81FF8125813681478150858301FF
:1047900072016D8181850E941FE1C0902B13D09022
:1047A0002C13E0902D13F0902E13A7019601C70152
:1047B000B6010F94A3BF811111C0A7019601C701D3
:1047C000B6010F943AB59B01AC01C501B4010F9439
:1047D00095BB4B015C01FFEF2F1A3F0A29813A81FB
:1047E0002F5F3F4F3A8329838E819F8105969F8358
:1047F0008E83C0CF60E070E080EC9FE7211431042D
:1048000059F0B10190E080E00F94F9B49B01AC0144
:10481000C501B4010F9494BC27960FB6F894DEBF7F
:104820000FBECDBFDF91CF911F910F91FF90EF9001
:10483000DF90CF90BF90AF909F908F907F906F90C0
:104840005F904F903F902F900895CF93C82F0E9474
:10485000E66BC0934304C0930905CF910895CF92AE
:10486000DF92EF92FF920F931F93CF93DF9381E339
:1048700095E70E94576F8AEE9DE50E947E71C9E41C
:10488000D3E110E000E081E3E82E85E7F82E96ED15
:10489000C92E9DE5D92E888199812A813B81249654
:1048A0003F932F939F938F931F930F93FF92EF92BA
:1048B000DF92CF920F942FB90F5F1F4F8DB79EB726
:1048C0000A960FB6F8949EBF0FBE8DBF003111053A
:1048D00011F780918C138F9380918B138F9380911C
:1048E0008A138F93809189138F93809190138F9364
:1048F00080918F138F9380918E138F9380918D135E
:104900008F93809194138F93809193138F938091C1
:1049100092138F93809191138F9380913D021F92F8
:104920008F9380917A051F928F93809148138F9374
:10493000809147138F93809146138F9380914513F5
:104940008F93809144138F93809143138F93809121
:1049500042138F93809141138F93809140138F93D3
:1049600080913F138F9380913E138F9380913D13DD
:104970008F9380913C138F9380913B138F93809101
:104980003A138F93809139138F93809138138F93BB
:10499000809137138F93809136138F9380913513C5
:1049A0008F93809134138F93809133138F93FF9261
:1049B000EF9280E99DE59F938F930F942FB98DB768
:1049C0009EB78A960FB6F8949EBF0FBE8DBFDF913B
:1049D000CF911F910F91FF90EF90DF90CF900895AE
:1049E00089579F4F6EE071E00F9436BB61157105DA
:1049F00099F06930710510F068E070E02EE031E068
:104A0000629FC001639F900D729F900D112490933F
:104A1000481380934713089561E070E0EFCFCF9380
:104A2000DF9320E030E0A9016091331370913413DB
:104A300080913513909136130F941EBE18160CF00A
:104A400054C060913713709138138091391390914D
:104A50003A139B01AC010F94A3BF811146C0609132
:104A60003B1370913C1380913D1390913E139B0139
:104A7000AC010F94A3BF811138C020E030E0A90140
:104A800060913F13709140138091411390914213B4
:104A90000F941EBE18164CF5609143137091441389
:104AA00080914513909146139B01AC010F94A3BFD5
:104AB00081111BC08091471390914813892BA9F055
:104AC000C9E4D3E1699179918991999120E030E02D
:104AD000A9010F941EBE87FD08C083E1C938D8071D
:104AE00089F781E0DF91CF91089580E0FBCF0F94AB
:104AF0000F25811102C010927A0581E080939513F1
:104B000080919D068D7F80939D060895CF9310928E
:104B10000F0E10920E0E1092C9061092C806CFB753
:104B2000F8940F9439120F94760F75981092E3064B
:104B3000CFBFCF9108950F948625109243040D9412
:104B4000FF171F93CF93DF93C82F162FD42F809179
:104B5000780580FD18C08091010E811114C08091EC
:104B6000C80680931206E62FF0E0EE0FFF1FE25F0B
:104B7000F14F80819181909311068093100680916E
:104B8000430480930F060F9486250E94E66B83E012
:104B90000E94606C809101018860809301018FEF19
:104BA00080930905809343048091780580FF07C0B6
:104BB00080917805829586958770D817C0F4C37068
:104BC000CC0FCC0F80917805837F8C2B8093780558
:104BD0008091780510FB84F980937805D295DD0FDC
:104BE000D07E409178054F714D2B40937805809190
:104BF0007805816080937805809178058260809344
:104C00007805DF91CF911F91089520916D06309125
:104C10006E068091520290915302281739072CF0AA
:104C200041E060E081E00D94A125089520916F0698
:104C300030917006809154029091550228173907DF
:104C40002CF041E060E080E00D94A12508952F92C2
:104C50003F924F925F926F927F928F929F92AF920C
:104C6000BF92CF92DF92EF92FF920F931F93CF9359
:104C7000DF93CDB7DEB72C970FB6F894DEBF0FBE2B
:104C8000CDBF282E49835A836B837C832801390149
:104C90003A2C0F94CC1F022D10E09801220F331FE5
:104CA000220F331F3C872B87F901E35DF94F80808A
:104CB0009180A280B380681979098A099B09613DB6
:104CC00077408105910508F4EAC0332009F475C0E6
:104CD00088E691E09A87898780E090E0A0EAB0E4D6
:104CE0008D839E83AF83B8870F94CC1FEB85FC85A3
:104CF000E35DF94F608371838283938320E030E02A
:104D0000A901C701B6010F948ABC811107C0F8013F
:104D1000EE0FFF1FE75DF94F11821082AB85BC8556
:104D2000AF5DB94F5D0129813A814B815C816D9105
:104D30007D918D919C910F948ABC882309F491C038
:104D400020E030E0A90169817A818B819C810F94F8
:104D50001EBEF801E15EF94F1816C4F581E08083AC
:104D600089819A81AB81BC81F50180839183A28383
:104D7000B383EB85FC85E95EF94F40825182628204
:104D80007382F801EB5EF94F1082A3019201BC011E
:104D9000CD010F941EBE18161CF5F801EB5EF94FFD
:104DA00080818F5F80833110C7C08930C8F0812C2B
:104DB000912CA12C50E4B52EE8C0ADE2B0E0BA874A
:104DC000A98780E090E0A0E7B1E48ACF10828981D2
:104DD0009A81AB81BC81F50180839183A283B383E7
:104DE0002D813E814F81588569817A818B819C819B
:104DF0000F9494BBA30192010F948ABC87FF46C015
:104E0000F801E15EF94F8081813049F482E08083CE
:104E1000F801EE0FFF1FE75DF94F1182108220E0CD
:104E200030E0A901C701B6010F941EBE1816BCF5EB
:104E300029813A814B815C816D817E818F8198854A
:104E40000F9495BBA30192010F941EBE18160CF08F
:104E50003FC0000F111FF801E75DF94F118210826A
:104E60001EC0A301920169817A818B819C810F947C
:104E70001EBE18160CF0B4CFF801E15EF94F808128
:104E8000813009F0ADCF89CF108297C020E030E0AB
:104E9000A901C701B6010F941EBE1816CCF02C96BE
:104EA0000FB6F894DEBF0FBECDBFDF91CF911F913B
:104EB0000F91FF90EF90DF90CF90BF90AF909F90B9
:104EC0008F907F906F905F904F903F902F900895BC
:104ED000F801E15EF94F8081823008F3000F111F65
:104EE000F801E75DF94F808191810196918380837C
:104EF000880F991FE985FA85E817F90780F643E0DE
:104F0000622D832D2C960FB6F894DEBF0FBECDBF59
:104F1000DF91CF911F910F91FF90EF90DF90CF9095
:104F2000BF90AF909F908F907F906F905F904F90C9
:104F30003F902F900D94A125813108F451CF20E0AE
:104F400030E044EB52E4C301B2010F941EBE812C49
:104F5000912CE0E4AE2EBA2C18162CF4812C912C56
:104F6000A12C70E4B72E20E030E042ED52E4C30102
:104F7000B2010F941EBE181644F46AE9862E69E940
:104F8000962E69E1A62E6FE3B62EEB85FC85E95ED1
:104F9000F94F2081318142815381C301B2010F94C5
:104FA00094BBA50194010F948ABCF801ED5EF94F02
:104FB00087FF6ACF80818F5F8083808190E031108E
:104FC00004C006974CF080E003C004972CF081E009
:104FD00042E0622D0F94A1252B853C85295E394F37
:104FE000D9014D925D926D927C921397F801EB5E20
:104FF000F94F1082F5CEFC019FB7F8948081882389
:1050000029F0809173008260809373009FBF0895A0
:10501000DC012FB7F894E3E7F0E09081969591706A
:105020009C9380818D7F80832FBF0895CF93DF93E2
:105030001F92CDB7DEB7CE0101960F94082880E00D
:1050400090E0A0E2B2E48093331390933413A093E2
:105050003513B093361384E390E8A7EBBAEB809353
:10506000371390933813A0933913B0933A1386E60D
:1050700096E6A6E8BFE380933B1390933C13A0937E
:105080003D13B0933E138CEE91E5ACE0B1E4809318
:105090003F1390934013A0934113B09342138AE9B6
:1050A00099E9A9E1BEE38093431390934413A0933D
:1050B0004513B09346138EE091E09093481380938C
:1050C000471382E09EE5A9E4B3E1FC0145915591C7
:1050D000659174914D935D936D937D93049623E157
:1050E000A938B20791F780E090E0A0EEB0EC809391
:1050F000891390938A13A0938B13B0938C138AE92E
:1051000099E9A9E5BFE380938D1390938E13A09343
:105110008F13B093901384EA90E7ADE9BFE38093D7
:10512000911390939213A0939313B093941381E0EF
:1051300080933D0280937A058093951380919D061C
:105140008D7F80939D06CE0101960F94FB270F90D3
:10515000DF91CF9108951F93CF93DF931F92CDB727
:10516000DEB7182FCE0101960F94082810937A0508
:105170000F947725CE0101960F94FB27112341F060
:1051800080917A05811104C08AE69DE50E947E71B6
:105190000F90DF91CF911F9108951F93CF93DF93CD
:1051A0001F92CDB7DEB7182FCE0101960F940828B5
:1051B00010937A0581E080939513EDE9F6E0808104
:1051C0008D7F8083CE0101960F94FB270F90DF9196
:1051D000CF911F910895CF93DF931F92CDB7DEB784
:1051E000CE0101960F940828809174059091750561
:1051F000A0917605B09177058093080E9093090EE3
:10520000A0930A0EB0930B0E80917D0690917E06BE
:10521000A0917F06B091800680934B0590934C053A
:10522000A0934D05B0934E05809167069091680656
:10523000A0916906B0916A068093F2039093F303FC
:10524000A093F403B093F5038091840690918506B2
:10525000A0918606B09187068093BA069093BB060C
:10526000A093BC06B093BD0680917805811102C061
:105270000F94391210926606CE0101960F94FB2707
:105280000F90DF91CF9108951F920F920FB60F925A
:1052900011240BB60F92FF920F931F932F933F93FE
:1052A0004F935F936F937F938F939F93AF93BF932E
:1052B000CF93DF93EF93FF93809170008B7F809368
:1052C000700078948091000186FDC8C068EC70E0A1
:1052D00083E496E00F9426208823B9F083E496E0D7
:1052E0000F942D208EE396E00F945D2280913D0671
:1052F0008111A5C080913C068111A1C089E396E08F
:105300000F942D2081E080933D068091030182FB64
:10531000882780F991E089279091030191FF8260AD
:10532000E0913606E817E1F024E0E29FF001112455
:10533000E82BE55BF24AE49190913506E90FE093A2
:1053400035060E2E000CFF0BF7FF03C0F195E1951B
:10535000F10934971CF091E090933706809336065C
:105360008091A202811108C08091730580934C0640
:10537000882309F487C0759A8091A2028F70A9F4DE
:105380008091090590E024E0959587952A95E1F7AD
:1053900080930805892B09F477C09FB7F894809112
:1053A00002018860809302019FBF90914C0680911A
:1053B000A202981708F475988091A2028F709091BC
:1053C0000805981740F49FB7F89480910201877FF1
:1053D000809302019FBF8091A2028F5F8F7780939D
:1053E000A20210E000E0E801CC0FDD1FC651DC4F47
:1053F00088819981181619060CF04CC0FFB6F894F4
:1054000061E0802F0F944A128881998101979983D6
:105410008883FFBE0F5F1F4F0330110521F7809176
:10542000491890914A18A0914B18B0914C18823AA3
:10543000924AA105B105D9F181E00E945F5768EE5B
:1054400073E089E396E00F94FE1F882309F45DCF93
:1054500081E080933C068093380657CF80913D06CB
:10546000882309F452CF10923D0680913C068111A9
:1054700003C081E08093010481E08093370610929D
:105480003C0643CF759878CF9FB7F894809102017E
:10549000877F88CF892B09F4BDCFFFB6F89460E0F1
:1054A000802F0F944A12888199810196B0CF9CB1C8
:1054B00080914A0696FB992790F9981791F0909160
:1054C000C706992351F020914606309147062F5F79
:1054D0003F4F309347062093460691E089278093FB
:1054E0004A06F89480917000846080937000FF9168
:1054F000EF91DF91CF91BF91AF919F918F917F916C
:105500006F915F914F913F912F911F910F91FF905C
:105510000F900BBE0F900FBE0F901F9018954F92DB
:105520005F926F927F92AF92BF92CF92DF92EF9293
:10553000FF920F931F93CF93DF9324E030E041E07D
:1055400050E0D901A352B44AFD01659174918617C8
:1055500097070CF066C041505109440F551F440F86
:10556000551FEA01C152D44AFE01059114914352DC
:10557000544AFA0165917491F901E152F44AE590B7
:10558000F490FE01C590D490FD01C591D491FA012B
:10559000A590B490861B970BBC01990F880B990BB3
:1055A0000F94FBB42B013C01B7016C197D09072E48
:1055B000000C880B990B0F94FBB49B01AC01C30149
:1055C000B2010F943AB56B017C01BE016A197B09E7
:1055D000072E000C880B990B0F94FBB49B01AC01B8
:1055E000C701B6010F9494BC6B017C01B801110F87
:1055F000880B990B0F94FBB49B01AC01C701B6015A
:105600000F9495BBDF91CF911F910F91FF90EF9079
:10561000DF90CF90BF90AF907F906F905F904F9052
:1056200008954F5F5F4F2C5F3F4F2838310509F0D9
:1056300088CFE3E6FCE565917491072E000C880B9A
:10564000990B0F94FBB4DECF4F925F926F927F92D3
:10565000AF92BF92CF92DF92EF92FF920F931F9380
:10566000CF93DF9324E030E041E050E0D901A7512F
:10567000B54AFD0165917491861797070CF080C0BB
:1056800041505109440F551F440F551F8A010551C0
:10569000154AF801C590D4904751554AFA016591D1
:1056A0007491F901E551F54AC591D491F80105913C
:1056B0001491FD01E590F490FA01A590B490861B39
:1056C000970BBC01990F880B990B0F94FBB42B011E
:1056D0003C01BE01601B710B072E000C880B990B5F
:1056E0000F94FBB49B01AC01C301B2010F943AB516
:1056F0002B013C01B7016A197B09072E000C880BAE
:10570000990B0F94FBB49B01AC01C301B2010F9440
:1057100094BC2B013C01B601DD0C880B990B0F9456
:10572000FBB49B01AC01C301B2010F9495BB6B01AB
:105730007C0120E030E040E252E4C701B6010F9462
:105740001EBE87FD30C020E030E048E452E4C701CF
:10575000B6010F948ABC181634F120E030E040E224
:1057600052E4C701B6010F9494BB20E030E040E062
:105770005FE30F943AB59B01AC01C701B60143C08A
:105780004F5F5F4F2C5F3F4F243F310509F06ECFD5
:10579000EBEDFBE565917491072E000C880B990BDE
:1057A0000F94FBB4C4CF20E030E048E452E4C701DA
:1057B000B6010F941EBE1816DCF520E030E048EC70
:1057C00052E4C701B6010F948ABC18168CF120E090
:1057D00030E040EA50E4C701B6010F9495BB2B01BD
:1057E0003C0120E030E048E452E4C701B6010F94E8
:1057F00094BB2DEC3CEC4CEC5DE30F943AB59B0173
:10580000AC01C301B2010F9495BB6B017C01C701D0
:10581000B601DF91CF911F910F91FF90EF90DF9034
:10582000CF90BF90AF907F906F905F904F90089512
:1058300020E030E048EC52E4C701B6010F941EBEF0
:1058400018162CF720E030E040E251E496CF4F925A
:105850005F926F927F92AF92CF92DF92EF92FF9220
:105860000F931F93CF93DF9380916F0690917006F3
:105870000F94A3AA609374057093750580937605C1
:105880009093770560906D0670906E06C3010F943B
:10589000242B6B017C01C0927D06D0927E06E092A3
:1058A0007F06F092800680916B0690916C060F94B3
:1058B000242B609367067093680680936906909323
:1058C0006A06C0917906D0917A06CE010F948F2A8C
:1058D000609384067093850680938606909387066E
:1058E00081E080936606809178058D7F80937805AE
:1058F00020916F0630917006809104059091050506
:10590000821793072CF040E060E080E00F94A1251F
:105910008091020590910305861597052CF040E0D3
:1059200060E081E00F94A125809100059091010530
:105930008C179D072CF040E060E082E00F94A125D9
:105940008091500290915102C817D9072CF041E084
:1059500060E082E00F94A125C13ADE430CF4CDC192
:1059600060910605709107058091820690918306EB
:10597000681779070CF055C0C0917806C11118C09E
:105980006B5F7F4F072E000C880B990B0F94FBB4B5
:105990009B01AC01C1E06091740570917505809127
:1059A0007605909177050F941EBE18160CF0C0E096
:1059B000C093780668E97AE385E796E00F9426209D
:1059C000811102C0CC2329F081E0809378060F94E6
:1059D000162680917B0690917C060B974CF1C09126
:1059E0007406C1110CC0C1E020E030E040E751E492
:1059F000C701B6010F941EBE18160CF0C0E0C0938C
:105A0000740660E573EC81E796E00F94262081111F
:105A100002C0CC2399F081E0809374060F94052690
:105A20000DC085E796E00F942D2010927806D1CF17
:105A300081E796E00F942D20109274066091730513
:105A400070E090E080E00F94F9B46B017C0140902D
:105A5000740550907505609076057090770560919B
:105A6000820670918306072E000C880B990B0F9409
:105A7000FBB4AB01BC01A12C9301820181E00F9426
:105A800027266091810670E090E080E00F94F9B4E1
:105A90006B017C0140907D0650907E0660907F06F1
:105AA0007090800660917B0670917C06072E000C3A
:105AB000880B990B0F94FBB4AB01BC01AA24A394EF
:105AC0009301820180E00F94272680917A05882334
:105AD00009F4BCC0C0917305D091080540907405CD
:105AE000509075056090760570907705C09084069B
:105AF000D0908506E0908606F090870680919513F9
:105B000080FF72C020913F133091401340914113A8
:105B10005091421361E77DE38AE89EE30F9494BCC1
:105B2000609396137093971380939813909399139F
:105B300021E73DE34AE85EE360918D1370918E1397
:105B400080918F13909190130F943AB560939A13AC
:105B500070939B1380939C1390939D1321E73DE3D7
:105B60004AE85EE3609191137091921380919313D0
:105B7000909194130F943AB560939E1370939F1372
:105B80008093A0139093A113809147139091481391
:105B90006EE071E00F9436BB60932913E9E0F3E106
:105BA00089E293E140E050E060EC7FE7419351935C
:105BB000619371938E179F07C9F710922A13109261
:105BC0002B1310922C1310922D1310922E1340931E
:105BD0002F135093301360933113709332138091CD
:105BE00095138E7F8093951387017601A30192010F
:105BF0006D2F8C2F0E941FE18091951381FF05C0AE
:105C000044E060E080E00F94A1259091951380918D
:105C10009D0692FB81F980939D0680919D0681FFF0
:105C200015C080919D06816080939D0680912B1305
:105C300090912C13A0912D13B0912E13809399065F
:105C400090939A06A0939B06B0939C068091980629
:105C5000882309F43FC00F94CC1FC0908806D090D1
:105C60008906E0908A06F0908B0660938806709310
:105C7000890680938A0690938B0620918D062F5F6C
:105C800020938D066C196E5060938C06809173057D
:105C900080938E068091740590917505A09176058C
:105CA000B091770580938F0690939006A09391060C
:105CB000B09392068091840690918506A091860605
:105CC000B09187068093930690939406A0939506CF
:105CD000B093960680913E02882391F0DF91CF9198
:105CE0001F910F91FF90EF90DF90CF90AF907F903A
:105CF0006F905F904F900D94760F0F9416268ECE76
:105D0000DF91CF911F910F91FF90EF90DF90CF9097
:105D1000AF907F906F905F904F9008951F920F9279
:105D20000FB60F9211240BB60F922F933F934F9300
:105D30005F936F937F938F939F93AF93BF93EF93F3
:105D4000FF9380917905882391F0109279050E9444
:105D5000828D809173008D7F8093730078940F946F
:105D6000272CF89480917300826080937300FF91D8
:105D7000EF91BF91AF919F918F917F916F915F91C3
:105D80004F913F912F910F900BBE0F900FBE0F9030
:105D90001F9018952091830E3091840E4091850EAE
:105DA0005091860E60E070E08FE793E40F9494BC0E
:105DB0006093120570931305809314059093150555
:105DC00020918F0E3091900E4091910E5091920E35
:105DD00060E070E08FE793E40F9494BC60930A0551
:105DE00070930B0580930C0590930D0508950F9308
:105DF0001F938091F603813019F50F94CC1F009109
:105E00000B0610910C0620910D0630910E06601BBA
:105E1000710B820B930B28EE33E040E050E00F94BF
:105E2000E0BA60910706709108068091090690918A
:105E30000A06620F731F841F951F1F910F9108950B
:105E40006091B6067091B7068091B8069091B90638
:105E5000D6CFCF93C82F8BE70E94446E8C2F0F9420
:105E600014180F9410188AEA9EE40E94576F6091EC
:105E7000E6037091E7038091E8039091E9034AE01B
:105E80000E94586E83EA9EE40E94576F80917C17AF
:105E9000882309F45EC08091F6179091F717A091BE
:105EA000F817B091F9170097A105B10509F451C091
:105EB000BC01CD016D597F4F8F4F9F4F24E630E0DD
:105EC00040E050E00F94E0BA6091FD177091FE172A
:105ED0008091FF17909100180F94E0BA622F70E044
:105EE00090E080E00E94BD6E8CE99EE40E94576FB6
:105EF0006091390270913A02072E000C880B990BC1
:105F00000E94BD6E85E99EE40E94576F8091001546
:105F1000811121C08BEE94E10E94E0828EE89EE424
:105F20000E94576F8091F6038130C1F40F94F72ED1
:105F30004AE00E94586E87E89EE40E94576F80E80E
:105F40009EE40E94576F8DE50E94446ECF910D94A0
:105F5000C11820E0C3CF80E095E1DECF60E070E0C3
:105F6000CB010E94BD6EE7CF1092F60310920B0694
:105F700010920C0610920D0610920E061092B606A4
:105F80001092B7061092B8061092B9061092070642
:105F9000109208061092090610920A060895809140
:105FA000F6038130F1F08230C9F40F94F72E60933C
:105FB0000706709308068093090690930A0681E00D
:105FC0008093F6030F94CC1F60930B0670930C061E
:105FD00080930D0690930E0681E008950F94B42FE0
:105FE000EECF80E008958091F6038150823070F406
:105FF0001092F6030F94CC1F6093B6067093B70609
:106000008093B8069093B90681E0089580E00895E2
:106010002FB7F89494E0899FF0011124E55FF84FC1
:1060200060817181828193812FBF0895CF93C82FA2
:106030000F9408300F94FBB424E0C29FF0011124A8
:10604000E55EF14F20813181428153810F9494BCF0
:10605000CF910895B19A109285001092840080ED3E
:1060600097E09093890080938800109249051092E0
:106070004805809146059091470501978E3F9F4FB7
:1060800020F4109247051092460508951F920F9232
:106090000FB60F9211240BB60F926F927F928F92D0
:1060A000CF92DF92EF92FF920F931F932F933F9324
:1060B0004F935F936F937F938F939F93AF93BF9310
:1060C000CF93DF93EF93FF9380914605909147051F
:1060D0009C01215031092E3F3F4F90F420918800C0
:1060E000309189002817390708F0F9C020918800FD
:1060F00030918900821B930B90934705809346054E
:10610000209188003091890080914805909149053F
:106110002817390708F0E8C02091880030918900DD
:10612000821B930B90934905809348058091480505
:1061300090914905892B11F00D949639E09105064F
:10614000F0910606309709F087C19091FD0D80917E
:10615000FE0D981709F4F9C1C091FE0D2C2F30E007
:106160005EE6C59FE0011124C35ED84FFE01E95BE6
:10617000FF4F41E04083D0930606C0930506209769
:1061800009F4E3C110920106109202061092030670
:1061900010920406109200068AAD9BAD9093FF0505
:1061A0008093FE058134ECE99E0708F0A2C081329D
:1061B000FEE49F0708F4A0C096958795969587956D
:1061C00044E04093FD0580978115E8E09E0708F4C0
:1061D000A4C0E92FFF27EE0FFF1FEE0FFF1FAF0137
:1061E000485D5A4AFA013296A591B491FA01459157
:1061F0005491B89FB001A89F000C611D1124711D1E
:10620000CA01861B970B8436910510F484E690E052
:10621000B0E0A0E08093F9059093FA05A093FB0508
:10622000B093FC054EE6429FC001439F900D1124A0
:10623000835E984FFC01E45BFF4F4081442349F0AB
:10624000815B9F4FFC01808191819093F805809341
:10625000F7051092F6058FEF9FEF90934705809317
:1062600046058093F5058EE6829FF001839FF00D31
:106270001124E35EF84F85A984FF08C01092170728
:10628000109218071092190710921A0783FF66C020
:106290008EE6829FF001839FF00D1124E35EF84F9C
:1062A000808991899695879591958195910990938B
:1062B000E6058093E5059093EA058093E9059093C0
:1062C000EE058093ED059093F2058093F10581E052
:1062D00024853585232B09F082C080E080C0109290
:1062E0004705109246050CCF1092490510924805BB
:1062F0001DCF80E49CE960CF813157E2950720F003
:106300009695879542E05DCF4093FD0580329105DB
:1063100008F059CF80E290E056CFAC0156954795F2
:106320004C7F485D5E4AFA0165917491FA0132969C
:10633000A591B491AC01477055274A9FC0014B9F6E
:10634000900D5A9F900D1124E3E096958795EA955C
:10635000E1F7AB01481B590BCA0155CF8EE6829F6E
:10636000F001839FF00D1124E35EF84F808991893D
:10637000A289B389B695A79597958795B095A0956D
:10638000909581959F4FAF4FBF4F8093E5059093B8
:10639000E605A093E705B093E8058093E90590939F
:1063A000EA05A093EB05B093EC058093ED0590937F
:1063B000EE05A093EF05B093F0058093F10590935F
:1063C000F205A093F305B093F40581E0448555856B
:1063D00066857785452B462B472B09F47ECF809326
:1063E000E4051092E0051092E1051092E20510928A
:1063F000E305888D8093DF0580FF90C080910B01BD
:10640000816080930B018FEF809395028091DF056F
:1064100081FF8BC080910B018D7F80930B018FEFEB
:10642000809396028091DF0582FF86C080910B01E8
:10643000846080930B018FEF809397028091DF053A
:1064400083FF81C08FEF80939802E0910506F09161
:106450000606309709F43DC78091B6025091DC05DD
:10646000882309F4CBC0209168058091DE059091C6
:10647000DD053091DF054091060130FF87C042FD08
:1064800083C08160492F41704823B1F0C080D18022
:10649000E280F3801C141D041E041F046CF42160B0
:1064A000C088D188E288F388C092E005D092E105E7
:1064B000E092E205F092E3054091060131FF70C0E1
:1064C00047FD6CC08260492F42704823B1F0C48000
:1064D000D580E680F7801C141D041E041F046CF494
:1064E0002260C088D188E288F388C092E005D0920B
:1064F000E105E092E205F092E30532FF94C051110C
:1065000077C03091E206313009F052C03091A706D1
:1065100032FD4EC01C9B52C0846051C080910B0163
:106520008E7F80930B0181E06FCF80910B018260A1
:1065300080930B0181E074CF80910B018B7F80935E
:106540000B0181E079CF81E07ECF80ED97E09093E1
:1065500049058093480590934505809344058FEF46
:106560009FEF90934705809346051092F605809122
:10657000420590914305009709F467CF01979093E6
:1065800043058093420561CF8E7F7CCF42FD04C0DE
:106590008061492F407178CF8F7EFBCF8D7F93CF65
:1065A00047FD04C08062492F40728FCF8F7DFBCFA3
:1065B0001C99B2CF3091060136FFAECF8B7F94701D
:1065C0009823B1F0C084D184E284F3841C141D04A8
:1065D0001E041F046CF42460C088D188E288F3880C
:1065E000C092E005D092E105E092E205F092E30569
:1065F0008093DE058093DD0520936805552309F41B
:1066000040C0209168058091DE059091DD053091B4
:10661000E2063130C9F43091A70632FD15C01C9B4B
:1066200019C0846018C03091E206313031F43091E5
:10663000A70632FD02C08F7B05C03091060136FDF2
:10664000FACF80649074BCCF1C99EBCF30910601D7
:1066500036FFE7CF8B7F9470982369F024604089E0
:106660005189628973894093E0055093E1056093F5
:10667000E2057093E3058093DE058093DD052093AA
:10668000680585A9C0E0D1E012E004E083FF08C1FD
:106690008091FD05C81708F072C20F94BB12E091FB
:1066A0000506F0910606808191812091E5053091E3
:1066B000E605820F931F9093E6058093E505181673
:1066C000190664F5D6B9E0910506F09106068091A9
:1066D000E5059091E60520893189821B930B909303
:1066E000E6058093E5059091950240910B07509146
:1066F0000C0760910D0770910E07892F990F990B68
:10670000AA0BBB0B840F951FA61FB71F80930B0707
:1067100090930C07A0930D07B0930E07E091050628
:10672000F0910606848195812091E9053091EA0572
:10673000820F931F9093EA058093E90518161906B6
:1067400044F516B9E0910506F091060620893189D5
:10675000821B930B9093EA058093E9059091960232
:1067600040910F0750911007609111077091120727
:10677000892F990F990BAA0BBB0B840F951FA61F8E
:10678000B71F80930F0790931007A0931107B09342
:106790001207E0910506F09106068085918520910B
:1067A000ED053091EE05820F931F9093EE058093D7
:1067B000ED051816190644F506B9E0910506F091A5
:1067C000060620893189821B930B9093EE058093F6
:1067D000ED05909197024091130750911407609135
:1067E000150770911607892F990F990BAA0BBB0BF0
:1067F000840F951FA61FB71F80931307909314074C
:10680000A0931507B0931607E0910506F0910606D0
:106810008091F1059091F20524853585820F931FB3
:106820009093F2058093F105208931891816190695
:1068300044F5821B930B9093F2058093F1059091A0
:1068400098024091170750911807609119077091AD
:106850001A07892F990F990BAA0BBB0B840F951F51
:10686000A61FB71F8093170790931807A0931907C7
:10687000B0931A07909198028091F605890F809342
:10688000F6058091E0059091E10501969093E10570
:106890008093E0058217930708F071C1CF5FF8CEAF
:1068A0008091FD05C81708F06AC10F94BB12E091F2
:1068B0000506F091060680819181A281B381409105
:1068C000E5055091E6056091E7057091E805840FB4
:1068D000951FA61FB71F8093E5059093E605A0932B
:1068E000E705B093E805181619061A061B06C4F545
:1068F000D6B9E0910506F09106068091E5059091E4
:10690000E605A091E705B091E805408951896289C3
:106910007389841B950BA60BB70B8093E5059093A9
:10692000E605A093E705B093E805909195024091A4
:106930000B0750910C0760910D0770910E07892F7E
:10694000990F990BAA0BBB0B840F951FA61FB71F9E
:1069500080930B0790930C07A0930D07B0930E073D
:10696000E0910506F091060684819581A681B781A4
:106970004091E9055091EA056091EB057091EC05B5
:10698000840F951FA61FB71F8093E9059093EA0512
:10699000A093EB05B093EC05181619061A061B0612
:1069A00084F516B9E0910506F091060640895189F3
:1069B00062897389841B950BA60BB70B8093E9053D
:1069C0009093EA05A093EB05B093EC0590919602A5
:1069D00040910F07509110076091110770911207B5
:1069E000892F990F990BAA0BBB0B840F951FA61F1C
:1069F000B71F80930F0790931007A0931107B093D0
:106A00001207E0910506F091060680859185A28522
:106A1000B3854091ED055091EE056091EF057091C1
:106A2000F005840F951FA61FB71F8093ED05909367
:106A3000EE05A093EF05B093F005181619061A0697
:106A40001B0684F506B9E0910506F091060640891B
:106A5000518962897389841B950BA60BB70B8093B0
:106A6000ED059093EE05A093EF05B093F00590919E
:106A70009702409113075091140760911507709188
:106A80001607892F990F990BAA0BBB0B840F951F23
:106A9000A61FB71F8093130790931407A0931507A1
:106AA000B0931607E0910506F09106068091F10576
:106AB0009091F205A091F305B091F40544855585B8
:106AC00066857785840F951FA61FB71F8093F105F4
:106AD0009093F205A093F305B093F4054089518992
:106AE00062897389181619061A061B0674F5841B29
:106AF000950BA60BB70B8093F1059093F205A0932D
:106B0000F305B093F40590919802C0901707D090C8
:106B10001807E0901907F0901A07892F990F990B21
:106B2000AA0BBB0B8C0D9D1DAE1DBF1D80931707BF
:106B300090931807A0931907B0931A0790919802A1
:106B40008091F605890F8093F6058091E00590917C
:106B5000E105A091E205B091E3050196A11DB11DEB
:106B60008093E0059093E105A093E205B093E305DF
:106B700084179507A607B70710F4CF5F91CE8091D1
:106B8000F605882339F087FDEEC080910B01806403
:106B900080930B014091E0055091E1056091E20581
:106BA0007091E305C0910506D0910606898D9A8DF6
:106BB000AB8DBC8D84179507A607B70708F434C1C1
:106BC0004091F9055091FA056091FB057091FC0523
:106BD000CC88DD88EE88AA274D9DB12D5E9DC00131
:106BE0006E9D900D6D9D800D911D4E9DB00D811D72
:106BF0009A1F5D9DB00D811D9A1F6C9DB00D811D6A
:106C00009A1F5C9DB10D8A1F9A1FBB0F8A1F9A1F86
:106C100011242AAD3BAD820F931F9093FF05809303
:106C2000FE052EA93FA92817390720F43093FF0548
:106C30002093FE058091FE059091FF058134FCE9CB
:106C40009F0708F094C081322EE4920708F492C0A6
:106C5000969587959695879524E02093FD058097D6
:106C60008115F8E09F0708F497C0E92FFF27EE0F82
:106C7000FF1FEE0FFF1F9F01285D3A4AF901329670
:106C8000A591B491F90125913491B89FF001A89F85
:106C9000000CE11D1124F11DC9018E1B9F0B8436D0
:106CA000910510F484E690E090934905809348059F
:106CB0009093450580934405480F591F611D711D30
:106CC0004093F9055093FA056093FB057093FC051A
:106CD000FE01E45BFF4F808181117DC080E080FF79
:106CE00016C09FEF9093F505E0914205F0914305A2
:106CF0002091F7053091F805E217F30709F024C257
:106D00008FEF9FEF909347058093460580E080FDCD
:106D100007C08091460590914705019609F4B2C2DB
:106D2000E0914405F09145058091D6059091D705F5
:106D3000A091D805B091D9058E0F9F1FA11DB11D3F
:106D4000C35BDF4F0881198130E020E060E08017ED
:106D50009107A207B30708F427C26F5F801B910B4E
:106D6000A20BB30BF4CF80910B018F7B11CF80E48A
:106D70009CE96ECF8131E7E29E0720F096958795DA
:106D800022E06BCF21E02093FD058032910508F0D1
:106D900066CF80E290E063CF9C01369527952C7FEB
:106DA000285D3E4AF901A591B491F9013296059109
:106DB000149187709927809F9001819F300D909F3B
:106DC000300D1124F3E036952795FA95E1F7CD01C2
:106DD000821B930B64CF4091E0055091E1056091D7
:106DE000E2057091E3058091FD0590E0B0E0A0E040
:106DF00084179507A607B70708F470CF8091E405BC
:106E0000811102C083E06BCF8091420590914305D0
:106E10002091F7053091F8052817390798F79093D6
:106E2000F8058093F705EECF8091E0059091E1059C
:106E3000A091E205B091E3054D8D5E8D6F8D78A137
:106E4000481759076A077B0708F0E3C0C09001069E
:106E5000D0900206E0900306F09004066C887D88CE
:106E60008E88AA27C79CB12DD89CF001E89CF00D14
:106E7000E79CE00DF11DC89CB00DE11DFA1FD79CE9
:106E8000B00DE11DFA1FE69CB00DE11DFA1FD69C66
:106E9000B10DEA1FFA1FBB0FEA1FFA1F1124209140
:106EA000FE053091FF058EAD9FAD2E173F0730F0E8
:106EB0002E1B3F0B8217930708F4C90181342CE97C
:106EC000920708F075C08132EEE49E0708F473C0A3
:106ED000969587959695879524E02093FD05809754
:106EE000811528E0920708F478C0E92FFF27EE0FFC
:106EF000FF1FEE0FFF1F9F01285D3A4AF9013296EE
:106F0000A591B491F90125913491B89FF001A89F02
:106F1000000CE11D1124F11D2E1B3F0BC90124366D
:106F2000310510F484E690E090934905809348057C
:106F30009093450580934405C80ED91EE11CF11CB1
:106F4000C0920106D0920206E0920306F092040677
:106F5000FE01E45BFF4F8081882309F4BFCE80915E
:106F6000E0059091E105A091E205B091E305209143
:106F7000FD05420F511D611D711D481759076A0714
:106F80007B0708F4ABCE3596208131813093F8052C
:106F90002093F7058091E405882309F433CF80918D
:106FA0004205909143058217930708F02BCF37CF06
:106FB00080E49CE98DCF8131F7E29F0720F0969520
:106FC000879522E08ACF21E02093FD05803291054C
:106FD00008F085CF80E290E082CFDC01B695A795DE
:106FE000AC7FA85DBE4AFD0125913491FD0132962A
:106FF000A591B491877099278A9FF0018B9FF00D1E
:107000009A9FF00D1124A3E0F695E795AA95E1F774
:1070100083CF80910006882371F080E02091DA050B
:107020003091DB05309349052093480530934505A1
:107030002093440554CE8EA99FA981344CE994072E
:1070400008F04EC081325EE4950708F44CC0969576
:1070500087959695879524E02093FD058097811567
:10706000F8E09F0708F451C0E92FFF27EE0FFF1F3C
:10707000EE0FFF1F9F01285D3A4AF9013296659194
:107080007491F90125913491789FA001689F000CBB
:10709000411D1124511DC901841B950B8436910596
:1070A00010F484E690E09093DB058093DA058091FC
:1070B000FD0580930006FE01E45BFF4F808188237D
:1070C00009F4ABCF8091E405882341F0809142051B
:1070D000909143059093F8058093F70581E09ECF4A
:1070E00080E49CE9B4CF8131E7E29E0720F09695D9
:1070F000879522E0B1CF21E02093FD0580329105F4
:1071000008F0ACCF80E290E0A9CF9C01369527959E
:107110002C7F285D3E4AF90145915491F901329640
:107120006591749187709927869F9001879F300D94
:10713000969F300D1124A3E036952795AA95E1F787
:10714000CA01821B930BAACFDE01A35BBF4F4D91F7
:107150005C91119770E060E04093D6055093D7059D
:107160006093D8057093D90516969C919093D50598
:10717000982F927009F4CBCD9091E405992309F4EE
:10718000C6CD2E173F0708F0C2CD440F551F661F0E
:10719000771F4093D6055093D7056093D805709319
:1071A000D9051092F505B3CD8093D6059093D705F8
:1071B000A093D805B093D90561111BC0F093D405F5
:1071C000E093D305F0934705E09346058091F505DC
:1071D00087FD58C08091FD051091D5052881398122
:1071E000811335C081E02E173F0708F449C080E0C5
:1071F00047C0643028F56F5F6330A9F06695AF0132
:1072000002C0569547956A95E2F7BA017093D40586
:107210006093D3058091D3059091D4059093470551
:1072200080934605D3CF9F01ABEABAEA0F940DBB1A
:1072300041E196958795779567954A95D1F7E6CF81
:1072400070E06F5F7F4FCF010F9436BBDFCF83308D
:1072500009F4CFC08695A90102C0569547958A9535
:10726000E2F7133009F4D3C01695BF0102C076953A
:1072700067951A95E2F781E04617570708F0B7CFF0
:107280008093F5050F94BB124091E0055091E10504
:107290006091E2057091E305E0910506F091060624
:1072A00080899189A289B389481759076A077B07A2
:1072B00080F010920606109205069091FD0D8091C7
:1072C000FE0D981731F08091FE0D8F5F8F708093C7
:1072D000FE0D8091E206813049F180915C028823A5
:1072E00029F18091A706811121C09091060181E0CA
:1072F000292F247092FD80E090910601826097FF13
:1073000003C0211113C081E080936A0510925C02D2
:1073100060914702709148028091490290914A021F
:1073200020E030E040E85FEB0E94BF8860914605B6
:10733000709147056115710509F046C040914205FD
:10734000509143052091F7053091F8058091F6059D
:107350002417350708F06CC09091D505913041F0A5
:10736000421B530B9417150619F010F04093D505E6
:107370009091D505891B8093F605882339F087FD08
:1073800053C080910B01806480930B012091D5053F
:107390008091420590914305821B9109909343058A
:1073A0008093420520914205309143058091F70575
:1073B0009091F8052817390709F066C08FEF9FEF05
:1073C00090934705809346054091F605411161C0B1
:1073D00080914605909147052091480530914905D7
:1073E0008F3F980709F098C0309389002093880058
:1073F0009EC0ABEABAEA0F940DBBAB01BC0131E110
:1074000076956795579547953A95D1F72ACF9F017D
:10741000ABEABAEA0F940DBB21E196958795779573
:1074200067952A95D1F727CF80910B018F7BACCF41
:107430004217530708F0B6CF9091D505913041F02F
:10744000241B350B9217130619F010F02093D50565
:107450009091D505890F8093F605882339F087FD33
:107460000FC080910B01806480930B018091D50542
:107470002091420530914305820F932F911D8ECFAD
:1074800080910B018F7BF0CF8091D3059091D40533
:1074900097CF8091F50587FD0EC0082E000C990B43
:1074A00021E030E06115710511F030E020E0821735
:1074B000930709F08DCF2091D505672B11F020910E
:1074C000FD05842F042E000C990B97FF03C09195A6
:1074D0008195910930E0281739070CF4C90147FF5D
:1074E00017C061E04FEF5FEF78E076B99091F60555
:1074F000960F9093F6052091141830911518240FCB
:10750000351F3093151820931418815071F760CFF0
:107510006FEF41E050E0E8CFAC01485D5F4F4217AC
:10752000530708F061CF90938900809388002091E1
:107530008800309189008091840090918500409668
:107540002817390748F4809184009091850040966F
:107550009093890080938800FF91EF91DF91CF9104
:10756000BF91AF919F918F917F916F915F914F915B
:107570003F912F911F910F91FF90EF90DF90CF904F
:107580008F907F906F900F900BBE0F900FBE0F905B
:107590001F9018959091DC058093DC052FB7F89427
:1075A000809168058B7F809368052FBF892F089590
:1075B000809168052FB7F894909168059B7F909310
:1075C00068052FBF82FB882780F908959091680590
:1075D0001092680581E0911101C080E008959091BA
:1075E00041059130A1F028F09230A9F09330C1F01C
:1075F0000895811102C00D942313823011F40D946B
:10760000A618853009F050C080E00D94011388233E
:1076100091F38230A1F3853009F046C081E0F5CFC7
:10762000882349F3823059F3853071F38630E1F4D1
:1076300085E027E231E04FB7F89490910201946021
:10764000909302014FBFF9013197F1F74FB7F894CA
:10765000909102019B7F909302014FBFF9013197F6
:10766000F1F7815041F708958730F1F481E00E94ED
:10767000F58984E123E731E04FB7F8949091020156
:107680009460909302014FBFF9013197F1F74FB722
:10769000F894909102019B7F909302014FBFF901F2
:1076A0003197F1F7815041F708950F931F93CF93CE
:1076B000DF938C01EB0190930F0E80930E0E0F94CD
:1076C0004213811104C0D093C906C093C806C0916B
:1076D000000487EF8C0F8230F8F40F94FF17CA3044
:1076E00041F484E080930C0EDF91CF911F910F91B4
:1076F000089560E070E080E291E40E94D95F8FE538
:107700009FE00F946DBA882379F389E0DF91CF91E0
:107710001F910F910C94D3F8109238048091E503D7
:10772000811112C06091080E7091090E80910A0EAD
:1077300090910B0E0F9406BD601B710B6C5F7F4F19
:107740006930710508F060C0C150C83088F5EC2F71
:10775000F0E08827E155F44C8E4F0D947DBB73010A
:10776000730173014902DD013702B902D502CBEB87
:10777000DCED8091C606882329F082E00F94EF3A71
:107780001092C606209709F4AFCF0F94A71361E0BB
:10779000CE01DF91CF911F910F910C9456538091A0
:1077A000C606882341F061E081EF92E00E945653C3
:1077B000D0E0C0E0DECF0F94A713809100048230A8
:1077C00019F481E08093000480910004813031F449
:1077D00061E08DE39BE40E947887EACF833041F734
:1077E00061E082E19EE2F7CFC1E4DCEDC2CF0F940D
:1077F000A7130F9404B40F94D218DACFC5EBDCEDC5
:10780000B8CFCFEADCEDB5CF8091C606882321F052
:107810008091B702882349F181E08093C606809366
:10782000B7020E9489614DED52E363E080E00E945F
:107830002D6161E080E00E948060E0910004E150F1
:10784000E83098F4F0E08827E75DF34C8E4F0D9414
:107850007DBB130213021301130213014702DF025F
:1078600013028DE59EE40E9443608091C60681115B
:107870000F94E2190E94DB68882309F435CF109237
:10788000C6068091E40381110EC010920F0E109273
:107890000E0E0E948C57811104C01092C9061092DE
:1078A000C8060E9494530E949453DF91CF911F9178
:1078B0000F910D94D21888E49EE4D5CF84E39EE422
:1078C000D2CF82E29EE4CFCF1092E40360E570E075
:1078D0008AEF90E00D94553B1092E40370E060E075
:1078E0008AEF90E00D94553B1092E4036CE370E056
:1078F00087ED90E00D94553B1092E40365E570E050
:1079000086EE90E00D94553B1092E40369E670E03A
:1079100084E091E00D94553B1092E4036EE670E034
:1079200083E191E00D94553B1092E4036BE470E029
:1079300087ED90E00D94553B1092E4036AE570E00A
:1079400083E191E00D94553B1092E40364E670E00E
:107950008FEF90E00D94553B1092E40364E670E0E5
:107960008CED90E00D94553B1092E40364E670E0DA
:107970008EEF90E00D94553B1092E40362E370E0CB
:1079800080EF90E00D94553B80E00F94EF3A0E9419
:10799000D6E90D94FF17CF92DF92EF92FF9241113B
:1079A00004C0209141052230D1F09B016C01F12CE3
:1079B000E12C672BC9F49FB7F89480910201846091
:1079C000809302019FBFC701B6010F94991F9FB713
:1079D000F894809102018B7F809302019FBFFF90FA
:1079E000EF90DF90CF900895220F331F50E040E0DA
:1079F00060E074E284EF90E00F945EBB91E02115AB
:107A0000310581E04807510544F086E056954795D9
:107A1000379527958A95D1F793E0215031094FB7D3
:107A2000F8948091A100887F892B8093A1006091B8
:107A3000AC007091AD00269FC001279F900D369F2E
:107A4000900D1124509172006FEF70E051FF04C04F
:107A50006091A8007091A9000F9436BB7093AD009F
:107A60006093AC003093A9002093A800809172002D
:107A70008360809372004FBFC701B6010F94991FB6
:107A80002FB7F8948091A100887F85608093A10032
:107A90004091AC005091AD003FEF349FC001359F45
:107AA000900D1124309172006FEF70E031FF04C02F
:107AB0006091A8007091A9000F9436BB7093AD003F
:107AC0006093AC008FEF90E09093A9008093A800A2
:107AD000809172008C7F809372002FBF78CFCF93FC
:107AE000C0914105C23059F1C13069F48091D2058D
:107AF000811125C040E070E060E080E590E00F94E7
:107B0000CB3CC093D20560ED77E08FEC95E00F940D
:107B100026208823A1F08FEC95E00F942D208091F2
:107B20004105811108C040E070E060E080E590E030
:107B3000CF910D94CB3C80E0CF910D94EF3ACF9153
:107B400008958230B9F08330E9F0813059F08091A6
:107B50000B01613029F4816080930B0100000895CE
:107B60008E7FFACF80910B01611102C08260F4CF49
:107B70008D7FF2CF80910B01613011F48460ECCFE6
:107B80008B7FEACF80910B01611102C08064E4CF4A
:107B90008F7BE2CF8EBD0DB407FEFDCF08958FEF32
:107BA0008EBD0DB407FEFDCF8EB508958F929F92C6
:107BB000AF92BF92EF92FF920F931F93CF937C01EE
:107BC000C62F49015A01FC019181892F806A86954F
:107BD0008CBD90FD03C081E0963009F480E08DBD3E
:107BE0009FB7F894809105018F7B809305019FBF1B
:107BF0008CE291E00F94D77A8C2F80640F94CA3D69
:107C000008E110E0D501C401002E04C0B695A79587
:107C1000979587950A94D2F70F94CA3D0850110999
:107C2000083FFFEF1F0771F785E9CC2321F087E8B4
:107C3000C83009F08FEF0F94CA3DCC3011F40F9487
:107C4000CF3DC0E00F94CF3DF701828387FF04C092
:107C5000CF3F11F0CF5FF6CFCF911F910F91FF90E3
:107C6000EF90BF90AF909F908F9008950F931F93C8
:107C7000CF93DF93EC0189018B81833039F089E068
:107C8000440F551F661F771F8A95D1F79A01AB01E4
:107C900068E1CE010F94D63D882319F086E08883F1
:107CA00039C08EEF8EBDF801C8019E5F0DB407FE8E
:107CB000FDCF20812EBD0DB407FEFDCF21812EBD4D
:107CC0003296E817F90791F70DB407FEFDCF8FEF55
:107CD0000F94CA3D8FEF0F94CA3D0F94CF3D8A8316
:107CE0008F71853099F488E592E00F94D77A182F38
:107CF00087E11123A1F220E030E0A9016DE0CE017F
:107D00000F94D63D882351F086E1C9CF83E1888363
:107D10000F94CE7A0F94CE7A10E006C00F94CF3D28
:107D20008111F2CF0F94CE7A812FDF91CF911F91E5
:107D30000F910895CF938091F20EC1E08823A1F0B6
:107D40004091EA0E5091EB0E6091EC0E7091ED0EA9
:107D500026EF3EE08091F30E9091F40E0F94363EA4
:107D6000C82F811104C0C0E08C2FCF91089540919D
:107D7000EE0E5091EF0E6091F00E7091F10E4115E4
:107D800051056105710591F026EF3EE08091F30EFB
:107D90009091F40E0F94363E882329F31092EE0E44
:107DA0001092EF0E1092F00E1092F10E1092F20E51
:107DB000DBCF2F923F924F925F926F927F928F9282
:107DC0009F92AF92BF92CF92DF92EF92FF920F936A
:107DD0001F93CF93DF93EC012A013B0169018B8153
:107DE000833039F069E0440C551C661C771C6A9599
:107DF000D1F743E0942E560181E0A81A8EEFB80A1D
:107E00001601EEEF3E1A54E0852E9A94A3019201DA
:107E100061E1CE010F94D63D882379F088829920C4
:107E200009F47AC00F94CE7A20E030E0A9016CE02A
:107E3000CE010F94D63D1882E8CF0F94CC1F8B0152
:107E40000F94CF3D8A838F3F91F40F94CC1F601B1A
:107E5000710B6D327140A0F381E188830F94CE7A6B
:107E60008C818823E1F28FEF0F94CA3DD8CF8E3FEB
:107E700011F08FE0F2CF8FEF8EBDD601F6010DB479
:107E800007FEFDCF9EB591938EBDEA15FB05B9F7B0
:107E90000DB407FEFDCF8EB5F5018083F12CE12CEA
:107EA0008D91EF2DFF27E827EE0FFF1FE15EF04BCE
:107EB00085919491FE2CEE24E826F9262A163B069D
:107EC00079F70F94CF3D082F10E0102F00270F9463
:107ED000CF3D082B0E151F0519F0F0E2F883BECF39
:107EE0000F94CE7ACC81CC23D9F08FEF0F94CA3D7A
:107EF0008C2FDF91CF911F910F91FF90EF90DF902A
:107F0000CF90BF90AF909F908F907F906F905F9039
:107F10004F903F902F9008950F94CE7AC0E0E8CF15
:107F2000C1E0E6CFCF92DF92EF92FF92CF936B0149
:107F30007C01C42F8091EA0E9091EB0EA091EC0E83
:107F4000B091ED0E8C159D05AE05BF0501F10F94A6
:107F50009A3E811108C0C0E08C2FCF91FF90EF9026
:107F6000DF90CF90089526EF3EE0B701A601809103
:107F7000F30E9091F40E0F94D93E882361F3C092D2
:107F8000EA0ED092EB0EE092EC0EF092ED0ECC23C6
:107F900021F081E08093F20EDFCFC1E0DDCF4F9280
:107FA0005F926F927F928F929F92AF92BF92CF9289
:107FB000DF92EF92FF920F931F93CF93DF93EC0129
:107FC000423051056105710590F480E0DF91CF9159
:107FD0001F910F91FF90EF90DF90CF90BF90AF90E7
:107FE0009F908F907F906F905F904F9008958985BC
:107FF0009A85AB85BC850196A11DB11D8417950797
:10800000A607B70710F38F898031C9F5852E962E04
:10801000A72EBB248B899C89AD89BE89880E991EA9
:10802000AA1EBB1E280139016A017B0141E0C5017E
:10803000B4010F94923F882341F29F89903181F5DA
:10804000DD24EE24FF24F601EE0FFF1FEA50F14F6E
:10805000118300839A89923008F4B8CF4D815E81F4
:108060006F817885840E951EA61EB71E8092EE0E37
:108070009092EF0EA092F00EB092F10EA7CF803248
:1080800009F0A3CF8B899C89AD89BE894A015B0128
:10809000E7E0B694A79497948794EA95D1F7BECF7A
:1080A000E894C7F8DD24EE24FF24F601EE0FFF1F4D
:1080B000EE0FFF1FEA50F14F4082518262827382BD
:1080C000C9CFCF92DF92EF92FF920F931F93CF937E
:1080D000DF93FC0181859285A385B4850196A11D5E
:1080E000B11D84179507A607B70750F480E0DF910C
:1080F000CF911F910F91FF90EF90DF90CF90089557
:1081000087898031A9F5BB27A72F962F852FC38894
:10811000D488E588F6888C0D9D1DAE1DBF1DE90134
:108120006A017B018F014091EA0E5091EB0E609144
:10813000EC0E7091ED0E84179507A607B70749F569
:10814000F8018789803169F5B701A60155276627AF
:108150007727440F551F4A50514FFA018081918172
:10816000B0E0A0E088839983AA83BB8381E0BFCF7E
:10817000803209F0BBCFC388D488E588F688DB015C
:10818000CA01C7E0B695A79597958795CA95D1F787
:10819000C2CF40E0BC01CD010F94923F8111D0CFFE
:1081A000A5CFB701A6014F77552766277727440F3C
:1081B000551F440F551F4A50514FFA01808191813C
:1081C000A281B381BF70CECF4F925F926F927F92A8
:1081D000AF92BF92CF92DF92EF92FF920F931F93D5
:1081E000CF93DF9300D01F92CDB7DEB78C014983C8
:1081F0005A836B837C835901C12CD12C7601412C8D
:1082000082E0582E612C712C49815A816B817C81CE
:108210009E012F5F3F4FC8010F946140882319F1E1
:10822000F8018585A301920104C0220F331F441F6A
:10823000551F8A95D2F7DA01C901C80ED91EEA1E68
:10824000FB1E49815A816B817C8187898031F1F4E1
:1082500081E0483F5F4F61057105B0F2F501C082D2
:10826000D182E282F3820F900F900F900F90DF91F6
:10827000CF911F910F91FF90EF90DF90CF90BF9023
:10828000AF907F906F905F904F90089581E0483F4E
:108290005F4F6F4F7F4008F4B7CFE0CF0F931F932E
:1082A000CF93DF93FC012381222331F080E0DF9123
:1082B000CF911F910F9108958B01EC01FB018789EC
:1082C000803139F582E08B831D8A1E8A1F8A188EC1
:1082D000808D918DB0E0A0E025E0880F991FAA1F46
:1082E000BB1F2A95D1F7898B9A8BAB8BBC8B1A8FCE
:1082F000098F81E089831C821D821E821F8218865D
:1083000019861A861B861C861D861E861F86188A5D
:10831000CECF803259F683E08B83428D538D648DAE
:10832000758D4D8B5E8B6F8B788F9E012F5E3F4FCF
:10833000C8010F94E4408111DACFB8CFCF92DF9219
:10834000EF92FF921F93CF93DF93EC01EB81E1114A
:1083500009C080E0DF91CF911F91FF90EF90DF90F7
:10836000CF900895898180FFF4CF488559856A852B
:108370007B859A0131703AA329A3898D9A8D6A0170
:108380007B01F9E0F694E794D794C794FA95D1F776
:10839000E23079F4FC01828D938DA48DB58D8C0D26
:1083A0009D1DAE1DBF1D8D8F9E8FAF8FB8A381E029
:1083B000D1CFFC01148111501C21232B71F4111118
:1083C0000CC0452B462B472B31F58D899E89AF89F3
:1083D000B88D8C839D83AE83BF83E98DFA8D8C81AC
:1083E0009D81AE81BF810297A109B109258504C095
:1083F000880F991FAA1FBB1F2A95D2F7468557855C
:1084000060897189840F951FA61FB71F810F911D69
:10841000A11DB11DC8CF4C815D816E817F819E0100
:108420002C5F3F4F0F9461408111D7CF92CF8F9235
:108430009F92AF92BF92CF92DF92EF92FF920F93F3
:108440001F93CF93DF93EC018B8181110EC080E0ED
:10845000DF91CF911F910F91FF90EF90DF90CF9020
:10846000BF90AF909F908F90089509891A892B89AA
:108470003C89041715072607370748F34A015B01B3
:10848000823031F488869986AA86BB8681E0E0CF67
:1084900081149104A104B10449F41C821D821E823E
:1084A0001F82188619861A861B86F0CF08851985C3
:1084B0002A853B85E98DFA8D858590E00996B9017D
:1084C000A8014150510961097109082E04C076952F
:1084D0006795579547950A94D2F775016401E1E0D5
:1084E000CE1AD108E108F10804C0F694E794D794B5
:1084F000C7948A95D2F7C416D506E606F70620F08B
:10850000012B022B032B11F58D899E89AF89B88D24
:108510008C839D83AE83BF838E010C5F1F4FC1147C
:10852000D104E104F10409F4ADCF4C815D816E8189
:108530007F819801898D9A8D0F94614091E0C91ACD
:10854000D108E108F1088111EACF81CFC41AD50A18
:10855000E60AF70AE1CF3F924F925F926F927F92C5
:108560008F929F92AF92BF92CF92DF92EF92FF9243
:108570000F931F93CF93DF93CDB7DEB72C970FB632
:10858000F894DEBF0FBECDBF5C01DC0159968D9023
:108590009C90F40181859285A385B4859C01AD01F1
:1085A0002F5F3F4F4F4F5F4F29873A874B875C873D
:1085B000D50114964D905D906D907C901797411465
:1085C00051046104710409F459C0BFEF4B1A5B0AEE
:1085D0006B0A7B0A312C730162011D821E821F828D
:1085E0001886F40181859285A385B4852D813E810D
:1085F0004F815885281739074A075B0708F056C08E
:1086000089859A85AB85BC858C159D05AE05BF0512
:1086100050F482E0C82ED12CE12CF12C92E0492EAE
:10862000512C612C712C9E012F5F3F4FB701A60189
:10863000C4010F9461408823C9F189819A81AB817B
:10864000BC81892B8A2B8B2B01F1260137019FEFEF
:10865000491A590A690A790A2D813E814F81588544
:108660002F5F3F4F4F4F5F4F2D833E834F83588780
:108670003FEFC31AD30AE30AF30AB3CF4080518015
:108680006280738033243394A6CFC414D504E604E7
:10869000F70411F70FEF1FEF2FEF3FE0B701A6012F
:1086A000C4010F94CF3F782E81111AC0712C872DF1
:1086B0002C960FB6F894DEBF0FBECDBFDF91CF91E1
:1086C0001F910F91FF90EF90DF90CF90BF90AF90F0
:1086D0009F908F907F906F905F904F903F90089504
:1086E000F501448155816681778141155105610508
:1086F000710539F097018601C4010F94CF3F88239B
:10870000A9F2D5011496CD92DD92ED92FC921797C5
:10871000332051F0D701C6010196A11DB11DF4010E
:1087200080839183A283B383F50185899689A78984
:10873000B08D892B8A2B8B2B09F0B9CFC58AD68AAD
:10874000E78AF08E818180688183B1CFCF93DF93F8
:10875000EC01462F41706C857D858E859F850F9439
:10876000923F882351F0888920E2829FC001112422
:108770008A50914FDF91CF91089590E080E0FACF39
:10878000CF93DF93EC018B81882349F1898187FFA7
:1087900022C061E0CE010F94A643FC01892BF9F0C1
:1087A0008081853EE1F08B81823040F489899A890D
:1087B000AB89BC89848F958FA68FB78F8D899E8951
:1087C000938F828F8D899E89AF89B88DB58BA48B4D
:1087D00089818F778983DF91CF910D949A3E81E0D3
:1087E000888380E0DF91CF910895CF93DF93EC01F0
:1087F0000F94C0431B82DF91CF910895CF93DF93F5
:10880000EB01FC012381211104C080E0DF91CF91B5
:1088100008952250223028F48FE28883198281E063
:10882000F5CF60E00F94A643009779F3DC0160E098
:1088300080E09EE22D91203299F0883031F49E0143
:10884000260F311DF90190836F5F9E01260F311DA8
:10885000AD0141505109FA014081F90140836F5F38
:108860008F5F8B3039F7FE01E60FF11D1082D7CFF5
:108870002F923F924F925F926F927F928F929F9230
:10888000AF92BF92CF92DF92EF92FF920F931F931E
:10889000CF93DF9300D01F92CDB7DEB79C838B833D
:1088A0004B017A01DC0113968C91811119C08FEF75
:1088B0009FEF0F900F900F900F90DF91CF911F912E
:1088C0000F91FF90EF90DF90CF90BF90AF909F906F
:1088D0008F907F906F905F904F903F902F90089572
:1088E000EB81FC81818180FFE2CF0189128923899C
:1088F00034894085518562857385C701B0E0A0E069
:1089000028013901441A550A660A770A8415950523
:10891000A605B70518F07801E41AF50A67018B81FE
:108920009C8104969A838983612C32E0732EC11452
:10893000D10409F4B7C0AB81BC8118964D915D910B
:108940006D917C911B975A01B1E0BB22EB81FC81B8
:10895000818D928D1A012B0129E05694479437940A
:1089600027942A95D1F72381223091F5DC015A967C
:108970006D917D918D919C915D97620D731D841D0C
:10898000951D83010A191B09C016D10608F486013A
:108990000115B2E01B0771F42091EA0E3091EB0E45
:1089A0004091EC0E5091ED0E621773078407950706
:1089B00009F059C040E00F94923F882309F477CF23
:1089C000B5016A50714FA801C4010F9496C057C0F9
:1089D000FC01148111501221A114B10481F4111170
:1089E0000EC0452B462B472B79F5EB81FC81858901
:1089F0009689A789B08D84839583A683B783AB813D
:108A0000BC815996ED91FC915A9714966D917D9188
:108A10008D919C9117976250710981099109258563
:108A200004C0660F771F881F991F2A95D2F72685E5
:108A3000378540895189620F731F841F951F610F0D
:108A4000711D811D911D9DCFAB81BC8114964D91EF
:108A50005D916D917C91179729813A810F946140C6
:108A60008111CDCF24CF9401AB01BC018091F30ED5
:108A70009091F40E0F94D93E882309F418CF800EFC
:108A8000911EEB81FC8180859185A285B385800F45
:108A9000911FA11DB11D80879187A287B387C01A3E
:108AA000D10A45CFC70105CFDF92EF92FF920F9316
:108AB0001F93CF93DF938C01EB017A018DE0D82EC9
:108AC00040E250E0BE01C8010F9438448032910565
:108AD00071F021E0892B09F420E0822F8195DF914C
:108AE000CF911F910F91FF90EF90DF900895288113
:108AF000222309F43FC0253E19F32E3209F33B85AA
:108B00003F733F3099F5E114F10481F14A8D5B8D9B
:108B1000452B61F52F713FEF320F343038F521507E
:108B2000330BD29EC001D39E900D1124F701E80FA4
:108B3000F91F298120832B8121832D8122832F817D
:108B40002383298524832E852583288926832A89C2
:108B500027832C8920872E892187288D22872C8D99
:108B600023872E8D2487288126FD15862B8523FDBE
:108B7000A7CFB5CF80E0B3CF4F925F926F927F9235
:108B8000AF92BF92CF92DF92EF92FF920F931F931B
:108B9000CF93DF931F92CDB7DEB78C017B015A01D3
:108BA000C22EDB0159968D919C91F801928F818F95
:108BB000CB010E94396E712CF70180859185A285C9
:108BC000B385418952896389748984179507A607FB
:108BD000B70708F052C055E0B695A79597958795C9
:108BE0005A95D1F7F82FFF70DF2ED70113968C918D
:108BF000823010F480E0DBC041E050E0BE016F5FE6
:108C00007F4FC7010F9438440197A1F7F701808582
:108C10009185A285B3854F96A11DB11D808791874F
:108C2000A287B387F0E2DF9EB00111246A50714F32
:108C300061157105F9F2DB018C91882341F0853EC5
:108C400009F04CC0772029F077247394B5CF7110C8
:108C50000EC08091EA0E9091EB0EA091EC0EB091B7
:108C6000ED0EF80184879587A687B787D08ADB0148
:108C70008C918111E9CF772473948C2D8274823486
:108C800009F0B8CF772009F4A2C0F801D08861E0DC
:108C9000C8010F94A643009709F4ACCF20E2DC0191
:108CA0001D922A95E9F72BE0F501DC0101900D9268
:108CB0002A95E1F721E238E2FC01318B208B40E07C
:108CC00058E057874687338B228B318F208F578B05
:108CD000468B0F949A3E811109C08CCF4BE050E037
:108CE000C5010F9489C0892B09F066CFF0E2DF9EA1
:108CF000D00111249D012A50314FF90183858171E2
:108D000021F08C2D827109F0FCC0F801818D928DCB
:108D10004091EA0E5091EB0E6091EC0E7091ED0EC9
:108D20004487558766877787D08AFD01EA50F14FDF
:108D300044885588712C612C320155244424D80173
:108D400055964D925D926D927C925897428D538DBF
:108D500070E060E0442955296629772955964D939E
:108D60005D936D937C935897D9011B962C91287134
:108D700009F0B9C0848D958DA68DB78DF801818BD2
:108D8000928BA38BB48B81E083838C2D8F70F80141
:108D900081831482158216821782108611861286AC
:108DA000138681E0C4FE03C0C8010F94DE7D0F90DE
:108DB000DF91CF911F910F91FF90EF90DF90CF90B7
:108DC000BF90AF907F906F905F904F900895D701C4
:108DD00013968C911397823009F40CCF51968D9194
:108DE0009D910D90BC91A02D803E9F4FAF41B1054C
:108DF00008F000CFC7010F94AB42882309F4FACEE4
:108E00000F949A3E882309F4F5CED7015996ED9137
:108E1000FC915A9714964D905D906D907C901797A9
:108E2000B2E04B1A510861087108858504C0440CF2
:108E3000551C661C771C8A95D2F786859785A08974
:108E4000B189480E591E6A1E7B1E81E08093F20E86
:108E50004092EA0E5092EB0E6092EC0E7092ED0E84
:108E6000E6EFFEE080E092E0DF019C011D922150E0
:108E70003040E1F7DD24D394D7015996ED91FC9170
:108E80008481D81698F426EF3EE0B301A2014D0D7F
:108E9000511D611D711D8091F30E9091F40E0F9480
:108EA000363E882309F4A6CED394E6CF258580E00C
:108EB00092E0A0E0B0E004C0880F991FAA1FBB1F7A
:108EC0002A95D2F7F7014189528963897489840F01
:108ED000951FA61FB71F818B928BA38BB48B86EF38
:108EE0009EE0D12CDBCE203161F498012F5E3F4F04
:108EF0000F94E440882329F084E0D80113968C93E2
:108F000044CFD80113961C9275CECF939091100E3A
:108F1000992309F4F6C0C82F873009F4BEC008F0C1
:108F200046C0833009F4EDC080F5813009F488C073
:108F300008F460C08BE70E94446E83E00F9414181D
:108F40000F9410188DE70E94446E0E944F6FC3E08B
:108F5000C093CE0581E08093B5028091E914811120
:108F600005C080910004882309F478C08BE70E9433
:108F7000446E84E00F9414180F94101884E08093CA
:108F8000CE0581E08093B5021EC0853009F471C022
:108F900081E19FE4C63008F46EC08AEF9EE40E942F
:108FA000576F0F94101888E08093CE0574C08631F7
:108FB00009F49BC070F4843109F480C008F089C0C2
:108FC000883009F472C08DE70E94446ECF910C94F2
:108FD0004F6F8B3509F491C030F481E3CA3599F7AE
:108FE0000F942118F0CF8C3509F489C084E3CD3576
:108FF000B9F3E9CF8091BF02843021F48FE00F9460
:10900000292FE1CF0E948C57882311F08EE0F7CFF3
:109010008091E914811104C080910004882311F02B
:1090200084E0EDCF8BE70E94446E81E00F9414182A
:109030000F9410180F94C11881E08093CE05C3CF10
:109040008BE70E94446E82E00F9414180F9410185E
:1090500082E08093CE05C093B502B5CF8BE70E9426
:10906000446E83E00F9414180F941018C093CE052B
:1090700088CF83E09FE40E94576F60E070E0CB01EF
:109080000E94BD6E8DE50E94446E8091CE050F94C6
:1090900014180F94101882E075CF81EF9EE40E949F
:1090A000576F0F94101889E07FCF88EE9EE40E94DE
:1090B000576F0F9410181092CE05EDCF8BE70E94DA
:1090C000446E8091CE050F9414180F94101884E00C
:1090D00059CF8BE70E94446E0F9469180F941018B3
:1090E0008091CE050F9414186ECF8FED9EE40E94F0
:1090F000576F0F94101885E0A0CF82E371CF83E300
:109100006FCFCF910895CF92DF92EF92FF920F939E
:109110001F93CF93DF9300D000D01F921F92CDB743
:10912000DEB78091E4069091E5060097E1F1209189
:10913000390230913A02243631054CF4AC01420F29
:10914000531F453651056CF4820F931F0CC0243613
:10915000310509F455C0AC01420F531F4436510587
:109160009CF784E690E090933A02809339028091D4
:10917000390290913A0282179307A9F0883E53E092
:10918000950714F087EE93E08A30910514F48AE095
:1091900090E090933A02809339021092E506109283
:1091A000E4060E94D5548091B70281111092B50651
:1091B0001091B506112391F12FEF210F2093B506E1
:1091C00080912F0481110DC00E94DB68882349F033
:1091D0001092540460E086ED91ED0E9456530E9477
:1091E000BD6428960FB6F894DEBF0FBECDBFDF91E9
:1091F000CF911F910F91FF90EF90DF90CF90089546
:109200008B3091051CF0865A9F4FADCF863F4FEFB4
:1092100094070CF0ACCF82599F4FA5CF6AE06093C2
:10922000B5068091B4068F5F8093B4068E3109F045
:109230009FC01092B4060E94BD6410927B050E94EC
:109240000D600E94826160910E0E70910F0E072ECC
:10925000000C880B990B0F94FBB420E030E040E049
:109260005FE30F9495BB0F9406BD6B0120E030E0E7
:1092700040E05FE36091080E7091090E80910A0E44
:1092800090910B0E0F9495BB0F9406BDA60182E83A
:109290000F94C41983E00E944E6080911C078130B6
:1092A00009F06EC08BE99AE40E94436061E080E0BF
:1092B0000E9480606091C8067091C906072E000C5C
:1092C000880B990B0F94FBB420E030E040E05FE3A3
:1092D0000F9495BB0F9406BD6B0120E030E040E099
:1092E0005FE360914B0570914C0580914D05909125
:1092F0004E050F9495BB0F9406BDA60180E80F9410
:10930000C41983E00E944E6080913A028F9380914D
:1093100039028F9384EA9AE49F938F930E9431607D
:1093200098E0981B892F0E944E6062E080E00E94C6
:1093300080600F900F900F900F9080916B05E090E0
:10934000E91481113EC027EBC22E2AE4D22EE1108F
:109350003CC08BEBC82E8AE4D82E0E94E857F82E2A
:109360008823D9F18091AC028F3F89F5F12C35C06B
:109370000F9428BB911163CF80E00E947C645DCF85
:109380008091E9068823D9F080E21F928F93809123
:10939000F5068F938091F4068F938091F3068F9357
:1093A0008091F2068F9382E99AE49F938F930E94B3
:1093B00031600FB6F894DEBF0FBECDBF77CF8FE31D
:1093C000E4CF9FEBC92E9AE4D92EEE2031F28091A2
:1093D0003F04FF24F394882399F181EA9DE00F94E0
:1093E0006DBA082F0E945C6D87FD2AC0081741F1F5
:1093F0009BE00902B0011124675B724F47E050E027
:109400008E010F5F1F4FC8010F945DBA18861F931E
:109410000F9383E59FE59F938F930E9431600F9098
:109420000F900F900F9080911314813009F062C05B
:109430000F94931995E0981B892F0E944E6067C086
:10944000E11004C08091F70381114AC0DF92CF92EE
:109450008FE49FE59F938F930E9431600F900F9050
:109460000F900F908091FD03811104C08091AC0298
:109470008536F0F18091AB028536D0F180917C1772
:10948000882319F18091F6179091F717A091F8179A
:10949000B091F9170097A105B105B9F0BC01CD0154
:1094A0006D597F4F8F4F9F4F24E630E040E050E0F2
:1094B0000F94E0BA6091FD177091FE178091FF172D
:1094C000909100180F94E0BA122F212F30E081EB19
:1094D0009AE4F11002C08BEA9AE43F932F939BCF5A
:1094E00081E00E944E6080EB96E00E94EA67BACF6E
:1094F000182FEBCF8091100E882309F4ACC083ECB9
:109500009AE49F938F930E9431600F900F900E9476
:10951000E857882309F4BCC08091FD03882309F42F
:109520009CC0C090B302D090B402E090B102F09021
:10953000B2028091B3068A3011F41092B306809182
:10954000B3068F5F8093B3062FEFE216F20621F089
:10955000970113E4863070F43FEFC316D30609F089
:1095600085C00F94F72E2CE330E040E050E00F94DC
:10957000E0BA10E24091390250913A024436510566
:1095800009F477C0C216D30621F0E216F30609F0FB
:1095900070C0A4E6B0E00F940DBB9A01550F440BC8
:1095A000550B0F94E0BA4FE3E42E042E000CFF0895
:1095B000E12F012E000CFF0BC9016CE370E00F944A
:1095C00036BB2037374108F056C0FF924F93FF93C8
:1095D0001F939F938F937F936F9384ED9AE49F9350
:1095E0008F930E9431600FB6F894DEBF0FBECDBFDF
:1095F00098E0981B892F0E944E6063E080E00E94F3
:1096000080600F94F3208091100E8823C1F0809128
:10961000B502815009F45CC08093B5028091B50217
:10962000853009F45CC0883051F485E10F9485479A
:1096300080910004882319F086E10F94854780917A
:109640000C0E882309F4BCCD8091040E8111B8CD95
:109650000F945005B5CD85E0F0CEC090AF02D0900C
:10966000B002E090AD02F090AE0263CF960112E539
:1096700081CF40E299CFFF924F93FF931F937F9347
:109680006F9389EC9AE49F938F930E943160ABCFE4
:1096900085EA9DE00F947BBABC0190E080E00F94D6
:1096A000F9B420E030E04AE754E40F9494BC9F936F
:1096B0008F937F936F9388E59FE59F938F930E948D
:1096C00031600F900F900F900F900F900F9090CFF0
:1096D0008AE08093B50280E00F9485479FCF809108
:1096E000E914882309F4ABCF84E1A7CFCF93DF93AC
:1096F00090916E05911121C0C62FD82F882311F1AA
:109700008FEF9CE5662311F08DE09DE563E00E94FC
:10971000C3ED89E095E70E94576F8CED9CE5C11180
:1097200002C08AEB9CE50E947E7180E00F94854721
:109730008AE5D1118BE50F94854780E0DF91CF91C9
:109740000C94DB7186E99CE5662311F086EA9CE5C2
:1097500063E00E94C3ED89E095E70E94576F8DE7B3
:109760009CE5C111E0CF85E69CE5DDCF2F923F92CD
:109770004F925F926F927F928F929F92AF92BF9221
:10978000CF92DF92EF92FF920F931F93CF93DF93CD
:10979000CDB7DEB7E0970FB6F894DEBF0FBECDBFF2
:1097A0006A877B878C879D871A013AA729A70F9420
:1097B000862510923E0229A53AA53093AC06209347
:1097C000AB061092AE061092AD060F94CC1F6E83BE
:1097D0007F838887998737FEFFC03DE23F8F0F94D4
:1097E000CC1F6CA37DA38EA39FA38FE29AE51214D6
:1097F00013040CF48AC28CE19AE50E947E716A859A
:109800007B858C859D850F9406BD2FE7211431043F
:1098100009F4E5C0209381067093C9066093C806D9
:109820008E819F81A885B9858E879F87A88BB98BEC
:1098300088A399A3AAA3BBA31A8A90E49B8BACE14B
:10984000AC8BB6E4BD8B1E8A1F8A188E198E6FE70B
:10985000C62ED12CE12CF12C00E010E018AA1FA696
:109860001D822FE730E040E050E029833A834B83AC
:109870005C831B8E1C8E1D8E1E8E31E03A8FA89548
:109880004091660648A7442309F42CC20F94EB28A4
:109890002114310409F0AAC00091080E1091090E9C
:1098A00050910A0E58AB80910B0E8FA72E893F89DD
:1098B000488D598DB80188A99FA50F948ABC87FD52
:1098C00006C00E8B1F8BB8A9B88F2FA5298F2A89A8
:1098D0003B894C895D89B80188A99FA50F941EBE5C
:1098E000181634F00A8B1B8B38A93C8B4FA54D8B77
:1098F0000F94CC1F2CA13DA14EA15FA1621B730B45
:10990000840B950B653C79408105910540F00E94E0
:10991000AC6C0F94CC1F6CA37DA38EA39FA34A8D28
:10992000442309F44CC02A853B854C855D85B801EC
:1099300088A99FA50F941EBE18160CF0D3C10F94D2
:10994000CC1F2E853F8548895989621B730B840B78
:10995000950B693873418105910508F4C3C1D7019E
:10996000C60129813A814B815C81821B930BA40B38
:10997000B50BB595A795979587952114310409F4F2
:1099800040C0809381060F94CC1F6E837F838887AD
:109990009987DC01CB012E853F8548895989821B37
:1099A000930BA40BB50B8B8F9C8FAD8FBE8F3A851D
:1099B0003E8B4B854F8B5C85588F8D85898F2A8593
:1099C0003B854C855D85B80188A99FA50F948ABC0D
:1099D00087FD1AC01A8E86C14AE04F8F00CF2093B0
:1099E000730570930F0E60930E0E1ACF00914B0506
:1099F00010914C0590914D0598ABA0914E05AFA7E5
:109A000055CF80937305BFCF0F94CC1F2E813F811C
:109A100048855985621B730B840B950B693873411C
:109A200081059105B8F20F94CC1F6E877F87888BD4
:109A3000998B8091AD069091AE06181619060CF020
:109A40002CC18E859F85A889B9892E813F81488543
:109A50005985821B930BA40BB50B4B8C5C8C6D8CC6
:109A60007E8C480E591E6A1E7B1E2B8D3C8D4D8DA3
:109A70005E8D281B390B4A0B5B0B69817A818B81C8
:109A80009C810F94D0BAA30192010F945EBBDA01BE
:109A9000C9018C0D9D1DAE1DBF1D84319105A10511
:109AA000B1050CF43CC16C017D013CEEC316D10440
:109AB000E104F1042CF04BEEC42ED12CE12CF12C5E
:109AC00080389105A105B1050CF437C18EEF90E007
:109AD000A0E0B0E08C199D09AE09BF0989839A8383
:109AE000AB83BC8384E19AE50E94576FC701B6013E
:109AF0000E94BD6E8FE09AE50E94576F69817A815E
:109B00008B819C810E94BD6E88E09AE50E94576F10
:109B100042E06A897B898C899D890E94D96E81E0A7
:109B20009AE50E94576F6E897F89888D998D0F9471
:109B3000C37A8091AD069091AE0603970CF4ADC048
:109B400069817A818B819C810F94FBB420E030E0A5
:109B500040E850E40F943AB54B015C012A893B89F7
:109B60004C895D896E897F89888D998D0F9494BB0E
:109B700020ED3FE049E450E40F943AB520E030E0B6
:109B800040E05FE30F943AB59B01AC01C501B4011D
:109B90000F9494BC4B015C01C301B2010F94FBB460
:109BA00020E030E04AE754E40F9494BC2B013C01E0
:109BB0008BEF99E50E94576F42E0C501B4010E9406
:109BC000D96E85EF99E50E94576FC301B2010F94DA
:109BD000C37A2AE939E949E15FE3C501B4010F9489
:109BE0003AB54B015C0180924F0490925004A092D0
:109BF0005104B0925204AC019B010F9495BBA30198
:109C000092010F9494BC60934B0470934C04809326
:109C10004D0490934E04A3019201C501B4010F9429
:109C20003AB520E030E040E05EE30F943AB560934F
:109C30004704709348048093490490934A0487EE44
:109C400099E50E947E7181EE99E50E94576F6091BF
:109C50004F047091500480915104909152040F94DC
:109C6000C37A8BED99E50E94576F60914B04709118
:109C70004C0480914D0490914E040F94C37A85ED6D
:109C800099E50E94576F6091470470914804809154
:109C9000490490914A040F94C37A89819A81AB81D7
:109CA000BC818C0D9D1DAE1DBF1DB595A7959795CB
:109CB00087952114310409F445C080938106809171
:109CC000AD069091AE0601969093AE068093AD06D8
:109CD0003A853A8B4B854B8B5C855C8B8D858D8B68
:109CE00098A59A8F20E030E040EA51E46A857B85B0
:109CF0008C859D850F9495BB980148A95FA50F940D
:109D00008ABC87FF22C08BEA99E50E947E7181E0C0
:109D100080933E021092AE061092AD0698C034E1D8
:109D2000C32ED12CE12CF12C24E130E040E050E0B6
:109D300029833A834B835C83D5CEC982DA82EB8256
:109D4000FC82D0CE80937305BACF0F94CC1F28A18C
:109D500039A14AA15BA1621B730B840B950B613D7A
:109D600077408105910558F1A0908106B12C88EAD1
:109D700099E52114310429F4A0907305B12C85EAEA
:109D800099E50E94576F42E0B80188A99FA50E94FB
:109D9000D96E81EA99E50E94576FC5010F94567CF0
:109DA0004D81442309F46CC05F8D451770F54F5FFA
:109DB0004D830F94CC1F68A379A38AA39BA30F9410
:109DC000CC1F4B015C010F94CC1F4E805F806884D8
:109DD00079842E853F8548895989420E531E641E19
:109DE000751E84189508A608B708860E971EA81E2B
:109DF000B91E31E883163FE4930632E1A306B104AD
:109E000008F447C084E899E580CF8D819F8D891340
:109E1000D0CF8F5F8D832BA53CA54DA55EA5B80146
:109E200088A99FA50F9494BB9F7720E030E040EA7B
:109E300050E40F948ABC87FFBCCF632D661F662752
:109E4000661F80E00F94764B81E080933E02E0969F
:109E50000FB6F894DEBF0FBECDBFDF91CF911F913B
:109E60000F91FF90EF90DF90CF90BF90AF909F90B9
:109E70008F907F906F905F904F903F902F900895BC
:109E80000BA71CA7A8A9ADA7BFA5BEA721E02D833E
:109E900090CF8091AD069091AE0649A55AA548177E
:109EA00059071CF488E299E530CF80E00E941F60DA
:109EB000E6CC6F927F928F929F92AF92BF92CF9299
:109EC000DF92EF92FF920F931F93CF93DF931F9236
:109ED000CDB7DEB7A89580916606882309F4B9C08E
:109EE0000F94EB2880919D0680FF4FC010918D1339
:109EF00000918E13B0908F13A0909013CE01019615
:109F00000F940828C0909906D0909A06E0909B067E
:109F1000F0909C06CE0101960F94FB27AF92BF9262
:109F20000F931F9321E73DE34AE85EE3C701B601C3
:109F30000F9494BC9F938F937F936F9386ED9AE5D4
:109F40009F938F930F942FB990919D060FB6F8941D
:109F5000DEBF0FBECDBF80913D0291FF91C09091B9
:109F6000A102992309F485C0882369F061E086E69F
:109F70009CE40E94C3ED9FB7F89480910201846035
:109F8000809302019FBF1092A102809178058823DF
:109F900089F080917805829586958770843008F0E5
:109FA00082C0823008F025C1882309F4F9C08130CD
:109FB00009F494C00E94C27F80919806882309F416
:109FC00048C080918D0670909706871509F441C0AE
:109FD000CE0101960F94082800918C0610918D06F1
:109FE00060908E06C0908F06D0909006E09091060B
:109FF000F09092068090930690909406A09095061B
:10A00000B0909606CE0101960F94FB271093970609
:10A01000BF92AF929F928F92FF92EF92DF92CF9278
:10A020001F926F92802F000F990B01969F938F9331
:10A03000812F87198150990B9F938F9389E59AE51A
:10A040009F938F930F942FB90FB6F894DEBF0FBE76
:10A05000CDBF0F90DF91CF911F910F91FF90EF90A7
:10A06000DF90CF90BF90AF909F908F907F906F9038
:10A070000895882309F489CF84E08093000185CF77
:10A0800090919D069E7F90939D06882341F09FB7F7
:10A09000F894809102018B7F809302019FBF81E041
:10A0A0008093A10272CF843009F084CF809178052B
:10A0B00081FFBCC080916E05811104C081EC9AE5DE
:10A0C0000E947E7181E00E94DB719FB7F8948091BD
:10A0D00002018460809302019FBF6CCF809178055C
:10A0E0008695869583708130F1F158F0823009F0C1
:10A0F00061CF80916E05811117C061E083E89AE518
:10A100003DC08091780581FF13C06091780562950C
:10A11000617080916E05811107C08FE69AE50F94FA
:10A120006B228CE50F94854780E00E94DB7142CF63
:10A1300060910605709107056B5F7F4F072E000C3D
:10A14000880B990B0F94FBB48B019C014091080E76
:10A150005091090E60910A0E70910B0E8DE992E0FC
:10A160000F94301827CF8091780581FF0AC0809125
:10A170006E058111D9CF61E087E79AE50F946B22D4
:10A18000D3CF40914B0550914C0560914D05709196
:10A190004E0500E010E020E731E489E992E0E0CFED
:10A1A000809178058695869583708130D1F058F03E
:10A1B000823009F0FFCE80916E058111B5CF61E04C
:10A1C00083EA9AE5DBCF60917805629561708091B2
:10A1D0006E058111A9CF8FE89AE50F946B228DE56A
:10A1E000A1CF80916E0581119FCF61E087E99AE54B
:10A1F000C5CF80917805869586958370823008F06A
:10A20000D9CE809178058695869583709091780552
:10A2100092959695977061E0813009F060E081E059
:10A22000923009F080E00F94764BC4CE10927805FE
:10A230009FB7F894809102018B7F809302019FBFAA
:10A240008091C8069091C906892B39F48091120635
:10A2500090E09093C9068093C8068FEA9AE50E9421
:10A260007E71A8CE0F94594F0E94637F0E945B714C
:10A270000E94C27F80E00C941F6060910E0E70916E
:10A280000F0E65507109072E000C880B990B0F9467
:10A29000FBB49B01AC016091080E7091090E809196
:10A2A0000A0E90910B0E0F948ABC87FF07C0809115
:10A2B0007805811103C00F943251DFCF0895CF92FA
:10A2C000DF92EF92FF927C010F94CC1F9B01AC01B7
:10A2D0002E0D3F1D411D511D69017A010F94CC1FA8
:10A2E0006C157D058E059F0538F4809178058111E8
:10A2F00003C00F943251F2CFFF90EF90DF90CF90D8
:10A300000895CF93DF9300D01F92CDB7DEB7909121
:10A31000FD0D8091FE0D981709F446C00F94594F1A
:10A3200080913B02843038F081E00E94378A80E0DF
:10A330000E941F60ECCF19821A821B821C82AE0120
:10A340004F5F5F4F6FE60F94371C89819A81AB8115
:10A35000BC819370AA27BB2740912A0450912B04FB
:10A3600060912C0470912D04840F951FA61FB71FB8
:10A3700080932A0490932B04A0932C04B0932D0473
:10A380008091260490912704A0912804B09129047B
:10A390000196A11DB11D8093260490932704A093DC
:10A3A0002804B0932904B3CF0F900F900F900F9013
:10A3B000DF91CF9108952091EB123091EC12BC0106
:10A3C000C9018F5F9E4E0F9474B89C019093CD0588
:10A3D0008093CC0581E0232B09F480E0089588E187
:10A3E0009EE00FB6F894A895809360000FBE9093FE
:10A3F00060009FB7F894809102018460809302010D
:10A400009FBF0E9489614BEA59E461E080E00E94AD
:10A410002D61FFCF6091FD0D9091FE0D30E020E0A9
:10A420008EE6961761F0899FF0011124E757F84FE7
:10A4300040815181240F351F9F5F9F70F2CFC9016A
:10A4400008953091FD0D2091FE0D321791F0E091AD
:10A45000FD0DE11101C0E0E1E1502EE6E29FF001C7
:10A460001124E757F84F20813181820F931F918388
:10A47000808308958F929F92AF92BF92CF92DF9286
:10A48000EF92FF920F931F93CF93DF93C0916D02D2
:10A49000D0916E028BE1E82E8EE0F82E0FEA15E0E7
:10A4A0006E0180E1C80ED11C6991799189919991D1
:10A4B000F70181909190A190B1907F010F94F9B430
:10A4C000A50194010F943AB50F940DBDF801619365
:10A4D0007193819391938F01CC15DD0529F7DF915D
:10A4E000CF911F910F91FF90EF90DF90CF90BF9091
:10A4F000AF909F908F9008958091E20681110EC0D9
:10A500008BE29EE09093700280936F028BE39EE05B
:10A5100090936E0280936D020D943A528130E1F770
:10A5200083EB9EE09093700280936F0283EC9EE039
:10A53000EFCFFC01408151816281738140933C05E2
:10A5400050933D0560933E0570933F052091270E83
:10A550003091280E4091290E50912A0E6081718110
:10A56000828193810F943AB50F94D2BEEBEFF6E05F
:10A5700064877587868797878FB7F8944485558554
:10A5800066857785409317075093180760931907DE
:10A5900070931A078FBF0895FC0140815181628139
:10A5A0007381409338055093390560933A05709351
:10A5B0003B052091230E3091240E4091250E5091A1
:10A5C000260E60817181828193810F943AB50F9438
:10A5D000D2BE60930307709304078093050790939E
:10A5E00006070D947A8F2F923F924F925F926F924F
:10A5F0007F928F929F92AF92BF92CF92DF92EF9213
:10A60000FF920F931F93CF93DF93CDB7DEB7C5585B
:10A61000D1090FB6F894DEBF0FBECDBF69A37AA3F0
:10A620008BA39CA32DA33EA34FA358A7A896ECAE43
:10A63000FDAE0EAF1FAFA897AA96DFAECEAEAA971B
:10A6400089AA99AEADAEBDAAC556DF4F0881198162
:10A65000CB59D0408091FD0D8F5FA1968FAFA19710
:10A66000803119F4A1961FAEA1978091FE0DA1969D
:10A670002FADA19782130FC00F94594F80E00E9415
:10A68000378A80E00E941F608091FE0DA1963FAD49
:10A69000A197831789F34091040EA2964FAFA2971A
:10A6A000442311F181E395E70E94576F8EE999E405
:10A6B0000E947E71CB57DF4F0FB6F894DEBF0FBEFE
:10A6C000CDBFDF91CF911F910F91FF90EF90DF9061
:10A6D000CF90BF90AF909F908F907F906F905F9042
:10A6E0004F903F902F9008959091FD0D292E312C81
:10A6F0008EE6989FD0011124A496BFAFAEAFA49769
:10A70000CD01835E984FFC01E95BFF4F10828459B5
:10A710009F4FFC01118210820115110511F40D9457
:10A72000E75D80E1F801AB58B84F01900D928A9532
:10A73000E1F78EE6829D8001839D100D1124035E5A
:10A74000184FF801E859FF4FC356DF4F88819981B0
:10A75000CD59D0409183808306591F4F6091B90233
:10A760007091BA028091BB029091BC020F940DBD12
:10A77000D8016D937C9380911B058823A9F01092DA
:10A780000707109208071092090710920A07109203
:10A790003C0510923D0510923E0510923F05109227
:10A7A0001B0581E080931A05BE016B5D7F4FCE01D2
:10A7B00081960E943C5BC9A0DAA0EBA0FCA020918E
:10A7C0001B0E30911C0E40911D0E50911E0EC701A4
:10A7D000B6010F943AB50F94D2BEC258DF4F6883CA
:10A7E00079838A839B83CE57D0408DA09EA0AFA053
:10A7F000B8A420911F0E3091200E4091210E50914F
:10A80000220EC501B4010F943AB50F94D2BECE57B3
:10A81000DF4F688379838A839B83C258D0408091BD
:10A820001B14882311F40D94EE5DA5019401C7015A
:10A83000B6010F94FF7AA8962CAD3DAD4EAD5FAD3D
:10A84000A8970F9495BB2091230E3091240E409130
:10A85000250E5091260E0F943AB50F94D2BEE6966F
:10A860006CAF7DAF8EAF9FAFE697AA96EEADFFAD12
:10A87000AA9780809180A280B3802091270E30918A
:10A88000280E4091290E50912A0EC501B4010F9453
:10A890003AB50F94D2BEAE966CAF7DAF8EAF9FAF80
:10A8A000AE978091070790910807A0910907B09192
:10A8B0000A07AE964CAC5DAC6EAC7FACAE97481A56
:10A8C000590A6A0A7B0A8091FB069091FC06A091C6
:10A8D000FD06B091FE06C258DF4FC880D980EA80DD
:10A8E000FB80CE57D040C81AD90AEA0AFB0A8091E9
:10A8F000FF0690910007A0910107B0910207CE5783
:10A90000DF4F288139814A815B81C258D040281BA2
:10A91000390B4A0B5B0B29A73AA74BA75CA7809181
:10A92000030790910407A0910507B0910607E696EA
:10A930002CAD3DAD4EAD5FADE697281B390B4A0BF4
:10A940005B0B2DA73EA74FA758AB411451046104E0
:10A95000710409F480C06091080E7091090E809115
:10A960000A0E90910B0E0F9406BD20916B02309150
:10A970006C02621773070CF5AE968CAD9DADAEAD53
:10A98000BFADAE978093070790930807A093090780
:10A99000B0930A0780923C0590923D05A0923E0537
:10A9A000B0923F0581E395E70E94576F84E899E4F0
:10A9B0000E947E71412C512C3201C301B20177FEFD
:10A9C00007C066277727CB0164197509860997099F
:10A9D0000F94FBB44B015C0120E030EC4BEE53E4F0
:10A9E0006091270E7091280E8091290E90912A0E69
:10A9F0000F943AB59B01AC01C501B4010F941EBE82
:10AA000018164CF5AE962CAD3DAD4EAD5FADAE9784
:10AA100020930707309308074093090750930A07CC
:10AA2000AA96EEADFFADAA9780819181A281B381F4
:10AA300080933C0590933D05A0933E05B0933F0560
:10AA400081E395E70E94576F86E699E40E947E7144
:10AA5000412C512C32018EE6829DF001839DF00D38
:10AA60001124E35EF84FD701C601F7FE07C088271F
:10AA70009927DC018C199D09AE09BF098083918358
:10AA8000A283B3838EE6829DF001839DF00D112495
:10AA9000E35EF84F89A59AA5ABA5BCA5B7FF07C093
:10AAA000B095A095909581959F4FAF4FBF4F8483F0
:10AAB0009583A683B7838EE6829DF001839DF00D7A
:10AAC0001124E35EF84F8DA59EA5AFA5B8A9B7FFE9
:10AAD00007C0B095A095909581959F4FAF4FBF4F00
:10AAE00080879187A287B387B301A20177FE07C051
:10AAF00044275527BA0144195509660977098EE696
:10AB0000829DF001839DF00D1124E35EF84F448790
:10AB100055876687778700811181228133818481FF
:10AB20009581A681B78180179107A207B30714F416
:10AB3000D901C801EEE6BE2EB29CF001B39CF00D27
:10AB40001124E35EF84F80849184A284B384881535
:10AB50009905AA05BB0514F4D501C401841795070E
:10AB6000A607B70714F4DB01CA014EE6429DF001C7
:10AB7000439DF00D1124E35EF84F808B918BA28BE7
:10AB8000B38B0697A105B1050CF494CD80914304D5
:10AB9000DF01AA5BBF4F8C93F7FE02C00D94FE5DF0
:10ABA000108E89A59AA5ABA5BCA5B7FF0BC08EE6F4
:10ABB000829DF001839DF00D1124E35EF84F808D9E
:10ABC0008260808F8DA59EA5AFA5B8A9B7FF0BC0E9
:10ABD0008EE6829DF001839DF00D1124E35EF84F17
:10ABE000808D8460808F77FE0BC08EE6829DF001A1
:10ABF000839DF00D1124E35EF84F808D8860808F77
:10AC0000012B022B032B09F017988EE6829DF00191
:10AC1000839DF00D1124E35EF84F84819581A68118
:10AC2000B781892B8A2B8B2B09F016988EE6829D93
:10AC3000F001839DF00D1124E35EF84F808591852E
:10AC4000A285B385892B8A2B8B2B09F015988EE66C
:10AC5000829DF001839DF00D1124E35EF84F848501
:10AC60009585A685B785892B8A2B8B2B09F014989F
:10AC70008EE6829DF001839DF00D1124E35EF84F76
:10AC800024853585468557852A962CAF3DAF4EAF36
:10AC90005FAF2A97232B242B252B09F0B3C7A09055
:10ACA000570EB090580E0091590E10915A0E29A9C6
:10ACB00039AD4DAD5DA9B501C8010F941EBE181682
:10ACC00024F4A9AAB9AE0DAF1DABC701B6010F940C
:10ACD000FBB420911B0E30911C0E40911D0E509123
:10ACE0001E0E0F9494BC4B015C0189829A82AB8248
:10ACF000BC8269A57AA58BA59CA50F94FBB4209175
:10AD00001F0E3091200E4091210E5091220E0F9473
:10AD100094BC6B017C01CD82DE82EF82F8866DA54A
:10AD20007EA58FA598A90F94FBB42091230E309196
:10AD3000240E4091250E5091260E0F9494BC22961D
:10AD40006CAF7DAF8EAF9FAF229769877A878B8775
:10AD50009C87C301B2010F94FBB42091270E309160
:10AD6000280E4091290E50912A0E0F9494BC2696DD
:10AD70006CAF7DAF8EAF9FAF26976D877E878F8735
:10AD8000988B8EE6829DF001839DF00D1124E35E89
:10AD9000F84F80819181A281B3812E968CAF9DAFB7
:10ADA000AEAFBFAF2E970697A105B1050CF033C724
:10ADB00084819581A681B7810697A105B1050CF024
:10ADC0002AC780859185A285B3850697A105B1051F
:10ADD0000CF021C726968CAD9DADAEADBFAD2697CC
:10ADE000BF7785A796A7A7A7B0AB8EE6829DF00197
:10ADF000839DF00D1124E35EF84F45A456A467A48B
:10AE000070A8A301920160E070E080E89FE30F94D6
:10AE100094BC29A939AD4DAD5DA90F943AB56B012C
:10AE20007C018091FD0D9091FE0D891B8F708DAF7F
:10AE30008250863008F040C0A701960160E074E2BD
:10AE400084E799E40F9494BC0F94D2BE4B015C014B
:10AE500080915B0E90915C0EA0915D0EB0915E0EA4
:10AE600088169906AA06BB0638F5BC01CD016819FB
:10AE700079098A099B09660F771F881F991FADAD55
:10AE80002A2F30E050E040E00F94E0BACA01B90147
:10AE90000F94F9B40F9406BD680D791D8A1D9B1D92
:10AEA0000F94F9B49B01AC0160E074E284E799E48B
:10AEB0000F9494BC6B017C01A3019201C701B60100
:10AEC0000F943AB56DAB7EAB8FAB98AF8EE6829D9B
:10AED0008001839D100D1124035E184F2DA93EA9FA
:10AEE0004FA958ADD80191962D933D934D935C9306
:10AEF000949750966D917D918D919C9153970F945D
:10AF0000F9B469AF7AAF8BAF9CAF9B01AC01C701BD
:10AF1000B6010F943AB50F9473BC0F940DBD6296B1
:10AF20006CAF7DAF8EAF9FAF6297F80166AB77AB2A
:10AF300080AF91AF9E012F5F3F4F6C963FAF2EAF1A
:10AF40006C97AE014F5E5F4FA0965FAF4EAFA0977C
:10AF500080916F02909170029AAB89AB40966E9689
:10AF60009FAF8EAF6E9768965FAF4EAF689719A68A
:10AF70001DA600E81FE36C96AEADBFAD6C972D919A
:10AF80003D914D915D916C96BFAFAEAF6C97C7018F
:10AF9000B6010F943AB56896EEADFFAD6897619330
:10AFA0007193819391936896FFAFEEAF68974B01D1
:10AFB0005C01E894B7F8A9A9BAA92D913D914D91EA
:10AFC0005D91BAABA9AB66962CAF3DAF4EAF5FAF0C
:10AFD0006697C501B4010F941EBE1816B4F4A501FE
:10AFE000940166966CAD7DAD8EAD9FAD66970F9466
:10AFF00094BC4B015C0129A53DA5A8010F941EBE80
:10B0000018161CF089A69DA685016E96EEADFFADC3
:10B010006E9729A93AA9E217F30709F0ACCF20E00F
:10B0200030E040E85FE369A57DA5C8010F948ABCC4
:10B0300087FF50C0A096AEACBFACA09730E1A30E86
:10B04000B11CA096CEACDFACA097D6016D917D91DE
:10B050008D919D916D017D01B4E0EB1AF10829A558
:10B060003DA5A8010F943AB5F701608371838283EF
:10B070009383AC14BD0449F72EE6229DC001239DA5
:10B08000900D11249C01235E384F790129A53DA51F
:10B09000A8016DA97EA98FA998AD0F943AB5D701E3
:10B0A00091966D937D938D939C93949762966CADDE
:10B0B0007DAD8EAD9FAD62970F94F9B429A53DA5E6
:10B0C000A8010F943AB50F940DBDF70166AB77ABAD
:10B0D00080AF91AFA301920169AD7AAD8BAD9CAD0C
:10B0E0000F9494BC69A77AA78BA79CA72E962CAD2A
:10B0F0003DAD4EAD5FAD2E97232B242B252B09F0B4
:10B10000B9C58EE6829D8001839D100D1124035EDA
:10B11000184FF80184819581A681B781892B8A2BEC
:10B120008B2B09F0A7C580859185A285B385892BD6
:10B130008A2B8B2B09F09EC520914F0E3091500E1B
:10B140004091510E5091520E69A57AA58BA59CA5F0
:10B150000F943AB50F9473BC0F940DBD2B013C01B5
:10B16000F801E45BFF4F10826A961CAE1DAE1EAE66
:10B170001FAE6A978EE6829D8001839D100D11247B
:10B18000035E184FF801EE5BFF4F408251826282EE
:10B190007382C301B2010F94F9B46B017C0129A53C
:10B1A0003AA54BA55CA50F9494BCE2966CAF7DAF1D
:10B1B0008EAF9FAFE297F80161AB72AB83AB94ABFC
:10B1C0002DEB37E346E051E4C701B6010F943AB5E1
:10B1D0000F940DBDD80154966D937D938D939C93E0
:10B1E00057979196BC912796BFAF2797F801F2A188
:10B1F0002B96FFAF2B97D8019396BC912F96BFAF9C
:10B200002F97F801F4A16396FFAF63972FE53EE017
:10B21000EE963FAF2EAFEE97A0964EAC5FACA097E8
:10B2200030E1430E511C0FE51EE0A0966EAC7FACE2
:10B23000A09727964FAD279749A72B965FAD2B97E1
:10B240005DA7B9ABF9AF1DAAD3018D909D90AD90CC
:10B25000BD903D01E894B7F8F801C190D190E1901C
:10B26000F1908F01A5019401C701B6010F948ABC2A
:10B2700087FF3AC0FDA9FF2309F47EC629A53DA595
:10B2800049A959ADC501B4010F943AB54B015C0110
:10B29000A701960127966FAD27972B967FAD2B9729
:10B2A0002F968FAD2F9763969FAD63970F943AB506
:10B2B0006B017C01AC019B01C501B4010F941EBE62
:10B2C000181694F4A5019401C701B6010F9494BC1B
:10B2D0009B01AC0169A57DA589A999AD0F943AB5EB
:10B2E00069A77DA789AB99AF4614570409F0ACCF85
:10B2F0008EE6829DF001839DF00D1124E35EF84FF0
:10B3000015AA80911A05882321F080E185AB10925F
:10B310001A053DAD323008F48FC640911C056B967E
:10B320004FAF6B9750911D056D965FAF6D97009174
:10B330001E0510911F0527E137EB41ED58E36B9691
:10B340006FAD6B976D967FAD6D97C8010F941EBE64
:10B3500018160CF071C66B962FAD6B976D963FADBE
:10B360006D97A80127966FAD27972B967FAD2B97EA
:10B370002F968FAD2F9763969FAD63970F948ABCDE
:10B3800087FF01C66B962FAD6B976D963FAD6D979E
:10B39000A80127966FAD27972B967FAD2B972F96F9
:10B3A0008FAD2F9763969FAD63970F9494BCEC96E7
:10B3B0006CAF7DAF8EAF9FAFEC9727968FAD279781
:10B3C0008DAF2B969FAD2B979DAB2F96AFAD2F9743
:10B3D000AEAF6396BFAD63972396BFAF239720E2CE
:10B3E00035E0E8963FAF2EAFE897412C512C30E87E
:10B3F000632E3FE3732EE896AEADBFADE8978D9018
:10B400009D90AD90BD90E896BFAFAEAFE897A09687
:10B41000EEADFFADA097C190D190E190F190A096D4
:10B42000FFAFEEAFA0976B962FAD6B976D963FADCC
:10B430006D97A80127966FAD27972B967FAD2B9719
:10B440002F968FAD2F9763969FAD63970F948ABC0D
:10B4500087FF0CC0EC962CAD3DAD4EAD5FADEC97CB
:10B46000C501B4010F943AB54B015C01A296FFAD42
:10B47000A297FF2381F0A3019201C501B4010F94AB
:10B480003AB54B015C01A3019201C701B6010F94CB
:10B490003AB56B017C01A7019601C501B4010F9477
:10B4A0001EBE20E030E0A90118160CF0A3C5C701AC
:10B4B000B6010F941EBE18164CF020E030E0A90132
:10B4C000C501B4010F948ABC87FF85C5A701960109
:10B4D000C501B4010F9494BB6B017C01EE96AEAD37
:10B4E000BFADEE978D909D90AD90BD90EE96BFAFA5
:10B4F000AEAFEE97A5019401C701B6010F941EBE31
:10B50000181694F4A7019601C501B4010F9494BCD8
:10B510009B01AC01C301B2010F943AB52B013C0170
:10B52000B1E0A296BFAFA297E0E3F5E0E8962EADBA
:10B530003FADE897E217F30709F05DCFA2963FAD64
:10B54000A297332381F0A30192016DAD7DA98EAD49
:10B5500023969FAD23970F943AB56DAF7DAB8EAF19
:10B5600023969FAF239724EA30E74DE75FE36DAD65
:10B570007DA98EAD23969FAD23970F943AB56B01AD
:10B580007C01AC019B016091AB057091AC05809191
:10B59000AD059091AE050F941EBE1816FCF429A5BA
:10B5A0003DA549A959ADC701B6010F948ABC87FFD3
:10B5B00015C08EE6829DF001839DF00D1124E35E9F
:10B5C000F84F85A9846085AB49A54DAF5DA55DABFE
:10B5D00089A98EAF99AD23969FAF23978EE6829D62
:10B5E0008001839D100D1124035E184F8DAD9DA920
:10B5F000AEAD2396BFAD2397F80181A792A7A3A76D
:10B60000B4A729A53DA549A959AD69A57DA589A9D5
:10B6100099AD0F943AB56B017C01E2966CAD7DADAE
:10B620008EAD9FADE29790589B01AC010F9495BBF6
:10B63000D8019D962D913D914D915C91D0970F949D
:10B640003AB59B01AC01C701B6010F9494BB0F94AE
:10B6500063BFD62EE72E8C012DAD3DA94EAD2396AE
:10B660005FAD23970F941EBE181634F0DDAEEDAA21
:10B670000EAF23961FAF23978EE6829DF001839D28
:10B68000F00D1124E35EF84F8DAD9DA9AEAD23966C
:10B69000BFAD239785A396A3A7A3B0A7F5A82D2D8B
:10B6A0003E2DA80127966FAD27972B967FAD2B9740
:10B6B0002F968FAD2F9763969FAD63970F948ABC9B
:10B6C00018160CF4CFC483E09EE6929D8001939DF2
:10B6D000100D1124035E184FF82AF801F5AA80E135
:10B6E000FE017196A0E2B5E001900D928A95E1F716
:10B6F00027968FAD27972B969FAD2B972F96AFADA3
:10B700002F976396BFAD639780931C0590931D059B
:10B71000A0931E05B0931F0589A59DA5A9A9B9AD44
:10B720008093AB059093AC05A093AD05B093AE05A7
:10B73000D801D6966D917D918D919C91D9970F945A
:10B74000F9B427962FAD27972B963FAD2B972F96C1
:10B750004FAD2F9763965FAD63970F9494BC2B0109
:10B760003C01F801E85BFF4F4082518262827382A4
:10B7700034968081882309F489C02091C6053091D0
:10B78000C7054091C8055091C9056A966CAD7DAD5D
:10B790008EAD9FAD6A970F943AB54B015C01C09096
:10B7A000270ED090280EE090290EF0902A0E0C5A09
:10B7B0001F4FA70196010F943AB5A30192010F9470
:10B7C00094BCF801608371838283938320E030E02E
:10B7D000A9016A966CAD7DAD8EAD9FAD6A970F9451
:10B7E0001EBE18160CF040C4A5019401E2966CAD83
:10B7F0007DAD8EAD9FADE2970F943AB5A70196014E
:10B800000F943AB56B017C0120E030E44CE157E441
:10B810000F941EBE18163CF4C12C20E4D22E2CE14D
:10B82000E22E27E4F22EA701960160E074E284EF95
:10B8300099E40F9494BC4B015C0120E030E44CE9A6
:10B8400056E4C701B6010F941EBE18160CF017C4BB
:10B850008EE6829D8001839D100D1124035E184F9A
:10B860007801FDE4EF0EF11C20E030E040E850E408
:10B87000C501B4010F943AB50F940DBDD7016D9376
:10B880007C93F801ED5AFF4F84E0808309A51DA544
:10B8900029A939AD4DAD5DA96EAD23967FAD239736
:10B8A000A4968EAD9FADA497835E984F0E943A49AF
:10B8B0008EE6829DF001839DF00D1124E35EF84F2A
:10B8C00080899189A289B38981159048A105B10524
:10B8D00018F485A9886085AB8FB7F8949091040E11
:10B8E000911193C4A1963FADA1973093FD0D8FBFE9
:10B8F000C258DF4F88819981AA81BB81CE57D04041
:10B900008093FB069093FC06A093FD06B093FE0681
:10B91000CE57DF4F288139814A815B81C258D040A0
:10B920002093FF06309300074093010750930207CE
:10B93000E6968CAD9DADAEADBFADE69780930307A7
:10B9400090930407A0930507B0930607AE962CAD1D
:10B950003DAD4EAD5FADAE9720930707309308071E
:10B960004093090750930A0789A19AA1ABA1BCA1F2
:10B970008093300590933105A0933205B093330541
:10B980008DA19EA1AFA1B8A58093340590933505F4
:10B99000A0933605B0933705A8968CAD9DADAEAD9E
:10B9A000BFADA8978093380590933905A0933A05C9
:10B9B000B0933B05AA96EEADFFADAA978081918129
:10B9C000A281B38180933C0590933D05A0933E05F1
:10B9D000B0933F05F090FE0D8091FD0D8F198F7093
:10B9E000833040F11091FD0D111101C010E1115093
:10B9F000FEE61F9FC00111249C01235E384F5901B0
:10BA0000111101C010E111503EE6139FC001112435
:10BA1000AC01435E584F6A019EE6692EF11669F04B
:10BA2000D601D5960C9102FF7EC38091FD0D811B3E
:10BA30008F70F12E823008F4A3C03EE6F39EC00161
:10BA40001124AC01435E584F5A01F39450E1F512B2
:10BA500001C0F12CAEE6FA9EC0011124FC01E35EA8
:10BA6000F84F6F018EE6882ED501D5968C91D5972B
:10BA700081FD5AC095964D905D906D907C90989701
:10BA8000F60195A0E6A007A110A5292D3E2DA8013D
:10BA9000C301B2010F948ABC87FF46C0A301920183
:10BAA000C301B2010F943AB52B013C01D501D196E7
:10BAB0006D917D918D919C91D49790589B01AC0193
:10BAC0000F9495BBF50125A536A547A550A90F9460
:10BAD0003AB59B01AC01C301B2010F9494BB0F9422
:10BAE00063BF2B013C019B01AC01692D7E2DC80178
:10BAF0000F948ABC87FF03C0492C5E2C3801920149
:10BB0000A301692D7E2DC8010F948ABC882361F0A2
:10BB1000D601D5962C91C201D301F60185A396A337
:10BB2000A7A3B0A7216025ABD501D5968C91D59759
:10BB3000F60195A9892B80FF14C005A116A127A1A4
:10BB400030A595964D915D916D917C919897C50129
:10BB50000E943A49D501D5968C91D5978E7FD5967E
:10BB60008C93F394B0E1FB1201C0F12CF89CC0015E
:10BB70001124835E984F2091FD0D5601F21243C3AC
:10BB80008091FD0D811101C080E18150EEE68E9F14
:10BB9000C00111249C01235E384F7901D90195968B
:10BBA0004D915D916D917C91989709A51DA529A94D
:10BBB00039ADC7010E943A49F70185A98E7F85AB4F
:10BBC00080916F00826080936F000D945A53AB5840
:10BBD000B84F80E1EAEEF6E00D9495532091230EE4
:10BBE0003091240E4091250E5091260EA8966CADF2
:10BBF0007DAD8EAD9FADA8970D942B5481E0808FC5
:10BC00000D94D155A090530EB090540E0091550E46
:10BC10001091560E4CC8C501B4010F9436B54B01B6
:10BC20005C01C701B6010F9436B59B01AC01C5019B
:10BC3000B4010F9495BB6B017C0122966CAD7DAD78
:10BC40008EAD9FAD22970F9436B59B01AC01C70115
:10BC5000B6010F9495BB0F9463BF2EE6229DF001B1
:10BC6000239DF00D1124E35EF84F65A776A787A703
:10BC700090ABBBC82A962CAD3DAD4EAD5FAD2A97BB
:10BC8000232B242B252B09F40EC160914B0E7091B0
:10BC90004C0E80914D0E90914E0E29A53AA54BA5C4
:10BCA0005CA50F943AB50F9473BC0F940DBD2B0196
:10BCB0003C018091C6059091C705A091C805B0913F
:10BCC000C9058DA79EA7AFA7B8AB20E030E0A901BA
:10BCD000BC01CD010F941EBE18160CF0EDC020E083
:10BCE00030E0A90126966CAD7DAD8EAD9FAD269757
:10BCF0000F941EBE87FDE0C022966CAD7DAD8EAD6B
:10BD00009FAD22979F7720E030E040E05FE30F9403
:10BD10008ABC87FFD1C08EE6829D8001839D100D75
:10BD200011240759184F81E0D8018C9320913005D8
:10BD300030913105409132055091330569A17AA1C6
:10BD40008BA19CA10F9494BB69AB7AAB8BAB9CABE2
:10BD500020913405309135054091360550913705D5
:10BD60006DA17EA18FA198A50F9494BB4B015C019E
:10BD7000209138053091390540913A0550913B05A5
:10BD8000A8966CAD7DAD8EAD9FADA8970F9494BB7A
:10BD90006B017C0129A93AA94BA95CA9CA01B90187
:10BDA0000F943AB569AB7AAB8BAB9CABA501940110
:10BDB000C501B4010F943AB59B01AC0169A97AA9F8
:10BDC0008BA99CA90F9495BB4B015C01A70196011F
:10BDD000C701B6010F943AB59B01AC01C501B4018E
:10BDE0000F9495BB0F9463BF6B017C0120913C05C0
:10BDF00030913D0540913E0550913F05AA96EEAD2C
:10BE0000FFADAA9760817181828193810F9494BB69
:10BE1000A70196010F9494BC6A966CAF7DAF8EAF6C
:10BE20009FAF6A9720E030E040E450E40F941EBEDC
:10BE300018160CF49EC020E030E0A9016A966CADA3
:10BE40007DAD8EAD9FAD6A970F941EBE18160CF097
:10BE500042C06A962CAD3DAD4EAD5FAD6A976DA503
:10BE60007EA58FA598A90F943AB59B01AC0160916E
:10BE70006B0E70916C0E80916D0E90916E0E0F9402
:10BE800094BC29A53AA54BA55CA50F943AB50F948F
:10BE900073BC0F940DBD6415750586059705D8F420
:10BEA0002B013C0118C06091D70E7091D80E809183
:10BEB000D90E9091DA0EF1CE8EE6829DF001839D2F
:10BEC000F00D1124E759F84F10826A961CAE1DAE92
:10BED0001EAE1FAE6A9710E000E0A496EEADFFAD77
:10BEE000A497E00FF11FE35EF84FC080D180E2809D
:10BEF000F380C114D104E104F104A1F1F801E1558A
:10BF0000FA4F608171818281938164157505860580
:10BF1000970540F50F94F9B429AD3AAD4BAD5CAD42
:10BF20000F943AB54B015C01C701B6010F94FBB405
:10BF30009B01AC01C501B4010F9494BC6B017C0161
:10BF4000C301B2010F94F9B49B01AC01C701B60162
:10BF50000F948ABC87FF06C0C701B6010F940DBDC0
:10BF60002B013C010C5F1F4F0031110509F0B5CFCB
:10BF700001C9D8011C92AFCFC9A6DDA6E9AAF9AEC6
:10BF800021E02DABB1C927962FAD27972B963FAD5A
:10BF90002B972F964FAD2F9763965FAD63976B9658
:10BFA0006FAD6B976D967FAD6D97C8010F9494BC84
:10BFB000EC966CAF7DAF8EAF9FAFEC976B96EFAD0D
:10BFC0006B97EDAF6D96FFAD6D97FDAB0EAF239602
:10BFD0001FAF239704CAF7FAF094F7F8F094A5017D
:10BFE0009401C701B6010F948ABC87FF77CA750117
:10BFF000640174CAC701B6010F948ABC87FD09C0E9
:10C0000020E030E0A901C501B4010F941EBE18164E
:10C010002CF4A5019401C701B6015CCAB7FAB0942B
:10C02000B7F8B094A7019601C501B4010F941EBEE4
:10C0300018160CF053CADBCF8EE6829DF001839D6B
:10C04000F00D1124E35EF84F85A9846085ABA9A5A6
:10C05000ADAFBDA5BDABE9A9EEAFF9AD2396FFAF7E
:10C060002397BCCA81E030CB20916B0E30916C0ECF
:10C0700040916D0E50916E0EC701B601C1CB20E00C
:10C0800030E44CE156E4C701B6010F941EBE181609
:10C09000D4F48EE6829D8001839D100D1124035EF1
:10C0A000184F7801BDE4EB0EF11CA5019401C50108
:10C0B000B4010F9495BB0F940DBDF701718360839C
:10C0C000369682E0E2CB20E03FEF4FE757E4C50130
:10C0D000B4010F948ABC87FF19C08EE6829D80014F
:10C0E000839D100D11240659184FC501B4010F94FA
:10C0F0000DBDD8016D937C938EE6829DF001839DEA
:10C10000F00D1124E059F84F81E0BFCB8EE6829DFF
:10C11000F001839DF00D1124E659F84F8FEF9FEF4A
:10C1200091838083E9CFF60171A482A493A4E4A44F
:10C13000272D382D492D5E2D65A176A187A190A5CB
:10C140000F948ABC882309F451C001FD44C0D50175
:10C1500095962D903D904D905C909897A2019101FD
:10C16000672D782D892D9E2D0F948ABC18169CF56D
:10C17000A2019101C201B1010F943AB51B012C013A
:10C18000F60161A972A983A994A990589B01AC01F9
:10C190000F9495BBD6019D962D913D914D915C914B
:10C1A000D0970F943AB59B01AC01C201B1010F9435
:10C1B00094BB0F9463BF2B015C019B01AC01672D05
:10C1C000782D892D9E2D0F948ABC87FD04C0742C78
:10C1D000852C9A2CEB2C872D982DA92DBE2DF601A0
:10C1E00085A396A3A7A3B0A7016005AB111101C059
:10C1F00010E11150169DC001112456019C01235ECF
:10C20000384F69010BCC6C012FCC8FBF0D945A5362
:10C210004F925F926F927F928F929F92AF92BF9256
:10C22000CF92DF92EF92FF92CF93DF93CDB7DEB73D
:10C230002C970FB6F894DEBF0FBECDBFC090F206AC
:10C24000D090F306E090F406F090F5068091EE06AB
:10C250009091EF06A091F006B091F1064091EA06A8
:10C260005091EB066091EC067091ED064D835E8374
:10C270006F83788789839A83AB83BC83BE016F5FAA
:10C280007F4FCE0105960E943C5B4D805E806F80A3
:10C29000788420911B0E30911C0E40911D0E509100
:10C2A0001E0EC301B2010F943AB50F94D2BE609333
:10C2B000FB067093FC068093FD069093FE06898032
:10C2C0009A80AB80BC8020911F0E3091200E40914F
:10C2D000210E5091220EC501B4010F943AB50F946E
:10C2E000D2BE6093FF06709300078093010790937E
:10C2F000020780911B14882309F48CC0A5019401C6
:10C30000C301B2010F94FF7A9B01AC01C701B601D2
:10C310000F9495BB2091230E3091240E4091250E51
:10C320005091260E0F943AB50F94D2BE6093030736
:10C330007093040780930507909306078091F60693
:10C340009091F706A091F806B091F90689879A872F
:10C35000AB87BC872091270E3091280E4091290E83
:10C3600050912A0EBC01CD010F943AB50F94D2BE64
:10C3700060930707709308078093090790930A0753
:10C38000409230055092310560923205709233052B
:10C390008092340590923505A0923605B09237050B
:10C3A000C0923805D0923905E0923A05F0923B05EB
:10C3B00089859A85AB85BC8580933C0590933D0526
:10C3C000A0933E05B0933F050F947A8F10921C0501
:10C3D00010921D0510921E0510921F05E0E2F5E077
:10C3E00080E1DF011D928A95E9F72C960FB6F8944B
:10C3F000DEBF0FBECDBFDF91CF91FF90EF90DF90FA
:10C40000CF90BF90AF909F908F907F906F905F90F4
:10C410004F9008952091230E3091240E4091250EC7
:10C420005091260EC701B6017DCF4F925F926F9259
:10C430007F928F929F92AF92BF92CF92DF92EF92B4
:10C44000FF920F931F93CF93DF931F921F92CDB74D
:10C45000DEB7A82E85E59CE40E9403EE1092EA0662
:10C460001092EB061092EC061092ED061092EE067A
:10C470001092EF061092F0061092F1069EEAE92E55
:10C480009DE0F92ED12CC12C27E0B22E8C2D6B2DE6
:10C490000F9428BB082F992E42E050E0B701CE013F
:10C4A00001960F945DBA69817A816115710511F069
:10C4B000DD24D3942B2D020380011124090D111DBD
:10C4C00097FC1A95000F111F000F111F055E1B4EE0
:10C4D000072E000C880B990B0F94FBB42FE632E16A
:10C4E00043E85AE30F943AB5F8016183728383837A
:10C4F0009483F2E0EF0EF11CC39421E3C212C6CF85
:10C500008AED9EE00F9475BA6093F2067093F3067D
:10C510008093F4069093F5068EE69FE00F9475BA2B
:10C520006093F6067093F7068093F8069093F906E9
:10C530000E9419510E94BF718AEE96E00E94425DEE
:10C540000E942D580F94086182E49BE40E94576F6B
:10C550008091F5068F938091F4068F938091F30676
:10C560008F938091F2068F938091F1068F93809143
:10C57000F0068F938091EF068F938091EE068F9354
:10C580008091ED068F938091EC068F938091EB065E
:10C590008F938091EA068F9383EE99E49F938F9314
:10C5A0000F942FB981E08093E906159888ED9EE0FD
:10C5B0000F947BBA90930F0E80930E0E8BE89FE042
:10C5C0000F946DBA90E09093C9068093C80688EEE8
:10C5D0009EE00F9475BA60939102709392028093DB
:10C5E0009302909394028EED9EE00F947BBA909309
:10C5F000BE028093BD0240E150E067E37DE081E848
:10C6000092E00F945DBA8CE69FE00F947BBA909312
:10C61000CB058093CA058CE29DE00F9475BA6093B8
:10C62000C6057093C7058093C8059093C9058DE72B
:10C630009CE00F947BBA90936C0280936B0240E174
:10C6400050E06DE67CE08BE39EE00F945DBA40E144
:10C6500050E06DE57CE083EC9EE00F945DBA40E134
:10C6600050E06DE47CE08BE29EE00F945DBA40E127
:10C6700050E06DE37CE083EB9EE00F945DBA89E3CC
:10C680009CE00F9475BA6093530E7093540E809390
:10C69000550E9093560E85E39CE00F9475BA609307
:10C6A000570E7093580E8093590E90935A0E81E353
:10C6B0009CE00F9475BA60935B0E70935C0E809350
:10C6C0005D0E90935E0E40E150E061E27CE08FE50C
:10C6D0009EE00F945DBA8FE79CE00F946DBA0FB6A1
:10C6E000F894DEBF0FBECDBF8130B1F420E030E062
:10C6F00040EA51E46091F2067091F3068091F406ED
:10C700009091F5060F9495BB6093F2067093F30633
:10C710008093F4069093F5068FE79CE00F946DBA32
:10C72000811123C020E030E040EA51E46091F2063C
:10C730007091F3068091F4069091F5060F9495BBE5
:10C740009F938F937F936F9387E49CE49F938F9342
:10C750000E943E8861E08FE79CE00F9491BA0F90B1
:10C760000F900F900F900F900F9061E08FE39CE47B
:10C770000E94788780910F0E8F9380910E0E8F9379
:10C7800086E39CE49F938F930E943E888091C90624
:10C790008F938091C8068F938DE29CE49F938F9333
:10C7A0000E943E888CE89FE00F946DBA0FB6F89413
:10C7B000DEBF0FBECDBF811110C080910F0E8F93D1
:10C7C00080910E0E8F9384E29CE49F938F930E943E
:10C7D0003E880F900F900F900F9061E087E19EE2EE
:10C7E0000E947887A11017C061E089E19CE40E9453
:10C7F00078878FE38F9380E88F931F921F928EE349
:10C800009AE49F938F930E943E880F900F900F9011
:10C810000F900F900F9088E29AE40F9456B90E94FF
:10C820004A7088E89FE00F946DBA882E89E89FE0EF
:10C830000F947BBA8C0185E39DE00F947BBAF82EB0
:10C84000E92E8FE09CE40E94576FB801012E000C86
:10C85000880B990B0E94BD6E8FEF9BE40E94576F6F
:10C860008F2D9E2D0F94567C80916A02811102C0FB
:10C870000E9463888DE99FE00F9475BAC62EB72E8B
:10C88000A82E992E81EA9FE00F9475BA762E672E16
:10C89000582E492E20E030E040E85FEB6C2D7B2DD8
:10C8A0008A2D992D0F948ABC882399F04F925F921C
:10C8B0006F927F929F92AF92BF92CF9288EE9BE44D
:10C8C0009F938F930E943E880FB6F894DEBF0FBEF1
:10C8D000CDBFDD2029F061E08BED9BE40E947887DD
:10C8E0008DE89FE00F9475BA9F938F937F936F931A
:10C8F00081ED9BE49F938F930E943E8881E19DE0B0
:10C900000F9475BAD62EC72EB82EA92E8DE09DE0B5
:10C910000F9475BA962E772E682E592E89E09DE0D9
:10C920000F9475BA9F938F937F936F935F926F92DB
:10C930007F929F92AF92BF92CF92DF9287EB9BE460
:10C940009F938F930E943E888FE38F9380E88F930D
:10C950001F921F928EE39AE49F938F930E943E88CA
:10C960008EE69FE00F9475BA9F938F937F936F939A
:10C970008CEA9BE49F938F930E943E880FB6F894B5
:10C98000DEBF0FBECDBF82E79FE00F946DBA882354
:10C9900029F061E088EA9BE40E9478871F930F9357
:10C9A00081EA9BE49F938F930E943E88EF92FF92CF
:10C9B0008AE09AE49F938F930E943E881F928F9201
:10C9C00088E99BE49F938F930E943E8881E99FE0D2
:10C9D0000F9475BA20916A020FB6F894DEBF0FBEAD
:10C9E000CDBF211133C09F938F937F936F938FE8B7
:10C9F0009BE49F938F930E943E880F900F900F901F
:10CA00000F900F900F9061E08FE79BE40E94788772
:10CA100061E084E79BE40E94788783E19AE40F94C5
:10CA200056B90E944A700F900F90DF91CF911F91DD
:10CA30000F91FF90EF90DF90CF90BF90AF909F90BD
:10CA40008F907F906F905F904F9008952130D9F62E
:10CA50009F938F937F936F9385E89BE4CACF8F92C8
:10CA60009F92AF92BF92CF92DF92EF92FF920F937D
:10CA70001F934B015C01EAECF6E0E084F18402854F
:10CA8000138524813581468157816081718182813E
:10CA900093811F921F921F921F92E6EDCE2EE6E029
:10CAA000DE2E0F94F3520F900F900F900F901F9166
:10CAB0000F91FF90EF90DF90CF90BF90AF909F903D
:10CAC0008F9008958F929F92AF92BF92CF92DF92F4
:10CAD000EF92FF920F931F934B015C01EAEEF6E099
:10CAE000E084F18402851385248135814681578154
:10CAF00060817181828193811F921F921F921F9288
:10CB0000E6EFCE2EE6E0DE2E0F94F3520F900F905C
:10CB10000F900F901F910F91FF90EF90DF90CF90AB
:10CB2000BF90AF909F908F90089580916F008D7F00
:10CB300080936F000E94375881E08093040E8091AB
:10CB40006F008D7F80936F009091FD0D8091FE0DA1
:10CB5000981769F09091FD0D8091FE0D9817A1F343
:10CB60008091FE0D8F5F8F708093FE0DEDCF109240
:10CB70000606109205068FEF9FEF9093470580936E
:10CB8000460510924305109242050F942A30809179
:10CB90006F00826080936F0010921C0510921D053B
:10CBA00010921E0510921F05E0E2F5E080E1DF0122
:10CBB0001D928A95E9F710921B0510921A050895A7
:10CBC0001F920F920FB60F9211240BB60F928F92F5
:10CBD0009F92AF92BF92CF92DF92EF92FF920F930C
:10CBE0001F932F933F934F935F936F937F938F93F5
:10CBF0009F93AF93BF93CF93DF93EF93FF93EC9803
:10CC00008EE398E40E947E7185EA9FE00F946DBAEE
:10CC1000182F8111DEC20E94E857882309F4A9C3A6
:10CC20000F94CC1F6B017C01C091010ECC2331F01D
:10CC3000C1E080916A02823009F4C0E0D091000E18
:10CC4000D11102C0D091FF0D10924F0210926204D8
:10CC50000E948E89179A1092E706169A1092E8069B
:10CC600064E183E692E00E94055864E183E692E085
:10CC70000E940D5850E040E06091540582E00F940E
:10CC8000D51C64E186E692E00E94055864E186E6E0
:10CC900092E00E940D5850E040E06091550583E01D
:10CCA0000F94D51CC1111BC08091FA06811117C0C9
:10CCB0008091C8068093120680910E0E90910F0EFF
:10CCC00090931106809310068091410483FB88277E
:10CCD00080F98093C5058091430480930F060F94DB
:10CCE0008625C11104C00E942C550E94E254009177
:10CCF0001B1410921B140F949565C1111BC08091D9
:10CD0000FA06811117C080E1EAEEF6E0A1E7B2E091
:10CD100001900D928A95E1F7DD2361F080E090E0CB
:10CD2000A0E8BFEB8093710290937202A09373020C
:10CD3000B09374028090790290907A02A0907B0266
:10CD4000B0907C020023D1F02091750230917602E0
:10CD50004091770250917802609171027091720255
:10CD600080917302909174020F94FF7A9B01AC0141
:10CD7000C501B4010F9494BB4B015C01B501A40142
:10CD80008DE89FE00F94A3BA40917D0250917E02FE
:10CD900060917F02709180028EE69FE00F94A3BAAB
:10CDA0006091C505C1E06C2782E79FE00F9491BABE
:10CDB0000E94007F1092E914C093010E1092040E9D
:10CDC000789420E030E040E85FE36091F6067091EF
:10CDD000F7068091F8069091F9060F9494BB609342
:10CDE000F6067093F7068093F8069093F90660E0D4
:10CDF00070E08EEB92E40F9462650F948151149A67
:10CE000080915405C0E0D1E002C0D695C7958A95BF
:10CE1000E2F782E00F94BB1C60E074E0681B790BC2
:10CE200090E080E00F94F9B44B015C01BE0190E00A
:10CE300080E00F94F9B42091230E3091240E40919C
:10CE4000250E5091260E0F943AB59B01AC01C501F9
:10CE5000B4010F9494BC2AE037ED43E25FE30F94F2
:10CE600095BB2091F2063091F3064091F406509163
:10CE7000F5060F9495BB6093F2067093F3068093CA
:10CE8000F4069093F50665E575E585E591E40F9464
:10CE900062650F9481514091C1055091C205609126
:10CEA000C3057091C40581E99FE00F94A3BACEEA4F
:10CEB000DDE097E0B92E70E060E0002319F1812FEA
:10CEC0006B2D0F941CBBB89EF0011124E90FF11DCE
:10CED000EE0FFF1FEE0FFF1FE55EFB4E20E030E080
:10CEE0004AE754E461817281838194810F943AB559
:10CEF00020E030E040E05FE30F9495BB0F943CBD31
:10CF00000F9406BDCE010F94AFBA1F5F2296113366
:10CF100091F64091F2065091F3066091F4067091FB
:10CF2000F5068AED9EE00F94A3BA409171025091EC
:10CF3000720260917302709174028DE99FE00F9408
:10CF4000A3BA409175025091760260917702709178
:10CF5000780281EA9FE00F94A3BA6091BF057091B7
:10CF6000C00589E89FE00F94AFBA609139027091D3
:10CF70003A0285E39DE00F94AFBA6091100670917C
:10CF8000110688ED9EE00F94AFBA609112068BE80F
:10CF90009FE00F9491BA60910F0688E89FE00F948C
:10CFA00091BA4091910250919202609193027091D6
:10CFB000940288EE9EE00F94A3BA6091BD02709136
:10CFC000BE028EED9EE00F94AFBA40914B0E509191
:10CFD0004C0E60914D0E70914E0E81E19DE00F94CC
:10CFE000A3BA40914F0E5091500E6091510E709126
:10CFF000520E8DE09DE00F94A3BA4091D70E509150
:10D00000D80E6091D90E7091DA0E89E09DE00F94F0
:10D01000A3BA40E150E067E37DE081E892E00F943D
:10D0200081BA6091CA057091CB058CE69FE00F94A0
:10D03000AFBA60916A028CE89FE00F9491BA409178
:10D04000C6055091C7056091C8057091C9058CE26D
:10D050009DE00F94A3BA60916B0270916C028DE712
:10D060009CE00F94AFBA40E150E06DE67CE08BE3CA
:10D070009EE00F9481BA40E150E06DE57CE083ECE6
:10D080009EE00F9481BA40E150E06DE47CE08BE2D9
:10D090009EE00F9481BA40E150E06DE37CE083EBC9
:10D0A0009EE00F9481BA4091530E5091540E6091BE
:10D0B000550E7091560E89E39CE00F94A3BA4091EF
:10D0C000570E5091580E6091590E70915A0E85E38B
:10D0D0009CE00F94A3BA40915B0E50915C0E60915E
:10D0E0005D0E70915E0E81E39CE00F94A3BA40E167
:10D0F00050E061E27CE08FE59EE00F9481BA809180
:10D100004004882329F061E08FE79CE00F9491BAF6
:10D1100061E085EA9FE00F9491BA84E69FE00E9467
:10D120002D6D8FEF9EE00E94206D0F94CC1FDC01CF
:10D13000CB018C199D09AE09BF09BF93AF939F9393
:10D140008F9380EC99E49F938F930F942FB99FB79F
:10D15000F894809102018460809302019FBF15982A
:10D160000F900F900F900F900F900F9020E030E0F5
:10D170004FEF52E46091EA067091EB068091EC0665
:10D180009091ED060F948ABC87FD1FC080E090E06F
:10D19000AFE7B3E48093EA069093EB06A093EC0626
:10D1A000B093ED0660E070E08AEF93E40F9462655F
:10D1B0000F94815188E19EE00FB6F894A895809372
:10D1C00060000FBE90936000FFCF80E090E0DC0134
:10D1D000E1CF0F94CC1F6B017C01179A1092E706E8
:10D1E000169A1092E806149A64E183E692E00E948F
:10D1F000055864E183E692E00E940D5850E040E05B
:10D200006091540582E00F94D51C0F9486251092EE
:10D210001B140F9495658090F2069090F306A090F1
:10D22000F406B090F5068AED9EE00F9475BA9B0166
:10D23000AC01C501B4010F9494BB4B015C01E894AF
:10D24000B7F82091230E3091240E4091250E509175
:10D25000260E60E070E080E89FE30F9494BC9B0191
:10D26000AC01C501B4010F941EBE87FD61C00E94D0
:10D27000007F1092E91481E08093010E1092040E59
:10D28000789480915405C0E0D1E002C0D695C7954E
:10D290008A95E2F782E00F94BB1C60E074E0681BA3
:10D2A000790B90E080E00F94F9B44B015C01BE0172
:10D2B00090E080E00F94F9B42091230E3091240E79
:10D2C0004091250E5091260E0F943AB59B01AC016A
:10D2D000C501B4010F9494BC2AE037ED43E25EE34C
:10D2E0000F9495BB2091F2063091F3064091F4061D
:10D2F0005091F5060F9495BB6093F2067093F30678
:10D300008093F4069093F50665E575E585E591E46F
:10D310000F9462650F9481514091F2065091F3068B
:10D320006091F4067091F5068AED9EE00F94A3BA21
:10D3300062E085EA9FE00F9491BA84E69FE00E9444
:10D340002D6D8FEF9EE00E94206D0F94CC1FDC01AD
:10D35000CB018C199D09AE09BF09BF93AF939F9371
:10D360008F938FEC99E49F938F930F942FB90F9421
:10D37000EF51FF91EF91DF91CF91BF91AF919F91CD
:10D380008F917F916F915F914F913F912F911F915D
:10D390000F91FF90EF90DF90CF90BF90AF909F9054
:10D3A0008F900F900BBE0F900FBE0F901F9018958F
:10D3B0002F923F924F925F926F927F928F929F92A5
:10D3C000AF92BF92CF92DF92EF92FF920F931F9393
:10D3D000CF93DF93CDB7DEB7C254D1090FB6F8941F
:10D3E000DEBF0FBECDBF4C015B016A01322E198238
:10D3F0001C821C8E1F8E672B21F510E0CE014C96EF
:10D400000E943E6ECE0101960E943E6E812FCE5B41
:10D41000DF4F0FB6F894DEBF0FBECDBFDF91CF91C7
:10D420001F910F91FF90EF90DF90CF90BF90AF9042
:10D430009F908F907F906F905F904F903F902F9034
:10D440000895FC0183818111D8CFFA0180818F3248
:10D45000C1F4CA016C010196F60120812F32D1F38B
:10D46000F50183818250823060F0618D728DCE0132
:10D470004C960F944E418E01045E1F4F811102C0E5
:10D48000BCCF8501CE0101967C013C012E019CE1BF
:10D49000490E511C2396EFAE23972F2CFE01F796D1
:10D4A000CF010B96AF0120E22193E817F907D9F7D6
:10D4B000960190E067E0D9018D91882349F18F3280
:10D4C00039F1282F8E3239F46A3009F496CF98E07A
:10D4D0006AE09D01F0CFEFE1F1E53491332321F0D3
:10D4E00031968313FACF89CF691708F486CF3FEDC1
:10D4F000380F3E3508F081CF3FE9380F3A3110F44C
:10D5000020EE280FFA01E90FF11D20839F5FE1CF84
:10D510008FA9803209F471CF6901F90180812F5FF1
:10D520003F4F8F32C9F38823D9F021E0B801C701FA
:10D530000F94BC45882309F460CF0A151B0519F028
:10D54000C8010F94F543942D852D6E147F0421F0AE
:10D5500023969FAD2397822D8701E92EF82E9ECF2B
:10D56000232DB801C4010F94BC45182F47CFE1E823
:10D57000F7E14081518162817381480F591F611D1C
:10D58000711D408351836283738308952F923F926C
:10D590004F925F926F927F928F929F92AF92BF92C3
:10D5A000CF92DF92EF92FF920F931F93CF93DF936F
:10D5B00000D01F921F92CDB7DEB71C012A013B019C
:10D5C00000E210E019829981892F90E09B838A8381
:10D5D000801791079CF5880F991F880F991F9D83CD
:10D5E0008C83820D931D9B838A83FC01C080D18034
:10D5F000E280F3808C819D810496820D931D9D8332
:10D600008C83FC0180809180A280B380A50194016D
:10D61000C701B6010F941EBE181664F4EA81FB819F
:10D6200080829182A282B382EC81FD81C082D1820C
:10D63000E282F382F981FF5FF983C5CF01501109BE
:10D6400008F6F101E05CFF4F208131814281538176
:10D65000C301B2010F943AB56B017C0120E030E0C8
:10D6600040E05FEB0F948ABC87FD10C020E030E003
:10D6700040E05FE3C701B6010F948ABC18165CF462
:10D68000C12CD12CE12C8FE3F82E05C0C12CD12C5C
:10D69000E12C9FEBF92EC701B6010F900F900F9070
:10D6A0000F900F90DF91CF911F910F91FF90EF900E
:10D6B000DF90CF90BF90AF909F908F907F906F90B2
:10D6C0005F904F903F902F9008950F94CC1F6093E0
:10D6D000B3137093B4138093B5139093B613089556
:10D6E0008091F913882369F08091F813882349F019
:10D6F00088EB94E70E947E718091F81381508093AB
:10D70000F81308959F92AF92BF92CF92DF92EF925B
:10D71000FF920F931F93CF93DF93CDB7DEB7E097C0
:10D720000FB6F894DEBF0FBECDBF8C01E090E113C1
:10D73000FE01319621E030E05F01F12C40E1C42E82
:10D74000D12C50E2952EC701821B930BB6010F948A
:10D750004ABBDC01BB27AC55BC4E9D968C91482F33
:10D7600050E094E0559547959A95E1F796EF940F20
:10D770009630A8F1405D40838F7096EF980F9630F9
:10D7800080F1805D818392822F5F3F4F33962131FC
:10D790003105C9F618AA81E395E70E94576F8BE21D
:10D7A00095E70E94576FC8010E94576F83EE94E778
:10D7B0000E94576FC5010E94EC82E0960FB6F89464
:10D7C000DEBF0FBECDBFDF91CF911F910F91FF90B4
:10D7D000EF90DF90CF90BF90AF909F900895495AFF
:10D7E000CACF895ACFCF9C019091B8139A3011F4C7
:10D7F0006093B71391509093B81391110DC0C90164
:10D800000F94826B84ED94E70E947E718AE080938E
:10D81000B8138091B713089580E00895CF93DF93F4
:10D82000CDB7DEB72E970FB6F894DEBF0FBECDBFD3
:10D830002EE330E03A832983FE0133962CE0DF01AA
:10D840001D922A95E9F7DE011296482FFC019D01F1
:10D850008E2F841B861740F4819190EE980F90369E
:10D8600008F08EE28D93F4CFF901E60FF11D1082DE
:10D870004EE050E067E375E7CE0101960F944CB897
:10D88000892B59F44EE050E0BE016F5F7F4F8BEF64
:10D8900092E10F94DFC0892B61F081E395E70E944C
:10D8A000576F8BE295E70E94576FCE0101960E9459
:10D8B000EC824EE050E0BE016F5F7F4F8BEF92E154
:10D8C0000F94EDC02E960FB6F894DEBF0FBECDBFFD
:10D8D000DF91CF910895CF92DF92EF92FF921F9345
:10D8E000CF93DF93CDB7DEB762970FB6F894DEBF64
:10D8F0000FBECDBF4E875F87688B798B8A8B49833C
:10D90000852F511131C080E38A8311E0E1E0E10FFE
:10D9100081E090E08C0F9D1F8E0F911DFC018A8984
:10D920009AE29083811127C080E3818381E01E5FAA
:10D93000180FE1E0F0E0EC0FFD1FE10FF11D8AE0B0
:10D9400080831F5FFE0131967F016F01C10ED11CE4
:10D95000EC14FD04B1F0F70181917F016DEE72E1ED
:10D9600090E00F94D5B8F4CFBE016E5F7F4F0E9458
:10D97000744C182FCBCFBF016F5F7F4F0E94744C48
:10D98000D6CF612FCE0101960F940E6C0F94656B6C
:10D9900062960FB6F894DEBF0FBECDBFDF91CF9178
:10D9A0001F91FF90EF90DF90CF9008958F929F92FC
:10D9B000AF92BF92DF92EF92FF920F931F93CF939C
:10D9C000DF93CDB7DEB767970FB6F894DEBF0FBE13
:10D9D000CDBF182F7B01D42E07E50B8B8C8B7E8B54
:10D9E0006D8BCE0143960E94A04C8F8B0E871F87B4
:10D9F000F98AE88ACE010E960E94A04C8A8B098390
:10DA0000111127C080E38A8381E0E1E0E80F21E083
:10DA100030E02C0F3D1F2E0F311DF90190E2908355
:10DA200002E0080FAA24A394B12CAC0EBD1EA00ED8
:10DA3000B11CE114F10439F114E0C7018827907F8B
:10DA4000892B71F424E0EE0CFF1C2A95E1F71150AC
:10DA5000F4CFBE016E5F7F4F812F0E94744CD5CFF3
:10DA60004501882D8A19811790F48F2D82958F702A
:10DA700094E0EE0CFF1C9A95E1F70E946A4CF401C9
:10DA800081934F01EECF80E3F501808311E0100F09
:10DA9000E1E0F0E0EC0FFD1FE10FF11D8A899AE251
:10DAA0009083811121C080E3818381E01F5F180F83
:10DAB000E1E0F0E0EC0FFD1FE10FF11D8AE0808353
:10DAC0001F5F9E012F5F3F4F79015901A10EB11CCD
:10DAD000EA14FB0479F0F70181917F016DEE72E1A8
:10DAE00090E00F94D5B8F4CFBF016F5F7F4F0E94D5
:10DAF000744CDCCF612FCE0101960F940E6C0F9405
:10DB0000656BD092A71367960FB6F894DEBF0FBE71
:10DB1000CDBFDF91CF911F910F91FF90EF90DF90DC
:10DB2000BF90AF909F908F9008952091F2132F5F38
:10DB30002093F213223078F430E0F901EE52FB48E2
:10DB4000849120513C4EF901608170E049E00F94CE
:10DB5000D66C80E0089581E008952F923F924F9215
:10DB60005F926F927F928F929F92AF92BF92CF926D
:10DB7000DF92EF92FF920F931F93CF93DF9300D02A
:10DB80001F921F92CDB7DEB72B011A01F12CE12CA9
:10DB90001C821D8210E050E066246394712C70E0BA
:10DBA00060E09701235E384F3A832983862EC9802F
:10DBB000DA80C60ED71EFC0100E040E030E020E035
:10DBC000AEEFA40FAB83442319F04B3009F07DC0B6
:10DBD000AEEFA20FA83008F47AC02F5F3F4F2C3071
:10DBE000310589F74F5F20E2C20ED11C32964C30CE
:10DBF00029F73C81301718F40C835D83182D6F5F73
:10DC00007F4F6431710591F65F5FA0E2EA0EF11C6F
:10DC1000543129F6EC816E2F70E090E080E00F9493
:10DC2000FBB423EC35EF48EA5FE30F9494BC9F9379
:10DC30008F937F936F93FD816F2F70E090E080E072
:10DC40000F94FBB420E030E040EB50E40F9495BB20
:10DC50009F938F937F936F93612F70E090E080E0AC
:10DC60000F94FBB420E030E040EB50E40F9495BB00
:10DC70009F938F937F936F938AE090E79F938F9307
:10DC80000F942FB9F20110832D81F10120830FB67B
:10DC9000F894DEBF0FBECDBF8C810F900F900F9018
:10DCA0000F900F90DF91CF911F910F91FF90EF9008
:10DCB000DF90CF90BF90AF909F908F907F906F90AC
:10DCC0005F904F903F902F900895222311F02B30BA
:10DCD00021F4AB81A83008F080CF99249394D60129
:10DCE000A20FB31FAC91A13108F4912CA080B18098
:10DCF000D301022E02C0AA0FBB1F0A94E2F7AA2189
:10DD0000BB21BB24B394AB2B09F4B12C9B1065CF82
:10DD10000F5F63CF8F929F92AF92BF92CF92DF92AD
:10DD2000EF92FF92CF93DF9326E537E13093F40E25
:10DD30002093F30E1092721742E050E060E070E022
:10DD400040935B1750935C1760935D1770935E1759
:10DD50001092F20E1092EE0E1092EF0E1092F00E44
:10DD60001092F10E4FEF5FEFBA014093EA0E50931D
:10DD7000EB0E6093EC0E7093ED0E882309F470C0E7
:10DD800040E060E070E0CB010F94923F81110DC044
:10DD9000C0E08C2FDF91CF91FF90EF90DF90CF907C
:10DDA000BF90AF909F908F9008958091B4108F771F
:10DDB00079F78091C0109091C110A091C210B091DC
:10DDC000C31084369105A105B10510F3C090BC10B5
:10DDD000D090BD10E090BE10F090BF10C114D104DF
:10DDE000E104F104A9F240E0C701B6010F94923FAB
:10DDF000C82F882369F28091010F9091020F81153D
:10DE0000924031F6A091060FAA2311F26091040FFF
:10DE10007091050F6115710509F4BACF2091030FB8
:10DE2000222309F4B5CFA0936D1720935F1790E0DC
:10DE300080E030E0E1E0F0E0D82FAF01082E02C032
:10DE4000440F551F0A94E2F72417350769F041E0A3
:10DE5000480F01968930910579F74093681798CF5C
:10DE6000C12CD12C7601BFCF8093681720910C0F65
:10DE700030910D0F50E040E02115310541F4209123
:10DE80001A0F30911B0F40911C0F50911D0F2093C2
:10DE900060173093611740936217509363174601E0
:10DEA0005701860E971EA11CB11C80926E1790928E
:10DEB0006F17A0927017B0927117E091070FF09151
:10DEC000080FF0937417E0937317B0E00F9402BB40
:10DED000DC01CB01880D991DAA1DBB1D8093751710
:10DEE00090937617A0937717B093781725E0EE0FED
:10DEF000FF1F2A95E1F7E150FE4FEF2FFF27E69530
:10DF00008E0F9F1FA11DB11D8093691790936A17F3
:10DF1000A0936B17B0936C178090090F90900A0F25
:10DF2000B12CA12C8114910441F48090160F909093
:10DF3000170FA090180FB090190FC81AD90AEA0A43
:10DF4000FB0AC80CD91CEA1CFB1C04C0F694E7941D
:10DF5000D794C794DA95D2F7C0926417D092651718
:10DF6000E0926617F092671785EFC8168FE0D80623
:10DF7000E104F10420F48CE08093721709CF80E172
:10DF800025EFC2162FEFD206E104F10488F080914C
:10DF9000220F9091230FA091240FB091250F809311
:10DFA000751790937617A0937717B093781780E240
:10DFB00080937217EECE0F931F9360919617709116
:10DFC000971780919817909199170091EA0E1091E8
:10DFD000EB0E2091EC0E3091ED0E60177107820769
:10DFE000930739F140E00F94923F8823F9F0209194
:10DFF0009A1730919B1740918A1750918B17609117
:10E000008C1770918D17421B530B610971094130B8
:10E0100092E059076105710520F040E052E060E0B0
:10E0200070E04A50514F9AE0FA0190831F910F918E
:10E03000089581E0FBCF20E030E040EA52E460E068
:10E0400070E080EA92EC0C94E84C9091141491FDED
:10E0500017C08823A9F092FD13C00E94E64C80915E
:10E060000E0E90910F0E90930914809308148091D6
:10E0700014148460809314148EE591E70C948271DB
:10E0800008958091141480FF47C086E791E70E94AD
:10E0900082718091001490910114A0910214B091AA
:10E0A00003144091FC135091FD136091FE13709185
:10E0B000FF134093EA065093EB066093EC067093CF
:10E0C000ED068093EE069093EF06A093F006B093D2
:10E0D000F10660E070E088E492E40E94084D8091CF
:10E0E000041490910514A0910614B0910714809324
:10E0F000F2069093F306A093F406B093F50660E061
:10E1000070E080E791E40E94084D1092FA06809139
:10E1100014148E7F8093141408950F931F93CF933C
:10E1200090911414911172C0C82F8BE491E70E9452
:10E1300082710E94E64C0F9481518091010E8111F1
:10E1400002C00E943B54CC2309F460C08091141497
:10E150008160809314148091F2069091F306A0914F
:10E16000F406B091F5064091EE065091EF066091ED
:10E17000F0067091F1060091EA061091EB062091ED
:10E18000EC063091ED060093FC131093FD132093E1
:10E19000FE133093FF1340930014509301146093C7
:10E1A0000214709303148093041490930514A093A5
:10E1B0000614B093071460E070E080EA91E40E94D6
:10E1C0005A5F8091E706882309F18091E806882349
:10E1D000E9F080E090E0AAEFB2E48093EA06909341
:10E1E000EB06A093EC06B093ED061092EE061092AB
:10E1F000EF061092F0061092F10660E070E088E4FD
:10E2000092E4CF911F910F910C94084DCF911F91E3
:10E210000F9108952F923F924F925F926F927F924B
:10E220008F929F92AF92BF92CF92DF92EF92FF9226
:10E230000F931F93CF93DF93CDB7DEB7CD5BD14064
:10E240000FB6F894DEBF0FBECDBFC357DE4F998324
:10E250008883CD58D140C157DE4F79836883CF582A
:10E26000D140CE56DE4F59834883C259D14084E114
:10E27000CF56DE4F8883C159D140CE56DE4FA8819C
:10E28000B981C259D1408D919D910D90BC91A02D25
:10E29000C656DE4F88839983AA83BB83CA59D1406F
:10E2A000C157DE4FA881B981CF58D1408D919D9142
:10E2B0000D90BC91A02DCA54DE4F88839983AA8308
:10E2C000BB83C65BD140C357DE4FA881B981CD580F
:10E2D000D1408D919D910D90BC91A02DC654DE4FE3
:10E2E00088839983AA83BB83CA5BD140FE01E75F21
:10E2F000FE4FC855DE4FF983E883C85AD140CE019E
:10E300008B579F4FCA55DE4F99838883C65AD14099
:10E31000DE011196C856DE4FB983A883C859D14093
:10E32000312C212CB101032C000C880B990B0F947C
:10E33000FBB42AE138EF42E45EE30F943AB56B0197
:10E340007C010F9455BFC256DE4F688379838A8360
:10E350009B83CE59D140C701B6010F948FBCCE55D7
:10E36000DE4F688379838A839B83C25AD1409B01A5
:10E37000AC01C656DE4F688179818A819B81CA597A
:10E38000D1400F943AB5C654DE4F288139814A8175
:10E390005B81CA5BD1400F9495BB6B017C0120E08F
:10E3A00030E0A9010F948ABC18160CF07AC2C2564C
:10E3B000DE4F288139814A815B81CE59D140C656D2
:10E3C000DE4F688179818A819B81CA59D1400F943F
:10E3D0003AB5CA54DE4F288139814A815B81C65BD8
:10E3E000D1400F9495BB4B015C0120E030E0A901C6
:10E3F0000F948ABC18160CF054C220E030E048EFAD
:10E4000051E4C701B6010F941EBE87FF4AC220E047
:10E4100030E048EF51E4C501B4010F941EBE87FF00
:10E4200040C2C701B6010F943CBD9B01AC01C701BE
:10E43000B6010F9494BB2B013C01C501B4010F94AC
:10E440003CBD9B01AC01C501B4010F9494BBCC56FB
:10E45000DE4F688379838A839B83C459D140A301AB
:10E46000920160E070E080E89FE30F9494BBC25596
:10E47000DE4F688379838A839B83CE5AD140CC5602
:10E48000DE4F288139814A815B81C459D14060E0E7
:10E4900070E080E89FE30F9494BBCE54DE4F688316
:10E4A00079838A839B83C25BD140C701B6010F94F5
:10E4B0000DBD6B01FB013196C655DE4FF983E88334
:10E4C000CA5AD140C501B4010F940DBD8B0195E02E
:10E4D000000F111F9A95E1F7C8018096C455DE4FD1
:10E4E00099838883CC5AD140F801EC0DFD1DE35E81
:10E4F000F84F608170E090E080E00F94FBB44B0136
:10E500005C01CE54DE4F288139814A815B81C25B38
:10E51000D140C255DE4F688179818A819B81CE5A74
:10E52000D1400F943AB59B01AC01C501B4010F94E1
:10E530003AB54B015C01C455DE4FE881F981CC5AF4
:10E54000D140EC0DFD1DE35EF84F608170E090E07E
:10E5500080E00F94FBB46B017C01C255DE4F288133
:10E5600039814A815B81CE5AD140CC56DE4F6881D9
:10E5700079818A819B81C459D1400F943AB59B011E
:10E58000AC01C701B6010F943AB59B01AC01C501BE
:10E59000B4010F9495BB6B017C01C655DE4FA88179
:10E5A000B981CA5AD1400A0F1B1FF801E35EF84F28
:10E5B000608170E090E080E00F94FBB44B015C015F
:10E5C000CE54DE4F288139814A815B81C25BD140C4
:10E5D000C301B2010F943AB59B01AC01C501B4016E
:10E5E0000F943AB59B01AC01C701B6010F9495BBDE
:10E5F0006B017C01C655DE4FE881F981CA5AD140D2
:10E60000C455DE4F88819981CC5AD140E80FF91F5B
:10E61000E35EF84F608170E090E080E00F94FBB41F
:10E620004B015C01CC56DE4F288139814A815B81E8
:10E63000C459D140C301B2010F943AB59B01AC015A
:10E64000C501B4010F943AB59B01AC01C701B601F5
:10E650000F9495BB20E030E040E052E40F9494BB6F
:10E660006B017C01AC019B01CE55DE4F6881798145
:10E670008A819B81C25AD1400F943AB5C855DE4F6A
:10E68000A881B981C85AD1406D937D938D939D9394
:10E69000C855DE4FB983A883C85AD140A701960157
:10E6A000C256DE4F688179818A819B81CE59D140E3
:10E6B0000F943AB5CA55DE4FE881F981C65AD14068
:10E6C0006193719381939193CA55DE4FF983E883E7
:10E6D000C65AD140C856DE4FA881B981C859D14029
:10E6E000CD92DD92ED92FD92C856DE4FB983A8839C
:10E6F000C859D140BFEF2B1A3B0AE1E22E16310474
:10E7000009F010CE40E050E060E07DE3CE01875F8D
:10E710009E4F0F94C66A9B01AC01C357DE4FA88180
:10E72000B981CD58D1406D917D918D919C910F947F
:10E7300095BBC357DE4FE881F981CD58D140608346
:10E7400071838283938340E050E060E07DE3CE01FB
:10E750008B579F4F0F94C66A9B01AC01C157DE4F88
:10E76000A881B981CF58D1406D917D918D919C91B7
:10E770000F9495BBC157DE4FE881F981CF58D14046
:10E78000608371838283938340E050E060E87CE3A0
:10E79000CE0101960F94C66ACE56DE4FA881B9818C
:10E7A000C259D1402D913D914D915C910F9495BBF3
:10E7B000162F072FF82EE92E20E030E040E050E43D
:10E7C0000F948ABC18162CF010E000E0F12C80E4C5
:10E7D000E82EA8019701852F902FA32FBE2DCE568E
:10E7E000DE4FE881F981C259D14080839183A283B1
:10E7F000B383CF56DE4FF881C159D140F150CF5687
:10E80000DE4FF883C159D140F11137CDEF92FF921D
:10E810000F931F93C157DE4FA881B981CF58D140C4
:10E8200013968C9113978F9312968C9112978F93C6
:10E8300011968C9111978F938C918F93C357DE4FC4
:10E84000E881F981CD58D14083818F9382818F9364
:10E8500081818F9380818F938EE290E79F938F9336
:10E860000F942FB90FB6F894DEBF0FBECDBFC354BF
:10E87000DE4F0FB6F894DEBF0FBECDBFDF91CF9154
:10E880001F910F91FF90EF90DF90CF90BF90AF90CE
:10E890009F908F907F906F905F904F903F902F90C0
:10E8A000089560E070E0CB01D5CEEF92FF920F9318
:10E8B0001F93CF93DF931F921F92CDB7DEB7F82E31
:10E8C000E62E80E197E29A8389838A01169507955F
:10E8D0008F2D0E9408E70150110978F028EC30E0F4
:10E8E000AE014F5F5F4F68EE73E08F2D0E94D9E558
:10E8F0006E2D8F2D0E9421E7EECF6E2D8F2D0E9461
:10E9000008E70F900F90DF91CF911F910F91FF902B
:10E91000EF9008952F923F924F925F926F927F9265
:10E920008F929F92AF92BF92CF92DF92EF92FF921F
:10E930000F931F93CF93DF93CDB7DEB76C970FB6CE
:10E94000F894DEBF0FBECDBF6C015B014A01190117
:10E9500018870F83FA82E982D7018D919C9160ED2F
:10E9600072E00F9436BB9C8F8B8F9F938F933F9257
:10E970002F931F9284E68F939F928F92BF92AF92B4
:10E98000DF92CF928CEA9FE69F938F930F942FB9DB
:10E990000FB6F894DEBF0FBECDBF22273327221952
:10E9A00033093A8F298FC401990CAA0BBB0B8987B5
:10E9B0009A87AB87BC879501BB0C440B550B298B01
:10E9C0003A8B4B8B5C8BC601DD0CAA0BBB0B8D8B82
:10E9D0009E8BAF8BB88F121413040CF0BAC08B8DC2
:10E9E0009C8D6CE370E00F9436BB10E1161B2B8DF1
:10E9F0003C8DD1010F948DBB0F94F9B420E030E031
:10EA000044E354E40F9494BC6B017C016F817885DE
:10EA1000EB8DFC8D6E0F7F1F90E080E00F94F9B4BA
:10EA200025E33AEF4EE85CE30F943AB54B015C0105
:10EA30000F948FBC6B837C838D839E83C501B4014F
:10EA40000F9455BF2B013C0169857A858B859C8588
:10EA50000F94FBB44B015C012B8D3C8DA4E6B0E020
:10EA60000F940DBB0F94FBB420E030E044E354E47A
:10EA70000F9494BC9B01AC01C501B4010F9494BBED
:10EA80000F9406BD6D877E878F87988B69897A89F9
:10EA90008B899C890F94FBB44B015C01A30192010B
:10EAA000C701B6010F943AB59B01AC01C501B40191
:10EAB0000F9495BB0F9406BD4B016D897E898F899C
:10EAC000988D0F94FBB42B013C01A70196016B813B
:10EAD0007C818D819E810F943AB59B01AC01C3016D
:10EAE000B2010F9495BB0F9406BDCB0101E020E469
:10EAF00031E04D855E85B4010E9461E7212F30E051
:10EB00008823B9F14B8D5C8D420F531F4F5F5F4FD0
:10EB10005C8F4B8FEB8DFC8DA981BA81ED93FC93BB
:10EB20006C960FB6F894DEBF0FBECDBFDF91CF91CC
:10EB30001F910F91FF90EF90DF90CF90BF90AF901B
:10EB40009F908F907F906F905F904F903F902F900D
:10EB500008952FEC32E0AB8DBC8D2A1B3B0BC90115
:10EB60006CE370E00F9436BB10E1161BA98DBA8DD3
:10EB700041CF2F5F3F4FAB8DBC8DA20FB31FBC8F1A
:10EB8000AB8FA03DB24008F426CFC4CF2F923F9266
:10EB90004F925F926F927F928F929F92AF92BF92AD
:10EBA000CF92DF92EF92FF920F931F93CF93DF9359
:10EBB000CDB7DEB7CA55D1090FB6F894DEBF0FBE88
:10EBC000CDBF63969FAF8EAF63978B016A017E01C5
:10EBD00025E4E20EF11C80E197E2F7019183808346
:10EBE00089EF9FE69F938F930F942FB92DE137E024
:10EBF00061963FAF2EAF6197C801805E93402B9620
:10EC00009FAF8EAF2B970F900F90E0E4F0E0299626
:10EC1000FFAFEEAF299763962EAD3FAD6397205EB1
:10EC2000334069963FAF2EAF699729964EAC5FACE3
:10EC30002997312C63968EAD9FAD639780529C4F80
:10EC40006B969FAF8EAF6B97609013077090140711
:10EC500080901507909016076B96AEACBFAC6B9783
:10EC6000311004C06996AEACBFAC699780910B07B8
:10EC700090910C07A0910D07B0910E07F501E81BCC
:10EC8000F90BCF0171F0AF01F7FF04C044275527FE
:10EC90004E1B5F0B692F661F6627661F81E00F946E
:10ECA000557480910F0790911007A0911107B091B2
:10ECB00012072B964EAD5FAD2B97481B590B57FD96
:10ECC000B2C060E04115510509F0AEC08091130754
:10ECD00090911407A0911507B0911607681A790A48
:10ECE00077FCABC060E06114710409F0A7C04091EB
:10ECF000130750911407609115077091160700E0F3
:10ED000028EC30E02B966EAD7FAD2B97C5010E94AD
:10ED100061E7632D80E00F94A13D5F924F9285EFF4
:10ED20009FE69F938F930F942FB963E084E00E9436
:10ED300080605F924F9286EE9FE69F938F930E9432
:10ED400031600FB6F894DEBF0FBECDBF21E030E0DA
:10ED5000311002C02FEF3FEF40EC4203C001439F50
:10ED6000900D112467969FAF8EAF679740EE53E0EA
:10ED7000249F4001259F900C349F900C1124639692
:10ED8000EEADFFAD63978E0E9F1E9E012F5F3F4F2E
:10ED90002D963FAF2EAF2D9761968EAD9FAD6197AB
:10EDA0002F969FAF8EAF2F97712C612CE0E1F7E289
:10EDB0002796FFAFEEAF279780910B0790910C0736
:10EDC000A0910D07B0910E078401081B190B17FFC6
:10EDD00003C0119501951109980135952795659600
:10EDE0003FAF2EAF65971C9B33C045E0242E659640
:10EDF000AEACBFAC6597632D822D0E9408E731E071
:10EE0000A31AB10840F128EC30E0A70168EE73E0E6
:10EE1000822D0E94D9E5632D822D0E9421E7EFCF3C
:10EE20003324339411CF62E057FF03C051954195CD
:10EE3000510982E00F94557449CF64E0A30177FE35
:10EE400003C051954195510984E00F9455744FCFFB
:10EE500022242394CCCF6596EEADFFAD65970E1BB3
:10EE60001F0B23961FAF0EAF2397632D822D0E9499
:10EE700008E79E012F5B3F4FA70168EE73E0822DEC
:10EE80000E947FE6882329F0632D822D0E9421E7CE
:10EE9000F0CF60E082E00F94A13D20E137E22796B9
:10EEA0003FAF2EAF279700911307109114072091C1
:10EEB000150730911607005A164F17FF02C00F5F53
:10EEC0001F4F159507958091130790911407A091F6
:10EED0001507B091160780179107F4F41C9B1CC00E
:10EEE00028EC30E0A70168EE73E084E00E94D9E5E9
:10EEF0008091130790911407A0911507B091160700
:10EF00000196A11DB11D8093130790931407A09340
:10EF10001507B0931607D7CF1C9B3FC080911307EE
:10EF200090911407A0911507B0911607E0E6F9E05B
:10EF3000E81BF90BCF01F7FF02C090E080E02596B7
:10EF40009FAF8EAF25971C9B28C08091130790918F
:10EF50001407A0911507B091160780369940ECF47C
:10EF60009E012D5B3F4FA70168EE73E084E00E9495
:10EF70007FE68091130790911407A0911507B09137
:10EF800016070196A11DB11D8093130790931407D6
:10EF9000A0931507B0931607D6CF60E084E00E94D7
:10EFA00008E7F701208131812031F7E23F0758F46B
:10EFB000A70168E17CEF84E00E94D9E560E084E08D
:10EFC0000E9421E7EECF61E082E00F94A13D20E1B5
:10EFD00037E2F70131832083009113071091140762
:10EFE00020911507309116070C0D1D1D17FF02C04B
:10EFF0000F5F1F4F15950795809113079091140788
:10F00000A0911507B0911607081719070CF0D9C081
:10F010001C9BBBC00091130710911407209115078A
:10F02000309116071C9928C08091130790911407FE
:10F03000A0911507B09116078C199D0997FF02C082
:10F0400090E080E025969FAF8EAF25971C990CC06D
:10F050008091130790911407A0911507B09116079E
:10F06000C816D9060CF4AFC000911307109114070D
:10F07000209115073091160780911307909114077E
:10F08000A0911507B0911607C816D9063CF4F701F0
:10F09000808191818031974208F4B2C00C191D091A
:10F0A0003110CAC0F301EE0FFF1F21E030E02C0F3A
:10F0B0003D1FE20FF31F11830083FFEF6F1A7F0ADA
:10F0C00067962EAD3FAD6797820E931E2D968EAD3F
:10F0D0009FAD2D9702972D969FAF8EAF2D972F96B0
:10F0E000EEADFFAD2F9731972F96FFAFEEAF2F9775
:10F0F000F0E26F16710409F059CE21E0421A51086E
:10F1000031E033128DCE61968EAD9FAD61978096C2
:10F1100061969FAF8EAF61972B96EEADFFAD2B97AB
:10F12000E05CFF4F2B96FFAFEEAF2B9729962EADED
:10F130003FAD29972250310929963FAF2EAF29972D
:10F14000232B09F072CD84EE9FE69F938F930F944B
:10F150002FB90F900F90C65ADF4F0FB6F894DEBF4D
:10F160000FBECDBFDF91CF911F910F91FF90EF9018
:10F17000DF90CF90BF90AF909F908F907F906F90D7
:10F180005F904F903F902F90089528EC30E0A701BA
:10F1900068EE73E084E00E94D9E5809113079091B6
:10F1A0001407A0911507B09116070197A109B1099D
:10F1B0008093130790931407A0931507B093160735
:10F1C0001BCF86012FCF9E012D5B3F4FA70168EE1D
:10F1D00073E084E00E947FE680911307909114070A
:10F1E000A0911507B09116070197A109B109809365
:10F1F000130790931407A0931507B093160726CF13
:10F2000028EC30E0A70168E17CEF84E00E94D9E5BA
:10F210008091130790911407A0911507B0911607DC
:10F220000197A109B1098093130790931407A09344
:10F230001507B093160720CF2D96EEADFFAD2D9795
:10F2400086AD97AD012E000C220B330B080F191F52
:10F25000211D311D36952795179507950F3F1105EF
:10F260002105310529F020F00FEF10E020E030E01B
:10F270002F96EEADFFAD2F97078F1FCFEF92FF9226
:10F280000F931F93CF93DF93CDB7DEB72F970FB6B2
:10F29000F894DEBF0FBECDBFE9E0F3E110A211A2EA
:10F2A00012A213A214A215A216A217A210A611A6AA
:10F2B0001092A21304EA13E1EE24E394F12CD80196
:10F2C0001196FC92EE9212961C92129782E8139677
:10F2D0008C9340E060E089EA93E10E94C44C40E0F6
:10F2E00060E08EEA93E10E94C44CF8011786108A10
:10F2F000118A128A138A8AE0848B40E060E0CE0192
:10F3000001960E94C44C85E0FE013196DE011696FE
:10F3100001900D928A95E1F785E0FE013696A9EB02
:10F32000B3E101900D928A95E1F7D8015A961C92AB
:10F330005A975C961C921E925B9789EB93E10E9410
:10F34000B34CF801818F158E168E40E060E083EC9F
:10F3500093E10E94C44CD80194961C9240E060E076
:10F36000CE010B960E94C44C85E0FE013B96DE0167
:10F37000119601900D928A95E1F785E0FE01319694
:10F38000A9ECB3E101900D928A95E1F7F80112A67C
:10F3900014A613A689EC93E10E94B34CD801999668
:10F3A0008C939997DD961C92DD9783EA93E1DF9623
:10F3B0009C938E93DE97F092E513E092E413109203
:10F3C000E6131FEF1093E7130E940C4D8093E81390
:10F3D0001092E9131092EA131092EB131092ED13AE
:10F3E0001092EC131092EF131092EE131092F2138E
:10F3F0001092F3131092F4131092F51383E080939C
:10F40000F8131092F91385E18093F01384E180934F
:10F41000F11383E68093FA138093FB131092FC138D
:10F420001092FD131092FE131092FF13109200140D
:10F4300010920114109202141092031410920414EA
:10F4400010920514109206141092071410920914C9
:10F450001092081410920A148EE290E890930C1403
:10F4600080930B1410930D1410930E14109210141B
:10F4700010920F141093111482E0809312141092C2
:10F480001314109214141092151410921614109252
:10F4900018141092171410921A14109219140F9431
:10F4A0009594E7EEF4E110926F1510927215109298
:10F4B00094151092971589E1809356171092591759
:10F4C00010925A17109272171092791710927C1797
:10F4D0001092FA171092FC171092FB1710928B16CD
:10F4E00010928A161092F6171092F7171092F817CA
:10F4F0001092F9171092FD171092FE171092FF1735
:10F5000010920018128213821082118210928916B2
:10F5100010929C17E7EBF5E182EDDF011D928A95D1
:10F52000E9F71092381510923715109236158AEFB8
:10F5300097E10F942D20E0EEF4E111821282138204
:10F540001482158216821083E3E0F8E11582178297
:10F5500016821186138612860F94CC1F6093191899
:10F5600070931A1880931B1890931C182F960FB63F
:10F57000F894DEBF0FBECDBFDF91CF911F910F91E9
:10F58000FF90EF90089542E00E94D96E0C944F6F67
:10F590008091FA13833609F48FEF08959FB7F8949A
:10F5A000E5E0F1E08081806480839FBF08950F9340
:10F5B0001F93CF93DF93EC010F94CC1F8B010F941B
:10F5C000CF3D8F3F69F00F94CC1F601B710B6C1700
:10F5D0007D07A8F380E0DF91CF911F910F910895EF
:10F5E00081E0F9CF89E797E10F94C04389E797E17C
:10F5F0000F94F543E7EEF4E11082118208952F9203
:10F600003F924F925F926F927F928F929F92AF92B2
:10F61000BF92CF92DF92EF92FF920F931F93CF93FF
:10F62000DF9300D000D000D01F92CDB7DEB72B0102
:10F630003C0149015A0120E030E040EC51E40F94D4
:10F6400094BB20E030E04CE952E40F9494BC6B0191
:10F650007C010F943CBD0F9406BD312C212C77FD0D
:10F660001EC01B01663071051CF045E0242E312CB4
:10F67000822D0E94334F20E030E048EB51E40F949C
:10F6800095BB9B01AC01C301B2010F9494BB20E078
:10F6900030E04CE952E40F9494BC6B017C0120E013
:10F6A00030E040EC50E4C501B4010F9494BB20E07D
:10F6B00030E048E052E40F9494BC69837A838B83F2
:10F6C0009C830F943CBD0F9406BD77FDDAC07A870A
:10F6D00069876630710524F0E5E0F0E0FA87E98794
:10F6E00089850E94204F20E030E040EA50E40F94EA
:10F6F00095BB9B01AC01C501B4010F9494BB20E004
:10F7000030E048E052E40F9494BC69837A838B83A1
:10F710009C83A701960160E070E080E89FE30F946E
:10F7200094BB2B013C0191012F5F3F4F3E832D8302
:10F7300089859A85019698878F8327E0E985FA85E0
:10F740002E9F80012F9F100D1124F801E20DF31D53
:10F75000EE0FFF1FEE0FFF1FE55EFB4E2181328192
:10F7600043815481C301B2010F943AB54B015C014E
:10F77000ED81FE81E00FF11FEE0FFF1FEE0FFF1F67
:10F78000E55EFB4E2181328143815481C701B60180
:10F790000F943AB59B01AC01C501B4010F9495BB20
:10F7A0004B015C0129813A814B815C8160E070E012
:10F7B00080E89FE30F9494BB9B01AC01C501B401A9
:10F7C0000F943AB54B015C0127E0EF81F8852E9F3D
:10F7D000C0012F9F900D11249A878987FC01E20DAB
:10F7E000F31DEE0FFF1FEE0FFF1FE55EFB4E2181A5
:10F7F000328143815481C301B2010F943AB52B0188
:10F800003C0189859A85ED81FE818E0F9F1F880FAF
:10F81000991F880F991F855E9B4EFC0121813281C3
:10F8200043815481C701B6010F943AB59B01AC01E5
:10F83000C301B2010F9495BB29813A814B815C8150
:10F840000F943AB59B01AC01C501B4010F9495BB6F
:10F850002A960FB6F894DEBF0FBECDBFDF91CF91D1
:10F860001F910F91FF90EF90DF90CF90BF90AF90DE
:10F870009F908F907F906F905F904F903F902F90D0
:10F8800008951A86198645CF8FE395E70E94576F32
:10F8900060E08CEA9CE00E940E6D813021F481EBE7
:10F8A0009CE60C947E718DEA9CE6FBCFBC01990F1F
:10F8B000880B990B0E94BD6E0C944F6F0F931F9392
:10F8C000CF93DF93EC010F942BB88C018036910518
:10F8D00008F085C08091FB10811105C00E94C96DA0
:10F8E00081E08093FB104091EB125091EC128091DB
:10F8F000F9109091FA104817590741F42091FC1023
:10F900003091FD10121613060CF469C02091F71007
:10F910003091F810121613060CF041C09C012F59BB
:10F920003F4F84179507E8F544505109401B510B90
:10F93000421753070CF453C05093EC124093EB1250
:10F940008091EB129091EC12FC01E250FF4E23E00B
:10F950002083BE018F5F9E4E0F9424B88091FC10CF
:10F960009091FD1001969093FD108093FC1081E31F
:10F9700095E70E94576F82E195E70E94576F80914B
:10F98000EB129091EC128F5F9E4E0E94E08280E11C
:10F9900095E7DF91CF911F910F910C947E719C019F
:10F9A000C0CFC80104964817590728F044505109A0
:10F9B000401B510BC1CF89EE91E0BC01601B710B64
:10F9C0008B01621773075CF070E060E08EEF90E1EE
:10F9D0000F949FC01093EC120093EB12B1CF89E00B
:10F9E00095E70E94576F82E195E70E94576FCE011D
:10F9F0000E94576F82EF94E7CCCFAB01BC0189E73F
:10FA000097E10F941742811102C080E0089589E7C1
:10FA100097E10F949E418823C1F320919A1730916A
:10FA20009B172A50314F30939517209394170895C0
:10FA30008F929F92AF92BF92CF92DF92EF92FF92FE
:10FA40000F931F93CF93DF93CDB7DEB7EE970FB62B
:10FA5000F894DEBF0FBECDBF809137158F93809194
:10FA600036158F938DEA94E79F938F938E010F5DE8
:10FA70001F4F1F930F930F9484B90F900F900F9007
:10FA80000F900F900F90F12CF80101900020E9F7F2
:10FA90003197E01BF10BFE1684F46801CF0CD11CEA
:10FAA000F7FCDA94F6018081082E000C990B0F9474
:10FAB00081C0F6018083F394E7CF8FE695E10E9441
:10FAC000396EA12CCE0101967C0186EBC82E8DE605
:10FAD000D82E80917215823008F450C0809177152D
:10FAE00090917815A0917915B0917A158F71992719
:10FAF000AA27BB27892B8A2B8B2B09F03FC050E00C
:10FB000040E0B7018FE695E10F9454451816B4F51F
:10FB1000B12CF70101900020E9F73197EE19FF09A8
:10FB2000BE1674F447018B0C911CB7FC9A94F40137
:10FB3000808190E00F9481C0F4018083B394E9CF79
:10FB40008A858E3731F245E050E0B801C7010F9445
:10FB5000DFC0892B09F0BDCF1F930F93DF92CF92A7
:10FB60000E943E8861E082EB9DE60E9478870F90BC
:10FB70000F900F900F90AA24A394ABCF8FEF9FEF1D
:10FB8000AA2029F08091361590913715019690930F
:10FB9000371580933615EE960FB6F894DEBF0FBE7C
:10FBA000CDBFDF91CF911F910F91FF90EF90DF902C
:10FBB000CF90BF90AF909F908F9008958F929F921B
:10FBC000AF92BF92CF92DF92EF92FF920F931F936B
:10FBD000CF93DF9300D01F92CDB7DEB7FC018381B6
:10FBE000813011F080E060C0818181FFFBCF81898D
:10FBF0009289A389B489892B8A2B8B2B09F46EC037
:10FC00007F0140E050E0BA01CF010F9417428823F2
:10FC100049F3F701C18CD28C85889688A788B08C6F
:10FC200082E090E0A0E0B0E0F60180839183A283BF
:10FC3000B3839E012F5F3F4FB501A401C6010F940E
:10FC40006140882379F200E010E09801B501A40139
:10FC5000C6010F94CF3F882329F289809A80AB8018
:10FC6000BC80F6018789803181F5F8EF8F16FFEFB0
:10FC70009F06A104B104E8F2F701158A168A178AD3
:10FC8000108E118A128A138A148A81818068818376
:10FC9000C7010F94C043882309F4A4CF40E050E08B
:10FCA000BA01C7010F9417420F900F900F900F9059
:10FCB000DF91CF911F910F91FF90EF90DF90CF9048
:10FCC000BF90AF909F908F90089588EF88168FEF28
:10FCD0009806A8068FE0B80678F6ABCF81E0E4CFAF
:10FCE0002F923F924F925F926F927F928F929F924C
:10FCF000AF92BF92CF92DF92EF92FF920F931F933A
:10FD0000CF93DF93CDB7DEB7C657D1090FB6F894BE
:10FD1000DEBF0FBECDBF4C016B013A01E5962FAFA0
:10FD2000E597502E2DB63EB6102F11708091F50E2E
:10FD30008F5F8093F50EFB0180859185A285B38549
:10FD40008093FC149093FD14A093FE14B093FF14C1
:10FD5000412C5E01F7E6AF0EB11CF60183818230C3
:10FD600008F4C0C180859185A285B3858F719927DC
:10FD7000AA27BB27892B8A2B8B2B09F0B3C11092A2
:10FD8000001540E055E1BE01695B7F4FC6010F944D
:10FD9000544518160CF0A6C18091F50E873008F076
:10FDA000A1C128968FAD2897882309F49BC1853E71
:10FDB00009F439C18E3209F436C1809100158E32B2
:10FDC00009F431C163968FAD6397982F9A7009F04B
:10FDD0002AC1887191E0803119F090E0803131F4CE
:10FDE000E596FFADE597FF2309F494C09093351590
:10FDF000803161F060968FAD6097873409F013C150
:10FE000061968FAD61978E3709F40DC1E596FFAD10
:10FE1000E597F13009F41BC1F23009F425C1BE01A8
:10FE2000695B7F4F8BEE94E10E94236EC4010E94B8
:10FE3000E0828BEE94E10E94E08280E20E94446EB8
:10FE4000A7966CAD7DAD8EAD9FADA7974AE00E94A1
:10FE5000586E51FE45C0A1962EAD3FADA19730938F
:10FE6000FB142093FA146F964EAD5FAD6F975093CD
:10FE7000F9144093F81469968EAD9FAD69972817D1
:10FE8000390750F02817390799F467962EAD3FAD22
:10FE900067974217530760F49093FB148093FA140A
:10FEA00067968EAD9FAD67979093F9148093F81481
:10FEB0008091FB148F938091FA148F938091F914A1
:10FEC0008F938091F8148F932AE834E73F932F9310
:10FED0000F942FB90F900F900F900F900F900F90DD
:10FEE000112399F080910015882309F4BAC080E0AD
:10FEF00095E19F938F93E4E8F4E7FF93EF930F94DA
:10FF00002FB90F900F900F900F900E944F6F0F948A
:10FF1000594F89C02DB73EB7E7963FAF2EAFE79751
:10FF2000BE01695B7F4FC5010E94236EF401808191
:10FF3000882309F486C001900020E9F73197E81979
:10FF4000F909D5010D900020E9F7EA19FB09EA0F3C
:10FF5000FB1F31962DB73EB72E1B3F0B0FB6F89403
:10FF60003EBF0FBE2DBFEDB7FEB731967F016EE1EC
:10FF700073E08111B401C7010F94D8C0B501C70166
:10FF80000F94B9C06EE173E0C7010F94B9C011239B
:10FF9000A9F080910015811157C0C5019F938F93DF
:10FFA000FF92EF9229E934E73F932F930F942FB9F3
:10FFB0000F900F900F900F900F900F901CA21FA208
:10FFC00021E0A501B601CE0184960F94D86983E2A1
:10FFD000FE01B496DE01119601900D928A95E1F72B
:10FFE00010FB50F8052D20E050E040E0BE016F5FAF
:10FFF0007F4FC7010F94707ECE0101960E943E6E26
:020000023000CC
:10000000112321F080E994E70F9456B9CE0184962C
:100010000E943E6EE796EEADFFADE7970FB6F894FF
:10002000FEBF0FBEEDBFF60180859185A285B38529
:100030008093FC149093FD14A093FE14B093FF14CE
:100040008CCEE1E0F0E07DCF80E095E1A7CF80911C
:10005000011890910218019690930218809301184C
:10006000E2CF8BEE94E145CFBE01695B7F4F8BEE13
:1000700094E10E94236EA1962EAD3FADA1973093DF
:10008000FB142093FA146F964EAD5FAD6F975093AB
:10009000F9144093F81469968EAD9FAD69972817AF
:1000A000390750F02817390799F467962EAD3FAD00
:1000B00067974217530760F49093FB148093FA14E8
:1000C00067968EAD9FAD67979093F9148093F8145F
:1000D0006114710459F16BEE74E1C3010F94A6C071
:1000E000892B59F58091F50E81508093F50E0FB64E
:1000F000F8943EBE0FBE2DBECA58DF4F0FB6F8941F
:10010000DEBF0FBECDBFDF91CF911F910F91FF904A
:10011000EF90DF90CF90BF90AF909F908F907F90A7
:100120006F905F904F903F902F90089580910118AD
:100130009091021848161906A9F2439474CFCF92F1
:10014000DF92EF92FF920F93CF93DF93CDB7DEB79D
:10015000A3970FB6F894DEBF0FBECDBF6C0182E946
:10016000E82E85E1F82E84E995E1D7018D939C93E3
:1001700010920218109201180E94396E00E00E7F52
:100180000D7FD701ED91FC9183E2DE011196019084
:100190000D928A95E1F722E0A601BE016F5F7F4FC5
:1001A00089EF92E00F94707ECE0101960E943E6E20
:1001B000A3960FB6F894DEBF0FBECDBFDF91CF91EF
:1001C0000F91FF90EF90DF90CF900895EF92FF9204
:1001D0000F93CF93DF93CDB7DEB7A3970FB6F89405
:1001E000DEBF0FBECDBF22E9E22E25E1F22E24E9CB
:1001F00035E1D7012D933C9310920218109201180B
:10020000B0E0A0E0AC01BD01E5E0440F551F661F62
:10021000771FEA95D1F7C9010F94174200E00E7FCE
:100220000D7FD701ED91FC9183E2DE0111960190E3
:100230000D928A95E1F722E050E040E0BE016F5F49
:100240007F4F89EF92E00F94707ECE0101960E945D
:100250003E6EA3960FB6F894DEBF0FBECDBFDF9102
:10026000CF910F91FF90EF900895CF92DF92EF9290
:10027000FF920F93CF93DF93CDB7DEB7A3970FB65F
:10028000F894DEBF0FBECDBF82E9C82E85E1D82E1F
:1002900084E995E1D6018D939C9321E0E22E28E13B
:1002A000F22EF701118210820E94396E00E00E7F5B
:1002B0000D7FD601ED91FC9183E2DE011196019054
:1002C0000D928A95E1F721E050E040E0BE016F5FBA
:1002D0007F4F89EF92E00F94707ECE0101960E94CD
:1002E0003E6EF70180819181A3960FB6F894DEBF30
:1002F0000FBECDBFDF91CF910F91FF90EF90DF90B8
:10030000CF900895CF93DF938FE20E94446EC0E0B8
:10031000D9E080918916C81760F4CD9FC0011124DF
:10032000875C9A4E0E94E0828FE20E94446ECF5F0B
:10033000F0CF80910015811106C08BEE94E1DF9122
:10034000CF910C94E08280E095E1F9CFCF92DF92DB
:10035000EF92FF926B017C0188EA9CE00F9475BAE2
:10036000AB01BC014C0D5D1D6E1D7F1D88EA9CE03C
:10037000FF90EF90DF90CF900D94C3BACF93DF93AF
:10038000EC010F9475BA6F3F2FEF72078207920747
:1003900049F440E050E0BA01CE010F94C3BA60E0E6
:1003A00070E0CB01DF91CF9108950F931F93CF930E
:1003B000DF930F94DB6F882339F1209194173091EC
:1003C0009517E9011BEF88818B3351F5FE0161918F
:1003D0006A30E9F7EF01CF01865F9E40813092409D
:1003E000E4F0CE01821B930B01970F94B76A89E763
:1003F00097E10F949E41882339F00F94DB6F26EF2D
:100400003EE0E9018111E2CF86EF90E190939517EC
:1004100080939417CFEFDFEF34C01150C1F52197CF
:10042000CE01821B930B01960F94B76ACE01019601
:10043000C881D0E000918117109182172091831715
:100440003091841740918A1750918B1760918C17C7
:1004500070918D170417150726073707A8F69C011A
:10046000265F3E402115324044F089E797E10F9422
:100470009E41882349F286EF9EE0909395178093E2
:100480009417CE01DF91CF911F910F91089588812C
:100490008B3309F498CFC3CFCF93DF93D82F84EA5F
:1004A0008093BC0088E00F943920811116C08AEE39
:1004B0008093BB00C4E8C093BC0088E10F9439204E
:1004C00081110FC0D093BB00C093BC0088E20F9491
:1004D0003920882319F083E001C081E0DF91CF91BA
:1004E000089582E0FBCF8FB7F89410921518109200
:1004F00014188FBF089587E69FE00F946DBA91E0BE
:10050000811101C090E081E020910318211101C008
:1005100080E098139093031887E09FE00F946DBAE2
:1005200091E0811101C090E09093041885ED9EE068
:100530000F946DBA91E0811101C090E0909305187D
:1005400087E49DE00F946DBA8F3FC9F080930B183C
:100550008DEA9CE00F946DBA91E0811101C090E0AA
:10056000909311188091E80E9091E90E90931318D2
:10057000809312180F947382109218180895109295
:100580000B18E6CF80910318833021F410920318E2
:1005900010920F180F947B8220E030E040EA5FE376
:1005A0006091270E7091280E8091290E90912A0E4D
:1005B0000F943AB50F9406BD7093171860931618F0
:1005C0005198599A5898509A8AE0589A95E09A9575
:1005D000F1F70000589895E09A95F1F700008150E6
:1005E000A1F75098589A8091B9008C7F8093B900F8
:1005F0008CE08093B80084EA8093BC0088E00F947C
:100600003920811168C08AEE8093BB0084E8809312
:10061000BC0088E10F94392081115DC084E980938A
:10062000BC0060E08FE70E949C4B80E00E94B74BCB
:100630008093160E81E00E94B74B8093150E909127
:10064000160E9133B9F58139A9F567E986E00E9464
:100650009C4B8FE99FE00197F1F700C0000083E712
:1006600094E70E94E44B8823B1F18FE39CE9019762
:10067000F1F700C0000061E08FE70E949C4B80E42E
:1006800094E70E94E44B882331F160E08FE70E94F9
:100690009C4B60E089E00E949C4B80E00E94B74B3D
:1006A0008093160E81E00E94B74B8093150E8091C7
:1006B0000601089580E00E94B74B8093160E81E0FA
:1006C0000E94B74B8093150E9091160E913319F43A
:1006D000813909F4BACF10920F1883E08093031880
:1006E0000895CF93DF9380911118882309F462C095
:1006F0008FB7F894C0911418D09115188FBFCE0100
:10070000D7FF04C0882799278C1B9D0B20911618B2
:1007100030911718821793074CF10F9473820E943F
:10072000024C811102C00F94C2822091E80E3091D8
:10073000E90E809118184091121850911318B901C0
:10074000641B750B41E0161617060CF040E091E0B3
:100750001C161D060CF090E0491709F463C08F5F6A
:10076000809318183093131820931218809118183A
:100770008B3000F11092181810920518109204187E
:100780001092111820E030E0A901CA01B9010E94BD
:10079000BF8860E070E0CB010E947E5985E69FE053
:1007A0000E942D6D81E09FE00E94206D8DEA9DE604
:1007B0000F945E7C6AE070E08CE098E10F94262054
:1007C000C82F882339F18CE098E10F942D200E94E6
:1007D000024C811102C00F94C2828091140E8131AB
:1007E00030F0C1E08091130E823308F4C0E08091B4
:1007F0000F182091101830E0C2171306C1F08F5F58
:1008000080930F1880910F18853020F010920F18E8
:10081000C093101881E090910F18911180E0DF9142
:10082000CF910895882309F49DCF815099CF8823D3
:1008300049F38150E5CF2F923F924F925F926F9292
:100840007F928F929F92AF92BF92CF92DF92EF9260
:10085000FF920F931F93CF93DF93CDB7DEB7ED9742
:100860000FB6F894DEBF0FBECDBF10928B1610925C
:100870008A1610925517109254178091030180FD2B
:10088000F1C089E09FE00F946DBA382E82E080932A
:10089000BF020F9435816C01009709F4E0C08536E2
:1008A000910570F032E0331641F08091100E811105
:1008B00004C08CE59CE60E94FBF7F4E6CF2ED12C19
:1008C000D0928B16C0928A166CE8662E66E1762E60
:1008D000F12CE12C74E9A72E75E1B72E88248394BE
:1008E000912C8091030180FDBDC00F94594FE114FC
:1008F000F10409F0D0C090E080E00F949F808091D7
:10090000FC149091FD14A091FE14B091FF1455E0D9
:10091000B695A795979587955A95D1F7F301819349
:1009200091933F01FFEFEF1AFF0ACE14DF04C9F6DF
:1009300021E0E216F10409F492C032E0331609F422
:100940008EC02091100E21118AC09093551780936C
:100950005417EE9CC001EF9C900D900D11246EE495
:100960007CE6969587950E9472663EE8A32E36E156
:10097000B32E912C812CCC24C394D12CC4010E9481
:1009800065658C0C9D1CF5010190F081E02DF9AF9F
:10099000E8AFCF010F94E680809100156BEE74E113
:1009A000882311F060E075E1CE0101960F94D8C064
:1009B0006090FA147090FB142091F8143091F9149F
:1009C0003BAF2AAF20903515BFAAAEAA8601809111
:1009D000030180FD47C00F94594FC80101979DAF97
:1009E0008CAFEEA9FFA952904290FFABEEABC201D3
:1009F0000F94E680809100156BEE74E1882311F06E
:100A000060E075E131108AC080913515281283C0ED
:100A10008091FA149091FB146816790609F06CC065
:100A20008091F8149091F9142AAD3BAD8217930789
:100A300008F066C0000F111FF801E457F94E28AD09
:100A400039AD318320833FEFC31AD30A82E0A80E69
:100A5000B11CEC14FD0409F091CF0E94866581E081
:100A60008093BF02ED960FB6F894DEBF0FBECDBFE8
:100A7000DF91CF911F910F91FF90EF90DF90CF907A
:100A8000BF90AF909F908F907F906F905F904F90AE
:100A90003F902F9008954091FC145091FD14609167
:100AA000FE147091FF14B0929315A092921590923B
:100AB00002188092011884E995E10F9417421E7F75
:100AC0001D7FE0919215F091931583E2DE0111965E
:100AD00001900D928A95E1F7012F22E050E040E06D
:100AE000BE016F5F7F4F89EF92E00F94707ECE0161
:100AF00001960E943E6E03CF8615970508F49ACFA3
:100B0000EEA9FFA9538242820CAD1DAD011511055E
:100B100009F05DCF8FCF222099F38CCF31E03312D3
:100B2000EFCF80913515281207C0CE0101960F94A2
:100B3000A6C097FDE5CF7ECF2110E2CF7BCFCF922D
:100B4000DF92EF92FF920F931F93CF93DF93CDB776
:100B5000DEB7A3970FB6F894DEBF0FBECDBF7C0102
:100B6000062F19821C828091971594E9C92E95E170
:100B7000D92E811104C08FE6C82E85E1D82E21E040
:100B8000A701B601CE0101960F94D869182F8823CA
:100B900021F180918916853000F529E0829FC001FE
:100BA0001124B701875C9A4E0F94D8C0C7010F94E7
:100BB000FCC080918916863080F183E2FE01319677
:100BC000A4E9B5E101900D928A95E1F7002309F4BB
:100BD0004CC00F941B84102F0CC081E395E70E943A
:100BE000576F87E99DE60E94576FC7010E94EC820C
:100BF00010E0CE0101960E943E6E812FA3960FB6A3
:100C0000F894DEBF0FBECDBFDF91CF911F910F9142
:100C1000FF90EF90DF90CF9008958F5F80938916BB
:100C200093E28150C8F0282F30E0A9014F5F5F4F59
:100C3000949FD001959FB00D1124A954BA4E929F54
:100C4000F001939FF00D1124E954FA4E292F0190E1
:100C50000D922A95E1F7E5CF83E2F601A7EBB5E126
:100C600001900D928A95E1F7A8CF81E08093381525
:100C7000C0CF93E2EFE6F5E1A4E9B5E101900D9272
:100C80009A95E1F71092891624E935E1309393158E
:100C90002093921581110D941B8481E08093381567
:100CA00008958F929F92AF92BF92CF92DF92EF9270
:100CB000FF920F931F93CF93DF93CDB7DEB72D979E
:100CC0000FB6F894DEBF0FBECDBF2FE635E13093EF
:100CD000931520939215DC01ED91FC913097A1F4CE
:100CE00081E02D960FB6F894DEBF0FBECDBFDF9129
:100CF000CF911F910F91FF90EF90DF90CF90BF9019
:100D0000AF909F908F90089520812F3209F047C0B7
:100D10006C0180E00F943986F601008111810F5F2C
:100D20001F4F94E9892E95E1992ED8018C91882343
:100D3000B9F26FE270E0C8010F94C4C05C01009783
:100D400051F10817190738F57C01E01AF10ABDE0E6
:100D5000EB16F10418F08CE0E82EF12CA701B80195
:100D6000CE0101960F94EDC0E1E0F0E0EC0FFD1F25
:100D7000EE0DFF1D108260E0CE0101960F949F855D
:100D8000882309F4AECF9092931580929215850135
:100D90000F5F1F4FCACFF60111830083A1CF84E9F3
:100DA00095E190939315809392159ACFBF92CF922D
:100DB000DF92EF92FF920F931F93CF93DF931F92D7
:100DC0001F92CDB7DEB72091EA14222309F4EFC0B9
:100DD0007C0180917C17882309F404C16111F6C05D
:100DE000D0909C17DD2021F08BE094E70E943572B3
:100DF00081E395E70E94576F82EF93E70E94576F58
:100E0000C7010E94E08287EE93E70E94576F00912E
:100E10009C1725E5029F800111240F55184E8FE283
:100E2000F80181938F01CC24C39483E2B82E809182
:100E30008916D816B0F4DB9CC0011124B80189547E
:100E40009A4E0F94FE43C8018C010196F80120814F
:100E5000222329F0F4E5FC1510F0C394F5CFD394C8
:100E6000E6CF27E42C1508F4AEC0B80189E797E176
:100E70000F94FE4380919C17F5E58F9FC0011124CC
:100E80008F55984E0E94E08281EE93E70E94576F43
:100E90006091FD177091FE178091FF1790910018D7
:100EA0004AE00E94586E0E944F6F80919C1724E088
:100EB000829FF0011124E356F84E4091FD175091A6
:100EC000FE176091FF177091001840835183628371
:100ED00073838F5F80939C1789E797E10F94F543A5
:100EE0001092E914FA82E982CE0101960F9451869C
:100EF000882309F45CC049815A81609192157091F0
:100F0000931521E089E797E10F94D869882309F4C4
:100F100077C089E797E10F949E41882309F470C058
:100F200080919A1790919B178A50914F90939517A3
:100F30008093941789819A810F949F8080918A175A
:100F400090918B17A0918C17B0918D178093F61705
:100F50009093F717A093F817B093F91781EB93E7E5
:100F60000E94576F0F94828189EA93E70E94576F1E
:100F70006091F6177091F7178091F8179091F91713
:100F80004AE00E94586E0E944F6F1092FD17109217
:100F9000FE171092FF17109200188BE993E70E943A
:100FA0007E718BE993E70E9403EE1092120E0F9070
:100FB0000F90DF91CF911F910F91FF90EF90DF90F5
:100FC000CF90BF900895F801108254CF81E395E748
:100FD0000E94576F80ED93E70E94576FC7010E94F0
:100FE000EC827ACF10929C1781E395E70E94576FAD
:100FF0008FEB93E70E94576FC7010E94EC8270CF7E
:1010000083E89DE60E94576F89819A810E94E08261
:101010008EE20E94446E0E944F6FC9CF0F9481519F
:1010200089E797E10F94F54380919C17882369F134
:10103000815080939C1725E5829FC001112461E0B7
:101040008F55984E0F94D686E0919C1784E0E89FC8
:10105000F0011124E356F84E608171818281938101
:101060006093FD177093FE178093FF1790930018FD
:101070000F94FD7C8091EA14882371F081E08093C5
:10108000E91485E08093110E08951092E91483E02D
:101090008093110E0C9428820895CF92DF92EF92E4
:1010A000FF920F931F93CF93DF93082F1092EA14B0
:1010B00080917215882321F08FE695E10F94F54316
:1010C00010925917109256170F94CC1FEB010F94E2
:1010D000CE7A809104018064809304012398229A3F
:1010E000219A209A289A85E08093571782E58CBD33
:1010F0001DBC1AE08FEF0F94CA3D1150D9F72B9AFF
:1011000020E030E0A90160E086E597E10F94D63D4C
:1011100080935817813061F00F94CC1F6C1B7D0BAE
:10112000613D774068F32B9881E08093561722C089
:101130002B980F94CC1FEB018EE893E70E947E71F1
:101140008FEF0F94CA3D0F94CF3D809358178F3F78
:1011500059F18FEF0F94CA3D0F94CC1F6C1B7D0B80
:101160006232710580F382E0809356178DE793E732
:101170000E947E710F94CE7A81E395E70E94576FAB
:1011800086E79DE60E947E718091EA14882309F427
:101190009AC0802FDF91CF911F910F91FF90EF9018
:1011A000DF90CF900D9439862AEA31E040E050E09C
:1011B00068E086E597E10F94D63D82FF2BC081E081
:1011C0008093591780915917C12CD12C7601823008
:1011D00029F4C12CD12CE12C80E4F82E20E030E061
:1011E000A90167E386E597E10F94D63DA701960133
:1011F00069E286E597E10F94D63D809358178823DE
:10120000B1F00F94CC1F6C1B7D0B613D774030F328
:101210008AE08BCF14E00F94CF3D80935817115084
:10122000D1F78A3A11F082E080CF82E0C9CF809175
:1012300059178230D1F420E030E0A9016AE386E555
:1012400097E10F94D63D882311F088E06ECF0F947C
:10125000CF3D807C803C19F483E0809359170F9434
:10126000CF3D0F94CF3D0F94CF3D0F94CE7A109287
:10127000571781E00F948A6E81110CC080E00F94A3
:101280008A6E811107C089E095E70E94576F83E657
:101290009DE678CF6BE577E18FE695E10F944E41BF
:1012A000811107C089E095E70E94576F83E59DE6AD
:1012B00069CF81E08093EA1481E395E70E94576F3C
:1012C00088E49DE65FCFDF91CF911F910F91FF9052
:1012D000EF90DF90CF9008954F925F926F927F9240
:1012E0008F929F92AF92BF92CF92DF92EF92FF9236
:1012F0004B015C0160910E0E70910F0E072E000CD9
:10130000880B990B0F94FBB420E030E0A9010F94F7
:101310008ABC8823D1F010920D0ECC24CA94DC2C08
:10132000760198EE492E93E0592E612C712C809114
:101330000D0E81110AC02FEFC216D206E206F20688
:1013400089F480910C0E8230B9F4FF90EF90DF9019
:10135000CF90BF90AF909F908F907F906F905F9055
:101360004F900895F7FCF1CF0F94CC1F6C197D09B5
:10137000683B7B4030F3E9CF0F94CC1F68197909A3
:101380008A099B09693E73408105910508F442C0B2
:101390008091100E81113AC08AE793E70E94576F3F
:1013A0006091080E7091090E80910A0E90910B0EBB
:1013B00041E00E94D96E86E793E70E94576F60E094
:1013C00070E0CB010E94BD6E82E793E70E94576FE9
:1013D000F7FC52C00F94CC1F4601570158EB850E05
:1013E0005BE0951EA11CB11CA5019401261B370BC7
:1013F000480B590BCA01B901A30192010F94E0BA3D
:10140000CA01B9010E94BD6E0E944F6F0F94CC1F9C
:101410004B015C0190E080E00E94728C3FEFC316AC
:10142000D306E306F30609F046C08091070E6091EB
:101430000E0E70910F0E882319F1072E000C880BE9
:10144000990B0F94FBB420E030E040E85FE30F9489
:1014500094BB9B01AC016091080E7091090E8091C4
:101460000A0E90910B0E0F941EBE87FD60CF0F9455
:10147000CC1F6B017C015BCF8FE30E94446EC4CF15
:10148000072E000C880B990B0F94FBB420E030E082
:1014900040E85FE30F9495BB9B01AC016091080E9F
:1014A0007091090E80910A0E90910B0E0F948ABCD8
:1014B0001816ECF63CCFF7FC3ACF60910E0E709107
:1014C0000F0E072E000C880B990B0F94FBB49B0199
:1014D000AC016091080E7091090E80910A0E9091F6
:1014E0000B0E0F9494BB9F7720E030E040EA50E46D
:1014F0000F941EBE18160CF01ACFB9CF1F93CF93BE
:10150000DF93EC01162F8091E613833009F44DC070
:101510008C3109F451C080910B1490910C148C17EC
:101520009D0771F1D0930C14C0930B1410930D14FC
:10153000CE010E94134DE82FF0E0EE0FFF1FEA5599
:10154000FD48859194910E948271C130D105C1F00E
:10155000CC3080E8D807A1F0C93280E8D80781F004
:101560000E94396DCE0188279E77892B49F08091A2
:10157000191490911A14019690931A1480931914C7
:101580008091F8138823D9F011E01093060ECE0154
:101590000E94644E8F3F99F01093F91383E992E70C
:1015A000DF91CF911F910C947E71109216140F94BD
:1015B00095651092040EAFCF10921514F8CF1092CB
:1015C000F9138091050E811106C0CE01DF91CF91F4
:1015D0001F910C94E868DF91CF911F9108952F928D
:1015E0003F924F925F926F927F928F929F92AF92B3
:1015F000BF92CF92DF92EF92FF920F931F93CF9300
:10160000DF9300D01F92CDB7DEB75C014B01809114
:101610007C17813009F0DEC080917A1781FFDAC033
:1016200082FDBCC07401212C32E0332E0091811761
:10163000109182172091831730918417E114F104DF
:1016400009F430C18091921790919317DC011496A0
:101650007C907A94B901A80129E076956795579511
:1016600047952A95D1F774221170711025C0011584
:10167000110511F540917D1750917E1760917F17EC
:1016800070918017411551056105710509F0A8C0D9
:1016900080918E1790918F17A0919017B09191170C
:1016A0000097A105B10509F0B4C089E797E10F944F
:1016B000AB42882309F48EC0C101801B910B6701E6
:1016C0008E159F0508F46C01E0919217F091931725
:1016D00080917D1790917E17A0917F17B091801710
:1016E0000297A109B109258504C0880F991FAA1F77
:1016F000BB1F2A95D2F74685578560897189840F6B
:10170000951FA61FB71F9C01AD01270D311D411D5F
:10171000511D29013A01C11432E0D30609F08AC0F3
:101720008091EA0E9091EB0EA091EC0EB091ED0E2F
:10173000481659066A067B0669F41092F20E8FEF7E
:101740009FEFDC018093EA0E9093EB0EA093EC0EDA
:10175000B093ED0E9501B301A2018091F30E90912B
:10176000F40E0F94363E8823A9F180918117909151
:101770008217A0918317B09184178C0D9D1DA11D18
:10178000B11D8093811790938217A0938317B09314
:101790008417AC0CBD1CEC18FD0848CF40918A178B
:1017A00050918B1760918C1770918D1780918117D4
:1017B00090918217A0918317B09184174817590709
:1017C0006A077B0709F42ECF89E797E10F94174248
:1017D000811128CF81E0809379178FEF9FEF81C02F
:1017E0009E012F5F3F4F0F946140882399F38981B9
:1017F0009A81AB81BC81E0919217F0919317278970
:10180000203181F4883FEFEF9E07A105B10508F074
:101810004CCF80937D1790937E17A0937F17B09342
:1018200080174ACF883FFFEF9F07AF07FFE0BF0752
:1018300080F33BCF0115110569F540918117509157
:101840008217609183177091841780918A17909105
:101850008B17A0918C17B0918D17481759076A07FD
:101860007B07C0F00F949A3E882309F4B3CF81E040
:101870008093F20E4092EA0E5092EB0E6092EC0EC4
:101880007092ED0EA601B501C8018A50914F0F94D8
:1018900096C06BCF41E0C301B2010F94923F81111A
:1018A000F1CF98CF80918A1790918B17A0918C17C8
:1018B000B0918D1780179107A207B30768F4809144
:1018C0007A1700938A1710938B1720938C173093F5
:1018D0008D17806880937A1780917A1783FD18C0DE
:1018E000C4010F900F900F900F90DF91CF911F9137
:1018F0000F91FF90EF90DF90CF90BF90AF909F90AF
:101900008F907F906F905F904F903F902F900895B1
:1019100089E797E10F94C0438111E2CF5BCF0F932A
:10192000CF93DF93CDB7DEB7A3970FB6F894DEBFA2
:101930000FBECDBF20918A1630918B168217930768
:10194000D8F4613031F421503109A901481B590BF9
:10195000CA01880F991FFC01E457F94E80819181DB
:101960000F94E680A3960FB6F894DEBF0FBECDBFEE
:10197000DF91CF910F91089544E955E1509393156C
:1019800040939215821B930B0196909302188093BB
:101990000118409154175091551785E0440F551F79
:1019A0008A95E1F770E060E084E995E10F941742D1
:1019B00000E00E7F0D7FE0919215F091931583E288
:1019C000DE01119601900D928A95E1F722E050E038
:1019D00040E0BE016F5F7F4F89EF92E00F94707E11
:1019E000CE0101960E943E6EBDCF0F931F93CF9301
:1019F000DF931F921F92CDB7DEB72091EA14222306
:101A000069F18C0180917C17882379F18AEB91E749
:101A10000E947E711092E9141A830983CE01019607
:101A20000F9451868823D1F049815A816091921593
:101A30007091931526E589E797E10F94D869811194
:101A400022C083E89DE60E94576F89819A810E9497
:101A5000E0828EE20E94446E0E944F6F0F900F90C2
:101A6000DF91CF911F910F91089510929C1781E300
:101A700095E70E94576F8FEB93E70E94576FC8015D
:101A80000E94EC82C7CF81E08093E71489819A811C
:101A90000F949F8088EA91E70E94576F0F9482818C
:101AA0000E944F6F8BE993E70E947E718BE993E769
:101AB0000E9403EE1092120ED1CF0F931F93CF937B
:101AC000DF93EC0184E0FE0111928A95E9F723E0AF
:101AD00030EA4AE050E960E386E597E10F94D63DAD
:101AE000882391F023E030EA4AE050E961E186E59D
:101AF00097E10F94D63D882339F080E880935617FC
:101B00000F94CE7A80E02FC00F94CC1F8B010F94DE
:101B1000CF3D809358178F3F69F40F94CC1F601B03
:101B2000710B6D32714098F381E1809356170F94D9
:101B3000CE7AE6CF8E3F11F08FE0F7CF8E010C5FAB
:101B40001F4F0F94CF3D8993C017D107D1F7CEEF28
:101B5000D1E00F94CF3D2197E1F70F94CE7A8FEF2C
:101B60000F94CA3D81E0DF91CF911F910F910895AD
:101B70008F929F92AF92BF92CF92DF92EF92FF929D
:101B80000F931F93CF93DF931F92CDB7DEB76B01F7
:101B90007C0149015A01033019F48CE58CBD1DBC50
:101BA00081149104A104B10409F459C08E2D0E943E
:101BB000BE6D8D2D0E94BE6D8C2D0E94BE6D6091FC
:101BC00025187091261880E290E00F94D5B810E1A6
:101BD00019820130B1F188F10330B9F18FEFC81AE1
:101BE000D80AE80AF80A609125187091261880E250
:101BF00090E00F94D5B889810E94BE6D115081E0AC
:101C0000881A9108A108B1080FB607FE06C0C401E2
:101C10009F71892B11F40F94594F81149104A104E1
:101C2000B10411F01111D4CF6091251870912618CC
:101C30008AE090E00F94D5B8B3CFF6018081898314
:101C4000CDCFC6010F946DBAFACF21E030E0AE01DE
:101C50004F5F5F4FC701B6010E94D3E8BFCF0F901F
:101C6000DF91CF911F910F91FF90EF90DF90CF9078
:101C7000BF90AF909F908F900895CF93DF93C3E074
:101C8000D8E11A8219821E868091E80E9091E90EA1
:101C9000988B8F870F9473821D8ADF91CF9108955F
:101CA000CF92DF92EF92FF9269017A012DEC3CEC2A
:101CB0004CE45EE30F9494BB2DEC3CEC4CE45EE30F
:101CC0000F943AB52DEF3DEA40E05DE30F9495BBEC
:101CD000A70196010F943AB524E230EF49E150E4B0
:101CE0000F9494BCFF90EF90DF90CF9008952F92C7
:101CF0003F924F925F926F927F928F929F92AF929C
:101D0000BF92CF92DF92EF92FF920F931F93CF93E8
:101D1000DF9300D01F921F92CDB7DEB78C834A01AC
:101D20005B0123E43DEC4FE25DE3CB01B4010F9492
:101D300094BB6B017C0120E030E040EA51E4C50136
:101D4000B4010F94508E562E472E382E292EA701FF
:101D50009601C501B4010F94508E69837A838B83F9
:101D6000A92EBC808B2D90E09C012D5F3F4F3D83C1
:101D70002C830B2D10E08C819D81801791070CF432
:101D8000A1C02F923F924F925F92B801012E000C9A
:101D9000880B990B0F94FBB4A70196010F943AB5E9
:101DA0009B01AC010F9495BB9B01AC0160E070E01E
:101DB0008CE092E40F9494BB9F938F937F936F93E7
:101DC0001F9296E49F9323E931E73F932F930E945C
:101DD0003E88B801660F771F6F5F7F4F072E000C9C
:101DE000880B990B0F94FBB4A70196010F943AB599
:101DF0009B01AC0160E070E08CE092E40F9494BB36
:101E0000962E872E782E692EAF929B819F932A81E2
:101E10002F9339813F936F927F928F929F921F925F
:101E200086E48F9323E931E73F932F930E943E8806
:101E30002F923F924F925F926F927F928F929F92DA
:101E40001F9292E39F9323E931E73F932F930E94E0
:101E50003E880FB6F894DEBF0FBECDBFAF923B8178
:101E60003F938A818F9399819F93B8016F5F7F4FD2
:101E7000072E000C880B990B0F94FBB4A701960159
:101E80000F943AB59B01AC010F9495BB9B01AC013B
:101E900060E070E08CE092E40F9494BB9F938F938A
:101EA0007F936F931F9222E32F9383E991E79F9390
:101EB0008F930E943E88B3940FB6F894DEBF0FBE96
:101EC000CDBF57CF0F900F900F900F900F90DF91D5
:101ED000CF911F910F91FF90EF90DF90CF90BF9027
:101EE000AF909F908F907F906F905F904F903F90BA
:101EF0002F9008959FB7F89480E1EBEFF6E0ABE008
:101F0000B7E001900D928A95E1F79FBF089589E0AF
:101F100080931C07E0EDF1E7859194910C9403EE1A
:101F2000CF93C82F8093FA1381E395E70E94576FF0
:101F30008DE891E70E94576F83E891E70E94576F01
:101F40008C2F90E0CF910D94567C0F931F93CF93DD
:101F5000DF9300D000D01F921F92CDB7DEB708EEFE
:101F600013E01D821E821F82188619821A821B822C
:101F70001C82AE014B5F5F4F6FE680E00F94371C11
:101F8000AE014F5F5F4F6FE681E00F94371C8D818C
:101F90009E81AF81B885B7FD07C00F9467200150BF
:101FA0001109F9F680E009C089819A81AB81BC8171
:101FB000B7FFF3CF0F94672081E028960FB6F8940F
:101FC000DEBF0FBECDBFDF91CF911F910F9108955E
:101FD0001F93CF93DF93EC01162F0F948151FE01D5
:101FE00034962591359145915491FE0165917591F5
:101FF000859194910E94E84C2896115081F70F9496
:102000008151DF91CF911F910C94E64C0E9497571C
:10201000811104C085E39DE60E9403EE10921C0727
:10202000089580911314882311F081E0089580E0D1
:1020300008952F923F924F925F926F927F928F926C
:102040009F92AF92BF92CF92DF92EF92FF920F9347
:102050001F93CF93DF93CDB7DEB72D970FB6F894CC
:10206000DEBF0FBECDBFE82E412C512C32016E31A8
:1020700090F0693C08F068EC70E068517C4F90E0AB
:1020800080E00F94F9B420E030E04AE754E40F9484
:1020900094BC2B013C018091C7029091C802A09191
:1020A000C902B091CA0289839A83AB83BC838091B1
:1020B000CB029091CC02A091CD028D839E83AF8301
:1020C00020E030E047EF50E069EE8E2D0F94911C38
:1020D000812C912C5401F12C10E001E0D12C1986B7
:1020E0002F2C312C8F2D8F718887811103C0812C6B
:1020F000912C5401B101032C000C880B990B0F9407
:10210000FBB42BED3FE049EC50E40F943AB56A87FD
:102110007B878C879D8720E030E0A901C301B20155
:102120000F948ABC81114DC02BED3FE049E450E48F
:102130006A857B858C859D850F9495BB20E030E07A
:1021400040E85AE30F943AB50F9455BF20E030E0D1
:1021500048E753E40F943AB520E030E040E05FE315
:102160000F9495BB0F940DBDCC24CA94C60E8C2D34
:102170009985891B8D15F9F0801709F471C08D15AB
:102180000CF053C08823E9F1813009F444C08F3F3B
:1021900009F081C0E2E0F0E0EC0FFD1FE10FF11D5E
:1021A000108200E0E5E0F0E0EC0FFD1FE10FF11D13
:1021B000F0821F5FD82E143008F456C06CC0F82E81
:1021C0008FCF20E030E040E85AE36A857B858C853C
:1021D0009D850F943AB50F9455BFA30192010F94BA
:1021E00005BF20E030E047E753E40F943AB520E024
:1021F00030E040E05FE30F9495BB0F940DBDC62E19
:10220000B6CFE2E0F0E0EC0FFD1FE10FF11D91E031
:10221000908301E0C7CFE2E0F0E0EC0FFD1FE10F9B
:10222000F11D92E0908302E0BDCF0817A4F5823043
:1022300009F480C0833009F488C0813061F5E2E0A0
:10224000F0E0EC0FFD1FE10FF11D808301E0D12CC8
:10225000E5E0F0E0EC0FFD1FE10FF11DF0821F5FE4
:102260001430C8F46894B7F888858F3109F078C0C5
:10227000B101E5E075956795EA95E1F7605A606808
:10228000A50194018E2D0F94911C81E08F0DC986BC
:102290009FEFF91294CF2A8130E050E040E082E0D5
:1022A000220F331F441F551F8A95D1F78B80912C25
:1022B000B12CA12C94E0880C991CAA1CBB1C9A95EB
:1022C000D1F7822A932AA42AB52A8981882A8C8167
:1022D00090E0B0E0A0E09C01AD0166E0220F331F6A
:1022E000441F551F6A95D1F7282939294A295B29A6
:1022F0008D81382B8E81482B8F81582B68EE8E2D47
:102300002D960FB6F894DEBF0FBECDBFDF91CF91F3
:102310001F910F91FF90EF90DF90CF90BF90AF9003
:102320009F908F907F906F905F904F903F902F90F5
:102330000D94911CE2E0F0E0EC0FFD1FE10FF11DA8
:10234000808302E0DD24D39483CFE2E0F0E0EC0F61
:10235000FD1FE10FF11D808303E0F2E0DF2E78CF57
:10236000B694A7949794879490CF8F929F92AF92B0
:10237000BF92CF92DF92EF92FF929091E606882370
:1023800009F49DC0911192C00F9481510E942D5863
:102390006091BD027091BE02072E000C880B990B54
:1023A0000F94FBB420919A0E30919B0E40919C0E9D
:1023B00050919D0E0F943AB52AE037ED43E25CE36D
:1023C0000F943AB52091F6063091F7064091F80641
:1023D0005091F9060F9495BB6093F6067093F7063B
:1023E0008093F8069093F90686EF96E00F94995241
:1023F000C090B902D090BA02E090BB02F090BC024B
:1024000020E030E040E752E460919E0E70919F0E14
:102410008091A00E9091A10E0F943AB56093B902ED
:102420007093BA028093BB029093BC0281E08093C8
:10243000E60690E080E00E94815D20E030E0A901A6
:102440006091A20E7091A30E8091A40E9091A50EA2
:102450000F948ABC882311F10F9481512091A20E10
:102460003091A30E4091A40E5091A50E6091F206FA
:102470007091F3068091F4069091F5060F9494BB49
:102480006093F2067093F3068093F4069093F5063A
:102490000F94086190E080E00E94815DC092B902D3
:1024A000D092BA02E092BB02F092BC02FF90EF9091
:1024B000DF90CF90BF90AF909F908F900895992319
:1024C000A9F30F9481510E942D588090B9029090E9
:1024D000BA02A090BB02B090BC0220E030E040E71E
:1024E00052E46091AA0E7091AB0E8091AC0E909167
:1024F000AD0E0F943AB56093B9027093BA0280930F
:10250000BB029093BC02C090A20ED090A30EE090AC
:10251000A40EF090A50E20E030E0A901C701B6019D
:102520000F948ABC8823E1F0A70196016091F2061E
:102530007091F3068091F4069091F5060F9495BB87
:102540006093F2067093F3068093F4069093F50679
:102550000F94086190E080E00E94815D0F948151AA
:102560002091A60E3091A70E4091A80E5091A90E71
:1025700060919A0E70919B0E80919C0E90919D0E91
:102580000F9495BB6B017C016091BD027091BE02FE
:10259000072E000C880B990B0F94FBB49B01AC0128
:1025A000C701B6010F943AB52AE037ED43E25CE388
:1025B0000F943AB59B01AC016091F6067091F70655
:1025C0008091F8069091F9060F9494BB6093F606FB
:1025D0007093F7068093F8069093F90686EF96E0DD
:1025E0000F9499521092E60690E080E00E94815D7F
:1025F0008092B9029092BA02A092BB02B092BC0241
:1026000055CFEF92FF920F931F93CF93C82F8B015B
:1026100080910901C130B9F0C230C1F08170481712
:1026200021F0642F8C2F0F94F41B8BE9E82E8FE0A0
:10263000F82E0150110970F08C2F0F94E31BC70185
:102640000197F1F7F6CF86958C27E8CF82FB882794
:1026500080F9E5CFCF911F910F91FF90EF900895F2
:102660008F929F92AF92BF92CF92DF92EF92FF92A2
:102670000F931F93CF93C82F8A01C62ED12C1F937F
:102680004F9383E08F9388EE8F931F9282E08F9316
:102690001F926F931F92CF938AE490E79F938F933B
:1026A0000F942FB98DB79EB70C960FB6F8949EBFB6
:1026B0000FBE8DBF90E080E040E051E0282FBA01CE
:1026C000082E02C0769567950A94E2F70617170759
:1026D00029F001968830910589F728E0E22EF12C47
:1026E00088E090E08E199F0924E030E0590102C093
:1026F000AA0CBB1C8A95E2F78C2F0F94BB1C9C0183
:1027000090E0C43028F4EC2FF0E0EA5DFC4F9081BB
:102710000E2C02C0369527950A94E2F78601021B1B
:10272000130B95013695279561E02017310774F159
:10273000911160E017FF05C081E0682711950195B0
:1027400011098C2F0F94F41B8C2F0F94BB1CB12CF0
:10275000A12C2BE9822E2FE0922E0A151B05F1F0F9
:102760002FEFA21AB20A0E2C02C0969587950A94F2
:10277000E2F78C159D0591F08C2F0F94E31BC4019B
:102780000197F1F78C2F0F94BB1CE7CF911101C07B
:1027900060E0C501801B910B8C01CCCFCF911F91C4
:1027A0000F91FF90EF90DF90CF90BF90AF909F90F0
:1027B0008F9008952F923F924F925F926F927F92E7
:1027C0008F929F92AF92BF92CF92DF92EF92FF9241
:1027D0000F931F93CF93DF934C01262EC42F5901E3
:1027E000D02F009709F048C085012D2F46EF5BE6FA
:1027F00069EF7BE68C2F0E9406EFD12CC12C0F9441
:10280000CC1F2B013C010E94D66884E08093BF025C
:10281000760184E6382E82E390E00E94728C2110CB
:1028200032C08091E4069091E5060097C9F50E94B8
:10283000DB68882309F45DC0E114F10409F055C098
:1028400082E08093BF0291E09093B8028093B70238
:102850008C2FDF91CF911F910F91FF90EF90DF9020
:10286000CF90BF90AF909F908F907F906F905F9030
:102870004F903F902F9008950E94D9F36C01892BBF
:1028800009F0BDCFB1CF0F94CC1F6419750986092B
:102890009709613375478105910518F2CFEFD0CFC5
:1028A000E114F104F9F4A114B104B1F097FF10C0E0
:1028B000C111C15085012D2F46EF5BE669EF7BE624
:1028C0008C2F0E9406EF1092E5061092E406AFCF1F
:1028D000C23081F3CF5FEECFC92FC095CC1FCC277C
:1028E000CC1FE8CF87E00F94EF3AC114D10459F41C
:1028F00090CF3A9431108FCFC114D10441F0E1143C
:10290000F10409F47401C7010E94D9F37C01E114B8
:10291000F10409F07ECF85012D2F46EF5BE669EFCC
:102920007BE68C2F0E9406EF74CF10921B14ECE113
:10293000F4E184ECDF011D928A95E9F708952F9266
:102940003F924F925F926F927F928F929F92AF923F
:10295000BF92CF92DF92EF92FF920F931F93CF938C
:10296000DF9300D01F92CDB7DEB74B015C01042F7F
:1029700081E08093E3068091E20610E0813019F453
:102980000E94A25611E02091B6022A8381E0809332
:10299000B60280E00F94CA3A89830F94D83A8092A5
:1029A000F2069092F306A092F406B092F50665E561
:1029B00075E585E591E40E94084D0E94464F0F940D
:1029C000D83A8C83882309F4F9C08091060186FFE8
:1029D000F5C01B82C12CD12C7601312C8B81801744
:1029E00008F0A8C06091F2067091F3068091F40699
:1029F0009091F50620E030E040E05FE3311004C044
:102A00002DEC3CEC4CE45EE30F9495BB2B013C01B8
:102A10004092F2065092F3066092F4067092F50628
:102A200065E575E585E591E40E94084D8092F20622
:102A30009092F306A092F406B092F50665E575E56E
:102A400085E590E40E94084D0E94464FA301920143
:102A50006091F2067091F3068091F4069091F5066C
:102A60000F9494BB9F772DEC3CEC4CEC5CE30F9403
:102A70008ABC87FF16C060E070E080E09FE30E94A0
:102A80005A5F8092F2069092F306A092F406B092FA
:102A9000F50665E575E585E590E40E94084D0E9420
:102AA000464F0F94D83A282E882309F487C0809186
:102AB000060186FF83C04090F2065090F3066090B6
:102AC000F4067090F5062B812223D9F0622F70E076
:102AD00090E080E00F94FBB49B01AC01C701B6010C
:102AE0000F9494BC9B01AC01C301B2010F9494BB41
:102AF0009F772DEC3CEC4CE45DE30F941EBE181662
:102B000064F0A3019201C701B6010F9495BB6B015C
:102B10007C012B812F5F2B8361CF31104FC084EF5D
:102B200091E00E94728C322C8FEF8B83C12CD12CC0
:102B30007601EFCF023068F5C092F206D092F3062C
:102B4000E092F406F092F5068A818093B6028981BC
:102B50000F94CA3A112319F080E00E94A2561092F5
:102B6000E3068C810F900F900F900F90DF91CF9123
:102B70001F910F91FF90EF90DF90CF90BF90AF909B
:102B80009F908F907F906F905F904F903F902F908D
:102B90000895602F70E090E080E00F94F9B49B01FD
:102BA000AC01C701B6010F9494BC6093F206709318
:102BB000F3068093F4069093F506C6CF2A812093FE
:102BC000B60289810F94CA3A112319F080E00E945D
:102BD000A2561092E3061C82C4CF2F923F924F92CE
:102BE0005F926F927F928F929F92AF92BF92CF929D
:102BF000DF92EF92FF920F931F93CF93DF93CDB7A6
:102C0000DEB7CE5CD1090FB6F894DEBF0FBECDBFE4
:102C1000182F81E00E94A25681E00E94D1891111F3
:102C200004C00F9486250E94A56D80E00E94536425
:102C30000F9495940E9480521092E1061092E00643
:102C4000E7EEF6E083E0DF011D928A95E9F781E087
:102C50000E94DA56C755DF4F99838883C95AD040FE
:102C60008CEE9BE60E94D9F360E070E080EA90E48D
:102C70000E94D95F0E942D5850E040E061E080E062
:102C80000E94947250E040E061E081E00E94947202
:102C90000F9408610F94E63A1092B60220E030E0FB
:102CA00040EA50E46091EA067091EB068091EC06F0
:102CB0009091ED060F9495BB6093EA067093EB0636
:102CC0008093EC069093ED0620E030E040EA50E47B
:102CD0006091EE067091EF068091F0069091F106FA
:102CE0000F9495BB6093EE067093EF068093F00609
:102CF0009093F10660E070E080EA91E40F946265E1
:102D00000F9481510E948B63E5968FAFE5978111F7
:102D100004C0E5961FAEE5977AC482EB9BE60E945D
:102D2000FBF7112309F450C440E060E084E19AE627
:102D30000E9457EF882321F08FEE99E60E94FBF75F
:102D400082E89BE60E94D9F341E35DE663E080E020
:102D50000E942D610E94B556111120C084E080931D
:102D6000BF0241E060E084E19AE60E9457EF8111E2
:102D700004C087EC99E60E94FBF78CEC9AE60E946F
:102D8000FBF782E08093BF0282E69BE60E94D9F3C4
:102D900049E25DE663E080E00E942D610091B602A9
:102DA0001092B60260E070E080E89FEB0E945A5FEC
:102DB000C12CD12C80EAE82E80E4F82EC092F206D5
:102DC000D092F306E092F406F092F50681E080934B
:102DD000B60284E00F941E1E60E070E080EA91E489
:102DE0000F9462650F9481510F94EF1D0093B6020A
:102DF00082E00F9416302DEC3CEC44EA50E40F9442
:102E00008ABC18160CF4E7C382E00F94163023E353
:102E100033E34BE950E40F941EBE87FDDCC3111170
:102E2000DFC380E10E9429EA81EA9DE00F946DBA38
:102E3000BBE08B9FC001112470E060E0805B924F8B
:102E40000F94AFBA0E94B556ECE1F4E184ECDF01D7
:102E50001D928A95E9F78EE69FE60E94576F81E002
:102E600090E00F94567C82E69BE60E94D9F3C092D4
:102E7000F206D092F306E092F406F092F506B2E084
:102E8000E196BFAFE19729E43FE6CD56DF4F3983A6
:102E90002883C359D0404BE154E1CF56DF4F5983CB
:102EA0004883C159D040A0965FAF4EAFA097E0963F
:102EB0003FAF2EAFE097A7961FAEA797312C212CDE
:102EC0000E94B55663E080E00E948060BFEF2B1A3D
:102ED0003B0A3F922F92E9E6FFE6FF93EF930E94B1
:102EE000316065E575E585E591E40E94084DE09661
:102EF000EEADFFADE09785919591A591B49180934A
:102F0000EA069093EB06A093EC06B093ED06E096EC
:102F1000EEADFFADE097349685919591A591B49172
:102F20008093EE069093EF06A093F006B093F1061F
:102F300060E070E088E492E40E94084D4EEC5DE6AB
:102F40005F934F930F942FB94DEB5DE663E084E000
:102F50000E942D610F9486250F94815180916F00FE
:102F60008D7F80936F000FB6F894A89580916000D4
:102F7000886180936000109260000FBE1092DF069F
:102F80001092DE0688E497EC9093DD068093DC06D1
:102F9000A3E4B7ECB093DB06A093DA060091130725
:102FA00010911407209115073091160740910F07D3
:102FB00050911007609111077091120780910B07D3
:102FC00090910C07A0910D07B0910E073F932F939E
:102FD0001F930F937F936F935F934F93BF93AF9321
:102FE0009F938F93EDE6FEE6FF93EF930F942FB937
:102FF00040900B0750900C0760900D0770900E07E3
:10300000B42CA52C80910F0790911007A091110767
:10301000B0911207A6968CAF9DAFAEAFBFAFA6978B
:10302000A3969FACA397A4968FACA497C0901307C8
:10303000D0901407E0901507F09016070FB6F8949B
:10304000DEBF0FBECDBFB5E0CB16B7EFDB060CF48D
:103050003EC31A8219821F921F92E3E0EF93F4E8B5
:10306000FF931F9224E62F93DF92CF928F929F922D
:10307000AF92BF9244EE5DE65F934F930F942FB9EA
:103080000FB6F894DEBF0FBECDBF89819A81803D17
:10309000924008F4E7C289819A81803A954010F005
:1030A0000D9432A79E012F5F3F4F790110E000E0A1
:1030B0002CE73CEFA60144565109692D782D8B2D44
:1030C0009A2D0F948A74882311F40D9432A7898164
:1030D0009A8180539D4FC0901307D0901407E090C1
:1030E0001507F090160700910F0710911007209117
:1030F00011073091120740910B0750910C07609116
:103100000D0770910E079F938F93DF92CF921F93BD
:103110000F935F934F9389E49EE69F938F930F9451
:103120002FB94091130750911407609115077091C2
:1031300016074854510900E028EC30E0A3966FAD23
:10314000A397A4967FADA497C2010E9461E7209146
:103150000B0730910C0740910D0750910E076E96AA
:103160002CAF3DAF4EAF5FAF6E9780910F07909140
:103170001007A0911107B0911207AE968CAF9DAFCA
:10318000AEAFBFAFAE9720911307309114074091B7
:10319000150750911607E9962CAF3DAF4EAF5FAFC4
:1031A000E997ADE1BBE00FB6F894DEBF0FBECDBF2F
:1031B00090E080E0FC01EC51F149259134912D9390
:1031C0003D93FC01E453F1492591349157963C938A
:1031D0002E93569702968831910561F7E7964EAD8A
:1031E0005FADE797AC966EAD7FADAC976C968EAD4C
:1031F0009FAD6C970F94C6752DE137E0A4963FAF55
:103200002EAFA4977901A0E29A2EBFE8CB2EBEE69E
:10321000DB2E04EE1FE65701F0E28F2ED5018D91D3
:103220005D011F928F93DF92CF920F942FB98A94F2
:103230000F900F900F900F908110F0CF1F930F936E
:103240000F942FB99A94B0E2EB0EF11C0F900F90EF
:103250009110E1CF1F930F930F942FB96DE17BE095
:103260000F900F90EDE1F7E090E080E050E040E05B
:10327000219121116BC44F5F5F4F6E177F07C1F71C
:103280009A01280F391F25383340A4F043335105E4
:103290008CF08333910574F020E034E0241B350B6F
:1032A000281B390B241735072CF41DEF2817390775
:1032B0000CF43DC266961FAE669762961FAE62978B
:1032C00022961FAE22971982AE014F5A5F4FBE0160
:1032D0006B5A7F4F8DE19BE00F94AD6D082FAE01CF
:1032E0004F5F5F4FBE016F5B7F4F85E39BE00F94A5
:1032F000AD6D66966FAD669762961FAD629780174B
:1033000028F022966FAD22971981082F083508F40E
:1033100022C470E090E080E00F94FBB420E030E045
:1033200040EB50E40F9495BB2B013C0165964CAEED
:103330005DAE6EAE7FAE6597612F70E090E080E08D
:103340000F94FBB420E030E040EB50E40F9495BBC9
:103350004B015C0125968CAE9DAEAEAEBFAE2597FF
:1033600020E030E040E950E429833A834B835C83DA
:10337000AE014F5F5F4FBE016F5B7F4FCE018F5A33
:103380009F4F0F940A71A301920165966CAD7DADBC
:103390008EAD9FAD65970F9494BB6B017C019F77B9
:1033A00020E030E040E450E40F941EBE181634F1E3
:1033B000A501940125966CAD7DAD8EAD9FAD259791
:1033C0000F9494BB9F7720E030E040E450E40F94EA
:1033D0001EBE18169CF020E030E040EA50E46981FF
:1033E0007A818B819C810F9494BB9F7720E030E0A1
:1033F00040E450E40F941EBE1816BCF520E030E007
:1034000040EA50E469817A818B819C810F9494BB5E
:103410009F938F937F936F93A501940125966CAD35
:103420007DAD8EAD9FAD25970F9494BB9F938F93E9
:103430007F936F93FF92EF92DF92CF9280EB9EE6A5
:103440009F938F930F942FB965964CAE5DAE6EAE81
:103450007FAE659725968CAE9DAEAEAEBFAE25977E
:103460000FB6F894DEBF0FBECDBF20E030E048E7D6
:1034700051E465966CAD7DAD8EAD9FAD65970F94B3
:1034800094BB20E030E040E852E40F943AB56B0181
:103490007C016C96AEADBFAD6C97BD01BB0F880BC8
:1034A000990B0F94FBB49B01AC01C701B6010F94BB
:1034B00095BB6B017C016596CCAEDDAEEEAEFFAE8A
:1034C000659720E030E048E751E425966CAD7DAD8E
:1034D0008EAD9FAD25970F9494BB20E030E040E87F
:1034E00052E40F943AB54B015C01AC96EEADFFADE2
:1034F000AC97BF01FF0F880B990B0F94FBB49B0196
:10350000AC01C501B4010F9495BB25966CAF7DAF9E
:103510008EAF9FAF25972AE037ED43E25CE30F942F
:103520003AB59F938F937F936F932AE037ED43E2F1
:103530005CE3C701B6010F943AB59F938F937F93D5
:103540006F9384E99EE69F938F930F942FB920E0A9
:1035500030E040E05FE325966CAD7DAD8EAD9FAD74
:1035600025970F9495BB0F9406BD6B0120E030E0CA
:1035700040E05FE365966CAD7DAD8EAD9FAD659728
:103580000F9495BB0F9406BDCB0100E028EC30E012
:10359000E7964EAD5FADE797B6010E9461E70FB6C3
:1035A000F894DEBF0FBECDBF10E08DEF9DE0A49676
:1035B000AEADBFADA4971D92A496BFAFAEAFA4971A
:1035C0008A179B07A1F7B3C082E69BE60E94D9F356
:1035D0004DE25DE6BBCB8AE79FE60E94FBF799CB05
:1035E000C755DF4F88819981C95AD0400E94C05683
:1035F0000E9419510E94554F0E945075E5968FAF59
:10360000E597882309F485CB84E00E947EEA81E077
:103610000E94536480E00E94A25680E00E94D189FB
:10362000E5968FADE597C253DF4F0FB6F894DEBF36
:103630000FBECDBFDF91CF911F910F91FF90EF9003
:10364000DF90CF90BF90AF909F908F907F906F90C2
:103650005F904F903F902F900895E1E0E196EFAF9B
:10366000E19711CCFE0131967F0110E000E024E8E3
:1036700033E0A601692D782D8B2D9A2D0F948A7435
:10368000882309F408CD89819A8125CD89819A8181
:1036900080349B40B8F4CE0101967C0104EB10E02D
:1036A0002CE73CEFA6014C525140692D782D8B2D13
:1036B0009A2D0F948A74882329F089819A818059E0
:1036C000974F09CD90E9C91A91E0D90ABCCC009175
:1036D0001307109114072091150730911607409198
:1036E0000F07509110076091110770911207809198
:1036F0000B0790910C07A0910D07B0910E073F9317
:103700002F931F930F937F936F935F934F93BF9369
:10371000AF939F938F938CE19EE69F938F930F942B
:103720002FB90FB6F894DEBF0FBECDBF1FEF8CEFE1
:103730009EE69F938F930F942FB963E084E00E94DD
:10374000806080E10E944E600E94375888E198E2D4
:103750000FB6F894A895809360000FBE9093600018
:103760008091600080648093600080916F0082602F
:1037700080936F000F900F901D3F09F4EEC11F3F23
:1037800011F40D94F7A620E030E0A901A096EEAD6B
:10379000FFADA09761817281838194810F943AB5C6
:1037A0002091EA063091EB064091EC065091ED062F
:1037B0000F9495BBA096AEADBFADA09711966D933B
:1037C0007D938D939C931497C090EE06D090EF0656
:1037D000E090F006F090F10620E030E0A9011596A7
:1037E0006D917D918D919C9118970F943AB5A70199
:1037F00096010F9495BBA096EEADFFADA0976583A3
:1038000076838783908720E030E040E850ECC70162
:10381000B6010F948ABC87FF0CC080E090E0A0E85E
:10382000B0EC8093EE069093EF06A093F006B09371
:10383000F10620E030E040E450E46091F20670913F
:10384000F3068091F4069091F5060F9495BB609372
:10385000F2067093F3068093F4069093F506E096D3
:103860002EAD3FADE097285F3F4FE0963FAF2EAFC4
:10387000E097A0964EAD5FADA097485F5F4FA096D2
:103880005FAF4EAFA09754E02516310409F018CB76
:10389000A7966FADA797662331F0E1968FADE197BC
:1038A000813009F0DACE88E09DE69F938F930F94E4
:1038B0002FB990E080E00E94728C0F900F9020E072
:1038C00030E040E950EC6091201470912114809117
:1038D0002214909123140F948ABC87FF45C188E479
:1038E0009FE60E947E7186E19FE60E94576F60917D
:1038F000201470912114809122149091231442E09D
:103900000E94D96E82E19FE60E94576F60E070E0EE
:1039100080E990EC0F94C37A92E0AF969FAFAF9797
:1039200010924C1410924D1410924E1410924F1489
:103930001092501410925114109252141092531469
:10394000A4E6E696AFAFE697A2961CAE1DAE1EAEFD
:103950001FAEA297A6961CAE1DAE1EAE1FAEA697BA
:10396000FE0131966896FFAFEEAF68979E012F5B20
:103970003F4F6A963FAF2EAF6A97A6966CAD7DAD6E
:103980008EAD9FADA6970F948FBC6E966CAF7DAF3A
:103990008EAF9FAF6E97A6966CAD7DAD8EAD9FAD91
:1039A000A6970F9455BFCB57DF4F688379838A83DF
:1039B0009B83C558D040A2966CAD7DAD8EAD9FADBA
:1039C000A2970F948FBCC757DF4F688379838A8390
:1039D0009B83C958D040A2966CAD7DAD8EAD9FAD96
:1039E000A2970F9455BFCB56DF4F688379838A83A4
:1039F0009B83C559D0406896AEADBFAD6897E0E4F3
:103A00001D92EA95E9F780E16A96AEADBFAD6A977F
:103A10001D928A95E9F790E080E00E94728C2091D7
:103A20004C1430914D1440914E1450914F14C55583
:103A3000DF4F288339834A835B83CB5AD040809100
:103A4000501490915114A0915214B0915314C15537
:103A5000DF4F88839983AA83BB83CF5AD040DE018E
:103A6000AF5BBF4FC756DF4FB983A883C959D0405A
:103A7000FE013196AC96FFAFEEAFAC9700E0CB56AF
:103A8000DF4F288139814A815B81C559D040505828
:103A9000ED962CAF3DAF4EAF5FAFED97C757DF4F01
:103AA00088819981AA81BB81C958D040B058C35838
:103AB000DF4F88839983AA83BB83CD57D040CB57F0
:103AC000DF4F288139814A815B81C558D0405058E9
:103AD000CF57DF4F288339834A835B83C158D04057
:103AE000AC962EAC3FACAC9710E07BE1472E74E176
:103AF000572EE4E07E2EC12CD12C7601013011F43A
:103B00000D94A6A7113011F40D9454A7002311F4BD
:103B10000D9494A7023061F5D20111962D913D913B
:103B20004D915C911497CF57DF4F688179818A81DD
:103B30009B81C158D0400F943AB54B015C011111E3
:103B400025C060E070E080E89FE335C02F3F09F0BA
:103B500094CB019692CB1FEF28CDE596BFADE597AC
:103B6000A796BFAFA7970FCEAF961FAEAF97D8CE91
:103B7000F2012581368147815085C358DF4F688126
:103B800079818A819B81CD57D040D5CF123011F0F9
:103B90000D949EA6D20111962D913D914D915C916F
:103BA0001497CF57DF4F688179818A819B81C158F3
:103BB000D0400F943AB59B01AC01C501B4010F94FC
:103BC0003AB59B01AC01C701B6010F9495BB6B01DF
:103BD0007C0101110D94A2A77A94F8E04F0E511CBC
:103BE00071108CCFD101CD92DD92ED92FD921D012D
:103BF0001F5F143009F079CF49E4242E4FE6342EAC
:103C0000EBE1F4E1A896FFAFEEAFA897C357DF4F03
:103C10001882CD58D040C356DF4F1882CD59D040BE
:103C2000CF55DF4F1882C15AD04010E0A896AEADF4
:103C3000BFADA89711962D913D914D915C91149730
:103C4000E4962CAF3DAF4EAF5FAFE49715964D9025
:103C50005D906D907C901897002311F40D94D1A67F
:103C6000812C912C5401013081F0023011F00D941F
:103C7000C5A6CF57DF4F688179818A819B81C15862
:103C8000D0400F943AB54B015C01E4962CAD3DADAC
:103C90004EAD5FADE4976E966CAD7DAD8EAD9FADD4
:103CA0006E970F943AB56B017C01F1012591359126
:103CB00045915491CB55DF4F288339834A835B83E9
:103CC000C55AD040A3019201CB56DF4F688179815C
:103CD0008A819B81C559D0400F943AB59B01AC01B4
:103CE000C701B6010F9494BBC555DF4F28813981B8
:103CF0004A815B81CB5AD0400F9495BBCB55DF4FA7
:103D0000288139814A815B81C55AD0400F9494BB88
:103D1000A50194010F943AB5C357DF4F2881CD58C0
:103D2000D040C356DF4F3881CD59D040CF55DF4FFB
:103D30004881C15AD040512F0F9495BBC357DF4FD4
:103D4000688379838A839B83CD58D040002311F404
:103D50000D94D9A6013011F40D94DEA6023061F065
:103D6000A3019201ED966CAD7DAD8EAD9FADED974B
:103D70000F943AB56B017C01F101349685909590D2
:103D8000A590B490E4962CAD3DAD4EAD5FADE497FB
:103D9000CB57DF4F688179818A819B81C558D0409C
:103DA0000F943AB5E4966CAF7DAF8EAF9FAFE497BA
:103DB000A3019201C757DF4F688179818A819B8176
:103DC000C958D0400F943AB59B01AC01E4966CAD54
:103DD0007DAD8EAD9FADE4970F9495BBC155DF4F80
:103DE000288139814A815B81CF5AD0400F9495BB9D
:103DF000A50194010F9494BBA70196010F943AB5C5
:103E0000C357DF4F288139814A815B81CD58D0402B
:103E10000F9495BBC357DF4F6883CD58D040C3562E
:103E2000DF4F7883CD59D040CF55DF4F8883C15ABB
:103E3000D040192FA8964EAD5FADA897485F5F4F51
:103E4000A8965FAF4EAFA89758E0250E311CABE3A4
:103E5000B4E1A896EEADFFADA897AE17BF0709F085
:103E6000E5CE9058C756DF4FA881B981C959D040D7
:103E70006D937D938D939D93C756DF4FB983A88330
:103E8000C959D0400F5FAC96EEADFFADAC977096C0
:103E9000AC96FFAFEEAFAC97043009F021CE25967B
:103EA0002CAD3DAD4EAD5FAD2597AE962CAF3DAF81
:103EB0004EAF5FAFAE978D819E81AF81B885E4969E
:103EC0008CAF9DAFAEAFBFAFE49729853A854B85E8
:103ED0005C85ED962CAF3DAF4EAF5FAFED978D8516
:103EE0009E85AF85B889C358DF4F88839983AA839D
:103EF000BB83CD57D04029813A814B815C81CF571C
:103F0000DF4F288339834A835B83C158D040299689
:103F10008CAD9DADAEADBFAD2997CB57DF4F88833C
:103F20009983AA83BB83C558D04029893A894B8994
:103F30005C89C757DF4F288339834A835B83C9581D
:103F4000D040898D9A8DAB8DBC8DCB56DF4F888349
:103F50009983AA83BB83C559D0402D8D3E8D4F8D4B
:103F600058A1C756DF4F288339834A835B83C959D9
:103F7000D0408D899E89AF89B88DC357DF4F888324
:103F80009983AA83BB83CD58D0402D962CAD3DADEF
:103F90004EAD5FAD2D97C356DF4F288339834A83DB
:103FA0005B83CD59D04089A19AA1ABA1BCA1CF55CB
:103FB000DF4F88839983AA83BB83C15AD0402DA148
:103FC0003EA14FA158A5CB55DF4F288339834A83A3
:103FD0005B83C55AD0408DA59EA5AFA5B8A9CD5489
:103FE000DF4F88839983AA83BB83C35BD04029A515
:103FF0003AA54BA55CA5C954DF4F288339834A8372
:104000005B83C75BD04061968CAD9DADAEADBFAD5F
:104010006197C554DF4F88839983AA83BB83CB5BA9
:10402000D04029A93AA94BA95CA9C154DF4F2883E4
:1040300039834A835B83CF5BD0408DA99EA9AFA90A
:10404000B8ADCD53DF4F88839983AA83BB83C35C0C
:10405000D04029AD3AAD4BAD5CADC953DF4F28839D
:1040600039834A835B83C75CD04021968CAD9DAD7C
:10407000AEADBFAD2197C553DF4F88839983AA8327
:10408000BB83CB5CD04014E6C12CD12C7601460119
:10409000570126013701A3019201E4966CAD7DAD75
:1040A0008EAD9FADE4970F943AB59B01AC01AE96EF
:1040B0006CAD7DAD8EAD9FADAE970F9494BB2B01D3
:1040C0003C01A5019401ED966CAD7DAD8EAD9FAD2B
:1040D000ED970F943AB59B01AC01C301B2010F9467
:1040E00094BB2B013C01A7019601C358DF4F6881A7
:1040F00079818A819B81CD57D0400F943AB59B013D
:10410000AC01C301B2010F9494BBCF57DF4F28819C
:1041100039814A815B81C158D0400F9494BC6E961E
:104120006CAF7DAF8EAF9FAF6E97C757DF4F2881C3
:1041300039814A815B81C958D0400F943AB59B01BF
:10414000AC01CB57DF4F688179818A819B81C5584B
:10415000D0400F9494BB2B013C01A5019401CB5698
:10416000DF4F688179818A819B81C559D0400F9446
:104170003AB59B01AC01C301B2010F9494BB4B0152
:104180005C01A7019601C756DF4F688179818A815A
:104190009B81C959D0400F943AB59B01AC01C50130
:1041A000B4010F9494BBC357DF4F288139814A81F2
:1041B0005B81CD58D0400F9494BC2B013C01CF556E
:1041C000DF4F288139814A815B81C15AD0406E9688
:1041D0006CAD7DAD8EAD9FAD6E970F943AB59B01E2
:1041E000AC01C356DF4F688179818A819B81CD59AB
:1041F000D0400F9494BB4B015C01CB55DF4F28811D
:1042000039814A815B81C55AD040C301B2010F9404
:104210003AB59B01AC01C501B4010F9494BB4B01AD
:104220005C01A7019601CD54DF4F688179818A81B5
:104230009B81C35BD0400F943AB59B01AC01C50193
:10424000B4010F9494BBC954DF4F288139814A814E
:104250005B81C75BD0400F9494BC4B015C01C1549F
:10426000DF4F288139814A815B81CF5BD0406E96D8
:104270006CAD7DAD8EAD9FAD6E970F943AB59B0141
:10428000AC01C554DF4F688179818A819B81CB5B0A
:10429000D0400F9494BB6B017C01CD53DF4F28813C
:1042A00039814A815B81C35CD040C301B2010F9464
:1042B0003AB59B01AC01C701B6010F9494BB6B01E9
:1042C0007C01C953DF4F288139814A815B81C75CFA
:1042D000D040C501B4010F943AB59B01AC01C701B0
:1042E000B6010F9494BBC553DF4F288139814A81B1
:1042F0005B81CB5CD0400F9494BC6B017C0111506E
:1043000009F0C9CE6E962CAD3DAD4EAD5FAD6E974A
:10431000C555DF4F688179818A819B81CB5AD04016
:104320000F9495BB60934C1470934D1480934E146E
:1043300090934F14A3019201C155DF4F6881798199
:104340008A819B81CF5AD0400F9495BB60935014C3
:10435000709351148093521490935314A5019401B7
:10436000A6966CAD7DAD8EAD9FADA6970F9495BB17
:10437000A6966CAF7DAF8EAF9FAFA697A7019601B3
:10438000A2966CAD7DAD8EAD9FADA2970F9495BBFF
:10439000A2966CAF7DAF8EAF9FAFA297E6969FAD12
:1043A000E6979150E6969FAFE6979111E6CAA696DA
:1043B0006CAD7DAD8EAD9FADA6970F948FBC609315
:1043C0003C1470933D1480933E1490933F14A69632
:1043D0006CAD7DAD8EAD9FADA6970F9455BF60932C
:1043E0004014709341148093421490934314A29606
:1043F0006CAD7DAD8EAD9FADA2970F9455BF90581B
:10440000609344147093451480934614909347141A
:10441000A2966CAD7DAD8EAD9FADA2970F948FBC73
:10442000609348147093491480934A1490934B14EA
:10443000A6962CAD3DAD4EAD5FADA697A2966CADE8
:104440007DAD8EAD9FADA2970F9494BB4B015C01E7
:104450007C016B01E894F7F821EE3EE245E652E478
:10446000A2966CAD7DAD8EAD9FADA2970F943AB57F
:104470009F938F937F936F9321EE3EE245E652E444
:10448000C501B4010F943AB59F938F937F936F93B7
:1044900084EB9CE69F938F930F942FB9B701A601ED
:1044A00080E69FE00F94A3BA0FB6F894DEBF0FBE6C
:1044B000CDBF2FE132E449E05BE3C701B6010F94C1
:1044C0001EBE10E0181664F425E33AEF4EE85BE3F5
:1044D000C701B6010F941EBE12E018160CF011E0D1
:1044E00025E33AEF4EE85BE3A6966CAD7DAD8EAD6D
:1044F0009FADA6979F770F941EBE18160CF466C446
:1045000025E33AEF4EE85BE3A2966CAD7DAD8EAD50
:104510009FADA2979F770F941EBE18160CF456C439
:1045200020913C1430913D1440913E1450913F1421
:10453000AE962CAF3DAF4EAF5FAFAE9780914414B7
:1045400090914514A0914614B0914714E9968CAF10
:104550009DAFAEAFBFAFE99720914C1430914D1491
:1045600040914E1450914F14E4962CAF3DAF4EAF96
:104570005FAFE4978091401490914114A091421450
:10458000B0914314ED968CAF9DAFAEAFBFAFED973A
:10459000209148143091491440914A1450914B1481
:1045A000C358DF4F288339834A835B83CD57D0407C
:1045B0008091501490915114A0915214B0915314C1
:1045C000CF57DF4F88839983AA83BB83C158D040DC
:1045D000A9E4BFE66C96BFAFAEAF6C979BE1292E06
:1045E00094E1392EF101C180D280E380F4804580CE
:1045F0005680678070846C96EEADFFAD6C97259108
:10460000359145915491CB57DF4F288339834A83A5
:104610005B83C558D0406C96EEADFFAD6C97349679
:1046200085909590A590B490ED962CAD3DAD4EAD96
:104630005FADED97C701B6010F943AB5C757DF4F8D
:10464000688379838A839B83C958D040C358DF4FDE
:10465000288139814A815B81CD57D040C301B201A5
:104660000F943AB59B01AC01C757DF4F6881798140
:104670008A819B81C958D0400F9495BBCF57DF4F9B
:10468000288139814A815B81C158D0400F9495BB04
:104690009B01AC01C501B4010F9494BB4B015C01BB
:1046A000A7019601AE966CAD7DAD8EAD9FADAE9778
:1046B0000F943AB56B017C01A3019201E9966CADB0
:1046C0007DAD8EAD9FADE9970F943AB59B01AC01DE
:1046D000C701B6010F9495BBE4962CAD3DAD4EAD30
:1046E0005FADE4970F9495BB9B01AC01CB57DF4FB7
:1046F000688179818A819B81C558D0400F9494BB91
:10470000A50194010F9431BE2DEC3CEC4CE45FE329
:104710000F941EBE18160CF41EEF38E0230E311C49
:104720006C964EAD5FAD6C97485F5F4F6C965FAF18
:104730004EAF6C97A8968EAD9FADA8978215930546
:1047400009F050CF111162C1A2962CAD3DAD4EAD16
:104750005FADA297A6966CAD7DAD8EAD9FADA697D1
:104760000F9495BB20E030E040E05FE30F943AB552
:104770006B017C010F948FBCA2966CAF7DAF8EAFA6
:104780009FAFA29760933C1470933D1480933E14A6
:1047900090933F14C701B6010F9455BFA6966CAF16
:1047A0007DAF8EAF9FAFA697609340147093411476
:1047B00080934214909343149B01AC015058AA96E5
:1047C0002CAF3DAF4EAF5FAFAA9720934414309308
:1047D00045144093461450934714A2968CAD9DAD5A
:1047E000AEADBFADA2978093481490934914A093A7
:1047F0004A14B0934B1410924C1410924D14109212
:104800004E1410924F141092501410925114109292
:10481000521410925314412C512C3201CF56DF4FB9
:10482000A881B981C159D04011968D909D90AD90CD
:10483000BC90149715962D913D914D915C911897D0
:104840006E962CAF3DAF4EAF5FAF6E97CD56DF4F3C
:10485000E881F981C359D040C590D590E590F49096
:10486000A5019401A2966CAD7DAD8EAD9FADA297D2
:104870000F943AB5AE966CAF7DAF8EAF9FAFAE974B
:104880006E962CAD3DAD4EAD5FAD6E97AA966CADFC
:104890007DAD8EAD9FADAA970F943AB59B01AC014B
:1048A000AE966CAD7DAD8EAD9FADAE970F9495BBC2
:1048B0009B01AC01C701B6010F9494BB20914C142D
:1048C00030914D1440914E1450914F140F9495BB5C
:1048D0006B017C01C0924C14D0924D14E0924E14A6
:1048E000F0924F1420E030E040E85FE3C301B201F2
:1048F0000F9495BB2B013C01CD56DF4FE881F98128
:10490000C359D04034962591359145915491AE9636
:104910002CAF3DAF4EAF5FAFAE97A5019401A69609
:104920006CAD7DAD8EAD9FADA6970F943AB54B01A2
:104930005C016E962CAD3DAD4EAD5FAD6E97A2960F
:104940006CAD7DAD8EAD9FADA2970F943AB59B0136
:10495000AC01C501B4010F9495BB9B01AC01AE96AF
:104960006CAD7DAD8EAD9FADAE970F9494BB209195
:1049700050143091511440915214509153140F948B
:1049800095BB4B015C018092501490925114A092FF
:104990005214B0925314CF56DF4F48815981C159F8
:1049A000D040485F5F4FCF56DF4F59834883C1598E
:1049B000D040CD56DF4F88819981C359D0400896A9
:1049C000CD56DF4F99838883C359D04024163506CE
:1049D00009F024CFA3019201C701B6010F9494BC42
:1049E00060934C1470934D1480934E1490934F1415
:1049F000A3019201C501B4010F9494BC60935014BB
:104A000070935114809352149093531440903C141B
:104A100050903D1460903E1470903F14C090481424
:104A2000D0904914E0904A14F0904B142091401417
:104A3000309141144091421450914314A2962CAFEE
:104A40003DAF4EAF5FAFA297809144149091451453
:104A5000A0914614B0914714A6968CAF9DAFAEAF0F
:104A6000BFAFA697A7019601C301B2010F943AB553
:104A70004B015C01A6962CAD3DAD4EAD5FADA6974A
:104A8000A2966CAD7DAD8EAD9FADA2970F943AB559
:104A90009B01AC01C501B4010F9494BB4B015C01B7
:104AA000AC019B01C701B6010F9494BC6B017C0162
:104AB000A6966CAD7DAD8EAD9FADA6979058A50125
:104AC00094010F9494BCA6966CAF7DAF8EAF9FAF50
:104AD000A697A2966CAD7DAD8EAD9FADA297905876
:104AE000A50194010F9494BCAA966CAF7DAF8EAFD4
:104AF0009FAFAA97A5019401C301B2010F9494BC82
:104B00004B015C0140904C1450904D1460904E1439
:104B100070904F14209150143091511440915214C0
:104B200050915314A2962CAF3DAF4EAF5FAFA297FA
:104B3000C0923C14D0923D14E0923E14F0923F1487
:104B4000AA968CAD9DADAEADBFADAA978093401433
:104B500090934114A0934214B0934314A6962CADA5
:104B60003DAD4EAD5FADA6972093441430934514F0
:104B700040934614509347148092481490924914DD
:104B8000A0924A14B0924B14C701B6019058A301E9
:104B900092010F943AB56B017C01A2962CAD3DAD0C
:104BA0004EAD5FADA297A6966CAD7DAD8EAD9FADBF
:104BB000A6970F943AB59B01AC01C701B6010F94BB
:104BC00094BB60934C1470934D1480934E14909347
:104BD0004F14AA966CAD7DAD8EAD9FADAA9790583F
:104BE000A30192010F943AB56B017C01A2962CAD02
:104BF0003DAD4EAD5FADA297C501B4010F943AB57E
:104C00009B01AC01C701B6010F9494BB6093501493
:104C100070935114809352149093531490E080E059
:104C20000E94728C17FDD4C082EF9CE69F938F93F5
:104C30000F942FB94CE454E164E474E18CE394E103
:104C40000E94D04F48E050E065EE7FE08CE494E1B4
:104C50000F9481BA48E050E06DED7FE08CE394E181
:104C60000F9481BA48E050E065ED7FE084E494E180
:104C70000F9481BA0E94554F0F900F90C755DF4F88
:104C800088819981C95AD0400E94C05680E090E046
:104C9000A0EAB0E48093F2069093F306A093F406A2
:104CA000B093F50660E070E080EA91E40F946265ED
:104CB0000F94815117FD20C01092F2061092F30656
:104CC0001092F4061092F50680E090E0A6E1B3E4BD
:104CD0008093D2069093D306A093D406B093D506C2
:104CE00065E575E585E591E40F942F658FEE99E60E
:104CF0000E94FBF70E94507581E00E94536482E09D
:104D00000E941F608AE899E61F3F11F40D94ED9A06
:104D10001E3F09F072C0AF964FADAF9788EC98E692
:104D2000442311F40D94ED9A88E898E6423011F48A
:104D30000D94ED9A83E498E60D94ED9AF2012581A5
:104D4000368147815085C358DF4F688179818A81D8
:104D50009B81CD57D0400D94D99DF201258136819C
:104D600047815085ED966CAD7DAD8EAD9FADED97D5
:104D7000AFC0F2012581368147815085ED966CAD3B
:104D80007DAD8EAD9FADED97BDC0A3019201C3581F
:104D9000DF4F688179818A819B81CD57D0400D9406
:104DA000419E812C912C30E8A32E3FE3B32E0D942D
:104DB000459EC12CD12C76010D94BC9EC12CD12CCA
:104DC00020E8E22E2FE3F22E0D94BC9E12E0A8CB39
:104DD0001E3F89F4AF963FADAF97323009F04ECF0A
:104DE0008BEC9CE69F938F930F942FB945CFAF9692
:104DF0001FAEAF9743CF1FEF41CFAF965FADAF97D9
:104E000051110FC088EC98E6133040F4E12FF0E028
:104E1000EE0FFF1FE05EFC4F808191810E94FBF747
:104E20000DC0AF966FADAF978BEF98E6623011F47F
:104E300085E499E60E94FBF7111624F31F3F11F455
:104E40000D94899686E00E947EEA8FE59FE00F949C
:104E50006DBA81110D94079B8FE29AE60E94FBF7D1
:104E60000D94079B89819A818037984010F00D94AA
:104E7000469BAE014F5F5F4F7A0104EB10E024E8E0
:104E800033E0A601485C5109692D782D8B2D9A2DB0
:104E90000F948A74882311F40D94469B89819A811A
:104EA00080569A4F0D946B98002311F40D94EC9D4D
:104EB000023009F052CFD20111962D913D914D91C2
:104EC0005C9114976E966CAD7DAD8EAD9FAD6E9777
:104ED0000F943AB54B015C0160E070E080E89FE31D
:104EE000113091F0123009F044CFD20111962D917A
:104EF0003D914D915C9114976E966CAD7DAD8EADEC
:104F00009FAD6E970F943AB59B01AC01C501B401FA
:104F10000F943AB59B01AC01C701B6010F9495BB44
:104F20006B017C010D94EC9D812C912C60E8A62EE8
:104F30006FE3B62E11110D94C69D20E030E040E8DD
:104F40005FE3EACF1111B4CF0D94EC9D812C912C2D
:104F500050E8A52E5FE3B52E1111BECF0D94EC9D48
:104F60002F923F924F925F926F927F928F929F9279
:104F7000AF92BF92CF92DF92EF92FF920F931F9367
:104F8000CF93DF9300D000D000D0CDB7DEB70BE1D8
:104F900014E11F830E832E803F801982F10161810D
:104FA0007281838194819B01AC010F94A3BF8823FC
:104FB00009F47CC089810E94334F20E030E048EB47
:104FC00051E40F9495BB6B017C0120E030E041E897
:104FD00053E40F9494BB2B013C0120E030E046EFFA
:104FE00053E4C701B6010F9494BB4B015C0120E070
:104FF00030E040EC51E4C701B6010F9494BB6B0163
:105000007C01EE81FF812181328143815481C30182
:10501000B2010F943AB5A50194010F943AB520E07E
:1050200034EE45ED57E40F9494BC6A837B838C8304
:105030009D83EE81FF812585368547855089C7018F
:10504000B6010F943AB5A50194010F943AB520E04A
:1050500034EE45E557EC0F9494BC9B01AC016A819A
:105060007B818C819D810F9495BB4B015C01EE810E
:10507000FF81218D328D438D548DC701B6010F9470
:105080003AB5A30192010F943AB520E034EE45ED14
:1050900057E40F9494BC9B01AC01C501B4010F947B
:1050A00095BBF1016183728383839483F4E02F0EB7
:1050B000311C29812F5F2983273009F06FCF8E8122
:1050C0009F814C969F838E838F5D944109F063CFBF
:1050D00019870887F1E0F983C8018B5A9F4F9F8396
:1050E0008E83180199EA290E311CE885F985658DB2
:1050F000768D878D90A19B01AC010F94A3BF88236F
:1051000009F479C089810E94204F20E030E040EA14
:1051100050E40F9495BB6B017C0120E030E048ED3A
:1051200052E40F9494BB2B013C0120E030E042E5B7
:1051300053E4C701B6010F9494BB4B015C0120E01E
:1051400030E040EC50E4C701B6010F9494BB6B0112
:105150007C01EE81FF8120813181428153810F9456
:105160003AB5A50194010F943AB520E030E942E246
:1051700056EC0F9494BC6A837B838C839D83F801E7
:105180002181328143815481C301B2010F943AB528
:10519000A50194010F943AB520E030E942EA56E4C3
:1051A0000F9494BC9B01AC016A817B818C819D81B1
:1051B0000F9495BB4B015C01F1012081318142814B
:1051C0005381C701B6010F943AB5A30192010F9420
:1051D0003AB520E030E942EA56E40F9494BC9B01D2
:1051E000AC01C501B4010F9495BBE885F985658FC5
:1051F000768F878F90A3888599854C969987888725
:1052000099819F5F9983963009F06FCF0C5F1F4F94
:10521000E4E107331E0709F05BCF29960FB6F89437
:10522000DEBF0FBECDBFDF91CF911F910F91FF90D9
:10523000EF90DF90CF90BF90AF909F908F907F9036
:105240006F905F904F903F902F9008951F93CF9352
:10525000DF93182FEB0180E00F94EF3A80E00E947B
:10526000D18910920F0E10920E0E1092C906109254
:10527000C8060F94594F80E00E94378A0E948961C6
:1052800043E358E660E080E00E942D6145E258E685
:1052900061E080E00E942D6111501A3090F4E12FFE
:1052A000F0E08827E95AF6458E4F0D947DBB5101F9
:1052B0000F02FD01E902B102C7018B01D302170100
:1052C0004D0243E158E662E080E00E942D6145E036
:1052D00058E663E080E00E942D6136C04AEF57E651
:1052E00062E080E00E942D614DEE57E6F2CF44EE81
:1052F00057E662E080E00E942D614DEE57E663E0E4
:1053000080E00E942D6163E082E10E948060CE0116
:1053100019C04EED57E662E080E00E942D6162E028
:1053200082E10E948060CE010E94EA6746ED57E666
:1053300063E080E00E942D6163E082E10E94806072
:1053400089EF92E00E94EA6768EE73E080E090E007
:105350000F94991F80E00F94EF3A64E670E080E0CC
:1053600090E00F94991F0F94594F80E00E94378A64
:105370000E94DB68882389F362E08EE497E60E944E
:10538000C3EDDF91CF911F910D94FF1746EC57E6C7
:1053900062E080E00E942D614EED57E6B0CF45EB14
:1053A00057E6A7CF44EA57E6A4CF47E957E6F0CF40
:1053B0004BE857E662E080E00E942D6146E857E640
:1053C0009ECF46E757E662E080E00E942D614EE600
:1053D00057E695CF4EE557E683CF1F93CF93DF93E4
:1053E000C82FD62F0E94896145E457E660E080E02F
:1053F0000E942D6145EB57E6CC2311F044EA57E6B5
:1054000061E080E00E942D618FEF0E9484EE64EFE6
:1054100071E080E090E00F94991F4CE357E662E062
:1054200081E00E942D614EE363E080E00E943961DB
:105430008FE297E60E9443606D2F70E07093E5065F
:105440006093E40684E08093BF020E94D668DC2F5C
:1054500011E01C278091E4069091E506009719F170
:1054600097FF0BC0D12F4EE362E080E00E943961CC
:1054700040E263E080E00E9439618091E40690910F
:10548000E506181619065CF440E262E080E00E942E
:1054900039614EE363E080E00E943961DC2F1092B5
:1054A000E5061092E4060F94594F81E00E94378A76
:1054B00064E670E080E090E00F94991F0E94DB6842
:1054C000882341F282E08093BF0280E00E94606CFA
:1054D00080E00E9484EE8D2FDF91CF911F9108957F
:1054E000CF93DF93C82FD62FC15098F04DE26D2F88
:1054F00082E10E94396184EF91E00E94728C4CE756
:105500006D2F82E10E94396184EF91E00E94728CDC
:10551000EBCF0F94CC1F6093191870931A188093D7
:105520001B1890931C1881E08093C7068091C706D2
:10553000882329F084E690E00E94728CF7CFDF91F7
:10554000CF910C9476564F925F926F927F92AF926A
:10555000BF92CF92DF92EF92FF920F931F93CF9360
:10556000DF9324E030E041E050E0D901A55FBD4980
:10557000FD0165917491861797070CF066C0415044
:105580005109440F551F440F551FEA01C35FDD4900
:10559000FE0105911491455F5D49FA016591749191
:1055A000F901E35FFD49E590F490FE01C590D490C8
:1055B000FD01C591D491FA01A590B490861B970B7B
:1055C000BC01990F880B990B0F94FBB42B013C0184
:1055D000B7016C197D09072E000C880B990B0F94ED
:1055E000FBB49B01AC01C301B2010F943AB56B014E
:1055F0007C01BE016A197B09072E000C880B990BF0
:105600000F94FBB49B01AC01C701B6010F9494BC8D
:105610006B017C01B801110F880B990B0F94FBB43F
:105620009B01AC01C701B6010F9495BBDF91CF91EF
:105630001F910F91FF90EF90DF90CF90BF90AF90B0
:105640007F906F905F904F9008954F5F5F4F2C5FFA
:105650003F4F2038310509F088CFE9E8F2E665913F
:105660007491072E000C880B990B0F94FBB4DECFBE
:105670001F93CF93DF9300D01F921F92CDB7DEB759
:10568000162F482F62E5CE0101960E94C44C498135
:105690005A816B817C818D810F946B6C1093A71361
:1056A0000F900F900F900F900F90DF91CF911F915F
:1056B00008951092F213EFECF4E7849167E00D94F3
:1056C00038ABE091F213AE2FB0E0AA0FBB1FA4518C
:1056D000BC4E2091BF133091C0132D933C93EF5FCC
:1056E000E093F213E23040F4F0E0EA54FB48849196
:1056F00068E00F9438AB88E00895E091F213AE2F84
:10570000B0E0A751BC4E8091BF138C93EF5FE09344
:10571000F213E33040F01092F213E6EBF4E78491D9
:1057200068E00D9438ABF0E0E153FB48849167E00A
:10573000F8CFCF93DF9300D000D000D01F92CDB729
:10574000DEB78091AE13823409F446C0B8F58823E1
:1057500009F472C084E08093A61385E0EEEAF3E1D9
:10576000DE01169601900D928A95E1F785E0FE0123
:105770003696A9EAB3E101900D928A95E1F740E0EF
:1057800060E0CE0101960E94C44C85E0FE01319696
:10579000AEEAB3E101900D928A95E1F785E080933E
:1057A000A7134091A9135091AA136091AB13709164
:1057B000AC138091AD130F946B6C2EC08235B1F198
:1057C000873541F66091B0137091B1134CE0809130
:1057D000AF130F94D66C11C04091AF1362E4CE01A9
:1057E00001960E94C44C49815A816B817C818D81D4
:1057F0000F946B6C8AE08093A71340E060E0CE01C9
:1058000001960E94C44C85E0FE013196AEEAB3E1F8
:1058100001900D928A95E1F781E02A960FB6F894EF
:10582000DEBF0FBECDBFDF91CF9108956BE08091B9
:10583000AF130F9438ABE1CF80E0EFCFCF93DF937E
:1058400000D01F921F92CDB7DEB749835A836B8376
:105850007C838D8385E0FE013196AEEAB3E1019051
:105860000D928A95E1F78091A71387FF09C00F90E9
:105870000F900F900F900F90DF91CF910D9499ABF7
:105880000F900F900F900F900F90DF91CF91089590
:105890001F93CF93DF9300D01F921F92CDB7DEB737
:1058A000182F482F63E5CE0101960E94C44C498110
:1058B0005A816B817C818D810F946B6C1093A7133F
:1058C0000F900F900F900F900F90DF91CF911F913D
:1058D0000895CF93DF9300D01F921F92CDB7DEB70C
:1058E00040E061E5CE0101960E94C44C49815A8195
:1058F0006B817C818D810F946B6C84E08093A71306
:105900000F900F900F900F900F90DF91CF9108950F
:10591000CF93DF9300D01F921F92CDB7DEB70E94C6
:105920000C4D8093E813482F66E6CE0101960E9445
:10593000C44C49815A816B817C818D810F946B6C41
:1059400086E08093A7130F900F900F900F900F9009
:10595000DF91CF910895CF93DF9300D01F921F92D4
:10596000CDB7DEB78091BE138534F1F020F48234D8
:1059700051F185E011C0863471F18035D1F7809105
:10598000BF138093E61381E090E09093E51380933A
:10599000E4130F9488AC80E00F900F900F900F905D
:1059A0000F90DF91CF9108958CE08093E613809162
:1059B000BF139091C0139093E5138093E4130F9459
:1059C00088AC87E0E9CF8091BF138093E7130F94F1
:1059D00088AC8BE0E1CF9091A9138091B913981313
:1059E00022C09091AA138091BA1398131CC01092F0
:1059F000E61381E090E09093E5138093E41382E84E
:105A00008093A71340E060E0CE0101960E94C44C51
:105A100085E0FE013196A9EAB3E101900D928A95E5
:105A2000E1F782E0B9CF83E0B7CF1F93CF93DF9345
:105A300000D01F921F92CDB7DEB78091060E811164
:105A40002AC010910E141F3F91F580910D14811101
:105A500060C01F3FB9F081E090E09093A513809360
:105A6000A41390930C1480930B148FEF80930D1458
:105A7000133009F482C0F8F0163008F47BC01730F8
:105A800009F47EC00F900F900F900F900F90DF9150
:105A9000CF911F91089580910B1490910C140E9446
:105AA000644E182F1092060E8F3F79F6CACF8FEFF3
:105AB00080930E14CACF87E093E70E94576F812F1F
:105AC00090E00F94567C0F94DDB280910D148130DC
:105AD00089F480E093E70E948271412F62E4CE0155
:105AE00001960E94C44C49815A816B817C818D81D1
:105AF0000F941EAC80910B1490910C14843020E80C
:105B0000920721F08930904809F0BCCF0F941B70A8
:105B1000B9CF193008F0B6CFE12FF0E08827EC5666
:105B2000F2458E4F0D947DBBF501F501F5019D0108
:105B30006D016D016102DB018D0180910B1490916B
:105B40000C14873820E8920721F08730914809F03B
:105B500099CF8091A613843021F48091A9138111EB
:105B600091CF81E08093050E60E088EB9AE60E9479
:105B7000565388CF1093111485CF0E94D14C82CFF9
:105B8000109213141092C1131092A61360E08CEAC5
:105B90009CE00F9491BA0F94447C74CF4F925F9223
:105BA0006F927F928F929F92AF92BF92CF92DF922D
:105BB000EF92FF920F931F93CF93DF93CDB7DEB792
:105BC000A0970FB6F894DEBF0FBECDBF082F0F947D
:105BD00015AD8091A71387FD0F9499AB9091A713F2
:105BE00097FF7DC08091A6138230B1F008F475C094
:105BF0008330E1F1843009F454C00F9499AB8111E2
:105C00006BC382E08093C11383E08093A61382E884
:105C10008093A71312E0DBC20F94CC1FAB01BC0131
:105C20008091B3139091B413A091B513B091B613B2
:105C300088519C4FAF4FBF4F481759076A077B07E2
:105C400008F44BC08DEE92E10F9499B80196D1F70C
:105C500081E08093C1138093A6131092C81386E04D
:105C60008093A81380E00F9448AC37C0923829F68F
:105C70000F94CC1FAB01BC018091B3139091B4136E
:105C8000A091B513B091B61388519C4FAF4FBF4F41
:105C9000481759076A077B0708F4AFCF0F9469AC20
:105CA0001CC00F94CC1FAB01BC018091B313909129
:105CB000B413A091B513B091B61388519C4FAF4F58
:105CC000BF4F481759076A077B0740F70E940C4DE2
:105CD0009091E81389130F9488AC10E078C2A12C3E
:105CE000D12CC12C9924939455E0B52E63E0862ED7
:105CF00074E0772EE2E06E2E66C0233009F4E0C037
:105D0000243009F083C020ED280F2A3008F4F8C0B1
:105D10002FE9280F263008F4F3C08A3009F0FAC0C2
:105D20004090CD1389EC93E10E94B34C4812B8C067
:105D30001092C81388E0E9ECF3E1DE01519601907E
:105D40000D928A95E1F788E0FE017196DE01599681
:105D500001900D928A95E1F788E0FE017996A9EB12
:105D6000B3E101900D928A95E1F78CE38983FE01FE
:105D70003296A1EDB3E120E0CF01521609F4CDC077
:105D80003D9140EE430F403608F03EE231932F5FE5
:105D9000F4CF8E3408F056C08B3408F046C08234FD
:105DA00009F443C0E0F58A3059F08D3049F0B092E3
:105DB000C813A11005C11F3609F0F9C3AA24A39482
:105DC0004FEFC41AD40A8DEE92E10F9499B897FD63
:105DD00000C1182F2091E11330E0F901EC55FC4E81
:105DE00085A77901EFEFEE1AFE0AFFE0EF22FF240C
:105DF0005E2CE092E1132091C813223009F448C0D0
:105E000008F07BCF222329F2213051F11A3009F416
:105E10008FCF1D3009F48CCF1092CE13CACF8534AA
:105E200030F2873410F0883411F68093C913109241
:105E3000CA131092CC131092CB131092CD139092E0
:105E4000C813BECF893540F4873578F720EB280F8B
:105E5000263008F0ACCFE9CF863609F0A8CFE5CFE1
:105E600020ED280F2A3050F02FE9280F263030F08F
:105E7000803209F09CCF6092C813A2CF0E94924C4E
:105E80009091CA139295907F890F8093CA1398CFEF
:105E9000873448F4853458F42FEB280F223038F03B
:105EA0001092CE1384CF803511F08235C9F78092DD
:105EB000C8138093CE131092D0131092CF1380CFBB
:105EC00020ED280F2A3048F02FE9280F263028F03F
:105ED0008A3231F77092C81373CF0E94924C20918E
:105EE000CF133091D01344E0220F331F4A95E1F7CE
:105EF000820F932F911D9093D0138093CF1360CF77
:105F00000E94924C9091CD139295907F890F80932F
:105F1000CD1356CF8D3021F603CFE80EF91EF701D1
:105F200010821092E11381E395E70E94576F8BE294
:105F300095E70E94576FCE0101960E94EC820F9464
:105F4000656B8091A613813009F474C008F4C5CE46
:105F5000833009F4D1C0843009F04FCE8091A7136B
:105F6000863009F46CC108F093C1843009F409C18A
:105F7000853009F0CCC08091BE13813409F496C1FC
:105F8000823509F0C4C01092E6138DE290E8909338
:105F9000E5138093E41380E792E70F94826B85E02A
:105FA0008093A7134091A9135091AA136091AB134A
:105FB0007091AC138091AD130F946B6C16E007C118
:105FC0001B3609F0F4C281E592E70F94826B18E06A
:105FD000FEC0CD2819F00F94656B7FCE0F94CC1FB7
:105FE000AB01BC018091B3139091B413A091B51390
:105FF000B091B6138053984FAF4FBF4F4817590712
:106000006A077B0708F469CE8091A613882309F4F8
:1060100064CE1092C81381E08093C1138093A613BD
:1060200086E08093A81380E00F9448AC64E089E296
:1060300092E779C01091A7131330B1F160F01630D8
:1060400009F450C0193009F0BECF0F94956D882324
:1060500009F443CE40CE8091B913833521F4809169
:10606000BA13181711F0812FFECD8091BF13E12FC5
:10607000F0E0DF01AD50BC4E8C93E25BFD48E49153
:106080008E1741F08091A81381508093A81381113D
:10609000EACF99CF84ED94E70E947E718AE08093E5
:1060A000B81381E0810FDFCD8091B913833521F4DE
:1060B0008091BA13833011F083E0D5CD8091BF1366
:1060C0009091C0139093F7138093F6131092F213EC
:1060D000E2EDF4E784916091F01370E049E00F94F1
:1060E000D66CFBCD82E08093C11383E08093A6132E
:1060F00082E88093A713D2CD8091A713883009F44A
:10610000B7C0A8F48430D9F0873009F4AEC081E07C
:106110008093C11382E08093A61383E88093A71332
:1061200065E08FE392E70F94F36B182F50C08A302D
:1061300009F4A7C060F38D3008F45FCDE8CF8091FB
:10614000B9138E3460F58B3410F4853401F78091E7
:10615000BE13863409F473C084E08093A61385E0EF
:10616000E9EBF3E1DE01119601900D928A95E1F7DA
:1061700085E0FE013196A9EAB3E101900D928A957E
:10618000E1F70F94ABAC182F853009F208F09CC0F2
:10619000823009F432CD843009F43BCF18C0843505
:1061A00008F4B5CF863598F2883509F0B0CF8091E4
:1061B000BE13863489F18035C1F1823409F042C0C2
:1061C0008091BF138093E7130F9459AB1BE080912C
:1061D000A4139091A5138130910509F0EBC1123001
:1061E00009F490C008F07DC0112309F418C1002300
:1061F00009F4E4C0173009F4C1C108F0B5C1143086
:1062000009F4C4C1153009F0D9C082E08093131499
:1062100060E08DE290E8B7C18091A913882329F04E
:1062200082E88093A71313E0D2CF8091BF138093AD
:10623000E61381E090E09093E5138093E4130F94CC
:1062400059AB4BCD8CE08093E6138091BF139091B6
:10625000C0139093E5138093E4130F9459AB82E637
:1062600092E70F94826B17E0B2CF0F947DAB35CDE0
:1062700082E80F9461AB8093A713823809F02DCD8B
:10628000BCCC8091BE138134D1F60F94706BD7CF04
:106290008830B1F050F38A3009F039CF8091BE13C5
:1062A000813409F018CD0F94706B15CD1092E61360
:1062B0001092E5131092E41381E88093A7130DCD9B
:1062C00081E80F9461ABF9CF873049F208F463CECF
:1062D000883009F478CE7BCF8091A71387FD9ACCC4
:1062E000FCCC133009F46AC01B3009F080CF8091D8
:1062F000E71380930E1481E892E70E9482710F9455
:1063000015AD5CC08091E913811158C00E94975768
:10631000882309F453C08091020E9091030E8835B2
:10632000924009F44BC08091010E811147C08091C9
:10633000000E811143C08091FF0D81113FC09091EB
:10634000FE0D8091FD0D9817C9F18091FE0D90E032
:106350002EE63091FD0D381789F0289FF0011124A9
:10636000E35EF84F4485558566857785452B462B3A
:10637000472B09F09F5F8F5F8F70EBCF9923F1F070
:1063800082E192E70E947E7120E030E0A901CA011B
:10639000B9010E94BF8860E070E0CB010E947E5985
:1063A00086ED9EE00F946DBA813021F40F94C87A87
:1063B0008F3F91F58DEA9DE60F945E7C8091C1132D
:1063C000823019F481E08093131410931214809199
:1063D0001B07882351F08091050E811106C0809122
:1063E0000B1490910C140E94E868A0960FB6F894D4
:1063F000DEBF0FBECDBFDF91CF911F910F91FF90F8
:10640000EF90DF90CF90BF90AF909F908F907F9054
:106410006F905F904F90089588E092E7CDCF009104
:10642000E61380910A14081709F446C08091A61358
:106430008430A9F48091A913882389F089E080939E
:106440001C07EEECF1E70E3130F4E02FF0E0EE0F38
:10645000FF1FE253FE48859194910E9403EEEEECFB
:10646000F1E70E3130F4E02FF0E0EE0FFF1FE253C2
:10647000FE48859194910E94827100930A14033022
:1064800049F00C3109F09ACF0F94815181E080934B
:10649000151494CF8091A613843031F48091A91300
:1064A0008455823008F48ACF0F94815181E0809323
:1064B00016140F941B7082CF033071F10C3109F068
:1064C0007DCF80911514882309F478CF0E940C4D5C
:1064D0008823B1F1813009F071CF109215140F9417
:1064E00095651092040E6091F11370E090E080E0E9
:1064F0000F94F9B46B017C016091F01370E06E5F52
:106500007F4F072E000C880B990B0F94FBB4A7014B
:1065100096010E94E84C52CF80911614882309F40A
:106520004DCF9091FD0D8091FE0D981347CF0E94A5
:106530000C4D8150833008F4BCCF109216143ECF1E
:106540009091FD0D8091FE0D981338CF6091F1135D
:1065500070E090E080E00F94F9B49B01AC0160E042
:1065600070E08FEA93E4D5CF1830B9F0193009F014
:1065700025CF60E00F947E8A19E020CF61E0809102
:10658000E4139091E5130F947E8A18CF82E08093F4
:10659000131460E08EE290E8F6CF1092131410927C
:1065A000C1131092A61360E08CE290E8ECCF0F9438
:1065B000656BADCD002301F3DCCF8091141482FF15
:1065C00007C08B7F809314148CE593E70E9482713F
:1065D0008091141481FF50C0809108149091091487
:1065E000892B09F449C08EE493E70E94827180915F
:1065F0000814909109140F94567C809114148D7F87
:1066000080931414809108149091091490930F0EA4
:1066100080930E0E8AE29CE60E94D9F34EE153E786
:1066200062E080E00E942D616091080E7091090E79
:1066300080910A0E90910B0E0F9406BD20910E0EC4
:1066400030910F0EC901861B970B06976CF081E005
:106650000E94378A80E00F94CEAD0E94456184E6A7
:1066600090E00E94728CE0CF0E94796483E393E70C
:106670000E9482710C94896108950F931F93CF93A8
:10668000DF9300D01F921F92CDB7DEB7182F062FD1
:106690001092141483E08093BF0219821A821B8225
:1066A0001C821D8290E080E00E94728C90911414F4
:1066B000898192FF37C081111EC0CE0101960F94CF
:1066C0005D2283E391E70E948271E0911214E2500F
:1066D000EA3040F7F0E08827EF58FC448E4F0D94E5
:1066E0007DBBDB02D70279017901F30179018101D8
:1066F000F901C901790140E457E76BE170E0CE018F
:1067000001960F94B020882301F3809114148B7F9D
:1067100082608093141410920F0E10920E0E83E27A
:1067200091E7D1CF882389F219828DE091E7CBCF11
:106730000F94DDB20F9441708091050E811107C056
:106740008AEF90E70E947E7183E08093F8130F94A4
:10675000815181E00F900F900F900F900F90DF917B
:10676000CF911F910F9108950F9415ADF2CF8091A5
:10677000F913811197CF812F0F948D70802F0F9473
:1067800025700F9415AD8ECF0F94DDB20F9441702C
:1067900089CF80E0DFCFCF93DF9300D01F921F928D
:1067A000CDB7DEB70F943D8E62E18AE690E70F9495
:1067B000E88F0E94E64C40E065E5CE0101960E941C
:1067C000C44C49815A816B817C818D810F941EACB0
:1067D00061E080E00F943DB3811103C00E94396DE8
:1067E000E8CF83E00F94EF3A83E60F94908F83E62F
:1067F0008093FB130F947B820F900F900F900F905C
:106800000F90DF91CF910895CF930F941190C82FDF
:10681000882379F088EC90E00E94958C82E00F94B8
:10682000EF3A0F94878F0F94CBB30F9406900E948A
:1068300079648C2FCF9108950F931F93CF93DF939B
:1068400000D01F921F92CDB7DEB7082F0F94119082
:10685000182F882339F1602F89E19CE60E94156684
:106860000F94878F0E94E64C402F6CE4CE01019676
:106870000E94C44C49815A816B817C818D810F9427
:106880001EAC60E080E00F943DB3182F811103C06F
:106890000E94396DE7CF83E00F94EF3A0F94069092
:1068A0000E947964812F0F900F900F900F900F909E
:1068B000DF91CF911F910F910895FF920F931F9336
:1068C000CF93DF9300D01F921F92CDB7DEB7082F72
:1068D000F62E0F941190182F8823A1F1FF2029F094
:1068E000602F8AE09CE60E9415668091E913811171
:1068F0000F9404B40F94878F0E94E64C402F65E4F8
:10690000CE0101960E94C44C49815A816B817C81E1
:106910008D810F941EAC61E080E00F943DB3182F81
:10692000811103C00E94396DE7CF83E60F94908FE9
:1069300083E68093FB1383E00F94EF3A0F94069065
:106940000E947964812F0F900F900F900F900F90FD
:10695000DF91CF911F910F91FF9008951F93CF93D7
:10696000DF9300D01F921F92CDB7DEB7182F0E9481
:10697000E64C412F6BE4CE0101960E94C44C498144
:106980005A816B817C818D810F941EAC61E080E027
:106990000F943DB3811103C00E94396DE8CF0F9071
:1069A0000F900F900F900F90DF91CF911F9108954E
:1069B000CF93C82F682F8DEF9BE60E9415668091BC
:1069C000E91381110F9404B40F94878F8C2F0F94C7
:1069D000AEB483E60F94908F83E68093FB1383E03D
:1069E0000F94EF3A0F9406900E94796481E0CF9162
:1069F0000895E89409C097FB3EF4909580957095B2
:106A000061957F4F8F4F9F4F9923A9F0F92F96E9FA
:106A1000BB279395F695879577956795B795F1116F
:106A2000F8CFFAF4BB0F11F460FF1BC06F5F7F4F0C
:106A30008F4F9F4F16C0882311F096E911C077231E
:106A400021F09EE8872F762F05C0662371F096E827
:106A5000862F70E060E02AF09A95660F771F881FF6
:106A6000DAF7880F9695879597F908959B01AC0101
:106A70000D943AB50F944DB50D94BEB50F94B0B5C5
:106A800038F00F94B7B520F0952311F00D94A7B509
:106A90000D94ADB511240D94F2B50F94CFB570F3EC
:106AA000959FC1F3950F50E0551F629FF001729FB3
:106AB000BB27F00DB11D639FAA27F00DB11DAA1FC2
:106AC000649F6627B00DA11D661F829F2227B00D0F
:106AD000A11D621F739FB00DA11D621F839FA00D9A
:106AE000611D221F749F3327A00D611D231F849FEA
:106AF000600D211D822F762F6A2F11249F57504041
:106B00009AF0F1F088234AF0EE0FFF1FBB1F661FBB
:106B1000771F881F91505040A9F79E3F510580F084
:106B20000D94A7B50D94F2B55F3FE4F3983ED4F30E
:106B3000869577956795B795F795E7959F5FC1F728
:106B4000FE2B880F911D9695879597F9089597F9D3
:106B50009F6780E870E060E008959FEF80EC089503
:106B600000240A941616170618060906089500242C
:106B70000A9412161306140605060895092E0394A6
:106B8000000C11F4882352F0BB0F40F4BF2B11F41A
:106B900060FF04C06F5F7F4F8F4F9F4F089557FD79
:106BA0009058440F551F59F05F3F71F04795880F7B
:106BB00097FB991F61F09F3F79F087950895121612
:106BC00013061406551FF2CF4695F1DF08C01616BE
:106BD00017061806991FF1CF86957105610508946F
:106BE0000895E894BB2766277727CB0197F9089586
:106BF0003F924F925F926F927F928F929F92AF924D
:106C0000BF92CF92DF92EF92FF920F931F93CF9399
:106C1000DF935C016B017A016115710519F0FB01CD
:106C200091838083E114F10451F0C70102978397A7
:106C300030F040E030E020E090E06BC05E01E50124
:106C40002196F5011081812F90E00F94FEB7892BDA
:106C5000A9F71D3201F52196F501118101E0E1143A
:106C6000F10409F4E6C0F0E1EF16F10409F088C080
:106C7000103359F488818F7D883509F07CC01981E3
:106C800022960260F0E1EF2EF12C812C912CA12CA8
:106C900088E0B82E92C01B3221F4E5012296F5015E
:106CA000118100E0DCCFEAE0EE16F10409F4C7C080
:106CB000F0E1EF16F10409F073C0E7CF78E0E72EBA
:106CC000F12C812C912CA12C60E1B62E76C021E014
:106CD000ADC0302F3170C114D10431F0222371F1D5
:106CE0002197F601D183C08327FF2EC060E070E0BA
:106CF00080E090E8311104C06FEF7FEF8FEF9FE7E6
:106D000022E230E030931E1820931D18462F372FB3
:106D1000282F642F732F822FDF91CF911F910F9116
:106D2000FF90EF90DF90CF90BF90AF909F908F90AB
:106D30007F906F905F904F903F90089501FF04C047
:106D40002297F601D183C083332341F0909580953B
:106D5000709561957F4F8F4F9F4FD8CF97FFD6CFBC
:106D600082E290E090931E1880931D186FEF7FEFE2
:106D70008FEF9FE7CBCF10E3E114F10409F49ECF2E
:106D800028E0E216F10409F49CCF0CF08CCF812CA2
:106D9000912CA12CE0E4BE2E82E0E816F10469F00B
:106DA00060E070E080E090E897010F2C000C440B4D
:106DB000550B0F94E0BA49015A0120E060E070E001
:106DC000CB0127010F2C000C66087708FE0150ED5F
:106DD000352E310E39E0331570F43FEB310F49ECAD
:106DE000342E3A3138F03FE9310F3A3108F071CFA3
:106DF00039EA332E310E3E141F040CF06ACF27FD02
:106E000015C086169706A806B90678F0A301920168
:106E10000F94D0BA630D711D811D911D61307105F4
:106E2000810520E8920708F452CF2FEF21961081B8
:106E3000CDCF103309F41ECF2AE0E22EF12C9CECCA
:106E4000892E982CA82C9CE0B92EB7CF283008F0BA
:106E500027E03327DA01990F311D87FD91600096F5
:106E60006105710539F432602E5F3D9330E32A9558
:106E7000E1F708959F3F30F080387105610509F012
:106E80003C5F3C5F3D93913008F08068911DDF933B
:106E9000CF931F930F93FF92EF92192F987F9695A0
:106EA000E92F96959695E90FFF27E45BF94F99270F
:106EB0003327EE24FF24A701E701059008940794E7
:106EC00028F4360FE71EF81E491F511D660F771F65
:106ED000881F991F0694A1F70590079428F4E70EE0
:106EE000F81E491F561FC11D770F881F991F661F67
:106EF0000694A1F70590079428F4F80E491F561F31
:106F0000C71FD11D880F991F661F771F0694A1F711
:106F10000590079420F4490F561FC71FD81F990FDB
:106F2000661F771F881F0694A9F784911095177024
:106F300041F0D695C79557954795F794E7941A95DC
:106F4000C1F7E2EFF5E068941590159135916591E0
:106F5000959105907FE27395E118F10A430B560B6A
:106F6000C90BD009C0F7E10CF11E431F561FC91F02
:106F7000D01D7EF4703311F48A95E6CFE894015069
:106F800030F0080F0AF40027021708F4202F239589
:106F9000022F7A3328F079E37D932A95E9F710C020
:106FA0007D932A9589F60694979567953795179559
:106FB0001794E118F10A430B560BC90BD00998F04E
:106FC00023957E9173957A3308F070E37C932013B8
:106FD000B8F77E9170617D9330F0839571E37D9376
:106FE00070E32A95E1F71124EF90FF900F911F9124
:106FF000CF91DF91992787FD9095089591110D9478
:107000005ABA803219F089508550C8F70895FB01AB
:10701000DC0102C005900D9241505040D8F7089510
:10702000FB01DC010D900020E9F7119705900D920E
:107030000020E1F70895FB01DC018D910590801996
:107040000110D9F3990B0895FB01DC0105900D9215
:107050000020E1F70895FC0105900020E9F78095F4
:1070600090958E0F9F1F0895FB01DC014150504009
:1070700088F08D9181341CF08B350CF4805E659125
:1070800061341CF06B350CF4605E861B611171F38A
:10709000990B0895881BFCCFFB01DC014150504047
:1070A00030F08D910590801919F40020B9F7881BF4
:1070B000990B0895FB01DC014150504048F00590C8
:1070C0000D920020C9F701C01D9241505040E0F7D9
:1070D0000895FC010590615070400110D8F780952B
:1070E00090958E0F9F1F0895FB0155915523A9F090
:1070F000BF01DC014D9145174111E1F759F4CD0174
:107100000590002049F04D9140154111C9F3FB0154
:107110004111EFCF81E090E001970895FC016150AB
:10712000704001900110D8F7809590958E0F9F1FA9
:107130000895CF93DF93EC012B8120FF1AC026FF27
:107140000CC02F7B2B838E819F8101969F838E8322
:107150008A8190E0DF91CF91089522FF18C0E881E5
:10716000F9818081082E000C990B009729F4206288
:107170002B838FEF9FEFEECF3196F983E8832E813B
:107180003F812F5F3F4F3F832E839927E3CFEA85CF
:10719000FB85199597FFF3CF2B81019621F080E2B3
:1071A000822B8B83E6CF80E1FBCF0F931F93CF938E
:1071B000DF93182F092FEB018B8181FD09C01FEF91
:1071C0000FEF812F902FDF91CF911F910F91089595
:1071D00082FF14C02E813F818C819D812817390741
:1071E0003CF4E881F981CF0101969983888310836B
:1071F0008E819F8101969F838E83E3CFE885F985F9
:10720000812F1995892BA1F3DACFEF92FF920F937B
:107210001F93CF93DF938C017B01DB0113968C913D
:10722000D0E0C0E081FD0FC0CFEFDFEF10C0D7018D
:107230001896ED91FC91B7011995892B11F0CFEFBC
:10724000DFEF0F5F1F4FF80184918111F0CFCE0166
:10725000DF91CF911F910F91FF90EF9008950F93C1
:107260001F93CF93DF93CDB7DEB7AE01485F5F4F7B
:10727000DA016D917D91AD0103E218E1F80182819F
:107280009381DC0113962C911397286013962C930D
:107290000E94D93AD8011296ED91FC912381277F63
:1072A0002383DF91CF911F910F9108950F931F9327
:1072B000CF93DF938C01E0912518F09126188381FC
:1072C000D0E0C0E081FD0AC0CFEFDFEF17C0199515
:1072D000892B11F0CFEFDFEF0F5F1F4FF801849183
:1072E0006091251870912618DB011896ED91FC919C
:1072F0008111EDCF8AE01995892B31F7CE01DF910D
:10730000CF911F910F9108950F931F93CF93DF9308
:10731000CDB7DEB72E970FB6F894DEBF0FBECDBF48
:107320000E891F898EE08C831A8309838FEF9FE774
:107330009E838D83AE01465E5F4F688D798DCE0151
:1073400001960E94D93A2F813885020F131FF80148
:1073500010822E960FB6F894DEBF0FBECDBFDF9120
:10736000CF911F910F910895CF93DF93EC018B8103
:1073700088608B83CE010E94D93A2B81277F2B8393
:10738000DF91CF9108950F931F93CF93DF93CDB7E4
:10739000DEB72E970FB6F894DEBF0FBECDBF8C01BF
:1073A000FA018EE08C831A83098377FF02C060E0C4
:1073B00070E8615071097E836D83A901BF01CE0120
:1073C00001960E94D93A4D815E8157FD0AC02F81F6
:1073D0003885421753070CF49A01020F131FF80166
:1073E00010822E960FB6F894DEBF0FBECDBFDF9190
:1073F000CF911F910F910895FA01AA27283051F1DA
:10740000203181F1E8946F936E7F6E5F7F4F8F4FD5
:107410009F4FAF4FB1E03ED0B4E03CD0670F781F34
:10742000891F9A1FA11D680F791F8A1F911DA11D19
:107430006A0F711D811D911DA11D20D009F4689452
:107440003F912AE0269F11243019305D3193DEF6FA
:10745000CF010895462F4770405D4193B3E00FD0B0
:10746000C9F7F6CF462F4F70405D4A3318F0495D9B
:1074700031FD4052419302D0A9F7EACFB4E0A6957E
:107480009795879577956795BA95C9F700976105A0
:10749000710508959B01AC010A2E069457954795F6
:1074A00037952795BA95C9F7620F731F841F951FEB
:1074B000A01D0895992788270895DC01CB01FC01C0
:1074C000F999FECF06C0F2BDE1BDF89A319600B43D
:1074D0000D9241505040B8F70895F999FECF92BDF2
:1074E00081BDF89A992780B50895A6E1B0E044E0FF
:1074F00050E00D945FBAA8E1B0E042E050E00D9496
:107500005FBADC01A40FB51F4150504048F0CB01D9
:10751000840F951F2E910F9492BA41505040D0F78E
:107520000895262FF999FECF92BD81BDF89A019753
:1075300000B4021639F01FBA20BD0FB6F894FA9ABB
:10754000F99A0FBE08950396272F0F9492BA0F94BD
:1075500091BA252F0F9492BA242F0D9492BA0196C6
:10756000272F0F9492BA0D9491BA262FF999FECF36
:107570001FBA92BD81BD20BD0FB6F894FA9AF99A50
:107580000FBE01960895242F0F94B6BA252F0F949D
:10759000B6BA0D94CBBA0F94B5BA272F0D94B6BADC
:1075A000DB018F939F930F9402BBBF91AF91A29F7A
:1075B000800D911DA39F900DB29F900D11240895F1
:1075C000A1E21A2EAA1BBB1BFD010DC0AA1FBB1FE7
:1075D000EE1FFF1FA217B307E407F50720F0A21B59
:1075E000B30BE40BF50B661F771F881F991F1A94C6
:1075F00069F760957095809590959B01AC01BD01F0
:10760000CF0108950F940DBBA59F900DB49F900DD1
:10761000A49F800D911D11240895A29FB001B39FD6
:10762000C001A39F700D811D1124911DB29F700D8B
:10763000811D1124911D0895991B79E004C0991FA3
:10764000961708F0961B881F7A95C9F780950895BC
:1076500087FB082E062687FD819567FD61950F94AF
:107660001CBB0EF4919507FC81950895AA1BBB1BCA
:1076700051E107C0AA1FBB1FA617B70710F0A61B32
:10768000B70B881F991F5A95A9F780959095BC0153
:10769000CD01089597FB072E16F4009407D077FDCF
:1076A00009D00F9436BB07FC05D03EF49095819528
:1076B0009F4F0895709561957F4F0895052E97FB14
:1076C0001EF400940F9475BB57FD07D00F94E0BAD9
:1076D00007FC03D04EF40D9475BB50954095309542
:1076E00021953F4F4F4F5F4F08959095809570952E
:1076F00061957F4F8F4F9F4F0895EE0FFF1F881F9B
:107700008BBF0790F691E02D19940F940DBB332396
:1077100012F48A1B9B0B0D948FBB0F940DBBB7FF0C
:107720000895821B930B08955058BB27AA270F94E6
:10773000ACBB0D94BEB50F94B0B538F00F94B7B58F
:1077400020F039F49F3F19F426F40D94ADB50EF4F2
:10775000E095E7FB0D94A7B5E92F0F94CFB558F34B
:10776000BA17620773078407950720F079F4A6F526
:107770000D94F1B50EF4E0950B2EBA2FA02D0B0150
:10778000B90190010C01CA01A0011124FF27591B66
:1077900099F0593F50F4503E68F11A16F040A22F6C
:1077A000232F342F4427585FF3CF469537952795DD
:1077B000A795F0405395C9F77EF41F16BA0B620BDC
:1077C000730B840BBAF09150A1F0FF0FBB1F661F23
:1077D000771F881FC2F70EC0BA0F621F731F841F66
:1077E00048F4879577956795B795F7959E3F08F08C
:1077F000B0CF9395880F08F09927EE0F979587954E
:1078000008950F94B0B560F080E891E009F49EEF20
:107810000F94B7B528F040E851E071F45EEF0CC06A
:107820000D94ADB50D94F1B5E92FE0780F94CFB577
:1078300040F3092E052AB1F32617370748075907E1
:1078400038F00E2E07F8E02569F0E025E0640AC064
:10785000EF6307F8009407FADB01B9019D01DC0131
:10786000CA01AD01EF930F94ABBC0F94BEB50F945A
:1078700044BC5F91552339F02BED3FE049E450FDC6
:1078800049EC0D9495BB0895DF93DD27B92FBF77A1
:1078900040E85FE31616170648075B0718F4D92F70
:1078A0000F9490BE9F938F937F936F930F9436B5F1
:1078B000E4EEF0E00F94A0BD0F94BEB52F913F9180
:1078C0004F915F910F944DB5DD2351F09058A2EA8E
:1078D0002AED3FE049EC5FE3D0785D270F94ACBB25
:1078E000DF910D94BEB50F9406BE90F09F3748F41B
:1078F000911116F40D94F2B560E070E080E89FE31A
:10790000089526F01B16611D711D811D0D9477BD14
:107910000D9492BD0F9453BD08F481E008950F9427
:10792000C9BDE3950D94F2BD0F94A8BC0D94BEB5EE
:107930000F94B7B558F00F94B0B540F029F45F3FFD
:1079400029F00D94A7B551110D94F2B50D94ADB574
:107950000F94CFB568F39923B1F3552391F3951B99
:10796000550BBB27AA2762177307840738F09F5F60
:107970005F4F220F331F441FAA1FA9F335D00E2ECD
:107980003AF0E0E832D091505040E695001CCAF73A
:107990002BD0FE2F29D0660F771F881FBB1F2617FD
:1079A00037074807AB07B0E809F0BB0B802DBF01D4
:1079B000FF2793585F4F3AF09E3F510578F00D94A2
:1079C000A7B50D94F2B55F3FE4F3983ED4F38695E6
:1079D00077956795B795F7959F5FC9F7880F911DC4
:1079E0009695879597F90895E1E0660F771F881FB0
:1079F000BB1F621773078407BA0720F0621B730B63
:107A0000840BBA0BEE1F88F7E09508950F940DBD17
:107A10006894B1110D94F2B508950F94D7B588F01C
:107A20009F5798F0B92F9927B751B0F0E1F0660F42
:107A3000771F881F991F1AF0BA95C9F714C0B13083
:107A400091F00F94F1B5B1E008950D94F1B5672F61
:107A5000782F8827B85F39F0B93FCCF386957795B2
:107A60006795B395D9F73EF490958095709561959B
:107A70007F4F8F4F9F4F08950F9406BE90F09F3712
:107A800048F4911116F00D94F2B560E070E080E8D2
:107A90009FEB089526F41B16611D711D811D0D9429
:107AA00077BD0D9492BD990F0008550FAA0BE0E821
:107AB000FEEF16161706E807F907C0F012161306B0
:107AC000E407F50798F0621B730B840B950B39F4F0
:107AD0000A2661F0232B242B252B21F408950A2656
:107AE00009F4A140A6958FEF811D811D089588237B
:107AF00071F4772321F09850872B762F07C06623E7
:107B000011F499270DC09051862B70E060E02AF0A7
:107B10009A95660F771F881FDAF7880F96958795D5
:107B200097F908959F3F31F0915020F4879577950C
:107B30006795B795880F911D9695879597F9089544
:107B4000DF93CF931F930F93FF92EF92DF927B010E
:107B50008C01689406C0DA2EEF010F944DB5FE013A
:107B6000E894A5912591359145915591A6F3EF01A2
:107B70000F94ACBBFE019701A801DA9469F7DF907E
:107B8000EF90FF900F911F91CF91DF9108950D9489
:107B9000ADB50F94D7B5D8F3E894E0E0BB279F5775
:107BA000F0F02AED3FE049EC06C0EE0FBB0F661F78
:107BB000771F881F28F0B23A62077307840728F0FE
:107BC000B25A620B730B840BE3959A9572F7803867
:107BD00030F49A95BB0F661F771F881FD2F7904825
:107BE0000D9494BDEF93E0FF07C0A2EA2AED3FE0B9
:107BF00049EC5FEB0F94ACBB0F94BEB50F900394B0
:107C000001FC9058E1E1F1E00D94E9BF0F94D7B584
:107C1000A0F0BEE7B91788F4BB279F3860F41616AA
:107C2000B11D672F782F8827985FF7CF86957795B6
:107C30006795B11D93959639C8F308950F9453BD78
:107C400008F48FEF08950F94B0B529F00F94B7B5ED
:107C500011F00D94ADB50D94A7B5B901CA010D94FD
:107C600092BD9F775F770F94CFB568F39923A9F3FF
:107C70005523A9F3FF27951758F4E52FE91BED309D
:107C800060F75E3B10F0F1E41CC09034E0F40AC0F1
:107C9000E92FE51BED3018F79E3B10F0F1E411C021
:107CA000503488F4F9EA88232AF09A95660F771FF2
:107CB000881FDAF744232AF05A95220F331F441FF6
:107CC000DAF79F1B5F1BFF931F930F93FF92EF92B7
:107CD00079018A01BB27AB2F9B01AC010F9450B5F2
:107CE0009701A801BF937B018C01AA27BA2FB90184
:107CF000CA010F9450B5AF919701A801EF90FF9082
:107D00000F911F910F94ACBB0F94BEB50F9463BF3E
:107D10004F9140FF0895552747FD50950D949CBE07
:107D20009B01AC0160E070E080E89FE30D9494BC9F
:107D30000D94A7B50D9492BD0F94D7B5D8F39923A0
:107D4000C9F3940F511DA3F39150504094F059F092
:107D5000882332F0660F771F881F91505040C1F77B
:107D60009E3F51052CF7880F911D9695879597F9A1
:107D700008955F3FACF0983E9CF0BB2786957795C1
:107D80006795B79508F4B1609395C1F7BB0F58F7A5
:107D900011F460FFE8CF6F5F7F4F8F4F9F4FE3CFAE
:107DA0000D94F2B50F94D7B558F19E5760F19851E4
:107DB000A0F0E9F0983020F5092E9927660F771F7B
:107DC000881F991F0A94D1F712C0062E672F782FAB
:107DD0008827985F11F4000C07C0993FB4F386958B
:107DE000779567959395D9F7611D711D811D3EF4B7
:107DF00090958095709561957F4F8F4F9F4F089517
:107E000068940D94F2B50D94F1B5FA01EE0FFF1FD1
:107E1000309621053105A1F16115710561F48038B5
:107E2000BFE39B0749F168949038810561F0803881
:107E3000BFEF9B0741F099234AF5FF3FE10531056C
:107E4000210519F1E8940894E795D901AA2329F4AA
:107E5000AB2FBE2FF85FD0F310C0FF5F70F4A69574
:107E6000E0F7F73950F019F0FF3A38F49F779F9315
:107E70000DD00F9007FC9058089546F00D94ADB5C5
:107E800060E070E080E89FE308954FE79F775F939D
:107E90004F933F932F930F9405C02F913F914F9194
:107EA0005F910F943AB50D94B0BF9F930F94C9BDE5
:107EB0000F9007FCEE5F0D94F2BD19F416F40D94CB
:107EC000ADB50D9492BD0F94D7B5B8F39923C9F30E
:107ED000B6F39F57550B87FF0F94E2BF0024A0E62F
:107EE00040EA900180585695979528F4805C660F7B
:107EF000771F881F20F026173707480730F4621BCA
:107F0000730B840B202931294A2BA69517940794CB
:107F1000202531254A2758F7660F771F881F20F044
:107F200026173707480730F4620B730B840B200DBC
:107F3000311D411DA09581F7B901842F9158880FFB
:107F40009695879508950F9453BD880B990B0895C6
:107F500029F416F00D94A7B50D94F1B50D94ADB5B7
:107F60000F94D7B5A8F39638A0F707F80F92E894C6
:107F70002BE33AEA48EB5FE70F9450B50F920F926C
:107F80000F924DB75EB70F920F944DC0EFE2F1E044
:107F90000F94A0BD4F915F91EF91FF91E595EE1F7A
:107FA000FF1F49F0FE57E0684427EE0F441FFA9583
:107FB000E1F74195550B0F949CBE0F9007FE0D9471
:107FC00090BE089591505040660F771F881FD2F7DA
:107FD00008959F938F937F936F93FF93EF939B01EC
:107FE000AC010F943AB5EF91FF910F94A0BD2F9182
:107FF0003F914F915F910D943AB516F00D9492BD5B
:108000000D94ADB568940D94A7B50F94D7B5A8F3AA
:108010009923C1F3AEF3DF93CF931F930F93FF9296
:10802000C92FDD2788232AF02197660F771F881F25
:10803000DAF720E030E040E85FEB9FE3883920F09A
:10804000803E38F021968F770F9495BBE7E5F1E0FD
:1080500004C00F9495BBE4E8F1E00F94A0BD8B0140
:10806000BE01EC01FB2E6F5771097595771F880BC8
:10807000990B0F94FBB428E132E741E35FE30F94DF
:108080004DB5AF2D9801AE01FF900F911F91CF918B
:10809000DF910F94ACBB0D94BEB5FA01DC01AA0FC1
:1080A000BB1F9B01AC01BF5728F42227332744276D
:1080B000507820C0B75190F4AB2F002446953795E7
:1080C0002795011CA395D2F3002071F0220F331FD6
:1080D000441FB395DAF30ED00D9494BB6130710553
:1080E000A0E88A07B94630F49B01AC0166277727E0
:1080F00088279078309621F0208331834283538300
:1081000008959111089581548A5108F4805E855A2A
:108110000895FB01DC0104C08D910190801921F4C8
:1081200041505040C8F7881B990B0895FB01DC01B2
:1081300002C001900D9241505040D8F70895DC01E3
:1081400001C06D9341505040E0F70895FB01DC0100
:108150008D9181341CF08B350CF4805E619161341B
:108160001CF06B350CF4605E861B611189F3990B72
:108170000895FB01DC010D900020E9F711970190B3
:108180000D920020E1F70895FC018191861721F0FE
:108190008823D9F7992708953197CF010895FB01D6
:1081A000DC018D91019080190110D9F3990B08958C
:1081B000FB01DC0101900D920020E1F70895FB0125
:1081C000DC014150504030F08D910190801919F43C
:1081D0000020B9F7881B990B0895FB01DC01415081
:1081E000504048F001900D920020C9F701C01D9247
:1081F00041505040E0F708950F931F93CF93DF93C2
:10820000E0912518F09126182381EC0110E000E0A0
:1082100021FD08C00FEF1FEF14C01995892B11F035
:108220000FEF1FEF89916091251870912618DB01DF
:108230001896ED91FC918111F0CF8AE01995892B68
:1082400049F7C801DF91CF911F910F9108951AE36B
:10825000C5EADAE300E006C0802FFE010F947DBB83
:108260002196011DC63AD10780E00807A9F7F894C6
:02827000FFCF3E
:10827200303132333435363738392E200A475800F8
:10828200FFFFFFFFFF00007F4300805443000052C6
:108292004300000000000080C09A99193E64000269
:1082A20040771B0060EA0000016400FF0101010049
:1082B20000484200003E430000A041D2000A0001F3
:1082C200FF3FFF3FFF3FFF3F3030303001011010D2
:1082D200011414001111011E1E0102AF003B0E2BEE
:1082E2000E000080BF00000000000000000000003F
:1082F20000000080BF00000000000000000000003D
:10830200000000803F010101013F49000551490081
:10831200050101D310D310D310D310FFFFFFFFFFCD
:10832200FFFFFFFFFF080102010080BB4464000160
:108332007F7F777B777F7F01010101FFFFFF008055
:108342003B4500803B45000048440000000058596E
:108352005A45580059005A005072757361206933AA
:10836200204D4B332D52000D0A0000C0284500C09D
:10837200284500007A440000C842E6020600EB02EB
:108382000600C8040600F0040600030304032F00DD
:0A8392000F63CC628B620100010052
:00000001FF
