:100000000C94BF3A0C94F03A0C94F03A0C94F03AF9
:100010000C94F03A0D94A9650C94F03A0C94F03AD3
:100020000C940C6C0C94F03A0C94F03A0C94F03A5A
:100030000C9493570C94F03A0D9425290D94B62204
:100040000C94F03A0D9427300C94F03A0C94F03A5A
:100050000C94F03A0C94F03A0C94F03A0C94406BF7
:100060000C94F03A0C9410540C94F03A0C94F03A2E
:100070000C94F03A0C94038D0C94F03A0C94F03AF2
:100080000C94F03A0C94F03A0C94F03A0C94F03A48
:100090000C94CC530C94F03A0C94F03A0C94F03A43
:1000A0000C94F03A0C94F03A0D94A81A0C94F03A8F
:1000B0000C94F03A0D948A1A0C94F03A0D946F2E29
:1000C0000C94F03A0C94F03A0C94F03A0D944A1ACD
:1000D0000C94F03A0C94F03A0C94F03A0C94F03AF8
:1000E0000C94F03A084AD73B3BCE016E84BCBFFD6E
:1000F000C12F3D6C74319ABD56833DDA3D00C77FF8
:1001000011BED9E4BB4C3E916BAAAABE0000008090
:100110003F05A84CCDB2D44EB93836A9020C50B91F
:10012000918688083CA6AAAA2ABE000000803F0744
:10013000634236B79BD8A71A39685618AEBAAB5582
:100140008C1D3CB7CC5763BD6DEDFD753EF6177247
:1001500031BF000000803F08000000BE9224491219
:100160003EABAAAA2ABECDCCCC4C3E00000080BE3D
:10017000ABAAAAAA3E00000000BF000000803F001A
:1001800000000000084178D3BB4387D1133D190E0E
:100190003CC3BD4282AD2B3E68EC8276BED98FE176
:1001A000A93E4C80EFFFBE01C4FF7F3F000000006E
:1001B00000000C94C2C90D948FA90C94D3DC0D944B
:1001C000453C0D946F140D949D3C0C9452DB0C94A3
:1001D000CCCD0D94E0170C94ABDC0D9484B30D944E
:1001E000A1130C940ACA0D9489AD0D9460080C9467
:1001F000C2DC0C94CDCA0D9468090C9478F60C946A
:100200001CC70C9441C70D94120E0C94B4E50D94C8
:10021000123C0C941DCA0C9439D10C94E9CA0C946C
:1002200037C70C9469E50D94320E0C94A6F90C9422
:1002300044F30C9457E50C94E5C80D94D5150C9433
:10024000E66B0D949EA90C94BFCB0D94FC190C94F5
:1002500021EA0C94D3D50C94896D0C9415FA0C9466
:10026000EEDE0C942DC70D941BB30D9480B30C944B
:10027000D0F30D9424AD0C94256A0C94BAEE0C9432
:1002800052F20C94F3C80D9495130C94FAC80C9484
:10029000A86B0C948CE50C9432DA0D94010E0D943D
:1002A00061B30C94D16A0D944D3C0C9494CD0C9494
:1002B000796B0C94A2C90C94846B0C9412C80C94A6
:1002C00080D60C94ACC90D94AB0B0C945EC90C9405
:1002D00093DB0C94B7DC0C94C6CA0D9486AD0D94D8
:1002E000983B0C948AF80C94926B0C946B6F0D9461
:1002F000D83B0C94B0F90D946C090D9440A90D9461
:1003000007790D94C3170C9423C70C940EC70D9452
:1003100026220C944EC70C94EEDA0C9476CD0C94F5
:1003200018C80D9486090D94340A0D9480250D94F7
:1003300059150C9449EF0D94AAA90C94A0E50D94BD
:100340002E0B0C94FFF90C9408CE0C9425FA0C9407
:1003500039C90C94F3C90D94E23B0D9431140C94FB
:1003600031E50C94B16B0D9464480C9426E00C9428
:10037000A2CC0C946DC90C949CDB0C94E7EE0C940D
:100380006CF90D9452A90C9461D10C9462F90D94FE
:10039000423C0C946CCC0D94F9070D945E090D94BD
:1003A0008E210C9499DC0C948EC90C9420DD0D9454
:1003B0007D3C0C9453C70C9482EA0D949BA90D9438
:1003C000A1210C94EED10D94AE0B0D94D53B0D9460
:1003D000853C0D94A53C0C94E8DA0D941C160C9405
:1003E00057C70C9473F20C945BC70C9474F90C947B
:1003F000D1DC0C947DE50C9467DD0C944FE50D94F5
:10040000B70B0C9429C70D9422150C9409D00D94A8
:10041000953C0C9462DB0C944CC90C94B8C90D94B7
:100420005E130C949FDC0C9420C70C94E8C90D94C7
:10043000B10B0C9408ED0D945D3C0D949A060D944F
:1004400092B30C944FC70C9480540C9445E50D94D2
:1004500017220D9424130C942BDC0C9479C90C9462
:10046000FFF80C9480CD0C94F7DE0C9401D00D9421
:10047000553C0C94ECC80C94BEE50D94653C0C9472
:10048000CCC90C94D46B0C942CE50D9437A90D9425
:100490003F220C948ACD0C9445C70C9401C90D944D
:1004A00070090C94A5DC0C94FEED0C9473E50C948F
:1004B0003BE50D94A50B0C94E1F90D94BA180C943E
:1004C0007BCF0C9433C70C94DDF90C943CF90D945C
:1004D000D50E0C945FE50D9483AD0C9418C70C9465
:1004E000B5D50D946D3C0C9471CD0D94B2130D9453
:1004F00080150C9422F70C9460C70C94C9D30C940B
:100500003BCC0C94D6C90D94E4210C9424E50D94B5
:1005100064080D94E4170C9484C90C94C8F90C94E5
:10052000ADEB0D94753C0C9430CB0D9400140C94F1
:100530005F6B0C947BCD0D94A0060C9428DA0C9480
:100540006AEE0D94BD0E0D94B3A90C9485CD0D9457
:10055000DF3B0D9498A90C9449C70D9473190D9421
:100560008D3C0C94EA680D94DA140D948DB30C94C0
:100570008FCD0D943F3C0C946AD10D94B03B0D94FB
:1005800036130D940BAD0D94A80B0C9403D50D945C
:10059000B40B0D943C3C0C9496E50C946ECE0D94EB
:1005A000A1A90C945BEC0C9414C70C94F1C70D94A6
:1005B000E9080D9466AD0D94BD1F0C9425DD0C94D7
:1005C00098C90C9498CD0C94D7F90D94840D0C9483
:1005D00000DF0D947DB30C94E5DE0C943BC70C94C6
:1005E000AAE50D9464090C942DC96E616E00696EC4
:1005F000660000407A10F35A00A0724E18090010ED
:10060000A5D4E80000E87648170000E40B54020087
:1006100000CA9A3B000000E1F505000080969800B2
:10062000000040420F000000A086010000001027DB
:1006300000000000E803000000006400000000006B
:100640000A00000000000100000000002C76D8889D
:10065000DC674F0823DFC1DFAE59E1B1B796E5E3B0
:10066000E453C63AE651997696E8E6C28426EB89C9
:100670008C9B62ED407C6FFCEFBC9C9F40F2BAA566
:100680006FA5F490055A2AF75C936B6CF9676DC1FE
:100690001BFCE0E40D47FEF520E6B500D0ED902E02
:1006A0000300943577050080841E080000204E0A60
:1006B000000000C80C333333330F986E128311419E
:1006C000EF8D2114893BE65516CFFEE6DB18D18469
:1006D0004B381BF77C1D901DA4BBE4242032847290
:1006E0005E228100C9F124ECA1E53D27556E6578B5
:1006F000706563746564206572726F72206F6363E6
:1007000075727265642E004D3630302046696C611A
:100710006D656E74204368616E67652E204C6F6155
:10072000642061206E65772066696C616D656E740A
:10073000206F7220656A65637420746865206F6C31
:1007400064206F6E652E0052656D6F76652074684B
:100750006520656A65637465642066696C616D65B2
:100760006E742066726F6D207468652066726F6E9D
:1007700074206F6620746865204D4D552E004669C3
:100780006C616D656E742064657465637465642066
:10079000756E65787065637465646C792E20456E3E
:1007A00073757265206E6F2066696C616D656E741D
:1007B000206973206C6F616465642E2043686563F3
:1007C0006B207468652073656E736F727320616E41
:1007D0006420776972696E672E00496E7465726E67
:1007E000616C2072756E74696D65206572726F72CE
:1007F0002E2054727920726573657474696E672057
:10080000746865204D4D55206F7220757064617459
:10081000696E6720746865206669726D77617265BC
:100820002E004D4D552046572076657273696F6EC8
:1008300020697320696E636F6D70617469626C65A5
:100840002077697468207072696E746572204657EB
:100850002E55706461746520746F207665727369BB
:100860006F6E20332E302E332E004D4D55204669AD
:10087000726D7761726520696E7465726E616C204D
:100880006572726F722C20706C6561736520726581
:1008900073657420746865204D4D552E0052657146
:1008A0007565737465642066696C616D656E74202E
:1008B000746F6F6C206973206E6F7420617661694C
:1008C0006C61626C65206F6E20746869732068616A
:1008D0007264776172652E20436865636B2074686B
:1008E0006520472D636F646520666F7220746F6F9B
:1008F0006C20696E646578206F7574206F66207255
:10090000616E6765202854302D5434292E004361D0
:100910006E6E6F7420706572666F726D207468659C
:1009200020616374696F6E2C2066696C616D656E01
:100930007420697320616C7265616479206C6F61E9
:100940006465642E20556E6C6F6164206974206646
:10095000697273742E004D4D55206E6F7420726550
:1009600073706F6E64696E6720636F727265637413
:100970006C792E20436865636B2074686520776905
:1009800072696E6720616E6420636F6E6E6563745A
:100990006F72732E004D4D55206E6F74207265730B
:1009A000706F6E64696E672E20436865636B207498
:1009B000686520776972696E6720616E6420636F75
:1009C0006E6E6563746F72732E004D6F7265206476
:1009D000657461696C73206F6E6C696E652E00546E
:1009E00068652049646C65722063616E6E6F742067
:1009F000686F6D652070726F7065726C792E204320
:100A00006865636B20666F7220616E797468696EC9
:100A10006720626C6F636B696E6720697473206D09
:100A20006F76656D656E742E0043616E2774206D60
:100A30006F76652053656C6563746F72206F7220EA
:100A400049646C65722E005468652053656C65635B
:100A5000746F722063616E6E6F7420686F6D6520B5
:100A600070726F7065726C792E20436865636B20BD
:100A7000666F7220616E797468696E6720626C6F50
:100A8000636B696E6720697473206D6F76656D6541
:100A90006E742E004C6F6164696E6720746F206500
:100AA00078747275646572206661696C65642E2065
:100AB000496E7370656374207468652066696C6143
:100AC0006D656E74207469702073686170652E2086
:100AD000526566696E65207468652073656E736F14
:100AE000722063616C6962726174696F6E2C206937
:100AF00066206E65656465642E0053656C6563747D
:100B00006F722063616E2774206D6F766520647547
:100B10006520746F2046494E4441206465746563C6
:100B200074696E6720612066696C616D656E742EF4
:100B3000204D616B652073757265206E6F2066694C
:100B40006C616D656E7420697320696E2053656CED
:100B50006563746F7220616E642046494E44412083
:100B6000776F726B732070726F7065726C792E0084
:100B700046696C616D656E742073656E736F72206B
:100B800074726967676572656420746F6F20656150
:100B9000726C79207768696C65206C6F6164696E2E
:100BA0006720746F2065787472756465722E2043B7
:100BB0006865636B2074686572652069736E27745D
:100BC00020616E797468696E6720737475636B2039
:100BD000696E205054464520747562652E20436826
:100BE00065636B20746861742073656E736F722027
:100BF00072656164732070726F7065726C792E001B
:100C000050756C6C6579206D6F746F7220737461B0
:100C10006C6C65642E20456E737572652074686512
:100C20002070756C6C65792063616E206D6F7665E0
:100C300020616E6420636865636B2074686520774B
:100C40006972696E672E0046696C616D656E74200D
:100C500073656E736F72206469646E277420737796
:100C600069746368206F6666207768696C652075B3
:100C70006E6C6F6164696E672066696C616D656E2C
:100C8000742E20456E737572652066696C616D65A2
:100C90006E742063616E206D6F766520616E6420D6
:100CA0007468652073656E736F7220776F726B73F3
:100CB0002E0046696C616D656E742073656E736F8E
:100CC00072206469646E2774207472696767657244
:100CD000207768696C65206C6F6164696E67207449
:100CE00068652066696C616D656E742E20456E7353
:100CF000757265207468652073656E736F72206904
:100D0000732063616C6962726174656420616E64F2
:100D1000207468652066696C616D656E742072650B
:100D200061636865642069742E0046494E44412021
:100D30006469646E277420737769746368206F66D2
:100D400066207768696C6520756E6C6F6164696E8A
:100D5000672066696C616D656E742E20547279200F
:100D6000756E6C6F6164696E67206D616E75616C24
:100D70006C792E20456E737572652066696C616DA5
:100D8000656E742063616E206D6F766520616E64A0
:100D90002046494E444120776F726B732E004649BE
:100DA0004E4441206469646E2774207472696767D9
:100DB0006572207768696C65206C6F6164696E6725
:100DC000207468652066696C616D656E742E2045BF
:100DD0006E73757265207468652066696C616D65F7
:100DE0006E742063616E206D6F766520616E642085
:100DF00046494E444120776F726B732E00446973ED
:100E000061626C650053746F70004C6F61640055D3
:100E10006E6C6F61640052657365744D4D55005280
:100E200065747279004372617368206465746563E8
:100E30007465642E00536F6D652070726F626C650F
:100E40006D20656E636F756E74657265642C205AD3
:100E50002D6C6576656C696E6720656E666F726372
:100E60006564202E2E2E004D657368206265642017
:100E70006C6576656C696E67206661696C65642E69
:100E8000205072696E742063616E63656C65642EB8
:100E90000048656174696E672064697361626C659E
:100EA00064206279207361666574792074696D6568
:100EB000722E0053544F505045442E00504155530C
:100EC000454420544845524D414C204552524F52C2
:100ED00000472D636F646520736C696365642066E9
:100EE0006F72206120646966666572656E74206C3D
:100EF0006576656C2E20506C656173652072652D7A
:100F0000736C69636520746865206D6F64656C201F
:100F1000616761696E2E205072696E742063616E24
:100F200063656C6C65642E00472D636F6465207388
:100F30006C6963656420666F72206120646966660F
:100F40006572656E74206C6576656C2E20436F6EDD
:100F500074696E75653F00472D636F646520736C1F
:100F60006963656420666F722061206E65776572C3
:100F7000206669726D776172652E20506C656173B1
:100F80006520757064617465207468652066697297
:100F90006D776172652E205072696E742063616E88
:100FA00063656C6C65642E00472D636F6465207308
:100FB0006C6963656420666F722061206E65776579
:100FC00072206669726D776172652E20436F6E7450
:100FD000696E75653F00472D636F646520736C69AA
:100FE00063656420666F722061206469666665725D
:100FF000656E74207072696E7465722074797065A4
:101000002E20506C656173652072652D736C696369
:101010006520746865206D6F64656C206167616927
:101020006E2E205072696E742063616E63656C6C05
:1010300065642E00472D636F646520736C6963657A
:101040006420666F72206120646966666572656EF1
:1010500074207072696E74657220747970652E20C8
:10106000436F6E74696E75653F00507265737320CF
:10107000746865206B6E6F6220746F207072656893
:10108000656174206E6F7A7A6C6520616E6420638E
:101090006F6E74696E75652E00506C6561736520A6
:1010A000707265737320746865206B6E6F62207454
:1010B0006F20756E6C6F61642066696C616D656E22
:1010C0007400616E642070726573732074686520AB
:1010D0006B6E6F6200496E736572742066696C6135
:1010E0006D656E7400436F6C6F72206E6F74206359
:1010F0006F72726563740046696C616D656E742011
:101100006E6F74206C6F61646564004368616E6724
:10111000656420636F72726563746C79004C6F61F3
:1011200064696E6720636F6C6F72004368616E67FD
:101130006520737563636573732100506C6561731B
:1011400065206F70656E2069646C657220616E64E5
:101150002072656D6F76652066696C616D656E7471
:10116000206D616E75616C6C792E0057617320661D
:10117000696C616D656E7420756E6C6F616420734F
:1011800075636365737366756C3F00506C6561735E
:101190006520757067726164652E004E6577206604
:1011A00069726D776172652076657273696F6E2002
:1011B000617661696C61626C653A00576169746956
:1011C0006E6720666F722050494E44412070726FE6
:1011D000626520636F6F6C696E6700506C65617348
:1011E000652077616974004E6F206D6F76652E0003
:1011F0005761697420666F7220757365722E2E2E8A
:1012000000537461626C6520616D6269656E742063
:1012100074656D70657261747572652032312D323E
:101220003643206973206E656564656420612072B1
:1012300069676964207374616E64206973207265E4
:101240007175697265642E00506C656173652072FA
:10125000756E2058595A2063616C696272617469B5
:101260006F6E2066697273742E00426564206C652F
:1012700076656C696E67206661696C65642E2053C3
:10128000656E736F72206469646E2774207472696E
:10129000676765722E20446562726973206F6E20E5
:1012A0006E6F7A7A6C653F2057616974696E67204A
:1012B000666F722072657365742E0053656E736974
:1012C00074697669747900446F6E65002200656EFA
:1012D000717565696E67202200446F6E65207072BB
:1012E000696E74696E672066696C65004E6F204C8C
:1012F000696E65204E756D6265722077697468202D
:10130000636865636B73756D2C204C617374204C3E
:10131000696E653A20004E6F20436865636B737594
:101320006D2077697468206C696E65206E756D62DA
:1013300065722C204C617374204C696E653A2000F4
:10134000636865636B73756D206D69736D6174633C
:10135000682C204C617374204C696E653A20004CF7
:10136000696E65204E756D626572206973206E6FBF
:1013700074204C617374204C696E65204E756D62EB
:1013800065722B312C204C617374204C696E653A68
:101390002000256C752062797465732077726974FA
:1013A00074656E20746F202553206174206164641D
:1013B000726573732030782530346C780A004425C8
:1013C00064202D20526561642F5772697465202551
:1013D000530A0020436F756E7420583A2000453040
:1013E0003A25642052504D2050524E313A25642007
:1013F00052504D204530403A25752050524E3140D4
:101400003A25750A00526573656E640025533A20CB
:10141000256C640A25530A002F2F616374696F6E6F
:101420003A6E6F74696669636174696F6E202553E3
:101430000A0046696C616D656E742072756E6F7519
:101440007420646574656374656421005072696E0C
:101450007465722073746F707065642064756520A4
:10146000746F206572726F72732E2053757065727F
:10147000766973696F6E2072657175697265642E25
:101480000064756D7020636C65617265640A006E3E
:101490006F2064756D7020617661696C61626C6546
:1014A0000A00443231202D2072656164206372612C
:1014B00073682064756D700A006E6F2064756D70BE
:1014C00020617661696C61626C650A0064756D709B
:1014D00020636F6D706C6574656420696E20256C87
:1014E000756D730A0058464C4153480045455052AB
:1014F0004F4D005352414D00442D31202D20456E5B
:10150000646C657373206C6F6F700A00416374695B
:1015100076652045787472756465723A20300049AA
:101520006E76616C696420657874727564657200AA
:10153000746D63323133305F7072696E745F6375DE
:101540007272656E747328290A094809520A58098B
:1015500025640925640A590925640925640A5A097C
:1015600025640925640A450925640925640A005390
:1015700044207072696E74696E67206279746520A8
:1015800000257500556E6B6E6F776E20636F6D6D05
:10159000616E643A2022004D32303020496E76610F
:1015A0006C696420657874727564657220007A5F76
:1015B0006D61783A20007A5F6D696E3A2000795F3C
:1015C0006D61783A2000795F6D696E3A2000785F2E
:1015D0006D61783A200054524947474552454400CE
:1015E0006F70656E00785F6D696E3A2000526570AD
:1015F0006F7274696E6720656E6473746F702073A8
:101600007461747573004D3131322063616C6C65A7
:10161000642E20456D657267656E63792053746F23
:10162000702E002F2F616374696F6E3A75766C6F40
:101630005F7265636F766572795F72656164790068
:101640002F2F616374696F6E3A75766C6F5F617589
:10165000746F5F7265636F766572795F72656164DE
:10166000790053494C454E54004E4F524D414C0069
:101670002553204D4F44453A2050657263656E7482
:1016800020646F6E653A20256868643B207072693B
:101690006E742074696D652072656D61696E696E26
:1016A0006720696E206D696E733A2025643B204384
:1016B00068616E676520696E206D696E733A2025DA
:1016C000640A005072696E74657253746174653A8D
:1016D0002025640A00456E642066696C65206C698B
:1016E000737400426567696E2066696C65206C6979
:1016F000737400556E6B6E6F776E20256320636F79
:1017000064653A2025730A000A50494E444120740A
:10171000656D70657261747572653A20252E31664B
:10172000205A20736869667420286D6D293A202537
:101730002E3366000A537465703A2025642F360AEA
:10174000000A537465703A2025642F362028736B85
:101750006970706564290A50494E44412074656D72
:1017600070657261747572653A202564205A207321
:101770006869667420286D6D293A300A000A5A4556
:10178000524F3A20252E33660A007374617274201A
:1017900074656D70657261747572653A20252E31BD
:1017A000660A0025642020252E3266002553205825
:1017B0003A20252E356620593A20252E3566205AA6
:1017C0003A20252E35660A00536C6565702E2E2E44
:1017D0000045303A25642052504D0A50524E303A5E
:1017E00025642052504D0A00312F39008800002016
:1017F00045535000204E535000204F464600204F86
:101800004E005056303100205B4D505D2000256960
:1018100020686F757273202569206D696E75746517
:10182000730052582074696D656F7574004D3331C3
:1018300030004D313132004D3131300046756C6C25
:10184000205258204275666665720053657474694B
:101850006E67732053746F72656400544D3A207341
:10186000746F7265642063616C6962726174696F20
:101870006E20696E76616C69642C20726573657484
:1018800074696E670053746F726564207365747455
:10189000696E677320726574726965766564004865
:1018A000617264636F6465642044656661756C741D
:1018B0002053657474696E6773204C6F616465644E
:1018C00000563200000000C8420000C8420000C8B4
:1018D0004300008C430000484300004843000040A0
:1018E000410000F042E8030000E8030000C80000E7
:1018F000008813000000409C4400409C440000000D
:101900000000000000204E000000002041000020E8
:1019100041CDCCCC3E000090400000000000000013
:101920000000000000CDCCCC3E3D0A8141FF0843C1
:101930003EB099AB438F42FC42E65A343F4C62B012
:10194000450000000000404000003442000000005C
:101950000000000000000041000000E03F0000C85F
:10196000420000C842000040410000F042C00300B5
:1019700000C0030000C80000008813000010101011
:101980002000409C440000803F0000003F191400EC
:101990000000437573746F6D004E796C6F6E50412B
:1019A00000536174696E202000546578747572006C
:1019B000536D6F6F746800486F74656E6420666164
:1019C0006E207370656564206973206C6F77657233
:1019D000207468616E20657870656374656400507A
:1019E00072696E742066616E20737065656420692B
:1019F00073206C6F776572207468616E20657870F3
:101A0000656374656400312E3000312E3500554E0B
:101A10004B4E4F574E004C413130433A204C696E8B
:101A200065617220416476616E6365206D6F6465E7
:101A30003A20004C413130433A2041646A75737456
:101A4000656420452D4A65726B3A20003E0FA8AFB1
:101A500000480069960000DF602555588768042714
:101A6000F2E0005E3403CC1960F33C0EF88F00DB2B
:101A700008029492003E1C079A8700E524008528FE
:101A8000527E06001BE4007E781270787061F812B6
:101A9000788F8841784270787061782570787061AD
:101AA000F850788F88D1F02527078761F025278F98
:101AB00088412C0D27AA50D1BC0707871161BE7839
:101AC0008F881141785270787061F852788F884110
:101AD0002012788870632052788870634852788822
:101AE0008743031117997064181278F870654412CF
:101AF000F8F8F045184278F87065182578F87065A0
:101B0000185278F87065185078F870650C078F8750
:101B10002365A20F8F8F11450012062270690012F3
:101B20000722274900250622706900250722274938
:101B300000120622276C026236A2706C40456C448B
:101B4000704C03622222706C43888888F04C7812B3
:101B5000BC88806E7852BC88806E38127888706F2E
:101B600078127888874F38427888706F382578885F
:101B7000706F3A0079AC786F3D079AAC786F785007
:101B8000788887EF39497888706F0852BC888072EE
:101B90009852F88F985220127870F0734812786338
:101BA000875320527870F073485278638753100738
:101BB000870F247312786387245360699A988BE2A5
:101BC0002304E4443074104E444324747C12888906
:101BD00060753C50888870557825288960757949EA
:101BE000088960753C12887070790C1288522259ED
:101BF0004412F124F07A4452F124F07A8C52F036F7
:101C00008F5A4420F124F07A00401454CDCCCC3DBE
:101C10000AD7233C17B7D13877CC2B329595E624D9
:101C20001FB14F0A000020410000C84200401C467E
:101C300020BCBE4CCA1B0E5AAEC59D744E414E49C7
:101C40004E46627573793A207061757365642066DB
:101C50006F7220696E70757400627573793A2070C6
:101C6000617573656420666F7220757365720062BA
:101C70007573793A2070726F63657373696E67006C
:101C80000000FF4300805443000052430000000066
:101C9000000080C09A99193E00000000000080C03A
:101CA0009A99193E0000A0400000A04000000040AA
:101CB00025336420737465703D253264206D736331
:101CC0006E743D2534640A000000FF4300805843D1
:101CD0009AD95143FFFFFF20413A0020503A00209B
:101CE00042403A0020403A00202F002054303A0071
:101CF000202F0020423A00202F00543A002553455F
:101D0000786365737369766520626564206C6576B7
:101D1000656C696E6720636F7272656374696F6E5C
:101D20003A202569206D6963726F6E730A004265FF
:101D300064206C6576656C696E67206661696C65A8
:101D4000642E20546F6F206D756368207661726910
:101D50006174696F6E2066726F6D20656570726F59
:101D60006D206D65736800426564206C6576656CF6
:101D7000696E67206661696C65642E2053656E73B9
:101D80006F722074726967676572656420746F6F23
:101D900020736F6F6E002020004D65617375726552
:101DA0006420706F696E74733A005A2073656172B3
:101DB0006368206865696768743A20352E3066006C
:101DC0004E756D20582C593A20372C37004D6573CD
:101DD0006820626564206C6576656C696E67206E4C
:101DE0006F74206163746976652E0020453A002087
:101DF0005A3A0020593A0020453A00205A3A002029
:101E0000593A00583A00202D3E200053706F6F6CF5
:101E10004A6F696E3A20002C2000496E6163746934
:101E2000766974792053687574646F776E004B49D6
:101E30004C4C45442E005072696E74657220686186
:101E40006C7465642E206B696C6C28292063616C4E
:101E50006C656421005A206C6976652061646A753E
:101E60007374206F7574206F662072616E67652EC3
:101E70002053657474696E6720746F20302E204380
:101E80006C69636B20746F20636F6E74696E756527
:101E90002E005A206C6976652061646A757374201F
:101EA0006F7574206F662072616E67652E205365B2
:101EB0007474696E6720746F20300020453A3020BA
:101EC000423A00543A004731205A252D2E336620DD
:101ED00046252D2E336600496E76616C6964205468
:101EE00020636F64652E004475706C69636174656E
:101EF00020542D636F64652069676E6F7265642E70
:101F000000416476616E6365204B3D004B206F7528
:101F100074206F6620616C6C6F7765642072616EEF
:101F2000676521004D4B33004D4B334D4D5533000C
:101F30005C762C012533642F25336400253364003F
:101F4000200A200A200A200025534172632053658D
:101F50007474696E67733A20503A4D6178206C65ED
:101F60006E677468286D6D2920533A4D696E206C38
:101F7000656E67746820286D6D29204E3A436F7234
:101F800072656374696F6E7320523A4D696E207387
:101F900065676D656E747320463A5365676D656E4F
:101FA00074732F7365632E0A255320204D3231340C
:101FB0002050252E32662053252E3266204E256471
:101FC00020522564204625640A00255346696C6129
:101FD0006D656E742073657474696E67733A20441E
:101FE000697361626C65640A00255346696C616DB2
:101FF000656E742073657474696E67733A0A25534D
:102000002020204D3230302044252E32660A002513
:1020100053526574726163743A20533D4C656E6728
:10202000746820286D6D2920463A537065656420D8
:10203000286D6D2F6D29205A3A205A4C69667420FC
:10204000286D6D290A25532020204D32303720532A
:10205000252E32662046252E3266205A252E3266DF
:102060000A25535265636F7665723A20533D457871
:10207000747261206C656E67746820286D6D29200C
:10208000463A537065656420286D6D2F6D290A25C9
:10209000532020204D3230382053252E32662046E2
:1020A000252E32660A25534175746F2D5265747260
:1020B0006163743A20533D3020746F20646973610A
:1020C000626C652C203120746F20696E74657270AB
:1020D00072657420657874727564652D6F6E6C79A5
:1020E000206D6F7665732061732072657472616311
:1020F0007473206F72207265636F766572696573A1
:102100000A25532020204D323039205325640A00FF
:102110002553504944206865617462656420736585
:102120007474696E67733A0A25532020204D33304A
:10213000342050252E32662049252E326620442533
:102140002E32660A00255350494420736574746921
:102150006E67733A0A25532020204D3330312050CA
:10216000252E32662049252E32662044252E3266E1
:102170000A00255353746570732070657220756E64
:1021800069743A0A255320204D39322058252E32C1
:10219000662059252E3266205A252E326620452586
:1021A0002E32660A25535553746570207265736F1D
:1021B0006C7574696F6E3A200A2553204D333530A3
:1021C0002058256420592564205A2564204525641B
:1021D0000A25534D6178696D756D20666565647279
:1021E00061746573202D206E6F726D616C20286D97
:1021F0006D2F73293A0A255320204D323033205851
:10220000252E32662059252E3266205A252E32661A
:102210002045252E32660A25534D6178696D756D0E
:1022200020666565647261746573202D2073746522
:10223000616C746820286D6D2F73293A0A2553202C
:10224000204D3230332058252E32662059252E322B
:1022500066205A252E32662045252E32660A2553E1
:102260004D6178696D756D20616363656C65726140
:1022700074696F6E202D206E6F726D616C20286DF9
:102280006D2F7332293A0A255320204D32303120E8
:1022900058256C752059256C75205A256C7520457C
:1022A000256C750A25534D6178696D756D206163E4
:1022B00063656C65726174696F6E202D207374653F
:1022C000616C746820286D6D2F7332293A0A25538A
:1022D00020204D3230312058256C752059256C75E1
:1022E000205A256C752045256C750A25534163637A
:1022F000656C65726174696F6E3A20503D707269E9
:102300006E742C20523D726574726163742C20547B
:102310003D74726176656C0A255320204D3230344D
:102320002050252E32662052252E32662054252E2E
:1023300032660A2553416476616E63656420766176
:10234000726961626C65733A20533D4D696E206617
:102350006565647261746520286D6D2F73292C206A
:10236000543D4D696E2074726176656C20666565BA
:10237000647261746520286D6D2F73292C20423D95
:102380006D696E696D756D207365676D656E74201E
:1023900074696D6520287573292C20583D6D61780E
:1023A000696D756D205859206A65726B20286D6DB6
:1023B0002F73292C20205A3D6D6178696D756D2031
:1023C0005A206A65726B20286D6D2F73292C20208E
:1023D000453D6D6178696D756D2045206A65726B4C
:1023E00020286D6D2F73290A255320204D3230355A
:1023F0002053252E32662054252E32662042256C2D
:10240000752058252E32662059252E3266205A25F1
:102410002E32662045252E32660A2553486F6D659B
:10242000206F666673657420286D6D293A0A2553FE
:1024300020204D3230362058252E32662059252E48
:102440003266205A252E32660A00544D3A20525BDD
:1024500025755D20657374696D6174652E00544D3A
:102460003A20255320522025644300544D3A20251C
:10247000532043206573742E00544D3A20636F6FD0
:102480006C20646F776E203C25644300726566693A
:102490006E6500696E697469616C00544D3A206321
:1024A000616C6962722E206661696C6564210054FA
:1024B0004D3A2063616C6962726174696F6E20735A
:1024C0007461727400544D3A2043616C2E204E4F5B
:1024D000542049444C45004361703A25533A2563E2
:1024E0000A0050525553415F4D4D553200455854E6
:1024F000454E4445445F4D3230004155544F52459E
:10250000504F52545F504F534954494F4E0041551C
:10251000544F5245504F52545F46414E530041551F
:10252000544F5245504F52545F54454D5000004453
:10253000656C6574696F6E206661696C65642C20DA
:1025400046696C653A200046696C652064656C6577
:102550007465643A004E6F74205344207072696E43
:1025600074696E67005072696E7420736176656479
:10257000005344207072696E7420706175736564D5
:10258000002533642F253364004F4B004241440043
:1025900052414D426F2046414E20006676007468DD
:1025A000780050524E0043524153485F43414E43DE
:1025B000454C0043524153485F5245434F564552A4
:1025C0000043524153485F5245434F564552002203
:1025D0002832290025533A2025530A002C204D3952
:1025E000303720452069676E6F726564006E6F201A
:1025F00076616C696420636F6D6D616E64007A65ED
:10260000726F72697A656400666163746F727920B3
:10261000726573746F72656400696E6465782C20EE
:1026200074656D702C2075737465702C20756D0049
:1026300050494E44412063616C207374617475731A
:102640003A2000503A005761697420666F7220503A
:10265000494E4441207461726765742074656D70E1
:10266000657261747572653A002041002050002047
:102670004200204C00205200205A00204E4F54208F
:10268000494E495449414C495A454400536865658F
:10269000742000205A2056414C5545204F55542057
:1026A0004F462052414E474500496E76616C696441
:1026B0002073686565742049442E20416C6C6F77E7
:1026C00065643A20302E2E004155544F004C414E47
:1026D000472053454C20464F524345440020643A1E
:1026E0000020693A0020703A0020643A0020693ADC
:1026F0000020703A00256925250A00256925250A4C
:102700000022283129002F2F00002045585452550F
:102710004445525F434F554E543A3100204D41439A
:1027200048494E455F545950453A00312E300020FB
:102730006261736564206F6E204D61726C696E20FA
:102740004649524D574152455F55524C3A68747450
:1027500070733A2F2F6769746875622E636F6D2FDF
:10276000707275736133642F50727573612D466991
:10277000726D776172652050524F544F434F4C5FDA
:1027800056455253494F4E3A003136353532663749
:102790006264005F0038323530002B004649524DEC
:1027A000574152455F4E414D453A50727573612D08
:1027B0004669726D7761726520004D313133205367
:1027C000006F6B200020636D2E00206D696E20006D
:1027D000535441545320006E2F61003F546F73686F
:1027E00069626120466C6173684169722047657453
:1027F0004950206661696C65640A00000125311D3D
:102800000C4024301C0B45232F1B0A17FF04062203
:102810002B1A03363735382569206D696E2C202533
:10282000692073656300496E76616C6964204D2090
:10283000636F64653A2025730A0050494E44412075
:1028400070726F62652063616C6962726174696F36
:102850006E207374617274004E6F2050494E444173
:1028600020746865726D6973746F720073657400AB
:102870006E6F7A7A6C65004D424C004652004C7A7D
:10288000004C616E6700315F37356D6D5F4D4B33C6
:102890002D45494E53795F3130612D4533447636AD
:1028A00066756C6C0052657600332E31342E312DF6
:1028B000383235300046697200534E20696E7661B9
:1028C0006C696400534E005245534554004D4D55BC
:1028D0005245530075766C6F0046414E0046414E9E
:1028E00050494E545354005052555341005345548F
:1028F0005F43484F505F005345545F535445505F0A
:10290000005345545F574156455F00544D435F00A7
:1029100043524153485F43414E43454C004352416B
:1029200053485F5245434F56455200435241534826
:102930005F44455445435445440043524153485F26
:1029400000252E313053200025346400457872650F
:102950006D65207370616E206F6620746865205A03
:102960002076616C756573210025642F39004D4D0B
:1029700055323A002533640018010419020A9E0DED
:102980002A0DB20C470C000C700BFA0A940A470A85
:10299000290ADF09290ACA09CA09CA09CA09CA09CA
:1029A000CA09CA09CA09CA09CA09CA09CA09CA098F
:1029B000CA09CA09CA09CA09CA09CA09CA09CA097F
:1029C000CA09950956090E099D086A082208DA07FE
:1029D0007E0747070707EC0601010101010101021B
:1029E0007101710132323203030303030303030352
:1029F00003030303030303030303939324380393A1
:102A00000301025603650066006700680069006AFA
:102A1000006B006C00730074007D007E00C900D361
:102A200000DD00CA00D400DE002D01370141012E77
:102A300001380142012F013901430130013A0144BB
:102A40000131013B014501320191019201F501F68D
:102A500001F701F801F901FA01FB01FC0184031FF0
:102A60000EC712160E0F0E0A0E00301A3D050EFD8F
:102A70000D252E3230530A70727573612E696F2FD7
:102A800030342568750020557067726164696E671F
:102A90002078666C6173680A20446F206E6F742022
:102AA000646973636F6E6E65637421007732357885
:102AB0003230636C5F63666D0A007732357832308E
:102AC000636C5F656E7465720A0073746172740A78
:102AD00000473120583130205931383020463430C9
:102AE0003030004731205A31302046313330300009
:102AF0004D313430205330004D31303420533000CC
:102B0000473120452D302E30373520463231303098
:102B1000004731204634303030004D3230342053BD
:102B200031303030004731205A352046373230308E
:102B300000473120452D312E3520463231303000CE
:102B40004739300047312058352045342046313050
:102B50003030004731205A302E322046313030306C
:102B60000047312058353520453235204631343044
:102B70003000473120592D32204631303030004767
:102B80003120583234302045323520204632323020
:102B900030004731205A302E33204631303030005B
:102BA0004731205835352045382046323030300006
:102BB00047312058352045323920463138303000F1
:102BC00047312058353520453239204631303733AA
:102BD0000047393220453000473238004D31303916
:102BE000004D313930004D3130370025533A0A2538
:102BF00031382E32666D200A25533A0A2531306C61
:102C0000646820253032646D2025303264730025DD
:102C1000533A0A2531382E32666D200A25533A0A76
:102C20002531306C646420253032646820253032D0
:102C3000646D0025362E32666D6D0025530A2553CE
:102C40000A25533A0A25533A0025332E326681006D
:102C5000252D31342E3134533A0A25530A252D318E
:102C6000342E3134533A25332E3266810A252D31E4
:102C7000342E3134533A25332E32668100202030F1
:102C80000020203100423A202533642020202020DB
:102C900058643A2536640A533A20253364202020AC
:102CA000202059643A2536640046494E444100507C
:102CB000494E44410057697A61726420656E642010
:102CC00073746174653A2025640A0053706F6F6CE9
:102CD0004A6F696E004669726D776172650048429D
:102CE0006564206F6E206C6F616400466C61736870
:102CF00041697200546865726D616C204D6F646546
:102D00006C2063616C2E004572723A5052494E54E9
:102D10002046414E204552524F52004572723A4869
:102D20004F54454E442046414E204552524F52008A
:102D30002F2F616374696F6E3A726573756D656488
:102D4000002F2F616374696F6E3A726573756D65DC
:102D5000002F2F616374696F6E3A72656164790048
:102D60002F2F616374696F6E3A6E6F745F72656165
:102D70006479002F2F616374696F6E3A63616E63CB
:102D8000656C0041786973206C656E6774682064B7
:102D90006966666572656E63653A252E33660A005C
:102DA0004D656173757265642061786973206C6527
:102DB0006E6774683A252E33660A004F4B004C4309
:102DC0004420737461747573206368616E67656411
:102DD00000534420636172642072656C65617365A1
:102DE000640046616B652073657269616C206E7565
:102DF0006D62657200452D636F6F6C206D6F646549
:102E0000002F2F616374696F6E3A7374617274007E
:102E10004D3834004D373032004D383300473238AA
:102E20002057004D3530300045787465726E616C06
:102E30002053504920666C6173680A58464C4153D0
:102E400048206973206E6F74207265732D0A706F4D
:102E50006E64696E672E204C616E67756167650AE6
:102E600073776974636820756E617661696C6162FD
:102E70006C652E0058464C415348206E6F7420728A
:102E80006573706F6E64696E672E004657206372BB
:102E90006173682064657465637465642120596F8B
:102EA000752063616E20636F6E74696E7565207046
:102EB00072696E74696E672E20446562756720645E
:102EC00061746120617661696C61626C6520666F16
:102ED0007220616E616C797369732E20436F6E741A
:102EE00061637420737570706F727420746F2073D7
:102EF00075626D69742064657461696C732E002F4E
:102F00002F616374696F6E3A64756D705F6176618D
:102F1000696C61626C6500437261736844657465D5
:102F200063742044495341424C45440043726173E9
:102F30006844657465637420454E41424C454421A4
:102F4000002020506C616E6E657242756666657217
:102F500042797465733A20002046726565204D659C
:102F60006D6F72793A2000207C20417574686F7211
:102F70003A2000204C61737420557064617465645C
:102F80003A200020536F6674776172652052657332
:102F9000657400205761746368646F6720526573BD
:102FA0006574002042726F776E206F7574205265D1
:102FB000736574002045787465726E616C2052658B
:102FC00073657400506F7765725570006572726F2B
:102FD000722077726974696E6720746F2066696CFD
:102FE0006500446F6E6520736176696E672066695F
:102FF0006C652E006F6B0046696C616D656E7400C8
:10300000456A6563740046696C616D656E74206520
:103010007874727564696E672026207769746820F9
:10302000636F727265637420636F6C6F723F0041EF
:1030300075746F6C6F6164696E672066696C616D31
:10304000656E74206973206163746976652C206AEB
:1030500075737420707265737320746865206B6E6D
:103060006F6220616E6420696E7365727420666998
:103070006C616D656E742E2E2E005072696E742018
:1030800074696D650046696C616D656E7420757359
:10309000656400546F74616C207072696E74207482
:1030A000696D6500546F74616C2066696C616D6553
:1030B0006E74005072656865617420746865206E76
:1030C0006F7A7A6C6521004552524F523A0052692C
:1030D000676874004C656674005920646973746194
:1030E0006E63652066726F6D206D696E0053657644
:1030F00065726520736B657700536C69676874202F
:10310000736B6577004D6561737572656420736BD1
:103110006577005B303B305D20706F696E74206FA7
:1031200066667365740041646A757374696E6720BE
:103130005A00526561722073696465205BE46D5DBD
:103140000046726F6E7420736964655BE46D5D00A8
:10315000526967687420736964655BE46D5D004C57
:103160006566742073696465205BE46D5D0053657A
:10317000742074656D70657261747572653A005083
:10318000494E44412063616C6962726174696F6E7B
:10319000206661696C65640050494E44412063615A
:1031A0006C6962726174696F6E2069732066696E02
:1031B000697368656420616E642061637469766513
:1031C0002E2049742063616E2062652064697361FA
:1031D000626C656420696E206D656E752053657440
:1031E00074696E67732D3E50494E44412063616C93
:1031F0002E004578747275646572004D6F76652097
:103200005A004D6F76652059004D6F766520580045
:10321000437261736820646574656374696F6E20BE
:1032200063616E0A6265207475726E6564206F6EEC
:10323000206F6E6C7920696E0A4E6F726D616C2022
:103240006D6F6465005741524E494E473A0A4372CA
:1032500061736820646574656374696F6E0A64697C
:103260007361626C656420696E0A537465616C7485
:1032700068206D6F6465004D6F6465206368616EE2
:10328000676520696E2070726F67726573732E2E8A
:103290002E00536865657420252E37730A5A206FF7
:1032A00066667365743A20252B312E33666D6D0A80
:1032B0002563436F6E74696E75650A256352657385
:1032C000657400506C65617365206C6F6164206685
:1032D000696C616D656E742066697273742E003E50
:1032E00043616E63656C0052756E6E696E67205740
:1032F000697A6172642077696C6C2064656C6574AE
:10330000652063757272656E742063616C696272A8
:103310006174696F6E20726573756C747320616E71
:10332000642073746172742066726F6D20746865B6
:1033300020626567696E6E696E672E20436F6E74DA
:10334000696E75653F0050726568656174696E6786
:10335000206E6F7A7A6C652E20506C6561736520E3
:10336000776169742E00506C6561736520696E73B6
:103370006572742066696C616D656E7420696E7427
:103380006F207468652065787472756465722C208E
:103390007468656E20707265737320746865206B45
:1033A0006E6F6220746F206C6F61642069742E00F0
:1033B000506C6561736520696E736572742066690F
:1033C0006C616D656E7420696E746F207468652021
:1033D00066697273742074756265206F6620746804
:1033E00065204D4D552C207468656E207072657394
:1033F0007320746865206B6E6F6220746F206C6F31
:1034000061642069742E005A2063616C6962726184
:1034100074696F6E207265636F6D6D656E6465644F
:103420002E2052756E206974206E6F773F005468AD
:1034300065207072696E7465722077696C6C207398
:1034400074617274207072696E74696E6720612095
:103450007A69672D7A6167206C696E652E20526FDC
:103460007461746520746865206B6E6F6220756E80
:1034700074696C20796F7520726561636820746867
:1034800065206F7074696D616C2068656967687428
:103490002E20436865636B207468652070696374CF
:1034A0007572657320696E207468652068616E644A
:1034B000626F6F6B202843616C6962726174696F1F
:1034C0006E2063686170746572292E0053656C65A7
:1034D00063742074656D70657261747572652077B0
:1034E00068696368206D61746368657320796F75BE
:1034F00072206D6174657269616C2E0053656C6534
:10350000637420612066696C616D656E7420666FFE
:103510007220746865204669727374204C61796505
:10352000722043616C6962726174696F6E20616EB2
:10353000642073656C65637420697420696E2074FF
:103540006865206F6E2D73637265656E206D656EA4
:10355000752E004E6F7720492077696C6C2063616F
:103560006C6962726174652064697374616E63650D
:10357000206265747765656E20746970206F6620BF
:10358000746865206E6F7A7A6C6520616E6420685D
:1035900065617462656420737572666163652E008F
:1035A000506C6561736520636865636B206F75722D
:1035B0002068616E64626F6F6B20616E6420666963
:1035C00078207468652070726F626C656D2E20546F
:1035D00068656E20726573756D6520746865205727
:1035E000697A617264206279207265626F6F7469B2
:1035F0006E6720746865207072696E7465722E0043
:10360000416C6C20697320646F6E652E2048617078
:103610007079207072696E74696E672100596F75D8
:103620002063616E20616C776179732072657375B8
:103630006D65207468652057697A617264206672CE
:103640006F6D2043616C6962726174696F6E202DC9
:103650003E2057697A6172642E00496620796F7541
:103660002068617665206164646974696F6E616C5D
:1036700020737465656C207368656574732C2063B2
:10368000616C69627261746520746865697220702A
:1036900072657365747320696E2053657474696E06
:1036A0006773202D204857205365747570202D2096
:1036B000537465656C207368656574732E00506C77
:1036C0006561736520636C65616E20686561746215
:1036D000656420616E64207468656E207072657325
:1036E0007320746865206B6E6F622E00446F2079C2
:1036F0006F752077616E7420746F207265706561DC
:1037000074206C617374207374657020746F207200
:103710006561646A7573742064697374616E63654E
:10372000206265747765656E206E6F7A7A6C6520AD
:10373000616E6420686561746265643F0053656C06
:10374000656374206E6F7A7A6C6520707265686547
:1037500061742074656D706572617475726520772F
:1037600068696368206D61746368657320796F753B
:1037700072206D6174657269616C2E0049732066F8
:10378000696C616D656E74206C6F616465643F0087
:10379000546865726D616C206D6F64656C20636147
:1037A0006C2E2074616B657320617070726F782E5F
:1037B000203132206D696E732E205365650A707258
:1037C0007573612E696F2F746D2D63616C004E6F80
:1037D0007720492077696C6C207072656865617428
:1037E000206E6F7A7A6C6520666F7220504C412E85
:1037F00000492077696C6C2072756E207A206361B5
:103800006C6962726174696F6E206E6F772E004E04
:103810006F772072656D6F766520746865207465BA
:103820007374207072696E742066726F6D20737489
:1038300065656C2073686565742E00506C656173F6
:10384000652072656D6F7665207368697070696E4A
:10385000672068656C706572732066697273742E78
:1038600000492077696C6C2072756E2078797A2017
:1038700063616C6962726174696F6E206E6F772E1E
:103880002049742077696C6C2074616B65207570B9
:1038900020746F203234206D696E732E0046697279
:1038A00073742C20492077696C6C2072756E2074BB
:1038B00068652073656C667465737420746F20632B
:1038C0006865636B206D6F737420636F6D6D6F6ED1
:1038D00020617373656D626C792070726F626C65C4
:1038E0006D732E0048692C204920616D20796F7519
:1038F00072204F726967696E616C205072757361D6
:10390000206933207072696E7465722E20576F754E
:103910006C6420796F75206C696B65206D6520740F
:103920006F20677569646520796F75207468726FA0
:10393000756768207468652073657475702070728F
:103940006F636573733F0048692C204920616D20C7
:10395000796F7572204F726967696E616C20507261
:10396000757361206933207072696E7465722E20E0
:10397000492077696C6C20677569646520796F757B
:10398000207468726F75676820612073686F727445
:103990002073657475702070726F636573732C206B
:1039A000696E20776869636820746865205A2D61A4
:1039B0007869732077696C6C2062652063616C693B
:1039C0006272617465642E205468656E2C20796F74
:1039D000752077696C6C206265207265616479205E
:1039E000746F207072696E742E00452D636F727251
:1039F000656374005A2D636F727265637400592D8C
:103A0000636F727265637400582D636F72726563C1
:103A10007400506175736500436F6E742E004653D9
:103A200020416374696F6E00462E206A616D2064C8
:103A3000657465637400462E206175746F6C6F61E8
:103A40006400462E2072756E6F7574004D4D5520C2
:103A50004D6F6465004375747465720046616E2035
:103A60007370656564004265640046616E7320632F
:103A70006865636B004D6F64656C004E6F7A7A6C9D
:103A80006500506C6561736520756E6C6F616420B4
:103A90007468652066696C616D656E742066697214
:103AA00073742C207468656E207265706561742073
:103AB0007468697320616374696F6E2E0043686572
:103AC000636B73004E6F7A7A6C6520642E00416CD4
:103AD0007068616265740054696D6500536F72743B
:103AE00000534420636172640052506920706F7209
:103AF00074004C696E2E20636F7272656374696F17
:103B00006E004E6F7A7A6C65206368616E6765003F
:103B10004857205365747570004C6F6164696E6717
:103B200020546573740044697361626C652073741A
:103B3000657070657273004D6F766520617869738A
:103B40000054656D70657261747572650050494E00
:103B500044412063616C2E0052657365742058598E
:103B60005A2063616C6962722E005049442063617F
:103B70006C6962726174696F6E00426564206C6585
:103B800076656C20636F7272656374004D6573684F
:103B900020426564204C6576656C696E6700436100
:103BA0006C696272617465205A0043616C6962726B
:103BB0006174652058595A0053656C667465737456
:103BC0000042656C7420746573740057697A617281
:103BD00064004C6F616420416C6C00506C656173D3
:103BE000652070756C6C206F75742066696C616DF2
:103BF000656E7420696D6D6564696174656C7900CA
:103C000052657365740052656E616D650046697238
:103C10007374206C617965722063616C2E0053654A
:103C20006C65637400537465656C207368656574B6
:103C30007300537570706F7274004661696C207305
:103C400074617473204D4D55004661696C20737426
:103C500061747300537461746973746963730043AE
:103C6000616C6962726174696F6E004175746F4C4A
:103C70006F61642066696C616D656E74004C6F6184
:103C8000642066696C616D656E7400556E6C6F6161
:103C9000642066696C616D656E74004C6F616420B0
:103CA000746F206E6F7A7A6C65005072656C6F610C
:103CB0006420746F204D4D55004E6F205344206397
:103CC000617264005072696E742066726F6D205369
:103CD0004400436C65617220544D206572726F72AE
:103CE00000526573756D65207072696E7400506165
:103CF000757365207072696E740053657420526527
:103D000061647900536574206E6F7420526561643C
:103D10007900507265686561740054756E65004C79
:103D20006976652061646A757374205A0052657003
:103D300072696E7400496E666F2073637265656E9A
:103D4000004272696768746E6573730041737369CA
:103D500073740053696C656E74004F6E6365004C3C
:103D60006F756400536F756E640046696C2E207326
:103D7000656E736F72004368616E67652066696C7B
:103D8000616D656E7400466C6F7700537065656495
:103D9000004E2F41004D61676E65747320636F6D37
:103DA000702E005A2D70726F6265206E722E004D5B
:103DB0006573680044696D00427269676874004108
:103DC00075746F0054696D656F7574004C65766528
:103DD0006C2044696D6D6564004C6576656C2042AD
:103DE00072696768740053657474696E6773005311
:103DF000746F70207072696E7400436865636B69DC
:103E00006E672066696C650046696C6520696E6343
:103E10006F6D706C6574652E20436F6E74696E757E
:103E20006520616E797761793F00845265667265BD
:103E30007368004D61696E0057616974696E67202F
:103E4000666F72206E6F7A7A6C6520616E64206294
:103E5000656420636F6F6C696E670053656C667490
:103E6000657374204F4B0053656C667465737420E2
:103E70007374617274005072696E742066616E3A78
:103E800000486F74656E642066616E3A0043616C31
:103E90006962726174696E6720686F6D6500416C5C
:103EA0006C20636F727265637400436865636B694D
:103EB0006E672073656E736F727300436865636B22
:103EC000696E6720686F74656E6400436865636B34
:103ED000696E672062656400436865636B696E673D
:103EE000205A206178697300436865636B696E6767
:103EF0002059206178697300436865636B696E6758
:103F00002058206178697300436865636B696E6748
:103F100020656E6473746F70730043617264207205
:103F2000656D6F766564004261636B005374656113
:103F30006C7468004372617368206465742E004E6F
:103F40006F726D616C004D6F6465005374726963CC
:103F500074005761726E004E6F6E6500486F746535
:103F60006E64206174203238304321204E6F7A7A9B
:103F70006C65206368616E67656420616E6420749F
:103F800069676874656E656420746F20737065631B
:103F9000733F00466F722061204E6F7A7A6C652005
:103FA0006368616E676520706C656173652072651A
:103FB00061640A70727573612E696F2F6E6F7A7A01
:103FC0006C652D6D6B3373005049442063616C2E1A
:103FD0002066696E697368656400504944206361B6
:103FE0006C2E005072696E74207061757365640088
:103FF0005072696E742061626F72746564004E6FF6
:104000007A7A6C65206469616D6574657220646993
:1040100066666572732066726F6D207468652047EE
:104020002D636F64652E20506C6561736520636835
:1040300065636B207468652076616C756520696EB8
:104040002073657474696E67732E205072696E7484
:104050002063616E63656C6C65642E004E6F7A7AC6
:104060006C65206469616D6574657220646966665B
:104070006572732066726F6D2074686520472D63CA
:104080006F64652E20436F6E74696E75653F0054D2
:1040900068657265206973206E6F2066696C616D5A
:1040A000656E74206C6F616465642E205072696E59
:1040B000742063616E63656C6C65642E0054686582
:1040C0007265206973206E6F2066696C616D656E24
:1040D00074206C6F616465642E20436F6E74696E2A
:1040E00075653F004D4B33206669726D776172656F
:1040F000206465746563746564206F6E204D4B3376
:1041000053207072696E74657200426C61636B6FEC
:104110007574206F636375727265642E20526563D7
:104120006F766572207072696E743F0054686572B4
:104130006D616C206D6F64656C206E6F74206361BF
:104140006C69627261746564207965742E005468CC
:10415000657265206973207374696C6C2061206ED0
:1041600065656420746F206D616B65205A20636102
:104170006C6962726174696F6E2E20506C65617338
:104180006520666F6C6C6F7720746865206D616E5A
:1041900075616C2C20636861707465722046697269
:1041A00073742073746570732C2073656374696F06
:1041B0006E2043616C6962726174696F6E20666C17
:1041C0006F772E005072696E74657220686173207B
:1041D0006E6F74206265656E2063616C69627261E6
:1041E000746564207965742E20506C656173652058
:1041F000666F6C6C6F7720746865206D616E756199
:104200006C2C2063686170746572204669727374E7
:104210002073746570732C2073656374696F6E20EE
:1042200043616C6962726174696F6E20666C6F774E
:104230002E0053656C66746573742077696C6C200E
:1042400062652072756E20746F2063616C696272A2
:104250006174652061636375726174652073656E56
:10426000736F726C657373207265686F6D696E67CA
:104270002E004F6C642073657474696E67732066DA
:104280006F756E642E2044656661756C74205049AC
:10429000442C20457374657073206574632E2077F9
:1042A000696C6C206265207365742E005761726EB4
:1042B000696E673A20626F7468207072696E746507
:1042C00072207479706520616E64206D6F7468650A
:1042D00072626F6172642074797065206368616EC8
:1042E0006765642E005761726E696E673A2070725E
:1042F000696E7465722074797065206368616E6799
:1043000065642E005761726E696E673A206D6F7436
:10431000686572626F617264207479706520636889
:10432000616E6765642E0054657374696E672066FC
:10433000696C616D656E74005368656574005365E2
:104340006C6563742066696C616D656E743A0025F6
:104350002D31322E313253252B382E3166004578DF
:104360007472756465723A0025632531372E3266A2
:104370006D6D00583A00593A005A3A002563252DD0
:1043800031332E313353252B352E336600253375CB
:104390000050494E44412063616C696272617469E6
:1043A0006F6E206661696C65642E20436F6E746960
:1043B0006E75652077697468207072657373696EB5
:1043C0006720746865206B6E6F622E0050494E4402
:1043D000412063616C6962726174696F6E20646F01
:1043E0006E652E20436F6E74696E756520776974F3
:1043F00068207072657373696E6720746865206BDE
:104400006E6F622E00473830004D3435004D343524
:10441000205A00473736004D373031205030005792
:10442000697A6172642073746174653A2025640A44
:10443000004578706572696D656E74616C00302E30
:10444000383000302E363000302E343000302E32EE
:10445000350044697361626C65206661726D206D20
:104460006F6465005265736574204D4D55004D4D68
:1044700055004D3434004739390044697361626C2A
:1044800065206661726D206D6F64653F004732384C
:10449000205859004D20383400852E2E00593A20DE
:1044A0002575202D3E202E2E2E00583A20257520D1
:1044B0002D3E202E2E2E002533642F300025336410
:1044C0002F300025632041584953205347313D2563
:1044D000640A00486F74656E6400426564005A00A7
:1044E000590058002D2D2D2D2D2D2D2D2D2D2D2DFF
:1044F0002D2D2D2D2D2D2D2D00435A5058496E76E2
:10450000616C696453657269616C4E72004D39313A
:1045100034004D39313500E62B002BF82AF02AE320
:104520002AD12A4731205825642059256420452561
:104530002D2E356600473120463130383000473166
:10454000205A252D2E336620463732303000473131
:1045500020583530205931353500D12B402B192EBC
:10456000312B252B1A2B112B473120582564204540
:10457000252D2E336620463130303000C02BB02B35
:10458000A02B922BD12B7F2B722B612B532B442BE7
:10459000542564004731205A302E342046313030C3
:1045A0003000473120592D3320463130303000E67D
:1045B0002BE12BDC2BD82BD12B4D38342058590034
:1045C0004D313039205332383000473120583132A4
:1045D00035205A323030204631303030004D3331C2
:1045E00030204120463100473120583132352059A2
:1045F000313035205A3120463830303000496E761F
:10460000616C6964205049442063616C2E2072659E
:1046100073756C74732E204E6F742073746F726593
:104620006420746F20454550524F4D2E004D33305D
:10463000312050252E32662049252E326620442511
:104640002E3266004D3330332045302053253375EC
:1046500000524300444556004245544100414C50ED
:1046600048410000002100240027002A002D0030CE
:1046700000330001010000040107010A01000022CB
:1046800000250028002B002E00310034000201001C
:1046900000050108010B010000200023002600296D
:1046A000002C002F00320000010000030106010968
:1046B0000105050505070508080808020202020AA7
:1046C0000A080804040404010101010101010103B5
:1046D00003030303030303040707070C0C0C0C0C70
:1046E0000C0C0C0202020206060606060606060B63
:1046F0000B0B0B0B0B0B0B07070A0A0A0A0A0A051E
:1047000005050404040808010210202008081020F0
:10471000401020408002010201080402010102044D
:10472000081020408080402010080402018004020C
:104730000180402010080402010804020101020463
:104740000810204080010204081020408010080456
:104750000880102040044080102040048000000A9F
:104760000B02090C0D0E08070304010000000000F5
:104770000000000000000000000000000000000039
:1047800000000000000000000012111000000000F6
:104790000000000000000000000000000000000019
:1047A0000000000000000000000000000000000009
:1047B000000000332E31342E31000A204F72696719
:1047C000696E616C2050727573612069330A202014
:1047D0002050727573612052657365617263680A57
:1047E0002532302E32305300435A5058003B53008C
:1047F00053706F6F6C4A6F696E206973200061643B
:10480000635F696E697400200A200A200A20004153
:104810006C6C204461746100536572766963652035
:1048200070726570005368697070696E672070728D
:1048300065700053746174697374696373004C61CB
:104840006E67756167650045524153494E47206167
:104850006C6C206461746100466163746F727920CE
:104860005245534554005052555341334446570026
:10487000494E54340003000E0001004000030002C2
:104880000000000400556E6B6E6F776E00323032A0
:10489000362D30342D32342030393A35313A3537EF
:1048A0000020332E31342E312D383235305F313601
:1048B0003535326637626400737461727400534E2A
:1048C00020757064617465206661696C656400536D
:1048D0004E207570646174656400435A50580043FB
:1048E000524153485F444554454354454458590048
:1048F00043524153485F444554454354454459004D
:1049000043524153485F444554454354454458003D
:104910004D323900252D392E39535B00544D206519
:104920007374696D6174696F6E20646964206E6F61
:104930007420636F6E766572676500544D206974EC
:1049400065723A257520763A252E326620653A251D
:104950002E33660A00200A200A2000000048420088
:104960000058419A998D41333353404D4D55323A59
:10497000004D494E54454D502042454420666978CB
:104980006564004D494E54454D5020484F54454EA6
:10499000442066697865640020746F6F206C6F6EC8
:1049A0006720657874727573696F6E2070726576B2
:1049B000656E7465640020636F6C64206578747242
:1049C0007573696F6E2070726576656E74656400CC
:1049D0004D6F76652061626F7274656400504F5749
:1049E00045522050414E4943204445544543544587
:1049F000440055564C4F202D20656E642025640AD6
:104A00000055564C4F5F54494E59202D20656E6419
:104A10002025640A00776F726C6420636F6F726484
:104A2000696E617465733A2028252E33662C202523
:104A30002E33662C20252E3366290A004D32323063
:104A40002053256400446F6E652072656164696E51
:104A50006720454550524F4D0A0054656D70657290
:104A6000617475726520526573746F7265640A00B3
:104A700047312045252D2E33662046323730300011
:104A8000544D4320445249564552204F56455254A6
:104A9000454D5000486F6C642063757272656E748A
:104AA000207472756E636174656420746F20527532
:104AB0006E2063757272656E740025632533642FF2
:104AC000256481005A25362E32662563005A20203F
:104AD000202D2D2D2000862533642525002D2D2DFC
:104AE000252500253364252500205344002020205F
:104AF0000020484F002046524D2000872D2D3A2D92
:104B00002D202000872533756820256325630087C5
:104B1000253032753A2530327525632563002F2FF5
:104B2000616374696F6E3A706175736564002F2FED
:104B3000616374696F6E3A70617573650044756D79
:104B400070206D656D6F72790068656C702E707283
:104B500075736133642E636F6D00666F72756D2EB1
:104B6000707275736133642E636F6D00707275734C
:104B70006133642E636F6D004D37303100726563B1
:104B80006F7665725F6D616368696E655F7374618E
:104B900074655F61667465725F706F7765725F7070
:104BA000616E69632C20696E697469616C200050C4
:104BB000525553412075766C6F00473420533000B6
:104BC0004D313130204E256C75004D323620532545
:104BD0006C75004D31303620532575004731204625
:104BE0002564004D3832004739322045252D2E33BB
:104BF00066004D3230342050252D2E31662052254E
:104C00002D2E31662054252D2E3166004731205A35
:104C1000252D2E3366005052555341204D424C20D5
:104C200056310047312058252D2E33662059252D29
:104C30002E3366204633303030002C2066656564A4
:104C40006D756C7469706C793A0046656564726163
:104C500074653A0047312045352046313230004DE9
:104C600031303920532564004D31343020532564D0
:104C7000004D31303420532564004732382058200D
:104C800059004731205A252E3366204638303000EF
:104C90005265636F766572696E67207072696E74B3
:104CA00000544845524D414C20414E4F4D414C59C6
:104CB00000526573756D696E67207072696E74005D
:104CC00050494E44412048656174696E67004361F4
:104CD0006C6962726174696F6E20646F6E65004307
:104CE000616C6962726174696E67205A0042656422
:104CF00020646F6E65004265642048656174696E6A
:104D0000670048656174696E6720646F6E652E0088
:104D100048656174696E67004D4D5520706F776509
:104D200072206661696C73004D4D55206C6F616433
:104D3000206661696C73004D4D55206661696C7326
:104D4000004D6174657269616C206368616E6765AE
:104D50007300546F74616C206661696C7572657361
:104D60000043726173680046696C2E2072756E6F25
:104D700075747300506F776572206661696C757227
:104D80006573004C617374207072696E7420666183
:104D9000696C7572657300546F74616C004C61735B
:104DA00074207072696E7400416D6269656E740082
:104DB000566F6C74616765730054656D70657261E0
:104DC00074757265730042656C74207374617475D8
:104DD000730053656E736F7220696E666F0045785D
:104DE00074727564657220696E666F0058595A2036
:104DF00063616C2E2064657461696C730050726924
:104E00006E74657220495020416464723A00756E78
:104E10006B6E6F776E004D4D5520636F6E6E6563E0
:104E200074656400446174653A00746F20756E6C3B
:104E30006F61642066696C616D656E7400746F20CB
:104E40006C6F61642066696C616D656E7400507290
:104E500065737320746865206B6E6F6200507265B5
:104E600068656174696E6720746F206375740050A3
:104E7000726568656174696E6720746F20656A6524
:104E800063740050726568656174696E6720746F41
:104E900020756E6C6F61640050726568656174693D
:104EA0006E6720746F206C6F616400436F6F6C6479
:104EB0006F776E007B5B4552523A00332E31342EB1
:104EC00031005D5B4657523A005D5B54494D3A00F4
:104ED0005D5B464E4D3A005D5B46454D3A005D5B7D
:104EE0005043443A005B5446553A005B50524E3AA8
:104EF000005B50464E3A305D005B4449413A005DEC
:104F00005B4154423A005D5B4154303A005D5B5373
:104F100054423A005B5354303A007B5B50524E3A55
:104F2000355D007B5B50524E3A305D007B5B5052EA
:104F30004E3A395D007B5B50524E3A385D007B5BE8
:104F40005245533A305D5B46494C3A007B5B5245D3
:104F5000533A315D5B46494C3A0000002110422033
:104F600063308440A550C660E770088129914AA14A
:104F70006BB18CC1ADD1CEE1EFF1311210027332C1
:104F80005222B5529442F772D662399318837BB39A
:104F90005AA3BDD39CC3FFF3DEE362244334200451
:104FA0000114E664C774A44485546AA54BB52885EA
:104FB0000995EEE5CFF5ACC58DD5533672261116A1
:104FC0003006D776F6669556B4465BB77AA719973A
:104FD0003887DFF7FEE79DD7BCC7C448E558866829
:104FE000A7784008611802282338CCC9EDD98EE98A
:104FF000AFF9488969990AA92BB9F55AD44AB77A01
:10500000966A711A500A333A122AFDDBDCCBBFFBD9
:105010009EEB799B588B3BBB1AABA66C877CE44C10
:10502000C55C222C033C600C411CAEED8FFDECCD29
:10503000CDDD2AAD0BBD688D499D977EB66ED55EE0
:10504000F44E133E322E511E700E9FFFBEEFDDDF79
:10505000FCCF1BBF3AAF599F788F8891A981CAB105
:10506000EBA10CD12DC14EF16FE18010A100C23037
:10507000E3200450254046706760B9839893FBA3F2
:10508000DAB33DC31CD37FE35EF3B1029012F32287
:10509000D2323542145277625672EAB5CBA5A89542
:1050A00089856EF54FE52CD50DC5E234C324A014D7
:1050B00081046674476424540544DBA7FAB79987D2
:1050C000B8975FE77EF71DC73CD7D326F236910627
:1050D000B01657667676154634564CD96DC90EF91A
:1050E0002FE9C899E9898AB9ABA944586548067877
:1050F0002768C018E1088238A3287DCB5CDB3FEB32
:105100001EFBF98BD89BBBAB9ABB754A545A376AC6
:10511000167AF10AD01AB32A923A2EFD0FED6CDD01
:105120004DCDAABD8BADE89DC98D267C076C645C16
:10513000454CA23C832CE01CC10C1FEF3EFF5DCF11
:105140007CDF9BAFBABFD98FF89F176E367E554E66
:10515000745E932EB23ED10EF01E7C3C3E3F2F2A51
:10516000225C0024F4D43050C38E20C2A2401782A7
:105170008B7011127A910D816CD90AA861E108C770
:10518000586607615143061E4B5D05C145A7041AC9
:10519000411104093D9803713931034036DB026542
:1051A000339102D4305402802E1D02632CEE01751F
:1051B0002AC501B028A001102781018F2564012B89
:1051C000244B01E0223401AC211F018D200D018010
:1051D0001FFC00841EED00971DDF00B81CD200E606
:1051E0001BC600201BBC00641AB200B219A8000A3A
:1051F00019A0006A189900D117910040178B00B5CB
:1052000016840031167E00B31579003A157300C775
:10521000146F0058146A00EE1366008813630025AB
:10522000135E00C7125B006C12570015125400C1C8
:1052300011510070114F0021114B00D61049008D03
:105240001047004610440002104200C00F4000808A
:105250000F3E00420F3C00060F3B00CB0E38009380
:105260000E37005C0E3500270E3400F30D3200C1FE
:105270000D3100900D3000600D2E00320D2D000517
:105280000D2C00D90C2B00AE0C2900850C29005CDC
:105290000C2700350C27000E0C2600E80B2400C458
:1052A0000B2400A00B23007D0B23005A0B21003997
:1052B0000B2100180B2000F80A1F00D90A1E00BBA2
:1052C0000A1E009D0A1D00800A1D00630A1C00477B
:1052D0000A1B002C0A1B00110A1A00F7091A00DD2C
:1052E000091900C4091900AB091900920917007BBC
:1052F000091800630917004C09160036091600202A
:105300000916000A091500F5081500E0081400CC7C
:10531000081400B8081400A4081400900813007DB5
:105320000812006B081300580812004608120034D7
:10533000081100230811001208110001081100F0E3
:10534000071000E0071000D0071000C0071000B0E1
:10535000070F00A107100091070E0083070F0074CC
:10536000070F0065070E0057070E0049070E003BA8
:10537000070D002E070E0020070D0013070D000675
:10538000070D00F9060C00ED060D00E0060C00D438
:10539000060C00C8060C00BC060C00B0060C00A4ED
:1053A000060B0099060C008D060B0082060B007799
:1053B000060B006C060B0061060A0057060B004C3A
:1053C000060A0042060A0038060A002E060A0024D1
:1053D000060A001A060A001006090007060A00FD60
:1053E000050900F4050900EB050900E2050900D9EB
:1053F000050900D0050900C7050900BE050900B56B
:10540000050800AD050800A50509009C05080094E5
:105410000508008C050800840508007C0508007458
:105420000508006C050700650508005D05070056C6
:105430000508004E0507004705070040050800382D
:10544000050700310507002A050700230507001C92
:10545000050600160507000F0507000805060002EF
:10546000050700FB040600F5040700EE040600E84B
:10547000040600E2040700DB040600D5040600CFA2
:10548000040600C9040600C3040600BD040600B7F4
:10549000040600B1040500AC040600A6040600A042
:1054A0000405009B04060095040500900406008A8C
:1054B00004050085040500800406007A04050075D3
:1054C000040500700405006B040500660405006116
:1054D0000405005C04050057040500520405004D56
:1054E00004050048040500430405003E0404003A96
:1054F00004050035040500300404002C04050027D1
:10550000040400230405001E0404001A0404001609
:10551000040500110404000D04040009040500043E
:1055200004040000040400FC030400F8030400F475
:10553000030400F0030400EC030400E8030400E4A7
:10554000030400E0030400DC030400D8030400D4D7
:10555000030400D0030400CC030400C8030300C507
:1055600003030024F404D9201BC40C5C0E9804C46B
:10557000095F0265077101F405F900FB04B30048F7
:10558000048700C10369005803550003034500BEAA
:10559000023A008402310053022A00290225000445
:1055A000022000E4011C00C8011900AF0117009897
:1055B00001140084011300710110006101100051F9
:1055C000010E0043010D0036010B002B010B0020E2
:1055D000010B00150109000C01090003010800FB83
:1055E000000800F3000800EB000700E4000600DEFE
:1055F000000600D8000600D2000600CC000500C757
:10560000000500C2000500BD000400B9000400B59B
:10561000000400B1000400AD000400A9000400A5CE
:10562000000300A20003009F0004009B00030098F9
:105630000003009500020093000300900003008D1A
:105640000002008B00030088000200860002008434
:10565000000300810002007F0002007D0002007B49
:105660000002007900020077000100760002007459
:1056700000020072000100710002006F0002006D64
:105680000001006C0002006A00010069000200676E
:105690000001006600010065000100640002006274
:1056A00000010061000100600001005F0002005D78
:1056B0000001005C0001005B0001005A000100597C
:1056C000000100580001005700010056000100557C
:1056D000000100540001005300000053000100527B
:1056E00000010051000100500001004F0001004E78
:1056F0000000004E0001004D0001004C0001004B75
:105700000000004B0001004A000100490001004870
:10571000000000480001004700010046000000466C
:105720000001004500000045000100440001004365
:10573000000000430001004200000042000100415F
:1057400000000041000100400001003F0000003F58
:105750000001003E0000003E0001003D0000003D51
:105760000001003C0000003C0000003C0001003B48
:105770000000003B0001003A0000003A000100393F
:105780000000003900010038000000380000003837
:10579000000100370000003700010036000000362D
:1057A0000000003600010035000000350000003523
:1057B0000001003400000034000000340001003318
:1057C000000000330000003300010032000000320E
:1057D0000000003200010031000000310000003103
:1057E0000001003000000030000000300001002FF8
:1057F0000000002F0000002F0000002F0001002EED
:105800000000002E0000002E0001002D0000002DE1
:105810000000002D0000002D0001002C0000002CD5
:105820000000002C0000002C0001002B0000002BC9
:105830000000002B0000002B0001002A0000002ABD
:105840000000002A0000002A0001002900000029B1
:1058500000000029000000290000002900010028A4
:105860000000002800000028000000280000002898
:10587000000100270000002700000027000000278B
:10588000000000270001002600000026000000267E
:105890000000002600000026000100250000002571
:1058A0000000002500000025000000250000002564
:1058B0000001002400000024000000240000002457
:1058C000000000240001002300000023000000234A
:1058D000000000230000002300000023000000233C
:1058E000000100220000002200000022000000222F
:1058F0000000002200000022000100210000002121
:105900000000002100000021000000210000002113
:105910000000002100010020000000200000002005
:1059200000000020000000200000002000000020F7
:10593000000000200001001F0000001F0000001FE9
:105940000000001F0000001F0000001F0000001FDB
:105950000001001E0000001E0000001E0000001ECE
:10596000000000504944204175746F74756E6520C5
:1059700066696E6973686564212050757420746867
:1059800065206C617374204B702C204B6920616E14
:1059900064204B6420636F6E7374616E7473206651
:1059A000726F6D2061626F766520696E746F20433F
:1059B0006F6E66696775726174696F6E2E680050EC
:1059C0004944204175746F74756E65206661696C19
:1059D0006564212074696D656F75740020403A001C
:1059E000543A00423A00504944204175746F74752E
:1059F0006E65206661696C6564212054656D706513
:105A000072617475726520746F6F206869676800D1
:105A1000204B643A2000204B693A2000204B703A1A
:105A2000200020436C617373696320504944200057
:105A30002054753A2000204B753A2000206D617883
:105A40003A2000206D696E3A200020643A20002040
:105A5000626961733A2000504944204175746F7443
:105A6000756E6520737461727400504944204175ED
:105A7000746F74756E65206661696C65642E204272
:105A80006164206578747275646572206E756D62EC
:105A900065722E00544D4C20256420256420257805
:105AA00020256C7820256C780A004D494E54454DD0
:105AB00050004D494E54454D5020424544004D49FB
:105AC0004E54454D5020414D42004D415854454D96
:105AD00050004D415854454D5020424544004D41E1
:105AE0005854454D5020414D4200544D3A20657266
:105AF000726F7220636C656172656400544D3A2068
:105B00006572726F7220747269676765726564216D
:105B100000544D3A206572726F72207C25667C3E7F
:105B200025660A0070012C0190012701B0012201B5
:105B3000C0011D01F00118011002130130020E0115
:105B40006002090190020401C002FF000003FA0094
:105B50004003F5008003F000D003EB002004E600D2
:105B60007004E100E004DC004005D700C005D2006D
:105B70004006CD00D006C8008007C3003008BE0034
:105B8000F008B900C009B400B00AAF00B00BAA0019
:105B9000D00CA500000EA000500F9B00C010960076
:105BA0005012910000148C00C0158700B0178200BD
:105BB000B0197D00D01B7800001E730040206E00DD
:105BC00090226900F024640040275F0090295A0069
:105BD000E02B5500102E500020304B0010324600B4
:105BE000E033410090353C00103737007038320008
:105BF000A0392D00B03A2800A03B2300603C1E00D5
:105C0000103D1900903D1400103E0F00703E0A0038
:105C1000C03E0500003F000090137D00B0157800E5
:105C2000F0177300601A6E00F01C6900A01F64007A
:105C300050225F0020255A00E0275500902A50008E
:105C4000202D4B00A02F4600F031410010343C00C5
:105C5000F0353700A037320020392D00603A280097
:105C6000703B2300603C1E00203D1900C03D140025
:105C7000403E0F00A03E0A00F03E0500403F0000FD
:105C8000703FFBFF903FF6FFB03FF1FFC03FECFFDE
:105C9000D03FE7FFE03FE2FFF03FDDFFF03FD8FFFE
:105CA00020484F54454E4420544845524D414C20C5
:105CB00052554E41574159002048454154424544B0
:105CC00020544845524D414C2052554E4157415960
:105CD00000544845524D414C2052554E4157415970
:105CE0000042454420544845524D414C2052554EA7
:105CF000415741590020544845524D414C2052557E
:105D00004E4157415920285052454845415420485A
:105D10004F54454E44290020544845524D414C2093
:105D200052554E41574159202850524548454154FB
:105D30002048454154424544290050524548454178
:105D400054204552524F520042454420505245483B
:105D5000454154204552524F520020747269676782
:105D6000657265642100486561746572732073779C
:105D7000697463686564206F66662E20003A2000AF
:105D80004572723A200000FF0102010002FFFFFE8F
:105D90000001FE01FF00506C656173652072657340
:105DA0007461727400544D3A20696E76616C696456
:105DB00020706172616D65746572732C2063616E11
:105DC0006E6F7420656E61626C6500255320204DF6
:105DD0003331302050252E32662055252E34662052
:105DE00056252E32662043252E32662044252E3439
:105DF00066204C25752053257520422575204525A4
:105E00002E32662057252E32662054252E32660A01
:105E100000255320204D333130204925752052254F
:105E20002E32660A00546865726D616C204D6F6495
:105E3000656C2073657474696E67733A000000A422
:105E400041333393419A998541333373419A996130
:105E500041CDCC544133334B419A99414133333B8B
:105E600041CDCC344100003041CDCC2C419A992910
:105E70004166662641333323419A992141452D6D70
:105E80006F746F722063757272656E7420736361D4
:105E90006C696E6720656E61626C6564000108085C
:105EA000010A0A011414011212746D633231333085
:105EB0005F686F6D655F656E746572286178657384
:105EC0005F6D61736B3D307825303278290A00743C
:105ED0006D63323133305F686F6D655F657869740B
:105EE00020746D63323133305F73675F686F6D6943
:105EF0006E675F617865735F6D61736B3D307825A8
:105F00003032780A00726573756C742076616C7536
:105F1000653A2025640A0020693D25326420636EBD
:105F2000743D2532642076616C3D2532640A00633D
:105F30006C7573746572733A0020693D2532642074
:105F4000737465703D2532640A00736F7274656402
:105F50002073616D706C65733A0055534152543231
:105F60002072782046756C6C212121003A20002592
:105F70002D31322E313253252D642F3600253364D6
:105F80002F252D336400203A200025335300252D82
:105F9000377300252D31352E313553252D35640AC3
:105FA000252D31352E313553252D35640A002553E5
:105FB0000A20252D31362E313653252D33640A2003
:105FC000252D31362E313653252D33640025530AC5
:105FD00020252D31362E313653252D33640A2025C8
:105FE0002D31362E313653252D33640A20252D319F
:105FF000362E313653252D33640025530A20252DA6
:1060000031362E313653252D33640A20252D313675
:106010002E313653252D33640A20252D372E375344
:106020005820252D336420205920252D336400204D
:10603000257325336481200A00205057523A2020CE
:106040002020202025342E3166560A204245443A2D
:1060500020202020202025342E3166560025530A8A
:1060600020582025640A20592025640025752E25F6
:10607000752E25752E25750020002000466C617355
:106080006841697220495020416464723A004D4D64
:106090005520202020202020204E2F410025642E36
:1060A00025642E2564002046573A00323032362DC2
:1060B00030342D323400453344763666756C6C00CE
:1060C00045494E53795F31306100315F37356D6D31
:1060D0005F4D4B330020486173683A3136353532B5
:1060E0006637626400205265706F3A556E6B6E6F52
:1060F000776E0020332E31342E312D38323530007A
:106100004669726D776172653A00464C4558202D9C
:1061100020203234302F353000464C4558202D2079
:10612000203234300050502020202D2020323534B1
:106130002F3130300050502020202D202032353497
:106140000048495053202D20203232302F3130303A
:106150000048495053202D20203232300041425314
:1061600020202D20203235352F3130300041425350
:1061700020202D20203235350050412020202D2098
:10618000203237352F39300050412020202D20205B
:106190003237350050564220202D20203231352F05
:1061A00037350050564220202D2020323135005006
:1061B000432020202D20203237352F313130005020
:1061C000432020202D20203237350041534120200C
:1061D0002D20203236302F313035004153412020E0
:1061E0002D20203236300050455420202D202032E2
:1061F00033302F38350050455420202D20203233A5
:106200003000504C4120202D20203231352F3630A7
:1062100000504C4120202D2020323135006E6F7A05
:106220007A6C65202D20203235302F300066617267
:106230006D2020202D20203235302F3830001000E6
:10624000C90210012C014001220170011801B001A6
:106250000E01F00104015002FA00B002F000300318
:10626000E600D003DC009004D2007005C800A00650
:10627000BE000008B400B009AA00D00BA000600E58
:10628000960060118C000015820020197800C01D56
:106290006E00A0226400B0275A00902C50000031FC
:1062A0004600E0343C0010383200903A2800603C50
:1062B0001E00A03D1400803E0A00203F00005859F7
:1062C0005A2063616C6962726174696F6E20616CDF
:1062D0006C2072696768742E20536B65772077692C
:1062E0006C6C20626520636F7272656374656420F4
:1062F0006175746F6D61746963616C6C792E00589F
:10630000595A2063616C6962726174696F6E2061B1
:106310006C6C2072696768742E20582F5920617840
:1063200065732061726520736C696768746C79208D
:10633000736B657765642E20476F6F64206A6F62A8
:10634000210058595A2063616C6962726174696FE7
:106350006E206F6B2E20582F592061786573206155
:1063600072652070657270656E646963756C6172C8
:106370002E20436F6E67726174756C6174696F6E05
:1063800073210046656564696E6720746F2046530B
:10639000656E736F72004D6F76696E672073656C02
:1063A0006563746F7200486F6D696E670052657443
:1063B000726163742066726F6D2046494E444100DD
:1063C000456A656374696E672066696C616D656EA8
:1063D00074005061726B696E672073656C656374DD
:1063E0006F720052657475726E696E672073656CAA
:1063F0006563746F7200506572666F726D696E6767
:10640000206375740050757368696E672066696CE7
:10641000616D656E7400507265706172696E67209F
:10642000626C6164650053656C656374696E6720B6
:1064300066696C2E20736C6F7400556E6C6F6164AE
:10644000696E672066696C616D656E7400455252B5
:1064500020544D43206661696C65640045525220AA
:1064600048656C702066696C616D656E740045529C
:106470005220496E7465726E616C0045525220570D
:1064800061697420666F7220557365720046696E8B
:10649000697368696E67206D6F76656D656E74737C
:1064A0000041766F6964696E67206772696E640087
:1064B00046656564696E6720746F206E6F7A7A6CCA
:1064C000650046656564696E6720746F2065787441
:1064D00072756465720046656564696E6720746FE5
:1064E0002046494E444100556E6C6F6164696E6789
:1064F00020746F2070756C6C657900556E6C6F61DF
:1065000064696E6720746F2046494E4441004469B7
:1065100073656E676167696E672069646C65720098
:10652000456E676167696E672069646C6572004FCC
:106530004B00554E4B4E4F574E204552524F520036
:1065400046494C414D454E54204348414E47450035
:1065500046494C414D454E5420454A4543544544D7
:1065600000554E4C4F4144204D414E55414C4C59E5
:106570000046572052554E54494D45204552524FE2
:1065800052004D4D5520465720555044415445200A
:106590004E45454445440051554555452046554CCA
:1065A0004C00494E56414C494420544F4F4C0046F4
:1065B000494C2E20414C5245414459204C4F4144B6
:1065C000454400434F4D4D554E49434154494F4E6C
:1065D000204552524F52004D4D55204E4F5420529F
:1065E0004553504F4E44494E47004D4D55204D4365
:1065F00055204552524F52004D4D552053454C4663
:1066000054455354204641494C454400544D432081
:106610004452495645522053484F52544544005421
:106620004D4320554E444552564F4C54414745200A
:1066300045525200544D432044524956455220522F
:106640004553455400544D43204452495645522029
:106650004552524F5200544D43204F5645524845E3
:106660004154204552524F52005741524E494E47D5
:1066700020544D4320544F4F20484F540049444C20
:1066800045522043414E4E4F54204D4F56450049F0
:10669000444C45522043414E4E4F5420484F4D45A7
:1066A0000053454C4543544F522043414E4E4F54A6
:1066B000204D4F56450053454C4543544F522043BF
:1066C000414E4E4F5420484F4D45004C4F414420C1
:1066D000544F20455854522E204641494C454400C1
:1066E000494E53504543542046494E444100465379
:1066F000454E534F5220544F4F204541524C590064
:1067000050554C4C45592043414E4E4F54204D4F0F
:106710005645004653454E534F522046494C2E2075
:10672000535455434B004653454E534F5220444912
:10673000444E542054524947472E0046494E444146
:106740002046494C414D2E20535455434B00464959
:106750004E4441204449444E5420545249474745F1
:1067600052004E6F74207370696E6E696E670053CD
:1067700070696E6E696E670046616E207465737431
:106780000053656C6674657374206661696C65643A
:106790000046696C616D656E742073656E736F720F
:1067A00000537761707065640046726F6E742F6C71
:1067B0006566742066616E73004178697300417884
:1067C0006973206C656E677468004C6F6F73652029
:1067D00070756C6C6579004C65667420686F7465C3
:1067E0006E642066616E3F0046726F6E7420707238
:1067F000696E742066616E3F00456E6473746F70DD
:10680000206E6F742068697400456E6473746F70D5
:10681000004D6F746F7200456E6473746F70730017
:10682000576972696E67206572726F7200426564A3
:106830002F486561746572004E6F7420636F6E6ED1
:106840006563746564004865617465722F5468659A
:10685000726D6973746F7200506C6561736520634B
:106860006865636B3A0053656C6674657374206584
:1068700072726F72210058595A2063616C6962729A
:106880006174696F6E206661696C65642E2052695F
:106890006768742066726F6E742063616C696272DF
:1068A0006174696F6E20706F696E74206E6F7420F2
:1068B000726561636861626C652E0058595A206385
:1068C000616C6962726174696F6E206661696C6582
:1068D000642E2046726F6E742063616C696272610F
:1068E00074696F6E20706F696E7473206E6F7420A0
:1068F000726561636861626C652E0058595A206345
:10690000616C6962726174696F6E206661696C6541
:10691000642E20506C6561736520636F6E73756CB7
:106920007420746865206D616E75616C2E00585915
:106930005A2063616C6962726174696F6E20636F63
:106940006D70726F6D697365642E2052696768742B
:106950002066726F6E742063616C69627261746923
:106960006F6E20706F696E74206E6F742072656137
:10697000636861626C652E0058595A2063616C69C6
:1069800062726174696F6E20636F6D70726F6D6992
:106990007365642E2046726F6E742063616C696249
:1069A000726174696F6E20706F696E7473206E6FA0
:1069B0007420726561636861626C652E0058595A73
:1069C0002063616C6962726174696F6E20666169CF
:1069D0006C65642E204265642063616C696272613B
:1069E00074696F6E20706F696E7420776173206EAA
:1069F0006F7420666F756E642E00506C65617365F0
:106A00002072656D6F766520737465656C207368A0
:106A10006565742066726F6D206865617462656477
:106A20002E00506C6561736520706C616365207326
:106A30007465656C207368656574206F6E20686589
:106A400061746265642E00497320737465656C20FF
:106A50007368656574206F6E206865617462656433
:106A60003F0044697374616E636520626574776585
:106A7000656E20746970206F6620746865206E6F83
:106A80007A7A6C6520616E64207468652062656442
:106A9000207375726661636520686173206E6F7420
:106AA000206265656E20736574207965742E2050B0
:106AB0006C6561736520666F6C6C6F7720746865B8
:106AC000206D616E75616C2C2063686170746572F5
:106AD0002046697273742073746570732C2073651B
:106AE0006374696F6E204669727374206C61796596
:106AF000722063616C6962726174696F6E2E0050FE
:106B00006C6163652061207368656574206F662021
:106B1000706170657220756E64657220746865209E
:106B20006E6F7A7A6C6520647572696E672074681E
:106B3000652063616C6962726174696F6E206F6653
:106B4000206669727374203420706F696E74732EBE
:106B500020496620746865206E6F7A7A6C652063C0
:106B60006174636865732074686520706170657214
:106B70002C20706F776572206F66662074686520C0
:106B80007072696E74657220696D6D656469617497
:106B9000656C792E00536561726368696E67206267
:106BA00065642063616C6962726174696F6E2070E4
:106BB0006F696E74004D6561737572696E672072DE
:106BC00065666572656E63652068656967687420CF
:106BD0006F662063616C6962726174696F6E2070A8
:106BE0006F696E7400506C6561736520636C6561DC
:106BF0006E20746865206E6F7A7A6C6520666F729D
:106C00002063616C6962726174696F6E2E20436CDF
:106C100069636B207768656E20646F6E652E004136
:106C200075746F20686F6D65004E6F005965730055
:106C30004375742066696C616D656E7400456A65A4
:106C400063742066726F6D204D4D55004C6F61640A
:106C5000696E672066696C616D656E74004D4D5597
:106C60002052657472793A20526573746F72696E3E
:106C7000672074656D70657261747572652E2E2E55
:106C800000536F7274696E672066696C6573005398
:106C90006F6D652066696C65732077696C6C206E1A
:106CA0006F7420626520736F727465642E204D616D
:106CB000782E204E6F2E206F662066696C657320DB
:106CC000696E203120666F6C64657220666F722079
:106CD000736F7274696E67206973203130302E00D3
:106CE0004F6666004F6E004D656173757265642076
:106CF000736B6577733A2025662025660A0046691E
:106D00007474696E67206661696C6564203D3E201D
:106D100063616C6962726174696F6E206661696C2F
:106D200065642E0A0043616C6962726174696F6EFA
:106D300020737563636573732E0A00416C6C203495
:106D40002063616C6962726174696F6E20706F6933
:106D50006E747320666F756E642E0A00312F3400D6
:106D6000312F3400312F39005072757361204D4B33
:106D70005F5477696E204F4B2E005344206361723D
:106D800064206F6B006F70656E526F6F7420666168
:106D9000696C656400766F6C756D652E696E6974DB
:106DA000206661696C656400534420696E697420D3
:106DB0006661696C006F70656E206661696C656400
:106DC0002C2046696C653A200043616E6E6F74201A
:106DD000656E746572207375626469723A20004D45
:106DE000363030004D3234004D3233202573004DA3
:106DF0006561737572652063656E7465722020002D
:106E000078797A63616C5F6D6561737572655F65D2
:106E10006E7465720A0078797A63616C5F73706969
:106E200072616C382063783D25642063793D256468
:106E3000207A303D256420647A3D256420726164A7
:106E40006975733D25642061643D25640A00787985
:106E50007A63616C5F7365617263685A206E6F203C
:106E60007369676E616C0A20783D256C6420793DFA
:106E7000256C64207A3D256C640A00204F4E2D530A
:106E800049474E414C20617420783D256420793D6E
:106E90002564207A3D25642061643D25640A0078DC
:106EA000797A63616C5F7365617263685A20783DBB
:106EB000256C6420793D256C64207A3D256C640A3C
:106EC000002530327800205B25662025665D206D28
:106ED0006D207061747465726E2063656E74657286
:106EE0000A00205B25662025665D5B25665D206DBA
:106EF0006D20646976657267656E63650A000000DF
:106F0000F000F801FC03FE07FE07FE07FE07FC0386
:106F1000F801F000000000000000F000F801FC03A0
:106F2000FC03FC03FC03F801F0000000000078798A
:106F30007A63616C5F6D6561737572655F6C6561C5
:106F400076650A00203C20005741524E494E473A90
:106F50002046726F6E7420706F696E74206E6F744D
:106F600020726561636861626C652E205920636FD1
:106F70006F7264696E6174653A0000000040410000
:106F800000C04000005C430000C04000005C4300C3
:106F9000004643000040410000464325642F340072
:106FA000497465726174696F6E3A200043616C695F
:106FB00062726174696F6E206661696C656421201C
:106FC000436865636B207468652061786573206130
:106FD0006E642072756E20616761696E2E0078792B
:106FE0007A63616C5F73706972616C322063783DA3
:106FF00025642063793D2564207A303D2564206432
:107000007A3D2564207261646975733D2564206151
:10701000643D25640A000A00436F756E74646F77DF
:107020006E3A202564200025640A005363616E20B7
:10703000636F756E74646F776E3A2000506174747C
:1070400065726E2063656E746572205B256620250F
:10705000665D2C206D6174636820256625250A0015
:10706000205B25662C2025665D5B25665D206669B4
:107070006E616C20636972636C650A00746D6332C3
:107080003133305F676F746F5F7374657020256490
:10709000202564202564202564200A00E02D903EF0
:1070A0008988B24111369C3E7777C14129CBB03EE9
:1070B000EFEEDA41BA49CC3EEFEEFC4161C3F33E5C
:1070C000EFEE16429CA2133FCDCC36428AB0113F60
:1070D000ABAA56428863DD3DABAA5642B8AF433FE8
:1070E000555572421826533F33B38242302A593FD6
:1070F000EF6E8642000070C10000C8420000C4C1AB
:107100000000A0410000E0C000002041000060C07D
:107110000000C0400000A0412222F2400000A0C1B7
:107120009A99A14000000CC25555054252657365FD
:10713000745265747279417474656D707473004330
:107140006F6F6C696E672074696D65722073746F00
:10715000707065640048656174657220636F6F6C60
:10716000646F776E00436F6F6C696E672054696D52
:10717000656F757420737461727465640053617611
:10718000696E6720616E64207061726B696E670062
:1071900048656174657220636F6F6C646F776E20F1
:1071A00070656E64696E6700526573756D696E67B0
:1071B0002058595A004D4D5532746F6F6C3D004D3B
:1071C0004D55323A004731205825642059252D2E3F
:1071D00032662045252D2E33660057726974696E1C
:1071E0006720746F2066696C653A200046696C659B
:1071F00020616C7265616479206F70656E656400F2
:107200002F6520650E65FB64E764D664C264B064D4
:10721000A1648D640E6520657B646E645C644D645E
:107220003A644C6C266416640564F663E363D263C7
:10723000C063AD63A663966383634D3630302041EF
:1072400055544F0046494E44412066696C616D6556
:107250006E742072756E6F75742100436F6D6D755D
:107260006E69636174696F6E2074696D656F7574A2
:107270000050726F746F636F6C204572726F720092
:1072800003000356657273696F6E206D69736D61DB
:1072900074636800436F6D6D616E64204572726F38
:1072A0007200436F6D6D616E642072656A65637410
:1072B0006564004D4D5520427574746F6E20707575
:1072C00073686564005265747279427574746F6E88
:1072D00050726573736564004E673B67266713677A
:1072E0000067EE66E066CB66B666A1668F667D6671
:1072F0006966696669665666566656664566456697
:1073000045663466346634661F661F661F660C6603
:107310000C660C66F865F865F865EA65D765C365BF
:10732000AF65A26597658265716561655065406569
:107330003265427574746F6E00436865636B557394
:107340006572496E7075742D62746E4C4D522000DA
:1073500046493A202046533A202020203E202082D1
:107360002020208100486F74656E642074656D7004
:107370006572617475726520726561636865640029
:10738000526573756D696E672054656D7000436F4B
:107390006F6C646F776E20666C616720636C6561EB
:1073A0007265640020573A0020453A00543A004E76
:1073B0006F203078464620726563656976656400A3
:1073C00053656E64696E6720307846460046696C86
:1073D000652073656C6563746564002053697A6524
:1073E0003A200046696C65206F70656E65643A20CE
:1073F000004E6F772066726573682066696C653A27
:1074000020004E6F7720646F696E672066696C6537
:107410003A20002220706F73002220706172656E26
:10742000743A2200535542524F5554494E45204319
:10743000414C4C207461726765743A220074727911
:10744000696E6720746F2063616C6C207375622DA8
:1074500067636F64652066696C657320776974681B
:1074600020746F6F206D616E79206C6576656C732A
:107470002E00062833D036C23E013F154132423B32
:1074800043F2443B45F24622473B48F2493B4AF02F
:107490005898590C5A085B0C5C086110679B6E2267
:1074A00071077208FF095A0D000EF019145E0820CA
:1074B000642B6D322FFF2022257322002025236CA0
:1074C00078004449525F45584954004449525F4549
:1074D0004E5445523A20257320222573220A00611A
:1074E00075746F25692E6700041A44656372656DB3
:1074F000656E745265747279417474656D707473DD
:1075000000081B1C0B14525354436F6D6D54696D6E
:10751000656F7574002C206C6173742062797465DA
:10752000733A200022206661696C65643A204275D6
:10753000666665722066756C6C21004572726F72AA
:107540003A002200456E717565696E6720746F2080
:107550007468652066726F6E743A2022004D4D5536
:10756000323A006563686F3A003E53302A63362E24
:10757000004D4D552069732000007F018054112477
:107580001FBECFEFD1E2DEBFCDBF00E00CBF13E0E6
:10759000A0E0B2E0E4E0F2E803E00BBF02C0079035
:1075A0000D92AA32B107D9F728E1AAE2B3E001C0EF
:1075B0001D92AA32B207E1F71AE3CEEBDAE300E05C
:1075C00006C021970109802FFE010F9446BBCD3BD9
:1075D000D10780E00807A9F70E9449FA0D94F0C08E
:1075E0000C948B572F923F924F925F926F927F92A3
:1075F0008F929F92AF92BF92CF92DF92EF92FF92C3
:107600000F931F93CF93DF93CDB7DEB72F970FB6AE
:10761000F894DEBF0FBECDBF6C011B015A01FC0107
:107620001782168283819E012F5F3F4F490181FDA2
:10763000D2C08FEF9FEFEEC2F12C512C00E0003250
:1076400038F48B3209F190F48032F9F0833209F189
:1076500007FD34C020ED280F2A3020F506FF1BC09F
:10766000FAE0FF9E200D1124F22E05C08D3279F034
:10767000803371F70160F10193FD859193FF819152
:107680001F018111DCCF1AC002600460F4CF0860D2
:10769000F2CF0061F0CF3AE0539E200D1124522E1C
:1076A0000062E9CF8E3221F406FDB1C20064E3CF5F
:1076B0008C3611F40068DFCF8836E9F29BEB980F27
:1076C000933008F05FC00061805E06FD02C046E0B6
:1076D000F42E102F1F73853609F05BC0106417FF5E
:1076E00061C08F2D9BE39F1508F48BE344244394E2
:1076F000480E27E03501F4E06F0E711CF501608142
:10770000718182819381042DA4010F94EFB65C01F5
:10771000F981FC87F0FF03C00DE2F3FF07C00BE225
:1077200011FD04C0012F047012FD00E22C852C70A5
:10773000E22E09F46BC00111D8C2F3E0E12CF5157B
:10774000A0F483E0E52CE81A13FD08C0B60180E23E
:1077500090E00F949EB8EA94E110F8CF002329F04E
:10776000B601802F90E00F949EB83C852AEEA22EA1
:1077700025E0B22E33FD04C09EEEA92E95E0B92E71
:10778000107122C09BE9980F933008F047C10F7E1B
:107790009CCF863611F41068A2CFFF2009F49FCF4A
:1077A000FA949DCFE7E02F2DEF1518F427E037E08E
:1077B000F32E412C9FCF11118052B60190E00F940F
:1077C0009EB88FEFA81AB80AF50184918111F3CF02
:1077D000E11084C25301F6019381F10193FD85917B
:1077E00093FF81911F01882309F411C2853241F46E
:1077F00093FD859193FF81911F01853209F01CCF84
:10780000B60190E00F949EB83501E4CF17FF6FC02A
:107810004A0CFC85F4FF04C08A81813309F44A9440
:1078200014140CF086C028E0241510F488E0482ECB
:1078300085E090E017FF06C0C501B7FE02C090E0EA
:1078400080E0019601110196FF2031F02F2D30E0EC
:107850002F5F3F4F820F931F5816190619F014F02F
:10786000E52CE81A812F897011F4E11067C000231C
:1078700029F0B601802F90E00F949EB813FD02C04E
:10788000E11063C017FF7CC08501B7FE02C010E0A5
:1078900000E0C501841991092C016F2D70E0EE27DD
:1078A000FF27E61BF70BFF87EE870F3F100729F432
:1078B000B6018EE290E00F949EB8A016B1060CF4CB
:1078C0004BC0401651060CF047C0F501E01BF10B10
:1078D000E80DF91D8181015011092E853F850217A0
:1078E0001307E4F1B60190E00F949EB8DECF16FDC9
:1078F0009FCFEF2DF0E0EA15FB0534F03CEFA31627
:107900003FEFB3060CF010683296E80DF91D01C088
:10791000FA94FF2019F082918033D1F317FF88CFBA
:10792000442443944F0CFA141B0431F02CF0FA1841
:107930007FCF442443947CCFF12C7ACFB60180E2F0
:1079400090E00F949EB8EA9490CFB60180E390E067
:107950000F949EB8EA9494CF80E3BDCFA016B106F1
:1079600041F49A81963350F4953319F43C8534FFF1
:1079700005C0B60190E00F949EB82ACF81E3F9CFFD
:107980008A81813319F09C859F7E9C87B60190E0A7
:107990000F949EB8FF20A9F0B6018EE290E00F94FC
:1079A0009EB8F394F394E2E001E00E0FE80DF92D98
:1079B000F11D8081B60190E00F949EB8E02F0F1169
:1079C000F3CF85E690E014FF02C085E490E0B601B5
:1079D0000F949EB8B7FC06C0A114B104C1F4EC85A5
:1079E000E4FF15C0B194A194B1088DE2B60190E016
:1079F0000F949EB880E32AE0A216B10454F4B601B5
:107A000090E00F949EB8B601C501C096B4CF8BE24A
:107A1000EDCF8F5FFAE0AF1AB108EDCF8336C9F032
:107A2000833771F1833509F05BC03501F2E06F0EE9
:107A3000711CF501A080B1806F2D70E006FD02C0C1
:107A40006FEF7FEFC5010F9432B89D878C87006878
:107A50000DC0350132E0630E711CF5018081898310
:107A600021E030E03D872C8754010F7703FD06C0ED
:107A70002C853D855216130609F0A8F4E52C2BC081
:107A8000350132E0630E711CF501A080B1806F2DCD
:107A900070E006FD02C06FEF7FEFC5010F9457B88D
:107AA0009D878C87E2CFB60180E290E00F949EB86C
:107AB0005A94DECFF50107FD859107FF81915F01A3
:107AC000B60190E00F949EB8E110EA948C859D85F4
:107AD00001979D878C87EC85FD85EF2B59F778CE34
:107AE000843619F0893609F074C0350107FF66C085
:107AF000F4E06F0E711CF5016081718182819381C8
:107B0000102F1F7697FF08C090958095709561950E
:107B10007F4F8F4F9F4F10682AE030E0A4010F94F1
:107B2000C5B9A82EA818BA2C012F16FF0AC00E7FBF
:107B3000AF1438F414FF04C012FD02C0012F0E7EF2
:107B4000BF2C04FFA3C0FE01EA0DF11D808180332C
:107B500009F095C0097EF02FF870EF2E03FDA5C047
:107B600000FF9FC0FA2CB51410F4F50CFB1804FFAD
:107B7000A2C0B60180E390E00F949EB802FF09C056
:107B800088E790E001FF02C088E590E0B6010F941D
:107B90009EB8AF1408F49BC0AA940A2D10E00F5FA2
:107BA0001F4F080D191DF80182918F01B60190E059
:107BB0000F949EB880169106B1F70ACEF2E06F0ED0
:107BC000711CF50160817181072E000C880B990BE7
:107BD00097CF102F8537A9F41F7E2AE030E03501BA
:107BE00017FF44C0F4E06F0E711CF50160817181D4
:107BF00082819381A4010F94C5B9A82EA8181F777C
:107C000092CF197F8F3679F1F0F4883539F1F6018A
:107C1000868197812F960FB6F894DEBF0FBECDBF39
:107C2000DF91CF911F910F91FF90EF90DF90CF9058
:107C3000BF90AF909F908F907F906F905F904F908C
:107C40003F902F900895803739F0883701F714FD61
:107C5000146020E130E0C3CF1061F9CF04FD16605D
:107C600020E132E0BCCF28E030E0B9CFF2E06F0E87
:107C7000711CF5016081718190E080E0BBCF02FD55
:107C800002C0B39468CFB394B39465CF802F867845
:107C900009F461CFF6CFB60180E290E00F949EB870
:107CA000B394B514C0F3E12C62CFE52CEB18B514F6
:107CB00008F45DCFF8CF802F867809F46ACF8BE285
:107CC00001FF80E207FD8DE2B60190E060CFB601D2
:107CD00080E390E00F949EB8FA945BCFB60180E207
:107CE00090E00F949EB8EA9473CD24E0E12C251522
:107CF00008F036CD84E026CD9091C00095FFFCCFF2
:107D00008093C60008958091C00087FFFCCF8091CA
:107D1000C00084FD01C0A8958091C6000895862703
:107D200098E027E0382F880F37FD82279150D1F750
:107D30000895CF93DF9300D000D01F92CDB7DEB768
:107D4000873050F5673040F597E0E0ECF2E0DE0177
:107D5000119601900D929A95E1F746E050E0FA01F4
:107D6000E61BF10921E030E02C0F3D1FE20FF31F6D
:107D7000208130E0481B5109C90102C095958795C3
:107D80004A95E2F7817027960FB6F894DEBF0FBED2
:107D9000CDBFDF91CF91089580E0F5CF20E030E0B6
:107DA00040E85FEB609181027091820280918302D2
:107DB000909184020F9453BC882321F1E091EC123E
:107DC000F091ED12E150FF4E80818B7F8230D1F433
:107DD00080E1E1E8F2E0ABEEB6E001900D928A9529
:107DE000E1F780E090E0A0E8BFEB80938102909300
:107DF0008202A0938302B09384028091CB0590917C
:107E0000CC05089581E090E00895CF92DF92EF9243
:107E1000FF920F931F93CF93DF9390E0EC01CC0F71
:107E2000DD1FCC0FDD1FFE01E856F34E2591359185
:107E300045915491FE01E059F14FC080D180E2801C
:107E4000F3808E010551194FC701B6010F945EBB37
:107E5000F8016083718382839383FE01E457F34EBC
:107E600025913591459154918E010F5D1D4FC701AC
:107E7000B6010F945EBBF8016083718382839383A4
:107E8000FE01E058F34E2591359145915491CB5E1A
:107E9000DD4FC701B6010F945EBB688379838A8387
:107EA0009B83DF91CF911F910F91FF90EF90DF9017
:107EB000CF90089580E1EBECF6E0ABEEB6E00190F8
:107EC0000D928A95E1F70895EBE0FCE1833021F013
:107ED000E82FF0E0E85FF34E849108954091FD10A3
:107EE0005091FE1090E080E041155105B1F12091D4
:107EF000EC123091ED1290E080E0F901E150FF4E7C
:107F0000A081A23021F461817281860F971F4150B8
:107F1000510919F1F901EE5FFE4EA1919F012F5F0A
:107F20003041A111FACFF901E150FF4E2D3EA1E001
:107F30003A0730F4A191A111E0CF2F5F3F4FF6CF68
:107F40002D3EE1E03E07C9F6EFEFF0E19F012F5F24
:107F50003041A191AA23D1F3D0CF0895982F9F70DB
:107F600083FF0DC080917B00886080937B008091AF
:107F70007C00887F9770892B80937C000895809186
:107F80007B00877FF2CF84FF18C08D9A85FF17C0D2
:107F9000A49A2FB786FF15C0F894909102019068BB
:107FA000909302012FBF87FF11C0A39A8F9A85E09B
:107FB0008A95F1F700008F9808958D98E7CFA498DF
:107FC000E8CFF894909102019F77EACFA398EECF83
:107FD0000F931F93CF93DF93EC01C60FD71F8C171E
:107FE0009D0779F08C010F5F1F4F0F9436BA8F3FBA
:107FF00031F081E0DF91CF911F910F910895C80179
:10800000EECF80E0F7CF0F931F93CF93DF9300D095
:108010001F92CDB7DEB79B01AC010BEE16E0F80165
:10802000608571858285938569837A838B839C8340
:108030000F945DBBF801608771878287938765E540
:1080400075E585E591E40F942B650F944A5189817C
:108050009A81AB81BC81F80180879187A287B38721
:10806000CE0101960F9495520F900F900F900F90A4
:10807000DF91CF911F910F9108956091E10670916A
:10808000E206072E000C880B990B0F94C4B42091C4
:10809000240E3091250E4091260E5091270E0F94FC
:1080A0005DBC0E9403401092E2061092E106089522
:1080B0004FEF5FEFBA0185EE9FE00F946CBA4FEF80
:1080C0005FEFBA0189EE9FE00F946CBA4FEF5FEF5C
:1080D000BA018DED9FE00F946CBA4FEF5FEFBA01DC
:1080E00081EE9FE00F946CBA4FEF5FEFBA0185ED20
:1080F0009FE00F946CBA4FEF5FEFBA0189ED9FE0FC
:108100000F946CBA4FEF5FEFBA0185EC9FE00F94CC
:108110006CBA4FEF5FEFBA0189EC9FE00F946CBA35
:108120004FEF5FEFBA018DEC9FE00F946CBA4FEF09
:108130005FEFBA0181ED9FE00D946CBA8036910536
:10814000F8F44091EC125091ED122091FA10309118
:10815000FB104217530739F46091FD107091FE1027
:10816000161617066CF0B901680F791FFB01E35969
:10817000FF4F2417350730F481E04E175F0708F4EE
:1081800080E00895EE3EF140F8F06C5F7F4F6E3E68
:10819000714018F449365105B8F483599F4F481778
:1081A000590770F34DEE51E0421B530B70E060E055
:1081B000C90181509F4E0F9468C08FB7F8941092F8
:1081C000FB101092FA108FBF81E008958091CD05C9
:1081D0009091CE054AE050E070E060E001960F9487
:1081E000C1B5862F08958091CD059091CE054AE0C6
:1081F00050E070E060E001960F94C1B5CB010895A6
:108200008091CD059091CE054AE050E070E060E0AD
:1082100001960D94C1B58091FF0490910005909353
:10822000FE048093FD0484EF9FE29F938F938091DF
:108230007D0390917E03A0917F03B091800301960E
:10824000A11DB11DBF93AF939F938F9385E094E1E0
:108250009F938F938CE094E19F938F930F94F8B842
:108260008DB79EB70A960FB6F8949EBF0FBE8DBF0E
:108270000895682F880F770B8091EC129091ED1282
:108280008E5F9E4E0F948DC09C019093CE0580937F
:10829000CD0581E0232B09F480E008950F931F930F
:1082A000CF93DF938C01862FEA010E943941882306
:1082B00019F10E94F3409C0197FF03C0319521956D
:1082C0003109253631059CF09F938F938BE395E719
:1082D0009F938F938DEF9CE19F938F930F94F8B8AA
:1082E0000F900F900F900F900F900F9080E0DF9104
:1082F000CF911F910F910895F80180818823B1F3E8
:10830000CE01DF91CF911F910F910D9436BA60E0AD
:1083100086E69FE00F945ABA60E088E69FE00F94EB
:108320005ABA60E085E69FE00F945ABA60E084E6AE
:108330009FE00F945ABA60E082ED9EE00F945ABA23
:1083400060E08FEC9EE00D945ABA2F923F924F92CC
:108350005F926F927F928F929F92AF92BF92CF92D5
:10836000DF92EF92FF920F931F93CF93DF93CDB7DE
:10837000DEB7CC58D2400FB6F894DEBF0FBECDBFEB
:10838000CB58DD4F688379838A839B83C557D2405E
:10839000FE01E754FE4F88E2DF011D928A95E9F75E
:1083A000E85BF1401F0180E991E0DF01FC011D92D3
:1083B0003197E9F7C75ADD4F19821882C955D24063
:1083C0009E012F513E4FC159DD4F39832883CF562F
:1083D000D2408E01075A1D4FCE018F5C9D4FC3596D
:1083E000DD4F99838883CD56D2403C01490140EB53
:1083F000A42E4FE0B42E53E2C52ED12CF12CE12C4B
:10840000B6010D2C000C880B990B0F94C4B4D40149
:108410006D937D938D939D934D01F80161917191C1
:108420008F01072E000C880B990B0F94C4B4D30155
:108430006D937D938D939D933D01BFEFEB1AFB0AE6
:10844000E6E0EE16F10409F038C3CB58DD4F288181
:1084500039814A815B81C557D240C159DD4FA8811E
:10846000B981CF56D2406D917D918D919C910F94A1
:10847000E7BD412C512C320118160CF402C3C3592C
:10848000DD4F08811981CD56D2400C5E1F4FC15976
:10849000DD4FE880F980CF56D240B4E1EB0EF11CFD
:1084A0006E01EFEDCE1AEDEFDE0A9E012B553E4F29
:1084B000CF58DD4F39832883C157D240D8014D9022
:1084C0005D906D907C90F7016081718182819381D4
:1084D000D7015E914E913E912E917D010F945DBB2F
:1084E0004B015C01F80152914291329122918F012E
:1084F000C301B2010F945DBBA50194010F945DBC53
:10850000D6019E938E937E936E936D01CF58DD4F6F
:10851000E881F981C157D240B292A292929282929E
:10852000CF58DD4FF983E883C157D240C359DD4F9F
:1085300028813981CD56D2400217130709F0BECFEA
:108540004E013FE6831A3EEF930A5E0183EFA81ABD
:108550008DEFB80A61018101EE24E394F12CD4017E
:108560004D905D906D907D904D012D913D914D917F
:108570005C91C301B2010F945EBB9B01AC010F94EF
:108580005EBBF80164A775A786A797A7F1E0EF1671
:10859000F10461F0D80198964D925D926D927C92B3
:1085A0009B97F8014482558266827782FFEFEF1A2B
:1085B000FF0AF501208131814281538184E0A80EB8
:1085C000B11C64817581868197810F945DBB20E029
:1085D00030E040EC50E40F9403B5D601DC966D9387
:1085E0007D938D939C93DF97045D1F4FB8E2CB0E74
:1085F000D11CE5E0EE16F10409F0B1CF7E01FDE2F9
:10860000EF0EF11C28E2A22EB12C00EB1FEF24E0AC
:10861000220E311CD7012D913D914D915C91139704
:1086200098966D917D918D919C919B970F945DBCD7
:108630002B013C016101C01AD10A88248394912C3A
:10864000F601E00FF11FEA0DFB1D2081318142810F
:108650005381C301B2010F9403B59B01AC01F60134
:1086600060817181828193810F945DBBD6016D938E
:108670007D938D939D936D01BFEF8B1A9B0AE6E06E
:108680008E169104E9F63CE2E30EF11C0852110942
:1086900088E2A80EB11C08339FEF190709F0BACF82
:1086A0001E01F5EB2F0E311C6E0121EBC20ED11C09
:1086B0007E0137E3E31A3EEFF30A04E010E04801DD
:1086C000B12CA12C412C512C3201F601EA0DFB1DDD
:1086D000D701AA0DBB1D2D913D914D915C916081FB
:1086E0007181828193810F9403B59B01AC01C30119
:1086F000B2010F945EBB2B013C018FEF881A980AE0
:1087000094E0A90EB11CA5E08A169104F1F6A3012C
:108710009201F10160817181828193810F945DBB2F
:10872000D6012D913D914D915C910F945DBCF70167
:10873000608371838283938301501109F8E22F1AB9
:1087400031082CE2C21AD10834E0E31AF10801150D
:10875000110509F0B4CFCB50DE4F88819981AA81F1
:10876000BB81C55FD140CF57DD4F88839983AA83F2
:10877000BB83C158D2401E0197E4291A9EEF390AE3
:1087800010E000E0C159DD4FA881B981CF56D24039
:10879000CD90DD90ED90FD90C159DD4FB983A88358
:1087A000CF56D240CB58DD4F288139814A815B8139
:1087B000C557D240C701B6010F9453BC1816B4F088
:1087C000CB58DD4F288139814A815B81C557D24022
:1087D000C159DD4FE881F981CF56D2406081718166
:1087E000828193810F94E7BD87FF18C00430110583
:1087F00009F030C1CB58DD4F288139814A815B8136
:10880000C557D240CF57DD4F688179818A819B81DE
:10881000C158D2400F9453BC87FF1CC1D10114969C
:108820008D909D90AD90BC9017978D919D910D90DE
:10883000BC91A02DCF58DD4F88839983AA83BB8339
:10884000C157D240F801EE0FFF1FEE0FFF1F21E9C5
:1088500031E02C0F3D1FE20FF31F408051806280FA
:108860007380C359DD4FA881B981CD56D2408D9117
:108870009D910D90BC91A02DC358DD4F88839983A5
:10888000AA83BB83CD57D240A7019601CB58DD4FB9
:10889000688179818A819B81C557D2400F945DBBE5
:1088A0006B017C0120E030E040E450E40F94CEBE48
:1088B000CB57DD4F688379838A839B83C558D24029
:1088C000C358DD4F288139814A815B81CD57D24021
:1088D000C359DD4FE881F981CD56D240648175815D
:1088E000868197810F945DBBA30192010F945DBCBB
:1088F000C758DD4F688379838A839B83C957D240E9
:10890000A3019201C301B2010F945EBBCF58DD4FAA
:10891000288139814A815B81C157D2400F9403B5C8
:10892000C757DD4F688379838A839B83C958D240B8
:10893000A3019201C501B4010F9403B59B01AC01E1
:10894000C757DD4F688179818A819B81C958D240A0
:108950000F945EBB20E030E040EC50E40F945DBC2F
:108960009B01AC01C758DD4F688179818A819B8169
:10897000C957D2400F945DBBA70196010F9403B570
:10898000C758DD4F688379838A839B83C957D24058
:10899000CF58DD4F288139814A815B81C157D24050
:1089A000C501B4010F945DBB4B015C0120E030E0D8
:1089B00040EC50E4C301B2010F9403B59B01AC013C
:1089C000C501B4010F945DBCCB57DD4F28813981BF
:1089D0004A815B81C558D2400F9403B54B015C01BD
:1089E00020E030E040E05FE3CF58DD4F68817981DF
:1089F0008A819B81C157D2400F9403B52B013C0162
:108A0000A7019601C701B6010F9403B59B01AC0104
:108A1000C301B2010F9403B59B01AC01C501B401C0
:108A20000F945EBB9B01AC01C758DD4F6881798113
:108A30008A819B81C957D2400F945EBBC358DD4FDA
:108A4000288139814A815B81CD57D2400F945EBB2A
:108A50002B013C010F5F1F4FF4E02F0E311CC35957
:108A6000DD4F28813981CD56D2402C5F3F4FC3590D
:108A7000DD4F39832883CD56D2400530110509F0EA
:108A800081CEC301B201C457DD4F0FB6F894DEBFEB
:108A90000FBECDBFDF91CF911F910F91FF90EF904F
:108AA000DF90CF90BF90AF909F908F907F906F900E
:108AB0005F904F903F902F900895C5010F9444BA56
:108AC000D8018D939C93B5E0CB0ED11CE2E0AE0EA5
:108AD000B11C96CC0F931F93CF9320911414213087
:108AE00079F58C0180E50E943941882349F10E9483
:108AF000E640C82F853020F5013C82E0180749F098
:108B0000023C124069F08C2FCF911F910F910D9470
:108B1000E5B360E08C2FCF911F910F910D9426B497
:108B20008EEC9EE00F9436BA882351F00F94DA8FC2
:108B3000882331F08C2FCF911F910F910D94A1B408
:108B4000CF911F910F910895CF93C82F0F944A5141
:108B5000F894C093E3060F9445520E9400ED880FED
:108B600082700F948B1E0F940B307894CF910895E0
:108B700060FF04C028E5FC012083019661FF04C06A
:108B800029E5FC012083019620E2FC012193CF011D
:108B900065E27EE00D94EDB78F929F92AF92BF9207
:108BA000CF92DF92EF92FF920F931F93CF93DF93B9
:108BB0000091CD051091CE050F5F1F4F68018FEF1B
:108BC000C81AD80AD801DC918D2F90E00F94C7B74E
:108BD0007C01892B01F5DD3201F56801B2E0CB0E95
:108BE000D11CF801D181C1E086010150110943E097
:108BF00050E06FE37CE1C8010F94FDB7892BC1F40D
:108C000060E070E080E89FEFC111DBC060E070E0E1
:108C100080E89FE7D6C08601D1CFDB3239F4680106
:108C2000F2E0CF0ED11CD8011196DC91C0E0DCCF70
:108C300043E050E06CE37CE1C8010F94FDB7892B61
:108C400009F4CCC0F60110E000E020E030E0A9011A
:108C50006F01D053DA3060F5BC2E6894B1F88C2FD8
:108C60008870C2FF09C0811102C00F5F1F4F31968B
:108C7000D601DC91CB2DECCF882311F001501109E6
:108C8000A5E0B0E00F94CBBA9B01AC01220F331FDB
:108C9000441F551F2D0F311D411D511D2839B9E9A4
:108CA0003B074B07B9E15B0710F3C660BC2EDFCF73
:108CB000DE3F31F4C3FD33C0BC2E6894B3F8D7CF88
:108CC000D53369F580818D3231F4C061BF016E5FAB
:108CD0007F4F818105C0BF018B32C9F36F5F7F4F2A
:108CE00080538A30E0F4FB01B0E8EB16BCE0FB06F1
:108CF0005CF4B701660F771F660F771FE60EF71E4D
:108D0000EE0CFF1CE80EF11C819180538A3060F359
:108D1000C4FF03C0F194E194F1080E0D1F1DCA01B8
:108D2000B9010F94C2B4C370C33009F490584B0119
:108D30005C0120E030E0A9010F9453BC882309F4C2
:108D40003EC0C8E3DCE117FF05C01195019511098C
:108D5000C0E2DCE16E01E8E1CE1AD10880E2E82E43
:108D6000F12C0DC0FE0125913591459154910E19BC
:108D70001F09C501B4010F9403B54B015C01D50176
:108D8000C4010E151F0574F72497F594E794CC16CB
:108D9000DD06A9F78A2F880F8B2F881F8F3F49F098
:108DA00020E030E0A901C501B4010F9453BC81114A
:108DB00006C082E290E090931F1880931E18C501B0
:108DC000B401DF91CF911F910F91FF90EF90DF9051
:108DD000CF90BF90AF909F908F90089560E070E02B
:108DE00080EC9FE7EECF2F923F924F925F926F926F
:108DF0007F928F929F92AF92BF92CF92DF92EF922B
:108E0000FF920F931F93CF93DF9300D0CDB7DEB7C0
:108E10008EEDC82E82E0D82E8BEC96E09B838A8361
:108E20009BEEE92E96E0F92E3324339400E0F60110
:108E300081916F010E943941282E882309F4A6C030
:108E40001091410413210E94CC452B013C01EA8181
:108E5000FB814082518262827382033009F046C0F6
:108E6000F1E0F983111101C0198280909102909074
:108E70009202A0909302B090940220E030E040E88B
:108E80005FE3C501B4010F9453BC882359F111115C
:108E900015C02091F7063091F8064091F9065091DF
:108EA000FA06C301B2010F945DBB6093D7067093BD
:108EB000D8068093D9069093DA062982A5019401F9
:108EC0006091D7067091D8068091D9069091DA0604
:108ED0000F9403B56093D7067093D8068093D90694
:108EE0009093DA06E981E11103C022C0112399F0C1
:108EF000F7012081318142815381EA81FB816081C8
:108F00007181828193810F945EBBEA81FB816083D2
:108F10007183828393830F5F330C8A819B810496D4
:108F20009B838A8394E0E90EF11C043009F07FCF23
:108F300086E40E943941882399F00E94CC456B0158
:108F40007C0120E030E0A9010F94E7BD181644F43D
:108F5000C092B902D092BA02E092BB02F092BC0277
:108F60000F900F900F90DF91CF911F910F91FF9075
:108F7000EF90DF90CF90BF90AF909F908F907F90B9
:108F80006F905F904F903F902F900895F7018081F0
:108F90009181A281B381EA81FB8180839183A28345
:108FA000B383B9CF2F923F924F925F926F927F928D
:108FB0008F929F92AF92BF92CF92DF92EF92FF92E9
:108FC0000F931F93CF93DF93CDB7DEB765970FB69F
:108FD000F894DEBF0FBECDBF698B7A8B8B8B9C8BD9
:108FE00049015A01302ECD8A2D2C81E08093BF0299
:108FF000DF922D892F931F92EF928EEB93E19F9337
:109000008F930F94F8B881E40E9439410F900F902C
:109010000F900F900F900F908823A1F08091CD05B5
:109020009091CE05FC012181283709F069C040E10B
:1090300050E070E060E002960F94C1B5698B7A8BC6
:109040008B8B9C8B83E40E943941882309F465C093
:109050000E9400412B013C01C988DA88EB88FC881A
:109060008C149D04AE04BF0410F475016401D30197
:10907000C2018C0D9D1DAE1DBF1D88169906AA0646
:10908000BB0628F08C159D05AE05BF0530F4240104
:1090900035014C185D086E087F0888E50E9439414B
:1090A000882309F491C02091CD053091CE052F5F22
:1090B0003F4FFE01319610E000E04F01D9018C9145
:1090C0002F5F3F4F882309F43FC000311105E1F1C4
:1090D0008032A1F38A30C1F190ED980F9A3010F5EB
:1090E0008295807F9D012E5F3F4F11969C9140EDB0
:1090F000490F4A30F8F4842B81930F5F1F4FDECF66
:109100000E94CC450F94CFBC9B01770F440B550BAD
:10911000298B3A8B4B8B5C8B95CF44244A94542CEF
:1091200032019ACF9FE9980F963058F48295807F4C
:109130008057D8CF4FE9490F463018F49755892BFF
:10914000DBCF1195019511092801012E000C66084D
:109150007708DA8AC98AB12CA12C0A151B05F1F00F
:10916000332039F031E0331671F04FEFA41AB40A0E
:10917000F4CFF401EA0DFB1D8081E989FA89EA0D3B
:10918000FB1D8083F2CFF401EA0DFB1D608189890C
:109190009A898A0D9B1D0F947EBAE7CFFF92EF92BA
:1091A000DF92CF922F925D895F937F926F925F9251
:1091B0004F9282E993E19F938F930F94F8B80FB683
:1091C000F894DEBF0FBECDBF032DA3019201C701EE
:1091D000B6010F94818D65960FB6F894DEBF0FBE71
:1091E000CDBFDF91CF911F910F91FF90EF90DF9056
:1091F000CF90BF90AF909F908F907F906F905F9037
:109200004F903F902F9008956091261870912718E5
:1092100090E08A3020F0895A9F4F0D949EB8C096F6
:10922000FCCF0F931F93CF93DF93C82FD62F8A01C4
:1092300060FF15C05D9A8AE18A95F1F700C08C2F16
:109240000E94C33FD1FD04C08C2F82950E94C33F72
:10925000C801DF91CF911F910F910C9459E45D9853
:10926000EACFCF92DF92EF92FF92CF93DF93EC01A0
:109270006A017B010F943EBA6F3F7F4F8F4F9F4F24
:1092800059F4B701A601CE01DF91CF91FF90EF9085
:10929000DF90CF900D948CBADF91CF91FF90EF903B
:1092A000DF90CF9008952F923F924F925F926F92EE
:1092B0007F928F929F92AF92BF92CF92DF92EF9266
:1092C000FF920F931F93CF93DF93CDB7DEB7A19794
:1092D0000FB6F894DEBF0FBECDBF1C014801590187
:1092E000FC01E85BFF4FC080D180E280F3809A01EF
:1092F000AB01C701B6010F9403B50F943CBC0F94AA
:10930000D6BC8B018D839983A5019401C701B60159
:109310000F9403B50F943CBC0F94D6BC362F272F67
:10932000A8016D817981483751056105710520F4E7
:1093300048E750E060E070E0D101D6968D909D90B6
:10934000AD90BC90D9978F8A988EA98EBA8E481509
:1093500059056A057B0520F44F8B588F698F7A8FEA
:10936000432F522FBC01483751056105710520F488
:1093700048E750E060E070E0182D092DA9A2B8A2DE
:10938000481559056A057B0520F4142F052F69A39C
:1093900078A3F101EE5BFF4FC080D180E280F380C3
:1093A000CD82DE82EF82F886CD28CE28CF2841F408
:1093B000C12CD12C7601C394CD82DE82EF82F88657
:1093C0002F89388D498D5A8DB901CA010F9499BAE8
:1093D0006D877E878F87988BA5019401C501B401A5
:1093E0000F9499BA2B013C01212F302F49A158A18C
:1093F000612F702FCA010F9499BA698B7A8B8B8B6E
:109400009C8BCD80DE80EF80F884CC0CDD1CEE1CC4
:10941000FF1CC986DA86EB86FC86C301B201615067
:10942000710981099109CD84DE84EF84F8886C1973
:109430007D098E099F09C984DA84EB84FC846C0D54
:109440007D1D8E1D9F1DA70196010F94A9BA69016C
:109450007A01C301B20129893A894B895C89621B6F
:10946000730B840B950B29853A854B855C850F948E
:10947000A9BA29013A01D701C601840D951DA61D7F
:10948000B71D8C8F9D8FAE8FBF8FF101E45BFF4FB7
:1094900090819B8F992309F48DC0612F702F89A132
:1094A00098A10F94C2B4F101EC5AFF4F2081318191
:1094B000428153810F9403B50F94D6BC6D8B7E8B84
:1094C000D10150962D913D914D915C9153972983F7
:1094D0003A834B835C838C8D9D8DAE8DBF8D8217BF
:1094E0009307A407B50708F068C029013A01481A94
:1094F000590A6A0A7B0A9B8D40E080E0992389F033
:10950000C501B4010F94C2B4F101EC5AFF4F2081A0
:109510003181428153810F9403B50F94D6BC462FFD
:10952000872F3FB7F894F101E95BFF4F20812111AC
:1095300027C0D1015996CD92DD92ED92FC925C97B5
:10954000C40CD51CE61CF71CF101C58ED68EE78E27
:10955000F0A2CF88C2AED88CD3AEE98CE4AEFA8C40
:10956000F5AEFE9610830183C9A0C282D8A0D38233
:109570007396ED88E082FE88F18232974083818382
:109580003FBFA1960FB6F894DEBF0FBECDBFDF91EF
:10959000CF911F910F91FF90EF90DF90CF90BF90F0
:1095A000AF909F908F907F906F905F904F903F9083
:1095B0002F9008951D8A1E8A83CF2D813E814F8171
:1095C000588582E0220F331F441F551F8A95D1F71B
:1095D00089819A81AB81BC8181709927AA27BB2799
:1095E0008D839E83AF83B88789809A80AB80BC804F
:1095F000B694A79497948794CD84DE84EF84F888FA
:1096000089899A89AB89BC898C159D05AE05BF05F2
:1096100008F46FC06C017D0191E0C91AD108E1081E
:10962000F1088D859E85AF85B889C81AD90AEA0ADE
:10963000FB0AC701B601620F731F841F951FCD80FF
:10964000DE80EF80F884CD28CE28CF2841F0C98471
:10965000DA84EB84FC846C0D7D1D8E1D9F1D0F94A0
:10966000A9BA75016401C20ED31EE41EF51E29813C
:109670003A814B815C812C153D054E055F0510F448
:1096800069017A012B8D222309F469C0C114D10428
:10969000E104F10409F466C04D898E894114510436
:1096A0006104710409F43DCFA701960169857A85AB
:1096B0008B859C850F9499BA2D853E854F85588959
:1096C000620F731F841F951F0F94C2B40F942CBF99
:1096D000F101EC5AFF4F20813181428153810F9477
:1096E00003B50F94D6BC462F872F412C512C320145
:1096F00018CF6D857E858F859889C988DA88EB8833
:10970000FC886C197D098E099F09CD80DE80EF8071
:10971000F884CD28CE28CF2841F0C984DA84EB84A0
:10972000FC846C0D7D1D8E1D9F1D0F94A9BA820EA9
:10973000931EA41EB51E49805A806B807C808414C1
:109740009504A604B70410F424013501C980DA8019
:10975000EB80FC80C418D508E608F70893CF40E0FA
:1097600080E0C3CF4D898E89C0CFCF93C62F0F9491
:10977000158281110FC0C093BB0084E88093BC00A8
:1097800088E20F941E20811105C084E98093BC00FB
:10979000CF9108958FEF8093170E8093160EF8CF18
:1097A000CF930F941582811121C084EA8093BC006D
:1097B00080E10F941E20811119C08BEE8093BB00B5
:1097C000C4E8C093BC0080E40F941E2081110EC039
:1097D000C093BC0088E50F941E20811107C08091C2
:1097E000BB0094E99093BC00CF9108958FEF8093D4
:1097F000170E8093160E80E0F7CF0F931F93CF9331
:10980000DF938C01F801D491DF3F99F03196C49138
:109810006C2F8D2F0E94B54B8D2F0E94D04B0E5F69
:109820001F4FC81779F380E0DF91CF911F910F91FF
:10983000089581E0F9CFCF93DF938091170E8133A4
:1098400021F080E0DF91CF9108958091160E81394B
:10985000C1F782E00E94D04BC82F87E10E94D04B15
:109860008093140E84E10E94D04B8093150E80915A
:10987000170E8F3F31F3C7FF36C083E00E94D04BF5
:10988000D82F84E00E94D04BC82F82E10E94D04B99
:109890009091170E9F3FA9F290E09C0144E0220FA7
:1098A000331F4A95E1F722273F702D2B982F8827E9
:1098B00088279F708C2B33FD305193FD9051409140
:1098C000F0035091F103240F351F3093F1032093DF
:1098D000F0032091E90E3091EA0E820F931F9093CE
:1098E000EA0E8093E90E81E0ADCF84B1817F84B927
:1098F00084B1876084B985B1817F85B9289A80E574
:109900008CBD1DBC08958A3020F0803120F4895A26
:109910000895805D089580E008950F931F93CF937D
:10992000DF93082FEB0190E024E0959587952A9529
:10993000E1F711E0009721F00E94834C899312E037
:10994000802F8F700E94834C8883812FDF91CF916D
:109950001F910F910895803330F08A3330F09FE9E2
:10996000980F963020F080E0089580530895875531
:109970000895CF93DF93EC01688180E00E948F3ED1
:1099800069810E948F3E6A81CB810E948F3E6C2F3D
:10999000DF91CF910C948F3ECF93DF93EC010E9427
:1099A000B94C6D810E948F3E6E81CF810E948F3EA7
:1099B0006C2FDF91CF910C948F3ECF93DF93EC010E
:1099C000688349831B821A820E94B94C8C83DF9181
:1099D000CF9108959FB7F894E5E0F1E080818F7D05
:1099E00080839FBF8FE891E00197F1F700C00000EE
:1099F0009FB7F8948081806280839FBF0895149AF6
:109A00000895CF92DF92EF92FF92CF93DF93690197
:109A10007A01CBEED6E09B01AC016C857D858E850D
:109A20009F850F945EBB6C877D878E879F87C7015C
:109A3000B601DF91CF91FF90EF90DF90CF900D9422
:109A40002B650F942B650D944A5181E0909111186C
:109A5000911101C080E00895893220E8920709F44D
:109A600097C008F048C0863060E8960709F49AC0AD
:109A700030F5833040E8940709F480C0A8F48130C1
:109A800020E8920709F417C1823040E8940709F4EE
:109A900073C09C0186FF8EC02227327C2115324C78
:109AA00009F09EC08EE10895843060E8960709F4BD
:109AB00067C0853020E8920761F784E208958A3014
:109AC00040E8940709F45EC058F4883020E8920713
:109AD00009F46EC0893040E89407D9F685E008950E
:109AE0008C3060E8960709F451C08D3020E8920769
:109AF00081F681E208958F3240E8940709F456C058
:109B0000E0F48C3220E8920709F44EC058F48A320F
:109B100060E89607C9F18B3220E8920709F0B9CFC7
:109B200086E208958D3240E89407D1F18E3260E8E4
:109B3000960709F0AECF82E20895873820E89207B1
:109B400049F158F4873460E8960729F08B3420E80F
:109B5000920709F09ECF84E00895873041E894078A
:109B6000D9F08B3061E89607C9F08B3820E892076E
:109B700009F08FCF89E0089581E0089582E008958B
:109B800083E0089586E0089587E008958AE20895C5
:109B90008BE2089588E008958AE008958BE00895A7
:109BA00083E2089585E2089587E2089588E20895A2
:109BB00089E2089587FF07C02227327C2115324CA5
:109BC000A1F58FE108952227317090FF52C0AC01BA
:109BD0004427527C4115524C09F04BC080E2089555
:109BE0009C0122273278232B09F067C09C01222791
:109BF0003478232B09F063C09C0122273878232B6B
:109C000009F05FC09C0122273079232B09F05BC04B
:109C10009C012227307A232B09F057C08827907C9B
:109C2000892B09F468C08FE008959C0122273278BF
:109C3000232B09F04CC09C0122273478232B09F0F8
:109C400048C09C0122273878232B09F044C09C018E
:109C500022273079232B09F040C09C012227307A3B
:109C6000232BE9F58827907C892B09F444C080E1F7
:109C70000895232B09F43FC09C0122273278232B1F
:109C800081F59C0122273478232B69F59C0122273A
:109C90003878232B51F59C0122273079232B39F575
:109CA0009C012227307A232B21F58827907C892B51
:109CB00011F181E1089580E0089582E1089585E140
:109CC000089588E108958BE108958CE0089583E17B
:109CD000089586E1089589E108958CE108958DE065
:109CE000089584E1089587E108958AE108958DE15A
:109CF00008958EE008958CE208950E942C4DE82F7F
:109D0000F0E0EE0FFF1FEB5FF54D2591349123330B
:109D100081E0380708F041C02D3281E0380778F53E
:109D20002E37310509F483C0F0F42C36310509F4DF
:109D300085C030F42536310508F079C08FEF0895DD
:109D40002437310509F473C02D37310519F0233755
:109D50003105A1F78091070E813009F46DC087307D
:109D600069F788E00895233D310509F46EC050F489
:109D7000293C310509F469C02A3C3105F9F6809186
:109D8000070E67C02D3D310509F45FC02E3D31053A
:109D9000B1F3243D310591F6F2CF253F81E038073C
:109DA00009F45CC0F8F4263481E0380758F4213413
:109DB00081E0380720F7275331402530310508F07E
:109DC000BDCFDDCF215931402230310508F0B6CF6B
:109DD0008091070E833009F43FC0893009F0AECF7F
:109DE00087E00895293F81E0380749F270F4273F62
:109DF00081E0380721F260F78091070E833061F12E
:109E0000883009F09BCF86E008952B3F81E038072A
:109E1000A9F068F02C3F314009F090CF8091070EF7
:109E2000853089F0863009F089CF85E008958091EA
:109E3000070E813009F082CF81E008958091070EEE
:109E40008230D1F37BCF84E008958091070E823079
:109E500061F0833009F072CF83E008958091070E9E
:109E6000823029F0843009F069CF82E0089580E0E3
:109E70000895682F70E090E080E00F94C2B420E075
:109E800030E048E052E40F9403B520E030E040E8D1
:109E90005FE30F945EBB0895682F70E090E080E070
:109EA0000F94C2B420E030E04CE952E40F9403B5C3
:109EB00020E030E040E85FE30F945EBB089582E06D
:109EC0000F94F72F6093F3067093F4068093F506D2
:109ED0009093F60683EF96E00D9495524F925F9221
:109EE0006F927F928F929F92AF92BF92CF92DF92AA
:109EF000EF92FF920F931F93CF93DF930BEE16E039
:109F0000CBEDD3E0288139814A815B81F801608102
:109F10007181828193810F945DBB4B015C012C8127
:109F20003D814E815F81F8016481758186819781D1
:109F30000F945DBB6B017C01CBECD3E028813981B0
:109F40004A815B81C501B4010F9403B52B013C012B
:109F50002C813D814E815F81C701B6010F9403B50D
:109F60009B01AC01C301B2010F945EBBF801608399
:109F7000718382839383288539854A855B85C501F2
:109F8000B4010F9403B54B015C012C853D854E85D2
:109F90005F85C701B6010F9403B59B01AC01C501F4
:109FA000B4010F945EBBF801648375838683978345
:109FB000DF91CF911F910F91FF90EF90DF90CF90A5
:109FC000BF90AF909F908F907F906F905F904F90D9
:109FD00008954F925F926F927F928F929F92AF926D
:109FE000BF92CF92DF92EF92FF920F931F93CF9386
:109FF000DF9300D000D01F921F92CDB7DEB7DC01F7
:10A00000CD90DD90ED90FC901397C092B003D0926C
:10A01000B103E092B203F092B30314960D911D9137
:10A020002D913C91179709831A832B833C830093CE
:10A03000B8031093B9032093BA033093BB03DB0139
:10A040000D911D912D913C9113970D831E832F83AC
:10A0500038870093B4031093B5032093B60330936D
:10A06000B70314964D905D906D907C901797409239
:10A07000BC035092BD036092BE037092BF03FA010D
:10A0800060817181828193816093DB037093DC0333
:10A090008093DD039093DE0384809580A680B78053
:10A0A0008092DF039092E003A092E103B092E2037A
:10A0B00020E030E0A9010F9453BC8111AAC020E038
:10A0C00030E0A901C501B4010F9453BC8111A1C0B6
:10A0D0001092E30320E030E040E85FE3C701B601FF
:10A0E0000F9453BC811121C020E030E0A9016D81A3
:10A0F0007E818F8198850F9453BC811116C020E01A
:10A1000030E0A90169817A818B819C810F9453BCD5
:10A1100081110BC020E030E040E85FE3C301B201F1
:10A120000F9453BC882309F478C08091E3038260C4
:10A130008093E303A3019201C701B6010F9403B515
:10A140004B015C012D813E814F81588569817A8167
:10A150008B819C810F9403B59B01AC01C501B401B7
:10A160000F945DBB4B015C01AC019B01C301B201CB
:10A170000F945DBC6093CB037093CC038093CD03AD
:10A180009093CE036D817E818F8198859058A50133
:10A1900094010F945DBC6093CF037093D0038093C0
:10A1A000D1039093D20369817A818B819C819058ED
:10A1B000A50194010F945DBC6093D3037093D40305
:10A1C0008093D5039093D603A5019401C701B601EE
:10A1D0000F945DBC6093D7037093D8038093D90329
:10A1E0009093DA0328960FB6F894DEBF0FBECDBF6A
:10A1F000DF91CF911F910F91FF90EF90DF90CF9063
:10A20000BF90AF909F908F907F906F905F904F9096
:10A21000089581E08093E3035DCF80E090E0A0E8C3
:10A22000BFE38093CB039093CC03A093CD03B09373
:10A23000CE031092CF031092D0031092D10310924C
:10A24000D2031092D3031092D4031092D50310922C
:10A25000D6038093D7039093D803A093D903B093E8
:10A26000DA03C0CF4F925F926F927F928F929F924C
:10A27000AF92BF92CF92DF92EF92FF921F93CF9354
:10A28000DF93CDB7DEB7A8970FB6F894DEBF0FBE49
:10A29000CDBF48E050E06DED7FE0CE0101960F9418
:10A2A00026BA48E050E065ED7FE0CE0109960F94B4
:10A2B00026BA48E050E065EE7FE0CE0141960F946B
:10A2C00026BA89899A89AB89BC8989A39AA3ABA349
:10A2D000BCA38F3F9F4FAF4FBF4F09F4B1C08D89D3
:10A2E0009E89AF89B88D8DA39EA3AFA3B8A78F3FDA
:10A2F0009F4FAF4FBF4F09F4A3C089809A80AB80B6
:10A30000BC808FEF88169806A806B80609F498C096
:10A310008D819E81AF81B885898F9A8FAB8FBC8FDD
:10A320008F3F9F4FAF4FBF4F09F48AC0C984DA8473
:10A33000EB84FC848FEFC816D806E806F80609F40B
:10A340007FC08D859E85AF85B8898D8F9E8FAF8F9D
:10A35000B8A38F3F9F4FAF4FBF4F09F471C0298DF6
:10A360003A8D4B8D5C8DC501B4010F94FABD2B0164
:10A370003C0126E636E646E65FE30F9453BC11E067
:10A3800087FD0BC02DEC3CEC4CE85FE3C301B20150
:10A390000F94E7BD18160CF010E02D8D3E8D4F8DFB
:10A3A00058A1C701B6010F94FABD2B013C0126E666
:10A3B00036E646E65FE30F9453BC87FD7FC02DEC85
:10A3C0003CEC4CE85FE3C301B2010F94E7BD181603
:10A3D0000CF474C02DA13EA14FA158A569A17AA18A
:10A3E0008BA19CA10F94FABD20E030E040E751E43E
:10A3F0000F94E7BD18160CF411E0A5019401C701F4
:10A40000B6010F9403B56B017C012D8D3E8D4F8DF0
:10A4100058A1698D7A8D8B8D9C8D0F9403B59B010E
:10A42000AC01C701B6010F945EBB9F772DEC3CECED
:10A430004CEC5DE30F94E7BD181614F01123F1F016
:10A440000E94584080E090E0A0E8BFE389839A83AF
:10A45000AB83BC831D821E821F82188619861A86D2
:10A460001B861C868D879E87AF87B88B198A1A8AB0
:10A470001B8A1C8A1D8A1E8A1F8A188EAE014F5E97
:10A480005F4FBE01675F7F4FCE0101960E94E94F8B
:10A49000A8960FB6F894DEBF0FBECDBFDF91CF9167
:10A4A0001F91FF90EF90DF90CF90BF90AF909F9063
:10A4B0008F907F906F905F904F90089511E08ACFBA
:10A4C000CF93DF93CDB7DEB768970FB6F894DEBFB2
:10A4D0000FBECDBF80E090E0A0E8BFE389839A8300
:10A4E000AB83BC831D821E821F82188619861A8642
:10A4F0001B861C868D879E87AF87B88B198A1A8A20
:10A500001B8A1C8A1D8A1E8A1F8A188EAE014F5E06
:10A510005F4FBE01675F7F4FCE0101960E94E94FFA
:10A5200068960FB6F894DEBF0FBECDBFDF91CF9116
:10A5300008958091E3038823D1F00E9460520F9424
:10A540004A5180E00F94F72F6093EB067093EC066E
:10A550008093ED069093EE0681E00F94F72F6093C1
:10A56000EF067093F0068093F1069093F20608953B
:10A57000809173059091720589130BC090917105BC
:10A58000992339F02091E5063091E60682171306EB
:10A5900039F081E090913304911103C080E0089577
:10A5A00081E008950F931F93CF93DF938C01EB010C
:10A5B00088E393E49F938F9381E499E29F938F9331
:10A5C000DF936F930F944DB9C80FD11D47E050E052
:10A5D000B801CE010F9426BA1F820F900F900F90F2
:10A5E0000F900F900F90DF91CF911F910F910895D1
:10A5F000209173058091E5069091E60628171906CB
:10A6000011F080E208958EE3089582E08093B7020E
:10A61000809173058F5F8093730584E0809370054C
:10A620001092720510927105089580917005843022
:10A6300038F58091730590E02091E5063091E606AB
:10A640002817390744F001979093E6068093E506B2
:10A6500087E00F94D03A8091E5062091FE0330E028
:10A660002D5F3F4F8217130659F054F09DEF980F5E
:10A670009093FE038450809372058FEF8093700552
:10A680000895E2E0F4E080E2DF011D928A95E9F7A7
:10A690000895CF933FB7F894E0917604F091770452
:10A6A000E817F907C9F0C42F9093770480937604D4
:10A6B0007093E6066093E5061092FE0382E08093B5
:10A6C000B7023FBF222319F080E00F94D03ACC2389
:10A6D00021F0CF910C9441533FBFCF910895DC01FD
:10A6E000262F909155049730D8F4492F50E0FA0165
:10A6F000EE0FFF1FE40FF51FE856FC4F4091760464
:10A7000050917704518340838091E5069F5F909339
:10A710005504828341E070E060E0CD010C94495320
:10A720000895982F809155049817A8F4891B809359
:10A73000550490E0FC01EE0FFF1FE80FF91FE856EB
:10A74000FC4F6281062E000C770B20E041E08081F7
:10A7500091810C94495380E0EACF81E00C949153AD
:10A760002091FF04309100058091FD049091FE043A
:10A770008217930771F0F901E358FB4F80812F5F37
:10A780003F4F2F773327309300052093FF0490E04D
:10A7900008958FEF9FEF08951F920F920FB60F92BB
:10A7A00011240BB60F922F933F934F936F937F9388
:10A7B0008F939F93EF93FF938091C80084FF12C003
:10A7C0008091CE00FF91EF919F918F917F916F913A
:10A7D0004F913F912F910F900BBE0F900FBE0F9096
:10A7E0001F9018954091CE0080919705813051F7C8
:10A7F0002091FD043091FE04C90101968F779927BD
:10A800006091FF047091000586179707D9F22358CD
:10A810003B4FF90140839093FE048093FD04D2CF17
:10A820001F920F920FB60F9211240BB60F922F9317
:10A830003F934F936F937F938F939F93EF93FF93E8
:10A840008091C00084FF12C08091C600FF91EF91FB
:10A850009F918F917F916F914F913F912F910F9089
:10A860000BBE0F900FBE0F901F9018954091C60021
:10A87000809197058111EACF2091FD043091FE046B
:10A88000C90101968F7799276091FF0470910005A7
:10A8900086179707D9F223583B4FF90140839093CD
:10A8A000FE048093FD04D2CF80E1EBEEF6E0A1E759
:10A8B000B2E001900D928A95E1F780913902909172
:10A8C0003A02909375038093740380910F0E9091D8
:10A8D000100E90931206809311068091C906809302
:10A8E00013068091410483FB882780F98093C60575
:10A8F000809143048093100681E08093FB060895C5
:10A90000CF93DF938AE797E10E94576E88EB95E13A
:10A91000892B51F0CAE8D6E1A397CE010E94576E69
:10A9200085E1C83BD807C1F785E995E10E94576EDC
:10A9300080E795E1DF91CF910C94576ECF93DF9331
:10A94000CBEED6E020E030E048EC51E46C857D852C
:10A950008E859F850F945EBB6C877D878E879F87D2
:10A9600063E373E383E590E4DF91CF910D942B656E
:10A9700060E085EA9FE00F945ABA60E08FE79CE0C0
:10A980000F945ABA80E090E0A0E8BFEB8093810278
:10A9900090938202A0938302B093840282E080931A
:10A9A0006A021092020E089580911106909112068B
:10A9B00020910F0E3091100E2817390771F09093E7
:10A9C000100E80930F0E81E080933F040F94B11F0F
:10A9D0000F94358982E080933F0408958091020EA0
:10A9E000882341F08091390290913A029093750347
:10A9F000809374030895809106069091070600974E
:10AA000029F12091010E211121C02091000E211168
:10AA10001DC0FC01E85AFF4F20E1A1E8B2E001901F
:10AA20000D922A95E1F7FC01E659FF4F2081318113
:10AA30003093C1052093C00588599F4FFC01808148
:10AA400091819093CC058093CB05089580E090E0B0
:10AA5000A0E8BFEB8093810290938202A0938302CF
:10AA6000B09384026091B9027091BA028091BB02E6
:10AA70009091BC020F94D6BC7093C1056093C00541
:10AA80001092CC051092CB050895CF92DF92EF92F1
:10AA9000FF928091EA148823D9F1809185039091E7
:10AAA0008603A0918703B09188038093C205909399
:10AAB000C305A093C405B093C5050F94D351C090AE
:10AAC000C205D090C305E090C405F090C505C81A32
:10AAD000D90AE108F108C092C205D092C305E092FC
:10AAE000C405F092C5050E946E3FC81AD90AE10854
:10AAF000F108C092C205D092C305E092C405F0925D
:10AB0000C50510926A02FF90EF90DF90CF900895F4
:10AB100080916C058823B1F180917D0390917E0333
:10AB2000A0917F03B09180038093C2059093C305E9
:10AB3000A093C405B093C5050F94D3514091C205AD
:10AB40005091C3056091C4057091C505481B51091A
:10AB5000610971098091FD109091FE10092E000C81
:10AB6000AA0BBB0B481B590B6A0B7B0B4093C2050E
:10AB70005093C3056093C4057093C50581E080932D
:10AB80006A02C1CF82E0FBCFCF92DF92EF92FF92B9
:10AB9000C090B00ED090B10EE090B20EF090B30E17
:10ABA0008091AF0E882309F44EC020E030E0A90167
:10ABB000C701B6010F94E7BD18160CF044C02BED89
:10ABC0003FE049E450E4C701B6010F9403B5A70183
:10ABD00096010F9403B520E030E040E85EE30F9467
:10ABE00003B59B01AC0160E070E080E89FE30F9447
:10ABF0005DBC6B017C016091BD027091BE02643648
:10AC00007105A1F0072E000C880B990B0F94C4B4AA
:10AC10002AE037ED43E25CE30F9403B59B01AC01FE
:10AC2000C701B6010F9403B56B017C01C09291027C
:10AC3000D0929202E0929302F0929402FF90EF90F1
:10AC4000DF90CF900895C12CD12C80E8E82E8FE3BF
:10AC5000F82ED1CF8F929F92AF92BF92CF92DF9278
:10AC6000EF92FF9281EF9FE00F9487816B017C014F
:10AC70008DEE9FE00F9487814B015C010F94D82EDD
:10AC80002CE330E040E050E00F94A9BABA01A901EA
:10AC9000480D591D6A1D7B1D8DEE9FE00F946CBA07
:10ACA0006091E6037091E7038091E8039091E903D6
:10ACB00028EE33E040E050E00F94A9BABA01A901B0
:10ACC0004C0D5D1D6E1D7F1D81EF9FE00F946CBAD2
:10ACD0000F94952F1092E6031092E7031092E80369
:10ACE0001092E90380911414813081F4609118145A
:10ACF0007091191490E080E00F946F8110921914F4
:10AD00001092181410921B1410921A14FF90EF90C6
:10AD1000DF90CF90BF90AF909F908F9008958091DB
:10AD200043041F928F9380916E031F928F93E2E2F0
:10AD3000F4E0428153812CE3249FC001259F900DB4
:10AD400011249F938F9340815181249FC001259F9F
:10AD5000900D11249F938F938EED93E19F938F938A
:10AD60000F94F8B88DB79EB70A960FB6F8949EBFA9
:10AD70000FBE8DBF0895CF93C82F8FEF9FE00F9424
:10AD800036BA813021F08091E306813029F481E0E8
:10AD90008C27CF910C94A445CF91089589E893E036
:10ADA0000D94422220E030E040E752E40F945DBC75
:10ADB00008951092B6024091690350916A03609120
:10ADC0006B0370916C034093B9025093BA02609385
:10ADD000BB027093BC0290933A028093390289E8D7
:10ADE00093E00D9442221F93CF93DF93182F80910D
:10ADF000B9029091BA02A091BB02B091BC028093BB
:10AE0000690390936A03A0936B03B0936C03C091A2
:10AE10003902D0913A0284E690E090933A0280930E
:10AE2000390289E893E00F9442221093B602CE01D2
:10AE3000DF91CF911F91089540E050E0BA018DEE6F
:10AE40009FE00F946CBA40E050E0BA0181EF9FE0C0
:10AE50000F946CBA0E94874170E060E085E09FE04B
:10AE60000F9478BA70E060E083E09FE00F9478BAC6
:10AE700070E060E081E09FE00F9478BA70E060E0FD
:10AE80008FEF9EE00F9478BA70E060E083ED9EE073
:10AE90000F9478BA70E060E080ED9EE00F9478BA8D
:10AEA00040E050E0BA0188EA9CE00D946CBAF89456
:10AEB00088E198E00FB6F894A895809360000FBEE3
:10AEC00090936000FFCF0E94833E803229F081E1A1
:10AED0000E947C3E0E94575784E10C947C3ECF93A5
:10AEE000C82F0E94833EC150E1F7CF910C94635765
:10AEF000C82F9FB7F894E2E0F1E0808184608083FE
:10AF00009FBF6C2F83E09DE00F945ABA8C2F0E9454
:10AF100092E90E9457571F920F920FB60F92112479
:10AF200083E00E9478571F920F920FB60F92112460
:10AF300082E00E94785785EA9FE00F9436BA91E04C
:10AF4000811101C090E0892F089580914004811102
:10AF500006C081E09091F603923009F080E00895F8
:10AF60008091EA1481110AC080916C05811106C09C
:10AF700081E09091F603913009F080E00895CF933D
:10AF8000DF93C091000EC1111FC08091010E81118D
:10AF90001CC00E94A557811118C0D0910D0ED4304D
:10AFA00061F480910F0E9091100E892B91F4809195
:10AFB000C9069091CA06892B61F40E94B057C82F28
:10AFC000811103C0C1E0D111C0E08C2FDF91CF917E
:10AFD0000895C1E0FACF0E94BF57882389F020E08E
:10AFE00030E040E050E46091F3067091F406809107
:10AFF000F5069091F6060F9453BC881F8827881F8A
:10B0000008950E94B057811118C00E94A557811160
:10B0100014C08091020E811110C080910D0E81111B
:10B020000BC080911514811107C08091000E811111
:10B0300004C08091010E089581E00895FC012081F3
:10B04000211101C06695FC0162830895FC016183B2
:10B0500021E0603208F020E09081291781F08281A0
:10B06000992351F090E095958795828370E07595CE
:10B070006795618320830895880F8283FBCF211118
:10B0800004C070E0759567956183089580E1EBEEEB
:10B09000F6E0ABECB6E001900D928A95E1F70895E9
:10B0A0004F925F926F927F928F929F92AF92BF92D8
:10B0B000CF92DF92EF92FF92CF9380E00F94E92F2F
:10B0C0006093FC067093FD068093FE069093FF0646
:10B0D00081E00F94E92F609300077093010780933C
:10B0E00002079093030782E00F94E92F609304070F
:10B0F00070930507809306079093070783E00F94EA
:10B10000E92F609308077093090780930A079093CB
:10B110000B0780E00F94F72F6093EB067093EC061B
:10B120008093ED069093EE0681E00F94F72F6093E5
:10B13000EF067093F0068093F1069093F20682E09A
:10B140000F94F72F6093F3067093F4068093F5063F
:10B150009093F60683E00F94F72F6093F7067093B1
:10B16000F8068093F9069093FA0680911C148823C0
:10B1700031F12091EF063091F0064091F1065091A7
:10B18000F2066091EB067091EC068091ED069091CD
:10B19000EE060F94C87A9B01AC016091F3067091A2
:10B1A000F4068091F5069091F6060F945DBB6093CE
:10B1B000F3067093F4068093F5069093F606C0911B
:10B1C000E303CC2309F49AC0C0FF34C02091DB0311
:10B1D0003091DC034091DD035091DE036091EB067A
:10B1E0007091EC068091ED069091EE060F945DBB98
:10B1F0006093EB067093EC068093ED069093EE0659
:10B200002091DF033091E0034091E1035091E2038C
:10B210006091EF067091F0068091F1069091F20630
:10B220000F945DBB6093EF067093F0068093F10678
:10B230009093F206C1FF62C08090EB069090EC06FE
:10B24000A090ED06B090EE06C090EF06D090F0060C
:10B25000E090F106F090F2062091D3033091D403F0
:10B260004091D5035091D603C501B4010F9403B5A5
:10B270002B013C012091D7033091D8034091D90391
:10B280005091DA03C701B6010F9403B59B01AC01DD
:10B29000C301B2010F945EBB2B013C012091CB0393
:10B2A0003091CC034091CD035091CE03C501B40140
:10B2B0000F9403B54B015C012091CF033091D00373
:10B2C0004091D1035091D203C701B6010F9403B549
:10B2D0009B01AC01C501B4010F945EBB6093EB060A
:10B2E0007093EC068093ED069093EE064092EF0685
:10B2F0005092F0066092F1067092F2060E94465853
:10B3000080E1EBEEF6E0A1E3B5E001900D928A95C5
:10B31000E1F7CF91FF90EF90DF90CF90BF90AF908B
:10B320009F908F907F906F905F904F9008954F9275
:10B330005F926F927F928F929F92AF92BF92CF92C5
:10B34000DF92EF92FF920F931F93CF93DF9300D082
:10B3500000D01F921F92CDB7DEB72091020E22239C
:10B3600009F473C120914204223009F46EC1209186
:10B370004204213011F4109242042B013C0110923E
:10B3800043041091130660914C0570914D05809116
:10B390004E0590914F050F94D6BC611731F0812F67
:10B3A00090E09093CA068093C9060E94D45480917D
:10B3B000100680934304909141048091C6058195C5
:10B3C00089278870892780934104A30192016091A5
:10B3D0007D0270917E0280917F02909180020F9495
:10B3E0005DBB6D837E838F839887CE0105960F9416
:10B3F00062521092380220E030E040E85FEB60914A
:10B4000071027091720280917302909174020F9494
:10B4100053BC811120C08091EB069091EC06A09165
:10B42000ED06B091EE068093710290937202A093A4
:10B430007302B09374028091EF069091F006A09190
:10B44000F106B091F2068093750290937602A09374
:10B450007702B0937802A301920160917D0270910E
:10B460007E0280917F02909180020F945DBB698380
:10B470007A838B839C83E090F306F090F40600912E
:10B48000F5061091F60620917502309176024091F2
:10B4900077025091780260917102709172028091EE
:10B4A0007302909174021F921F921F921F92E2E604
:10B4B0008E2EE7E29E2EE6E7AE2EE2E4BE2EFE01E1
:10B4C00031966F010F94BC52A301920160917D02ED
:10B4D00070917E0280917F02909180020F945DBBFB
:10B4E00069837A838B839C83E0907902F0907A025F
:10B4F00000917B0210917C022091750230917602BE
:10B5000040917702509178026091710270917202BD
:10B5100080917302909174021F921F921F921F924A
:10B520000F94BC52E0907902F0907A0200917B0275
:10B5300010917C0220917502309176024091770241
:10B540005091780260917102709172028091730241
:10B55000909174021F921F921F921F92812C912C26
:10B56000F8EEAF2EF2E4BF2EADE7CA2EA2E0DA2E3F
:10B570000F94BC520F944A5111E01093380260911D
:10B58000C0057091C10590E080E00F94C2B4609353
:10B59000B9027093BA028093BB029093BC0280916F
:10B5A00074039091750390933A028093390280E17D
:10B5B000E1E7F2E0ABEEB6E001900D928A95E1F79B
:10B5C0000E94465880916A020FB6F894DEBF0FBE03
:10B5D000CDBF811151C06091C2057091C3058091AA
:10B5E000C4059091C5056093FE177093FF17809373
:10B5F0000018909301180F94C67C8091C205909119
:10B60000C305A091C405B091C505809385039093AF
:10B610008603A0938703B09388031093EA1460E035
:10B6200085EA9FE00F945ABA60E08FE79CE00F94A0
:10B630005ABA88E69DE60E94EDED82E080936A02A8
:10B640001092020E81E08093050E28960FB6F894B2
:10B65000DEBF0FBECDBFDF91CF911F910F91FF9045
:10B66000EF90DF90CF90BF90AF909F908F907F90A2
:10B670006F905F904F900895813089F68091C20558
:10B680009091C305A091C405B091C50580937D0339
:10B6900090937E03A0937F03B09380031092F910E0
:10B6A0001092F8100E940B41BACF3F924F925F92D6
:10B6B0006F927F928F929F92AF92BF92CF92DF92C2
:10B6C000EF92FF920F931F93CF93DF933090E3039A
:10B6D000332009F480C08B01EC0131FE54C0888016
:10B6E0009980AA80BB80FB01C080D180E280F3807A
:10B6F0002091B8033091B9034091BA035091BB0334
:10B70000C501B4010F9403B52B013C012091BC038A
:10B710003091BD034091BE035091BF03C701B601F4
:10B720000F9403B59B01AC01C301B2010F945EBB42
:10B730002B013C012091B0033091B1034091B20341
:10B740005091B303C501B4010F9403B54B015C01E3
:10B750002091B4033091B5034091B6035091B703E3
:10B76000C701B6010F9403B59B01AC01C501B4013B
:10B770000F945EBB688379838A839B83F801408240
:10B7800051826282738230FE26C02091DB033091A9
:10B79000DC034091DD035091DE03688179818A8169
:10B7A0009B810F945EBB688379838A839B832091FE
:10B7B000DF033091E0034091E1035091E203F8018F
:10B7C00060817181828193810F945EBBF8016083F7
:10B7D000718382839383DF91CF911F910F91FF90AB
:10B7E000EF90DF90CF90BF90AF909F908F907F9021
:10B7F0006F905F904F903F9008952F923F924F929D
:10B800005F926F927F928F929F92AF92BF92CF92F0
:10B81000DF92EF92FF920F931F93CF93DF9300D0AD
:10B8200000D01F921F92CDB7DEB78C011B01FC0127
:10B8300080819181A281B38189839A83AB83BC8308
:10B84000FB0180819181A281B3818D839E83AF832F
:10B85000B887BE016B5F7F4FCE0101960E94555B9A
:10B86000C980DA80EB80FC8020E030E0A901C701CC
:10B87000B6010F9453BC87FF35C019821A821B8210
:10B880001C82FF24F3948D809E80AF80B88420E0DA
:10B8900030E040E850ECC501B4010F9453BC87FF81
:10B8A00035C080E090E0A0E8B0EC8D839E83AF834C
:10B8B000B887CD80DE80EF80F88489809A80AB8065
:10B8C000BC807090E30371104CC0F80180829182BB
:10B8D000A282B382F101C082D182E282F382FF248C
:10B8E000F39425C020E030E04FEF53E4C701B601E8
:10B8F0000F94E7BDF12C181634F680E090E0AFEF1E
:10B90000B3E489839A83AB83BC83BBCF20E030E868
:10B9100044E553E4C501B4010F94E7BD18162CF4B7
:10B9200080E090E8A4E5B3E4C0CFF110C2CF8F2D42
:10B9300028960FB6F894DEBF0FBECDBFDF91CF9132
:10B940001F910F91FF90EF90DF90CF90BF90AF903D
:10B950009F908F907F906F905F904F903F902F902F
:10B96000089570FE1CC02091DB033091DC034091F0
:10B97000DD035091DE03C501B4010F945DBB4B01A3
:10B980005C012091DF033091E0034091E10350918D
:10B99000E203C701B6010F945DBB6B017C0171FE30
:10B9A0009ECF2091CB033091CC034091CD03509199
:10B9B000CE03C501B4010F9403B52B013C012091C6
:10B9C000CF033091D0034091D1035091D203C701EE
:10B9D000B6010F9403B59B01AC01C301B2010F94F2
:10B9E0005EBBF80160837183828393832091D303CC
:10B9F0003091D4034091D5035091D603C501B401D1
:10BA00000F9403B54B015C012091D7033091D8030B
:10BA10004091D9035091DA03C701B6010F9403B5E1
:10BA20009B01AC01C501B4010F945EBBF1016083C1
:10BA300071838283938353CFCF93DF930E94CE563B
:10BA4000CBEED6E080E090E0A0EAB0E4888799876A
:10BA5000AA87BB8765E575E585E591E40E94214DE0
:10BA60008DEC9CECACE4BEE388839983AA83BB8312
:10BA700083E393E3A3E7B0EC8C839D83AE83BF8322
:10BA80006FEE76E0CE010E94FD5B60E070E086E143
:10BA900093E40E94214D8AE999E9A9E1BEE38887F0
:10BAA0009987AA87BB8765E575E585E591E4DF9110
:10BAB000CF910C94214DCF92DF92EF92FF92CF93D2
:10BAC000DF93EC01BC016C5F7F4F0E94FD5BC09077
:10BAD0002902D0902A02E0902B02F0902C02A701BC
:10BAE0009601688579858A859B850F9453BC87FF6D
:10BAF00004C0C886D986EA86FB86C0901D02D09015
:10BB00001E02E0901F02F0902002A70196016885B6
:10BB100079858A859B850F94E7BD181624F4C8861D
:10BB2000D986EA86FB86DF91CF91FF90EF90DF9078
:10BB3000CF9008952F923F924F925F926F927F9293
:10BB40008F929F92AF92BF92CF92DF92EF92FF922D
:10BB50000F931F93CF93DF93CDB7DEB7A2970FB6A6
:10BB6000F894DEBF0FBECDBF1C018BEC96E00E94A7
:10BB70005B5D89E893E00F9442224090EB06509081
:10BB8000EC066090ED067090EE06C090CB06D0906B
:10BB9000CC06E090CD06F090CE06A7019601C30139
:10BBA000B2010F9453BC81113FC02091CF06309158
:10BBB000D0064091D1065091D2066091EF06709167
:10BBC000F0068091F1069091F2060F9453BC81111A
:10BBD0002BC020E030E040E752E46091B902709160
:10BBE000BA028091BB029091BC020F945DBC0F948D
:10BBF000F8640E945A3FA2960FB6F894DEBF0FBEBB
:10BC0000CDBFDF91CF911F910F91FF90EF90DF900B
:10BC1000CF90BF90AF909F908F907F906F905F90EC
:10BC20004F903F902F9008956091390270913A02A1
:10BC3000072E000C880B990B0F94C4B42091B90205
:10BC40003091BA024091BB025091BC020F9403B5EF
:10BC50002EE333EC4EE259E30F9403B56F837887FC
:10BC600089879A8780911C14882309F40FC1A30146
:10BC70009201C701B6010F945DBB2B013C012091DD
:10BC8000EF063091F0064091F1065091F206609176
:10BC9000CF067091D0068091D1069091D2060F9474
:10BCA0005DBB6B877C878D879E87C301B2019F77C1
:10BCB0002B853C854D855E855F770F945EBB6B0160
:10BCC0007C0120E030E0A9010F94E7BD18160CF0CC
:10BCD000DDC020E030E040EF51E4C701B6010F9431
:10BCE0005DBC0F943CBC0F94D6BC7E836D836230E8
:10BCF000710508F4CBC02114310409F4C7C02091A8
:10BD0000F3063091F4064091F5065091F6066091E5
:10BD1000D3067091D4068091D5069091D6060F94E3
:10BD20005DBB6F87788B898B9A8B2091F70630915A
:10BD3000F8064091F9065091FA066091D706709185
:10BD4000D8068091D9069091DA060F945DBB6B8B73
:10BD50007C8B8D8B9E8BAD81BE81CD01B0E0A0E050
:10BD60008F8F98A3A9A3BAA32D813E8122163306F3
:10BD700008F08CC0B10190E080E00F94C2B46B0178
:10BD80007C016F8D78A189A19AA10F94C2B49B0107
:10BD9000AC01C701B6010F945DBC6B017C01AC0125
:10BDA0009B016B897C898D899E890F9403B59B01CA
:10BDB000AC016091F7067091F8068091F9069091B8
:10BDC000FA060F945EBB69837A838B839C83A701F9
:10BDD00096016F85788989899A890F9403B5209196
:10BDE000F3063091F4064091F5065091F6060F9453
:10BDF0005EBB6F8B788F898F9A8FA70196016B85B9
:10BE00007C858D859E850F9403B52091EF0630913A
:10BE1000F0064091F1065091F2060F945EBB6B8FD5
:10BE20007C8F8D8F9E8FA7019601C301B2010F9465
:10BE300003B52091EB063091EC064091ED06509150
:10BE4000EE060F945EBB3F922F92ABEEB6E0BF932F
:10BE5000AF938F809884A984BA84DE0111966D0116
:10BE6000EF88F88C098D1A8D2B8D3C8D4D8D5E8D54
:10BE70000F94BC520F900F900F900F908091050E71
:10BE80008111B7CEBFEF2B1A3B0A6ECFE090D306DD
:10BE9000F090D4060091D5061091D6062091CF06D9
:10BEA0003091D0064091D1065091D2066091CB06D8
:10BEB0007091CC068091CD069091CE061F921F9274
:10BEC000EBEEF6E0FF93EF938F809884A984BA8419
:10BED000E7EDCE2EE6E0DE2E0F94BC520F900F90D1
:10BEE0000F900F9086CECF92DF92EF92FF92CF937A
:10BEF0009B01AC01C090F306D090F406E090F506EB
:10BF0000F090F606C701B6010F945EBB6093F3068E
:10BF10007093F4068093F5069093F60683B19091A2
:10BF2000EA06911102C084FF26C08BEE96E00E94C3
:10BF30005B5DE0916F02F091700260857185828592
:10BF400093850F942B650F944A51A7019601609138
:10BF5000F3067091F4068091F5069091F6060F9421
:10BF60005DBB6B017C01C701B601CF91FF90EF90E3
:10BF7000DF90CF90089515980F944A5181E00F9467
:10BF8000AB3AC82F84E00F94031E65E575E585E59F
:10BF900091E40F942B650F944A5182E00F94F72F90
:10BFA000A70196010F945DBB6B017C010F94B93A18
:10BFB000882391F080911D0290911E02A0911F0292
:10BFC000B09120028093F3069093F406A093F506B7
:10BFD000B093F6060F94D1600F94D41D8C2F0F945C
:10BFE000AB3AC1CF8F929F92AF92BF92CF92DF9226
:10BFF000EF92FF924B015C01C090F306D090F406E3
:10C00000E090F506F090F606AC019B01C701B60181
:10C010000F94E7BD87FF11C0A5019401C701B601C8
:10C020000F945DBB9F77FF90EF90DF90CF90BF9014
:10C03000AF909F908F900C94735FFF90EF90DF9084
:10C04000CF90BF90AF909F908F900895E1E6F3E07E
:10C050009FE780818F3721F087FF08C08F7780832B
:10C06000319683E0E936F807A1F708959083F8CF79
:10C070009091B702981710F48093B7028091B8029C
:10C08000882339F0E0917804F0917904309709F031
:10C0900019940895CF93DF93CDB7DEB7AE014A5F11
:10C0A0005F4FFA0161917191AF0186E694E00F94C0
:10C0B0007DB9DF91CF91089566E674E00D94CEB816
:10C0C00066E674E0082E000C990B0D949EB8CF9391
:10C0D000C82FC15020F080E20E946060FACFCF915B
:10C0E00008950F931F93CF93DF93EB01142F052F28
:10C0F0000E946060CE010E945C608AE30E946060E2
:10C10000CE010F94F4B79EE0981B892F0E946760C0
:10C110000F931F9388E499E29F938F930E944A6044
:10C120000F900F900F900F90DF91CF911F910F9173
:10C130000895CF93C82F862F643008F083E0809352
:10C1400060030E94643F8C0F80935F0344E650E0DD
:10C1500060E08068CF910C9411497F928F929F92FA
:10C16000AF92BF92CF92DF92EF92FF920F931F9305
:10C17000CF93DF93E091730550917205E51373C07F
:10C18000FB01483009F06CC0C081D0E04901742E39
:10C190006B015C018091B702882359F060917005B2
:10C1A00080E00E9499600E94F852AE01B5010E94A1
:10C1B000716080917105882309F455C090917305D1
:10C1C0002091E5063091E6069217130609F04BC060
:10C1D000809155048730D8F4282F30E0F901EE0F14
:10C1E000FF1FE20FF31FE856FC4F209176043091B9
:10C1F0007704318320838F5F80935504928320E0FE
:10C2000040E070E060E085E29AE60E944953B09217
:10C210000304A0920204D0920604C0920504709216
:10C220000404D0930804C093070490920A048092F7
:10C23000090410930C0400930B04F0920E04E09296
:10C240000D04DF91CF911F910F91FF90EF90DF9040
:10C25000CF90BF90AF909F908F907F900C9405539C
:10C26000C081D18193CF809173058F5F80937305D7
:10C27000DF91CF911F910F91FF90EF90DF90CF90C2
:10C28000BF90AF909F908F907F900895CF93DF9352
:10C29000EA010E94996066E674E0CE01DF91CF91D9
:10C2A0000D94CEB8CF93C42F0E94996066E674E0D7
:10C2B0008C2FCC0F990BCF910D949EB841E08091BB
:10C2C000EA13811101C040E0405D62E083E00E941A
:10C2D000526141E080911118811101C040E0405D40
:10C2E00062E088E00E94526162E08AE00E94996008
:10C2F0000F94781962E080E10E94996020E030E0BC
:10C3000040E05FE36091090E70910A0E80910B0E80
:10C3100090910C0E0F945EBB0F94CFBC7F936F93E4
:10C3200084E799E29F938F930E944A600F900F9049
:10C330000F900F90089560E080E00E949960109245
:10C340005F03089540E456E060E081E00E941149F7
:10C350001092600310925F0348E050E06FE770E0D6
:10C3600081E693E00D9468C02F923F924F925F92C6
:10C370006F927F928F929F92AF92BF92CF92DF92F5
:10C38000EF92FF920F931F93CF93DF93CDB7DEB75A
:10C39000C650D1400FB6F894DEBF0FBECDBF80911E
:10C3A000FC1F9091FD1FA091FE1FB091FF1F8A3AC4
:10C3B0009545AA4AB54521F48091FB1F87FDC2C16E
:10C3C000A895D09097058091C00087FF04C0A895DC
:10C3D0008091C600F8CF109297050091FF0410914C
:10C3E00000051093FE040093FD045AECE52E5AE27A
:10C3F000F52E60EDA62E6AE2B62EF70184910E941A
:10C400007C3EFFEFEF1AFF0AAE14BF04B1F7A89508
:10C410008FE090E029EC3AE240E854E86EE170E009
:10C42000E091FD04F091FE04E017F10719F5A895DD
:10C43000415051096109710999F7D092970580E03F
:10C44000CA5FDE4F0FB6F894DEBF0FBECDBFDF91DF
:10C45000CF911F910F91FF90EF90DF90CF90BF9001
:10C46000AF909F908F907F906F905F904F903F9094
:10C470002F900895F801E358FB4F40810F5F1F4F45
:10C480000F771127F901E81BF90BE4914E13D5CF73
:10C49000A895019709F0C0CF8091C1008F77809354
:10C4A000C1000CEA1AE2F80184910E947C3E0F5F01
:10C4B0001F4FFAE2093B1F07B1F70E94754C0E941B
:10C4C000EDE90FB6F894A89580916000886180939B
:10C4D0006000109260000FBE0E94A26146E85AE21E
:10C4E00061E080E00E9446611092FC1F1092FD1FE7
:10C4F0001092FE1F1092FF1FCB5FDE4F1882C550B7
:10C50000D14010E000E0F12CAE014F5F5F4F3A01E7
:10C510000E94833E8134A9F40E94833EE82E0E944B
:10C52000635752E882E0E51621F081E8E81207C07F
:10C5300086E00E947C3E80E10E947C3EE9CF83E061
:10C54000F8CF823421F484E10E946F57F4CF853410
:10C5500011F485E0F9CF8535C9F40E94833E082F98
:10C560000E94833E082B10E00E94833E182B0E94FD
:10C57000833E182B17FF07C06894F0F8000F111FB7
:10C580000E946357D8CFE894F0F8F8CF8635A1F42D
:10C590000E94833E8D3471F40E94833E0E94833E4C
:10C5A0009F2D9170F92E880FF82A81E00E946F5715
:10C5B00080E0BFCF83E0FACF843609F077C00E94D5
:10C5C000833EB82E0E94833EC82E0E94833EE82EF2
:10C5D0000E94833ED12CDC2CCC24DB288E29C82A57
:10C5E0000E94833E582EFE0131965F0146018E0E59
:10C5F0009F1EEE2ECA5FDE4FB882C650D1400E9409
:10C60000833EF50181935F018E169F06C1F70E945C
:10C610006357F5E45F1201C0FFCF1801512C4F2C76
:10C620000115110561F54201AA24BB24CB5FDE4F41
:10C630002881C550D140822F90E0082C02C09595EA
:10C6400087950A94E2F780FD1AC00E947AE80E945A
:10C6500016E9B201A80188ED0E9498E881E090E017
:10C6600001C0880F8A94EAF7CB5FDE4F4881C5503E
:10C67000D140482BCB5FDE4F4883C550D1400E944C
:10C680007AE80E9416E996014E2DCA5FDE4F588166
:10C69000C650D140C201B1010E949DE80E947AE8D3
:10C6A000459884E00E9474E8459A45CF843781F527
:10C6B000B12CAF2C0E94833ED82E0E94833EC82E00
:10C6C0000E94833EE82E0E94833E2C2D30E0322FC4
:10C6D0002227F901FD296F018E29C82A0E94833E75
:10C6E0000E9463570E947AE89601A301C501B80130
:10C6F0000E94BDE85301C501861997098C159D0557
:10C7000008F019CFF50181915F010E947C3EF3CFC3
:10C71000853751F40E9463578EE10E947C3E88E980
:10C720000E947C3E81E005CF813509F029CFF8E1F8
:10C7300028E00FB6F894A895F09360000FBE209300
:10C7400060001ECF81E07CCE4F925F926F927F920D
:10C750008F929F92AF92BF92EF92FF920F931F938F
:10C76000CF93DF930E94A2614FED5CE461E080E033
:10C770000E944661D091B60281E08093B602E6ED58
:10C78000FCE1C49184E00F94031E8BEEE82E86E05A
:10C79000F82EF70110861186128613860F94D16049
:10C7A0000E944658E0EDFCE185909590A590B490EC
:10C7B0000BEC16E08C2F992781950CF49095BC0119
:10C7C000072E000C880B990B0F94C4B42B013C016D
:10C7D0002DEC3CEC4CE85FE3C501B4010F9403B5CC
:10C7E0009B01AC01C301B2010F9403B5F801208590
:10C7F0003185428553850F945EBBF8016087718750
:10C800008287938780E090E0A8E4B4E48093B90243
:10C810009093BA02A093BB02B093BC0265E575E5A4
:10C8200085E591E40F94F8640F944A510F94D41D58
:10C830001092B602F70110861186128613860F94A5
:10C84000D1600E944658F6EFCF02B0011124072EA6
:10C85000000C880B990B0F94C4B49B01AC01F80138
:10C8600060857185828593850F945EBBF801608732
:10C8700071878287938780E090E0A8ECB3E480938F
:10C88000B9029093BA02A093BB02B093BC0265E5D3
:10C8900075E585ED90E40F94F8640F944A51D093B8
:10C8A000B60280E090E0A4E5B3E4F70180879187C9
:10C8B000A287B3870F94D16081E0DF91CF911F9160
:10C8C0000F91FF90EF90BF90AF909F908F907F90CF
:10C8D0006F905F904F9008959091B802981709F16A
:10C8E0008093B8028823E9F01092E6061092E506DC
:10C8F0001092360688E394E00F9442220F94B11F01
:10C900006150710981099109609334047093350471
:10C9100080933604909337040E94A26182E00C94C5
:10C920003860089581E00C946C64CF93C82F109206
:10C93000600310925F0348E050E06FE770E081E62B
:10C9400093E00F9468C044E951E162E080E30E9403
:10C95000114946E950E062E080E30E94114946E94E
:10C9600050E062E080E30E94114946E950E062E055
:10C9700080E20E9411498091740444E650E060E036
:10C9800080620E94114984E080935E0344E650E097
:10C9900060E08CE00E941149C1110E94A26144E64E
:10C9A00050E060E086E0CF910C94114981E00C9456
:10C9B0009564CF92DF92FF920F931F93CF93DF93F3
:10C9C00000D000D01F921F92CDB7DEB78A30D9F4C5
:10C9D00080916003843018F08FEF80936003609142
:10C9E00060036F5F80E00E94996028960FB6F8940C
:10C9F000DEBF0FBECDBFDF91CF911F910F91FF9092
:10CA0000DF90CF90089590E8980F44E650E061E001
:10CA10009A3408F5482F4058550B9A0196E0929F9A
:10CA2000A001939F500D1124FA01EF5AF54EF49096
:10CA3000E1E6F3E030E020E09FEF6191782F762788
:10CA40007F7789F4F901EF59FC4F8083F22E44E699
:10CA500050E061E08F2D0E94114980915F038F5F4C
:10CA600080935F03C2CF6F3709F03CC0F901EF59E3
:10CA7000FC4F8083922FF92EFA01E45BF54E8E0174
:10CA80000F5F1F4FD801959188E0182E10FE05907A
:10CA90000294802D9795881F8D931A94B9F7BF2D16
:10CAA000E8E0BE02C001112444E650E060E080648A
:10CAB0000E9411496E01F9E0CF0ED11C44E650E00E
:10CAC00061E0D8018D918D010E941149C016D106F7
:10CAD000A9F780915F0344E650E060E080680E941F
:10CAE0001149B5CF67FF922F2F5F3F4F2830310597
:10CAF00009F0A3CF9F3F09F0BECFA9CFCF9324E188
:10CB0000AC01249FC001259F900D11246091AE03BC
:10CB10007091AF030F94FFBAC62F653108F0C4E1DE
:10CB20008091AD038C1748F48FEF0E94D9648091F7
:10CB3000AD038F5F8093AD03F3CFCF91089581E074
:10CB400090E09093AF038093AE030E947E656CE209
:10CB500071E080E090E00D947E1F8F929F92AF92E3
:10CB6000BF92EF92FF920F931F93CF93DF93CDB7B6
:10CB7000DEB7A0970FB6F894DEBF0FBECDBF61152C
:10CB800071058105910599F480E3A0960FB6F8949C
:10CB9000DEBF0FBECDBFDF91CF911F910F91FF90F0
:10CBA000EF90BF90AF909F908F900C94D96400E06D
:10CBB000842E912CB12CA12C9E012F5F3F4F790127
:10CBC000A50194010F94A9BAF701E00FF11D60834C
:10CBD000B901CA010F5F611571058105910581F7E2
:10CBE0000E0D1F2D111DE016F10659F0F80182916E
:10CBF0008F018A3020F4805D0E94D964F4CF895C73
:10CC0000FBCFA0960FB6F894DEBF0FBECDBFDF916D
:10CC1000CF911F910F91FF90EF90BF90AF909F9099
:10CC20008F900895CF92DF92EF92FF926B017C017B
:10CC3000F7FE0BC08DE20E94D964F094E094D0948A
:10CC4000C094C11CD11CE11CF11C4AE0C701B60113
:10CC5000FF90EF90DF90CF900C94AD650F94917A98
:10CC60008F3FF9F080E00E946C640E94A2614AE369
:10CC700054E661E080E00E94466180E20E94D9644F
:10CC80000F94917A682F70E06F5F7F4F072E000C32
:10CC9000880B990B0E9412660F94CDB381E00C941F
:10CCA0006C6408950F931F93CF938C01C62F80E07F
:10CCB0000E946C640E94A261A80161E080E00E9471
:10CCC000466180E20E94D9646C2F70E06F5F7F4FF5
:10CCD000072E000C880B990BCF911F910F910C948C
:10CCE00012660F931F93CF938C01C62FCC2359F05C
:10CCF000F8012491222339F00F5F1F4F84910E9485
:10CD0000D964C150F3CF8C2F0E9467608C2FCF91D4
:10CD10001F910F9108950F931F93CF93DF938C0171
:10CD2000EB010E94A2611092AD031093AF03009338
:10CD3000AE0361E080E00E94996064E1CE010E9450
:10CD4000716662E080E0DF91CF911F910F910C94AA
:10CD50009960EF92FF920F931F93CF93DF9370919F
:10CD600073053091720573133FC0122FEA01062F2D
:10CD70007C018091B7028823D1F00E94F852482F9D
:10CD80006091700580E00E94526161E1C7010E94DC
:10CD90007166402F6091700593E1981B892F0E9466
:10CDA000526140E26091700583E10E94526180917E
:10CDB00071058823C9F0209173058091E506909153
:10CDC000E6062817190681F41092B802812FFE0199
:10CDD000199581E08093B802DF91CF911F910F9157
:10CDE000FF90EF900C940553809173058F5F8093B3
:10CDF0007305DF91CF911F910F91FF90EF900895F0
:10CE00000F931F93CF93C82F8B010E94F852482F86
:10CE10006091700580E00E94526162E1C8010E9449
:10CE200071668C2FCF911F910F910C946060CF93FE
:10CE3000DF933091730520917205321321C0EB010D
:10CE4000BC018091B702882319F080E20E9400673C
:10CE5000809171058823A1F0209173058091E506EA
:10CE60009091E6062817190659F41092B802FE01AF
:10CE7000199581E08093B802DF91CF910C9405530E
:10CE8000809173058F5F80937305DF91CF91089533
:10CE90003091730520917205321319C0BC01809145
:10CEA000B702882319F083E80E940067809171051A
:10CEB000882369F0209173058091E5069091E6063C
:10CEC0002817190621F40E94AD530C940553809144
:10CED00073058F5F809373050895CF93DF9330912F
:10CEE00073052091720532131EC0EB01BC018091C5
:10CEF000B702882319F08EE70E94006780917105C0
:10CF0000882389F0209173058091E5069091E606CB
:10CF10002817190641F460E0CE010E946F53DF919B
:10CF2000CF910C940553809173058F5F80937305A7
:10CF3000DF91CF9108950F931F93CF938C01C62F4C
:10CF4000CC2349F0F80181918F01882321F00E94C0
:10CF5000D964C150F5CF8C2F0E9467608C2FCF9180
:10CF60001F910F9108950F931F93CF93DF93CDB728
:10CF7000DEB763970FB6F894DEBF0FBECDBF30911A
:10CF8000730520917205321338C08B012091B702CE
:10CF90002223A9F0BE016F5F7F4F0E94D2520E94F0
:10CFA000F852482F6091700580E00E94526162E162
:10CFB000CE0101960E949B678EE70E94606080917F
:10CFC00071058823D1F0209173058091E506909139
:10CFD000E6062817190689F460E0C8010E946F531D
:10CFE0000E94055363960FB6F894DEBF0FBECDBF07
:10CFF000DF91CF911F910F910895809173058F5FFD
:10D0000080937305EFCFCF93DF93EC018991882351
:10D0100019F00E94D964FACFDF91CF9108958F92D1
:10D020009F92AF92BF92CF92DF92EF92FF920F93B7
:10D030001F93CF93DF93E091730530917205E31353
:10D0400076C0C22F7A016B015C018091B702882300
:10D05000B9F10E94F85201E08E3309F000E00C2B88
:10D06000802F8270882EE60190E2992EC114D1049F
:10D0700021F48EE7982EC1E9DDE3882009F441C050
:10D08000CE010F94F4B714E0180F4EE300FF40E216
:10D090006091700580E00E94526164E1611BC501EE
:10D0A0000E9471668BE50E946060CE01882089F144
:10D0B0000E945C608DE50E946060892D0E94606026
:10D0C00080917105882399F1209173058091E5067F
:10D0D0009091E6062817190651F5CD28E9F460E08D
:10D0E000C7010E946F53DF91CF911F910F91FF9065
:10D0F000EF90DF90CF90BF90AF909F908F900C9467
:10D100000553FE0101900020E9F7EC1B13E01E0F10
:10D11000BCCF0E940368CECF1092B802E114F10494
:10D1200011F0F701199581E08093B802DCCF80916E
:10D1300073058F5F80937305DF91CF911F910F91DE
:10D14000FF90EF90DF90CF90BF90AF909F908F9027
:10D150000895CF93DF93EC0120E030E04CE852E4F7
:10D160006091F7067091F8068091F9069091FA06A1
:10D170000F945EBB6093F7067093F8068093F906F0
:10D180009093FA0660E070E080EA91E40F942B65DA
:10D190000E949E540E94A2614CE45CE660E080E044
:10D1A0000E9446618881882339F061E080E00E9416
:10D1B0009960CE010E9403684BED51E162E080E08E
:10D1C0000E94466183E49BE20F94D50BDF91CF91DF
:10D1D0000D944A510E94D96490E080E00895109225
:10D1E0000104109239060895CF9380910104C1E0A3
:10D1F000811104C0C0E08C2FCF9108950E94EF6888
:10D20000FACFFF920F931F93CF93DF932091E513F3
:10D210003091E6132130310539F420910E1421307C
:10D2200019F422E02093CA030E942C4DD82F80913C
:10D23000CA03813009F457C048F0823009F4E5C0D0
:10D24000DF91CF911F910F91FF90089584E080931B
:10D25000BF020D2F10E0F801E852F64DC491FC2EEC
:10D26000F2944FE0F422CF7080E00E946C640E9440
:10D27000A261000F111FF801EB5FF54D259134916C
:10D2800008521D48F801859194913F932F939F93E5
:10D290008F9381E79AE29F938F930E944A6040E5C3
:10D2A00053E762E080E00E9446610F900F900F907C
:10D2B0000F900F900F90F110BCC010E000E022E141
:10D2C0004CEE57E1EC2FF0E0EE0FFF1FE35AF54D67
:10D2D0006591749181E0F11001C080E00E94F0EE50
:10D2E00081E08093CA0381E080931C070E945E6105
:10D2F0000F94503D0D2F10E0F801E852F64DC49107
:10D30000DC2FD295DF708091C203811109C081E0CA
:10D31000D11101C080E08093C10381E08093C203FA
:10D320008091C003882341F081E0D11101C080E0E9
:10D330008093C1031092C0032091E5063091E60668
:10D3400021153105B9F18091C103DD2361F037FF6B
:10D3500006C0882369F081508093C10309C08230E0
:10D3600039F08F5FF9CF37FF3FC081111092C103B1
:10D370008091C1034EE3811140E263E080E00E94AE
:10D3800052618091C103DD23A1F14EE3813009F0A8
:10D3900040E263E089E00E9452618091C1038230E3
:10D3A00051F54EE363E082E10E9452611092E6067D
:10D3B0001092E5060E94F468882309F441CF809119
:10D3C000C103D1111AC0813079F5F801EE0FFF1FAA
:10D3D000E258F64D859194910E94E5F781E08093A3
:10D3E000C0031092CA032CCF813009F4C1CF81E071
:10D3F000B3CF8130B1F240E2D5CF823031F381300A
:10D4000099F4D093070E8093C00381E00E946C646E
:10D410000F94E4171092D0051092D30510921C07B8
:10D4200082E08093BF02DDCFCF70C093070E81E012
:10D43000EACFEF2DF0E0EE0FFF1FE35AF54D4591D7
:10D4400054910CEE17E129E03DCF8091B70288237B
:10D4500009F452C020910D0430910E04809109040A
:10D4600090910A0421153105D9F04091E5065091BB
:10D47000E60641155105A1F07CF04091070450915A
:10D4800008044817590741F430930804209307040F
:10D490001092E6061092E50610920E0410920D040A
:10D4A00020910704309108044091E5065091E6066A
:10D4B000240F351F1092E6061092E506281739074B
:10D4C00044F080910B0490910C04281739070CF458
:10D4D000C901909308048093070461E080E00E94F2
:10D4E0009960409107045091080460910204709182
:10D4F000030480E20E9471600E94F468882341F175
:10D50000E0910504F09106048091070490910804CD
:10D510002091040480832830C9F480915504882325
:10D52000B9F081508093550490E0FC01EE0FFF1F8D
:10D53000E80FF91FE856FC4F6281062E000C770BAE
:10D5400020E040E0808191810C9449539183E5CFA4
:10D5500008950E94F46881110C94AD530895809150
:10D56000E5069091E60697FF07C01092E606109236
:10D57000E50687E00F94D03A8091E5069091E606A3
:10D580002091FE032817190619F014F08093FE036A
:10D590008091FE03809372050E94F4688093710568
:10D5A0000895EF92FF920F931F9310923804809189
:10D5B0000F04811123C081E080930F0481E090E08B
:10D5C0002091E5133091E6132730314811F090E0B7
:10D5D00080E0BC01660F771F680F791F6858764D91
:10D5E00043E050E081E194E00F94D0B780911104C2
:10D5F0000F94350E80911014809310040E94AF6A2E
:10D6000010927005809170058430A8F51092730512
:10D610000E94B852882379F06091100470E08091E4
:10D6200011040E941AE41092060E1F910F91FF90B0
:10D63000EF900D94E41787EC92E10E944867009107
:10D64000130410E02091120430E0F12CE12C48E0AA
:10D6500060E174E08BEB92E10E94AD600E94155393
:10D66000809170058F5F80937005809172058F5F48
:10D6700080937205C7CF1F910F91FF90EF9008958F
:10D680001F920F920FB60F9211240BB60F922F9389
:10D690008F939F93EF93FF93E0915903E830E8F461
:10D6A000F0E08827E95AF4498F4F0D9446BB5F6B31
:10D6B000796B846B926BA86BB16BD46BE66B8091CA
:10D6C000E40681110AC080918206880F8093580376
:10D6D000882319F081E080935903FF91EF919F9186
:10D6E0008F912F910F900BBE0F900FBE0F901F9038
:10D6F0001895809157038F5F80935703909158033B
:10D70000981758F382E0E7CF83E0809359038FE0C6
:10D71000809356038FEF86BD81E085BD84B58F7EF3
:10D7200084BDDBCF809156038295807F819588BD33
:10D7300080915603882321F0815080935603CDCFEA
:10D7400084E0809359038FEF88BD8EEF86BDC5CFEF
:10D7500085E0809359038FEF88BD86BD82E085BD4B
:10D76000BCCF2FEF28BD8091E4068111B6CF809108
:10D7700057038F5F8093570390915803891708F4DC
:10D78000ACCF8091820690E08F3791050CF0A5CF49
:10D7900086E0809359038FE08093560326BD81E095
:10D7A00085BD84B58061BCCF809156038295807F12
:10D7B000819588BD809156038111BECF87E080930B
:10D7C000590380E886BD8FEF88BD87CF109259033B
:10D7D00080E886BD8FEF88BDC1CFCF93C82F682F5B
:10D7E00087E69FE00F945ABACC2319F0CF910D949D
:10D7F0008B821092041810921018CF9108951092F5
:10D80000C8060F94B11F60931A1870931B18809369
:10D810001C1890931D1808951F920F920FB60F9227
:10D8200011242F934F935F936F937F938F939F93C5
:10D83000AF93BF938091C8068823F1F080910A05C9
:10D840008B34D0F080916A0086FF24C08091A006BE
:10D850009091A106A091A206B091A30680934F03D8
:10D8600090935003A0935103B093520380916A00A8
:10D8700090E4892780936A00BF91AF919F918F9127
:10D880007F916F915F914F912F910F900FBE0F90ED
:10D890001F9018958091A0069091A106A091A206D4
:10D8A000B091A30640914F035091500360915103F2
:10D8B00070915203841B950BA60BB70B2091430468
:10D8C00044E050E060E070E0253620F043E050E0B6
:10D8D00060E070E084179507A607B70738F28091DB
:10D8E000490690914A06029690934A06809349060B
:10D8F000BDCF8093530380FD1CC010926E03209116
:10D900006E038FEF820F8E3FE8F08091A000877F3B
:10D910008093A0001092AD001092AC009FB722231C
:10D9200061F0F894809102018062809302019FBFB0
:10D9300008958FEF80936E03E2CFF89480910201F7
:10D940008F7DF3CFEFB7F8948091A000886080932B
:10D95000A00030E0809172004FEF50E081FF04C0E2
:10D960004091A8005091A900249FC001259F900DCF
:10D97000349F900D11246FEF70E00F94FFBA7093F5
:10D98000AD006093AC00EFBF08951F93CF93DF937A
:10D99000D0915303D1FD1DC010917905C1E020E065
:10D9A00030E048E452E46091090E70910A0E8091D3
:10D9B0000B0E90910C0E0F94E7BD18160CF0C0E002
:10D9C000DE7FCD2B81E0111101C080E0C82BC09318
:10D9D000530380915303DF91CF911F910C94796C85
:10D9E000EF92FF920F931F93CF93DF93EC018B0184
:10D9F0007A010E94E83F81110BC0A801BE01C70156
:10DA0000DF91CF911F910F91FF90EF900D944ABA43
:10DA1000DF91CF911F910F91FF90EF9008950F9399
:10DA20001F93CF93DF938C01D62FC72F0F9444BA47
:10DA30008F3F980739F46D2F7C2FC8010F9494BA4B
:10DA40008D2F9C2FDF91CF911F910F9108950F93F0
:10DA50001F93CF938C01C62F0F9436BA8F3F29F4B2
:10DA60006C2FC8010F947EBA8C2FCF911F910F910C
:10DA70000895CF93DF93EC010F9444BABC016F5F1C
:10DA80007F4FCE01DF91CF910D9494BACF93DF9366
:10DA9000EC010F9436BA61E0680FCE01DF91CF91AF
:10DAA0000D947EBA82ED9EE00E94466D83ED9EE06D
:10DAB0000C94396DCF93DF93EC010F9436BA61E08B
:10DAC000811160E0CE01DF91CF910D947EBA2BE001
:10DAD000829FC0011124805B924F0F9444BA21E0D1
:10DAE000019609F420E0822F0895CF93DF93C82F89
:10DAF000D8E0CF5FC8300CF0C0E08C2F0E94676D7B
:10DB0000811103C0D150A9F7CFEF8C2FDF91CF91B6
:10DB1000089581EA9DE00F9436BA0E94756D87FDE5
:10DB200005C0682F81EA9DE00D945ABA08950F93BD
:10DB30001F93CF93C82F8B0160EB79E1823070F097
:10DB400069EA79E1843050F061EA79E1843031F0BA
:10DB500069E979E1853011F062E979E1C8010F9452
:10DB6000EDB78CEF8C0F823028F0C170CF5CF801DC
:10DB7000C6831782CF911F910F91089561E080ECC9
:10DB80009FE00F945ABA60E08FEB9FE00F945ABA6F
:10DB900060E08EEB9FE00F945ABA60E08DEB9FE05F
:10DBA0000F945ABA60E08CEB9FE00D945ABACF9371
:10DBB000C82F82958F700E9404498C2F8F70CF914F
:10DBC0000C9404498091FD109091FE1018161906CE
:10DBD0000CF043C001979093FE108093FD10892BA9
:10DBE000A1F48091F8109091F910892B21F41092F2
:10DBF000FB101092FA108091FA109091FB10909304
:10DC0000ED128093EC1281E008958091EC129091D6
:10DC1000ED120396FC01E150FF4E20810196211187
:10DC2000F9CFFC01E150FF4E8D3E21E0920740F418
:10DC300041919C012F5F3F4F4111E1CFC901F4CFCA
:10DC4000EFEFF0E18D3E21E09207C9F6CF018F5F43
:10DC5000904121912223D1F3D2CF80E00895809189
:10DC6000FD049091FE042091FF0430910005821B79
:10DC7000930B8F7799270895FC0120E03EE2DB01AA
:10DC80004D91BD01403249F0283011F43083319676
:10DC9000DB0111974C91408331962F5F2B3079F740
:10DCA0001082089540E050E0BA010D94F841FC0163
:10DCB000238121110D94D6430895909197059111D8
:10DCC00007C09091C00095FFFCCF8093C6000895D7
:10DCD000913031F49091C80095FFFCCF8093CE0035
:10DCE00008958F929F92AF92BF92EF92FF920F93FF
:10DCF0001F93CF93DF93CDB7DEB7A0970FB6F894FD
:10DD0000DEBF0FBECDBF611571058105910599F488
:10DD100080E3A0960FB6F894DEBF0FBECDBFDF91B3
:10DD2000CF911F910F91FF90EF90BF90AF909F9078
:10DD30008F900C945D6E00E0842E912CB12CA12C60
:10DD40009E012F5F3F4F7901A50194010F94A9BA5D
:10DD5000F701E00FF11D6083B901CA010F5F611582
:10DD600071058105910581F70E0D1F2D111DE0161E
:10DD7000F10659F0F80182918F018A3020F4805D1C
:10DD80000E945D6EF4CF895CFBCFA0960FB6F8942D
:10DD9000DEBF0FBECDBFDF91CF911F910F91FF90DE
:10DDA000EF90BF90AF909F908F900895CF92DF92A9
:10DDB000EF92FF926B017C01F7FE0BC08DE20E9497
:10DDC0005D6EF094E094D094C094C11CD11CE11C11
:10DDD000F11C4AE0C701B601FF90EF90DF90CF90B1
:10DDE0000C94716E8F929F92AF92BF92CF92DF92FE
:10DDF000EF92FF92CF936B017C01B42E20E030E0D4
:10DE0000A9010F9453BC87FF07C08DE20E945D6E8D
:10DE1000F7FAF094F7F8F094C0E060E070E080E08A
:10DE20009FE3CB1541F020E030E040E251E40F9455
:10DE30005DBCCF5FF6CF9B01AC01C701B6010F946B
:10DE40005EBB6B017C010F94D6BC4B015C014AE0C8
:10DE50000E94716ECC2391F1C501B4010F94C2B43C
:10DE60009B01AC01C701B6010F945DBB6B017C0146
:10DE70008EE20E945D6EC15008F120E030E040E289
:10DE800051E4C701B6010F9403B54B015C010F9437
:10DE9000CFBC6B01770FEE08FF08C701B6010E94E7
:10DEA000D66EC701B6010F94C4B49B01AC01C50185
:10DEB000B4010F945DBB6B017C01DDCFCF91FF906E
:10DEC000EF90DF90CF90BF90AF909F908F9008958C
:10DED0008AE00C945D6E0E945D6E90E080E0089593
:10DEE000CF93DF93EC01FE018491882321F00E94FF
:10DEF0005D6E2196F8CFDF91CF910895CF92DF929A
:10DF0000EF92FF92C090090ED0900A0EE0900B0E97
:10DF1000F0900C0E83EC9EE10E94706F42E0C7010E
:10DF2000B6010E94F26E8BEB9EE10E94706F6091D1
:10DF30004C0570914D0580914E0590914F0541E043
:10DF40000E94F26EFF90EF90DF90CF900C94686F7C
:10DF50004F925F926F927F928F929F92AF92BF92F9
:10DF6000CF92DF92EF92FF920F931F93CF93DF93A5
:10DF7000CC24CA94DC2C76010EEA1FE093E2892EB1
:10DF8000912CA12CB12C412C512C3201D0E0C0E0BD
:10DF90008FEFC81609F45DC0C8010F9444BAEC01B4
:10DFA000BC01990F880B990B0F94C4B42091240ED7
:10DFB0003091250E4091260E5091270E0F945DBC96
:10DFC0002B013C01C701B6010E94D66E87E19EE19C
:10DFD0000E94706FC501B4010E94D66E87E19EE178
:10DFE0000E94706FBE010D2E000C880B990B0E94D1
:10DFF000D66E87E19EE10E94706F20E030E04AE734
:10E0000054E4C301B2010F9403B50F948C7A85E0F8
:10E01000880E911CA11CB11C0E5F1F4F8FEFC81AF8
:10E02000D80AE80AF80A0A3B8FE0180709F0B0CFCF
:10E03000DF91CF911F910F91FF90EF90DF90CF90E4
:10E04000BF90AF909F908F907F906F905F904F9018
:10E05000089581E99DE30E94706FB8CF882371F124
:10E060008BE09EE10E94706F6091A31370E090E0DE
:10E0700080E00E94D66E8091A3138430D8F0109275
:10E08000A31386E09EE10E94706F8091A31390E03D
:10E090000F941F7C8091A3132091110630911206DA
:10E0A0003093100E20930F0E0F94510D0E949E542A
:10E0B0000D944A518F5F8093A313E3CF90E080E0EB
:10E0C0000E943BE0E9CFCF93DF9383E09EE10E9483
:10E0D000706FCBEED6E0688179818A819B8142E0C6
:10E0E0000E94F26E8FEF9DE10E94706F6C817D81C6
:10E0F0008E819F8142E00E94F26E8BEF9DE10E9433
:10E10000706F688579858A859B8542E00E94F26EF2
:10E1100087EF9DE10E94706F6C857D858E859F8560
:10E1200042E00E94F26E83ED93E10E94706F80E006
:10E130000F94E92F0F94C4B4C8E1DEE02C813D8137
:10E140004E815F810F945DBC42E00E94F26E83EFCE
:10E150009DE10E94706F81E00F94E92F0F94C4B489
:10E16000288539854A855B850F945DBC42E00E9415
:10E17000F26E8FEE9DE10E94706F82E00F94E92FA6
:10E180000F94C4B42C853D854E855F850F945DBC8E
:10E1900042E00E94F26E8BEE9DE10E94706F83E080
:10E1A0000F94E92F0F94C4B4288939894A895B896F
:10E1B0000F945DBCDF91CF910D948C7A8AEF9CE136
:10E1C0000E94706F6091090E70910A0E80910B0E83
:10E1D00090910C0E41E00E94F26E87EF9CE10E944C
:10E1E000706F60910F0E7091100E072E000C880B4F
:10E1F000990B0F94C4B441E00E94F26E83EF9CE14E
:10E200000E94706F60914C0570914D0580914E0594
:10E2100090914F0541E00E94F26E80EF9CE10E94D8
:10E22000706F6091C9067091CA06072E000C880BAA
:10E23000990B0F94C4B441E00E94F26E8BEE9CE106
:10E240000E94706F6091090E70910A0E80910B0E02
:10E2500090910C0E41E00E94F26E88EE9CE10E94CB
:10E26000706F60910F0E7091100E072E000C880BCE
:10E27000990B0F94C4B441E00E94F26E84EE9CE1CD
:10E280000E94706F6091740570E090E080E00E94E1
:10E29000D66E8FED9CE10E94706F6091820670E0F7
:10E2A00090E080E00E94D66E8BED9CE10E94706F42
:10E2B0006091F2037091F3038091F4039091F50360
:10E2C00041E00E94F26E87ED9CE10E94706F6091C8
:10E2D000BB067091BC068091BD069091BE0641E0E0
:10E2E0000E94F26E0C94686F2091E21430E0A8EE68
:10E2F000B3E00F94D6BAAB01BC0183EE94E10F9466
:10E300009520882399F08091E11480FD0E94DE70B1
:10E310008091E11482FD0E9463708091E11481FD7F
:10E320000E948F5683EE94E10D94422208950E943C
:10E33000706F0C94686FCF93DF93EC0183E695E7E1
:10E340000E94706F8EE699E20E94706FCE01DF919D
:10E35000CF910C949771CF9381EA9DE00F9436BAD8
:10E36000CBE08C9FC0011124805B924F0F9444BA84
:10E370008156904F803A9F40C8F082E99EE10E940A
:10E38000977181EA9DE00F9436BA8C9FC0011124E9
:10E3900070E060E0805B924F0F9494BA85E59EE157
:10E3A0000E94E5F781E0CF910C946C64CF910895C1
:10E3B0001092E2061092E10680E10E9475EA88233D
:10E3C00091F00E94AB7181EA9DE00F9436BA2BE088
:10E3D000829FC0011124805B924F0F9444BA9093A6
:10E3E000E2068093E1060895FF920F931F93CF9367
:10E3F000DF9390916F0591114BC0C82F81E08093FE
:10E400006F05CC2301F10E94B0578823E1F00E94F0
:10E41000A557811120C063E08CEB9EE00E94ADED1A
:10E42000F09013060091110610911206D09110067B
:10E430000F94BD1FF092130610931206009311065D
:10E44000D093100608C061E080E00E9421EE8BE3CB
:10E4500095E7CC2311F083E695E70E94706F8CE47A
:10E4600094E10E94977183EB9EE00E94EDED9FB7CF
:10E47000F894809102018460809302019FBF0F9401
:10E48000E417C11105C080912F04816080932F048F
:10E49000DF91CF911F910F91FF900895EC01F894B7
:10E4A0000F946B25179A1092E806169A1092E906B7
:10E4B000149A8BE395E70E94706F86E39EE10E94B9
:10E4C0009771209779F0CE010E949771BE0185E97E
:10E4D0009CE00F9494BA62E484E99CE00F947EBAC5
:10E4E0000E945757CEE2DEE1F1CF8091060186FD12
:10E4F00033C080E00E94BB561092F3061092F406DF
:10E500001092F5061092F6060F94D16020E030E0EC
:10E5100040EA50E46091F3067091F4068091F506AC
:10E520009091F6060F945EBB6093F3067093F40629
:10E530008093F5069093F606E0916F02F0917002D9
:10E5400060857185828593850F942B650F944A5160
:10E550008AE692E10E944E7208952F923F924F9266
:10E560005F926F927F928F929F92AF92BF92CF9263
:10E57000DF92EF92FF920F931F93CF93DF93CDB76C
:10E58000DEB760970FB6F894DEBF0FBECDBF282E62
:10E590006E875A8749872091B6022D877724739416
:10E5A0007092B60242E0841709F4D4C1082F10E03B
:10E5B000F801EC52F34E3490832D032C000C990B90
:10E5C0009C878B87D801AA0FBB1FAA0FBB1FBA83DA
:10E5D000A983FD01E253FD4F80819181A281B38126
:10E5E0008B839C83AD83BE838093B9029093BA02E0
:10E5F000A093BB02B093BC02BC01CD010E94D256D5
:10E600006B017C0181E0022C01C0880F0A94EAF7BB
:10E610000F94031EA981BA81A551B94FB887AF8362
:10E62000FD0110821182128213820F94D1600E9428
:10E630004658632D032C000C770B880B990B0F9415
:10E64000C4B44B015C0149815A814553594F588BE1
:10E650004F8720E030E040E450EC0F9403B5AF85E5
:10E66000B8896D937D938D939C931397C701B601E1
:10E670000F94F8640F944A510F94C73A1092B6025F
:10E68000EF81F88510821182128213820F94D1607B
:10E69000AF85B8898D929D92AD92BC921397C701B8
:10E6A000B6010F94F8640F944A517092B602E98152
:10E6B000FA81E853F34E45905590659074902DEC97
:10E6C0003CEC4CE85FE3C501B4010F9403B5A30132
:10E6D00092010F9403B5EF85F8896083718382837B
:10E6E0009383C701B6010F94F8640F944A51712CBB
:10E6F000612C4F8058840F94C73A1092B602D20111
:10E700001D921D921D921C9213970F94D16020E0D0
:10E7100030E040E251ECC501B4010F9403B5EF8540
:10E72000F8896083718382839383C701B6010F9454
:10E73000F8640F944A510F94C73AF1E0F093B6028F
:10E7400020E030E040E351E4C501B4010F9403B58B
:10E75000AF85B8896D937D938D939C9313978B812F
:10E760009C81AD81BE818093B9029093BA02A0933F
:10E77000BB02B093BC02C701B6010F94F8640F94BA
:10E780004A51822D0F94A01C9C0144E03695279598
:10E790004A95E1F7A985BA85109721F0FD01E60DAC
:10E7A000F71D20839F938F933F932F937F926F92B8
:10E7B000E0EBFCE1FF93EF930F94F8B84FEF641A8E
:10E7C000740A0FB6F894DEBF0FBECDBF9E856916E2
:10E7D00008F491CF0F94C73A1092B6028091500579
:10E7E000882309F4B2C0F801EF5AFA4F608160340F
:10E7F00008F0ABC0F801E65AFD4FA081AB83F801E9
:10E80000ED5AFA4F808140E051E002C0569547959D
:10E810008A95E2F7822D0F94F992BB81BB2339F0E0
:10E82000432D41956B2F70E0822D0F94CA920F9467
:10E83000D41D822D0E94053FF801E851F94F81E077
:10E8400080836B857C85719561957109072E000C1D
:10E85000880B990B0F94C4B42AE037ED43E25CE3D4
:10E860000F9403B54B015C01F801E85AFD4F60813C
:10E8700070E090E080E00F94C4B49B01AC01C5014E
:10E88000B4010F9403B54B015C01E981FA81E551B4
:10E89000F94FFC83EB83AC019B0160817181828124
:10E8A00093810F945DBBAB81BC816D937D938D9300
:10E8B0009C9313970F94D160EB81FC81208131816F
:10E8C00042815381C501B4010F945EBBAB81BC8111
:10E8D0006D937D938D939C931397E981FA81E55312
:10E8E000F94F608371838283938320E030E040E0BE
:10E8F0005FE3C701B6010F9403B50F94F8640F945A
:10E900004A511092B9021092BA021092BB021092B0
:10E91000BC02FD85F093B60260960FB6F894DEBF98
:10E920000FBECDBFDF91CF911F910F91FF90EF9060
:10E93000DF90CF90BF90AF909F908F907F906F901F
:10E940005F904F903F902F900895432D419568E040
:10E9500070E06ACF81E00E94BB56E6EDFCE1B49125
:10E96000B9831092F3061092F4061092F5061092F5
:10E97000F6060F94D160E0EDFCE185909590A590AE
:10E98000B490E9816E2FEE0F770B880B990B0F94E3
:10E99000C4B46B017C0120E030E040EC5FE3C501D2
:10E9A000B4010F9403B5A70196010F9403B56093CA
:10E9B000D3067093D4068093D5069093D60680E054
:10E9C00090E0A8E4B4E48093B9029093BA02A093D3
:10E9D000BB02B093BC02BC01CD010E94D2564B01D8
:10E9E0005C010F94F8640F944A510E947572109262
:10E9F000F3061092F4061092F5061092F6060F94A4
:10EA0000D160ECEAFCE16591759185919491905803
:10EA1000A70196010F9403B56093D3067093D406B3
:10EA20008093D5069093D606C501B4010F94F8647F
:10EA30000F944A51ECEAFCE16591759185919491AE
:10EA40009B01AC010F945EBBA70196010F9403B527
:10EA50006093D3067093D4068093D5069093D60620
:10EA600080E090E0A8ECB3E48093B9029093BA02FE
:10EA7000A093BB02B093BC02BC01CD010E94D25650
:10EA80000F94F8640F944A510E94757282E00E94BC
:10EA9000053F8091F3069091F406A091F506B091A0
:10EAA000F6068093D3069093D406A093D506B09330
:10EAB000D6061092B9021092BA021092BB021092BE
:10EAC000BC020F94C73A7092EA0680E00E94BB56DF
:10EAD00020CF2F923F924F925F926F927F928F92B0
:10EAE0009F92AF92BF92CF92DF92EF92FF920F93DD
:10EAF0001F93CF93DF9300D000D0CDB7DEB784E073
:10EB00000F94031E8091B6028C831092B60280E0AF
:10EB10000F94AB3A8B830E94CE5685EB9BE60E9406
:10EB2000C3F348EE57E163E080E00E94466181E074
:10EB30008093B60280E090E0A0EAB0E48093F30610
:10EB40009093F406A093F506B093F60665E575E597
:10EB500085E591E40E94214D0E9475721092B602E3
:10EB600080E090E0A0E8BFE38093EB069093EC0692
:10EB7000A093ED06B093EE068093EF069093F00617
:10EB8000A093F106B093F2066FEE76E08BEE96E07E
:10EB90000E94FD5B60E070E088E492E40E94214DF9
:10EBA0000E94465850E040E061E082E00E94AD7271
:10EBB00043E060E070E080E291EC0F946894811192
:10EBC00004C08AE692E10E944E728091F306909111
:10EBD000F406A091F506B091F60680931D1490936B
:10EBE0001E14A0931F14B0932014E2E0F0E0FA8307
:10EBF000E983C12CD12C30EAE32E30E4F32E43E03C
:10EC0000B42E52E0952E09E619E267E0A62E0E9486
:10EC1000CE56C092F306D092F406E092F506F0923A
:10EC2000F60665E575E585E591E40E94214D2981AB
:10EC30002150822F6B2D0F94E5BA892E822F0F94CD
:10EC4000F1BA782E80FF03C0F92DF8198F2E882D88
:10EC5000880F880D0E944C4F6093EB067093EC0672
:10EC60008093ED069093EE06872D880F870D0E9406
:10EC7000394F6093EF067093F0068093F1069093FE
:10EC8000F2066FEE76E08BEE96E00E94FD5B60E0B0
:10EC900070E088E492E40E94214D63E080E00E94ED
:10ECA00099608A818F9399819F931F930F930E94FC
:10ECB0004A6043E060E070E080E291EC0F94689479
:10ECC000582E0F900F900F900F90882309F479CF52
:10ECD000A79CF0011124E80DF11DEE0FFF1FEE0FB0
:10ECE000FF1FE45EFB4E8091F3069091F406A09125
:10ECF000F506B091F60681839283A383B483E981FC
:10ED0000FA813196FA83E9833A9709F080CF6090CF
:10ED10001D1470901E1480901F1490902014462C87
:10ED2000A72CB82C292C1E821D820CE114E18D81A8
:10ED30009E81835E9B4E9A83898393E0392EE9817D
:10ED4000FA81C190D190E190F190FA83E983930127
:10ED5000A401C701B6010F94E7BD181614F03601DF
:10ED60004701242D3A2D4B2D522DC701B6010F948A
:10ED700053BC87FD04C04C2CAD2CBE2C2F2C3A94D8
:10ED80003110DDCF8D819E814C969E838D8384359D
:10ED9000910559F69301A401642D7A2D8B2D922DA6
:10EDA0000F945DBB20E030E040E450E40F94E7BDF9
:10EDB00018163CF58CE499E20E949771512CFC8165
:10EDC000F093B6028B810F94AB3A0F94D41D852D2E
:10EDD00026960FB6F894DEBF0FBECDBFDF91CF9160
:10EDE0001F910F91FF90EF90DF90CF90BF90AF9069
:10EDF0009F908F907F906F905F904F903F902F905B
:10EE00000895198285ECE82E8FE0F82E68011D82A6
:10EE10009D81911103C0E981EE2329F120911D14F8
:10EE200030911E1440911F1450912014F6016181FD
:10EE30007281838194810F945DBB20E030E048ECC7
:10EE400052E40F9403B520E030E040E05FE30F941C
:10EE50005EBB0F9405BD0F94CFBCC7010F9478BA69
:10EE6000F2E0EF0EF11C84E0C80ED11C9D819F5F83
:10EE70009D83933069F6045E1F4FE981EF5FE9835C
:10EE8000E33021F60F945E940E941C5D98CF2F9280
:10EE90003F924F925F926F927F928F929F92AF922A
:10EEA000BF92CF92DF92EF92FF920F931F93CF9377
:10EEB000DF9300D01F921F92CDB7DEB7D82E2A0164
:10EEC0003B01322EE982FA820B831C830F944A5154
:10EED00081E08093000EFC2CE32CD31010C0ED2CAD
:10EEE000DC100DC060E070E080EA90E40E94F25F08
:10EEF000FF24F394EE24E3942224239401C02D2CC8
:10EF00000E94995280911C148D8310921C1482E0EF
:10EF10000F94F72F6093F3067093F4068093F50631
:10EF20009093F606F1100E943D4081E00E94F35656
:10EF30008C010E9446581092B9021092BA021092A7
:10EF4000BB021092BC02222009F47AC19B8D911160
:10EF50006DC150E040E061E080E00E94AD72EE20C3
:10EF600031F050E040E061E081E00E94AD72DD20D0
:10EF7000E9F04114510461047104C1F0C301B2010C
:10EF80000F94C4B49B01AC016091700E7091710E2E
:10EF90008091720E9091730E0F945EBB6093EB069E
:10EFA0007093EC068093ED069093EE06332001F10A
:10EFB00089819A81AB81BC810097A105B105C1F01F
:10EFC000BC01CD010F94C4B49B01AC016091740EDF
:10EFD0007091750E8091760E9091770E0F945EBBB6
:10EFE0006093EF067093F0068093F1069093F2061B
:10EFF000FF2009F4A2C060E070E080EA90E40E9483
:10F00000F25F8091E806811105C050E040E061E0C8
:10F010000E94AD728091E906811106C050E040E087
:10F0200061E081E00E94AD720E943251EFE7FFE69D
:10F0300085919591A591B491EBE7FFE645915591A6
:10F04000659174914093CB065093CC066093CD06A6
:10F050007093CE068093CF069093D006A093D106EE
:10F06000B093D2066FEC76E08BEC96E00E94555B95
:10F070000E94605220E030E040E850EC6091CF0602
:10F080007091D0068091D1069091D2060F9453BC16
:10F0900087FF0CC080E090E0A0E8B0EC8093CF0642
:10F0A0009093D006A093D106B093D20680E090E072
:10F0B000A6E1B3E48093B9029093BA02A093BB0295
:10F0C000B093BC021092B6020F94D1606091B90265
:10F0D0007091BA028091BB029091BC020F94F864C7
:10F0E0000F944A518091CB069091CC06A091CD0609
:10F0F000B091CE068093EB069093EC06A093ED06BC
:10F10000B093EE068091CF069091D006A091D106E3
:10F11000B091D2068093EF069093F006A093F1068B
:10F12000B093F20681E08093B6020F94C73A50E0A4
:10F1300040E061E082E00E94AD72CC20E9F08114F1
:10F140009104A104B104C1F0C501B4010F94C4B489
:10F150009B01AC016091780E7091790E80917A0ECE
:10F1600090917B0E0F945EBB6093F3067093F40650
:10F170008093F5069093F6060F94D160C8010E9423
:10F18000D9560F94C73A0E9432510E946E4FD11047
:10F1900007C0311005C08C8D811102C0CC2039F11F
:10F1A000F11025C09D81992311F181E080931C14F9
:10F1B0000F94F72F6B017C0180E00F94F72FA701CC
:10F1C00096010F94C87A9B01AC016091F30670918F
:10F1D000F4068091F5069091F6060F945DBB60935E
:10F1E000F3067093F4068093F5069093F60684E197
:10F1F0000F9466470F944A511092000E0F900F9093
:10F200000F900F900F90DF91CF911F910F91FF9072
:10F21000EF90DF90CF90BF90AF909F908F907F90B6
:10F220006F905F904F903F902F90089580E00F94E3
:10F23000C61AEE2009F49BCE81E00F94C61A97CE31
:10F24000EE2009F494CEAB8DAA2309F48ACEF4CF34
:10F250008F929F92AF92BF92CF92EF92FF920F93B5
:10F260001F93262F91E09F931F92812C912C540184
:10F27000C42EE12CF12C870140E050E0BA010E943D
:10F2800047770F900F901F910F91FF90EF90CF90C5
:10F29000BF90AF909F908F9008952F923F924F9282
:10F2A0005F926F927F928F929F92AF92BF92CF9216
:10F2B000DF92EF92FF920F931F93CF93DF93CDB71F
:10F2C000DEB7A4970FB6F894DEBF0FBECDBF0F9484
:10F2D0004A518091050E811117C081E08093010E83
:10F2E0008091E806882349F08091E906882329F077
:10F2F0002091EA062F83211120C081E08093FC1029
:10F300008DE19EE20F94277CA4960FB6F894DEBFA1
:10F310000FBECDBFDF91CF911F910F91FF90EF9066
:10F32000DF90CF90BF90AF909F908F907F906F9025
:10F330005F904F903F902F9008958BEA9DE00F943F
:10F3400036BA182F8EE40E943941082F0E94E640F9
:10F350008E83002329F0873009F4C9C0833029F057
:10F36000133009F0C3C063E06E8380E090E0A0E852
:10F37000BFE38A839B83AC83BD838AEA9DE00F94BD
:10F3800036BA888F83E40E943941182F0E94E640E4
:10F39000112329F0882319F08B3008F4888F88E531
:10F3A0000E943941882309F4ABC00E94CC4520E07B
:10F3B00030E04CE952E40F945DBB20E030E048EBD4
:10F3C00051E40F945DBB6A877B878C879D8789E5B5
:10F3D0000E943941882309F49CC00E94CC4520E05A
:10F3E00030E048E052E40F945DBB20E030E040EABA
:10F3F00050E40F945DBB6C8B7D8B8E8B9F8B87E570
:10F400000E943941882309F489C00E94CC452A858D
:10F410003B854C855D850F945EBB20E030E04CE180
:10F4200053E40F945EBB698F7A8F8B8F9C8F88E437
:10F430000E943941882309F47AC00E94CC452C8966
:10F440003D894E895F890F945EBB20E030E048E83B
:10F4500052E40F945EBB6D8F7E8F8F8F98A30F94B5
:10F460005E948091290290912A02A0912B02B09182
:10F470002C0280931D1490931E14A0931F14B0931C
:10F4800020140E943D4005EC1FE0C8010F9444BACF
:10F49000019609F051C00E5F1F4F053D8FE0180720
:10F4A000A1F7212CACE1B4E1BAA3A9A3B987A8873D
:10F4B000512C412C312C042D842D63E00F94F1BA92
:10F4C000988B6884798410E0F889F11137C0812F16
:10F4D00063E00F94E5BA911131C021103DC17E81E6
:10F4E000733009F470C08F818E8737C01E836AE93C
:10F4F00079E989E19FE36A837B838C839D833DCF98
:10F5000080E090E0A0E8BFEF8A879B87AC87BD874B
:10F510005ECF60E070E080E89FEF6DCF80E090E02C
:10F52000A0E8BFE7898F9A8FAB8FBC8F80CF60E058
:10F5300070E080E89FE78FCF2F80B4CF60E070E06D
:10F5400080EC9FE7D30111966D937D938D939C93EF
:10F550001497BE81B330C1F11E86812F0E944C4F9B
:10F560004B015C01802F0E94394F6B017C01A5018A
:10F5700094016A857B858C859D850F94E7BD18165F
:10F580000CF41AC1298D3A8D4B8D5C8DC501B401E7
:10F590000F94E7BD18160CF40FC1A70196016C89F2
:10F5A0007D898E899F890F94E7BD18160CF404C1DC
:10F5B0002D8D3E8D4F8D58A1C701B6010F94E7BD2B
:10F5C00018160CF4F9C033941F5F24E0620E711C0E
:10F5D000173009F079CF6FEF461A560A888599855A
:10F5E0004C969987888797E04916510409F063CFB4
:10F5F0000F9479A7A0911D07AF83B0915404B887E9
:10F6000081E080931D078AE0830D8093540481E09C
:10F610000E94386080E090E0A0EAB0E48093F306B6
:10F620009093F406A093F506B093F60665E575E5AC
:10F6300085E591E40F942B6580E00E94F3569CA32E
:10F640008BA3312C832D67E00F94E5BAF82E092F98
:10F65000682F70E07F876E8780FF03C076E0791B9C
:10F66000072F802F63E00F94E5BA911105C08F2D0D
:10F670000F94E5BA11E0911110E0802F0E944C4FD9
:10F68000688B798B8A8B9B8B8F2D0E94394F4B0116
:10F690005C018E81833009F097C01111C6C027E04C
:10F6A000AE85BF852A9FF0012B9FF00D1124E00F3E
:10F6B000F11DEE0FFF1FEE0FFF1FE45EFB4E60E03B
:10F6C00070E080EC9FE7618372838383948333943B
:10F6D000E1E33E12B7CF80E090E0A0EAB0E480938F
:10F6E000F3069093F406A093F506B093F60665E54D
:10F6F00075E585E591E40F942B650F944A51B1E3CC
:10F700003B1609F42DC280916D0391E0980F909300
:10F710006D03882309F4CFC160E080E00E9421EEF0
:10F7200087E69EE00E94E5F780E00E9468F281E0B3
:10F730008093BF0288E69DE60E94EDED2F81209325
:10F740001D0768856093540482E00E9438600F941E
:10F750004A511092010ED8CD011103C0112309F4B2
:10F76000BECE812F63E00F94F1BA840D952D911DCB
:10F77000880F991F8D53904F0F9444BABC01990F75
:10F78000880B990B0F94C4B42AE037ED43E25CE395
:10F790000F9403B59B01AC0160911D1470911E1470
:10F7A00080911F14909120140F945EBBF30161832C
:10F7B00072838383948393CEFE85FF2309F404CF61
:10F7C000222009F400CF00CF288939894A895B8932
:10F7D0006A857B858C859D850F94E7BD181604F19D
:10F7E000288939894A895B89698D7A8D8B8D9C8DB1
:10F7F0000F9453BC87FD14C0A50194016C897D89C9
:10F800008E899F890F94E7BD181654F0A5019401C5
:10F810006D8D7E8D8F8D98A10F9453BC87FF05C091
:10F82000112309F454CF211052CF10E0A7E08E85A8
:10F830009F85A89FF001A99FF00D1124E00FF11FF3
:10F84000EE0FFF1FEE0FFF1FE45EFB4E4180528064
:10F8500063807480C12CD12CE0EAEE2EE0E4FE2E11
:10F86000222051F023E333E343EB5EE3C301B20113
:10F870000F945EBB6B017C01A70196016091F306BA
:10F880007091F4068091F5069091F6060F9453BCA2
:10F8900087FF10C0C092F306D092F406E092F506FE
:10F8A000F092F60665E575E585E591E40F942B6524
:10F8B0000F944A51688979898A899B896093EB06FC
:10F8C0007093EC068093ED069093EE068092EF061F
:10F8D0009092F006A092F106B092F2066FEE76E0FA
:10F8E0008BEE96E00E94FD5B60E070E086E193E4C1
:10F8F0000F942B650F944A518091050E882339F09F
:10F900007F8170931D07888580935404FDCC812CE2
:10F91000912C70E2A72E71ECB72E222051F02A8193
:10F920003B814C815D81C301B2010F945DBB4B01F2
:10F930005C01488DC501B4010F946894811109C020
:10F940008AE692E19F938F930F94F8B80F900F90EF
:10F95000C2CE2091F3063091F4064091F506509105
:10F96000F606C701B6010F945DBB20E030E0A901A7
:10F970000F9453BC87FF36C060E070E080EA90E4EB
:10F980006093F3067093F4068093F5069093F60661
:10F9900065E575E585E591E40F942B650F944A5173
:10F9A000488DC501B4010F946894882349F22091D1
:10F9B000F3063091F4064091F5065091F60660E0AA
:10F9C00070E080EA90E40F945DBB2DEC3CEC4CECD5
:10F9D0005DE30F9453BC87FF05C087E69DE10F945C
:10F9E0001FB979CEC090F306D090F406E090F506EA
:10F9F000F090F6062220A1F0A7019601C301B20102
:10FA00000F945DBB9B01AC015F776A817B818C8128
:10FA10009D810F9453BC87FF03C08EE29DE1DFCF31
:10FA20008FEA9FE00F9436BA882309F440C086EA33
:10FA30009FE00F9436BA8823D1F16091F203709160
:10FA4000F3038091F4039091F5030E94A541209166
:10FA5000240E3091250E4091260E5091270E0F94C2
:10FA60005DBC9B01AC01E7E0AE85BF85EA9FC001AC
:10FA7000EB9F900D1124080F191F000F111F000F8D
:10FA8000111F045E1B4EC701B6010F945DBBD80168
:10FA900011966D937D938D939C931497809154044C
:10FAA00081508093540481E00E94386010CE20E0A1
:10FAB00030E0A901D8CF85E00F94D03AC12CD12CE9
:10FAC00090EAE92E90E4F92E85E39EE00E94C3F3CC
:10FAD0008EE190E00E94EFF20E94A46380E00F9418
:10FAE000AB3A182F60E070E080E89FEB0E94735FF4
:10FAF00081E00F94AB3A84E00F94031EC092F306AA
:10FB0000D092F406E092F506F092F60665E575E50A
:10FB100085E591E40F942B650F944A510F94D41D01
:10FB2000812F0F94AB3A82E00F94F72F20E030E062
:10FB300040EA50E40F94E7BD181634F2EF81E093E9
:10FB40001D07F885F093540481E00E946C6441E045
:10FB500061E081E00E94287981E08093FC10D4CBA1
:10FB600010926D038BA19CA10E94D9560E94D8715E
:10FB70006091E1067091E206072E000C880B990B4C
:10FB80000F94C4B490582091240E3091250E4091CA
:10FB9000260E5091270E0F945DBC0E94034080EC0E
:10FBA0009FE00F9436BA91E0813009F090E099839C
:10FBB0004FEB5FE06CE4CE0101960E944E41F82EBF
:10FBC0004EEB5FE062E5CE0101960E944E41082FA8
:10FBD0004DEB5FE066E4CE0101960E944E41182F86
:10FBE0004CEB5FE062E4CE0101960E944E41212F72
:10FBF000110F330B082E000C990B5C01A21AB30AEB
:10FC00008F2DFF0C990B280F391F46E0429F600192
:10FC1000439FD00C1124F12CE12C002E000C110B71
:10FC2000081B190BB701635E7B4E3B01460177E071
:10FC30007A83D3012D903D904D905D903D01FD0163
:10FC40003497FB87EA87B401092C000C880B990BC9
:10FC50000F94C4B42FE333EC4EE259E30F9403B591
:10FC6000A20191010F945EBBAA85BB856D937D9324
:10FC70008D939C931397BA81B150BA83800E911ED5
:10FC8000B111D7CFCA0CDB1CECE1EE0EF11CF4EC89
:10FC9000EF16F10439F60F9479A78DE40E943941EB
:10FCA000882309F484C00E94E6402E81273009F0A1
:10FCB00094C0882309F491C0BB24B394AA24AA94C5
:10FCC000AB0C09A11AA1612C8EEF882E8B0C6A2D2A
:10FCD000862D0E94993E99249394960C81116EC0B2
:10FCE0006B2D862D0E94993EC12CD12C7601712C52
:10FCF000882381F020E030E0A901D8015D966D9164
:10FD00007D918D919C9190970F945EBB6B017C01CE
:10FD100077247394682D862D0E94993E882369F07C
:10FD2000F8017B972081318142815381C701B6015F
:10FD30000F945EBB6B017C0173946A2D892D0E9428
:10FD4000993E882361F0F8012581368147815085ED
:10FD5000C701B6010F945EBB6B017C0173946A2DE1
:10FD60008FEF860D0E94993E882331F1F801339779
:10FD70002081318142815381C701B6010F945EBB5E
:10FD80006B017C017394672D70E090E080E00F942C
:10FD9000C4B49B01AC01C701B6010F945DBCD8018E
:10FDA00011966D937D938D939C93149707C08CEA65
:10FDB0009DE00F9436BA79CF7110E5CF692C0C5FB6
:10FDC0001F4FB7E09B1283CFB394E9A1FAA17C96B1
:10FDD000FAA3E9A3F8E0BF1271CF81E080931C146D
:10FDE0008FE40E943941811103C00E941C5D9FCCA9
:10FDF0000E94E6408111F9CF0E94CE5698CC89E846
:10FE000093E00F9442228091FD109091FE10892B77
:10FE100079F0E091EC12F091ED12E150FF4E80810B
:10FE2000813011F0863021F484EF9FE20C949771B9
:10FE300008958091FD109091FE10892B29F00E9469
:10FE4000FF7E0E94E26DF5CF1092ED121092EC123F
:10FE50001092FB101092FA1081E08093FC1008952C
:10FE6000EF92FF920F931F93CF93DF9380911C1417
:10FE7000882389F180EC9DE10E9497718AEA9DE1D7
:10FE80000E94977189E99DE10E949771C7E0DCE1CA
:10FE9000C15058F1CD9F7001112401E010E086E9B6
:10FEA0009DE10E94706FF801EE0FFF1FEE0FFF1F24
:10FEB000EE0DFF1DE75EFB4E6081718182819381B3
:10FEC00045E00E94F26E0F5F1F4F0830110539F7B1
:10FED0000E94686FDDCF8DEC9DE1DF91CF911F9186
:10FEE0000F91FF90EF900C949771DF91CF911F913C
:10FEF0000F91FF90EF9008958F929F92AF92BF92D3
:10FF0000CF92DF92EF92FF928091110E811131C05A
:10FF10000F94B11F6B017C0120912F02222309F164
:10FF20004091BF024130E9F080911002909111029E
:10FF3000A0911202B091130246015701881A990A42
:10FF4000AA0ABB0A30E0A8EEB3E00F94D6BA861630
:10FF50009706A806B9066CF0443031F19CF44230A3
:10FF6000D4F4C0921002D0921102E0921202F092E8
:10FF70001302FF90EF90DF90CF90BF90AF909F90D3
:10FF80008F900895453069F783E695E70E94706F7A
:10FF900082E49CE106C083E695E70E94706F8FE6DD
:10FFA0009CE10E949771DDCF83E695E70E94706F18
:10FFB00089E59CE1F6CFCF92DF92EF92FF920F930B
:10FFC0001F93CF93DF931F921F92CDB7DEB70F948D
:10FFD000B11F00911A1810911B1820911C18309114
:10FFE0001D18601B710B820B930B693873418105DF
:10FFF0009105D0F08091C806811116C00F94B11FF1
:020000021000EC
:1000000060931A1870931B1880931C1890931D18F6
:1000100080910A05809314028B3418F08FEF80933F
:100020000A0581E08093C8060F94B11F00911A1849
:1000300010911B1820911C1830911D18601B710B1A
:10004000820B930B653671058105910508F457C144
:100050008091C806882309F452C1609147067091C7
:100060004806072E000C880B990B0F94C4B46B0143
:100070007C010F94B11F00911A1810911B18209148
:100080001C1830911D18601B710B820B930B0F9481
:10009000C2B49B01AC0160E070E08AE793E40F9486
:1000A0005DBCA70196010F9403B50F94CFBC70936C
:1000B0002304609322046091490670914A06072E3A
:1000C000000C880B990B0F94C4B46B017C010F9446
:1000D000B11F00911A1810911B1820911C18309113
:1000E0001D18601B710B820B930B0F94C2B49B0104
:1000F000AC0160E070E08AE793E40F945DBCA70177
:1001000096010F9403B50F94CFBC8B017093250417
:1001100060932404109248061092470610924A06F3
:100120001092490683E08A8382E0898380913802B5
:10013000882351F087E89FE00F9436BA91E081114F
:1001400001C090E0909338028091220490912304A2
:1001500044970CF09DC020E030E048E452E4609108
:10016000090E70910A0E80910B0E90910C0E0F9457
:10017000E7BD18160CF08CC0809154038F5F8093FC
:100180005403053011050CF089C09091FE0D80914B
:10019000FF0D981709F47FC0E091FF0D8EE6E89FF0
:1001A000F0011124EC59F84F80818C3408F476C0AA
:1001B000809155038F5F8093550380915403811183
:1001C0000BC080915503811107C080914204823099
:1001D00019F481E08093420480914204813061F4FB
:1001E0000E940158811108C01092420410922E04FE
:1001F00088E69DE60E94EDED80913802882309F49F
:100200006EC080914204823009F469C084E5E82E12
:1002100083E0F82EFE0131966F0110E002E0F70155
:1002200091917F01F60181916F01891768F5F701BE
:100230003197108280914204823031F10093420460
:100240000E94B057882381F10E94A557811106C0F2
:1002500080916C05882329F10F94E017113059F132
:1002600087EB99E10E94977180912E0481110CC057
:1002700041E070E060E088EC90E00F94AC3C62E01C
:100280008BE19DE20E94ADED113049F111E0C7CF45
:100290001092540376CF8091430487CF1092550378
:1002A0008CCF0F94BD1FDACF1092100E10920F0E4C
:1002B00010923F04D3CF8FED99E10E949771809106
:1002C0002E0481110CC041E070E060E088EC90E009
:1002D0000F94AC3C62E087E09DE20E94ADED80911E
:1002E000140280930A050F94B11F60931A1870933B
:1002F0001B1880931C1890931D181092C8060F901D
:100300000F90DF91CF911F910F91FF90EF90DF90B1
:10031000CF900C94C56CCF92DF92EF92FF926B015D
:100320007C01C0925A03D0925B03E0925C03F0928E
:100330005D03809173038230B1F420E030E040E946
:1003400050E4C7010F9453BC87FF14C08091480E3E
:100350009091490EA0914A0EB0914B0E803D97406E
:10036000A105B10520F5C701B601FF90EF90DF9020
:10037000CF9008952AE939E949E95EE3C701B6015A
:100380000F9453BC87FF0AC020E030E048E351E4FB
:10039000C701B6010F9403B56B017C0183E39AE1B9
:1003A0000E94706FC701B6010F948C7ADCCF2AE9E6
:1003B00039E949E95EE3C701B6010F9453BC87FDF3
:1003C000E3CF20E030E040E85EE3C701B6010F94E0
:1003D00003B520E030E048E550E40F945EBBDCCF8D
:1003E000CF92DF92EF92FF92CF9390917303981781
:1003F000B9F1C82FC0905A03D0905B03E0905C0322
:10040000F0905D0320E030E0A901C701B6010F9430
:1004100053BC882341F0C0926C0ED0926D0EE092D6
:100420006E0EF0926F0E86E19AE10E94706FC130FD
:1004300011F1E0F0C23011F1C093730360916C0EC2
:1004400070916D0E80916E0E90916F0E0E948B8157
:1004500060936C0E70936D0E80936E0E90936F0E82
:10046000CF91FF90EF90DF90CF9008958EE09AE1CA
:100470000E949771E1CF8AE09AE1FACF86E09AE193
:10048000F7CF0F944A51179AE8EEF6E01082169AC9
:100490001182149A80E00E94F0818FEF9FEF909379
:1004A000B0028093AF022FEF2093AC029093B4027E
:1004B0008093B3022093AB029093AE028093AD027F
:1004C0009093B2028093B102089541ED50E061EC47
:1004D00078E188E19EE00F94D0B70F9403520F9417
:1004E000AB2E0F94FB270E94C45583E695E70E942C
:1004F000706F8FE998E10C949771CF93DF9361EC63
:1005000078E188E19EE00F94EDB741ED50E064E1C1
:1005100070E088E19EE00F944ABA60917B0582E02A
:100520009DE00F945ABACAE0D3E14AA55BA56CA539
:100530007DA58EEF9CE00F946CBA4EA55FA568A9CF
:1005400079A982EA9CE00F946CBA4AA95BA96CA9CC
:100550007DA98EE99CE00F946CBA4EA95FA968ADA5
:1005600079AD8AEF9CE00F946CBA4AAD5BAD6CAD8F
:100570007DAD8AE99CE00F946CBA6EAD7FAD88E9E1
:100580009CE00F9478BA40E450E06AEB7CE08AE4A7
:1005900093E10F944ABA40918A1350918B13609162
:1005A0008C1370918D1386EB9CE00F946CBA409184
:1005B0008E1350918F13609190137091911382EB71
:1005C0009CE00F946CBA40919213509193136091F8
:1005D0009413709195138EEA9CE00F946CBA83E6A5
:1005E00095E70E94706F8BE498E1DF91CF910C94B6
:1005F0009771CF93DF93EC018991882319F00E94C2
:100600005D6EFACFDF91CF9108950E94F9820C942C
:10061000686F2F923F924F925F926F927F928F926C
:100620009F92AF92BF92CF92DF92EF92FF920F9381
:100630001F93CF93DF93CDB7DEB7A2970FB6F89491
:10064000DEBF0FBECDBF8FE590E00E949E408823A5
:1006500009F491C00E942F6E8F37910561F480914B
:10066000FF04909100059093FE048093FD048CE3B9
:1006700098E10E9497711E012FE1220E311CDD24AA
:10068000D3940E942F6E181619060CF068C0809142
:10069000020E882329F00E94A557882309F45FC021
:1006A0008091FF0381115BC00E94B05397FDE9CF99
:1006B000282F8F3F09F07BC080914603882309F4DF
:1006C00073C0D0924503109246031F8E18A2C090AB
:1006D0004903CC20B1F2809147038F8F91E09C15A4
:1006E00018F48091480388A3109249033AA229A2E2
:1006F00089A182198C1528F6E9A1FAA11191FAA312
:10070000E9A38CE493E00F94122017FDF1CF8091C0
:10071000F8109091F9101A3009F44AC11D3009F40B
:1007200047C18F3591050CF048C11B3311F4D092AD
:100730004B0320914B032111DBCF9C012F5F3F4FD7
:100740003093F9102093F8102091FA103091FB109B
:1007500021503F4E820F931FFC011383C9CF80911C
:10076000F8109091F910181619060CF45AC28091DD
:10077000EA14811170C2A2960FB6F894DEBF0FBEC4
:10078000CDBFDF91CF911F910F91FF90EF90DF9040
:10079000CF90BF90AF909F908F907F906F905F9021
:1007A0004F903F902F900895D09246038ECF309176
:1007B0004503332309F457C0893F09F43FC080F54E
:1007C000863F09F448C0809144038260273F79F155
:1007D00087E098E10E94706F82E098E10E94706F5C
:1007E000109144038EEF97E110FD02C089EF97E16D
:1007F0000E94706F012F027084EF97E111FD02C01B
:100800008FEE97E10E94706F8EEE97E10E949771D4
:10081000002329F155E450930B021092450355CF64
:100820008A3F41F08091440381602B3F89F6809399
:100830004403CECF809144038E7FF9CF10924903B9
:100840001092450310924403109243031092460302
:1008500010924203BDCF809144038D7FE8CF80E2A8
:1008600080930B02DACF2091460340914403222368
:1008700031F1E091490340FF49C0309142033323F5
:1008800009F440C021E02E0F20934903AE2FB0E0C1
:10089000A95BBC4FFFEFFC9350914303552351F0EC
:1008A000EE5FE0934903E22FF0E0E95BFC4F5083F9
:1008B0001092430331503093420310924603E0916B
:1008C000490340FF6CC020914203222349F191E08B
:1008D0009E0F90934903AE2FB0E0A95BBC4F8C9361
:1008E00080914303882351F0EE5FE0934903E92FA1
:1008F000F0E0E95BFC4F808310924303215020938A
:100900004203E3CE22E020934203D7CF21E02E0F13
:1009100020934903F0E0E95BFC4F5FEF5083CDCFBC
:10092000A82FAF7040E031E0AF3029F0B0E0A05028
:10093000BE4F4C9130E0582F507F503F59F43260F9
:1009400030FF13C0D092420331FF0CC082E080938D
:100950004203BBCE82958F70A82FB0E0A050BE4F4F
:100960002C91EECF20934303B0CE81E08E0F809385
:100970004903AE2FB0E0A95BBC4F4C934A3009F459
:10098000A4CE31FF03C0D09242039FCEEE5FE0932E
:100990004903E82FF0E0E95BFC4F208396CE91E01D
:1009A0009E0F90934903F0E0E95BFC4F80838DCE6E
:1009B000009719F410924B03DECE0091FA101091BB
:1009C000FB100D5F1F4F81509F4EFC01E00FF11F88
:1009D000108201501F4E1A83098380914B038111AD
:1009E00003C1F80180818E3409F08AC04AE050E0EA
:1009F000BE016F5F7F4FC80101960F94C1B52B01F7
:100A00003C01E980FA80F7018081803231F4FFEF08
:100A1000EF1AFF0AFA82E982F4CF80907D0390906A
:100A20007E03A0907F03B0908003D501C40101969E
:100A3000A11DB11D84159505A605B70549F044E033
:100A400050E067E378E1C7010F9415B8892BA1F452
:100A50006AE270E0C7010F948DC09093CE05809339
:100A6000CD05009709F445C0F801F12CE817F90706
:100A700071F02191F226FACF8BE395E70E94706F17
:100A80008FE593E10E94706FC501B40115C00E940B
:100A9000F340F8161906D9F08BE395E70E94706FC2
:100AA00080E493E10E94706F60917D0370917E03FA
:100AB00080917F03909180030E94D66E0E94686FA0
:100AC0000E940B411092F9101092F81054CEE09150
:100AD000CD05F091CE051082E980FA8062E378E1DD
:100AE000C7010F94E4B7892B39F586E096E10E949F
:100AF0004E728BE395E70E94706F86E193E1C2CF5F
:100B000089819A81FC012081203221F401969A8307
:100B10008983F6CF6AE270E00F948DC0892B39F09B
:100B20008BE395E70E94706F8CEE92E1BBCF44247B
:100B30004A94542C3201D0CF44E050E06DE278E189
:100B4000C7010F9415B85C01F7018081873481F4E7
:100B50008091120E853061F08CE695E00F941220A2
:100B6000F6E0F093120E60E085EA9FE00F945ABA27
:100B7000AB2821F080916F058111A4CF26E077FC8E
:100B800021E08091FA109091FB10FC01E150FF4EA2
:100B9000208349815A81F801DA0140175107A1F5F4
:100BA00001900020E9F79F01201B310B0396280FCD
:100BB000391F2D3EF1E03F0779F13093FB10209370
:100BC000FA108091FD109091FE1001969093FE1006
:100BD0008093FD1077FC08C040927D0350927E0305
:100BE00060927F03709280031092F9101092F810B7
:100BF0000E942F6E892B09F4BECD8FE590E00E94F4
:100C00009E40811175CDB7CD6D9161939D01241BDF
:100C1000350B6111F9CFCACF1092FB101092FA1068
:100C2000D0CF8091110E60E273E0811102C060EDBF
:100C300077E08CE493E00F94E31F882309F497CDC9
:100C400010924B031092F9101092F81082E298E182
:100C50000E94977190CD80917D17882309F48BCDE8
:100C60008091F8109091F910892B09F084CD809132
:100C7000FD109091FE10892B11F410924A0312E09E
:100C800001E04091FE175091FF176091001870919C
:100C900001188091F7179091F817A091F917B0916A
:100CA000FA17481759076A077B0708F0C1C08091F7
:100CB0004A038111BDC00F949E81409182175091CB
:100CC000831760918417709185174093FE17509396
:100CD000FF1760930018709301182091F81030915D
:100CE000F9108A3061F08D3051F0833209F487C0F9
:100CF0002F35310524F48F3F980709F087C021155F
:100D0000310509F438CD80917D17811103C040E091
:100D100050E0BA018091850390918603481B590BDE
:100D2000A091FA10B091FB10FD01E150FF4E10832D
:100D300041835283139621503F4EF901EA0FFB1F66
:100D40001082A150BF4EFD0101900020E9F73197BC
:100D5000EA1BFB0BF8948091FD109091FE10019618
:100D60009093FE108093FD10EC5F8091FA109091AB
:100D7000FB10E80FF92FF11DF093FB10E093FA1030
:100D800080917D17882309F43DC08091FE179091D2
:100D9000FF17A0910018B0910118809385039093DC
:100DA0008603A0938703B0938803ED3EF14021F4BE
:100DB0001092FB101092FA10789410924B0310923C
:100DC000F9101092F8104091FE175091FF176091A2
:100DD0000018709101188091F7179091F817A09161
:100DE000F917B091FA17481759076A077B0700F5FA
:100DF0008FE590E00E949E40811143CFBCCC0093D0
:100E00004A037DCF80E090E0DC01C7CFA9014F5FAE
:100E10005F4F5093F9104093F8104091FA105091A1
:100E2000FB1041505F4E240F351FF901838329CFFA
:100E30004091FE175091FF176091001870910118B2
:100E40008091F7179091F817A091F917B091FA17C0
:100E5000481759076A077B0708F48DCC0E946E3F3C
:100E6000892B09F088CC0F94BB7A89ED92E10E941E
:100E700097710F94D82E6B017C010E942A568CE347
:100E8000882E912CA12CB12CC701B601A50194018B
:100E90000F94A9BACA01B901A50194010F94A9BA86
:100EA0007F936F93C701B60120E13EE040E050E040
:100EB0000F94A9BA3F932F938EE098E19F938F935D
:100EC0008E010F5F1F4F1F930F930F944DB983E651
:100ED00095E70E94706FC8010E940583C8010E94B7
:100EE00010EE0F94D787109269020FB6F894DEBF08
:100EF0000FBECDBF8091EB14882359F00F94E17C95
:100F00008091110E882309F436CC86E00F94664751
:100F100032CC81E00F9416888091EB148111EECFD2
:100F2000EFCFFF920F931F93CF93DF93EC01F62E39
:100F3000662309F44BC00F94F4B78C01C8010E94DA
:100F40009E40882309F453C08091FA109091FB10C1
:100F5000FC01E150FF4E23E020838E5F9E4EBE01D8
:100F6000FF20E9F10F94EDB783E695E70E94706FDB
:100F70008EEC92E10E94706F8091FA109091FB10BC
:100F80008E5F9E4E0E94F9828CEC92E10E949771D6
:100F90008091FA109091FB100496080F191F0D3ED6
:100FA00081E01807F9F01093FB100093FA1080917C
:100FB000FD109091FE1001969093FE108093FD100D
:100FC000DF91CF911F910F91FF900895FC01019047
:100FD0000020E9F731978F01081B190BAFCF0F9451
:100FE000A1C0C2CF1092FB101092FA10E0CF8BE399
:100FF00095E70E94706F8EEC92E10E94706FCE01B7
:10100000FF2059F00E94706F84E295E7DF91CF9145
:101010001F910F91FF900C9497710E94F982F4CF69
:10102000CF93DF933091730520917205321320C066
:10103000EB01BC018091B702882319F080E20E9485
:10104000006780917105882399F020917305809144
:10105000E5069091E6062817190651F4209721F02D
:1010600061E0CE010E949187DF91CF910C940553EE
:10107000809173058F5F80937305DF91CF91089501
:101080000F931F93CF93DF93D62F8C01C0E0F8010D
:101090008591949161E00E949187CF5F0E5F1F4F11
:1010A000DC13F5CFDF91CF911F910F910895CF936E
:1010B000DF93CDB7DEB76E970FB6F894DEBF0FBEE5
:1010C000CDBF9E012C5D3F4FF901419151919F0190
:1010D0006EE170E0CE0101960F948CB960E0CE0114
:1010E00001960E9491876E960FB6F894DEBF0FBEF0
:1010F000CDBFDF91CF910895EF92FF920F931F9391
:10110000CF93DF93CDB7DEB76B970FB6F894DEBF02
:101110000FBECDBF8AE59FE00F9436BAE82E0AE0F5
:101120001FE0F12C48E050E0FE1479F0B801CE0148
:101130000E960F9426BA1E8A60E0CE010E960F948A
:101140006885F394085F1F4FEDCF65E97FE08E015E
:101150000F5F1F4FC8010F9426BA19868EE28F8B3E
:1011600043E050E061E97CE0CE0148960F9426BA56
:101170001B8EBE01695E7F4FC8010F9482C01F9312
:101180000F9388EE9DE69F938F930E9457880F9050
:101190000F900F900F906B960FB6F894DEBF0FBEB6
:1011A000CDBFDF91CF911F910F91FF90EF900895E8
:1011B000BF92CF92DF92EF92FF920F931F93CF9344
:1011C000DF93E091020EE111B1C0052F142FE90168
:1011D0006B017C01F8940E944555B090010EB1104E
:1011E00002C0B090000E0E94FB540F945E6580E137
:1011F000EBEEF6E0A1E7B2E001900D928A95E1F7FF
:10120000BB2061F080E090E0A0E8BFEB809371022A
:1012100090937202A0937302B0937402809139028A
:1012200090913A02909375038093740380910F0E0E
:101230009091100E90931206809311068091C9062A
:10124000809313068091410483FB882780F9809363
:10125000C60580914304809310060E94197F109266
:10126000EA1481E08093020E0F940B30789420E012
:1012700030E0A901C701B6010F9453BC20E030E073
:10128000A901F8016C2F7D2F81115AC08F2F902F4B
:101290000F9453BC882309F449C08091C60581117D
:1012A00005C061E089E19EE20E9491870F931F9340
:1012B000DF93CF9380E79AE49F938F930E945788A0
:1012C0000F900F900F900F900F900F9020E030E054
:1012D000A901C701B6010F9453BC882321F184E40E
:1012E0008F9388E48F931F921F92209179023091FF
:1012F0007A0240917B0250917C02C701B6010F94A3
:101300005EBB9F938F937F936F9386EC9EE19F9339
:101310008F930E9457888DB79EB70A960FB6F894A0
:101320009EBF0FBE8DBF81E08093FC10DF91CF91F7
:101330001F910F91FF90EF90DF90CF90BF90089595
:101340008F2F902F0F9453BC882349F2A6CF809102
:101350006504882321F180914F028230E9F4A09145
:101360004D02B0914E0228EE33E00F9456BBAB0114
:10137000BC018DE393E00F949520882331F06091B8
:10138000630470E085E00C94ECE480913D038823D5
:1013900031F060916404F5CF8111FBCFF0CF089557
:1013A0006091640484E39DE00F945ABA60916304F1
:1013B00083E39DE00F945ABA60914F0282E39DE06F
:1013C0000F945ABA60914D0270914E0280E39DE0F5
:1013D0000D9478BA882361F081E080934F02809168
:1013E00064048E3118F48EE1809364040C94A78910
:1013F00082E39DE00F9436BA80934F0284E39DE030
:101400000F9436BAF1CF80916504882331F08DE3D3
:1014100093E00F9442220C94A7890895FF920F93B2
:101420001F93CF93DF9390916504992399F18823BB
:1014300051F100914F02C82FD0E0CC0FDD1F10E01A
:10144000FF24F394212F30E080913D038F2502305B
:1014500009F080E08C0F9D2F911D281739078CF41F
:1014600081E090914F02911180E080934F020E94A1
:10147000A78969E170E080E090E00F947E1F1F5F14
:10148000E1CF00934F02DF91CF911F910F91FF9019
:101490000C94038ADF91CF911F910F91FF900895D3
:1014A0000F931F93CF93DF93C82F8091041881303F
:1014B00009F447C0823009F45DC00E9401588111CF
:1014C000FFC080910F0E9091100E009739F420917B
:1014D000C9063091CA06232B09F4F2C040913002AC
:1014E00050913102609132027091330241155105E1
:1014F0006105710509F4E4C0892B31F48091C906B6
:101500009091CA06892B29F080913F06882309F41F
:101510003FC18091110E882321F040EE52E369E231
:1015200070E08FE396E00F949520882309F4CAC0F9
:101530000F946B2581E99EE00E94E5F70F94E41774
:10154000C1C00F943A83882309F4B7CF81E090910A
:101550001118911101C080E0809307188091E90E65
:101560009091EA0E909314188093131882E0809360
:101570000418A3CF0F943A8310920818809104188E
:10158000823009F09ACF80910918811140C0D09122
:10159000111881E0D11101C080E0909107188917DE
:1015A00009F48BCF8093071889E098E10F941220FB
:1015B000DD23B1F180910518882311F18091000499
:1015C00081111EC0809114148130D1F08091FE0DE4
:1015D0009091FF0D891B8F7099F40E94B057811173
:1015E0000FC080910D0E843059F08FE59FE00F946D
:1015F00036BA811105C061E08FEF91E00E946F5310
:1016000081E08093081881E08093B70256CF64E6AA
:1016100070E089E098E10F94E31F8111B8CF4DCFBE
:1016200080910618882379F3809100048111EBCF13
:101630008091FE0D9091FF0D891B8F7021F40E9407
:10164000B057882301F38091020E8111DCCF809185
:1016500014148130C1F280910D0E8430A1F28FE517
:101660009FE00F9436BA8111CECF82E394E19F932D
:101670008F9388E194E19F938F930F94F8B8109221
:1016800006181092051820E030E0A901CA01B9013E
:101690000E94D88860E070E0CB010E94975985E6EF
:1016A0009FE00E94466D81E09FE00E94396D8FEDC2
:1016B0009DE60F94277C0F900F900F900F90A3CF73
:1016C00010923F068091FD109091FE10039714F444
:1016D0000E9409839091FE0D8091FF0D981781F073
:1016E0008091120E863061F468E873E18CE695E033
:1016F0000F94E31F882321F08CE695E00F941220CD
:10170000409181035091820360918303709184031F
:10171000411551056105710509F03FC04091340242
:101720005091350260913602709137024115510592
:1017300061057105A9F089E893E00F94952088234D
:1017400079F09091FE0D8091FF0D981309C0C111A1
:1017500007C0179A1092E806169A1092E906149A92
:10176000C09143049091FF0D8091FE0D981701F1F7
:101770008091FF0D9EE6899FF0011124EC59F84FEE
:10178000C0819091FE0D981799F08F5F8F70F9CFFF
:101790008FE396E00F94422295CF89E893E00F946F
:1017A0009520882309F4BACF8AE19EE10E944E7207
:1017B000CC2309F49FC080916F0390917003A09196
:1017C0007103B0917203892B8A2B8B2B81F40F94B8
:1017D000B11F605E7C4F8F4F9F4F60936F0370937C
:1017E00070038093710390937203CFEF0FC00F9437
:1017F000B11F00916F03109170032091710330911C
:101800007203601771078207930778F38091C80607
:10181000882309F478C0C093140280916A0581116D
:1018200007C081E080936A050F9497AD10926A0516
:10183000809138068823E1F11092380680E00E94FA
:101840000E8A4FB7F89480913606282F082E000C88
:10185000330B37FF03C03195219531092430310511
:101860000CF454C0982F87FF02C093E0980F959511
:1018700095952091E5063091E606290F311D97FDDB
:101880003A953093E6062093E506837887FF03C0F8
:1018900081508C6F8F5F809336064FBF86E00F9428
:1018A000D03A8091B702811103C081E08093B702E2
:1018B0000E94A78980913906882361F00E94EF6811
:1018C000E0917A04F0917B04309721F08091B80286
:1018D000811119950E9474710E947C7F40E355E745
:1018E00060E070E087EF93E0DF91CF911F910F915F
:1018F0000D94952010926F03109270031092710353
:101900001092720383CFC0930A0587CF10923606D8
:101910004FBF80E0C4CFCF93DF93EC010F94224FF1
:1019200081E00E94508A80E00E943860209799F000
:10193000C233D10540F062E370E080E090E00F94A4
:101940007E1FE297EBCFBE0190E080E00F947E1FF8
:10195000D0E0C0E0E3CFDF91CF910895CF93DF9344
:10196000EC016091090E70910A0E80910B0E90911E
:101970000C0E0F94CFBC20910F0E3091100EC901A8
:10198000861B970B069724F0CE010E948B8CE9CF23
:10199000DF91CF910895CF93DF93C82FDFEF0F949E
:1019A000224F81E00E94508A809112148F3FD9F417
:1019B0008091A713843021F48091AA138111EFCF75
:1019C0008091E5139091E613019749F780910C14EB
:1019D00090910D148932904811F360E089E290E80B
:1019E0000F94478ADCCFD0931214853039F4CF3F5F
:1019F000F9F261E08C2F0F9426B4D1CF8430C1F678
:101A0000DF91CF9108951F920F920FB60F9211247C
:101A10000BB60F922F933F934F935F936F937F93E8
:101A20008F939F93AF93BF93EF93FF932091780091
:101A300030917900E0913C03F0E0EE0FFF1FE45D90
:101A4000FC4F80819181820F931F918380838091CD
:101A50002B038F5F80932B03803109F056C0809158
:101A60003C038F5F80933C03883009F046C080912F
:101A70002C0390912D0390937106809370068091B2
:101A800030039091310390936F0680936E0680919E
:101A900032039091330390936D0680936C0680918E
:101AA00036039091370390937B0680937A0680915A
:101AB0003403909135039093C2068093C1068091C0
:101AC0003A0390913B039093C0068093BF0681E058
:101AD00080937A05FF91EF91BF91AF919F918F9184
:101AE0007F916F915F914F913F912F910F900BBE1E
:101AF0000F900FBE0F901F90189580912A034FE50D
:101B000053E08F5F41F410922A0380917A00806441
:101B100080937A00DFCF9A01082E02C03595279571
:101B20000A94E2F720FFEDCF80932A030E94AE3F94
:101B300010922B03EACFCF93DF93CAE7D0E08881DE
:101B40008F7B888310922B0310923C0310922A0300
:101B500080E00E94AE3FECE2F3E080E1DF011D9205
:101B60008A95E9F7888180648883DF91CF91089511
:101B70004F925F926F927F928F929F92AF92BF929D
:101B8000EF92FF920F931F93CF93DF931F92CDB7E6
:101B9000DEB744E050E064E170E088E19EE00F943D
:101BA00026BA43E050E061EC78E188E19EE00F94D2
:101BB00015B8892B09F09FC1E5E8F9E145915591E8
:101BC0006591749188ED90E00E943149E9E8F9E16E
:101BD00045915591659174918CED90E00E94314949
:101BE000EDE8F9E1649180EE90E00E94276DEEE867
:101BF000F9E16591749181EE90E00E940F6DE0E94A
:101C0000F9E16591749183EE90E00E940F6DE1E837
:101C1000F9E1459155916591749184ED90E00E94B0
:101C200031494DE559E160E170E080EB90E00E94C0
:101C3000F06C4DE659E160E170E080EC90E00E94CC
:101C4000F06C4DE759E164E070E080ED90E00E94B7
:101C5000F06C41ED50E064E170E088E19EE00F94AB
:101C600026BA0E94C45508E11EE084EBE82E8EE0FF
:101C7000F82E94EC892E99E0992EA12CB12C20EC11
:101C8000422E23E0522E612C712C20E030E048E4FB
:101C900053E4F80164897589868997890F94E7BDB3
:101CA00018164CF480E090E0A8E4B3E4F801848BCB
:101CB000958BA68BB78BF701619171918191919171
:101CC0007F0120E030E048EC52E40F94E7BD1816A5
:101CD00054F480E090E0A8ECB2E4F70134978083FC
:101CE0009183A283B383F80184A195A1A6A1B7A192
:101CF000853C9940A105B10528F0F80184A295A280
:101D0000A6A2B7A2F70184859585A685B785813CF3
:101D10009340A105B10528F0F701448655866686F3
:101D200077860C5F1F4FFEE000321F0709F0ADCF32
:101D30006091D40E70E080E00F94251D6091D50E67
:101D400070E081E00F94251D6091D60E70E082E076
:101D50000F94251D6091D70E70E083E00F94251D30
:101D60000F9403520F94AB2ECE0101960F94ED27E2
:101D700040E050E0BA0182EA9CE00E94314940E034
:101D800050E060E87FE38EE99CE00E94314948EB37
:101D90005EE165E87DE38AE99CE00E94314964E305
:101DA00078E088E99CE00E940F6D61E087E99CE0A3
:101DB0000E94276D82E09DE00F9436BA91E0811178
:101DC00001C090E090937B058EEF9CE00F943EBAAB
:101DD00060933413709335138093361390933713B5
:101DE00082EA9CE00F943EBA6093381370933913E3
:101DF00080933A1390933B138EE99CE00F943EBA84
:101E000060933C1370933D1380933E1390933F1364
:101E10008AEF9CE00F943EBA609340137093411395
:101E200080934213909343138AE99CE00F943EBA47
:101E30006093441370934513809346139093471314
:101E400088E99CE00F9444BA0F94D52440E450E014
:101E50006AEB7CE08AE493E10F9426BA86EB9CE07F
:101E60000F943EBA60938A1370938B1380938C13F4
:101E700090938D1382EB9CE00F943EBA60938E1387
:101E800070938F1380939013909391138EEA9CE03C
:101E90000F943EBA609392137093931380939413AC
:101EA000909395130F94F424811106C08BE598E16B
:101EB0000E9497710F94FB270F945C25CE01019629
:101EC0000F94E02783E695E70E94706F85E898E11C
:101ED0000E94977181E00F90DF91CF911F910F9138
:101EE000FF90EF90BF90AF909F908F907F906F90FA
:101EF0005F904F9008950E94658264E070E084E1F5
:101F000090E00E94E83F91E08927E5CF2F923F9231
:101F10004F925F926F927F928F929F92AF92BF92F9
:101F2000CF92DF92EF92FF920F931F93CF93DF93A5
:101F3000CDB7DEB7CF58D1090FB6F894DEBF0FBECC
:101F4000CDBF82E08093BF02A090EC12B090ED1262
:101F500085010E5F1E4E46E050E06AE379E2C8015B
:101F60000F9415B8892B09F0B5C08BE299E20F9454
:101F7000A451882309F48EC088E50E943941182FA6
:101F800089E50E943941811112600F944A511A82E9
:101F90001982FE01339683E1DF011D928A95E9F7EC
:101FA00048EC5FEA60E070E088E793E00F949520EA
:101FB000811110927703009177030F5F00937703ED
:101FC00088E793E00F94422280917603812B8093DF
:101FD000760310FF08C086E69FE00E94466D85E00C
:101FE0009FE00E94396D11FF08C088E69FE00E94C3
:101FF000466D83E09FE00E94396D81E00E946C6431
:1020000082E00E943860612FCE0101960E94B8459F
:10201000CE0101960E9410EE40E061E081E00E9456
:10202000287961E081EC95E2033048F11092100EBE
:1020300010920F0E80E00E946C640E94A261609179
:102040007603CE0101960E94B84510927603CE0128
:1020500001960E94036841EE5CE361E080E00E942B
:1020600046618FE30E94606040E060E090E080E0C5
:102070000E9441EF61E081110AC083EB95E20E946A
:10208000918781E08093BF020E94FF7ED3C386EADE
:1020900095E2F5CF8DE199E20F94A451882369F080
:1020A0000E94A557811106C060E070E080E89FE3C0
:1020B0000E9497590F94801EE4CF80E199E20F941B
:1020C000A4518823F1F20F94801E60E080E00E940A
:1020D00021EED7CF44E050E06BE079E2C8010F94E5
:1020E00015B8892B09F0FCC085010A5F1E4E49E036
:1020F00050E061E079E2C8010F9415B8892BC9F46A
:10210000F501E15FFE4E1081153489F01855143049
:1021100008F0B7CF4AE050E070E060E0C501805FB2
:102120009E4E0F94C1B5812F0F94E28FAACF13E07A
:10213000F1CF49E050E067EF78E2C8010F9415B89D
:10214000892B51F5F501E15FFE4E1081153411F137
:102150001855143008F095CF4AE050E070E060E088
:10216000C501805F9E4E0F94C1B5E12FF0E0ED5A9E
:10217000FA4F808140E051E002C0569547958A951C
:10218000E2F7842F880F880F81506823812F0F94E6
:10219000F99277CF13E0E0CF49E050E06DEE78E2BE
:1021A000C8010F9415B8892B09F06BCFF501E15FD9
:1021B000FE4E8081853409F490C018EAC12EC80E05
:1021C000B3E0BC1508F45DCFEC2CF12C4701880C72
:1021D000991CF401ED55FD4F0081202F2F70102F19
:1021E00012951770001F0027001F61816770660F2E
:1021F000062BF401EC55FD4FD080D694D694D6949E
:10220000ED2DE370DE2E1A821982C501805F9E4E8D
:10221000DC013C91B22E3323E1F14AE050E0BE01F3
:102220006F5F7F4F0F94C1B56F70B62E89819A8111
:10223000009779F1FC012081222359F14AE050E016
:10224000BE016F5F7F4F0F94C1B5162F1770898144
:102250009A810097F1F0DC012C912223D1F04AE021
:1022600050E0BE016F5F7F4F0F94C1B5062F0F7016
:1022700089819A81009769F0FC012081222349F02D
:102280004AE050E0BE016F5F7F4F0F94C1B56370AD
:10229000D62EF401ED55FD4F17701295107F602F6B
:1022A0006795662767951B29162B1083602F669507
:1022B0000181007E2D2D2370D22EDD0CDD0CDD0C76
:1022C000062BD02AD182F701ED5AFA4F50E040E0B8
:1022D00060818C2D0F94BA1CD4CEB3E0CB2E74CF7A
:1022E00045E050E067EE78E2C8010F9415B8892BFD
:1022F00009F0D9C18091110E882309F448C082EAFF
:1023000095E20F94A451882379F08091CF051F9214
:102310008F9381E895E19F938F930F94F8B80F9076
:102320000F900F900F90ADCE8EE995E20F94A451CF
:10233000882319F010927C04A4CE8BE995E20F94C7
:10234000A451882321F18091CD059091CE0561E0C3
:1023500003960F949F860F949E818C018091821723
:1023600090918317A0918417B09185178093FE17E1
:102370009093FF17A0930018B0930118802F0E942C
:102380005D6E0A30110539F70F94BB7A7ACE8DED68
:1023900098E20F94A451882309F43CC01092C80617
:1023A00014E6C12CD12C76016F9A779864E170E025
:1023B00080E090E00F947E1F0F94581F4B015C014A
:1023C000F8946F98679BFECF78940F94581FDC01A8
:1023D000CB0188199909AA09BB09C816D906EA06CA
:1023E000FB0610F46C017D011150F1F680E995E2D5
:1023F0000E94706F8CE895E235EFC31631E0D3068A
:10240000E104F10410F489E895E20E9497716F9855
:10241000779A37CE89ED98E20F94A451882321F161
:1024200040912404509125042CE3249FC001259F52
:10243000900D11249F938F93409122045091230477
:10244000249FC001259F900D11249F938F9381EDB0
:1024500097E19F938F930F94F8B80F900F900F9080
:102460000F900F900F900DCE84ED98E20F94A45131
:10247000882311F18CE89FE00F9436BA811110C0C7
:1024800061E084EE9DE60E94918760E085EA9FE02E
:102490000F945ABA60E08FE79CE00F945ABAF1CDDE
:1024A000813009F0EECD0F94B02F8CE695E00F94BB
:1024B00012200F94BD1FE5CD8DEC98E20F94A4512E
:1024C000882321F080E00F94160EDBCD87EC98E294
:1024D0000F94A451882351F01092FC1F1092FD1FFD
:1024E0001092FE1F1092FF1F0E94575784EC98E233
:1024F0000F94A4518823A9F044E150E065E17DE008
:10250000CE0101960F9426BA8C89882329F089EB95
:1025100098E20F941FB9B5CDCE0101960F94C5C0B6
:10252000B0CD85EB98E20F94A451882329F089EA75
:1025300098E20E949771A5CD85EA98E20F94A45184
:10254000882319F086E898E2F4CF81E898E20F94A6
:10255000A451811196CD8EE798E20F94A45188235F
:1025600079F081EA9DE00F9436BA4BE0849FC00178
:10257000112470E060E0805B924F0F9478BA81CDB7
:102580008BE798E20F94A451882351F00E94A26136
:1025900040E070E060E084E690E00F94AC3C71CDE8
:1025A00087E798E20F94A4518823E1F086E50E9422
:1025B0003941882309F465CD0E94F34011E0892B4D
:1025C00009F410E00F944A5180911C1490E0181700
:1025D000190609F456CD10931C1483EF96E00F945E
:1025E00095524FCD80E798E20F94A451882309F4C7
:1025F00048CD84E40E9439418823A1F00E94CC4553
:1026000020E030E04AE754E40F9403B520E030E0E6
:1026100040E05FE30F945EBB0F94D6BCCB010E94F9
:1026200062F82FCD8CE698E20F94A451882321F014
:102630008091110E811112C085EA9DE00F9444BA79
:10264000BC0190E080E00F94C2B420E030E04AE7A3
:1026500054E40F945DBC0F948C7A13CD8091CD051A
:102660009091CE0502969093CE058093CD050E9461
:10267000CC456B017C016FEF87EA9DE00F945ABA5D
:1026800020E030E04AE754E4C701B6010F9403B5F7
:1026900020E030E040E05FE30F945EBB0F94D6BCD7
:1026A00085EA9DE06ACFD8018C91873411F00C94B3
:1026B000089F1093CE050093CD050E94F3409093A0
:1026C0009703809396038B34910509F4D0C60CF0E0
:1026D00049C18430910509F422C60CF0C5C097FDAC
:1026E000CFC002970CF0A0C10E94CE3E8C010E9488
:1026F000F3466091E6037091E7038091E8039091BF
:10270000E9030F94C2B46B017C014090F70650902E
:10271000F8066090F9067090FA068090D7069090BF
:10272000D806A090D906B090DA06A5019401C3019D
:10273000B2010F945DBB20E030E048EC52E40F940E
:1027400003B59B01AC01C701B6010F94E7BD181694
:10275000D4F4A3019201C501B4010F945DBB20E044
:1027600030E048EC52E40F9403B5A70196010F94B2
:102770005EBB0F94D6BC6093E6037093E70380932F
:10278000E8039093E90380919A0E882309F444C1E9
:1027900088E50E94394181113FC189E50E94394194
:1027A00081113AC18AE50E943941811135C185E420
:1027B0000E943941882309F42FC12091F7063091F6
:1027C000F8064091F9065091FA066091D70670918B
:1027D000D8068091D9069091DA060F945DBB6B0103
:1027E0007C012DEC3CEC4CEC5DEB0F9453BC87FF73
:1027F00005C18091E70681110C946AC60F944A5175
:102800008091D7069091D806A091D906B091DA06AA
:102810008093F7069093F806A093F906B093FA0612
:1028200087EF96E00F9462529091E70681E0892746
:102830000F947E91C157DF4F0FB6F894DEBF0FBEE5
:10284000CDBFDF91CF911F910F91FF90EF90DF905F
:10285000CF90BF90AF909F908F907F906F905F9040
:102860004F903F902F9008958531910509F4D7C07E
:10287000FCF48A30910509F49BC50B9709F49CC5BB
:102880008091EC129091ED128E5F9E4E9F938F93EC
:102890001F9287E48F9383EF96E19F938F930F941A
:1028A000F8B80F900F900F900F900F900F90B7C047
:1028B0008C31910509F482C54E9711F70F944A5156
:1028C00081E08093000E0E94F3568C0180E090E03E
:1028D000A8E4B4E48093B9029093BA02A093BB0237
:1028E000B093BC0243E060E070E080E291EC0F94B2
:1028F00068948091F6068F938091F5068F9380916E
:10290000F4068F938091F3068F938091F2068F9354
:102910008091F1068F938091F0068F938091EF065E
:102920008F938091EE068F938091ED068F93809127
:10293000EC068F938091EB068F9386E69AE39F9344
:102940008F938CEA97E19F938F930F94F8B8C80107
:102950000E94D9561092000E0FB6F894DEBF0FBE3B
:10296000CDBF5DC08835910509F459C0F4F48135B7
:10297000910511F40C94579E5CF48C34910509F484
:1029800099C58035910509F07BCF0E944D7947C0EC
:102990008635910511F40C945B9E8735910509F0FD
:1029A0006FCF80E10E9468EA3AC08C35910511F43E
:1029B0000C94679E74F48A35910511F40C94609E12
:1029C0008B35910509F05CCF8091410487600C94B0
:1029D000639E8236910511F40C94F59E8336910521
:1029E00009F04ECF1092110E60E084EC9FE00F943E
:1029F0005ABA82E00E9438600C94049F2DEC3CECA3
:102A00004CEC5DE3C701B6010F94E7BD181624F442
:102A10008091E7068111F2CEC8010E949A5D109262
:102A20009703109296032DCB0E94CE3EE0969FAF67
:102A30008EAFE0970E94F34689E40E9439418823D3
:102A400009F400C40E94CC4560938E0370938F03F9
:102A500080939003909391038AE40E943941C12CA2
:102A6000D12C7601882321F00E94CC456B017C019A
:102A7000C0929203D0929303E0929403F092950354
:102A8000E0919603F0919703C257DF4FF983E883F3
:102A9000CE58D04080908E0390908F03A0909003EA
:102AA000B0909103A7019601C501B4010F94FABD3E
:102AB000AE966CAF7DAF8EAF9FAFAE97609139028F
:102AC00070913A02072E000C880B990B0F94C4B436
:102AD0002091B9023091BA024091BB025091BC02E0
:102AE0000F9403B52EE333EC4EE259E30F9403B594
:102AF000AA966CAF7DAF8EAF9FAFAA9780E1EBEE49
:102B0000F6E0DE01119601900D928A95E1F7A5019C
:102B1000940150586E962CAF3DAF4EAF5FAF6E979D
:102B2000D701C601B0586A968CAF9DAFAEAFBFAFAC
:102B30006A9729813A814B815C81E6962CAF3DAF43
:102B40004EAF5FAFE697C501B4010F945EBBEA9646
:102B50006CAF7DAF8EAF9FAFEA978D819E81AF81C5
:102B6000B885EE968CAF9DAFAEAFBFAFEE979C0130
:102B7000AD01C701B6010F945EBBCE57DF4F68832E
:102B800079838A839B83C258D04029853A854B85B7
:102B90005C856091D3067091D4068091D5069091A2
:102BA000D6060F945DBBC258DF4F688379838A8352
:102BB0009B83CE57D0402091CB063091CC064091DC
:102BC000CD065091CE06CA57DF4F288339834A83FA
:102BD0005B83C658D040EA962CAD3DAD4EAD5FAD9F
:102BE000EA97CA57DF4F688179818A819B81C658ED
:102BF000D0400F945DBB6B017C018091CF0690911A
:102C0000D006A091D106B091D206C657DF4F888377
:102C10009983AA83BB83CA58D040CE57DF4F2881FF
:102C200039814A815B81C258D040BC01CD010F94EB
:102C30005DBB4B015C013090DC0E2090DD0E90916D
:102C4000DE0E6F969FAF6F97A091DF0EA396AFAF8A
:102C5000A397A70196016E966CAD7DAD8EAD9FAD2D
:102C60006E970F9403B52B013C01A50194016A9660
:102C70006CAD7DAD8EAD9FAD6A970F9403B59B0192
:102C8000AC01C301B2010F945EBB2B013C01A50155
:102C900094016E966CAD7DAD8EAD9FAD6E970F9429
:102CA00003B54B015C01A70196016A966CAD7DAD41
:102CB0008EAD9FAD6A970F9403B59B01AC01C50122
:102CC000B4010F945DBBA30192010F94DDBB6B01B6
:102CD0007C0120E030E0A9010F9453BC87FF0AC0BB
:102CE0002BED3FE049EC50E4C701B6010F945EBB09
:102CF0006B017C016091E50E7091E60E6115710526
:102D000009F4A4C290E080E00F94C2B49B01AC012E
:102D10006BED7FE089EC90E40F945DBCAE962CAD3A
:102D20003DAD4EAD5FADAE970F9403B55B018C0129
:102D30006091E70E7091E80E61157105F1F090E079
:102D400080E00F94C2B420E030E040E752E40F94FA
:102D500003B59B01AC01AA966CAD7DAD8EAD9FAD68
:102D6000AA970F945DBC3B014C019501A8010F94FB
:102D700053BC87FF02C0530184014090E00E509085
:102D8000E10E6090E20E7090E30E9501A801B20191
:102D9000C3010F94E7BD1816C4F09501A801632D77
:102DA000722D6F968FAD6F97A3969FADA3970F94DB
:102DB00053BC2501380187FF08C0432C522C6F9665
:102DC0006FAC6F97A3967FACA397C257DF4FE88194
:102DD000F981CE58D040329751F42BED3FE049ECC9
:102DE00050E4C701B6010F945DBB6B017C01CA576B
:102DF000DF4F288139814A815B81C658D040E696F1
:102E00006CAD7DAD8EAD9FADE6970F9453BC811137
:102E100025C0C657DF4F288139814A815B81CA5856
:102E2000D040EE966CAD7DAD8EAD9FADEE970F941C
:102E300053BC811113C020E030E0A901C701B601E5
:102E40000F9453BC81110AC02BED3FE049EC50E4D4
:102E5000C701B6010F945EBB6B017C01A70196010F
:102E6000AE966CAD7DAD8EAD9FADAE970F9403B5B4
:102E7000C258DF4F288139814A815B81CE57D040CB
:102E80000F94FABD4B015C012FE632E143E85AE3AF
:102E90000F9453BC87FDCFC19201A301C501B401BA
:102EA0000F945DBC0F943CBC0F94D6BCA4967FAF2E
:102EB0006EAFA4976230710508F48BC1E0964EADF9
:102EC0005FADE097452B09F484C15091E40E6F96F5
:102ED0005FAF6F9790E080E00F94C2B44B015C014C
:102EE000AC019B01C701B6010F945DBC2B013C01F5
:102EF000A5019401C258DF4F688179818A819B8145
:102F0000CE57D0400F945DBCEE966CAF7DAF8EAFC8
:102F10009FAFEE972D853E854F8558896091D706E6
:102F20007091D8068091D9069091DA060F945DBB16
:102F3000A50194010F945DBCC258DF4F688379836B
:102F40008A839B83CE57D040A3019201C301B20173
:102F50000F9403B56B017C01AC019B01C301B2016D
:102F60000F9403B520E030E040EC50E40F945DBCDA
:102F70009B01AC01C301B2010F945DBBAE966CAF77
:102F80007DAF8EAF9FAFAE9720E030E040E05FE3D3
:102F9000C701B6010F9403B59B01AC0160E070E07E
:102FA00080E89FE30F945DBBE6966CAF7DAF8EAF7C
:102FB0009FAFE69722242394312C6F968FAD6F97A5
:102FC00081114DC1B10190E080E00F94C2B4A30122
:102FD00092010F9403B56B017C010F9458BC6A9663
:102FE0006CAF7DAF8EAF9FAF6A97C701B6010F94EC
:102FF0001EBF4B015C01C0908E03D0908F03E09008
:103000009003F0909103F7FAF094F7F8F094209180
:103010009203309193034091940350919503A296AB
:103020002CAF3DAF4EAF5FAFA297A70196016A9656
:103030006CAD7DAD8EAD9FAD6A970F9403B56E9666
:103040006CAF7DAF8EAF9FAF6E97A2962CAD3DADAE
:103050004EAD5FADA297C501B4010F9403B59B01BE
:10306000AC016E966CAD7DAD8EAD9FAD6E970F943D
:103070005EBB6E966CAF7DAF8EAF9FAF6E97A701B4
:103080009601C501B4010F9403B56B017C01A296B2
:103090002CAD3DAD4EAD5FADA2976A966CAD7DADEA
:1030A0008EAD9FAD6A970F9403B59B01AC01C7012C
:1030B000B6010F945DBB6A966CAF7DAF8EAF9FAFCC
:1030C0006A973091E40E6F963FAF6F976E962CAD76
:1030D0003DAD4EAD5FAD6E97EA966CAD7DAD8EADFC
:1030E0009FADEA970F945EBB69837A838B839C8341
:1030F0006A962CAD3DAD4EAD5FAD6A97CE57DF4FB2
:10310000688179818A819B81C258D0400F945EBBCF
:103110006D837E838F839887EE962CAD3DAD4EAD4B
:103120005FADEE9769857A858B859C850F945EBB34
:1031300069877A878B879C87C258DF4F28813981BE
:103140004A815B81CE57D0406D857E858F85988979
:103150000F945EBB6D877E878F87988BCE0101961B
:103160000E945B5DE0968EAD9FADE0972816390614
:1031700008F1E984FA840B851C852D813E814F81FD
:10318000588569817A818B819C813F922F92ABEE29
:10319000B6E0BF93AF93AA968CAC9DACAEACBFAC7F
:1031A000AA97DE011D966D010F94BC520F900F90EF
:1031B0000F900F908091050E81113DC0BFEF2B1A2B
:1031C0003B0AA496EEADFFADA497E215F30509F016
:1031D000F4CE8BEC96E00E945B5DE090D306F0901D
:1031E000D4060091D5061091D6062091CF063091D5
:1031F000D0064091D1065091D2066091CB067091D5
:10320000CC068091CD069091CE061F921F92EBEED8
:10321000F6E0FF93EF93AA968CAC9DACAEACBFAC3E
:10322000AA97E7EDCE2EE6E0DE2E0F94BC520F906B
:103230000F900F900F900E945A3F89E893E00F94EF
:103240004222EDCB60E070E0CB01FECBA32CB22C90
:103250006F960FAD6F97A3961FADA39769CD6F962D
:103260004FAD6F9741506F964FAF6F97AE962CADA5
:103270003DAD4EAD5FADAE976E966CAD7DAD8EAD96
:103280009FAD6E970F9403B56B017C01E6962CAD54
:103290003DAD4EAD5FADE6976A966CAD7DAD8EAD42
:1032A0009FAD6A970F9403B59B01AC01C701B601AE
:1032B0000F945EBB7B018C01E6962CAD3DAD4EAD0F
:1032C0005FADE6976E966CAD7DAD8EAD9FAD6E97A2
:1032D0000F9403B54B015C01AE962CAD3DAD4EADE8
:1032E0005FADAE976A966CAD7DAD8EAD9FAD6A97C2
:1032F0000F9403B59B01AC01C501B4010F945DBBF4
:103300006E966CAF7DAF8EAF9FAF6E97C701D80141
:103310006A968CAF9DAFAEAFBFAF6A97D7CE80E550
:103320000E943941C12CD12C7601882331F00E94B2
:10333000CC450F94D6BC6B017C0183E50E943941DA
:10334000882361F00E94CC4520E030E04AE754E455
:103350000F9403B50F94D6BC6B017C01C114D1044A
:10336000E104F10441F080911D07873021F088ECE1
:1033700097E10E94EDED0F944A510F94B11FC60ED4
:10338000D71EE81EF91E89E893E00F9442220F949D
:10339000B11F6C157D058E059F0508F040CB0F947D
:1033A000224F80E00E94508A80E00E943860EFCF78
:1033B00081E00F947E9133CB80E0FBCF88E50E94C3
:1033C0003941382E412C512C3201882321F00E94A2
:1033D00000412B013C0189E50E943941282E8823B8
:1033E00009F43EC00E9400416E966CAF7DAF8EAF77
:1033F0009FAF6E978AE50E943941D82E812C912C7F
:103400005401882321F00E9400414B015C0187E5B3
:103410000E94394167968FAF679783E40E943941D4
:103420006796FFAD6797FF938F93CD2C6E96ECACAC
:10343000FDAC0EAD1FAD6E97222DB301A201832D01
:103440000E9447770F900F903110E9CA2110E7CA08
:1034500067962FAD67972111E2CAD110E0CA95CACD
:103460006E961CAE1DAE1EAE1FAE6E97C3CF08E2A9
:1034700010E023EAE22E27E1F22E602F70E090E0C8
:1034800080E00F94C2B40E94A5419F938F937F93D5
:103490006F931F930F93FF92EF920F94F8B80F5F03
:1034A0001F4F0FB6F894DEBF0FBECDBF0F3611050C
:1034B00021F7B5CA20E030E040E251E46091F20328
:1034C0007091F3038091F4039091F5030F94E7BD9D
:1034D00087FF05C088E598E20E949771A0CA82E044
:1034E0000E9475EA811105C088E492E10E94E5F727
:1034F00096CA8091E806882341F08091E9068823E6
:1035000021F01091EA06111108C081E08093FC10AF
:103510008DE19EE20F94277C82CA81E092E10E94B5
:10352000E5F741E060E087E49AE60E9441EF81110F
:103530005FC080E090E0A0EAB0E48093F30690934F
:10354000F406A093F506B093F60660E070E088E418
:1035500092E40F942B6580E090E0A8E4B2E48093BD
:10356000F3069093F406A093F506B093F60680E078
:1035700090E0A4E3B3E48093EF069093F006A09369
:10358000F106B093F20660E070E088E492E40F94F4
:103590002B650F944A518AEF99E60E94E5F7EFE711
:1035A000FFE685919591A591B4918093EF06909354
:1035B000F006A093F106B093F206EBE7FFE68591E3
:1035C0009591A591B4918093EB069093EC06A0930E
:1035D000ED06B093EE0660E070E088E492E40F94AC
:1035E0002B650F944A5141E060E080E00E94287909
:1035F00020E030E04CE052E46091F2037091F3037C
:103600008091F4039091F5030F94E7BD18160CF028
:1036100075C08091110E811171C080E090E0A8EC1E
:10362000B2E48093F3069093F406A093F506B0936A
:10363000F60660E070E088E492E40F942B650F9446
:103640006B2519821A821B821C821D82CE01019673
:103650000F94422203E291E8E92E95E2F92E20E050
:1036600030E04CE052E46091F2037091F3038091FA
:10367000F4039091F5030F94E7BD1816B4F58BEBA6
:1036800091E10E94C3F342E864E080E00E9452614D
:103690001F920F936091F2037091F3038091F403F2
:1036A0009091F5030F94CFBC7F936F93FF92EF92AD
:1036B0000E944A6081E80E94606088EE93E00E9468
:1036C0008B8C0E947E6F40E053E567E070E0CE0196
:1036D00001960F9495200F900F900F900F900F90E0
:1036E0000F90882309F4BBCF10E081E00E946C6446
:1036F000111104C080E00F94490B91C90F944A51F5
:1037000081E08093000E0E946C648AE398E20E943C
:1037100097718090F2039090F303A090F403B0901F
:10372000F50320E030E040EA50E4C501B4010F9415
:103730005DBC0F94CFBC25E0269FA001279F500DB4
:103740001124BA01550F880B990B0F94C4B41B01B7
:103750007C0120E030E04CE052E40F9453BC87FF42
:1037600006C0212C312C0CE0E02E82E4F82E222D14
:10377000332D4E2D5F2DC501B4010F94E7BD1816F2
:1037800064F420E030E040EA50E4622D732D8E2D89
:103790009F2D0F945EBB1B017C01FF92EF923F9225
:1037A0002F928AE897E19F938F930F94F8B820E0C7
:1037B00030E040EF51E4622D732D8E2D9F2D0F943C
:1037C0005DBB20E030E04CE852E40F945EBB0F9408
:1037D000CFBC7093CA066093C90684E080931D072E
:1037E00081E0809354048DE49BE30E94EDED80E042
:1037F00090E0A0EAB0E48093F3069093F406A093DF
:10380000F506B093F60660E070E088E492E40F9469
:103810002B6580E090E0A0EAB1E48093EB06909302
:10382000EC06A093ED06B093EE0680E090E0A0E7F2
:10383000B2E48093EF069093F006A093F106B09364
:10384000F20660E070E088E492E40F942B658AE968
:1038500099E9A9E1BEE38093F3069093F406A0935F
:10386000F506B093F60660E070E088E492E40F9409
:103870002B650F944A510F900F900F900F900F905F
:103880000F902091F2033091F3034091F403509193
:10389000F503622D732D8E2D9F2D0F94E7BD181605
:1038A0003CF488EE93E00E948B8C0E947E6FE9CFFF
:1038B00060E086EA9FE00F945ABA80E090E0A0EAC8
:1038C000B0E48093F3069093F406A093F506B093CA
:1038D000F60660E070E088E492E40F942B65EBE775
:1038E000FFE685919591A591B4918093EB06909315
:1038F000EC06A093ED06B093EE06EFE7FFE68591A8
:103900009591A591B4918093EF069093F006A093C2
:10391000F106B093F20660E070E088E492E40F9460
:103920002B650F944A5143E060E070E080E89FEB24
:103930000F946894811105C00F94490B1092000EEA
:103940006EC89091F30667969FAF6797A091F406B3
:103950006B96AFAF6B97B091F5066F96BFAF6F9751
:10396000E091F606A796EFAFA797EF93BF93AF93BB
:103970009F938DE797E19F938F930F94F8B80F90E3
:103980000F900F900F900F900F90BEEAAB2EBFE0FC
:10399000BB2E13E2C12ED12C0FEF1FEFB6010D2C61
:1039A000000C880B990B0F94C4B42B013C01DF92DF
:1039B000CF92C80102969F938F9321E437E13F9302
:1039C0002F930F94F8B848015FEF851A950A0F906E
:1039D0000F900F900F900F900F9011F40C9478C6E9
:1039E00070E060E0C5010F9478BAA3019201622DE6
:1039F000732D8E2D9F2D0F9453BC181644F485E023
:103A00008816910411F00C9484C605E010E058016A
:103A100097E2A91A98EFB90AAA0CBB1C85E0809F0F
:103A20001001819F300C11240D5F1F4FFAE94F2EBA
:103A3000F9E95F2EF9E16F2EFEE37F2EA8E08A2ED2
:103A4000A7E19A2EC801029705970CF0D4C0B101E6
:103A5000635D7F4F072E000C880B990B0F94C4B445
:103A60006B017C011F930F93A4E3B7E1BF93AF9366
:103A70000F94F8B80093540420E030E040EF51E494
:103A8000C701B6010F945DBB20E030E040E251E495
:103A90000F9403B520E030E040EA50E40F945DBCA1
:103AA00020E030E048E452E40F945EBB0F94CFBCBA
:103AB0007093CA066093C90680E090E0A0EAB0E483
:103AC0008093F3069093F406A093F506B093F60660
:103AD00060E070E088E492E40F942B6520E030E031
:103AE00040EA51E42093EB063093EC064093ED0658
:103AF0005093EE0680E090E0A0E7B2E48093EF06FA
:103B00009093F006A093F106B093F20660E070E0A7
:103B100088E492E40F942B654092F3065092F406E9
:103B20006092F5067092F60660E070E088E492E438
:103B30000F942B650F944A510F900F900F900F9098
:103B40002091F2033091F3034091F4035091F50377
:103B5000C701B6010F94E7BD18163CF488EE93E058
:103B60000E948B8C0E947E6FEBCF80E090E0A0EAF9
:103B7000B0E48093F3069093F406A093F506B09317
:103B8000F60660E070E088E492E40F942B65EBE7C2
:103B9000FFE685919591A591B4918093EB06909362
:103BA000EC06A093ED06B093EE06EFE7FFE68591F5
:103BB0009591A591B4918093EF069093F006A09310
:103BC000F106B093F20660E070E088E492E40F94AE
:103BD0002B650F944A5143E060E070E080E89FEB72
:103BE0000F94689495E0290E311C0F5F1F4F8111CF
:103BF00004C00F94490B81E09FCE67967FAD679715
:103C00006B966FAD6B976F969FAD6F97A7968FADC5
:103C1000A797272F362F492F582F6091F3067091C1
:103C2000F4068091F5069091F6060F945DBBF62E92
:103C3000E72ED82EC92E2091240E3091250E4091CA
:103C4000260E5091270ED701F6016B2F7A2F8F2F5A
:103C50009E2F0F9403B50F94CFBCA6966CAF7DAF8B
:103C60008EAF9FAFA697CF92DF92EF92FF92809197
:103C7000F5038F938091F4038F938091F3038F93D7
:103C80008091F2038F939F928F920F94F8B8A4962D
:103C90006EAD7FADA497C5010F9478BAA2E0AA0ECD
:103CA000B11C0FB6F894DEBF0FBECDBFCBCE0E94C5
:103CB000307F0C940F9580E10E9413EA0C940F95CD
:103CC00080914104887F809341040C940F956EEDA0
:103CD000C62E62E0D62E8E010F5B1F4F9E012F5F16
:103CE0003F4F790172EE872E72E0972E580139010D
:103CF000D6018D916D010E943941F50181935F01DB
:103D0000882341F00E94CC45D7016D937D938D931C
:103D10009C931397B4E0EB0EF11C8C149D0441F7B7
:103D2000F801D380DD2029F120E030E0A9016D8584
:103D30007E858F8598890F9453BC81111AC0D80154
:103D40008C91811116C011968C911197811111C01F
:103D500012968C9181110DC01092F7061092F80600
:103D60001092F9061092FA0681E080931C050C94DB
:103D70000F950F944A51F12CE12CF80181918F019C
:103D80008823D1F097012551394F5901F301EE0DE8
:103D9000FF1D2081318142815381F701E059F14FAC
:103DA00060817181828193810F945EBBD5016D9397
:103DB0007D938D939C931397B4E0EB0EF11CECE094
:103DC000EE16F104D1F6DD2061F08D859E85AF857C
:103DD000B8898093F7069093F806A093F906B093FC
:103DE000FA060F94D1600C940F9581E08093110E28
:103DF00061E084EC9FE00F945ABA1092FD0360E0FA
:103E00008FEF9FE00F945ABA0E9463EC0C940F95C9
:103E10008D3411F00C94EDC41093CE050093CD05B4
:103E2000F801319681918032E9F38930D9F38053DA
:103E30008A3030F01F930F9386E298E20C948B91B6
:103E40000E94F3409093040E8093030E893C9105E9
:103E500011F40C94F7AC0CF0FEC28E34910511F401
:103E60000C94ABA80CF004C28C31910509F4D6C7B0
:103E70000CF0F1C08531910509F4E9C60CF05AC087
:103E80008131910509F4DAC6DCF4029708F445C6DD
:103E90008091EC129091ED128E5F9E4E9F938F93C6
:103EA0001F928DE48F9383EF96E19F938F930F94EE
:103EB000F8B80F900F900F900F900F900F9012C6C0
:103EC0008231910511F40C9413AA449709F781E00B
:103ED0008093BF0283EE96E10E94977184E50E9471
:103EE0003941182F8CE40E94394100E080FB00F931
:103EF00010FB01F980E795E10E94526E83E2E0E752
:103F0000F5E1DE01119601900D928A95E1F720E02E
:103F100050E040E0BE016F5F7F4F88EF92E00F946A
:103F2000397ECE0101960E94576E85ED96E10E9482
:103F30009771D8C58831910509F49AC684F4863101
:103F4000910509F488C6479709F0A2CF8091CD0565
:103F50009091CE0561E004960F949F86C3C58A3187
:103F6000910509F4CBC60CF0EBC60EED12E0FFE3B1
:103F7000AF2EF2E0BF2EA1E2CA2EA2E0DA2EB5E10A
:103F8000EB2EB2E0FB2EF80181918F010E943941A6
:103F9000882321F10E94CC45D6014D905D906D9013
:103FA0007C90A30192010F9453BC87FD11C00E9425
:103FB000CC45F7014080518062807380A30192015B
:103FC0000F94E7BD181624F00E94CC452B013C014C
:103FD000D5014D925D926D927C921397B4E0AB0E39
:103FE000B11CE4E0CE0ED11CF4E0EF0EF11C22E097
:103FF000013E120741F683E50E943941882311F4FE
:104000000C9485BD0E94E64081116CC580E090E073
:10401000A8E4B2E480933F0290934002A09341024F
:10402000B093420280E090E0AEE3B3E480934302B9
:1040300090934402A0934502B093460280E090E042
:10404000A0EAB1E48093470290934802A09349020A
:10405000B0934A0247C58D32910509F480C70CF030
:10406000D9C08F31910509F408C70CF059C08D31C2
:10407000910509F437C54E9709F00ACF8091EB14EA
:10408000882309F42FC50F94BB7A0091CD051091B8
:10409000CE050C5F1F4F8091EB14882309F422C5D5
:1040A0008AE797E10F94D6431092EA1423961FAF44
:1040B0000EAF2397CE018F5B9F4F0F941A868823F4
:1040C00009F410C523964EAD5FAD2397609193150B
:1040D0007091941519821C8222E0CE0101960F94F2
:1040E000A1698111A3C610E0CE0101960E94576E0E
:1040F000112309F4B2C687E495E20E94706F2396FB
:104100008EAD9FAD23970E9405831092FE171092EB
:10411000FF1710920018109201180F94E483E2C464
:104120008A32910509F4D0C68C32910509F4FEC695
:10413000809709F0ADCE8091EA1481110F944A5115
:104140000091CD051091CE050C5F1F4F61E270E02C
:10415000C8010F948DC0009719F08C010F5F1F4F9D
:1041600080E50E943941F82E8091CD059091CE05D1
:104170000817190708F4F12C8091EB14882309F42F
:10418000B1C461E06F25C8010F949F8683E50E944A
:104190003941882399F08091CD059091CE05801703
:1041A000910760F40E9400416093FE177093FF171F
:1041B00080930018909301180F94C67C8091EB14A3
:1041C000882331F081E08093EA1485E08093120E19
:1041D000F11088C480917D17882361F08091FE17CB
:1041E0009091FF17A0910018B0910118892B8A2B8C
:1041F0008B2B69F40E9487411092850310928603ED
:10420000109287031092880380E00E94F0810F943F
:10421000B02F68C48934910509F4E5C6CCF48E3218
:10422000910509F4A2C68834910509F031CE83E5E1
:104230000E943941882309F4C7C60E94E6408823BA
:1042400009F4BFC6813009F04DC48093120E4AC4F0
:104250008C34910509F467C70CF078C78B3491054D
:1042600009F016CE0E9441F8882309F43BC4CFCF51
:104270008E36910511F40C940AAB0CF07DC0863596
:10428000910511F40C9463AAB4F58335910511F4EA
:104290000C940DAA74F48F34910509F477C7823514
:1042A000910509F0F5CD80914104877F8093410409
:1042B00019C48435910511F40C9413AA8535910520
:1042C00009F0E6CD83E50E943941882309F40AC448
:1042D0000E94CC4520E030E04AE754E40F9403B557
:1042E0000F94D6BC60938103709382038093830301
:1042F00090938403F7C38936910509F4A3C7C4F4E6
:104300008C35910511F40C9480AA8836910509F03A
:10431000BFCD83E50E943941882309F4E3C30E949D
:10432000CC450F94CFBC7093100E60930F0EDAC380
:104330008B36910511F40C940AAA14F40C94FCA980
:104340008D36910509F0A4CD80E19DE40E94EDED4C
:1043500081E080933F040F94664783E50E943941D2
:10436000882309F482C70E94CC450F94CFBC709378
:10437000100E60930F0E7EC78737910511F40C94D1
:104380004CAC94F58237910511F40C9401ACA4F473
:104390008037910509F443C78137910509F078CD3D
:1043A00083E50E943941882311F40C941BAB0E94D1
:1043B000E64080932F0296C38537910511F40C9443
:1043C00004AC14F00C9414AC8337910509F060CD63
:1043D00086E50E943941882311F40C9430AB8BEBB5
:1043E0009EE40E9497717EC38C38910509F41BC727
:1043F00054F48B37910511F40C94B1AC8D379105C1
:1044000009F4B3CD45CD8E3B910509F463C7883CD3
:10441000910511F40C94B4AC8B39910509F038CDA9
:1044200083E50E943941882359F00E94E640809339
:10443000E214882309F412C783EE94E10F94422218
:1044400083E40E943941882309F40BC70E94E640A7
:104450008093E11447C3863FF1E09F0711F40C9469
:1044600069B60CF0F7C18C3231E0930711F40C946B
:1044700075AF0CF01BC1803D910511F40C9463AE37
:104480000CF073C08D3C910511F40C94CDAD9CF5EE
:104490008B3C910511F40C9444AD8C3C910509F0D2
:1044A000F7CC83E50E943941882311F40C949CAD2C
:1044B0000E94CC456093D80E7093D90E8093DA0E8B
:1044C0009093DB0E60934C0E70934D0E80934E0EC6
:1044D00090934F0E84E50E943941882309F402C36A
:1044E0000E94CC456093500E7093510E8093520EF3
:1044F0009093530EF7C28E3C910511F40C9446AE86
:104500008F3C910509F0C4CC83E50E943941882392
:1045100051F00E94CC4560939B0E70939C0E80934B
:104520009D0E90939E0E86E40E943941882361F08F
:104530000E94CC450E94D25660939F0E7093A00EAD
:104540008093A10E9093A20E8AE50E9439418823A0
:1045500009F4C8C20E94CC456093A30E7093A40EC8
:104560008093A50E9093A60EBDC28C3D910511F4CB
:104570000C94CAAE0CF07DC0813D910511F40C94F1
:1045800087AE863D910509F083CC80E50E943941D4
:10459000882311F40C94B6AE0E94CC452B013C014B
:1045A00083E50E943941882311F40C94C0AE0E9427
:1045B000CC454B015C018EE40E943941D090E40E61
:1045C000882329F00E94CC450F94D6BCD62E82E5D4
:1045D0000E943941E090E50EF090E60E882329F024
:1045E0000E94CC450F94D6BC7B0186E40E943941E1
:1045F0000091E70E1091E80E882329F00E94CC4527
:104600000F94D6BC8B0120E030E0A901C301B201B8
:104610000F9453BC18160CF065C220E030E0A901DD
:10462000C501B4010F9453BC87FD5CC2A501940180
:10463000C301B2010F9453BC87FD54C24092DC0EFB
:104640005092DD0E6092DE0E7092DF0E8092E00ED0
:104650009092E10EA092E20EB092E30ED092E40EA0
:10466000F092E60EE092E50E1093E80E0093E70E4E
:1046700039C2823E910511F40C941BAF803F910525
:1046800009F430C28D3D910509F002CC83E50E940A
:104690003941882311F40C9409AF0E94F3409093A0
:1046A000BE028093BD020E94C4551CC2803951E0F5
:1046B000950711F40C943AB60CF0A7C08F32B1E014
:1046C0009B0711F40C9419B0C4F48D32F1E09F07EC
:1046D00011F40C949CAF8E32914009F0D9CB83E554
:1046E0000E943941882311F40C9415B00E94F340C4
:1046F00090936C0280936B02F5C1863331E093078F
:1047000011F40C944CB08E3541E0940711F40C94E4
:10471000FDC28033914009F0BBCB80E50E94394156
:10472000882351F00E94CC4560938C0E70938D0EBF
:1047300080938E0E90938F0E89E40E9439418823D6
:1047400081F00E94CC452CEA35EC47E25EE30F9401
:1047500003B56093900E7093910E8093920E909398
:10476000930E84E40E943941882381F00E94CC4555
:104770002CEA35EC47E25EE30F945DBC6093940E47
:104780007093950E8093960E9093970E0F94AB2E88
:1047900084EF9FE20E94706F85EE96E20E94706F38
:1047A00060918C0E70918D0E80918E0E90918F0E77
:1047B00042E00E94F26E81EE96E20E94706F2CEA57
:1047C00035EC47E25EE36091900E7091910E80911E
:1047D000920E9091930E0F945DBC42E00E94F26E97
:1047E0008DED96E20E94706F2CEA35EC47E25EE3B5
:1047F0006091940E7091950E8091960E9091970E07
:104800000F9403B50F948C7A6DC18639A1E09A0795
:1048100011F40C945CB674F48339E1E09E0711F452
:104820000C943EB68539914009F032CB81E00E946C
:10483000ED6B58C1843F21E0920711F40C9461B6EE
:1048400014F00C9465B6843A914009F021CB0E9493
:10485000307F48C1833C52E0950711F40C9483C427
:104860000CF092C08A35B2E09B0711F40C9494BD11
:104870002CF58832F2E09F0711F40C9480B99CF477
:10488000873F31E0930711F40C946DB68D3F914052
:1048900009F0FECA83E695E70E94706F8DEC96E200
:1048A0000E94706F1FC1883552E0950711F40C9477
:1048B000B2B98935924009F458CBEACA8E3BB2E0CE
:1048C0009B0711F40C9443C40CF04CC08B35F2E000
:1048D0009F0711F40C949CBD8D3B924009F0D8CAFF
:1048E00080911414813011F40C94E2C31FEF8CE416
:1048F0000E943941C12CD12C6CE8E62E62E4F62EE0
:10490000882321F00E94CC456B017C018AE50E943E
:104910003941882311F40C94F3C30E94CC459F774E
:104920000E94735F4B015C018AE50E943941082FA8
:104930000F94068E86E10F9466478091141481309F
:1049400011F00C94F8C3153018F4812F0F94510D09
:10495000109200040F944482C501B40190580E9443
:10496000735FC0C0813C32E0930711F40C9477C4AC
:1049700014F00C947DC4803C924009F089CA80EC0C
:1049800092E00E946A45AEC08438A3E09A0711F411
:104990000C942AC10CF095C08235E3E09E0711F417
:1049A0000C94A2BD94F5843C22E0920711F40C947F
:1049B000A0C4853C924009F06BCA83E50E9439414E
:1049C000882351F00E94E640882311F40C94CCC453
:1049D000813011F40C94D9C480911414813091F475
:1049E00088E50E943941882369F00E94E6408130C1
:1049F00011F40C94E7C410F40C94E2C48A3211F45C
:104A00000C94EBC40F940D7C6DC08D3543E094077E
:104A100011F40C9418BF8E3553E0950711F40C94E3
:104A2000B0BF8C35934009F033CA83E50E94394109
:104A3000882309F457C00E94F3408C018BED91E16B
:104A40000E94EDED86E496E20E94706FC8010F941B
:104A50001F7C0F94B11F4B015C0110920E0E8091D0
:104A60000F0E9091100E892B41F4FF24F394809146
:104A7000C9069091CA06892B09F0F12C2801012E54
:104A8000000C66087708F1100C94D8BE80910E0EC9
:104A9000811112C0C301B2010F94C4B42091F2037A
:104AA0003091F3034091F4035091F5030F94E7BD67
:104AB000181614F40C94EABE84EF9FE20E94EDED08
:104AC00011C08139B3E09B0711F40C945DC284F4EA
:104AD0008B38F3E09F0711F40C94D9C18C389340C4
:104AE00009F0D6C91092040E1092030E0C94419056
:104AF000843933E0930714F40C94ACC2803A9340A9
:104B000009F0C6C98091CD059091CE0521E0209392
:104B1000E91405960F94BE8CE5CF0091CD05109158
:104B2000CE050E5F1F4F80E50E943941C12CD12C6C
:104B30007601882321F00E9400416B017C0183E50E
:104B40000E943941882351F00E9400419B01AC0131
:104B5000A8EEB3E00F94CBBA6B017C01C8010F5FE4
:104B60001F4FDC014C914032C9F326E020931D0712
:104B7000C114D104E104F104A1F52C91222389F19F
:104B80000E9410EE0F944A5180912F04846080930C
:104B90002F0489E893E00F944222C114D104E10468
:104BA000F104A1F10F94B11FC60ED71EE81EF91E25
:104BB00084E08093BF020F94B11F6C157D058E05B4
:104BC0009F05D8F082E08093BF0280912F048B7FF5
:104BD00080932F048091EA14882359F110921D07C5
:104BE00081CF8091110E811105C080EF91E10E946B
:104BF000EDEDC8CF10921D07C5CF0E94F46881115A
:104C0000E1CF90E080E00E948B8CD5CF1091BF0265
:104C100084E08093BF020E94EF680E94F4688111D3
:104C200005C090E080E00E948B8CF7CF1093BF020C
:104C3000CCCF88E69DE60E94EDED54CF87EE91E162
:104C40000E94EDED17981698159814984BCF81E0B7
:104C50000F94168847CF1092EA141092EB1483E653
:104C600095E70E94706F81ED9DE20E9497713ACFA7
:104C70000E94A557882319F00E94BAEE33CF0E94F4
:104C800041F8882309F42ECF80917D17882361F0A5
:104C90008091FE179091FF17A0910018B091011814
:104CA000892B8A2B8B2B69F40E94874110928503F4
:104CB00010928603109287031092880380E00E946E
:104CC000F0818091EB14882331F081E08093EA1425
:104CD00085E08093120E0F94B02F809114148130D0
:104CE00009F000CF8091EA13882309F4FBCE80916C
:104CF00011188111F7CE0F94CDB3F4CE8091EB143F
:104D0000882309F4EFCE83E50E943941882309F412
:104D1000E9CE0E9400416B017C01C092FE17D09247
:104D2000FF17E0920018F09201180F94C67CC09211
:104D30008503D0928603E0928703F0928803D2CE57
:104D400080E50E943941182F0E94A557882391F0D1
:104D50008091020E882349F080916A02811105C07A
:104D600081E795E20E949771BDCE85E695E20E94AB
:104D70009771B8CE8091EA14882309F44AC01123B0
:104D8000E1F10F944B810E94686F8FE695E10E94DC
:104D9000706F6091FE177091FF17809100189091CD
:104DA00001184AE00E94716E8FE20E945D6E609170
:104DB000F7177091F8178091F9179091FA174AE058
:104DC0000E94716E0E94686F0F94D82E2CE330E021
:104DD00040E050E00F94A9BAC9016CE370E00F9471
:104DE000FFBA8C0190E080E00E94D66E8AE30E94B8
:104DF0005D6EC8010F941F7C75CE809101158823CC
:104E000029F081E095E10E940583BFCF8CEE94E10B
:104E1000FACF85E595E20E94977164CE8091CD0529
:104E20009091CE0504960F94BE8C5CCECE01019677
:104E30000F94A77D882309F456C961E0CE0101963D
:104E40000F948743009709F44EC925EEFC01208397
:104E50001C820F947B3E182F47C98FE295E20E9477
:104E6000706F23968EAD9FAD23970E94F9828EE2DC
:104E70000E945D6E0E94686F35CE0F94D82E2CE391
:104E800030E040E050E00F94A9BA7F936F933F93D6
:104E90002F9387E198E29F938F938E010F5F1F4FAF
:104EA0001F930F930F944DB983E695E70E94706F9F
:104EB000C8010E940583C8010E9410EE0FB6F89445
:104EC000DEBF0FBECDBF0ECE83E50E9439418823E1
:104ED00009F408CE0E94E640082F80E50E9439417F
:104EE0001DE0882319F00E94E640182FEBEFF7E24F
:104EF0008491811709F4F6CD319638E2E731F30752
:104F0000B9F7163081F40093430461E0812F0E94C9
:104F1000BBE4602F812F0E948DE4602F70E0812F11
:104F20000E94ECE4DFCD17FDDDCDEFCF80E10E94E4
:104F300013EA81EA9DE00F9436BA4BE0849FC001EA
:104F4000112470E060E0805B924F0F9478BA82E0A9
:104F50000E9413EA0E9458400E949952C3CD8AE5EC
:104F60000E9439410F94B695BDCD80915B1788237F
:104F700019F1CE0101960F94268D8823C1F0898105
:104F80000E945D6E8EE20E945D6E8A810E945D6E5F
:104F90008EE20E945D6E8B810E945D6E8EE20E94A9
:104FA0005D6E8C810E945D6E0E94686F9BCD8BED63
:104FB00097E20E94706F96CD87ED97E20E949771FD
:104FC00091CD1092120E8ECD8091120E1F928F9362
:104FD00083EC96E19F938F930F94F8B80F900F9006
:104FE0000F900F907FCD80E50E943941882321F0FA
:104FF0000E94E6408093AC0282E50E9439418823FA
:1050000041F00E94CC450F94D6BC7093B0026093DF
:10501000AF0281E50E943941882321F00E94E640D9
:105020008093AB0283E50E943941882341F00E94BE
:10503000CC450F94D6BC7093B4026093B30283E462
:105040000E9439418823A9F00E94CC456B017C0164
:1050500020E030E0A9010F9453BC6FEF7FEF1816EA
:1050600024F4C701B6010F94D6BC7093AE026093CE
:10507000AD0284E40E9439418823A9F00E94CC4506
:105080006B017C0120E030E0A9010F9453BC6FEF6D
:105090007FEF181624F4C701B6010F94D6BC7093A5
:1050A000B2026093B1028091AE028F938091AD0203
:1050B0008F938091B0028F938091AF028F938091F4
:1050C000AC02282F082E000C330B3F938F9389E6F8
:1050D00096E19F938F9300E716E11F930F930F9430
:1050E000F8B88091B2028F938091B1028F93809132
:1050F000B4028F938091B3028F938091AB02282FDB
:10510000082E000C330B3F938F9382E696E19F931A
:105110008F931F930F930F94F8B80FB6F894DEBFD8
:105120000FBECDBFDFCC8091F603813009F0DACC21
:1051300082E08093F6030F94B11F6093B7067093DB
:10514000B8068093B9069093BA06CCCC0F94D42FAE
:105150000E942A56C7CC80ED97E20E94706F8DEEB8
:105160009FE00F943EBA4AE00E94716E8AEC97E28B
:105170000E94706F81EF9FE00F943EBA4AE00E9458
:10518000716E85EC97E20E949771ACCC87EF93E04B
:105190000F94422283E50E943941882309F162E29B
:1051A00070E08091CD059091CE050F948DC08C015B
:1051B000892BB1F00F5F1F4F62E270E0C8010F94BE
:1051C0008DC0892B69F0E1EBF6E083E0DF011D92F1
:1051D0008A95E9F742E050E0B801CF010F94B6C0DC
:1051E0008CE89FE00F9436BA813009F07BCC0E94A6
:1051F0009B57882309F476CC0E94A557882309F48D
:1052000071CC80914B05882329F080E496E10E94BF
:10521000977168CC83E296E10E94977163CC86E037
:1052200096E10E944E7283E50E943941882309F479
:1052300059CC0E94CC450F94CFBC7093CA066093A2
:10524000C90650CC81EC97E20E94706F0E94DE701C
:105250000E94E26D81E08093FC1044CC1092E31434
:10526000EFC881E08093E1143DCC82E50E94394192
:10527000811179C80F94B11F6B017C0160910F0EF1
:105280007091100E072E000C880B990B0F94C4B46C
:1052900011E02091090E30910A0E40910B0E5091B1
:1052A0000C0E0F94E7BD18160CF010E01093080ECA
:1052B000C701B6010F94358982E09DE40E94EDEDAF
:1052C00082E080933F040F94664789E893E00F944F
:1052D000422208CC86EF9CE40E94EDED83E08093AF
:1052E0003F0481E00F94664783E50E943941182FFF
:1052F000882349F00E94CC450F94CFBC7093CA0616
:105300006093C90605C082E50E9439418111F2CF40
:105310000F94B11F6B017C0110920E0E6091C906B3
:105320007091CA06072E000C880B990B0F94C4B419
:1053300001E020914C0530914D0540914E05509172
:105340004F050F94E7BD18160CF000E00093080E0F
:1053500080910E0E81111CC06091C9067091CA0621
:10536000072E000C880B990B0F94C4B49B01AC0161
:1053700060914C0570914D0580914E0590914F05BF
:10538000E091080EEE2381F00F9453BC87FD12C00C
:105390008DEE9CE40E94EDED84E080933F0489E86B
:1053A00093E00F9442229ECB0F94E7BD181684F72A
:1053B0001111EECF80910D0E823051F30F94B11F79
:1053C0006C197D098E099F09693E7340810591051D
:1053D00050F08091110E811102C00E947E6F0F94D7
:1053E000B11F6B017C010F94224F80E00E94508A14
:1053F00080E00E943860ACCF83E50E943941882369
:1054000029F00E94E640809343046CCB8FEF809399
:10541000430468CB1092430465CB809141048860BB
:10542000809341045FCB83E50E943941882399F042
:105430000E94CC4520E030E04AE754E40F9403B5E5
:105440000F94D6BC60933402709335028093360279
:105450009093370247CB88E50E9439418823D1F0E9
:105460000F944A5188E50E943941811128C089E58D
:105470000E943941882319F0169A1092E9068AE5AC
:105480000E94394185E40E943941882309F42ACBDE
:10549000149A28CB89E50E9439418111E1CF8AE530
:1054A0000E9439418111DCCF85E40E94394181118C
:1054B000D7CF0F944A51149A0E94418213CB179A66
:1054C0001092E806D4CF83E50E943941882309F47D
:1054D00009CB0E94CC4520E030E04AE754E40F9429
:1054E00003B50F94D6BC6093300270933102809361
:1054F0003202909333028FE396E00F944222F2CA75
:105500004EEDC42E42E0D42E58E1E52E5EE0F52E9D
:1055100010E0F60181916F010E943941882309F45E
:1055200067C00E94CC452B013C01133009F06AC0D2
:1055300020E030E040EA51E40F9453BC87FF4EC0B6
:10554000A30192016091280E7091290E80912A0E7C
:1055500090912B0E0F945DBC4B015C01AC019B0143
:1055600060916C0E70916D0E80916E0E90916F0E29
:105570000F9403B560936C0E70936D0E80936E0E56
:1055800090936F0E20906F0230907002A5019401ED
:10559000D1011C966D917D918D919C911F970F94D7
:1055A00003B5F10164877587868797876091BC058D
:1055B0007091BD058091BE059091BF050F94C2B456
:1055C000A50194010F9403B50F94D6BC6093BC055C
:1055D0007093BD058093BE059093BF054092280E41
:1055E0005092290E60922A0E70922B0E0F948B828D
:1055F000B4E0EB0EF11C1F5F143009F08ACF0F945A
:10560000035270CAD70114964D925D926D927C92AE
:105610001797EECF8EE40E943941882309F462CABD
:105620000E94004160937D0370937E0380937F030B
:105630009093800357CA83E695E70E94706FC090ED
:105640002F02D12CF12CE12C8AEB97E20E94706F93
:105650004AE0C701B6010E94716E0E94686F42CA9B
:1056600085E50E943941882309F457C00091CD0592
:105670001091CE050F5F1F4F1093CE050093CD05FF
:1056800080915A04882309F42DCABE016F5F7F4FB1
:10569000C8010E94A0EC882309F424CA85E798E495
:1056A000DE011196BE01675F7F4FFC014591549169
:1056B0002D913D914217530710F40C949AC624176C
:1056C000350708F40FCA0296A617B70771F70ACA7A
:1056D0004BE851E163E080E00E94466140E068EE03
:1056E00073E082E390E00F94AC3C84EF91E00E9481
:1056F0008B8C40E068EE73E082E390E00F94AC3C6A
:105700008EE190E00E94EFF281E00E946C640E94C2
:10571000A26180E00E943860E5C941E150E060E8A4
:105720007CE0CE0101960F9426BA8CE997E20E94A4
:10573000706F8BEB9EE40E94706F8AE997E20E9483
:10574000706F85E997E20E94706F83E997E20E948B
:10575000706F89E897E20E94706F8FE297E20E9473
:10576000706F8BE297E20E94706F8CE197E20E946B
:10577000706FCE0101960E94F9828AE097E20E9442
:10578000706F89E097E20E9497711F9231E3F32EC8
:10579000FF928EE195E29F938F9307ED14E21F93A2
:1057A0000F930F94F8B81F92FF928EE095E29F93AB
:1057B0008F931F930F930F94F8B81F92FF928AEF65
:1057C00094E29F938F931F930F930F94F8B81F92B7
:1057D000FF928DEE94E29F938F931F930F930F94FC
:1057E000F8B81F92FF9282EE94E29F938F931F93DB
:1057F0000F930F94F8B80FB6F894DEBF0FBECDBF6D
:1058000071C90E9463706EC9E091CD05F091CE051B
:10581000CF0104962481203209F401960E9410EEF3
:1058200087E080931D075EC90091CD051091CE05DC
:105830000B5F1F4F83E0F12C40E08150E9F0D8016D
:105840009C91292F2B7F2134B9F411962C9121336F
:1058500099F4913471F0953409F441E098012E5F88
:105860003F4F89012F5F3F4FF80190819032C9F37C
:10587000E4CFFF24F394F2CF442321F083E695E7AD
:105880000E94706FFF2021F086E097E20E94706F07
:10589000C8010E94058326C98DEE95E10E94706FB4
:1058A0000E94686F85EE95E10E94706F1E9947C057
:1058B00080EE95E10E94706F0E94686F8EEC95E11A
:1058C0000E94706F8091060182FD3CC080EE95E1E0
:1058D0000E94706F0E94686F86EC95E10E94706F65
:1058E0001D9933C080EE95E10E94706F0E94686F31
:1058F0008EEB95E10E94706F8091060187FD28C0B4
:1059000080EE95E10E94706F0E94686F86EB95E1D2
:105910000E94706F1C991FC080EE95E10E94706F0D
:105920000E94686F8EEA95E10E94706F019B16C01D
:1059300080EE95E10E94706F0E94686FD3C886ED7B
:1059400095E1B8CF86ED95E1C3CF86ED95E1CCCF5B
:1059500086ED95E1D7CF86ED95E1E0CF86ED95E137
:10596000E9CF0E948F56BEC884E50E943941882342
:1059700069F00E94E640882349F083E695E70E949B
:10598000706F87E995E10E94F982ACC884E40E94B7
:105990003941882309F4A6C80E94CC4520E030E0B4
:1059A000A9010F9453BC811105C01092AF0E0E9443
:1059B000C45598C80E94CC456B017C0120E030E0C2
:1059C000A9010F9453BC811106C0C12CD12C20EE2B
:1059D000E22E2FE3F22EC092B00ED092B10EE092E2
:1059E000B20EF092B30E81E08093AF0EE0CF8EED59
:1059F000C82E82E0D82E98E1E92E9EE0F92E10E024
:105A0000D6018D916D010E943941882341F10E9498
:105A1000CC450F94D6BC12304CF5653CB9E07B0701
:105A20008105910540F5562F472F382F292F613CCE
:105A3000E3E07E078105910520F050EC43E030E083
:105A400020E0D70194966D937D938D939C939797C7
:105A5000F701E455FF4F5083418332832383B4E041
:105A6000EB0EF11C1F5F143059F6C9CD562F472F8E
:105A7000382F292FE6CF50EC43E030E020E064ECF3
:105A800079E080E090E0DDCF1EEDA12E12E0B12E96
:105A900008E1C02E0EE0D02E912CF50181915F011E
:105AA0000E943941882371F10E94CC457B018C0111
:105AB000F1E0F915B8F120E030E048E453E40F9448
:105AC000E7BD181644F15E2C6F2C702E812E20E05D
:105AD00030E048EC52E4B701C8010F94E7BD181656
:105AE00034F1852D962DA72DB82DF601848B958B3D
:105AF000A68BB78BC701D801E456FF4F80839183F3
:105B0000A283B3839394F4E0CF0ED11C24E09212CD
:105B1000C4CF0C9472A5512C612CA8E47A2EB3E466
:105B20008B2ED5CF562E6F2C782E812EDACFE12CEE
:105B3000F12C08EC12E4D5CF80E50E94394188238E
:105B400051F00E94CC4560934C0E70934D0E8093A3
:105B50004E0E90934F0E82E50E943941882351F0FA
:105B60000E94CC456093500E7093510E8093520E5C
:105B70009093530E84E50E943941882311F40C94CC
:105B800072A50E94CC456093D80E7093D90E809375
:105B9000DA0E9093DB0E0C9472A583E50E943941D6
:105BA000882351F00E94CC456093540E7093550E9B
:105BB0008093560E9093570E84E50E9439418823B6
:105BC00051F00E94CC456093580E7093590E80930B
:105BD0005A0E90935B0E82E40E943941882361F053
:105BE0000E94CC450F94D6BC60935C0E70935D0E02
:105BF00080935E0E90935F0E88E50E943941882362
:105C000091F00E94CC456093640E7093650E809372
:105C1000660E9093670E6093600E7093610E809392
:105C2000620E9093630E89E50E943941882351F0FA
:105C30000E94CC456093640E7093650E8093660E4F
:105C40009093670E8AE50E943941882351F00E94A3
:105C5000CC456093680E7093690E80936A0E9093A2
:105C60006B0E85E40E943941882311F40C9472A5CF
:105C70000E94CC450E948B8160936C0E70936D0ED8
:105C800080936E0E90936F0E0C9472A50EED12E041
:105C9000F0E7EF2EFEE0FF2ED8018D918D010E94DE
:105CA0003941882339F00E94CC45F7016083718324
:105CB00082839383F4E0EF0EF11C22E0013E120791
:105CC00059F70C9472A583E50E943941882351F05D
:105CD0000E94CC456093A70E7093A80E8093A90EE6
:105CE0009093AA0E86E40E943941882311F40C9403
:105CF00072A50E94CC450E94D2566093AB0E709361
:105D0000AC0E8093AD0E9093AE0E0C9472A583E50D
:105D10000E943941882311F40C9472A50E94E64038
:105D20008823C1F08130E1F083E695E70E94706F2F
:105D300084E895E10E94706F8091EC129091ED12D1
:105D40008E5F9E4E0E94F98281E097E20E949771D9
:105D50000C9472A510929A0E1092E7060C9472A5FC
:105D600080939A0E1092E7060C9472A54090DC0E78
:105D70005090DD0E6090DE0E7090DF0E0C94D0A27D
:105D80008090E00E9090E10EA090E20EB090E30EB5
:105D90000C94DBA282E40E943941182F882341F041
:105DA0008091390290913A0290932E0280932D02B5
:105DB00083E50E943941082F882339F00E94F3407F
:105DC00090933A0280933902102F82E50E94394164
:105DD000882351F080912D0290912E0290933A02E7
:105DE000809339020C9472A511110C9472A58091C4
:105DF0003A028F93809139028F938BEF96E29F93B3
:105E00008F930F94F8B80F900F900F900F900C9401
:105E100072A58091BE028F938091BD028F9385EF12
:105E200096E29F938F930F94F8B80F900F900F9076
:105E30000F900C9472A580E50E943941882311F4DB
:105E40000C9472A50E94F3407C0183E50E943941C5
:105E50000FEF1FEF882319F00E94F3408C01C80157
:105E60000196039710F00C9472A5EBEFF7E227E18F
:105E700038E28491082E000C990BE816F90611F40B
:105E80000C9472A531962E173F0799F7F7FE02C0C2
:105E90000C9472A50F944A51DE2C60E08E2D0E9466
:105EA000BBE40F3F1007B1F00130110511F010E015
:105EB00000E08D2D0E9464E48017910711F40C948A
:105EC00072A50F94224F80E00E94508A80E00E94C9
:105ED0003860EFCF8E2D0E9464E431E020E0892B02
:105EE00009F030E0032F122FE4CF80E50E94394102
:105EF00008EE13E0882329F00E94CC450F94D6BC0D
:105F00008B0183E50E943941882371F00E94CC45C2
:105F10000F94D6BC6115710549F4B80190E080E09A
:105F20000F947E1F0C9472A570E060E040E0C80101
:105F30000F94AC3C0C9472A580E50E9439418823F3
:105F400051F00E94CC456093800E7093810E809337
:105F5000820E9093830E89E40E943941882381F058
:105F60000E94CC452CEA35EC47E25EE30F9403B582
:105F70006093840E7093850E8093860E9093870EA7
:105F800084E40E943941882381F00E94CC452CEAA8
:105F900035EC47E25EE30F945DBC6093880E70932E
:105FA000890E80938A0E90938B0E0F94AB2E84EF04
:105FB0009FE20E94706F81EF96E20E94706F609185
:105FC000800E7091810E8091820E9091830E42E03E
:105FD0000E94F26E8DEE96E20E94706F2CEA35EC14
:105FE00047E25EE36091840E7091850E8091860E8B
:105FF0009091870E0F945DBC42E00E94F26E89EE94
:1060000096E20E94706F2CEA35EC47E25EE3609105
:10601000880E7091890E80918A0E90918B0E0F944C
:1060200003B50F948C7A0C9472A590E080E00C94E8
:1060300078A385E40E94394110E000E0882359F0FC
:106040000E94F3408C01C12CD12C7CE8E72E72E435
:10605000F72E97FD06C0C12CD12CE6E1EE2EE3E42D
:10606000FE2E83E50E943941882321F00E94CC4511
:106070006B017C0183E40E943941882351F00E9426
:10608000F3409C01A801C701B6010F947F4B0C940B
:1060900072A585E090E0F5CF89E40E94394188231C
:1060A00009F430C20E94F340AB968FAFAB9782E504
:1060B0000E943941882309F42AC20E94CC45E29605
:1060C0006CAF7DAF8EAF9FAFE29780E50E94394104
:1060D000C12CD12C60ECE62E6FE7F62E882321F040
:1060E0000E94CC456B017C0185E50E9439418823E3
:1060F00009F418C20E94CC456E966CAF7DAF8EAF8E
:106100009FAF6E9786E50E943941882309F415C236
:106110000E94CC45A2966CAF7DAF8EAF9FAFA29789
:1061200083E40E943941882309F412C20E94CC45BD
:106130006A966CAF7DAF8EAF9FAF6A9784E40E9482
:106140003941882309F40FC20E94CC45AA966CAF4E
:106150007DAF8EAF9FAFAA978CE40E9439410FEFBD
:106160001FEF882319F00E94F3408C0183E50E9401
:106170003941882309F402C20E94F340E3968FAFAD
:10618000E39782E40E943941882309F4FCC10E940C
:10619000F340E7968FAFE79784E50E943941882363
:1061A00009F4F6C10E94CC45A6966CAF7DAF8EAFC8
:1061B0009FAFA69785E40E943941412C512C50ECA9
:1061C000652E5FE7752E882321F00E94CC452B01B8
:1061D0003C0187E50E943941812C912C40ECA42E92
:1061E0004FE7B42E882321F00E94CC454B015C017F
:1061F00081E40E94394122242A94322C882319F008
:106200000E94F3401C0186E40E943941882309F46E
:10621000CAC10E94F340EB968FAFEB97E2962CAD8C
:106220003DAD4EAD5FADE297CA01B9010F946CBFB1
:10623000882309F4C1C1A7019601C701B6010F94D3
:106240006CBF882309F4B8C16E962CAD3DAD4EAD40
:106250005FAD6E97CA01B9010F946CBF882309F432
:10626000ABC1A2962CAD3DAD4EAD5FADA297CA01BC
:10627000B9010F946CBF882309F49EC16A962CADB6
:106280003DAD4EAD5FAD6A97CA01B9010F946CBFC9
:10629000882309F491C1AA962CAD3DAD4EAD5FADFA
:1062A000AA97CA01B9010F946CBF882309F484C16D
:1062B000A6962CAD3DAD4EAD5FADA697CA01B90116
:1062C0000F946CBF882309F477C1A5019401C5011F
:1062D000B4010F946CBF882309F46EC1A30192012D
:1062E000C301B2010F946CBF882309F465C1AB965A
:1062F0004FADAB9747FF60C1E3965FADE39757FFA4
:106300005BC1E7968FADE79787FF5BC137FE9FC103
:1063100017FD4EC1CE0101960F94ED27A7019601FE
:10632000C701B6010F946CBF882309F431C26E9681
:106330002CAD3DAD4EAD5FAD6E97CA01B9010F9466
:106340006CBF81110EC06E962CAD3DAD4EAD5FADF4
:106350006E97209338133093391340933A13509328
:106360003B13A2962CAD3DAD4EAD5FADA297CA01D9
:10637000B9010F946CBF81110EC0A2968CAD9DAD7A
:10638000AEADBFADA29780933C1390933D13A09305
:106390003E13B0933F136A962CAD3DAD4EAD5FAD4D
:1063A0006A97CA01B9010F946CBF81111BC020E02C
:1063B00030E0A9016A966CAD7DAD8EAD9FAD6A9758
:1063C0000F94E7BD181674F46A962CAD3DAD4EAD32
:1063D0005FAD6A972093401330934113409342136B
:1063E00050934313AA962CAD3DAD4EAD5FADAA9729
:1063F000CA01B9010F946CBF81110EC0AA968CAD71
:106400009DADAEADBFADAA97809344139093451355
:10641000A0934613B093471317FD03C0C8010F9410
:10642000D524A6962CAD3DAD4EAD5FADA697CA0165
:10643000B9010F946CBF81110EC0A6962CAD3DAD75
:106440004EAD5FADA69720938A1330938B13409384
:106450008C1350938D13A5019401C501B4010F94C1
:106460006CBF811111C020E030E0A901C501B40169
:106470000F94E7BD181644F480928E1390928F13F8
:10648000A0929013B0929113A3019201C301B201A3
:106490000F946CBF811111C020E030E0A901C3014D
:1064A000B2010F94E7BD181644F440929213509233
:1064B00093136092941370929513C0909213D0909E
:1064C0009313E0909413F0909513A70196016091B7
:1064D0008E1370918F1380919013909191130F945C
:1064E000E7BD181644F4C0928E13D0928F13E09239
:1064F0009013F09291130F945C25CE0101960F94A6
:10650000E027C8C04FEFAB964FAFAB97D0CD80E040
:1065100090E0A0ECBFE7E2968CAF9DAFAEAFBFAF0F
:10652000E297D3CD20E030E040EC5FE76E962CAFF1
:106530003DAF4EAF5FAF6E97E5CD80E090E0A0EC51
:10654000BFE7A2968CAF9DAFAEAFBFAFA297E8CD2D
:1065500020E030E040EC5FE76A962CAF3DAF4EAFF5
:106560005FAF6A97EBCD80E090E0A0ECBFE7AA9622
:106570008CAF9DAFAEAFBFAFAA97EECD9FEFE396C6
:106580009FAFE397FECDAFEFE796AFAFE79704CEAF
:1065900020E030E040EC5FE7A6962CAF3DAF4EAF79
:1065A0005FAFA69707CE3FEFEB963FAFEB9736CEA8
:1065B0000F9414240C9472A5E7969FADE79797FD6E
:1065C00009C081E0E796AFADE797A11101C080E077
:1065D00080933D02A7019601C701B6010F946CBFDD
:1065E000882309F497CE6E962CAD3DAD4EAD5FADD0
:1065F0006E97CA01B9010F946CBF882309F48ACE43
:10660000A2962CAD3DAD4EAD5FADA297CA01B901CA
:106610000F946CBF882309F47DCE6A962CAD3DADF6
:106620004EAD5FAD6A97CA01B9010F946CBF882364
:1066300009F470CEAA962CAD3DAD4EAD5FADAA97D4
:10664000CA01B9010F946CBF882309F463CE17FD0A
:1066500002C00C94B9C6A6962CAD3DAD4EAD5FAD53
:10666000A697CA01B9010F946CBF882309F452CED2
:10667000A5019401C501B4010F946CBF882309F4EE
:1066800049CEA3019201C301B2010F946CBF8823CC
:1066900009F440CEAB963FADAB9737FD3BC0E296D9
:1066A0002CAD3DAD4EAD5FADE297CA01B9010F947F
:1066B0006CBF81112FC0AB964FADAB97403154F5F5
:1066C00020E030E0A901E2966CAD7DAD8EAD9FADCE
:1066D000E2970F9453BC1816ECF4CE0101960F9478
:1066E000ED27AB965FADAB9784E05802F001112423
:1066F000E65BFC4EE2962CAD3DAD4EAD5FADE29754
:1067000020833183428353830F945C25CE0101960D
:106710000F94E027E3963FADE39737FD06C081E095
:10672000311101C080E00F948C2837FE02C00C9418
:1067300072A511E0EB964FADEB9714160CF010E03C
:1067400081E080933C028091FE0D9091FF0D891BAA
:106750008F7041F480910D0E853069F10E940158CF
:10676000882349F185EC94E29F938F9381E090E038
:106770008C0F9D1F9F938F930F944DB9CE0101965F
:106780000E94DCED0F900F900F900F900C9472A56B
:1067900020E030E0A901C701B6010F94E7BD18164B
:1067A0000CF0C5CDC0923413D0923513E09236135D
:1067B000F0923713BCCD83E08093BF0280912F0409
:1067C000826080932F040F94E4172091401330913E
:1067D000411340914213509143136E962CAF3DAF3D
:1067E0004EAF5FAF6E9780E4EAE4F3E1DE0111960D
:1067F00001900D928A95E1F730917B0567963FAF46
:106800006797812F0F94AE288FEA94E20E949771C8
:106810002114310419F426EE222E312C80E00F943D
:106820000A2482E0482E512C93E9692E94E2792EB5
:10683000AE014F5B5F4F4A0112E31092100E1092AF
:106840000F0E20E030E048E452E46091090E7091B0
:106850000A0E80910B0E90910C0E0F94E7BD87FDF0
:1068600058C01F921F9389E794E29F938F939F9242
:106870008F920F944DB9C4010E94DCED0091430446
:106880008FEF0F940A240F900F900F900F900F909E
:106890000F90C090090ED0900A0EE0900B0EF09071
:1068A0000C0E20E030E048E452E4C701B6010F943A
:1068B000E7BD87FD27C080917905811123C0209114
:1068C000BB063091BC064091BD065091BE0660915A
:1068D0008A1370918B1380918C1390918D130F9468
:1068E0005EBB20E030E040EA50E40F945EBB9B01C9
:1068F000AC01C701B6010F9453BC87FD03C00F94D0
:10690000FB50C7CF802F0F940A2480E197E20F94A9
:1069100028517F926F92EBE6F4E2FF93EF939F9200
:106920008F920F944DB9C4010E94DCED3092100E8D
:1069300020920F0E0F94660E5C01809179050F90E6
:106940000F900F900F900F900F9081117AC0A114AB
:10695000B10409F476C060914A1370914B13809191
:106960004C1390914D139B01AC010F946CBF882385
:1069700061F080E090E0A8E4B2E480934A13909341
:106980004B13A0934C13B0934D13C090BB06D09003
:10699000BC06E090BD06F090BE0600E020E030E0CE
:1069A00040EA51E460E473E1C5010E948DE29B017D
:1069B000AC010F946CBF811144C00F9406514A94EE
:1069C000452809F485C080E395E70F9428513F924C
:1069D0002F927F926F924EE554E25F934F939F9276
:1069E0008F920F944DB9C4010E94DCED0F94660E96
:1069F000209179050FB6F894DEBF0FBECDBF2111EF
:106A000020C00097F1F0C090BB06D090BC06E0908B
:106A1000BD06F090BE0620E030E048E452E46AE4AF
:106A200073E10E948DE2BCE86B2EB4E27B2E44241D
:106A30004394512C9B01AC010F946CBF882309F443
:106A4000FCCE81E080933C020F946B2580913C0248
:106A5000882309F4FDC08BE994E29F938F939F9262
:106A60008F920F944DB9C4010E94DCED809179059D
:106A70000F900F900F900F90882319F08FEF0F94C5
:106A80000A240F9414246E962CAD3DAD4EAD5FAD2F
:106A90006E972093401330934113409342135093C9
:106AA000431380E4FE013196AAE4B3E101900D9214
:106AB0008A95E1F767968FAD67970F948C280E94AF
:106AC000EF6880912F048D7F80932F040C9472A522
:106AD0008FEF0F940A2480E395E70F942851E6E89E
:106AE0006E2EE3E17E2E1FEFFFE0AF2EB12C212CA6
:106AF000312CA0EC4A2EAFE75A2EF30120823182CE
:106B000042825382812F0F940A2480E197E20F94EE
:106B10002851BF92AF922AE434E23F932F939F9281
:106B20008F920F944DB9C4010E94DCED0F94660E54
:106B3000209179050F900F900F900F900F900F906C
:106B400021117FCF009709F47CCFC090BB06D09075
:106B5000BC06E090BD06F090BE0620914A1330912D
:106B60004B1340914C1350914D130A2DB3010E94C9
:106B70008DE29B01AC010F946CBF811162CF54E098
:106B8000A51AB10880E1681A710810549FEFA91680
:106B9000B90609F0B2CF62E8E62E63E1F62E0EE008
:106BA00010E07FE0372E8FE090E0801B910B837028
:106BB0009927892B59F4302E01501109F4E0EF1A6E
:106BC000F1080115110579F780E03CCF8CEF830DBA
:106BD00087FD80E0082E000C990BFC01EE0FFF1FD3
:106BE000EE0FFF1FE65BFC4E408051806280738099
:106BF000B801681B790B072E000C880B990B0F94BA
:106C0000C4B420E030E040E85EE30F9403B55B01DC
:106C10006C01A32DB4E0AB02F0011124E65BFC4E45
:106C2000A301920160817181828193810F945DBB88
:106C30009B01AC01C601B5010F9403B5A3019201FC
:106C40000F945EBBF7016083718382839383B4CF1B
:106C500088E00E9468EA88E69DE60E94EDED80E00B
:106C60000F940A2467968FAD67970F948C280F9422
:106C7000142425CF0F944A510C9472A580911414BA
:106C8000813011F00C9472A585E40E943941811184
:106C90000E94E64086E40E94394181110E94E6404C
:106CA0000F94DA8F882311F40C9472A560E080E0D1
:106CB0000F9406B30C9472A580E00E94ED6B0C94C7
:106CC00072A50E947D820C9472A50E94B88D0C94CE
:106CD00072A50E9465820C9472A580917B0E8F93A1
:106CE00080917A0E8F938091790E8F938091780E98
:106CF0008F938091770E8F938091760E8F938091F2
:106D0000750E8F938091740E8F938091730E8F9375
:106D10008091720E8F938091710E8F938091700E7F
:106D20008F9303E615E71F930F931F930F938091A3
:106D30006F0E8F9380916E0E8F9380916D0E8F9357
:106D400080916C0E8F9380916B0E8F9380916A0E61
:106D50008F938091690E8F938091680E8F938091AD
:106D6000670E8F938091660E8F938091650E8F933F
:106D70008091640E8F938091630E8F938091620E49
:106D80008F938091610E8F938091600E8F9380918D
:106D90005F0E8F9380915E0E8F9380915D0E8F9327
:106DA00080915C0E8F9380915B0E8F9380915A0E31
:106DB0008F938091590E8F938091580E8F9380916D
:106DC000570E8F938091560E8F938091550E8F930F
:106DD0008091540E8F931F930F931F930F93809165
:106DE000DB0E8F938091DA0E8F938091D90E8F9363
:106DF0008091D80E8F938091530E8F938091520E75
:106E00008F938091510E8F938091500E8F9380912C
:106E10004F0E8F9380914E0E8F9380914D0E8F93D6
:106E200080914C0E8F931F930F931F930F9380911C
:106E3000D30E8F938091D20E8F938091D10E8F932A
:106E40008091D00E8F938091CF0E8F938091CE0E34
:106E50008F938091CD0E8F938091CC0E8F938091E4
:106E6000CB0E8F938091CA0E8F938091C90E8F9312
:106E70008091C80E8F938091C70E8F938091C60E1C
:106E80008F938091C50E8F938091C40E8F931F9323
:106E90000F931F930F9380914B0E8F9380914A0E07
:106EA0008F938091490E8F938091480E8F9380919C
:106EB000470E8F938091460E8F938091450E8F934E
:106EC0008091440E8F938091430E8F938091420E58
:106ED0008F938091410E8F938091400E8F9380917C
:106EE0003F0E8F9380913E0E8F9380913D0E8F9336
:106EF00080913C0E8F931F930F931F930F9380915C
:106F0000C30E8F938091C20E8F938091C10E8F9389
:106F10008091C00E8F938091BF0E8F938091BE0E93
:106F20008F938091BD0E8F938091BC0E8F93809133
:106F3000BB0E8F938091BA0E8F938091B90E8F9371
:106F40008091B80E8F938091B70E8F938091B60E7B
:106F50008F938091B50E8F938091B40E8F931F9372
:106F60000F931F930F9380913B0E8F9380913A0E56
:106F70008F938091390E8F938091380E8F938091EB
:106F8000370E8F938091360E8F938091350E8F93AD
:106F90008091340E8F938091330E8F938091320EB7
:106FA0008F938091310E8F938091300E8F938091CB
:106FB0002F0E8F9380912E0E8F9380912D0E8F9395
:106FC00080912C0E8F931F930F931F930F9380919B
:106FD000D70E1F928F938091D60E1F928F93809120
:106FE000D50E1F928F938091D40E1F928F931F9373
:106FF0000F931F930F9380912B0E8F9380912A0EE6
:107000008F938091290E8F938091280E8F9380917A
:10701000270E8F938091260E8F938091250E8F934C
:107020008091240E8F938091230E8F938091220E56
:107030008F938091210E8F938091200E8F9380915A
:107040001F0E8F9380911E0E8F9380911D0E8F9334
:1070500080911C0E8F931F930F931F930F9382E7C2
:1070600091E29F938F930F94F8B80FB6F894DEBF18
:107070000FBECDBF2CEA35EC47E25EE36091880E8F
:107080007091890E80918A0E90918B0E0F9403B5AA
:107090009F938F937F936F932CEA35EC47E25EE3E7
:1070A0006091840E7091850E8091860E9091870E6E
:1070B0000F945DBC9F938F937F936F938091830E0A
:1070C0008F938091820E8F938091810E8F93809108
:1070D000800E8F931F930F931F930F9385E491E27C
:1070E0009F938F930F94F8B82CEA35EC47E25EE358
:1070F0006091940E7091950E8091960E9091970EDE
:107100000F9403B59F938F937F936F932CEA35EC85
:1071100047E25EE36091900E7091910E8091920E25
:107120009091930E0F945DBC9F938F937F936F9379
:1071300080918F0E8F9380918E0E8F9380918D0E04
:107140008F9380918C0E8F931F930F931F930F93A8
:1071500080E191E29F938F930F94F8B80FB6F89463
:10716000DEBF0FBECDBF80919A0E1F928F931F93EB
:107170000F931F930F9320E030E040E752E46091BB
:10718000AB0E7091AC0E8091AD0E9091AE0E0F943F
:1071900003B59F938F937F936F938091AA0E8F93E4
:1071A0008091A90E8F938091A80E8F938091A70E46
:1071B0008F931F930F931F930F938091A60E8F931E
:1071C0008091A50E8F938091A40E8F938091A30E32
:1071D0008F9320E030E040E752E460919F0E709181
:1071E000A00E8091A10E9091A20E0F9403B59F93D3
:1071F0008F937F936F9380919E0E8F9380919D0EBE
:107200008F9380919C0E8F9380919B0E8F931F93F1
:107210000F931F930F938FE090E29F938F930F94A0
:10722000F8B80FB6F894DEBF0FBECDBF8091AF0E99
:10723000882309F458C08091B30E8F938091B20EC9
:107240008F938091B10E8F938091B00E8F931F9387
:107250000F931F930F9389EE9FE19F938F930F944A
:10726000F8B80FB6F894DEBF0FBECDBF8091E80E20
:107270008F938091E70E8F938091E60E8F9380918C
:10728000E50E8F938091E40E1F928F938091E30E11
:107290008F938091E20E8F938091E10E8F93809176
:1072A000E00E8F938091DF0E8F938091DE0E8F938F
:1072B0008091DD0E8F938091DC0E8F9383E695E7AE
:1072C0009F938F939F938F9388E49FE19F938F93D6
:1072D0000F94F8B80F9414240FB6F894DEBF0FBEC5
:1072E000CDBF0C9472A51F930F938AEC9FE19F93DF
:1072F0008F930F94F8B80F900F900F900F90B6CF18
:1073000080E50E943941882311F40C9472A51092F3
:10731000C3061092C4061092C5061092C60603EC6E
:1073200016E04AE2F42EE091CD05F091CE05F08210
:107330000E94F340D8018D938D01B6E0073C1B07F6
:1073400011F40C9472A58EE20E9439418111EBCFA9
:107350001092C3061092C4061092C5061092C6067B
:107360000C9472A50F944A518091020E811102C0B3
:107370000E94545485E40E943941812C912CA12C07
:1073800030ECB32E882321F00E94CC454B015C01E8
:107390008CE40E943941C12CD12C7601882321F044
:1073A0000E94CC456B017C018AE50E943941412C49
:1073B000512C28ED622E21E4722E882331F00E9498
:1073C000CC452B013C01E89477F888E50E943941CF
:1073D000882309F440C10E94CC456A966CAF7DAF0A
:1073E0008EAF9FAF6A9789E50E943941882309F4DF
:1073F0003DC10E94CC456E966CAF7DAF8EAF9FAF06
:107400006E971A821982FE01339683E1DF011D9285
:107410008A95E9F783E40E9439418823F9F062E212
:1074200070E08091CD059091CE050F948DC08C01B8
:10743000892BA1F00F5F1F4F62E270E0C8010F942B
:107440008DC0009759F0801B843108F084E1482FEB
:1074500050E0B801CE0101960F945FC080911414E2
:1074600010E0813029F488EC96E20F94A451182F93
:107470000F944A5186E10F946647109243040E948C
:10748000A5578111FAC0A50194016091F70670918A
:10749000F8068091F9069091FA060F945EBB60930E
:1074A000F7067093F8068093F9069093FA0660E069
:1074B00070E088EE92E40F942B650F944A518EE1B0
:1074C0009BE40E949771C301B2010E94735F6A96A8
:1074D0002CAD3DAD4EAD5FAD6A972093EB0630937A
:1074E000EC064093ED065093EE066E968CAD9DAD86
:1074F000AEADBFAD6E978093EF069093F006A0936C
:10750000F106B093F20660E070E088E492E40F9434
:107510002B650F944A5167961FAE6797B12C04E311
:10752000202E0FE1302E82E0A82E9CE3892E9FE1D1
:10753000992E80911414813009F0A2C00F94917A91
:10754000B82E0E942E660F944A510F94068E809199
:107550001414813009F45AC184E08093BF0240E0E2
:1075600060E08BE691E10E9441EF082F80E00E94ED
:107570006C64013001F50E94A2614BED51E162E0C3
:1075800080E00E94466180E090E0A8ECB2E4809345
:10759000EB069093EC06A093ED06B093EE0660E048
:1075A00070E088E492E40F942B650F944A518BE3CA
:1075B00091E10E94E5F70E94A26145ED50E160E093
:1075C00080E00E94466161E080E00E9499608981CC
:1075D000882341F0CE0101960E94036862E080E0BA
:1075E0000E94996080910518811104C082EC90E19D
:1075F0000E945C6084E08093BF020E94F468811165
:1076000010C00F94224F81E00E94508A8091081888
:10761000882399F340E068EE73E082E390E00F94F2
:10762000AC3CA092BF02CE0101960E94A96840E046
:1076300068EE73E082E390E00F94AC3CB4E07B2E04
:10764000112309F4F8C00F94448267964FAD6797F1
:1076500041116FCF83C120E030E043E553E46A96E7
:107660002CAF3DAF4EAF5FAF6A97BDCE6E961CAEEE
:107670001DAE1EAE1FAE6E97C4CE0E94D45423CF53
:1076800084E08093BF020F94B11F2B013C0189E974
:1076900090E10E94C3F30E94F468082F811136C064
:1076A000A30192012054384D464F5F4F6E962CAF88
:1076B0003DAF4EAF5FAF6E970F94224F81E00E94B7
:1076C000508A023009F463C00F94503D84E090E08A
:1076D000013029F10E948B8C0F94B11F6E962CAD56
:1076E0003DAD4EAD5FAD6E9726173707480759077A
:1076F00090F68AE690E10E94C3F31092100E109269
:107700000F0E0F944A51149A01E0D6CF1092D00573
:107710001092D305C701B6010E947AF614CF0E94D9
:107720008B8C0E94F468882339F280911106909125
:1077300012069093100E80930F0E86E493E30E943E
:10774000C3F342E864E080E00E9452618091100E31
:107750008F9380910F0E8F936091090E70910A0E96
:1077600080910B0E90910C0E0F94CFBC7F936F9372
:107770003F922F920E944A6081E80E9460600F90C1
:107780000F900F900F900F900F9002E095CF6091A7
:107790000F0E7091100E072E000C880B990B0F9492
:1077A000C4B42091090E30910A0E40910B0E5091F5
:1077B0000C0E0F945DBB9F7720E030E040EA50E470
:1077C0000F9453BC87FF09C089E990E10E94C3F37D
:1077D0000F94B11F2B013C015ECF64E081E00E9459
:1077E00099606091090E70910A0E80910B0E909134
:1077F0000C0E0F94CFBC7F936F939F928F920E9439
:107800004A600F900F900F900F9056CF111103C048
:107810008B2D0E94CB8C812F0E942E700FCF0330B6
:1078200010F40F5F3CC087E00F94D03A38C0CE010F
:1078300001960E94A9687092BF020E94A2614BE06B
:1078400051E160E081E00E94466147EF50E161E074
:1078500081E00E94466145EE50E162E081E00E94D5
:1078600046614BE85CE363E081E00E9446614EE3E1
:1078700060E080E00E9452610E94EF6800E00F9497
:10788000224F81E00E94508A8091E5069091E606A1
:107890000097D1F097FFC3CF002329F2015040E4B5
:1078A0005FE160E080E00E9446614EE3602F80E08F
:1078B0000E9452611092E6061092E50664E670E0BE
:1078C00080E090E00F947E1F0E94F4688823B9F254
:1078D0000E94A2610F94E417A092BF020230B1F09F
:1078E000033009F4EDC0013051F58091141481305A
:1078F00009F09DCF0F94917A082F0E942E66802F59
:107900000E94CB8C80E00E942E7095CF0F944A513C
:107910000E949E540E94A2614DE151E160E080E02E
:107920000E9446614BED51E162E080E00E944661B9
:1079300087E99DE10F94D50B0F944A517CCF0E94AB
:10794000A2614BE251E162E080E00E9446610023C7
:1079500019F0033009F06FCF0F94448281E00E9448
:107960006C648091100680934304111127C00E941B
:10797000A557C090F706D090F806E090F906F09071
:10798000FA06882309F4A1C020E030E040E85FE374
:10799000C701B6010F945DBB6093F7067093F806BC
:1079A0008093F9069093FA0660E070E088EE92E426
:1079B0000F942B651092100E10920F0EE090F306AC
:1079C000F090F4060091F5061091F60620917502EC
:1079D0003091760240917702509178026091710265
:1079E0007091720280917302909174021F921F92A3
:1079F0001F921F92812C912CE8E4AE2EE2E4BE2E61
:107A0000F7EFCF2EF6E0DF2E0F94BC520F944A51C1
:107A1000E0907902F0907A0200917B0210917C0252
:107A20002091750230917602409177025091780250
:107A30006091710270917202809173029091740250
:107A40001F921F921F921F92812C912CA0E7AA2EA9
:107A5000A1E4BA2E0F94BC520F944A518DE792E0E4
:107A60000F94625280E1E1E7F2E0ABEEB6E0019004
:107A70000D928A95E1F70E94465880917403909187
:107A800075038093390290933A029F938F938CE30E
:107A90009AE49F938F930E9457880E94A5570FB630
:107AA000F894DEBF0FBECDBF882331F183EE9FE394
:107AB0000E94EDED10921D071092FB060C9472A52A
:107AC00031E067963FAF6797BECD20E030E040EAF7
:107AD00050E4C701B6010F945EBB6093F706709344
:107AE000F8068093F9069093FA0660E070E080E073
:107AF00090E40F942B6562CF88E69DE60E94EDED41
:107B000080E39DE20E949771D5CF0E94A557811115
:107B10000C9472A50F944A510E94FF7E0E94E26D60
:107B20000F94BD1F0C9472A50E94A557882311F4D1
:107B30000C9472A50C943CA660E080E00E9421EEBB
:107B40000C9472A5188683E50E9439418823B1F010
:107B50000E94E640182F8830B0F089EA96E20E9431
:107B6000706F4AE067E070E080E090E00E94716E24
:107B700088EF92E00E9405830C9472A581EA9DE053
:107B80000F9436BA182F8AE50E943941882309F4E8
:107B9000D7C00E94CC452B013C012091240E30918E
:107BA000250E4091260E5091270E0F9403B50F9489
:107BB000CFBC6B019B012156304F203A3F4030F043
:107BC00083E996E20E9497710C9472A55BE0159F81
:107BD00090011124C901805B924F0F9478BA8CE414
:107BE0000E943941BBE01B9F700111245701E7EB54
:107BF000AE1AE2EFBE0A882309F4BEC0E091CD05BB
:107C0000F091CE053196BF0181918032E1F3882356
:107C100031F047E050E0CE0101960F94B6C047E046
:107C200050E0B501CE0101960F944ABA82E40E9459
:107C300039415701FEEAAF1AF2EFBF0A882309F46F
:107C4000A3C00E94E640982E682FC5010F945ABA2F
:107C500080E50E9439412DEAE21A22EFF20A8823D8
:107C600009F497C00E94E640B82E682FC7010F9410
:107C70005ABA81E40E943941882309F48FC00E94D6
:107C8000E640811106C081EA9DE00F9436BA1813D0
:107C90008DC0812F0E94676D082F882329F0612FE6
:107CA00081EA9DE00F945ABA8CE896E20E94706FC8
:107CB000612F70E090E080E00E94D66E812F0E94DC
:107CC000676D811104C08BE796E20E94977188E787
:107CD00096E20E94706F44E0C301B2010E94F26E0E
:107CE00085E796E20E94706FB601DD0C880B990B58
:107CF0000E94D66E82E796E20E94706FCE010196D6
:107D00000E94F9828FE696E20E94706F692D70E002
:107D100090E080E00E94D66E8CE696E20E94706F42
:107D20006B2D70E090E080E00E94D66E89E696E2CE
:107D30000E94706F802F90E00F941F7C0C9472A5AE
:107D4000ABE01A9FC0011124805B924F0F9444BA9C
:107D50006C01BC01990F880B990B0F94C4B420914E
:107D6000240E3091250E4091260E5091270E0F942F
:107D70005DBC2B013C0133CF47E050E0B501CE01A3
:107D800001960F9426BA52CFC5010F9436BA982E99
:107D90005FCFC7010F9436BAB82E6BCF81EA9DE052
:107DA0000F9436BA01E0181709F47ECF00E07CCFBB
:107DB000C301B2010F94C4B42091F2033091F303D4
:107DC0004091F4035091F5030F9453BC87FD02C01A
:107DD0000C945CA50F94B11F681979098A099B0955
:107DE000693E734081059105C8F083E496E20E94E4
:107DF000706F6091F2037091F3038091F40390919E
:107E0000F50341E00E94F26E8FE20E945D6EC801B0
:107E10000F941F7C0F94B11F4B015C010F94224FF4
:107E200080E00E94508A80E00E9438600C9443A554
:107E30008FE30E9439418823C9F080E396E20E94D3
:107E4000706F86EA9FE00F9436BA21E030E081112E
:107E500002C030E020E0C9010F941F7C89E196E266
:107E60000E9497710E94A86F0C9472A581E20E94F3
:107E70003941882349F161E086EA9FE00F945ABABC
:107E800068E070E080EB9FE00F9478BA68E170E002
:107E900082EB9FE00F9478BA60E370E084EB9FE0A0
:107EA0000F9478BA60E570E086EB9FE00F9478BAA3
:107EB00068E770E088EB9FE00F9478BA88E096E27C
:107EC0000E9497710C9472A58AE50E94394188231B
:107ED000C1F061E086EA9FE00F945ABA00EB1FE020
:107EE00070E060E0C8010F9478BA0E5F1F4F0A3B44
:107EF0004FE01407A9F78EEF95E20E9497710C945A
:107F000072A583E50E943941882321F10E94F34044
:107F10008C0189E40E943941882311F40C9472A5E4
:107F20000E94E640853010F00C9472A590E08852D3
:107F3000984FB801880F991F0F9478BA84EF9FE289
:107F40000E94977189E196E20E9497710E94A86F42
:107F50000C9472A58DEE95E20E9497710C9472A517
:107F60000E94CC4520E030E040E251E40F9403B59C
:107F70000F94D6BC6C5A633009F494C060F561303C
:107F800009F44BC0623011F00C9472A58091141466
:107F9000E0E3FFE1813011F0E2E3FFE105911491AC
:107FA00080E50E943941882309F46BC00E9400419A
:107FB00040915B04442311F40C9472A5601771077F
:107FC00011F40C9472A566ED7FE084E390E10E94C9
:107FD00030F80C9472A5643009F4B0C0653011F02B
:107FE0000C9472A580E50E943941882309F425C1CB
:107FF0000E94004140915904442311F40C9472A54D
:108000006230710510F40C9472A561ED7EE088E297
:108010009FE00E9430F80C9472A580E50E943941DF
:108020008823A9F00E94CC4520E030E04AE754E4E0
:108030000F9403B520E030E040E05FE30F945EBBB7
:108040000F94D6BCCB010E9462F80C9472A581E516
:108050000E943941882311F40C9472A585EA9DE0B1
:108060000F9444BABC0190E080E00F94C2B420E0C9
:1080700030E04AE754E40F945DBC0F948C7A0C9482
:1080800072A581E50E943941882311F40C9472A5F0
:10809000B80190E080E04AE00E94716E0E94686F33
:1080A0000C9472A58091141468E2E62E6FE1F62E0E
:1080B000813021F054E2E52E5FE1F52E80E50E944B
:1080C0003941882379F162E270E08091CD05909189
:1080D000CE050F948DC08C01892BD1F00F5F1F4FFF
:1080E00062E270E0C8010F948DC0009789F0D82E2D
:1080F000D01AC7010F94F4B7D8120AC0AC015527A3
:10810000B701C8010F9415B8892B11F40C9472A50E
:1081100040915B0466ED7FE084E390E10E9430F8DB
:108120000C9472A581E50E943941882311F40C94C6
:1081300072A5C7010E9497710C9472A580E50E94F8
:108140003941882309F470C08091CD059091CE0506
:1081500001969093CE058093CD0520915A04222359
:1081600011F40C9472A5BE016F5F7F4F0E94A0ECCA
:108170008AE090E00F9444BA29813A8112E0821794
:10818000930728F011E02817390708F410E012953A
:10819000110F110F107C8CE090E00F9444BAAC01E9
:1081A0002B813C8182E04217530728F081E024179D
:1081B000350708F480E050E1859FC0011124180FB5
:1081C0008EE090E00F9444BAAC012D813E8182E0B4
:1081D0004217530728F081E02417350708F480E0A0
:1081E000A4E08A9FC0011124180F80E190E00F9451
:1081F00044BAAC012F81388592E04217530728F02A
:1082000091E02417350708F490E0190F163510F4A3
:108210000C9472A540915A0467E57FE088EA9FE0DC
:108220000E9430F80C9472A581E50E9439418823A0
:1082300011F40C9472A50C94EFA181E50E943941D0
:10824000882311F40C9472A581E090E00F941F7CB8
:108250000C9472A58BE40E943941C12CD12CE12CE5
:1082600040ECF42E882349F10E94CC456B017C013F
:1082700020E030E0A9010F9453BC81111EC0109280
:10828000C7051092C8051092C9051092CA050E9430
:10829000F08183E695E70E94706F81E09FE10E9484
:1082A000706F6091C7057091C8058091C905909164
:1082B000CA050F948C7A0C9472A580917303811176
:1082C0001BC020E030E0A901C701B6010F9453BCE8
:1082D00087FF05C08CE09FE10E949771DACF20E014
:1082E00030E040E251E4C701B6010F9453BC87FF70
:1082F0002CC081E00E94F0818091730320E030E087
:10830000A901813021F5C701B6010F94E7BD87FDB2
:10831000E1CF20E030E040E251E4C701B6010F9424
:1083200053BC87FFD7CF20E030E0A901C701B601D9
:108330000F9453BC87FDCECFC092C705D092C8051D
:10834000E092C905F092CA05A4CF82E0D3CFC7015D
:10835000B6010F94E7BD87FDBDCF2FE632E143E0C4
:108360005BE3C701B6010F9403B52AE037ED43E2A2
:108370005CE30F945DBB6B017C0120E030E0A90160
:108380000F9453BC87FD11C020E030E040E251E47F
:10839000C701B6010F94E7BD18162CF6C12CD12CDD
:1083A00030E2E32E31E4F32EC7CFC12CD12C76017D
:1083B000C3CF9EED892E92E0992E0DE512E023E5C4
:1083C000A22E25E0B22E712CF40181914F010E9462
:1083D0003941882309F445C0F3E07F1204C00E94AC
:1083E00000ED811161C00E94CC456B017C0120E051
:1083F00030E0A9010F9453BC87FD46C020E030EA6D
:1084000040E854E4C701B6010F94E7BD1816A4F183
:1084100020E030E047E054E4C701B6010F94E7BD27
:1084200087FD35C020E030E04CE752E4C701B601DB
:108430000F9403B520E030EA40E854E40F945DBCAB
:108440000F94D6BCF62EC8010E941E586F2DC8018D
:108450000E94265850E040E0D5016C91872D0F9482
:10846000BA1C73940D5F1F4FBFEFAB1ABB0AE4E059
:108470007E12AACF0C9472A5C12C80EAD82E80E877
:10848000E82E84E4F82ECECFC12CD12C760120E04A
:1084900030E04CE752E4C701B6010F9403B520E089
:1084A00034EB40E954E4CACF8DE79EE50E94706F3B
:1084B0008CED95E20E949771D4CFA09067028091D5
:1084C0006602811101C0AA0CB12C86E692E00F94DD
:1084D000411F882EC090640280916302811101C007
:1084E000CC0CD12C83E692E00F94411F982E009182
:1084F000610280916002811101C0000F10E080E6EE
:1085000092E00F94411FE82EF0905E0280915D0290
:10851000811101C0FF0C8DE592E00F94411FBF92C5
:10852000AF921F928F92DF92CF921F929F921F93D2
:108530000F931F92EF921F92FF921F928F9380E3EF
:1085400095E19F938F930F94F8B80FB6F894DEBF20
:108550000FBECDBF0C9472A511E08239934009F48F
:1085600010E082E50E943941882381F08FEF9FE07F
:108570000F9436BA182F8091E306811711F40C94EA
:1085800072A5812F0E94A4450C9472A580E50E94DB
:108590003941882389F001E08091030E9091040E07
:1085A0008239934009F400E0602F8FEF9FE00F9431
:1085B0005ABA0093FD03DFCF81E50E943941882339
:1085C000D1F28091E306811115C08FE39FE39F9361
:1085D0008F9386E49FE39F938F9384ED95E29F931F
:1085E0008F930F94F8B80F900F900F900F900F90FB
:1085F0000F90C1CF83E59DE3EACF8EED92E06C96BC
:108600009FAF8EAF6C97E8E1CE2EEEE0DE2EFCEF52
:10861000EF2EF6E0FF2EA3E52A2EA5E03A2EB4EDCC
:108620008B2EBEE09B2E67961FAE67976C96AEAD05
:10863000BFAD6C978D916C96BFAFAEAF6C970E943B
:108640003941B82E882309F47CC00E94CC450F9490
:10865000D6BC2B018B016830710509F45EC3603113
:10866000710509F45AC381E00032110509F080E078
:108670006796BFAD6797B33009F45AC39201215092
:1086800031092230310508F04EC39B2D892B6796A6
:10869000EFAD6797E33041F40034110531F0BB24AE
:1086A000B3940038110509F0B12C811103C0BB202F
:1086B00009F447C00F944A51D1018C91A12CBB24DD
:1086C000B39402C0B694A7948A95E2F7B201679674
:1086D0008FAD67970F94251DF4014082A016B10657
:1086E00008F047C0C801B5010F94FFBA2B01712CE7
:1086F000612CC3010F94C2B49B01AC01D601149646
:108700006D917D918D919C9117970F9403B5F60112
:108710006483758386839783D7012D913D914D9115
:108720005C91C301B2010F9499BAF7016083718320
:10873000828393836796FFAD6797F33011F40F94AC
:108740008B8267962FAD67972F5F67962FAF6797DE
:1087500034E0C30ED11C44E0E40EF11C5FEF251A97
:10876000350A8FEF881A980A243009F05FCF0C94ED
:10877000FFAAC501B8010F94FFBA2B01712C612C1F
:10878000C3010F94C2B49B01AC01D60114966D9144
:108790007D918D919C9117970F945DBCF601648338
:1087A000758386839783D7016D917D918D919C917F
:1087B000A30192010F9427BBF701208331834283E9
:1087C0005383B8CF80E50E943941882329F00E9465
:1087D000E640182F0C9477A484E50E94394181115A
:1087E000F6CF0C9476A460E070E0CB010C9490A4DA
:1087F00082E080931D078CE49CE60E94EDEDA701CA
:1088000096016091F7067091F8068091F9069091B3
:10881000FA060F945EBB6093F7067093F806809398
:10882000F9069093FA0660E070E080EA91E40F9414
:108830002B65011106C060E070E088E492E40E94BC
:10884000F25F0E949E540F944A5140E064EF71E041
:1088500082E390E00F94AC3C8091110E811105C031
:108860008091000481110F94BA0B81E00E946C6426
:1088700082E00E94386088E69DE60E94EDED10924D
:108880001D070C94A8A485E50E943941C12CD12C68
:108890007601882321F00E94CC456B017C018AE59A
:1088A0000E9439418823A1F00E94CC459F770E9405
:1088B000735F4B015C0180911414813099F40F9423
:1088C000CDB3C501B40190580E94735F0C9472A59A
:1088D00060E070E080EA91E40E94F25F60E070E0A6
:1088E000CB01E5CFC701B6010E947AF6EACF81EC51
:1088F00092E00E946A450C9472A582EC92E00E947C
:108900006A450C9472A580911414813011F00C9476
:1089100072A581E40E943941882311F40C9472A558
:108920008091CD059091CE0540E150E070E060E08F
:1089300001960F94C1B5862F0F94350E0C9472A535
:1089400080911414813011F00C9472A581E40E947E
:10895000394110E0882361F08091CD059091CE05DA
:1089600040E150E070E060E001960F94C1B5162F31
:1089700088E50E943941882361F00E94F340112369
:1089800011F40C9472A5BC01812F0E941AE40C947E
:1089900072A590E080E0F3CF60E08CEA9CE00F9459
:1089A0005ABA109214141092C2131092A7130C9476
:1089B000ECA461E08CEA9CE00F945ABA0E94C8DFF4
:1089C0000C94ECA480E00F94160E0C9402A50E9467
:1089D000EA4C0C9402A58AE2F6CF843509F075C002
:1089E0001093CE050093CD0581E08093FC030E9497
:1089F000E640182F2091CD053091CE0591E0790108
:108A0000E90EF11CD7018C91803211F0893011F4FC
:108A10009F5FF5CF082E000C990B0F944AC0F70109
:108A2000808390ED980F953058F08F3359F0883748
:108A300049F08336D1F087ED9EE10E9497710FC017
:108A40008F3389F480911414813049F490E080E0F0
:108A50000E943BE0682FD7018C910F94B90D1092C2
:108A6000FC030C944190833649F4809114148130B6
:108A7000B1F70F94917A682F83E6EFCF80911414A9
:108A8000813069F40F94917A181305C087EE9EE146
:108A90000F941FB9E4CF812F0F94960DE0CF83E69A
:108AA00095E70E94706F112359F084E50E945D6E76
:108AB000812F90E0C0960F941F7C8FE195E1BDCF90
:108AC0008CE095E10E94706FCACF843409F0EEC04B
:108AD0001093CE050093CD050E94F340863091059A
:108AE00009F479C09CF48230910509F452C08330B6
:108AF000910509F461C0019689F488EF94E19F9390
:108B00008F930F94F8B80F900F90FFCF8531910598
:108B100009F48DC094F4449709F469C08091EC1273
:108B20009091ED128E5F9E4E9F938F931F9284E4DF
:108B30008F9383EF96E10C9429928631910509F485
:108B40009BC08634910551F783E50E943941882303
:108B500011F40C9441900E94F34011E0009709F445
:108B600010E0892B91F0CE0101960F94ED270F9420
:108B7000B11F6093890670938A0680938B06909349
:108B80008C06CE0101960F94E027109399060C9461
:108B9000419043EFC42E44E1D42E52E0E52E00E094
:108BA00020E032E240E050E060E072E080E090E0FF
:108BB0000E94D2470C9441902CEEC22E24E1D22E7A
:108BC00033E0E32E01E020E030E140E050E060E0FF
:108BD00070E0CB01EDCF85EEC82E84E1D82E96E073
:108BE000E92E03E020E030E044E050E0F0CF85E4FF
:108BF0000E943941882329F080E00E9492E90C9478
:108C000041900F94B11F6B017C010E94C0E90F9449
:108C1000B11FDC01CB018C199D09AE09BF09BF93BF
:108C2000AF939F938F938CEC94E10C94299290E0F6
:108C300080E00E94DEE8811107C089EB94E19F93F8
:108C40008F930F94F8B814C081E08093BF0282EA3A
:108C500094E19F938F930F94F8B803E020E033E200
:108C600040E050E060E070ED83E090E00F94818D93
:108C70000F900F900C94419090E080E00E94DEE80D
:108C8000811103C08FE894E1DACF8CE58CBD1DBC67
:108C90000E9416E940E050ED63E070E080E20E943F
:108CA00098E80E947AE881E894E1C9CF83E695E7E5
:108CB0000E94706F84E895E10E94706F8091EC12C1
:108CC0009091ED128E5F9E4E0E94F9828FEC95E29C
:108CD0000C9499922DEC3CEC4CEC5DE3C701B60191
:108CE0000F94E7BD181614F40C94FE930C940C9595
:108CF000A3019201622D732D8E2D9F2D0F9453BCD5
:108D0000181614F00C94079DE5E0CE0ED11CF2E08D
:108D1000AF0EB11C84010C94CE9C67962FAD679763
:108D20008B2D233029F091E00430110509F4AECCED
:108D300090E0ACCC8BE991E10E94C3F34EE255E2A6
:108D400062E080E00E944661F80181918F01982FD6
:108D50009F7D11F40C9468AB97EF980F923010F44C
:108D60000C9468AB8D3011F40C9468AB0E94606079
:108D7000EBCFCE0101960F94ED270C9497B122E032
:108D80002093C0001092C50090E19093C4008091A0
:108D9000C10080618093C1008091C1008860809390
:108DA000C1008091C10080688093C10080919705C7
:108DB0008130A9F42093C8001092CD009093CC008C
:108DC0008091C90080618093C9008091C90088604A
:108DD0008093C9008091C90080688093C90008957C
:108DE0008150823108F05AC0E82FF0E08827E45023
:108DF000F9438F4F0D9446BB1CC720C70EC714C73D
:108E000018C74EC723C729C72DC733C737C73BC7A6
:108E100041C745C74EC749C74FC753C78091800058
:108E20008F77809380000895809180008F7DF9CFA7
:108E300080918000877FF5CF84B58F7784BD0895BA
:108E400084B58F7DFBCF8091B0008F778093B00089
:108E500008958091B0008F7DF9CF809190008F7739
:108E6000809390000895809190008F7DF9CF80913C
:108E70009000877FF5CF8091A0008F778093A0002E
:108E800008958091A0008F7DF9CF8091A000877F09
:108E9000F5CF809120018F778093200108958091F4
:108EA00020018F7DF9CF80912001877FF5CF83B19D
:108EB0008295817008958091600490916104089575
:108EC000CF92DF92EF92FF9220916204B0E0A0E097
:108ED000C0900C07D0900D07E0900E07F0900F07A0
:108EE00020FF42C0C81AD90AEA0AFB0AC0920C073E
:108EF000D0920D07E0920E07F0920F07CB01B0E081
:108F0000A0E0C0901007D0901107E0901207F090F9
:108F1000130721FF36C0C81AD90AEA0AFB0AC09211
:108F20001007D0921107E0921207F092130770E039
:108F300060E08091140790911507A0911607B091F9
:108F4000170722FF2BC0841B950BA60BB70B809332
:108F5000140790931507A0931607B0931707FF9077
:108F6000EF90DF90CF9008958C0D9D1DAE1DBF1D1D
:108F700080930C0790930D07A0930E07B0930F07F3
:108F8000BDCF8C0D9D1DAE1DBF1D8093100790930E
:108F90001107A0931207B0931307C9CF840F951F31
:108FA000A61FB71FD4CFFB01118210826AE0DC013B
:108FB0002C9120532A30A0F440815181649F90016C
:108FC000659F300D1124318320834D91CD012053B5
:108FD0003109240F311D47FD3A9531832083E7CFB6
:108FE000089585E080930D0E0D94E417FC018081B7
:108FF000882321F0813029F482E001C081E0808360
:10900000089510820895FC019491903249F087EF01
:10901000890F823028F081E09D3019F080E00895BA
:1090200081E0089581E09EE20E9497710D94E4171B
:109030008091120E813021F480E69DE20C949771AC
:1090400081E59DE2FBCF84E09DE00F9436BA8A3241
:1090500039F48AE29DE00F9436BA91E0813009F04C
:1090600090E0892F0895CF93DF930F944A51CBEE70
:10907000D6E06091F11370E090E080E00F94C4B40A
:1090800020E030E040E851E40F945DBB9B01AC016F
:109090006C857D858E859F850F945DBB6C877D87F4
:1090A0008E879F8762E08BE599E4DF91CF910D94E5
:1090B000B18FDF92EF92FF920F931F93CF93DF93C5
:1090C000CDB7DEB763970FB6F894DEBF0FBECDBF46
:1090D0003091730520917205321371C07C0180912B
:1090E000B702882309F443C088E393E49F938F93E6
:1090F00084E199E49F938F938E010F5F1F4F1F931D
:109100000F930F944DB9D82E47E050E0B701800F70
:10911000912F911D0F9426BA0F900F900F900F90E2
:109120000F900F9020E0822F8D0D90E0273039F0C6
:109130002F5FF801E80FF91F30813111F4CFF801EA
:10914000E80FF91F2DE520838C0F9D1FFC01128273
:109150000E94F852482F6091700580E00E94526191
:1091600062E1C8010E949B6780E20E94606080917A
:109170007105882321F1209173058091E506909176
:10918000E60628171906D9F41092B80289E89DE678
:10919000892B11F00E94896D81E08093B8020E94B2
:1091A000055363960FB6F894DEBF0FBECDBFDF91B7
:1091B000CF911F910F91FF90EF90DF9008958091D4
:1091C00073058F5F80937305ECCF61E089E094E4D1
:1091D0000E9491870D94E41761E08DE094E40E9471
:1091E00091870D94E41761E085E094E40E949187F3
:1091F0000D94E41761E083E194E40E9491870D945B
:10920000E4170D948B82CF92DF92EF92FF920F932F
:109210001F93CF93DF936C017901C42FD0E0AE018F
:109220000F9415B8892BB9F4B801C6018C0F9D1F96
:109230000E94D3C7F801208131812E293F29318333
:10924000208381E0DF91CF911F910F91FF90EF90EC
:10925000DF90CF90089580E0F5CF87EA9CE00F94EF
:1092600036BA61E0823008F4682787EA9CE00D9402
:109270005ABACF93DF93C5E1DDE0FE01EC51F84C23
:109280006491CE010F945ABA2196C9328DE0D80765
:10929000A1F7DF91CF910895CF930E9423C8C1E039
:1092A000C8276FEF09F06AE284E09DE00F945ABA94
:1092B0008C2F880F8270CF910D948B1E8AEA9DE0CF
:1092C0000F9436BA65E0833021F061E0853009F013
:1092D00063E08AEA9DE00D945ABA8BEA9DE00F9410
:1092E00036BA63E0833009F467E08BEA9DE00D94C1
:1092F0005ABA8CEA9DE00F9436BA61E0811160E0C1
:109300008CEA9DE00D945ABA8FE594E00E94F6C76E
:1093100060915F0480E29CE00D945ABA8AE594E083
:109320000E94F6C760915A0483EA9DE00D945ABAF0
:109330008BE594E00E94F6C760915B0484EA9DE0AF
:109340000D945ABA8EE594E00E94F6C760915E04CF
:1093500088EA9DE00D945ABA80910C1860E0811162
:1093600001C061E060930C1887E49DE00D945ABA47
:10937000E4E0F8E1618181E06827618387E09FE0B4
:109380000D945ABAE4E0F8E1628181E068276283D3
:1093900085ED9EE00D945ABAEBE5F7E1608181E03E
:1093A000682760838BEB9FE00D945ABA80919705F4
:1093B000813051F4109297056091970588E09FE005
:1093C0000F945ABA0C94BFC681E080939705F4CFEE
:1093D0008FEA9FE00F9436BA61E0811160E08FEA76
:1093E0009FE00D945ABA80914205813071F020F0CF
:1093F000823069F483E001C081E08093420560918E
:10940000420587ED9EE00D945ABA82E0F6CF1092A5
:109410004205F5CF89E09FE00F9436BA61E08823DA
:1094200021F062E0813009F060E089E09FE00F9474
:109430005ABA81E0809339150895CF93DF938091D4
:109440005C048C33E1F0803501F1883291F088E2E0
:1094500080935C04C0E9D1E060915C0487EA9DE000
:109460000F945ABABE0185EA9DE0DF91CF910D9429
:1094700078BA8CE380935C04C8E5D2E0EDCF80E558
:1094800080935C04C0E2D3E0E7CF89E180935C0481
:10949000CAEFD0E0E1CF0F931F93CF93DF9300D0BB
:1094A00000D01F921F92CDB7DEB78C018AE090E00A
:1094B0000F9444BA9A8389838CE090E00F9444BA65
:1094C0009C838B838EE090E00F9444BA9E838D83BF
:1094D00080E190E00F9444BA98878F83C801DE0141
:1094E0001196BE01675F7F4FFC01259134914D912C
:1094F0005D914217530748F02417350720F0029674
:10950000A617B70789F780E001C081E028960FB65B
:10951000F894DEBF0FBECDBFDF91CF911F910F91A9
:1095200008950F931F93CF93DF93982F862F142FB7
:10953000E901692F0E949960113021F0123079F011
:10954000CE0115C0CE010E945C608AE30E9460607B
:10955000802FDF91CF911F910F910C946060CE010D
:109560000E945C608AE30E9460608BEB9DE2DF9169
:10957000CF911F910F910C945C60813021F481E8B0
:109580009CE20C945C608DE79CE2FBCF81E09091C3
:109590000418911180E00C94ED6B0F931F93CF93FF
:1095A00004E018E1F801C68581E0C827C6878091EC
:1095B000E90E9091EA0E908B87870F943C82F80118
:1095C000158A6C2F8DEA9CE0CF911F910F910D941D
:1095D0005ABA0E94A2614EE651E360E080E00E9428
:1095E000466180914B0290914C022091E5063091AA
:1095F000E606820F931F823321E0920750F181E348
:1096000091E090934C0280934B021092E6061092E8
:10961000E50662E081E00E94996080914C028F93A0
:1096200080914B028F938DE893E49F938F930E94D8
:109630004A600E94F4680F900F900F900F9088235B
:1096400071F083E080930D0E0F94E41782E00C9488
:1096500038608A309105A8F68AE090E0D2CF08956C
:1096600089EA9DE00C945A6D282FCB01213039F006
:10967000223049F022E067E57FE30C940F6822E096
:1096800062E57FE3FACF22E06BE47FE3F6CF8FEF72
:109690009FE00F9436BA9091E30622E040ED53EF3D
:1096A00081111BC062E175E4911102C06FE37FE399
:1096B00086E49FE30E940F6889E69FE00F9436BA24
:1096C00060EE7CE6882311F064EE7CE622E049E35C
:1096D00051ED84E39FE30C940F686DE075E489130A
:1096E00002C06CE27FE386E49FE30E940F6822E001
:1096F0004EE65EEC70E060E0ECCF8091380260EE08
:109700007CE6882311F064EE7CE622E04FEE50E028
:109710008AE69AE30C940F6886ED9EE00F9436BAC1
:1097200060EE7CE6813011F464EE7CE622E045E7F1
:1097300052E08BEC9CE20E940F688EEC9EE00F944E
:1097400036BA22E043E451E064EE7CE6813011F069
:1097500060EE7CE685E59AE30E940F6889EA9DE069
:109760000F9436BA6FE37FE3882311F06CE27FE356
:1097700022E040E35BEC8CE49AE30C940F68809168
:109780000204882321F08091B702882351F081E000
:109790008093020460E08AE29DE00E94276D80933E
:1097A00003040E94AF6A10927005809170058430A6
:1097B00008F060C01092730580915D04811137C07C
:1097C00087E29FE30E94486763ED7CED85E29CE3BE
:1097D0000E946D6780915C048C3309F43FC050F5A2
:1097E000893191F1883251F16AE878EF82E09BE3A8
:1097F0000E9417676CEC7DEC8DEB9AE30E946D671D
:1098000080910304882331F06BE37CEC81E394E4E2
:109810000E946D670E941553809170058F5F809341
:109820007005809172058F5F80937205BECF86EEC2
:109830009DE3C8CF8035C1F08F3FB1F622E04DE106
:109840005AEC68E474E405C022E04DE15AEC6DE4A2
:1098500074E484EC9AE30E940F68C6CF22E04DE1E5
:109860005AEC63E474E4F5CF22E04DE15AEC6EE388
:1098700074E4EFCF08950E94AF6A10927005809152
:109880007005843040F51092730587E29FE30E94D3
:1098900048670E9423C860EE7CE6882311F064EEDE
:1098A0007CE622E04CE459EC85EF9DE20E940F68D3
:1098B00069E379EC82EE9DE20E9417670E941553DE
:1098C000809170058F5F80937005809172058F5F26
:1098D00080937205D4CF0895CF934FEE5DE360E09F
:1098E00080E00E9446614AE061E080E00E945261AF
:1098F0000E94AF6A10927005C2E0809170058430BA
:10990000F8F410927305811102C0C093700569E8E4
:1099100072E089E29CE60E9417676AE67EEE8CE2BE
:109920009CE60E9417670E941553809170058F5F17
:1099300080937005809172058F5F80937205DDCFF3
:10994000CF9108950E94AF6A1092700580917005C2
:10995000843008F087C01092730587E29FE30E946D
:1099600048678091041860EE7CE6882311F064EE6D
:109970007CE622E046EC5AEC8AE69DE30E940F6802
:1099800080910418882309F45AC0833029F522E015
:1099900041E059EC61E97DE382E49AE30E940F68BB
:1099A00022E041E059EC61E97DE386E39AE30E941D
:1099B0000F6822E041E059EC61E97DE388E29AE337
:1099C0000E940F6880910C18882381F1813009F47E
:1099D00043C00E94ACC933C08091061860EE7CE69B
:1099E000882311F064EE7CE622E042EC59EC82E43C
:1099F0009AE30E940F688091051860EE7CE6882348
:109A000011F064EE7CE622E048EB59EC86E39AE341
:109A10000E940F688091121860EE7CE6882311F096
:109A200064EE7CE622E04DEC5AECC8CF22E04CEA32
:109A300059EC68E17AE38EE19AE30E940F680E9494
:109A40001553809170058F5F80937005809172052A
:109A50008F5F809372057ACF22E04CEA59EC62E185
:109A60007AE3E9CF08950E94AF6A10927005809161
:109A700070058430A8F51092730585E29CE30E947E
:109A8000486780913E040E94676D882331F063E946
:109A90007BED8EE19CE30E946D6780910D0E81113C
:109AA00006C06BE57CEE8DE09CE30E946D676BE782
:109AB0007FEC86E09CE30E946D6761E27AEE80E0D5
:109AC0009CE30E9417670E941553809170058F5F79
:109AD00080937005809172058F5F80937205C7CF68
:109AE000089587E080933E040C9433CD86E0809304
:109AF0003E040C9433CD85E080933E040C9433CD2A
:109B000084E080933E040C9433CD83E080933E0444
:109B10000C9433CD82E080933E040C9433CD81E0ED
:109B200080933E040C9433CD10923E040C9433CDBC
:109B30000E94AF6A1092700580917005843058F5CC
:109B40001092730586EE9DE30E9448676EEE7EEDEF
:109B500089E092E30E946D6767EF7EED82E092E319
:109B60000E946D6765EE7EED8BEF91E30E946D675D
:109B70006CE97BED82EF91E30E946D670E941553C3
:109B8000809170058F5F80937005809172058F5F63
:109B900080937205D1CF08950E94AF6A109270052C
:109BA00080917005843098F51092730580E19BE3F5
:109BB0000E94486742EA59EC6BE77AE380915E04C1
:109BC0000E9434CB48E959EC65E77AE380915B0465
:109BD0000E9434CB4EE859EC65ED7CE280915A044A
:109BE0000E9434CB44E859EC67EF7FE280915F0438
:109BF0000E9434CB0E941553809170058F5F809333
:109C00007005809172058F5F80937205C9CF0895AA
:109C1000CF9310923804C3B14FEA5CE260E080E079
:109C20000E94466160E086E00E949960C4FB88273C
:109C300080F90E94BDCA80911414813099F4C1E06A
:109C40008091EA13811101C0C0E049EA5CE260E062
:109C50008AE00E94466160E081E10E9499608C2F59
:109C60000E94BDCAC1E080911118811101C0C0E0FD
:109C70004AE65DE361E080E00E94466161E081E1E7
:109C80000E9499608C2F0E94BDCA62E080E00E9411
:109C900099608091EA0E8F938091E90E8F93809165
:109CA000150E1F928F938091F1038F938091F00393
:109CB0008F938091140E1F928F9385E89CE29F935F
:109CC0008F930E944A608DB79EB70A960FB6F8949C
:109CD0009EBF0FBE8DBFCF910C94A96A0E949B615D
:109CE00080E192E30E945C600C94A96ABF92CF92DB
:109CF000DF92EF92FF920F931F93CF93DF93C82FC2
:109D0000F62EE42EB22E680180E00E946C64DCE73F
:109D1000FE1408F0DDE2BB20E9F00E94A261C1114F
:109D20001CC088E797E60E945C6088EF8C0F823049
:109D300068F58BEB9EE30E945C608EE99EE3CC307D
:109D400049F181E897E6CD3029F1CE3029F58DE84B
:109D50009EE320C00E949B61E2CFC13011F3C2306C
:109D600001F388E09FE3C330F1F288EF9EE3C43053
:109D7000D1F288EE9EE3C530B1F288ED9EE3C630A5
:109D800091F2C73091F68BEC9EE3CDCFCA3059F5F6
:109D90008AEA9EE30E945C6044EE54E461E080E065
:109DA0000E944661C33040F541E85EE362E080E036
:109DB0000E94466162E082E10E949960C11117C071
:109DC0008D2F0E94606046E75EE363E080E00E94C2
:109DD000466163E082E10E949960C23001F18D2FFB
:109DE0000E94606020C0CB3009F0A7CFD1CF8BEBB1
:109DF0009DE20E945C60E7CF86EF8C0F823090F589
:109E000041E957E662E080E00E9446618AE30E94F1
:109E1000606062E082E10E949960CA3001F38BEBDE
:109E20009DE20E945C60C114D10419F0C6010E9439
:109E30008B8C81E08F0D482F50E092E024E030E0E1
:109E4000E91611F026E030E0421753070CF080E0ED
:109E5000DF91CF911F910F91FF90EF90DF90CF9006
:109E6000BF900895CA30F8F641E0C43021F042E0D6
:109E7000C33009F440E00D2F22EE34E462E082E0CA
:109E80000E9491CA41E0C53021F042E0C53008F49B
:109E900040E00D2F20EE34E468E082E00E9491CA99
:109EA00041E0C63021F042E0C63008F440E00D2F1A
:109EB0002EED34E46EE082E00E9491CA41E0C730AA
:109EC00021F042E0C73008F440E00D2F2AED34E4E1
:109ED00060E083E00E9491CA41E0C83021F042E096
:109EE000C83008F440E00D2F23ED34E469E083E04E
:109EF0000E9491CA98CFCF93DF9380910204811181
:109F000018C060913E048BE0689FB0011124675B2C
:109F1000724F47E050E084E094E00F9426BA8091BD
:109F2000040490E09093E6068093E50681E0809338
:109F300002048091E5069091E606809734F480E271
:109F400090E09093E6068093E5068091E506909177
:109F5000E6068F3F910539F034F08FEF90E0909353
:109F6000E6068093E506E0910304F0E0EE5FFB4F28
:109F70008091E50682830E949B61C4E0D4E08991D0
:109F80000E94606084E0CB30D807C9F74EE561E0FD
:109F9000809103040E94526180910304882329F078
:109FA00040E261E081500E9452610E94F46888237F
:109FB00099F0E09103048E2F90E00196079778F4D2
:109FC000EF5FE0930304F0E0EE5FFB4F828190E0EF
:109FD0009093E6068093E506DF91CF910895609116
:109FE0003E048BE0689FB0011124675B724F47E02D
:109FF00050E084E094E00F944ABADF91CF910C9442
:10A00000AD530E949B6185E492E30E945C600C94D6
:10A01000A96A2F923F924F925F926F927F928F9296
:10A020009F92AF92BF92CF92DF92EF92FF920F93E7
:10A030001F93CF93DF93CDB7DEB7A0970FB6F894F9
:10A04000DEBF0FBECDBF48E050E065EE7FE0CE0141
:10A0500041960F9426BA48E050E06DED7FE0CE01C6
:10A0600009960F9426BA48E050E065ED7FE0CE01F6
:10A0700001960F9426BA8D849E84AF84B888EBE74E
:10A08000FFE62591359145915491CD80DE80EF809A
:10A09000F884EFE7FFE685919591A591B4918D8FB6
:10A0A0009E8FAF8FB8A38D899E89AF89B88D898F18
:10A0B0009A8FAB8FBC8FC501B4010F9403B52B01F0
:10A0C0003C012D8D3E8D4F8D58A1C701B6010F94D7
:10A0D00003B59B01AC01C301B2010F945EBB298D96
:10A0E0003A8D4B8D5C8D0F945EBB20E030E040E9F3
:10A0F00050E40F945EBB1B018C01E3E8FFE6259161
:10A10000359145915491E7E8FFE64590559065906B
:10A110007490C501B4010F9403B54B015C01A30118
:10A120009201C701B6010F9403B59B01AC01C501B3
:10A13000B4010F945EBB298D3A8D4B8D5C8D0F94CD
:10A140005EBB20E030E040E950E40F945EBBF62EA9
:10A15000E72ED82EC92E0E949B618EEC90E39F9330
:10A160008F9384ED90E39F938F9384EE94E49F9379
:10A170008F9389ED90E39F938F938BE39CE29F9362
:10A180008F930E944A6062E08BE00E9499600FB654
:10A19000F894DEBF0FBECDBF20E030E048E453E4CA
:10A1A000622D732D802F912F0F94E7BD87FF57C02D
:10A1B0001F930F933F922F9283E39CE29F938F9381
:10A1C0000E944A600F900F900F900F900F900F9089
:10A1D00063E08BE00E94996020E030E048E453E4C3
:10A1E000D701F6016B2F7E2D8F2F9C2D0F94E7BD8D
:10A1F00087FF3AC0CF92DF92EF92FF9283E39CE217
:10A200009F938F930E944A600F900F900F900F9032
:10A210000F900F900E94F468882341F020E041E005
:10A2200070E060E087E69DED0E944953A0960FB66E
:10A23000F894DEBF0FBECDBFDF91CF911F910F917C
:10A24000FF90EF90DF90CF90BF90AF909F908F9056
:10A250007F906F905F904F903F902F90089581E98D
:10A260009DE30E945C60B4CF81E99DE30E945C6045
:10A27000D1CF89E69FE00E945A6D0D94801ECF9346
:10A28000DF9394E0899FE0011124C551D94F20E06C
:10A2900030E040E251E4688179818A819B810F94AA
:10A2A0005EBB688379838A839B8360E070E084E38C
:10A2B00092E40F942B650F944A51DF91CF910D9446
:10A2C000801E0E947C8861E084EE9DE60E9491875A
:10A2D0000D94E417CF93DF9388E394E00F94422228
:10A2E0008091000E811118C08091010E811114C05F
:10A2F000C0917604D09177048AEEC238D80761F015
:10A300008EEDC53ED80741F080912F04811104C025
:10A3100080916F05882331F082E08093B702DF914E
:10A32000CF9108958BECCF3BD80749F482E080931E
:10A33000B7028AE29DE0DF91CF910C945A6D909123
:10A34000FE0D8091FF0D981304C00E94B057882322
:10A3500061F00E94EB57811110C082E08093B70238
:10A3600080E0DF91CF910D94D03A81E0C33BD807D4
:10A37000E1F460E085EE9EED14C081E0C33BD807B8
:10A3800059F081EDCE3ED80739F086EDC038D807B8
:10A3900019F0CD5ED14009F70E94A26160E082E829
:10A3A0009AEEDF91CF910C946F5381EDCE3ED8079A
:10A3B00001F382E0CD3AD807E1F28FEEC934D80735
:10A3C000C1F283EDC93CD807A1F285EDC53BD807A2
:10A3D00081F2CD5ED14009F0C0CFCBCF1F93CF9398
:10A3E000DF930E94AF6A109270051BE0D1E080916C
:10A3F0007005843008F0C9C11092730585E39DE3B0
:10A400000E9448670E940158811117C00E949B5703
:10A41000811113C080913F0481110FC08091120EF1
:10A42000833009F053C08091EB14882331F061E64A
:10A4300071ED8DE29DE30E9417670E94EB57882320
:10A4400071F00E94B057811104C080910D0E8430CC
:10A4500031F462E87AEE8FE19DE30E946D678091AE
:10A46000110E882331F06EEF7DEE86E79DE30E94AA
:10A4700017670E949B5781115AC08091FE0D9091E1
:10A48000FF0D891B8F7069F50E940158811129C049
:10A4900080914204823029F180916F05811127C09B
:10A4A0006DEA72E082E19DE30E946D678091F7039F
:10A4B0008823E9F08091120E68E178EC813009F090
:10A4C0007BC084E09DE30E94176711C0843009F0CF
:10A4D000B4CF8091F703882309F4AFCF62E178EC21
:10A4E000A8CF60E876ED8AE19DE30E946D67C09198
:10A4F000010E0E94A557C1111AC09091000E911132
:10A5000016C0811118C08091FC03811110C0809188
:10A510006C0569EE70E0811106C08091EA14882311
:10A5200031F06BED72E08EEE9CE30E9417670E94A3
:10A53000A557882321F180917905811120C0809150
:10A5400042048230E1F080916A02823021F49091DD
:10A55000020E9923A1F090911D07983081F06AEBCB
:10A560007EEE882341F0813051F48091F7038823F7
:10A5700031F067EE7EEE81EE9CE30E946D670E94F3
:10A58000B057811108C00E94A557811104C00E94D4
:10A590009B57882341F080911D07813021F08091E5
:10A5A000FC03882361F080916F05882371F06AE6CF
:10A5B0007EEE82ED9CE307C08AEF9CE384CF6CE6DD
:10A5C0007CEC8FEE9DE30E946D670E949B5781118A
:10A5D00085C00E940158811181C080917905811147
:10A5E0007DC080914204823009F478C08091EB14E0
:10A5F000811105C080910D0E882309F498C08091C7
:10A600007D17811110C080916C0581110CC0809163
:10A610000D0E811108C0D0933D0469E47FEE84ECF7
:10A620009CE30E946D678091110E811112C081EA36
:10A630009DE00F9436BAC82F0E94756D87FD09C042
:10A64000C81739F0C102C0011124875B924F0E94E4
:10A6500059C880910004811141C080916F0581111A
:10A660003DC080911414813009F068C08091EA13D4
:10A6700081110AC080911118811106C062E67BED3C
:10A680008AEA9CE30E946D6769E572E08BE99CE3CE
:10A690000E946D6763EC72E08BE89CE30E946D673B
:10A6A00063E671E08DE39CE60E946D678EEC9EE0B0
:10A6B0000F9436BA882331F063EE71E080E39CE6B4
:10A6C0000E946D6769EC73ED86EE9DE30E946D67F5
:10A6D00063E075ED8FE59CE30E946D6760E07FEDC0
:10A6E00084E59CE30E946D676FEB72E089E49CE374
:10A6F0000E946D6780911414813031F46FE072E034
:10A700008AE39CE30E946D676DEE71E082E39CE357
:10A710000E946D670E941553809170058F5F809332
:10A720007005809172058F5F8093720560CED09323
:10A730003D0489EB9CE30E94486775CF8091041823
:10A740008823C1F080910518811106C067E172E08D
:10A750008DE79CE30E946D6780911118811110C0F4
:10A7600080910518882309F4ADCF68EE7AED8BE669
:10A770009CE3A6CF67E172E08DE79CE30E946D67E2
:10A7800069E272E08BE89CE39BCFDF91CF911F9150
:10A790000895CF938FEF9FE00F9436BA8093FD0317
:10A7A0000E94AF6A10927005C1E0809170058430FC
:10A7B00008F027C11092730583E39EE30E94486767
:10A7C00065EB75ED81E49BE30E946D670E94015883
:10A7D000882321F00E94A557882361F068E97DEC69
:10A7E00087E39BE30E946D6760E17EE286E29BE384
:10A7F0000E94108862EA7CEC8AE69DE30E946D6705
:10A800008CEA9CE00F9436BA60EE7CE6882311F067
:10A8100064EE7CE622E046E250EE8EE694E40E948E
:10A820000F688CEA9CE00F9436BA882331F063E11C
:10A8300071E084E694E40E941767809114148130DB
:10A8400041F40E948CCB67EC72E089E19BE30E94AB
:10A850006D670E947DCB8091110E811102C00E9414
:10A8600047CB8091110E8111C5C0C0935D046FEB81
:10A870007BEC80E19BE30E946D6763E772EF8CE8FD
:10A880009BE30E946D6768E07DEE82EF9AE30E9491
:10A890006D6720E030E040E251E46091F203709196
:10A8A000F3038091F4039091F5030F94E7BD87FDC6
:10A8B00011C08FEA9FE00F9436BA60EE7CE68823E1
:10A8C00011F064EE7CE622E048EE59EC8DE49BE367
:10A8D0000E940F688091970564EE7CE6811102C0AA
:10A8E00060EE7CE622E046ED59EC89EE9AE30E94A8
:10A8F0000F680E94A557811106C062E87AEE8FE1C9
:10A900009DE30E946D678091110E81112AC0809194
:10A910005B1722E04CEC59EC6BEE7CE2811102C03B
:10A920006FE37FE381EE9AE30E940F6889E09FE086
:10A930000F9436BA22E04AE05AEC67ED7AE38823B6
:10A9400061F022E04AE05AEC6EEC7AE3813029F0C3
:10A9500022E04AE05AEC67E57FE38CED9AE30E943F
:10A960000F688091420522E043EF59EC63E57DE3F7
:10A97000823051F06CE47DE3833031F06FE57DE3AC
:10A98000813011F46AE57DE384E69DE30E940F685F
:10A9900080916504882331F06EEE7AED81E49DE3C9
:10A9A0000E946D6787EA9CE00F9436BA69E27CE604
:10A9B000882311F06CE27CE622E04DE259EC8EED4A
:10A9C0009CE20E940F688091110E882331F062E5AD
:10A9D00072EF82E594E40E9417670E9415538091FC
:10A9E00070058F5F80937005809172058F5F8093F3
:10A9F0007205DBCE6AE878EF82E09BE30E9417677E
:10AA00003CCFCF9108950E94AF6A1092700580915B
:10AA10007005843008F075C01092730583E39EE3DF
:10AA20000E9448676FE971E08BEC9BE30E94176717
:10AA300080910D0E811106C06DEA7BEE8DE09CE3E6
:10AA40000E946D676DE17EE28FE19CE60E941088B6
:10AA500064E473EF81EC9BE30E94176768E776EF8D
:10AA600088EB9BE30E94176765EE78EC8AEA9BE32C
:10AA70000E9417676CEE78EC8EE99BE30E941767E3
:10AA800063EF78EC8CE89BE30E946D6763ED75EDF6
:10AA90008AE79BE30E946D6769EE7AEC8AE69BE3A6
:10AAA0000E946D6762E774E488E59BE30E9410886A
:10AAB00020E030E040E251E46091F2037091F30352
:10AAC0008091F4039091F5030F94E7BD87FD06C0D4
:10AAD0006AEF78EC8DE49BE30E94176761EF77ECF7
:10AAE00084EF9CE20E9417670E94155380917005C5
:10AAF0008F5F80937005809172058F5F80937205E0
:10AB000086CF0895EF92FF920F931F9388ECE82E63
:10AB1000F12C07E211E030E020E040E16FE07EE060
:10AB20008BE79AE30E94AD6092E3E92EF12C08E7EF
:10AB300010E030E020E040E169EC76E086E69AE360
:10AB40000E94AD602FE7E22EF12C0FEF10E030E015
:10AB500020E048E063E474E08CE59AE30E94AD6095
:10AB60001F910F91FF90EF9008950E94AF6A10928D
:10AB70007005809170058430A8F41092730586EEFC
:10AB80009DE30E9448670E9482D50E9415538091E0
:10AB900070058F5F80937005809172058F5F809341
:10ABA0007205E7CF0895EF92FF920F931F93809164
:10ABB0000F04811135C080EC9FE00F9436BA8130CC
:10ABC00061F58FEB9FE00F9436BA082E000C990BBD
:10ABD00090931104809310048EEB9FE00F9436BA8B
:10ABE000082E000C990B90931304809312048DEBA4
:10ABF0009FE00F9436BA082E000C990B9093150421
:10AC0000809314048CEB9FE00F9436BA082E000C4E
:10AC1000990B909317048093160481E080930F049E
:10AC20000E94AF6A1092700580917005843008F020
:10AC300062C0109273050E94B8528823E9F06091B7
:10AC400010048FEB9FE00F945ABA609114048DEBBF
:10AC50009FE00F945ABA609116048CEB9FE00F941A
:10AC60005ABA609112048EEB9FE00F945ABA61E0D9
:10AC700080EC9FE00F945ABA87E29FE30E944867F6
:10AC8000F12CE12C04E610E02CE93FEF40E160E11B
:10AC900074E08FE591E30E94AD602CE93FEF40E165
:10ACA00062E174E080E591E30E94AD602CE93FEF42
:10ACB00040E164E174E081E491E30E94AD602CE93D
:10ACC0003FEF40E166E174E082E391E30E94AD6012
:10ACD00060E27DED80E09CE30E9417670E941553BF
:10ACE000809170058F5F80937005809172058F5FF2
:10ACF0008093720599CF1F910F91FF90EF90089567
:10AD0000EF92FF920F931F938091BD029091BE022C
:10AD100020910F0421118FC021E020930F04909304
:10AD20001104809310048FEF9FE00F9436BA809344
:10AD3000FD030E94AF6A1092700580917005843007
:10AD400008F088C0109273050E94B85281110E94C9
:10AD5000EE5483E39EE30E944867F12CE12C07EE5A
:10AD600013E02AE030E040E169E372E08BE89DE324
:10AD70000E94AD600E9482D52AE030E040E16DEB98
:10AD800072E086E89DE30E94AD608091110E811112
:10AD900006C06EEF7DEE86E79DE30E9417670E9476
:10ADA000A557882331F06DE874E48FE19CE60E949A
:10ADB000108862EA7CEC8AE69DE30E946D678091D0
:10ADC0001414813011F40E948CCB0E947DCB8091B1
:10ADD000110E811102C00E9447CB8091420522E0F2
:10ADE00043EF59EC63E57DE3823051F06CE47DE3A1
:10ADF000833031F06FE57DE3813011F46AE57DE366
:10AE000084E69DE30E940F6880916504882331F0F9
:10AE10006EEE7AED81E49DE30E946D670E9415530A
:10AE2000809170058F5F80937005809172058F5FB0
:10AE30008093720582CF209110043091110428175D
:10AE4000390709F470CF90931104809310040E9485
:10AE5000C45569CF1F910F91FF90EF9008958F9285
:10AE60009F92AF92BF92CF92DF92EF92FF920F9399
:10AE70001F93CF93DF93F82E6091090E70910A0E05
:10AE800080910B0E90910C0E0F94CFBC4B016B0177
:10AE900060914C0570914D0580914E0590914F0544
:10AEA0000F94CFBCEB01FF2009F4A6C06B01E401B5
:10AEB00024EB922E90E080E09093100E80930F0E82
:10AEC00084E690E0F11002C090E080E09093CA0622
:10AED0008093C906E0907B0580E00F948C280F9446
:10AEE000224F81E00E94508AB12CA12C85E0882E4F
:10AEF00080916F0581111CC00F94224F81E00E9448
:10AF0000508A00E911E020E042E06A2D87E0F1106C
:10AF100001C088E00E9476CEA82E8B2D682D0F945C
:10AF2000E5BA911102C00E947E6FB394B910E0CFD0
:10AF30001092100E10920F0E1092CA061092C906AF
:10AF40000F94224FB601DD0C880B990B4E01DD0FDB
:10AF5000AA08BB08FF2009F454C00F94C4B49B0195
:10AF6000AC0160914C0570914D0580914E0590911A
:10AF70004F050F945DBB0F94CFBCEB01C501B4012D
:10AF80000F94C4B49B01AC016091090E70910A0E3C
:10AF900080910B0E90910C0E0F945DBB0F94CFBC63
:10AFA00010916F0511110CC0F1104BC06930710583
:10AFB0000CF04DC08EE190E011E0C817D90734F4D1
:10AFC00068EF72E080E00F94EFA810E08E2D0F94F0
:10AFD0008C280F94224F81E00E94508A812FDF91AC
:10AFE000CF911F910F91FF90EF90DF90CF90BF9086
:10AFF000AF909F908F9008959CE3992E88EC90E0FD
:10B000005BCF0F94C4B49B01AC016091090E7091A9
:10B010000A0E80910B0E90910C0E0F945DBB0F9455
:10B02000CFBCEB01C501B4010F94C4B49B01AC01CA
:10B0300060914C0570914D0580914E0590914F05A2
:10B04000ABCF89E090E06E3171050CF4B5CF68EFBD
:10B0500072E081E00F94EFA8B9CF2F923F924F9208
:10B060005F926F927F928F929F92AF92BF92CF9298
:10B07000DF92EF92FF921F93CF93DF9300D000D027
:10B080001F92CDB7DEB7182F682E712C812C20E8C7
:10B09000922E2CE5A22E23E4B22E813031F0812CA9
:10B0A000912CAA24AA9493E4B92E10925C020F94D6
:10B0B000D41D81E08093B60260E070E080EA90E405
:10B0C0000E94F25F81E0012E01C0880F0A94EAF726
:10B0D0000F94031E20E030E040E752E4C501B401C4
:10B0E0000F945EBB69837A838B839C831301220C4C
:10B0F000331C220C331CC1018551994F9E838D83D3
:10B1000029813A814B815C81FC016081718182815E
:10B1100093810F945DBBED81FE8160837183828397
:10B12000938360E070E084E392E40F942B650F94C6
:10B130004A5110933B021092260410922704109259
:10B1400028041092290410922A0410922B041092C1
:10B150002C0410922D04812F0F94F72F6B017C018A
:10B1600020E030E040EF52E4ED81FE8160817181AA
:10B17000828193810F945EBBED81FE816083718338
:10B180008283938360E070E084E392E40F942B6504
:10B190000F944A51A5019401ED81FE816081718176
:10B1A000828193810F945EBBED81FE816083718308
:10B1B0008283938360E070E084E392E40F942B65D4
:10B1C0000F944A518FEF80933B0260912A04709153
:10B1D0002B0480912C0490912D0420912604309111
:10B1E000270440912804509129040F94A9BA2D8373
:10B1F0003F833F932F93F8E56F0E711C7F926F9200
:10B2000083EC94E49F938F930F94F8B80F900F9072
:10B210000F900F900F900F908BE59FE0111102C0DF
:10B220008DE59FE06D817F810F9494BA812F0F94FB
:10B23000F72F2B013C01A70196010F945DBB6B0119
:10B240007C01E894F7F8C1018551994F9E838D8365
:10B2500020E030E040E752E4FC01608171818281AE
:10B2600093810F945DBBED81FE8160837183828346
:10B27000938360E070E084E392E40F942B650F9475
:10B280004A5129813A814B815C81ED81FE81608147
:10B290007181828193810F945DBBED81FE8160831A
:10B2A00071838283938360E070E084E392E40F947F
:10B2B0002B650F944A51812F0F94F72F9B01AC01FE
:10B2C000C301B2010F945DBB2B013C01E89477F8F8
:10B2D0000F94D41DFF92EF92DF92CF9280EA9DE20D
:10B2E0009F938F930F94F8B8A5019401C701B601FD
:10B2F0000F945DBB9F770F900F900F900F900F9062
:10B300000F9020E030E040EA50E40F94E7BD1816BB
:10B310000CF453C07F926F925F924F9280EA9DE24D
:10B320009F938F930F94F8B8A5019401C301B201C4
:10B330000F945DBB9F770F900F900F900F900F9021
:10B340000F9020E030E040EA50E40F94E7BD18167B
:10B35000A4F1A3019201C701B6010F945DBB6B017B
:10B360007C01E894F7F8FF92EF92DF92CF9283E8A6
:10B370009DE29F938F930F94F8B80F900F900F90CA
:10B380000F900F900F9020E030E040E85FE3C7019E
:10B39000B6010F94E7BD18160CF444C0ED81FE8190
:10B3A00010821182128213820F94D160812F0E9429
:10B3B0003FD10F94C73A81E01DC01092B60264EEEF
:10B3C00072E0113011F062EE72E088E00F94EFA8A5
:10B3D000F101E551F94F10821182128213820F940C
:10B3E000D160812F0E943FD181E08093B6020F94FB
:10B3F000C73A80E027960FB6F894DEBF0FBECDBFE8
:10B40000DF91CF911F91FF90EF90DF90CF90BF9091
:10B41000AF909F908F907F906F905F904F903F90F4
:10B420002F90089564EE72E0113011F062EE72E038
:10B4300087E00F94EFA8F101E551F94F10821182D6
:10B44000128213820F94D160812F0E943FD1CFCFFF
:10B450000F94E4831092FE031092E6061092E50624
:10B460000C94415380918A168823F9F0815080937F
:10B470008A1693E2E8EBF5E1A5E9B5E101900D92BA
:10B480009A95E1F728EB35E190E0981760F443E2F4
:10B49000F901B396D90101900D924A95E1F79F5FAA
:10B4A0002D5D3F4FF2CF0F94E4831092FE03109274
:10B4B000E6061092E5060C944153AF92BF92CF92EC
:10B4C000DF92EF92FF920F931F93CF93DF936C0164
:10B4D0000E942660E601F12CE12C6F2D80E00E9495
:10B4E0009960C6010E9403C8882329F08FEFC81A0B
:10B4F000D80A09F449C0C6010F94F4B78431910504
:10B5000010F084E190E0E601C80FD91FE3E0FE12DD
:10B510000AC0843141F4FE018491E12C882319F0A2
:10B520002297EE24E394FE018491882309F440C01D
:10B53000CE010E9403C881113BC0FE01849192EDAF
:10B54000980F9230A8F18C3299F196EC980F9230C6
:10B5500078F18F3369F1813259F18E01C016D1062D
:10B5600058F45801F1E0AF1AB108C5010E9403C8B0
:10B5700081111DC08501F2CFC016D106C9F0E801C6
:10B58000F39484E0F812A9CFEE20F9F048E863E0E4
:10B5900083E10E945261CE01DF91CF911F910F9103
:10B5A000FF90EF90DF90CF90BF90AF900895E801AB
:10B5B000CC16DD0628F7F60184918A3009F30E9443
:10B5C000D964FFEFCF1ADF0AF3CFD0E0C0E0E3CFBA
:10B5D0008FE290E30E945DDA0C94A96AEF92FF92E9
:10B5E0000F931F930E94AF6A1092700580917005AF
:10B5F000843008F052C0109273050E94B852811135
:10B600000E94D08987E29FE30E94486720916304EB
:10B6100030E0F12CE12C0FEF10E048E064E674E03C
:10B6200089ED9DE30E94AD600091640410E030E07C
:10B6300020E048E063E674E08CEC9DE30E94AD609E
:10B6400080914F0268EB7DE3813031F06FEB7DE359
:10B65000811102C064EB7DE322E042E55BED86E40C
:10B660009FE30E940F68F12CE12C07EE13E021E02C
:10B6700030E040E16DE472E084EC9DE30E94AD6057
:10B680000E941553809170058F5F809370058091A3
:10B6900072058F5F80937205A9CF1F910F91FF9064
:10B6A000EF90089580914F02882331F0813041F46A
:10B6B00010924F020C94D08982E080934F02FACF0F
:10B6C00081E0FBCFCF930E94AF6A1092700580910A
:10B6D0007005843030F51092730583E39EE30E9479
:10B6E000486762EC7CED82ED9BE30E941767C0E047
:10B6F00061E36C0F2C2F41ED5CED8DE79CE30E9424
:10B70000A966CF5FC530A1F70E94155380917005DF
:10B710008F5F80937005809172058F5F80937205B3
:10B72000D6CFCF91089560913E0481EA9DE00F94B9
:10B730005ABA83E00C9491536091090E70910A0EED
:10B7400080910B0E90910C0E0F94CFBC20916B0248
:10B7500030916C02261737070CF065C08091E50622
:10B760009091E606892BB9F10E94CE568091FE0D8C
:10B770008F5F803109F480E09091FF0D981759F1A7
:10B780006091E5067091E606072E000C880B990B78
:10B790000F94C4B49B01AC016091F7067091F80658
:10B7A0008091F9069091FA060F945EBB6093F706BC
:10B7B0007093F8068093F9069093FA061092E606C5
:10B7C0001092E50665E575E585ED9FE30F942B6521
:10B7D00081E08093B7028091B702882311F161E084
:10B7E00080E00E9499608091FA068F938091F9061B
:10B7F0008F938091F8068F938091F7068F938EE553
:10B8000093E49F938F938FE493E49F938F930E948D
:10B810004A608DB79EB708960FB6F8949EBF0FBECC
:10B820008DBF0C94A96A0E94A26147EC50E360E0CE
:10B8300080E00E94466143EB50E362E080E00E94BA
:10B84000466160ED77E080E090E00F947E1F0E94FB
:10B85000A2610D94E417CF930E94AF6A1092700515
:10B8600080917005843058F5109273050E94B8528B
:10B8700081110F94B71883E39EE30E9448676DE43B
:10B8800071E082ED9BE30E941767C0E061E36C0FFB
:10B890002C2F43E051E08DE79CE30E94A966CF5F27
:10B8A000C530A1F70E941553809170058F5F80937A
:10B8B0007005809172058F5F80937205D1CFCF9113
:10B8C0000895EF92FF920F931F93CF938C017B010A
:10B8D0000E94AF6A1092700580917005843018F54F
:10B8E000109273050E94B85281110F94B71883E328
:10B8F0009EE30E944867C0E061E36C0F2C2FA70114
:10B90000C8010E94A966CF5FC530B1F70E941553E8
:10B91000809170058F5F80937005809172058F5FB5
:10B9200080937205D9CFCF911F910F91FF90EF9027
:10B9300008956BEA7CED80E39CE60C9461DC67EB98
:10B940007CED8DE39CE60C9461DC65EE72E08DE7A6
:10B950009CE30C9461DCCF93C82F0F94DA8F88237B
:10B9600021F08C2FCF910D94A1B4CF910895CF9356
:10B97000C82F0E94AD5361E08C2F0F9426B4CF9155
:10B980000D94B71880E00F94E5B381E00F94E5B310
:10B9900082E00F94E5B383E00F94E5B384E00D9467
:10B9A000E5B30D94E5B30E94AF6A109270058091E3
:10B9B0007005843008F043C01092730580E19BE36A
:10B9C0000E94486764E97DEC89E49DE00E94B367CA
:10B9D0006FE87DEC84E59DE00E94B3676AE87DEC4A
:10B9E0008FE59DE00E94B36765E87DEC8AE69DE007
:10B9F0000E94B36760E87DEC85E79DE00E94B36735
:10BA00006BE77DEC80E89DE00E94B36766E77DEC24
:10BA10008BE89DE00E94B36761E77DEC86E99DE0DD
:10BA20000E94B3670E941553809170058F5F8093C9
:10BA30007005809172058F5F80937205B8CF08956D
:10BA40000E94BE6D10920F040895CF93DF9343E1DF
:10BA500051E360E080E00E94466144EE54E461E01E
:10BA600080E00E94466162E080E00E94996085EE7D
:10BA70009FE00F943EBA9F938F937F936F931F9293
:10BA800088E58F93C8E6D3E4DF93CF930E944A60A2
:10BA900063E080E00E94996089EE9FE00F943EBAD7
:10BAA0009F938F937F936F931F9289E58F93DF937B
:10BAB000CF930E944A608DB79EB740960FB6F89418
:10BAC0009EBF0FBE8DBFDF91CF910C94A96ACF921C
:10BAD000DF92EF92FF9280E69FE00F943EBA6B01F7
:10BAE0007C010E949B618EE38F9380E88F931F926D
:10BAF0001F928DEE90E39F938F938DE38F9385EF4D
:10BB00008F9382EC8F9380E98F9389EF90E39F93DB
:10BB10008F9384EE94E49F938F9385E091E39F93BA
:10BB20008F9380E59CE29F938F930E944A6060E030
:10BB30008FE00E9499608DB79EB742960FB6F89439
:10BB40009EBF0FBE8DBF20E030E048EC52E4C7013D
:10BB5000B6010F9453BC87FF2EC020E030E044E3D1
:10BB600053E4C701B6010F9403B52BED3FE049E460
:10BB700050E40F945DBC9F938F937F936F9389E400
:10BB80009CE29F938F930E944A600F900F900F90BA
:10BB90000F900F900F900E94F468882389F020E0A6
:10BBA00041E070E060E085E29DEDFF90EF90DF9076
:10BBB000CF900C94495381E99DE30E945C60EBCFE8
:10BBC000FF90EF90DF90CF9008952F923F924F9289
:10BBD0005F926F927F929F92AF92BF92CF92DF92CD
:10BBE000EF92FF920F931F93CF93DF937091000E0C
:10BBF000711104C07091010E772399F0DF91CF91FC
:10BC00001F910F91FF90EF90DF90CF90BF90AF907A
:10BC10009F907F906F905F904F903F902F900C94EB
:10BC2000AD5370910204711109C07091B602109267
:10BC3000B6027093030471E07093020419016A0163
:10BC4000C62FD92F982E8091E5069091E606892B74
:10BC500009F471C00E94CE568091FE0D8F5F803135
:10BC600009F480E09091FF0D981709F464C084E016
:10BC7000C89F80011124F801E551F94F5F016091DF
:10BC8000E5067091E606072E000C880B990B0F94C1
:10BC9000C4B4F50120813181428153810F945EBB90
:10BCA0002B013C01B601DD0C880B990B0F94C4B439
:10BCB0006B017C01AC019B01C301B2010F9453BC29
:10BCC000F50187FD7DC04082518262827382B1019D
:10BCD000330C880B990B0F94C4B42B013C01C801A1
:10BCE0008551994F7C01A3019201FC016081718112
:10BCF000828193810F94E7BD18162CF4F7014082DE
:10BD00005182628273821092E6061092E5066FEE0F
:10BD100076E08BEE96E00E94FD5BF801E750FD4F68
:10BD200060817181828193810E94D2560F942B652C
:10BD300081E08093B7028091B702882311F161E01E
:10BD400080E00E94996084E0C89FF0011124E551D1
:10BD5000F94F83818F9382818F9381818F9380812B
:10BD60008F93DF939F928FE493E49F938F930E942E
:10BD70004A60EDB7FEB738960FB6F894FEBF0FBE17
:10BD8000EDBF80913304811104C0809101048823A8
:10BD900021F0809103048093B602DF91CF911F912F
:10BDA0000F91FF90EF90DF90CF90BF90AF909F905A
:10BDB0007F906F905F904F903F902F900C94A96A66
:10BDC000C082D182E282F38282CF22ED30E050E065
:10BDD00040E062E089E793E40C94E5DD2EEF31E08A
:10BDE00050E040E060E083E793E40C94E5DD24ED6F
:10BDF00030E04CEF5FEF61E086E793E40C94E5DD23
:10BE00008F929F92AF92BF92CF92DF92EF92FF926A
:10BE10000F931F93CF93DF93109238040E94B05773
:10BE2000882309F462C06091E6037091E703809172
:10BE3000E8039091E9030F94C2B420E030E543ECAD
:10BE400057E40F945DBCEB01182F092F0F94D82EE7
:10BE50006B017C010E949B618CE3882E912CA12CAC
:10BE6000B12CC701B601A50194010F94A9BA7F9323
:10BE70006F93CA01B901A50194010F94A9BA7F93E8
:10BE80006F93C701B60120E13EE040E050E00F941F
:10BE9000A9BA5F934F933F932F938AE790E39F93C1
:10BEA0008F930F931F93DF93CF9385E890E39F9336
:10BEB0008F938BEE9BE29F938F930E944A608DB786
:10BEC0009EB742960FB6F8949EBF0FBE8DBFDF910E
:10BED000CF911F910F91FF90EF90DF90CF90BF9087
:10BEE000AF909F908F900C94A96A81EF9FE00F9480
:10BEF0003EBA4B015C018DEE9FE00F943EBA6B01A0
:10BF00007C010E949B61C701B6012CE330E040E058
:10BF100050E00F94A9BA7F936F93CA01B90128E149
:10BF200030E040E050E00F94A9BA7F936F93C701CF
:10BF3000B60120EA35E040E050E00F94A9BA5F93E3
:10BF40004F933F932F9383E990E39F938F93C50182
:10BF5000B4010F94C2B420E030E048EC52E40F94F6
:10BF60005DBC9F938F937F936F9384EA90E39F933D
:10BF70008F938FE09CE29F938F930E944A608DB7CE
:10BF80009EB742960FB6F8949EBF0FBE8DBF9FCF4F
:10BF90001F93CF93DF93E1E0F1E080818E7F808378
:10BFA000E2E0F1E0808181608083E8E9F5E090E102
:10BFB000908311821282E0EDF0E0808182608083C4
:10BFC0009093D400E1EDF0E088E180838081806887
:10BFD0008083EEEEF2E187E692E09187808781EA46
:10BFE00092E09387828713E01383158614869FB7A8
:10BFF000F894E5E0F1E08081806280839FBFE4E017
:10C00000F1E08081806280830E94EA4C83E60F9495
:10C01000598F8CE291E70E949771C5EAD3E11093A2
:10C02000F91386E095E70E9497718AE08C8B82E095
:10C030008093141481E08D8F8A831CA286E08C8308
:10C0400080E0DF91CF911F910D9411AC8CEA9CE0C0
:10C050000F9436BA882361F0109214141092C21310
:10C060001092A7138CEA9CE00E945A6D0D940D7CEF
:10C070000E94C8DFF7CF4F925F926F927F92AF928C
:10C08000BF92CF92DF92EF92FF920F931F93CF93C5
:10C09000DF936C0180911414C114D10429F0D6E00F
:10C0A000813029F0D5E003C0D4E08130D9F30E947B
:10C0B000A26184E08093BF02C1E000E08D2F835035
:10C0C000990B7C010F94224F81E00E94508A80914D
:10C0D000E5069091E606009709F497C097FF82C0A5
:10C0E000C1501092E6061092E506C4300CF480C0F0
:10C0F000802F002E000C990B8E159F050CF074C03C
:10C100000F5F0E94A261C3E04EE353E460E080E071
:10C110000E944661A02E002E000CBB08C114D10461
:10C1200021F012E0AE14BF0409F013E0D0E0DF5FAD
:10C1300047EF5FE26D2F81E00E9446611D13F7CF4C
:10C14000402E002E000C5508660877089FEF491A0C
:10C15000590A690A790A10E01F5F612F8AE00E947C
:10C160009960C301B2010E9412668FEF481A580A03
:10C17000680A780AD113F0CFC114D10441F0AE148B
:10C18000BF0429F4A60163E081E00E94466145E511
:10C1900059E461E080E00E9446614EE36C2F80E04C
:10C1A0000E94526164E670E080E090E00F947E1F90
:10C1B0000E94F468882309F485CF82E08093BF024F
:10C1C0008FEF8C0F800FDF91CF911F910F91FF9018
:10C1D000EF90DF90CF90BF90AF907F906F905F9087
:10C1E0004F900895CF5F7DCF87E00F94D03A8BCFEB
:10C1F000C1118ACF10162CF401500E94A261C1E037
:10C2000083CF87E00F94D03AFACFC4300CF070CFD0
:10C210007BCF2F923F924F925F926F927F928F923D
:10C220009F92AF92BF92CF92DF92EF92FF920F93C5
:10C230001F93CF93DF9300D000D01F92CDB7DEB70E
:10C24000698349015A012701682F70E090E080E07E
:10C250000F94C4B424E032E041E05CE30F9403B5F2
:10C260002091341330913513409136135091371388
:10C270000F9403B56B017C01209138133091391371
:10C2800040913A1350913B13C501B4010F9403B58B
:10C2900020913C1330913D1340913E1350913F1338
:10C2A0000F945EBBA70196010F9403B56B017C014F
:10C2B00020918A1330918B1340918C1350918D13E0
:10C2C000C801B2010F945EBB9B01AC01C501B40172
:10C2D0000F945DBB398124E0329FF0011124E65BAD
:10C2E000FC4E20813181428153810F945DBC9B01C2
:10C2F000AC01C701B6010F945DBB2091971330913B
:10C3000098134091991350919A130F9403B56F832A
:10C310007983182F092F20912B13E22FF0E08091C1
:10C320002A138150990BE817F90709F4F4C02F5F1D
:10C330002E835E8144E0549F10011124D101A65F39
:10C34000BC4E2D913D914D915C912A833B834C8352
:10C350005D83EE0FFF1FEE0FFF1FE65FFC4E408078
:10C36000518062807380C0904413D0904513E09058
:10C370004613F09047139201A301B201C3010F9439
:10C380006CBF882321F04F805980612E702EA1014F
:10C39000465F5C4E1A01A701960160E070E080E8FC
:10C3A0009FE30F945DBB9201A3010F9403B52B0192
:10C3B0003C01A70196016F817981812F902F0F9405
:10C3C00003B59B01AC01C301B2010F945EBBF10147
:10C3D0006083718382839383FE81F0932B1320917A
:10C3E0003013309131134091321350913313C50102
:10C3F000B4010F945DBB2A813B814C815D810F9418
:10C400005DBB2B013C01C0902C13D0902D13E0900C
:10C410002E13F0902F13A7019601C701B6010F94B8
:10C420006CBF882319F0C12CD12C760123E333E3B0
:10C4300043E75FE3C701B6010F9403B56B017C01CD
:10C440002DEC3CEC4CE45DE3C301B2010F9403B569
:10C450009B01AC01C701B6010F945EBB8092301303
:10C4600090923113A0923213B092331360932C1335
:10C4700070932D1380932E1390932F136B017C01D7
:10C48000E894F7F821E0298320919F133091A013BD
:10C490004091A1135091A213C701B6010F94E7BDBB
:10C4A00018160CF0198280919613398130FB81F9AE
:10C4B0008093961341E0498320919B1330919C1304
:10C4C00040919D1350919E13C701B6010F94E7BD93
:10C4D00018160CF0198280919613598150FB82F93D
:10C4E0008093961327960FB6F894DEBF0FBECDBF8C
:10C4F000DF91CF911F910F91FF90EF90DF90CF9040
:10C50000BF90AF909F908F907F906F905F904F9073
:10C510003F902F9008951E820CCF2F923F924F9202
:10C520005F926F927F928F929F92AF92BF92CF92C3
:10C53000DF92EF92FF920F931F93CF93DF93CDB7CC
:10C54000DEB7A4970FB6F894DEBF0FBECDBF9B8FAA
:10C550008A8F7A8B698B2B8B3C8B4D8B5E8B0C8FF0
:10C56000CD8EDE8EEF8EF8A220917B05298F80E0A4
:10C570000F94AE28A989BA898D919D910D90BC9197
:10C58000A02D89A39AA3ABA3BCA380E090E0A0EA6E
:10C59000B0E489839A83AB83BC838B899C89AD8902
:10C5A000BE898D839E83AF83B88720E030E040EA68
:10C5B00050E4BC01CD010F945DBB2AE737E34EE1A7
:10C5C0005FE30F9403B56B017C0120E030E040EAAB
:10C5D00050E40F945EBB69877A878B879C87A7019D
:10C5E00096016B897C898D899E890F945DBB6D87CF
:10C5F0007E878F87988B312C212C29853A854B8516
:10C600005C85CD8CDE8CEF8CF8A00C8D69897A89E5
:10C610008A8D9B8D0F9400234B015C012D853E85F7
:10C620004F855889CD8CDE8CEF8CF8A00C8D6989F4
:10C630007A898A8D9B8D0F9400239B01AC0111E0B8
:10C64000C501B4010F94E7BD18160CF010E001E02D
:10C650000127802F90E0E12FF0E0EE0FFF1FEE0F9B
:10C66000FF1F41E050E04C0F5D1F4E0F5F1F8C011C
:10C67000000F111F000F111FA1E0B0E0AC0FBD1F94
:10C680000A0F1B1FF8013896F88FEF8BF801808591
:10C690009185A285B385FA0180839183A283B383B8
:10C6A0008D809E80AF80B884C980DA80EB80FC806A
:10C6B000A7019601C501B4010F945DBB2AE737E3DA
:10C6C0004EE15FE30F9403B52B013C01AC019B01EC
:10C6D000C701B6010F945EBB69877A878B879C87F9
:10C6E000A3019201C501B4010F945DBB6D877E87E4
:10C6F0008F87988BD80118964C90EF89F88D5180D0
:10C7000062807380A5019401C701B6010F945DBBDF
:10C71000242D352D462D572D0F945DBC9F772CE091
:10C7200031E943EC5EE30F9403B56B017C015B01DF
:10C730008C01FF928F93DF926F937F926F925F9243
:10C740004F923F922F922BE339E43F932F930F9414
:10C75000F8B80FB6F894DEBF0FBECDBF2AE037EDB4
:10C7600043E25CE36C2D7D2D8E2D9F2D0F9453BCE9
:10C7700087FF42C020E030E040EA50E4642D752D90
:10C78000862D972D0F9453BC8823F1F1242D352D40
:10C79000462D572D6B897C898D899E890F9453BCBA
:10C7A000882391F1842D952DA62DB72DE989FA893D
:10C7B00080839183A283B383898D0F94AE286A2DE1
:10C7C0007B2D802F912FA4960FB6F894DEBF0FBE5D
:10C7D000CDBFDF91CF911F910F91FF90EF90DF9030
:10C7E000CF90BF90AF909F908F907F906F905F9011
:10C7F0004F903F902F900895FFEF2F1A3F0A2EE1A0
:10C800002216310409F0F9CE8CE199E40E94977167
:10C8100089A19AA1ABA1BCA1E989FA8980839183FE
:10C82000A283B383898D0F94AE28A12CB12C00EC88
:10C830001FE7C5CFEF92FF920F931F93CF93DF9324
:10C8400000D01F921F92CDB7DEB7082F162FF72EFC
:10C850000F94DA8F8823D9F00B3029F1043131F1AC
:10C8600087E5E82EE9820A831B83FC82CE010196CC
:10C870000E94B94C8D8347E5502F612F7F2D0F9477
:10C88000E7AB60E080E00F9406B3882359F30F9084
:10C890000F900F900F900F90DF91CF911F910F91FC
:10C8A000FF90EF9008951093F113DACF1093F213E5
:10C8B000D7CF8230910538F0880F991F880F991FC4
:10C8C00005970197F1F70895CF93DF93282F30E074
:10C8D000F901E35AF84B8491F901E95FF84BD491DF
:10C8E000F901EF54F94BC491CC23A1F081110E94BE
:10C8F000F0C6EC2FF0E0EE0FFF1FE956F94BA591C3
:10C90000B491EC91ED2381E090E009F480E0DF91B7
:10C91000CF91089580E090E0FACF1F93CF93DF93FB
:10C92000282F30E0F901E35AF84B8491F901E95FCF
:10C93000F84BD491F901EF54F94BC491CC23A9F0F1
:10C94000162F81110E94F0C6EC2FF0E0EE0FFF1FB2
:10C95000E358F94BA591B4918FB7F894EC9111116C
:10C9600008C0D095DE23DC938FBFDF91CF911F915C
:10C970000895DE2BF8CFCF93DF9390E0FC01E95FC1
:10C98000F84B24918F54994BFC0184918823D1F06A
:10C9900090E0880F991FFC01ED59F94BA591B491D6
:10C9A000FC01E358F94BC591D49161110EC09FB7BA
:10C9B000F8948C91E22FE0958E238C932881E223CA
:10C9C000E8839FBFDF91CF9108958FB7F894EC91E2
:10C9D000E22BEC938FBFF6CF1F93CF93DF93182FEB
:10C9E000EB0161E00E94BBE4209739F460E0812F05
:10C9F000DF91CF911F910C948DE4CF3FD10511F4BD
:10CA000061E0F5CFE12FF0E0E35AF84BE491E1501B
:10CA1000E23108F0B3C0F0E08827EE5EFA418F4FB4
:10CA20000D9446BB24E52CE531E53BE545E5BEE547
:10CA30004FE557E55FE569E573E57DE58CE596E54E
:10CA4000BEE5A0E5AAE5B4E584B5806884BDC7BDB0
:10CA5000DF91CF911F91089584B5806284BDC8BDD8
:10CA6000F7CF80918000806880938000D093890008
:10CA7000C0938800EDCF8091800080628093800019
:10CA8000D0938B00C0938A00E3CF809180008860B0
:10CA900080938000D0938D00C0938C00D9CF80917B
:10CAA000B00080688093B000C093B300D1CF809174
:10CAB000B00080628093B000C093B400C9CF809171
:10CAC0009000806880939000D0939900C093980064
:10CAD000BFCF80919000806280939000D0939B00A4
:10CAE000C0939A00B5CF80919000886080939000A9
:10CAF000D0939D00C0939C00ABCF8091A000806834
:10CB00008093A0008091A0008F7B8093A000D093A1
:10CB1000A900C093A8009CCF8091A0008062809360
:10CB2000A000D093AB00C093AA0092CF8091A00048
:10CB300088608093A000D093AD00C093AC0088CFF4
:10CB400080912001806880932001D0932901C093B7
:10CB500028017ECF80912001806280932001D093B4
:10CB60002B01C0932A0174CF8091200188608093AB
:10CB70002001D0932D01C0932C016ACFC038D1057C
:10CB80000CF03ECF33CF4F925F926F927F928F9295
:10CB90009F92AF92BF92CF92DF92EF92FF920F934C
:10CBA0001F93CF93DF9386B9FA01E080F1801616C8
:10CBB0001706B4F4E216F30699F4C701DF91CF919A
:10CBC0001F910F91FF90EF90DF90CF90BF90AF90AB
:10CBD0009F908F907F906F905F904F900C9459E44E
:10CBE00089016A01EB01B70190E080E00F94C2B4C3
:10CBF0002DEB37E346E855E30F9403B54B015C0199
:10CC0000BE010D2E000C880B990B0F94C4B4A50126
:10CC100094010F9403B52B013C01A50194016AE036
:10CC200077ED83E29CE30F945DBC9B01AC01C301F3
:10CC3000B2010F945EBB4B015C012AE037ED43E289
:10CC40005EE30F9453BC1816DCF5A50194016AE06D
:10CC500077ED83E29CE30F945DBC20E034E244E78F
:10CC600059E40F9403B520E030E040E05FE30F9417
:10CC70005EBB0F94D6BC5B016017710708F45801C6
:10CC8000EA14FB0431F4209721F0FCF0F1E0AF1A34
:10CC9000B108C5010E9459E4F601B182A082DF917A
:10CCA000CF911F910F91FF90EF90DF90CF90BF90A9
:10CCB000AF909F908F907F906F905F904F9008956E
:10CCC00080E1A82E87E2B82EDBCF8FEFA81AB80A32
:10CCD000E0CF2F923F924F925F926F927F928F920E
:10CCE0009F92AF92BF92CF92DF92EF92FF920F93FB
:10CCF0001F93CF93DF9300D0CDB7DEB7F901E0806B
:10CD0000F180E114F10409F46BC0161617060CF05B
:10CD100067C019015B834A836B018983FA01008133
:10CD20001181B80190E080E00F94C2B44B015C0126
:10CD3000B6010D2C000C880B990B0F94C4B42B0179
:10CD40003C01A5019401C501B4010F9403B59B01F9
:10CD5000AC01C301B2010F9403B59B01AC016AE0C1
:10CD600077ED83EA9BE30F945DBC20E030E040E088
:10CD70005FE30F945EBB0F94D6BC6E157F0528F55C
:10CD8000F981F6B9EA81FB81808191810E9459E4A1
:10CD9000F1018081918101979183808381E00F90DF
:10CDA0000F900F90DF91CF911F910F91FF90EF9017
:10CDB000DF90CF90BF90AF909F908F907F906F90BB
:10CDC0005F904F903F902F900895662777276C19BA
:10CDD0007D0998014A815B8189810E94C3E5D8CF92
:10CDE00080E0DDCF0F931F93CF93DF93182F062F93
:10CDF000D1E0C0E0812F8D2329F0602F6D238C2F8F
:10CE00000F94823DCF5FDD0FC330A1F7DF91CF914B
:10CE10001F910F9108958F929F92AF92BF92CF92E0
:10CE2000DF92EF92FF9230E020E091E0482F49231B
:10CE300019F1A901440F551F440F551FFA01E45F72
:10CE4000F84FC080D180E280F380762F7923812C47
:10CE5000912C54018394772321F088248A94982C70
:10CE60005401C80CD91CEA1CFB1C445F584FFA0142
:10CE7000C082D182E282F382990F2F5F3F4F23302D
:10CE80003105A1F6FF90EF90DF90CF90BF90AF906B
:10CE90009F908F9008952F923F924F925F926F9242
:10CEA0007F928F929F92AF92BF92CF92DF92EF923A
:10CEB000FF920F931F93CF93DF9300D000D0CDB795
:10CEC000DEB7C0900C07D0900D07E0900E07F090F1
:10CED0000F077C01EC18FD08809110079091110755
:10CEE000A0911207B0911307681B790B809114076A
:10CEF00090911507A0911607B0911707FA01E81B4A
:10CF0000F90BFA83E983FB01FF0FEE0BFF0FFE2FF6
:10CF1000EE1FE27089819A8188E09802812D990B39
:10CF200011248470E82B8F2D881F8827881FE82BF9
:10CF3000E093620490910B01987B8AE0E827E0FD82
:10CF40009160E1FD9260E2FD9460906490930B012A
:10CF5000000087E597EC011102C090E080E090931B
:10CF6000E0068093DF0630936104209360042981FA
:10CF70003A813E832D8337FF05C0319521953109D4
:10CF80003E832D838B0177FF03C011950195110915
:10CF9000F7FE03C0F194E194F1089801D8010F94D1
:10CFA0004EBB4B015C012D813E81D9010F944EBBDC
:10CFB000860E971EA81EB91E9701D7010F944EBB6F
:10CFC000680D791D8A1D9B1D0F94C2B40F942CBF50
:10CFD00020E030E040E05FE30F945EBB0F94D6BCEE
:10CFE0002B014B015B016B013B011C821B82312C2D
:10CFF000212C1A8219826114710409F447C0E0914E
:10D00000DF06F091E0063097E9F580E0EC14FD04CE
:10D0100040F0C40CD51C89819A8101969A8389833A
:10D0200081E00A151B0530F08260A40CB51C9FEF4F
:10D03000291A390AED81FE81E815F90548F0846066
:10D04000840C951C2B813C812F5F3F4F3C832B83AD
:10D05000CE18DF08A01AB10AED81FE818E1A9F0A50
:10D0600086B9E091DB06F091DC063097D1F1B20190
:10D07000C3011995009711F00E9459E4F1E06F1A6D
:10D080007108B9CF1995882309F4BFCFE091DD0667
:10D09000F091DE06309741F030E020E04B815C817A
:10D0A000B10189819A81199581E0672809F480E0AE
:10D0B00026960FB6F894DEBF0FBECDBFDF91CF919D
:10D0C0001F910F91FF90EF90DF90CF90BF90AF90A6
:10D0D0009F908F907F906F905F904F903F902F9098
:10D0E000089584EF91E0C8CF8EBD0DB407FEFDCF4B
:10D0F0008EB50895459885E00E9474E88FEF0E94F0
:10D1000074E8459A80FDF6CF08951F93CF93DF937F
:10D11000EA01162F0E9474E8812F0E9474E88D2F77
:10D120000E9474E88C2FDF91CF911F910C9474E8CA
:10D1300045980E9485E8459A0895EF92FF920F93D3
:10D140001F93CF93DF937A0189014598AB01BC010E
:10D1500082E00E9485E8E7010E0D1F1DC017D10770
:10D1600041F4459ADF91CF911F910F91FF90EF907D
:10D17000089589910E9474E8F1CFEF92FF920F9386
:10D180001F93CF93DF937A0189014598AB01BC01CE
:10D1900083E00E9485E8E7010E0D1F1DC017D1072F
:10D1A00041F4459ADF91CF911F910F91FF90EF903D
:10D1B00008958FEF0E9474E88993F0CF0F931F9327
:10D1C000CF93DF9300D01F92CDB7DEB78C018CE5F3
:10D1D0008CBD1DBC24E030E0AE014F5F5F4F60E0CE
:10D1E00070ED83E090E00E94BDE889819A81AB8177
:10D1F000BC8187349545A245B54571F401151105EB
:10D2000049F021E030E0A80165E070ED83E090E0B6
:10D210000E94BDE881E001C080E00F900F900F9068
:10D220000F90DF91CF911F910F910895459886E05F
:10D230000E9474E8459A08954F925F926F927F9290
:10D240008F929F92AF92BF92EF92FF920F931F9394
:10D25000CF93DF937C014A015B01E9018CE58CBD32
:10D260001DBC412C80ED582E83E0682E712C0E944D
:10D2700016E9B301A20180E20E9498E80E947AE8D0
:10D2800080E1580E611C711C41145104E4E06E06EB
:10D29000710469F78DB79EB7F7019387828700D035
:10D2A0008F919F91AF91B0E086839783A087B187DC
:10D2B0000E9416E92CE030E0A70160E070ED83E009
:10D2C00090E00E949DE80E947AE80E9416E9459845
:10D2D000B501A40182E00E9485E8FE0121968081CB
:10D2E0000E9474E80150110941F0FFEF8F1A9F0A64
:10D2F000AF0ABF0AFE018110F1CF459A0E947AE879
:10D300000115110511F7DF91CF911F910F91FF903A
:10D31000EF90BF90AF909F908F907F906F905F90B5
:10D320004F900895CF93DF93CDB7DEB72C970FB60C
:10D33000F894DEBF0FBECDBF47E455E562E575E565
:10D3400049835A836B837C8391E09D838E83F89419
:10D3500088E19DE00FB6F894A895809360000FBE19
:10D360009093600000E012E230E020E040E051EDF8
:10D3700063E070E0CE0101960E941CE90E945757BD
:10D380000F931F93CF93DF93CDB7DEB72C970FB6D4
:10D39000F894DEBF0FBECDBF87E495E5A2E5B5E505
:10D3A00089839A83AB83BC831D821E8200E010E2D6
:10D3B00020E032E040E053ED63E070E0CE01019602
:10D3C0000E941CE92C960FB6F894DEBF0FBECDBFAD
:10D3D000DF91CF911F910F910895CF93459A3D9A78
:10D3E0008CE58CBD1DBC459880E90E9474E880E006
:10D3F0000E9474E880E00E9474E880E00E9474E873
:10D400008FEF0E9474E8C82F8FEF0E9474E8982F66
:10D41000459ACF3E11F0C83C19F481E0913109F0F2
:10D4200080E0CF910895CF93C82F86EA9CE00F94B7
:10D4300036BAC0956C2F682386EA9CE0CF910D9494
:10D440005ABA1F93CF93DF9300D000D01F921F9240
:10D45000CDB7DEB7BE016F5F7F4F80913E040E9463
:10D46000976D80913E041BE0819FC00111246FEFF6
:10D470007FEF805B924F0F9478BA60913E04619F7A
:10D48000B0011124675B724F47E050E0CE01019676
:10D490000F944ABA81EA9DE00F9436BA90913E0407
:10D4A00089130AC00E94896D80E00E94756D8F3FCC
:10D4B00019F480E10E9413EA0E94AD5328960FB63A
:10D4C000F894DEBF0FBECDBFDF91CF911F910895BD
:10D4D000CF93C82F86EA9CE00F9436BA682F6C2B46
:10D4E00086EA9CE0CF910D945ABACF93C82F86EA72
:10D4F0009CE00F9436BA982F9C2381E09C1380E027
:10D50000CF9108950F931F93CF93DF93CDB7DEB7DD
:10D5100063970FB6F894DEBF0FBECDBF80910204B3
:10D5200081113AC081E0809302040E94AB7181EACC
:10D530009DE00F9436BA182F0E94676D8111EAC0E2
:10D54000109204041092030480E10E9475EA811194
:10D5500004C01092040410920304609103047091BB
:10D560000404072E000C880B990B0F94C4B420916F
:10D57000240E3091250E4091260E5091270E0F94C7
:10D580005DBC609305047093060480930704909338
:10D59000080481E08093B7028091E5069091E60649
:10D5A0000097F1F12091030430910404280F391FF2
:10D5B0003093040420930304213640EF34070CF029
:10D5C000B6C081E690EF90930404809303046091C9
:10D5D000030470910404072E000C880B990B0F9420
:10D5E000C4B42091240E3091250E4091260E509106
:10D5F000270E0F945DBC609305047093060480931E
:10D6000007049093080462E370E080E090E00F94D8
:10D610007E1F1092E6061092E50681E08093B70225
:10D620008091B7028823B9F181EA9DE00F9436BA60
:10D630002BE0829FC0011124BE016F5F7F4F875B8B
:10D64000924F0E94D2520E949B61CE0101960E948D
:10D65000036861E080E00E949960809108048F93E4
:10D66000809107048F93809106048F938091050425
:10D670008F9386E291E39F938F931F9280E28F9323
:10D680008CE793E49F938F930E944A600FB6F894BF
:10D69000DEBF0FBECDBF80910104811104C0809117
:10D6A0003304882351F181EA9DE00F9436BA9BE060
:10D6B000899F800111246091030470910404C801C2
:10D6C000805B924F0F9478BA6091C906C8018E5A58
:10D6D000924F0F945ABA6091F2037091F3038091C4
:10D6E000F4039091F5030F94D6BCC8018D5A924F64
:10D6F0000F945ABA80E10E9468EA0E94A96A639670
:10D700000FB6F894DEBF0FBECDBFDF91CF911F9152
:10D710000F9108952BE0129FC0011124805B924F5E
:10D720000F9444BA90930404809303040DCF12160F
:10D7300013062CF4109204041092030448CF2FB760
:10D74000F8944091EE035091EF03840F951F90934E
:10D75000EF038093EE032FBF3ACFEF92FF921F9318
:10D76000CF93DF9300D000D01F92CDB7DEB780916A
:10D770000104811118C081EA9DE00F9436BA182F78
:10D780000E94676D882379F080E10E9475EA882302
:10D7900051F02BE0129FC0011124805B924F0F9437
:10D7A00044BA892BF1F480910204882371F081EA54
:10D7B0009DE00F9436BA2BE0829FC00111246FEFD9
:10D7C0007FEF805B924F0F9478BA0E94F46821E05B
:10D7D000811120E041E070E060E082E297EF0E947A
:10D7E00049532091E5063091E6062115310559F09F
:10D7F00081E0121613060CF080E080930204109270
:10D80000E6061092E50681EA9DE00F9436BA1BE029
:10D81000819FB0011124675B724F47E050E0CE0159
:10D8200001967C010F9426BA0E949B6181EA9DE0DB
:10D830000F9436BA819FC0011124805B924F0F94E0
:10D8400044BABC01990F880B990B0F94C4B4209172
:10D85000240E3091250E4091260E5091270E0F94E4
:10D860005DBC20910204222319F13EE320E21F92C5
:10D870003F931F922F939F938F937F936F93FF926A
:10D88000EF9282E992E39F938F930E944A600FB6D2
:10D89000F894DEBF0FBECDBF27960FB6F894DEBF5B
:10D8A0000FBECDBFDF91CF911F91FF90EF900895F4
:10D8B00030E22EE3DCCF60913E0481EA9DE00F94DC
:10D8C0005ABA0C94ADEB61E088EA9DE00E94276DA6
:10D8D00080935E048091110E882341F082E0809352
:10D8E0005E0462E088EA9DE00F945ABA68E287EA33
:10D8F0009DE00E94276D80935C0460E971E085EAF9
:10D900009DE00E940F6D61E084EA9DE00E94276D1A
:10D9100080935B0461E083EA9DE00E94276D809321
:10D920005A0461E082EA9DE00E94276D80935904C9
:10D9300061E080E29CE00E94276D80935F0408957F
:10D940000F931F938B010E94D3C7FC0120812E32BD
:10D9500011F080E034C0B8016E5F7F4F01960E94E5
:10D96000D3C7FC0120812E32A1F7B8016C5F7F4F35
:10D9700001960E94D3C720E430E0F8013783268364
:10D98000FC01DF019191892F8F7DC1F187EF890F14
:10D990008230A0F19D3091F19D3299F711969C91C2
:10D9A0009234E1F07CF49134A1F60A5F1F4F28E035
:10D9B00030E045E06DE576E4CF010E9403C91F9198
:10D9C0000F910895943491F0923519F60A5F1F4F24
:10D9D00020E230E042E061E576E4EECF0A5F1F4FDF
:10D9E00020E130E044E068E576E4E6CF0A5F1F4FCF
:10D9F00030E020E043E064E576E4DECF81E0DFCF95
:10DA00008091110E811102C00C9423C881E0089509
:10DA1000DF92EF92FF920F931F93CF93DF930E94B9
:10DA2000AF6A1092700580917005843008F05CC078
:10DA3000109273050E94B8528823E9F0C7E5D5E03B
:10DA400007EF1EE0FE0188818E3108F418822196CE
:10DA50006081C8010F945ABA01501109033F8EE04A
:10DA6000180781F70E9400EDE894D0F880FBD1F808
:10DA70008D2D0F948B1E86EE9DE30E944867F12C3E
:10DA8000E12C08EC10E02DE130E048E067E575E0BE
:10DA900088E09AE30E94AD602DE130E048E068E55F
:10DAA00075E08EEF99E30E94AD602DE130E048E033
:10DAB00069E575E084EF99E30E94AD602DE130E007
:10DAC00048E06AE575E08AEE99E30E94AD600E9445
:10DAD0001553809170058F5F80937005809172055A
:10DAE0008F5F809372059FCFDF91CF911F910F9130
:10DAF000FF90EF90DF90089544E150E0662389F0B5
:10DB0000BC018DE795E00F9423B810929105109217
:10DB10007C058EEB9DE20E94977181E08093B702B5
:10DB20000895BC018DE795E00F94B6C0EECF9091BB
:10DB30002E04891780F4913061F480919205882336
:10DB400051F040E25EE460E070E082E995E00D941F
:10DB5000952080E0089581E00895EF92FF921F9351
:10DB6000CF93DF93EC01162F862F0E9497ED882329
:10DB7000E9F0BE018DE795E00F94E4B77C0182E9FE
:10DB800095E00F94422210932E0410921D071092DC
:10DB90005404EF2859F061E0CE010E947CEDDF9142
:10DBA000CF911F91FF90EF900D94E417DF91CF91EB
:10DBB0001F91FF90EF900895CF93DF93EC0180E0E9
:10DBC0000E9497ED882321F060E0CE010E947CED59
:10DBD000CE01DF91CF910C940583CF93DF93EC01BD
:10DBE00080E00E9497ED882331F061E0CE01DF9163
:10DBF000CF910C947CEDDF91CF91089561E08FED92
:10DC00009DE60E94918782E080931D078DE894E64F
:10DC10000E94EDED0F94E41783E08093B70208951E
:10DC2000CF93DF93EC0180E00E9497ED882331F0E1
:10DC300060E0CE01DF91CF910C947CEDDF91CF912C
:10DC40000895CF93DF93C82FDFB7662389F1F89447
:10DC50000F946B2581E080930E0E10923F040E947A
:10DC6000B8540F945E650E94197F1092FF030F94C1
:10DC70000B30DFBF109240040F94D42F80917D179A
:10DC8000882321F01092EA140F94BB7A83E79DE277
:10DC90000E94977110921C14C11110926F0581E0BF
:10DCA00080930D0E1092120EDF91CF910D94E41718
:10DCB000F89481E080930E0E10923F040E94B854B5
:10DCC0000F945E650E94197F1092FF030F940B3032
:10DCD000DFBFD4CF60E081E00C9421EE8093430459
:10DCE00080930A050D94224F0F94E41710922E048E
:10DCF00080917905811132C080913802811102C072
:10DD000081E008958FEF0E946EEE83E00E94796CAF
:10DD10000F94B11F60931A1870931B1880931C18EE
:10DD200090931D1881E08093C80668EE73E080E050
:10DD300090E00F947E1F0F94224F81E00E94796C37
:10DD400080E00E946EEE809122049091230445971A
:10DD50003CF462E08BE19DE20E94ADED80E008952D
:10DD60008091240490912504459754F662E087E061
:10DD70009DE2F2CF0E9474EE882341F11092FF03DE
:10DD80008DE894E60E94EDED0F944A5188E080936F
:10DD90001D070E94FF6B81E00E94796C10926F0555
:10DDA00060E070E080E89FE30E9497591092400481
:10DDB0008091F603823011F40F94B02F0E94CE565A
:10DDC00080E39DE20E94977110921D0708950E94C2
:10DDD00074EE882321F081E49DE20C9497710895FC
:10DDE000CF92DF92EF92FF920F931F93CF93DF9327
:10DDF000D82F6B017A01C22F40E2811101C04EE39E
:10DE000063E080E00E945261C6010E945C6040E2D3
:10DE1000D13009F44EE363E08C2F0E945261C701B8
:10DE20000E945C600115110519F1C8010F94F4B747
:10DE3000D82EC7010F94F4B7CE5F93E19D198C0FD4
:10DE4000891708F4892F833108F082E140E2D2304B
:10DE500009F44EE363E00E945261C801DF91CF9163
:10DE60001F910F91FF90EF90DF90CF900C945C602A
:10DE7000DF91CF911F910F91FF90EF90DF90CF90A6
:10DE800008950F930AE030E020E00F94A3930F91E0
:10DE900008952F923F924F925F926F927F928F924E
:10DEA0009F92AF92BF92CF92DF92EF92FF920F9329
:10DEB0001F93CF93DF93CDB7DEB72D970FB6F894AE
:10DEC000DEBF0FBECDBF80910204813051F130F032
:10DED000823009F47FC21092020400C1809139158A
:10DEE000882349F0109239151092B8020F94E483F8
:10DEF00081E08093B8020F94FE8090930A0480938F
:10DF000009048091110E8111E3C089E09FE00F9414
:10DF100036BA80930C0481E0809302048FEF8093E3
:10DF20000B0480910D04811107C08DE094E00F94E3
:10DF3000122081E08093B7028091B702811121C045
:10DF400064EF71E08DE094E00F94E31F8823A1F06B
:10DF500080910B048F3F81F082E080930204109245
:10DF6000030410920604109205048DE094E00F94CF
:10DF7000122081E08093B7028091B702882309F4D0
:10DF8000A9C08FEF80930B048DE094E00F941220D2
:10DF90000E94AF6A10927005CE0101967C01F8EEE6
:10DFA0002F2EFDE63F2E80917005843008F096C03C
:10DFB0001092730580913D04882309F4A8C083E37F
:10DFC0009EE30E9448676CEE74E185E995E10F9449
:10DFD000DF438091EC148F3209F09CC080915B1775
:10DFE000882331F068E27AED8AE29EE30E941767A7
:10DFF000C0900904D0900A0401E091E0C91AD10848
:10E0000008F4DBC180917305909172058913D1C129
:10E0100060910C04C6010F94588C8091730590E0B8
:10E020002091E5063091E606109136158217930788
:10E0300051F4D0920804C092070410930404409154
:10E04000700540930B044091B702112309F467C097
:10E050004423E9F040910115ECEEAE2EE4E1BE2E32
:10E06000442321F071E0A72E75E1B72E6091700571
:10E070004EE38217930709F040E280E00E9452616C
:10E0800085E80E94606062E1C5010E949B67809103
:10E09000730590917105992309F48BC12091E506D0
:10E0A0003091E6068217130609F083C11092B80278
:10E0B00061E08CEE94E10F9468851092E606109270
:10E0C000E5060E9441530093B8020E94055395CF84
:10E0D00082E01FCF0E94F468811153CF2D960FB6B6
:10E0E000F894DEBF0FBECDBFDF91CF911F910F918E
:10E0F000FF90EF90DF90CF90BF90AF909F908F9068
:10E100007F906F905F904F903F902F90089587E29F
:10E110009FE357CF62E37AED89E994E467CF442324
:10E12000D1F0409101156CEEA62E64E1B62E442389
:10E1300021F051E0A52E55E1B52E609170054EE31A
:10E140008217930709F040E280E00E94526163E188
:10E15000C5010E949B678091730590917105992379
:10E1600009F427C12091E5063091E60682171306CF
:10E1700009F01FC11092B802809100048111A3CF51
:10E180006CEE74E1C7010F94A1C0470145E9A42ECC
:10E190004FE0B42EF40161914F01662319F06E3205
:10E1A00009F04BC060E0C5010F945ABA6EE270E00E
:10E1B000C7010F948DC03C01892B19F08FEF681AAD
:10E1C000780A430131E9A32E3CE0B32E61147104B7
:10E1D00021F0F4016081611101C060E0C5010F947C
:10E1E0005ABAFFEFAF1ABF0A2FEF821A920A84E9D8
:10E1F000A8168CE0B80651F760908A16662D8AE55D
:10E200009FE00F945ABA88EE94E12AE0A22E2FE004
:10E21000B22E712C4C01E9E08E0E911C7614D1F0D7
:10E2200048E050E0B5018E5A9F4F0F944ABA73945C
:10E23000F8E0AF0EB11CC401EDCFC5010F945ABA7E
:10E24000FFEFAF1ABF0A2DE9A2162FE0B20609F0C0
:10E25000A1CFACCF8091110E882391F0FF92EF9265
:10E260003F922F920E94578861E084EE9DE60E94C3
:10E2700091870F900F900F900F900F94E41723CF7A
:10E2800061E0C7010F949F864090F7175090F817F0
:10E290006090F9177090FA17942D852D21E04216A1
:10E2A00028E752066104710410F090E088E7A92E77
:10E2B000B82E81E0481688E758066104710408F416
:10E2C0005AC098E7591A610871084092FE17509297
:10E2D000FF176092001870920118C301B2010F94E9
:10E2E000C67C0E94197F0093FF036AEF7DE3C5019E
:10E2F0000E948B668091FE179091FF17A0910018E5
:10E30000B09101184091F7175091F8176091F917E3
:10E310007091FA1784179507A607B70780F51111B2
:10E320002EC020917D17211103C080E090E0DC0118
:10E33000841995090E947E650093EA140E9409835E
:10E340008091FD109091FE10892BA1F280E19EE258
:10E350000F94A451811105C084E994E40F94A45151
:10E36000811111E08091FC10811102C00E94E26DC8
:10E370001092FC10E5CF412C512C3201B2CF0E94FB
:10E380009F651092FF030F94D78788E69DE60E9451
:10E39000EDED111163CF41E060E088E09EE30E9463
:10E3A00041EF182F81E00E946C64112309F456CFCD
:10E3B00064CF8F5F8093730520CE0E9415538091A8
:10E3C00070058F5F80937005809172058F5F8093D9
:10E3D0007205E9CD8091010411E0811105C08091A1
:10E3E000B702811101C010E08091050490910604EC
:10E3F000892B91F460910C0480910704909108049A
:10E400000F94588C80910115811146C08CEE94E1D7
:10E4100090930604809305041111109203046CE29A
:10E4200071E08DE094E00F94E31F811103C011238C
:10E4300009F454CE8091040402E1811101C003E18A
:10E440004EE360910B0480E00E94526180910404CD
:10E45000882319F085E80E94D964209103048091F3
:10E46000050490910604602F820F911D0E949B6706
:10E47000811115C08DE094E00F9412208091030467
:10E480008F5F80930304112309F428CE10920D04AA
:10E4900081E08093020422CE81E095E1B9CF109211
:10E4A0000D04F1CF41E061E08AE794E40E9441EF7E
:10E4B000811107C061E086E794E40E9491870F9480
:10E4C000E41781E00E946C6482E08093B7020895B3
:10E4D00040E0682F87E094E30E9441EF811102C081
:10E4E0000C94ECC80895DF92EF92FF920F931F9364
:10E4F000CF93DF9300D01F92CDB7DEB78CEA9DE0BB
:10E500000F9436BAE82E8BEA9DE00F9436BA182F96
:10E510008AEA9DE00F9436BA082F0E94AF6A1092E3
:10E52000700580E3F82EF10E98E7D92E005D8091FA
:10E530007005843008F047C0109273050E94B852ED
:10E54000882329F0173019F481E00E9468F286EEE2
:10E550009DE30E944867F982DA82FB821C8220E0F8
:10E560004DE659ECBE016F5F7F4F8FEA9DE30E943D
:10E570000F6809831A8220E04EE559ECBE016F5FF7
:10E580007F4F83EA9DE30E940F6861E97DE31730C6
:10E5900031F460EE7CE6EE2011F064EE7CE622E0E1
:10E5A00049E759EC85E99DE30E940F680E941553E5
:10E5B000909170059F5F90937005909172059F5F99
:10E5C00090937205B4CF0F900F900F900F90DF9142
:10E5D000CF911F910F91FF90EF90DF9008954F9290
:10E5E0005F926F927F928F929F92AF92BF92CF92E3
:10E5F000DF92EF92FF926C010F94B11F28EE33E08F
:10E6000040E050E00F94A9BA29013A010E94EF6856
:10E6100084E08093BF02F12CE12C0F94224F81E023
:10E620000E94508A0F94B11F28EE33E040E050E082
:10E630000F94A9BA49015A0184189508A608B70889
:10E640000E94F468811107C0C814D904EA04FB04CD
:10E6500020F781E007C081E0C814D904EA04FB0474
:10E6600008F080E092E09093BF0291E08927FF904C
:10E67000EF90DF90CF90BF90AF909F908F907F9062
:10E680006F905F904F9008950F931F93CF93DF93F8
:10E690000E94A26181E00E94BB568DE59FE00F942D
:10E6A00044BAEC018BE59FE00F9444BA182F092F70
:10E6B00088EF9EE30E945C6061E080E00E949960C8
:10E6C000DF93CF938AEA94E49F938F930E944A60EA
:10E6D00082E08093BF0280E00E942DD80F900F90BF
:10E6E0000F900F90882309F442C08DE59FE00F94AE
:10E6F00044BAEC0161E08AE00E949960BE0190E0BA
:10E7000080E04AE00E94AD6548EE5EE362E080E0B2
:10E710000E94466163E080E00E9499600F931F931E
:10E720008DE994E49F938F930E944A6081E00E9458
:10E730002DD80F900F900F900F908823C1F08BE58C
:10E740009FE00F9444BAEC0163E08AE00E94996074
:10E75000BE0190E080E04AE00E94AD6543E863E0DE
:10E7600083E10E9452618AE090E00E94EFF280E033
:10E770000E94BB5681E08093BF02DF91CF911F9131
:10E780000F910C94A96ACF93DF93EC0180E00E9473
:10E790006C640E94A261CE01DF91CF910C945DDA8E
:10E7A0008091FD0381113AC081E08093FD03609167
:10E7B000FD038FEF9FE00F945ABA9091FE0D809168
:10E7C000FF0D981731F087E792E30E94C3F30F948F
:10E7D0004A510F946E8FF89481E09091FD0391114E
:10E7E00001C080E08093E3060F9445520E9400ED43
:10E7F000880F82700F948B1E0F940B30789489E6EB
:10E800009FE00F9436BA882361F08091FD0388233E
:10E8100041F060E081E090ED0C946F531092FD03A5
:10E82000C6CF0895CF92DF92EF92FF920F931F937E
:10E83000CF93DF9300D01F92CDB7DEB70F946B2537
:10E84000D09043048FEF809343048DEBE82E84E453
:10E85000F82E07EB14E420E030E048E452E4609145
:10E86000090E70910A0E80910B0E90910C0E0F9470
:10E87000E7BD18168CF020E030E048E452E46091E7
:10E880004C0570914D0580914E0590914F050F9468
:10E89000E7BD18160CF040C088E39EE30E94C3F366
:10E8A00042E864E080E00E9452616091090E70913C
:10E8B0000A0E80910B0E90910C0E0F94CFBC7F939B
:10E8C0006F93FF92EF920E944A6081E80E9460601D
:10E8D00040E864E089E00E94526160914C057091CB
:10E8E0004D0580914E0590914F050F94CFBC7F93BD
:10E8F0006F931F930F930E944A6081E80E946060AB
:10E9000088EE93E00E948B8C0E947E6F0FB6F89485
:10E91000DEBF0FBECDBF9FCFD092430481E00E94E7
:10E920006C640E94A26147E65EE360E080E00E94C2
:10E93000466181E00E94BB5681E00E94EA8960ED59
:10E9400077E080E090E00F947E1F82E08093BF022A
:10E9500000ED17E021E043E060E080E00E9476CE29
:10E96000F82E83E00E94796C80E00E946EEE62E0F7
:10E9700082E00F9439AA80E00E94796CC090220452
:10E98000D090230494E1C916D1045CF121E043E066
:10E990006F2D81E00E9476CEF82E8FEF0E946EEEF2
:10E9A00063E085E00F9439AA80E00E946EEE8091CA
:10E9B00024049091250484319105CCF468EF72E031
:10E9C00085E00F94EFA896E4C916D1049CF408E8FA
:10E9D00013E121E043E06F2D8DE00E9476CEE12C23
:10E9E00049C168EF72E086E00F94EFA8F0CF86345B
:10E9F000910554F460E081E00F94B6A9811166C1DD
:10EA000068EF72E089E0F0CF86E4C816D10494F78D
:10EA100000ED17E021E043E06F2D82E00E9476CE0A
:10EA2000F82E1C9B18C01C9B16C020E030E040E272
:10EA300051E46091F3067091F4068091F50690918F
:10EA4000F6060F945EBB6093F3067093F406809312
:10EA5000F5069093F60660E070E084E392E40F948C
:10EA60002B650F944A511C9B3BC11A8219821C8250
:10EA70001B821C9B06C066EE72E0CE0101960F94CD
:10EA800082C0BE016F5F7F4F82E00F94EFA810E05D
:10EA90000F94224F81E00E94508A112309F497CFEE
:10EAA00000ED17E021E043E06F2D84E00E9476CE78
:10EAB000F82E80E00E942DD8882309F488CF10E03A
:10EAC00000E021E043E06F2D84E00E9476CE0CED63
:10EAD00015E021E043E0682F85E00E9476CEF82E15
:10EAE00081E00E942DD8882309F471CF10E000E066
:10EAF00021E043E06F2D86E00E9476CEF82E0F9441
:10EB0000D41D1092B602EBE7FFE685919591A59191
:10EB1000B4918093EB069093EC06A093ED06B0932E
:10EB2000EE06EFE7FFE6659175918591949120E0FF
:10EB300030E040E850E40F945EBB6093EF067093C2
:10EB4000F0068093F1069093F20660E070E080E2B8
:10EB500091E40E94735F0E9446580CED15E021E09D
:10EB600043E06F2D86E00E9476CE50E040E061E009
:10EB700082E00E94AD7260E070E080EA91E40E9461
:10EB8000735F60E070E080E291E40E94735F10E0E8
:10EB900000E021E042E060E08EE00E9476CE80E07E
:10EBA0000F94C61AE82E21E042E061E08EE00E9458
:10EBB00076CE81E00F94C61AE82221E042E062E0BE
:10EBC0008EE00E9476CEF82EEE2009F400CF61E0B0
:10EBD00088EF9EE00F945ABA00ED17E021E043E081
:10EBE0006F2D87E00E9476CEF82E81E00E942FD70D
:10EBF000882309F4ECCE08EE13E021E043E06F2D0A
:10EC000088E00E9476CEF82E80E00E942FD7E82E72
:10EC1000882309F4DCCE00ED17E021E043E06F2DFE
:10EC200089E00E9476CE21E043E0682F8AE00E94CE
:10EC300076CEF82E0F948B8280910418833029F4BD
:10EC400068EF72E08AE00F94EFA880910418833097
:10EC500009F4BDCE00ED17E021E043E06F2D8BE01D
:10EC60000E9476CE08E813E121E043E0682F8CE0B3
:10EC70000E9476CE10922E0461E080E19EE20E9416
:10EC8000918781E00E946C64EE2061F181E00E9436
:10EC900068EA8BE59EE30E94EDED0F94E41780E0B7
:10ECA0000E94BB5680E00E94EA8981E08093BF0207
:10ECB0008E2D0F900F900F900F90DF91CF911F919D
:10ECC0000F91FF90EF90DF90CF90089561E080E08A
:10ECD0000F94B6A981119CCE68EF72E085E084CED6
:10ECE00011E0D6CE62E081E897E60E94ADEDD7CF85
:10ECF0000C9412F4CF92DF92EF92FF92CF936B01BC
:10ED00007C0182E080931D078AE394E60E94EDED8A
:10ED10000F94068E20E030E044E352E46091F70661
:10ED20007091F8068091F9069091FA060F945DBBF8
:10ED30006093F7067093F8068093F9069093FA06AD
:10ED40006AE077E58DEA92E40F942B650F944A51BF
:10ED500020E030E04CE052E46091F7067091F80654
:10ED60008091F9069091FA060F945DBB6093F706C7
:10ED70007093F8068093F9069093FA0669E27CE5B1
:10ED800085E891E40F942B650F944A5120E030E020
:10ED9000A901C701B6010F9453BC8823E1F0A70174
:10EDA00096016091F7067091F8068091F9069091AE
:10EDB000FA060F945EBB6093F7067093F806809393
:10EDC000F9069093FA0660E070E080E291E40F9417
:10EDD0002B650F944A518BED9BE30E94C3F3149A69
:10EDE00064E670E080E090E00F947E1F82E00F9474
:10EDF000D03AC3E30E94F468811107C0C15029F0E2
:10EE000084E690E00E948B8CF5CF0F944A510E94CB
:10EE1000F468882329F084E690E00E948B8CF7CF79
:10EE200081E00E946C6488E69DE60E94EDED109200
:10EE30001D070F94B718CF91FF90EF90DF90CF9000
:10EE40000D944482CF93809114148130A1F480EE0C
:10EE500092E30E943BE0853080F5809357048AE07E
:10EE60008093000420E041E070E060E08DE592E0F6
:10EE7000CF910C9449538FE59FE00F9436BA8111DE
:10EE8000EECF809104188230D9F48091111881114D
:10EE9000E6CF83EC92E30E94C3F30E94EF68C4E1E3
:10EEA00084E690E00E948B8C0E94F468811102C07D
:10EEB000C150B1F781E08093B802CF910C94AD536B
:10EEC00041E060E08CE797E30E9441EF91E081111F
:10EED00090E081E08093B8029111C1CFDACFCF9258
:10EEE000DF92EF92FF9280E090E0A8ECB2E4809392
:10EEF000F3069093F406A093F506B093F60665E545
:10EF000075E585E591E40F942B6580ED97E00E940F
:10EF10008B8C86E493E30E94C3F360910F0E709193
:10EF2000100E072E000C880B990B0F94C4B49B0194
:10EF3000AC016091090E70910A0E80910B0E9091B8
:10EF40000C0E0F945DBB9F7720E030E040EA50E468
:10EF50000F94E7BD1816A4F586E493E30E94C3F36B
:10EF600064E080E00E94996060910F0E7091100E35
:10EF7000072E000C880B990B0F94C4B420E030E0EE
:10EF800040E05FE30F945EBB0F94CFBC6B0120E0C9
:10EF900030E040E05FE36091090E70910A0E8091CD
:10EFA0000B0E90910C0E0F945EBB0F94CFBCA6017C
:10EFB00082E80F94A91988EE93E00E948B8CADCF64
:10EFC000FF90EF90DF90CF900895CF92DF92EF9275
:10EFD000FF920F931F93CF93DF93D82EC92E01E09A
:10EFE0008091B802811101C000E01092B8028D2D0D
:10EFF0009C2D0E94C3F37C010E94EF6884E0809303
:10F00000BF02E701209729F449E863E083E10E9409
:10F01000526114E682E390E00E948B8C0E94F468B7
:10F02000882381F0209781F482E08093BF020093CF
:10F03000B802DF91CF911F910F91FF90EF90DF9079
:10F04000CF900895115031F7E114F104D9F22097CF
:10F0500011F4CD2DDC2DCE010E94C3F3EC01D2CFF3
:10F06000413041F440E061E00E9441EF813041F4E1
:10F070000C946AEE423021F4CB010E94E5F7F8CF00
:10F0800008958CEA9CE00F9436BA811119C08091E2
:10F0900004188823A9F080911118811111C04091A2
:10F0A0005F04442369F06FE870E48DEB90E40E9404
:10F0B00030F881E090910D0E913019F480E00895C0
:10F0C00081E008951F93CF93DF9310915E04112385
:10F0D000E9F0EC0185EA9DE00F9444BA8C179D0796
:10F0E000A9F0412F6EEF7FE38CE590E40E9430F8A9
:10F0F0008091110E81110AC010925D0460E08FEBC7
:10F100009BECDF91CF911F910C946F53DF91CF91C6
:10F110001F91089580910418882351F0809111184F
:10F12000882331F082E89AE30E94E5F70D94E41712
:10F1300086E080930D0EFACF80911414813061F433
:10F1400080EB93E30E94E5F784E08093000461E0A4
:10F1500087E194E40C94918786E693E30E94E5F7B7
:10F1600080E00E946C640E94A2614CE45CE662E074
:10F1700080E00E94466181E0E8CFAF92BF92CF92DB
:10F18000DF92EF92FF920F931F93CF93C82F8823A4
:10F1900029F061E08FE59FE00F945ABA81E00E9468
:10F1A000EA898FE1E82E84E4F82E97EDC92ED12C60
:10F1B0002CE3A22EB12C0C2F10E01F92CF93FF92C4
:10F1C000EF920F94F8B80F900F900F900F90CF30F0
:10F1D000A0F7F8018827E051F7408F4F0D9446BB08
:10F1E000FFF83CF962F96CF974F9A6F9B0F9C8F9BD
:10F1F000DDF9D7F9E1F9FFF915FA25FA25FA1092A8
:10F20000020E8FE59FE00F9436BA823029F487E42E
:10F2100099E30E94E5F70DC040E060E084EE98E3DA
:10F220000E9441EF811107C061E08FE59FE00F94DC
:10F230005ABAC1E0C0CF60E08FE59FE00F945ABAA0
:10F2400010E000E080E00E94EA891F930F9385EBB5
:10F250009CE29F938F930F94F8B80F900F900F90AC
:10F260000F90CD3009F40AC1CE3009F4F4C0C111B9
:10F27000F6C08DE196E3F1C010922E0481E00E9469
:10F2800075EAC2E0882309F496CF82E00E9475EA0D
:10F29000C3E0882309F48FCF84E00E9475EAC4E0BC
:10F2A000882309F488CF88E00E9475EAC5E08823A6
:10F2B00009F481CF80E10E9475EACDE081117BCF16
:10F2C000C6E079CF8DE998E30E94E5F70E9412F439
:10F2D0008111AFCFCEE06FCF81E698E30E94E5F7D2
:10F2E00080E00F94B695F4CF8BE398E30E94E5F7A6
:10F2F0008FE098E30E94E5F781EF97E30E94E5F73E
:10F3000081E00F94B695882329F360E070E088EDE2
:10F3100091E40E94F25F80911414813009F489CF46
:10F32000D092100EC0920F0E8EEC97E30E94C3F3A2
:10F330000E946FF760E070E0CB010E947AF60E94B5
:10F340009CF81092100E10920F0E73CF80E997E385
:10F350000E94E5F785E080930D0E05E010E072CF86
:10F36000D092100EC0920F0EB092CA06A092C9069B
:10F3700041E060E08CE797E30E9441EF8823F9F0D9
:10F3800080911414C7E0813009F015CFC8E013CF85
:10F3900020E041E070E060E08DEA92E00E94495395
:10F3A0008DE397E30E94E5F707E010E04BCF0E9462
:10F3B0006FF70E949CF8CBE0FECE0E949CF8CAE05A
:10F3C000FACE83E595E30E94E5F78091141481302D
:10F3D00099F48CEF94E30E94E5F78EE294E30E94A7
:10F3E000E5F720E041E070E060E082E297EF0E9404
:10F3F00049530AE010E026CF8CEC94E3ECCF83E590
:10F4000095E30E94E5F780911414813021F48CEF8C
:10F4100094E30E94E5F78EE294E30E94E5F784E02E
:10F4200080930D0E0BE010E00DCF41E060E08CEE1C
:10F4300096E30E9441EF811105C08EEB96E30E9496
:10F44000E5F7BDCF8AE596E3E4CE60E08FE59FE087
:10F450000F945ABAF7CE80EA95E30E94E5F781E06F
:10F460000E946C6482E0CF911F910F91FF90EF900A
:10F47000DF90CF90BF90AF900C94386010922E0424
:10F4800088E69DE60E94EDED0F94E41780E096E398
:10F49000E4CFCF93DF93CDB7DEB767970FB6F8947D
:10F4A000DEBF0FBECDBF789484B5826084BD84B5C5
:10F4B000816084BD85B5826085BD85B5816085BD6F
:10F4C00080916E00816080936E0010928100809127
:10F4D00081008260809381008091810081608093AF
:10F4E0008100809180008160809380008091B100D4
:10F4F00084608093B1008091B00081608093B000FF
:10F500008091910082608093910080919100816050
:10F510008093910080919000816080939000809111
:10F52000A10082608093A1008091A10081608093FE
:10F53000A1008091A00081608093A00080912101B2
:10F54000826080932101809121018160809321015B
:10F550008091200181608093200180917A008460F5
:10F5600080937A0080917A00826080937A00809103
:10F570007A00816080937A0080917A00806880931D
:10F580007A001092C1009FB7F894A89584B7877F3E
:10F5900084BF0FB6F894A89580916000886180932D
:10F5A0006000109260000FBE9FBF9FB7F89410924A
:10F5B000B00084E08093B1008091700081608093FE
:10F5C0007000809170008D7F80937000809170003A
:10F5D0008B7F809370001092B3009FBF6B98739ADB
:10F5E0006AE070E080E090E00F947E1F9CB181E0C3
:10F5F000292F287093FD80E080936504211122C09B
:10F6000062E082E39DE00E94276D80934F0262E8F2
:10F6100084E39DE00E94276D8093640462E383E3AA
:10F620009DE00E94276D809363046AE070E080E3B0
:10F630009DE00E940F6D90934E0280934D026B9A55
:10F640000E94038A8F98559A879A859A9C9A8091EE
:10F6500001018068809301019B9A80917404886005
:10F66000809374042FEF80E792E021508040904017
:10F67000E1F700C0000081E00E9495648AEE98E600
:10F6800090936F0480936E04109271041092700432
:10F6900012E01093690410927304109272040E9495
:10F6A000D6648AE691ED90937B0480937A0483E993
:10F6B00091E0909379048093780483EB91E09093A8
:10F6C000770480937604809104018B7F80930401FA
:10F6D000809104018D7F809304019FB7F8948091FD
:10F6E00005018460809305019FBF9FB7F8948091C6
:10F6F00005018260809305019FBF809101018F7B8E
:10F70000809301019FB7F8948091020180648093F7
:10F7100002019FBF809104018E7F809304019FB7F7
:10F72000F894809105018160809305019FBFAFE946
:10F73000BFE01197F1F700C00000809103018095B0
:10F7400081708093750444E150E068E67DE68DE7C2
:10F7500095E00F9423B80E94754C0E94A26183EB40
:10F7600097E49F938F938AEB97E49F938F930E94E4
:10F770004A608091010184608093010160E087ED1F
:10F780009EE00E94276D8093420560E088E09FE044
:10F790000E94276D809397050E94BFC68BE69FE667
:10F7A0009093640580936305109266051092650539
:10F7B00010935E0510926805109267058BE595E041
:10F7C00090932718809326180E94EDE9D82E0F9069
:10F7D0000F900F900F9001E0882319F00E94B46100
:10F7E000082F60E084EC9FE00E94276D8093110E4B
:10F7F000882389F011E010937C0488E00F94664719
:10F80000109397050E94BFC61092051861E087E823
:10F810009FE00F945ABA0E9400ED882351F064E2F1
:10F8200086E692E00E94265864E286E692E00E9414
:10F830001E5844E150E065E17DE0FE0131967F0114
:10F84000CF010F9426BA8C8981110AC044E050E0A0
:10F850006AED78E4C7010F9415B8892B09F450C0FC
:10F86000C09097051D8A1F8A1E8A10929705CE01A7
:10F8700045960F94122062E370E080E090E00F94D0
:10F880007E1F8091FF04909100059093FE04809369
:10F89000FD048DEE97E40E949771570110E013313B
:10F8A000A1F06AEF70E0CE0145960F94E31F81113D
:10F8B000C0C00E942F6E181619068CF70E94B05314
:10F8C000D5018D935D011F5FEACF1C8A44E050E0B3
:10F8D00068EE77E4C7010F9415B8892B61F681E0D3
:10F8E000C0929705882309F4A6C044E150E065E181
:10F8F0007DE0C7010F944ABA8FEC98E40F941FB9CA
:10F90000011104C080919705882321F088EB98E4C9
:10F910000E94977183E695E70E94706F81EA98E4F0
:10F920000F941FB960E08CEA9CE00E94276D811162
:10F930000E94C8DF0F940D7C80EF97E40E94706FE7
:10F9400062E086ED9EE00E94276D813009F076C06E
:10F9500084EE9CE60E94977114B710FF04C084ECFB
:10F960009FE20F941FB911FF04C084EB9FE20F9434
:10F970001FB912FF04C083EA9FE20F941FB913FF5F
:10F9800004C083E99FE20F941FB915FF04C083E808
:10F990009FE20F941FB914BE83E695E70E94706F33
:10F9A00083E79FE20E94706F8DE898E40E94706F79
:10F9B00087E69FE20E94706F85E898E40E94977145
:10F9C00083E695E70E94706F88E59FE20E94706F62
:10F9D0008091201890912118B701009791F1681B30
:10F9E000790B072E000C880B990B0E94D66E81E4D0
:10F9F0009FE20E94706F80EE96E00F941F7C6CE295
:10FA000071E08EEE9EE00E940F6D8C0166E371E066
:10FA10008CEE9EE00E940F6D0C32114009F0A9C7D8
:10FA200001E08633914009F400E00E94B88DC82EB1
:10FA3000A8C780E055CF8EEB98E460CF80EE9CE6BF
:10FA400089CF6A527841CDCF81E391E090935702FC
:10FA50008093560280910505909106050F946CAA3B
:10FA600020E030E848E953E40F94E7BD181654F459
:10FA70008091050590910605409690930605809328
:10FA80000505E8CF80915202909153020F94052B07
:10FA900020E030E040E251E40F9453BC87FF0AC0FD
:10FAA0008091520290915302409790935302809319
:10FAB0005202E8CF80910305909104050F94052B25
:10FAC00020E030E04AEF52E40F94E7BD181654F4FA
:10FAD00080910305909104054096909304058093CE
:10FAE0000305E8CF80915002909151020F94702A43
:10FAF00020E030E040EF51EC0F9453BC87FF0AC088
:10FB000080915002909151024097909351028093BE
:10FB10005002E8CF80910105909102050F94702A60
:10FB200020E030E040EA52E40F94E7BD181654F4A8
:10FB30008091010590910205409690930205809373
:10FB40000105E8CF9FB7F89416BC8FEF88BD83E31B
:10FB500084BD12E015BD80916E00816080936E00BF
:10FB60009FBF80E88093B400809170008460809390
:10FB700070002FB7F8948091010184608093010197
:10FB80009FB7F894809102018B7F809302019FBF01
:10FB90008091010180628093010181E08093A00047
:10FBA00085E18093A1008FEF90E09093A90080936E
:10FBB000A8009093AB008093AA009093AD0080932F
:10FBC000AC00109272002FBF8EEF97E40F941FB914
:10FBD0008FE580937E0010937D0080917C0080648F
:10FBE00080937C008FE980937A000E949B8D9FB761
:10FBF000F894809121018F7E8093210180912101D1
:10FC0000886080932101809120018D7F8093200165
:10FC1000809120018E7F80932001809120018F733D
:10FC200080932001809120018F7C8093200180911E
:10FC30002101846080932101809121018D7F809337
:10FC40002101809121018E7F809321011092250155
:10FC5000109224012BEE31E43093290120932801E6
:10FC6000D19A809173008260809373009FBF10923D
:10FC7000FE0D1092FF0D80E1ECEFF6E0DF01282F82
:10FC80001D922A95E9F7E1E3F5E0DF01282F1D92A7
:10FC90002A95E9F7E1E2F5E0DF011D928A95E9F79F
:10FCA00010921D0510921E0510921F05109220053E
:10FCB00010921C0510921B0584E08093BF02809176
:10FCC000000186FDC3C0BFEFE3EDF0E3B150E040BB
:10FCD000F040E1F700C000008091000186FDB6C051
:10FCE0000E94A26188E598E40E945C608091010115
:10FCF00084608093010180914205823041F09FB77A
:10FD0000F894809102018460809302019FBF8091EA
:10FD1000000186FFFCCF9FB7F894809102018B7F92
:10FD2000809302019FBF2FEF87EA91E62150804028
:10FD30009040E1F700C000008EE398E49A83898345
:10FD400083E398E49C838B8385E298E49E838D8390
:10FD500088E198E498878F838FE098E49A87898771
:10FD60000E94A2614EE360E080E00E9452610E9426
:10FD7000EF6810E0B12CA12C80914105F501E80F4E
:10FD8000F11D87FDFA95EE0FFF1FEE0DFF1D40815F
:10FD900051816A2D81E00E944661AFEFAA1ABA0A2A
:10FDA000B4E0AB16B10441F70F94224F81E00E94FA
:10FDB000508A8091E5069091E606009771F197FFD1
:10FDC00012C0115014300CF4A7C087E00F94D03A41
:10FDD0008091410518162CF08F5F809341050E9499
:10FDE000A26113E003C01F5F143078F747E058E4C6
:10FDF00060E080E00E944661612F80E00E9499608F
:10FE00008EE30E9460601092E6061092E50664E6BA
:10FE100070E080E090E00F947E1F0E94F4688823D9
:10FE200009F4A8CF80914105180F0E94A26140E01B
:10FE300070E060E084E690E00F94AC3C123009F48E
:10FE40009FC008F07AC0113009F495C082E0809319
:10FE5000BF0260E08FEF9FE00E94276D61E08FE5B9
:10FE60009FE00E94276D8FEF9FE00F9436BA182F06
:10FE70008F3F09F410E01092E30661E08091110ECB
:10FE8000811160E089E69FE00E94276D91E0811179
:10FE900001C090E090935C02882309F4A8C08CE232
:10FEA0009FE20F941FB987EF9EE00F9436BAB82EE9
:10FEB0008093570586EF9EE00F9436BAE82E809324
:10FEC000580585EF9EE00F9436BAF82E80935905B9
:10FED00084EF9EE00F9436BA80935A05FFEFBF126D
:10FEE00002C0109257052FEFE21202C0109258057F
:10FEF0009FEFF91202C0109259058F3F11F4109232
:10FF00005A058091D40E90E028E096958795009749
:10FF100009F470C02150F9CF1F3F09F067CF87E087
:10FF20000F94D03A8091410518162CF4815080939B
:10FF300041050E94A26110E059CF133019F114302D
:10FF400009F084CF67E478E480E090E10E948B665A
:10FF500010E000E06FEFC8010F945ABAC8010E9488
:10FF60007E650F5F1F4F0115E0E11E0799F70E94A4
:10FF70009F650E9457570E941C570E9400DF66CF62
:10FF80000E941C5784E00E9413EA62E08FE59FE024
:10FF90000F947EBA1092110E60E084EC9FE00F94F3
:10FFA0005ABA81E00E94ED6B11E01093051861E0F0
:10FFB00087E09FE00F945ABA1093061861E085ED30
:10FFC0009EE00F945ABA109312188091E90E909106
:10FFD000EA0E90931418809313180F943C82109299
:10FFE000191861E08DEA9CE00F945ABA2FCF87E18F
:10FFF0009FE257CF209353058091D50E90E028E0E3
:020000022000DC
:1000000096958795009711F02150FACF20935405CB
:100010008091D60E90E028E096958795009711F094
:100020002150FACF209355058091D70E90E028E01B
:1000300096958795009711F02150FACF2093560599
:100040000E9400ED880F82700F948B1E80910A0130
:10005000816080930A0180910A01826080930A0185
:1000600080910A01846080930A0180910A01806472
:1000700080930A010F9A179A0E9A169A0D9A159A5A
:100080000C9A149A26982E9A25982D9A24982C9A90
:10009000809107018B7F809307019FB7F89480912F
:1000A00008018460809308019FBF809107018F77CA
:1000B000809307019FB7F89480910801806880932E
:1000C00008019FBF0998119A6E98389A4098179A1C
:1000D0001092E806399A4198169A1092E9063A9ACF
:1000E00042983B9A4398149A809181008F7E809326
:1000F00081008091810088608093810080918000E0
:100100008D7F80938000809180008E7F809380001F
:10011000809180008F7380938000809180008F7C1D
:100120008093800080918100887F8260809381002D
:1001300080E090E49093890080938800109285007D
:100140001092840010924A05109249058FEF9FEF9C
:100150009093480580934705909346058093450505
:10016000109244051092430581E08093B60280917D
:100170006F00826080936F00789481E0111101C05C
:1001800080E08093E3060F9445520E9400ED880FB3
:1001900082700F948B1E0E9460528BEE96E00E943C
:1001A0005B5D0F94D160D11008C084E79EE20F948C
:1001B0001FB988E29EE20E94E5F784E99CE00F9473
:1001C00036BA823459F46FEF84E99CE00F947EBA1A
:1001D00085E99CE00F9444BA0E94E5F70F948B8266
:1001E000159888E00F9466478BEB9FE00F9436BA22
:1001F00091E0813009F090E090935B1781E00F94DB
:10020000168860E084E69FE00E94276D60E086E645
:100210009FE00E94276D60E088E69FE00E94276DC6
:1002200060E085E69FE00E94276D70E060E08FEF60
:100230009EE00E940F6D70E060E085E09FE00E940C
:100240000F6D70E060E083E09FE00E940F6D70E052
:1002500060E081E09FE00E940F6D70E060E083ED60
:100260009EE00E940F6D70E060E080ED9EE00E94D5
:100270000F6D60E082ED9EE00E94276D60E08FECE4
:100280009EE00E94276D88EA9CE00F94878181EAB6
:100290009DE00F9436BA8F3F71F460E081EA9DE0F3
:1002A0000F945ABA88EF9FE00F9444BABC0180E5DE
:1002B0009DE00F9478BA49E4E42E4DE0F42E10E06E
:1002C000BE016F5F7F4F812F0E94976DAE014F5F20
:1002D0005F4F67E070E0C7010E94F06C1F5FABE00A
:1002E000EA0EF11C183061F781EA9DE00F9436BAEE
:1002F0000E94676D811102C00E94896D0E94AB71DE
:1003000080E89CE00F9436BA8F3F41F44EE050E015
:1003100060E87CE088EE92E00F944ABA85E09DE0C8
:100320000F9487818DEE9FE00F94878181EF9FE08E
:100330000F94878160E08EEC9EE00E94276D61E063
:1003400087EA9CE00E94276D60E08FEA9FE00E94B0
:10035000276D86EA9FE00F9436BA8F3FD9F461E0AB
:1003600086EA9FE00F945ABA30EBE32E3FE0F32E7B
:1003700070E060E0C7010F9478BAB2E0EB0EF11CB8
:10038000EAEBEE16EFE0FE0699F760E08FEA9FE0F9
:100390000F945ABA60E085EA9FE00E94276D60E002
:1003A0008FE79CE00E94276D60E089E09FE00E945B
:1003B000276D61E08CEA9DE00E94276D63E08BEA87
:1003C0009DE00E94276D63E08AEA9DE00E94276D10
:1003D00061E089EA9DE00E94276D6F98779880918F
:1003E0006A008F7B80936A0080916A0080688093A6
:1003F0006A00EF9A84E08093BF028091110E811110
:1004000023C0809107018E7F809307019FB7F894E6
:10041000809108018160809308019FBF8FE891E07F
:100420000197F1F700C00000909106012FB7F894F2
:10043000809108018E7F809308012FBF90FD04C03A
:1004400084EE90E40E94E5F7023071F0033009F485
:1004500030C1013099F484E093E40E94E5F766E34B
:1004600071E08CEE9EE008C085EE92E40E94E5F714
:100470006CE271E08EEE9EE00F9494BAC11006C05B
:1004800082E792E40E94E5F70E947D8280E80E9464
:1004900075EA8823B9F087EF9FE00F9436BA60E0E1
:1004A000813061F48DE798E40E944BCA67E18823AC
:1004B00029F082E392E40E94E5F766E186EA9CE097
:1004C0000F945ABA85E798E40E944BCA182F8823E4
:1004D00029F08FE10E9475EA11E01827F12CE12C38
:1004E000F701EA59F74B6491C7010F945ABA9FEF8D
:1004F000E91AF90AAAE0EA16F10491F7E5E7F8E447
:10050000659174918AE090E00F9478BAE7E7F8E497
:10051000659174918CE090E00F9478BAE9E7F8E483
:10052000659174918EE090E00F9478BAEBE7F8E46F
:100530006591749180E190E00F9478BA8FE59FE027
:100540000F9436BA882309F4BFC080E00E94BDF83A
:1005500083E08093BF0281E00E946C640E94A261EC
:1005600082E00E94386060E08EEF9EE00E94276D7E
:100570008093510560E38DEF9EE00E94276D80938C
:100580005A0260E38CEF9EE00E94276D8093580230
:1005900060E08BEF9EE00E94276D8093520560E340
:1005A0008AEF9EE00E94276D80935B0260E389EFF3
:1005B0009EE00E94276D8093590260E088EF9EE0E4
:1005C0000E94276D80935005CE0101960E94DEE8BF
:1005D000882389F08FEF9EE20F941FB989818823C9
:1005E00051F083E09DE00F9436BA8F3F21F08BE805
:1005F0009EE20E94E5F76FEF83E09DE00F945ABA08
:100600000E949B578823D9F10F94224F8CE89FE0DA
:100610000F9436BA182F80936A02C0904C05D09080
:100620004D05E0904E05F0904F058BE89FE00F944C
:1006300036BA682F70E090E080E00F94C2B420E0FA
:1006400030E040EA50E40F945DBB4B015C0101E0F7
:10065000AC019B01C701B6010F94E7BD18160CF061
:1006600000E000934B05A5019401C701B6010F946A
:10067000E7BD18160CF052C081E00F94DE616C9853
:10068000749880916A00816080936A0080916A000A
:100690008D7F80936A00EC9A64994FC00E949B57AB
:1006A000882309F44AC080E798E40E9497710F9468
:1006B000B8518CEA92E40E94E5F76CE271E08EEEAC
:1006C0009EE00F9494BACBCE81E011113FCF0E94EF
:1006D00075EA811105C084EC91E40E94E5F738CFFA
:1006E00084E00E9475EA811103C08EE491E4F5CFA5
:1006F00080E10E9475EA811104C082E69AE60E94B8
:10070000E5F788E00E9475EA811122CF80917B0590
:10071000882309F41DCF8CE291E4DFCF113011F46E
:1007200080E0ABCF41E060E08AE091E40E9441EFDD
:100730008823B1F30E94B854A2CF0E9463EC81E0F9
:100740008093BF0288E198E20FB6F894A895809351
:1007500060000FBE90936000809160008064809381
:10076000600085E0D82E90E0E92E90E0F92ECC24B0
:10077000C39424E0B22E1092050E80916F05882359
:1007800009F4C2C0B092BF020E94A557882309F4A1
:10079000BEC080916A02813009F0B9C08CE695E054
:1007A0000F9412200E94098380916902882389F0A6
:1007B00068E873E18BEF97E10F94E31F811109C0A3
:1007C000109269028091EB14882309F4ACC00F9455
:1007D000E17C8091FD109091FE10892B09F45FC09F
:1007E0001092FC108091E8148823C1F10091EC1262
:1007F0001091ED120E5F1E4E60E179E4C8010F9476
:100800003DB8892B09F09CC010927A17F80101902D
:100810000020E9F73197BF01601B710BC8010F94ED
:10082000B88A62E070E086EF92E00F94B88A809117
:100830007A17882341F08BE395E70E94706F8CEC68
:100840009FE20E9497718091E914882309F473C094
:100850008091FD109091FE10892B11F00E94868FDF
:100860008091FC10811119C08091FD109091FE10B3
:10087000892B99F0E091EC12F091ED12E150FF4ECE
:100880008081823009F061C0F894D08281819281A8
:100890000F94EA5178940E94E26D0E947C7F0F943D
:1008A000224F0E94A5570E94508A809169058111AC
:1008B0001092690580E00E9438600F944C2080916E
:1008C0006B05882379F010926B05823009F449C0DA
:1008D000833009F44AC0813029F461E080E099E472
:1008E0000E94918780916A05811107C0C0926A05B4
:1008F00081E00F9497AD10926A05E114F10409F4B8
:100900003ACF0E94000037CFC092BF023DCF60E1D6
:1009100077E28CE695E00F94E31F882309F442CF39
:10092000B092120E3FCF81E00F9416888091EB14A5
:1009300081114DCF4ECF84EF9FE20E94977190CFEF
:100940000F94BB7A82EE9FE2F8CF863009F0A3CFF6
:100950008091EA1481119FCFF894D08281E090E0D9
:1009600097CF61E080EF98E4BBCF61E08FED98E432
:10097000B7CF02E08633914009F003E00E94658220
:10098000C12C82EA92EAA0E0B0E080934A189093EA
:100990004B18A0934C18B0934D1810921705109255
:1009A00018051092190510921A052091840E3091A5
:1009B000850E4091860E5091870E60E070E08FE7C3
:1009C00093E40F945DBC60931305709314058093BA
:1009D00015059093160510920F05109210051092B0
:1009E0001105109212052091900E3091910E4091B8
:1009F000920E5091930E60E070E08FE793E40F94B5
:100A00005DBC60930B0570930C0580930D0590936E
:100A10000E056D9A9D9A8091010188608093010175
:100A200080910A0590E0B4E095958795BA95E1F735
:100A3000809309058AE090E090930805809307056C
:100A400080915402909155020F946CAA20E030E0FE
:100A500040E251E40F9453BC87FD02C00C9424FD86
:100A60008091540290915502409790935502809343
:100A70005402E6CF2F923F924F925F926F927F92F5
:100A80008F929F92AF92BF92CF92DF92EF92FF929E
:100A90000F931F93CF93DF9300D01F921F92CDB778
:100AA000DEB780910D0E813009F05FC09091FE0D90
:100AB0008091FF0D981359C08091000E811155C08F
:100AC00010921D0780EF9FE30E94EDED10920D0E36
:100AD00082E08093120E109258040F94D42F0E943B
:100AE0002A5660E070E080E291E40E94735F80919A
:100AF000E806882321F18091E906882301F180E04E
:100B000090E0A8E4B2E48093EB069093EC06A09307
:100B1000ED06B093EE0680E090E0AEE3B3E48093A0
:100B2000EF069093F006A093F106B093F20660E012
:100B300070E084E392E40F942B650F944A51809106
:100B40007905882309F4C7C09FB7F8948091020102
:100B50008B7F809302019FBF0F9480250E9441826A
:100B600088E0809341041092400480910D0E823001
:100B700009F068C09091FE0D8091FF0D981362C03E
:100B80008091000E81115EC080911D07873031F089
:100B900010921D0783EE9FE30E94EDED10920D0E63
:100BA00082E08093120E109258040F944A511092D2
:100BB0003F041092100E10920F0E60914702709138
:100BC00048028091490290914A020E94735F80918D
:100BD000E806882351F18091E906882331F180915C
:100BE0003F0290914002A0914102B0914202809355
:100BF000EB069093EC06A093ED06B093EE06809181
:100C0000430290914402A0914502B0914602809324
:100C1000EF069093F006A093F106B093F20660E021
:100C200070E088E492E40F942B6580917905882325
:100C300009F47BC09FB7F894809102018B7F809369
:100C400002019FBF80910D0E843009F0ADC085EA8E
:100C50009DE00F9444BA3091FE0D2091FF0D3213A8
:100C600078C12091FD103091FE10232B09F071C145
:100C70002091020E298321116CC120915804211169
:100C800057C02CE0209358044496BC0190E080E0CB
:100C90000F94C2B420E030E04AE754E40F945DBC06
:100CA0006B017C01E0915804E150EC3008F07CC00D
:100CB000F0E08827E15AF94F8E4F0D9446BB910121
:100CC0004F027B01FB00F102CD01D7028702F50044
:100CD000CB019B021D02109243040E94FF6B81E036
:100CE0000E94796C80911414813009F035CF809185
:100CF000EA13882309F430CF80914204823009F44A
:100D00002BCF0E94A55781110E94D45420910F0E21
:100D10003091100E80916B0290916C022817390768
:100D20000CF41ACF0F94CDB317CF109243048ACF8F
:100D30002150A8CF65E08FEA95E40E94408834C036
:100D400080911414813069F5309157043B8361E040
:100D500089E19EE20E94918761E082EA95E40E9427
:100D6000918761E084E995E40E9491870F94917ADC
:100D70009B819817B1F08F3F29F061E084E19EE2FA
:100D80000E9491871F922B812F9380E995E49F9376
:100D90008F930E9457880F900F900F900F9031E023
:100DA000398389818093560480910D0E833009F038
:100DB000D0C090915804911109C080931D0791E013
:100DC000909354048093B702809358048091580400
:100DD000833009F59091FE0D8091FF0D98131BC093
:100DE0000F946B2510923E0280914C028F9380915C
:100DF0004B028F9384E496E49F938F930E945788CD
:100E00008AED9FE30E94EDED82E0809358040F90FD
:100E10000F900F900F9080915804823009F07AC0A3
:100E200080913E02882309F475C01092540488EC26
:100E30009FE30E94EDED1092100E10920F0E309174
:100E400050043983809151048B8310915204009196
:100E5000530420E030E0A901B981F8016B2F782F0D
:100E60008F2F9E2F0F9453BC81111FC020E030E0C4
:100E7000A90160914C0470914D0480914E049091B1
:100E80004F040F9453BC811110C020E030E0A90141
:100E9000609148047091490480914A0490914B04F8
:100EA0000F9453BC882309F447C280914B048F935D
:100EB00080914A048F93809149048F9380914804D4
:100EC0008F9380914F048F9380914E048F938091E4
:100ED0004D048F9380914C048F930F931F939B81AC
:100EE0009F9329812F938DE296E49F938F930E9485
:100EF000578861E083E29EE20E9491870FB6F894E2
:100F0000DEBF0FBECDBF85E494E00F94122081E0D8
:100F100080935804809158048130D9F460ED77E0D3
:100F200085E494E00F94E31F882399F088E69DE61A
:100F30000E94EDED10921D0782ED90E090934C021F
:100F400080934B021092580410920D0E82E0809311
:100F5000120E90910D0E953099F42091FD10309164
:100F6000FE10232B71F580915804823009F40DC2D4
:100F700008F0E7C1882309F4F8C1813009F410C2F0
:100F800080910D0E8630E9F49091FE0D8091FF0D59
:100F9000981317C08091FD109091FE10892B89F451
:100FA0008091020E81110DC080915804813009F4A6
:100FB00048C208F40FC2823009F42CC2833009F40D
:100FC0000DC20F900F900F900F900F90DF91CF9167
:100FD0001F910F91FF90EF90DF90CF90BF90AF9057
:100FE0009F908F907F906F905F904F903F902F9049
:100FF00008950E94A2611092550461E082E89AEE81
:101000000E946F53809114148130F1F48091560442
:1010100010E0811101C012E0212F30E0220F331FB8
:1010200024583A4B3A832983E981FA818591949136
:1010300061E00E9491871F5F89819A8102969A835D
:1010400089831A3089F7B0CE20E030E040E850E4E0
:10105000C701B6010F9403B520E030E040E752E449
:101060000F94198E9F938F937F936F931F928CE3AE
:101070008F9328E635E43F932F930E94578820E012
:1010800030E040E051E4C701B6010F9403B520E021
:1010900030E040E252E40F94198E9F938F937F9338
:1010A0006F931F9284E68F9328E635E43F932F9346
:1010B0000E9457880FB6F894DEBF0FBECDBF74CE26
:1010C00067E08AE595E439CE61E08EE495E40E941C
:1010D00091878EE38F938CE48F938CEC8F938DECC0
:1010E0008F938EE395E49F938F930E94578861E0DE
:1010F00085E395E40E94918720E030E040E850E4E9
:10110000C701B6010F9403B520E030E048EC51E48C
:101110000F94198E9F938F937F936F931F921BE968
:101120001F931F928BE48F9383E295E49F938F9399
:101130000E945788A7019601C701B6010F945EBBB4
:1011400020E030E048EC51E40F94198E9F938F9388
:101150007F936F931F921F931F9284E68F9383E276
:1011600095E49F938F930E94578820E030E048ECED
:1011700052E4C701B6010F94198E9F938F937F930A
:101180006F931F921F931F9218EC1F9383E295E4B5
:101190009F938F930E9457880FB6F894DEBF0FBEBF
:1011A000CDBF20E030E040EA51E4C701B6010F9422
:1011B000198E9F938F937F936F931F9287E88F93DE
:1011C0001F921F9323E235E43F932F930E94578889
:1011D00071CF20E030E046E153E4C701B6010F943F
:1011E000198E562E472E382E292E20E030E040EA68
:1011F00051E4C701B6010F94198E6B83C72E782E68
:10120000692E85E0D82E812C912C96E1A92E93E4AD
:10121000B92E32E33C8387E88D8303E215E49D8198
:10122000E92EF12C3C81232F30E03A8329832F9241
:101230003F924F925F921F929F931F928C818F9348
:101240001F930F930E945788B701FF0C880B990BCF
:101250000F94C4B420E030E040EA51E40F945DBB49
:101260000F94D6BC6D836F927F92CF929B819F9398
:101270001F922D812F931F923C813F931F930F93B9
:101280000E94578829813A81B901330F880B990B45
:101290000F94C4B4A50194010F945EBB0F94D6BC07
:1012A0006C83B7FAB094B7F8B094DA940FB6F894A8
:1012B000DEBF0FBECDBFD110B2CF76CDB701A60134
:1012C00080E00F94408E70CDB701A60184E0F9CF85
:1012D000B701A60188E0F5CFB701A6018CE0F1CFF8
:1012E00090911414998366E087E195E40E94408808
:1012F0002981213029F461E084E19EE20E949187F6
:1013000061E080E19EE20E9491874ECD88E69DE6F5
:101310000E94EDED1092580410920D0E82E0809321
:10132000120E8FE59FE00F9436BA882309F411CE90
:101330008CE00E94BDF838CD8DEF95E40E94706F6F
:10134000E2CD8430A9F0C0F0853009F019CE61E01B
:101350008DE19EE20E94918761E087EE95E40E9414
:10136000918784E0809358040BCE90935804EFCF7C
:101370000F944A5183E0F6CF10923D0261E08DED6B
:1013800095E40E94918782E0EDCF80913C0281112B
:1013900005C061E083E29EE20E94918781E0E2CF96
:1013A0001092580410920D0E92E09093120E8093BA
:1013B0003D028FE59FE00F9436BA882309F401CEF1
:1013C00080913C02811104C081E00E94BDF8D8CD1B
:1013D0008EE0FBCF83E080935804F3CD83E99FE355
:1013E0000E94E5F761E08DE19EE20E94918761E055
:1013F0008AEC95E40E94918761E080EC95E40E947C
:10140000918780917B058093440480E00F948C2821
:1014100082E0E1CF61E089EB95E40E94918741E0B1
:1014200060E08CE59FE30E9441EF8111CACD1092EC
:10143000100E10920F0E809144040F948C2881E0BE
:10144000CACF1092580410920D0E82E08093120EB3
:1014500020E041E062E070E08FEB9BEC0E9449539A
:1014600083E080935504ADCD0F931F9380910301CA
:1014700080958170909175048917A1F1809176040F
:101480009091770489549F4E11F40E94AD5382E0ED
:101490008093B702809103018095817080937504D9
:1014A0000E94D66480E00E940E8A80917504882391
:1014B00009F488C08091EB14811105C00F9416883F
:1014C00081E08093391588E69DE60E94EDED10924B
:1014D0003D0461E089E49FEE0E946F5388E394E04D
:1014E0000F9442220F94B11F0091340410913504DF
:1014F000209136043091370406171707280739075B
:10150000E8F58091B702882331F088E394E00F94E6
:1015100042220E942660E0917604F09177041995AA
:10152000809176049091770482589A4E09F45BC0BA
:10153000809176049091770421E0833B920709F033
:1015400073C08091B702823021F40E94D664109259
:101550007C058091B702882319F081508093B702EF
:101560000F94B11F6C597F4F8F4F9F4F609334047E
:101570007093350480933604909337048091110E54
:10158000882399F080917C04882379F060E177E2E8
:1015900080E394E00F94E31F882339F088E00F94F0
:1015A000664780E394E00F94122080910D0E843002
:1015B00009F051C08091050E81114DC01F910F910E
:1015C0000D943A051092EA141092EB1483E695E715
:1015D0000E94706F81ED9DE20E9497718AE19FE306
:1015E0000E94EDED7FCF0E94BF5781110EC0E091A8
:1015F0007604F0917704309739F50E94A2610F9438
:10160000E41782E08093B7029CCF80910D0E811188
:101610008FCF40E95FE561E070E088E394E00F94EC
:1016200095208111E4CF84CF82589A4E09F489CF56
:1016300040E355E760E070E088E394E00F94952084
:10164000882309F47ECFD3CF81E0809333041995AA
:1016500010923304D2CF1F910F9108958FE10E9411
:1016600075EA811106C08FE10E9413EA80E00C94B4
:10167000BDF841E060E087EE92E30E9441EF8823ED
:1016800091F30F94E41781E00E946C6482E00C9463
:101690003860CF93C82F10921D07179A1092E80652
:1016A000169A1092E906149A1092CA061092C90668
:1016B000682F86EA9FE00F945ABA6C2F8FEA9FE05A
:1016C0000F945ABACC2379F08CEC93E40E94977172
:1016D00088E991E30E94E5F781E00E946C6482E072
:1016E000CF910C94386081E993E40E9497718FE761
:1016F00091E3F0CF809300044091141420910F0ED9
:101700003091100E413059F01092E50380916B0238
:1017100090916C02281739075CF40D94BA189091D7
:10172000EA139111F1CF8650823070F74093E503B0
:1017300081E08093E4036091C9067091CA06C901F3
:101740000F94363B1092E503089584E00D947A0BD4
:1017500085E00D947A0B86E00D947A0B87E00D946A
:101760007A0B81E00D947A0B88E00D947A0B82E07D
:101770000D947A0B0F9308E020E030E340E060E046
:1017800086E090E30F94A393813029F40E949E5445
:101790000F944A51F0CF823031F460E070E0CB0119
:1017A0000F910C947AF60F9108951F93CF93DF93C6
:1017B00064E670E00F94FFBAEB0110E04EE263E0E4
:1017C000812F0E945261CE010E948B8CCE010E941B
:1017D0008B8CCE010E948B8CCE010E948B8CCE0113
:1017E0000E948B8C1F5F143149F7DF91CF911F91BD
:1017F00008952F923F924F925F926F927F928F92B5
:101800009F92AF92BF92CF92DF92EF92FF920F938F
:101810001F93CF93DF93CDB7DEB767970FB6F894DA
:10182000DEBF0FBECDBF082FCE0146969F8B8E8B9D
:1018300083E0F82E95E1292E0E94FF4C0093FC13C3
:10184000402F64E5CE0101960E94DD4C49815A810A
:101850006B817C818D810F94E7AB61E081E00F9417
:1018600006B3182F811107C00E94526D0F94A6B2C3
:101870000F9494B3E1CF0F944A510E94254D8130CB
:1018800079F10F9494B392E0F91209C08EEC9EE0C6
:101890000F9436BA813019F4802F0F9477B4FA94EC
:1018A000F110CACF8091050E882309F4EFC0679626
:1018B0000FB6F894DEBF0FBECDBFDF91CF911F9161
:1018C0000F91FF90EF90DF90CF90BF90AF909F90DF
:1018D0008F907F906F905F904F903F902F900895E2
:1018E0006091F11370E090E080E00F94C4B49B012C
:1018F000AC0166E676E68DE992E40F945DBB362E88
:10190000872E982EE92E262F372F482F592F60E04B
:1019100070E080E291E40F945DBC2B013C01EDE7A7
:10192000F5E0822D11928A95E9F710927C05832DBE
:10193000982DA92DBE2DBC01CD01912C312CE12C6F
:101940005B016C01D7FAD094D7F8D09420E030E056
:1019500048E452E40E94014D9091FE0D8091FF0DEC
:10196000981709F449C0112331F00E94254D11E068
:10197000813009F010E083E00F94F72F2091F706F3
:101980003091F8064091F9065091FA060F945DBB2C
:10199000A30192010F9403B50F943CBC0F94D6BCE5
:1019A000862EE616C1F0E32DE43108F0E3E133249E
:1019B00033943E0E8FEF111101C08DE2F0E0E35839
:1019C000FA4F808391E09093B7028091B802811121
:1019D00002C00F94D82090E080E00E948B8CE82C0D
:1019E0008091050E882309F4B7CF10E037C0C601F7
:1019F000B50199249394AACF91E09912F8CF0E944F
:101A0000FF4C111108C08FEC9EE00E94466D80EDE6
:101A10009EE00E94396D44E150E06DE775E0CE0133
:101A200001960F94B6C0FE013196819187FD2CC0BE
:101A300080E3DF0111978C938E899F898E179F0712
:101A4000A1F71D8A83E695E70E94706F8BE699E403
:101A50000E94706FCE0101960E94058382E995E095
:101A60000F944222112309F40CCF802F0F94598F29
:101A70000093A313809118149091191401969093D8
:101A800019148093181413CF81E3D3CF8AE290E81E
:101A90009093A6138093A51361E081E00F9406B3A1
:101AA000C7CECF93DF93D82F0F94DA8FC82F882318
:101AB00039F188EC90E00E94AE8C82E00F94D03A2D
:101AC0006D2F8CE49CE60E9452660F94508F0F9409
:101AD000068E8091FB13833629F062E18CE990E752
:101AE0000F94B18F8D2F0F94F90B0E9433C883E0B0
:101AF0000F94D03A0F9444820F94CF8F0E94926437
:101B00008C2FDF91CF9108950F94510D0E949E5418
:101B10000F944A510F94E4170F94BA0B88E69DE690
:101B20000E94EDED10921D070D94B718CF93DF932F
:101B3000D82F0F94DA8FC82F8823B9F08091FB1328
:101B40008D1799F00E940158811102C00F94CDB3F6
:101B50000F94508F0F94068E0F944A518D2F0F942F
:101B6000F90B0F9444820F94CF8F8C2FDF91CF917C
:101B700008951F93CF93DF93C82F162F0F94DA8FFA
:101B8000D82F882389F00F94068EC33601F1C83709
:101B900081F0CF3339F484E690E00E94AE8C812F3F
:101BA0000F94510D0F9444828D2FDF91CF911F918F
:101BB000089510926C0210926B02812F0F94960D73
:101BC0008FEA90E090936C0280936B02EBCF84E6F7
:101BD00090E00E94AE8C0E9433C8E4CFCF93C82F10
:101BE000682F87E293E40E9452668C2F0F94960D23
:101BF0000F944A510F94CDB30E94926481E0CF912B
:101C0000089580E00F94EE0D81E00F94EE0D82E0D8
:101C10000F94EE0D83E00F94EE0D84E00F94EE0D23
:101C20000D94B7180F94EE0D0D94B718CF93DF9362
:101C300000D01F921F92CDB7DEB7482F68E5CE01C6
:101C400001960E94DD4C49815A816B817C818D8196
:101C50000F94E7AB0F900F900F900F900F90DF91C4
:101C6000CF91089580E00D94160E1F93CF93DF93CC
:101C700000D01F921F92CDB7DEB7182F0F94DA8FC6
:101C80008823D9F0412F62E5CE0101960E94DD4CF8
:101C900049815A816B817C818D810F94E7AB60E033
:101CA00080E00F9406B3882369F32091C01330912C
:101CB000C11330931114209310140F900F900F90B4
:101CC0000F900F90DF91CF911F910895FF920F9386
:101CD0001F93CF93DF931F92CDB7DEB7CE0101964E
:101CE0000F94ED2710E000E085E0F82ED19911C0A7
:101CF0000F94224F0E3D1105C9F7CE0101960F94A6
:101D0000E027C8010F90DF91CF911F910F91FF90B5
:101D10000895D19A80917A05882361F310927A050B
:101D20000E949B8D0F94082C8091790581111BC016
:101D3000F09EF001F19EF00D1124E25EF84F8091CB
:101D4000750590917605A0917705B091780580830F
:101D50009183A283B3838091740584830F5F1F4FA7
:101D60000F94FB50C7CF10E000E0C7CF883E23E0C0
:101D7000920710F087EE93E0089590919A05809174
:101D800099052FEF3FEF891771F0E92FF0E0E45646
:101D9000FA4F208130E09F5F80919805981708F0F6
:101DA00090E090939A05C90108959091D00095FF15
:101DB000FCCF8093D60090E080E00895CF92DF9230
:101DC000EF92FF920F931F93CF93DF938C01EA0161
:101DD00090E050E06150770B292F30E0261737074D
:101DE0002CF0552319F190E050E0F6CF7801E20E87
:101DF000F31EF7018081D90111966801CA0EDB1E1E
:101E0000F6014081481780F4F7014083F601808392
:101E1000209749F0FE01E20FF31F8081AC0FBD1F38
:101E20002C9120838C9351E09F5FD6CFDF91CF918F
:101E30001F910F91FF90EF90DF90CF900895813028
:101E400041F028F0823039F0833071F00895A09A83
:101E50000895A29A08959FB7F8948091080180622E
:101E6000809308019FBF08959FB7F894809108015F
:101E70008061F6CF813041F028F0823039F0833034
:101E800071F00895A0980895A29808959FB7F894C6
:101E9000809108018F7D809308019FBF08959FB7AF
:101EA000F894809108018F7EF6CF8EBD0DB407FEA9
:101EB000FDCF8EB508952F923F924F925F926F9211
:101EC0007F928F929F92AF92BF92CF92DF92EF92CA
:101ED000FF920F931F93CF93DF93CDB7DEB72E976B
:101EE0000FB6F894DEBF0FBECDBF209083063090B2
:101EF0008406409075055090760560907705709047
:101F000078052114310439F481E080935A06812C3C
:101F1000912C5401F9C0B101032C000C880B990BD2
:101F20000F94C4B4A30192010F945DBB6B017C01BB
:101F300080915A06882391F0109256061092570607
:101F4000109258061092590610925206109253069B
:101F5000109254061092550610925A062091800E47
:101F60003091810E4091820E5091830EC701B601CF
:101F70000F9403B569837A838B839C8320915606E3
:101F8000309157064091580650915906C701B60145
:101F90000F945EBB4B015C01209117052D8730919A
:101FA000180539871091190500911A05412F502FF6
:101FB0000F9453BC87FD17C0809113058D879091B6
:101FC0001405998710911505009116059C01412F64
:101FD000502FB401C5010F94E7BD181624F08D866B
:101FE00099861A2D0B2D8D859985A12FB02F809361
:101FF000560690935706A0935806B0935906209121
:10200000840E3091850E4091860E5091870EBC0152
:10201000812F902F0F9403B56D837E838F839887D4
:1020200020914E0630914F06409150065091510636
:10203000C301B2010F945DBB2091880E3091890ECF
:1020400040918A0E50918B0E0F9403B520ED3CEC1D
:102050004CE45DE30F9403B54B015C0123E333E3F0
:1020600043E75FE3609152067091530680915406F6
:10207000909155060F9403B59B01AC01C501B401C5
:102080000F945EBB4B015C01809252069092530606
:10209000A0925406B09255062D813E814F815885FD
:1020A00069817A818B819C810F945EBBA50194012B
:1020B0000F945DBB4B015C0120E030E04FE753E43F
:1020C0000F94E7BD20E030E0A90118160CF06DC1B7
:1020D000C701B6010F94E7BD181684F4A701960155
:1020E0006D857985812F902F0F945DBB6093560687
:1020F000709357068093580690935906812C912C23
:102100003FE7A32E33E4B32E40924E0650924F0683
:10211000609250067092510660915602709157027B
:10212000072E000C880B990B0F94C4B49B01AC01D3
:10213000C301B2010F9453BC87FF57C1232809F490
:1021400054C1C501B4010F94CFBC759567956093D8
:10215000740520917C0630917D063A832983409056
:102160007E0650907F066090800670908106B901CF
:10217000330F880B990B0F94C4B4A30192010F94F1
:102180005DBB6B017C0120918C0E30918D0E4091D6
:102190008E0E50918F0E0F9403B56D837E838F83C7
:1021A00098872091630630916406409165065091AE
:1021B0006606C701B6010F945EBB5B018C013091CE
:1021C0000F053E87809110058D8730901105209076
:1021D0001205232F382F432D522DB501C8010F941E
:1021E00053BC87FD18C090910B059E8720910C056C
:1021F0002D8730900D0520900E05292F3D85432D0C
:10220000522DB501C8010F94E7BD181624F0AE8613
:10221000BD86302E212E8E859D85A32DB22D8093D7
:10222000630690936406A0936506B09366062091BA
:10223000900E3091910E4091920E5091930EBC01F0
:10224000832D922D0F9403B569877A878B879C879E
:1022500020915F06309160064091610650916206C0
:10226000C301B2010F945DBB2091940E3091950E85
:102270004091960E5091970E0F9403B520ED3CECD3
:102280004CE45DE30F9403B54B015C0123E333E3BE
:1022900043E75FE360915B0670915C0680915D06A9
:1022A00090915E060F9403B59B01AC01C501B4018A
:1022B0000F945EBB4B015C0180925B0690925C06C2
:1022C000A0925D06B0925E0640925F065092600654
:1022D000609261067092620629853A854B855C851D
:1022E0006D817E818F8198850F945EBBA5019401DD
:1022F0000F945DBB4B015C0120E030E04FE753E4FD
:102300000F94E7BD20E030E0A90118160CF070C072
:10231000C701B6010F94E7BD181684F4A701960112
:102320006E857D85832D922D0F945DBB6093630632
:10233000709364068093650690936606812C912CB9
:102340009FE7A92E93E4B92E20E030E04AEF52E453
:10235000C301B2010F9453BC87FF6DC0C501B40126
:102360000F94CFBC759567956093820689819A8199
:10237000892B11F4109282062E960FB6F894DEBFC8
:102380000FBECDBFDF91CF911F910F91FF90EF90C6
:10239000DF90CF90BF90AF909F908F907F906F9085
:1023A0005F904F903F902F900895C501B4010F9416
:1023B00053BC87FFA9CE20E030E0A901C701B601D8
:1023C0000F9453BC87FFA3CDA70196016D85798536
:1023D000812F902F0F945DBB609356067093570624
:1023E000809358069093590692CD10927405B1CE01
:1023F000C501B4010F9453BC87FFA6CF20E030E0A5
:10240000A901C701B6010F9453BC87FF10C0A701F3
:1024100096016E857D85832D922D0F945DBB609313
:102420006306709364068093650690936606812C1C
:10243000912C540189CF1092820698CF80910F0E73
:102440009091100E90938406809383068091C90624
:102450009091CA0690937D0680937C060895813002
:1024600041F120F0823009F445C008951798809119
:102470000901817091E06927861759F090910B014D
:10248000662389F0916090930B01EBE4F0E03197C3
:10249000F1F791E096B9882341F080910B018160BA
:1024A00080930B0108959E7FEECF80910B018E7F6C
:1024B000F7CF16989091090181E0292F227091FFA2
:1024C00080E0861759F080910B01662379F08260D5
:1024D00080930B018BE490E00197F1F782E086B9DD
:1024E00080910B01222321F08260DACF8D7FF0CF23
:1024F0008D7FD6CF15989091090181E0292F247006
:1025000092FF80E091E06927861759F090910B01C6
:10251000662391F0946090930B01EBE4F0E0319727
:10252000F1F794E096B9861709F4BCCF80910B01BE
:10253000222321F08460B4CF9B7FEDCF8B7FB0CF7F
:1025400080919705811125C08091C00087FF3DC013
:102550008091C00084FF03C08091C600089540911F
:10256000C6002091FD043091FE04C90101968F77C9
:1025700099276091FF04709100058617970729F14C
:1025800023583B4FF90140839093FE048093FD0450
:102590001CC08091C80087FF18C08091C80084FFCC
:1025A00003C08091CE0008954091CE002091FD049B
:1025B0003091FE04C90101968F7799276091FF043D
:1025C0007091000568177907D9F6089523E0811105
:1025D00021E080E06BE173E04BEC57E03FB7F8940B
:1025E000909102019460909302013FBFFB013197EB
:1025F000F1F73FB7F894909102019B7F909302010D
:102600003FBFFA013197F1F78F5F8213E7CF08954B
:102610008AE02BE831E04FB7F89490910201946082
:10262000909302014FBFF9013197F1F74FB7F8943A
:10263000909102019B7F909302014FBFF901319766
:10264000F1F7815041F7089583E00D947A0B87EA02
:102650009CE00F9436BA811105C08091000481502E
:10266000883010F080E0089581E008950E94AF6AFC
:1026700010927005809170058430F8F41092730503
:1026800083E39EE30E94486763EB72E08DE99DE47B
:102690000E946D6767E772E087E99DE40E946D67BD
:1026A0000E941553809170058F5F80937005809113
:1026B00072058F5F80937205DDCF08950E94AF6A27
:1026C0001092700580917005843028F51092730582
:1026D00083E39EE30E94486763E072E08DE99DE436
:1026E0000E946D676DE171E087E99DE40E946D676E
:1026F00061E871E081E49DE40E946D670E941553DA
:10270000809170058F5F80937005809172058F5F57
:1027100080937205D7CF08958091E403811103C09F
:1027200082E00C94915381E0FCCF8EEC9EE00F94FC
:1027300036BA60E0813009F061E08EEC9EE00D94E5
:102740005ABA6091380281E068276093380287E8BE
:102750009FE00F945ABA80913802811102C0109202
:102760004204089586ED9EE00F9436BA61E082300F
:1027700009F062E086ED9EE00D945ABACF93DF93A4
:10278000CDB7DEB72F970FB6F894DEBF0FBECDBF23
:10279000FC01DE01119690E09D01849141E0490F1A
:1027A000882329F08D933196942F4D30B1F7F9019C
:1027B000E90FF11D8AE380839F5FF901E90FF11DA5
:1027C00080E29E3019F081939F5FFBCF1F867F933D
:1027D0006F933F932F938FE290E69F938F930E9486
:1027E0004A600F900F900F900F900F900F902F96C0
:1027F0000FB6F894DEBF0FBECDBFDF91CF91089525
:10280000109238040E949B61E2E2F4E0428153811D
:102810002CE3249FC001259F900D11249F938F933B
:1028200086E79EE39F938F9340815181249FC0014F
:10283000259F900D11249F938F9381E89EE39F9392
:102840008F9383E99FE59F938F930E944A608DB792
:102850009EB70A960FB6F8949EBF0FBE8DBF0C941C
:10286000A96A109238040E949B616091090E7091D0
:102870000A0E80910B0E90910C0E0F94CFBC8BE73B
:102880009AE30F94BE1360914C0570914D058091B1
:102890004E0590914F050F94CFBC86E69AE30F94B6
:1028A000BE136091BB067091BC068091BD069091ED
:1028B000BE060F94CFBC88EA9DE40F94BE136091CE
:1028C000F2037091F3038091F4039091F5030F9458
:1028D000CFBC8FEA9CE20F94BE130C94A96ACF92EE
:1028E000DF92EF92FF920F931F93CF93DF9310929B
:1028F00038046091C1067091C206072E000C880B47
:10290000990B0F94C4B420E030EC4FE756E40F94D9
:102910005DBC20E030E040EA50E40F9403B527EDC1
:1029200030E344E45EE30F945DBCEB01182F092F04
:102930006091BF067091C006072E000C880B990BA2
:102940000F94C4B420E030EC4FE756E40F945DBC24
:1029500020E030E040EA50E40F9403B527ED30E387
:1029600044E45EE30F945DBCF62EE72ED82EC92E0C
:102970000E949B61CF92DF92EF92FF920F931F9381
:10298000DF93CF9389E390E69F938F930E944A60F1
:102990008DB79EB70A960FB6F8949EBF0FBE8DBF37
:1029A000DF91CF911F910F91FF90EF90DF90CF902B
:1029B0000C94A96A0F931F93CF93DF93109238045E
:1029C00084E69FE00F9436BAC82F85E69FE00F9407
:1029D00036BAD82F86E69FE00F9436BA182F88E6CD
:1029E0009FE00F9436BA082F0E949B611F920F93AD
:1029F0001F921F9381E69DE49F938F931F92DF9315
:102A000087E69DE49F938F931F92CF9384E79DE485
:102A10009F938F9383E89DE49F938F938AEF9FE525
:102A20009F938F930E944A608DB79EB742960FB6D0
:102A3000F8949EBF0FBE8DBFDF91CF911F910F9174
:102A40000C94A96ACF93DF93109238040E949B6183
:102A50008FEC9EE00F9436BA90E00F94B60EEC0126
:102A600082ED9EE00F9436BA90E00F94B60EDF939D
:102A7000CF9328E23DE43F932F939F938F9387E377
:102A80009DE49F938F9383E89DE49F938F938EEAB9
:102A90009FE59F938F930E944A608DB79EB70C96D7
:102AA0000FB6F8949EBF0FBE8DBFDF91CF910C94EF
:102AB000A96ACF93DF930E949B618BE59FE00F94FF
:102AC00044BAEC018DE59FE00F9444BADF93CF93B5
:102AD0009F938F9386EC9DE49F938F938DE590E673
:102AE0009F938F930E944A608DB79EB708960FB64A
:102AF000F8949EBF0FBE8DBFDF91CF910C94A96A51
:102B0000EF92FF920F931F93CF93DF9310923804AD
:102B10000E949B6183E09FE00F9444BA0F94B60E2D
:102B2000F82EE92E85E09FE00F9444BA0F94B60E7C
:102B3000182F092F81E09FE00F9444BA0F94B60E2E
:102B4000EC018FEF9EE00F9444BA0F94B60EEF9213
:102B5000FF920F931F9321E63DE43F932F93DF9362
:102B6000CF9327E63DE43F932F939F938F9384E782
:102B70009DE49F938F9382E59DE49F938F938AEFCB
:102B80009FE59F938F930E944A608DB79EB74296B0
:102B90000FB6F8949EBF0FBE8DBFDF91CF911F91EE
:102BA0000F91FF90EF900C94A96A0F931F93CF930E
:102BB000DF93109238040E949B6180911A149091C7
:102BC0001B140F94B60E182F092F80ED9EE00F9462
:102BD00044BA0F94B60EEC0183ED9EE00F9444BA14
:102BE0000F94B60E0F931F9328E13DE43F932F936C
:102BF000DF93CF9328E23DE43F932F939F938F93EE
:102C000087E39DE49F938F9382E59DE49F938F9349
:102C10008DEC9FE59F938F930E944A608DB79EB77E
:102C200040960FB6F8949EBF0FBE8DBFDF91CF9137
:102C30001F910F910C94A96AEF92FF920F931F932B
:102C4000CF93DF9380910204882329F09091B702FB
:102C5000923009F06CC181E08093020480915B178F
:102C600080930304882321F084E094E00F94268D60
:102C70000E94AF6A109270058DE9E82E80E6F82E6A
:102C8000CCE6D0E608E014E080917005843008F0CE
:102C900073C11092730583E39EE30E94486780E04E
:102CA00091E60E94486783EF90E60E94486785EEB0
:102CB00090E60E94486785ED90E60E9448678CE6A2
:102CC0009BE40E9448678AE59BE40E94486789E488
:102CD0009BE40E94486784EE94E40E9448678AEC73
:102CE00090E60E94486780EC90E60E94486786EB79
:102CF00090E60E94486784EE94E40E94486784E26C
:102D00009EE40E9448678BEA90E60E94486784EE42
:102D100094E40E94486780911414813009F027C11F
:102D200086E19EE40E94486786EA90E60E94486732
:102D3000809173058150990B20917205281719060F
:102D400049F58091B702882329F16091700586E0EA
:102D50000E94996080911414813009F003C1809120
:102D6000F4139091F5132091F613882309F4FAC017
:102D70001F922F931F929F931F928F93FF92EF9218
:102D80000E944A608DB79EB708960FB6F8949EBF12
:102D90000FBE8DBF80910304882309F440C084EEE8
:102DA00094E40E9448678CE790E60E9448678AE7AF
:102DB00090E60E944867809173058150990B20919D
:102DC00072052817190659F58091B702882339F141
:102DD0006091700582E00E949960809107041F92C3
:102DE0008F93809106041F928F93809105041F9208
:102DF0008F93809104041F928F93DF93CF931F933F
:102E00000F930F944DB988E094E00E9403688DB74A
:102E10009EB70C960FB6F8949EBF0FBE8DBF8091E3
:102E2000C3069091C406A091C506B091C606892B31
:102E30008A2B8B2B09F440C084EE94E40E944867EF
:102E40008DEF9DE40E94486788E790E60E944867FE
:102E5000809173058150990B2091720528171906EE
:102E600059F58091B702882339F16091700582E0AD
:102E70000E9499608091C6061F928F938091C5062B
:102E80001F928F938091C4061F928F938091C306E7
:102E90001F928F93DF93CF931F930F930F944DB98E
:102EA00088E094E00E9403688DB79EB70C960FB639
:102EB000F8949EBF0FBE8DBF84EE94E40E944867D5
:102EC00069E070ED8CEE9DE40E946D6765E972E04B
:102ED0008EED9DE40E946D6768E07EEC82ED9DE4DE
:102EE0000E946D6767E971E086EC9DE40E946D6762
:102EF0006DEA71E089EB9DE40E946D6761EE70E020
:102F000080EB9DE40E946D6769EE71E08DE39BE4C8
:102F10000E9417670E941553809170058F5F809300
:102F20007005809172058F5F80937205ADCE909190
:102F30000304992309F49CCE4091040450910504A4
:102F40006091060470910704452B462B472B09F02E
:102F50008FCE8F5F803119F08093020489CE10925A
:102F6000020486CE8EE09EE40E945C6013CF8EE861
:102F700090E60E9448670ECFDF91CF911F910F918D
:102F8000FF90EF90089580910204811117C00E9474
:102F9000A26181E49DE40E945C608AE30E9460601B
:102FA00061E08AE00E94996088EA9CE00F943EBA52
:102FB0004AE00E94AD6581E0809302040C94A96A06
:102FC0008EE29BE40C9497710E94D66410927C056B
:102FD00020E041E070E060E083EB91E00E94495323
:102FE0001092550410920004089581EF9EE40C9411
:102FF000706FCF93C82F8BEE9EE40E94706F8C2F62
:103000000E945D6E8DE5CF910C945D6ECF93C82FBD
:1030100084EB9EE40E94706F8C2F0E945D6E8DE5A4
:103020000E945D6ECF910D94F5170F931F93CF9370
:10303000DF93EC01CB01BA014A81413029F088F0DD
:10304000423009F14330D1F48B81811125C082E0F7
:103050008A8363E086E99DE50E94ADED85E08B8380
:103060000DC0A90198010F94E7BD18163CF463E068
:10307000888199810E94ADED81E08A83DF91CF91B3
:103080001F910F9108958B81811106C088819981CC
:1030900023E02A8363E0E0CF8150E1CF84E19FE425
:1030A0000E94706F60910F0E7091100E072E000C31
:1030B000880B990B0E94D66E8DE09FE40E94706F82
:1030C0006091C9067091CA06072E000C880B990BF7
:1030D0000E94D66E86E09FE40E94706F6091090E98
:1030E00070910A0E80910B0E90910C0E42E00E949E
:1030F000F26E8FEF9EE40E94706F60914C057091AC
:103100004D0580914E0590914F0542E00E94F26E70
:103110008DE50C945D6E82E00E940E8A9FB7F89454
:10312000E2E0F1E08081846080839FBF2FEF89E639
:1031300098E1215080409040E1F700C000009FB727
:10314000F89480818B7F80839FBF089589EF9EE4F0
:103150000E94706F85EA9DE00F9444BABC0190E034
:1031600080E04AE00E94716E8DE50C945D6E1092D5
:1031700000040895CF930E94AF6A10927005809169
:103180007005843008F0ADC0109273058FE59FE0A4
:103190000F9436BA81110DC00E94B85281110F945C
:1031A000B718809100048A3089F183E39EE30E947E
:1031B00048678091110E882361F16FED70E08DE218
:1031C00092E60E94176763E571E08DE192E60E9446
:1031D00017678FE59FE00F9436BA81110AC080917E
:1031E0000004893031F465E971E08BEA9EE40E94C5
:1031F00017670E941553809170058F5F809370054B
:10320000809172058F5F80937205B9CF87E29FE34B
:10321000CECF0F942713C82F82E092E6CC2311F073
:1032200081E192E667E372E00E946D6787EE91E6C6
:10323000CC2311F086EF91E66BE172E00E946D679E
:103240008BEC91E6CC2311F08BED91E66DE372E00F
:103250000E946D678FEA91E6CC2311F08FEB91E627
:1032600061E772E00E946D6784E991E6CC2311F07A
:1032700083EA91E661E972E00E946D6789E791E671
:10328000CC2311F088E891E667ED71E00E946D674C
:103290008DE591E6CC2311F08DE691E667EE71E0C5
:1032A0000E946D6781E491E6CC2311F081E591E6FF
:1032B0006FEA72E00E946D6785E291E6CC2311F01F
:1032C00085E391E667E072E00E946D678AE091E62F
:1032D000CC2311F089E191E663EE70E00E946D6706
:1032E00078CFCF91089589E0809300040D94BA18A7
:1032F00081E00E9467600F94917A9091FC1393365D
:1033000009F49FEF89130EC086E40E9460600F9459
:10331000917A8F3F29F08F5C0E94606083E008956E
:103320008FE3FACF8F3F89F08F5C0E9460608EE35D
:103330000E9460608091FC13833649F08F3F39F022
:103340008F5C0E94606084E008958FE3EECF8FE38E
:10335000F8CF5F934F937F936F93282F082E000C25
:10336000330B3F938F938AEB9AE49F938F930E9442
:103370004A602DB73EB7285F3F4F0FB6F8943EBF67
:103380000FBE2DBF99E0981B892F0C946760CF93D7
:10339000DF930E949B61C0910F0ED091100E60913F
:1033A000090E70910A0E80910B0E90910C0E0F94E5
:1033B000CFBCAE0182E80F94A91960E08AE00E94B8
:1033C0009960C091C906D091CA06209781F060919A
:1033D0004C0570914D0580914E0590914F050F94CD
:1033E000CFBCAE0180E8DF91CF910D94A9198AE09E
:1033F000DF91CF910C946760109238040F94C71935
:103400004EE45EE461E080E00E94466162E080E0BC
:103410000E94996080910004833071F138F481300A
:1034200050F08DE39EE40E945C6005C0853021F180
:10343000C0F38830B1F30E94F468811109C0809113
:1034400000048150823028F580910818882309F102
:103450008091E403811113C083E00E949153809115
:103460000004823071F0833081F0813091F461E0AA
:1034700088E79BE40C9491878AE29EE4D4CF82E0B3
:10348000ECCF81E080930004F2CF61E084E19EE222
:10349000F1CF08951F920F920FB60F9211240BB621
:1034A0000F922F933F934F935F936F937F938F93DD
:1034B0009F93AF93BF93EF93FF932091D60080919A
:1034C000990590919A05E82FF0E0E456FA4F208391
:1034D0008F5F20919805821708F080E0981317C03D
:1034E0008AE59FE50F941FB9FF91EF91BF91AF91CE
:1034F0009F918F917F916F915F914F913F912F910C
:103500000F900BBE0F900FBE0F901F9018958093D9
:103510009905EACF1F920F920FB60F9211240BB6A6
:103520000F928F939F93EF93FF939FB7F894E2E0EE
:10353000F1E080818B7F80839FBFFF91EF919F910E
:103540008F910F900BBE0F900FBE0F901F9018958C
:103550001F920F920FB60F9211240BB60F928F93FA
:103560009F93EF93FF939FB7F894E2E0F1E080819F
:10357000846080839FBFFF91EF919F918F910F9007
:103580000BBE0F900FBE0F901F9018956F927F92F9
:103590008F929F92AF92BF92DF92EF92FF920F9322
:1035A0001F93CF93DF93CDB7DEB7E0970FB6F894B4
:1035B000DEBF0FBECDBFD82EAE014F5F5F4F60E1C3
:1035C0000E94AD7250E040E060E1CE0101960F94A0
:1035D000DE0E8AE49FE50F941FB99E012F5F3F4FD7
:1035E000590110E000E029E3E22E2FE5F22ED5018B
:1035F0008D915D011F928F931F930F93FF92EF9216
:103600000F94F8B80F5F1F4F0F900F900F900F900F
:103610000F900F900031110551F7098110E05E0104
:10362000B2E0AB0EB11CEE24E394F12CEC0EFD1EC7
:10363000E0E1EE0EF11CE0E021E0D5013D915D01FD
:10364000622F70E0C8010F94FFBA462F431B361754
:1036500010F0432F461B832F90E0423008F047C004
:103660002F5F080F191FAE14BF0439F7AE2EB12C0F
:10367000A1E1B0E0AC0FBD1FAA0DBB1D2C937E01D4
:10368000B1E2EB0EF11CAE0CBF1C622F70E0C80162
:103690000F94FFBAD5016C9311E01E0F8FE29FE5E6
:1036A0000F941FB9FE0171963F01570187E1882EE3
:1036B0008FE5982E8A2D8E19811770F5C5018E1908
:1036C0009F09D5013D915D01F30121913F011F92B9
:1036D0003F931F922F939F938F939F928F920F945C
:1036E000F8B80FB6F894DEBF0FBECDBFE3CF4E2FB4
:1036F00050E0A1E1B0E0AC0FBD1FA40FB51FEF5F1C
:103700002C9321E230E02C0F3D1F420F531FDA01B2
:103710006C938C0121E0A7CFA701612FCE014196C8
:103720000F94DE0EFE01E10FF11D80A1ED2DF0E002
:10373000EF5AFA4F80831F928F9385E09FE59F9306
:103740008F930F94F8B80F900F900F900F90609197
:1037500051058EEF9EE0DD2021F0609152058BEF48
:103760009EE00F945ABA81E0E0960FB6F894DEBF5F
:103770000FBECDBFDF91CF911F910F91FF90EF90C2
:10378000DF90BF90AF909F908F907F906F90089543
:10379000813049F028F0823041F0833041F00895C3
:1037A00081E086B9089582E0FCCF84E0FACF88E01A
:1037B000F8CF8130D1F048F0823021F1833079F1B7
:1037C0008BE490E00197F1F708959FB7662341F0ED
:1037D000F89480910B01816080930B019FBFF0CF23
:1037E000F89480910B018E7FF7CF9FB7611105C0D0
:1037F000F89480910B018260EFCFF89480910B01D7
:103800008D7FEACF9FB7662329F0F89480910B0152
:103810008460E2CFF89480910B018B7FDDCF9FB75E
:10382000611105C0F89480910B018064D5CFF894A4
:1038300080910B018F7BD0CFCF92DF92EF92FF92DE
:103840000F931F93CF93DF93182FF62EEA010CE509
:103850000CBD1DBC0F943A0F8F2D0F94550F80E0B7
:103860000F94550F80E00F94550F80E00F94550F83
:1038700080E00F94550F812F0F941F0F0CBD1DBCBE
:10388000812F0F943A0F80E00F94550F082F80E09E
:103890000F94550F90E0B0E0A0E0CC24D82EE92E94
:1038A000FA2E80E00F94550FC82AFE2CED2CDC2C4C
:1038B000CC2480E00F94550FC82AFE2CED2CDC2C74
:1038C000CC2480E00F94550FC82A812F0F941F0F2E
:1038D000C882D982EA82FB82802FDF91CF911F912B
:1038E0000F91FF90EF90DF90CF900895EF92FF92AD
:1038F0000F931F93CF93DF93C82FE62ED22F132F52
:10390000042FF52E8CE58CBD1DBC8C2F0F943A0F27
:103910008E2D0F94550F8F2D0F94550F802F0F94D0
:10392000550F812F0F94550F8D2F0F94550F8C2FFE
:10393000DF91CF911F910F91FF90EF900D941F0F8A
:10394000CF93DF9300D01F92CDB7DEB719821A82D2
:103950001B821C82AE014F5F5F4F6AE60F941C1CF6
:1039600089819A8193700F900F900F900F90DF9143
:10397000CF910895FF920F931F93CF93DF93F82E6B
:10398000EA01E82FF0E083E0F89E80011124035A59
:103990001D4FD8018C9130E0377F3F7E3F7D3F7BCC
:1039A00040E080FB41F94370562F5F7050625F7BAF
:1039B0005F7781E0611101C080E080FB54F9BF01B5
:1039C000660F771FFB01ED55FD4F2081922F991F48
:1039D0009927991F81818770880F892B80FB27F990
:1039E00086958770387F382B6C557D4FFB01808121
:1039F00086958695869580FB37F981FB40F96CEEBC
:103A00008F2D0F94761C209709F4E80119818A8183
:103A1000C12F811708F4C82F181740F483E695E7E3
:103A20000E94706F84E99AE40E9497712C2F2F7185
:103A3000312F3F714FE050E060E98F2DDF91CF9142
:103A40001F910F91FF900D94761CE82FF0E098E005
:103A5000769567956115710511F09150F9CFED5A82
:103A6000FA4F908350E040E0692F0D94BA1C0F93F9
:103A70001F93CF93DF93C82F082F10E0F801ED5A62
:103A8000FA4F50E040E060810F94BA1C20E030E033
:103A9000A90161E98C2F0F94761CD091E306C23006
:103AA000E1F520E030E044E051E06DEE82E00F947B
:103AB000761C24EF31E040E050E0D13019F420E0F2
:103AC00030E0A90164E982E00F94761C24E831E03B
:103AD00040E050E0D13021F424E030E040E050E01C
:103AE00060E882E00F94761C28EC34E046E050E079
:103AF00060EF82E00F94761C20EF3FEF4FE050E044
:103B0000D13019F420E030E0A90163E982E0DF91CF
:103B1000CF911F910F910D94761CF801E75EFC4F39
:103B2000208130E050E040E0A90133272227516096
:103B30006DEE8C2F0F94761C20E030E0A901D1307F
:103B400061F02EEA31E0C23030F024EF31E0C230D3
:103B500011F030E020E050E040E064E98C2F0F9459
:103B6000761C20E831E040E050E0D13021F424E040
:103B700030E040E050E060E88C2F0F94761C000F9E
:103B8000111F000F111FF801E75FFC4F20813181E9
:103B90004281538160EF8C2F0F94761C20E030E03F
:103BA000A90163E98C2FB3CF1F93CF93DF9380914B
:103BB000A8061F928F938FEC9EE59F938F930F948F
:103BC000F8B88091A80683700F900F900F900F9017
:103BD00011F00F946E8F1091A806112371F0D1E0AF
:103BE000C0E0812F8D2319F08C2F0F94371DCF5FEC
:103BF000DD0FC330B1F71092A80610926B05DF916C
:103C0000CF911F910895DF92EF92FF920F931F9330
:103C1000CF93DF9300D0CDB7DEB7D82E1F928F930E
:103C200089EA9EE59F938F930F94F8B88D2D83704A
:103C30000F900F900F900F9011F00F946E8F10E077
:103C400000E0FF24F394E02E8D2D8F2109F446C06F
:103C50008091A8068F298093A80620E030E0A90172
:103C600060E8802F0F94761CF801E75EFC4F2081FE
:103C700030E050E040E0A901332722276DEE802F8D
:103C80000F94761C82E024EF31E0081711F02EEA41
:103C900031E050E040E064E98E2D0F94761CB801CD
:103CA000660F771F600F711F6356714A43E050E043
:103CB000CE0101960F94D0B7AE014F5F5F4FF80170
:103CC000ED5AFA4F60818E2D0F94BA1C20E831E036
:103CD00040E050E060E88E2D0F94761CFF0C0F5FE3
:103CE0001F4F0330110509F0AECF0F900F900F90CA
:103CF000DF91CF911F910F91FF90EF90DF9008958A
:103D000089E69FE00F9436BA91E0811101C090E0FE
:103D100090935C020895CF93C82FA09AA29A9FB760
:103D2000F894809108018062809308019FBF9FB73B
:103D3000F894809108018061809308019FBF989A50
:103D40009A9A809107018062809307018091070110
:103D5000806180930701809107018B7F8093070129
:103D6000809107018F7780930701809107018F7BF6
:103D70008093070180910701877F809307019FB798
:103D8000F894809108018460809308019FBF9FB7D9
:103D9000F894809108018068809308019FBF9FB7C5
:103DA000F894809108018064809308019FBF9FB7B9
:103DB000F894809108018860809308019FBF80E09B
:103DC0000F94371D81E00F94371D82E00F94371D4B
:103DD00050E040E06091560583E00F94BA1C20E06B
:103DE00030E0A90161E983E00F94761CC1FD1DC09C
:103DF00020E831E040E050E060E883E00F94761C7A
:103E00006091570580E00F94E28F6091580581E042
:103E10000F94E28F6091590582E00F94E28F6091D8
:103E20005A0583E0CF910D94E28F20E030E043E02B
:103E300050E06DEE83E00F94761C20E030E0A901A5
:103E400064E983E00F94761C24E030E040E050E029
:103E500060E883E00F94761C2BE234E542E050E00A
:103E600060EF83E00F94761C23E931E040E050E0FE
:103E700063E983E00F94761C8DE79EE50E949771BD
:103E8000BFCFFC0120819281492F50E0211102C057
:103E9000440F551F8181211101C0880F8417150619
:103EA00031F02CF0892F211102C0880F0895089558
:103EB0003FB7F8948091A4069091A506A091A6061C
:103EC000B091A7062091B200B89B05C02F3F19F012
:103ED0000196A11DB11D3FBFBA2FA92F982F88278A
:103EE000BC01CD01620F711D811D911D42E0660F65
:103EF000771F881F991F4A95D1F708958F929F9237
:103F0000AF92BF92CF92DF92EF92FF926B017C0152
:103F10000F94581F4B015C01C114D104E104F1045A
:103F2000B9F00F94581F681979098A099B09683EEE
:103F300073408105910580F321E0C21AD108E108A0
:103F4000F10888EE880E83E0981EA11CB11CE4CF16
:103F5000FF90EF90DF90CF90BF90AF909F908F90A9
:103F600008952FB7F8946091A0067091A1068091F2
:103F7000A2069091A3062FBF089520E030E040E80C
:103F80005FEB60E070E0CB010E94D8888EE19BE49B
:103F90000E94977181E0809340048091F603813004
:103FA00069F482E08093F6030F94B11F6093B70623
:103FB0007093B8068093B9069093BA0682E0809316
:103FC0000D0E0D94E417FF920F931F93CF93DF9381
:103FD000FC01F080F11008C0F12C8F2DDF91CF9102
:103FE0001F910F91FF9008958B01EC010F94B11F69
:103FF00089819A81080F191F0817190740F0601767
:10400000710718F46817790738F71882E6CF601738
:104010007107C0F7E1CFFC01208121110D94E31F4E
:1040200081E00895CF93DF93EC010F94B11F7A8361
:10403000698381E08883DF91CF9108951F93CF93A7
:10404000DF9300D0CDB7DEB7182F19821B821A82FA
:10405000CE0101960F9412208091BC0087FD0AC00A
:104060006AE070E0CE0101960F94E31F8823A1F36C
:1040700082E009C08091B900887F181759F084E95F
:104080008093BC0081E00F900F900F90DF91CF9153
:104090001F91089580E0F7CF1F93CF93DF9300D057
:1040A0001F92CDB7DEB768EE73E089EA96E00F9411
:1040B0000B20882391F110E019821A821B821C8246
:1040C000AE014F5F5F4F6FE6812F0F941C1C8981FB
:1040D0009A81AB81BC81B2FF19C080E89AE40E944A
:1040E000706F812F0E945D6E0E94686F10E020E06B
:1040F00030E041E050E06CEE812F0F94761C1F5FA2
:104100001430A9F780E89AE40E944E721F5F1430C1
:1041100099F689EA96E00F9412200F900F900F9075
:104120000F90DF91CF911F9108958F929F92AF9240
:10413000BF92CF92DF92EF92FF921F93CF93DF93C4
:10414000FC01108111110EC010E0812FDF91CF9181
:104150001F91FF90EF90DF90CF90BF90AF909F9016
:104160008F9008956A017B01EC010F94B11F4B0100
:104170005C0189819A81AB81BC81C80ED91EEA1E7F
:10418000FB1EC816D906EA06FB0660F08C149D04D7
:10419000AE04BF0428F488169906AA06BB06A0F64A
:1041A0001882D3CF8C149D04AE04BF04A0F7CCCFEB
:1041B0000F931F93CF9380913F04882309F446C047
:1041C0008091B0068F5F8E30B0F48093B00663E0CC
:1041D00087E00E9499608DE00E946760C0E0809156
:1041E000B006C81758F44EE263E087E08C0F0E94D7
:1041F0005261CF5FF4CF1092B006E9CF80913F04B7
:104200008230C1F040F440E15DE48130C1F0CF91F3
:104210001F910F910895833081F04DEE5CE484305E
:10422000B1F763E080E00E94466110923F04109273
:10423000B006EDCF42E05DE4F4CF46EF5CE463E02E
:1042400080E0CF911F910F910C9446618091EA1408
:10425000882361F180911D07811128C080912E046F
:10426000823020F580919205811116C08091011550
:10427000882309F435C081E095E12091130E64E1B3
:10428000820F911D0E949B6781112DC08091130E9A
:104290008F5F8093130EBBCF40E25EE460E070E07E
:1042A00082E995E00F9495208111E0CF80911D0760
:1042B00081111CC0E0911D07EA3008F0A8CFF0E0A2
:1042C0008827EA59FE4D8E4F0D9446BBCF01DF0182
:1042D000CF01830227028701CF01CF014702CF011F
:1042E0008CEE94E1CACF1092130E91CF809192057B
:1042F000882301F30F94B11F009193051091940549
:104300002091950530919605601B710B820B930BE4
:10431000603A7F408105910568F679CF63E080912E
:104320007C050E94996080917C05C4E16C2F681B1C
:1043300090E083589A4F0E949B67C81BC0937C05EE
:1043400066CF809154048B30F0F063E080E00E94EF
:10435000996084E10E9467604FED5CE463E080E077
:104360000E94466186E89FE50E945C60609154046B
:104370006A50770B072E000C880B990BCF911F9179
:104380000F910C941266833031F488E69DE60E940A
:10439000EDED10921D07809154048450873008F091
:1043A00036CF63E080E00E94996083E10E946760FD
:1043B0004EEC5CE463E080E00E944661809154042E
:1043C00081508093540423CF64E18DE795E00E94EF
:1043D0009B672091AE063091AF068091AC0690911C
:1043E000AD06821793070CF412CF809154048823F2
:1043F00009F40DCF63E08AE00E9499608091AD06D8
:104400008F938091AC068F938091AF068F938091AC
:10441000AE068F938DE79FE59F938F930E944A602E
:104420000F900F900F900F900F900F90F0CE63E0D1
:1044300080E00E949960809154041F928F938DE4D4
:104440009BE39F938F938FE69FE5E6CF40EC5CE480
:1044500063E080E00E94466180915404893708F04F
:10446000D6CE8CE69FE50E945C60809154040E9449
:10447000D96480E2CF911F910F910C94D96441EBE4
:104480005CE4DDCECF93DF93EC010F94B11F698321
:104490007A838B839C8381E08883DF91CF91089519
:1044A000CF92DF92FF920F931F93CF93DF93CDB7FD
:1044B000DEB764970FB6F894DEBF0FBECDBF8C0198
:1044C000F62E60E87DE5CE0101960F94EDB7B801B8
:1044D000CE0101960F94D9B783E00E9497ED88230F
:1044E000E1F0BE016F5F7F4F8DE795E00F9498C0BC
:1044F0006C0182E995E00F94422283E080932E04C0
:1045000010921D0710925404CD2839F060E0CE01BE
:1045100001960E947CED0F94E4178BE395E70E94CF
:10452000706F81E0F81649F060E070E0CB010E9406
:10453000D66E8DE79DE50E94706F86E69DE50E9430
:10454000706FC8010E94706F8AE59DE50E949771A7
:1045500064960FB6F894DEBF0FBECDBFDF91CF914A
:104560001F910F91FF90DF90CF9008951F920F92AF
:104570000FB60F9211242F933F938F939F93AF9376
:10458000BF938091A0069091A106A091A206B09140
:10459000A30630919F0623E0230F2D3758F501968F
:1045A000A11DB11D20939F068093A0069093A106A4
:1045B000A093A206B093A3068091A4069091A506AD
:1045C000A091A606B091A7060196A11DB11D8093EA
:1045D000A4069093A506A093A606B093A706BF9144
:1045E000AF919F918F913F912F910F900FBE0F90A0
:1045F0001F90189526E8230F0296A11DB11DD2CF5A
:104600002F923F924F925F926F927F928F929F92E2
:10461000AF92BF92CF92DF92EF92FF920F931F93D0
:10462000CF93DF9300D000D01F92CDB7DEB79C832D
:104630008B830D8326013701FB0120833183428365
:104640005383209140133091411340914213509174
:10465000431361E77DE38AE89EE30F945DBC6093BA
:104660009713709398138093991390939A1321E75B
:104670003DE34AE85EE360918E1370918F13809161
:104680009013909191130F9403B560939B137093C3
:104690009C1380939D1390939E1321E73DE34AE87A
:1046A0005EE36091921370919313809194139091B3
:1046B00095130F9403B560939F137093A013809389
:1046C000A1139093A21380914813909149136EE027
:1046D00071E00F94FFBA60932A13EAE0F3E180E0FF
:1046E00090E0A0ECBFE781939193A193B19323E174
:1046F000EA32F207C1F710922B1310922C1310928A
:104700002D1310922E1310922F1380933013909329
:104710003113A0933213B0933313809196138E7F8D
:10472000809396138EE197E09F838E83E1E0F0E023
:10473000FA83E983312C212C812C912C540129817D
:104740003A818B819C8128173907C8F5EE81FF815A
:104750002581368147815085830172016D81818574
:104760000E9409E1C0902C13D0902D13E0902E13DD
:10477000F0902F13A7019601C701B6010F946CBFEB
:10478000811111C0A7019601C701B6010F9403B5AD
:104790009B01AC01C501B4010F945EBB4B015C01F0
:1047A000FFEF2F1A3F0A29813A812F5F3F4F3A834B
:1047B00029838E819F8105969F838E83C0CF60E081
:1047C00070E080EC9FE72114310459F0B10190E0D2
:1047D00080E00F94C2B49B01AC01C501B4010F94F9
:1047E0005DBC27960FB6F894DEBF0FBECDBFDF913C
:1047F000CF911F910F91FF90EF90DF90CF90BF90DE
:10480000AF909F908F907F906F905F904F903F9070
:104810002F900895CF93C82F0E94FF6BC09343043D
:10482000C0930A05CF910895CF92DF92EF92FF9245
:104830000F931F93CF93DF9383E695E70E94706FEA
:1048400085E29EE50E949771CAE4D3E110E000E0A2
:1048500083E6E82E85E7F82E91E1C92E9EE5D92E54
:10486000888199812A813B8124963F932F939F933E
:104870008F931F930F93FF92EF92DF92CF920F943B
:10488000F8B80F5F1F4F8DB79EB70A960FB6F89412
:104890009EBF0FBE8DBF0031110511F780918D13A2
:1048A0008F9380918C138F9380918B138F93809132
:1048B0008A138F93809191138F93809190138F938C
:1048C00080918F138F9380918E138F938091951386
:1048D0008F93809194138F93809193138F938091F2
:1048E00092138F9380913D021F928F9380917B054D
:1048F0001F928F93809149138F93809148138F93C8
:10490000809147138F93809146138F938091451325
:104910008F93809144138F93809143138F93809151
:1049200042138F93809141138F93809140138F9303
:1049300080913F138F9380913E138F9380913D130D
:104940008F9380913C138F9380913B138F93809131
:104950003A138F93809139138F93809138138F93EB
:10496000809137138F93809136138F9380913513F5
:104970008F93809134138F93FF92EF928BEC9DE590
:104980009F938F930F94F8B88DB79EB78A960FB602
:10499000F8949EBF0FBE8DBFDF91CF911F910F91F5
:1049A000FF90EF90DF90CF90089589579F4F6EE072
:1049B00071E00F94FFBA6115710599F069307105C6
:1049C00010F068E070E02EE031E0629FC001639F6C
:1049D000900D729F900D112490934913809348136A
:1049E000089561E070E0EFCFCF93DF9320E030E0F7
:1049F000A901609134137091351380913613909111
:104A000037130F94E7BD18160CF054C0609138139B
:104A10007091391380913A1390913B139B01AC0133
:104A20000F946CBF811146C060913C1370913D138F
:104A300080913E1390913F139B01AC010F946CBF8A
:104A4000811138C020E030E0A901609140137091DD
:104A5000411380914213909143130F94E7BD1816B0
:104A60004CF56091441370914513809146139091D9
:104A700047139B01AC010F946CBF81111BC0809147
:104A8000481390914913892BA9F0CAE4D3E16991A5
:104A900079918991999120E030E0A9010F94E7BDC7
:104AA00087FD08C083E1CA38D80789F781E0DF9124
:104AB000CF91089580E0FBCF0F94F424811102C0C0
:104AC00010927B0581E08093961380919E068D7FE6
:104AD00080939E060895CF931092100E10920F0EA1
:104AE0001092CA061092C906CFB7F8940F941E12FE
:104AF0000F945B0F75981092E406CFBFCF91089585
:104B00000F946B25109243040D94E4171F93CF93D9
:104B1000DF93C82F162FD42F8091790580FD18C000
:104B20008091020E811114C08091C90680931306F2
:104B3000E62FF0E0EE0FFF1FE15FF14F80819181E2
:104B4000909312068093110680914304809310067F
:104B50000F946B250E94FF6B83E00E94796C80911B
:104B600001018860809301018FEF80930A05809393
:104B700043048091790580FF07C080917905829573
:104B800086958770D817C0F4C370CC0FCC0F809176
:104B90007905837F8C2B809379058091790510FBB3
:104BA00084F980937905D295DD0FD07E4091790507
:104BB0004F714D2B409379058091790581608093E9
:104BC000790580917905826080937905DF91CF9195
:104BD0001F91089520916E0630916F0680915202C8
:104BE00090915302281739072CF041E060E081E0F2
:104BF0000D9486250895209170063091710680915C
:104C0000540290915502281739072CF041E060E0DA
:104C100080E00D94862508952F923F924F925F92E7
:104C20006F927F928F929F92AF92BF92CF92DF92BC
:104C3000EF92FF920F931F93CF93DF93CDB7DEB721
:104C40002C970FB6F894DEBF0FBECDBF282E498338
:104C50005A836B837C83280139013A2C0F94B11F4E
:104C6000022D10E09801220F331F220F331F3C87C3
:104C70002B87F901E25DF94F80809180A280B3809B
:104C8000681979098A099B09613D77408105910579
:104C900008F4EAC0332009F475C088E691E09A87E9
:104CA000898780E090E0A0EAB0E48D839E83AF83A3
:104CB000B8870F94B11FEB85FC85E25DF94F6083E7
:104CC00071838283938320E030E0A901C701B6019C
:104CD0000F9453BC811107C0F801EE0FFF1FE65D72
:104CE000F94F11821082AB85BC85AE5DB94F5D0175
:104CF00029813A814B815C816D917D918D919C914F
:104D00000F9453BC882309F491C020E030E0A9013E
:104D100069817A818B819C810F94E7BDF801E05E07
:104D2000F94F1816C4F581E0808389819A81AB819F
:104D3000BC81F50180839183A283B383EB85FC85DD
:104D4000E85EF94F4082518262827382F801EA5E26
:104D5000F94F1082A3019201BC01CD010F94E7BD70
:104D600018161CF5F801EA5EF94F80818F5F808389
:104D70003110C7C08930C8F0812C912CA12C50E48F
:104D8000B52EE8C0ADE2B0E0BA87A98780E090E038
:104D9000A0E7B1E48ACF108289819A81AB81BC817E
:104DA000F50180839183A283B3832D813E814F815E
:104DB000588569817A818B819C810F945DBBA301A9
:104DC00092010F9453BC87FF46C0F801E05EF94F93
:104DD0008081813049F482E08083F801EE0FFF1F6B
:104DE000E65DF94F1182108220E030E0A901C70191
:104DF000B6010F94E7BD1816BCF529813A814B81A5
:104E00005C816D817E818F8198850F945EBBA3014B
:104E100092010F94E7BD18160CF03FC0000F111F50
:104E2000F801E65DF94F118210821EC0A3019201C4
:104E300069817A818B819C810F94E7BD18160CF0F3
:104E4000B4CFF801E05EF94F8081813009F0ADCF39
:104E500089CF108297C020E030E0A901C701B601D8
:104E60000F94E7BD1816CCF02C960FB6F894DEBF61
:104E70000FBECDBFDF91CF911F910F91FF90EF90AB
:104E8000DF90CF90BF90AF909F908F907F906F906A
:104E90005F904F903F902F900895F801E05EF94F9A
:104EA0008081823008F3000F111FF801E65DF94F91
:104EB00080819181019691838083880F991FE98574
:104EC000FA85E817F90780F643E0622D832D2C96CA
:104ED0000FB6F894DEBF0FBECDBFDF91CF911F910B
:104EE0000F91FF90EF90DF90CF90BF90AF909F9089
:104EF0008F907F906F905F904F903F902F900D9488
:104F00008625813108F451CF20E030E044EB52E4B3
:104F1000C301B2010F94E7BD812C912CE0E4AE2EC9
:104F2000BA2C18162CF4812C912CA12C70E4B72EDD
:104F300020E030E042ED52E4C301B2010F94E7BD3E
:104F4000181644F46AE9862E69E9962E69E1A62EC0
:104F50006FE3B62EEB85FC85E85EF94F2081318149
:104F600042815381C301B2010F945DBBA50194013D
:104F70000F9453BCF801EC5EF94F87FF6ACF808134
:104F80008F5F8083808190E0311004C006974CF0E1
:104F900080E003C004972CF081E042E0622D0F9482
:104FA00086252B853C85285E394FD9014D925D922F
:104FB0006D927C921397F801EA5EF94F1082F5CE5C
:104FC000FC019FB7F8948081882329F080917300B9
:104FD0008260809373009FBF0895DC012FB7F8941F
:104FE000E3E7F0E09081969591709C9380818D7FAE
:104FF00080832FBF0895CF93DF931F92CDB7DEB785
:10500000CE0101960F94ED2780E090E0A8E1B2E494
:105010008093341390933513A0933613B0933713C2
:10502000109238131092391310923A1310923B13C6
:1050300080E090E0A0E8BFE380933C1390933D13A1
:10504000A0933E13B0933F138AE999E9A1E4B1E438
:105050008093401390934113A0934213B093431352
:1050600088EB9EE1A5E8BDE380934413909345133C
:10507000A0934613B093471380E798E090934913A9
:10508000809348138DE39EE5AAE4B3E1FC014591CA
:105090005591659174914D935D936D937D930496B5
:1050A00023E1AA38B20791F780E090E0A0EEB0ECDF
:1050B00080938A1390938B13A0938C13B0938D13CA
:1050C0008AE999E9A9E9BFE380938E1390938F133E
:1050D000A0939013B093911382E598EBAEEDBFE3EC
:1050E0008093921390939313A0939413B09395137A
:1050F00081E080933D0280937B058093961380919D
:105100009E068D7F80939E06CE0101960F94E02728
:105110000F90DF91CF9108951F93CF93DF931F924C
:10512000CDB7DEB7182FCE0101960F94ED2710935F
:105130007B050F945C25CE0101960F94E027112387
:1051400041F080917B05811104C085EA9DE50E94B4
:1051500097710F90DF91CF911F9108951F93CF9377
:10516000DF931F92CDB7DEB7182FCE0101960F94B3
:10517000ED2710937B0581E080939613EEE9F6E02E
:1051800080818D7F8083CE0101960F94E0270F9060
:10519000DF91CF911F910895CF93DF931F92CDB7E9
:1051A000DEB7CE0101960F94ED27809175059091A1
:1051B0007605A0917705B09178058093090E9093BC
:1051C0000A0EA0930B0EB0930C0E80917E06909168
:1051D0007F06A0918006B091810680934C05909344
:1051E0004D05A0934E05B0934F05809168069091B0
:1051F0006906A0916A06B0916B068093F2039093C2
:10520000F303A093F403B093F50380918506909186
:105210008606A0918706B09188068093BB0690937E
:10522000BC06A093BD06B093BE068091790581119E
:1052300002C00F941E1210926706CE0101960F94C1
:10524000E0270F90DF91CF9108951F920F920FB634
:105250000F9211240BB60F92FF920F931F932F936F
:105260003F934F935F936F937F938F939F93AF93EE
:10527000BF93CF93DF93EF93FF93809170008B7F69
:105280008093700078948091000186FDC8C068EC1E
:1052900070E084E496E00F940B208823B9F084E456
:1052A00096E00F9412208FE396E00F9442228091B3
:1052B0003E068111A5C080913D068111A1C08AE3FF
:1052C00096E00F94122081E080933E0680910301C6
:1052D00082FB882780F991E089279091030191FF53
:1052E0008260E0913706E817E1F024E0E29FF001E8
:1052F0001124E82BEA57F24AE49190913606E90F1F
:10530000E09336060E2E000CFF0BF7FF03C0F1955D
:10531000E195F10934971CF091E090933806809361
:1053200037068091A202811108C080917405809394
:105330004D06882309F487C0759A8091A2028F7068
:10534000A9F480910A0590E024E0959587952A9527
:10535000E1F780930905892B09F477C09FB7F8948A
:10536000809102018860809302019FBF90914D0659
:105370008091A202981708F475988091A2028F700C
:1053800090910905981740F49FB7F8948091020115
:10539000877F809302019FBF8091A2028F5F8F77EA
:1053A0008093A20210E000E0E801CC0FDD1FC6519F
:1053B000DC4F88819981181619060CF04CC0FFB695
:1053C000F89461E0802F0F942F12888199810197C2
:1053D00099838883FFBE0F5F1F4F0330110521F7AC
:1053E00080914A1890914B18A0914C18B0914D188B
:1053F000823A924AA105B105D9F181E00E9478571D
:1054000068EE73E08AE396E00F94E31F882309F4C3
:105410005DCF81E080933D068093390657CF809120
:105420003E06882309F452CF10923E0680913D0635
:10543000811103C081E08093010481E080933806EC
:1054400010923D0643CF759878CF9FB7F89480911E
:105450000201877F88CF892B09F4BDCFFFB6F8946E
:1054600060E0802F0F942F12888199810196B0CF30
:105470009CB180914B0696FB992790F9981791F073
:105480009091C806992351F0209147063091480623
:105490002F5F3F4F309348062093470691E08927BE
:1054A00080934B06F8948091700084608093700024
:1054B000FF91EF91DF91CF91BF91AF919F918F912C
:1054C0007F916F915F914F913F912F911F910F911C
:1054D000FF900F900BBE0F900FBE0F901F9018956E
:1054E0004F925F926F927F92AF92BF92CF92DF9274
:1054F000EF92FF920F931F93CF93DF9324E030E05E
:1055000041E050E0D901A85EB34AFD016591749174
:10551000861797070CF066C041505109440F551F7C
:10552000440F551FEA01C65ED34AFE01059114914E
:10553000485E534AFA0165917491F901E65EF34AB7
:10554000E590F490FE01C590D490FD01C591D491F1
:10555000FA01A590B490861B970BBC01990F880B9C
:10556000990B0F94C4B42B013C01B7016C197D0950
:10557000072E000C880B990B0F94C4B49B01AC014F
:10558000C301B2010F9403B56B017C01BE016A191E
:105590007B09072E000C880B990B0F94C4B49B0158
:1055A000AC01C701B6010F945DBC6B017C01B80171
:1055B000110F880B990B0F94C4B49B01AC01C70168
:1055C000B6010F945EBBDF91CF911F910F91FF90B9
:1055D000EF90DF90CF90BF90AF907F906F905F90F3
:1055E0004F9008954F5F5F4F2C5F3F4F2838310534
:1055F00009F088CFEEE9FCE565917491072E000C67
:10560000880B990B0F94C4B4DECF4F925F926F92C8
:105610007F92AF92BF92CF92DF92EF92FF920F9361
:105620001F93CF93DF9324E030E041E050E0D901B5
:10563000AC5DB44AFD0165917491861797070CF033
:1056400080C041505109440F551F440F551F8A0116
:105650000A5D144AF801C590D4904C5D544AFA0191
:1056600065917491F901EA5DF44AC591D491F8010C
:1056700005911491FD01E590F490FA01A590B49084
:10568000861B970BBC01990F880B990B0F94C4B420
:105690002B013C01BE01601B710B072E000C880B17
:1056A000990B0F94C4B49B01AC01C301B2010F94D8
:1056B00003B52B013C01B7016A197B09072E000CC9
:1056C000880B990B0F94C4B49B01AC01C301B201C8
:1056D0000F945DBC2B013C01B601DD0C880B990BCE
:1056E0000F94C4B49B01AC01C301B2010F945EBB23
:1056F0006B017C0120E030E040E252E4C701B601DA
:105700000F94E7BD87FD30C020E030E048E452E46C
:10571000C701B6010F9453BC181634F120E030E0F5
:1057200040E252E4C701B6010F945DBB20E030E0D7
:1057300040E05FE30F9403B59B01AC01C701B601E4
:1057400043C04F5F5F4F2C5F3F4F243F310509F04F
:105750006ECFE6E1FCE565917491072E000C880B95
:10576000990B0F94C4B4C4CF20E030E048E452E475
:10577000C701B6010F94E7BD1816DCF520E030E054
:1057800048EC52E4C701B6010F9453BC18168CF1D3
:1057900020E030E040EA50E4C701B6010F945EBB60
:1057A0002B013C0120E030E048E452E4C701B6019F
:1057B0000F945DBB2DEC3CEC4CEC5DE30F9403B51A
:1057C0009B01AC01C301B2010F945EBB6B017C0174
:1057D000C701B601DF91CF911F910F91FF90EF901C
:1057E000DF90CF90BF90AF907F906F905F904F9081
:1057F000089520E030E048EC52E4C701B6010F9470
:10580000E7BD18162CF720E030E040E251E496CFD7
:105810004F925F926F927F92AF92CF92DF92EF9210
:10582000FF920F931F93CF93DF9380917006909117
:1058300071060F946CAA609375057093760580933A
:1058400077059093780560906E0670906F06C3019F
:105850000F94052B6B017C01C0927E06D0927F06CF
:10586000E0928006F092810680916C0690916D0620
:105870000F94052B609368067093690680936A06FF
:1058800090936B06C0917A06D0917B06CE010F945F
:10589000702A60938506709386068093870690939E
:1058A000880681E080936706809179058D7F8093DB
:1058B00079052091700630917106809105059091CF
:1058C0000605821793072CF040E060E080E00F941B
:1058D00086258091030590910405861597052CF087
:1058E00040E060E081E00F94862580910105909171
:1058F00002058C179D072CF040E060E082E00F94D9
:1059000086258091500290915102C817D9072CF03A
:1059100041E060E082E00F948625C13ADE430CF45A
:10592000CDC1609107057091080580918306909123
:105930008406681779070CF055C0C0917906C1112B
:1059400018C06B5F7F4F072E000C880B990B0F94CC
:10595000C4B49B01AC01C1E06091750570917605FE
:1059600080917705909178050F94E7BD18160CF09B
:10597000C0E0C093790668E97AE386E796E00F9481
:105980000B20811102C0CC2329F081E0809379069D
:105990000F94FB2580917C0690917D060B974CF12E
:1059A000C0917506C1110CC0C1E020E030E040E7B5
:1059B00051E4C701B6010F94E7BD18160CF0C0E022
:1059C000C093750660E573EC82E796E00F940B20B8
:1059D000811102C0CC2399F081E0809375060F9469
:1059E000EA250DC086E796E00F9412201092790602
:1059F000D1CF82E796E00F94122010927506609145
:105A0000740570E090E080E00F94C2B46B017C01FB
:105A100040907505509076056090770570907805F8
:105A20006091830670918406072E000C880B990BF9
:105A30000F94C4B4AB01BC01A12C9301820181E09D
:105A40000F940C266091820670E090E080E00F9445
:105A5000C2B46B017C0140907E0650907F0660903E
:105A600080067090810660917C0670917D06072EFD
:105A7000000C880B990B0F94C4B4AB01BC01AA2491
:105A8000A3949301820180E00F940C2680917B0502
:105A9000882309F4BCC0C0917405D09109054090D9
:105AA0007505509076056090770570907805C090E8
:105AB0008506D0908606E0908706F0908806809153
:105AC000961380FF72C02091401330914113409192
:105AD00042135091431361E77DE38AE89EE30F94FC
:105AE0005DBC609397137093981380939913909370
:105AF0009A1321E73DE34AE85EE360918E137091CB
:105B00008F1380919013909191130F9403B560932C
:105B10009B1370939C1380939D1390939E1321E786
:105B20003DE34AE85EE36091921370919313809194
:105B30009413909195130F9403B560939F137093F2
:105B4000A0138093A1139093A21380914813909176
:105B500049136EE071E00F94FFBA60932A13EAE0F4
:105B6000F3E18AE293E140E050E060EC7FE74193AB
:105B70005193619371938E179F07C9F710922B135E
:105B800010922C1310922D1310922E1310922F138B
:105B90004093301350933113609332137093331347
:105BA000809196138E7F8093961387017601A301CF
:105BB00092016D2F8C2F0E9409E18091961381FF35
:105BC00005C044E060E080E00F9486259091961334
:105BD00080919E0692FB81F980939E0680919E069D
:105BE00081FF15C080919E06816080939E06809102
:105BF0002C1390912D13A0912E13B0912F138093FD
:105C00009A0690939B06A0939C06B0939D06809164
:105C10009906882309F43FC00F94B11FC0908906EC
:105C2000D0908A06E0908B06F0908C0660938906EF
:105C300070938A0680938B0690938C0620918E0633
:105C40002F5F20938E066C196E5060938D068091A5
:105C5000740580938F068091750590917605A091CB
:105C60007705B09178058093900690939106A09364
:105C70009206B09393068091850690918606A09136
:105C80008706B09188068093940690939506A0931A
:105C90009606B093970680913E02882391F0DF919B
:105CA000CF911F910F91FF90EF90DF90CF90AF9029
:105CB0007F906F905F904F900D945B0F0F94FB253A
:105CC0008ECEDF91CF911F910F91FF90EF90DF90DB
:105CD000CF90AF907F906F905F904F9008951F92FC
:105CE0000F920FB60F9211240BB60F922F933F9382
:105CF0004F935F936F937F938F939F93AF93BF93D4
:105D0000EF93FF9380917A05882391F010927A05A2
:105D10000E949B8D809173008D7F80937300789497
:105D20000F94082CF8948091730082608093730024
:105D3000FF91EF91BF91AF919F918F917F916F9163
:105D40005F914F913F912F910F900BBE0F900FBE1F
:105D50000F901F9018952091840E3091850E4091E0
:105D6000860E5091870E60E070E08FE793E40F9409
:105D70005DBC609313057093140580931505909393
:105D800016052091900E3091910E4091920E5091F7
:105D9000930E60E070E08FE793E40F945DBC609336
:105DA0000B0570930C0580930D0590930E050895D7
:105DB0000F931F938091F603813019F50F94B11F53
:105DC00000910C0610910D0620910E0630910F06E1
:105DD000601B710B820B930B28EE33E040E050E028
:105DE0000F94A9BA609108067091090680910A067D
:105DF00090910B06620F731F841F951F1F910F91C7
:105E000008956091B7067091B8068091B906909197
:105E1000BA06D6CFCF93C82F8BE70E945D6E8C2F2A
:105E20000F94F9170F94F51785EE9EE40E94706F9A
:105E30006091E6037091E7038091E8039091E90394
:105E40004AE00E94716E8EED9EE40E94706F809118
:105E50007D17882309F45EC08091F7179091F81799
:105E6000A091F917B091FA170097A105B10509F4AF
:105E700051C0BC01CD016D597F4F8F4F9F4F24E61C
:105E800030E040E050E00F94A9BA6091FE177091A5
:105E9000FF1780910018909101180F94A9BA622FF2
:105EA00070E090E080E00E94D66E87ED9EE40E9454
:105EB000706F6091390270913A02072E000C880BC6
:105EC000990B0E94D66E80ED9EE40E94706F8091C7
:105ED0000115811121C08CEE94E10E94F98289ECB8
:105EE0009EE40E94706F8091F6038130C1F40F949C
:105EF000D82E4AE00E94716E82EC9EE40E94706F80
:105F00008BEB9EE40E94706F8DE50E945D6ECF91D9
:105F10000D94A61820E0C3CF81E095E1DECF60E0CC
:105F200070E0CB010E94D66EE7CF1092F60310927C
:105F30000C0610920D0610920E0610920F0610928B
:105F4000B7061092B8061092B9061092BA061092CF
:105F500008061092090610920A0610920B06089580
:105F60008091F6038130F1F08230C9F40F94D82E7D
:105F7000609308067093090680930A0690930B06B7
:105F800081E08093F6030F94B11F60930C06709329
:105F90000D0680930E0690930F0681E008950F94EE
:105FA000952FEECF80E008958091F60381508230E6
:105FB00070F41092F6030F94B11F6093B7067093BC
:105FC000B8068093B9069093BA0681E0089580E000
:105FD00008952FB7F89494E0899FF0011124E45FAD
:105FE000F84F60817181828193812FBF0895CF9393
:105FF000C82F0F94E92F0F94C4B424E0C29FF0017E
:106000001124E45EF14F20813181428153810F944C
:106010005DBCCF910895B19A1092850010928400D2
:1060200080ED97E0909389008093880010924A0554
:1060300010924905809147059091480501978E3F40
:106040009F4F20F4109248051092470508951F9223
:106050000F920FB60F9211240BB60F926F927F9290
:106060008F92CF92DF92EF92FF920F931F932F9315
:106070003F934F935F936F937F938F939F93AF93D0
:10608000BF93CF93DF93EF93FF9380914705909158
:1060900048059C01215031092E3F3F4F90F420913B
:1060A0008800309189002817390708F0F9C020913D
:1060B000880030918900821B930B90934805809350
:1060C0004705209188003091890080914905909181
:1060D0004A052817390708F0E8C020918800309158
:1060E0008900821B930B90934A0580934905809108
:1060F000490590914A05892B11F00D947739E0916B
:106100000606F0910706309709F087C19091FE0DC1
:106110008091FF0D981709F4F9C1C091FF0D2C2F44
:1061200030E05EE6C59FE0011124C25ED84FFE015B
:10613000E95BFF4F41E04083D0930706C09306061A
:10614000209709F4E3C11092020610920306109200
:10615000040610920506109201068AAD9BAD90933D
:1061600000068093FF058134ECE99E0708F0A2C089
:106170008132FEE49F0708F4A0C096958795969516
:10618000879544E04093FE0580978115E8E09E07DF
:1061900008F4A4C0E92FFF27EE0FFF1FEE0FFF1F2B
:1061A000AF014D595A4AFA013296A591B491FA01BC
:1061B00045915491B89FB001A89F000C611D112416
:1061C000711DCA01861B970B8436910510F484E675
:1061D00090E0B0E0A0E08093FA059093FB05A093D7
:1061E000FC05B093FD054EE6429FC001439F900D14
:1061F0001124825E984FFC01E45BFF4F40814423F1
:1062000049F0815B9F4FFC01808191819093F9055A
:106210008093F8051092F7058FEF9FEF9093480554
:10622000809347058093F6058EE6829FF001839F59
:10623000F00D1124E25EF84F85A984FF08C010928A
:1062400018071092190710921A0710921B0783FF64
:1062500066C08EE6829FF001839FF00D1124E25EFE
:10626000F84F8089918996958795919581959109A7
:106270009093E7058093E6059093EB058093EA05FC
:106280009093EF058093EE059093F3058093F205CC
:1062900081E024853585232B09F082C080E080C011
:1062A00010924805109247050CCF10924A051092A3
:1062B00049051DCF80E49CE960CF813157E2950705
:1062C00020F09695879542E05DCF4093FE058032A1
:1062D000910508F059CF80E290E056CFAC01569579
:1062E00047954C7F4D595E4AFA0165917491FA01C8
:1062F0003296A591B491AC01477055274A9FC001D1
:106300004B9F900D5A9F900D1124E3E09695879531
:10631000EA95E1F7AB01481B590BCA0155CF8EE650
:10632000829FF001839FF00D1124E25EF84F808977
:106330009189A289B389B695A79597958795B095C8
:10634000A095909581959F4FAF4FBF4F8093E605E5
:106350009093E705A093E805B093E9058093EA05DB
:106360009093EB05A093EC05B093ED058093EE05BB
:106370009093EF05A093F005B093F1058093F2059B
:106380009093F305A093F405B093F50581E044855F
:10639000558566857785452B462B472B09F47ECF9F
:1063A0008093E5051092E1051092E2051092E30555
:1063B0001092E405888D8093E00580FF90C0809165
:1063C0000B01816080930B018FEF80939502809188
:1063D000E00581FF8BC080910B018D7F80930B01C5
:1063E0008FEF809396028091E00582FF86C08091B6
:1063F0000B01846080930B018FEF80939702809153
:10640000E00583FF81C08FEF80939802E09106063C
:10641000F0910706309709F43DC78091B60250917C
:10642000DD05882309F4CBC0209169058091DF0543
:106430009091DE053091E0054091060130FF87C064
:1064400042FD83C08160492F41704823B1F0C08074
:10645000D180E280F3801C141D041E041F046CF420
:106460002160C088D188E288F388C092E105D0928B
:10647000E205E092E305F092E4054091060131FF68
:1064800070C047FD6CC08260492F42704823B1F054
:10649000C480D580E680F7801C141D041E041F04F0
:1064A0006CF42260C088D188E288F388C092E1054C
:1064B000D092E205E092E305F092E40532FF94C049
:1064C000511177C03091E306313009F052C030915C
:1064D000A80632FD4EC01C9B52C0846051C0809102
:1064E0000B018E7F80930B0181E06FCF80910B01B8
:1064F000826080930B0181E074CF80910B018B7FD0
:1065000080930B0181E079CF81E07ECF80ED97E031
:1065100090934A05809349059093460580934505DD
:106520008FEF9FEF90934805809347051092F705F2
:106530008091430590914405009709F467CF019736
:10654000909344058093430561CF8E7F7CCF42FDBD
:1065500004C08061492F407178CF8F7EFBCF8D7F43
:1065600093CF47FD04C08062492F40728FCF8F7D4B
:10657000FBCF1C99B2CF3091060136FFAECF8B7F97
:1065800094709823B1F0C084D184E284F3841C1405
:106590001D041E041F046CF42460C088D188E288A6
:1065A000F388C092E105D092E205E092E305F09213
:1065B000E4058093DF058093DE052093690555236C
:1065C00009F440C0209169058091DF059091DE05B6
:1065D0003091E3063130C9F43091A80632FD15C080
:1065E0001C9B19C0846018C03091E306313031F42F
:1065F0003091A80632FD02C08F7B05C030910601A4
:1066000036FDFACF80649074BCCF1C99EBCF3091EB
:10661000060136FFE7CF8B7F9470982369F02460E2
:1066200040895189628973894093E1055093E2055D
:106630006093E3057093E4058093DF058093DE05A6
:106640002093690585A9C0E0D1E012E004E083FF52
:1066500008C18091FE05C81708F072C20F94A012FD
:10666000E0910606F0910706808191812091E60570
:106670003091E705820F931F9093E7058093E6051D
:106680001816190664F5D6B9E0910606F0910706CA
:106690008091E6059091E70520893189821B930B53
:1066A0009093E7058093E6059091950240910C0741
:1066B00050910D0760910E0770910F07892F990F68
:1066C000990BAA0BBB0B840F951FA61FB71F8093B6
:1066D0000C0790930D07A0930E07B0930F07E0915E
:1066E0000606F0910706848195812091EA05309194
:1066F000EB05820F931F9093EB058093EA05181624
:10670000190644F516B9E0910606F09107062089AE
:106710003189821B930B9093EB058093EA0590914E
:1067200096024091100750911107609112077091E5
:106730001307892F990F990BAA0BBB0B840F951F79
:10674000A61FB71F8093100790931107A0931207FD
:10675000B0931307E0910606F091070680859185B6
:106760002091EE053091EF05820F931F9093EF0576
:106770008093EE051816190644F506B9E091060651
:10678000F091070620893189821B930B9093EF05C6
:106790008093EE0590919702409114075091150750
:1067A0006091160770911707892F990F990BAA0B03
:1067B000BB0B840F951FA61FB71F809314079093E0
:1067C0001507A0931607B0931707E0910606F091FE
:1067D00007068091F2059091F30524853585820F97
:1067E000931F9093F3058093F20520893189181641
:1067F000190644F5821B930B9093F3058093F205E1
:1068000090919802409118075091190760911A07CA
:1068100070911B07892F990F990BAA0BBB0B840F43
:10682000951FA61FB71F8093180790931907A09371
:106830001A07B0931B07909198028091F705890F72
:106840008093F7058091E1059091E2050196909380
:10685000E2058093E1058217930708F071C1CF5FCD
:10686000F8CE8091FE05C81708F06AC10F94A012F7
:10687000E0910606F091070680819181A281B381A3
:106880004091E6055091E7056091E8057091E905B2
:10689000840F951FA61FB71F8093E6059093E70509
:1068A000A093E805B093E905181619061A061B0609
:1068B000C4F5D6B9E0910606F09107068091E60589
:1068C0009091E705A091E805B091E90540895189CB
:1068D00062897389841B950BA60BB70B8093E60521
:1068E0009093E705A093E805B093E9059091950290
:1068F00040910C0750910D0760910E0770910F07A2
:10690000892F990F990BAA0BBB0B840F951FA61FFC
:10691000B71F80930C0790930D07A0930E07B093B9
:106920000F07E0910606F091070684819581A68104
:10693000B7814091EA055091EB056091EC057091AB
:10694000ED05840F951FA61FB71F8093EA0590934E
:10695000EB05A093EC05B093ED05181619061A0681
:106960001B0684F516B9E0910606F09107064089EA
:10697000518962897389841B950BA60BB70B809391
:10698000EA059093EB05A093EC05B093ED0590918B
:106990009602409110075091110760911207709173
:1069A0001307892F990F990BAA0BBB0B840F951F07
:1069B000A61FB71F8093100790931107A09312078B
:1069C000B0931307E0910606F09107068085918544
:1069D000A285B3854091EE055091EF056091F005D9
:1069E0007091F105840F951FA61FB71F8093EE05C8
:1069F0009093EF05A093F005B093F10518161906D2
:106A00001A061B0684F506B9E0910606F091070602
:106A10004089518962897389841B950BA60BB70B3A
:106A20008093EE059093EF05A093F005B093F105E8
:106A300090919702409114075091150760911607A5
:106A400070911707892F990F990BAA0BBB0B840F15
:106A5000951FA61FB71F8093140790931507A09347
:106A60001607B0931707E0910606F091070680918C
:106A7000F2059091F305A091F405B091F5054485D8
:106A8000558566857785840F951FA61FB71F809350
:106A9000F2059093F305A093F405B093F5054089B2
:106AA000518962897389181619061A061B0674F52E
:106AB000841B950BA60BB70B8093F2059093F305FF
:106AC000A093F405B093F50590919802C090180733
:106AD000D0901907E0901A07F0901B07892F990FA3
:106AE000990BAA0BBB0B8C0D9D1DAE1DBF1D80937A
:106AF000180790931907A0931A07B0931B0790915A
:106B000098028091F705890F8093F7058091E10540
:106B10009091E205A091E305B091E4050196A11DD5
:106B2000B11D8093E1059093E205A093E305B09336
:106B3000E40584179507A607B70710F4CF5F91CE39
:106B40008091F705882339F087FDEEC080910B0115
:106B5000806480930B014091E1055091E2056091C2
:106B6000E3057091E405C0910606D0910706898D72
:106B70009A8DAB8DBC8D84179507A607B70708F4CF
:106B800034C14091FA055091FB056091FC0570916C
:106B9000FD05CC88DD88EE88AA274D9DB12D5E9D30
:106BA000C0016E9D900D6D9D800D911D4E9DB00D8F
:106BB000811D9A1F5D9DB00D811D9A1F6C9DB00DAA
:106BC000811D9A1F5C9DB10D8A1F9A1FBB0F8A1FE2
:106BD0009A1F11242AAD3BAD820F931F909300069C
:106BE0008093FF052EA93FA92817390720F4309379
:106BF00000062093FF058091FF05909100068134E7
:106C0000FCE99F0708F094C081322EE4920708F453
:106C100092C0969587959695879524E02093FE05DA
:106C200080978115F8E09F0708F497C0E92FFF27A8
:106C3000EE0FFF1FEE0FFF1F9F012D593A4AF9017A
:106C40003296A591B491F90125913491B89FF00144
:106C5000A89F000CE11D1124F11DC9018E1B9F0B83
:106C60008436910510F484E690E090934A05809371
:106C700049059093460580934505480F591F611DAE
:106C8000711D4093FA055093FB056093FC057093CA
:106C9000FD05FE01E45BFF4F808181117DC080E036
:106CA00080FF16C09FEF9093F605E0914305F091A9
:106CB00044052091F8053091F905E217F30709F032
:106CC00024C28FEF9FEF909348058093470580E0A3
:106CD00080FD07C08091470590914805019609F411
:106CE000B2C2E0914505F09146058091D70590919B
:106CF000D805A091D905B091DA058E0F9F1FA11D6F
:106D0000B11DC35BDF4F0881198130E020E060E0F6
:106D100080179107A207B30708F427C26F5F801B93
:106D2000910BA20BB30BF4CF80910B018F7B11CF92
:106D300080E49CE96ECF8131E7E29E0720F09695D2
:106D4000879522E06BCF21E02093FE0580329105EC
:106D500008F066CF80E290E063CF9C0136952795DE
:106D60002C7F2D593E4AF901A591B491F901329633
:106D70000591149187709927809F9001819F300D14
:106D8000909F300D1124F3E036952795FA95E1F7A1
:106D9000CD01821B930B64CF4091E1055091E20538
:106DA0006091E3057091E4058091FE0590E0B0E00C
:106DB000A0E084179507A607B70708F470CF809165
:106DC000E505811102C083E06BCF8091430590916E
:106DD00044052091F8053091F9052817390798F7EF
:106DE0009093F9058093F805EECF8091E10590919D
:106DF000E205A091E305B091E4054D8D5E8D6F8DA8
:106E000078A1481759076A077B0708F0E3C0C090CC
:106E10000206D0900306E0900406F09005066C8808
:106E20007D888E88AA27C79CB12DD89CF001E89C4C
:106E3000F00DE79CE00DF11DC89CB00DE11DFA1F9F
:106E4000D79CB00DE11DFA1FE69CB00DE11DFA1FA5
:106E5000D69CB10DEA1FFA1FBB0FEA1FFA1F1124BF
:106E60002091FF05309100068EAD9FAD2E173F0794
:106E700030F02E1B3F0B8217930708F4C9018134B1
:106E80002CE9920708F075C08132EEE49E0708F401
:106E900073C0969587959695879524E02093FE0577
:106EA0008097811528E0920708F478C0E92FFF2722
:106EB000EE0FFF1FEE0FFF1F9F012D593A4AF901F8
:106EC0003296A591B491F90125913491B89FF001C2
:106ED000A89F000CE11D1124F11D2E1B3F0BC901C1
:106EE0002436310510F484E690E090934A058093AF
:106EF00049059093460580934505C80ED91EE11CAF
:106F0000F11CC0920206D0920306E0920406F092B1
:106F10000506FE01E45BFF4F8081882309F4BFCEA4
:106F20008091E1059091E205A091E305B091E4051F
:106F30002091FE05420F511D611D711D4817590713
:106F40006A077B0708F4ABCE3596208131813093F8
:106F5000F9052093F8058091E505882309F433CFDE
:106F600080914305909144058217930708F02BCF39
:106F700037CF80E49CE98DCF8131F7E29F0720F085
:106F80009695879522E08ACF21E02093FE058032F6
:106F9000910508F085CF80E290E082CFDC01B695C4
:106FA000A795AC7FAD59BE4AFD0125913491FD01F5
:106FB0003296A591B491877099278A9FF0018B9F93
:106FC000F00D9A9FF00D1124A3E0F695E795AA9590
:106FD000E1F783CF80910106882371F080E0209152
:106FE000DB053091DC0530934A0520934905309349
:106FF00046052093450554CE8EA99FA981344CE9BE
:10700000940708F04EC081325EE4950708F44CC046
:10701000969587959695879524E02093FE05809711
:107020008115F8E09F0708F451C0E92FFF27EE0F04
:10703000FF1FEE0FFF1F9F012D593A4AF9013296AB
:1070400065917491F90125913491789FA001689F11
:10705000000C411D1124511DC901841B950B843660
:10706000910510F484E690E09093DC058093DB05B5
:107070008091FE0580930106FE01E45BFF4F808155
:10708000882309F4ABCF8091E505882341F08091F6
:107090004305909144059093F9058093F80581E0AC
:1070A0009ECF80E49CE9B4CF8131E7E29E0720F0D7
:1070B0009695879522E0B1CF21E02093FE0580329E
:1070C000910508F0ACCF80E290E0A9CF9C01369505
:1070D00027952C7F2D593E4AF90145915491F9018C
:1070E00032966591749187709927869F9001879F4A
:1070F000300D969F300D1124A3E036952795AA9563
:10710000E1F7CA01821B930BAACFDE01A35BBF4F3D
:107110004D915C91119770E060E04093D7055093DA
:10712000D8056093D9057093DA0516969C919093D3
:10713000D605982F927009F4CBCD9091E50599234F
:1071400009F4C6CD2E173F0708F0C2CD440F551FD6
:10715000661F771F4093D7055093D8056093D905D4
:107160007093DA051092F605B3CD8093D70590930E
:10717000D805A093D905B093DA0561111BC0F0932F
:10718000D505E093D405F0934805E0934705809139
:10719000F60587FD58C08091FE051091D60528811F
:1071A0003981811335C081E02E173F0708F449C0AB
:1071B00080E047C0643028F56F5F6330A9F06695C2
:1071C000AF0102C0569547956A95E2F7BA017093F0
:1071D000D5056093D4058091D4059091D505909301
:1071E000480580934705D3CF9F01ABEABAEA0F94D5
:1071F000D6BA41E196958795779567954A95D1F7E7
:10720000E6CF70E06F5F7F4FCF010F94FFBADFCF03
:10721000833009F4CFC08695A90102C056954795E1
:107220008A95E2F7133009F4D3C01695BF0102C066
:10723000769567951A95E2F781E04617570708F0AB
:10724000B7CF8093F6050F94A0124091E1055091BD
:10725000E2056091E3057091E405E0910606F09186
:10726000070680899189A289B389481759076A0757
:107270007B0780F010920706109206069091FE0D93
:107280008091FF0D981731F08091FF0D8F5F8F7007
:107290008093FF0D8091E306813049F180915C027B
:1072A000882329F18091A806811121C090910601BF
:1072B00081E0292F247092FD80E090910601826088
:1072C00097FF03C0211113C081E080936B051092DA
:1072D0005C0260914702709148028091490290914E
:1072E0004A0220E030E040E85FEB0E94D8886091DD
:1072F0004705709148056115710509F046C0409138
:107300004305509144052091F8053091F90580918D
:10731000F7052417350708F06CC09091D605913019
:1073200041F0421B530B9417150619F010F04093CF
:10733000D6059091D605891B8093F705882339F0EF
:1073400087FD53C080910B01806480930B012091D5
:10735000D6058091430590914405821B9109909335
:107360004405809343052091430530914405809165
:10737000F8059091F9052817390709F066C08FEFD5
:107380009FEF90934805809347054091F705411181
:1073900061C0809147059091480520914905309141
:1073A0004A058F3F980709F098C0309389002093D1
:1073B00088009EC0ABEABAEA0F94D6BAAB01BC0112
:1073C00031E176956795579547953A95D1F72ACF4C
:1073D0009F01ABEABAEA0F94D6BA21E19695879558
:1073E000779567952A95D1F727CF80910B018F7BF1
:1073F000ACCF4217530708F0B6CF9091D605913025
:1074000041F0241B350B9217130619F010F020934E
:10741000D6059091D605890F8093F705882339F01A
:1074200087FD0FC080910B01806480930B018091D8
:10743000D6052091430530914405820F932F911D6D
:107440008ECF80910B018F7BF0CF8091D4059091EE
:10745000D50597CF8091F60587FD0EC0082E000C4C
:10746000990B21E030E06115710511F030E020E06A
:107470008217930709F08DCF2091D605672B11F065
:107480002091FE05842F042E000C990B97FF03C05A
:1074900091958195910930E0281739070CF4C901BD
:1074A00047FF17C061E04FEF5FEF78E076B990914A
:1074B000F705960F9093F70520911518309116183F
:1074C000240F351F3093161820931518815071F72B
:1074D00060CF6FEF41E050E0E8CFAC01485D5F4F17
:1074E0004217530708F061CF90938900809388007A
:1074F00020918800309189008091840090918500CE
:1075000040962817390748F48091840090918500AF
:1075100040969093890080938800FF91EF91DF91CE
:10752000CF91BF91AF919F918F917F916F915F911B
:107530004F913F912F911F910F91FF90EF90DF900E
:10754000CF908F907F906F900F900BBE0F900FBEDB
:107550000F901F9018959091DD058093DD052FB752
:10756000F894809169058B7F809369052FBF892FDF
:107570000895809169052FB7F894909169059B7FD4
:10758000909369052FBF82FB882780F90895909119
:1075900069051092690581E0911101C080E00895AC
:1075A000909142059130A1F028F09230A9F09330EB
:1075B000C1F00895811102C00D940813823011F4B6
:1075C0000D948B18853009F050C080E00D94E612C0
:1075D000882391F38230A1F3853009F046C081E021
:1075E000F5CF882349F3823059F3853071F3863023
:1075F000E1F485E027E231E04FB7F8949091020181
:107600009460909302014FBFF9013197F1F74FB7A2
:10761000F894909102019B7F909302014FBFF90172
:107620003197F1F7815041F708958730F1F481E007
:107630000E940E8A84E123E731E04FB7F8949091DD
:1076400002019460909302014FBFF9013197F1F765
:107650004FB7F894909102019B7F909302014FBF26
:10766000F9013197F1F7815041F708950F931F9376
:10767000CF93DF938C01EB019093100E80930F0E4C
:107680000F942713811104C0D093CA06C093C90672
:10769000C091000487EF8C0F8230F8F40F94E41748
:1076A000CA3041F484E080930D0EDF91CF911F9199
:1076B0000F91089560E070E080E291E40E94F25F33
:1076C0008FE59FE00F9436BA882379F389E0DF9144
:1076D000CF911F910F910C94BDF8109238048091B6
:1076E000E503811112C06091090E70910A0E80911C
:1076F0000B0E90910C0E0F94CFBC601B710B6C5F46
:107700007F4F6930710508F060C0C150C83088F5FE
:10771000EC2FF0E08827E057F44C8E4F0D9446BBD9
:10772000BD02BD02BD026F017701A702AB01E501F9
:10773000C5EADCED8091C706882329F082E00F942A
:10774000D03A1092C706209709F4AFCF0F948C134C
:1077500061E0CE01DF91CF911F910F910C946F5397
:107760008091C706882341F061E085E291E00E94A4
:107770006F53D0E0C0E0DECF0F948C1380910004F3
:10778000823019F481E080930004809100048130FC
:1077900031F461E088E79BE40E949187EACF83306F
:1077A00041F761E084E19EE2F7CFCBE2DCEDC2CFAE
:1077B0000F948C130F94CDB30F94B718DACFCFE991
:1077C000DCEDB8CFC9E9DCEDB5CF8091C7068823E1
:1077D00021F08091B702882349F181E08093C706A8
:1077E0008093B7020E94A2614FED52E363E080E014
:1077F0000E94466161E080E00E949960E09100048F
:10780000E150E83098F4F0E08827E65FF34C8E4FC3
:107810000D9446BB07010701C9020701C902B9025D
:10782000C701070188E99EE40E945C608091C70659
:1078300081110F94C7190E94F468882309F435CF89
:107840001092C7068091E40381110EC01092100EB1
:1078500010920F0E0E94A557811104C01092CA0603
:107860001092C9060E94AD530E94AD53DF91CF9193
:107870001F910F910D94B71883E89EE4D5CF8FE642
:107880009EE4D2CF8DE59EE4CFCF1092E40360E575
:1078900070E08AEF90E00D94363B1092E40370E0C4
:1078A00060E08AEF90E00D94363B1092E4036CE3C5
:1078B00070E087ED90E00D94363B1092E40365E5AF
:1078C00070E086EE90E00D94363B1092E40369E69A
:1078D00070E084E091E00D94363B1092E4036EE694
:1078E00070E083E191E00D94363B1092E4036BE489
:1078F00070E087ED90E00D94363B1092E4036AE56A
:1079000070E083E191E00D94363B1092E40364E66D
:1079100070E08FEF90E00D94363B1092E40364E644
:1079200070E08CED90E00D94363B1092E40364E639
:1079300070E08EEF90E00D94363B1092E40362E32A
:1079400070E080EF90E00D94363B80E00F94D03AE9
:107950000E94C0E90D94E417CF92DF92EF92FF925C
:10796000411104C0209142052230D1F09B016C01ED
:10797000F12CE12C672BC9F49FB7F8948091020198
:107980008460809302019FBFC701B6010F947E1FE0
:107990009FB7F894809102018B7F809302019FBF73
:1079A000FF90EF90DF90CF900895220F331F50E0AB
:1079B00040E060E074E284EF90E00F9427BB91E038
:1079C0002115310581E04807510544F086E05695C0
:1079D0004795379527958A95D1F793E0215031093E
:1079E0004FB7F8948091A100887F892B8093A100E4
:1079F0006091AC007091AD00269FC001279F900D53
:107A0000369F900D1124509172006FEF70E051FF7E
:107A100004C06091A8007091A9000F94FFBA709300
:107A2000AD006093AC003093A9002093A800809132
:107A300072008360809372004FBFC701B6010F943C
:107A40007E1F2FB7F8948091A100887F8560809376
:107A5000A1004091AC005091AD003FEF349FC001B8
:107A6000359F900D1124309172006FEF70E031FF5F
:107A700004C06091A8007091A9000F94FFBA7093A0
:107A8000AD006093AC008FEF90E09093A9008093DD
:107A9000A800809172008C7F809372002FBF78CFF6
:107AA000CF93C0914205C23059F1C13069F4809141
:107AB000D305811125C040E070E060E080E590E0F2
:107AC0000F94AC3CC093D30560ED77E080ED95E07A
:107AD0000F940B208823A1F080ED95E00F941220E5
:107AE00080914205811108C040E070E060E080E5CF
:107AF00090E0CF910D94AC3C80E0CF910D94D03AC2
:107B0000CF9108958230B9F08330E9F0813059F097
:107B100080910B01613029F4816080930B0100009A
:107B200008958E7FFACF80910B01611102C08260AF
:107B3000F4CF8D7FF2CF80910B01613011F484601E
:107B4000ECCF8B7FEACF80910B01611102C0806482
:107B5000E4CF8F7BE2CF8EBD0DB407FEFDCF08953D
:107B60008FEF8EBD0DB407FEFDCF8EB508958F92B9
:107B70009F92AF92BF92EF92FF920F931F93CF937A
:107B80007C01C62F49015A01FC019181892F806A2D
:107B900086958CBD90FD03C081E0963009F480E0AD
:107BA0008DBD9FB7F894809105018F7B809305016F
:107BB0009FBF8CE291E00F94A07A8C2F80640F9489
:107BC000AB3D08E110E0D501C401002E04C0B6951C
:107BD000A795979587950A94D2F70F94AB3D0850D7
:107BE0001109083FFFEF1F0771F785E9CC2321F04A
:107BF00087E8C83009F08FEF0F94AB3DCC3011F41B
:107C00000F94B03DC0E00F94B03DF701828387FF31
:107C100004C0CF3F11F0CF5FF6CFCF911F910F91EE
:107C2000FF90EF90BF90AF909F908F9008950F932B
:107C30001F93CF93DF93EC0189018B81833039F05F
:107C400089E0440F551F661F771F8A95D1F79A0167
:107C5000AB0168E1CE010F94B73D882319F086E0AF
:107C6000888339C08EEF8EBDF801C8019E5F0DB4C8
:107C700007FEFDCF20812EBD0DB407FEFDCF218173
:107C80002EBD3296E817F90791F70DB407FEFDCF28
:107C90008FEF0F94AB3D8FEF0F94AB3D0F94B03D42
:107CA0008A838F71853099F488E592E00F94A07AE9
:107CB000182F87E11123A1F220E030E0A9016DE047
:107CC000CE010F94B73D882351F086E1C9CF83E1FF
:107CD00088830F94977A0F94977A10E006C00F94D8
:107CE000B03D8111F2CF0F94977A812FDF91CF9120
:107CF0001F910F910895CF938091F30EC1E08823D7
:107D0000A1F04091EB0E5091EC0E6091ED0E709150
:107D1000EE0E27EF3EE08091F40E9091F50E0F9459
:107D2000173EC82F811104C0C0E08C2FCF91089559
:107D30004091EF0E5091F00E6091F10E7091F20EA5
:107D4000411551056105710591F027EF3EE08091E5
:107D5000F40E9091F50E0F94173E882329F310929C
:107D6000EF0E1092F00E1092F10E1092F20E109291
:107D7000F30EDBCF2F923F924F925F926F927F92E2
:107D80008F929F92AF92BF92CF92DF92EF92FF922B
:107D90000F931F93CF93DF93EC012A013B016901FD
:107DA0008B81833039F069E0440C551C661C771CCC
:107DB0006A95D1F743E0942E560181E0A81A8EEF20
:107DC000B80A1601EEEF3E1A54E0852E9A94A301EC
:107DD000920161E1CE010F94B73D882379F088824A
:107DE000992009F47AC00F94977A20E030E0A90135
:107DF0006CE0CE010F94B73D1882E8CF0F94B11F0D
:107E00008B010F94B03D8A838F3F91F40F94B11F83
:107E1000601B710B6D327140A0F381E188830F9478
:107E2000977A8C818823E1F28FEF0F94AB3DD8CF06
:107E30008E3F11F08FE0F2CF8FEF8EBDD601F601AD
:107E40000DB407FEFDCF9EB591938EBDEA15FB05DF
:107E5000B9F70DB407FEFDCF8EB5F5018083F12C87
:107E6000E12C8D91EF2DFF27E827EE0FFF1FE65A3B
:107E7000F04B85919491FE2CEE24E826F9262A16E3
:107E80003B0679F70F94B03D082F10E0102F002724
:107E90000F94B03D082B0E151F0519F0F0E2F88382
:107EA000BECF0F94977ACC81CC23D9F08FEF0F946B
:107EB000AB3D8C2FDF91CF911F910F91FF90EF90F1
:107EC000DF90CF90BF90AF909F908F907F906F90FA
:107ED0005F904F903F902F9008950F94977AC0E055
:107EE000E8CFC1E0E6CFCF92DF92EF92FF92CF933F
:107EF0006B017C01C42F8091EB0E9091EC0EA09150
:107F0000ED0EB091EE0E8C159D05AE05BF0501F18D
:107F10000F947B3E811108C0C0E08C2FCF91FF9061
:107F2000EF90DF90CF90089527EF3EE0B701A601D4
:107F30008091F40E9091F50E0F94BA3E882361F370
:107F4000C092EB0ED092EC0EE092ED0EF092EE0E9F
:107F5000CC2321F081E08093F30EDFCFC1E0DDCFB1
:107F60004F925F926F927F928F929F92AF92BF9249
:107F7000CF92DF92EF92FF920F931F93CF93DF93F5
:107F8000EC01423051056105710590F480E0DF910C
:107F9000CF911F910F91FF90EF90DF90CF90BF9006
:107FA000AF909F908F907F906F905F904F900895CB
:107FB00089859A85AB85BC850196A11DB11D841765
:107FC0009507A607B70710F38F898031C9F5852E6D
:107FD000962EA72EBB248B899C89AD89BE89880EDD
:107FE000991EAA1EBB1E280139016A017B0141E0CE
:107FF000C501B4010F94733F882341F29F899031EA
:1080000081F5DD24EE24FF24F601EE0FFF1FE95079
:10801000F14F118300839A89923008F4B8CF4D81D3
:108020005E816F817885840E951EA61EB71E809294
:10803000EF0E9092F00EA092F10EB092F20EA7CF3A
:10804000803209F0A3CF8B899C89AD89BE894A0112
:108050005B01E7E0B694A79497948794EA95D1F7EB
:10806000BECFE894C7F8DD24EE24FF24F601EE0F1E
:10807000FF1FEE0FFF1FE950F14F408251826282D5
:108080007382C9CFCF92DF92EF92FF920F931F932B
:10809000CF93DF93FC0181859285A385B4850196FA
:1080A000A11DB11D84179507A607B70750F480E0FE
:1080B000DF91CF911F910F91FF90EF90DF90CF90C4
:1080C000089587898031A9F5BB27A72F962F852F83
:1080D000C388D488E588F6888C0D9D1DAE1DBF1D14
:1080E000E9016A017B018F014091EB0E5091EC0E8A
:1080F0006091ED0E7091EE0E84179507A607B707F5
:1081000049F5F8018789803169F5B701A60155273E
:1081100066277727440F551F4950514FFA01808138
:108120009181B0E0A0E088839983AA83BB8381E03A
:10813000BFCF803209F0BBCFC388D488E588F688EA
:10814000DB01CA01C7E0B695A79597958795CA95B3
:10815000D1F7C2CF40E0BC01CD010F94733F811134
:10816000D0CFA5CFB701A6014F7755276627772730
:10817000440F551F440F551F4950514FFA0180813C
:108180009181A281B381BF70CECF4F925F926F92E7
:108190007F92AF92BF92CF92DF92EF92FF920F93B6
:1081A0001F93CF93DF9300D01F92CDB7DEB78C0122
:1081B00049835A836B837C835901C12CD12C76016E
:1081C000412C82E0582E612C712C49815A816B819F
:1081D0007C819E012F5F3F4FC8010F94424088234E
:1081E00019F1F8018585A301920104C0220F331F04
:1081F000441F551F8A95D2F7DA01C901C80ED91E4E
:10820000EA1EFB1E49815A816B817C8187898031FE
:10821000F1F481E0483F5F4F61057105B0F2F5016F
:10822000C082D182E282F3820F900F900F900F9064
:10823000DF91CF911F910F91FF90EF90DF90CF9042
:10824000BF90AF907F906F905F904F90089581E0C6
:10825000483F5F4F6F4F7F4008F4B7CFE0CF0F9399
:108260001F93CF93DF93FC012381222331F080E021
:10827000DF91CF911F910F9108958B01EC01FB01CC
:108280008789803139F582E08B831D8A1E8A1F8A97
:10829000188E808D918DB0E0A0E025E0880F991FA9
:1082A000AA1FBB1F2A95D1F7898B9A8BAB8BBC8BEE
:1082B0001A8F098F81E089831C821D821E821F8292
:1082C000188619861A861B861C861D861E861F86A2
:1082D000188ACECF803259F683E08B83428D538D3E
:1082E000648D758D4D8B5E8B6F8B788F9E012F5EAD
:1082F0003F4FC8010F94C5408111DACFB8CFCF925C
:10830000DF92EF92FF921F93CF93DF93EC01EB810B
:10831000E11109C080E0DF91CF911F91FF90EF90B4
:10832000DF90CF900895898180FFF4CF48855985EB
:108330006A857B859A0131703AA329A3898D9A8D2C
:108340006A017B01F9E0F694E794D794C794FA9513
:10835000D1F7E23079F4FC01828D938DA48DB58D37
:108360008C0D9D1DAE1DBF1D8D8F9E8FAF8FB8A331
:1083700081E0D1CFFC01148111501C21232B71F419
:1083800011110CC0452B462B472B31F58D899E8949
:10839000AF89B88D8C839D83AE83BF83E98DFA8DC1
:1083A0008C819D81AE81BF810297A109B10925858C
:1083B00004C0880F991FAA1FBB1F2A95D2F74685B4
:1083C000578560897189840F951FA61FB71F810F7C
:1083D000911DA11DB11DC8CF4C815D816E817F8132
:1083E0009E012C5F3F4F0F9442408111D7CF92CF17
:1083F0008F929F92AF92BF92CF92DF92EF92FF92B5
:108400000F931F93CF93DF93EC018B8181110EC0EB
:1084100080E0DF91CF911F910F91FF90EF90DF905F
:10842000CF90BF90AF909F908F90089509891A893F
:108430002B893C89041715072607370748F34A019B
:108440005B01823031F488869986AA86BB8681E0FA
:10845000E0CF81149104A104B10449F41C821D826F
:108460001E821F82188619861A861B86F0CF088501
:1084700019852A853B85E98DFA8D858590E00996D9
:10848000B901A8014150510961097109082E04C0C0
:1084900076956795579547950A94D2F775016401CB
:1084A000E1E0CE1AD108E108F10804C0F694E7949F
:1084B000D794C7948A95D2F7C416D506E606F70670
:1084C00020F0012B022B032B11F58D899E89AF899A
:1084D000B88D8C839D83AE83BF838E010C5F1F4F4D
:1084E000C114D104E104F10409F4ADCF4C815D81E4
:1084F0006E817F819801898D9A8D0F94424091E021
:10850000C91AD108E108F1088111EACF81CFC41A54
:10851000D50AE60AF70AE1CF3F924F925F926F9237
:108520007F928F929F92AF92BF92CF92DF92EF9203
:10853000FF920F931F93CF93DF93CDB7DEB72C97A6
:108540000FB6F894DEBF0FBECDBF5C01DC015996BB
:108550008D909C90F40181859285A385B4859C01C2
:10856000AD012F5F3F4F4F4F5F4F29873A874B87B2
:108570005C87D50114964D905D906D907C90179717
:10858000411451046104710409F459C0BFEF4B1A3E
:108590005B0A6B0A7B0A312C730162011D821E8209
:1085A0001F821886F40181859285A385B4852D816B
:1085B0003E814F815885281739074A075B0708F025
:1085C00056C089859A85AB85BC858C159D05AE0501
:1085D000BF0550F482E0C82ED12CE12CF12C92E0A2
:1085E000492E512C612C712C9E012F5F3F4FB701FA
:1085F000A601C4010F9442408823C9F189819A8160
:10860000AB81BC81892B8A2B8B2B01F12601370191
:108610009FEF491A590A690A790A2D813E814F81D3
:1086200058852F5F3F4F4F4F5F4F2D833E834F83C2
:1086300058873FEFC31AD30AE30AF30AB3CF408047
:1086400051806280738033243394A6CFC414D50440
:10865000E604F70411F70FEF1FEF2FEF3FE0B7012C
:10866000A601C4010F94B03F782E81111AC0712C5D
:10867000872D2C960FB6F894DEBF0FBECDBFDF91CD
:10868000CF911F910F91FF90EF90DF90CF90BF900F
:10869000AF909F908F907F906F905F904F903F90A2
:1086A0000895F50144815581668177814115510511
:1086B0006105710539F097018601C4010F94B03F3F
:1086C0008823A9F2D5011496CD92DD92ED92FC9209
:1086D0001797332051F0D701C6010196A11DB11D96
:1086E000F40180839183A283B383F5018589968900
:1086F000A789B08D892B8A2B8B2B09F0B9CFC58A1E
:10870000D68AE78AF08E818180688183B1CFCF934A
:10871000DF93EC01462F41706C857D858E859F85AA
:108720000F94733F882351F0888920E2829FC00113
:1087300011248950914FDF91CF91089590E080E00E
:10874000FACFCF93DF93EC018B81882349F18981A4
:1087500087FF22C061E0CE010F948743FC01892B83
:10876000F9F08081853EE1F08B81823040F4898987
:108770009A89AB89BC89848F958FA68FB78F8D8995
:108780009E89938F828F8D899E89AF89B88DB58B95
:10879000A48B89818F778983DF91CF910D947B3E64
:1087A00081E0888380E0DF91CF910895CF93DF93BC
:1087B000EC010F94A1431B82DF91CF910895CF93D9
:1087C000DF93EB01FC012381211104C080E0DF91E4
:1087D000CF9108952250223028F48FE288831982A5
:1087E00081E0F5CF60E00F948743009779F3DC01D7
:1087F00060E080E09EE22D91203299F0883031F4E3
:108800009E01260F311DF90190836F5F9E01260F97
:10881000311DAD0141505109FA014081F9014083F8
:108820006F5F8F5F8B3039F7FE01E60FF11D10820D
:10883000D7CF2F923F924F925F926F927F928F92FB
:108840009F92AF92BF92CF92DF92EF92FF920F93DF
:108850001F93CF93DF9300D01F92CDB7DEB79C83D9
:108860008B834B017A01DC0113968C91811119C025
:108870008FEF9FEF0F900F900F900F90DF91CF91A0
:108880001F910F91FF90EF90DF90CF90BF90AF902E
:108890009F908F907F906F905F904F903F902F9020
:1088A0000895EB81FC81818180FFE2CF01891289EB
:1088B000238934894085518562857385C701B0E07D
:1088C000A0E028013901441A550A660A770A84157E
:1088D0009505A605B70518F07801E41AF50A6701B1
:1088E0008B819C8104969A838983612C32E0732E5C
:1088F000C114D10409F4B7C0AB81BC8118964D9165
:108900005D916D917C911B975A01B1E0BB22EB8187
:10891000FC81818D928D1A012B0129E05694479498
:10892000379427942A95D1F72381223091F5DC01E1
:108930005A966D917D918D919C915D97620D731DFD
:10894000841D951D83010A191B09C016D10608F460
:1089500086010115B2E01B0771F42091EB0E3091F6
:10896000EC0E4091ED0E5091EE0E621773078407E6
:10897000950709F059C040E00F94733F882309F42C
:1089800077CFB5016950714FA801C4010F945FC042
:1089900057C0FC01148111501221A114B10481F4BB
:1089A00011110EC0452B462B472B79F5EB81FC812D
:1089B00085899689A789B08D84839583A683B7839B
:1089C000AB81BC815996ED91FC915A9714966D91AB
:1089D0007D918D919C911797625071098109910940
:1089E000258504C0660F771F881F991F2A95D2F727
:1089F0002685378540895189620F731F841F951F13
:108A0000610F711D811D911D9DCFAB81BC8114969D
:108A10004D915D916D917C91179729813A810F94C9
:108A200042408111CDCF24CF9401AB01BC01809194
:108A3000F40E9091F50E0F94BA3E882309F418CFE6
:108A4000800E911EEB81FC8180859185A285B38586
:108A5000800F911FA11DB11D80879187A287B387C9
:108A6000C01AD10A45CFC70105CFDF92EF92FF921E
:108A70000F931F93CF93DF938C01EB017A018DE06D
:108A8000D82E40E250E0BE01C8010F941944803254
:108A9000910571F021E0892B09F420E0822F819566
:108AA000DF91CF911F910F91FF90EF90DF9008958C
:108AB0002881222309F43FC0253E19F32E3209F301
:108AC0003B853F733F3099F5E114F10481F14A8D04
:108AD0005B8D452B61F52F713FEF320F343038F548
:108AE0002150330BD29EC001D39E900D1124F7016B
:108AF000E80FF91F298120832B8121832D81228377
:108B00002F812383298524832E8525832889268305
:108B10002A8927832C8920872E892187288D2287DF
:108B20002C8D23872E8D2487288126FD15862B8565
:108B300023FDA7CFB5CF80E0B3CF4F925F926F9266
:108B40007F92AF92BF92CF92DF92EF92FF920F93FC
:108B50001F93CF93DF931F92CDB7DEB78C017B01BC
:108B60005A01C22EDB0159968D919C91F801928F8A
:108B7000818FCB010E94526E712CF7018085918507
:108B8000A285B385418952896389748984179507C1
:108B9000A607B70708F052C055E0B695A795979578
:108BA00087955A95D1F7F82FFF70DF2ED7011396CE
:108BB0008C91823010F480E0DBC041E050E0BE01D7
:108BC0006F5F7F4FC7010F9419440197A1F7F70119
:108BD00080859185A285B3854F96A11DB11D8087A3
:108BE0009187A287B387F0E2DF9EB001112469501C
:108BF000714F61157105F9F2DB018C91882341F009
:108C0000853E09F04CC0772029F077247394B5CFC6
:108C100071100EC08091EB0E9091EC0EA091ED0EB4
:108C2000B091EE0EF80184879587A687B787D08A22
:108C3000DB018C918111E9CF772473948C2D8274A0
:108C4000823409F0B8CF772009F4A2C0F801D088A7
:108C500061E0C8010F948743009709F4ACCF20E28C
:108C6000DC011D922A95E9F72BE0F501DC0101906A
:108C70000D922A95E1F721E238E2FC01318B208B3D
:108C800040E058E057874687338B228B318F208F07
:108C9000578B468B0F947B3E811109C08CCF4BE0E4
:108CA00050E0C5010F9452C0892B09F066CFF0E265
:108CB000DF9ED00111249D012950314FF901838598
:108CC000817121F08C2D827109F0FCC0F801818D39
:108CD000928D4091EB0E5091EC0E6091ED0E7091E3
:108CE000EE0E4487558766877787D08AFD01E95065
:108CF000F14F44885588712C612C3201552444244D
:108D0000D80155964D925D926D927C925897428D06
:108D1000538D70E060E044295529662977295596DE
:108D20004D935D936D937C935897D9011B962C912D
:108D3000287109F0B9C0848D958DA68DB78DF80185
:108D4000818B928BA38BB48B81E083838C2D8F706E
:108D5000F80181831482158216821782108611868B
:108D60001286138681E0C4FE03C0C8010F94A77D5C
:108D70000F90DF91CF911F910F91FF90EF90DF90B7
:108D8000CF90BF90AF907F906F905F904F9008957D
:108D9000D70113968C911397823009F40CCF51961A
:108DA0008D919D910D90BC91A02D803E9F4FAF4124
:108DB000B10508F000CFC7010F948C42882309F455
:108DC000FACE0F947B3E882309F4F5CED70159964D
:108DD000ED91FC915A9714964D905D906D907C901A
:108DE0001797B2E04B1A510861087108858504C0D5
:108DF000440C551C661C771C8A95D2F7868597858E
:108E0000A089B189480E591E6A1E7B1E81E080939D
:108E1000F30E4092EB0E5092EC0E6092ED0E7092BB
:108E2000EE0EE7EFFEE080E092E0DF019C011D9294
:108E300021503040E1F7DD24D394D7015996ED91CC
:108E4000FC918481D81698F427EF3EE0B301A2018B
:108E50004D0D511D611D711D8091F40E9091F50E07
:108E60000F94173E882309F4A6CED394E6CF258528
:108E700080E092E0A0E0B0E004C0880F991FAA1F34
:108E8000BB1F2A95D2F7F7014189528963897489FA
:108E9000840F951FA61FB71F818B928BA38BB48B5A
:108EA00087EF9EE0D12CDBCE203161F498012F5E5C
:108EB0003F4F0F94C540882329F084E0D8011396D2
:108EC0008C9344CFD80113961C9275CECF9390917A
:108ED000110E992309F4F6C0C82F873009F4BEC0DB
:108EE00008F046C0833009F4EDC080F5813009F404
:108EF00088C008F460C08BE70E945D6E83E00F9429
:108F0000F9170F94F5178DE70E945D6E0E94686F48
:108F1000C3E0C093CF0581E08093B5028091EA144D
:108F2000811105C080910004882309F478C08BE783
:108F30000E945D6E84E00F94F9170F94F51784E09A
:108F40008093CF0581E08093B5021EC0853009F47F
:108F500071C08CE49FE4C63008F46EC085E39FE4E2
:108F60000E94706F0F94F51788E08093CF0574C04E
:108F7000863109F49BC070F4843109F480C008F094
:108F800089C0883009F472C08DE70E945D6ECF9170
:108F90000C94686F8B3509F491C030F481E3CA35C5
:108FA00099F70F940618F0CF8C3509F489C084E343
:108FB000CD35B9F3E9CF8091BF02843021F48FE041
:108FC0000F940A2FE1CF0E94A557882311F08EE05D
:108FD000F7CF8091EA14811104C0809100048823A6
:108FE00011F084E0EDCF8BE70E945D6E81E00F947D
:108FF000F9170F94F5170F94A61881E08093CF0509
:10900000C3CF8BE70E945D6E82E00F94F9170F9437
:10901000F51782E08093CF05C093B502B5CF8BE7FB
:109020000E945D6E83E00F94F9170F94F517C093BB
:10903000CF0588CF8EE39FE40E94706F60E070E000
:10904000CB010E94D66E8DE50E945D6E8091CF05AA
:109050000F94F9170F94F51782E075CF8CE29FE417
:109060000E94706F0F94F51789E07FCF83E29FE431
:109070000E94706F0F94F5171092CF05EDCF8BE71C
:109080000E945D6E8091CF050F94F9170F94F5172C
:1090900084E059CF8BE70E945D6E0F944E180F94B9
:1090A000F5178091CF050F94F9176ECF8AE19FE4F1
:1090B0000E94706F0F94F51785E0A0CF82E371CF07
:1090C00083E36FCFCF910895CF92DF92EF92FF921B
:1090D0000F931F93CF93DF9300D000D01F921F9266
:1090E000CDB7DEB78091E5069091E6060097E1F1F5
:1090F0002091390230913A02243631054CF4AC010A
:10910000420F531F453651056CF4820F931F0CC05C
:109110002436310509F455C0AC01420F531F4436C3
:1091200051059CF784E690E090933A0280933902CF
:109130008091390290913A0282179307A9F0883EF4
:1091400053E0950714F087EE93E08A30910514F40C
:109150008AE090E090933A02809339021092E606FA
:109160001092E5060E94EE548091B7028111109290
:10917000B6061091B606112391F12FEF210F20931F
:10918000B60680912F0481110DC00E94F4688823D7
:1091900049F01092550460E08EEE91ED0E946F53FD
:1091A0000E94D66428960FB6F894DEBF0FBECDBFDE
:1091B000DF91CF911F910F91FF90EF90DF90CF90B3
:1091C00008958B3091051CF0865A9F4FADCF863F96
:1091D0004FEF94070CF0ACCF82599F4FA5CF6AE0B8
:1091E0006093B6068091B5068F5F8093B5068E3189
:1091F00009F09FC01092B5060E94D66410927C05BB
:109200000E9426600E949B6160910F0E7091100E6B
:10921000072E000C880B990B0F94C4B420E030E0AB
:1092200040E05FE30F945EBB0F94CFBC6B0120E086
:1092300030E040E05FE36091090E70910A0E80918A
:109240000B0E90910C0E0F945EBB0F94CFBCA60139
:1092500082E80F94A91983E00E94676080911D073E
:10926000813009F06EC08DEC9AE40E945C6061E090
:1092700080E00E9499606091C9067091CA06072E2D
:10928000000C880B990B0F94C4B420E030E040E050
:109290005FE30F945EBB0F94CFBC6B0120E030E026
:1092A00040E05FE360914C0570914D0580914E0563
:1092B00090914F050F945EBB0F94CFBCA60180E840
:1092C0000F94A91983E00E94676080913A028F93FE
:1092D000809139028F9386ED9AE49F938F930E9439
:1092E0004A6098E0981B892F0E94676062E080E0E6
:1092F0000E9499600F900F900F900F9080916C05D5
:10930000E090EA1481113EC029EEC22E2AE4D22E4A
:10931000E1103CC08DEEC82E8AE4D82E0E94015880
:10932000F82E8823D9F18091AC028F3F89F5F12C7A
:1093300035C00F94F1BA911163CF80E00E9495641B
:109340005DCF8091EA068823D9F080E21F928F9347
:109350008091F6068F938091F5068F938091F406A5
:109360008F938091F3068F9384EC9AE49F938F936D
:109370000E944A600FB6F894DEBF0FBECDBF77CF14
:109380008FE3E4CF91EFC92E9AE4D92EEE2031F28B
:1093900080913F04FF24F394882399F181EA9DE0B2
:1093A0000F9436BA082F0E94756D87FD2AC00817E2
:1093B00041F19BE00902B0011124675B724F47E065
:1093C00050E08E010F5F1F4FC8010F9426BA188618
:1093D0001F930F938EE89FE59F938F930E944A609F
:1093E0000F900F900F900F9080911414813009F01E
:1093F00062C00F94781995E0981B892F0E946760CE
:1094000067C0E11004C08091F70381114AC0DF9268
:10941000CF928AE89FE59F938F930E944A600F90B6
:109420000F900F900F908091FD03811104C08091E7
:10943000AC028536F0F18091AB028536D0F1809197
:109440007D17882319F18091F7179091F817A09153
:10945000F917B091FA170097A105B105B9F0BC0151
:10946000CD016D597F4F8F4F9F4F24E630E040E094
:1094700050E00F94A9BA6091FE177091FF17809188
:109480000018909101180F94A9BA122F212F30E0E3
:1094900083EE9AE4F11002C08DED9AE43F932F938E
:1094A0009BCF81E00E94676081EB96E00E94036899
:1094B000BACF182FEBCF8091110E882309F4ACC0DE
:1094C00085EF9AE49F938F930E944A600F900F90CC
:1094D0000E940158882309F4BCC08091FD038823B1
:1094E00009F49CC0C090B302D090B402E090B102E5
:1094F000F090B2028091B4068A3011F41092B40652
:109500008091B4068F5F8093B4062FEFE216F206C7
:1095100021F0970113E4863070F43FEFC316D306B1
:1095200009F085C00F94D82E2CE330E040E050E0E5
:109530000F94A9BA10E24091390250913A02443690
:10954000510509F477C0C216D30621F0E216F306DE
:1095500009F070C0A4E6B0E00F94D6BA9A01550F96
:10956000440B550B0F94A9BA4FE3E42E042E000CC4
:10957000FF08E12F012E000CFF0BC9016CE370E026
:109580000F94FFBA2037374108F056C0FF924F932F
:10959000FF931F939F938F937F936F938FE09BE431
:1095A0009F938F930E944A600FB6F894DEBF0FBE60
:1095B000CDBF98E0981B892F0E94676063E080E030
:1095C0000E9499600F94D8208091110E8823C1F0D9
:1095D0008091B502815009F445C08093B502809115
:1095E000B502853009F445C0883051F485E10F9407
:1095F000664780910004882319F086E10F9466473E
:1096000080910D0E882309F4BCCD8091050E811147
:10961000B8CD0F943A05B5CD85E0F0CEC090AF023D
:10962000D090B002E090AD02F090AE0263CF960110
:1096300012E581CF40E299CFFF924F93FF931F93A2
:109640007F936F9384E09BE49F938F930E944A6083
:10965000ABCF8BEF9AE49F938F930E944A600F9059
:109660000F90A7CF8AE08093B50280E00F94664701
:10967000B6CF8091EA14882319F284E1BFCFCF934B
:10968000DF9390916F05911121C0C62FD82F8823A9
:1096900011F18AE39DE5662311F088E49DE563E01E
:1096A0000E94ADED8BE395E70E94706F87E19DE529
:1096B000C11102C085EF9CE50E94977180E00F9474
:1096C00066478AE5D1118BE50F94664780E0DF910C
:1096D000CF910C94F47181ED9CE5662311F081EE3D
:1096E0009CE563E00E94ADED8BE395E70E94706F0F
:1096F00088EB9CE5C111E0CF80EA9CE5DDCF2F929D
:109700003F924F925F926F927F928F929F92AF9211
:10971000BF92CF92DF92EF92FF920F931F93CF935E
:10972000DF93CDB7DEB7E0970FB6F894DEBF0FBE7C
:10973000CDBF6A877B878C879D871A013AA729A7A7
:109740000F946B2510923E0229A53AA53093AD06E1
:109750002093AC061092AF061092AE060F94B11F84
:109760006E837F838887998737FEFFC03DE23F8FF6
:109770000F94B11F6CA37DA38EA39FA38AE69AE5E5
:10978000121413040CF48AC287E59AE50E949771BB
:109790006A857B858C859D850F94CFBC2FE721142E
:1097A000310409F4E5C0209382067093CA066093E1
:1097B000C9068E819F81A885B9858E879F87A88BD2
:1097C000B98B88A399A3AAA3BBA31A8A90E49B8B05
:1097D000ACE1AC8BB6E4BD8B1E8A1F8A188E198E45
:1097E0006FE7C62ED12CE12CF12C00E010E018AA76
:1097F0001FA61D822FE730E040E050E029833A8326
:109800004B835C831B8E1C8E1D8E1E8E31E03A8F27
:10981000A8954091670648A7442309F42CC20F94E9
:10982000CC282114310409F0AAC00091090E10912E
:109830000A0E50910B0E58AB80910C0E8FA72E89FB
:109840003F89488D598DB80188A99FA50F9453BCB5
:1098500087FD06C00E8B1F8BB8A9B88F2FA5298F47
:109860002A893B894C895D89B80188A99FA50F94F5
:10987000E7BD181634F00A8B1B8B38A93C8B4FA51B
:109880004D8B0F94B11F2CA13DA14EA15FA1621B76
:10989000730B840B950B653C79408105910540F075
:1098A0000E94C56C0F94B11F6CA37DA38EA39FA3D0
:1098B0004A8D442309F44CC02A853B854C855D853F
:1098C000B80188A99FA50F94E7BD18160CF0D3C165
:1098D0000F94B11F2E853F8548895989621B730BF0
:1098E000840B950B693873418105910508F4C3C158
:1098F000D701C60129813A814B815C81821B930B80
:10990000A40BB50BB595A7959795879521143104B0
:1099100009F440C0809382060F94B11F6E837F8349
:1099200088879987DC01CB012E853F854889598935
:10993000821B930BA40BB50B8B8F9C8FAD8FBE8FAF
:109940003A853E8B4B854F8B5C85588F8D85898FF3
:109950002A853B854C855D85B80188A99FA50F9414
:1099600053BC87FD1AC01A8E86C14AE04F8F00CFC4
:10997000209374057093100E60930F0E1ACF009110
:109980004C0510914D0590914E0598ABA0914F0557
:10999000AFA755CF80937405BFCF0F94B11F2E8111
:1099A0003F8148855985621B730B840B950B693881
:1099B000734181059105B8F20F94B11F6E877F87BF
:1099C000888B998B8091AE069091AF061816190678
:1099D0000CF02CC18E859F85A889B9892E813F8185
:1099E00048855985821B930BA40BB50B4B8C5C8C63
:1099F0006D8C7E8C480E591E6A1E7B1E2B8D3C8DF5
:109A00004D8D5E8D281B390B4A0B5B0B69817A816A
:109A10008B819C810F9499BAA30192010F9427BB6B
:109A2000DA01C9018C0D9D1DAE1DBF1D843191054C
:109A3000A105B1050CF43CC16C017D013CEEC316DF
:109A4000D104E104F1042CF04BEEC42ED12CE12C16
:109A5000F12C80389105A105B1050CF437C18EEFCA
:109A600090E0A0E0B0E08C199D09AE09BF098983A0
:109A70009A83AB83BC838FE49AE50E94706FC70121
:109A8000B6010E94D66E8AE49AE50E94706F6981E1
:109A90007A818B819C810E94D66E83E49AE50E9434
:109AA000706F42E06A897B898C899D890E94F26E81
:109AB0008CE39AE50E94706F6E897F89888D998DFD
:109AC0000F948C7A8091AE069091AF0603970CF4B8
:109AD000ADC069817A818B819C810F94C4B420E0F0
:109AE00030E040E850E40F9403B54B015C012A8953
:109AF0003B894C895D896E897F89888D998D0F940A
:109B00005DBB20ED3FE049E450E40F9403B520E055
:109B100030E040E05FE30F9403B59B01AC01C50169
:109B2000B4010F945DBC4B015C01C301B2010F9401
:109B3000C4B420E030E04AE754E40F945DBC2B014C
:109B40003C0186E39AE50E94706F42E0C501B401D2
:109B50000E94F26E80E39AE50E94706FC301B20129
:109B60000F948C7A2AE939E949E15FE3C501B40130
:109B70000F9403B54B015C01809250049092510404
:109B8000A0925204B0925304AC019B010F945EBBAF
:109B9000A30192010F945DBC60934C0470934D043B
:109BA00080934E0490934F04A3019201C501B40128
:109BB0000F9403B520E030E040E05EE30F9403B57E
:109BC000609348047093490480934A0490934B0433
:109BD00082E29AE50E9497718CE19AE50E94706F8B
:109BE00060915004709151048091520490915304FB
:109BF0000F948C7A86E19AE50E94706F60914C0414
:109C000070914D0480914E0490914F040F948C7A82
:109C100080E19AE50E94706F609148047091490458
:109C200080914A0490914B040F948C7A89819A8197
:109C3000AB81BC818C0D9D1DAE1DBF1DB595A7953B
:109C4000979587952114310409F445C080938206C5
:109C50008091AE069091AF0601969093AF068093E7
:109C6000AE063A853A8B4B854B8B5C855C8B8D853C
:109C70008D8B98A59A8F20E030E040EA51E46A8508
:109C80007B858C859D850F945EBB980148A95FA557
:109C90000F9453BC87FF22C086EE99E50E9497710E
:109CA00081E080933E021092AF061092AE0698C0FB
:109CB00034E1C32ED12CE12CF12C24E130E040E042
:109CC00050E029833A834B835C83D5CEC982DA8204
:109CD000EB82FC82D0CE80937405BACF0F94B11F73
:109CE00028A139A14AA15BA1621B730B840B950BC0
:109CF000613D77408105910558F1A0908206B12C15
:109D000083EE99E52114310429F4A0907405B12C57
:109D100080EE99E50E94706F42E0B80188A99FA586
:109D20000E94F26E8CED99E50E94706FC5010F9450
:109D30001F7C4D81442309F46CC05F8D451770F57D
:109D40004F5F4D830F94B11F68A379A38AA39BA390
:109D50000F94B11F4B015C010F94B11F4E805F80C7
:109D6000688479842E853F8548895989420E531E1F
:109D7000641E751E84189508A608B708860E971EDF
:109D8000A81EB91E31E883163FE4930632E1A3060C
:109D9000B10408F447C08FEB99E580CF8D819F8D8A
:109DA0008913D0CF8F5F8D832BA53CA54DA55EA5D4
:109DB000B80188A99FA50F945DBB9F7720E030E094
:109DC00040EA50E40F9453BC87FFBCCF632D661F5D
:109DD0006627661F80E00F943F4B81E080933E0230
:109DE000E0960FB6F894DEBF0FBECDBFDF91CF91E6
:109DF0001F910F91FF90EF90DF90CF90BF90AF90A9
:109E00009F908F907F906F905F904F903F902F909A
:109E100008950BA71CA7A8A9ADA7BFA5BEA721E0C1
:109E20002D8390CF8091AE069091AF0649A55AA59B
:109E3000481759071CF483E699E530CF80E00E946B
:109E40003860E6CC6F927F928F929F92AF92BF92D2
:109E5000CF92DF92EF92FF920F931F93CF93DF93F6
:109E60001F92CDB7DEB7A89580916706882309F4C5
:109E7000B9C00F94CC2880919E0680FF4FC01091EE
:109E80008E1300918F13B0909013A0909113CE0178
:109E900001960F94ED27C0909A06D0909B06E09013
:109EA0009C06F0909D06CE0101960F94E027AF929C
:109EB000BF920F931F9321E73DE34AE85EE3C7019A
:109EC000B6010F945DBC9F938F937F936F9381E155
:109ED0009BE59F938F930F94F8B890919E060FB6D1
:109EE000F894DEBF0FBECDBF80913D0291FF91C0BF
:109EF0009091A102992309F485C0882369F061E05B
:109F000081EA9CE40E94ADED9FB7F8948091020134
:109F10008460809302019FBF1092A1028091790515
:109F2000882389F0809179058295869587708430A1
:109F300008F082C0823008F025C1882309F4F9C0F6
:109F4000813009F494C00E94DB7F809199068823B8
:109F500009F448C080918E0670909806871509F420
:109F600041C0CE0101960F94ED2700918D0610910E
:109F70008E0660908F06C0909006D0909106E0907B
:109F80009206F09093068090940690909506A0908B
:109F90009606B0909706CE0101960F94E027109395
:109FA0009806BF92AF929F928F92FF92EF92DF92AC
:109FB000CF921F926F92802F000F990B01969F9363
:109FC0008F93812F87198150990B9F938F9384E9E9
:109FD0009AE59F938F930F94F8B80FB6F894DEBF6D
:109FE0000FBECDBF0F90DF91CF911F910F91FF90CA
:109FF000EF90DF90CF90BF90AF909F908F907F9029
:10A000006F900895882309F489CF84E0809300013C
:10A0100085CF90919E069E7F90939E06882341F067
:10A020009FB7F894809102018B7F809302019FBFBC
:10A0300081E08093A10272CF843009F084CF8091B7
:10A04000790581FFBCC080916F05811104C08CEF40
:10A050009AE50E94977181E00E94F4719FB7F8948D
:10A06000809102018460809302019FBF6CCF809138
:10A0700079058695869583708130F1F158F08230AC
:10A0800009F061CF80916F05811117C061E08EEBFF
:10A090009AE53DC08091790581FF13C060917905F3
:10A0A0006295617080916F05811107C08AEA9AE517
:10A0B0000F9450228CE50F94664780E00E94F47163
:10A0C00042CF60910705709108056B5F7F4F072EA7
:10A0D000000C880B990B0F94C4B48B019C01409128
:10A0E000090E50910A0E60910B0E70910C0E8DE9C5
:10A0F00092E00F94151827CF8091790581FF0AC04F
:10A1000080916F058111D9CF61E082EB9AE50F94C0
:10A110005022D3CF40914C0550914D0560914E0592
:10A1200070914F0500E010E020E731E489E992E00A
:10A13000E0CF809179058695869583708130D1F046
:10A1400058F0823009F0FFCE80916F058111B5CFB4
:10A1500061E08EED9AE5DBCF6091790562956170E3
:10A1600080916F058111A9CF8AEC9AE50F94502256
:10A170008DE5A1CF80916F0581119FCF61E082EDC8
:10A180009AE5C5CF80917905869586958370823052
:10A1900008F0D9CE80917905869586958370909147
:10A1A000790592959695977061E0813009F060E0AD
:10A1B00081E0923009F080E00F943F4BC4CE1092C2
:10A1C00079059FB7F894809102018B7F80930201FB
:10A1D0009FBF8091C9069091CA06892B39F480915E
:10A1E000130690E09093CA068093C9068AEE9AE51A
:10A1F0000E949771A8CE0F94224F0E947C7F0E94EC
:10A2000074710E94DB7F80E00C94386060910F0EC7
:10A210007091100E65507109072E000C880B990B78
:10A220000F94C4B49B01AC016091090E70910A0EA9
:10A2300080910B0E90910C0E0F9453BC87FF07C0BA
:10A2400080917905811103C00F94FB50DFCF0895F1
:10A25000CF92DF92EF92FF927C010F94B11F9B018E
:10A26000AC012E0D3F1D411D511D69017A010F9456
:10A27000B11F6C157D058E059F0538F48091790519
:10A28000811103C00F94FB50F2CFFF90EF90DF904D
:10A29000CF900895CF93DF9300D01F92CDB7DEB754
:10A2A0009091FE0D8091FF0D981709F446C00F9410
:10A2B000224F80913B02843038F081E00E94508A26
:10A2C00080E00E943860ECCF19821A821B821C82C7
:10A2D000AE014F5F5F4F6FE60F941C1C89819A811E
:10A2E000AB81BC819370AA27BB2740912A0450916F
:10A2F0002B0460912C0470912D04840F951FA61FD0
:10A30000B71F80932A0490932B04A0932C04B0933E
:10A310002D048091260490912704A0912804B091E7
:10A3200029040196A11DB11D809326049093270452
:10A33000A0932804B0932904B3CF0F900F900F90EF
:10A340000F90DF91CF9108952091EC123091ED1292
:10A35000BC01C9018E5F9E4E0F943DB89C01909345
:10A36000CE058093CD0581E0232B09F480E008958C
:10A3700088E19EE00FB6F894A895809360000FBE28
:10A38000909360009FB7F89480910201846080935D
:10A3900002019FBF0E94A2614DED59E461E080E09F
:10A3A0000E944661FFCF6091FE0D9091FF0D30E05D
:10A3B00020E08EE6961761F0899FF0011124E657A0
:10A3C000F84F40815181240F351F9F5F9F70F2CF5E
:10A3D000C90108953091FE0D2091FF0D321791F0C3
:10A3E000E091FE0DE11101C0E0E1E1502EE6E29FB7
:10A3F000F0011124E657F84F20813181820F931F1D
:10A400009183808308958F929F92AF92BF92CF9253
:10A41000DF92EF92FF920F931F93CF93DF93C09140
:10A420006D02D0916E028CE1E82E8EE0F82E00EBEA
:10A4300015E06E0180E1C80ED11C69917991899176
:10A440009991F70181909190A190B1907F010F9423
:10A45000C2B4A50194010F9403B50F94D6BCF801C2
:10A4600061937193819391938F01CC15DD0529F749
:10A47000DF91CF911F910F91FF90EF90DF90CF90E0
:10A48000BF90AF909F908F9008958091E3068111C7
:10A490000EC08CE29EE09093700280936F028CE37A
:10A4A0009EE090936E0280936D020D940352813072
:10A4B000E1F784EB9EE09093700280936F0284EC4E
:10A4C0009EE0EFCFFC014081518162817381409316
:10A4D0003D0550933E0560933F05709340052091E4
:10A4E000280E3091290E40912A0E50912B0E60813A
:10A4F0007181828193810F9403B50F949BBEECEF21
:10A50000F6E064877587868797878FB7F8944485C8
:10A510005585668577854093180750931907609392
:10A520001A0770931B078FBF0895FC01408151816A
:10A53000628173814093390550933A0560933B05DE
:10A5400070933C052091240E3091250E4091260EEB
:10A550005091270E60817181828193810F9403B5A0
:10A560000F949BBE609304077093050780930607C2
:10A57000909307070D94438F2F923F924F925F92D3
:10A580006F927F928F929F92AF92BF92CF92DF9203
:10A59000EF92FF920F931F93CF93DF93CDB7DEB768
:10A5A000C558D1090FB6F894DEBF0FBECDBF69A361
:10A5B0007AA38BA39CA32DA33EA34FA358A7A89631
:10A5C000ECAEFDAE0EAF1FAFA897AA96DFAECEAE33
:10A5D000AA9789AA99AEADAEBDAAC556DF4F08812C
:10A5E0001981CB59D0408091FE0D8F5FA1968FAF1E
:10A5F000A197803119F4A1961FAEA1978091FF0D0C
:10A60000A1962FADA19782130FC00F94224F80E027
:10A610000E94508A80E00E9438608091FF0DA196D0
:10A620003FADA197831789F34091050EA2964FAFD6
:10A63000A297442311F183E695E70E94706F80EDA5
:10A6400099E40E949771CB57DF4F0FB6F894DEBFA5
:10A650000FBECDBFDF91CF911F910F91FF90EF9073
:10A66000DF90CF90BF90AF909F908F907F906F9032
:10A670005F904F903F902F9008959091FE0D292E5E
:10A68000312C8EE6989FD0011124A496BFAFAEAFB7
:10A69000A497CD01825E984FFC01E95BFF4F1082C9
:10A6A00084599F4FFC01118210820115110511F48C
:10A6B0000D94B05D80E1F801AA58B84F01900D9259
:10A6C0008A95E1F78EE6829D8001839D100D11240D
:10A6D000025E184FF801E859FF4FC356DF4F8881DB
:10A6E0009981CD59D0409183808306591F4F609145
:10A6F000B9027091BA028091BB029091BC020F9492
:10A70000D6BCD8016D937C9380911C058823A9F059
:10A71000109208071092090710920A0710920B076F
:10A7200010923D0510923E0510923F051092400593
:10A7300010921C0581E080931B05BE016B5D7F4F6D
:10A74000CE0181960E94555BC9A0DAA0EBA0FCA0C7
:10A7500020911C0E30911D0E40911E0E50911F0E27
:10A76000C701B6010F9403B50F949BBEC258DF4FCB
:10A77000688379838A839B83CE57D0408DA09EA027
:10A78000AFA0B8A42091200E3091210E4091220E4E
:10A790005091230EC501B4010F9403B50F949BBED5
:10A7A000CE57DF4F688379838A839B83C258D0401A
:10A7B00080911C14882311F40D94B75DA5019401B8
:10A7C000C701B6010F94C87AA8962CAD3DAD4EAD29
:10A7D0005FADA8970F945EBB2091240E3091250E9B
:10A7E0004091260E5091270E0F9403B50F949BBEF7
:10A7F000E6966CAF7DAF8EAF9FAFE697AA96EEADB3
:10A80000FFADAA9780809180A280B3802091280E0E
:10A810003091290E40912A0E50912B0EC501B401A2
:10A820000F9403B50F949BBEAE966CAF7DAF8EAF09
:10A830009FAFAE978091080790910907A0910A07F2
:10A84000B0910B07AE964CAC5DAC6EAC7FACAE97E6
:10A85000481A590A6A0A7B0A8091FC069091FD0603
:10A86000A091FE06B091FF06C258DF4FC880D98084
:10A87000EA80FB80CE57D040C81AD90AEA0AFB0A00
:10A880008091000790910107A0910207B091030702
:10A89000CE57DF4F288139814A815B81C258D04031
:10A8A000281B390B4A0B5B0B29A73AA74BA75CA7C0
:10A8B0008091040790910507A0910607B0910707C2
:10A8C000E6962CAD3DAD4EAD5FADE697281B390B3E
:10A8D0004A0B5B0B2DA73EA74FA758AB4114510461
:10A8E0006104710409F480C06091090E70910A0E30
:10A8F00080910B0E90910C0E0F94CFBC20916B02A7
:10A9000030916C02621773070CF5AE968CAD9DAD5D
:10A91000AEADBFADAE978093080790930907A093A3
:10A920000A07B0930B0780923D0590923E05A092D6
:10A930003F05B092400583E695E70E94706F86EB75
:10A9400099E40E949771412C512C3201C301B2014C
:10A9500077FE07C066277727CB016419750986093A
:10A9600097090F94C4B44B015C0120E030EA45E341
:10A9700054E46091280E7091290E80912A0E9091D6
:10A980002B0E0F9403B59B01AC01C501B4010F94CC
:10A99000E7BD18164CF5AE962CAD3DAD4EAD5FAD96
:10A9A000AE97209308073093090740930A07509306
:10A9B0000B07AA96EEADFFADAA9780819181A28187
:10A9C000B38180933D0590933E05A0933F05B093DE
:10A9D000400583E695E70E94706F88E999E40E943C
:10A9E0009771412C512C32018EE6829DF001839D9E
:10A9F000F00D1124E25EF84FD701C601F7FE07C043
:10AA000088279927DC018C199D09AE09BF0980832D
:10AA10009183A283B3838EE6829DF001839DF00D26
:10AA20001124E25EF84F89A59AA5ABA5BCA5B7FF96
:10AA300007C0B095A095909581959F4FAF4FBF4FA0
:10AA400084839583A683B7838EE6829DF001839DE0
:10AA5000F00D1124E25EF84F8DA59EA5AFA5B8A913
:10AA6000B7FF07C0B095A095909581959F4FAF4FC8
:10AA7000BF4F80879187A287B387B301A20177FE7A
:10AA800007C044275527BA014419550966097709B3
:10AA90008EE6829DF001839DF00D1124E25EF84F59
:10AAA00044875587668777870081118122813381AA
:10AAB00084819581A681B78180179107A207B3078A
:10AAC00014F4D901C801EEE6BE2EB29CF001B39C8D
:10AAD000F00D1124E25EF84F80849184A284B38447
:10AAE00088159905AA05BB0514F4D501C40184177E
:10AAF0009507A607B70714F4DB01CA014EE6429D8D
:10AB0000F001439DF00D1124E25EF84F808B918B94
:10AB1000A28BB38B0697A105B1050CF494CD80915F
:10AB20004304DF01AA5BBF4F8C93F7FE02C00D9474
:10AB3000C75D108E89A59AA5ABA5BCA5B7FF0BC0B4
:10AB40008EE6829DF001839DF00D1124E25EF84FA8
:10AB5000808D8260808F8DA59EA5AFA5B8A9B7FF17
:10AB60000BC08EE6829DF001839DF00D1124E25E04
:10AB7000F84F808D8460808F77FE0BC08EE6829DBB
:10AB8000F001839DF00D1124E25EF84F808D886006
:10AB9000808F012B022B032B09F017988EE6829DE4
:10ABA000F001839DF00D1124E25EF84F84819581C0
:10ABB000A681B781892B8A2B8B2B09F016988EE6FC
:10ABC000829DF001839DF00D1124E25EF84F808597
:10ABD0009185A285B385892B8A2B8B2B09F015983B
:10ABE0008EE6829DF001839DF00D1124E25EF84F08
:10ABF00084859585A685B785892B8A2B8B2B09F0B3
:10AC000014988EE6829DF001839DF00D1124E25E82
:10AC1000F84F24853585468557852A962CAF3DAF5C
:10AC20004EAF5FAF2A97232B242B252B09F0B3C7F8
:10AC3000A090580EB090590E00915A0E10915B0ED4
:10AC400029A939AD4DAD5DA9B501C8010F94E7BD86
:10AC5000181624F4A9AAB9AE0DAF1DABC701B601F1
:10AC60000F94C4B420911C0E30911D0E40911E0E05
:10AC700050911F0E0F945DBC4B015C0189829A823A
:10AC8000AB82BC8269A57AA58BA59CA50F94C4B4A0
:10AC90002091200E3091210E4091220E5091230ED2
:10ACA0000F945DBC6B017C01CD82DE82EF82F88661
:10ACB0006DA57EA58FA598A90F94C4B42091240EEC
:10ACC0003091250E4091260E5091270E0F945DBCB9
:10ACD00022966CAF7DAF8EAF9FAF229769877A8740
:10ACE0008B879C87C301B2010F94C4B42091280EB6
:10ACF0003091290E40912A0E50912B0E0F945DBC7D
:10AD000026966CAF7DAF8EAF9FAF26976D877E87FF
:10AD10008F87988B8EE6829DF001839DF00D112424
:10AD2000E25EF84F80819181A281B3812E968CAF33
:10AD30009DAFAEAFBFAF2E970697A105B1050CF042
:10AD400033C784819581A681B7810697A105B10596
:10AD50000CF02AC780859185A285B3850697A10549
:10AD6000B1050CF021C726968CAD9DADAEADBFAD43
:10AD70002697BF7785A796A7A7A7B0AB8EE6829D3B
:10AD8000F001839DF00D1124E25EF84F45A456A416
:10AD900067A470A8A301920160E070E080E89FE3DF
:10ADA0000F945DBC29A939AD4DAD5DA90F9403B5D4
:10ADB0006B017C018091FE0D9091FF0D891B8F70BE
:10ADC0008DAF8250863008F040C0A701960160E048
:10ADD00074E284E799E40F945DBC0F949BBE4B0131
:10ADE0005C0180915C0E90915D0EA0915E0EB09121
:10ADF0005F0E88169906AA06BB0638F5BC01CD0180
:10AE0000681979098A099B09660F771F881F991F9E
:10AE1000ADAD2A2F30E050E040E00F94A9BACA014E
:10AE2000B9010F94C2B40F94CFBC680D791D8A1D6F
:10AE30009B1D0F94C2B49B01AC0160E074E284E7F7
:10AE400099E40F945DBC6B017C01A3019201C701E1
:10AE5000B6010F9403B56DAB7EAB8FAB98AF8EE6AA
:10AE6000829D8001839D100D1124025E184F2DA933
:10AE70003EA94FA958ADD80191962D933D934D937E
:10AE80005C93949750966D917D918D919C91539781
:10AE90000F94C2B469AF7AAF8BAF9CAF9B01AC018A
:10AEA000C701B6010F9403B50F943CBC0F94D6BCF8
:10AEB00062966CAF7DAF8EAF9FAF6297F80166ABC5
:10AEC00077AB80AF91AF9E012F5F3F4F6C963FAF46
:10AED0002EAF6C97AE014F5E5F4FA0965FAF4EAF47
:10AEE000A09780916F02909170029AAB89AB4096C7
:10AEF0006E969FAF8EAF6E9768965FAF4EAF6897B6
:10AF000019A61DA600E81FE36C96AEADBFAD6C9709
:10AF10002D913D914D915D916C96BFAFAEAF6C9709
:10AF2000C701B6010F9403B56896EEADFFAD689703
:10AF300061937193819391936896FFAFEEAF689799
:10AF40004B015C01E894B7F8A9A9BAA92D913D91EC
:10AF50004D915D91BAABA9AB66962CAF3DAF4EAFAC
:10AF60005FAF6697C501B4010F94E7BD1816B4F43E
:10AF7000A501940166966CAD7DAD8EAD9FAD6697D3
:10AF80000F945DBC4B015C0129A53DA5A8010F9460
:10AF9000E7BD18161CF089A69DA685016E96EEAD3C
:10AFA000FFAD6E9729A93AA9E217F30709F0ACCFD4
:10AFB00020E030E040E85FE369A57DA5C8010F947B
:10AFC00053BC87FF50C0A096AEACBFACA09730E199
:10AFD000A30EB11CA096CEACDFACA097D6016D91AC
:10AFE0007D918D919D916D017D01B4E0EB1AF10889
:10AFF00029A53DA5A8010F9403B5F70160837183CE
:10B0000082839383AC14BD0449F72EE6229DC001D0
:10B01000239D900D11249C01225E384F790129A5B2
:10B020003DA5A8016DA97EA98FA998AD0F9403B580
:10B03000D70191966D937D938D939C93949762968F
:10B040006CAD7DAD8EAD9FAD62970F94C2B429A556
:10B050003DA5A8010F9403B50F94D6BCF70166ABCC
:10B0600077AB80AF91AFA301920169AD7AAD8BADA3
:10B070009CAD0F945DBC69A77AA78BA79CA72E9661
:10B080002CAD3DAD4EAD5FAD2E97232B242B252B44
:10B0900009F0B9C58EE6829D8001839D100D1124B3
:10B0A000025E184FF80184819581A681B781892BB2
:10B0B0008A2B8B2B09F0A7C580859185A285B38546
:10B0C000892B8A2B8B2B09F09EC52091500E309135
:10B0D000510E4091520E5091530E69A57AA58BA541
:10B0E0009CA50F9403B50F943CBC0F94D6BC2B01C8
:10B0F0003C01F801E45BFF4F10826A961CAE1DAE66
:10B100001EAE1FAE6A978EE6829D8001839D100D54
:10B110001124025E184FF801EE5BFF4F408251820E
:10B1200062827382C301B2010F94C2B46B017C01CD
:10B1300029A53AA54BA55CA50F945DBCE2966CAF22
:10B140007DAF8EAF9FAFE297F80161AB72AB83AB7F
:10B1500094AB2DEB37E346E051E4C701B6010F9401
:10B1600003B50F94D6BCD80154966D937D938D93FF
:10B170009C9357979196BC912796BFAF2797F8015C
:10B18000F2A12B96FFAF2B97D8019396BC912F96E7
:10B19000BFAF2F97F801F4A16396FFAF639720E646
:10B1A0003EE0EE963FAF2EAFEE97A0964EAC5FAC72
:10B1B000A09730E1430E511C00E61EE0A0966EAC55
:10B1C0007FACA09727964FAD279749A72B965FADE9
:10B1D0002B975DA7B9ABF9AF1DAAD3018D909D90B8
:10B1E000AD90BD903D01E894B7F8F801C190D190C1
:10B1F000E190F1908F01A5019401C701B6010F9470
:10B2000053BC87FF3AC0FDA9FF2309F47EC629A5D8
:10B210003DA549A959ADC501B4010F9403B54B0132
:10B220005C01A701960127966FAD27972B967FADFE
:10B230002B972F968FAD2F9763969FAD63970F94A3
:10B2400003B56B017C01AC019B01C501B4010F94F6
:10B25000E7BD181694F4A5019401C701B6010F9437
:10B260005DBC9B01AC0169A57DA589A999AD0F9431
:10B2700003B569A77DA789AB99AF4614570409F0B8
:10B28000ACCF8EE6829DF001839DF00D1124E25E2D
:10B29000F84F15AA80911B05882321F080E185AB2A
:10B2A00010921B053DAD323008F48FC640911D054C
:10B2B0006B964FAF6B9750911E056D965FAF6D9774
:10B2C00000911F051091200527E137EB41ED58E370
:10B2D0006B966FAD6B976D967FAD6D97C8010F94B0
:10B2E000E7BD18160CF071C66B962FAD6B976D9677
:10B2F0003FAD6D97A80127966FAD27972B967FAD31
:10B300002B972F968FAD2F9763969FAD63970F94D2
:10B3100053BC87FF01C66B962FAD6B976D963FAD03
:10B320006D97A80127966FAD27972B967FAD2B972A
:10B330002F968FAD2F9763969FAD63970F945DBC4B
:10B34000EC966CAF7DAF8EAF9FAFEC9727968FAD2D
:10B3500027978DAF2B969FAD2B979DAB2F96AFADBB
:10B360002F97AEAF6396BFAD63972396BFAF23977A
:10B3700021E235E0E8963FAF2EAFE897412C512C03
:10B3800030E8632E3FE3732EE896AEADBFADE8978D
:10B390008D909D90AD90BD90E896BFAFAEAFE89711
:10B3A000A096EEADFFADA097C190D190E190F19045
:10B3B000A096FFAFEEAFA0976B962FAD6B976D96F3
:10B3C0003FAD6D97A80127966FAD27972B967FAD60
:10B3D0002B972F968FAD2F9763969FAD63970F9402
:10B3E00053BC87FF0CC0EC962CAD3DAD4EAD5FADB0
:10B3F000EC97C501B4010F9403B54B015C01A29613
:10B40000FFADA297FF2381F0A3019201C501B40112
:10B410000F9403B54B015C01A3019201C701B60172
:10B420000F9403B56B017C01A7019601C501B4011E
:10B430000F94E7BD20E030E0A90118160CF0A3C579
:10B44000C701B6010F94E7BD18164CF020E030E0BC
:10B45000A901C501B4010F9453BC87FF85C5A7019D
:10B460009601C501B4010F945DBB6B017C01EE96A2
:10B47000AEADBFADEE978D909D90AD90BD90EE9628
:10B48000BFAFAEAFEE97A5019401C701B6010F940F
:10B49000E7BD181694F4A7019601C501B4010F94F5
:10B4A0005DBC9B01AC01C301B2010F9403B52B013C
:10B4B0003C01B1E0A296BFAFA297E1E3F5E0E896C8
:10B4C0002EAD3FADE897E217F30709F05DCFA296E6
:10B4D0003FADA297332381F0A30192016DAD7DA909
:10B4E0008EAD23969FAD23970F9403B56DAF7DABC3
:10B4F0008EAF23969FAF239724EA30E74DE75FE3B3
:10B500006DAD7DA98EAD23969FAD23970F9403B5A6
:10B510006B017C01AC019B016091AC057091AD05A4
:10B520008091AE059091AF050F94E7BD1816FCF41D
:10B5300029A53DA549A959ADC701B6010F9453BC32
:10B5400087FF15C08EE6829DF001839DF00D1124CA
:10B55000E25EF84F85A9846085AB49A54DAF5DA536
:10B560005DAB89A98EAF99AD23969FAF23978EE6E9
:10B57000829D8001839D100D1124025E184F8DADB8
:10B580009DA9AEAD2396BFAD2397F80181A792A7E1
:10B59000A3A7B4A729A53DA549A959AD69A57DA52E
:10B5A00089A999AD0F9403B56B017C01E2966CAD4E
:10B5B0007DAD8EAD9FADE29790589B01AC010F948D
:10B5C0005EBBD8019D962D913D914D915C91D09798
:10B5D0000F9403B59B01AC01C701B6010F945DBB8D
:10B5E0000F942CBFD62EE72E8C012DAD3DA94EAD6C
:10B5F00023965FAD23970F94E7BD181634F0DDAEA8
:10B60000EDAA0EAF23961FAF23978EE6829DF00121
:10B61000839DF00D1124E25EF84F8DAD9DA9AEAD76
:10B620002396BFAD239785A396A3A7A3B0A7F5A89C
:10B630002D2D3E2DA80127966FAD27972B967FAD18
:10B640002B972F968FAD2F9763969FAD63970F948F
:10B6500053BC18160CF4CFC483E09EE6929D800183
:10B66000939D100D1124025E184FF82AF801F5AAD7
:10B6700080E1FE017196A1E2B5E001900D928A95FC
:10B68000E1F727968FAD27972B969FAD2B972F9697
:10B69000AFAD2F976396BFAD639780931D059093D1
:10B6A0001E05A0931F05B093200589A59DA5A9A9F6
:10B6B000B9AD8093AC059093AD05A093AE05B09362
:10B6C000AF05D801D6966D917D918D919C91D997BA
:10B6D0000F94C2B427962FAD27972B963FAD2B978B
:10B6E0002F964FAD2F9763965FAD63970F945DBC18
:10B6F0002B013C01F801E85BFF4F408251826282DE
:10B70000738234968081882309F489C02091C7050B
:10B710003091C8054091C9055091CA056A966CAD33
:10B720007DAD8EAD9FAD6A970F9403B54B015C0163
:10B73000C090280ED090290EE0902A0EF0902B0E8B
:10B740000C5A1F4FA70196010F9403B5A301920154
:10B750000F945DBCF801608371838283938320E042
:10B7600030E0A9016A966CAD7DAD8EAD9FAD6A9754
:10B770000F94E7BD18160CF040C4A5019401E296A1
:10B780006CAD7DAD8EAD9FADE2970F9403B5A70173
:10B7900096010F9403B56B017C0120E030E44CE18D
:10B7A00057E40F94E7BD18163CF4C12C20E4D22EC8
:10B7B0002CE1E22E27E4F22EA701960160E074E26C
:10B7C00084EF99E40F945DBC4B015C0120E030E410
:10B7D0004CE956E4C701B6010F94E7BD18160CF00A
:10B7E00017C48EE6829D8001839D100D1124025E98
:10B7F000184F7801FDE4EF0EF11C20E030E040E846
:10B8000050E4C501B4010F9403B50F94D6BCD70121
:10B810006D937C93F801ED5AFF4F84E0808309A576
:10B820001DA529A939AD4DAD5DA96EAD23967FAD9E
:10B830002397A4968EAD9FADA497825E984F0E94E9
:10B8400053498EE6829DF001839DF00D1124E25E46
:10B85000F84F80899189A289B38981159048A10503
:10B86000B10518F485A9886085AB8FB7F8949091DD
:10B87000050E911193C4A1963FADA1973093FE0D93
:10B880008FBFC258DF4F88819981AA81BB81CE5773
:10B89000D0408093FC069093FD06A093FE06B093E3
:10B8A000FF06CE57DF4F288139814A815B81C2581C
:10B8B000D040209300073093010740930207509334
:10B8C0000307E6968CAD9DADAEADBFADE697809318
:10B8D000040790930507A0930607B0930707AE9659
:10B8E0002CAD3DAD4EAD5FADAE97209308073093C4
:10B8F000090740930A0750930B0789A19AA1ABA1AE
:10B90000BCA18093310590933205A0933305B09389
:10B9100034058DA19EA1AFA1B8A580933505909364
:10B920003605A0933705B0933805A8968CAD9DAD2C
:10B93000AEADBFADA8978093390590933A05A0931B
:10B940003B05B0933C05AA96EEADFFADAA9780816A
:10B950009181A281B38180933D0590933E05A09390
:10B960003F05B0934005F090FF0D8091FE0D8F19BB
:10B970008F70833040F11091FE0D111101C010E164
:10B980001150FEE61F9FC00111249C01225E384F1A
:10B990005901111101C010E111503EE6139FC00181
:10B9A0001124AC01425E584F6A019EE6692EF116E1
:10B9B00069F0D601D5960C9102FF7EC38091FE0DF1
:10B9C000811B8F70F12E823008F4A3C03EE6F39EF7
:10B9D000C0011124AC01425E584F5A01F39450E16A
:10B9E000F51201C0F12CAEE6FA9EC0011124FC0153
:10B9F000E25EF84F6F018EE6882ED501D5968C91C8
:10BA0000D59781FD5AC095964D905D906D907C9034
:10BA10009897F60195A0E6A007A110A5292D3E2D27
:10BA2000A801C301B2010F9453BC87FF46C0A30114
:10BA30009201C301B2010F9403B52B013C01D50162
:10BA4000D1966D917D918D919C91D49790589B0149
:10BA5000AC010F945EBBF50125A536A547A550A9FD
:10BA60000F9403B59B01AC01C301B2010F945DBB00
:10BA70000F942CBF2B013C019B01AC01692D7E2D45
:10BA8000C8010F9453BC87FF03C0492C5E2C3801BA
:10BA90009201A301692D7E2DC8010F9453BC882308
:10BAA00061F0D601D5962C91C201D301F60185A390
:10BAB00096A3A7A3B0A7216025ABD501D5968C91FD
:10BAC000D597F60195A9892B80FF14C005A116A171
:10BAD00027A130A595964D915D916D917C91989798
:10BAE000C5010E945349D501D5968C91D5978E7F7B
:10BAF000D5968C93F394B0E1FB1201C0F12CF89C25
:10BB0000C0011124825E984F2091FE0D5601F21261
:10BB100043C38091FE0D811101C080E18150EEE6AA
:10BB20008E9FC00111249C01225E384F7901D901FA
:10BB300095964D915D916D917C91989709A51DA564
:10BB400029A939ADC7010E945349F70185A98E7F04
:10BB500085AB80916F00826080936F000D942353BA
:10BB6000AA58B84F80E1EBEEF6E00D945E532091B9
:10BB7000240E3091250E4091260E5091270EA89646
:10BB80006CAD7DAD8EAD9FADA8970D94F45381E063
:10BB9000808F0D949A55A090540EB090550E009140
:10BBA000560E1091570E4CC8C501B4010F94FFB446
:10BBB0004B015C01C701B6010F94FFB49B01AC01BE
:10BBC000C501B4010F945EBB6B017C0122966CAD84
:10BBD0007DAD8EAD9FAD22970F94FFB49B01AC015C
:10BBE000C701B6010F945EBB0F942CBF2EE6229DB9
:10BBF000F001239DF00D1124E25EF84F65A776A7B2
:10BC000087A790ABBBC82A962CAD3DAD4EAD5FADBE
:10BC10002A97232B242B252B09F40EC160914C0E5F
:10BC200070914D0E80914E0E90914F0E29A53AA520
:10BC30004BA55CA50F9403B50F943CBC0F94D6BCE8
:10BC40002B013C018091C7059091C805A091C905C1
:10BC5000B091CA058DA79EA7AFA7B8AB20E030E092
:10BC6000A901BC01CD010F94E7BD18160CF0EDC081
:10BC700020E030E0A90126966CAD7DAD8EAD9FAD84
:10BC800026970F94E7BD87FDE0C022966CAD7DAD91
:10BC90008EAD9FAD22979F7720E030E040E05FE3DC
:10BCA0000F9453BC87FFD1C08EE6829D8001839D97
:10BCB000100D11240659184F81E0D8018C93209162
:10BCC000310530913205409133055091340569A119
:10BCD0007AA18BA19CA10F945DBB69AB7AAB8BABB6
:10BCE0009CAB209135053091360540913705509138
:10BCF00038056DA17EA18FA198A50F945DBB4B0166
:10BD00005C012091390530913A0540913B055091F5
:10BD10003C05A8966CAD7DAD8EAD9FADA8970F94F8
:10BD20005DBB6B017C0129A93AA94BA95CA9CA0199
:10BD3000B9010F9403B569AB7AAB8BAB9CABA50192
:10BD40009401C501B4010F9403B59B01AC0169A92D
:10BD50007AA98BA99CA90F945EBB4B015C01A7013A
:10BD60009601C701B6010F9403B59B01AC01C50153
:10BD7000B4010F945EBB0F942CBF6B017C0120912A
:10BD80003D0530913E0540913F0550914005AA96F2
:10BD9000EEADFFADAA9760817181828193810F948E
:10BDA0005DBBA70196010F945DBC6A966CAF7DAF39
:10BDB0008EAF9FAF6A9720E030E040E450E40F94EC
:10BDC000E7BD18160CF49EC020E030E0A9016A9689
:10BDD0006CAD7DAD8EAD9FAD6A970F94E7BD181623
:10BDE0000CF042C06A962CAD3DAD4EAD5FAD6A978A
:10BDF0006DA57EA58FA598A90F9403B59B01AC01F5
:10BE000060916C0E70916D0E80916E0E90916F0E20
:10BE10000F945DBC29A53AA54BA55CA50F9403B56D
:10BE20000F943CBC0F94D6BC641575058605970528
:10BE3000D8F42B013C0118C06091D80E7091D90E36
:10BE40008091DA0E9091DB0EF1CE8EE6829DF001AC
:10BE5000839DF00D1124E659F84F10826A961CAEAE
:10BE60001DAE1EAE1FAE6A9710E000E0A496EEADC8
:10BE7000FFADA497E00FF11FE25EF84FC080D180C4
:10BE8000E280F380C114D104E104F104A1F1F801CE
:10BE9000E055FA4F60817181828193816415750547
:10BEA0008605970540F50F94C2B429AD3AAD4BAD68
:10BEB0005CAD0F9403B54B015C01C701B6010F9453
:10BEC000C4B49B01AC01C501B4010F945DBC6B010E
:10BED0007C01C301B2010F94C2B49B01AC01C70144
:10BEE000B6010F9453BC87FF06C0C701B6010F947B
:10BEF000D6BC2B013C010C5F1F4F0031110509F02E
:10BF0000B5CF01C9D8011C92AFCFC9A6DDA6E9AA59
:10BF1000F9AE21E02DABB1C927962FAD27972B960F
:10BF20003FAD2B972F964FAD2F9763965FAD6397DD
:10BF30006B966FAD6B976D967FAD6D97C8010F9443
:10BF40005DBCEC966CAF7DAF8EAF9FAFEC976B9600
:10BF5000EFAD6B97EDAF6D96FFAD6D97FDAB0EAF8F
:10BF600023961FAF239704CAF7FAF094F7F8F094DA
:10BF7000A5019401C701B6010F9453BC87FF77CA8E
:10BF80007501640174CAC701B6010F9453BC87FDE3
:10BF900009C020E030E0A901C501B4010F94E7BD5C
:10BFA00018162CF4A5019401C701B6015CCAB7FAB2
:10BFB000B094B7F8B094A7019601C501B4010F94ED
:10BFC000E7BD18160CF053CADBCF8EE6829DF00158
:10BFD000839DF00D1124E25EF84F85A9846085AB46
:10BFE000A9A5ADAFBDA5BDABE9A9EEAFF9AD23964F
:10BFF000FFAF2397BCCA81E030CB20916C0E30910B
:10C000006D0E40916E0E50916F0EC701B601C1CBFF
:10C0100020E030E44CE156E4C701B6010F94E7BDDF
:10C020001816D4F48EE6829D8001839D100D112494
:10C03000025E184F7801BDE4EB0EF11CA5019401DE
:10C04000C501B4010F945EBB0F94D6BCF701718398
:10C050006083369682E0E2CB20E03FEF4FE757E483
:10C06000C501B4010F9453BC87FF19C08EE6829DB1
:10C070008001839D100D11240559184FC501B4018D
:10C080000F94D6BCD8016D937C938EE6829DF0010F
:10C09000839DF00D1124EF58F84F81E0BFCB8EE661
:10C0A000829DF001839DF00D1124E559F84F8FEF2B
:10C0B0009FEF91838083E9CFF60171A482A493A4BA
:10C0C000E4A4272D382D492D5E2D65A176A187A1E9
:10C0D00090A50F9453BC882309F451C001FD44C0BE
:10C0E000D50195962D903D904D905C909897A2012A
:10C0F0009101672D782D892D9E2D0F9453BC181614
:10C100009CF5A2019101C201B1010F9403B51B017D
:10C110002C01F60161A972A983A994A990589B01E9
:10C12000AC010F945EBBD6019D962D913D914D9132
:10C130005C91D0970F9403B59B01AC01C201B10192
:10C140000F945DBB0F942CBF2B015C019B01AC01D4
:10C15000672D782D892D9E2D0F9453BC87FD04C02B
:10C16000742C852C9A2CEB2C872D982DA92DBE2D67
:10C17000F60185A396A3A7A3B0A7016005AB111193
:10C1800001C010E11150169DC001112456019C01FF
:10C19000225E384F69010BCC6C012FCC8FBF0D9400
:10C1A00023534F925F926F927F928F929F92AF92A2
:10C1B000BF92CF92DF92EF92FF92CF93DF93CDB7F2
:10C1C000DEB72C970FB6F894DEBF0FBECDBFC09080
:10C1D000F306D090F406E090F506F090F606809114
:10C1E000EF069091F006A091F106B091F206409111
:10C1F000EB065091EC066091ED067091EE064D83D2
:10C200005E836F83788789839A83AB83BC83BE0107
:10C210006F5F7F4FCE0105960E94555B4D805E801B
:10C220006F80788420911C0E30911D0E40911E0E5F
:10C2300050911F0EC301B2010F9403B50F949BBE22
:10C240006093FC067093FD068093FE069093FF06B4
:10C2500089809A80AB80BC802091200E3091210E85
:10C260004091220E5091230EC501B4010F9403B5E5
:10C270000F949BBE609300077093010780930207A1
:10C280009093030780911C14882309F48CC0A501A6
:10C290009401C301B2010F94C87A9B01AC01C7019C
:10C2A000B6010F945EBB2091240E3091250E409173
:10C2B000260E5091270E0F9403B50F949BBE6093EA
:10C2C00004077093050780930607909307078091F2
:10C2D000F7069091F806A091F906B091FA068987C1
:10C2E0009A87AB87BC872091280E3091290E409108
:10C2F0002A0E50912B0EBC01CD010F9403B50F9463
:10C300009BBE609308077093090780930A07909378
:10C310000B074092310550923205609233057092BE
:10C3200034058092350590923605A0923705B0927B
:10C330003805C0923905D0923A05E0923B05F0925B
:10C340003C0589859A85AB85BC8580933D05909396
:10C350003E05A0933F05B09340050F94438F109284
:10C360001D0510921E0510921F0510922005E1E296
:10C37000F5E080E1DF011D928A95E9F72C960FB672
:10C38000F894DEBF0FBECDBFDF91CF91FF90EF904D
:10C39000DF90CF90BF90AF909F908F907F906F90E5
:10C3A0005F904F9008952091240E3091250E40917A
:10C3B000260E5091270EC701B6017DCF4F925F9296
:10C3C0006F927F928F929F92AF92BF92CF92DF92A5
:10C3D000EF92FF920F931F93CF93DF931F921F92C1
:10C3E000CDB7DEB7A82E80E99CE40E94EDED109257
:10C3F000EB061092EC061092ED061092EE061092EB
:10C40000EF061092F0061092F1061092F2069EEAE4
:10C41000E92E9DE0F92ED12CC12C27E0B22E8C2DD7
:10C420006B2D0F94F1BA082F992E42E050E0B7011E
:10C43000CE0101960F9426BA69817A816115710542
:10C4400011F0DD24D3942B2D020380011124090D5A
:10C45000111D97FC1A95000F111F000F111F045E8C
:10C460001B4E072E000C880B990B0F94C4B42FE6BB
:10C4700032E143E85AE30F9403B5F8016183728314
:10C4800083839483F2E0EF0EF11CC39421E3C21284
:10C49000C6CF8AED9EE00F943EBA6093F306709388
:10C4A000F4068093F5069093F6068EE69FE00F94CF
:10C4B0003EBA6093F7067093F8068093F90690935E
:10C4C000FA060E9432510E94D8718BEE96E00E94CB
:10C4D0005B5D0E9446580F94D1608DE79BE40E94FB
:10C4E000706F8091F6068F938091F5068F938091FF
:10C4F000F4068F938091F3068F938091F2068F93C9
:10C500008091F1068F938091F0068F938091EF06D2
:10C510008F938091EE068F938091ED068F9380919B
:10C52000EC068F938091EB068F9385E19AE49F93BD
:10C530008F930F94F8B881E08093EA06159888ED00
:10C540009EE00F9444BA9093100E80930F0E8BE8E8
:10C550009FE00F9436BA90E09093CA068093C90684
:10C5600088EE9EE00F943EBA60939102709392021F
:10C5700080939302909394028EED9EE00F9444BAC0
:10C580009093BE028093BD0240E150E067E37DE0FE
:10C5900081E892E00F9426BA8CE69FE00F9444BAAB
:10C5A0009093CC058093CB058CE29DE00F943EBA2E
:10C5B0006093C7057093C8058093C9059093CA0519
:10C5C0008DE79CE00F9444BA90936C0280936B02C9
:10C5D00040E150E06DE67CE08CE39EE00F9426BAEB
:10C5E00040E150E06DE57CE084EC9EE00F9426BADB
:10C5F00040E150E06DE47CE08CE29EE00F9426BACE
:10C6000040E150E06DE37CE084EB9EE00F9426BABD
:10C6100089E39CE00F943EBA6093540E7093550EDC
:10C620008093560E9093570E85E39CE00F943EBA8C
:10C630006093580E7093590E80935A0E90935B0E30
:10C6400081E39CE00F943EBA60935C0E70935D0EA4
:10C6500080935E0E90935F0E40E150E061E27CE0DB
:10C6600080E69EE00F9426BA8FE79CE00F9436BADE
:10C670000FB6F894DEBF0FBECDBF8130B1F420E01D
:10C6800030E040EA51E46091F3067091F406809145
:10C69000F5069091F6060F945EBB6093F3067093D7
:10C6A000F4068093F5069093F6068FE79CE00F94CE
:10C6B00036BA811123C020E030E040EA51E46091B5
:10C6C000F3067091F4068091F5069091F6060F94AA
:10C6D0005EBB9F938F937F936F9382E89CE49F93BD
:10C6E0008F930E94578861E08FE79CE00F945ABABD
:10C6F0000F900F900F900F900F900F9061E08AE7CE
:10C700009CE40E9491878091100E8F9380910F0E70
:10C710008F9381E79CE49F938F930E945788809129
:10C72000CA068F938091C9068F9388E69CE49F93F5
:10C730008F930E9457888CE89FE00F9436BA0FB60B
:10C74000F894DEBF0FBECDBF811110C08091100ED6
:10C750008F9380910F0E8F938FE59CE49F938F931F
:10C760000E9457880F900F900F900F9061E089E121
:10C770009EE20E949187A11017C061E084E59CE4CD
:10C780000E9491878FE38F9380E88F931F921F926F
:10C7900080E79AE49F938F930E9457880F900F90A1
:10C7A0000F900F900F900F908AE59AE40F941FB9A5
:10C7B0000E94637088E89FE00F9436BA882E89E85B
:10C7C0009FE00F9444BA8C0185E39DE00F9444BA36
:10C7D000F82EE92E8AE49CE40E94706FB801012EC5
:10C7E000000C880B990B0E94D66E8AE39CE40E9491
:10C7F000706F8F2D9E2D0F941F7C80916A02811186
:10C8000002C00E947C888DE99FE00F943EBAC62E3C
:10C81000B72EA82E992E81EA9FE00F943EBA762E6D
:10C82000672E582E492E20E030E040E85FEB6C2D5B
:10C830007B2D8A2D992D0F9453BC882399F04F920C
:10C840005F926F927F929F92AF92BF92CF9283E25C
:10C850009CE49F938F930E9457880FB6F894DEBF95
:10C860000FBECDBFDD2029F061E086E19CE40E948F
:10C8700091878DE89FE00F943EBA9F938F937F93AB
:10C880006F938CE09CE49F938F930E94578881E183
:10C890009DE00F943EBAD62EC72EB82EA92E8DE05D
:10C8A0009DE00F943EBA962E772E682E592E89E081
:10C8B0009DE00F943EBA9F938F937F936F935F9207
:10C8C0006F927F929F92AF92BF92CF92DF9282EF50
:10C8D0009BE49F938F930E9457888FE38F9380E808
:10C8E0008F931F921F9280E79AE49F938F930E94E9
:10C8F00057888EE69FE00F943EBA9F938F937F9365
:10C900006F9387EE9BE49F938F930E9457880FB697
:10C91000F894DEBF0FBECDBF82E79FE00F9436BA1A
:10C92000882329F061E083EE9BE40E9491871F93A6
:10C930000F938CED9BE49F938F930E945788EF9207
:10C94000FF928CE39AE49F938F930E9457881F92E3
:10C950008F9283ED9BE49F938F930E94578881E988
:10C960009FE00F943EBA20916A020FB6F894DEBFA2
:10C970000FBECDBF211133C09F938F937F936F93D1
:10C980008AEC9BE49F938F930E9457880F900F909F
:10C990000F900F900F900F9061E08AEB9BE40E9444
:10C9A000918761E08FEA9BE40E94918785E49AE495
:10C9B0000F941FB90E9463700F900F90DF91CF9179
:10C9C0001F910F91FF90EF90DF90CF90BF90AF90AD
:10C9D0009F908F907F906F905F904F90089521303F
:10C9E000D9F69F938F937F936F9380EC9BE4CACF8C
:10C9F0008F929F92AF92BF92CF92DF92EF92FF926F
:10CA00000F931F934B015C01EBECF6E0E084F184A3
:10CA1000028513852481358146815781608171812A
:10CA2000828193811F921F921F921F92E7EDCE2E5B
:10CA3000E6E0DE2E0F94BC520F900F900F900F90F7
:10CA40001F910F91FF90EF90DF90CF90BF90AF902C
:10CA50009F908F9008958F929F92AF92BF92CF92A6
:10CA6000DF92EF92FF920F931F934B015C01EBEE6D
:10CA7000F6E0E084F18402851385248135814681C6
:10CA8000578160817181828193811F921F921F92D1
:10CA90001F92E7EFCE2EE6E0DE2E0F94BC520F90F1
:10CAA0000F900F900F901F910F91FF90EF90DF90DC
:10CAB000CF90BF90AF909F908F90089580916F001E
:10CAC0008D7F80936F000E94505881E08093050E07
:10CAD00080916F008D7F80936F009091FE0D80910B
:10CAE000FF0D981769F09091FE0D8091FF0D98173A
:10CAF000A1F38091FF0D8F5F8F708093FF0DEDCFBD
:10CB000010920706109206068FEF9FEF909348054C
:10CB10008093470510924405109243050F940B3003
:10CB200080916F00826080936F0010921D051092BB
:10CB30001E0510921F0510922005E1E2F5E080E14C
:10CB4000DF011D928A95E9F710921C0510921B05D2
:10CB500008951F920F920FB60F9211240BB60F92E9
:10CB60008F929F92AF92BF92CF92DF92EF92FF92FD
:10CB70000F931F932F933F934F935F936F937F93E5
:10CB80008F939F93AF93BF93CF93DF93EF93FF93D5
:10CB9000EC9880E798E40E94977185EA9FE00F94F3
:10CBA00036BA182F8111DEC20E940158882309F479
:10CBB000A9C30F94B11F6B017C01C091020ECC235D
:10CBC00031F0C1E080916A02823009F4C0E0D09176
:10CBD000010ED11102C0D091000E10924F0210929E
:10CBE00063040E94A789179A1092E806169A109279
:10CBF000E90664E183E692E00E941E5864E183E660
:10CC000092E00E94265850E040E06091550582E095
:10CC10000F94BA1C64E186E692E00E941E5864E11B
:10CC200086E692E00E94265850E040E0609156056A
:10CC300083E00F94BA1CC1111BC08091FB068111C7
:10CC400017C08091C9068093130680910F0E9091B2
:10CC5000100E90931206809311068091410483FB7D
:10CC6000882780F98093C60580914304809310063D
:10CC70000F946B25C11104C00E9445550E94FB54BE
:10CC800000911C1410921C140F945E65C1111BC0FE
:10CC90008091FB06811117C080E1EBEEF6E0A1E781
:10CCA000B2E001900D928A95E1F7DD2361F080E01A
:10CCB00090E0A0E8BFEB8093710290937202A09382
:10CCC0007302B09374028090790290907A02A090DF
:10CCD0007B02B0907C020023D1F02091750230914C
:10CCE00076024091770250917802609171027091C2
:10CCF000720280917302909174020F94C87A9B0122
:10CD0000AC01C501B4010F945DBB4B015C01B501E1
:10CD1000A4018DE89FE00F946CBA40917D02509180
:10CD20007E0260917F02709180028EE69FE00F94F8
:10CD30006CBA6091C605C1E06C2782E79FE00F9452
:10CD40005ABA0E94197F1092EA14C093020E1092F0
:10CD5000050E789420E030E040E85FE36091F7064C
:10CD60007091F8068091F9069091FA060F945DBBD8
:10CD70006093F7067093F8068093F9069093FA068D
:10CD800060E070E08EEB92E40F942B650F944A51B3
:10CD9000149A80915505C0E0D1E002C0D695C795A0
:10CDA0008A95E2F782E00F94A01C60E074E0681BB3
:10CDB000790B90E080E00F94C2B44B015C01BE019E
:10CDC00090E080E00F94C2B42091240E3091250EA3
:10CDD0004091260E5091270E0F9403B59B01AC0194
:10CDE000C501B4010F945DBC2AE037ED43E25FE377
:10CDF0000F945EBB2091F3063091F4064091F50646
:10CE00005091F6060F945EBB6093F3067093F406A0
:10CE10008093F5069093F60665E575E585E591E462
:10CE20000F942B650F944A514091C2055091C30550
:10CE30006091C4057091C50581E99FE00F946CBABB
:10CE4000CEEADDE097E0B92E70E060E0002319F152
:10CE5000812F6B2D0F94E5BAB89EF0011124E90FD4
:10CE6000F11DEE0FFF1FEE0FFF1FE45EFB4E20E0F3
:10CE700030E04AE754E461817281838194810F94A8
:10CE800003B520E030E040E05FE30F945EBB0F9419
:10CE900005BD0F94CFBCCE010F9478BA1F5F2296C8
:10CEA000113391F64091F3065091F4066091F50626
:10CEB0007091F6068AED9EE00F946CBA4091710273
:10CEC0005091720260917302709174028DE99FE03B
:10CED0000F946CBA4091750250917602609177027E
:10CEE0007091780281EA9FE00F946CBA6091C0055E
:10CEF0007091C10589E89FE00F9478BA609139027A
:10CF000070913A0285E39DE00F9478BA6091110622
:10CF10007091120688ED9EE00F9478BA6091130626
:10CF20008BE89FE00F945ABA6091100688E89FE062
:10CF30000F945ABA409191025091920260919302DB
:10CF40007091940288EE9EE00F946CBA6091BD02DD
:10CF50007091BE028EED9EE00F9478BA40914C0E17
:10CF600050914D0E60914E0E70914F0E81E19DE0FB
:10CF70000F946CBA4091500E5091510E6091520E28
:10CF80007091530E8DE09DE00F946CBA4091D80ED5
:10CF90005091D90E6091DA0E7091DB0E89E09DE020
:10CFA0000F946CBA40E150E067E37DE081E892E0E5
:10CFB0000F944ABA6091CB057091CC058CE69FE046
:10CFC0000F9478BA60916A028CE89FE00F945ABA85
:10CFD0004091C7055091C8056091C9057091CA0577
:10CFE0008CE29DE00F946CBA60916B0270916C02C0
:10CFF0008DE79CE00F9478BA40E150E06DE67CE06C
:10D000008CE39EE00F944ABA40E150E06DE57CE08D
:10D0100084EC9EE00F944ABA40E150E06DE47CE07D
:10D020008CE29EE00F944ABA40E150E06DE37CE070
:10D0300084EB9EE00F944ABA4091540E5091550EE5
:10D040006091560E7091570E89E39CE00F946CBA74
:10D050004091580E5091590E60915A0E70915B0E8E
:10D0600085E39CE00F946CBA40915C0E50915D0E8C
:10D0700060915E0E70915F0E81E39CE00F946CBA3C
:10D0800040E150E061E27CE080E69EE00F944ABA25
:10D0900080914004882329F061E08FE79CE00F94A1
:10D0A0005ABA61E085EA9FE00F945ABA84E69FE09D
:10D0B0000E94466D8FEF9EE00E94396D0F94B11F64
:10D0C000DC01CB018C199D09AE09BF09BF93AF9359
:10D0D0009F938F9382EF99E49F938F930F94F8B867
:10D0E0009FB7F894809102018460809302019FBFF2
:10D0F00015980F900F900F900F900F900F9020E0C9
:10D1000030E04FE753E46091EB067091EC068091BC
:10D11000ED069091EE060F9453BC87FD1FC080E092
:10D1200090E0AFEFB3E48093EB069093EC06A0930E
:10D13000ED06B093EE0660E070E08AEF93E40F94A2
:10D140002B650F944A5188E19EE00FB6F894A8959C
:10D15000809360000FBE90936000FFCF80E090E06E
:10D16000DC01E1CF0F94B11F6B017C01179A109283
:10D17000E806169A1092E906149A64E183E692E0B2
:10D180000E941E5864E183E692E00E94265850E017
:10D1900040E06091550582E00F94BA1C0F946B2516
:10D1A00010921C140F945E658090F3069090F40624
:10D1B000A090F506B090F6068AED9EE00F943EBA78
:10D1C0009B01AC01C501B4010F945DBB4B015C0137
:10D1D000E894B7F82091240E3091250E4091260E48
:10D1E0005091270E60E070E080E89FE30F945DBCF3
:10D1F0009B01AC01C501B4010F94E7BD87FD61C07F
:10D200000E94197F1092EA1481E08093020E10921E
:10D21000050E789480915505C0E0D1E002C0D69506
:10D22000C7958A95E2F782E00F94A01C60E074E055
:10D23000681B790B90E080E00F94C2B44B015C0155
:10D24000BE0190E080E00F94C2B42091240E309192
:10D25000250E4091260E5091270E0F9403B59B0189
:10D26000AC01C501B4010F945DBC2AE037ED43E287
:10D270005EE30F945EBB2091F3063091F40640917B
:10D28000F5065091F6060F945EBB6093F30670931B
:10D29000F4068093F5069093F60665E575E585E559
:10D2A00091E40F942B650F944A514091F3065091ED
:10D2B000F4066091F5067091F6068AED9EE00F94F3
:10D2C0006CBA62E085EA9FE00F945ABA84E69FE068
:10D2D0000E94466D8FEF9EE00E94396D0F94B11F42
:10D2E000DC01CB018C199D09AE09BF09BF93AF9337
:10D2F0009F938F9381E09AE49F938F930F94F8B854
:10D300000F94B851FF91EF91DF91CF91BF91AF9101
:10D310009F918F917F916F915F914F913F912F914D
:10D320001F910F91FF90EF90DF90CF90BF90AF9043
:10D330009F908F900F900BBE0F900FBE0F901F907D
:10D3400018952F923F924F925F926F927F928F9299
:10D350009F92AF92BF92CF92DF92EF92FF920F9384
:10D360001F93CF93DF93CDB7DEB7C254D1090FB669
:10D37000F894DEBF0FBECDBF4C015B016A01322EB7
:10D3800019821C821C8E1F8E672B21F510E0CE01A6
:10D390004C960E94576ECE0101960E94576E812FC7
:10D3A000CE5BDF4F0FB6F894DEBF0FBECDBFDF916F
:10D3B000CF911F910F91FF90EF90DF90CF90BF9092
:10D3C000AF909F908F907F906F905F904F903F9025
:10D3D0002F900895FC0183818111D8CFFA018081BB
:10D3E0008F32C1F4CA016C010196F60120812F32FF
:10D3F000D1F3F50183818250823060F0618D728DAE
:10D40000CE014C960F942F418E01045E1F4F811167
:10D4100002C0BCCF8501CE0101967C013C012E01EA
:10D420009CE1490E511C2396EFAE23972F2CFE0151
:10D43000F796CF010B96AF0120E22193E817F90789
:10D44000D9F7960190E067E0D9018D91882349F1E1
:10D450008F3239F1282F8E3239F46A3009F496CFA1
:10D4600098E06AE09D01F0CFEAE5F1E534913323DD
:10D4700021F031968313FACF89CF691708F486CF4C
:10D480003FED380F3E3508F081CF3FE9380F3A3194
:10D4900010F420EE280FFA01E90FF11D20839F5FA1
:10D4A000E1CF8FA9803209F471CF6901F901808140
:10D4B0002F5F3F4F8F32C9F38823D9F021E0B801A5
:10D4C000C7010F949D45882309F460CF0A151B05F9
:10D4D00019F0C8010F94D643942D852D6E147F0446
:10D4E00021F023969FAD2397822D8701E92EF82EF8
:10D4F0009ECF232DB801C4010F949D45182F47CF0F
:10D50000E2E8F7E14081518162817381480F591F40
:10D51000611D711D408351836283738308952F922F
:10D520003F924F925F926F927F928F929F92AF92B3
:10D53000BF92CF92DF92EF92FF920F931F93CF9300
:10D54000DF9300D01F921F92CDB7DEB71C012A01D6
:10D550003B0100E210E019829981892F90E09B83C2
:10D560008A83801791079CF5880F991F880F991F50
:10D570009D838C83820D931D9B838A83FC01C080D5
:10D58000D180E280F3808C819D810496820D931D71
:10D590009D838C83FC0180809180A280B380A50153
:10D5A0009401C701B6010F94E7BD181664F4EA812F
:10D5B000FB8180829182A282B382EC81FD81C08254
:10D5C000D182E282F382F981FF5FF983C5CF0150F6
:10D5D000110908F6F101E05CFF4F208131814281A1
:10D5E0005381C301B2010F9403B56B017C0120E0AC
:10D5F00030E040E05FEB0F9453BC87FD10C020E0AB
:10D6000030E040E05FE3C701B6010F9453BC181649
:10D610005CF4C12CD12CE12C8FE3F82E05C0C12C79
:10D62000D12CE12C9FEBF92EC701B6010F900F9082
:10D630000F900F900F90DF91CF911F910F91FF905E
:10D64000EF90DF90CF90BF90AF909F908F907F90A2
:10D650006F905F904F903F902F9008950F94B11F5F
:10D660006093B4137093B5138093B6139093B7136C
:10D6700008958091FA13882369F08091F913882323
:10D6800049F08AEE94E70E9497718091F9138150D6
:10D690008093F91308959F92AF92BF92CF92DF9239
:10D6A000EF92FF920F931F93CF93DF93CDB7DEB727
:10D6B000E0970FB6F894DEBF0FBECDBF8C01E090AF
:10D6C000E213FE01319621E030E05F01F12C40E1F0
:10D6D000C42ED12C50E2952EC701821B930BB601AC
:10D6E0000F9413BBDC01BB27AB55BC4E9D968C91B0
:10D6F000482F50E094E0559547959A95E1F796EFBD
:10D70000940F9630A8F1405D40838F7096EF980F8C
:10D71000963080F1805D818392822F5F3F4F3396F8
:10D7200021313105C9F618AA83E695E70E94706F8A
:10D730008DE595E70E94706FC8010E94706F85E1CA
:10D7400095E70E94706FC5010E940583E0960FB6B1
:10D75000F894DEBF0FBECDBFDF91CF911F910F9127
:10D76000FF90EF90DF90CF90BF90AF909F90089583
:10D77000495ACACF895ACFCF9C019091B9139A3098
:10D7800011F46093B81391509093B91391110DC097
:10D79000C9010F944B6B86E095E70E9497718AE070
:10D7A0008093B9138091B813089580E00895CF93C2
:10D7B000DF93CDB7DEB72E970FB6F894DEBF0FBE5E
:10D7C000CDBF2EE330E03A832983FE0133962CE06F
:10D7D000DF011D922A95E9F7DE011296482FFC0120
:10D7E0009D018E2F841B861740F4819190EE980F37
:10D7F000903608F08EE28D93F4CFF901E60FF11D1B
:10D8000010824EE050E069E675E7CE0101960F9474
:10D8100015B8892B59F44EE050E0BE016F5F7F4F81
:10D820008CEF92E10F94A8C0892B61F083E695E715
:10D830000E94706F8DE595E70E94706FCE01019692
:10D840000E9405834EE050E0BE016F5F7F4F8CEF7A
:10D8500092E10F94B6C02E960FB6F894DEBF0FBEBD
:10D86000CDBFDF91CF910895CF92DF92EF92FF92DB
:10D870001F93CF93DF93CDB7DEB762970FB6F894BF
:10D88000DEBF0FBECDBF4E875F87688B798B8A8BDB
:10D890004983852F511131C080E38A8311E0E1E093
:10D8A000E10F81E090E08C0F9D1F8E0F911DFC0118
:10D8B0008A899AE29083811127C080E3818381E085
:10D8C0001E5F180FE1E0F0E0EC0FFD1FE10FF11D0E
:10D8D0008AE080831F5FFE0131967F016F01C10ED8
:10D8E000D11CEC14FD04B1F0F70181917F016EEEC3
:10D8F00072E190E00F949EB8F4CFBE016E5F7F4F4F
:10D900000E948D4C182FCBCFBF016F5F7F4F0E94BD
:10D910008D4CD6CF612FCE0101960F94D76B0F940B
:10D920002E6B62960FB6F894DEBF0FBECDBFDF91AF
:10D93000CF911F91FF90EF90DF90CF9008958F923D
:10D940009F92AF92BF92DF92EF92FF920F931F933D
:10D95000CF93DF93CDB7DEB767970FB6F894DEBFEE
:10D960000FBECDBF182F7B01D42E07E50B8B8C8B00
:10D970007E8B6D8BCE0143960E94B94C8F8B0E87A8
:10D980001F87F98AE88ACE010E960E94B94C8A8BCD
:10D990000983111127C080E38A8381E0E1E0E80F69
:10D9A00021E030E02C0F3D1F2E0F311DF90190E2D8
:10D9B000908302E0080FAA24A394B12CAC0EBD1EE4
:10D9C000A00EB11CE114F10439F114E0C70188275D
:10D9D000907F892B71F424E0EE0CFF1C2A95E1F76F
:10D9E0001150F4CFBE016E5F7F4F812F0E948D4C8E
:10D9F000D5CF4501882D8A19811790F48F2D8295F6
:10DA00008F7094E0EE0CFF1C9A95E1F70E94834C16
:10DA1000F40181934F01EECF80E3F501808311E0A3
:10DA2000100FE1E0F0E0EC0FFD1FE10FF11D8A891E
:10DA30009AE29083811121C080E3818381E01F5F9E
:10DA4000180FE1E0F0E0EC0FFD1FE10FF11D8AE09F
:10DA500080831F5F9E012F5F3F4F79015901A10E07
:10DA6000B11CEA14FB0479F0F70181917F016EEE9D
:10DA700072E190E00F949EB8F4CFBF016F5F7F4FCB
:10DA80000E948D4CDCCF612FCE0101960F94D76B95
:10DA90000F942E6BD092A81367960FB6F894DEBF42
:10DAA0000FBECDBFDF91CF911F910F91FF90EF90EF
:10DAB000DF90BF90AF909F908F9008952091F313C7
:10DAC0002F5F2093F313223078F430E0F901EC5FFC
:10DAD000FA4884912F503C4EF901608170E049E092
:10DAE0000F949F6C80E0089581E008952F923F92FB
:10DAF0004F925F926F927F928F929F92AF92BF925E
:10DB0000CF92DF92EF92FF920F931F93CF93DF9309
:10DB100000D01F921F92CDB7DEB72B011A01F12C56
:10DB2000E12C1C821D8210E050E066246394712C6D
:10DB300070E060E09701225E384F3A832983862E99
:10DB4000C980DA80C60ED71EFC0100E040E030E05C
:10DB500020E0AEEFA40FAB83442319F04B3009F063
:10DB60007DC0AEEFA20FA83008F47AC02F5F3F4F00
:10DB70002C30310589F74F5F20E2C20ED11C32965E
:10DB80004C3029F73C81301718F40C835D83182D35
:10DB90006F5F7F4F6431710591F65F5FA0E2EA0E1F
:10DBA000F11C543129F6EC816E2F70E090E080E09A
:10DBB0000F94C4B423EC35EF48EA5FE30F945DBCE7
:10DBC0009F938F937F936F93FD816F2F70E090E011
:10DBD00080E00F94C4B420E030E040EB50E40F94B8
:10DBE0005EBB9F938F937F936F93612F70E090E064
:10DBF00080E00F94C4B420E030E040EB50E40F9498
:10DC00005EBB9F938F937F936F938CE390E79F937B
:10DC10008F930F94F8B8F20110832D81F1012083C6
:10DC20000FB6F894DEBF0FBECDBF8C810F900F9062
:10DC30000F900F900F90DF91CF911F910F91FF9058
:10DC4000EF90DF90CF90BF90AF909F908F907F909C
:10DC50006F905F904F903F902F900895222311F086
:10DC60002B3021F4AB81A83008F080CF9924939415
:10DC7000D601A20FB31FAC91A13108F4912CA08062
:10DC8000B180D301022E02C0AA0FBB1F0A94E2F793
:10DC9000AA21BB21BB24B394AB2B09F4B12C9B105C
:10DCA00065CF0F5F63CF8F929F92AF92BF92CF925B
:10DCB000DF92EF92FF92CF93DF9327E537E1309326
:10DCC000F50E2093F40E1092731742E050E060E0DE
:10DCD00070E040935C1750935D1760935E177093EC
:10DCE0005F171092F30E1092EF0E1092F00E10923A
:10DCF000F10E1092F20E4FEF5FEFBA014093EB0E70
:10DD00005093EC0E6093ED0E7093EE0E882309F4A1
:10DD100070C040E060E070E0CB010F94733F811170
:10DD20000DC0C0E08C2FDF91CF91FF90EF90DF907E
:10DD3000CF90BF90AF909F908F9008958091B51035
:10DD40008F7779F78091C1109091C210A091C31084
:10DD5000B091C41084369105A105B10510F3C090AF
:10DD6000BD10D090BE10E090BF10F090C010C11454
:10DD7000D104E104F104A9F240E0C701B6010F9417
:10DD8000733FC82F882369F28091020F9091030F8F
:10DD90008115924031F6A091070FAA2311F26091EC
:10DDA000050F7091060F6115710509F4BACF209126
:10DDB000040F222309F4B5CFA0936E1720936017A8
:10DDC00090E080E030E0E1E0F0E0D82FAF01082EF5
:10DDD00002C0440F551F0A94E2F72417350769F073
:10DDE00041E0480F01968930910579F74093691712
:10DDF00098CFC12CD12C7601BFCF80936917209189
:10DE00000D0F30910E0F50E040E02115310541F427
:10DE100020911B0F30911C0F40911D0F50911E0F30
:10DE200020936117309362174093631750936417E0
:10DE300046015701860E971EA11CB11C80926F17D8
:10DE400090927017A0927117B0927217E091080F1C
:10DE5000F091090FF0937517E0937417B0E00F94E9
:10DE6000CBBADC01CB01880D991DAA1DBB1D809387
:10DE7000761790937717A0937817B093791725E0CA
:10DE8000EE0FFF1F2A95E1F7E150FE4FEF2FFF271E
:10DE9000E6958E0F9F1FA11DB11D80936A17909369
:10DEA0006B17A0936C17B0936D1780900A0F90902A
:10DEB0000B0FB12CA12C8114910441F48090170F09
:10DEC0009090180FA090190FB0901A0FC81AD90A85
:10DED000EA0AFB0AC80CD91CEA1CFB1C04C0F69415
:10DEE000E794D794C794DA95D2F7C0926517D09289
:10DEF0006617E0926717F092681785EFC8168FE0F3
:10DF0000D806E104F10420F48CE08093731709CF64
:10DF100080E125EFC2162FEFD206E104F10488F06C
:10DF20008091230F9091240FA091250FB091260F7F
:10DF30008093761790937717A0937817B0937917FB
:10DF400080E280937317EECE0F931F936091971723
:10DF5000709198178091991790919A170091EB0EF4
:10DF60001091EC0E2091ED0E3091EE0E60177107BE
:10DF70008207930739F140E00F94733F8823F9F04B
:10DF800020919B1730919C1740918B1750918C17C3
:10DF900060918D1770918E17421B530B61097109A7
:10DFA000413092E059076105710520F040E052E0F0
:10DFB00060E070E04950514F9AE0FA0190831F9160
:10DFC0000F91089581E0FBCF20E030E040EA52E479
:10DFD00060E070E080EA92EC0C94014D9091151491
:10DFE00091FD17C08823A9F092FD13C00E94FF4C39
:10DFF00080910F0E9091100E90930A148093091443
:10E000008091151484608093151480E991E70C9435
:10E010009B7108958091151480FF47C088EA91E7AD
:10E020000E949B718091011490910214A09103149D
:10E03000B09104144091FD135091FE136091FF13B1
:10E04000709100144093EB065093EC066093ED063C
:10E050007093EE068093EF069093F006A093F1067E
:10E06000B093F20660E070E088E492E40E94214DF3
:10E070008091051490910614A0910714B091081492
:10E080008093F3069093F406A093F506B093F606FA
:10E0900060E070E080E791E40E94214D1092FB0661
:10E0A000809115148E7F8093151408950F931F93FC
:10E0B000CF9390911514911172C0C82F8DE791E7FD
:10E0C0000E949B710E94FF4C0F944A518091020E56
:10E0D000811102C00E945454CC2309F460C0809185
:10E0E00015148160809315148091F3069091F406C5
:10E0F000A091F506B091F6064091EF065091F0061A
:10E100006091F1067091F2060091EB061091EC0619
:10E110002091ED063091EE060093FD131093FE134F
:10E120002093FF1330930014409301145093021472
:10E130006093031470930414809305149093061451
:10E14000A0930714B093081460E070E080EA91E4B3
:10E150000E94735F8091E806882309F18091E906A7
:10E160008823E9F080E090E0AAEFB2E48093EB0628
:10E170009093EC06A093ED06B093EE061092EF0696
:10E180001092F0061092F1061092F20660E070E034
:10E1900088E492E4CF911F910F910C94214DCF917F
:10E1A0001F910F9108952F923F924F925F926F921D
:10E1B0007F928F929F92AF92BF92CF92DF92EF9217
:10E1C000FF920F931F93CF93DF93CDB7DEB7CD5B55
:10E1D000D1400FB6F894DEBF0FBECDBFC357DE4FA0
:10E1E00099838883CD58D140C157DE4F79836883A6
:10E1F000CF58D140CE56DE4F59834883C259D140C3
:10E2000084E1CF56DE4F8883C159D140CE56DE4FD0
:10E21000A881B981C259D1408D919D910D90BC9139
:10E22000A02DC656DE4F88839983AA83BB83CA5923
:10E23000D140C157DE4FA881B981CF58D1408D91CF
:10E240009D910D90BC91A02DCA54DE4F8883998377
:10E25000AA83BB83C65BD140C357DE4FA881B98177
:10E26000CD58D1408D919D910D90BC91A02DC6545B
:10E27000DE4F88839983AA83BB83CA5BD140FE01AA
:10E28000E75FFE4FC855DE4FF983E883C85AD14097
:10E29000CE018B579F4FCA55DE4F99838883C65A4C
:10E2A000D140DE011196C856DE4FB983A883C85904
:10E2B000D140312C212CB101032C000C880B990B7F
:10E2C0000F94C4B42AE138EF42E45EE30F9403B53F
:10E2D0006B017C010F941EBFC256DE4F68837983A9
:10E2E0008A839B83CE59D140C701B6010F9458BC95
:10E2F000CE55DE4F688379838A839B83C25AD1408F
:10E300009B01AC01C656DE4F688179818A819B8171
:10E31000CA59D1400F9403B5C654DE4F28813981C4
:10E320004A815B81CA5BD1400F945EBB6B017C016B
:10E3300020E030E0A9010F9453BC18160CF07AC20B
:10E34000C256DE4F288139814A815B81CE59D14046
:10E35000C656DE4F688179818A819B81CA59D14036
:10E360000F9403B5CA54DE4F288139814A815B81FD
:10E37000C65BD1400F945EBB4B015C0120E030E0F6
:10E38000A9010F9453BC18160CF054C220E030E0E1
:10E3900048EF51E4C701B6010F94E7BD87FF4AC2B9
:10E3A00020E030E048EF51E4C501B4010F94E7BD2F
:10E3B00087FF40C2C701B6010F9405BD9B01AC01A8
:10E3C000C701B6010F945DBB2B013C01C501B4012F
:10E3D0000F9405BD9B01AC01C501B4010F945DBB59
:10E3E000CC56DE4F688379838A839B83C459D1409E
:10E3F000A301920160E070E080E89FE30F945DBBB1
:10E40000C255DE4F688379838A839B83CE5AD1407D
:10E41000CC56DE4F288139814A815B81C459D14075
:10E4200060E070E080E89FE30F945DBBCE54DE4F68
:10E43000688379838A839B83C25BD140C701B6011D
:10E440000F94D6BC6B01FB013196C655DE4FF983A4
:10E45000E883CA5AD140C501B4010F94D6BC8B01E0
:10E4600095E0000F111F9A95E1F7C8018096C455F9
:10E47000DE4F99838883CC5AD140F801EC0DFD1D05
:10E48000E25EF84F608170E090E080E00F94C4B4E9
:10E490004B015C01CE54DE4F288139814A815B817A
:10E4A000C25BD140C255DE4F688179818A819B81F0
:10E4B000CE5AD1400F9403B59B01AC01C501B40104
:10E4C0000F9403B54B015C01C455DE4FE881F9811F
:10E4D000CC5AD140EC0DFD1DE25EF84F608170E03A
:10E4E00090E080E00F94C4B46B017C01C255DE4F14
:10E4F000288139814A815B81CE5AD140CC56DE4F8A
:10E50000688179818A819B81C459D1400F9403B578
:10E510009B01AC01C701B6010F9403B59B01AC018F
:10E52000C501B4010F945EBB6B017C01C655DE4F83
:10E53000A881B981CA5AD1400A0F1B1FF801E25EB7
:10E54000F84F608170E090E080E00F94C4B44B011C
:10E550005C01CE54DE4F288139814A815B81C25BE8
:10E56000D140C301B2010F9403B59B01AC01C501B9
:10E57000B4010F9403B59B01AC01C701B6010F9420
:10E580005EBB6B017C01C655DE4FE881F981CA5A3A
:10E59000D140C455DE4F88819981CC5AD140E80FD3
:10E5A000F91FE25EF84F608170E090E080E00F9428
:10E5B000C4B44B015C01CC56DE4F288139814A81BD
:10E5C0005B81C459D140C301B2010F9403B59B01D3
:10E5D000AC01C501B4010F9403B59B01AC01C701A7
:10E5E000B6010F945EBB20E030E040E052E40F94AF
:10E5F0005DBB6B017C01AC019B01CE55DE4F688198
:10E6000079818A819B81C25AD1400F9403B5C85544
:10E61000DE4FA881B981C85AD1406D937D938D9307
:10E620009D93C855DE4FB983A883C85AD140A7012E
:10E630009601C256DE4F688179818A819B81CE59CD
:10E64000D1400F9403B5CA55DE4FE881F981C65A0F
:10E65000D1406193719381939193CA55DE4FF983B1
:10E66000E883C65AD140C856DE4FA881B981C8593F
:10E67000D140CD92DD92ED92FD92C856DE4FB98326
:10E68000A883C859D140BFEF2B1A3B0AE1E22E16EE
:10E69000310409F010CE40E050E060E07DE3CE01AF
:10E6A000875F9E4F0F948F6A9B01AC01C357DE4F6B
:10E6B000A881B981CD58D1406D917D918D919C916A
:10E6C0000F945EBBC357DE4FE881F981CD58D1402E
:10E6D000608371838283938340E050E060E07DE358
:10E6E000CE018B579F4F0F948F6A9B01AC01C1578E
:10E6F000DE4FA881B981CF58D1406D917D918D9128
:10E700009C910F945EBBC157DE4FE881F981CF58D1
:10E71000D140608371838283938340E050E060E85E
:10E720007CE3CE0101960F948F6ACE56DE4FA8810E
:10E73000B981C259D1402D913D914D915C910F9479
:10E740005EBB162F072FF82EE92E20E030E040E0C8
:10E7500050E40F9453BC18162CF010E000E0F12C9C
:10E7600080E4E82EA8019701852F902FA32FBE2DBE
:10E77000CE56DE4FE881F981C259D1408083918322
:10E78000A283B383CF56DE4FF881C159D140F150F7
:10E79000CF56DE4FF883C159D140F11137CDEF92FA
:10E7A000FF920F931F93C157DE4FA881B981CF58B5
:10E7B000D14013968C9113978F9312968C91129748
:10E7C0008F9311968C9111978F938C918F93C35740
:10E7D000DE4FE881F981CD58D14083818F938281CA
:10E7E0008F9381818F9380818F9380E690E79F93B1
:10E7F0008F930F94F8B80FB6F894DEBF0FBECDBF5D
:10E80000C354DE4F0FB6F894DEBF0FBECDBFDF910D
:10E81000CF911F910F91FF90EF90DF90CF90BF901D
:10E82000AF909F908F907F906F905F904F903F90B0
:10E830002F90089560E070E0CB01D5CEEF92FF926B
:10E840000F931F93CF93DF931F921F92CDB7DEB725
:10E85000F82EE62E80E197E29A8389838A01169545
:10E8600007958F2D0E94F2E60150110978F028ECEF
:10E8700030E0AE014F5F5F4F68EE73E08F2D0E9476
:10E88000C3E56E2D8F2D0E940BE7EECF6E2D8F2DE1
:10E890000E94F2E60F900F90DF91CF911F910F91A0
:10E8A000FF90EF9008952F923F924F925F926F9258
:10E8B0007F928F929F92AF92BF92CF92DF92EF9210
:10E8C000FF920F931F93CF93DF93CDB7DEB76C9773
:10E8D0000FB6F894DEBF0FBECDBF6C015B014A01DD
:10E8E000190118870F83FA82E982D7018D919C91D3
:10E8F00060ED72E00F94FFBA9C8F8B8F9F938F9384
:10E900003F922F931F9284E68F939F928F92BF9294
:10E91000AF92DF92CF928EED9FE69F938F930F94ED
:10E92000F8B80FB6F894DEBF0FBECDBF222733274D
:10E93000221933093A8F298FC401990CAA0BBB0BFA
:10E9400089879A87AB87BC879501BB0C440B550B15
:10E95000298B3A8B4B8B5C8BC601DD0CAA0BBB0B56
:10E960008D8B9E8BAF8BB88F121413040CF0BAC032
:10E970008B8D9C8D6CE370E00F94FFBA10E1161B39
:10E980002B8D3C8DD1010F9456BB0F94C2B420E067
:10E9900030E044E354E40F945DBC6B017C016F8173
:10E9A0007885EB8DFC8D6E0F7F1F90E080E00F94DB
:10E9B000C2B425E33AEF4EE85CE30F9403B54B0194
:10E9C0005C010F9458BC6B837C838D839E83C5014F
:10E9D000B4010F941EBF2B013C0169857A858B859C
:10E9E0009C850F94C4B44B015C012B8D3C8DA4E637
:10E9F000B0E00F94D6BA0F94C4B420E030E044E302
:10EA000054E40F945DBC9B01AC01C501B4010F94AB
:10EA10005DBB0F94CFBC6D877E878F87988B69898C
:10EA20007A898B899C890F94C4B44B015C01A30142
:10EA30009201C701B6010F9403B59B01AC01C5015A
:10EA4000B4010F945EBB0F94CFBC4B016D897E89DE
:10EA50008F89988D0F94C4B42B013C01A7019601B6
:10EA60006B817C818D819E810F9403B59B01AC01EC
:10EA7000C301B2010F945EBB0F94CFBCCB0101E088
:10EA800020E431E04D855E85B4010E944BE7212FE3
:10EA900030E08823B9F14B8D5C8D420F531F4F5FDF
:10EAA0005F4F5C8F4B8FEB8DFC8DA981BA81ED930D
:10EAB000FC936C960FB6F894DEBF0FBECDBFDF910E
:10EAC000CF911F910F91FF90EF90DF90CF90BF906B
:10EAD000AF909F908F907F906F905F904F903F90FE
:10EAE0002F9008952FEC32E0AB8DBC8D2A1B3B0B91
:10EAF000C9016CE370E00F94FFBA10E1161BA98DF9
:10EB0000BA8D41CF2F5F3F4FAB8DBC8DA20FB31F8E
:10EB1000BC8FAB8FA03DB24008F426CFC4CF2F925C
:10EB20003F924F925F926F927F928F929F92AF929D
:10EB3000BF92CF92DF92EF92FF920F931F93CF93EA
:10EB4000DF93CDB7DEB7CA55D1090FB6F894DEBF53
:10EB50000FBECDBF63969FAF8EAF63978B016A01E7
:10EB60007E0125E4E20EF11C80E197E2F70191833A
:10EB700080838BE290E79F938F930F94F8B82EE1F8
:10EB800037E061963FAF2EAF6197C801805E93403A
:10EB90002B969FAF8EAF2B970F900F90E0E4F0E095
:10EBA0002996FFAFEEAF299763962EAD3FAD6397E1
:10EBB000205E334069963FAF2EAF699729964EACE1
:10EBC0005FAC2997312C63968EAD9FAD63978052D1
:10EBD0009C4F6B969FAF8EAF6B97609014077090B1
:10EBE000150780901607909017076B96AEACBFACD8
:10EBF0006B97311004C06996AEACBFAC6997809139
:10EC00000C0790910D07A0910E07B0910F07F50129
:10EC1000E81BF90BCF0171F0AF01F7FF04C04427E7
:10EC200055274E1B5F0B692F661F6627661F81E005
:10EC30000F941E748091100790911107A0911207F4
:10EC4000B09113072B964EAD5FAD2B97481B590B18
:10EC500057FDB2C060E04115510509F0AEC080918A
:10EC6000140790911507A0911607B0911707681A1D
:10EC7000790A77FCABC060E06114710409F0A7C0A9
:10EC8000409114075091150760911607709117076E
:10EC900000E028EC30E02B966EAD7FAD2B97C501E0
:10ECA0000E944BE7632D80E00F94823D5F924F926C
:10ECB00087E290E79F938F930F94F8B863E084E026
:10ECC0000E9499605F924F9288E190E79F938F93A3
:10ECD0000E944A600FB6F894DEBF0FBECDBF21E0A0
:10ECE00030E0311002C02FEF3FEF40EC4203C00193
:10ECF000439F900D112467969FAF8EAF679740EEAC
:10ED000053E0249F4001259F900C349F900C1124C8
:10ED10006396EEADFFAD63978E0E9F1E9E012F5F33
:10ED20003F4F2D963FAF2EAF2D9761968EAD9FAD85
:10ED300061972F969FAF8EAF2F97712C612CE0E1DA
:10ED4000F7E22796FFAFEEAF279780910C079091DF
:10ED50000D07A0910E07B0910F078401081B190B36
:10ED600017FF03C011950195110998013595279555
:10ED700065963FAF2EAF65971C9B33C045E0242EB0
:10ED80006596AEACBFAC6597632D822D0E94F2E60E
:10ED900031E0A31AB10840F128EC30E0A70168EE99
:10EDA00073E0822D0E94C3E5632D822D0E940BE744
:10EDB000EFCF3324339411CF62E057FF03C0519556
:10EDC0004195510982E00F941E7449CF64E0A3017C
:10EDD00077FE03C051954195510984E00F941E744C
:10EDE0004FCF22242394CCCF6596EEADFFAD65972F
:10EDF0000E1B1F0B23961FAF0EAF2397632D822D83
:10EE00000E94F2E69E012F5B3F4FA70168EE73E080
:10EE1000822D0E9469E6882329F0632D822D0E94AD
:10EE20000BE7F0CF60E082E00F94823D20E137E213
:10EE300027963FAF2EAF2797009114071091150723
:10EE40002091160730911707005A164F17FF02C07E
:10EE50000F5F1F4F15950795809114079091150727
:10EE6000A0911607B091170780179107F4F41C9B27
:10EE70001CC028EC30E0A70168EE73E084E00E943B
:10EE8000C3E58091140790911507A0911607B091E2
:10EE900017070196A11DB11D8093140790931507C4
:10EEA000A0931607B0931707D7CF1C9B3FC0809144
:10EEB000140790911507A0911607B0911707E0E687
:10EEC000F9E0E81BF90BCF01F7FF02C090E080E00A
:10EED00025969FAF8EAF25971C9B28C08091140765
:10EEE00090911507A0911607B091170780369940A9
:10EEF000ECF49E012D5B3F4FA70168EE73E084E0C8
:10EF00000E9469E68091140790911507A091160759
:10EF1000B09117070196A11DB11D8093140790931E
:10EF20001507A0931607B0931707D6CF60E084E0CB
:10EF30000E94F2E6F701208131812031F7E23F079C
:10EF400058F4A70168E17CEF84E00E94C3E560E02B
:10EF500084E00E940BE7EECF61E082E00F94823DF7
:10EF600020E137E2F70131832083009114071091EB
:10EF7000150720911607309117070C0D1D1D17FF5F
:10EF800002C00F5F1F4F1595079580911407909150
:10EF90001507A0911607B0911707081719070CF06D
:10EFA000D9C01C9BBBC0009114071091150720917C
:10EFB0001607309117071C9928C08091140790916B
:10EFC0001507A0911607B09117078C199D0997FF97
:10EFD00002C090E080E025969FAF8EAF25971C99E8
:10EFE0000CC08091140790911507A0911607B0915D
:10EFF0001707C816D9060CF4AFC00091140710917A
:10F0000015072091160730911707809114079091EA
:10F010001507A0911607B0911707C816D9063CF43A
:10F02000F701808191818031974208F4B2C00C19B8
:10F030001D093110CAC0F301EE0FFF1F21E030E0BF
:10F040002C0F3D1FE20FF31F11830083FFEF6F1A98
:10F050007F0A67962EAD3FAD6797820E931E2D9661
:10F060008EAD9FAD2D9702972D969FAF8EAF2D97AA
:10F070002F96EEADFFAD2F9731972F96FFAFEEAFE6
:10F080002F97F0E26F16710409F059CE21E0421A71
:10F09000510831E033128DCE61968EAD9FAD6197F0
:10F0A000809661969FAF8EAF61972B96EEADFFADC8
:10F0B0002B97E05CFF4F2B96FFAFEEAF2B97299677
:10F0C0002EAD3FAD29972250310929963FAF2EAF83
:10F0D0002997232B09F072CD86E190E79F938F93B8
:10F0E0000F94F8B80F900F90C65ADF4F0FB6F894F0
:10F0F000DEBF0FBECDBFDF91CF911F910F91FF906B
:10F10000EF90DF90CF90BF90AF909F908F907F90C7
:10F110006F905F904F903F902F90089528EC30E0D3
:10F12000A70168EE73E084E00E94C3E580911407B4
:10F1300090911507A0911607B09117070197A109A3
:10F14000B1098093140790931507A0931607B09305
:10F1500017071BCF86012FCF9E012D5B3F4FA701C5
:10F1600068EE73E084E00E9469E680911407909154
:10F170001507A0911607B09117070197A109B109CA
:10F180008093140790931507A0931607B093170761
:10F1900026CF28EC30E0A70168E17CEF84E00E94F4
:10F1A000C3E58091140790911507A0911607B091BF
:10F1B00017070197A109B1098093140790931507C8
:10F1C000A0931607B093170720CF2D96EEADFFAD95
:10F1D0002D9786AD97AD012E000C220B330B080F37
:10F1E000191F211D311D36952795179507950F3F3E
:10F1F00011052105310529F020F00FEF10E020E086
:10F2000030E02F96EEADFFAD2F97078F1FCFEF9217
:10F21000FF920F931F93CF93DF93CDB7DEB72F9756
:10F220000FB6F894DEBF0FBECDBFEAE0F3E110A247
:10F2300011A212A213A214A215A216A217A210A61E
:10F2400011A61092A31305EA13E1EE24E394F12C26
:10F25000D8011196FC92EE9212961C92129782E8B7
:10F2600013968C9340E060E08AEA93E10E94DD4CC3
:10F2700040E060E08FEA93E10E94DD4CF8011786E0
:10F28000108A118A128A138A8AE0848B40E060E037
:10F29000CE0101960E94DD4C85E0FE013196DE0133
:10F2A000169601900D928A95E1F785E0FE0136965B
:10F2B000AAEBB3E101900D928A95E1F7D8015A9635
:10F2C0001C925A975C961C921E925B978AEB93E174
:10F2D0000E94CC4CF801818F158E168E40E060E0C4
:10F2E00084EC93E10E94DD4CD80194961C9240E09E
:10F2F00060E0CE010B960E94DD4C85E0FE013B965E
:10F30000DE01119601900D928A95E1F785E0FE01EC
:10F310003196AAECB3E101900D928A95E1F7F801DC
:10F3200012A614A613A68AEC93E10E94CC4CD80135
:10F3300099968C939997DD961C92DD9784EA93E1D8
:10F34000DF969C938E93DE97F092E613E092E5139E
:10F350001092E7131FEF1093E8130E94254D80933E
:10F36000E9131092EA131092EB131092EC1310921F
:10F37000EE131092ED131092F0131092EF131092FF
:10F38000F3131092F4131092F5131092F61383E016
:10F390008093F9131092FA1385E18093F11384E1BD
:10F3A0008093F21383E68093FB138093FC131092F7
:10F3B000FD131092FE131092FF131092001410927E
:10F3C000011410920214109203141092041410925B
:10F3D000051410920614109207141092081410923B
:10F3E0000A141092091410920B148EE290E8909374
:10F3F0000D1480930C1410930E1410930F1410928C
:10F400001114109210141093121482E080931314AC
:10F4100010921414109215141092161410921714BE
:10F42000109219141092181410921B1410921A149E
:10F430000F945E94E8EEF4E110927015109273153B
:10F44000109295151092981589E180935717109294
:10F450005A1710925B171092731710927A17109226
:10F460007D171092FB171092FD171092FC17109247
:10F470008C1610928B161092F7171092F8171092A4
:10F48000F9171092FA171092FE171092FF171092A8
:10F4900000181092011812821382108211821092A9
:10F4A0008A1610929D17E8EBF5E182EDDF011D92BF
:10F4B0008A95E9F710923915109238151092371580
:10F4C0008BEF97E10F941220E1EEF4E111821282AA
:10F4D00013821482158216821083E4E0F8E115820B
:10F4E000178216821186138612860F94B11F6093BD
:10F4F0001A1870931B1880931C1890931D182F9640
:10F500000FB6F894DEBF0FBECDBFDF91CF911F9134
:10F510000F91FF90EF90089542E00E94F26E0C94DC
:10F52000686F8091FB13833609F48FEF08959FB7BE
:10F53000F894E5E0F1E08081806480839FBF0895C6
:10F540000F931F93CF93DF93EC010F94B11F8B01A7
:10F550000F94B03D8F3F69F00F94B11F601B710B8A
:10F560006C177D07A8F380E0DF91CF911F910F9179
:10F57000089581E0F9CF8AE797E10F94A1438AE7E4
:10F5800097E10F94D643E8EEF4E1108211820895DA
:10F590002F923F924F925F926F927F928F929F92A3
:10F5A000AF92BF92CF92DF92EF92FF920F931F9391
:10F5B000CF93DF9300D000D000D01F92CDB7DEB73D
:10F5C0002B013C0149015A0120E030E040EC51E4BC
:10F5D0000F945DBB20E030E04CE952E40F945DBC39
:10F5E0006B017C010F9405BD0F94CFBC312C212CF5
:10F5F00077FD1EC01B01663071051CF045E0242E0E
:10F60000312C822D0E944C4F20E030E048EB51E439
:10F610000F945EBB9B01AC01C301B2010F945DBBB3
:10F6200020E030E04CE952E40F945DBC6B017C01BA
:10F6300020E030E040EC50E4C501B4010F945DBB24
:10F6400020E030E048E052E40F945DBC69837A83A7
:10F650008B839C830F9405BD0F94CFBC77FDDAC0DC
:10F660007A8769876630710524F0E5E0F0E0FA8773
:10F67000E98789850E94394F20E030E040EA50E474
:10F680000F945EBB9B01AC01C501B4010F945DBB3F
:10F6900020E030E048E052E40F945DBC69837A8357
:10F6A0008B839C83A701960160E070E080E89FE374
:10F6B0000F945DBB2B013C0191012F5F3F4F3E83B7
:10F6C0002D8389859A85019698878F8327E0E98520
:10F6D000FA852E9F80012F9F100D1124F801E20D55
:10F6E000F31DEE0FFF1FEE0FFF1FE45EFB4E2181A7
:10F6F000328143815481C301B2010F9403B54B01A0
:10F700005C01ED81FE81E00FF11FEE0FFF1FEE0F98
:10F71000FF1FE45EFB4E2181328143815481C7018A
:10F72000B6010F9403B59B01AC01C501B4010F9460
:10F730005EBB4B015C0129813A814B815C8160E0B9
:10F7400070E080E89FE30F945DBB9B01AC01C501B5
:10F75000B4010F9403B54B015C0127E0EF81F885FC
:10F760002E9FC0012F9F900D11249A878987FC013D
:10F77000E20DF31DEE0FFF1FEE0FFF1FE45EFB4EC9
:10F780002181328143815481C301B2010F9403B5B9
:10F790002B013C0189859A85ED81FE818E0F9F1F8B
:10F7A000880F991F880F991F845E9B4EFC01218151
:10F7B000328143815481C701B6010F9403B59B0187
:10F7C000AC01C301B2010F945EBB29813A814B8128
:10F7D0005C810F9403B59B01AC01C501B4010F948A
:10F7E0005EBB2A960FB6F894DEBF0FBECDBFDF9189
:10F7F000CF911F910F91FF90EF90DF90CF90BF902E
:10F80000AF909F908F907F906F905F904F903F90C0
:10F810002F9008951A86198645CF81E795E70E94B3
:10F82000706F60E08CEA9CE00E94276D813021F4CB
:10F8300084EE9CE60C94977180EE9CE6FBCFBC01B5
:10F84000990F880B990B0E94D66E0C94686F0F93DA
:10F850001F93CF93DF93EC010F94F4B78C018036A4
:10F86000910508F085C08091FC10811105C00E94AF
:10F87000E26D81E08093FC104091EC125091ED120A
:10F880008091FA109091FB104817590741F420918C
:10F89000FD103091FE10121613060CF469C0209171
:10F8A000F8103091F910121613060CF041C09C01AB
:10F8B0002F593F4F84179507E8F544505109401BD5
:10F8C000510B421753070CF453C05093ED12409361
:10F8D000EC128091EC129091ED12FC01E150FF4E80
:10F8E00023E02083BE018E5F9E4E0F94EDB7809182
:10F8F000FD109091FE1001969093FE108093FD10E4
:10F9000083E695E70E94706F84E495E70E94706F2C
:10F910008091EC129091ED128E5F9E4E0E94F982C2
:10F9200082E495E7DF91CF911F910F910C9497712D
:10F930009C01C0CFC80104964817590728F04450CD
:10F940005109401B510BC1CF89EE91E0BC01601BF6
:10F95000710B8B01621773075CF070E060E08FEF52
:10F9600090E10F9468C01093ED120093EC12B1CFA8
:10F970008BE395E70E94706F84E495E70E94706FB7
:10F98000CE010E94706F84E295E7CCCFAB01BC0141
:10F990008AE797E10F94F841811102C080E0089551
:10F9A0008AE797E10F947F418823C1F320919B1749
:10F9B00030919C172950314F30939617209395170B
:10F9C00008958F929F92AF92BF92CF92DF92EF9263
:10F9D000FF920F931F93CF93DF93CDB7DEB7EE97D0
:10F9E0000FB6F894DEBF0FBECDBF809138158F9350
:10F9F000809137158F938FED94E79F938F938E01AE
:10FA00000F5D1F4F1F930F930F944DB90F900F90E1
:10FA10000F900F900F900F90F12CF80101900020A3
:10FA2000E9F73197E01BF10BFE1684F46801CF0C67
:10FA3000D11CF7FCDA94F6018081082E000C990B9A
:10FA40000F944AC0F6018083F394E7CF80E795E1F5
:10FA50000E94526EA12CCE0101967C0188EEC82E28
:10FA60008DE6D82E80917315823008F450C08091B5
:10FA7000781590917915A0917A15B0917B158F71B9
:10FA80009927AA27BB27892B8A2B8B2B09F03FC0EC
:10FA900050E040E0B70180E795E10F943545181636
:10FAA000B4F5B12CF70101900020E9F73197EE1978
:10FAB000FF09BE1674F447018B0C911CB7FC9A9495
:10FAC000F401808190E00F944AC0F4018083B394E4
:10FAD000E9CF8A858E3731F245E050E0B801C701A1
:10FAE0000F94A8C0892B09F0BDCF1F930F93DF920D
:10FAF000CF920E94578861E084EE9DE60E94918734
:10FB00000F900F900F900F90AA24A394ABCF8FEF7C
:10FB10009FEFAA2029F08091371590913815019612
:10FB20009093381580933715EE960FB6F894DEBF94
:10FB30000FBECDBFDF91CF911F910F91FF90EF903E
:10FB4000DF90CF90BF90AF909F908F9008958F924D
:10FB50009F92AF92BF92CF92DF92EF92FF920F935C
:10FB60001F93CF93DF9300D01F92CDB7DEB7FC0178
:10FB70008381813011F080E060C0818181FFFBCF03
:10FB800081899289A389B489892B8A2B8B2B09F4CB
:10FB90006EC07F0140E050E0BA01CF010F94F84100
:10FBA000882349F3F701C18CD28C85889688A78871
:10FBB000B08C82E090E0A0E0B0E0F6018083918319
:10FBC000A283B3839E012F5F3F4FB501A401C601FD
:10FBD0000F944240882379F200E010E09801B501CB
:10FBE000A401C6010F94B03F882329F289809A802E
:10FBF000AB80BC80F6018789803181F5F8EF8F16E4
:10FC0000FFEF9F06A104B104E8F2F701158A168AF6
:10FC1000178A108E118A128A138A148A8181806849
:10FC20008183C7010F94A143882309F4A4CF40E046
:10FC300050E0BA01C7010F94F8410F900F900F9058
:10FC40000F90DF91CF911F910F91FF90EF90DF9078
:10FC5000CF90BF90AF909F908F90089588EF8816B7
:10FC60008FEF9806A8068FE0B80678F6ABCF81E054
:10FC7000E4CF2F923F924F925F926F927F928F923A
:10FC80009F92AF92BF92CF92DF92EF92FF920F932B
:10FC90001F93CF93DF93CDB7DEB7C657D1090FB609
:10FCA000F894DEBF0FBECDBF4C016B013A01E59663
:10FCB0002FAFE597502E2DB63EB6102F11708091C4
:10FCC000F60E8F5F8093F60EFB0180859185A285ED
:10FCD000B3858093FD149093FE14A093FF14B0930A
:10FCE0000015412C5E01F7E6AF0EB11CF6018381D1
:10FCF000823008F4C0C180859185A285B3858F715B
:10FD00009927AA27BB27892B8A2B8B2B09F0B3C1F4
:10FD10001092011541E055E1BE01695B7F4FC601BC
:10FD20000F94354518160CF0A6C18091F60E873059
:10FD300008F0A1C128968FAD2897882309F49BC1AC
:10FD4000853E09F439C18E3209F436C1809101151E
:10FD50008E3209F431C163968FAD6397982F9A70F4
:10FD600009F02AC1887191E0803119F090E080316A
:10FD700031F4E596FFADE597FF2309F494C0909325
:10FD80003615803161F060968FAD6097873409F049
:10FD900013C161968FAD61978E3709F40DC1E59659
:10FDA000FFADE597F13009F41BC1F23009F425C12C
:10FDB000BE01695B7F4F8CEE94E10E943C6EC401F2
:10FDC0000E94F9828CEE94E10E94F98280E20E9406
:10FDD0005D6EA7966CAD7DAD8EAD9FADA7974AE0E9
:10FDE0000E94716E51FE45C0A1962EAD3FADA19708
:10FDF0003093FC142093FB146F964EAD5FAD6F975C
:10FE00005093FA144093F91469968EAD9FAD69979B
:10FE10002817390750F02817390799F467962EAD3F
:10FE20003FAD67974217530760F49093FC1480939B
:10FE3000FB1467968EAD9FAD67979093FA148093ED
:10FE4000F9148091FC148F938091FB148F9380910F
:10FE5000FA148F938091F9148F932CEB34E73F932E
:10FE60002F930F94F8B80F900F900F900F900F9062
:10FE70000F90112399F080910115882309F4BAC0DD
:10FE800081E095E19F938F93E6EBF4E7FF93EF9387
:10FE90000F94F8B80F900F900F900F900E94686F1A
:10FEA0000F94224F89C02DB73EB7E7963FAF2EAFD4
:10FEB000E797BE01695B7F4FC5010E943C6EF4016C
:10FEC0008081882309F486C001900020E9F73197EA
:10FED000E819F909D5010D900020E9F7EA19FB09A5
:10FEE000EA0FFB1F31962DB73EB72E1B3F0B0FB607
:10FEF000F8943EBF0FBE2DBFEDB7FEB731967F0120
:10FF00006DE173E08111B401C7010F94A1C0B50187
:10FF1000C7010F9482C06DE173E0C7010F9482C0E6
:10FF20001123A9F080910115811157C0C5019F933C
:10FF30008F93FF92EF922BEC34E73F932F930F9424
:10FF4000F8B80F900F900F900F900F900F901CA289
:10FF50001FA221E0A501B601CE0184960F94A169EC
:10FF600083E2FE01B496DE01119601900D928A950E
:10FF7000E1F710FB50F8052D20E050E040E0BE0115
:10FF80006F5F7F4FC7010F94397ECE0101960E94AB
:10FF9000576E112321F082EC94E70F941FB9CE0124
:10FFA00084960E94576EE796EEADFFADE7970FB6C9
:10FFB000F894FEBF0FBEEDBFF60180859185A28546
:10FFC000B3858093FD149093FE14A093FF14B09317
:10FFD00000158CCEE1E0F0E07DCF81E095E1A7CF88
:10FFE00080910218909103180196909303188093C2
:10FFF0000218E2CF8CEE94E145CFBE01695B7F4FE2
:020000023000CC
:100000008CEE94E10E943C6EA1962EAD3FADA1977F
:100010003093FC142093FB146F964EAD5FAD6F9739
:100020005093FA144093F91469968EAD9FAD699779
:100030002817390750F02817390799F467962EAD1D
:100040003FAD67974217530760F49093FC14809379
:10005000FB1467968EAD9FAD67979093FA148093CB
:10006000F9146114710459F16CEE74E1C3010F9439
:100070006FC0892B59F58091F60E81508093F60E52
:100080000FB6F8943EBE0FBE2DBECA58DF4F0FB656
:10009000F894DEBF0FBECDBFDF91CF911F910F91BE
:1000A000FF90EF90DF90CF90BF90AF909F908F9098
:1000B0007F906F905F904F903F902F900895809128
:1000C00002189091031848161906A9F2439474CFA8
:1000D000CF92DF92EF92FF920F93CF93DF93CDB742
:1000E000DEB7A3970FB6F894DEBF0FBECDBF6C018D
:1000F00083E9E82E85E1F82E85E995E1D7018D9316
:100100009C9310920318109202180E94526E00E005
:100110000E7F0D7FD701ED91FC9183E2DE011196F8
:1001200001900D928A95E1F722E0A601BE016F5F72
:100130007F4F88EF92E00F94397ECE0101960E94A6
:10014000576EA3960FB6F894DEBF0FBECDBFDF91FA
:10015000CF910F91FF90EF90DF90CF900895EF92A5
:10016000FF920F93CF93DF93CDB7DEB7A3970FB670
:10017000F894DEBF0FBECDBF23E9E22E25E1F22EBB
:1001800025E935E1D7012D933C9310920318109285
:100190000218B0E0A0E0AC01BD01E5E0440F551F3E
:1001A000661F771FEA95D1F7C9010F94F84100E067
:1001B0000E7F0D7FD701ED91FC9183E2DE01119658
:1001C00001900D928A95E1F722E050E040E0BE01F7
:1001D0006F5F7F4F88EF92E00F94397ECE010196DA
:1001E0000E94576EA3960FB6F894DEBF0FBECDBF28
:1001F000DF91CF910F91FF90EF900895CF92DF9212
:10020000EF92FF920F93CF93DF93CDB7DEB7A39713
:100210000FB6F894DEBF0FBECDBF83E9C82E85E1CF
:10022000D82E85E995E1D6018D939C9322E0E22EAC
:1002300028E1F22EF701118210820E94526E00E036
:100240000E7F0D7FD601ED91FC9183E2DE011196C8
:1002500001900D928A95E1F721E050E040E0BE0167
:100260006F5F7F4F88EF92E00F94397ECE01019649
:100270000E94576EF70180819181A3960FB6F89482
:10028000DEBF0FBECDBFDF91CF910F91FF90EF90FA
:10029000DF90CF900895CF93DF938FE20E945D6E41
:1002A000C0E0D9E080918A16C81760F4CD9FC001E4
:1002B0001124865C9A4E0E94F9828FE20E945D6E44
:1002C000CF5FF0CF80910115811106C08CEE94E1D3
:1002D000DF91CF910C94F98281E095E1F9CFCF9233
:1002E000DF92EF92FF926B017C0188EA9CE00F9411
:1002F0003EBAAB01BC014C0D5D1D6E1D7F1D88EA31
:100300009CE0FF90EF90DF90CF900D948CBACF934C
:10031000DF93EC010F943EBA6F3F2FEF7207820715
:10032000920749F440E050E0BA01CE010F948CBA34
:1003300060E070E0CB01DF91CF9108950F931F93A0
:10034000CF93DF930F94A46F882339F120919517F1
:1003500030919617E9011BEF88818B3351F5FE012F
:1003600061916A30E9F7EF01CF01875F9E408130EC
:100370009240E4F0CE01821B930B01970F94806AA8
:100380008AE797E10F947F41882339F00F94A46F97
:1003900027EF3EE0E9018111E2CF87EF90E19093F2
:1003A000961780939517CFEFDFEF34C01150C1F54A
:1003B0002197CE01821B930B01960F94806ACE0188
:1003C0000196C881D0E00091821710918317209187
:1003D00084173091851740918B1750918C1760913D
:1003E0008D1770918E170417150726073707A8F683
:1003F0009C01275F3E402115324044F08AE797E197
:100400000F947F41882349F287EF9EE090939617DF
:1004100080939517CE01DF91CF911F910F91089591
:1004200088818B3309F498CFC3CFCF93DF93D82F34
:1004300084EA8093BC0088E00F941E20811116C0CE
:100440008AEE8093BB00C4E8C093BC0088E10F949F
:100450001E2081110FC0D093BB00C093BC0088E266
:100460000F941E20882319F083E001C081E0DF9102
:10047000CF91089582E0FBCF8FB7F89410921618B1
:10048000109215188FBF089587E69FE00F9436BA33
:1004900091E0811101C090E081E0209104182111C8
:1004A00001C080E098139093041887E09FE00F94B8
:1004B00036BA91E0811101C090E09093051885ED66
:1004C0009EE00F9436BA91E0811101C090E09093C4
:1004D000061887E49DE00F9436BA8F3FC9F08093E9
:1004E0000C188DEA9CE00F9436BA91E0811101C09E
:1004F00090E0909312188091E90E9091EA0E9093FB
:100500001418809313180F943C82109219180895B0
:1005100010920C18E6CF80910418833021F41092C9
:100520000418109210180F94448220E030E040EA42
:100530005FE36091280E7091290E80912A0E9091B0
:100540002B0E0F9403B50F94CFBC709318186093C3
:1005500017185198599A5898509A8AE0589A95E0E5
:100560009A95F1F70000589895E09A95F1F70000F8
:100570008150A1F75098589A8091B9008C7F809350
:10058000B9008CE08093B80084EA8093BC0088E0D6
:100590000F941E20811168C08AEE8093BB0084E80E
:1005A0008093BC0088E10F941E2081115DC084E916
:1005B0008093BC0060E08FE70E94B54B80E00E9412
:1005C000D04B8093170E81E00E94D04B8093160E83
:1005D0009091170E9133B9F58139A9F567E986E055
:1005E0000E94B54B8FE99FE00197F1F700C0000032
:1005F00085EA94E70E94FD4B8823B1F18FE39CE9E3
:100600000197F1F700C0000061E08FE70E94B54B51
:1006100082E794E70E94FD4B882331F160E08FE789
:100620000E94B54B60E089E00E94B54B80E00E94DB
:10063000D04B8093170E81E00E94D04B8093160E12
:1006400080910601089580E00E94D04B8093170EA0
:1006500081E00E94D04B8093160E9091170E91333B
:1006600019F4813909F4BACF1092101883E08093FD
:1006700004180895CF93DF9380911218882309F40A
:1006800062C08FB7F894C0911518D09116188FBF1B
:10069000CE01D7FF04C0882799278C1B9D0B209182
:1006A000171830911818821793074CF10F943C8259
:1006B0000E941B4C811102C00F948B822091E90E85
:1006C0003091EA0E80911918409113185091141826
:1006D000B901641B750B41E0161617060CF040E0DB
:1006E00091E01C161D060CF090E0491709F463C058
:1006F0008F5F8093191830931418209313188091EA
:1007000019188B3000F110921918109206181092D7
:1007100005181092121820E030E0A901CA01B901B1
:100720000E94D88860E070E0CB010E94975985E66E
:100730009FE00E94466D81E09FE00E94396D8FED41
:100740009DE60F94277C6AE070E08DE098E10F94BD
:100750000B20C82F882339F18DE098E10F941220E7
:100760000E941B4C811102C00F948B828091150E48
:10077000813130F0C1E08091140E823308F4C0E082
:10078000809110182091111830E0C2171306C1F0A3
:100790008F5F8093101880911018853020F0109290
:1007A0001018C093111881E090911018911180E0F9
:1007B000DF91CF910895882309F49DCF815099CF7F
:1007C000882349F38150E5CF2F923F924F925F9259
:1007D0006F927F928F929F92AF92BF92CF92DF9251
:1007E000EF92FF920F931F93CF93DF93CDB7DEB7B6
:1007F000ED970FB6F894DEBF0FBECDBF10928C16EA
:1008000010928B1610925617109255178091030173
:1008100080FDF1C089E09FE00F9436BA382E82E067
:100820008093BF020F94FE806C01009709F4E0C032
:100830008536910570F032E0331641F08091110E4B
:10084000811104C08FE89CE60E94E5F7F4E6CF2E04
:10085000D12CD0928C16C0928B166DE8662E66E174
:10086000762EF12CE12C75E9A72E75E1B72E8824A0
:100870008394912C8091030180FDBDC00F94224F81
:10088000E114F10409F0D0C090E080E00F9468809A
:100890008091FD149091FE14A091FF14B091001569
:1008A00055E0B695A795979587955A95D1F7F30199
:1008B000819391933F01FFEFEF1AFF0ACE14DF04FB
:1008C000C9F621E0E216F10409F492C032E03316D1
:1008D00009F48EC02091110E21118AC090935617F1
:1008E00080935517EE9CC001EF9C900D900D112444
:1008F00061E87CE6969587950E948B663FE8A32E7B
:1009000036E1B32E912C812CCC24C394D12CC4017C
:100910000E947E658C0C9D1CF5010190F081E02DFC
:10092000F9AFE8AFCF010F94AF80809101156CEE65
:1009300074E1882311F061E075E1CE0101960F9416
:10094000A1C06090FB147090FC142091F9143091B8
:10095000FA143BAF2AAF20903615BFAAAEAA860183
:100960008091030180FD47C00F94224FC801019779
:100970009DAF8CAFEEA9FFA952904290FFABEEABBA
:10098000C2010F94AF80809101156CEE74E1882351
:1009900011F061E075E131108AC08091361528129E
:1009A00083C08091FB149091FC146816790609F0BD
:1009B0006CC08091F9149091FA142AAD3BAD821766
:1009C000930708F066C0000F111FF801E357F94EB6
:1009D00028AD39AD318320833FEFC31AD30A82E0BB
:1009E000A80EB11CEC14FD0409F091CF0E949F6584
:1009F00081E08093BF02ED960FB6F894DEBF0FBE84
:100A0000CDBFDF91CF911F910F91FF90EF90DF90BD
:100A1000CF90BF90AF909F908F907F906F905F909E
:100A20004F903F902F9008954091FD145091FE14E7
:100A30006091FF1470910015B0929415A0929315D7
:100A4000909203188092021885E995E10F94F8417D
:100A50001E7F1D7FE0919315F091941583E2DE01D6
:100A6000119601900D928A95E1F7012F22E050E056
:100A700040E0BE016F5F7F4F88EF92E00F94397EB8
:100A8000CE0101960E94576E03CF8615970508F494
:100A90009ACFEEA9FFA9538242820CAD1DAD01157C
:100AA000110509F05DCF8FCF222099F38CCF31E073
:100AB0003312EFCF80913615281207C0CE01019670
:100AC0000F946FC097FDE5CF7ECF2110E2CF7BCF93
:100AD000CF92DF92EF92FF920F931F93CF93DF930A
:100AE000CDB7DEB7A3970FB6F894DEBF0FBECDBF6C
:100AF0007C01062F19821C828091981595E9C92ED8
:100B000095E1D92E811104C080E7C82E85E1D82E49
:100B100021E0A701B601CE0101960F94A169182F1B
:100B2000882321F180918A16853000F529E0829F83
:100B3000C0011124B701865C9A4E0F94A1C0C70171
:100B40000F94C5C080918A16863080F183E2FE0141
:100B50003196A5E9B5E101900D928A95E1F7002360
:100B600009F44CC00F94E483102F0CC083E695E782
:100B70000E94706F89EC9DE60E94706FC7010E9411
:100B8000058310E0CE0101960E94576E812FA39637
:100B90000FB6F894DEBF0FBECDBFDF91CF911F918E
:100BA0000F91FF90EF90DF90CF9008958F5F80932B
:100BB0008A1693E28150C8F0282F30E0A9014F5FD8
:100BC0005F4F949FD001959FB00D1124A854BA4E49
:100BD000929FF001939FF00D1124E854FA4E292FB3
:100BE00001900D922A95E1F7E5CF83E2F601A8EB9B
:100BF000B5E101900D928A95E1F7A8CF81E080934D
:100C00003915C0CF93E2E0E7F5E1A5E9B5E1019040
:100C10000D929A95E1F710928A1625E935E1309305
:100C200094152093931581110D94E48381E08093B2
:100C3000391508958F929F92AF92BF92CF92DF9213
:100C4000EF92FF920F931F93CF93DF93CDB7DEB751
:100C50002D970FB6F894DEBF0FBECDBF20E735E16C
:100C60003093941520939315DC01ED91FC9130970E
:100C7000A1F481E02D960FB6F894DEBF0FBECDBF74
:100C8000DF91CF911F910F91FF90EF90DF90CF9068
:100C9000BF90AF909F908F90089520812F3209F0E0
:100CA00047C06C0180E00F940286F601008111813B
:100CB0000F5F1F4F95E9892E95E1992ED8018C91F0
:100CC0008823B9F26FE270E0C8010F948DC05C0117
:100CD000009751F10817190738F57C01E01AF10A5D
:100CE000BDE0EB16F10418F08CE0E82EF12CA70122
:100CF000B801CE0101960F94B6C0E1E0F0E0EC0F30
:100D0000FD1FEE0DFF1D108260E0CE0101960F94D5
:100D10006885882309F4AECF90929415809293153C
:100D200085010F5F1F4FCACFF60111830083A1CF4A
:100D300085E995E190939415809393159ACFBF928E
:100D4000CF92DF92EF92FF920F931F93CF93DF9397
:100D50001F921F92CDB7DEB72091EB14222309F426
:100D6000EFC07C0180917D17882309F404C16111D3
:100D7000F6C0D0909D17DD2021F08DE394E70E940E
:100D80004E7283E695E70E94706F84E294E70E94BA
:100D9000706FC7010E94F98289E194E70E94706F29
:100DA00000919D1725E5029F800111240E55184ED4
:100DB0008FE2F80181938F01CC24C39483E2B82E93
:100DC00080918A16D816B0F4DB9CC0011124B801BA
:100DD00088549A4E0F94DF43C8018C010196F801A4
:100DE0002081222329F0F4E5FC1510F0C394F5CFFF
:100DF000D394E6CF27E42C1508F4AEC0B8018AE7F7
:100E000097E10F94DF4380919D17F5E58F9FC00117
:100E100011248E55984E0E94F98283E194E70E9436
:100E2000706F6091FE177091FF178091001890917C
:100E300001184AE00E94716E0E94686F80919D17B0
:100E400024E0829FF0011124E256F84E4091FE17F3
:100E50005091FF17609100187091011840835183E1
:100E6000628373838F5F80939D178AE797E10F9466
:100E7000D6431092EA14FA82E982CE0101960F94C9
:100E80001A86882309F45CC049815A8160919315C0
:100E90007091941521E08AE797E10F94A169882366
:100EA00009F477C08AE797E10F947F41882309F41A
:100EB00070C080919B1790919C178950914F90938F
:100EC00096178093951789819A810F9468808091F5
:100ED0008B1790918C17A0918D17B0918E178093DE
:100EE000F7179093F817A093F917B093FA1783EEBA
:100EF00093E70E94706F0F944B818BED93E70E94F4
:100F0000706F6091F7177091F8178091F9179091B1
:100F1000FA174AE00E94716E0E94686F1092FE17E5
:100F20001092FF1710920018109201188DEC93E7A1
:100F30000E9497718DEC93E70E94EDED1092130ED5
:100F40000F900F90DF91CF911F910F91FF90EF9035
:100F5000DF90CF90BF900895F801108254CF83E6C0
:100F600095E70E94706F82E094E70E94706FC7015E
:100F70000E9405837ACF10929D1783E695E70E9421
:100F8000706F81EF93E70E94706FC7010E94058325
:100F900070CF85EB9DE60E94706F89819A810E94D7
:100FA000F9828EE20E945D6E0E94686FC9CF0F9435
:100FB0004A518AE797E10F94D64380919D17882381
:100FC00069F1815080939D1725E5829FC00111240E
:100FD00061E08E55984E0F949F86E0919D1784E0B6
:100FE000E89FF0011124E256F84E60817181828100
:100FF00093816093FE177093FF178093001890936E
:1010000001180F94C67C8091EB14882371F081E065
:101010008093EA1485E08093120E08951092EA14EA
:1010200083E08093120E0C9441820895CF92DF9258
:10103000EF92FF920F931F93CF93DF93082F10929D
:10104000EB1480917315882321F080E795E10F94CC
:10105000D64310925A17109257170F94B11FEB01F5
:101060000F94977A809104018064809304012398FF
:10107000229A219A209A289A85E08093581782E52F
:101080008CBD1DBC1AE08FEF0F94AB3D1150D9F70A
:101090002B9A20E030E0A90160E087E597E10F940A
:1010A000B73D80935917813061F00F94B11F6C1BCD
:1010B0007D0B613D774068F32B9881E08093571753
:1010C00022C02B980F94B11FEB0180EC93E70E9494
:1010D00097718FEF0F94AB3D0F94B03D80935917EC
:1010E0008F3F59F18FEF0F94AB3D0F94B11F6C1BE5
:1010F0007D0B6232710580F382E0809357178FEA8F
:1011000093E70E9497710F94977A83E695E70E9480
:10111000706F88EA9DE60E9497718091EB14882396
:1011200009F49AC0802FDF91CF911F910F91FF900A
:10113000EF90DF90CF900D9402862AEA31E040E0F4
:1011400050E068E087E597E10F94B73D82FF2BC040
:1011500081E080935A1780915A17C12CD12C7601C7
:10116000823029F4C12CD12CE12C80E4F82E20E02F
:1011700030E0A90167E387E597E10F94B73DA70148
:10118000960169E287E597E10F94B73D809359177F
:101190008823B1F00F94B11F6C1B7D0B613D77402C
:1011A00030F38AE08BCF14E00F94B03D8093591751
:1011B0001150D1F78A3A11F082E080CF82E0C9CF96
:1011C00080915A178230D1F420E030E0A9016AE31F
:1011D00087E597E10F94B73D882311F088E06ECF43
:1011E0000F94B03D807C803C19F483E080935A17C3
:1011F0000F94B03D0F94B03D0F94B03D0F94977A8B
:101200001092581781E00F94536E81110CC080E04A
:101210000F94536E811107C08BE395E70E94706FA6
:1012200085E99DE678CF6CE577E180E795E10F945D
:101230002F41811107C08BE395E70E94706F85E80D
:101240009DE669CF81E08093EB1483E695E70E94E9
:10125000706F8AE79DE65FCFDF91CF911F910F916D
:10126000FF90EF90DF90CF9008954F925F926F9232
:101270007F928F929F92AF92BF92CF92DF92EF9226
:10128000FF924B015C0160910F0E7091100E072EC2
:10129000000C880B990B0F94C4B420E030E0A90136
:1012A0000F9453BC8823D1F010920E0ECC24CA9414
:1012B000DC2C760198EE492E93E0592E612C712C8E
:1012C00080910E0E81110AC02FEFC216D206E206DF
:1012D000F20689F480910D0E8230B9F4FF90EF9000
:1012E000DF90CF90BF90AF909F908F907F906F9046
:1012F0005F904F900895F7FCF1CF0F94B11F6C19D8
:101300007D09683B7B4030F3E9CF0F94B11F68192A
:1013100079098A099B09693E73408105910508F4A2
:1013200042C08091110E81113AC08CEA93E70E946D
:10133000706F6091090E70910A0E80910B0E909162
:101340000C0E41E00E94F26E88EA93E70E94706FF3
:1013500060E070E0CB010E94D66E84EA93E70E94C1
:10136000706FF7FC52C00F94B11F4601570158EB44
:10137000850E5BE0951EA11CB11CA5019401261BE6
:10138000370B480B590BCA01B901A30192010F9405
:10139000A9BACA01B9010E94D66E0E94686F0F9463
:1013A000B11F4B015C0190E080E00E948B8C3FEF0D
:1013B000C316D306E306F30609F046C08091080E73
:1013C00060910F0E7091100E882319F1072E000CFA
:1013D000880B990B0F94C4B420E030E040E85FE341
:1013E0000F945DBB9B01AC016091090E70910A0ED8
:1013F00080910B0E90910C0E0F94E7BD87FD60CF8E
:101400000F94B11F6B017C015BCF8FE30E945D6E77
:10141000C4CF072E000C880B990B0F94C4B420E0A6
:1014200030E040E85FE30F945EBB9B01AC0160914C
:10143000090E70910A0E80910B0E90910C0E0F9474
:1014400053BC1816ECF63CCFF7FC3ACF60910F0E68
:101450007091100E072E000C880B990B0F94C4B4DA
:101460009B01AC016091090E70910A0E80910B0EE8
:1014700090910C0E0F945DBB9F7720E030E040EA26
:1014800050E40F94E7BD18160CF01ACFB9CF1F9394
:10149000CF93DF93EC01162F8091E713833009F48B
:1014A0004DC08C3109F451C080910C1490910D14F1
:1014B0008C179D0771F1D0930D14C0930C141093E9
:1014C0000E14CE010E942C4DE82FF0E0EE0FFF1F0E
:1014D000E852FD48859194910E949B71C130D105DD
:1014E000C1F0CC3080E8D807A1F0C93280E8D80735
:1014F00081F00E94526DCE0188279E77892B49F09A
:1015000080911A1490911B14019690931B14809350
:101510001A148091F9138823D9F011E01093070E63
:10152000CE010E947D4E8F3F99F01093FA1385EC07
:1015300092E7DF91CF911F910C949771109217143D
:101540000F945E651092050EAFCF10921614F8CF6F
:101550001092FA138091060E811106C0CE01DF9120
:10156000CF911F910C940169DF91CF911F91089544
:101570002F923F924F925F926F927F928F929F92A3
:10158000AF92BF92CF92DF92EF92FF920F931F9391
:10159000CF93DF9300D01F92CDB7DEB75C014B0134
:1015A00080917D17813009F0DEC080917B1781FF2B
:1015B000DAC082FDBCC07401212C32E0332E0091D0
:1015C0008217109183172091841730918517E114A9
:1015D000F10409F430C18091931790919417DC01C4
:1015E00014967C907A94B901A80129E076956795C4
:1015F000579547952A95D1F774221170711025C01F
:101600000115110511F540917E1750917F176091DA
:10161000801770918117411551056105710509F019
:10162000A8C080918F1790919017A0919117B091B9
:1016300092170097A105B10509F0B4C08AE797E1B8
:101640000F948C42882309F48EC0C101801B910B3A
:1016500067018E159F0508F46C01E0919317F091D6
:10166000941780917E1790917F17A0918017B09169
:1016700081170297A109B109258504C0880F991F18
:10168000AA1FBB1F2A95D2F74685578560897189A5
:10169000840F951FA61FB71F9C01AD01270D311D9B
:1016A000411D511D29013A01C11432E0D30609F050
:1016B0008AC08091EB0E9091EC0EA091ED0EB0914E
:1016C000EE0E481659066A067B0669F41092F30E70
:1016D0008FEF9FEFDC018093EB0E9093EC0EA093C5
:1016E000ED0EB093EE0E9501B301A2018091F40EC0
:1016F0009091F50E0F94173E8823A9F180918217DF
:1017000090918317A0918417B09185178C0D9D1D22
:10171000A11DB11D8093821790938317A093841706
:10172000B0938517AC0CBD1CEC18FD0848CF409158
:101730008B1750918C1760918D1770918E17809137
:10174000821790918317A0918417B091851748173D
:1017500059076A077B0709F42ECF8AE797E10F94B0
:10176000F841811128CF81E080937A178FEF9FEFA6
:1017700081C09E012F5F3F4F0F944240882399F311
:1017800089819A81AB81BC81E0919317F091941784
:101790002789203181F4883FEFEF9E07A105B1052D
:1017A00008F04CCF80937E1790937F17A0938017FB
:1017B000B09381174ACF883FFFEF9F07AF07FFE045
:1017C000BF0780F33BCF0115110569F540918217E2
:1017D00050918317609184177091851780918B17B2
:1017E00090918C17A0918D17B0918E1748175907BB
:1017F0006A077B07C0F00F947B3E882309F4B3CFC0
:1018000081E08093F30E4092EB0E5092EC0E6092CA
:10181000ED0E7092EE0EA601B501C8018950914FF0
:101820000F945FC06BCF41E0C301B2010F94733FCF
:101830008111F1CF98CF80918B1790918C17A09147
:101840008D17B0918E1780179107A207B30768F420
:1018500080917B1700938B1710938C1720938D1713
:1018600030938E17806880937B1780917B1783FD60
:1018700018C0C4010F900F900F900F90DF91CF917F
:101880001F910F91FF90EF90DF90CF90BF90AF909E
:101890009F908F907F906F905F904F903F902F9090
:1018A00008958AE797E10F94A1438111E2CF5BCFBE
:1018B0000F93CF93DF93CDB7DEB7A3970FB6F8940E
:1018C000DEBF0FBECDBF20918B1630918C168217D4
:1018D0009307D8F4613031F421503109A901481B34
:1018E000590BCA01880F991FFC01E357F94E8081FB
:1018F00091810F94AF80A3960FB6F894DEBF0FBE10
:10190000CDBFDF91CF910F91089545E955E15093F7
:10191000941540939315821B930B01969093031893
:1019200080930218409155175091561785E0440F47
:10193000551F8A95E1F770E060E085E995E10F9425
:10194000F84100E00E7F0D7FE0919315F091941522
:1019500083E2DE01119601900D928A95E1F722E073
:1019600050E040E0BE016F5F7F4F88EF92E00F9440
:10197000397ECE0101960E94576EBDCF0F931F9303
:10198000CF93DF931F921F92CDB7DEB72091EB1458
:10199000222369F18C0180917D17882379F18CEEE7
:1019A00091E70E9497711092EA141A830983CE017D
:1019B00001960F941A868823D1F049815A8160914B
:1019C00093157091941526E58AE797E10F94A16924
:1019D000811122C085EB9DE60E94706F89819A81FA
:1019E0000E94F9828EE20E945D6E0E94686F0F90E5
:1019F0000F90DF91CF911F910F91089510929D1735
:101A000083E695E70E94706F81EF93E70E94706F05
:101A1000C8010E940583C7CF81E08093E8148981C3
:101A20009A810F9468808AED91E70E94706F0F94FD
:101A30004B810E94686F8DEC93E70E9497718DEC4B
:101A400093E70E94EDED1092130ED1CF0F931F93E9
:101A5000CF93DF93EC0184E0FE0111928A95E9F7C0
:101A600023E030EA4AE050E960E387E597E10F942C
:101A7000B73D882391F023E030EA4AE050E961E184
:101A800087E597E10F94B73D882339F080E880938C
:101A900057170F94977A80E02FC00F94B11F8B01D6
:101AA0000F94B03D809359178F3F69F40F94B11F85
:101AB000601B710B6D32714098F381E18093571771
:101AC0000F94977AE6CF8E3F11F08FE0F7CF8E011B
:101AD0000C5F1F4F0F94B03D8993C017D107D1F70A
:101AE000CEEFD1E00F94B03D2197E1F70F94977AB4
:101AF0008FEF0F94AB3D81E0DF91CF911F910F915C
:101B000008958F929F92AF92BF92CF92DF92EF9201
:101B1000FF920F931F93CF93DF931F92CDB7DEB742
:101B20006B017C0149015A01033019F48CE58CBD2D
:101B30001DBC81149104A104B10409F459C08E2D77
:101B40000E94D76D8D2D0E94D76D8C2D0E94D76D70
:101B5000609126187091271880E290E00F949EB84B
:101B600010E119820130B1F188F10330B9F18FEF42
:101B7000C81AD80AE80AF80A60912618709127183E
:101B800080E290E00F949EB889810E94D76D115039
:101B900081E0881A9108A108B1080FB607FE06C0B7
:101BA000C4019F71892B11F40F94224F8114910469
:101BB000A104B10411F01111D4CF609126187091D5
:101BC00027188AE090E00F949EB8B3CFF601808189
:101BD0008983CDCFC6010F9436BAFACF21E030E029
:101BE000AE014F5F5F4FC701B6010E94BDE8BFCF96
:101BF0000F90DF91CF911F910F91FF90EF90DF90A9
:101C0000CF90BF90AF909F908F900895CF93DF9328
:101C1000C4E0D8E11A8219821E868091E90E909163
:101C2000EA0E988B8F870F943C821D8ADF91CF91AB
:101C30000895CF92DF92EF92FF9269017A012DEC25
:101C40003CEC4CE45EE30F945DBB2DEC3CEC4CE4CF
:101C50005EE30F9403B52DEF3DEA40E05DE30F94A2
:101C60005EBBA70196010F9403B524E230EF49E172
:101C700050E40F945DBCFF90EF90DF90CF900895FB
:101C80002F923F924F925F926F927F928F929F928C
:101C9000AF92BF92CF92DF92EF92FF920F931F937A
:101CA000CF93DF9300D01F921F92CDB7DEB78C8306
:101CB0004A015B0123E43DEC4FE25DE3CB01B4015B
:101CC0000F945DBB6B017C0120E030E040EA51E401
:101CD000C501B4010F94198E562E472E382E292E89
:101CE000A7019601C501B4010F94198E69837A8307
:101CF0008B83A92EBC808B2D90E09C012D5F3F4FE4
:101D00003D832C830B2D10E08C819D8180179107E2
:101D10000CF4A1C02F923F924F925F92B801012E16
:101D2000000C880B990B0F94C4B4A70196010F9473
:101D300003B59B01AC010F945EBB9B01AC0160E05D
:101D400070E08CE092E40F945DBB9F938F937F9340
:101D50006F931F9296E49F9325EC31E73F932F9367
:101D60000E945788B801660F771F6F5F7F4F072E5D
:101D7000000C880B990B0F94C4B4A70196010F9423
:101D800003B59B01AC0160E070E08CE092E40F943D
:101D90005DBB962E872E782E692EAF929B819F93E6
:101DA0002A812F9339813F936F927F928F929F92D6
:101DB0001F9286E48F9325EC31E73F932F930E9487
:101DC00057882F923F924F925F926F927F928F929D
:101DD0009F921F9292E39F9325EC31E73F932F93BD
:101DE0000E9457880FB6F894DEBF0FBECDBFAF92EA
:101DF0003B813F938A818F9399819F93B8016F5F55
:101E00007F4F072E000C880B990B0F94C4B4A701C9
:101E100096010F9403B59B01AC010F945EBB9B012F
:101E2000AC0160E070E08CE092E40F945DBB9F93A6
:101E30008F937F936F931F9222E32F9385EC91E70B
:101E40009F938F930E945788B3940FB6F894DEBF88
:101E50000FBECDBF57CF0F900F900F900F900F90E8
:101E6000DF91CF911F910F91FF90EF90DF90CF9076
:101E7000BF90AF909F908F907F906F905F904F90AA
:101E80003F902F9008959FB7F89480E1ECEFF6E033
:101E9000ACE0B7E001900D928A95E1F79FBF0895FD
:101EA00089E080931D07E2E0F2E7859194910C941C
:101EB000EDEDCF93C82F8093FB1383E695E70E9447
:101EC000706F8FEB91E70E94706F85EB91E70E9436
:101ED000706F8C2F90E0CF910D941F7C0F931F9308
:101EE000CF93DF9300D000D01F921F92CDB7DEB703
:101EF00008EE13E01D821E821F82188619821A8244
:101F00001B821C82AE014B5F5F4F6FE680E00F9437
:101F10001C1CAE014F5F5F4F6FE681E00F941C1CED
:101F20008D819E81AF81B885B7FD07C00F944C208D
:101F300001501109F9F680E009C089819A81AB81CD
:101F4000BC81B7FFF3CF0F944C2081E028960FB6E9
:101F5000F894DEBF0FBECDBFDF91CF911F910F91DF
:101F600008951F93CF93DF93EC01162F0F944A51DE
:101F7000FE0134962591359145915491FE0165916C
:101F80007591859194910E94014D2896115081F789
:101F90000F944A51DF91CF911F910C94FF4C0E94F6
:101FA000B057811104C088E69DE60E94EDED1092C5
:101FB0001D07089580911414882311F081E008957D
:101FC00080E008952F923F924F925F926F927F929E
:101FD0008F929F92AF92BF92CF92DF92EF92FF9239
:101FE0000F931F93CF93DF93CDB7DEB72D970FB627
:101FF000F894DEBF0FBECDBFE82E412C512C32012C
:102000006E3190F0693C08F068EC70E068517C4FEC
:1020100090E080E00F94C2B420E030E04AE754E45E
:102020000F945DBC2B013C018091C7029091C802C6
:10203000A091C902B091CA0289839A83AB83BC8301
:102040008091CB029091CC02A091CD028D839E8392
:10205000AF8320E030E047EF50E069EE8E2D0F9423
:10206000761C812C912C5401F12C10E001E0D12C34
:1020700019862F2C312C8F2D8F718887811103C0E9
:10208000812C912C5401B101032C000C880B990B6D
:102090000F94C4B42BED3FE049EC50E40F9403B52A
:1020A0006A877B878C879D8720E030E0A901C30188
:1020B000B2010F9453BC81114DC02BED3FE049E4B8
:1020C00050E46A857B858C859D850F945EBB20E0FE
:1020D00030E040E85AE30F9403B50F941EBF20E0B0
:1020E00030E048E753E40F9403B520E030E040E0EF
:1020F0005FE30F945EBB0F94D6BCCC24CA94C60E8B
:102100008C2D9985891B8D15F9F0801709F471C004
:102110008D150CF053C08823E9F1813009F444C0D7
:102120008F3F09F081C0E2E0F0E0EC0FFD1FE10F0E
:10213000F11D108200E0E5E0F0E0EC0FFD1FE10F83
:10214000F11DF0821F5FD82E143008F456C06CC009
:10215000F82E8FCF20E030E040E85AE36A857B8597
:102160008C859D850F9403B50F941EBFA30192012A
:102170000F94CEBE20E030E047E753E40F9403B560
:1021800020E030E040E05FE30F945EBB0F94D6BCEC
:10219000C62EB6CFE2E0F0E0EC0FFD1FE10FF11D1F
:1021A00091E0908301E0C7CFE2E0F0E0EC0FFD1F8B
:1021B000E10FF11D92E0908302E0BDCF0817A4F576
:1021C000823009F480C0833009F488C0813061F521
:1021D000E2E0F0E0EC0FFD1FE10FF11D808301E074
:1021E000D12CE5E0F0E0EC0FFD1FE10FF11DF082D6
:1021F0001F5F1430C8F46894B7F888858F3109F0F0
:1022000078C0B101E5E075956795EA95E1F7605A08
:102210006068A50194018E2D0F94761C81E08F0DCE
:10222000C9869FEFF91294CF2A8130E050E040E058
:1022300082E0220F331F441F551F8A95D1F78B80F0
:10224000912CB12CA12C94E0880C991CAA1CBB1CCD
:102250009A95D1F7822A932AA42AB52A8981882AB5
:102260008C8190E0B0E0A0E09C01AD0166E0220F1F
:10227000331F441F551F6A95D1F7282939294A2948
:102280005B298D81382B8E81482B8F81582B68EEEE
:102290008E2D2D960FB6F894DEBF0FBECDBFDF9109
:1022A000CF911F910F91FF90EF90DF90CF90BF9053
:1022B000AF909F908F907F906F905F904F903F90E6
:1022C0002F900D94761CE2E0F0E0EC0FFD1FE10F83
:1022D000F11D808302E0DD24D39483CFE2E0F0E0BF
:1022E000EC0FFD1FE10FF11D808303E0F2E0DF2E14
:1022F00078CFB694A7949794879490CF8F929F921B
:10230000AF92BF92CF92DF92EF92FF929091E70649
:10231000882309F49DC0911192C00F944A510E94E4
:1023200046586091BD027091BE02072E000C880BCA
:10233000990B0F94C4B420919B0E30919C0E409148
:102340009D0E50919E0E0F9403B52AE037ED43E2A7
:102350005CE30F9403B52091F7063091F8064091A5
:10236000F9065091FA060F945EBB6093F7067093DE
:10237000F8068093F9069093FA0687EF96E00F949B
:102380006252C090B902D090BA02E090BB02F090C5
:10239000BC0220E030E040E752E460919F0E709173
:1023A000A00E8091A10E9091A20E0F9403B56093A0
:1023B000B9027093BA028093BB029093BC0281E091
:1023C0008093E70690E080E00E949A5D20E030E094
:1023D000A9016091A30E7091A40E8091A50E909119
:1023E000A60E0F9453BC882311F10F944A512091EB
:1023F000A30E3091A40E4091A50E5091A60E6091AF
:10240000F3067091F4068091F5069091F6060F940C
:102410005DBB6093F3067093F4068093F50690938A
:10242000F6060F94D16090E080E00E949A5DC09221
:10243000B902D092BA02E092BB02F092BC02FF90C5
:10244000EF90DF90CF90BF90AF909F908F900895C6
:102450009923A9F30F944A510E9446588090B902DB
:102460009090BA02A090BB02B090BC0220E030E095
:1024700040E752E46091AB0E7091AC0E8091AD0ECE
:102480009091AE0E0F9403B56093B9027093BA02A7
:102490008093BB029093BC02C090A30ED090A40E78
:1024A000E090A50EF090A60E20E030E0A901C70153
:1024B000B6010F9453BC8823E1F0A7019601609107
:1024C000F3067091F4068091F5069091F6060F944C
:1024D0005EBB6093F3067093F4068093F5069093C9
:1024E000F6060F94D16090E080E00E949A5D0F9410
:1024F0004A512091A70E3091A80E4091A90E5091FB
:10250000AA0E60919B0E70919C0E80919D0E9091F1
:102510009E0E0F945EBB6B017C016091BD027091B9
:10252000BE02072E000C880B990B0F94C4B49B01BC
:10253000AC01C701B6010F9403B52AE037ED43E2C1
:102540005CE30F9403B59B01AC016091F7067091B9
:10255000F8068091F9069091FA060F945DBB60939E
:10256000F7067093F8068093F9069093FA0687EFC2
:1025700096E00F9462521092E70690E080E00E948D
:102580009A5D8092B9029092BA02A092BB02B09278
:10259000BC0255CFEF92FF920F931F93CF93C82F9A
:1025A0008B0180910901C130B9F0C230C1F0817056
:1025B000481721F0642F8C2F0F94D91B8BE9E82E3C
:1025C0008FE0F82E0150110970F08C2F0F94C81B6A
:1025D000C7010197F1F7F6CF86958C27E8CF82FBEC
:1025E000882780F9E5CFCF911F910F91FF90EF9051
:1025F00008958F929F92AF92BF92CF92DF92EF9207
:10260000FF920F931F93CF93C82F8A01C62ED12C10
:102610001F934F9383E08F9388EE8F931F9282E0F6
:102620008F931F926F931F92CF938CE790E79F93A6
:102630008F930F94F8B88DB79EB70C960FB6F89499
:102640009EBF0FBE8DBF90E080E040E051E0282F9C
:10265000BA01082E02C0769567950A94E2F706172C
:10266000170729F001968830910589F728E0E22EB6
:10267000F12C88E090E08E199F0924E030E05901A8
:1026800002C0AA0CBB1C8A95E2F78C2F0F94A01CE9
:102690009C0190E0C43028F4EC2FF0E0EB5DFC4F9F
:1026A00090810E2C02C0369527950A94E2F7860198
:1026B000021B130B95013695279561E02017310712
:1026C00074F1911160E017FF05C081E06827119552
:1026D000019511098C2F0F94D91B8C2F0F94A01CDE
:1026E000B12CA12C2BE9822E2FE0922E0A151B056E
:1026F000F1F02FEFA21AB20A0E2C02C09695879520
:102700000A94E2F78C159D0591F08C2F0F94C81B4D
:10271000C4010197F1F78C2F0F94A01CE7CF911102
:1027200001C060E0C501801B910B8C01CCCFCF9123
:102730001F910F91FF90EF90DF90CF90BF90AF90DF
:102740009F908F9008952F923F924F925F926F9239
:102750007F928F929F92AF92BF92CF92DF92EF9231
:10276000FF920F931F93CF93DF934C01262EC42F1C
:102770005901D02F009709F048C085012D2F49E25B
:102780005CE66CE27CE68C2F0E94F0EED12CC12C32
:102790000F94B11F2B013C010E94EF6884E08093ED
:1027A000BF02760184E6382E82E390E00E948B8C93
:1027B000211032C08091E5069091E6060097C9F598
:1027C0000E94F468882309F45DC0E114F10409F063
:1027D00055C082E08093BF0291E09093B80280934D
:1027E000B7028C2FDF91CF911F910F91FF90EF9047
:1027F000DF90CF90BF90AF909F908F907F906F9021
:102800005F904F903F902F9008950E94C3F36C010A
:10281000892B09F0BDCFB1CF0F94B11F6419750991
:1028200086099709613375478105910518F2CFEF45
:10283000D0CFE114F104F9F4A114B104B1F097FF81
:1028400010C0C111C15085012D2F49E25CE66CE238
:102850007CE68C2F0E94F0EE1092E6061092E506C0
:10286000AFCFC23081F3CF5FEECFC92FC095CC1F61
:10287000CC27CC1FE8CF87E00F94D03AC114D10405
:1028800059F490CF3A9431108FCFC114D10441F054
:10289000E114F10409F47401C7010E94C3F37C013F
:1028A000E114F10409F07ECF85012D2F49E25CE6A9
:1028B0006CE27CE68C2F0E94F0EE74CF10921C1418
:1028C000EDE1F4E184ECDF011D928A95E9F70895CA
:1028D0002F923F924F925F926F927F928F929F9230
:1028E000AF92BF92CF92DF92EF92FF920F931F931E
:1028F000CF93DF9300D01F92CDB7DEB74B015C01C1
:10290000042F81E08093E4068091E30610E081309B
:1029100019F40E94BB5611E02091B6022A8381E08F
:102920008093B60280E00F94AB3A89830F94B93A52
:102930008092F3069092F406A092F506B092F60605
:1029400065E575E585E591E40E94214D0E945F4FA4
:102950000F94B93A8C83882309F4F9C08091060159
:1029600086FFF5C01B82C12CD12C7601312C8B81C6
:10297000801708F0A8C06091F3067091F40680916A
:10298000F5069091F60620E030E040E05FE331107C
:1029900004C02DEC3CEC4CE45EE30F945EBB2B01D9
:1029A0003C014092F3065092F4066092F506709254
:1029B000F60665E575E585E591E40E94214D809276
:1029C000F3069092F406A092F506B092F60665E53D
:1029D00075E585E590E40E94214D0E945F4FA301BB
:1029E00092016091F3067091F4068091F506909142
:1029F000F6060F945DBB9F772DEC3CEC4CEC5CE352
:102A00000F9453BC87FF16C060E070E080E09FE346
:102A10000E94735F8092F3069092F406A092F506EE
:102A2000B092F60665E575E585E590E40E94214DD6
:102A30000E945F4F0F94B93A282E882309F487C06B
:102A40008091060186FF83C04090F3065090F40603
:102A50006090F5067090F6062B812223D9F0622F44
:102A600070E090E080E00F94C4B49B01AC01C7011A
:102A7000B6010F945DBC9B01AC01C301B2010F9480
:102A80005DBB9F772DEC3CEC4CE45DE30F94E7BD20
:102A9000181664F0A3019201C701B6010F945EBB42
:102AA0006B017C012B812F5F2B8361CF31104FC0D5
:102AB00084EF91E00E948B8C322C8FEF8B83C12CA2
:102AC000D12C7601EFCF023068F5C092F306D09298
:102AD000F406E092F506F092F6068A818093B6023B
:102AE00089810F94AB3A112319F080E00E94BB5604
:102AF0001092E4068C810F900F900F900F90DF9151
:102B0000CF911F910F91FF90EF90DF90CF90BF90EA
:102B1000AF909F908F907F906F905F904F903F907D
:102B20002F900895602F70E090E080E00F94C2B481
:102B30009B01AC01C701B6010F945DBC6093F30625
:102B40007093F4068093F5069093F606C6CF2A811B
:102B50002093B60289810F94AB3A112319F080E0DB
:102B60000E94BB561092E4061C82C4CF2F923F9263
:102B70004F925F926F927F928F929F92AF92BF928D
:102B8000CF92DF92EF92FF920F931F93CF93DF9339
:102B9000CDB7DEB7CE5CD1090FB6F894DEBF0FBE5D
:102BA000CDBF182F81E00E94BB5681E00E94EA89C8
:102BB000111104C00F946B250E94BE6D80E00E942D
:102BC0006C640F945E940E9499521092E2061092E7
:102BD000E106E8EEF6E083E0DF011D928A95E9F771
:102BE00081E00E94F356C755DF4F99838883C95A05
:102BF000D0408FE19CE60E94C3F360E070E080EA81
:102C000090E40E94F25F0E94465850E040E061E08C
:102C100080E00E94AD7250E040E061E081E00E94FF
:102C2000AD720F94D1600F94C73A1092B60220E0B3
:102C300030E040EA50E46091EB067091EC06809140
:102C4000ED069091EE060F945EBB6093EB067093D9
:102C5000EC068093ED069093EE0620E030E040EA2B
:102C600050E46091EF067091F0068091F10690912A
:102C7000F2060F945EBB6093EF067093F0068093AC
:102C8000F1069093F20660E070E080EA91E40F9420
:102C90002B650F944A510E94A463E5968FAFE59788
:102CA000811104C0E5961FAEE5977AC485EE9BE6D8
:102CB0000E94E5F7112309F450C440E060E087E486
:102CC0009AE60E9441EF882321F082E29AE60E9470
:102CD000E5F785EB9BE60E94C3F344E65DE663E01F
:102CE00080E00E9446610E94CE56111120C084E00F
:102CF0008093BF0241E060E087E49AE60E9441EFE2
:102D0000811104C08AEF99E60E94E5F78FEF9AE6F9
:102D10000E94E5F782E08093BF0285E99BE60E946E
:102D2000C3F34CE55DE663E080E00E9446610091FC
:102D3000B6021092B60260E070E080E89FEB0E945D
:102D4000735FC12CD12C80EAE82E80E4F82EC0926B
:102D5000F306D092F406E092F506F092F60681E0D2
:102D60008093B60284E00F94031E60E070E080EA76
:102D700091E40F942B650F944A510F94D41D009346
:102D8000B60282E00F94F72F2DEC3CEC44EA50E4BD
:102D90000F9453BC18160CF4E7C382E00F94F72F7E
:102DA00023E333E34BE950E40F94E7BD87FDDCC335
:102DB0001111DFC380E10E9413EA81EA9DE00F94C4
:102DC00036BABBE08B9FC001112470E060E0805BED
:102DD000924F0F9478BA0E94CE56EDE1F4E184EC64
:102DE000DF011D928A95E9F780EA9FE60E94706FE5
:102DF00081E090E00F941F7C85E99BE60E94C3F37D
:102E0000C092F306D092F406E092F506F092F60630
:102E1000B2E0E196BFAFE1972BE73FE6CD56DF4F3B
:102E200039832883C359D0404CE154E1CF56DF4F5A
:102E300059834883C159D040A0965FAF4EAFA09749
:102E4000E0963FAF2EAFE097A7961FAEA797312C25
:102E5000212C0E94CE5663E080E00E949960BFEF73
:102E60002B1A3B0A3F922F92EBE9FFE6FF93EF9379
:102E70000E944A6065E575E585E591E40E94214D73
:102E8000E096EEADFFADE09785919591A591B49157
:102E90008093EB069093EC06A093ED06B093EE06BC
:102EA000E096EEADFFADE097349685919591A591B2
:102EB000B4918093EF069093F006A093F106B0933F
:102EC000F20660E070E088E492E40E94214D40E068
:102ED0005EE65F934F930F94F8B84FEE5DE663E0C4
:102EE00084E00E9446610F946B250F944A518091B3
:102EF0006F008D7F80936F000FB6F894A895809136
:102F00006000886180936000109260000FBE109294
:102F1000E0061092DF0680E697EC9093DE06809341
:102F2000DD06ABE5B7ECB093DC06A093DB060091C1
:102F3000140710911507209116073091170740913B
:102F4000100750911107609112077091130780913B
:102F50000C0790910D07A0910E07B0910F073F93BA
:102F60002F931F930F937F936F935F934F93BF9311
:102F7000AF939F938F93EFE9FEE6FF93EF930F9448
:102F8000F8B840900C0750900D0760900E077090B5
:102F90000F07B42CA52C8091100790911107A091D8
:102FA0001207B0911307A6968CAF9DAFAEAFBFAF1F
:102FB000A697A3969FACA397A4968FACA497C09016
:102FC0001407D0901507E0901607F09017070FB67A
:102FD000F894DEBF0FBECDBFB5E0CB16B7EFDB0672
:102FE0000CF43EC31A8219821F921F92E3E0EF9302
:102FF000F4E8FF931F9224E62F93DF92CF928F92F3
:103000009F92AF92BF9246E15EE65F934F930F941B
:10301000F8B80FB6F894DEBF0FBECDBF89819A8194
:10302000803D924008F4E7C289819A81803A9540B8
:1030300010F00D94FBA69E012F5F3F4F790110E029
:1030400000E02CE73CEFA60144565109692D782D8C
:103050008B2D9A2D0F945374882311F40D94FBA695
:1030600089819A8180539D4FC0901407D090150795
:10307000E0901607F09017070091100710911107C4
:10308000209112073091130740910C0750910D07C2
:1030900060910E0770910F079F938F93DF92CF92ED
:1030A0001F930F935F934F938BE79EE69F938F93AE
:1030B0000F94F8B8409114075091150760911607C6
:1030C000709117074854510900E028EC30E0A396AE
:1030D0006FADA397A4967FADA497C2010E944BE762
:1030E00020910C0730910D0740910E0750910F076A
:1030F0006E962CAF3DAF4EAF5FAF6E9780911007CD
:1031000090911107A0911207B0911307AE968CAF62
:103110009DAFAEAFBFAFAE972091140730911507AA
:103120004091160750911707E9962CAF3DAF4EAF6F
:103130005FAFE997AEE1BBE00FB6F894DEBF0FBE1C
:10314000CDBF90E080E0FC01EA5EF049259134912A
:103150002D933D93FC01E250F1492591349157960E
:103160003C932E93569702968831910561F7E79626
:103170004EAD5FADE797AC966EAD7FADAC976C96FC
:103180008EAD9FAD6C970F948F752EE137E0A496AE
:103190003FAF2EAFA4977901A0E29A2EB1ECCB2ECF
:1031A000BEE6DB2E06E110E75701F0E28F2ED501D7
:1031B0008D915D011F928F93DF92CF920F94F8B89B
:1031C0008A940F900F900F900F908110F0CF1F9363
:1031D0000F930F94F8B89A94B0E2EB0EF11C0F9095
:1031E0000F909110E1CF1F930F930F94F8B86EE1F9
:1031F0007BE00F900F90EEE1F7E090E080E050E090
:1032000040E0219121116BC44F5F5F4F6E177F0724
:10321000C1F79A01280F391F25383340A4F04333F2
:1032200051058CF08333910574F020E034E0241BC9
:10323000350B281B390B241735072CF41DEF2817E5
:1032400039070CF43DC266961FAE669762961FAEB4
:10325000629722961FAE22971982AE014F5A5F4F96
:10326000BE016B5A7F4F8EE19BE00F94766D082F65
:10327000AE014F5F5F4FBE016F5B7F4F86E39BE008
:103280000F94766D66966FAD669762961FAD6297E6
:10329000801728F022966FAD22971981082F0835E4
:1032A00008F422C470E090E080E00F94C4B420E001
:1032B00030E040EB50E40F945EBB2B013C0165967F
:1032C0004CAE5DAE6EAE7FAE6597612F70E090E064
:1032D00080E00F94C4B420E030E040EB50E40F9461
:1032E0005EBB4B015C0125968CAE9DAEAEAEBFAE13
:1032F000259720E030E040E950E429833A834B836E
:103300005C83AE014F5F5F4FBE016F5B7F4FCE01AD
:103310008F5A9F4F0F94D370A301920165966CADA5
:103320007DAD8EAD9FAD65970F945DBB6B017C014C
:103330009F7720E030E040E450E40F94E7BD18169A
:1033400034F1A501940125966CAD7DAD8EAD9FAD98
:1033500025970F945DBB9F7720E030E040E450E478
:103360000F94E7BD18169CF020E030E040EA50E4EE
:1033700069817A818B819C810F945DBB9F7720E06E
:1033800030E040E450E40F94E7BD1816BCF520E0AF
:1033900030E040EA50E469817A818B819C810F940E
:1033A0005DBB9F938F937F936F93A50194012596A7
:1033B0006CAD7DAD8EAD9FAD25970F945DBB9F939A
:1033C0008F937F936F93FF92EF92DF92CF9282EE73
:1033D0009EE69F938F930F94F8B865964CAE5DAEC2
:1033E0006EAE7FAE659725968CAE9DAEAEAEBFAE8F
:1033F00025970FB6F894DEBF0FBECDBF20E030E0BA
:1034000048E751E465966CAD7DAD8EAD9FAD659797
:103410000F945DBB20E030E040E852E40F9403B528
:103420006B017C016C96AEADBFAD6C97BD01BB0F5F
:10343000880B990B0F94C4B49B01AC01C701B60172
:103440000F945EBB6B017C016596CCAEDDAEEEAE3B
:10345000FFAE659720E030E048E751E425966CAD7B
:103460007DAD8EAD9FAD25970F945DBB20E030E024
:1034700040E852E40F9403B54B015C01AC96EEAD0D
:10348000FFADAC97BF01FF0F880B990B0F94C4B42D
:103490009B01AC01C501B4010F945EBB25966CAFD6
:1034A0007DAF8EAF9FAF25972AE037ED43E25CE317
:1034B0000F9403B59F938F937F936F932AE037ED1B
:1034C00043E25CE3C701B6010F9403B59F938F936A
:1034D0007F936F9386EC9EE69F938F930F94F8B83B
:1034E00020E030E040E05FE325966CAD7DAD8EAD31
:1034F0009FAD25970F945EBB0F94CFBC6B0120E06E
:1035000030E040E05FE365966CAD7DAD8EAD9FAD84
:1035100065970F945EBB0F94CFBCCB0100E028EC05
:1035200030E0E7964EAD5FADE797B6010E944BE7FE
:103530000FB6F894DEBF0FBECDBF10E08EEF9DE05A
:10354000A496AEADBFADA4971D92A496BFAFAEAF8B
:10355000A4978A179B07A1F7B3C085E99BE60E9451
:10356000C3F340E65DE6BBCB8CEA9FE60E94E5F73D
:1035700099CBC755DF4F88819981C95AD0400E94A5
:10358000D9560E9432510E946E4F0E946975E5968D
:103590008FAFE597882309F485CB84E00E9468EA21
:1035A00081E00E946C6480E00E94BB5680E00E9433
:1035B000EA89E5968FADE597C253DF4F0FB6F894D1
:1035C000DEBF0FBECDBFDF91CF911F910F91FF9056
:1035D000EF90DF90CF90BF90AF909F908F907F90B3
:1035E0006F905F904F903F902F900895E1E0E196AB
:1035F000EFAFE19711CCFE0131967F0110E000E0C2
:1036000024E833E0A601692D782D8B2D9A2D0F9497
:103610005374882309F408CD89819A8125CD898145
:103620009A8180349B40B8F4CE0101967C0104EB72
:1036300010E02CE73CEFA6014C525140692D782D4B
:103640008B2D9A2D0F945374882329F089819A81A8
:103650008059974F09CD90E9C91A91E0D90ABCCC9D
:103660000091140710911507209116073091170744
:103670004091100750911107609112077091130744
:1036800080910C0790910D07A0910E07B0910F0744
:103690003F932F931F930F937F936F935F934F935A
:1036A000BF93AF939F938F938EE49EE69F938F93E8
:1036B0000F94F8B80FB6F894DEBF0FBECDBF1FEF62
:1036C0008EE29FE69F938F930F94F8B863E084E0B7
:1036D0000E94996080E10E9467600E94505888E1D2
:1036E00098E20FB6F894A895809360000FBE90936F
:1036F00060008091600080648093600080916F0022
:10370000826080936F000F900F901D3F09F4EEC10F
:103710001F3F11F40D94C0A620E030E0A901A0964F
:10372000EEADFFADA09761817281838194810F948A
:1037300003B52091EB063091EC064091ED065091D7
:10374000EE060F945EBBA096AEADBFADA0971196EE
:103750006D937D938D939C931497C090EF06D090BA
:10376000F006E090F106F090F20620E030E0A901CA
:1037700015966D917D918D919C9118970F9403B53D
:10378000A70196010F945EBBA096EEADFFADA0978A
:10379000658376838783908720E030E040E850ECB3
:1037A000C701B6010F9453BC87FF0CC080E090E0C6
:1037B000A0E8B0EC8093EF069093F006A093F1069A
:1037C000B093F20620E030E040E450E46091F3066C
:1037D0007091F4068091F5069091F6060F945EBB09
:1037E0006093F3067093F4068093F5069093F606C3
:1037F000E0962EAD3FADE097285F3F4FE0963FAF9C
:103800002EAFE097A0964EAD5FADA097485F5F4F9B
:10381000A0965FAF4EAFA09754E02516310409F093
:1038200018CBA7966FADA797662331F0E1968FADC1
:10383000E197813009F0DACE8BE39DE69F938F9379
:103840000F94F8B890E080E00E948B8C0F900F905E
:1038500020E030E040E950EC609121147091221496
:1038600080912314909124140F9453BC87FF45C179
:103870008AE79FE60E94977188E49FE60E94706F36
:10388000609121147091221480912314909124143A
:1038900042E00E94F26E84E49FE60E94706F60E056
:1038A00070E080E990EC0F948C7A92E0AF969FAF35
:1038B000AF9710924D1410924E1410924F14109214
:1038C00050141092511410925214109253141092DA
:1038D0005414A4E6E696AFAFE697A2961CAE1DAED2
:1038E0001EAE1FAEA297A6961CAE1DAE1EAE1FAE9C
:1038F000A697FE0131966896FFAFEEAF68979E01DE
:103900002F5B3F4F6A963FAF2EAF6A97A6966CAD7E
:103910007DAD8EAD9FADA6970F9458BC6E966CAFE3
:103920007DAF8EAF9FAF6E97A6966CAD7DAD8EAD21
:103930009FADA6970F941EBFCB57DF4F6883798347
:103940008A839B83C558D040A2966CAD7DAD8EAD69
:103950009FADA2970F9458BCC757DF4F68837983F8
:103960008A839B83C958D040A2966CAD7DAD8EAD45
:103970009FADA2970F941EBFCB56DF4F688379830C
:103980008A839B83C559D0406896AEADBFAD68971A
:10399000E0E41D92EA95E9F780E16A96AEADBFAD2D
:1039A0006A971D928A95E9F790E080E00E948B8CDF
:1039B00020914D1430914E1440914F145091501459
:1039C000C555DF4F288339834A835B83CB5AD04068
:1039D0008091511490915214A0915314B0915414A9
:1039E000C155DF4F88839983AA83BB83CF5AD040C8
:1039F000DE01AF5BBF4FC756DF4FB983A883C959FC
:103A0000D040FE013196AC96FFAFEEAFAC9700E030
:103A1000CB56DF4F288139814A815B81C559D0401F
:103A20005058ED962CAF3DAF4EAF5FAFED97C757F7
:103A3000DF4F88819981AA81BB81C958D040B05895
:103A4000C358DF4F88839983AA83BB83CD57D04067
:103A5000CB57DF4F288139814A815B81C558D040DF
:103A60005058CF57DF4F288339834A835B83C1582F
:103A7000D040AC962EAC3FACAC9710E07CE1472E2A
:103A800074E1572EE4E07E2EC12CD12C760101305A
:103A900011F40D946FA7113011F40D941DA700239C
:103AA00011F40D945DA7023061F5D20111962D91AC
:103AB0003D914D915C911497CF57DF4F688179818B
:103AC0008A819B81C158D0400F9403B54B015C01A2
:103AD000111125C060E070E080E89FE335C02F3F02
:103AE00009F094CB019692CB1FEF28CDE596BFADA0
:103AF000E597A796BFAFA7970FCEAF961FAEAF972C
:103B0000D8CEF2012581368147815085C358DF4FD9
:103B1000688179818A819B81CD57D040D5CF123081
:103B200011F00D9467A6D20111962D913D914D9102
:103B30005C911497CF57DF4F688179818A819B818F
:103B4000C158D0400F9403B59B01AC01C501B4012D
:103B50000F9403B59B01AC01C701B6010F945EBB86
:103B60006B017C0101110D946BA77A94F8E04F0E64
:103B7000511C71108CCFD101CD92DD92ED92FD924E
:103B80001D011F5F143009F079CF4BE7242E4FE65B
:103B9000342EECE1F4E1A896FFAFEEAFA897C3573F
:103BA000DF4F1882CD58D040C356DF4F1882CD5911
:103BB000D040CF55DF4F1882C15AD04010E0A896B0
:103BC000AEADBFADA89711962D913D914D915C91F1
:103BD0001497E4962CAF3DAF4EAF5FAFE4971596C8
:103BE0004D905D906D907C901897002311F40D948A
:103BF0009AA6812C912C5401013081F0023011F0F1
:103C00000D948EA6CF57DF4F688179818A819B8181
:103C1000C158D0400F9403B54B015C01E4962CAD24
:103C20003DAD4EAD5FADE4976E966CAD7DAD8EADA6
:103C30009FAD6E970F9403B56B017C01F101259147
:103C4000359145915491CB55DF4F288339834A8371
:103C50005B83C55AD040A3019201CB56DF4F6881E8
:103C600079818A819B81C559D0400F9403B59B010E
:103C7000AC01C701B6010F945DBBC555DF4F28816C
:103C800039814A815B81CB5AD0400F945EBBCB55C2
:103C9000DF4F288139814A815B81C55AD0400F941A
:103CA0005DBBA50194010F9403B5C357DF4F288175
:103CB000CD58D040C356DF4F3881CD59D040CF5575
:103CC000DF4F4881C15AD040512F0F945EBBC3577C
:103CD000DF4F688379838A839B83CD58D04000234C
:103CE00011F40D94A2A6013011F40D94A7A6023090
:103CF00061F0A3019201ED966CAD7DAD8EAD9FADEF
:103D0000ED970F9403B56B017C01F101349685901A
:103D10009590A590B490E4962CAD3DAD4EAD5FADC1
:103D2000E497CB57DF4F688179818A819B81C558A1
:103D3000D0400F9403B5E4966CAF7DAF8EAF9FAFCC
:103D4000E497A3019201C757DF4F688179818A8187
:103D50009B81C958D0400F9403B59B01AC01E496F8
:103D60006CAD7DAD8EAD9FADE4970F945EBBC1553C
:103D7000DF4F288139814A815B81CF5AD0400F942F
:103D80005EBBA50194010F945DBBA70196010F9442
:103D900003B5C357DF4F288139814A815B81CD58F4
:103DA000D0400F945EBBC357DF4F6883CD58D040DF
:103DB000C356DF4F7883CD59D040CF55DF4F88832E
:103DC000C15AD040192FA8964EAD5FADA897485F55
:103DD0005F4FA8965FAF4EAFA89758E0250E311CF5
:103DE000ACE3B4E1A896EEADFFADA897AE17BF0760
:103DF00009F0E5CE9058C756DF4FA881B981C9595F
:103E0000D0406D937D938D939D93C756DF4FB983BB
:103E1000A883C959D0400F5FAC96EEADFFADAC970B
:103E20007096AC96FFAFEEAFAC97043009F021CEA0
:103E300025962CAD3DAD4EAD5FAD2597AE962CAF22
:103E40003DAF4EAF5FAFAE978D819E81AF81B8859C
:103E5000E4968CAF9DAFAEAFBFAFE49729853A85AE
:103E60004B855C85ED962CAF3DAF4EAF5FAFED97C8
:103E70008D859E85AF85B889C358DF4F8883998328
:103E8000AA83BB83CD57D04029813A814B815C8185
:103E9000CF57DF4F288339834A835B83C158D04093
:103EA00029968CAD9DADAEADBFAD2997CB57DF4FF9
:103EB00088839983AA83BB83C558D04029893A89CE
:103EC0004B895C89C757DF4F288339834A835B83DB
:103ED000C958D040898D9A8DAB8DBC8DCB56DF4FA4
:103EE00088839983AA83BB83C559D0402D8D3E8D8D
:103EF0004F8D58A1C756DF4F288339834A835B8390
:103F0000C959D0408D899E89AF89B88DC357DF4F7D
:103F100088839983AA83BB83CD58D0402D962CAD3E
:103F20003DAD4EAD5FAD2D97C356DF4F288339832E
:103F30004A835B83CD59D04089A19AA1ABA1BCA192
:103F4000CF55DF4F88839983AA83BB83C15AD04062
:103F50002DA13EA14FA158A5CB55DF4F2883398312
:103F60004A835B83C55AD0408DA59EA5AFA5B8A94D
:103F7000CD54DF4F88839983AA83BB83C35BD04032
:103F800029A53AA54BA55CA5C954DF4F28833983E1
:103F90004A835B83C75BD04061968CAD9DADAEAD6F
:103FA000BFAD6197C554DF4F88839983AA83BB83D4
:103FB000CB5BD04029A93AA94BA95CA9C154DF4FDA
:103FC000288339834A835B83CF5BD0408DA99EA928
:103FD000AFA9B8ADCD53DF4F88839983AA83BB8344
:103FE000C35CD04029AD3AAD4BAD5CADC953DF4F9A
:103FF000288339834A835B83C75CD04021968CAD8C
:104000009DADAEADBFAD2197C553DF4F888399837A
:10401000AA83BB83CB5CD04014E6C12CD12C7601A3
:104020004601570126013701A3019201E4966CADC8
:104030007DAD8EAD9FADE4970F9403B59B01AC01B0
:10404000AE966CAD7DAD8EAD9FADAE970F945DBB62
:104050002B013C01A5019401ED966CAD7DAD8EADBB
:104060009FADED970F9403B59B01AC01C301B20165
:104070000F945DBB2B013C01A7019601C358DF4F94
:10408000688179818A819B81CD57D0400F9403B597
:104090009B01AC01C301B2010F945DBBCF57DF4F51
:1040A000288139814A815B81C158D0400F945DBC21
:1040B0006E966CAF7DAF8EAF9FAF6E97C757DF4FD9
:1040C000288139814A815B81C958D0400F9403B55A
:1040D0009B01AC01CB57DF4F688179818A819B813D
:1040E000C558D0400F945DBB2B013C01A501940144
:1040F000CB56DF4F688179818A819B81C559D04039
:104100000F9403B59B01AC01C301B2010F945DBBD9
:104110004B015C01A7019601C756DF4F6881798189
:104120008A819B81C959D0400F9403B59B01AC0192
:10413000C501B4010F945DBBC357DF4F288139819E
:104140004A815B81CD58D0400F945DBC2B013C016E
:10415000CF55DF4F288139814A815B81C15AD040D8
:104160006E966CAD7DAD8EAD9FAD6E970F9403B521
:104170009B01AC01C356DF4F688179818A819B81A5
:10418000CD59D0400F945DBB4B015C01CB55DF4F47
:10419000288139814A815B81C55AD040C301B2016F
:1041A0000F9403B59B01AC01C501B4010F945DBB35
:1041B0004B015C01A7019601CD54DF4F68817981E5
:1041C0008A819B81C35BD0400F9403B59B01AC01F6
:1041D000C501B4010F945DBBC954DF4F28813981FB
:1041E0004A815B81C75BD0400F945DBC4B015C0191
:1041F000C154DF4F288139814A815B81CF5BD04038
:104200006E966CAD7DAD8EAD9FAD6E970F9403B580
:104210009B01AC01C554DF4F688179818A819B8104
:10422000CB5BD0400F945DBB6B017C01CD53DF4F66
:10423000288139814A815B81C35CD040C301B201CE
:104240000F9403B59B01AC01C701B6010F945DBB90
:104250006B017C01C953DF4F288139814A815B8121
:10426000C75CD040C501B4010F9403B59B01AC01FC
:10427000C701B6010F945DBBC553DF4F288139815B
:104280004A815B81CB5CD0400F945DBC6B017C01AB
:10429000115009F0C9CE6E962CAD3DAD4EAD5FAD5F
:1042A0006E97C555DF4F688179818A819B81CB5A92
:1042B000D0400F945EBB60934D1470934E14809366
:1042C0004F1490935014A3019201C155DF4F6881A0
:1042D00079818A819B81CF5AD0400F945EBB6093D5
:1042E0005114709352148093531490935414A50155
:1042F0009401A6966CAD7DAD8EAD9FADA6970F9443
:104300005EBBA6966CAF7DAF8EAF9FAFA697A701A1
:104310009601A2966CAD7DAD8EAD9FADA2970F9428
:104320005EBBA2966CAF7DAF8EAF9FAFA297E696B5
:104330009FADE6979150E6969FAFE6979111E6CA3A
:10434000A6966CAD7DAD8EAD9FADA6970F9458BC73
:1043500060933D1470933E1480933F1490934014E7
:10436000A6966CAD7DAD8EAD9FADA6970F941EBF8A
:1043700060934114709342148093431490934414B7
:10438000A2966CAD7DAD8EAD9FADA2970F941EBF72
:1043900090586093451470934614809347149093FB
:1043A0004814A2966CAD7DAD8EAD9FADA2970F94D3
:1043B00058BC6093491470934A1480934B149093A3
:1043C0004C14A6962CAD3DAD4EAD5FADA697A29612
:1043D0006CAD7DAD8EAD9FADA2970F945DBB4B01D3
:1043E0005C017C016B01E894F7F821EE3EE245E6C2
:1043F00052E4A2966CAD7DAD8EAD9FADA2970F94A9
:1044000003B59F938F937F936F9321EE3EE245E632
:1044100052E4C501B4010F9403B59F938F937F932A
:104420006F9387EE9CE69F938F930F94F8B8B70134
:10443000A60180E69FE00F946CBA0FB6F894DEBF39
:104440000FBECDBF2FE132E449E05BE3C701B60107
:104450000F94E7BD10E0181664F425E33AEF4EE838
:104460005BE3C701B6010F94E7BD12E018160CF02C
:1044700011E025E33AEF4EE85BE3A6966CAD7DAD27
:104480008EAD9FADA6979F770F94E7BD18160CF4DD
:1044900066C425E33AEF4EE85BE3A2966CAD7DADD2
:1044A0008EAD9FADA2979F770F94E7BD18160CF4C1
:1044B00056C420913D1430913E1440913F145091C8
:1044C0004014AE962CAF3DAF4EAF5FAFAE9780912C
:1044D000451490914614A0914714B0914814E99660
:1044E0008CAF9DAFAEAFBFAFE99720914D14309127
:1044F0004E1440914F1450915014E4962CAF3DAFA0
:104500004EAF5FAFE4978091411490914214A09117
:104510004314B0914414ED968CAF9DAFAEAFBFAFD6
:10452000ED972091491430914A1440914B145091C9
:104530004C14C358DF4F288339834A835B83CD579C
:10454000D0408091511490915214A0915314B09185
:104550005414CF57DF4F88839983AA83BB83C158F4
:10456000D040ABE7BFE66C96BFAFAEAF6C979CE1B7
:10457000292E94E1392EF101C180D280E380F480AC
:1045800045805680678070846C96EEADFFAD6C9769
:104590002591359145915491CB57DF4F288339832D
:1045A0004A835B83C558D0406C96EEADFFAD6C97E7
:1045B000349685909590A590B490ED962CAD3DAD38
:1045C0004EAD5FADED97C701B6010F9403B5C75768
:1045D000DF4F688379838A839B83C958D040C3584F
:1045E000DF4F288139814A815B81CD57D040C3019B
:1045F000B2010F9403B59B01AC01C757DF4F68812F
:1046000079818A819B81C958D0400F945EBBCF5776
:10461000DF4F288139814A815B81C158D0400F9496
:104620005EBB9B01AC01C501B4010F945DBB4B01A6
:104630005C01A7019601AE966CAD7DAD8EAD9FADD0
:10464000AE970F9403B56B017C01A3019201E9962B
:104650006CAD7DAD8EAD9FADE9970F9403B59B0119
:10466000AC01C701B6010F945EBBE4962CAD3DAD25
:104670004EAD5FADE4970F945EBB9B01AC01CB5791
:10468000DF4F688179818A819B81C558D0400F9422
:104690005DBBA50194010F94FABD2DEC3CEC4CE4FC
:1046A0005FE30F94E7BD18160CF41EEF38E0230EFD
:1046B000311C6C964EAD5FAD6C97485F5F4F6C964A
:1046C0005FAF4EAF6C97A8968EAD9FADA897821541
:1046D000930509F050CF111162C1A2962CAD3DADEA
:1046E0004EAD5FADA297A6966CAD7DAD8EAD9FAD84
:1046F000A6970F945EBB20E030E040E05FE30F94AC
:1047000003B56B017C010F9458BCA2966CAF7DAFD2
:104710008EAF9FAFA29760933D1470933E14809329
:104720003F1490934014C701B6010F941EBFA69684
:104730006CAF7DAF8EAF9FAFA6976093411470931F
:10474000421480934314909344149B01AC0150583D
:10475000AA962CAF3DAF4EAF5FAFAA9720934514FA
:10476000309346144093471450934814A2968CAD4E
:104770009DADAEADBFADA2978093491490934A14FE
:10478000A0934B14B0934C1410924D1410924E14ED
:1047900010924F14109250141092511410925214FF
:1047A0001092531410925414412C512C3201CF56B4
:1047B000DF4FA881B981C159D04011968D909D904D
:1047C000AD90BC90149715962D913D914D915C91B3
:1047D00018976E962CAF3DAF4EAF5FAF6E97CD562C
:1047E000DF4FE881F981C359D040C590D590E5905D
:1047F000F490A5019401A2966CAD7DAD8EAD9FADF8
:10480000A2970F9403B5AE966CAF7DAF8EAF9FAFFE
:10481000AE976E962CAD3DAD4EAD5FAD6E97AA9640
:104820006CAD7DAD8EAD9FADAA970F9403B59B0186
:10483000AC01AE966CAD7DAD8EAD9FADAE970F94D5
:104840005EBB9B01AC01C701B6010F945DBB20911B
:104850004D1430914E1440914F14509150140F94B8
:104860005EBB6B017C01C0924D14D0924E14E0925D
:104870004F14F092501420E030E040E85FE3C301B1
:10488000B2010F945EBB2B013C01CD56DF4FE88196
:10489000F981C359D0403496259135914591549171
:1048A000AE962CAF3DAF4EAF5FAFAE97A501940172
:1048B000A6966CAD7DAD8EAD9FADA6970F9403B55A
:1048C0004B015C016E962CAD3DAD4EAD5FAD6E976C
:1048D000A2966CAD7DAD8EAD9FADA2970F9403B542
:1048E0009B01AC01C501B4010F945EBB9B01AC01FF
:1048F000AE966CAD7DAD8EAD9FADAE970F945DBBAA
:1049000020915114309152144091531450915414E9
:104910000F945EBB4B015C01809251149092521433
:10492000A0925314B0925414CF56DF4F488159814E
:10493000C159D040485F5F4FCF56DF4F59834883FE
:10494000C159D040CD56DF4F88819981C359D0409D
:104950000896CD56DF4F99838883C359D0402416DB
:10496000350609F024CFA3019201C701B6010F94C7
:104970005DBC60934D1470934E1480934F149093CC
:104980005014A3019201C501B4010F945DBC609362
:104990005114709352148093531490935414409074
:1049A0003D1450903E1460903F1470904014C0909D
:1049B0004914D0904A14E0904B14F0904C1420917C
:1049C0004114309142144091431450914414A296E2
:1049D0002CAF3DAF4EAF5FAFA29780914514909141
:1049E0004614A0914714B0914814A6968CAF9DAF81
:1049F000AEAFBFAFA697A7019601C301B2010F9456
:104A000003B54B015C01A6962CAD3DAD4EAD5FAD3F
:104A1000A697A2966CAD7DAD8EAD9FADA2970F947B
:104A200003B59B01AC01C501B4010F945DBB4B0103
:104A30005C01AC019B01C701B6010F945DBC6B0129
:104A40007C01A6966CAD7DAD8EAD9FADA6979058BE
:104A5000A50194010F945DBCA6966CAF7DAF8EAF9F
:104A60009FAFA697A2966CAD7DAD8EAD9FADA29780
:104A70009058A50194010F945DBCAA966CAF7DAFD0
:104A80008EAF9FAFAA97A5019401C301B2010F9405
:104A90005DBC4B015C0140904D1450904E146090F1
:104AA0004F14709050142091511430915214409131
:104AB000531450915414A2962CAF3DAF4EAF5FAF3C
:104AC000A297C0923D14D0923E14E0923F14F0920F
:104AD0004014AA968CAD9DADAEADBFADAA978093A4
:104AE000411490934214A0934314B0934414A69697
:104AF0002CAD3DAD4EAD5FADA697209345143093E0
:104B0000461440934714509348148092491490924D
:104B10004A14A0924B14B0924C14C701B60190589D
:104B2000A30192010F9403B56B017C01A2962CADF9
:104B30003DAD4EAD5FADA297A6966CAD7DAD8EAD91
:104B40009FADA6970F9403B59B01AC01C701B601B9
:104B50000F945DBB60934D1470934E1480934F146B
:104B600090935014AA966CAD7DAD8EAD9FADAA9773
:104B70009058A30192010F9403B56B017C01A2969A
:104B80002CAD3DAD4EAD5FADA297C501B4010F9404
:104B900003B59B01AC01C701B6010F945DBB6093E7
:104BA000511470935214809353149093541490E0C2
:104BB00080E00E948B8C17FDD4C085E29DE69F9318
:104BC0008F930F94F8B84DE454E165E474E18DE3FC
:104BD00094E10E94E94F48E050E065EE7FE08DE40B
:104BE00094E10F944ABA48E050E06DED7FE08DE328
:104BF00094E10F944ABA48E050E065ED7FE085E427
:104C000094E10F944ABA0E946E4F0F900F90C755CF
:104C1000DF4F88819981C95AD0400E94D95680E0DF
:104C200090E0A0EAB0E48093F3069093F406A0939A
:104C3000F506B093F60660E070E080EA91E40F9428
:104C40002B650F944A5117FD20C01092F306109265
:104C5000F4061092F5061092F60680E090E0A6E1C8
:104C6000B3E48093D3069093D406A093D506B09373
:104C7000D60665E575E585E591E40F94F86482E272
:104C80009AE60E94E5F70E94697581E00E946C64D3
:104C900082E00E9438608DEB99E61F3F11F40D947D
:104CA000B69A1E3F09F072C0AF964FADAF978BEF2B
:104CB00098E6442311F40D94B69A8BEB98E64230B3
:104CC00011F40D94B69A86E798E60D94B69AF2011F
:104CD0002581368147815085C358DF4F68817981AE
:104CE0008A819B81CD57D0400D94A29DF2012581F0
:104CF000368147815085ED966CAD7DAD8EAD9FAD13
:104D0000ED97AFC0F2012581368147815085ED9640
:104D10006CAD7DAD8EAD9FADED97BDC0A301920191
:104D2000C358DF4F688179818A819B81CD57D040FC
:104D30000D940A9E812C912C30E8A32E3FE3B32ED4
:104D40000D940E9EC12CD12C76010D94859EC12C04
:104D5000D12C20E8E22E2FE3F22E0D94859E12E056
:104D6000A8CB1E3F89F4AF963FADAF97323009F024
:104D70004ECF8EEF9CE69F938F930F94F8B845CF5C
:104D8000AF961FAEAF9743CF1FEF41CFAF965FAD4A
:104D9000AF9751110FC08BEF98E6133040F4E12F1D
:104DA000F0E0EE0FFF1FE15EFC4F808191810E94D9
:104DB000E5F70DC0AF966FADAF978EE299E6623022
:104DC00011F488E799E60E94E5F7111624F31F3FD6
:104DD00011F40D94529686E00E9468EA8FE59FE0F8
:104DE0000F9436BA81110D94D09A82E69AE60E9409
:104DF000E5F70D94D09A89819A818037984010F018
:104E00000D940F9BAE014F5F5F4F7A0104EB10E0F2
:104E100024E833E0A601485C5109692D782D8B2DDB
:104E20009A2D0F945374882311F40D940F9B89814C
:104E30009A8180569A4F0D943498002311F40D9462
:104E4000B59D023009F052CFD20111962D913D91BE
:104E50004D915C9114976E966CAD7DAD8EAD9FAD0E
:104E60006E970F9403B54B015C0160E070E080E841
:104E70009FE3113091F0123009F044CFD201119626
:104E80002D913D914D915C9114976E966CAD7DADD9
:104E90008EAD9FAD6E970F9403B59B01AC01C5011C
:104EA000B4010F9403B59B01AC01C701B6010F9487
:104EB0005EBB6B017C010D94B59D812C912C60E84B
:104EC000A62E6FE3B62E11110D948F9D20E030E0D9
:104ED00040E85FE3EACF1111B4CF0D94B59D812C6A
:104EE000912C50E8A52E5FE3B52E1111BECF0D9485
:104EF000B59D2F923F924F925F926F927F928F92C9
:104F00009F92AF92BF92CF92DF92EF92FF920F9358
:104F10001F93CF93DF9300D000D000D0CDB7DEB782
:104F20000CE114E11F830E832E803F801982F10172
:104F300061817281838194819B01AC010F946CBF6C
:104F4000882309F47CC089810E944C4F20E030E026
:104F500048EB51E40F945EBB6B017C0120E030E034
:104F600041E853E40F945DBB2B013C0120E030E0AD
:104F700046EF53E4C701B6010F945DBB4B015C01E2
:104F800020E030E040EC51E4C701B6010F945DBB76
:104F90006B017C01EE81FF8121813281438154814B
:104FA000C301B2010F9403B5A50194010F9403B599
:104FB00020E034EE45ED57E40F945DBC6A837B83BB
:104FC0008C839D83EE81FF812585368547855089B9
:104FD000C701B6010F9403B5A50194010F9403B561
:104FE00020E034EE45E557EC0F945DBC9B01AC012D
:104FF0006A817B818C819D810F945EBB4B015C013A
:10500000EE81FF81218D328D438D548DC701B60114
:105010000F9403B5A30192010F9403B520E034EE81
:1050200045ED57E40F945DBC9B01AC01C501B40193
:105030000F945EBBF1016183728383839483F4E0F8
:105040002F0E311C29812F5F2983273009F06FCF64
:105050008E819F814C969F838E83805E944109F060
:1050600063CF19870887F1E0F983C8018B5A9F4FF6
:105070009F838E83180199EA290E311CE885F985F2
:10508000658D768D878D90A19B01AC010F946CBFCF
:10509000882309F479C089810E94394F20E030E0EB
:1050A00040EA50E40F945EBB6B017C0120E030E0ED
:1050B00048ED52E40F945DBB2B013C0120E030E051
:1050C00042E553E4C701B6010F945DBB4B015C019F
:1050D00020E030E040EC50E4C701B6010F945DBB26
:1050E0006B017C01EE81FF812081318142815381FE
:1050F0000F9403B5A50194010F9403B520E030E9A6
:1051000042E256EC0F945DBC6A837B838C839D8363
:10511000F8012181328143815481C301B2010F948E
:1051200003B5A50194010F9403B520E030E942EAEC
:1051300056E40F945DBC9B01AC016A817B818C813C
:105140009D810F945EBB4B015C01F1012081318197
:1051500042815381C701B6010F9403B5A3019201A7
:105160000F9403B520E030E942EA56E40F945DBCA9
:105170009B01AC01C501B4010F945EBBE885F985C4
:10518000658F768F878F90A3888599854C969987B0
:10519000888799819F5F9983963009F06FCF0C5F64
:1051A0001F4FE4E108331E0709F05BCF29960FB6C5
:1051B000F894DEBF0FBECDBFDF91CF911F910F914D
:1051C000FF90EF90DF90CF90BF90AF909F908F9027
:1051D0007F906F905F904F903F902F9008951F9316
:1051E000CF93DF93182FEB0180E00F94D03A80E04B
:1051F0000E94EA891092100E10920F0E1092CA06A9
:105200001092C9060F94224F80E00E94508A0E949B
:10521000A26146E658E660E080E00E94466148E50B
:1052200058E661E080E00E94466111501A3090F427
:10523000E12FF0E08827E05EF6458E4F0D9446BBE7
:1052400045027D01C101DB00A902DD012101CF0280
:105250009B01A30246E458E662E080E00E944661BA
:1052600048E358E663E080E00E94466136C04DE2C4
:1052700058E662E080E00E94466140E258E6F2CFE4
:1052800047E158E662E080E00E94466140E258E66D
:1052900063E080E00E94466163E082E10E949960E1
:1052A000CE0119C041E158E662E080E00E9446610B
:1052B00062E082E10E949960CE010E94036849E0A9
:1052C00058E663E080E00E94466163E082E10E946C
:1052D000996088EF92E00E94036868EE73E080E0D6
:1052E00090E00F947E1F80E00F94D03A64E670E067
:1052F00080E090E00F947E1F0F94224F80E00E9488
:10530000508A0E94F468882389F362E081E897E676
:105310000E94ADEDDF91CF911F910D94E41749EFFD
:1053200057E662E080E00E94466141E158E6B0CF76
:1053300048EE57E6A7CF47ED57E6A4CF4AEC57E62D
:10534000F0CF4EEB57E662E080E00E94466149EB09
:1053500057E69ECF49EA57E662E080E00E94466148
:1053600041EA57E695CF41E957E683CF1F93CF93A4
:10537000DF93C82FD62F0E94A26148E757E660E06E
:1053800080E00E94466148EE57E6CC2311F047EDDD
:1053900057E661E080E00E9446618FEF0E946EEE6A
:1053A00064EF71E080E090E00F947E1F4FE657E6D7
:1053B00062E081E00E9446614EE363E080E00E948B
:1053C000526182E697E60E945C606D2F70E07093F8
:1053D000E6066093E50684E08093BF020E94EF68D2
:1053E000DC2F11E01C278091E5069091E6060097DE
:1053F00019F197FF0BC0D12F4EE362E080E00E94CD
:10540000526140E263E080E00E9452618091E506D3
:105410009091E606181619065CF440E262E080E01E
:105420000E9452614EE363E080E00E945261DC2FF3
:105430001092E6061092E5060F94224F81E00E943A
:10544000508A64E670E080E090E00F947E1F0E9436
:10545000F468882341F282E08093BF0280E00E94DA
:10546000796C80E00E946EEE8D2FDF91CF911F91BD
:105470000895CF93DF93C82FD62FC15098F04DE2F7
:105480006D2F82E10E94526184EF91E00E948B8C2B
:105490004CE76D2F82E10E94526184EF91E00E94FF
:1054A0008B8CEBCF0F94B11F60931A1870931B185D
:1054B00080931C1890931D1881E08093C8068091FA
:1054C000C806882329F084E690E00E948B8CF7CFF1
:1054D000DF91CF910C948F564F925F926F927F9293
:1054E000AF92BF92CF92DF92EF92FF920F931F93F2
:1054F000CF93DF9324E030E041E050E0D901A25C9B
:10550000BD49FD0165917491861797070CF066C03F
:1055100041505109440F551F440F551FEA01C05C0B
:10552000DD49FE0105911491425C5D49FA016591E6
:105530007491F901E05CFD49E590F490FE01C5909D
:10554000D490FD01C591D491FA01A590B490861B29
:10555000970BBC01990F880B990B0F94C4B42B01C6
:105560003C01B7016C197D09072E000C880B990BC3
:105570000F94C4B49B01AC01C301B2010F9403B5F5
:105580006B017C01BE016A197B09072E000C880B98
:10559000990B0F94C4B49B01AC01C701B6010F94E1
:1055A0005DBC6B017C01B801110F880B990B0F9446
:1055B000C4B49B01AC01C701B6010F945EBBDF917F
:1055C000CF911F910F91FF90EF90DF90CF90BF9000
:1055D000AF907F906F905F904F9008954F5F5F4FB7
:1055E0002C5F3F4F2038310509F088CFECEBF2E615
:1055F00065917491072E000C880B990B0F94C4B41D
:10560000DECF1F93CF93DF9300D01F921F92CDB7B1
:10561000DEB7162F482F62E5CE0101960E94DD4CC1
:1056200049815A816B817C818D810F94346C1093F8
:10563000A8130F900F900F900F900F90DF91CF91C4
:105640001F9108951092F313E1E0F5E7849167E06C
:105650000D9401ABE091F313AE2FB0E0AA0FBB1F86
:10566000A351BC4E2091C0133091C1132D933C9394
:10567000EF5FE093F313E23040F4F0E0E851FB48D1
:10568000849168E00F9401AB88E00895E091F313F2
:10569000AE2FB0E0A651BC4E8091C0138C93EF5F4B
:1056A000E093F313E33040F01092F313E8EEF4E7E5
:1056B000849168E00D9401ABF0E0EF5FFA488491CB
:1056C00067E0F8CFCF93DF9300D000D000D01F92D7
:1056D000CDB7DEB78091AF13823409F446C0B8F578
:1056E000882309F472C084E08093A71385E0EFEA71
:1056F000F3E1DE01169601900D928A95E1F785E0BF
:10570000FE013696AAEAB3E101900D928A95E1F77F
:1057100040E060E0CE0101960E94DD4C85E0FE0194
:105720003196AFEAB3E101900D928A95E1F785E0F9
:105730008093A8134091AA135091AB136091AC13BE
:105740007091AD138091AE130F94346C2EC08235DE
:10575000B1F1873541F66091B1137091B2134CE00D
:105760008091B0130F949F6C11C04091B01362E40C
:10577000CE0101960E94DD4C49815A816B817C816A
:105780008D810F94346C8AE08093A81340E060E030
:10579000CE0101960E94DD4C85E0FE013196AFEA14
:1057A000B3E101900D928A95E1F781E02A960FB658
:1057B000F894DEBF0FBECDBFDF91CF9108956BE0AF
:1057C0008091B0130F9401ABE1CF80E0EFCFCF9386
:1057D000DF9300D01F921F92CDB7DEB749835A8363
:1057E0006B837C838D8385E0FE013196AFEAB3E164
:1057F00001900D928A95E1F78091A81387FF09C067
:105800000F900F900F900F900F90DF91CF910D940C
:1058100062AB0F900F900F900F900F90DF91CF9190
:1058200008951F93CF93DF9300D01F921F92CDB79F
:10583000DEB7182F482F63E5CE0101960E94DD4C9C
:1058400049815A816B817C818D810F94346C1093D6
:10585000A8130F900F900F900F900F90DF91CF91A2
:105860001F910895CF93DF9300D01F921F92CDB761
:10587000DEB740E061E5CE0101960E94DD4C498132
:105880005A816B817C818D810F94346C84E080938C
:10589000A8130F900F900F900F900F90DF91CF9162
:1058A0000895CF93DF9300D01F921F92CDB7DEB73C
:1058B0000E94254D8093E913482F66E6CE0101969C
:1058C0000E94DD4C49815A816B817C818D810F94CE
:1058D000346C86E08093A8130F900F900F900F9078
:1058E0000F90DF91CF910895CF93DF9300D01F9257
:1058F0001F92CDB7DEB78091BF138534F1F020F44D
:10590000823451F185E011C0863471F18035D1F7D0
:105910008091C0138093E71381E090E09093E613A9
:105920008093E5130F9451AC80E00F900F900F908F
:105930000F900F90DF91CF9108958CE08093E71343
:105940008091C0139091C1139093E6138093E51357
:105950000F9451AC87E0E9CF8091C0138093E81396
:105960000F9451AC8BE0E1CF9091AA138091BA13C0
:10597000981322C09091AB138091BB1398131CC055
:105980001092E71381E090E09093E6138093E51383
:1059900082E88093A81340E060E0CE0101960E9467
:1059A000DD4C85E0FE013196AAEAB3E101900D924B
:1059B0008A95E1F782E0B9CF83E0B7CF1F93CF9309
:1059C000DF9300D01F921F92CDB7DEB78091070EF4
:1059D00081112AC010910F141F3F91F580910E1470
:1059E000811160C01F3FB9F081E090E09093A61351
:1059F0008093A51390930D1480930C148FEF8093D4
:105A00000E14133009F482C0F8F0163008F47BC08D
:105A1000173009F47EC00F900F900F900F900F90E9
:105A2000DF91CF911F91089580910C1490910D14E6
:105A30000E947D4E182F1092070E8F3F79F6CACF25
:105A40008FEF80930F14CACF89E393E70E94706FA2
:105A5000812F90E00F941F7C0F94A6B280910E14BA
:105A6000813089F482E393E70E949B71412F62E4C5
:105A7000CE0101960E94DD4C49815A816B817C8167
:105A80008D810F94E7AB80910C1490910D148430AC
:105A900020E8920721F08930904809F0BCCF0F949C
:105AA000E46FB9CF193008F0B6CFE12FF0E08827C6
:105AB000E35AF2458E4F0D9446BB39013901390145
:105AC0006D016B026B02C102F300D90280910C14CC
:105AD00090910D14873820E8920721F08730914883
:105AE00009F099CF8091A713843021F48091AA13F3
:105AF000811191CF81E08093060E60E081ED9AE6FE
:105B00000E946F5388CF1093121485CF0E94EA4CE5
:105B100082CF109214141092C2131092A71360E057
:105B20008CEA9CE00F945ABA0F940D7C74CF4F927C
:105B30005F926F927F928F929F92AF92BF92CF921D
:105B4000DF92EF92FF920F931F93CF93DF93CDB726
:105B5000DEB7A0970FB6F894DEBF0FBECDBF082FFB
:105B60000F94DEAC8091A81387FD0F9462AB9091E7
:105B7000A81397FF7DC08091A7138230B1F008F47D
:105B800075C08330E1F1843009F454C00F9462ABE6
:105B900081116BC382E08093C21383E08093A713CB
:105BA00082E88093A81312E0DBC20F94B11FAB010F
:105BB000BC018091B4139091B513A091B613B0912C
:105BC000B71388519C4FAF4FBF4F481759076A070B
:105BD0007B0708F44BC08EEE92E10F9462B80196F9
:105BE000D1F781E08093C2138093A7131092C91359
:105BF00086E08093A91380E00F9411AC37C09238EF
:105C000029F60F94B11FAB01BC018091B4139091A0
:105C1000B513A091B613B091B71388519C4FAF4FF5
:105C2000BF4F481759076A077B0708F4AFCF0F9497
:105C300032AC1CC00F94B11FAB01BC018091B413F6
:105C40009091B513A091B613B091B71388519C4FA2
:105C5000AF4FBF4F481759076A077B0740F70E94AD
:105C6000254D9091E91389130F9451AC10E078C23F
:105C7000A12CD12CC12C9924939455E0B52E63E02E
:105C8000862E74E0772EE2E06E2E66C0233009F493
:105C9000E0C0243009F083C020ED280F2A3008F43A
:105CA000F8C02FE9280F263008F4F3C08A3009F035
:105CB000FAC04090CE138AEC93E10E94CC4C48127B
:105CC000B8C01092C91388E0EAECF3E1DE01519606
:105CD00001900D928A95E1F788E0FE017196DE0150
:105CE000599601900D928A95E1F788E0FE01799628
:105CF000AAEBB3E101900D928A95E1F78CE38983D9
:105D0000FE013296A2EDB3E120E0CF01521609F474
:105D1000CDC03D9140EE430F403608F03EE2319356
:105D20002F5FF4CF8E3408F056C08B3408F046C095
:105D3000823409F443C0E0F58A3059F08D3049F0DF
:105D4000B092C913A11005C11F3609F0F9C3AA24E6
:105D5000A3944FEFC41AD40A8EEE92E10F9462B866
:105D600097FD00C1182F2091E21330E0F901EB55A7
:105D7000FC4E85A77901EFEFEE1AFE0AFFE0EF2255
:105D8000FF245E2CE092E2132091C913223009F423
:105D900048C008F07BCF222329F2213051F11A307C
:105DA00009F48FCF1D3009F48CCF1092CF13CACFD6
:105DB000853430F2873410F0883411F68093CA139A
:105DC0001092CB131092CD131092CC131092CE13CD
:105DD0009092C913BECF893540F4873578F720EB10
:105DE000280F263008F0ACCFE9CF863609F0A8CFCF
:105DF000E5CF20ED280F2A3050F02FE9280F26306C
:105E000030F0803209F09CCF6092C913A2CF0E947B
:105E1000AB4C9091CB139295907F890F8093CB13CD
:105E200098CF873448F4853458F42FEB280F22306C
:105E300038F01092CF1384CF803511F08235C9F736
:105E40008092C9138093CF131092D1131092D01364
:105E500080CF20ED280F2A3048F02FE9280F263078
:105E600028F08A3231F77092C91373CF0E94AB4C7D
:105E70002091D0133091D11344E0220F331F4A9563
:105E8000E1F7820F932F911D9093D1138093D0133C
:105E900060CF0E94AB4C9091CE139295907F890F6A
:105EA0008093CE1356CF8D3021F603CFE80EF91E26
:105EB000F70110821092E21383E695E70E94706F5B
:105EC0008DE595E70E94706FCE0101960E940583D3
:105ED0000F942E6B8091A713813009F474C008F4DD
:105EE000C5CE833009F4D1C0843009F04FCE809103
:105EF000A813863009F46CC108F093C1843009F40A
:105F000009C1853009F0CCC08091BF13813409F4F8
:105F100096C1823509F0C4C01092E7138DE290E873
:105F20009093E6138093E51382EA92E70F944B6B0C
:105F300085E08093A8134091AA135091AB13609110
:105F4000AC137091AD138091AE130F94346C16E0C6
:105F500007C11B3609F0F4C283E892E70F944B6B3C
:105F600018E0FEC0CD2819F00F942E6B7FCE0F9451
:105F7000B11FAB01BC018091B4139091B513A091F6
:105F8000B613B091B7138053984FAF4FBF4F481718
:105F900059076A077B0708F469CE8091A713882305
:105FA00009F464CE1092C91381E08093C2138093E8
:105FB000A71386E08093A91380E00F9411AC64E0EE
:105FC0008BE592E779C01091A8131330B1F160F01E
:105FD000163009F450C0193009F0BECF0F945E6D31
:105FE000882309F443CE40CE8091BA13833521F43F
:105FF0008091BB13181711F0812FFECD8091C01333
:10600000E12FF0E0DF01AC50BC4E8C93E058FD482E
:10601000E4918E1741F08091A91381508093A913C8
:106020008111EACF99CF86E095E70E9497718AE0C7
:106030008093B91381E0810FDFCD8091BA1383354E
:1060400021F48091BB13833011F083E0D5CD809192
:10605000C0139091C1139093F8138093F71310928B
:10606000F313E4E0F5E784916091F11370E049E007
:106070000F949F6CFBCD82E08093C21383E08093EA
:10608000A71382E88093A813D2CD8091A8138830FB
:1060900009F4B7C0A8F48430D9F0873009F4AEC051
:1060A00081E08093C21382E08093A71383E88093FA
:1060B000A81365E081E792E70F94BC6B182F50C0DE
:1060C0008A3009F4A7C060F38D3008F45FCDE8CFC3
:1060D0008091BA138E3460F58B3410F4853401F757
:1060E0008091BF13863409F473C084E08093A713B2
:1060F00085E0EAEBF3E1DE01119601900D928A95BD
:10610000E1F785E0FE013196AAEAB3E101900D9234
:106110008A95E1F70F9474AC182F853009F208F0D6
:106120009CC0823009F432CD843009F43BCF18C0D2
:10613000843508F4B5CF863598F2883509F0B0CFAC
:106140008091BF13863489F18035C1F1823409F022
:1061500042C08091C0138093E8130F9422AB1BE0E0
:106160008091A5139091A6138130910509F0EBC1A0
:10617000123009F490C008F07DC0112309F418C151
:10618000002309F4E4C0173009F4C1C108F0B5C117
:10619000143009F4C4C1153009F0D9C082E08093ED
:1061A000141460E08DE290E8B7C18091AA138823AF
:1061B00029F082E88093A81313E0D2CF8091C01316
:1061C0008093E71381E090E09093E6138093E513CA
:1061D0000F9422AB4BCD8CE08093E7138091C013DA
:1061E0009091C1139093E6138093E5130F9422AB23
:1061F00084E992E70F944B6B17E0B2CF0F9446AB54
:1062000035CD82E80F942AAB8093A813823809F029
:106210002DCDBCCC8091BF138134D1F60F94396B56
:10622000D7CF8830B1F050F38A3009F039CF809160
:10623000BF13813409F018CD0F94396B15CD10922E
:10624000E7131092E6131092E51381E88093A813E8
:106250000DCD81E80F942AABF9CF873049F208F4CD
:1062600063CE883009F478CE7BCF8091A81387FD68
:106270009ACCFCCC133009F46AC01B3009F080CFF3
:106280008091E81380930F1483EB92E70E949B7137
:106290000F94DEAC5CC08091EA13811158C00E945B
:1062A000B057882309F453C08091030E9091040ED7
:1062B0008835924009F44BC08091020E811147C08D
:1062C0008091010E811143C08091000E81113FC069
:1062D0009091FF0D8091FE0D9817C9F18091FF0DEF
:1062E00090E02EE63091FE0D381789F0289FF001DE
:1062F0001124E25EF84F4485558566857785452BE8
:10630000462B472B09F09F5F8F5F8F70EBCF992350
:10631000F1F084E492E70E94977120E030E0A90157
:10632000CA01B9010E94D88860E070E0CB010E94E8
:10633000975986ED9EE00F9436BA813021F40F9480
:10634000917A8F3F91F58FED9DE60F94277C809198
:10635000C213823019F481E0809314141093131443
:1063600080911C07882351F08091060E811106C090
:1063700080910C1490910D140E940169A0960FB6A3
:10638000F894DEBF0FBECDBFDF91CF911F910F916B
:10639000FF90EF90DF90CF90BF90AF909F908F9045
:1063A0007F906F905F904F9008958AE392E7CDCFF2
:1063B0000091E71380910B14081709F446C08091EF
:1063C000A7138430A9F48091AA13882389F089E067
:1063D00080931D07E0E0F2E70E3130F4E02FF0E0AB
:1063E000EE0FFF1FE050FE48859194910E94EDED65
:1063F000E0E0F2E70E3130F4E02FF0E0EE0FFF1FA7
:10640000E050FE48859194910E949B7100930B147B
:10641000033049F00C3109F09ACF0F944A5181E0D2
:106420008093161494CF8091A713843031F4809117
:10643000AA138455823008F48ACF0F944A5181E020
:10644000809317140F94E46F82CF033071F10C31F5
:1064500009F07DCF80911614882309F478CF0E942B
:10646000254D8823B1F1813009F071CF10921614B7
:106470000F945E651092050E6091F21370E090E04B
:1064800080E00F94C2B46B017C016091F11370E065
:106490006E5F7F4F072E000C880B990B0F94C4B4CE
:1064A000A70196010E94014D52CF809117148823B5
:1064B00009F44DCF9091FE0D8091FF0D981347CFB9
:1064C0000E94254D8150833008F4BCCF10921714E0
:1064D0003ECF9091FE0D8091FF0D981338CF6091C3
:1064E000F21370E090E080E00F94C2B49B01AC0125
:1064F00060E070E08FEA93E4D5CF1830B9F019303E
:1065000009F025CF60E00F94478A19E020CF61E0C1
:106510008091E5139091E6130F94478A18CF82E09B
:106520008093141460E08EE290E8F6CF1092141479
:106530001092C2131092A71360E08CE290E8ECCFA7
:106540000F942E6BADCD002301F3DCCF8091151499
:1065500082FF07C08B7F809315148EE893E70E941B
:106560009B718091151481FF50C080910914909106
:106570000A14892B09F449C080E893E70E949B71B3
:106580008091091490910A140F941F7C8091151426
:106590008D7F809315148091091490910A14909323
:1065A000100E80930F0E8DE59CE60E94C3F340E52C
:1065B00053E762E080E00E9446616091090E7091AD
:1065C0000A0E80910B0E90910C0E0F94CFBC20916F
:1065D0000F0E3091100EC901861B970B06976CF0B9
:1065E00081E00E94508A80E00F9497AD0E945E6126
:1065F00084E690E00E948B8CE0CF0E94926485E656
:1066000093E70E949B710C94A26108950F931F93CE
:10661000CF93DF9300D01F921F92CDB7DEB7182F14
:10662000062F1092151483E08093BF0219821A82FC
:106630001B821C821D8290E080E00E948B8C9091D6
:106640001514898192FF37C081111EC0CE010196B9
:106650000F94422285E691E70E949B71E09113140A
:10666000E250EA3040F7F0E08827E65CFC448E4FC9
:106670000D9446BB4F011F02350135013301350131
:10668000E902ED00B502350140E457E76BE170E047
:10669000CE0101960F949520882301F38091151463
:1066A0008B7F8260809315141092100E10920F0E43
:1066B00085E591E7D1CF882389F219828FE391E7AD
:1066C000CBCF0F94A6B20F940A708091060E811161
:1066D00007C08CE291E70E94977183E08093F913E1
:1066E0000F944A5181E00F900F900F900F900F90F0
:1066F000DF91CF911F910F9108950F94DEACF2CFEF
:106700008091FA13811197CF812F0F945670802FAB
:106710000F94EE6F0F94DEAC8ECF0F94A6B20F9451
:106720000A7089CF80E0DFCFCF93DF9300D01F9234
:106730001F92CDB7DEB70F94068E62E18CE990E729
:106740000F94B18F0E94FF4C40E065E5CE010196A9
:106750000E94DD4C49815A816B817C818D810F942F
:10676000E7AB61E080E00F9406B3811103C00E94A3
:10677000526DE8CF83E00F94D03A83E60F94598F9F
:1067800083E68093FC130F9444820F900F900F9038
:106790000F900F90DF91CF910895CF930F94DA8FE0
:1067A000C82F882379F088EC90E00E94AE8C82E0BC
:1067B0000F94D03A0F94508F0F9494B30F94CF8FBF
:1067C0000E9492648C2FCF9108950F931F93CF93C3
:1067D000DF9300D01F921F92CDB7DEB7082F0F9422
:1067E000DA8F182F882339F1602F8CE49CE60E9401
:1067F00052660F94508F0E94FF4C402F6CE4CE01E4
:1068000001960E94DD4C49815A816B817C818D818A
:106810000F94E7AB60E080E00F9406B3182F81116E
:1068200003C00E94526DE7CF83E00F94D03A0F94DB
:10683000CF8F0E949264812F0F900F900F900F9036
:106840000F90DF91CF911F910F910895FF920F93B9
:106850001F93CF93DF9300D01F921F92CDB7DEB767
:10686000082FF62E0F94DA8F182F8823A1F1FF201E
:1068700029F0602F8DE39CE60E9452668091EA1316
:1068800081110F94CDB30F94508F0E94FF4C402F75
:1068900065E4CE0101960E94DD4C49815A816B81ED
:1068A0007C818D810F94E7AB61E080E00F9406B3AB
:1068B000182F811103C00E94526DE7CF83E60F9419
:1068C000598F83E68093FC1383E00F94D03A0F94A2
:1068D000CF8F0E949264812F0F900F900F900F9096
:1068E0000F90DF91CF911F910F91FF9008951F930B
:1068F000CF93DF9300D01F921F92CDB7DEB7182F32
:106900000E94FF4C412F6BE4CE0101960E94DD4CAA
:1069100049815A816B817C818D810F94E7AB61E065
:1069200080E00F9406B3811103C00E94526DE8CF3E
:106930000F900F900F900F900F90DF91CF911F91BC
:106940000895CF93C82F682F80E39CE60E9452667B
:106950008091EA1381110F94CDB30F94508F8C2F37
:106960000F9477B483E60F94598F83E68093FC13DA
:1069700083E00F94D03A0F94CF8F0E94926481E00D
:10698000CF910895E89409C097FB3EF490958095C7
:10699000709561957F4F8F4F9F4F9923A9F0F92FE5
:1069A00096E9BB279395F695879577956795B79563
:1069B000F111F8CFFAF4BB0F11F460FF1BC06F5F49
:1069C0007F4F8F4F9F4F16C0882311F096E911C05B
:1069D000772321F09EE8872F762F05C0662371F07C
:1069E00096E8862F70E060E02AF09A95660F771F90
:1069F000881FDAF7880F9695879597F908959B0178
:106A0000AC010D9403B50F9416B50D9487B50F9492
:106A100079B538F00F9480B520F0952311F00D94DE
:106A200070B50D9476B511240D94BBB50F9498B53F
:106A300070F3959FC1F3950F50E0551F629FF001D1
:106A4000729FBB27F00DB11D639FAA27F00DB11DEA
:106A5000AA1F649F6627B00DA11D661F829F222773
:106A6000B00DA11D621F739FB00DA11D621F839FFA
:106A7000A00D611D221F749F3327A00D611D231FD0
:106A8000849F600D211D822F762F6A2F11249F571E
:106A900050409AF0F1F088234AF0EE0FFF1FBB1F21
:106AA000661F771F881F91505040A9F79E3F5105E0
:106AB00080F00D9470B50D94BBB55F3FE4F3983E44
:106AC000D4F3869577956795B795F795E7959F5F8A
:106AD000C1F7FE2B880F911D9695879597F908951C
:106AE00097F99F6780E870E060E008959FEF80EC81
:106AF000089500240A941616170618060906089524
:106B000000240A9412161306140605060895092E89
:106B10000394000C11F4882352F0BB0F40F4BF2BF8
:106B200011F460FF04C06F5F7F4F8F4F9F4F089538
:106B300057FD9058440F551F59F05F3F71F047952E
:106B4000880F97FB991F61F09F3F79F08795089513
:106B5000121613061406551FF2CF4695F1DF08C032
:106B6000161617061806991FF1CF8695710561054F
:106B700008940895E894BB2766277727CB0197F9F7
:106B800008953F924F925F926F927F928F929F9261
:106B9000AF92BF92CF92DF92EF92FF920F931F932B
:106BA000CF93DF935C016B017A016115710519F0D8
:106BB000FB0191838083E114F10451F0C701029736
:106BC000839730F040E030E020E090E06BC05E0161
:106BD000E5012196F5011081812F90E00F94C7B750
:106BE000892BA9F71D3201F52196F501118101E0EC
:106BF000E114F10409F4E6C0F0E1EF16F10409F044
:106C000088C0103359F488818F7D883509F07CC0A5
:106C1000198122960260F0E1EF2EF12C812C912C4B
:106C2000A12C88E0B82E92C01B3221F4E5012296F7
:106C3000F501118100E0DCCFEAE0EE16F10409F481
:106C4000C7C0F0E1EF16F10409F073C0E7CF78E0B8
:106C5000E72EF12C812C912CA12C60E1B62E76C070
:106C600021E0ADC0302F3170C114D10431F02223A6
:106C700071F12197F601D183C08327FF2EC060E018
:106C800070E080E090E8311104C06FEF7FEF8FEF8C
:106C90009FE722E230E030931F1820931E18462F02
:106CA000372F282F642F732F822FDF91CF911F91C1
:106CB0000F91FF90EF90DF90CF90BF90AF909F909B
:106CC0008F907F906F905F904F903F90089501FF5D
:106CD00004C02297F601D183C083332341F09095FD
:106CE0008095709561957F4F8F4F9F4FD8CF97FFBD
:106CF000D6CF82E290E090931F1880931E186FEF1A
:106D00007FEF8FEF9FE7CBCF10E3E114F10409F49D
:106D10009ECF28E0E216F10409F49CCF0CF08CCF52
:106D2000812C912CA12CE0E4BE2E82E0E816F10427
:106D300069F060E070E080E090E897010F2C000CB3
:106D4000440B550B0F94A9BA49015A0120E060E0A9
:106D500070E0CB0127010F2C000C66087708FE01BC
:106D600050ED352E310E39E0331570F43FEB310F15
:106D700049EC342E3A3138F03FE9310F3A3108F01E
:106D800071CF39EA332E310E3E141F040CF06ACF56
:106D900027FD15C086169706A806B90678F0A30148
:106DA00092010F9499BA630D711D811D911D61307F
:106DB0007105810520E8920708F452CF2FEF219644
:106DC0001081CDCF103309F41ECF2AE0E22EF12C32
:106DD0009CEC892E982CA82C9CE0B92EB7CF28309B
:106DE00008F027E03327DA01990F311D87FD916004
:106DF00000966105710539F432602E5F3D9330E3F2
:106E00002A95E1F708959F3F30F0803871056105BC
:106E100009F03C5F3C5F3D93913008F08068911D24
:106E2000DF93CF931F930F93FF92EF92192F987FC9
:106E30009695E92F96959695E90FFF27E45BF94F14
:106E400099273327EE24FF24A701E7010590089432
:106E5000079428F4360FE71EF81E491F511D660FD0
:106E6000771F881F991F0694A1F70590079428F4AF
:106E7000E70EF81E491F561FC11D770F881F991F67
:106E8000661F0694A1F70590079428F4F80E491F91
:106E9000561FC71FD11D880F991F661F771F0694A5
:106EA000A1F70590079420F4490F561FC71FD81F5C
:106EB000990F661F771F881F0694A9F78491109574
:106EC000177041F0D695C79557954795F794E79475
:106ED0001A95C1F7E2EFF5E0689415901591359198
:106EE0006591959105907FE27395E118F10A430B46
:106EF000560BC90BD009C0F7E10CF11E431F561FFA
:106F0000C91FD01D7EF4703311F48A95E6CFE89442
:106F1000015030F0080F0AF40027021708F4202F60
:106F20002395022F7A3328F079E37D932A95E9F7A8
:106F300010C07D932A9589F60694979567953795A5
:106F400017951794E118F10A430B560BC90BD0099A
:106F500098F023957E9173957A3308F070E37C93D3
:106F60002013B8F77E9170617D9330F0839571E3C3
:106F70007D9370E32A95E1F71124EF90FF900F9134
:106F80001F91CF91DF91992787FD909508959111D9
:106F90000D9423BA803219F089508550C8F70895AE
:106FA000FB01DC0102C005900D9241505040D8F722
:106FB0000895FB01DC010D900020E9F71197059081
:106FC0000D920020E1F70895FB01DC018D91059001
:106FD00080190110D9F3990B0895FB01DC0105908C
:106FE0000D920020E1F70895FC0105900020E9F7DB
:106FF000809590958E0F9F1F0895FB01DC014150F5
:10700000504088F08D9181341CF08B350CF4805EFB
:10701000659161341CF06B350CF4605E861B611168
:1070200071F3990B0895881BFCCFFB01DC014150E3
:10703000504030F08D910590801919F40020B9F777
:10704000881B990B0895FB01DC014150504048F02A
:1070500005900D920020C9F701C01D92415050408B
:10706000E0F70895FC010590615070400110D8F7D9
:10707000809590958E0F9F1F0895FB015591552384
:10708000A9F0BF01DC014D9145174111E1F759F419
:10709000CD010590002049F04D9140154111C9F3F3
:1070A000FB014111EFCF81E090E001970895FC01D1
:1070B0006150704001900110D8F7809590958E0F27
:1070C0009F1F0895CF93DF93EC012B8120FF1AC0FF
:1070D00026FF0CC02F7B2B838E819F8101969F837F
:1070E0008E838A8190E0DF91CF91089522FF18C0AE
:1070F000E881F9818081082E000C990B009729F412
:1071000020622B838FEF9FEFEECF3196F983E883D8
:107110002E813F812F5F3F4F3F832E839927E3CFFF
:10712000EA85FB85199597FFF3CF2B81019621F016
:1071300080E2822B8B83E6CF80E1FBCF0F931F93FE
:10714000CF93DF93182F092FEB018B8181FD09C0AD
:107150001FEF0FEF812F902FDF91CF911F910F9194
:10716000089582FF14C02E813F818C819D81281754
:1071700039073CF4E881F981CF010196998388832E
:1071800010838E819F8101969F838E83E3CFE88554
:10719000F985812F1995892BA1F3DACFEF92FF9210
:1071A0000F931F93CF93DF938C017B01DB01139629
:1071B0008C91D0E0C0E081FD0FC0CFEFDFEF10C0B9
:1071C000D7011896ED91FC91B7011995892B11F013
:1071D000CFEFDFEF0F5F1F4FF80184918111F0CFE8
:1071E000CE01DF91CF911F910F91FF90EF90089505
:1071F0000F931F93CF93DF93CDB7DEB7AE01485FF8
:107200005F4FDA016D917D91AD0104E218E1F80163
:1072100082819381DC0113962C9113972860139639
:107220002C930E94F23AD8011296ED91FC912381A1
:10723000277F2383DF91CF911F910F9108950F93A3
:107240001F93CF93DF938C01E0912618F0912718BC
:107250008381D0E0C0E081FD0AC0CFEFDFEF17C02F
:107260001995892B11F0CFEFDFEF0F5F1F4FF8015A
:1072700084916091261870912718DB011896ED9182
:10728000FC918111EDCF8AE01995892B31F7CE0160
:10729000DF91CF911F910F9108950F931F93CF937B
:1072A000DF93CDB7DEB72E970FB6F894DEBF0FBED3
:1072B000CDBF0E891F898EE08C831A8309838FEFDF
:1072C0009FE79E838D83AE01465E5F4F688D798D0B
:1072D000CE0101960E94F23A2F813885020F131FCA
:1072E000F80110822E960FB6F894DEBF0FBECDBF08
:1072F000DF91CF911F910F910895CF93DF93EC0110
:107300008B8188608B83CE010E94F23A2B81277F8C
:107310002B83DF91CF9108950F931F93CF93DF932A
:10732000CDB7DEB72E970FB6F894DEBF0FBECDBF38
:107330008C01FA018EE08C831A83098377FF02C0E7
:1073400060E070E8615071097E836D83A901BF011F
:10735000CE0101960E94F23A4D815E8157FD0AC02E
:107360002F813885421753070CF49A01020F131F1F
:10737000F80110822E960FB6F894DEBF0FBECDBF77
:10738000DF91CF911F910F910895FA01AA2728301C
:1073900051F1203181F1E8946F936E7F6E5F7F4FE2
:1073A0008F4F9F4FAF4FB1E03ED0B4E03CD0670F5E
:1073B000781F891F9A1FA11D680F791F8A1F911DB1
:1073C000A11D6A0F711D811D911DA11D20D009F401
:1073D00068943F912AE0269F11243019305D319343
:1073E000DEF6CF010895462F4770405D4193B3E02C
:1073F0000FD0C9F7F6CF462F4F70405D4A3318F0D3
:10740000495D31FD4052419302D0A9F7EACFB4E083
:10741000A6959795879577956795BA95C9F700973B
:107420006105710508959B01AC010A2E06945795DC
:10743000479537952795BA95C9F7620F731F841F33
:10744000951FA01D0895992788270895DC01CB0179
:10745000FC01F999FECF06C0F2BDE1BDF89A319664
:1074600000B40D9241505040B8F70895F999FECFFD
:1074700092BD81BDF89A992780B50895A6E1B0E044
:1074800044E050E00D9428BAA8E1B0E042E050E0BA
:107490000D9428BADC01A40FB51F4150504048F0AC
:1074A000CB01840F951F2E910F945BBA4150504031
:1074B000D0F70895262FF999FECF92BD81BDF89A95
:1074C000019700B4021639F01FBA20BD0FB6F89428
:1074D000FA9AF99A0FBE08950396272F0F945BBA74
:1074E0000F945ABA252F0F945BBA242F0D945BBAD0
:1074F0000196272F0F945BBA0D945ABA262FF9994B
:10750000FECF1FBA92BD81BD20BD0FB6F894FA9A86
:10751000F99A0FBE01960895242F0F947FBA252F54
:107520000F947FBA0D9494BA0F947EBA272F0D94BE
:107530007FBADB018F939F930F94CBBABF91AF912A
:10754000A29F800D911DA39F900DB29F900D1124BD
:107550000895A1E21A2EAA1BBB1BFD010DC0AA1F94
:10756000BB1FEE1FFF1FA217B307E407F50720F0AC
:10757000A21BB30BE40BF50B661F771F881F991F27
:107580001A9469F760957095809590959B01AC0170
:10759000BD01CF0108950F94D6BAA59F900DB49F59
:1075A000900DA49F800D911D11240895A29FB001FC
:1075B000B39FC001A39F700D811D1124911DB29F27
:1075C000700D811D1124911D0895991B79E004C04F
:1075D000991F961708F0961B881F7A95C9F7809512
:1075E000089587FB082E062687FD819567FD619526
:1075F0000F94E5BA0EF4919507FC81950895AA1BA6
:10760000BB1B51E107C0AA1FBB1FA617B70710F08D
:10761000A61BB70B881F991F5A95A9F780959095BF
:10762000BC01CD01089597FB072E16F4009407D0F6
:1076300077FD09D00F94FFBA07FC05D03EF4909572
:1076400081959F4F0895709561957F4F0895052E00
:1076500097FB1EF400940F943EBB57FD07D00F9488
:10766000A9BA07FC03D04EF40D943EBB509540954B
:10767000309521953F4F4F4F5F4F089590958095DE
:10768000709561957F4F8F4F9F4F0895EE0FFF1FAD
:10769000881F8BBF0790F691E02D19940F94D6BAEE
:1076A000332312F48A1B9B0B0D9458BB0F94D6BA4C
:1076B000B7FF0895821B930B08955058BB27AA2744
:1076C0000F9475BB0D9487B50F9479B538F00F946E
:1076D00080B520F039F49F3F19F426F40D9476B567
:1076E0000EF4E095E7FB0D9470B5E92F0F9498B573
:1076F00058F3BA17620773078407950720F079F4E7
:10770000A6F50D94BAB50EF4E0950B2EBA2FA02D68
:107710000B01B90190010C01CA01A0011124FF273E
:10772000591B99F0593F50F4503E68F11A16F04039
:10773000A22F232F342F4427585FF3CF4695379538
:107740002795A795F0405395C9F77EF41F16BA0BFD
:10775000620B730B840BBAF09150A1F0FF0FBB1FAB
:10776000661F771F881FC2F70EC0BA0F621F731FF4
:10777000841F48F4879577956795B795F7959E3F51
:1077800008F0B0CF9395880F08F09927EE0F9795E2
:10779000879508950F9479B560F080E891E009F439
:1077A0009EEF0F9480B528F040E851E071F45EEF51
:1077B0000CC00D9476B50D94BAB5E92FE0780F940E
:1077C00098B540F3092E052AB1F326173707480765
:1077D000590738F00E2E07F8E02569F0E025E0643F
:1077E0000AC0EF6307F8009407FADB01B9019D01B5
:1077F000DC01CA01AD01EF930F9474BC0F9487B5FF
:107800000F940DBC5F91552339F02BED3FE049E417
:1078100050FD49EC0D945EBB0895DF93DD27B92F31
:10782000BF7740E85FE31616170648075B0718F4B2
:10783000D92F0F9459BE9F938F937F936F930F947B
:10784000FFB4E4EEF0E00F9469BD0F9487B52F917B
:107850003F914F915F910F9416B5DD2351F09058F1
:10786000A2EA2AED3FE049EC5FE3D0785D270F9470
:1078700075BBDF910D9487B50F94CFBD90F09F3706
:1078800048F4911116F40D94BBB560E070E080E807
:107890009FE3089526F01B16611D711D811D0D9437
:1078A00040BD0D945BBD0F941CBD08F481E00895AC
:1078B0000F9492BDE3950D94BBBD0F9471BC0D94D4
:1078C00087B50F9480B558F00F9479B540F029F43E
:1078D0005F3F29F00D9470B551110D94BBB50D9417
:1078E00076B50F9498B568F39923B1F3552391F3C6
:1078F000951B550BBB27AA2762177307840738F01F
:107900009F5F5F4F220F331F441FAA1FA9F335D07B
:107910000E2E3AF0E0E832D091505040E695001C2F
:10792000CAF72BD0FE2F29D0660F771F881FBB1FE9
:10793000261737074807AB07B0E809F0BB0B802DC7
:10794000BF01FF2793585F4F3AF09E3F510578F0F3
:107950000D9470B50D94BBB55F3FE4F3983ED4F33E
:10796000869577956795B795F7959F5FC9F7880FC7
:10797000911D9695879597F90895E1E0660F771F19
:10798000881FBB1F621773078407BA0720F0621BAA
:10799000730B840BBA0BEE1F88F7E09508950F94D4
:1079A000D6BC6894B1110D94BBB508950F94A0B5E1
:1079B00088F09F5798F0B92F9927B751B0F0E1F0B0
:1079C000660F771F881F991F1AF0BA95C9F714C060
:1079D000B13091F00F94BAB5B1E008950D94BAB5F5
:1079E000672F782F8827B85F39F0B93FCCF3869599
:1079F00077956795B395D9F73EF4909580957095F6
:107A000061957F4F8F4F9F4F08950F94CFBD90F09A
:107A10009F3748F4911116F00D94BBB560E070E00B
:107A200080E89FEB089526F41B16611D711D811DD2
:107A30000D9440BD0D945BBD990F0008550FAA0B26
:107A4000E0E8FEEF16161706E807F907C0F0121671
:107A50001306E407F50798F0621B730B840B950B74
:107A600039F40A2661F0232B242B252B21F40895C9
:107A70000A2609F4A140A6958FEF811D811D089566
:107A8000882371F4772321F09850872B762F07C035
:107A9000662311F499270DC09051862B70E060E0A9
:107AA0002AF09A95660F771F881FDAF7880F969548
:107AB000879597F908959F3F31F0915020F487956D
:107AC00077956795B795880F911D9695879597F946
:107AD0000895DF93CF931F930F93FF92EF92DF925E
:107AE0007B018C01689406C0DA2EEF010F9416B565
:107AF000FE01E894A5912591359145915591A6F304
:107B0000EF010F9475BBFE019701A801DA9469F7A4
:107B1000DF90EF90FF900F911F91CF91DF9108952B
:107B20000D9476B50F94A0B5D8F3E894E0E0BB27A8
:107B30009F57F0F02AED3FE049EC06C0EE0FBB0F77
:107B4000661F771F881F28F0B23A62077307840701
:107B500028F0B25A620B730B840BE3959A9572F777
:107B6000803830F49A95BB0F661F771F881FD2F7B5
:107B700090480D945DBDEF93E0FF07C0A2EA2AEDA7
:107B80003FE049EC5FEB0F9475BB0F9487B50F9006
:107B9000039401FC9058E1E1F1E00D94B2BF0F9421
:107BA000A0B5A0F0BEE7B91788F4BB279F3860F4F2
:107BB0001616B11D672F782F8827985FF7CF869507
:107BC00077956795B11D93959639C8F308950F94ED
:107BD0001CBD08F48FEF08950F9479B529F00F9428
:107BE00080B511F00D9476B50D9470B5B901CA0148
:107BF0000D945BBD9F775F770F9498B568F39923D9
:107C0000A9F35523A9F3FF27951758F4E52FE91B8E
:107C1000ED3060F75E3B10F0F1E41CC09034E0F40E
:107C20000AC0E92FE51BED3018F79E3B10F0F1E498
:107C300011C0503488F4F9EA88232AF09A95660F27
:107C4000771F881FDAF744232AF05A95220F331F33
:107C5000441FDAF79F1B5F1BFF931F930F93FF9245
:107C6000EF9279018A01BB27AB2F9B01AC010F94E6
:107C700019B59701A801BF937B018C01AA27BA2FE0
:107C8000B901CA010F9419B5AF919701A801EF90FE
:107C9000FF900F911F910F9475BB0F9487B50F94B0
:107CA0002CBF4F9140FF0895552747FD50950D94E7
:107CB00065BE9B01AC0160E070E080E89FE30D943D
:107CC0005DBC0D9470B50D945BBD0F94A0B5D8F359
:107CD0009923C9F3940F511DA3F39150504094F090
:107CE00059F0882332F0660F771F881F915050405B
:107CF000C1F79E3F51052CF7880F911D96958795EA
:107D000097F908955F3FACF0983E9CF0BB278695AD
:107D100077956795B79508F4B1609395C1F7BB0F58
:107D200058F711F460FFE8CF6F5F7F4F8F4F9F4F81
:107D3000E3CF0D94BBB50F94A0B558F19E5760F1F9
:107D40009851A0F0E9F0983020F5092E9927660F98
:107D5000771F881F991F0A94D1F712C0062E672F2C
:107D6000782F8827985F11F4000C07C0993FB4F36F
:107D70008695779567959395D9F7611D711D811D3E
:107D80003EF490958095709561957F4F8F4F9F4FF2
:107D9000089568940D94BBB50D94BAB5FA01EE0F31
:107DA000FF1F309621053105A1F16115710561F4C0
:107DB0008038BFE39B0749F168949038810561F0F2
:107DC0008038BFEF9B0741F099234AF5FF3FE1055B
:107DD0003105210519F1E8940894E795D901AA2302
:107DE00029F4AB2FBE2FF85FD0F310C0FF5F70F403
:107DF000A695E0F7F73950F019F0FF3A38F49F777D
:107E00009F930DD00F9007FC9058089546F00D9465
:107E100076B560E070E080E89FE308954FE79F77D4
:107E20005F934F933F932F930F94CEBF2F913F912A
:107E30004F915F910F9403B50D9479BF9F930F9469
:107E400092BD0F9007FCEE5F0D94BBBD19F416F4C4
:107E50000D9476B50D945BBD0F94A0B5B8F399233E
:107E6000C9F3B6F39F57550B87FF0F94ABBF0024A0
:107E7000A0E640EA900180585695979528F4805CDA
:107E8000660F771F881F20F026173707480730F442
:107E9000621B730B840B202931294A2BA69517945A
:107EA0000794202531254A2758F7660F771F881F2A
:107EB00020F026173707480730F4620B730B840B4A
:107EC000200D311D411DA09581F7B901842F9158D6
:107ED000880F9695879508950F941CBD880B990B74
:107EE000089529F416F00D9470B50D94BAB50D945B
:107EF00076B50F94A0B5A8F39638A0F707F80F92BF
:107F0000E8942BE33AEA48EB5FE70F9419B50F9238
:107F10000F920F924DB75EB70F920F9416C0EFE21B
:107F2000F1E00F9469BD4F915F91EF91FF91E5955D
:107F3000EE1FFF1F49F0FE57E0684427EE0F441F75
:107F4000FA95E1F74195550B0F9465BE0F9007FE2A
:107F50000D9459BE089591505040660F771F881FA9
:107F6000D2F708959F938F937F936F93FF93EF932F
:107F70009B01AC010F9403B5EF91FF910F9469BD84
:107F80002F913F914F915F910D9403B516F00D9491
:107F90005BBD0D9476B568940D9470B50F94A0B543
:107FA000A8F39923C1F3AEF3DF93CF931F930F93FD
:107FB000FF92C92FDD2788232AF02197660F771FAC
:107FC000881FDAF720E030E040E85FEB9FE3883974
:107FD00020F0803E38F021968F770F945EBBE7E566
:107FE000F1E004C00F945EBBE4E8F1E00F9469BDDA
:107FF0008B01BE01EC01FB2E6F5771097595771F40
:10800000880B990B0F94C4B428E132E741E35FE396
:108010000F9416B5AF2D9801AE01FF900F911F91EF
:10802000CF91DF910F9475BB0D9487B5FA01DC01F8
:10803000AA0FBB1F9B01AC01BF5728F4222733278F
:108040004427507820C0B75190F4AB2F00244695B8
:1080500037952795011CA395D2F3002071F0220FCC
:10806000331F441FB395DAF30ED00D945DBB61301E
:108070007105A0E88A07B94630F49B01AC01662778
:10808000772788279078309621F0208331834283A8
:10809000538308959111089581548A5108F4805EA4
:1080A000855A0895FB01DC0104C08D91019080196F
:1080B00021F441505040C8F7881B990B0895FB01EB
:1080C000DC0102C001900D9241505040D8F7089554
:1080D000DC0101C06D9341505040E0F70895FB0171
:1080E000DC018D9181341CF08B350CF4805E619144
:1080F00061341CF06B350CF4605E861B611189F3F2
:10810000990B0895FB01DC010D900020E9F7119710
:1081100001900D920020E1F70895FC0181918617EE
:1081200021F08823D9F7992708953197CF01089531
:10813000FB01DC018D91019080190110D9F3990B9D
:108140000895FB01DC0101900D920020E1F70895F4
:10815000FB01DC014150504030F08D9101908019BD
:1081600019F40020B9F7881B990B0895FB01DC0175
:108170004150504048F001900D920020C9F701C0D5
:108180001D9241505040E0F708950F931F93CF93F5
:10819000DF93E0912618F09127182381EC0110E07D
:1081A00000E021FD08C00FEF1FEF14C01995892BC7
:1081B00011F00FEF1FEF8991609126187091271829
:1081C000DB011896ED91FC918111F0CF8AE01995B1
:1081D000892B49F7C801DF91CF911F910F91089525
:1081E0001AE3CEEBDAE300E006C0802FFE010F9425
:1081F00046BB2196011DCF3BD10780E00807A9F7B8
:04820000F894FFCF20
:10820400303132333435363738392E200A47580066
:10821400FFFFFFFFFF0000FF4300805443000052B4
:108224004300000000000080C09A99193E640002D7
:1082340040771B0060EA0000016400FF01010100B7
:1082440000484200003E430000A041D2000A000161
:10825400FF3FFF3FFF3FFF3F303030300101101040
:10826400001111001111011E1E0102AF003C0E2C61
:108274000E000080BF0000000000000000000000AD
:1082840000000080BF0000000000000000000000AB
:10829400000000803F01010101714900058349008C
:1082A400050101D310D310D310D310FFFFFFFFFF3C
:1082B400FFFFFFFFFF080102010080BB44640001CF
:1082C4007F7F777B777F7F01010101FFFFFF0080C4
:1082D4003B4500803B4500004844000000005859DD
:1082E4005A45580059005A005072757361204D4B1D
:1082F4005F5477696E000D0A0000C0284500C0284D
:108304004500007A440000C842E6020600EB02067B
:1083140000C8040600F0040600030304032F00420F
:0A83240063FF62BE62010001000069
:00000001FF
