:100000000C94D53B0C94063C0C94063C0C94063C9A
:100010000C94063C0D9494980C94063C0C945D58FA
:100020000C947A580C94063C0C94063C0C94063CB8
:100030000C94B54C0C94063C0D94FD260D9489202F
:100040000C94063C0D94EE370C94063C0C94063C44
:100050000C94063C0C94063C0C94063C0C9464579F
:100060000C94063C0D94CCB40C94063C0C94063CC9
:100070000C94063C0C94B0760C94063C0C94063C14
:100080000C94063C0C94063C0C94063C0C94063CE8
:100090000D9488B40C94063C0C94063C0C94063CDD
:1000A0000C94063C0C94063C0D9447160C94063CAC
:1000B0000C94063C0D9429160C94063C0D94472C88
:1000C0000C94063C0C94063C0C94063C0D94E915EB
:1000D0000C94063C0C94063C0C94063C0C94063C98
:1000E0000C94063C084AD73B3BCE016E84BCBFFD56
:1000F000C12F3D6C74319ABD56833DDA3D00C77FF8
:1001000011BED9E4BB4C3E916BAAAABE0000008090
:100110003F05A84CCDB2D44EB93836A9020C50B91F
:10012000918688083CA6AAAA2ABE000000803F0744
:10013000634236B79BD8A71A39685618AEBAAB5582
:100140008C1D3CB7CC5763BD6DEDFD753EF6177247
:1001500031BF000000803F08000000BE9224491219
:100160003EABAAAA2ABECDCCCC4C3E00000080BE3D
:10017000ABAAAAAA3E00000000BF000000803F001A
:1001800000000000084178D3BB4387D1133D190E0E
:100190003CC3BD4282AD2B3E68EC8276BED98FE176
:1001A000A93E4C80EFFFBE01C4FF7F3F000000006E
:1001B00000000C9430B30C94A8570D9430440C9468
:1001C000D5570D94FA030C948CFB0C94BDBB0C9486
:1001D000BDB00D943D130C94A6B00D942B100C944F
:1001E000B8ED0D9487140D942E060D943C7C0C9460
:1001F000CBB00C9487EA0C947DEE0C94C3BB0D94A9
:10020000E61A0D9453140C948FB30C9484EA0D9455
:100210003D140C9498B00D9484090C94A2F70C949E
:100220009EB50C9481EA0C944DC40D9415140D9454
:10023000900B0C9480C40C94A2B00C9492C40D94B6
:10024000277C0C94B4F70D94AC370C9439B60C940D
:1002500064F10D9406140C9470B30D94D30D0D94A9
:1002600008AE0C94BFC40D942A440D941B140D9435
:100270000E0D0C9491B10C94CFF10D948C430C9411
:100280008AB50D9463140C94B7B00C9410B80D9407
:1002900030760D94A2040D9438440D941A050C94F4
:1002A0007DBC0D940B7C0D94A8070C9478EA0D94FA
:1002B00098080D943C100C943CCB0D94F51C0C94B8
:1002C0005AC40D9433050C94B3B00D942D760C9450
:1002D000CC570C94D3B00C9467BA0C9483570D94FC
:1002E00002330D94BE030C9457FF0D9462060D94D7
:1002F0005B0E0D942E7C0D941F140C94D3F20C9471
:10030000635B0D9434090D94430B0D94FA140C9413
:1003100055BC0C9485B50D9412080D94E4130D94FE
:1003200056050D9496430D947F050C9461410D94F0
:100330001E050C94D3C40C9411B50C949EB00D946E
:100340007A130D94F91F0D94F9430C9488C40C94FE
:1003500075B00C94D8B00C9443BC0C94B5B50C9407
:10036000A3B50D9410760C9494B50C94F2B70C943C
:100370001CCB0C94D5BB0C94C5B00D94611F0C9490
:100380009CC40C9478C40D94AA130C94FEF70C949E
:100390008FB50C94CCBB0C9499B50D9478050C9446
:1003A00071BA0C949D570D94F6430D9499430D9496
:1003B00088440D9433760D94200D0C9473B70C94EF
:1003C00055C40C94DBF20D9427440C94D9B00D94D1
:1003D00063040D942A1A0D94B40A0C948BB10D94F5
:1003E0004C040D94C57B0C94E1B00C94B7490C946B
:1003F0009CBA0C94B0FE0D9442040C948AEA0D94BD
:10040000377C0D943F050C949FEA0D948F430C9418
:100410007B5A0C9400BB0C94C9F20C9410FE0D9402
:10042000CE750C949FF30D940E100C94ACB50C94F7
:10043000CFB00C94A8B50C9476B10C9482FE0D94B8
:10044000ED080D9422040C94B6570C940A580D94A0
:1004500048440C944D570D9451100C94B5C40D9410
:10046000FA060D9453230D943B490D944B050C94BF
:100470004BB40C946EC40D94901D0C9499F40D948F
:1004800040440C9420EA0D94B2130C946CBC0C9470
:10049000A8EA0D9481050D9406AC0D9458100C94A7
:1004A000ADB00D946B090C94DDB00D94BA070D94AA
:1004B000741F0C9429EA0C94BFB90C9449BC0D9498
:1004C0002E040D9473090C943BEA0D94850D0C9445
:1004D000E5B00C94C7B30D9458440C94CFF20D942E
:1004E000B5750D946F4F0C94DFF80D94B3150C9403
:1004F0008CBB0D94EA1F0D944F430D942A7C0C94F1
:10050000D1B40D9460440C940BF00C94A6C40D94DB
:10051000F3430C94C0BB0C949CEA0D94A0130D946F
:10052000EB070D94CA1B0D948A060C94C9BB0C945E
:1005300005F00D944A100D94CA330D9450440C9458
:100540004FBC0D9418040D94490B0C94C9C40C9421
:1005500064C40D9490440D940E040C9454F20D94C4
:10056000170D0D9467430D9478440C94C6BB0C94FE
:1005700061BC0C94F1F20C947CB30D9487490C94FB
:100580007BBC0C94D7F20C946FFF0C9493EA0D94FF
:10059000C9430C94CBF10C94AAB00C94C1B00D9447
:1005A00074040D9450080D94B71F0C94B0B30D94BF
:1005B00004040C94E7C40D9480440D9468440C9496
:1005C000DDC40C94F8570D94EE130C947BFB0C9443
:1005D000A1B30D9412200D9470440D9438040C9422
:1005E00010BB0D942D440C9441C90D944E0B0C94EA
:1005F000BCB30D9443106E616E00696E66000040DE
:100600007A10F35A00A0724E18090010A5D4E80021
:1006100000E87648170000E40B54020000CA9A3B39
:10062000000000E1F50500008096980000004042BF
:100630000F000000A086010000001027000000004D
:10064000E803000000006400000000000A00000051
:1006500000000100000000002C76D888DC674F08FD
:1006600023DFC1DFAE59E1B1B796E5E3E453C63A03
:10067000E651997696E8E6C28426EB898C9B62ED7A
:10068000407C6FFCEFBC9C9F40F2BAA56FA5F49034
:10069000055A2AF75C936B6CF9676DC11BFCE0E4AB
:1006A0000D47FEF520E6B500D0ED902E0300943501
:1006B00077050080841E080000204E0A000000C854
:1006C0000C333333330F986E12831141EF8D2114A5
:1006D000893BE65516CFFEE6DB18D1844B381BF775
:1006E0007C1D901DA4BBE424203284725E22810014
:1006F000C9F124ECA1E53D272200656E717565699D
:100700006E67202200446F6E65207072696E746996
:100710006E672066696C65004E6F204C696E6520BF
:100720004E756D62657220776974682063686563D1
:100730006B73756D2C204C617374204C696E653A37
:1007400020004E6F20436865636B73756D20776979
:100750007468206C696E65206E756D6265722C2000
:100760004C617374204C696E653A20006368656360
:100770006B73756D206D69736D617463682C204CAB
:10078000617374204C696E653A20004C696E652077
:100790004E756D626572206973206E6F74204C61B6
:1007A0007374204C696E65204E756D6265722B31D5
:1007B0002C204C617374204C696E653A2000256CC6
:1007C00075206279746573207772697474656E2020
:1007D000746F2025532061742061646472657373A3
:1007E0002030782530346C780A00442564202D2090
:1007F000526561642F57726974652025530A002081
:10080000436F756E7420583A200045303A256420B5
:1008100052504D2050524E313A25642052504D20B6
:100820004530403A25752050524E31403A25750AE0
:1008300000526573656E640025533A20256C640A86
:1008400025530A002F2F616374696F6E3A6E6F74BF
:10085000696669636174696F6E2025530A00466991
:100860006C616D656E742072756E6F757420646551
:1008700074656374656421005072696E74657220DA
:1008800073746F707065642064756520746F206583
:1008900072726F72732E2053757065727669736908
:1008A0006F6E2072657175697265642E0064756D76
:1008B0007020636C65617265640A006E6F206475F8
:1008C0006D7020617661696C61626C650A0044320A
:1008D00031202D2072656164206372617368206429
:1008E000756D700A006E6F2064756D7020617661A1
:1008F000696C61626C650A0064756D7020636F6D70
:10090000706C6574656420696E20256C756D730A62
:100910000058464C41534800454550524F4D0053F6
:1009200052414D00442D31202D20456E646C65737D
:1009300073206C6F6F700A0041637469766520459F
:10094000787472756465723A203000496E76616C15
:10095000696420657874727564657200746D6332C1
:100960003133305F7072696E745F63757272656E79
:10097000747328290A094809520A58092564092567
:10098000640A590925640925640A5A092564092558
:10099000640A450925640925640A005344207072DD
:1009A000696E74696E672062797465200025750030
:1009B000556E6B6E6F776E20636F6D6D616E643A0E
:1009C0002022004D32303020496E76616C696420FF
:1009D000657874727564657220007A5F6D61783A2B
:1009E00020007A5F6D696E3A2000795F6D61783A18
:1009F0002000795F6D696E3A2000785F6D61783A0A
:100A00002000545249474745524544006F70656E77
:100A100000785F6D696E3A20005265706F7274697C
:100A20006E6720656E6473746F7020737461747583
:100A300073004D3131322063616C6C65642E20454A
:100A40006D657267656E63792053746F702E002F29
:100A50002F616374696F6E3A75766C6F5F72656350
:100A60006F766572795F7265616479002F2F6163BB
:100A700074696F6E3A75766C6F5F6175746F5F72D3
:100A800065636F766572795F726561647900534959
:100A90004C454E54004E4F524D414C002553204D75
:100AA0004F44453A2050657263656E7420646F6EE2
:100AB000653A20256868643B207072696E74207402
:100AC000696D652072656D61696E696E6720696E1A
:100AD000206D696E733A2025643B204368616E6720
:100AE0006520696E206D696E733A2025640A005096
:100AF00072696E74657253746174653A2025640A74
:100B000000456E642066696C65206C6973740042F0
:100B10006567696E2066696C65206C697374005541
:100B20006E6B6E6F776E20256320636F64653A206D
:100B300025730A000A50494E44412074656D706562
:100B40007261747572653A20252E3166205A2073C1
:100B50006869667420286D6D293A20252E33660059
:100B60000A537465703A2025642F360A000A5374BC
:100B700065703A2025642F362028736B6970706584
:100B800064290A50494E44412074656D7065726154
:100B9000747572653A202564205A207368696674FA
:100BA00020286D6D293A300A000A5A45524F3A20E2
:100BB000252E33660A0073746172742074656D703B
:100BC000657261747572653A20252E31660A0025BA
:100BD000642020252E326600255320583A20252EE9
:100BE000356620593A20252E3566205A3A20252E82
:100BF00035660A00536C6565702E2E2E0045303A1E
:100C000025642052504D0A50524E303A25642052ED
:100C1000504D0A00002045535000204E53500020F4
:100C20004F464600204F4E005056303100205B4D5D
:100C3000505D2000256920686F757273202569203A
:100C40006D696E757465730052582074696D656FB7
:100C50007574004D333130004D313132004D31313A
:100C6000300046756C6C205258204275666665727D
:100C70000053657474696E67732053746F72656492
:100C800000544D3A2073746F7265642063616C691F
:100C900062726174696F6E20696E76616C69642C32
:100CA00020726573657474696E670053746F726542
:100CB000642073657474696E6773207265747269F9
:100CC000657665640048617264636F64656420449E
:100CD000656661756C742053657474696E67732002
:100CE0004C6F6164656400563200000000C8420029
:100CF00000C8420000C84300008C43000048430085
:100D0000004843000040410000F042E8030000E8D2
:100D1000030000C80000008813000000409C44004D
:100D2000409C440000000000000000204E00000035
:100D300000204100002041CDCCCC3E00009040007E
:100D40000000000000000000000000CDCCCC3E3DC3
:100D50000A8141FF08433EB099AB438F42FC42E613
:100D60005A343F4C62B04500000000004040000093
:100D700034420000000000000000000000410000BC
:100D800000E03F0000C8420000C8420000404100AF
:100D900000F042C0030000C0030000C8000000884B
:100DA0001300001010102000409C440000803F0001
:100DB00000003F1914000000437573746F6D004EFE
:100DC000796C6F6E504100536174696E202000543D
:100DD000657874757200536D6F6F746800486F7436
:100DE000656E642066616E2073706565642069734A
:100DF000206C6F776572207468616E20657870650D
:100E000063746564005072696E742066616E20734D
:100E100070656564206973206C6F776572207468F3
:100E2000616E20657870656374656400312E3000F2
:100E3000312E3500554E4B4E4F574E004C41313000
:100E4000433A204C696E65617220416476616E633D
:100E500065206D6F64653A20004C413130433A2083
:100E600041646A757374656420452D4A65726B3AF6
:100E700020003E0FA8AF00480069960000DF602503
:100E8000555887680427F2E0005E3403CC1960F3FC
:100E90003C0EF88F00DB08029492003E1C079A87F4
:100EA00000E524008528527E06001BE4007E7812AF
:100EB00070787061F812788F88417842707870612C
:100EC000782570787061F850788F88D1F0252707E1
:100ED0008761F025278F88412C0D27AA50D1BC07A8
:100EE00007871161BE788F881141785270787061E0
:100EF000F852788F88412012788870632052788861
:100F000070634852788887430311179970641812E8
:100F100078F870654412F8F8F045184278F8706572
:100F2000182578F87065185278F87065185078F8B8
:100F300070650C078F872365A20F8F8F11450012F4
:100F400006227069001207222749002506227069CF
:100F500000250722274900120622276C026236A2CA
:100F6000706C40456C44704C03622222706C438864
:100F70008888F04C7812BC88806E7852BC88806E6D
:100F800038127888706F78127888874F384278885E
:100F9000706F38257888706F3A0079AC786F3D07AC
:100FA0009AAC786F7850788887EF39497888706F75
:100FB0000852BC8880729852F88F9852201278702C
:100FC000F07348127863875320527870F073485258
:100FD000786387531007870F24731278638724532D
:100FE00060699A988BE22304E4443074104E4443C1
:100FF00024747C12888960753C50888870557825E7
:10100000288960757949088960753C128870707903
:101010000C12885222594412F124F07A4452F124DD
:10102000F07A8C52F0368F5A4420F124F07A004046
:101030001454CDCCCC3D0AD7233C17B7D13877CC4C
:101040002B329595E6241FB14F0A00002041000085
:10105000C84200401C4620BCBE4CCA1B0E5AAEC53E
:101060009D744E414E494E464372617368206465DB
:101070007465637465642E00536F6D652070726FC4
:10108000626C656D20656E636F756E746572656404
:101090002C205A2D6C6576656C696E6720656E66CE
:1010A0006F72636564202E2E2E004D65736820627A
:1010B0006564206C6576656C696E67206661696C35
:1010C00065642E205072696E742063616E63656C76
:1010D00065642E0048656174696E67206469736198
:1010E000626C65642062792073616665747920742E
:1010F000696D65722E0053544F505045442E005078
:10110000415553454420544845524D414C20455289
:10111000524F5200472D636F646520736C6963659D
:101120006420666F72206120646966666572656E10
:1011300074206C6576656C2E20506C65617365203B
:1011400072652D736C69636520746865206D6F64CA
:10115000656C20616761696E2E205072696E742023
:1011600063616E63656C6C65642E00472D636F640C
:101170006520736C6963656420666F72206120640A
:101180006966666572656E74206C6576656C2E2086
:10119000436F6E74696E75653F00472D636F6465BC
:1011A00020736C6963656420666F722061206E65D0
:1011B000776572206669726D776172652E20506C5A
:1011C000656173652075706461746520746865205D
:1011D0006669726D776172652E205072696E742037
:1011E00063616E63656C6C65642E00472D636F648C
:1011F0006520736C6963656420666F722061206E80
:1012000065776572206669726D776172652E20431D
:101210006F6E74696E75653F00472D636F6465205E
:10122000736C6963656420666F722061206469660F
:10123000666572656E74207072696E746572207472
:101240007970652E20506C656173652072652D7311
:101250006C69636520746865206D6F64656C2061DE
:101260006761696E2E205072696E742063616E63CF
:10127000656C6C65642E00472D636F646520736C2C
:101280006963656420666F722061206469666665C3
:1012900072656E74207072696E74657220747970F4
:1012A000652E20436F6E74696E75653F00507265E0
:1012B000737320746865206B6E6F6220746F20708A
:1012C000726568656174206E6F7A7A6C6520616EF4
:1012D0006420636F6E74696E75652E00506C656175
:1012E000736520707265737320746865206B6E6F10
:1012F0006220746F20756E6C6F61642066696C612A
:101300006D656E7400616E64207072657373207415
:101310006865206B6E6F6200496E7365727420663B
:10132000696C616D656E7400436F6C6F72206E6FD7
:101330007420636F72726563740046696C616D65D9
:101340006E74206E6F74206C6F6164656400436816
:10135000616E67656420636F72726563746C790097
:101360004C6F6164696E6720636F6C6F72004368D5
:10137000616E676520737563636573732100506CDC
:1013800065617365206F70656E2069646C6572209D
:10139000616E642072656D6F76652066696C616D43
:1013A000656E74206D616E75616C6C792E0057618D
:1013B000732066696C616D656E7420756E6C6F610B
:1013C00064207375636365737366756C3F00506C5E
:1013D0006561736520757067726164652E004E6586
:1013E00077206669726D77617265207665727369C0
:1013F0006F6E20617661696C61626C653A0057615D
:101400006974696E6720666F722050494E444120AE
:1014100070726F626520636F6F6C696E6700506CED
:10142000656173652077616974004E6F206D6F761A
:10143000652E005761697420666F7220757365723E
:101440002E2E2E00537461626C6520616D62696599
:101450006E742074656D706572617475726520328A
:10146000312D323643206973206E656564656420D2
:1014700061207269676964207374616E64206973A6
:101480002072657175697265642E00506C656173B8
:10149000652072756E2058595A2063616C696272BA
:1014A0006174696F6E2066697273742E0062757361
:1014B000793A2070617573656420666F7220696E79
:1014C00070757400627573793A2070617573656424
:1014D00020666F72207573657200627573793A20A9
:1014E00070726F63657373696E67000000FF43007D
:1014F0008054430000524300000000000080C09A66
:1015000099193E00000000000080C09A99193E0021
:1015100000A0400000A0400000004025336420737C
:101520007465703D253264206D73636E743D25349F
:10153000640A000000FF43008058439AD95143FFDA
:10154000FFFF20413A0020503A002042403A00205C
:10155000403A00202F002054303A00202F00204233
:101560003A00202F00543A00255345786365737381
:1015700069766520626564206C6576656C696E6766
:1015800020636F7272656374696F6E3A20256920FB
:101590006D6963726F6E730A00426564206C6576D4
:1015A000656C696E67206661696C65642E20546F96
:1015B0006F206D75636820766172696174696F6E02
:1015C0002066726F6D20656570726F6D206D65733A
:1015D0006800426564206C6576656C696E6720669C
:1015E00061696C65642E2053656E736F722074722E
:1015F0006967676572656420746F6F20736F6F6EC3
:10160000002020004D6561737572656420706F69FC
:101610006E74733A005A207365617263682068655E
:10162000696768743A20352E3066004E756D205813
:101630002C593A20372C37004D6573682062656459
:10164000206C6576656C696E67206E6F74206163CF
:10165000746976652E0020453A00205A3A002059D8
:101660003A0020453A00205A3A0020593A00583AA8
:1016700000202D3E200053706F6F6C4A6F696E3AE8
:1016800020002C20006673656E736F722076302EFA
:101690003420696E206661756C742072616E6765B6
:1016A00020342E362D3556202D20756E636F6E6ECC
:1016B0006563746564006673656E736F7220696E2E
:1016C00020666F7262696464656E2072616E676520
:1016D00020312E352D3356202D20636865636B2015
:1016E00073656E736F7200496E61637469766974B5
:1016F000792053687574646F776E004B494C4C4584
:10170000442E005072696E7465722068616C746555
:10171000642E206B696C6C28292063616C6C656495
:1017200021005A206C6976652061646A75737420A3
:101730006F7574206F662072616E67652E20536529
:101740007474696E6720746F20302E20436C696357
:101750006B20746F20636F6E74696E75652E005A0E
:10176000206C6976652061646A757374206F757486
:10177000206F662072616E67652E205365747469F0
:101780006E6720746F20300020453A3020423A00C6
:10179000543A004731205A252D2E33662046252DF8
:1017A0002E336600496E76616C6964205420636F45
:1017B00064652E004475706C696361746520542DF6
:1017C000636F64652069676E6F7265642E004164A3
:1017D00076616E6365204B3D004B206F7574206F02
:1017E0006620616C6C6F7765642072616E6765213D
:1017F000004D4B3353004D4B33534D4D5533005E2D
:10180000762E012533642F253364002533640020B0
:101810000A200A200A200025534172632053657470
:1018200074696E67733A20503A4D6178206C656E2A
:10183000677468286D6D2920533A4D696E206C6578
:101840006E67746820286D6D29204E3A436F72725E
:10185000656374696F6E7320523A4D696E207365CB
:10186000676D656E747320463A5365676D656E7477
:10187000732F7365632E0A255320204D3231342097
:1018800050252E32662053252E3266204E256420A8
:10189000522564204625640A00255346696C616D13
:1018A000656E742073657474696E67733A20446959
:1018B0007361626C65640A00255346696C616D65ED
:1018C0006E742073657474696E67733A0A255320C9
:1018D00020204D3230302044252E32660A00255318
:1018E000526574726163743A20533D4C656E67743F
:1018F0006820286D6D2920463A537065656420285C
:101900006D6D2F6D29205A3A205A4C696674202833
:101910006D6D290A25532020204D32303720532564
:101920002E32662046252E3266205A252E32660A31
:1019300025535265636F7665723A20533D4578743E
:101940007261206C656E67746820286D6D29204671
:101950003A537065656420286D6D2F6D290A2553F3
:101960002020204D3230382053252E326620462547
:101970002E32660A25534175746F2D52657472615B
:1019800063743A20533D3020746F20646973616240
:101990006C652C203120746F20696E7465727072D2
:1019A000657420657874727564652D6F6E6C79202E
:1019B0006D6F7665732061732072657472616374F4
:1019C00073206F72207265636F7665726965730A42
:1019D00025532020204D323039205325640A00251C
:1019E000535049442068656174626564207365746E
:1019F00074696E67733A0A25532020204D333034C2
:101A00002050252E32662049252E32662044252E70
:101A100032660A0025535049442073657474696E18
:101A200067733A0A25532020204D3330312050254A
:101A30002E32662049252E32662044252E32660A33
:101A400000255353746570732070657220756E693C
:101A5000743A0A255320204D39322058252E3266FB
:101A60002059252E3266205A252E32662045252EF5
:101A700032660A25535553746570207265736F6C16
:101A80007574696F6E3A200A2553204D3335302026
:101A900058256420592564205A2564204525640A68
:101AA00025534D6178696D756D2066656564726159
:101AB000746573202D206E6F726D616C20286D6DC2
:101AC0002F73293A0A255320204D323033205825D0
:101AD0002E32662059252E3266205A252E32662057
:101AE00045252E32660A25534D6178696D756D2046
:101AF000666565647261746573202D207374656119
:101B00006C746820286D6D2F73293A0A25532020A4
:101B10004D3230332058252E32662059252E32661C
:101B2000205A252E32662045252E32660A25534D31
:101B30006178696D756D20616363656C6572617450
:101B4000696F6E202D206E6F726D616C20286D6D37
:101B50002F7332293A0A255320204D323031205834
:101B6000256C752059256C75205A256C75204525E6
:101B70006C750A25534D6178696D756D20616363DD
:101B8000656C65726174696F6E202D207374656178
:101B90006C746820286D6D2F7332293A0A25532002
:101BA000204D3230312058256C752059256C752018
:101BB0005A256C752045256C750A2553416363656C
:101BC0006C65726174696F6E3A20503D7072696E17
:101BD000742C20523D726574726163742C20543DE4
:101BE00074726176656C0A255320204D32303420A2
:101BF00050252E32662052252E32662054252E3254
:101C0000660A2553416476616E636564207661726D
:101C10006961626C65733A20533D4D696E2066655B
:101C200065647261746520286D6D2F73292C2054B2
:101C30003D4D696E2074726176656C2066656564E1
:101C40007261746520286D6D2F73292C20423D6DC3
:101C5000696E696D756D207365676D656E7420744E
:101C6000696D6520287573292C20583D6D61786950
:101C70006D756D205859206A65726B20286D6D2F27
:101C800073292C20205A3D6D6178696D756D205A3D
:101C9000206A65726B20286D6D2F73292C202045DA
:101CA0003D6D6178696D756D2045206A65726B20A8
:101CB000286D6D2F73290A255320204D3230352091
:101CC00053252E32662054252E32662042256C750F
:101CD0002058252E32662059252E3266205A252E70
:101CE00032662045252E32660A2553486F6D6520E1
:101CF0006F666673657420286D6D293A0A25532036
:101D0000204D3230362058252E32662059252E326D
:101D100066205A252E32660A00544D3A20525B2521
:101D2000755D20657374696D6174652E00544D3A5C
:101D300020255320522025644300544D3A2025533A
:101D40002043206573742E00544D3A20636F6F6CEE
:101D500020646F776E203C25644300726566696E6F
:101D60006500696E697469616C00544D3A20636165
:101D70006C6962722E206661696C65642100544D45
:101D80003A2063616C6962726174696F6E2073746A
:101D900061727400544D3A2043616C2E204E4F54B2
:101DA0002049444C45004361703A25533A25630A63
:101DB0000050525553415F4D4D55320045585445E2
:101DC0004E4445445F4D3230004155544F524550CA
:101DD0004F52545F504F534954494F4E0041555450
:101DE0004F5245504F52545F46414E530041555457
:101DF0004F5245504F52545F54454D50000044657A
:101E00006C6574696F6E206661696C65642C204630
:101E1000696C653A200046696C652064656C657480
:101E200065643A004E6F74205344207072696E747A
:101E3000696E67005072696E742073617665640024
:101E40005344207072696E7420706175736564000C
:101E50002533642F253364004F4B00424144005228
:101E6000414D426F2046414E2000667600746878EE
:101E70000050524E0043524153485F43414E434548
:101E80004C0043524153485F5245434F5645520020
:101E900043524153485F5245434F56455200222812
:101EA00032290025533A2025530A002C204D393081
:101EB0003720452069676E6F726564006E6F20760B
:101EC000616C696420636F6D6D616E64007A657228
:101ED0006F72697A656400666163746F72792072EB
:101EE0006573746F72656400696E6465782C207424
:101EF000656D702C2075737465702C20756D0050A5
:101F0000494E44412063616C207374617475733A67
:101F10002000503A005761697420666F7220504962
:101F20004E4441207461726765742074656D7065FC
:101F30007261747572653A002041002050002042A1
:101F400000204C00205200205A00204E4F542049BF
:101F50004E495449414C495A45440053686565749B
:101F60002000205A2056414C5545204F5554204FB3
:101F7000462052414E474500496E76616C696420A7
:101F800073686565742049442E20416C6C6F7765D9
:101F9000643A20302E2E004155544F004C414E479C
:101FA0002053454C20464F524345440020643A009C
:101FB00020693A0020703A0020643A0020693A0013
:101FC00020703A00256925250A00256925250A0083
:101FD00022283129002F2F00002045585452554403
:101FE00045525F434F554E543A3100204D414348CE
:101FF000494E455F545950453A00312E3000206219
:1020000061736564206F6E204D61726C696E20464D
:1020100049524D574152455F55524C3A687474705D
:10202000733A2F2F6769746875622E636F6D2F7016
:102030007275736133642F50727573612D466972C6
:102040006D776172652050524F544F434F4C5F562D
:10205000455253494F4E3A00313635353266376274
:1020600064005F0038323530002B004649524D572E
:102070004152455F4E414D453A50727573612D4650
:1020800069726D7761726520004D313133205300E4
:102090006F6B200020636D2E00206D696E20005351
:1020A0005441545320006E2F61003F546F73686990
:1020B000626120466C6173684169722047657449AA
:1020C00050206661696C65640A00000125311D0CB1
:1020D0004024301C0B45232F1B0A17FF0406222B1C
:1020E0001A03363735382569206D696E2C2025692D
:1020F0002073656300496E76616C6964204D2063CE
:102100006F64653A2025730A0050494E444120709F
:10211000726F62652063616C6962726174696F6E6F
:10212000207374617274004E6F2050494E444120F8
:10213000746865726D6973746F7200736574006E94
:102140006F7A7A6C65004D424C004652004C7A0022
:102150004C616E6700315F37356D6D5F4D4B3353AA
:102160002D45494E53795F3130612D4533447636E4
:1021700066756C6C0052657600332E31342E312D2D
:10218000383235300046697200534E20696E7661F0
:102190006C696400534E005245534554004D4D55F3
:1021A0005245530075766C6F0046414E0046414ED5
:1021B00050494E54535400505255534100534554C6
:1021C0005F43484F505F005345545F535445505F41
:1021D000005345545F574156455F00544D435F00DF
:1021E00043524153485F43414E43454C00435241A3
:1021F00053485F5245434F5645520043524153485E
:102200005F44455445435445440043524153485F5D
:102210000047312058313020593138302046343091
:102220003030004731205A313020463133303000D1
:102230004D313430205330004D3130342053300094
:10224000473120452D302E30373520463231303061
:10225000004731204634303030004D323034205386
:1022600031303030004731205A3520463732303057
:1022700000473120452D312E352046323130300097
:102280004739300047312058352045342046313019
:102290003030004731205A302E3220463130303035
:1022A000004731205835352045323520463134300D
:1022B0003000473120592D32204631303030004730
:1022C00031205832343020453235202046323230E9
:1022D00030004731205A302E332046313030300024
:1022E00047312058353520453820463230303000CF
:1022F00047312058352045323920463138303000BA
:102300004731205835352045323920463130373372
:102310000047393220453000473238004D313039DE
:10232000004D313930004D3130370048426564206E
:102330006F6E206C6F616400466C617368416972F6
:1023400000546865726D616C204D6F64656C20632C
:10235000616C2E004572723A5052494E54204641EB
:102360004E204552524F52004572723A484F5445E2
:102370004E442046414E204552524F52002F2F616D
:102380006374696F6E3A726573756D6564002F2FA3
:10239000616374696F6E3A726573756D65002F2F96
:1023A000616374696F6E3A7265616479002F2F61A1
:1023B0006374696F6E3A6E6F745F72656164790001
:1023C0002F2F616374696F6E3A63616E63656C0091
:1023D00041786973206C656E67746820646966660D
:1023E0006572656E63653A252E33660A004D656138
:1023F00073757265642061786973206C656E6774AB
:10240000683A252E33660A004F4B004C4344207334
:102410007461747573206368616E6765640053440A
:1024200020636172642072656C6561736564004647
:10243000616B652073657269616C206E756D626594
:102440007200452D636F6F6C206D6F646500414CA9
:102450005446414E206465742E002F2F61637469C9
:102460006F6E3A7374617274004D3834004D3730BA
:1024700032004D3833004732382057004D35303068
:102480000045787465726E616C2053504920666C0B
:102490006173680A58464C415348206973206E6F37
:1024A00074207265732D0A706F6E64696E672E20DA
:1024B0004C616E67756167650A737769746368203C
:1024C000756E617661696C61626C652E0058464C70
:1024D000415348206E6F7420726573706F6E64692B
:1024E0006E672E00465720637261736820646574BE
:1024F00065637465642120596F752063616E206384
:102500006F6E74696E7565207072696E74696E673E
:102510002E20446562756720646174612061766174
:10252000696C61626C6520666F7220616E616C79A6
:102530007369732E20436F6E7461637420737570BA
:10254000706F727420746F207375626D697420648B
:10255000657461696C732E002F2F616374696F6EEF
:102560003A64756D705F617661696C61626C65007B
:1025700043726173684465746563742044495341D0
:10258000424C4544004372617368446574656374EA
:1025900020454E41424C45442100486F74656E64AD
:1025A0002066616E20747970653A20002020506C9E
:1025B000616E6E65724275666665724279746573A6
:1025C0003A20002046726565204D656D6F72793A3C
:1025D0002000207C20417574686F723A2000204CE6
:1025E00061737420557064617465643A20002053EF
:1025F0006F66747761726520526573657400205749
:1026000061746368646F672052657365740020426B
:10261000726F776E206F7574205265736574002039
:1026200045787465726E616C2052657365740050F4
:102630006F7765725570006572726F72207772697C
:1026400074696E6720746F2066696C6500446F6EF4
:102650006520736176696E672066696C652E006F10
:102660006B0046696C616D656E74004D65617375D4
:1026700072656420736B6577733A20256620256642
:102680000A0046697474696E67206661696C6564E6
:10269000203D3E2063616C6962726174696F6E20D7
:1026A0006661696C65642E0A0043616C69627261DF
:1026B00074696F6E20737563636573732E0A0041CE
:1026C0006C6C20342063616C6962726174696F6E36
:1026D00020706F696E747320666F756E642E0A00C9
:1026E000312F3400312F3400312F39001000C9024E
:1026F00010012C014001220170011801B0010E01EE
:10270000F00104015002FA00B002F0003003E600CC
:10271000D003DC009004D2007005C800A006BE0003
:102720000008B400B009AA00D00BA000600E96000B
:1027300060118C000015820020197800C01D6E0009
:10274000A0226400B0275A00902C500000314600AF
:10275000E0343C0010383200903A2800603C1E0003
:10276000A03D1400803E0A00203F000058595A2026
:1027700063616C6962726174696F6E20616C6C2058
:1027800072696768742E20536B65772077696C6C6B
:1027900020626520636F7272656374656420617581
:1027A000746F6D61746963616C6C792E0058595A4D
:1027B0002063616C6962726174696F6E20616C6C18
:1027C0002072696768742E20582F592061786573CC
:1027D0002061726520736C696768746C7920736B13
:1027E000657765642E20476F6F64206A6F622100F1
:1027F00058595A2063616C6962726174696F6E2006
:102800006F6B2E20582F5920617865732061726597
:102810002070657270656E646963756C61722E20DC
:10282000436F6E67726174756C6174696F6E73214A
:1028300000436865636B73004E6F7A7A6C65206441
:102840002E00416C7068616265740054696D6500AA
:10285000536F727400534420636172640052506974
:1028600020706F7274004C696E2E20636F727265F7
:102870006374696F6E004E6F7A7A6C65206368616D
:102880006E6765004857205365747570004C6F6122
:1028900064696E6720546573740044697361626C87
:1028A00065207374657070657273004D6F76652076
:1028B000617869730054656D7065726174757265D5
:1028C0000050494E44412063616C2E00526573658F
:1028D000742058595A2063616C6962722E00504905
:1028E000442063616C6962726174696F6E00426555
:1028F00064206C6576656C20636F7272656374002A
:102900004D65736820426564204C6576656C696E20
:10291000670043616C696272617465205A004361AB
:102920006C6962726174652058595A0053656C660F
:10293000746573740042656C742074657374005719
:10294000697A617264004C6F616420416C6C005064
:102950006C656173652070756C6C206F7574206692
:10296000696C616D656E7420696D6D656469617413
:10297000656C790052657365740052656E616D65B2
:10298000004669727374206C617965722063616CB2
:102990002E0053656C65637400537465656C207319
:1029A000686565747300537570706F72740046616A
:1029B000696C207374617473204D4D5500466169D4
:1029C0006C207374617473005374617469737469F7
:1029D00063730043616C6962726174696F6E004178
:1029E00075746F4C6F61642066696C616D656E749F
:1029F000004C6F61642066696C616D656E74005592
:102A00006E6C6F61642066696C616D656E74004CFC
:102A10006F616420746F206E6F7A7A6C65005072FB
:102A2000656C6F616420746F204D4D55004E6F20B2
:102A300053442063617264005072696E7420667240
:102A40006F6D20534400436C65617220544D2065C6
:102A500072726F7200526573756D65207072696E67
:102A600074005061757365207072696E74005365EF
:102A70007420526561647900536574206E6F742010
:102A800052656164790050726568656174005475BF
:102A90006E65004C6976652061646A757374205AAE
:102AA0000052657072696E7400496E666F207363C0
:102AB0007265656E004272696768746E6573730053
:102AC0004173736973740053696C656E74004F6E63
:102AD0006365004C6F756400536F756E64004669E2
:102AE0006C2E2073656E736F72004368616E67654C
:102AF0002066696C616D656E7400466C6F7700537B
:102B000070656564004E2F41004D61676E6574739A
:102B100020636F6D702E005A2D70726F6265206E8B
:102B2000722E004D6573680044696D0042726967DA
:102B30006874004175746F0054696D656F75740039
:102B40004C6576656C2044696D6D6564004C6576F6
:102B5000656C204272696768740053657474696EAD
:102B600067730053746F70207072696E74004368ED
:102B700065636B696E672066696C650046696C65A4
:102B800020696E636F6D706C6574652E20436F6E87
:102B900074696E756520616E797761793F00845242
:102BA000656672657368004D61696E00496E736594
:102BB0007274207468652066696C616D656E74203E
:102BC00028646F206E6F74206C6F616420697429B3
:102BD00020696E746F2074686520657874727564FE
:102BE000657220616E64207468656E207072657312
:102BF0007320746865206B6E6F622E0053656E7370
:102C00006F722076657269666965642C2072656DE5
:102C10006F7665207468652066696C616D656E7499
:102C2000206E6F772E0056657269666963617469FC
:102C30006F6E206661696C65642C2072656D6F76BD
:102C400065207468652066696C616D656E742061CD
:102C50006E642074727920616761696E2E00506C19
:102C60006561736520636865636B207468652049DE
:102C7000522073656E736F7220636F6E6E6563743E
:102C8000696F6E2C20756E6C6F61642066696C6173
:102C90006D656E742069662070726573656E742E42
:102CA00000506C6561736520756E6C6F6164207493
:102CB00068652066696C616D656E74206669727303
:102CC000742C207468656E20726570656174207460
:102CD00068697320616374696F6E2E00576169744F
:102CE000696E6720666F72206E6F7A7A6C652061FC
:102CF0006E642062656420636F6F6C696E67005359
:102D0000656C6674657374204F4B0053656C667414
:102D1000657374207374617274005072696E7420EC
:102D200066616E3A00486F74656E642066616E3A43
:102D30000043616C6962726174696E6720686F6DCF
:102D40006500416C6C20636F727265637400436848
:102D500065636B696E672073656E736F7273004392
:102D60006865636B696E6720686F74656E640043A5
:102D70006865636B696E67206265640043686563BC
:102D80006B696E67205A20617869730043686563D8
:102D90006B696E67205920617869730043686563C9
:102DA0006B696E67205820617869730043686563BA
:102DB0006B696E6720656E6473746F707300436136
:102DC00072642072656D6F766564004261636B00AA
:102DD000537465616C746800437261736820646544
:102DE000742E004E6F726D616C004D6F6465005300
:102DF0007472696374005761726E004E6F6E650085
:102E0000486F74656E64206174203238304321202D
:102E10004E6F7A7A6C65206368616E6765642061C5
:102E20006E64207469676874656E656420746F20D1
:102E300073706563733F00466F722061204E6F7A36
:102E40007A6C65206368616E676520706C6561737C
:102E50006520726561640A70727573612E696F2FE7
:102E60006E6F7A7A6C652D6D6B3373005049442018
:102E700063616C2E2066696E6973686564005049F1
:102E8000442063616C2E005072696E74207061750D
:102E9000736564005072696E742061626F7274654C
:102EA00064004E6F7A7A6C65206469616D65746543
:102EB0007220646966666572732066726F6D207435
:102EC000686520472D636F64652E20506C656173C3
:102ED0006520636865636B207468652076616C7536
:102EE0006520696E2073657474696E67732E205057
:102EF00072696E742063616E63656C6C65642E002C
:102F00004E6F7A7A6C65206469616D6574657220B4
:102F1000646966666572732066726F6D2074686599
:102F200020472D636F64652E20436F6E74696E7544
:102F3000653F005468657265206973206E6F206676
:102F4000696C616D656E74206C6F616465642E20C0
:102F50005072696E742063616E63656C6C65642E7B
:102F6000005468657265206973206E6F2066696C15
:102F7000616D656E74206C6F616465642E20436FB3
:102F80006E74696E75653F004D4B335320666972F0
:102F90006D77617265206465746563746564206F24
:102FA0006E204D4B33207072696E74657200426CF6
:102FB00061636B6F7574206F636375727265642EE5
:102FC000205265636F766572207072696E743F007F
:102FD000546865726D616C206D6F64656C206E6FF6
:102FE000742063616C6962726174656420796574D0
:102FF0002E005468657265206973207374696C6C67
:103000002061206E65656420746F206D616B6520A2
:103010005A2063616C6962726174696F6E2E205010
:103020006C6561736520666F6C6C6F772074686582
:10303000206D616E75616C2C2063686170746572BF
:103040002046697273742073746570732C207365E5
:103050006374696F6E2043616C6962726174696F39
:103060006E20666C6F772E005072696E74657220E8
:10307000686173206E6F74206265656E2063616C99
:1030800069627261746564207965742E20506C6584
:1030900061736520666F6C6C6F7720746865206D56
:1030A000616E75616C2C2063686170746572204676
:1030B000697273742073746570732C207365637404
:1030C000696F6E2043616C6962726174696F6E2012
:1030D000666C6F772E0053656C6674657374207729
:1030E000696C6C2062652072756E20746F2063615C
:1030F0006C69627261746520616363757261746585
:103100002073656E736F726C657373207265686F80
:103110006D696E672E004F6C642073657474696E00
:10312000677320666F756E642E2044656661756CEA
:1031300074205049442C2045737465707320657465
:10314000632E2077696C6C206265207365742E0095
:103150005761726E696E673A20626F746820707290
:10316000696E746572207479706520616E64206D7B
:103170006F74686572626F61726420747970652023
:103180006368616E6765642E005761726E696E6771
:103190003A207072696E746572207479706520636C
:1031A00068616E6765642E005761726E696E673A7A
:1031B000206D6F74686572626F61726420747970DB
:1031C00065206368616E6765642E00546573746979
:1031D0006E672066696C616D656E74005368656525
:1031E00074004E6F74207370696E6E696E67005361
:1031F00070696E6E696E670046616E2074657374E7
:103200000053656C6674657374206661696C6564EF
:10321000002573206C6576656C2065787065637435
:1032200065640046616C73652074726967676572D6
:10323000696E670046696C616D656E742073656EBA
:10324000736F7200537761707065640046726F6EC1
:10325000742F6C6566742066616E730041786973C3
:103260000041786973206C656E677468004C6F6FFD
:1032700073652070756C6C6579004C6566742068A8
:103280006F74656E642066616E3F0046726F6E7487
:10329000207072696E742066616E3F00456E6473C3
:1032A000746F70206E6F742068697400456E64736B
:1032B000746F70004D6F746F7200456E6473746F3D
:1032C000707300576972696E67206572726F720061
:1032D0004265642F486561746572004E6F742063A7
:1032E0006F6E6E6563746564004865617465722F06
:1032F000546865726D6973746F7200506C656173A8
:103300006520636865636B3A0053656C667465732A
:1033100074206572726F72210053656C656374204E
:1033200066696C616D656E743A0058595A20636124
:103330006C6962726174696F6E206661696C656444
:103340002E2052696768742066726F6E7420636104
:103350006C6962726174696F6E20706F696E74203F
:103360006E6F7420726561636861626C652E0058CF
:10337000595A2063616C6962726174696F6E20666C
:1033800061696C65642E2046726F6E742063616C97
:103390006962726174696F6E20706F696E747320F8
:1033A0006E6F7420726561636861626C652E00588F
:1033B000595A2063616C6962726174696F6E20662C
:1033C00061696C65642E20506C6561736520636F64
:1033D0006E73756C7420746865206D616E75616CB8
:1033E0002E0058595A2063616C6962726174696F6A
:1033F0006E20636F6D70726F6D697365642E2052FD
:10340000696768742066726F6E742063616C6962AC
:10341000726174696F6E20706F696E74206E6F7464
:1034200020726561636861626C652E0058595A208C
:1034300063616C6962726174696F6E20636F6D7035
:10344000726F6D697365642E2046726F6E742063AF
:10345000616C6962726174696F6E20706F696E74FD
:1034600073206E6F7420726561636861626C652E93
:103470000058595A2063616C6962726174696F6E99
:10348000206661696C65642E204265642063616C0E
:103490006962726174696F6E20706F696E742077F3
:1034A0006173206E6F7420666F756E642E00506CB1
:1034B000656173652072656D6F76652073746565EF
:1034C0006C2073686565742066726F6D2068656135
:1034D000746265642E00506C6561736520706C6168
:1034E000636520737465656C207368656574206F0F
:1034F0006E20686561746265642E00497320737480
:1035000065656C207368656574206F6E2068656101
:10351000746265643F0044697374616E6365206220
:1035200065747765656E20746970206F66207468B5
:1035300065206E6F7A7A6C6520616E6420746865B0
:1035400020626564207375726661636520686173CB
:10355000206E6F74206265656E20736574207965D6
:10356000742E20506C6561736520666F6C6C6F778C
:1035700020746865206D616E75616C2C20636861D4
:103580007074657220466972737420737465707309
:103590002C2073656374696F6E20466972737420A2
:1035A0006C617965722063616C6962726174696FC4
:1035B0006E2E00506C6163652061207368656574D0
:1035C000206F6620706170657220756E6465722070
:1035D000746865206E6F7A7A6C6520647572696EA6
:1035E00067207468652063616C6962726174696FD9
:1035F0006E206F66206669727374203420706F6964
:103600006E74732E20496620746865206E6F7A7A16
:103610006C652063617463686573207468652070ED
:10362000617065722C20706F776572206F666620FE
:10363000746865207072696E74657220696D6D655D
:1036400064696174656C792E0053656172636869A1
:103650006E67206265642063616C6962726174697F
:103660006F6E20706F696E74004D6561737572695D
:103670006E67207265666572656E63652068656950
:10368000676874206F662063616C69627261746937
:103690006F6E20706F696E7400506C656173652089
:1036A000636C65616E20746865206E6F7A7A6C65F4
:1036B00020666F722063616C6962726174696F6EFB
:1036C0002E20436C69636B207768656E20646F6E93
:1036D000652E004175746F20686F6D6500457870C8
:1036E0006572696D656E74616C004673656E736FAB
:1036F0007220446574656374696F6E00302E3830D3
:1037000000302E363000302E343000302E3235006E
:1037100044697361626C65206661726D206D6F64CF
:1037200065005265736574204D4D55004D4D550033
:103730004D3434004739390044697361626C652047
:103740006661726D206D6F64653F004732382058A6
:1037500059004D20383400852E2E00593A20257509
:10376000202D3E202E2E2E00583A202575202D3E4D
:10377000202E2E2E0046696C616D656E7420736577
:103780006E736F7220626F617264206368616E672E
:10379000652064657465637465643A207265766952
:1037A00073696F6E25530A004D65617375726564A8
:1037B0002066696C616D656E742073656E736F72DF
:1037C000206C6F77206C6576656C3A2025342E323C
:1037D00066560A004D656173757265642066696C92
:1037E000616D656E742073656E736F7220686967B2
:1037F00068206C6576656C3A2025342E3266560A50
:10380000002533642F30002533642F3000256320DA
:1038100041584953205347313D25640A00486F748D
:10382000656E6400426564005A00590058002D2DF1
:103830002D2D2D2D2D2D2D2D2D2D2D2D2D2D2D2DB8
:103840002D2D00435A5058496E76616C696453655A
:103850007269616C4E72004D393134004D39313529
:1038600000262340223822302223221122473120F1
:10387000582564205925642045252D2E356600479E
:1038800031204631303830004731205A252D2E3333
:1038900066204637323030004731205835302059C5
:1038A00031353500112380227224712265225A227B
:1038B00051224731205825642045252D2E3366207E
:1038C0004631303030000023F022E022D222112392
:1038D000BF22B222A12293228422542564004731C0
:1038E000205A302E342046313030300047312059B4
:1038F0002D3320463130303000262321231C23185D
:103900002311234D3834205859004D31303920537C
:103910003238300047312058313235205A32303079
:10392000204631303030004D333130204120463197
:1039300000473120583132352059313035205A3145
:1039400020463830303000496E76616C6964205012
:1039500049442063616C2E20726573756C74732EFC
:10396000204E6F742073746F72656420746F2045ED
:103970004550524F4D2E004D3330312050252E32C0
:10398000662049252E32662044252E3266004D33AE
:1039900030332045302053253375005243004445D1
:1039A00056004245544100414C504841000000211E
:1039B00000240027002A002D003000330001010000
:1039C00000040107010A0100002200250028002B45
:1039D000002E003100340002010000050108010B37
:1039E00001000020002300260029002C002F0032B7
:1039F0000000010000030106010901050505050796
:103A00000508080808020202020A0A080804040459
:103A10000401010101010101010303030303030385
:103A200003040707070C0C0C0C0C0C0C0C02020214
:103A30000206060606060606060B0B0B0B0B0B0B07
:103A40000B07070A0A0A0A0A0A05050504040408FE
:103A50000801021020200808102040102040800299
:103A600001020108040201010204081020408080C4
:103A70004020100804020180040201804020100848
:103A80000402010804020101020408102040800120
:103A90000204081020408010080408801020400410
:103AA0004080102040048000000A0B02090C0D0E1B
:103AB00008070304010000000000000000000000EF
:103AC00000000000000000000000000000000000F6
:103AD00000000012111000000000000000000000B3
:103AE00000000000000000000000000000000000D6
:103AF00000000000000000000000000000332E3134
:103B0000342E31000A204F726967696E616C205053
:103B1000727573612069330A2020205072757361B9
:103B20002052657365617263680A2532302E323027
:103B30005300435A5058003B530053706F6F6C4A08
:103B40006F696E20697320006164635F696E6974D8
:103B500000200A200A200A2000416C6C2044617475
:103B600061005365727669636520707265700053F9
:103B700068697070696E6720707265700053746157
:103B800074697374696373004C616E67756167650E
:103B90000045524153494E4720616C6C206461746A
:103BA0006100466163746F72792052455345540039
:103BB00050525553413344465700494E5434000344
:103BC000000E000100400003000200000004004E4F
:103BD0004F4354554100414C5446414E00556E6B85
:103BE0006E6F776E00323032362D30342D32342005
:103BF00030393A35313A35370020332E31342E31D1
:103C00002D383235305F31363535326637626400F3
:103C1000737461727400534E207570646174652012
:103C20006661696C656400534E20757064617465EB
:103C30006400435A50580043524153485F4445542E
:103C4000454354454458590043524153485F444505
:103C5000544543544544590043524153485F4445F9
:103C600054454354454458004D323900252D392ED2
:103C700039535B00544D20657374696D6174696FCD
:103C80006E20646964206E6F7420636F6E76657257
:103C9000676500544D20697465723A257520763A3F
:103CA000252E326620653A252E33660A00333329E5
:103CB00042000058419A998D4133335340200A20E5
:103CC0000A20004D4D55323A004D6561737572659D
:103CD0002063656E74657220200078797A63616C68
:103CE0005F6D6561737572655F656E7465720A00FC
:103CF00078797A63616C5F73706972616C38206384
:103D0000783D25642063793D2564207A303D256423
:103D100020647A3D2564207261646975733D256471
:103D20002061643D25640A0078797A63616C5F7371
:103D300065617263685A206E6F207369676E616C8B
:103D40000A20783D256C6420793D256C64207A3DFD
:103D5000256C640A00204F4E2D5349474E414C209C
:103D6000617420783D256420793D2564207A3D25C5
:103D7000642061643D25640A0078797A63616C5F30
:103D80007365617263685A20783D256C6420793DC3
:103D9000256C64207A3D256C640A00253032780059
:103DA000205B25662025665D206D6D207061747432
:103DB00065726E2063656E7465720A00205B25660D
:103DC0002025665D5B25665D206D6D2064697665E6
:103DD0007267656E63650A000000F000F801FC037D
:103DE000FE07FE07FE07FE07FC03F801F0000000D7
:103DF00000000000F000F801FC03FC03FC03FC03DE
:103E0000F801F0000000000078797A63616C5F6D62
:103E10006561737572655F6C656176650A00203C4B
:103E200020005741524E494E473A2046726F6E74F9
:103E300020706F696E74206E6F74207265616368A4
:103E400061626C652E205920636F6F7264696E61C8
:103E500074653A0000000040410000C04000005C72
:103E6000430000C04000005C4300004643000040A7
:103E7000410000464325642F340049746572617423
:103E8000696F6E3A200043616C6962726174696F98
:103E90006E206661696C65642120436865636B20F0
:103EA000746865206178657320616E642072756E38
:103EB00020616761696E2E004D494E54454D50207A
:103EC000424544206669786564004D494E54454D2D
:103ED0005020484F54454E4420666978656400245C
:103EE000F4D43050C38E20C2A24017828B701112BE
:103EF0007A910D816CD90AA861E108C758660761FB
:103F00005143061E4B5D05C145A7041A4111040922
:103F10003D9803713931034036DB0265339102D499
:103F2000305402802E1D02632CEE01752AC501B0AB
:103F300028A001102781018F2564012B244B01E06B
:103F4000223401AC211F018D200D01801FFC008453
:103F50001EED00971DDF00B81CD200E61BC6002036
:103F60001BBC00641AB200B219A8000A19A0006AAA
:103F7000189900D117910040178B00B516840031B5
:103F8000167E00B31579003A157300C7146F0058F8
:103F9000146A00EE1366008813630025135E00C7E1
:103FA000125B006C12570015125400C111510070C1
:103FB000114F0021114B00D61049008D10470046CB
:103FC00010440002104200C00F4000800F3E00422B
:103FD0000F3C00060F3B00CB0E3800930E37005C01
:103FE0000E3500270E3400F30D3200C10D31009064
:103FF0000D3000600D2E00320D2D00050D2C00D966
:104000000C2B00AE0C2900850C29005C0C27003518
:104010000C27000E0C2600E80B2400C40B2400A083
:104020000B23007D0B23005A0B2100390B210018B4
:104030000B2000F80A1F00D90A1E00BB0A1E009DB3
:104040000A1D00800A1D00630A1C00470A1B002C81
:104050000A1B00110A1A00F7091A00DD091900C429
:10406000091900AB091900920917007B09180063B0
:104070000917004C09160036091600200916000A17
:10408000091500F5081500E0081400CC081400B864
:10409000081400A4081400900813007D0812006B97
:1040A00008130058081200460812003408110023B3
:1040B0000811001208110001081100F0071000E0BB
:1040C000071000D0071000C0071000B0070F00A1B4
:1040D00007100091070E0083070F0074070F00659B
:1040E000070E0057070E0049070E003B070D002E74
:1040F000070E0020070D0013070D0006070D00F93D
:10410000060C00ED060D00E0060C00D4060C00C8FD
:10411000060C00BC060C00B0060C00A4060B0099AF
:10412000060C008D060B0082060B0077060B006C58
:10413000060B0061060A0057060B004C060A0042F7
:10414000060A0038060A002E060A0024060A001A8B
:10415000060A001006090007060A00FD050900F41A
:10416000050900EB050900E2050900D9050900D0A1
:10417000050900C7050900BE050900B5050800AD21
:10418000050800A50509009C050800940508008C99
:10419000050800840508007C050800740508006C0B
:1041A000050700650508005D050700560508004E77
:1041B00005070047050700400508003805070031DE
:1041C0000507002A050700230507001C0506001641
:1041D0000507000F0507000805060002050700FB9C
:1041E000040600F5040700EE040600E8040600E2F9
:1041F000040700DB040600D5040600CF040600C94E
:10420000040600C3040600BD040600B7040600B19E
:10421000040500AC040600A6040600A00405009BEB
:1042200004060095040500900406008A0405008534
:10423000040500800406007A04050075040500707A
:104240000405006B04050066040500610405005CBC
:1042500004050057040500520405004D04050048FC
:10426000040500430405003E0404003A040500353B
:10427000040500300404002C040500270404002376
:104280000405001E0404001A0404001604050011AD
:104290000404000D040400090405000404040000E3
:1042A000040400FC030400F8030400F4030400F019
:1042B000030400EC030400E8030400E4030400E04A
:1042C000030400DC030400D8030400D4030400D07A
:1042D000030400CC030400C8030300C50303002447
:1042E000F404D9201BC40C5C0E9804C4095F026559
:1042F000077101F405F900FB04B30048048700C10D
:104300000369005803550003034500BE023A0084C8
:1043100002310053022A002902250004022000E491
:10432000011C00C8011900AF011700980114008496
:10433000011300710110006101100051010E0043D2
:10434000010D0036010B002B010B0020010B0015A5
:104350000109000C01090003010800FB000800F33B
:10436000000800EB000700E4000600DE000600D8AD
:10437000000600D2000600CC000500C7000500C200
:10438000000500BD000400B9000400B5000400B140
:10439000000400AD000400A9000400A5000300A271
:1043A0000003009F0004009B000300980003009599
:1043B00000020093000300900003008D0002008BB8
:1043C00000030088000200860002008400030081D0
:1043D0000002007F0002007D0002007B00020079E5
:1043E00000020077000100760002007400020072F3
:1043F000000100710002006F0002006D0001006CFE
:104400000002006A00010069000200670001006606
:10441000000100650001006400020062000100610B
:10442000000100600001005F0002005D0001005C0F
:104430000001005B0001005A000100590001005812
:104440000001005700010056000100550001005412
:104450000001005300000053000100520001005110
:10446000000100500001004F0001004E0000004E0E
:104470000001004D0001004C0001004B0000004B0A
:104480000001004A00010049000100480000004806
:104490000001004700010046000000460001004501
:1044A00000000045000100440001004300000043FB
:1044B00000010042000000420001004100000041F4
:1044C000000100400001003F0000003F0001003EED
:1044D0000000003E0001003D0000003D0001003CE6
:1044E0000000003C0000003C0001003B0000003BDD
:1044F0000001003A0000003A0001003900000039D4
:1045000000010038000000380000003800010037CA
:1045100000000037000100360000003600000036C1
:1045200000010035000000350000003500010034B6
:1045300000000034000000340001003300000033AC
:1045400000000033000100320000003200000032A1
:104550000001003100000031000000310001003096
:1045600000000030000000300001002F0000002F8C
:104570000000002F0000002F0001002E0000002E80
:104580000000002E0001002D0000002D0000002D75
:104590000000002D0001002C0000002C0000002C69
:1045A0000000002C0001002B0000002B0000002B5D
:1045B0000000002B0001002A0000002A0000002A51
:1045C0000000002A00010029000000290000002945
:1045D0000000002900000029000100280000002838
:1045E000000000280000002800000028000100272B
:1045F000000000270000002700000027000000271F
:104600000001002600000026000000260000002611
:104610000000002600010025000000250000002504
:1046200000000025000000250000002500010024F6
:1046300000000024000000240000002400000024EA
:1046400000010023000000230000002300000023DD
:1046500000000023000000230000002300010022CE
:1046600000000022000000220000002200000022C2
:1046700000000022000100210000002100000021B4
:1046800000000021000000210000002100000021A6
:104690000001002000000020000000200000002099
:1046A000000000200000002000000020000000208A
:1046B0000001001F0000001F0000001F0000001F7D
:1046C0000000001F0000001F0000001F0001001E6E
:1046D0000000001E0000001E0000001E0000005030
:1046E0004944204175746F74756E652066696E6902
:1046F00073686564212050757420746865206C614E
:104700007374204B702C204B6920616E64204B64C5
:1047100020636F6E7374616E74732066726F6D20A8
:1047200061626F766520696E746F20436F6E666993
:104730006775726174696F6E2E680050494420413C
:1047400075746F74756E65206661696C656421208F
:1047500074696D656F75740020403A00543A0042E8
:104760003A00504944204175746F74756E65206637
:1047700061696C6564212054656D70657261747542
:10478000726520746F6F206869676800204B643A17
:104790002000204B693A2000204B703A2000204333
:1047A0006C61737369632050494420002054753A4A
:1047B0002000204B753A2000206D61783A200020BF
:1047C0006D696E3A200020643A20002062696173AE
:1047D0003A2000504944204175746F74756E65200D
:1047E000737461727400504944204175746F74751C
:1047F0006E65206661696C65642E20426164206587
:1048000078747275646572206E756D6265722E00C3
:10481000544D4C20256420256420257820256C7873
:1048200020256C780A004D494E54454D50004D49A5
:104830004E54454D5020424544004D494E54454D3F
:104840005020414D42004D415854454D50004D417E
:104850005854454D5020424544004D415854454D13
:104860005020414D4200544D3A206572726F7220C3
:10487000636C656172656400544D3A206572726FB5
:1048800072207472696767657265642100544845D7
:10489000524D414C20414E4F4D414C590052657391
:1048A000756D696E67207072696E740050494E4470
:1048B000412048656174696E670043616C6962728A
:1048C0006174696F6E20646F6E650043616C69622C
:1048D000726174696E67205A0042656420646F6E6D
:1048E00065004265642048656174696E67004865CB
:1048F0006174696E6720646F6E652E00486561742F
:10490000696E67004D4D5520706F77657220666146
:10491000696C73004D4D55206C6F61642066616950
:104920006C73004D4D55206661696C73004D617468
:10493000657269616C206368616E67657300546FAE
:1049400074616C206661696C757265730043726195
:1049500073680046696C2E2072756E6F75747300F3
:10496000506F776572206661696C75726573004C73
:10497000617374207072696E74206661696C7572FF
:10498000657300546F74616C004C617374207072B5
:10499000696E7400416D6269656E7400566F6C7467
:1049A000616765730054656D7065726174757265D9
:1049B000730042656C742073746174757300536581
:1049C0006E736F7220696E666F00457874727564DD
:1049D000657220696E666F0058595A2063616C2EAB
:1049E0002064657461696C73005072696E746572DD
:1049F00020495020416464723A00756E6B6E6F7787
:104A00006E004D4D5520636F6E6E65637465640076
:104A1000446174653A00746F20756E6C6F61642038
:104A200066696C616D656E7400746F206C6F616493
:104A30002066696C616D656E7400507265737320D9
:104A4000746865206B6E6F62005072656865617492
:104A5000696E6720746F20637574005072656865B5
:104A60006174696E6720746F20656A6563740050B5
:104A7000726568656174696E6720746F20756E6C0D
:104A80006F61640050726568656174696E67207457
:104A90006F206C6F616400436F6F6C646F776E00A2
:104AA000456A6563740046696C616D656E74206566
:104AB0007874727564696E6720262077697468203F
:104AC000636F727265637420636F6C6F723F004135
:104AD00075746F6C6F6164696E672066696C616D77
:104AE000656E74206973206163746976652C206A31
:104AF00075737420707265737320746865206B6EB3
:104B00006F6220616E6420696E73657274206669DD
:104B10006C616D656E742E2E2E005072696E74205D
:104B200074696D650046696C616D656E742075739E
:104B3000656400546F74616C207072696E742074C7
:104B4000696D6500546F74616C2066696C616D6598
:104B50006E74005072656865617420746865206EBB
:104B60006F7A7A6C6521004552524F523A00526971
:104B7000676874004C6566740059206469737461D9
:104B80006E63652066726F6D206D696E0053657689
:104B900065726520736B657700536C696768742074
:104BA000736B6577004D6561737572656420736B17
:104BB0006577005B303B305D20706F696E74206FED
:104BC00066667365740041646A757374696E672004
:104BD0005A00526561722073696465205BE46D5D03
:104BE0000046726F6E7420736964655BE46D5D00EE
:104BF000526967687420736964655BE46D5D004C9D
:104C00006566742073696465205BE46D5D005365BF
:104C1000742074656D70657261747572653A0050C8
:104C2000494E44412063616C6962726174696F6EC0
:104C3000206661696C65640050494E44412063619F
:104C40006C6962726174696F6E2069732066696E47
:104C5000697368656420616E642061637469766558
:104C60002E2049742063616E20626520646973613F
:104C7000626C656420696E206D656E752053657485
:104C800074696E67732D3E50494E44412063616CD8
:104C90002E004578747275646572004D6F766520DC
:104CA0005A004D6F76652059004D6F76652058008B
:104CB000437261736820646574656374696F6E2004
:104CC00063616E0A6265207475726E6564206F6E32
:104CD000206F6E6C7920696E0A4E6F726D616C2068
:104CE0006D6F6465005741524E494E473A0A437210
:104CF00061736820646574656374696F6E0A6469C2
:104D00007361626C656420696E0A537465616C74CA
:104D100068206D6F6465004D6F6465206368616E27
:104D2000676520696E2070726F67726573732E2ECF
:104D30002E00536865657420252E37730A5A206F3C
:104D400066667365743A20252B312E33666D6D0AC5
:104D50002563436F6E74696E75650A2563526573CA
:104D6000657400506C65617365206C6F61642066CA
:104D7000696C616D656E742066697273742E003E95
:104D800043616E63656C0052756E6E696E67205785
:104D9000697A6172642077696C6C2064656C6574F3
:104DA000652063757272656E742063616C696272EE
:104DB0006174696F6E20726573756C747320616EB7
:104DC000642073746172742066726F6D20746865FC
:104DD00020626567696E6E696E672E20436F6E7420
:104DE000696E75653F0050726568656174696E67CC
:104DF000206E6F7A7A6C652E20506C656173652029
:104E0000776169742E00506C6561736520696E73FB
:104E10006572742066696C616D656E7420696E746C
:104E20006F207468652065787472756465722C20D3
:104E30007468656E20707265737320746865206B8A
:104E40006E6F6220746F206C6F61642069742E0035
:104E5000506C6561736520696E7365727420666954
:104E60006C616D656E7420696E746F207468652066
:104E700066697273742074756265206F6620746849
:104E800065204D4D552C207468656E2070726573D9
:104E90007320746865206B6E6F6220746F206C6F76
:104EA00061642069742E005A2063616C69627261CA
:104EB00074696F6E207265636F6D6D656E64656495
:104EC0002E2052756E206974206E6F773F005468F3
:104ED00065207072696E7465722077696C6C2073DE
:104EE00074617274207072696E74696E67206120DB
:104EF0007A69672D7A6167206C696E652E20526F22
:104F00007461746520746865206B6E6F6220756EC5
:104F100074696C20796F75207265616368207468AC
:104F200065206F7074696D616C206865696768746D
:104F30002E20436865636B20746865207069637414
:104F40007572657320696E207468652068616E648F
:104F5000626F6F6B202843616C6962726174696F64
:104F60006E2063686170746572292E0053656C65EC
:104F700063742074656D70657261747572652077F5
:104F800068696368206D61746368657320796F7503
:104F900072206D6174657269616C2E0053656C6579
:104FA000637420612066696C616D656E7420666F44
:104FB0007220746865204669727374204C6179654B
:104FC000722043616C6962726174696F6E20616EF8
:104FD000642073656C65637420697420696E207445
:104FE0006865206F6E2D73637265656E206D656EEA
:104FF000752E004E6F7720492077696C6C206361B5
:105000006C6962726174652064697374616E636552
:10501000206265747765656E20746970206F662004
:10502000746865206E6F7A7A6C6520616E642068A2
:1050300065617462656420737572666163652E00D4
:10504000506C6561736520636865636B206F757272
:105050002068616E64626F6F6B20616E64206669A8
:1050600078207468652070726F626C656D2E2054B4
:1050700068656E20726573756D652074686520576C
:10508000697A617264206279207265626F6F7469F7
:105090006E6720746865207072696E7465722E0088
:1050A000416C6C20697320646F6E652E20486170BE
:1050B0007079207072696E74696E672100596F751E
:1050C0002063616E20616C776179732072657375FE
:1050D0006D65207468652057697A61726420667214
:1050E0006F6D2043616C6962726174696F6E202D0F
:1050F0003E2057697A6172642E00496620796F7587
:105100002068617665206164646974696F6E616CA2
:1051100020737465656C207368656574732C2063F7
:10512000616C69627261746520746865697220706F
:1051300072657365747320696E2053657474696E4B
:105140006773202D204857205365747570202D20DB
:10515000537465656C207368656574732E00506CBC
:105160006561736520636C65616E2068656174625A
:10517000656420616E64207468656E20707265736A
:105180007320746865206B6E6F622E00446F207907
:105190006F752077616E7420746F20726570656121
:1051A00074206C617374207374657020746F207246
:1051B0006561646A7573742064697374616E636594
:1051C000206265747765656E206E6F7A7A6C6520F3
:1051D000616E6420686561746265643F0053656C4C
:1051E000656374206E6F7A7A6C652070726568658D
:1051F00061742074656D7065726174757265207775
:1052000068696368206D61746368657320796F7580
:1052100072206D6174657269616C2E00497320663D
:10522000696C616D656E74206C6F616465643F00CC
:10523000546865726D616C206D6F64656C2063618C
:105240006C2E2074616B657320617070726F782EA4
:10525000203132206D696E732E205365650A70729D
:105260007573612E696F2F746D2D63616C004E6FC5
:105270007720492077696C6C20707265686561746D
:10528000206E6F7A7A6C6520666F7220504C412ECA
:1052900000492077696C6C2072756E207A206361FA
:1052A0006C6962726174696F6E206E6F772E004E4A
:1052B0006F772072656D6F76652074686520746500
:1052C0007374207072696E742066726F6D207374CF
:1052D00065656C2073686565742E00506C6561733C
:1052E000652072656D6F7665207368697070696E90
:1052F000672068656C706572732066697273742EBE
:1053000000492077696C6C2072756E2078797A205C
:1053100063616C6962726174696F6E206E6F772E63
:105320002049742077696C6C2074616B65207570FE
:1053300020746F203234206D696E732E00466972BE
:1053400073742C20492077696C6C2072756E207400
:1053500068652073656C667465737420746F206370
:105360006865636B206D6F737420636F6D6D6F6E16
:1053700020617373656D626C792070726F626C6509
:105380006D732E0048692C204920616D20796F755E
:1053900072204F726967696E616C2050727573611B
:1053A000206933207072696E7465722E20576F7594
:1053B0006C6420796F75206C696B65206D65207455
:1053C0006F20677569646520796F75207468726FE6
:1053D00075676820746865207365747570207072D5
:1053E0006F636573733F0048692C204920616D200D
:1053F000796F7572204F726967696E616C205072A7
:10540000757361206933207072696E7465722E2025
:10541000492077696C6C20677569646520796F75C0
:10542000207468726F75676820612073686F72748A
:105430002073657475702070726F636573732C20B0
:10544000696E20776869636820746865205A2D61E9
:105450007869732077696C6C2062652063616C6980
:105460006272617465642E205468656E2C20796FB9
:10547000752077696C6C20626520726561647920A3
:10548000746F207072696E742E00452D636F727296
:10549000656374005A2D636F727265637400592DD1
:1054A000636F727265637400582D636F7272656307
:1054B0007400506175736500436F6E742E0046531F
:1054C00020416374696F6E00462E206175746F6CA5
:1054D0006F616400462E2072756E6F7574004D4DBD
:1054E00055204D6F646500437574746572004661A4
:1054F0006E207370656564004265640046616E737A
:1055000020636865636B004D6F64656C004E6F7A55
:105510007A6C6500544D3A206572726F72207C255A
:10552000667C3E25660A0070012C0190012701B0BF
:10553000012201C0011D01F0011801100213013008
:10554000020E016002090190020401C002FF000086
:1055500003FA004003F5008003F000D003EB0020C5
:1055600004E6007004E100E004DC004005D700C060
:1055700005D2004006CD00D006C8008007C3003029
:1055800008BE00F008B900C009B400B00AAF00B00E
:105590000BAA00D00CA500000EA000500F9B00C06D
:1055A0001096005012910000148C00C0158700B0B6
:1055B000178200B0197D00D01B7800001E730040D8
:1055C000206E0090226900F024640040275F009064
:1055D000295A00E02B5500102E500020304B0010AF
:1055E000324600E033410090353C00103737007000
:1055F000383200A0392D00B03A2800A03B230060CB
:105600003C1E00103D1900903D1400103E0F00702C
:105610003E0A00C03E0500003F000090137D00B030
:10562000157800F0177300601A6E00F01C6900A076
:105630001F640050225F0020255A00E0275500908B
:105640002A5000202D4B00A02F4600F031410010C1
:10565000343C00F0353700A037320020392D00608F
:105660003A2800703B2300603C1E00203D1900C01A
:105670003D1400403E0F00A03E0A00F03E050040F1
:105680003F0000703FFBFF903FF6FFB03FF1FFC0CF
:105690003FECFFD03FE7FFE03FE2FFF03FDDFFF0F0
:1056A0003FD8FF20484F54454E4420544845524D62
:1056B000414C2052554E41574159002048454154D4
:1056C00042454420544845524D414C2052554E418C
:1056D00057415900544845524D414C2052554E4176
:1056E0005741590042454420544845524D414C20B1
:1056F00052554E415741590020544845524D414C56
:105700002052554E41574159202850524548454155
:105710005420484F54454E44290020544845524D8A
:10572000414C2052554E415741592028505245482E
:105730004541542048454154424544290050524572
:1057400048454154204552524F5200424544205052
:10575000524548454154204552524F5200207472E0
:105760006967676572656421004865617465727375
:10577000207377697463686564206F66662E200005
:105780003A20004572723A200000FF010201000237
:10579000FFFFFE0001FE01FF00506C656173652094
:1057A0007265737461727400544D3A20696E76614B
:1057B0006C696420706172616D65746572732C2010
:1057C00063616E6E6F7420656E61626C6500255357
:1057D00020204D3331302050252E32662055252E85
:1057E00034662056252E32662043252E326620440C
:1057F000252E3466204C25752053257520422575AD
:105800002045252E32662057252E32662054252E1F
:1058100032660A00255320204D333130204925754A
:105820002052252E32660A00546865726D616C2024
:105830004D6F64656C2073657474696E67733A00AC
:105840000000A441333393419A9985413333734126
:105850009A996141CDCC544133334B419A9941419E
:1058600033333B41CDCC344100003041CDCC2C41D1
:105870009A99294166662641333323419A992141F9
:10588000452D6D6F746F722063757272656E742032
:105890007363616C696E6720656E61626C6564003C
:1058A000010808010A0A011414011212746D63320E
:1058B0003133305F686F6D655F656E746572286146
:1058C0007865735F6D61736B3D3078253032782970
:1058D0000A00746D63323133305F686F6D655F65E8
:1058E00078697420746D63323133305F73675F6839
:1058F0006F6D696E675F617865735F6D61736B3D36
:105900003078253032780A00544D432044524956AD
:105910004552204F56455254454D5000486F6C64D7
:105920002063757272656E74207472756E63617433
:10593000656420746F2052756E2063757272656E97
:10594000740025632533642F256481005A25362E83
:1059500032662563005A2020202D2D2D200086251B
:1059600033642525002D2D2D25250025336425257F
:1059700000205344002020200020484F00204652A1
:105980004D2000872D2D3A2D2D20200087253375A1
:105990006820256325630087253032753A2530322B
:1059A0007525632563002F2F616374696F6E3A70EC
:1059B0006175736564002F2F616374696F6E3A704F
:1059C000617573650044756D70206D656D6F7279DA
:1059D0000068656C702E707275736133642E636F2E
:1059E0006D00666F72756D2E707275736133642E03
:1059F000636F6D00707275736133642E636F6D0039
:105A00004D3730310025533A0A2531382E32666D34
:105A1000200A25533A0A2531306C6468202530323B
:105A2000646D2025303264730025533A0A253138DD
:105A30002E32666D200A25533A0A2531306C646493
:105A400020253032646820253032646D0025362EE2
:105A500032666D6D0025530A25530A25533A0A25EF
:105A6000533A0025332E32668100252D31342E31F4
:105A700034533A0A25530A252D31342E3134533A02
:105A800025332E3266810A252D31342E3134533A96
:105A900025332E3266810020203000202031004640
:105AA000494E44410050494E44410057697A617261
:105AB0006420656E642073746174653A2025640AFD
:105AC0000053706F6F6C4A6F696E004669726D7734
:105AD00061726500726573756C742076616C7565B2
:105AE0003A2025640A0020693D25326420636E74E3
:105AF0003D2532642076616C3D2532640A00636C7A
:105B00007573746572733A0020693D2532642073A1
:105B10007465703D2532640A00736F727465642089
:105B200073616D706C65733A005553415254322065
:105B300072782046756C6C212121003A2000252DB9
:105B400031322E313253252D642F36002533642F08
:105B5000252D336400203A200025335300252D37AE
:105B60007300252D31352E313553252D35640A2509
:105B70002D31352E313553252D35640A0025530A34
:105B800020252D31362E313653252D33640A20251C
:105B90002D31362E313653252D33640025530A20FE
:105BA000252D31362E313653252D33640A20252DEF
:105BB00031362E313653252D33640A20252D3136CA
:105BC0002E313653252D33640025530A20252D31DF
:105BD000362E313653252D33640A20252D31362EAD
:105BE000313653252D33640A20252D372E3753584F
:105BF00020252D336420205920252D3364002025B5
:105C00007325336481200A000A204952203A20205B
:105C1000202020202025332E316656002050575258
:105C20003A20202020202025342E3166560A20429A
:105C300045443A20202020202025342E316656006D
:105C400025530A20582025640A2059202564002560
:105C5000752E25752E25752E2575002000200046F1
:105C60006C61736841697220495020416464723AE2
:105C7000004D4D5520202020202020204E2F410077
:105C800025642E25642E2564002046573A00466977
:105C90006C2E2073656E736F7220762E3A00323050
:105CA00032362D30342D3234004533447636667525
:105CB0006C6C0045494E53795F31306100315F377C
:105CC000356D6D5F4D4B33530020486173683A3139
:105CD000363535326637626400205265706F3A554A
:105CE0006E6B6E6F776E0020332E31342E312D386F
:105CF000323530004669726D776172653A00464C04
:105D00004558202D20203234302F353000464C4568
:105D100058202D20203234300050502020202D20BB
:105D2000203235342F3130300050502020202D20AB
:105D3000203235340048495053202D202032323053
:105D40002F3130300048495053202D20203232303E
:105D50000041425320202D20203235352F31303064
:105D60000041425320202D20203235350050412063
:105D700020202D20203237352F393000504120206F
:105D8000202D20203237350050564220202D202053
:105D90003231352F37350050564220202D20203209
:105DA00031350050432020202D20203237352F312F
:105DB00031300050432020202D2020323735004143
:105DC000534120202D20203236302F3130350041F4
:105DD000534120202D2020323630005045542020C1
:105DE0002D20203233302F38350050455420202DBF
:105DF000202032333000504C4120202D20203231E1
:105E0000352F363000504C4120202D2020323135A6
:105E1000006E6F7A7A6C65202D20203235302F305D
:105E2000006661726D2020202D20203235302F3801
:105E30003000252D31322E313253252B382E31664C
:105E40000045787472756465723A002563253137B0
:105E50002E32666D6D00583A00593A005A3A0025C4
:105E600063252D31332E313353252B352E336600E8
:105E70002533750050494E44412063616C6962725C
:105E80006174696F6E206661696C65642E20436F72
:105E90006E74696E756520776974682070726573B9
:105EA00073696E6720746865206B6E6F622E005098
:105EB000494E44412063616C6962726174696F6E1E
:105EC00020646F6E652E20436F6E74696E75652059
:105ED00077697468207072657373696E672074687F
:105EE00065206B6E6F622E00473830004D343500F0
:105EF0004D3435205A00473736004D373031205069
:105F0000300057697A6172642073746174653A2055
:105F100025640A0046656564696E6720746F2046D3
:105F200053656E736F72004D6F76696E672073658F
:105F30006C6563746F7200486F6D696E67005265BF
:105F400074726163742066726F6D2046494E4441DD
:105F500000456A656374696E672066696C616D658A
:105F60006E74005061726B696E672073656C656357
:105F7000746F720052657475726E696E6720736516
:105F80006C6563746F7200506572666F726D696ED6
:105F900067206375740050757368696E6720666961
:105FA0006C616D656E7400507265706172696E67C8
:105FB00020626C6164650053656C656374696E672B
:105FC0002066696C2E20736C6F7400556E6C6F6167
:105FD00064696E672066696C616D656E7400455218
:105FE0005220544D43206661696C656400455252ED
:105FF0002048656C702066696C616D656E74004543
:10600000525220496E7465726E616C004552522086
:106010005761697420666F72205573657200466916
:106020006E697368696E67206D6F76656D656E74F5
:10603000730041766F6964696E67206772696E6488
:106040000046656564696E6720746F206E6F7A7AAA
:106050006C650046656564696E6720746F206578BD
:106060007472756465720046656564696E67207454
:106070006F2046494E444100556E6C6F6164696EF5
:106080006720746F2070756C6C657900556E6C6F4D
:106090006164696E6720746F2046494E4441004434
:1060A0006973656E676167696E672069646C6572A4
:1060B00000456E676167696E672069646C65720090
:1060C0004F4B00554E4B4E4F574E204552524F525C
:1060D0000046494C414D454E54204348414E4745AA
:1060E0000046494C414D454E5420454A4543544590
:1060F0004400554E4C4F4144204D414E55414C4C6F
:10610000590046572052554E54494D45204552524C
:106110004F52004D4D55204657205550444154454F
:10612000204E45454445440051554555452046556A
:106130004C4C00494E56414C494420544F4F4C0062
:1061400046494C2E20414C5245414459204C4F4128
:1061500044454400434F4D4D554E49434154494FEA
:106160004E204552524F52004D4D55204E4F542017
:10617000524553504F4E44494E47004D4D55204DCA
:106180004355204552524F52004D4D552053454CDA
:106190004654455354204641494C454400544D43D0
:1061A000204452495645522053484F5254454400CA
:1061B000544D4320554E444552564F4C544147454B
:1061C0002045525200544D432044524956455220D6
:1061D000524553455400544D43204452495645526C
:1061E000204552524F5200544D43204F564552487D
:1061F000454154204552524F52005741524E494E4C
:106200004720544D4320544F4F20484F5400494499
:106210004C45522043414E4E4F54204D4F56450061
:1062200049444C45522043414E4E4F5420484F4D17
:10623000450053454C4543544F522043414E4E4F29
:1062400054204D4F56450053454C4543544F522022
:1062500043414E4E4F5420484F4D45004C4F414412
:1062600020544F20455854522E204641494C454415
:1062700000494E53504543542046494E4441004640
:1062800053454E534F5220544F4F204541524C5985
:106290000050554C4C45592043414E4E4F54204DD3
:1062A0004F5645004653454E534F522046494C2EBB
:1062B00020535455434B004653454E534F522044B0
:1062C00049444E542054524947472E0046494E44B3
:1062D000412046494C414D2E20535455434B0046D6
:1062E000494E4441204449444E5420545249474762
:1062F0004552004E6F0059657300437574206669FE
:106300006C616D656E7400456A6563742066726FBA
:106310006D204D4D55004C6F6164696E6720666954
:106320006C616D656E74004D4D55205265747279C7
:106330003A20526573746F72696E672074656D7070
:10634000657261747572652E2E2E00536F727469BA
:106350006E672066696C657300536F6D65206669B2
:106360006C65732077696C6C206E6F742062652099
:10637000736F727465642E204D61782E204E6F2EDF
:10638000206F662066696C657320696E2031206617
:106390006F6C64657220666F7220736F7274696EC1
:1063A00067206973203130302E00756E6B6E6F7709
:1063B0006E2073746174650020302E34206F72205B
:1063C0006E657765720020302E33206F72206F6CFF
:1063D000646572004F6666004F6E0078797A63617B
:1063E0006C5F73706972616C322063783D25642044
:1063F00063793D2564207A303D256420647A3D250B
:1064000064207261646975733D25642061643D2573
:10641000640A000A00436F756E74646F776E3A20E9
:106420002564200025640A005363616E20636F7544
:106430006E74646F776E3A20005061747465726E8A
:106440002063656E746572205B25662025665D2C71
:10645000206D6174636820256625250A00205B2570
:10646000662C2025665D5B25665D2066696E616C25
:1064700020636972636C650A00746D633231333076
:106480005F676F746F5F7374657020256420256487
:10649000202564202564200A005072757361204D08
:1064A0004B5F5477696E204F4B2E004D36303000D5
:1064B00053442063617264206F6B006F70656E528D
:1064C0006F6F74206661696C656400766F6C756DC2
:1064D000652E696E6974206661696C656400534459
:1064E00020696E6974206661696C006F70656E204A
:1064F0006661696C65642C2046696C653A200043CE
:10650000616E6E6F7420656E74657220737562645F
:1065100069723A20004D3234004D32332025730029
:10652000E02D903E8988B24111369C3E7777C1417B
:1065300029CBB03EEFEEDA41BA49CC3EEFEEFC415A
:1065400061C3F33EEFEE16429CA2133FCDCC364220
:106550008AB0113FABAA56428863DD3DABAA5642D2
:10656000B8AF433F555572421826533F33B382426A
:10657000302A593FEF6E8642000070C10000C842C9
:106580000000C4C10000A0410000E0C000002041A4
:10659000000060C00000C0400000A0412222F24084
:1065A0000000A0C19A99A14000000CC255550542B7
:1065B00052657365745265747279417474656D7057
:1065C000747300436F6F6C696E672074696D6572D8
:1065D0002073746F70706564004865617465722023
:1065E000636F6F6C646F776E00436F6F6C696E677B
:1065F0002054696D656F757420737461727465647D
:1066000000536176696E6720616E64207061726B01
:10661000696E670048656174657220636F6F6C64B2
:106620006F776E2070656E64696E67005265737572
:106630006D696E672058595A004D4D5532746F6F11
:106640006C3D004D4D55323A0047312058256420AD
:1066500059252D2E32662045252D2E336600577282
:106660006974696E6720746F2066696C653A2000F2
:1066700046696C6520616C7265616479206F706534
:106680006E656400C060B1609F608C607860676018
:106690005360416032601E609F60B1600C60FF5FBC
:1066A000ED5FDE5FCB5F1663B75FA75F965F875FC7
:1066B000745F635F515F3E5F375F275F145F4D36E6
:1066C0003030204155544F0046494E4441206669C0
:1066D0006C616D656E742072756E6F757421004308
:1066E0006F6D6D756E69636174696F6E2074696D2D
:1066F000656F75740050726F746F636F6C204572B4
:10670000726F720003000356657273696F6E206DBD
:1067100069736D6174636800436F6D6D616E6420B1
:106720004572726F7200436F6D6D616E64207265A9
:106730006A6563746564004D4D5520427574746FCD
:106740006E20707573686564005265747279427565
:1067500074746F6E5072657373656400DF62CC622F
:10676000B762A46291627F6271625C624762326268
:1067700020620E62FA61FA61FA61E761E761E7613E
:10678000D661D661D661C561C561C561B061B061D0
:10679000B0619D619D619D618961896189617B6154
:1067A0006861546140613361286113610261F26084
:1067B000E160D160C360427574746F6E00436865B8
:1067C000636B55736572496E7075742D62746E4C8F
:1067D0004D52200046493A202046533A202020209E
:1067E0003E2020822020208100486F74656E642046
:1067F00074656D7065726174757265207265616330
:1068000068656400526573756D696E672054656DC7
:106810007000436F6F6C646F776E20666C616720E9
:10682000636C65617265640020573A0020453A0048
:10683000543A004E6F203078464620726563656991
:106840007665640053656E64696E672030784646ED
:106850000046696C652073656C656374656400202F
:1068600053697A653A200046696C65206F70656EE1
:1068700065643A20004E6F77206672657368206603
:10688000696C653A20004E6F7720646F696E6720EF
:1068900066696C653A20002220706F7300222070B8
:1068A0006172656E743A2200535542524F555449F5
:1068B0004E452043414C4C207461726765743A2206
:1068C00000747279696E6720746F2063616C6C204C
:1068D0007375622D67636F64652066696C657320EC
:1068E0007769746820746F6F206D616E79206C65B4
:1068F00076656C732E002022257322002025236CE0
:1069000078004449525F45584954004449525F4514
:106910004E5445523A20257320222573220A0061E5
:1069200075746F25692E6700041A44656372656D7E
:10693000656E745265747279417474656D707473A8
:1069400000081B1C0B14525354436F6D6D54696D3A
:10695000656F7574002C206C6173742062797465A6
:10696000733A200022206661696C65643A204275A2
:10697000666665722066756C6C21004572726F7276
:106980003A002200456E717565696E6720746F204C
:106990007468652066726F6E743A2022004D4D5502
:1069A000323A006563686F3A003E53302A63362EF0
:1069B000004D4D552069732000556E6578706563F4
:1069C000746564206572726F72206F636375727292
:1069D00065642E004D3630302046696C616D656E01
:1069E00074204368616E67652E204C6F616420617E
:1069F000206E65772066696C616D656E74206F72BC
:106A000020656A65637420746865206F6C64206F0C
:106A10006E652E0052656D6F766520746865206521
:106A20006A65637465642066696C616D656E742067
:106A300066726F6D207468652066726F6E74206F69
:106A40006620746865204D4D552E0046696C616D59
:106A5000656E7420646574656374656420756E6525
:106A6000787065637465646C792E20456E737572F9
:106A700065206E6F2066696C616D656E7420697348
:106A8000206C6F616465642E20436865636B2074BD
:106A900068652073656E736F727320616E64207712
:106AA0006972696E672E00496E7465726E616C2042
:106AB00072756E74696D65206572726F722E2054E6
:106AC000727920726573657474696E672074686585
:106AD000204D4D55206F72207570646174696E672A
:106AE00020746865206669726D776172652E004D4D
:106AF0004D552046572076657273696F6E20697315
:106B000020696E636F6D70617469626C652077696E
:106B10007468207072696E7465722046572E5570C5
:106B20006461746520746F2076657273696F6E207E
:106B3000332E302E332E004D4D55204669726D7721
:106B400061726520696E7465726E616C2065727227
:106B50006F722C20706C656173652072657365744B
:106B600020746865204D4D552E0052657175657312
:106B70007465642066696C616D656E7420746F6FF6
:106B80006C206973206E6F7420617661696C61623C
:106B90006C65206F6E207468697320686172647719
:106BA0006172652E20436865636B207468652047B9
:106BB0002D636F646520666F7220746F6F6C20693F
:106BC0006E646578206F7574206F662072616E67E1
:106BD00065202854302D5434292E0043616E6E6F89
:106BE0007420706572666F726D20746865206163D1
:106BF00074696F6E2C2066696C616D656E742069B6
:106C00007320616C7265616479206C6F6164656486
:106C10002E20556E6C6F61642069742066697273F2
:106C2000742E004D4D55206E6F7420726573706F19
:106C30006E64696E6720636F72726563746C792E1F
:106C400020436865636B2074686520776972696E9C
:106C50006720616E6420636F6E6E6563746F72731C
:106C60002E004D4D55206E6F7420726573706F6EDF
:106C700064696E672E20436865636B2074686520C5
:106C8000776972696E6720616E6420636F6E6E65EE
:106C900063746F72732E004D6F726520646574614A
:106CA000696C73206F6E6C696E652E005468652088
:106CB00049646C65722063616E6E6F7420686F6DDD
:106CC000652070726F7065726C792E204368656301
:106CD0006B20666F7220616E797468696E672062DE
:106CE0006C6F636B696E6720697473206D6F766576
:106CF0006D656E742E0043616E2774206D6F76652E
:106D00002053656C6563746F72206F722049646CE8
:106D100065722E005468652053656C6563746F72EC
:106D20002063616E6E6F7420686F6D652070726F86
:106D30007065726C792E20436865636B20666F7294
:106D400020616E797468696E6720626C6F636B692D
:106D50006E6720697473206D6F76656D656E742E35
:106D6000004C6F6164696E6720746F20657874727F
:106D700075646572206661696C65642E20496E7366
:106D800070656374207468652066696C616D656EFA
:106D900074207469702073686170652E2052656676
:106DA000696E65207468652073656E736F72206309
:106DB000616C6962726174696F6E2C206966206E05
:106DC00065656465642E0053656C6563746F72203D
:106DD00063616E2774206D6F76652064756520741D
:106DE0006F2046494E444120646574656374696E42
:106DF0006720612066696C616D656E742E204D613F
:106E00006B652073757265206E6F2066696C616DAD
:106E1000656E7420697320696E2053656C656374B8
:106E20006F7220616E642046494E444120776F7234
:106E30006B732070726F7065726C792E0046696C8E
:106E4000616D656E742073656E736F722074726904
:106E500067676572656420746F6F206561726C7915
:106E6000207768696C65206C6F6164696E67207457
:106E70006F2065787472756465722E20436865634F
:106E80006B2074686572652069736E277420616E6B
:106E9000797468696E6720737475636B20696E20FE
:106EA0005054464520747562652E20436865636BB7
:106EB00020746861742073656E736F7220726561EF
:106EC00064732070726F7065726C792E0050756CEF
:106ED0006C6579206D6F746F72207374616C6C6572
:106EE000642E20456E737572652074686520707518
:106EF0006C6C65792063616E206D6F766520616EC4
:106F00006420636865636B207468652077697269C3
:106F10006E672E0046696C616D656E742073656ED8
:106F2000736F72206469646E277420737769746369
:106F300068206F6666207768696C6520756E6C6F77
:106F40006164696E672066696C616D656E742E2080
:106F5000456E737572652066696C616D656E74202F
:106F600063616E206D6F766520616E642074686564
:106F70002073656E736F7220776F726B732E00468D
:106F8000696C616D656E742073656E736F722064D9
:106F900069646E2774207472696767657220776808
:106FA000696C65206C6F6164696E67207468652028
:106FB00066696C616D656E742E20456E73757265C1
:106FC000207468652073656E736F72206973206327
:106FD000616C6962726174656420616E64207468BA
:106FE000652066696C616D656E74207265616368A9
:106FF00065642069742E0046494E444120646964EA
:107000006E277420737769746368206F66662077D3
:1070100068696C6520756E6C6F6164696E67206667
:10702000696C616D656E742E2054727920756E6C7A
:107030006F6164696E67206D616E75616C6C792E2D
:1070400020456E737572652066696C616D656E743E
:107050002063616E206D6F766520616E6420464905
:107060004E444120776F726B732E0046494E444167
:10707000206469646E277420747269676765722082
:107080007768696C65206C6F6164696E67207468ED
:10709000652066696C616D656E742E20456E737532
:1070A0007265207468652066696C616D656E742018
:1070B00063616E206D6F766520616E642046494E77
:1070C000444120776F726B732E0044697361626C68
:1070D000650053746F70004C6F616400556E6C6F87
:1070E00061640052657365744D4D5500526574724C
:1070F0007900426564206C6576656C696E67206610
:1071000061696C65642E2053656E736F72206469CB
:10711000646E277420747269676765722E204465F7
:1071200062726973206F6E206E6F7A7A6C653F2091
:1071300057616974696E6720666F72207265736546
:10714000742E0053656E73697469766974790044AE
:107150006F6E65005265636F766572696E67207049
:1071600072696E7400252E3130532000253464007E
:10717000457872656D65207370616E206F6620744E
:107180006865205A2076616C756573210025642F2F
:107190003900312F3900880020746F6F206C6F6EBA
:1071A0006720657874727573696F6E20707265768A
:1071B000656E7465640020636F6C6420657874721A
:1071C0007573696F6E2070726576656E74656400A4
:1071D0004D6F76652061626F7274656400504F5721
:1071E00045522050414E494320444554454354455F
:1071F000440055564C4F202D20656E642025640AAE
:107200000055564C4F5F54494E59202D20656E64F1
:107210002025640A00776F726C6420636F6F72645C
:10722000696E617465733A2028252E33662C2025FB
:107230002E33662C20252E3366290A004D3232303B
:107240002053256400446F6E652072656164696E29
:107250006720454550524F4D0A0054656D70657268
:10726000617475726520526573746F7265640A008B
:1072700047312045252D2E336620463237303000E9
:107280004D4D55323A002533640018010419020AA5
:107290006B70F76F7F6F146FCD6E3D6EC76D616D54
:1072A000146DF66CAC6CF66C976C976C976C976C75
:1072B000976C976C976C976C976C976C976C976CB6
:1072C000976C976C976C976C976C976C976C976CA6
:1072D000976C976C626C236CDB6B6A6B376BEF6A35
:1072E000A76A4B6A146AD469B969010101010101F5
:1072F00001027101710132323203030303030303FC
:1073000003030303030303030303030393932438D7
:107310000393030102560365006600670068006975
:10732000006A006B006C00730074007D007E00C971
:1073300000D300DD00CA00D400DE002D013701417A
:10734000012E01380142012F013901430130013A78
:1073500001440131013B014501320191019201F5E6
:1073600001F601F701F801F901FA01FB01FC0184C2
:1073700003EC704F71E370DC70D770A04A8E2AD294
:1073800070CA70252E3230530A70727573612E697F
:107390006F2F3034256875002055706772616469FD
:1073A0006E672078666C6173680A20446F206E6F88
:1073B0007420646973636F6E6E6563742100773245
:1073C00035783230636C5F63666D0A0077323578EA
:1073D0003230636C5F656E7465720A00737461723B
:1073E000740A007265636F7665725F6D61636869C8
:1073F0006E655F73746174655F61667465725F70FA
:107400006F7765725F70616E69632C20696E697455
:1074100069616C200050525553412075766C6F00A5
:107420004734205330004D313130204E256C7500EB
:107430004D32362053256C75004D313036205325A2
:107440007500473120462564004D383200473932F7
:107450002045252D2E3366004D3230342050252D09
:107460002E31662052252D2E31662054252D2E31A9
:1074700066004731205A252D2E3366005052555351
:1074800041204D424C2056310047312058252D2EA9
:1074900033662059252D2E33662046333030300098
:1074A0002C20666565646D756C7469706C793A0042
:1074B00046656564726174653A0047312045352040
:1074C00046313230004D31303920532564004D3182
:1074D000343020532564004D31303420532564006E
:1074E00047323820582059004731205A252E33661C
:1074F0002046383030007B5B4552523A00332E3103
:10750000342E31005D5B4657523A005D5B54494D65
:107510003A005D5B464E4D3A005D5B46454D3A0094
:107520005D5B5043443A005B5446553A005B505211
:107530004E3A005B50464E3A305D005B4449413A5A
:10754000005D5B4154423A005D5B4154303A005D5E
:107550005B5354423A005B5354303A007B5B5052C9
:107560004E3A355D007B5B50524E3A305D007B5B9E
:1075700050524E3A395D007B5B50524E3A385D00B6
:107580007B5B5245533A305D5B46494C3A007B5B2E
:107590005245533A315D5B46494C3A000000211098
:1075A000422063308440A550C660E770088129916D
:1075B0004AA16BB18CC1ADD1CEE1EFF13112100215
:1075C00073325222B5529442F772D66239931883BD
:1075D0007BB35AA3BDD39CC3FFF3DEE362244334E1
:1075E00020040114E664C774A44485546AA54BB50D
:1075F00028850995EEE5CFF5ACC58DD553367226B5
:1076000011163006D776F6669556B4465BB77AA75C
:1076100019973887DFF7FEE79DD7BCC7C448E55800
:107620008668A7784008611802282338CCC9EDD9AC
:107630008EE9AFF9488969990AA92BB9F55AD44A54
:10764000B77A966A711A500A333A122AFDDBDCCBFC
:10765000BFFB9EEB799B588B3BBB1AABA66C877C20
:10766000E44CC55C222C033C600C411CAEED8FFD4C
:10767000ECCDCDDD2AAD0BBD688D499D977EB66EF4
:10768000D55EF44E133E322E511E700E9FFFBEEF9C
:10769000DDDFFCCF1BBF3AAF599F788F8891A9815E
:1076A000CAB1EBA10CD12DC14EF16FE18010A10048
:1076B000C230E3200450254046706760B983989338
:1076C000FBA3DAB33DC31CD37FE35EF3B102901298
:1076D000F322D2323542145277625672EAB5CBA504
:1076E000A89589856EF54FE52CD50DC5E234C324E8
:1076F000A01481046674476424540544DBA7FAB7D8
:107700009987B8975FE77EF71DC73CD7D326F23637
:107710009106B01657667676154634564CD96DC923
:107720000EF92FE9C899E9898AB9ABA94458654887
:1077300006782768C018E1088238A3287DCB5CDB77
:107740003FEB1EFBF98BD89BBBAB9ABB754A545AD7
:10775000376A167AF10AD01AB32A923A2EFD0FED43
:107760006CDD4DCDAABD8BADE89DC98D267C076C27
:10777000645C454CA23C832CE01CC10C1FEF3EFF17
:107780005DCF7CDF9BAFBABFD98FF89F176E367E77
:10779000554E745E932EB23ED10EF01E7C3C3E3FA1
:1077A0002F2A225C00007102B74911241FBECFEFBF
:1077B000D1E2DEBFCDBF00E00CBF13E0A0E0B2E03D
:1077C000EEE5F4E803E00BBF02C007900D92AA3289
:1077D000B107D9F728E1AAE2B3E001C01D92A132B6
:1077E000B207E1F71BE3C4EDDBE300E006C021973D
:1077F0000109802FFE010F9473BCC33DD10780E0C7
:107800000807A9F70E9427DE0D941DC20C94AD4C09
:107810002F923F924F925F926F927F928F929F92A0
:10782000AF92BF92CF92DF92EF92FF920F931F938E
:10783000CF93DF93CDB7DEB72F970FB6F894DEBFA7
:107840000FBECDBF6C011B015A01FC0117821682CD
:1078500083819E012F5F3F4F490181FDD2C08FEF91
:107860009FEFEEC2F12C512C00E0003238F48B3245
:1078700009F190F48032F9F0833209F107FD34C048
:1078800020ED280F2A3020F506FF1BC0FAE0FF9EEE
:10789000200D1124F22E05C08D3279F0803371F75E
:1078A0000160F10193FD859193FF81911F01811189
:1078B000DCCF1AC002600460F4CF0860F2CF006130
:1078C000F0CF3AE0539E200D1124522E0062E9CFF2
:1078D0008E3221F406FDB1C20064E3CF8C3611F480
:1078E0000068DFCF8836E9F29BEB980F933008F001
:1078F0005FC00061805E06FD02C046E0F42E102FDE
:107900001F73853609F05BC0106417FF61C08F2DAF
:107910009BE39F1508F48BE344244394480E27E02F
:107920003501F4E06F0E711CF50160817181828177
:107930009381042DA4010F941CB85C01F981FC878C
:10794000F0FF03C00DE2F3FF07C00BE211FD04C01E
:10795000012F047012FD00E22C852C70E22E09F438
:107960006BC00111D8C2F3E0E12CF515A0F483E05F
:10797000E52CE81A13FD08C0B60180E290E00F94F0
:10798000CBB9EA94E110F8CF002329F0B601802F9B
:1079900090E00F94CBB93C8526EFA22E25E0B22EC5
:1079A00033FD04C09AEFA92E95E0B92E107122C0C4
:1079B0009BE9980F933008F047C10F7E9CCF863625
:1079C00011F41068A2CFFF2009F49FCFFA949DCF45
:1079D000E7E02F2DEF1518F427E037E0F32E412CC8
:1079E0009FCF11118052B60190E00F94CBB98FEF69
:1079F000A81AB80AF50184918111F3CFE11084C26D
:107A00005301F6019381F10193FD859193FF8191DB
:107A10001F01882309F411C2853241F493FD859139
:107A200093FF81911F01853209F01CCFB60190E0D0
:107A30000F94CBB93501E4CF17FF6FC04A0CFC851A
:107A4000F4FF04C08A81813309F44A9414140CF0C1
:107A500086C028E0241510F488E0482E85E090E0E8
:107A600017FF06C0C501B7FE02C090E080E0019696
:107A700001110196FF2031F02F2D30E02F5F3F4F95
:107A8000820F931F5816190619F014F0E52CE81A06
:107A9000812F897011F4E11067C0002329F0B6012D
:107AA000802F90E00F94CBB913FD02C0E11063C0AA
:107AB00017FF7CC08501B7FE02C010E000E0C501E1
:107AC000841991092C016F2D70E0EE27FF27E61B2A
:107AD000F70BFF87EE870F3F100729F4B6018EE200
:107AE00090E00F94CBB9A016B1060CF44BC0401631
:107AF00051060CF047C0F501E01BF10BE80DF91D34
:107B00008181015011092E853F8502171307E4F189
:107B1000B60190E00F94CBB9DECF16FD9FCFEF2DCD
:107B2000F0E0EA15FB0534F03CEFA3163FEFB30697
:107B30000CF010683296E80DF91D01C0FA94FF2090
:107B400019F082918033D1F317FF88CF44244394F6
:107B50004F0CFA141B0431F02CF0FA187FCF442498
:107B600043947CCFF12C7ACFB60180E290E00F9461
:107B7000CBB9EA9490CFB60180E390E00F94CBB9F3
:107B8000EA9494CF80E3BDCFA016B10641F49A8168
:107B9000963350F4953319F43C8534FF05C0B60193
:107BA00090E00F94CBB92ACF81E3F9CF8A8181335A
:107BB00019F09C859F7E9C87B60190E00F94CBB90D
:107BC000FF20A9F0B6018EE290E00F94CBB9F394B8
:107BD000F394E2E001E00E0FE80DF92DF11D808134
:107BE000B60190E00F94CBB9E02F0F11F3CF85E6EB
:107BF00090E014FF02C085E490E0B6010F94CBB989
:107C0000B7FC06C0A114B104C1F4EC85E4FF15C0B3
:107C1000B194A194B1088DE2B60190E00F94CBB974
:107C200080E32AE0A216B10454F4B60190E00F9468
:107C3000CBB9B601C501C096B4CF8BE2EDCF8F5F53
:107C4000FAE0AF1AB108EDCF8336C9F0833771F18E
:107C5000833509F05BC03501F2E06F0E711CF50150
:107C6000A080B1806F2D70E006FD02C06FEF7FEF46
:107C7000C5010F945FB99D878C8700680DC03501E1
:107C800032E0630E711CF5018081898321E030E0D0
:107C90003D872C8754010F7703FD06C02C853D8559
:107CA0005216130609F0A8F4E52C2BC0350132E07A
:107CB000630E711CF501A080B1806F2D70E006FD90
:107CC00002C06FEF7FEFC5010F9484B99D878C8749
:107CD000E2CFB60180E290E00F94CBB95A94DECFA8
:107CE000F50107FD859107FF81915F01B60190E0E5
:107CF0000F94CBB9E110EA948C859D8501979D87FF
:107D00008C87EC85FD85EF2B59F778CE843619F0FA
:107D1000893609F074C0350107FF66C0F4E06F0EC4
:107D2000711CF5016081718182819381102F1F7612
:107D300097FF08C090958095709561957F4F8F4F04
:107D40009F4F10682AE030E0A4010F94F2BAA82EE9
:107D5000A818BA2C012F16FF0AC00E7FAF1438F4F2
:107D600014FF04C012FD02C0012F0E7EBF2C04FFC1
:107D7000A3C0FE01EA0DF11D8081803309F095C09A
:107D8000097EF02FF870EF2E03FDA5C000FF9FC005
:107D9000FA2CB51410F4F50CFB1804FFA2C0B601C0
:107DA00080E390E00F94CBB902FF09C088E790E030
:107DB00001FF02C088E590E0B6010F94CBB9AF1483
:107DC00008F49BC0AA940A2D10E00F5F1F4F080D06
:107DD000191DF80182918F01B60190E00F94CBB983
:107DE00080169106B1F70ACEF2E06F0E711CF50114
:107DF00060817181072E000C880B990B97CF102F93
:107E00008537A9F41F7E2AE030E0350117FF44C012
:107E1000F4E06F0E711CF5016081718182819381A4
:107E2000A4010F94F2BAA82EA8181F7792CF197F39
:107E30008F3679F1F0F4883539F1F6018681978132
:107E40002F960FB6F894DEBF0FBECDBFDF91CF9156
:107E50001F910F91FF90EF90DF90CF90BF90AF9068
:107E60009F908F907F906F905F904F903F902F905A
:107E70000895803739F0883701F714FD146020E148
:107E800030E0C3CF1061F9CF04FD166020E132E08D
:107E9000BCCF28E030E0B9CFF2E06F0E711CF501E5
:107EA0006081718190E080E0BBCF02FD02C0B3949D
:107EB00068CFB394B39465CF802F867809F461CFEF
:107EC000F6CFB60180E290E00F94CBB9B394B5142D
:107ED000C0F3E12C62CFE52CEB18B51408F45DCFAC
:107EE000F8CF802F867809F46ACF8BE201FF80E219
:107EF00007FD8DE2B60190E060CFB60180E390E02F
:107F00000F94CBB9FA945BCFB60180E290E00F9466
:107F1000CBB9EA9473CD24E0E12C251508F036CDD9
:107F200084E026CD20E030E040E85FEB6091AC02D9
:107F30007091AD028091AE029091AF020F9480BD1E
:107F4000882321F1E0917512F0917612E857FF4EE7
:107F500080818B7F8230D1F480E1ECEAF2E0A7E40B
:107F6000B7E001900D928A95E1F780E090E0A0E8FB
:107F7000BFEB8093AC029093AD02A093AE02B0939E
:107F8000AF028091101890911118089581E090E04F
:107F90000895CF92DF92EF92FF920F931F93CF93AA
:107FA000DF9390E0EC01CC0FDD1FCC0FDD1FFE0155
:107FB000ED5FFA4E2591359145915491FE01E653BE
:107FC000F94FC080D180E280F3808E01095B184FA9
:107FD000C701B6010F948BBCF80160837183828363
:107FE0009383FE01E950FB4E2591359145915491C3
:107FF0008E010F5D1D4FC701B6010F948BBCF801B8
:108000006083718382839383FE01E551FB4E25914A
:10801000359145915491CB5EDD4FC701B6010F9468
:108020008BBC688379838A839B83DF91CF911F9177
:108030000F91FF90EF90DF90CF90089580E1E6E5FB
:10804000F5E0A7E4B7E001900D928A95E1F7089575
:10805000E1E3F0E1833021F0E82FF0E0E25DFF4E54
:1080600084910895409186105091871090E080E0AF
:1080700041155105B1F1209175123091761290E0C1
:1080800080E0F901E857FF4EA081A23021F4618120
:108090007281860F971F4150510919F1F901E55777
:1080A000FF4EA1919F0128583041A111FACFF9014B
:1080B000E857FF4E2D3EA1E03A0730F4A191A111FF
:1080C000E0CF2F5F3F4FF6CF2D3EE1E03E07C9F6F0
:1080D000E8E8F0E19F0128583041A191AA23D1F3AB
:1080E000D0CF0895982F9F7083FF0DC080917B00A3
:1080F000886080937B0080917C00887F9770892BBB
:1081000080937C00089580917B00877FF2CF8091DF
:108110001218909113184AE050E070E060E0019668
:108120000F94EEB6862F089580911218909113182F
:108130004AE050E070E060E001960F94EEB6CB01AB
:10814000089580911218909113184AE050E070E061
:1081500060E001960D94EEB680919F049091A0048A
:1081600090939E0480939D048FE596E29F938F9356
:1081700080917D0390917E03A0917F03B091800355
:108180000196A11DB11DBF93AF939F938F9381E380
:1081900098E09F938F9388E398E09F938F930F9439
:1081A00025BA8DB79EB70A960FB6F8949EBF0FBE3C
:1081B0008DBF08950F931F93CF93DF93EC01C60FEC
:1081C000D71F8C179D0779F08C010F5F1F4F0F94FD
:1081D00063BB8F3F31F081E0DF91CF911F910F9111
:1081E0000895C801EECF80E0F7CF682F880F770B96
:1081F000809175129091761285579F4E0F94BAC157
:108200009C01909313188093121881E0232B09F49A
:1082100080E008950F931F93CF93DF938C01862FF7
:10822000EA010E94F540882319F10E9494409C01C4
:1082300097FF03C0319521953109253631059CF012
:108240009F938F938BE799E69F938F9388E695E1B1
:108250009F938F930F9425BA0F900F900F900F90CC
:108260000F900F9080E0DF91CF911F910F910895B3
:10827000F80180818823B1F3CE01DF91CF911F9166
:108280000F910D9463BB60E086E69FE00F9487BB7F
:1082900060E088E69FE00F9487BB60E085E69FE0A2
:1082A0000F9487BB60E084E69FE00F9487BB60E09B
:1082B00082ED9EE00F9487BB60E08FEC9EE00D9412
:1082C00087BB8091C30481FB662760F991E0692731
:1082D00060FB81F98093C3048BE29DE00D9487BB22
:1082E00080369105F8F440917512509176122091E4
:1082F0008310309184104217530739F4609186102F
:1083000070918710161617066CF0B901680F791F67
:10831000FB01E359FF4F2417350730F481E04E1776
:108320005F0708F480E00895EE3EF140F8F06C5FDE
:108330007F4F6E3E714018F449365105B8F48359A9
:108340009F4F4817590770F34DEE51E0421B530BF6
:1083500070E060E0C90188579F4E0F9495C18FB7B8
:10836000F89410928410109283108FBF81E00895CA
:108370002F923F924F925F926F927F928F929F9235
:10838000AF92BF92CF92DF92EF92FF920F931F9323
:10839000CF93DF93CDB7DEB7CC58D2400FB6F89469
:1083A000DEBF0FBECDBFCB58DD4F688379838A8394
:1083B0009B83C557D240FE01E754FE4F88E2DF01A0
:1083C0001D928A95E9F7E85BF1401F0180E991E091
:1083D000DF01FC011D923197E9F7C75ADD4F198281
:1083E0001882C955D2409E012F513E4FC159DD4FD1
:1083F00039832883CF56D2408E01075A1D4FCE01B4
:108400008F5C9D4FC359DD4F99838883CD56D240F1
:108410003C01490140EBA42E4FE0B42E53E2C52E9F
:10842000D12CF12CE12CB6010D2C000C880B990BF2
:108430000F94F1B5D4016D937D938D939D934D0170
:10844000F801619171918F01072E000C880B990B37
:108450000F94F1B5D3016D937D938D939D933D0161
:10846000BFEFEB1AFB0AE6E0EE16F10409F038C3A1
:10847000CB58DD4F288139814A815B81C557D24075
:10848000C159DD4FA881B981CF56D2406D917D9100
:108490008D919C910F9414BF412C512C32011816D0
:1084A0000CF402C3C359DD4F08811981CD56D24067
:1084B0000C5E1F4FC159DD4FE880F980CF56D24086
:1084C000B4E1EB0EF11C6E01EFEDCE1AEDEFDE0A1A
:1084D0009E012B553E4FCF58DD4F39832883C1571E
:1084E000D240D8014D905D906D907C90F7016081F5
:1084F000718182819381D7015E914E913E912E913F
:108500007D010F948ABC4B015C01F80152914291AC
:10851000329122918F01C301B2010F948ABCA5014F
:1085200094010F948ABDD6019E938E937E936E9391
:108530006D01CF58DD4FE881F981C157D240B29229
:10854000A29292928292CF58DD4FF983E883C1576D
:10855000D240C359DD4F28813981CD56D240021710
:10856000130709F0BECF4E013FE6831A3EEF930A90
:108570005E0183EFA81A8DEFB80A61018101EE2434
:10858000E394F12CD4014D905D906D907D904D0160
:108590002D913D914D915C91C301B2010F948BBC23
:1085A0009B01AC010F948BBCF80164A775A786A74B
:1085B00097A7F1E0EF16F10461F0D80198964D927B
:1085C0005D926D927C929B97F801448255826682FF
:1085D0007782FFEFEF1AFF0AF50120813181428196
:1085E000538184E0A80EB11C6481758186819781D6
:1085F0000F948ABC20E030E040EC50E40F9430B699
:10860000D601DC966D937D938D939C93DF97045DEB
:108610001F4FB8E2CB0ED11CE5E0EE16F10409F0D5
:10862000B1CF7E01FDE2EF0EF11C28E2A22EB12CAB
:1086300000EB1FEF24E0220E311CD7012D913D915C
:108640004D915C91139798966D917D918D919C9130
:108650009B970F948ABD2B013C016101C01AD10A7E
:1086600088248394912CF601E00FF11FEA0DFB1D85
:108670002081318142815381C301B2010F9430B610
:108680009B01AC01F60160817181828193810F941D
:108690008ABCD6016D937D938D939D936D01BFEF41
:1086A0008B1A9B0AE6E08E169104E9F63CE2E30E93
:1086B000F11C0852110988E2A80EB11C08339FEF83
:1086C000190709F0BACF1E01F5EB2F0E311C6E0110
:1086D00021EBC20ED11C7E0137E3E31A3EEFF30A11
:1086E00004E010E04801B12CA12C412C512C3201A6
:1086F000F601EA0DFB1DD701AA0DBB1D2D913D9181
:108700004D915C9160817181828193810F9430B62B
:108710009B01AC01C301B2010F948BBC2B013C0146
:108720008FEF881A980A94E0A90EB11CA5E08A166A
:108730009104F1F6A3019201F101608171818281BE
:1087400093810F948ABCD6012D913D914D915C91FE
:108750000F948ABDF70160837183828393830150F4
:108760001109F8E22F1A31082CE2C21AD10834E0BC
:10877000E31AF1080115110509F0B4CFCB50DE4F13
:1087800088819981AA81BB81C55FD140CF57DD4FD8
:1087900088839983AA83BB83C158D2401E0197E482
:1087A000291A9EEF390A10E000E0C159DD4FA88177
:1087B000B981CF56D240CD90DD90ED90FD90C1595A
:1087C000DD4FB983A883CF56D240CB58DD4F2881E7
:1087D00039814A815B81C557D240C701B6010F94E8
:1087E00080BD1816B4F0CB58DD4F288139814A81FD
:1087F0005B81C557D240C159DD4FE881F981CF5621
:10880000D24060817181828193810F9414BF87FF70
:1088100018C00430110509F030C1CB58DD4F288154
:1088200039814A815B81C557D240CF57DD4F68817E
:1088300079818A819B81C158D2400F9480BD87FF86
:108840001CC1D10114968D909D90AD90BC9017974E
:108850008D919D910D90BC91A02DCF58DD4F8883B7
:108860009983AA83BB83C157D240F801EE0FFF1F43
:10887000EE0FFF1F21E931E02C0F3D1FE20FF31F28
:108880004080518062807380C359DD4FA881B981D7
:10889000CD56D2408D919D910D90BC91A02DC35885
:1088A000DD4F88839983AA83BB83CD57D240A7012C
:1088B0009601CB58DD4F688179818A819B81C557AC
:1088C000D2400F948ABC6B017C0120E030E040E490
:1088D00050E40F94FBBFCB57DD4F688379838A83C5
:1088E0009B83C558D240C358DD4F288139814A81C6
:1088F0005B81CD57D240C359DD4FE881F981CD5618
:10890000D24064817581868197810F948ABCA301CE
:1089100092010F948ABDC758DD4F688379838A839B
:108920009B83C957D240A3019201C301B2010F94A6
:108930008BBCCF58DD4F288139814A815B81C1577B
:10894000D2400F9430B6C757DD4F688379838A834E
:108950009B83C958D240A3019201C501B4010F9471
:1089600030B69B01AC01C757DD4F688179818A81A0
:108970009B81C958D2400F948BBC20E030E040EC82
:1089800050E40F948ABD9B01AC01C758DD4F68814C
:1089900079818A819B81C957D2400F948ABCA701F3
:1089A00096010F9430B6C758DD4F688379838A8368
:1089B0009B83C957D240CF58DD4F288139814A81E6
:1089C0005B81C157D240C501B4010F948ABC4B01F1
:1089D0005C0120E030E040EC50E4C301B2010F94B0
:1089E00030B69B01AC01C501B4010F948ABDCB57D1
:1089F000DD4F288139814A815B81C558D2400F946F
:108A000030B64B015C0120E030E040E05FE3CF583E
:108A1000DD4F688179818A819B81C157D2400F9453
:108A200030B62B013C01A7019601C701B6010F9496
:108A300030B69B01AC01C301B2010F9430B69B016B
:108A4000AC01C501B4010F948BBC9B01AC01C758AC
:108A5000DD4F688179818A819B81C957D2400F940B
:108A60008BBCC358DD4F288139814A815B81CD574A
:108A7000D2400F948BBC2B013C010F5F1F4FF4E0E1
:108A80002F0E311CC359DD4F28813981CD56D2407C
:108A90002C5F3F4FC359DD4F39832883CD56D240D9
:108AA0000530110509F081CEC301B201C457DD4F75
:108AB0000FB6F894DEBF0FBECDBFDF91CF911F91EF
:108AC0000F91FF90EF90DF90CF90BF90AF909F906D
:108AD0008F907F906F905F904F903F902F90089570
:108AE000C5010F9471BBD8018D939C93B5E0CB0E5B
:108AF000D11CE2E0AE0EB11C96CC0F931F93CF9326
:108B000020919D13213079F58C0180E50E94F5407C
:108B1000882349F10E948740C82F853020F5013C09
:108B200082E0180749F0023C124069F08C2FCF9187
:108B30001F910F910D94937C60E08C2FCF911F912A
:108B40000F910D94D47C8EEC9EE00F9463BB882330
:108B500051F00F94F364882331F08C2FCF911F9143
:108B60000F910D944F7DCF911F910F910895CF9349
:108B7000C82F0F941B37F894C0936E060F94038789
:108B80000E941FDE880F82700F94301A0F94903766
:108B90007894CF91089560FF04C028E5FC012083FC
:108BA000019661FF04C029E5FC012083019620E2C3
:108BB000FC012193CF0168E670E10D941AB98F9200
:108BC0009F92AF92BF92CF92DF92EF92FF920F935C
:108BD0001F93CF93DF9300911218109113180F5F1A
:108BE0001F4F68018FEFC81AD80AD801DC918D2F6A
:108BF00090E00F94F4B87C01892B01F5DD3201F58A
:108C00006801B2E0CB0ED11CF801D181C1E0860130
:108C10000150110943E050E065E670E1C8010F948E
:108C20002AB9892BC1F460E070E080E89FEFC111A0
:108C3000DBC060E070E080E89FE7D6C08601D1CF5E
:108C4000DB3239F46801F2E0CF0ED11CD801119665
:108C5000DC91C0E0DCCF43E050E062E670E1C801A7
:108C60000F942AB9892B09F4CCC0F60110E000E07A
:108C700020E030E0A9016F01D053DA3060F5BC2E5E
:108C80006894B1F88C2F8870C2FF09C0811102C0AE
:108C90000F5F1F4F3196D601DC91CB2DECCF88238F
:108CA00011F001501109A5E0B0E00F94F8BB9B0151
:108CB000AC01220F331F441F551F2D0F311D411DC5
:108CC000511D2839B9E93B074B07B9E15B0710F3A0
:108CD000C660BC2EDFCFDE3F31F4C3FD33C0BC2EF7
:108CE0006894B3F8D7CFD53369F580818D3231F4EC
:108CF000C061BF016E5F7F4F818105C0BF018B32B4
:108D0000C9F36F5F7F4F80538A30E0F4FB01B0E816
:108D1000EB16BCE0FB065CF4B701660F771F660F2D
:108D2000771FE60EF71EEE0CFF1CE80EF11C81917A
:108D300080538A3060F3C4FF03C0F194E194F108DA
:108D40000E0D1F1DCA01B9010F94EFB5C370C330DA
:108D500009F490584B015C0120E030E0A9010F9428
:108D600080BD882309F43EC0CEE5D0E117FF05C0E1
:108D7000119501951109C6E4D0E16E01E8E1CE1A22
:108D8000D10880E2E82EF12C0DC0FE01259135912D
:108D9000459154910E191F09C501B4010F9430B6C5
:108DA0004B015C01D501C4010E151F0574F7249712
:108DB000F594E794CC16DD06A9F78A2F880F8B2F40
:108DC000881F8F3F49F020E030E0A901C501B401C0
:108DD0000F9480BD811106C082E290E09093161836
:108DE00080931518C501B401DF91CF911F910F91A8
:108DF000FF90EF90DF90CF90BF90AF909F908F90BB
:108E0000089560E070E080EC9FE7EECF2F923F92F4
:108E10004F925F926F927F928F929F92AF92BF928A
:108E2000CF92DF92EF92FF920F931F93CF93DF9336
:108E300000D0CDB7DEB78EEDC82E82E0D82E86E505
:108E400095E09B838A8397E4E92E97E0F92E3324FB
:108E5000339400E0F60181916F010E94F540282EC5
:108E6000882309F4A6C01091E30313210E94DF4573
:108E70002B013C01EA81FB81408251826282738234
:108E8000033009F046C0F1E0F983111101C01982E5
:108E90008090BC029090BD02A090BE02B090BF0234
:108EA00020E030E040E85FE3C501B4010F9480BDED
:108EB000882359F1111115C020915307309154079F
:108EC0004091550750915607C301B2010F948ABCD7
:108ED00060936205709363058093640590936505C4
:108EE0002982A501940160916205709163058091CA
:108EF0006405909165050F9430B660936205709398
:108F000063058093640590936505E981E11103C0D1
:108F100022C0112399F0F7012081318142815381D0
:108F2000EA81FB8160817181828193810F948BBC86
:108F3000EA81FB8160837183828393830F5F330CAB
:108F40008A819B8104969B838A8394E0E90EF11CBD
:108F5000043009F07FCF86E40E94F540882399F021
:108F60000E94DF456B017C0120E030E0A9010F94F5
:108F700014BF181644F4C0929102D0929202E0926B
:108F80009302F09294020F900F900F90DF91CF9187
:108F90001F910F91FF90EF90DF90CF90BF90AF9017
:108FA0009F908F907F906F905F904F903F902F9009
:108FB0000895F70180819181A281B381EA81FB81CB
:108FC00080839183A283B383B9CF2F923F924F9234
:108FD0005F926F927F928F929F92AF92BF92CF9249
:108FE000DF92EF92FF920F931F93CF93DF93CDB752
:108FF000DEB765970FB6F894DEBF0FBECDBF698BA5
:109000007A8B8B8B9C8B49015A01302ECD8A2D2C6B
:1090100081E080939702DF922D892F931F92EF9228
:109020008AEE97E09F938F930F9425BA81E40E9474
:10903000F5400F900F900F900F900F900F90882396
:10904000A1F08091121890911318FC01218128370A
:1090500009F069C040E150E070E060E002960F94D2
:10906000EEB6698B7A8B8B8B9C8B83E40E94F540E8
:10907000882309F465C00E94A1402B013C01C988E6
:10908000DA88EB88FC888C149D04AE04BF0410F4CD
:1090900075016401D301C2018C0D9D1DAE1DBF1D64
:1090A00088169906AA06BB0628F08C159D05AE0504
:1090B000BF0530F4240135014C185D086E087F08A7
:1090C00088E50E94F540882309F491C02091121888
:1090D000309113182F5F3F4FFE01319610E000E0F2
:1090E0004F01D9018C912F5F3F4F882309F43FC076
:1090F00000311105E1F18032A1F38A30C1F190ED28
:10910000980F9A3010F58295807F9D012E5F3F4F1A
:1091100011969C9140ED490F4A30F8F4842B8193CD
:109120000F5F1F4FDECF0E94DF450F94FCBD9B01F8
:10913000770F440B550B298B3A8B4B8B5C8B95CF60
:1091400044244A94542C32019ACF9FE9980F9630C8
:1091500058F48295807F8057D8CF4FE9490F463029
:1091600018F49755892BDBCF11950195110928012A
:10917000012E000C66087708DA8AC98AB12CA12C66
:109180000A151B05F1F0332039F031E0331671F088
:109190004FEFA41AB40AF4CFF401EA0DFB1D80814D
:1091A000E989FA89EA0DFB1D8083F2CFF401EA0D0B
:1091B000FB1D608189899A898A0D9B1D0F94ABBB29
:1091C000E7CFFF92EF92DF92CF922F925D895F936C
:1091D0007F926F925F924F928EEB97E09F938F9367
:1091E0000F9425BA0FB6F894DEBF0FBECDBF032D86
:1091F000A3019201C701B6010F947B6265960FB679
:10920000F894DEBF0FBECDBFDF91CF911F910F91BC
:10921000FF90EF90DF90CF90BF90AF909F908F9096
:109220007F906F905F904F903F902F900895609146
:109230001D1870911E1890E08A3020F0895A9F4FB7
:109240000D94CBB9C096FCCF84FF18C08D9A85FFD2
:1092500017C0A49A2FB786FF15C0F8949091020109
:109260009068909302012FBF87FF11C0A39A8F9A35
:1092700085E08A95F1F700008F9808958D98E7CFE3
:10928000A498E8CFF894909102019F77EACFA39831
:10929000EECF0F931F93CF93DF93C82FD62F8A0162
:1092A00060FF15C05D9A8AE18A95F1F700C08C2FA6
:1092B0000E942449D1FD04C08C2F82950E9424492C
:1092C000C801DF91CF911F910F910C9482C35D98DB
:1092D000EACFCF92DF92EF92FF92CF93DF93EC0130
:1092E0006A017B010F946BBB6F3F7F4F8F4F9F4F86
:1092F00059F4B701A601CE01DF91CF91FF90EF9015
:10930000DF90CF900D94B9BBDF91CF91FF90EF909C
:10931000DF90CF90089580E1E7E4F7E0ACE9B2E0B8
:1093200001900D928A95E1F78091390290913A026D
:1093300090937503809374038091720E9091730ED5
:109340009093B0058093AF058091700E8093B10526
:109350008091E30383FB882780F980930B18809129
:10936000E5038093AE0581E0809357070895CF937E
:10937000DF9383E097E10E94495B81E495E1892BCB
:1093800051F0C3E1D6E1A397CE010E94495B85E18C
:10939000C134D807C1F78EE195E10E94495B89EF9E
:1093A00094E1DF91CF910C94495BCF93DF93C7E4B5
:1093B000D7E020E030E048EC51E46C857D858E8577
:1093C0009F850F948BBC6C877D878E879F8763E317
:1093D00073E383E590E4DF91CF910D94CF9660E045
:1093E00085EA9FE00F9487BB60E08FE79CE00F94D5
:1093F00087BB80E090E0A0E8BFEB8093AC02909345
:10940000AD02A093AE02B093AF0282E080936A02F5
:1094100010925E0E08958091AF059091B005209155
:10942000720E3091730E2817390771F09093730EF6
:109430008093720E81E08093E1030F94841D0F945A
:109440002F5E82E08093E103089580915E0E882371
:1094500041F08091390290913A0290937503809384
:10946000740308958091A4059091A505009729F1B2
:1094700020915D0E211121C020915C0E21111DC093
:10948000FC01E85AFF4F20E1ACEAB2E001900D92F6
:109490002A95E1F7FC01E659FF4F20813181309395
:1094A00006182093051888599F4FFC0180819181EF
:1094B0009093111880931018089580E090E0A0E830
:1094C000BFEB8093AC029093AD02A093AE02B09339
:1094D000AF026091910270919202809193029091FB
:1094E00094020F9403BE70930618609305181092AF
:1094F0001118109210180895CF92DF92EF92FF92F8
:10950000809173148823D9F180918503909186030B
:10951000A0918703B091880380930718909308184F
:10952000A0930918B0930A180F949186C090071859
:10953000D0900818E0900918F0900A18C81AD90AB3
:10954000E108F108C0920718D0920818E0920918B3
:10955000F0920A180E943240C81AD90AE108F108AC
:10956000C0920718D0920818E0920918F0920A18D1
:1095700010926A02FF90EF90DF90CF900895809153
:1095800015058823B1F180917D0390917E03A09110
:109590007F03B09180038093071890930818A093DD
:1095A0000918B0930A180F949186409107185091AA
:1095B00008186091091870910A18481B510961092F
:1095C00071098091861090918710092E000CAA0BCA
:1095D000BB0B481B590B6A0B7B0B4093071850932E
:1095E00008186093091870930A1881E080936A0242
:1095F000C1CF82E0FBCFCF92DF92EF92FF92C0907B
:109600000A07D0900B07E0900C07F0900D078091AF
:109610000907882309F44EC020E030E0A901C70102
:10962000B6010F9414BF18160CF044C02BED3FE0A8
:1096300049E450E4C701B6010F9430B6A701960182
:109640000F9430B620E030E040E85EE30F9430B68F
:109650009B01AC0160E070E080E89FE30F948ABD5D
:109660006B017C01609195027091960264367105E0
:10967000A1F0072E000C880B990B0F94F1B52AE08E
:1096800037ED43E25CE30F9430B69B01AC01C701B8
:10969000B6010F9430B66B017C01C092BC02D0922F
:1096A000BD02E092BE02F092BF02FF90EF90DF9009
:1096B000CF900895C12CD12C80E8E82E8FE3F82EAE
:1096C000D1CF8F929F92AF92BF92CF92DF92EF92C3
:1096D000FF9281EF9FE00F94F2576B017C018DEEBA
:1096E0009FE00F94F2574B015C010F94D0322CE3B2
:1096F00030E040E050E00F94D6BBBA01A901480D1C
:10970000591D6A1D7B1D8DEE9FE00F9499BB6091E2
:10971000640670916506809166069091670628EE52
:1097200033E040E050E00F94D6BBBA01A9014C0DE4
:109730005D1D6E1D7F1D81EF9FE00F9499BB0F94FF
:10974000A536109264061092650610926606109275
:10975000670680919D13813081F46091A11370910F
:10976000A21390E080E00F94DA571092A2131092A7
:10977000A1131092A4131092A313FF90EF90DF9007
:10978000CF90BF90AF909F908F9008958091E50308
:109790001F928F9380916E031F928F93EBEBF4E0F7
:1097A000428153812CE3249FC001259F900D1124F9
:1097B0009F938F9340815181249FC001259F900DDD
:1097C00011249F938F938AE098E09F938F930F9437
:1097D00025BA8DB79EB70A960FB6F8949EBF0FBEF6
:1097E0008DBF0895CF93C82F8FEF9FE00F9463BB79
:1097F000813021F080916E06813029F481E08C2740
:10980000CF910C94B745CF91089589E893E00D94DA
:10981000152020E030E040E752E40F948ABD08951F
:1098200010928E024091690350916A0360916B031C
:1098300070916C0340939102509392026093930253
:109840007093940290933A028093390289E893E0EE
:109850000D9415201F93CF93DF93182F80919102C1
:1098600090919202A0919302B09194028093690327
:1098700090936A03A0936B03B0936C03C091390279
:10988000D0913A0284E690E090933A0280933902B4
:1098900089E893E00F94152010938E02CE01DF919A
:1098A000CF911F91089540E050E0BA018DEE9FE006
:1098B0000F9499BB40E050E0BA0181EF9FE00F9414
:1098C00099BB0E94434170E060E085E09FE00F9407
:1098D000A5BB70E060E083E09FE00F94A5BB70E063
:1098E00060E081E09FE00F94A5BB70E060E08FEF47
:1098F0009EE00F94A5BB70E060E083ED9EE00F94C6
:10990000A5BB70E060E080ED9EE00F94A5BB40E059
:1099100050E0BA0188EA9CE00D9499BBF89488E184
:1099200098E00FB6F894A895809360000FBE9093CE
:109930006000FFCFC82F9FB7F894E2E0F1E080818C
:10994000846080839FBF6C2F83E09DE00F9487BB72
:109950008C2F0E94BBC80E948E4C1F920F920FB694
:109960000F92112483E00E949A4C1F920F920FB61F
:109970000F92112482E00E949A4C85EA9FE00F9496
:1099800063BB91E0811101C090E0892F089580911F
:10999000E203811106C081E090919C03923009F0AE
:1099A00080E008958091731481110AC0809115059B
:1099B000811106C081E090919C03913009F080E014
:1099C0000895CF93DF93C0915C0EC1111FC08091A9
:1099D0005D0E81111CC00E94C74C811118C0D0912E
:1099E000690ED43061F48091720E9091730E892BC0
:1099F00091F48091700E9091710E892B61F40E9408
:109A0000D24CC82F811103C0C1E0D111C0E08C2F0E
:109A1000DF91CF910895C1E0FACF0E94E14C8823F5
:109A200089F020E030E040E050E460914F07709111
:109A3000500780915107909152070F9480BD881F65
:109A40008827881F08950E94D24C811118C00E9457
:109A5000C74C811114C080915E0E811110C080919D
:109A6000690E81110BC080919E13811107C08091F6
:109A70005C0E811104C080915D0E089581E008950F
:109A8000FC012081211101C06695FC0162830895CB
:109A9000FC01618321E0603208F020E09081291709
:109AA00081F08281992351F090E09595879582838A
:109AB00070E075956795618320830895880F828390
:109AC000FBCF211104C070E07595679561830895FF
:109AD00080E1E7E4F7E0A6E5B5E001900D928A9514
:109AE000E1F708954F925F926F927F928F929F92CB
:109AF000AF92BF92CF92DF92EF92FF920F931F939C
:109B0000CF93DF9300D000D01F921F92CDB7DEB766
:109B100020915E0E222309F473C12091E4032230C8
:109B200009F46EC12091E403213011F41092E40392
:109B30002B013C011092E5031091B1056091F504F1
:109B40007091F6048091F7049091F8040F9403BE8D
:109B5000611731F0812F90E09093710E8093700E19
:109B60000E940B4A8091AE058093E5039091E30338
:109B700080910B1881958927887089278093E3034A
:109B8000A30192016091A8027091A9028091AA029A
:109B90009091AB020F948ABC6D837E838F839887EC
:109BA000CE0105960F9420871092380220E030E015
:109BB00040E85FEB60919C0270919D0280919E0253
:109BC00090919F020F9480BD811120C08091470722
:109BD00090914807A0914907B0914A0780939C0251
:109BE00090939D02A0939E02B0939F0280914B0799
:109BF00090914C07A0914D07B0914E078093A00221
:109C00009093A102A093A202B093A302A301920198
:109C10006091A8027091A9028091AA029091AB0272
:109C20000F948ABC69837A838B839C83E0904F076F
:109C3000F090500700915107109152072091A00217
:109C40003091A1024091A2025091A30260919C0226
:109C500070919D0280919E0290919F021F921F928F
:109C60001F921F92E2E68E2EE7E29E2EE6E7AE2ED0
:109C7000E2E4BE2EFE0131966F010F947A87A301B4
:109C800092016091A8027091A9028091AA0290911C
:109C9000AB020F948ABC69837A838B839C83E090A8
:109CA000A402F090A5020091A6021091A7022091B3
:109CB000A0023091A1024091A2025091A3026091B2
:109CC0009C0270919D0280919E0290919F021F9232
:109CD0001F921F921F920F947A87E090A402F09037
:109CE000A5020091A6021091A7022091A002309136
:109CF000A1024091A2025091A30260919C02709136
:109D00009D0280919E0290919F021F921F921F922E
:109D10001F92812C912CF8EEAF2EF2E4BF2EA8EA10
:109D2000CA2EA2E0DA2E0F947A870F941B3711E027
:109D300010933802609105187091061890E080E049
:109D40000F94EFB560939102709392028093930207
:109D500090939402809174039091750390933A02CA
:109D60008093390280E1ECE9F2E0A7E4B7E00190EA
:109D70000D928A95E1F70E94684D80916A020FB6B4
:109D8000F894DEBF0FBECDBF811151C0609107189E
:109D9000709108188091091890910A18609387179C
:109DA000709388178093891790938A170F94315373
:109DB0008091071890910818A0910918B0910A187D
:109DC0008093850390938603A0938703B0938803C1
:109DD0001093731460E085EA9FE00F9487BB60E006
:109DE0008FE79CE00F9487BB89E994E60E9497EE89
:109DF00082E080936A0210925E0E81E08093610E91
:109E000028960FB6F894DEBF0FBECDBFDF91CF917D
:109E10001F910F91FF90EF90DF90CF90BF90AF9088
:109E20009F908F907F906F905F904F9008958130BA
:109E300089F68091071890910818A0910918B0919F
:109E40000A1880937D0390937E03A0937F03B093C1
:109E5000800310928210109281100E94AC40BACF01
:109E60003F924F925F926F927F928F929F92AF92AA
:109E7000BF92CF92DF92EF92FF920F931F93CF93F7
:109E8000DF933090F017332009F480C08B01EC0190
:109E900031FE54C088809980AA80BB80FB01C080BD
:109EA000D180E280F3802091C5173091C617409190
:109EB000C7175091C817C501B4010F9430B62B01D4
:109EC0003C012091C9173091CA174091CB1750918E
:109ED000CC17C701B6010F9430B69B01AC01C3018A
:109EE000B2010F948BBC2B013C012091BD17309126
:109EF000BE174091BF175091C017C501B4010F9410
:109F000030B64B015C012091C1173091C2174091CE
:109F1000C3175091C417C701B6010F9430B69B0107
:109F2000AC01C501B4010F948BBC688379838A832B
:109F30009B83F801408251826282738230FE26C088
:109F40002091E8173091E9174091EA175091EB17EB
:109F5000688179818A819B810F948BBC6883798326
:109F60008A839B832091EC173091ED174091EE1777
:109F70005091EF17F80160817181828193810F9474
:109F80008BBCF8016083718382839383DF91CF91CF
:109F90001F910F91FF90EF90DF90CF90BF90AF9007
:109FA0009F908F907F906F905F904F903F9008951B
:109FB0002F923F924F925F926F927F928F929F92D9
:109FC000AF92BF92CF92DF92EF92FF920F931F93C7
:109FD000CF93DF9300D000D01F921F92CDB7DEB792
:109FE0008C011B01FC0180819181A281B381898355
:109FF0009A83AB83BC83FB0180819181A281B38171
:10A000008D839E83AF83B887BE016B5F7F4FCE0188
:10A0100001960E94304FC980DA80EB80FC8020E0FE
:10A0200030E0A901C701B6010F9480BD87FF35C09C
:10A0300019821A821B821C82FF24F3948D809E80D9
:10A04000AF80B88420E030E040E850ECC501B401B6
:10A050000F9480BD87FF35C080E090E0A0E8B0ECB1
:10A060008D839E83AF83B887CD80DE80EF80F884B8
:10A0700089809A80AB80BC807090F01771104CC0C2
:10A08000F80180829182A282B382F101C082D182E2
:10A09000E282F382FF24F39425C020E030E04FEF0A
:10A0A00053E4C701B6010F9414BFF12C181634F60F
:10A0B00080E090E0AFEFB3E489839A83AB83BC8305
:10A0C000BBCF20E030E844E553E4C501B4010F9470
:10A0D00014BF18162CF480E090E8A4E5B3E4C0CFD8
:10A0E000F110C2CF8F2D28960FB6F894DEBF0FBEA9
:10A0F000CDBFDF91CF911F910F91FF90EF90DF9037
:10A10000CF90BF90AF909F908F907F906F905F9017
:10A110004F903F902F90089570FE1CC02091E8173B
:10A120003091E9174091EA175091EB17C501B4013E
:10A130000F948ABC4B015C012091EC173091ED1714
:10A140004091EE175091EF17C701B6010F948ABCEA
:10A150006B017C0171FE9ECF2091D8173091D917E9
:10A160004091DA175091DB17C501B4010F9430B656
:10A170002B013C012091DC173091DD174091DE1757
:10A180005091DF17C701B6010F9430B69B01AC01A7
:10A19000C301B2010F948BBCF80160837183828389
:10A1A00093832091E0173091E1174091E21750918D
:10A1B000E317C501B4010F9430B64B015C01209147
:10A1C000E4173091E5174091E6175091E717C70162
:10A1D000B6010F9430B69B01AC01C501B4010F94D8
:10A1E0008BBCF101608371838283938353CFCF92C1
:10A1F000DF92EF92FF92CF93DF93EC01BC016C5F93
:10A200007F4F0E94D84FC0902902D0902A02E09040
:10A210002B02F0902C02A7019601688579858A852A
:10A220009B850F9480BD87FF04C0C886D986EA86C7
:10A23000FB86C0901D02D0901E02E0901F02F0909D
:10A240002002A7019601688579858A859B850F94F0
:10A2500014BF181624F4C886D986EA86FB86DF91D7
:10A26000CF91FF90EF90DF90CF9008952F923F9283
:10A270004F925F926F927F928F929F92AF92BF9216
:10A28000CF92DF92EF92FF920F931F93CF93DF93C2
:10A29000CDB7DEB7A2970FB6F894DEBF0FBECDBF25
:10A2A0001C0186E595E00E94F75089E893E00F9441
:10A2B00015204090470750904807609049077090DC
:10A2C0004A07C0905605D0905705E0905805F09089
:10A2D0005905A7019601C301B2010F9480BD8111F8
:10A2E0003FC020915A0530915B0540915C0550912B
:10A2F0005D0560914B0770914C0780914D079091DF
:10A300004E070F9480BD81112BC020E030E040E764
:10A3100052E4609191027091920280919302909127
:10A3200094020F948ABD0F949C960E941E40A296A0
:10A330000FB6F894DEBF0FBECDBFDF91CF911F9156
:10A340000F91FF90EF90DF90CF90BF90AF909F90D4
:10A350008F907F906F905F904F903F902F900895D7
:10A360006091390270913A02072E000C880B990B0C
:10A370000F94F1B520919102309192024091930295
:10A38000509194020F9430B62EE333EC4EE259E331
:10A390000F9430B66F83788789879A878091A51349
:10A3A000882309F40FC1A3019201C701B6010F94DC
:10A3B0008ABC2B013C0120914B0730914C07409106
:10A3C0004D0750914E0760915A0570915B05809141
:10A3D0005C0590915D050F948ABC6B877C878D87A7
:10A3E0009E87C301B2019F772B853C854D855E8595
:10A3F0005F770F948BBC6B017C0120E030E0A901FA
:10A400000F9414BF18160CF0DDC020E030E040EFD0
:10A4100051E4C701B6010F948ABD0F9469BD0F9432
:10A4200003BE7E836D836230710508F4CBC02114B6
:10A43000310409F4C7C020914F0730915007409173
:10A4400051075091520760915E0570915F058091B0
:10A450006005909161050F948ABC6F87788B898B1A
:10A460009A8B209153073091540740915507509192
:10A470005607609162057091630580916405909123
:10A4800065050F948ABC6B8B7C8B8D8B9E8BAD810D
:10A49000BE81CD01B0E0A0E08F8F98A3A9A3BAA39D
:10A4A0002D813E812216330608F08CC0B10190E068
:10A4B00080E00F94EFB56B017C016F8D78A189A1CD
:10A4C0009AA10F94EFB59B01AC01C701B6010F949F
:10A4D0008ABD6B017C01AC019B016B897C898D89F4
:10A4E0009E890F9430B69B01AC0160915307709127
:10A4F000540780915507909156070F948BBC698340
:10A500007A838B839C83A70196016F8578898989DB
:10A510009A890F9430B620914F073091500740919F
:10A520005107509152070F948BBC6F8B788F898F96
:10A530009A8FA70196016B857C858D859E850F94EA
:10A5400030B620914B0730914C0740914D07509108
:10A550004E070F948BBC6B8F7C8F8D8F9E8FA701C6
:10A560009601C301B2010F9430B620914707309194
:10A5700048074091490750914A070F948BBC3F927E
:10A580002F92A7E4B7E0BF93AF938F809884A984FC
:10A59000BA84DE0111966D01EF88F88C098D1A8D51
:10A5A0002B8D3C8D4D8D5E8D0F947A870F900F9083
:10A5B0000F900F908091610E8111B7CEBFEF2B1AD3
:10A5C0003B0A6ECFE0905E05F0905F05009160055C
:10A5D0001091610520915A0530915B0540915C0511
:10A5E00050915D0560915605709157058091580511
:10A5F000909159051F921F92E7E4F7E0FF93EF93C4
:10A600008F809884A984BA84E2E6CE2EE5E0DE2E1F
:10A610000F947A870F900F900F900F9086CECF9265
:10A62000DF92EF92FF92CF939B01AC01C0904F0756
:10A63000D0905007E0905107F0905207C701B60143
:10A640000F948BBC60934F07709350078093510712
:10A650009093520783B190914607911102C084FFF5
:10A6600026C087E497E00E94F750E0919A02F091AB
:10A670009B0260857185828593850F94CF960F9498
:10A680001B37A701960160914F0770915007809189
:10A690005107909152070F948ABC6B017C01C7014E
:10A6A000B601CF91FF90EF90DF90CF90089515986D
:10A6B0000F941B3781E00F946242C82F84E00F94FF
:10A6C000A21965E575E585E591E40F94CF960F94A1
:10A6D0001B3782E00F940737A70196010F948ABCBD
:10A6E0006B017C010F947042882391F080911D02D0
:10A6F00090911E02A0911F02B091200280934F07FB
:10A7000090935007A0935107B09352070F948F95E1
:10A710000F9473198C2F0F946242C1CF8F929F9226
:10A72000AF92BF92CF92DF92EF92FF924B015C010A
:10A73000C0904F07D0905007E0905107F09052071B
:10A74000AC019B01C701B6010F9414BF87FF11C074
:10A75000A5019401C701B6010F948ABC9F77FF90B1
:10A76000EF90DF90CF90BF90AF909F908F900C9420
:10A770000F53FF90EF90DF90CF90BF90AF909F90DE
:10A780008F900895E1E6F3E09FE780818F3721F015
:10A7900087FF08C08F778083319683E0E936F8071A
:10A7A000A1F708959083F8CF90918F02981710F435
:10A7B00080938F0280919002882339F0E0911804F1
:10A7C000F0911904309709F019940895CF93DF930D
:10A7D000CDB7DEB7AE014A5F5F4FFA01619171916B
:10A7E000AF0188E094E00F94AABADF91CF91089569
:10A7F00068E074E00D94FBB968E074E0082E000C8A
:10A80000990B0D94CBB9CF93C82FC15020F080E2A3
:10A810000E94FC53FACFCF910895CF93C82F862F73
:10A82000643008F083E0809360030E9428408C0F1E
:10A8300080935F0344E650E060E08068CF910C9421
:10A840004949CF93DF93EA010E940D5468E074E018
:10A85000CE01DF91CF910D94FBB9CF93C42F0E940D
:10A860000D5468E074E08C2FCC0F990BCF910D94B0
:10A87000CBB960E080E00E940D5410925F03089510
:10A8800040E456E060E081E00E9449491092600394
:10A8900010925F0348E050E06FE770E081E693E0DC
:10A8A0000D9495C14F925F926F927F928F929F927B
:10A8B000AF92BF92EF92FF920F931F93CF93DF93CC
:10A8C0000E9440544BEC58E461E080E00E94215427
:10A8D000D0918E0281E080938E02E1E4F5E1C49193
:10A8E00084E00F94A21987E4E82E87E0F82EF701A0
:10A8F00010861186128613860F948F950E94684DDC
:10A90000EBE3F5E185909590A590B49006E515E010
:10A910008C2F992781950CF49095BC01072E000C83
:10A92000880B990B0F94F1B52B013C012DEC3CECFD
:10A930004CE85FE3C501B4010F9430B69B01AC0154
:10A94000C301B2010F9430B6F801208531854285EC
:10A9500053850F948BBCF80160877187828793873A
:10A9600080E090E0A8E4B4E4809391029093920296
:10A97000A0939302B093940265E575E585E591E4B3
:10A980000F949C960F941B370F94731910928E029C
:10A99000F70110861186128613860F948F950E94F8
:10A9A000684DF6EFCF02B0011124072E000C880B82
:10A9B000990B0F94F1B59B01AC01F801608571858D
:10A9C000828593850F948BBCF8016087718782879D
:10A9D000938780E090E0A8ECB3E480939102909399
:10A9E0009202A0939302B093940265E575E585ED1C
:10A9F00090E40F949C960F941B37D0938E0280E0C6
:10AA000090E0ABE5B3E4F70180879187A287B38735
:10AA10000F948F9581E0DF91CF911F910F91FF905F
:10AA2000EF90BF90AF909F908F907F906F905F90CE
:10AA30004F90089590919002981709F18093900299
:10AA40008823E9F010927106109270061092D405D6
:10AA50008AED93E00F9415200F94841D61507109C5
:10AA6000810991096093D6037093D7038093D8032B
:10AA70009093D9030E94405482E00C94D4530895DB
:10AA8000CF93C82F1092600310925F0348E050E00C
:10AA90006FE770E081E693E00F9495C144E951E1DE
:10AAA00062E080E30E94494946E950E062E080E3C9
:10AAB0000E94494946E950E062E080E30E9449492A
:10AAC00046E950E062E080E20E9449498091160424
:10AAD00044E650E060E080620E94494984E080934F
:10AAE0005E0344E650E060E08CE00E944949C111F9
:10AAF0000E94405444E650E060E086E0CF910C9420
:10AB0000494981E00C944055CF92DF92FF920F9318
:10AB10001F93CF93DF9300D000D01F921F92CDB729
:10AB2000DEB78A30D9F480916003843018F08FEF5B
:10AB300080936003609160036F5F80E00E940D541A
:10AB400028960FB6F894DEBF0FBECDBFDF91CF9130
:10AB50001F910F91FF90DF90CF90089590E8980F8C
:10AB600044E650E061E09A3408F5482F4058550B10
:10AB70009A0196E0929FA001939F500D1124FA0133
:10AB8000E958F14FF490E1E6F3E030E020E09FEF88
:10AB90006191782F76277F7789F4F901EF59FC4F7F
:10ABA0008083F22E44E650E061E08F2D0E944949F7
:10ABB00080915F038F5F80935F03C2CF6F3709F08F
:10ABC0003CC0F901EF59FC4F8083922FF92EFA0116
:10ABD000EE58F14F8E010F5F1F4FD801959188E01D
:10ABE000182E10FE05900294802D9795881F8D9346
:10ABF0001A94B9F7BF2DE8E0BE02C001112444E663
:10AC000050E060E080640E9449496E01F9E0CF0E97
:10AC1000D11C44E650E061E0D8018D918D010E9485
:10AC20004949C016D106A9F780915F0344E650E078
:10AC300060E080680E944949B5CF67FF922F2F5F7F
:10AC40003F4F2830310509F0A3CF9F3F09F0BECF19
:10AC5000A9CF8F929F92AF92BF92EF92FF920F93E4
:10AC60001F93CF93DF93CDB7DEB7A0970FB6F894BD
:10AC7000DEBF0FBECDBF611571058105910599F449
:10AC800080E3A0960FB6F894DEBF0FBECDBFDF9174
:10AC9000CF911F910F91FF90EF90BF90AF909F9039
:10ACA0008F900C94845500E0842E912CB12CA12C13
:10ACB0009E012F5F3F4F7901A50194010F94D6BBF0
:10ACC000F701E00FF11D6083B901CA010F5F611543
:10ACD00071058105910581F70E0D1F2D111DE016DF
:10ACE000F10659F0F80182918F018A3020F4805DDD
:10ACF0000E948455F4CF895CFBCFA0960FB6F894E0
:10AD0000DEBF0FBECDBFDF91CF911F910F91FF909E
:10AD1000EF90BF90AF909F908F900895CF92DF9269
:10AD2000EF92FF926B017C01F7FE0BC08DE20E9457
:10AD30008455F094E094D094C094C11CD11CE11CC3
:10AD4000F11C4AE0C701B601FF90EF90DF90CF9071
:10AD50000C9429560F94FC508F3FF9F080E00E942C
:10AD60001A550E9440544BEC5FE561E080E00E9480
:10AD7000215480E20E9484550F94FC50682F70E0AB
:10AD80006F5F7F4F072E000C880B990B0E948E5629
:10AD90000F947B7C81E00C941A5508950F931F93B8
:10ADA000CF938C01C62FCC2359F0F8012491222394
:10ADB00039F00F5F1F4F84910E948455C150F3CF2B
:10ADC0008C2F0E9403548C2FCF911F910F910895C7
:10ADD0000F931F93CF938C01C62FCC2349F0F8011A
:10ADE00081918F01882321F00E948455C150F5CFB5
:10ADF0008C2F0E9403548C2FCF911F910F91089597
:10AE0000CF93DF93EC018991882319F00E94845538
:10AE1000FACFDF91CF910895CF93DF93EC0120E03B
:10AE200030E04CE852E460915307709154078091F0
:10AE30005507909156070F948BBC609353077093FE
:10AE40005407809355079093560760E070E080EABE
:10AE500091E40F94CF960E94D5490E94405446E158
:10AE600053E660E080E00E9421548881882339F015
:10AE700061E080E00E940D54CE010E9400574EE137
:10AE800054E162E080E00E94215483E49BE20F944D
:10AE9000D314DF91CF910D941B370E94845590E01D
:10AEA00080E008951092A7031092D7050895CF93DC
:10AEB0008091A703C1E0811104C0C0E08C2FCF9125
:10AEC00008950E945257FACF1F920F920FB60F9219
:10AED00011240BB60F922F938F939F93EF93FF93B1
:10AEE000E0915903E830E8F4F0E08827E558F84AA3
:10AEF0008F4F0D9473BC83579D57A857B657CC57A7
:10AF0000D557F8570A5880916F0681110AC0809171
:10AF10001C06880F80935803882319F081E08093E2
:10AF20005903FF91EF919F918F912F910F900BBE3D
:10AF30000F900FBE0F901F901895809157038F5F51
:10AF40008093570390915803981758F382E0E7CF06
:10AF500083E0809359038FE0809356038FEF86BD83
:10AF600081E085BD84B58F7E84BDDBCF80915603A3
:10AF70008295807F819588BD80915603882321F03A
:10AF8000815080935603CDCF84E0809359038FEF97
:10AF900088BD8EEF86BDC5CF85E0809359038FEFC6
:10AFA00088BD86BD82E085BDBCCF2FEF28BD8091D6
:10AFB0006F068111B6CF809157038F5F809357033F
:10AFC00090915803891708F4ACCF80911C0690E04B
:10AFD0008F3791050CF0A5CF86E0809359038FE061
:10AFE0008093560326BD81E085BD84B58061BCCFCA
:10AFF000809156038295807F819588BD809156030C
:10B000008111BECF87E08093590380E886BD8FEF22
:10B0100088BD87CF1092590380E886BD8FEF88BD29
:10B02000C1CFCF93DF93EC0187E69FE00F9463BB22
:10B0300091E0811101C090E081E02881211101C0DF
:10B0400080E08913988387E09FE00F9463BB91E0D1
:10B05000811101C090E0998385ED9EE00F9463BB60
:10B0600091E0811101C090E09A8387E49DE00F9404
:10B0700063BB8F3F21F08887DF91CF9108951886B9
:10B08000FBCFCF93C82F682F87E69FE00F9487BB35
:10B09000CC2319F0CF910D941063CF910D940063E0
:10B0A00010923A050F94841D6093A1177093A21714
:10B0B0008093A3179093A41708951F920F920FB631
:10B0C0000F9211240BB60F928F939F93EF93FF93E0
:10B0D000EFEBF4E080819181019691838083FF9171
:10B0E000EF919F918F910F900BBE0F900FBE0F901D
:10B0F0001F9018951F920F920FB60F9211242F9345
:10B100004F935F936F937F938F939F93AF93BF936F
:10B1100080913A058823F1F08091AA048B34D0F015
:10B1200080916A0086FF24C080913A0690913B0688
:10B13000A0913C06B0913D0680934F03909350033D
:10B14000A0935103B093520380916A0090E4892741
:10B1500080936A00BF91AF919F918F917F916F9182
:10B160005F914F912F910F900FBE0F901F901895E8
:10B1700080913A0690913B06A0913C06B0913D0625
:10B1800040914F03509150036091510370915203CD
:10B19000841B950BA60BB70B2091E50344E050E010
:10B1A00060E070E0253620F043E050E060E070E0C1
:10B1B00084179507A607B70738F28091C1049091CC
:10B1C000C20402969093C2048093C104BDCF8F92B3
:10B1D0009F92AF92BF92CF92DF92EF92FF920F9326
:10B1E0001F93CF93DF93CFEBD4E068817981072E53
:10B1F000000C880B990B0F94F1B56B017C010F9437
:10B20000841D0BEB14E08090A1179090A217A090E2
:10B21000A317B090A417681979098A099B090F949C
:10B22000EFB59B01AC0160E070E08AE793E40F9416
:10B230008ABDA70196010F9430B60F94FCBDF801AA
:10B24000718360836A817B81072E000C880B990BC8
:10B250000F94F1B56B017C010F94841D8090A117B0
:10B260009090A217A090A317B090A417681979091D
:10B270008A099B090F94EFB59B01AC0160E070E077
:10B280008AE793E40F948ABDA70196010F9430B624
:10B290000F94FCBDF80173836283198218821B82AC
:10B2A0001A82DF91CF911F910F91FF90EF90DF9065
:10B2B000CF90BF90AF909F908F900895809353034D
:10B2C00010926E0380FF08C08091C30483708130A8
:10B2D000E9F480E880936E0320916E038FEF820F74
:10B2E0008E3FD8F08091A000877F8093A0001092BD
:10B2F000AD001092AC009FB7222351F0F8948091DA
:10B3000002018062809302019FBF08958FEFE2CF18
:10B31000F894809102018F7DF5CFEFB7F89480917A
:10B32000A00088608093A00030E0809172004FEF11
:10B3300050E081FF04C04091A8005091A900249FD3
:10B34000C001259F900D349F900D11246FEF70E088
:10B350000F942CBC7093AD006093AC00EFBF0895C8
:10B360008BE29DE00F9463BB9091C30480FB91F945
:10B370009093C3040E94505881E00C945E591F932F
:10B38000CF93DF93D0915303D1FD1DC010912205BF
:10B39000C1E020E030E048E452E46091650E709135
:10B3A000660E8091670E9091680E0F9414BF181668
:10B3B0000CF0C0E0DE7FCD2B81E0111101C080E0F8
:10B3C000C82BC093530380915303DF91CF911F91FA
:10B3D0000C945E59EF92FF920F931F93CF93DF93DC
:10B3E000EC018B017A010E94DA4081110BC0A801A7
:10B3F000BE01C701DF91CF911F910F91FF90EF9098
:10B400000D9477BBDF91CF911F910F91FF90EF903B
:10B4100008950F931F93CF93DF938C01D62FC72FDF
:10B420000F9471BB8F3F980739F46D2F7C2FC801A3
:10B430000F94C1BB8D2F9C2FDF91CF911F910F9146
:10B4400008950F931F93CF938C01C62F0F9463BB66
:10B450008F3F29F46C2FC8010F94ABBB8C2FCF9179
:10B460001F910F910895CF93DF93EC010F9471BB5F
:10B47000BC016F5F7F4FCE01DF91CF910D94C1BBB7
:10B48000CF93DF93EC010F9463BB61E0680FCE01B3
:10B49000DF91CF910D94ABBBCF93DF93EC010F9471
:10B4A00063BB61E0811160E0CE01DF91CF910D942B
:10B4B000ABBB2BE0829FC0011124805B924F0F94A5
:10B4C00071BB21E0019609F420E0822F0895CF930B
:10B4D000DF93C82FD8E0CF5FC8300CF0C0E08C2FCE
:10B4E0000E94595A811103C0D150A9F7CFEF8C2F78
:10B4F000DF91CF91089581EA9DE00F9463BB0E9494
:10B50000675A87FD05C0682F81EA9DE00D9487BBCF
:10B5100008950F931F93CF93C82F8B0166ED7DE0A5
:10B52000823070F06FEC7DE0843050F067EC7DE0AD
:10B53000843031F06FEB7DE0853011F068EB7DE019
:10B54000C8010F941AB98CEF8C0F823028F0C170AB
:10B55000CF5CF801C6831782CF911F910F91089598
:10B5600061E080EC9FE00F9487BB60E08FEB9FE091
:10B570000F9487BB60E08EEB9FE00F9487BB60E089
:10B580008DEB9FE00F9487BB60E08CEB9FE00D9408
:10B5900087BBCF93C82F82958F700E9417498C2F3D
:10B5A0008F70CF910C9417498091861090918710DD
:10B5B000181619060CF043C00197909387108093DA
:10B5C0008610892BA1F48091811090918210892B93
:10B5D00021F4109284101092831080918310909126
:10B5E0008410909376128093751281E00895809173
:10B5F0007512909176120396FC01E857FF4E208158
:10B6000001962111F9CFFC01E857FF4E8D3E21E054
:10B61000920740F441919C012F5F3F4F4111E1CFD0
:10B62000C901F4CFE8E8F0E18D3E21E09207C9F6C8
:10B63000CF018858904121912223D1F3D2CF80E0CD
:10B64000089580919D0490919E0420919F043091D3
:10B65000A004821B930B8F7799270895FC0120E0AB
:10B660003EE2DB014D91BD01403249F0283011F43A
:10B6700030833196DB0111974C91408331962F5FD7
:10B680002B3079F71082089540E050E0BA010D9414
:10B69000A748FC01238121110D949C80089590916D
:10B6A0002505911107C09091C00095FFFCCF8093B4
:10B6B000C6000895913031F49091C80095FFFCCFF9
:10B6C0008093CE0008950E944F5B90E080E0089543
:10B6D000CF93DF93EC01FE018491882321F00E9437
:10B6E0004F5B2196F8CFDF91CF910895CF92DF92F3
:10B6F000EF92FF92C090650ED090660EE090670EBC
:10B70000F090680E80E997E10E94685B42E0C70113
:10B71000B6010F94B4B288E897E10E94685B60912B
:10B72000F5047091F6048091F7049091F80441E0DB
:10B730000F94B4B2FF90EF90DF90CF900D9467B369
:10B740004F925F926F927F928F929F92AF92BF9231
:10B75000CF92DF92EF92FF920F931F93CF93DF93DD
:10B76000CC24CA94DC2C76010EEA1FE093E2892EE9
:10B77000912CA12CB12C412C512C3201D0E0C0E0F5
:10B780008FEFC81609F45DC0C8010F9471BBEC01BE
:10B79000BC01990F880B990B0F94F1B520917E068F
:10B7A00030917F0640918006509181060F948ABDAA
:10B7B0002B013C01C701B6010F94F3AE82E896E17C
:10B7C0000E94685BC501B4010F94F3AE82E896E174
:10B7D0000E94685BBE010D2E000C880B990B0F9424
:10B7E000F3AE82E896E10E94685B20E030E04AE731
:10B7F00054E4C301B2010F9430B60F94F75085E0C2
:10B80000880E911CA11CB11C0E5F1F4F8FEFC81A30
:10B81000D80AE80AF80A0A3B8FE0180709F0B0CF07
:10B82000DF91CF911F910F91FF90EF90DF90CF901C
:10B83000BF90AF909F908F907F906F905F904F9050
:10B84000089585E09BE20E94685BB8CF882371F180
:10B8500086E796E10E94685B60912C1370E090E0AF
:10B8600080E00F94F3AE80912C138430D8F01092C6
:10B870002C1381E796E10E94685B80912C1390E085
:10B880000F948A5280912C132091AF053091B0050E
:10B890003093730E2093720E0E9412FE0E94D549BF
:10B8A0000D941B378F5F80932C13E3CF90E080E0E3
:10B8B0000E9440BEE9CFCF93DF938EE696E10E94CF
:10B8C000685BC7E4D7E0688179818A819B8142E027
:10B8D0000F94B4B28AE696E10E94685B6C817D8128
:10B8E0008E819F8142E00F94B4B286E696E10E9479
:10B8F000685B688579858A859B8542E00F94B4B240
:10B9000082E696E10E94685B6C857D858E859F85C9
:10B9100042E00F94B4B28FEF97E00E94685B80E042
:10B920000F94F9360F94F1B5C2E7D6E02C813D8132
:10B930004E815F810F948ABD42E00F94B4B28EE5D0
:10B9400096E10E94685B81E00F94F9360F94F1B59F
:10B95000288539854A855B850F948ABD42E00F941E
:10B96000B4B28AE596E10E94685B82E00F94F936F2
:10B970000F94F1B52C853D854E855F850F948ABD6A
:10B9800042E00F94B4B286E596E10E94685B83E0E2
:10B990000F94F9360F94F1B5288939894A895B8962
:10B9A0000F948ABDDF91CF910D94F75085E695E114
:10B9B0000E94685B6091650E7091660E8091670EC3
:10B9C0009091680E41E00F94B4B282E695E10E9436
:10B9D000685B6091720E7091730E072E000C880BDD
:10B9E000990B0F94F1B541E00F94B4B28EE595E157
:10B9F0000E94685B6091F5047091F6048091F704F1
:10BA00009091F80441E00F94B4B28BE595E10E9467
:10BA1000685B6091700E7091710E072E000C880BA0
:10BA2000990B0F94F1B541E00F94B4B286E595E11E
:10BA30000E94685B6091650E7091660E8091670E42
:10BA40009091680E41E00F94B4B283E595E10E94B5
:10BA5000685B6091720E7091730E072E000C880B5C
:10BA6000990B0F94F1B541E00F94B4B28FE495E1D6
:10BA70000E94685B60911D0570E090E080E00F948B
:10BA8000F3AE8AE495E10E94685B60911C0670E069
:10BA900090E080E00F94F3AE86E495E10E94685B4D
:10BAA000609198037091990380919A0390919B0300
:10BAB00041E00F94B4B282E495E10E94685B60912A
:10BAC000550670915606809157069091580641E0B0
:10BAD0000F94B4B20D9467B320916B1430E0A8EECC
:10BAE000B3E00F9403BCAB01BC018CE694E10F946E
:10BAF000681E882399F080916A1480FD0E94D65CAC
:10BB000080916A1482FD0E945B5C80916A1481FDC1
:10BB10000E94C64B8CE694E10D94152008950E9476
:10BB2000685B0D9467B3CF9381EA9DE00F9463BB8C
:10BB3000CBE08C9FC0011124805B924F0F9471BBAE
:10BB40008156904F803A9F40C8F08FE597E10E9460
:10BB50008F5D81EA9DE00F9463BB8C9FC00111242F
:10BB600070E060E0805B924F0F94C1BB82E297E18E
:10BB70000F948F1281E0CF910C941A55CF910895B4
:10BB8000FF920F931F93CF93DF939091180591111C
:10BB90004BC0C82F81E080931805CC2301F10E948F
:10BBA000D24C8823E1F00E94C74C811120C063E091
:10BBB0008FEF90E10E94A7E9F090B1050091AF05E9
:10BBC0001091B005D091AE050F94901DF092B10583
:10BBD0001093B0050093AF05D093AE0508C061E0A7
:10BBE00080E00E9496F88BE799E6CC2311F083EA77
:10BBF00099E60E94685B88E798E00E948F5D86EF77
:10BC000090E10E9497EE9FB7F894809102018460C2
:10BC1000809302019FBF0F942B10C11105C080912A
:10BC2000D10381608093D103DF91CF911F910F9158
:10BC3000FF900895EC01F8940F943E23179A109208
:10BC40004407169A10924507149A8BE799E60E94CA
:10BC5000685B83E097E10E948F5D209779F0CE01C9
:10BC60000E948F5DBE0185E99CE00F94C1BB62E438
:10BC700084E99CE00F94ABBB0E948E4CCBEFD6E1E5
:10BC8000F1CF8091060186FD33C080E00E94F24B27
:10BC900010924F07109250071092510710925207BE
:10BCA0000F948F9520E030E040EA50E460914F0718
:10BCB0007091500780915107909152070F948BBC5F
:10BCC00060934F07709350078093510790935207EA
:10BCD000E0919A02F0919B0260857185828593853F
:10BCE0000F94CF960F941B3782EF90E70E941A5E55
:10BCF00008952F923F924F925F926F927F928F9210
:10BD00009F92AF92BF92CF92DF92EF92FF920F93EA
:10BD10001F93CF93DF93CDB7DEB760970FB6F8943C
:10BD2000DEBF0FBECDBF282E6E875A874987209170
:10BD30008E022D877724739470928E0242E08417CE
:10BD400009F4D4C1082F10E0F801E15CFA4E3490F8
:10BD5000832D032C000C990B9C878B87D801AA0F8D
:10BD6000BB1FAA0FBB1FBA83A983FD01E253FD4F7E
:10BD700080819181A281B3818B839C83AD83BE83BB
:10BD80008093910290939202A0939302B0939402B5
:10BD9000BC01CD010E94094C6B017C0181E0022CA9
:10BDA00001C0880F0A94EAF70F94A219A981BA81F9
:10BDB000A95BB84FB887AF83FD0110821182128250
:10BDC00013820F948F950E94684D632D032C000CF5
:10BDD000770B880B990B0F94F1B54B015C014981EE
:10BDE0005A814A5A5A4F588B4F8720E030E040E43E
:10BDF00050EC0F9430B6AF85B8896D937D938D93D9
:10BE00009C931397C701B6010F949C960F941B3710
:10BE10000F947E4210928E02EF81F885108211827B
:10BE2000128213820F948F95AF85B8898D929D925F
:10BE3000AD92BC921397C701B6010F949C960F94D4
:10BE40001B3770928E02E981FA81ED5CFA4E4590C3
:10BE50005590659074902DEC3CEC4CE85FE3C50187
:10BE6000B4010F9430B6A30192010F9430B6EF8560
:10BE7000F8896083718382839383C701B6010F942D
:10BE80009C960F941B37712C612C4F8058840F9413
:10BE90007E4210928E02D2011D921D921D921C9222
:10BEA00013970F948F9520E030E040E251ECC501EC
:10BEB000B4010F9430B6EF85F88960837183828373
:10BEC0009383C701B6010F949C960F941B370F9470
:10BED0007E42F1E0F0938E0220E030E040E351E456
:10BEE000C501B4010F9430B6AF85B8896D937D93C9
:10BEF0008D939C9313978B819C81AD81BE818093A0
:10BF0000910290939202A0939302B0939402C7017E
:10BF1000B6010F949C960F941B37822D0F943F18F7
:10BF20009C0144E0369527954A95E1F7A985BA85A5
:10BF3000109721F0FD01E60DF71D20839F938F934D
:10BF40003F932F937F926F92EBE1F5E1FF93EF9395
:10BF50000F9425BA4FEF641A740A0FB6F894DEBF37
:10BF60000FBECDBF9E85691608F491CF0F947E4217
:10BF700010928E028091F904882309F4B2C0F8016E
:10BF8000E650FB4F6081603408F0ABC0F801E65A20
:10BF9000FD4FA081AB83F801E450FB4F808140E06E
:10BFA00051E002C0569547958A95E2F7822D0F948D
:10BFB0001268BB81BB2339F0432D41956B2F70E094
:10BFC000822D0F94E3670F947319822D0E94C93F4D
:10BFD000F801EC5BF84F81E080836B857C8571957F
:10BFE00061957109072E000C880B990B0F94F1B520
:10BFF0002AE037ED43E25CE30F9430B64B015C017D
:10C00000F801E85AFD4F608170E090E080E00F9405
:10C01000F1B59B01AC01C501B4010F9430B64B01E1
:10C020005C01E981FA81E95BF84FFC83EB83AC01A9
:10C030009B0160817181828193810F948ABCAB8165
:10C04000BC816D937D938D939C9313970F948F95E3
:10C05000EB81FC812081318142815381C501B40192
:10C060000F948BBCAB81BC816D937D938D939C931E
:10C070001397E981FA81EA5AFA4F608371838283C8
:10C08000938320E030E040E05FE3C701B6010F9406
:10C0900030B60F949C960F941B3710929102109219
:10C0A00092021092930210929402FD85F0938E02F8
:10C0B00060960FB6F894DEBF0FBECDBFDF91CF9173
:10C0C0001F910F91FF90EF90DF90CF90BF90AF90B6
:10C0D0009F908F907F906F905F904F903F902F90A8
:10C0E0000895432D419568E070E06ACF81E00E9499
:10C0F000F24BE1E4F5E1B491B98310924F0710924D
:10C10000500710925107109252070F948F95EBE34E
:10C11000F5E185909590A590B490E9816E2FEE0F92
:10C12000770B880B990B0F94F1B56B017C0120E024
:10C1300030E040EC5FE3C501B4010F9430B6A701D5
:10C1400096010F9430B660935E0570935F058093FF
:10C1500060059093610580E090E0A8E4B4E48093EA
:10C16000910290939202A0939302B0939402BC0127
:10C17000CD010E94094C4B015C010F949C960F94D9
:10C180001B370E94415E10924F0710925007109289
:10C190005107109252070F948F95E7E1F5E16591F1
:10C1A0007591859194919058A70196010F9430B69E
:10C1B00060935E0570935F058093600590936105C1
:10C1C000C501B4010F949C960F941B37E7E1F5E18C
:10C1D00065917591859194919B01AC010F948BBCF5
:10C1E000A70196010F9430B660935E0570935F05CA
:10C1F000809360059093610580E090E0A8ECB3E443
:10C200008093910290939202A0939302B093940230
:10C21000BC01CD010E94094C0F949C960F941B37D2
:10C220000E94415E82E00E94C93F80914F07909139
:10C230005007A0915107B091520780935E059093EB
:10C240005F05A0936005B093610510929102109272
:10C25000920210929302109294020F947E42709276
:10C26000460780E00E94F24B20CF2F923F924F92E0
:10C270005F926F927F928F929F92AF92BF92CF9276
:10C28000DF92EF92FF920F931F93CF93DF9300D033
:10C290001F921F92CDB7DEB7D82E2A013B01322E56
:10C2A000E982FA820B831C830F941B3781E0809311
:10C2B0005C0EFC2CE32CD31010C0ED2CDC100DC058
:10C2C00060E070E080EA90E40E948E53FF24F394D3
:10C2D000EE24E3942224239401C02D2C0F94E5A78F
:10C2E0008091A5138D831092A51382E00F940737D8
:10C2F00060934F07709350078093510790935207B4
:10C30000F1100F947BA381E00E942A4C8C010E94C3
:10C31000684D109291021092920210929302109224
:10C320009402222009F47AC19B8D91116DC150E0D5
:10C3300040E061E080E00E94795EEE2031F050E064
:10C3400040E061E081E00E94795EDD20E9F0411487
:10C35000510461047104C1F0C301B2010F94F1B53D
:10C360009B01AC016091CA067091CB068091CC060E
:10C370009091CD060F948BBC60934707709348074C
:10C380008093490790934A07332001F189819A816C
:10C39000AB81BC810097A105B105C1F0BC01CD0105
:10C3A0000F94F1B59B01AC016091CE067091CF0660
:10C3B0008091D0069091D1060F948BBC60934B076F
:10C3C00070934C0780934D0790934E07FF2009F41C
:10C3D000A2C060E070E080EA90E40E948E538091F9
:10C3E0004407811105C050E040E061E00E94795EA1
:10C3F00080914507811106C050E040E061E081E096
:10C400000E94795E0F944AA8E9E5FEE38591959133
:10C41000A591B491E5E5FEE345915591659174913F
:10C4200040935605509357056093580570935905EE
:10C4300080935A0590935B05A0935C05B0935D05CE
:10C440006AE575E086E595E00E94304F0F94ACA751
:10C4500020E030E040E850EC60915A0570915B05B7
:10C4600080915C0590915D050F9480BD87FF0CC0A5
:10C4700080E090E0A0E8B0EC80935A0590935B05D3
:10C48000A0935C05B0935D0580E090E0A6E1B3E485
:10C490008093910290939202A0939302B09394029E
:10C4A00010928E020F948F9560919102709192027A
:10C4B00080919302909194020F949C960F941B3755
:10C4C0008091560590915705A0915805B091590556
:10C4D0008093470790934807A0934907B0934A0772
:10C4E00080915A0590915B05A0915C05B0915D0526
:10C4F00080934B0790934C07A0934D07B0934E0742
:10C5000081E080938E020F947E4250E040E061E033
:10C5100082E00E94795ECC20E9F081149104A104AC
:10C52000B104C1F0C501B4010F94F1B59B01AC0198
:10C530006091D2067091D3068091D4069091D50671
:10C540000F948BBC60934F077093500780935107F3
:10C55000909352070F948F95C8010E94104C0F942E
:10C560007E420F944AA80F94E8A5D11007C031105D
:10C5700005C08C8D811102C0CC2039F1F11025C08D
:10C580009D81992311F181E08093A5130F940737C2
:10C590006B017C0180E00F940737A70196010F948F
:10C5A00033519B01AC0160914F077091500780910E
:10C5B0005107909152070F948ABC60934F07709374
:10C5C0005007809351079093520784E10F946AB308
:10C5D0000F941B3710925C0E0F900F900F900F90DE
:10C5E0000F90DF91CF911F910F91FF90EF90DF900F
:10C5F000CF90BF90AF909F908F907F906F905F9003
:10C600004F903F902F90089580E00F946516EE2094
:10C6100009F49BCE81E00F94651697CEEE2009F4C5
:10C6200094CEAB8DAA2309F48ACEF4CF8F929F9239
:10C63000AF92BF92CF92EF92FF920F931F93262F4C
:10C6400091E09F931F92812C912C5401C42EE12CD8
:10C65000F12C870140E050E0BA010E9435610F9053
:10C660000F901F910F91FF90EF90CF90BF90AF90E0
:10C670009F908F9008952F923F924F925F926F926A
:10C680007F928F929F92AF92BF92CF92DF92EF9262
:10C69000FF920F931F93CF93DF93CDB7DEB7A4978D
:10C6A0000FB6F894DEBF0FBECDBF0F941B3780913D
:10C6B000610E811117C081E080935D0E8091440767
:10C6C000882349F080914507882329F02091460767
:10C6D0002F83211120C081E08093851086E794E2AA
:10C6E0000F949252A4960FB6F894DEBF0FBECDBF42
:10C6F000DF91CF911F910F91FF90EF90DF90CF903E
:10C70000BF90AF909F908F907F906F905F904F9071
:10C710003F902F9008958BEA9DE00F9463BB182FF4
:10C720008EE40E94F540082F0E9487408E830023EC
:10C7300029F0873009F4C9C0833029F0133009F09B
:10C74000C3C063E06E8380E090E0A0E8BFE38A832B
:10C750009B83AC83BD838AEA9DE00F9463BB888F83
:10C7600083E40E94F540182F0E948740112329F08E
:10C77000882319F08B3008F4888F88E50E94F540F3
:10C78000882309F4ABC00E94DF4520E030E04CE98B
:10C7900052E40F948ABC20E030E048EB51E40F945F
:10C7A0008ABC6A877B878C879D8789E50E94F540D4
:10C7B000882309F49CC00E94DF4520E030E048E077
:10C7C00052E40F948ABC20E030E040EA50E40F9439
:10C7D0008ABC6C8B7D8B8E8B9F8B87E50E94F5408E
:10C7E000882309F489C00E94DF452A853B854C8552
:10C7F0005D850F948BBC20E030E04CE153E40F9456
:10C800008BBC698F7A8F8B8F9C8F88E40E94F54058
:10C81000882309F47AC00E94DF452C893D894E891E
:10C820005F890F948BBC20E030E048E852E40F941D
:10C830008BBC6D8F7E8F8F8F98A30F9477698091BB
:10C84000290290912A02A0912B02B0912C02809390
:10C85000A6139093A713A093A813B093A9130F94B2
:10C860007BA305EC1FE0C8010F9471BB019609F092
:10C8700051C00E5F1F4F053D8FE01807A1F7212C17
:10C88000A5EAB3E1BAA3A9A3B987A887512C412C83
:10C89000312C042D842D63E00F9412BC988B688496
:10C8A000798410E0F889F11137C0812F63E00F948B
:10C8B00012BC911131C021103DC17E81733009F449
:10C8C00070C08F818E8737C01E836AE979E989E15C
:10C8D0009FE36A837B838C839D833DCF80E090E0E0
:10C8E000A0E8BFEF8A879B87AC87BD875ECF60E0FB
:10C8F00070E080E89FEF6DCF80E090E0A0E8BFE7B8
:10C90000898F9A8FAB8FBC8F80CF60E070E080E81A
:10C910009FE78FCF2F80B4CF60E070E080EC9FE77F
:10C92000D30111966D937D938D939C931497BE8143
:10C93000B330C1F11E86812F0F94E8A34B015C0137
:10C94000802F0F94D5A36B017C01A50194016A850A
:10C950007B858C859D850F9414BF18160CF41AC125
:10C96000298D3A8D4B8D5C8DC501B4010F9414BF98
:10C9700018160CF40FC1A70196016C897D898E8968
:10C980009F890F9414BF18160CF404C12D8D3E8D91
:10C990004F8D58A1C701B6010F9414BF18160CF49F
:10C9A000F9C033941F5F24E0620E711C173009F048
:10C9B00079CF6FEF461A560A888599854C969987E4
:10C9C000888797E04916510409F063CF0E94CABCDA
:10C9D000A0917907AF83B091F603B88781E0809387
:10C9E00079078AE0830D8093F60381E00E94D45397
:10C9F00080E090E0A0EAB0E480934F079093500766
:10CA0000A0935107B093520765E575E585E591E47C
:10CA10000F94CF9680E00E942A4C9CA38BA3312CCC
:10CA2000832D67E00F9412BCF82E092F682F70E059
:10CA30007F876E8780FF03C076E0791B072F802FEA
:10CA400063E00F9412BC911105C08F2D0F9412BC9E
:10CA500011E0911110E0802F0F94E8A3688B798B7F
:10CA60008A8B9B8B8F2D0F94D5A34B015C018E81FC
:10CA7000833009F097C01111C6C027E0AE85BF858D
:10CA80002A9FF0012B9FF00D1124E00FF11DEE0FF6
:10CA9000FF1FEE0FFF1FEB55FC4E60E070E080ECD7
:10CAA0009FE761837283838394833394E1E33E122F
:10CAB000B7CF80E090E0A0EAB0E480934F07909376
:10CAC0005007A0935107B093520765E575E585E5DA
:10CAD00091E40F94CF960F941B37B1E33B1609F402
:10CAE0002DC280916D0391E0980F90936D03882380
:10CAF00009F4CFC160E080E00E9496F88AEA90E1F4
:10CB00000F948F1280E00F94011281E080939702BE
:10CB100089E994E60E9497EE2F8120937907688532
:10CB20006093F60382E00E94D4530F941B37109257
:10CB30005D0ED8CD011103C0112309F4BECE812FA3
:10CB400063E00F941EBC840D952D911D880F991FD5
:10CB50008D53904F0F9471BBBC01990F880B990BAB
:10CB60000F94F1B52AE037ED43E25CE30F9430B661
:10CB70009B01AC016091A6137091A7138091A8133B
:10CB80009091A9130F948BBCF3016183728383830B
:10CB9000948393CEFE85FF2309F404CF222009F469
:10CBA00000CF00CF288939894A895B896A857B85CE
:10CBB0008C859D850F9414BF181604F12889398936
:10CBC0004A895B89698D7A8D8B8D9C8D0F9480BD90
:10CBD00087FD14C0A50194016C897D898E899F8988
:10CBE0000F9414BF181654F0A50194016D8D7E8D1D
:10CBF0008F8D98A10F9480BD87FF05C0112309F484
:10CC000054CF211052CF10E0A7E08E859F85A89FBA
:10CC1000F001A99FF00D1124E00FF11FEE0FFF1F8F
:10CC2000EE0FFF1FEB55FC4E4180528063807480F5
:10CC3000C12CD12CE0EAEE2EE0E4FE2E222051F0B1
:10CC400023E333E343EB5EE3C301B2010F948BBCF8
:10CC50006B017C01A701960160914F07709150070D
:10CC600080915107909152070F9480BD87FF10C0AB
:10CC7000C0924F07D0925007E0925107F0925207AE
:10CC800065E575E585E591E40F94CF960F941B3724
:10CC9000688979898A899B896093470770934807D7
:10CCA0008093490790934A0780924B0790924C07D4
:10CCB000A0924D07B0924E076BE477E087E497E0CF
:10CCC0000E94D84F60E070E086E193E40F94CF9625
:10CCD0000F941B378091610E882339F07F81709308
:10CCE000790788858093F603FDCC812C912C70E226
:10CCF000A72E71ECB72E222051F02A813B814C8166
:10CD00005D81C301B2010F948ABC4B015C01488D67
:10CD1000C501B4010F948169811109C082EF90E7C8
:10CD20009F938F930F9425BA0F900F90C2CE2091AE
:10CD30004F07309150074091510750915207C7015A
:10CD4000B6010F948ABC20E030E0A9010F9480BDA9
:10CD500087FF36C060E070E080EA90E460934F07A0
:10CD600070935007809351079093520765E575E5DE
:10CD700085E591E40F94CF960F941B37488DC5013C
:10CD8000B4010F948169882349F220914F073091B3
:10CD90005007409151075091520760E070E080EADF
:10CDA00090E40F948ABC2DEC3CEC4CEC5DE30F94CA
:10CDB00080BD87FF05C082ED95E10F944CBA79CE16
:10CDC000C0904F07D0905007E0905107F090520765
:10CDD0002220A1F0A7019601C301B2010F948ABCE1
:10CDE0009B01AC015F776A817B818C819D810F946F
:10CDF00080BD87FF03C089E995E1DFCF8FEA9FE01F
:10CE00000F9463BB882309F440C086EA9FE00F9427
:10CE100063BB8823D1F1609198037091990380914D
:10CE20009A0390919B030E94B84120917E06309115
:10CE30007F0640918006509181060F948ABD9B0128
:10CE4000AC01E7E0AE85BF85EA9FC001EB9F900D86
:10CE50001124080F191F000F111F000F111F0B5570
:10CE60001C4EC701B6010F948ABCD80111966D9370
:10CE70007D938D939C9314978091F60381508093BA
:10CE8000F60381E00E94D45310CE20E030E0A901E7
:10CE9000D8CF85E00F948742C12CD12C90EAE92E9F
:10CEA00090E4F92E88E790E10F940C128EE190E067
:10CEB0000F945C2E0E94525480E00F946242182F0F
:10CEC00060E070E080E89FEB0E940F5381E00F94D8
:10CED000624284E00F94A219C0924F07D09250078B
:10CEE000E0925107F092520765E575E585E591E41A
:10CEF0000F94CF960F941B370F947319812F0F94B3
:10CF0000624282E00F94073720E030E040EA50E4CC
:10CF10000F9414BF181634F2EF81E0937907F88567
:10CF2000F093F60381E00E941A5541E061E081E050
:10CF30000E94166381E080938510D4CB10926D031C
:10CF40008BA19CA10E94104C0F9425A360916C05AD
:10CF500070916D05072E000C880B990B0F94F1B59D
:10CF6000905820917E0630917F0640918006509126
:10CF700081060F948ABD0F9441A380EC9FE00F942B
:10CF800063BB91E0813009F090E099834FEB5FE063
:10CF90006CE4CE0101960E940A41F82E4EEB5FE050
:10CFA00062E5CE0101960E940A41082F4DEB5FE039
:10CFB00066E4CE0101960E940A41182F4CEB5FE017
:10CFC00062E4CE0101960E940A41212F110F330B1A
:10CFD000082E000C990B5C01A21AB30A8F2DFF0CCE
:10CFE000990B280F391F46E0429F6001439FD00CE8
:10CFF0001124F12CE12C002E000C110B081B190B35
:10D00000B7016A557C4E3B01460177E07A83D30134
:10D010002D903D904D905D903D01FD013497FB8733
:10D02000EA87B401092C000C880B990B0F94F1B519
:10D030002FE333EC4EE259E30F9430B6A201910195
:10D040000F948BBCAA85BB856D937D938D939C9328
:10D050001397BA81B150BA83800E911EB111D7CF08
:10D06000CA0CDB1CECE1EE0EF11CF4ECEF16F10443
:10D0700039F60E94CABC8DE40E94F540882309F469
:10D0800084C00E9487402E81273009F094C08823F5
:10D0900009F491C0BB24B394AA24AA94AB0C09A1AF
:10D0A0001AA1612C8EEF882E8B0C6A2D862D0F9481
:10D0B000F0A299249394960C81116EC06B2D862D4D
:10D0C0000F94F0A2C12CD12C7601712C882381F011
:10D0D00020E030E0A901D8015D966D917D918D91A0
:10D0E0009C9190970F948BBC6B017C017724739477
:10D0F000682D862D0F94F0A2882369F0F8017B97A4
:10D100002081318142815381C701B6010F948BBCCC
:10D110006B017C0173946A2D892D0F94F0A28823F2
:10D1200061F0F8012581368147815085C701B6013C
:10D130000F948BBC6B017C0173946A2D8FEF860D6D
:10D140000F94F0A2882331F1F801339720813181C7
:10D1500042815381C701B6010F948BBC6B017C01E6
:10D160007394672D70E090E080E00F94F1B59B011F
:10D17000AC01C701B6010F948ABDD80111966D9319
:10D180007D938D939C93149707C08CEA9DE00F9438
:10D1900063BB79CF7110E5CF692C0C5F1F4FB7E0EF
:10D1A0009B1283CFB394E9A1FAA17C96FAA3E9A3D9
:10D1B000F8E0BF1271CF81E08093A5138FE40E9445
:10D1C000F540811103C00F9496A39FCC0E94874025
:10D1D0008111F9CF0E94054C98CC89E893E00F9417
:10D1E00015208091861090918710892B79F0E0911D
:10D1F0007512F0917612E857FF4E8081813011F060
:10D20000863021F48FE596E20C948F5D089580912D
:10D21000861090918710892B29F00E94ED680E945A
:10D22000D45AF5CF10927612109275121092841083
:10D230001092831081E0809385100895EF92FF9201
:10D240000F931F93CF93DF938091A513882389F1C8
:10D250008BE296E10E948F5D85E196E10E948F5DF1
:10D2600084E096E10E948F5DC7E0DCE1C15058F197
:10D27000CD9F7001112401E010E081E096E10E9451
:10D28000685BF801EE0FFF1FEE0FFF1FEE0DFF1D95
:10D29000EE55FC4E608171818281938145E00F944F
:10D2A000B4B20F5F1F4F0830110539F70F9467B301
:10D2B000DDCF88E396E1DF91CF911F910F91FF9031
:10D2C000EF900C948F5DDF91CF911F910F91FF90A4
:10D2D000EF9008958F929F92AF92BF92CF92DF927C
:10D2E000EF92FF9280916B0E811131C00F94841DDB
:10D2F0006B017C0120912F02222309F140919702BA
:10D300004130E9F08091100290911102A091120237
:10D31000B091130246015701881A990AAA0ABB0A5A
:10D3200030E0A8EEB3E00F9403BC86169706A8067B
:10D33000B9066CF0443031F19CF44230D4F4C09220
:10D340001002D0921102E0921202F0921302FF90AA
:10D35000EF90DF90CF90BF90AF909F908F90089507
:10D36000453069F783EA99E60E94685B8DEA94E1AB
:10D3700006C083EA99E60E94685B8AED94E10E9408
:10D380008F5DDDCF83EA99E60E94685B84EC94E1CF
:10D39000F6CFCF92DF92EF92FF920F931F93CF932E
:10D3A000DF931F921F92CDB7DEB70F94841D0091BB
:10D3B000A1171091A2172091A3173091A417601BF9
:10D3C000710B820B930B6938734181059105D0F085
:10D3D00080913A05811116C00F94841D6093A117A6
:10D3E0007093A2178093A3179093A4178091AA0417
:10D3F000809314028B3418F08FEF8093AA0481E09D
:10D4000080933A050F94841D0091A1171091A217E3
:10D410002091A3173091A417601B710B820B930B03
:10D42000653671058105910508F4F7C080913A05CC
:10D43000882309F4F2C00E94E75883E08A8382E0DF
:10D44000898380913802882351F087E89FE00F9408
:10D4500063BB91E0811101C090E09093380280910C
:10D46000BB049091BC0444970CF0A0C020E030E0D5
:10D4700048E452E46091650E7091660E8091670EEB
:10D480009091680E0F9414BF18160CF08FC0809105
:10D4900054038F5F809354038091BD049091BE0428
:10D4A00005970CF089C090915A0E80915B0E9817E9
:10D4B00009F47FC0E0915B0E8EE6E89FF001112435
:10D4C000E054F84F80818C3408F476C08091550385
:10D4D0008F5F809355038091540381110BC080911D
:10D4E0005503811107C08091E403823019F481E073
:10D4F0008093E4038091E403813061F40E94234D22
:10D50000811108C01092E4031092D00389E994E6D7
:10D510000E9497EE80913802882309F46EC08091B2
:10D52000E403823009F469C084E5E82E83E0F82E34
:10D53000FE0131966F0110E002E0F70191917F0149
:10D54000F60181916F01891768F5F7013197108213
:10D550008091E403823031F10093E4030E94D24CC5
:10D56000882381F10E94C74C811106C08091150566
:10D57000882329F10F94B40A113059F18DED9DE003
:10D580000E948F5D8091D00381110CC041E070E05A
:10D5900060E088EC90E00F94974462E088E693E2C4
:10D5A0000E94A7E9113049F111E0C7CF109254034E
:10D5B00073CF8091E50387CF109255038CCF0F94E2
:10D5C000901DDACF1092730E1092720E1092E1033A
:10D5D000D3CF85E09EE00E948F5D8091D0038111C2
:10D5E0000CC041E070E060E088EC90E00F9497445C
:10D5F00062E084E593E20E94A7E98091140280939F
:10D60000AA040F94841D6093A1177093A2178093AE
:10D61000A3179093A41710923A050F900F90DF91E3
:10D62000CF911F910F91FF90EF90DF90CF900C94CE
:10D63000BF59CF92DF92EF92FF926B017C01C092B3
:10D640005A03D0925B03E0925C03F0925D038091F9
:10D6500073038230B1F420E030E040E950E4C701C8
:10D660000F9480BD87FF14C08091A2069091A306FD
:10D67000A091A406B091A506803D9740A105B105F3
:10D6800020F5C701B601FF90EF90DF90CF9008958D
:10D690002AE939E949E95EE3C701B6010F9480BD83
:10D6A00087FF0AC020E030E048E351E4C701B6013B
:10D6B0000F9430B66B017C0189E59EE00E94685BA7
:10D6C000C701B6010F94F750DCCF2AE939E949E9DF
:10D6D0005EE3C701B6010F9480BD87FDE3CF20E074
:10D6E00030E040E85EE3C701B6010F9430B620E0B9
:10D6F00030E048E550E40F948BBCDCCFCF92DF9252
:10D70000EF92FF92CF93909173039817B9F1C82FBE
:10D71000C0905A03D0905B03E0905C03F0905D03EF
:10D7200020E030E0A901C701B6010F9480BD882335
:10D7300041F0C092C606D092C706E092C806F092A9
:10D74000C9068CE39EE00E94685BC13011F1E0F0F5
:10D75000C23011F1C09373036091C6067091C70681
:10D760008091C8069091C9060E94196B6093C60605
:10D770007093C7068093C8069093C906CF91FF9017
:10D78000EF90DF90CF90089584E39EE00E948F5D3C
:10D79000E1CF80E39EE0FACF8CE29EE0F7CF0F94DA
:10D7A0001B37179AE4E4F7E01082169A1182149A54
:10D7B00080E00E947E6B8FEF9FEF909388028093B2
:10D7C00087022FEF2093840290938C0280938B0228
:10D7D00020938302909386028093850290938A021D
:10D7E00080938902089541ED50E067EE7CE082E786
:10D7F00096E00F94FDB80F94C1860F94002F0F94FC
:10D80000D3250E94FB4A83EA99E60E94685B85EC77
:10D810009CE00C948F5DCF93DF9367EE7CE082E712
:10D8200096E00F941AB941ED50E064E170E082E7B0
:10D8300096E00F9477BB6091240582E09DE00F9401
:10D8400087BBC3E9D2E14AA55BA56CA57DA58EEF98
:10D850009CE00F9499BB4EA55FA568A979A982EABF
:10D860009CE00F9499BB4AA95BA96CA97DA98EE99C
:10D870009CE00F9499BB4EA95FA968AD79AD8AEF82
:10D880009CE00F9499BB4AAD5BAD6CAD7DAD8AE970
:10D890009CE00F9499BB6EAD7FAD88E99CE00F943E
:10D8A000A5BB40E450E06AEB7CE083ED92E10F948D
:10D8B00077BB40911313509114136091151370911D
:10D8C000161386EB9CE00F9499BB4091171350916F
:10D8D00018136091191370911A1382EB9CE00F9446
:10D8E00099BB40911B1350911C1360911D137091B3
:10D8F0001E138EEA9CE00F9499BB83EA99E60E947E
:10D90000685B81E79CE0DF91CF910C948F5D2F9253
:10D910003F924F925F926F927F928F929F92AF92BF
:10D92000BF92CF92DF92EF92FF920F931F93CF930C
:10D93000DF93CDB7DEB7A2970FB6F894DEBF0FBE68
:10D94000CDBF8FE590E00E947041882309F491C01B
:10D950000E94215B8F37910561F480919F04909123
:10D96000A00490939E0480939D0482E69CE00E9414
:10D970008F5D1E012FE1220E311CDD24D3940E9405
:10D98000215B181619060CF068C080915E0E882382
:10D9900029F00E94C74C882309F45FC08091A50339
:10D9A00081115BC00F946CB497FDE9CF282F8F3F96
:10D9B00009F07BC080914603882309F473C0D0929C
:10D9C0004503109246031F8E18A2C0904903CC2035
:10D9D000B1F2809147038F8F91E09C1518F48091EC
:10D9E000480388A3109249033AA229A289A1821967
:10D9F0008C1528F6E9A1FAA11191FAA3E9A38CE408
:10DA000093E00F94E51D17FDF1CF80918110909167
:10DA100082101A3009F44AC11D3009F447C18F350C
:10DA200091050CF048C11B3311F4D0924B032091A7
:10DA30004B032111DBCF9C012F5F3F4F30938210AE
:10DA400020938110209183103091841028573F4EED
:10DA5000820F931FFC011383C9CF80918110909195
:10DA60008210181619060CF45AC280917314811191
:10DA700070C2A2960FB6F894DEBF0FBECDBFDF9185
:10DA8000CF911F910F91FF90EF90DF90CF90BF90BB
:10DA9000AF909F908F907F906F905F904F903F904E
:10DAA0002F900895D09246038ECF309145033323B3
:10DAB00009F457C0893F09F43FC080F5863F09F457
:10DAC00048C0809144038260273F79F18DE29CE059
:10DAD0000E94685B88E29CE00E94685B10914403AE
:10DAE00084E29CE010FD02C08FE19CE00E94685B34
:10DAF000012F02708AE19CE011FD02C085E19CE0EB
:10DB00000E94685B84E19CE00E948F5D002329F104
:10DB100055E450930B021092450355CF8A3F41F0D4
:10DB20008091440381602B3F89F680934403CECFDC
:10DB3000809144038E7FF9CF1092490310924503E0
:10DB40001092440310924303109246031092420332
:10DB5000BDCF809144038D7FE8CF80E280930B029C
:10DB6000DACF2091460340914403222331F1E09122
:10DB7000490340FF49C030914203332309F440C0B8
:10DB800021E02E0F20934903AE2FB0E0A95BBC4FDC
:10DB9000FFEFFC9350914303552351F0EE5FE09368
:10DBA0004903E22FF0E0E95BFC4F508310924303FE
:10DBB00031503093420310924603E091490340FFF5
:10DBC0006CC020914203222349F191E09E0F909373
:10DBD0004903AE2FB0E0A95BBC4F8C938091430307
:10DBE000882351F0EE5FE0934903E92FF0E0E95B11
:10DBF000FC4F808310924303215020934203E3CED5
:10DC000022E020934203D7CF21E02E0F2093490337
:10DC1000F0E0E95BFC4F5FEF5083CDCFA82FAF70F2
:10DC200040E031E0AF3029F0B0E0A050BE4F4C9161
:10DC300030E0582F507F503F59F4326030FF13C00E
:10DC4000D092420331FF0CC082E080934203BBCEEE
:10DC500082958F70A82FB0E0A050BE4F2C91EECFD0
:10DC600020934303B0CE81E08E0F80934903AE2F03
:10DC7000B0E0A95BBC4F4C934A3009F4A4CE31FF0D
:10DC800003C0D09242039FCEEE5FE0934903E82F9A
:10DC9000F0E0E95BFC4F208396CE91E09E0F9093DD
:10DCA0004903F0E0E95BFC4F80838DCE009719F4C7
:10DCB00010924B03DECE00918310109184100D5F03
:10DCC0001F4F88579F4EFC01E00FF11F108208572D
:10DCD0001F4E1A83098380914B03811103C1F80100
:10DCE00080818E3409F08AC04AE050E0BE016F5F47
:10DCF0007F4FC80101960F94EEB62B013C01E980DD
:10DD0000FA80F7018081803231F4FFEFEF1AFF0AC9
:10DD1000FA82E982F4CF80907D0390907E03A090F8
:10DD20007F03B0908003D501C4010196A11DB11DF0
:10DD300084159505A605B70549F044E050E06DE56A
:10DD40007CE0C7010F9442B9892BA1F46AE270E02C
:10DD5000C7010F94BAC190931318809312180097BB
:10DD600009F445C0F801F12CE817F90771F0219189
:10DD7000F226FACF8BE799E60E94685B8BE897E082
:10DD80000E94685BC501B40115C00E949440F8165A
:10DD90001906D9F08BE799E60E94685B8CE697E05C
:10DDA0000E94685B60917D0370917E0380917F0388
:10DDB000909180030F94F3AE0F9467B30E94AC4030
:10DDC000109282101092811054CEE0911218F091AE
:10DDD00013181082E980FA8068E57CE0C7010F948F
:10DDE00011B9892B39F582E39AE00E941A5E8BE71C
:10DDF00099E60E94685B82E497E0C2CF89819A81AC
:10DE0000FC012081203221F401969A838983F6CF88
:10DE10006AE270E00F94BAC1892B39F08BE799E67A
:10DE20000E94685B88E197E0BBCF44244A94542C5D
:10DE30003201D0CF44E050E063E57CE0C7010F94AD
:10DE400042B95C01F7018081873481F480916C0EC6
:10DE5000853061F085E195E00F94E51DF6E0F093E3
:10DE60006C0E60E085EA9FE00F9487BBAB2821F041
:10DE7000809118058111A4CF26E077FC21E08091E4
:10DE8000831090918410FC01E857FF4E2083498154
:10DE90005A81F801DA0140175107A1F501900020DD
:10DEA000E9F79F01201B310B0396280F391F2D3EE8
:10DEB000F1E03F0779F13093841020938310809133
:10DEC000861090918710019690938710809386100A
:10DED00077FC08C040927D0350927E0360927F03DE
:10DEE0007092800310928210109281100E94215B28
:10DEF000892B09F4BECD8FE590E00E94704181111D
:10DF000075CDB7CD6D9161939D01241B350B6111CA
:10DF1000F9CFCACF1092841010928310D0CF809185
:10DF20006B0E60E273E0811102C060ED77E08CE47B
:10DF300093E00F94B61D882309F497CD10924B03FC
:10DF4000109282101092811088E49CE00E948F5DF4
:10DF500090CD80910617882309F48BCD8091811094
:10DF600090918210892B09F084CD80918610909138
:10DF70008710892B11F410924A0312E001E04091BE
:10DF80008717509188176091891770918A1780912F
:10DF9000801790918117A0918217B091831748172D
:10DFA00059076A077B0708F0C1C080914A038111B5
:10DFB000BDC00F94095840910B1750910C176091F8
:10DFC0000D1770910E174093871750938817609321
:10DFD000891770938A1720918110309182108A30AE
:10DFE00061F08D3051F0833209F487C02F3531054F
:10DFF00024F48F3F980709F087C02115310509F4F3
:10E0000038CD80910617811103C040E050E0BA017D
:10E010008091850390918603481B590BA091831032
:10E02000B0918410FD01E857FF4E10834183528365
:10E03000139628573F4EF901EA0FFB1F1082A8578D
:10E04000BF4EFD0101900020E9F73197EA1BFB0B61
:10E05000F894809186109091871001969093871084
:10E0600080938610EC5F8091831090918410E80F6C
:10E07000F92FF11DF0938410E0938310809106171F
:10E08000882309F43DC08091871790918817A0914B
:10E090008917B0918A178093850390938603A09384
:10E0A0008703B0938803ED3EF14021F41092841071
:10E0B00010928310789410924B0310928210109259
:10E0C000811040918717509188176091891770913E
:10E0D0008A178091801790918117A0918217B09133
:10E0E0008317481759076A077B0700F58FE590E00B
:10E0F0000E947041811143CFBCCC00934A037DCF75
:10E1000080E090E0DC01C7CFA9014F5F5F4F5093E3
:10E110008210409381104091831050918410485791
:10E120005F4E240F351FF901838329CF4091871754
:10E13000509188176091891770918A178091801784
:10E1400090918117A0918217B091831748175907B2
:10E150006A077B0708F48DCC0E943240892B09F0B6
:10E1600088CC0F94265185E097E00E948F5D0F9434
:10E17000D0326B017C010E94614B8CE3882E912C84
:10E18000A12CB12CC701B601A50194010F94D6BBF7
:10E19000CA01B901A50194010F94D6BB7F936F9377
:10E1A000C701B60120E13EE040E050E00F94D6BB4D
:10E1B0003F932F9384E39CE09F938F938E010F5F97
:10E1C0001F4F1F930F930F947ABA83EA99E60E9428
:10E1D000685BC8010F9468B4C8010E94DEF70F9411
:10E1E000D15C109269020FB6F894DEBF0FBECDBFAE
:10E1F00080917414882359F00F944C5380916B0EC6
:10E20000882309F436CC86E00F946AB332CC81E0DF
:10E210000F94105D809174148111EECFEFCFCF93E6
:10E22000DF93EC018991882319F00E944F5BFACFAC
:10E23000DF91CF910895FF920F931F93CF93DF93B8
:10E24000EC01F62E662309F44BC00F9421B98C0122
:10E25000C8010E947041882309F453C08091831043
:10E2600090918410FC01E857FF4E23E020838557EE
:10E270009F4EBE01FF20E9F10F941AB983EA99E697
:10E280000E94685B8AEF96E00E94685B8091831031
:10E290009091841085579F4E0E940F7188EF96E0F1
:10E2A0000E948F5D80918310909184100496080FD6
:10E2B000191F0D3E81E01807F9F0109384100093A8
:10E2C000831080918610909187100196909387100B
:10E2D00080938610DF91CF911F910F91FF90089549
:10E2E000FC0101900020E9F731978F01081B190B01
:10E2F000AFCF0F94CEC1C2CF109284101092831072
:10E30000E0CF8BE799E60E94685B8AEF96E00E9477
:10E31000685BCE01FF2059F00E94685B84E699E6B5
:10E32000DF91CF911F910F91FF900C948F5D0E9410
:10E330000F71F4CF0F931F93CF93DF93D62F8C01E0
:10E34000C0E0F8018591949161E00E941B71CF5F5C
:10E350000E5F1F4FDC13F5CFDF91CF911F910F910F
:10E360000895CF93DF93CDB7DEB76E970FB6F894CD
:10E37000DEBF0FBECDBF9E012C5D3F4FF901419125
:10E3800051919F016EE170E0CE0101960F94B9BAF0
:10E3900060E0CE0101960E941B716E960FB6F89454
:10E3A000DEBF0FBECDBFDF91CF910895EF92FF92F8
:10E3B0000F931F93CF93DF93CDB7DEB76B970FB655
:10E3C000F894DEBF0FBECDBF8AE59FE00F9463BB1C
:10E3D000E82E0AE01FE0F12C48E050E0FE1479F04E
:10E3E000B801CE010E960F9453BB1E8A60E0CE0199
:10E3F0000E960F94625AF394085F1F4FEDCF65E9B4
:10E400007FE08E010F5F1F4FC8010F9453BB198629
:10E410008EE28F8B43E050E061E97CE0CE014896CC
:10E420000F9453BB1B8EBE01695E7F4FC8010F94D2
:10E43000AFC11F930F9389E195E69F938F930E943D
:10E44000B1710F900F900F900F906B960FB6F894DC
:10E45000DEBF0FBECDBFDF91CF911F910F91FF9017
:10E46000EF900895BF92CF92DF92EF92FF920F93B9
:10E470001F93CF93DF93E0915E0EE111B1C0052FA2
:10E48000142FE9016B017C01F8940E947C4AB09042
:10E490005D0EB11002C0B0905C0E0E94324A0F9423
:10E4A000499880E1E7E4F7E0ACE9B2E001900D9231
:10E4B0008A95E1F7BB2061F080E090E0A0E8BFEB37
:10E4C00080939C0290939D02A0939E02B0939F0222
:10E4D0008091390290913A0290937503809374036E
:10E4E0008091720E9091730E9093B0058093AF055A
:10E4F0008091700E8093B1058091E30383FB8827A0
:10E5000080F980930B188091E5038093AE050E94FB
:10E5100007691092731481E080935E0E0F94903718
:10E52000789420E030E0A901C701B6010F9480BDC6
:10E5300020E030E0A901F8016C2F7D2F81115AC035
:10E540008F2F902F0F9480BD882309F449C08091AC
:10E550000B18811105C061E082E794E20E941B71F3
:10E560000F931F93DF93CF9380E792E79F938F934F
:10E570000E94B1710F900F900F900F900F900F901D
:10E5800020E030E0A901C701B6010F9480BD8823C7
:10E5900021F184E48F9388E48F931F921F9220913E
:10E5A000A4023091A5024091A6025091A702C70192
:10E5B000B6010F948BBC9F938F937F936F9383E9E6
:10E5C00097E19F938F930E94B1718DB79EB70A9682
:10E5D0000FB6F8949EBF0FBE8DBF81E0809385106B
:10E5E000DF91CF911F910F91FF90EF90DF90CF902F
:10E5F000BF9008958F2F902F0F9480BD882349F2EC
:10E60000A6CF80910704882321F180914F028230A8
:10E61000E9F4A0914D02B0914E0228EE33E00F9440
:10E6200083BCAB01BC018DE393E00F94681E88238B
:10E6300031F06091050470E085E00C9415C4809180
:10E640003D03882331F060910604F5CF8111FBCFA3
:10E65000F0CF08956091060484E39DE00F9487BB9A
:10E660006091050483E39DE00F9487BB60914F02A6
:10E6700082E39DE00F9487BB60914D0270914E0242
:10E6800080E39DE00D94A5BB882361F081E0809339
:10E690004F02809106048E3118F48EE180930604B7
:10E6A0000C94017382E39DE00F9463BB80934F024F
:10E6B00084E39DE00F9463BBF1CF8091070488232E
:10E6C00031F08DE393E00F9415200C9401730895BD
:10E6D000FF920F931F93CF93DF9390910704992399
:10E6E00099F1882351F100914F02C82FD0E0CC0F4F
:10E6F000DD1F10E0FF24F394212F30E080913D03D3
:10E700008F25023009F080E08C0F9D2F911D281776
:10E7100039078CF481E090914F02911180E0809351
:10E720004F020E94017369E170E080E090E00F9475
:10E73000971B1F5FE1CF00934F02DF91CF911F9195
:10E740000F91FF900C945D73DF91CF911F910F910A
:10E75000FF9008950F931F93CF93DF93D82F80914D
:10E760008D17813021F0823049F0C0E04BC082E04B
:10E7700080938D170E943CC9809390171092911737
:10E7800080918D17823009F092C08091921781118B
:10E79000D2C00E943CC9C82F80919017C81729F396
:10E7A000C093901782E997E10F94E51DCC2309F4FB
:10E7B000CBC080918E17882311F18091A60381111F
:10E7C0001EC080919D138130D1F080915A0E90919E
:10E7D0005B0E891B8F7099F40E94D24C81110FC07F
:10E7E0008091690E843059F08FE59FE00F9463BBF0
:10E7F000811105C061E083EE91E00F948AAC81E065
:10E800008093911780918D17823009F04BC09FB78C
:10E81000F894809197179FBF882309F443C08FB75E
:10E82000F894109297178FBF0F9480588C018091A5
:10E830009C1790919D178017910708F0DDC01093E9
:10E840009D1700939C1780919A1790919B179C019C
:10E85000265D334029353F4008F0DBC080919C178E
:10E8600090919D178D5596428737944120F461E031
:10E8700080E00F949758C8018E52934180339341A2
:10E8800008F0D8C08091A01791E0980F9093A0173E
:10E89000853008F4D1C086EB96E10F944CBA83E042
:10E8A00080938D17CC2319F081E080938F020E9412
:10E8B000234D8111CFC08091720E9091730E0097FD
:10E8C00039F42091700E3091710E232B09F4C2C0DF
:10E8D00040913002509131026091320270913302C6
:10E8E000411551056105710509F4B4C0892B31F456
:10E8F0008091700E9091710E892B29F08091DD0529
:10E90000882309F40FC180916B0E882321F040EE1B
:10E9100052E369E270E08DED95E00F94681E882364
:10E9200009F49AC00F943E2384ED90E10F948F1266
:10E930000F942B1091C064E670E082E997E10F9488
:10E94000B61D811126CF11CFC0918F17CC2309F4AA
:10E950004FC08091A603811155CF80915A0E90919E
:10E960005B0E891B8F7029F40E94D24C882309F416
:10E9700049CF80915E0E81113DC080919D13813001
:10E9800009F440CF8091690E843009F43BCF8FE5C4
:10E990009FE00F9463BB811135CF8EE598E09F9384
:10E9A0008F9384E498E09F938F930F9425BA1092ED
:10E9B0008F1710928E1720E030E0A901CA01B9012B
:10E9C0000E94327260E070E0CB010E94724D85E6D9
:10E9D0009FE00E94405A81E09FE00E94335A8BEAF8
:10E9E00094E60F9492520F900F900F900F900ACFD1
:10E9F000C1E008CFC82F06CF80919A1790919B173E
:10EA00000817190708F01FCF10939B1700939A1748
:10EA10001ACF863D934008F02ECF80919C1790919D
:10EA20009D17845D9A438D31954008F024CF60E0B6
:10EA300081E01FCF1092A01780919617813009F0C6
:10EA400031CF035D1A430E31154008F02BCF85E816
:10EA500096E123CF1092DD0580918610909187106A
:10EA6000039714F40E94876C90915A0E80915B0E6C
:10EA7000981781F080916C0E863061F468E873E13C
:10EA800085E195E00F94B61D882321F085E195E09E
:10EA90000F94E51D4091810350918203609183039F
:10EAA00070918403411551056105710509F03FC05E
:10EAB00040913402509135026091360270913702D4
:10EAC0004115510561057105A9F089E893E00F949E
:10EAD000681E882379F090915A0E80915B0E9813EE
:10EAE00009C0D11107C0179A10924407169A1092C4
:10EAF0004507149AC091E50390915B0E80915A0EE0
:10EB0000981701F180915B0E9EE6899FF001112418
:10EB1000E054F84FC08190915A0E981799F08F5F8A
:10EB20008F70F9CF8DED95E00F94152095CF89E882
:10EB300093E00F94681E882309F4BACF87EE96E11C
:10EB40000E941A5ECC2309F49FC080916F039091BC
:10EB50007003A0917103B0917203892B8A2B8B2BC8
:10EB600081F40F94841D605E7C4F8F4F9F4F6093A4
:10EB70006F03709370038093710390937203CFEFD0
:10EB80000FC00F94841D00916F03109170032091AA
:10EB9000710330917203601771078207930778F34E
:10EBA00080913A05882309F478C0C09314028091BB
:10EBB0001305811107C081E0809313050F944176FE
:10EBC000109213058091D6058823E1F11092D605A5
:10EBD00080E00E9468734FB7F8948091D405282F85
:10EBE000082E000C330B37FF03C0319521953109F6
:10EBF000243031050CF454C0982F87FF02C093E0F5
:10EC0000980F959595952091700630917106290F72
:10EC1000311D97FD3A9530937106209370068378E5
:10EC200087FF03C081508C6F8F5F8093D4054FBFE7
:10EC300086E00F94874280918F02811103C081E0AA
:10EC400080938F020E9401738091D705882361F021
:10EC50000E945257E0911A04F0911B04309721F062
:10EC600080919002811119950E946C5D0E946A69E1
:10EC700040E355E760E070E08DE993E0DF91CF91EC
:10EC80001F910F910D94681E10926F0310927003E4
:10EC9000109271031092720383CFC093AA0487CF9E
:10ECA0001092D4054FBF80E0C4CFCF93DF93EC0127
:10ECB0000F94832C81E00E94AA7380E00E94D453B9
:10ECC000209799F0C233D10540F062E370E080E014
:10ECD00090E00F94971BE297EBCFBE0190E080E0AD
:10ECE0000F94971BD0E0C0E0E3CFDF91CF91089560
:10ECF000CF93DF93C82FDFEF0F94832C81E00E9426
:10ED0000AA7380919B138F3FD9F480913013843084
:10ED100021F4809133138111EFCF80916E13909184
:10ED20006F13019749F7809195139091961389324B
:10ED3000904811F360E089E290E80F94415FDCCFE6
:10ED4000D0939B13853039F4CF3FF9F261E08C2FDB
:10ED50000F94D47CD1CF8430C1F6DF91CF91089548
:10ED60001F920F920FB60F9211240BB60F922F9392
:10ED70003F934F935F936F937F938F939F93AF9343
:10ED8000BF93EF93FF932091780030917900E09149
:10ED90003C03F0E0EE0FFF1FE45DFC4F80819181AA
:10EDA000820F931F9183808380912B038F5F8093C9
:10EDB0002B03803109F060C080913C038F5F80930A
:10EDC0003C03883009F050C080912C0390912D03B2
:10EDD00090930B0680930A06809130039091310343
:10EDE0009093090680930806809132039091330333
:10EDF000909307068093060680913603909137031F
:10EE000090931506809314068091340390913503F6
:10EE100090935C0680935B0680913A0390913B034C
:10EE200090935A0680935906809138039091390344
:10EE3000909399178093981781E080939717809308
:10EE40002305FF91EF91BF91AF919F918F917F919A
:10EE50006F915F914F913F912F910F900BBE0F904B
:10EE60000FBE0F901F90189580912A034FE553E035
:10EE70008F5F41F410922A0380917A00806480931E
:10EE80007A00DFCF9A01082E02C0359527950A94A3
:10EE9000E2F720FFEDCF80932A030E947240109288
:10EEA0002B03EACFCF93DF93CAE7D0E088818F7B33
:10EEB000888310922B0310923C0310922A0380E067
:10EEC0000E947240ECE2F3E080E1DF011D928A953E
:10EED000E9F7888180648883DF91CF9108954F920C
:10EEE0005F926F927F928F929F92AF92BF92EF92BA
:10EEF000FF920F931F93CF93DF931F92CDB7DEB78F
:10EF000044E050E064E170E082E796E00F9453BB88
:10EF100043E050E067EE7CE082E796E00F9442B970
:10EF2000892B09F09FC1EBEAFDE045915591659170
:10EF3000749188ED90E00E946949EFEAFDE0459107
:10EF40005591659174918CED90E00E946949E3EBD5
:10EF5000FDE0649180EE90E00E94215AE4EBFDE038
:10EF60006591749181EE90E00E94095AE6EBFDE014
:10EF70006591749183EE90E00E94095AE7EAFDE002
:10EF8000459155916591749184ED90E00E94694995
:10EF900043E85DE060E170E080EB90E00E94EA59B8
:10EFA00043E95DE060E170E080EC90E00E94EA59A6
:10EFB00043EA5DE064E070E080ED90E00E94EA5991
:10EFC00041ED50E064E170E082E796E00F9453BBBE
:10EFD0000E94FB4A02E716E08EE0E82E87E0F82E5A
:10EFE00094EC892E99E0992EA12CB12C20EC422E84
:10EFF00023E0522E612C712C20E030E048E453E4F1
:10F00000F80164897589868997890F9414BF181649
:10F010004CF480E090E0A8E4B3E4F801848B958B95
:10F02000A68BB78BF70161917191819191917F01CD
:10F0300020E030E048EC52E40F9414BF181654F46A
:10F0400080E090E0A8ECB2E4F701349780839183EC
:10F05000A283B383F80184A195A1A6A1B7A1853CA1
:10F060009940A105B10528F0F80184A295A2A6A2B5
:10F07000B7A2F70184859585A685B785813C934025
:10F08000A105B10528F0F701448655866686778686
:10F090000C5F1F4FF6E00A371F0709F0ADCF6091F4
:10F0A0002E0770E080E00F94C41860912F0770E085
:10F0B00081E00F94C4186091300770E082E00F94F3
:10F0C000C4186091310770E083E00F94C4180F9466
:10F0D000C1860F94002FCE0101960F94C52540E004
:10F0E00050E0BA0182EA9CE00E94694940E050E0A9
:10F0F00060E87FE38EE99CE00E94694948EB5EE1AD
:10F1000065E87DE38AE99CE00E94694964E378E070
:10F1100088E99CE00E94095A61E087E99CE00E942E
:10F12000215A82E09DE00F9463BB91E0811101C000
:10F1300090E0909324058EEF9CE00F946BBB60935E
:10F14000BD127093BE128093BF129093C01282EAD8
:10F150009CE00F946BBB6093C1127093C2128093BA
:10F16000C3129093C4128EE99CE00F946BBB609322
:10F17000C5127093C6128093C7129093C8128AEF7B
:10F180009CE00F946BBB6093C9127093CA1280937A
:10F19000CB129093CC128AE99CE00F946BBB6093E6
:10F1A000CD127093CE128093CF129093D01288E933
:10F1B0009CE00F9471BB0F94A82240E450E06AEBEE
:10F1C0007CE083ED92E10F9453BB86EB9CE00F94BF
:10F1D0006BBB609313137093141380931513909368
:10F1E000161382EB9CE00F946BBB60931713709324
:10F1F00018138093191390931A138EEA9CE00F94BE
:10F200006BBB60931B1370931C1380931D1390931F
:10F210001E130F94C722811106C081E89CE00E9452
:10F220008F5D0F94D3250F942F23CE0101960F9459
:10F23000B82583EA99E60E94685B8BEA9CE00E940D
:10F240008F5D81E00F90DF91CF911F910F91FF9023
:10F25000EF90BF90AF909F908F907F906F905F9056
:10F260004F9008950E94F36B64E070E084E190E0B9
:10F270000E94DA4091E08927E5CF2F923F924F928A
:10F280005F926F927F928F929F92AF92BF92CF9236
:10F29000DF92EF92FF920F931F93CF93DF93CDB73F
:10F2A000DEB7CF58D1090FB6F894DEBF0FBECDBF81
:10F2B00082E080939702A0907512B090761285013B
:10F2C00005571F4E46E050E06AE072E2C8010F9415
:10F2D00042B9892B09F0B5C08BEF91E20F94628699
:10F2E000882309F48EC088E50E94F540182F89E52F
:10F2F0000E94F540811112600F941B371A82198207
:10F30000FE01339683E1DF011D928A95E9F748EC0F
:10F310005FEA60E070E088E793E00F94681E811177
:10F3200010927703009177030F5F0093770388E7CC
:10F3300093E00F94152080917603812B80937603C0
:10F3400010FF08C086E69FE00E94405A85E09FE0DB
:10F350000E94335A11FF08C088E69FE00E94405A7D
:10F3600083E09FE00E94335A81E00E941A5582E0B8
:10F370000E94D453612FCE0101960E94CB45CE014D
:10F3800001960E94DEF740E061E081E00E94166392
:10F3900061E080E99EE1033048F11092730E109213
:10F3A000720E80E00E941A550E94405460917603CC
:10F3B000CE0101960E94CB4510927603CE010196B4
:10F3C0000E94005745E55AE261E080E00E94215426
:10F3D0008FE30E94FC5340E060E090E080E00F94F7
:10F3E000F91161E081110AC082E89EE10E941B715F
:10F3F00081E0809397020E94ED68D3C385E79EE188
:10F40000F5CF8DEE91E20F946286882369F00E9419
:10F41000C74C811106C060E070E080E89FE30E9465
:10F42000724D0F941F1AE4CF80EE91E20F94628622
:10F430008823F1F20F941F1A60E080E00E9496F892
:10F44000D7CF44E050E06BED71E2C8010F9442B9B0
:10F45000892B09F0FCC0850101571F4E49E050E09F
:10F4600061ED71E2C8010F9442B9892BC9F4F5012D
:10F47000E856FF4E1081153489F01855143008F005
:10F48000B7CF4AE050E070E060E0C50187569F4E7C
:10F490000F94EEB6812F0F94FB64AACF13E0F1CF47
:10F4A00049E050E067EC71E2C8010F9442B9892B42
:10F4B00051F5F501E856FF4E1081153411F118553C
:10F4C000143008F095CF4AE050E070E060E0C501EC
:10F4D00087569F4E0F94EEB6E12FF0E0E450FB4FBD
:10F4E000808140E051E002C0569547958A95E2F749
:10F4F000842F880F880F81506823812F0F94126802
:10F5000077CF13E0E0CF49E050E06DEB71E2C80146
:10F510000F9442B9892B09F06BCFF501E856FF4EE5
:10F520008081853409F490C018EAC12EC80EB3E07A
:10F53000BC1508F45DCFEC2CF12C4701880C991C0C
:10F54000F401E558FD4F0081202F2F70102F1295E8
:10F550001770001F0027001F61816770660F062B60
:10F56000F401E458FD4FD080D694D694D694ED2D76
:10F57000E370DE2E1A821982C50187569F4EDC0188
:10F580003C91B22E3323E1F14AE050E0BE016F5FBF
:10F590007F4F0F94EEB66F70B62E89819A810097D7
:10F5A00079F1FC012081222359F14AE050E0BE01AB
:10F5B0006F5F7F4F0F94EEB6162F177089819A8177
:10F5C0000097F1F0DC012C912223D1F04AE050E0C9
:10F5D000BE016F5F7F4F0F94EEB6062F0F708981CB
:10F5E0009A81009769F0FC012081222349F04AE0CA
:10F5F00050E0BE016F5F7F4F0F94EEB66370D62E62
:10F60000F401E558FD4F17701295107F602F679534
:10F61000662767951B29162B1083602F669501813D
:10F62000007E2D2D2370D22EDD0CDD0CDD0C062B83
:10F63000D02AD182F701E450FB4F50E040E06081D6
:10F640008C2D0F945918D4CEB3E0CB2E74CF45E057
:10F6500050E067EB71E2C8010F9442B9892B09F0C1
:10F66000D9C180916B0E882309F448C081E79EE1DF
:10F670000F946286882379F0809114181F928F93DB
:10F680008DEA99E09F938F930F9425BA0F900F9076
:10F690000F900F90ADCE8DE69EE10F946286882389
:10F6A00019F010921C04A4CE8AE69EE10F946286A3
:10F6B000882321F1809112189091131861E003962C
:10F6C0000F94995B0F9409588C0180910B179091BE
:10F6D0000C17A0910D17B0910E1780938717909378
:10F6E0008817A0938917B0938A17802F0E944F5BC9
:10F6F0000A30110539F70F9426517ACE8DEA91E23E
:10F700000F946286882309F43CC010923A0514E6EF
:10F71000C12CD12C76016F9A779864E170E080E07B
:10F7200090E00F94971B0F94711B4B015C01F894B0
:10F730006F98679BFECF78940F94711BDC01CB010F
:10F7400088199909AA09BB09C816D906EA06FB0651
:10F7500010F46C017D011150F1F68FE59EE10E94DD
:10F76000685B8BE59EE135EFC31631E0D306E1041B
:10F77000F10410F488E59EE10E948F5D6F98779AFE
:10F7800037CE89EA91E20F946286882321F1409175
:10F79000BD045091BE042CE3249FC001259F900D11
:10F7A00011249F938F934091BB045091BC04249FDC
:10F7B000C001259F900D11249F938F938DEF9BE0A7
:10F7C0009F938F930F9425BA0F900F900F900F90E7
:10F7D0000F900F900DCE84EA91E20F9462868823F9
:10F7E00011F18CE89FE00F9463BB811110C061E0C0
:10F7F00085E195E60E941B7160E085EA9FE00F9429
:10F8000087BB60E08FE79CE00F9487BBF1CD813030
:10F8100009F0EECD0F94C03685E195E00F94E51D1B
:10F820000F94901DE5CD8DE991E20F9462868823B7
:10F8300021F080E00E9494FEDBCD87E991E20F94F5
:10F840006286882351F01092FC1F1092FD1F1092C7
:10F85000FE1F1092FF1F0E948E4C84E991E20F94CC
:10F8600062868823A9F044E150E065E17DE0CE01A5
:10F8700001960F9453BB8C89882329F089E891E283
:10F880000F944CBAB5CDCE0101960F94F2C1B0CD14
:10F8900085E891E20F946286882329F089E791E256
:10F8A0000E948F5DA5CD85E791E20F946286882343
:10F8B00019F085E591E2F4CF80E591E20F9462863C
:10F8C000811196CD8DE491E20F946286882379F0C0
:10F8D00081EA9DE00F9463BB4BE0849FC00111243B
:10F8E00070E060E0805B924F0F94A5BB81CD8AE40D
:10F8F00091E20F946286882351F00E94405440E0C8
:10F9000070E060E084E690E00F94974471CD86E467
:10F9100091E20F9462868823E1F086E50E94F5402B
:10F92000882309F465CD0E94944011E0892B09F4E5
:10F9300010E00F941B378091A51390E0181719065B
:10F9400009F456CD1093A5138FE497E00F945387D5
:10F950004FCD8FE391E20F946286882309F448CD5E
:10F9600084E40E94F5408823A1F00E94DF4520E056
:10F9700030E04AE754E40F9430B620E030E040E055
:10F980005FE30F948BBC0F9403BECB010E9415F96B
:10F990002FCD8BE391E20F946286882321F0809132
:10F9A0006B0E811112C085EA9DE00F9471BBBC0102
:10F9B00090E080E00F94EFB520E030E04AE754E4B7
:10F9C0000F948ABD0F94F75013CD80911218909127
:10F9D0001318029690931318809312180E94DF4513
:10F9E0006B017C016FEF87EA9DE00F9487BB20E0FD
:10F9F00030E04AE754E4C701B6010F9430B620E086
:10FA000030E040E05FE30F948BBC0F9403BE85EAC7
:10FA10009DE06ACFD8018C91873411F00C94BF8897
:10FA200010931318009312180E9494409093970318
:10FA3000809396038B34910509F4D0C60CF049C12C
:10FA40008430910509F422C60CF0C5C097FDCFC0E3
:10FA500002970CF0A0C10E94923F8C010E940647C1
:10FA600060916406709165068091660690916706C4
:10FA70000F94EFB56B017C014090530750905407F1
:10FA800060905507709056078090620590906305CE
:10FA9000A0906405B0906505A5019401C301B20171
:10FAA0000F948ABC20E030E048EC52E40F9430B66A
:10FAB0009B01AC01C701B6010F9414BF1816D4F412
:10FAC000A3019201C501B4010F948ABC20E030E08B
:10FAD00048EC52E40F9430B6A70196010F948BBC0A
:10FAE0000F9403BE60936406709365068093660668
:10FAF000909367068091F406882309F444C188E551
:10FB00000E94F54081113FC189E50E94F5408111B5
:10FB10003AC18AE50E94F540811135C185E40E9411
:10FB2000F540882309F42FC12091530730915407E1
:10FB30004091550750915607609162057091630599
:10FB400080916405909165050F948ABC6B017C01DE
:10FB50002DEC3CEC4CEC5DEB0F9480BD87FF05C1B8
:10FB60008091430781110C9420B00F941B37809132
:10FB7000620590916305A0916405B091650580933D
:10FB8000530790935407A0935507B093560783E506
:10FB900097E00F9420879091430781E089270F9485
:10FBA0009766C157DF4F0FB6F894DEBF0FBECDBFCB
:10FBB000DF91CF911F910F91FF90EF90DF90CF9049
:10FBC000BF90AF909F908F907F906F905F904F907D
:10FBD0003F902F9008958531910509F4D7C0FCF42A
:10FBE0008A30910509F49BC50B9709F49CC5809157
:10FBF00075129091761285579F4E9F938F931F9207
:10FC000087E48F938FE19BE09F938F930F9425BAA6
:10FC10000F900F900F900F900F900F90B7C08C31F6
:10FC2000910509F482C54E9711F70F941B3781E0B7
:10FC300080935C0E0E942A4C8C0180E090E0A8E446
:10FC4000B4E48093910290939202A0939302B093B4
:10FC5000940243E060E070E080E291EC0F948169EF
:10FC6000809152078F93809151078F938091500715
:10FC70008F9380914F078F9380914E078F93809140
:10FC80004D078F9380914C078F9380914B078F93F3
:10FC900080914A078F93809149078F9380914807FD
:10FCA0008F93809147078F9388EF94E59F938F936D
:10FCB00088ED9BE09F938F930F9425BAC8010E9413
:10FCC000104C10925C0E0FB6F894DEBF0FBECDBF85
:10FCD0005DC08835910509F459C0F4F4813591056A
:10FCE00011F40C940E885CF48C34910509F499C5D8
:10FCF0008035910509F07BCF0E943B6347C0863574
:10FD0000910511F40C9412888735910509F06FCF95
:10FD100080E10E9483CB3AC08C35910511F40C949C
:10FD20001E8874F48A35910511F40C9417888B356C
:10FD3000910509F05CCF8091E30387600C941A88E9
:10FD40008236910511F40C94AC888336910509F044
:10FD50004ECF10926B0E60E084EC9FE00F9487BB57
:10FD600082E00E94D4530C94BB882DEC3CEC4CEC0C
:10FD70005DE3C701B6010F9414BF181624F48091F7
:10FD800043078111F2CEC8010E94365110929703A9
:10FD9000109296032DCB0E94923FE0969FAF8EAFBC
:10FDA000E0970E94064789E40E94F540882309F401
:10FDB00000C40E94DF4560938E0370938F0380938D
:10FDC0009003909391038AE40E94F540C12CD12CBA
:10FDD0007601882321F00E94DF456B017C01C092EF
:10FDE0009203D0929303E0929403F0929503E091F2
:10FDF0009603F0919703C257DF4FF983E883CE58FB
:10FE0000D04080908E0390908F03A0909003B0908C
:10FE10009103A7019601C501B4010F9427BFAE96C7
:10FE20006CAF7DAF8EAF9FAFAE976091390270918E
:10FE30003A02072E000C880B990B0F94F1B5209114
:10FE400091023091920240919302509194020F944A
:10FE500030B62EE333EC4EE259E30F9430B6AA9657
:10FE60006CAF7DAF8EAF9FAFAA9780E1E7E4F7E07C
:10FE7000DE01119601900D928A95E1F7A50194019A
:10FE800050586E962CAF3DAF4EAF5FAF6E97D70117
:10FE9000C601B0586A968CAF9DAFAEAFBFAF6A9740
:10FEA00029813A814B815C81E6962CAF3DAF4EAF04
:10FEB0005FAFE697C501B4010F948BBCEA966CAFB7
:10FEC0007DAF8EAF9FAFEA978D819E81AF81B88560
:10FED000EE968CAF9DAFAEAFBFAFEE979C01AD017C
:10FEE000C701B6010F948BBCCE57DF4F688379836F
:10FEF0008A839B83C258D04029853A854B855C858F
:10FF000060915E0570915F0580916005909161053B
:10FF10000F948ABCC258DF4F688379838A839B839E
:10FF2000CE57D04020915605309157054091580545
:10FF300050915905CA57DF4F288339834A835B8321
:10FF4000C658D040EA962CAD3DAD4EAD5FADEA97B8
:10FF5000CA57DF4F688179818A819B81C658D0401A
:10FF60000F948ABC6B017C0180915A0590915B05CE
:10FF7000A0915C05B0915D05C657DF4F88839983DA
:10FF8000AA83BB83CA58D040CE57DF4F288139811E
:10FF90004A815B81C258D040BC01CD010F948ABC1C
:10FFA0004B015C013090360720903707909138075D
:10FFB0006F969FAF6F97A0913907A396AFAFA397A6
:10FFC000A70196016E966CAD7DAD8EAD9FAD6E971F
:10FFD0000F9430B62B013C01A50194016A966CADDB
:10FFE0007DAD8EAD9FAD6A970F9430B69B01AC018D
:10FFF000C301B2010F948BBC2B013C01A5019401FC
:020000021000EC
:100000006E966CAD7DAD8EAD9FAD6E970F9430B694
:100010004B015C01A70196016A966CAD7DAD8EAD7A
:100020009FAD6A970F9430B69B01AC01C501B40136
:100030000F948ABCA30192010F940ABD6B017C014D
:1000400020E030E0A9010F9480BD87FF0AC02BEDAE
:100050003FE049EC50E4C701B6010F948BBC6B0143
:100060007C0160913F07709140076115710509F4AB
:10007000A4C290E080E00F94EFB59B01AC016BED62
:100080007FE089EC90E40F948ABDAE962CAD3DAD37
:100090004EAD5FADAE970F9430B65B018C016091B1
:1000A00041077091420761157105F1F090E080E021
:1000B0000F94EFB520E030E040E752E40F9430B603
:1000C0009B01AC01AA966CAD7DAD8EAD9FADAA979C
:1000D0000F948ABD3B014C019501A8010F9480BD8E
:1000E00087FF02C05301840140903A0750903B07BC
:1000F00060903C0770903D079501A801B201C301D3
:100100000F9414BF1816C4F09501A801632D722D29
:100110006F968FAD6F97A3969FADA3970F9480BDF9
:100120002501380187FF08C0432C522C6F966FAC15
:100130006F97A3967FACA397C257DF4FE881F981F1
:10014000CE58D040329751F42BED3FE049EC50E4CB
:10015000C701B6010F948ABC6B017C01CA57DF4FFF
:10016000288139814A815B81C658D040E6966CADC2
:100170007DAD8EAD9FADE6970F9480BD811125C0FA
:10018000C657DF4F288139814A815B81CA58D040E8
:10019000EE966CAD7DAD8EAD9FADEE970F9480BDAC
:1001A000811113C020E030E0A901C701B6010F940E
:1001B00080BD81110AC02BED3FE049EC50E4C7013E
:1001C000B6010F948BBC6B017C01A7019601AE9622
:1001D0006CAD7DAD8EAD9FADAE970F9430B6C2586D
:1001E000DF4F288139814A815B81CE57D0400F94FF
:1001F00027BF4B015C012FE632E143E85AE30F943D
:1002000080BD87FDCFC19201A301C501B4010F9448
:100210008ABD0F9469BD0F9403BEA4967FAF6EAFE5
:10022000A4976230710508F48BC1E0964EAD5FADC6
:10023000E097452B09F484C150913E076F965FAF5C
:100240006F9790E080E00F94EFB54B015C01AC013B
:100250009B01C701B6010F948ABD2B013C01A5018A
:100260009401C258DF4F688179818A819B81CE5782
:10027000D0400F948ABDEE966CAF7DAF8EAF9FAF2E
:10028000EE972D853E854F85588960916205709166
:10029000630580916405909165050F948ABCA50162
:1002A00094010F948ABDC258DF4F688379838A8393
:1002B0009B83CE57D040A3019201C301B2010F949A
:1002C00030B66B017C01AC019B01C301B2010F94FC
:1002D00030B620E030E040EC50E40F948ABD9B0142
:1002E000AC01C301B2010F948ABCAE966CAF7DAF76
:1002F0008EAF9FAFAE9720E030E040E05FE3C701F4
:10030000B6010F9430B69B01AC0160E070E080E86C
:100310009FE30F948ABCE6966CAF7DAF8EAF9FAF24
:10032000E69722242394312C6F968FAD6F9781111D
:100330004DC1B10190E080E00F94EFB5A3019201AF
:100340000F9430B66B017C010F9485BD6A966CAF3B
:100350007DAF8EAF9FAF6A97C701B6010F944BC0B8
:100360004B015C01C0908E03D0908F03E09090030E
:10037000F0909103F7FAF094F7F8F094209192033B
:10038000309193034091940350919503A2962CAF22
:100390003DAF4EAF5FAFA297A70196016A966CADD5
:1003A0007DAD8EAD9FAD6A970F9430B66E966CAFF3
:1003B0007DAF8EAF9FAF6E97A2962CAD3DAD4EAD8B
:1003C0005FADA297C501B4010F9430B69B01AC019B
:1003D0006E966CAD7DAD8EAD9FAD6E970F948BBC60
:1003E0006E966CAF7DAF8EAF9FAF6E97A7019601F3
:1003F000C501B4010F9430B66B017C01A2962CADFF
:100400003DAD4EAD5FADA2976A966CAD7DAD8EAD44
:100410009FAD6A970F9430B69B01AC01C701B6013E
:100420000F948ABC6A966CAF7DAF8EAF9FAF6A9710
:1004300030913E076F963FAF6F976E962CAD3DADF6
:100440004EAD5FAD6E97EA966CAD7DAD8EAD9FAD56
:10045000EA970F948BBC69837A838B839C836A961B
:100460002CAD3DAD4EAD5FAD6A97CE57DF4F688185
:1004700079818A819B81C258D0400F948BBC6D8357
:100480007E838F839887EE962CAD3DAD4EAD5FADEC
:10049000EE9769857A858B859C850F948BBC6987DF
:1004A0007A878B879C87C258DF4F288139814A81A0
:1004B0005B81CE57D0406D857E858F8598890F945E
:1004C0008BBC6D877E878F87988BCE0101960E94AB
:1004D000F750E0968EAD9FADE0972816390608F1EB
:1004E000E984FA840B851C852D813E814F815885D6
:1004F00069817A818B819C813F922F92A7E4B7E03A
:10050000BF93AF93AA968CAC9DACAEACBFACAA9790
:10051000DE011D966D010F947A870F900F900F905A
:100520000F908091610E81113DC0BFEF2B1A3B0AE5
:10053000A496EEADFFADA497E215F30509F0F4CE55
:1005400086E595E00E94F750E0905E05F0905F052B
:10055000009160051091610520915A0530915B056D
:1005600040915C0550915D0560915605709157056D
:1005700080915805909159051F921F92E7E4F7E08A
:10058000FF93EF93AA968CAC9DACAEACBFACAA9790
:10059000E2E6CE2EE5E0DE2E0F947A870F900F90E4
:1005A0000F900F900E941E4089E893E00F94152051
:1005B000EDCB60E070E0CB01FECBA32CB22C6F96AC
:1005C0000FAD6F97A3961FADA39769CD6F964FADF3
:1005D0006F9741506F964FAF6F97AE962CAD3DAD74
:1005E0004EAD5FADAE976E966CAD7DAD8EAD9FADF1
:1005F0006E970F9430B66B017C01E6962CAD3DAD45
:100600004EAD5FADE6976A966CAD7DAD8EAD9FAD9C
:100610006A970F9430B69B01AC01C701B6010F94E5
:100620008BBC7B018C01E6962CAD3DAD4EAD5FAD34
:10063000E6976E966CAD7DAD8EAD9FAD6E970F94C7
:1006400030B64B015C01AE962CAD3DAD4EAD5FAD0D
:10065000AE976A966CAD7DAD8EAD9FAD6A970F94E7
:1006600030B69B01AC01C501B4010F948ABC6E96F3
:100670006CAF7DAF8EAF9FAF6E97C701D8016A9602
:100680008CAF9DAFAEAFBFAF6A97D7CE80E50E946B
:10069000F540C12CD12C7601882331F00E94DF4532
:1006A0000F9403BE6B017C0183E50E94F540882313
:1006B00061F00E94DF4520E030E04AE754E40F9407
:1006C00030B60F9403BE6B017C01C114D104E10468
:1006D000F10441F080917907873021F084EF9BE0AD
:1006E0000E9497EE0F941B370F94841DC60ED71EE1
:1006F000E81EF91E89E893E00F9415200F94841DDD
:100700006C157D058E059F0508F040CB0F94832C5A
:1007100080E00E94AA7380E00E94D453EFCF81E072
:100720000F94976633CB80E0FBCF88E50E94F540BD
:10073000382E412C512C3201882321F00E94A140F7
:100740002B013C0189E50E94F540282E882309F4FD
:100750003EC00E94A1406E966CAF7DAF8EAF9FAF42
:100760006E978AE50E94F540D82E812C912C540179
:10077000882321F00E94A1404B015C0187E50E9483
:10078000F54067968FAF679783E40E94F5406796C0
:10079000FFAD6797FF938F93CD2C6E96ECACFDACBD
:1007A0000EAD1FAD6E97222DB301A201832D0E94C5
:1007B00035610F900F903110E9CA2110E7CA679692
:1007C0002FAD67972111E2CAD110E0CA95CA6E9683
:1007D0001CAE1DAE1EAE1FAE6E97C3CF08E210E07A
:1007E0007FECE72E7BE0F72E602F70E090E080E05A
:1007F0000F94EFB50E94B8419F938F937F936F93AF
:100800001F930F93FF92EF920F9425BA0F5F1F4F24
:100810000FB6F894DEBF0FBECDBF0F36110521F71E
:10082000B5CA20E030E040E251E460919803709155
:10083000990380919A0390919B030F9414BF87FFB3
:1008400005C087E291E20E948F5DA0CA82E00E940B
:1008500062DD811105C08BE894E10F948F1296CA76
:1008600080914407882341F080914507882321F037
:1008700010914607111108C081E08093851086E72A
:1008800094E20F94925282CA84E494E10F948F12FE
:1008900041E060E08BEF94E30F94F91181115FC0A8
:1008A00080E090E0A0EAB0E480934F079093500777
:1008B000A0935107B093520760E070E088E492E49F
:1008C0000F94CF9680E090E0A8E4B2E480934F07C5
:1008D00090935007A0935107B093520780E090E0A7
:1008E000A4E3B3E480934B0790934C07A0934D0788
:1008F000B0934E0760E070E088E492E40F94CF96E6
:100900000F941B378EEA94E30F948F12E9E5FEE310
:1009100085919591A591B49180934B0790934C0745
:10092000A0934D07B0934E07E5E5FEE385919591C1
:10093000A591B4918093470790934807A0934907E6
:10094000B0934A0760E070E088E492E40F94CF9699
:100950000F941B3741E060E080E00E94166320E0C6
:1009600030E04CE052E460919803709199038091DB
:100970009A0390919B030F9414BF18160CF075C046
:1009800080916B0E811171C080E090E0A8ECB2E420
:1009900080934F0790935007A0935107B09352074D
:1009A00060E070E088E492E40F94CF960F943E23C9
:1009B00019821A821B821C821D82CE0101960F941D
:1009C000152003E260E5E62E6EE1F62E20E030E031
:1009D0004CE052E4609198037091990380919A03DE
:1009E00090919B030F9414BF1816B4F58EEF93E10A
:1009F0000F940C1242E864E080E00E942D541F9294
:100A00000F93609198037091990380919A0390914C
:100A10009B030F94FCBD7F936F93FF92EF920E9414
:100A2000E65381E80E94FC5388EE93E00E945576DD
:100A30000E94765B40E053E567E070E0CE010196EE
:100A40000F94681E0F900F900F900F900F900F90C3
:100A5000882309F4BBCF10E081E00E941A551111E0
:100A600004C080E00F94A21491C90F941B3781E059
:100A700080935C0E0E941A5589E091E20E948F5D7E
:100A80008090980390909903A0909A03B0909B0354
:100A900020E030E040EA50E4C501B4010F948ABD83
:100AA0000F94FCBD25E0269FA001279F500D112427
:100AB000BA01550F880B990B0F94F1B51B017C01FE
:100AC00020E030E04CE052E40F9480BD87FF06C088
:100AD000212C312C4CE0E42E52E4F52E222D332D26
:100AE0004E2D5F2DC501B4010F9414BF181664F488
:100AF00020E030E040EA50E4622D732D8E2D9F2DD2
:100B00000F948BBC1B017C01FF92EF923F922F92BE
:100B100086EB9BE09F938F930F9425BA20E030E003
:100B200040EF51E4622D732D8E2D9F2D0F948ABCC2
:100B300020E030E04CE852E40F948BBC0F94FCBDF5
:100B40007093710E6093700E84E08093790781E05A
:100B50008093F60381EC98E20E9497EE80E090E0AB
:100B6000A0EAB0E480934F0790935007A0935107F9
:100B7000B093520760E070E088E492E40F94CF965F
:100B800080E090E0A0EAB1E48093470790934807A3
:100B9000A0934907B0934A0780E090E0A0E7B2E451
:100BA00080934B0790934C07A0934D07B0934E074B
:100BB00060E070E088E492E40F94CF968AE999E9C6
:100BC000A9E1BEE380934F0790935007A09351078C
:100BD000B093520760E070E088E492E40F94CF96FF
:100BE0000F941B370F900F900F900F900F900F9056
:100BF000209198033091990340919A0350919B035F
:100C0000622D732D8E2D9F2D0F9414BF18163CF45A
:100C100088EE93E00E9455760E94765BE9CF60E013
:100C200086EA9FE00F9487BB80E090E0A0EAB0E402
:100C300080934F0790935007A0935107B0935207AA
:100C400060E070E088E492E40F94CF96E5E5FEE37F
:100C500085919591A591B49180934707909348070A
:100C6000A0934907B0934A07E9E5FEE38591959182
:100C7000A591B49180934B0790934C07A0934D0797
:100C8000B0934E0760E070E088E492E40F94CF9652
:100C90000F941B3743E060E070E080E89FEB0F9417
:100CA0008169811105C00F94A21410925C0E6EC868
:100CB00090914F0767969FAF6797A09150076B96EB
:100CC000AFAF6B97B09151076F96BFAF6F97E09141
:100CD0005207A796EFAFA797EF93BF93AF939F935A
:100CE00089EA9BE09F938F930F9425BA0F900F9002
:100CF0000F900F900F900F902EEAA22E2FE0B22EA1
:100D000033E2C32ED12C0FEF1FEFB6010D2C000CD8
:100D1000880B990B0F94F1B52B013C01DF92CF9218
:100D2000C80102969F938F932DE63BE03F932F934C
:100D30000F9425BA48015FEF851A950A0F900F901E
:100D40000F900F900F900F9011F40C942EB070E054
:100D500060E0C5010F94A5BBA3019201622D732D24
:100D60008E2D9F2D0F9480BD181644F485E08816B3
:100D7000910411F00C943AB005E010E0580197E2AC
:100D8000A91A98EFB90AAA0CBB1C85E0809F100134
:100D9000819F300C11240D5F1F4F8AE9482E89E98D
:100DA000582E89E1682E8EE3782E94E3892E9BE0FD
:100DB000992EC801029705970CF0D4C0B101635D6C
:100DC0007F4F072E000C880B990B0F94F1B56B0128
:100DD0007C011F930F93A0E6BBE0BF93AF930F94EA
:100DE00025BA0093F60320E030E040EF51E4C7015C
:100DF000B6010F948ABC20E030E040E251E40F9449
:100E000030B620E030E040EA50E40F948ABD20E0A4
:100E100030E048E452E40F948BBC0F94FCBD709317
:100E2000710E6093700E80E090E0A0EAB0E48093D1
:100E30004F0790935007A0935107B093520760E07B
:100E400070E088E492E40F94CF9620E030E040EA2E
:100E500051E4209347073093480740934907509344
:100E60004A0780E090E0A0E7B2E480934B079093BC
:100E70004C07A0934D07B0934E0760E070E088E404
:100E800092E40F94CF9640924F0750925007609291
:100E900051077092520760E070E088E492E40F948A
:100EA000CF960F941B370F900F900F900F902091BB
:100EB00098033091990340919A0350919B03C70185
:100EC000B6010F9414BF18163CF488EE93E00E940C
:100ED00055760E94765BEBCF80E090E0A0EAB0E42C
:100EE00080934F0790935007A0935107B0935207F8
:100EF00060E070E088E492E40F94CF96E5E5FEE3CD
:100F000085919591A591B491809347079093480757
:100F1000A0934907B0934A07E9E5FEE385919591CF
:100F2000A591B49180934B0790934C07A0934D07E4
:100F3000B0934E0760E070E088E492E40F94CF969F
:100F40000F941B3743E060E070E080E89FEB0F9464
:100F5000816995E0290E311C0F5F1F4F811104C07C
:100F60000F94A21481E09FCE67967FAD67976B9632
:100F70006FAD6B976F969FAD6F97A7968FADA79745
:100F8000272F362F492F582F60914F077091500708
:100F900080915107909152070F948ABCF62EE72E4C
:100FA000D82EC92E20917E0630917F064091800672
:100FB00050918106D701F6016B2F7A2F8F2F9E2F2C
:100FC0000F9430B60F94FCBDA6966CAF7DAF8EAF7C
:100FD0009FAFA697CF92DF92EF92FF9280919B03F3
:100FE0008F9380919A038F93809199038F9380912F
:100FF00098038F939F928F920F9425BAA4966EAD0B
:101000007FADA497C5010F94A5BBA2E0AA0EB11CA9
:101010000FB6F894DEBF0FBECDBFCBCE0E941E69C7
:101020000C94C67E80E10E942ECB0C94C67E8091EB
:10103000E303887F8093E3030C94C67EFEEDCF2EFE
:10104000F2E0DF2E8E010F5B1F4F9E012F5F3F4F9F
:101050007901A2EE8A2EA2E09A2E58013901D6011A
:101060008D916D010E94F540F50181935F01882308
:1010700041F00E94DF45D7016D937D938D939C9342
:101080001397B4E0EB0EF11C8C149D0441F7F801AA
:10109000D380DD2029F120E030E0A9016D857E8537
:1010A0008F8598890F9480BD81111AC0D8018C91C9
:1010B000811116C011968C911197811111C0129651
:1010C0008C9181110DC01092530710925407109209
:1010D00055071092560781E08093C5040C94C67E94
:1010E0000F941B37F12CE12CF80181918F0188239B
:1010F000D1F09701295B384F5901F301EE0DFF1D27
:101100002081318142815381F701E653F94F60819B
:101110007181828193810F948BBCD5016D937D93F6
:101120008D939C931397B4E0EB0EF11CECE0EE165C
:10113000F104D1F6DD2061F08D859E85AF85B889FB
:101140008093530790935407A0935507B093560785
:101150000F948F950C94C67E81E080936B0E61E0B6
:1011600084EC9FE00F9487BB1092A30360E08FEFA5
:101170009FE00F9487BB0E946FDD0C94C67E8D3478
:1011800011F00C94A3AE1093131800931218F801E9
:10119000319681918032E9F38930D9F380538A30D6
:1011A00030F01F930F9385EF90E20C94427B0E94E6
:1011B00094409093600E80935F0E893C910511F4EA
:1011C0000C94B0960CF0FEC28E34910511F40C9480
:1011D00066920CF004C28C31910509F4DAC70CF068
:1011E000F1C08531910509F4EDC60CF05AC081318A
:1011F000910509F4DEC6DCF4029708F449C6809133
:1012000075129091761285579F4E9F938F931F92E0
:101210008DE48F938FE19BE09F938F930F9425BA7A
:101220000F900F900F900F900F900F9016C6823175
:10123000910511F40C94CE93449709F781E08093C3
:1012400097028FE09BE00E948F5D84E50E94F5404D
:10125000182F8CE40E94F54000E080FB00F910FBA1
:1012600001F989EF94E10E94445B83E2E9EFF4E144
:10127000DE01119601900D928A95E1F720E050E091
:1012800040E0BE016F5F7F4F82EF92E00F94A45465
:10129000CE0101960E94495B81E09BE00E948F5D38
:1012A000DCC58831910509F49EC684F48631910528
:1012B00009F48CC6479709F0A2CF8091121890913B
:1012C000131861E004960F94995BC7C58A319105A4
:1012D00009F4CFC60CF0EFC60EED12E0FFE3AF2E1F
:1012E000F2E0BF2EA1E2CA2EA2E0DA2EB5E1EB2E8B
:1012F000B2E0FB2EF80181918F010E94F540882316
:1013000021F10E94DF45D6014D905D906D907C905B
:10131000A30192010F9480BD87FD11C00E94DF459B
:10132000F7014080518062807380A30192010F9485
:1013300014BF181624F00E94DF452B013C01D50193
:101340004D925D926D927C921397B4E0AB0EB11CFE
:10135000E4E0CE0ED11CF4E0EF0EF11C22E0013EE1
:10136000120741F683E50E94F540882311F40C949E
:1013700042A70E948740811170C580E090E0A8E4F8
:10138000B2E480933F0290934002A0934102B09355
:10139000420280E090E0AEE3B3E480934302909396
:1013A0004402A0934502B093460280E090E0A0EA98
:1013B000B1E48093470290934802A0934902B0930E
:1013C0004A024BC58D32910509F484C70CF0D9C08F
:1013D0008F31910509F40CC70CF059C08D3191057E
:1013E00009F43BC54E9709F00ACF80917414882305
:1013F00009F433C50F942651009112181091131857
:101400000C5F1F4F80917414882309F426C583E074
:1014100097E10F949C801092731423961FAF0EAF28
:101420002397CE018F5B9F4F0F94145B882309F4A1
:1014300014C523964EAD5FAD239760911C15709136
:101440001D1519821C8222E0CE0101960F9410B561
:101450008111A7C610E0CE0101960E94495B1123BD
:1014600009F4B6C686E19EE10E94685B23968EADC4
:101470009FAD23970F9468B4109287171092881726
:101480001092891710928A170F94DE58E6C48A3298
:10149000910509F4D4C68C32910509F402C78097EE
:1014A00009F0ADCE8091731481110F941B37009118
:1014B0001218109113180C5F1F4F61E270E0C80101
:1014C0000F94BAC1009719F08C010F5F1F4F80E590
:1014D0000E94F540F82E8091121890911318081769
:1014E000190708F4F12C80917414882309F4B5C409
:1014F00061E06F25C8010F94995B83E50E94F54078
:10150000882399F0809112189091131880179107F1
:1015100060F40E94A14060938717709388178093AE
:10152000891790938A170F943153809174148823EC
:1015300031F081E08093731485E080936C0EF1109C
:101540008CC480910617882361F080918717909151
:101550008817A0918917B0918A17892B8A2B8B2B1A
:1015600069F40E9443411092850310928603109201
:1015700087031092880380E00E947E6B0F94C03630
:101580006CC48934910509F4E9C6CCF48E32910516
:1015900009F4A6C68834910509F031CE83E50E948E
:1015A000F540882309F4CBC60E948740882309F4BC
:1015B000C3C6813009F051C480936C0E4EC48C3484
:1015C000910509F46BC70CF07CC78B34910509F0C9
:1015D00016CE0E94F4F8882309F43FC4CFCF8E368C
:1015E000910511F40C94C3940CF07DC086359105DF
:1015F00011F40C941E94B4F58335910511F40C94F8
:10160000C89374F48F34910509F47BC78235910532
:1016100009F0F5CD8091E303877F8093E3031DC438
:101620008435910511F40C94CE938535910509F01C
:10163000E6CD83E50E94F540882309F40EC40E949C
:10164000DF4520E030E04AE754E40F9430B60F94D1
:1016500003BE60938103709382038093830390930E
:101660008403FBC38936910509F4A7C7C4F48C35FC
:10167000910511F40C943B948836910509F0BFCD87
:1016800083E50E94F540882309F4E7C30E94DF4503
:101690000F94FCBD7093730E6093720EDEC38B3695
:1016A000910511F40C94C59314F40C94B7938D36F2
:1016B000910509F0A4CD8CEF98E40E9497EE81E0AB
:1016C0008093E1030F946AB383E50E94F540882379
:1016D00009F486C70E94DF450F94FCBD7093730E1A
:1016E0006093720E82C78737910511F40C940596AA
:1016F00094F58237910511F40C94BA95A4F48037CF
:10170000910509F447C78137910509F078CD83E544
:101710000E94F540882311F40C94D4940E948740D1
:1017200080932F029AC38537910511F40C94BD95CF
:1017300014F00C94CD958337910509F060CD86E5C2
:101740000E94F540882311F40C94E9948DEF94E7FE
:101750000E948F5D82C38C38910509F41FC754F431
:101760008B37910511F40C946A968D37910509F425
:10177000B3CD45CD8E3B910509F467C7883C9105F3
:1017800011F40C946D968B39910509F038CD83E5F1
:101790000E94F540882359F00E94874080936B1483
:1017A000882309F416C78CE694E10F94152083E48E
:1017B0000E94F540882309F40FC70E948740809358
:1017C0006A144BC3863FF1E09F0711F40C9425A0E7
:1017D0000CF0F7C18C3231E0930711F40C9431997D
:1017E0000CF01BC1803D910511F40C941F980CF076
:1017F00073C08D3C910511F40C9486979CF58B3C3D
:10180000910511F40C94FD968C3C910509F0F7CCF0
:1018100083E50E94F540882311F40C9455970E94AB
:10182000DF456093320770933307809334079093BA
:1018300035076093A6067093A7068093A806909339
:10184000A90684E50E94F540882309F406C30E9496
:10185000DF456093AA067093AB068093AC06909325
:10186000AD06FBC28E3C910511F40C94FF978F3CA2
:10187000910509F0C4CC83E50E94F540882351F01E
:101880000E94DF456093F5067093F6068093F70695
:101890009093F80686E40E94F540882361F00E9448
:1018A000DF450E94094C6093F9067093FA06809315
:1018B000FB069093FC068AE50E94F540882309F414
:1018C000CCC20E94DF456093FD067093FE068093B4
:1018D000FF0690930007C1C28C3D910511F40C9452
:1018E00086980CF07DC0813D910511F40C944398CD
:1018F000863D910509F083CC80E50E94F540882360
:1019000011F40C9472980E94DF452B013C0183E591
:101910000E94F540882311F40C947C980E94DF45C6
:101920004B015C018EE40E94F540D0903E07882375
:1019300029F00E94DF450F9403BED62E82E50E9457
:10194000F540E0903F07F0904007882329F00E947F
:10195000DF450F9403BE7B0186E40E94F5400091B1
:10196000410710914207882329F00E94DF450F9418
:1019700003BE8B0120E030E0A901C301B2010F9446
:1019800080BD18160CF069C220E030E0A901C50145
:10199000B4010F9480BD87FD60C2A5019401C3010D
:1019A000B2010F9480BD87FD58C240923607509215
:1019B0003707609238077092390780923A07909201
:1019C0003B07A0923C07B0923D07D0923E07F092B1
:1019D0004007E0923F0710934207009341073DC242
:1019E000823E910511F40C94D798803F910509F43B
:1019F00034C28D3D910509F002CC83E50E94F5408B
:101A0000882311F40C94C5980E94944090939602F8
:101A1000809395020E94FB4A20C2803951E09507CD
:101A200011F40C94F69F0CF0A7C08F32B1E09B0725
:101A300011F40C94D599C4F48D32F1E09F0711F4A0
:101A40000C9458998E32914009F0D9CB83E50E94CD
:101A5000F540882311F40C94D1990E9494409093FE
:101A60006C0280936B02F9C1863331E0930711F465
:101A70000C94089A8E3541E0940711F40C94BAAC9A
:101A80008033914009F0BBCB80E50E94F54088236C
:101A900051F00E94DF456093E6067093E70680935D
:101AA000E8069093E90689E40E94F540882381F0D6
:101AB0000E94DF452CEA35EC47E25EE30F9430B636
:101AC0006093EA067093EB068093EC069093ED0624
:101AD00084E40E94F540882381F00E94DF452CEACF
:101AE00035EC47E25EE30F948ABD6093EE06709397
:101AF000EF068093F0069093F1060F94002F8FE588
:101B000096E20E94685B84EB9FE10E94685B6091B3
:101B1000E6067091E7068091E8069091E90642E0BA
:101B20000F94B4B280EB9FE10E94685B2CEA35EC25
:101B300047E25EE36091EA067091EB068091EC0665
:101B40009091ED060F948ABD42E00F94B4B28CEAF6
:101B50009FE10E94685B2CEA35EC47E25EE360910E
:101B6000EE067091EF068091F0069091F1060F94C9
:101B700030B60F94F75071C18639A1E09A0711F47D
:101B80000C9418A074F48339E1E09E0711F40C94CE
:101B9000FA9F8539914009F032CB81E00E9441588B
:101BA0005CC1843F21E0920711F40C941DA014F055
:101BB0000C9421A0843A914009F021CB0E941E6927
:101BC0004CC1833C52E0950711F40C9439AE0CF0F3
:101BD00096C08A35B2E09B0711F40C9451A72CF5FE
:101BE0008832F2E09F0711F40C943CA39CF4873FE9
:101BF00031E0930711F40C9429A08D3F914009F036
:101C0000FECA83EA99E60E94685B8CE99FE10E9424
:101C1000685B23C1883552E0950711F40C9471A3D9
:101C20008935924009F458CBEACA8E3BB2E09B0753
:101C300011F40C94F9AD0CF050C08B35F2E09F0715
:101C400011F40C9459A78D3B924009F0D8CA8091A9
:101C50009D13813011F40C9498AD1FEF8CE40E9419
:101C6000F540C12CD12C6CE8E62E62E4F62E8823D8
:101C700021F00E94DF456B017C018AE50E94F5405E
:101C8000882311F40C94A9AD0E94DF459F770E9430
:101C90000F534B015C018AE50E94F540082F10921A
:101CA0008F1710928E1786E10F946AB380919D135F
:101CB000813011F00C94AEAD153018F4812F0E94D4
:101CC00012FE1092A6038DE897E10E941158C501FB
:101CD000B40190580E940F53C0C0813C32E093077A
:101CE00011F40C942DAE14F00C9433AE803C924061
:101CF00009F085CA80EC92E00E947D45AEC0843830
:101D0000A3E09A0711F40C94E7AA0CF095C0823571
:101D1000E3E09E0711F40C945FA794F5843C22E065
:101D2000920711F40C9456AE853C924009F067CAB4
:101D300083E50E94F540882351F00E948740882364
:101D400011F40C9482AE813011F40C948FAE80911A
:101D50009D13813091F488E50E94F540882369F055
:101D60000E948740813011F40C949DAE10F40C94C5
:101D700098AE8A3211F40C94A1AE0F9478526DC0D3
:101D80008D3543E0940711F40C94D5A88E3553E0BB
:101D9000950711F40C946DA98C35934009F02FCA66
:101DA00083E50E94F540882309F457C00E949440BF
:101DB0008C018EE194E10E9497EE85E19FE10E9403
:101DC000685BC8010F948A520F94841D4B015C011B
:101DD00010926A0E8091720E9091730E892B41F4CD
:101DE000FF24F3948091700E9091710E892B09F06D
:101DF000F12C2801012E000C66087708F1100C94D4
:101E000095A880916A0E811112C0C301B2010F948E
:101E1000F1B5209198033091990340919A03509124
:101E20009B030F9414BF181614F40C94A7A88FE505
:101E300096E20E9497EE11C08139B3E09B0711F43E
:101E40000C941AAC84F48B38F3E09F0711F40C94D3
:101E500096AB8C38934009F0D2C91092600E109264
:101E60005F0E0C94F879843933E0930714F40C94E2
:101E700069AC803A934009F0C2C9809112189091E0
:101E8000131821E02093721405960F94B861E5CFE2
:101E900000911218109113180E5F1F4F80E50E94D9
:101EA000F540C12CD12C7601882321F00E94A1405D
:101EB0006B017C0183E50E94F540882351F00E946C
:101EC000A1409B01AC01A8EEB3E00F94F8BB6B01FD
:101ED0007C01C8010F5F1F4FDC014C914032C9F3F8
:101EE00026E020937907C114D104E104F104A1F59F
:101EF0002C91222389F10E94DEF70F941B378091E9
:101F0000D10384608093D10389E893E00F94152076
:101F1000C114D104E104F104A1F10F94841DC60E93
:101F2000D71EE81EF91E84E0809397020F94841D4B
:101F30006C157D058E059F05D8F082E08093970291
:101F40008091D1038B7F8093D10380917314882378
:101F500059F11092790781CF80916B0E811105C0E4
:101F600083E394E10E9497EEC8CF10927907C5CF22
:101F70000E9457578111E1CF90E080E00E94557692
:101F8000D5CF1091970284E0809397020E94525718
:101F90000E945757811105C090E080E00E9455765D
:101FA000F7CF10939702CCCF89E994E60E9497EE81
:101FB00054CF8AE294E10E9497EE179816981598EC
:101FC00014984BCF81E00F94105D47CF109273149B
:101FD0001092741483EA99E60E94685B8EE194E2A1
:101FE0000E948F5D3ACF0E94C74C882319F00E944F
:101FF000B4F733CF0E94F4F8882309F42ECF8091F0
:102000000617882361F08091871790918817A09117
:102010008917B0918A17892B8A2B8B2B69F40E9420
:102020004341109285031092860310928703109209
:10203000880380E00E947E6B80917414882331F0C5
:1020400081E08093731485E080936C0E0F94C0360A
:1020500080919D13813009F000CF80917313882304
:1020600009F4FBCE0E943CC98111F7CE0F947B7C12
:10207000F4CE80917414882309F4EFCE83E50E9496
:10208000F540882309F4E9CE0E94A1406B017C0150
:10209000C0928717D0928817E0928917F0928A171A
:1020A0000F943153C0928503D0928603E092870348
:1020B000F0928803D2CE80E50E94F540182F0E944E
:1020C000C74C882391F080915E0E882349F080915F
:1020D0006A02811105C080E49EE10E948F5DBDCE41
:1020E00084E39EE10E948F5DB8CE809173148823B3
:1020F00009F44AC01123E1F10F94B6570F9467B366
:102100008BE999E00E94685B60918717709188174E
:102110008091891790918A174AE00F947DAE8FE2E3
:102120000E944F5B60918017709181178091821798
:10213000909183174AE00F947DAE0F9467B30F948C
:10214000D0322CE330E040E050E00F94D6BBC90120
:102150006CE370E00F942CBC8C0190E080E00F9455
:10216000F3AE8AE30E944F5BC8010F948A5275CE8A
:1021700080918A14882329F08AE894E10F9468B446
:10218000BFCF85E794E1FACF84E29EE10E948F5DA4
:1021900064CE809112189091131804960F94B86130
:1021A0005CCECE0101960F941254882309F452C9D3
:1021B00061E0CE0101960F94A580009709F44AC909
:1021C00025EEFC0120831C820F949645182F43C9ED
:1021D0008EEF9DE10E94685B23968EAD9FAD2397A5
:1021E0000E940F718EE20E944F5B0F9467B335CE51
:1021F0000F94D0322CE330E040E050E00F94D6BB97
:102200007F936F933F932F9386EE90E29F938F93EC
:102210008E010F5F1F4F1F930F930F947ABA83EABB
:1022200099E60E94685BC8010F9468B4C8010E94D7
:10223000DEF70FB6F894DEBF0FBECDBF0ECE83E53E
:102240000E94F540882309F408CE0E948740082F99
:1022500080E50E94F5401DE0882319F00E94874028
:10226000182FEAECF0E28491811709F4F6CD31964B
:1022700030E2E63EF307B9F7163081F40093E50348
:1022800061E0812F0E94E4C3602F812F0E94B6C3BA
:10229000602F70E0812F0E9415C4DFCD17FDDDCDCA
:1022A000EFCF80E10E942ECB81EA9DE00F9463BBCB
:1022B0004BE0849FC001112470E060E0805B924F8E
:1022C0000F94A5BB82E00E942ECB0F9404A80F941C
:1022D000E5A7C3CD8AE50E94F5400E9490CBBDCD15
:1022E0008091E416882319F1CE0101960F942062A3
:1022F0008823C1F089810E944F5B8EE20E944F5B70
:102300008A810E944F5B8EE20E944F5B8B810E940C
:102310004F5B8EE20E944F5B8C810E944F5B0F945B
:1023200067B39BCD8AEA90E20E94685B96CD86EA0D
:1023300090E20E948F5D91CD10926C0E8ECD8091B7
:102340006C0E1F928F938FEE9AE09F938F930F9452
:1023500025BA0F900F900F900F907FCD80E50E94CF
:10236000F540882321F00E9487408093840282E513
:102370000E94F540882341F00E94DF450F9403BE80
:10238000709388026093870281E50E94F54088235C
:1023900021F00E9487408093830283E50E94F540EC
:1023A000882341F00E94DF450F9403BE70938C0296
:1023B00060938B0283E40E94F5408823A9F00E9479
:1023C000DF456B017C0120E030E0A9010F9480BD66
:1023D0006FEF7FEF181624F4C701B6010F9403BE08
:1023E000709386026093850284E40E94F5408823FE
:1023F000A9F00E94DF456B017C0120E030E0A901DB
:102400000F9480BD6FEF7FEF181624F4C701B6015B
:102410000F9403BE70938A026093890280918602B2
:102420008F93809185028F93809188028F93809102
:1024300087028F9380918402282F082E000C330B83
:102440003F938F9385E99AE09F938F930CE91AE06D
:102450001F930F930F9425BA80918A028F938091D6
:1024600089028F9380918C028F9380918B028F933E
:1024700080918302282F082E000C330B3F938F93FB
:102480008EE89AE09F938F931F930F930F9425BA32
:102490000FB6F894DEBF0FBECDBFDFCC80919C039A
:1024A000813009F0DACC82E080939C030F94841D84
:1024B000609351067093520680935306909354068E
:1024C000CCCC0F94E4360E94614BC7CC8FE990E2EC
:1024D0000E94685B8DEE9FE00F946BBB4AE00F9407
:1024E0007DAE89E990E20E94685B81EF9FE00F94E6
:1024F0006BBB4AE00F947DAE84E990E20E948F5D51
:10250000ACCC8DE993E00F94152083E50E94F54053
:10251000882309F162E270E08091121890911318FB
:102520000F94BAC18C01892BB1F00F5F1F4F62E28B
:1025300070E0C8010F94BAC1892B69F0EBE4F6E0B2
:1025400083E0DF011D928A95E9F742E050E0B8018F
:10255000CF010F94E3C18CE89FE00F9463BB8130FF
:1025600009F07BCC0E94BD4C882309F476CC0E94F4
:10257000C74C882309F471CC8091F404882329F096
:102580008CE69AE00E948F5D68CC8FE49AE00E940E
:102590008F5D63CC82E39AE00E941A5E83E50E941D
:1025A000F540882309F459CC0E94DF450F94FCBD07
:1025B0007093710E6093700E50CC80E990E20E948F
:1025C000685B0E94D65C0E94D45A81E0809385109B
:1025D00044CC10926C14EBC881E080936A143DCC1B
:1025E00082E50E94F540811175C80F94841D6B012E
:1025F0007C016091720E7091730E072E000C880B97
:10260000990B0F94F1B511E02091650E3091660E93
:102610004091670E5091680E0F9414BF18160CF07D
:1026200010E01093640EC701B6010F942F5E8EEE7A
:1026300098E40E9497EE82E08093E1030F946AB3DE
:1026400089E893E00F94152008CC82EE98E40E946C
:1026500097EE83E08093E10381E00F946AB383E512
:102660000E94F540182F882349F00E94DF450F94FF
:10267000FCBD7093710E6093700E05C082E50E94E0
:10268000F5408111F2CF0F94841D6B017C011092F3
:102690006A0E6091700E7091710E072E000C880BFF
:1026A000990B0F94F1B501E02091F5043091F604F7
:1026B0004091F7045091F8040F9414BF18160CF0D1
:1026C00000E00093640E80916A0E81111CC060913D
:1026D000700E7091710E072E000C880B990B0F94E1
:1026E000F1B59B01AC016091F5047091F604809105
:1026F000F7049091F804E091640EEE2381F00F94BA
:1027000080BD87FD12C089ED98E40E9497EE84E0B9
:102710008093E10389E893E00F9415209ECB0F94FA
:1027200014BF181684F71111EECF8091690E823014
:1027300051F30F94841D6C197D098E099F09693E20
:1027400073408105910550F080916B0E811102C09C
:102750000E94765B0F94841D6B017C010F94832C87
:1027600080E00E94AA7380E00E94D453ACCF83E53E
:102770000E94F540882329F00E9487408093E5035A
:102780006CCB8FEF8093E50368CB1092E50365CBAC
:102790008091E30388608093E3035FCB83E50E942D
:1027A000F540882399F00E94DF4520E030E04AE7B9
:1027B00054E40F9430B60F9403BE609334027093C8
:1027C0003502809336029093370247CB88E50E940A
:1027D000F5408823D1F00F941B3788E50E94F5401F
:1027E000811128C089E50E94F540882319F0169AC6
:1027F000109245078AE50E94F54085E40E94F54065
:10280000882309F42ACB149A28CB89E50E94F54045
:102810008111E1CF8AE50E94F5408111DCCF85E48A
:102820000E94F5408111D7CF0F941B37149A0E9454
:10283000CF6B13CB179A10924407D4CF83E50E9435
:10284000F540882309F409CB0E94DF4520E030E001
:102850004AE754E40F9430B60F9403BE60933002FD
:102860007093310280933202909333028DED95E0A4
:102870000F941520F2CA7EEDC72E72E0D72EE2E744
:10288000EE2EE6E0FE2E10E0F60181916F010E942F
:10289000F540882309F465C00E94DF452B013C0107
:1028A000133009F068C020E030E040EA51E40F94B2
:1028B00080BD87FF4EC0A301920160918206709196
:1028C000830680918406909185060F948ABD4B0102
:1028D0005C01AC019B016091C6067091C7068091B6
:1028E000C8069091C9060F9430B66093C6067093DF
:1028F000C7068093C8069093C90620909A0230902C
:102900009B02A5019401D1011C966D917D918D9141
:102910009C911F970F9430B6F10164877587868765
:102920009787609101187091021880910318909117
:1029300004180F94EFB5A50194010F9430B60F94CD
:1029400003BE60930118709302188093031890934C
:102950000418409282065092830660928406709218
:102960008506B4E0EB0EF11C1F5F143009F08CCF2C
:102970000F94C18672CAD70114964D925D926D92E2
:102980007C921797EECF8EE40E94F540882309F4DD
:1029900064CA0E94A14060937D0370937E0380937C
:1029A0007F039093800359CA83EA99E60E94685B8B
:1029B000C0902F02D12CF12CE12C89E890E20E94EA
:1029C000685B4AE0C701B6010F947DAE0F9467B310
:1029D00044CA85E50E94F540882309F457C0009158
:1029E0001218109113180F5F1F4F109313180093B4
:1029F00012188091FC03882309F42FCABE016F5F6F
:102A00007F4FC8010E94ACDD882309F426CA8FEBF2
:102A10009BE3DE011196BE01675F7F4FFC0145918C
:102A200054912D913D914217530710F40C9450B0DE
:102A30002417350708F411CA0296A617B70771F7CD
:102A40000CCA4EEC53E163E080E00E94215440E068
:102A500068EE73E082E390E00F94974484EF91E096
:102A60000E94557640E068EE73E082E390E00F94B8
:102A700097448EE190E00F945C2E81E00E941A55FD
:102A80000E94405480E00E94D453E7C941E150E0E5
:102A900060E87CE0CE0101960F9453BB8BE690E298
:102AA0000E94685B8DEF94E70E94685B89E690E284
:102AB0000E94685B84E690E20E94685B82E690E296
:102AC0000E94685B88E590E20E94685B8EEF9FE160
:102AD0000E94685B8AEF9FE10E94685B8BEE9FE13A
:102AE0000E94685BCE0101960E940F7189ED9FE103
:102AF0000E94685B88ED9FE10E948F5D1F9261E3F9
:102B0000F62EFF928DEE9DE19F938F9306EA1DE1D5
:102B10001F930F930F9425BA1F92FF928DED9DE1A5
:102B20009F938F931F930F930F9425BA1F92FF9239
:102B300089EC9DE19F938F931F930F930F9425BA78
:102B40001F92FF928CEB9DE19F938F931F930F93A6
:102B50000F9425BA1F92FF9281EB9DE19F938F9373
:102B60001F930F930F9425BA0FB6F894DEBF0FBED4
:102B7000CDBF73C90E945B5C70C9E0911218F091DF
:102B80001318CF0104962481203209F401960E9483
:102B9000DEF787E08093790760C9009112181091E1
:102BA00013180B5F1F4F83E0F12C40E08150E9F0D8
:102BB000D8019C91292F2B7F2134B9F411962C91A7
:102BC000213399F4913471F0953409F441E098017E
:102BD0002E5F3F4F89012F5F3F4FF8019081903268
:102BE000C9F3E4CFFF24F394F2CF442321F083EA26
:102BF00099E60E94685BFF2021F085ED9FE10E942D
:102C0000685BC8010F9468B428C989E19AE00E9402
:102C1000685B0F9467B381E19AE00E94685B1E993C
:102C200047C08CE09AE00E94685B0F9467B38AEF1C
:102C300099E00E94685B8091060182FD3CC08CE0B7
:102C40009AE00E94685B0F9467B382EF99E00E945C
:102C5000685B1D9933C08CE09AE00E94685B0F941A
:102C600067B38AEE99E00E94685B8091060187FD58
:102C700028C08CE09AE00E94685B0F9467B382EEF4
:102C800099E00E94685B1C991FC08CE09AE00E944A
:102C9000685B0F9467B38AED99E00E94685B019BC3
:102CA00016C08CE09AE00E94685B0F9467B3D5C8A9
:102CB00082E09AE0B8CF82E09AE0C3CF82E09AE067
:102CC000CCCF82E09AE0D7CF82E09AE0E0CF82E0FA
:102CD0009AE0E9CF0E94C64BC0C884E50E94F54047
:102CE000882369F00E948740882349F083EA99E6A7
:102CF0000E94685B83EC99E00E940F71AEC884E487
:102D00000E94F540882309F4A8C80E94DF4520E00E
:102D100030E0A9010F9480BD811105C01092090710
:102D20000E94FB4A9AC80E94DF456B017C0120E0AB
:102D300030E0A9010F9480BD811106C0C12CD12CB7
:102D400050EEE52E5FE3F52EC0920A07D0920B07F6
:102D5000E0920C07F0920D0781E080930907E0CF25
:102D60003EEDC32E32E0D32E42E7E42E46E0F42EB1
:102D700010E0D6018D916D010E94F540882341F14C
:102D80000E94DF450F9403BE12304CF5653CB9E05C
:102D90007B078105910540F5562F472F382F292FA6
:102DA000613CE3E07E078105910520F050EC43E0B3
:102DB00030E020E0D70194966D937D938D939C93A2
:102DC0009797F701E455FF4F508341833283238364
:102DD000B4E0EB0EF11C1F5F143059F6C9CD562F2D
:102DE000472F382F292FE6CF50EC43E030E020E08A
:102DF00064EC79E080E090E0DDCF9EEDA92E92E0DA
:102E0000B92E22E7C22E26E0D22E912CF501819117
:102E10005F010E94F540882371F10E94DF457B012C
:102E20008C01F1E0F915B8F120E030E048E453E41A
:102E30000F9414BF181644F15E2C6F2C702E812E47
:102E400020E030E048EC52E4B701C8010F9414BF11
:102E5000181634F1852D962DA72DB82DF601848BEB
:102E6000958BA68BB78BC701D801E456FF4F8083A3
:102E70009183A283B3839394F4E0CF0ED11C24E01A
:102E80009212C4CF0C942D8F512C612CB8E47B2E60
:102E900083E4882ED5CF562E6F2C782E812EDACF54
:102EA000E12CF12C08EC12E4D5CF80E50E94F5402E
:102EB000882351F00E94DF456093A6067093A70611
:102EC0008093A8069093A90682E50E94F540882386
:102ED00051F00E94DF456093AA067093AB06809381
:102EE000AC069093AD0684E50E94F540882311F46A
:102EF0000C942D8F0E94DF45609332077093330747
:102F000080933407909335070C942D8F83E50E94AE
:102F1000F540882351F00E94DF456093AE06709320
:102F2000AF068093B0069093B10684E50E94F54009
:102F3000882351F00E94DF456093B2067093B30678
:102F40008093B4069093B50682E40E94F5408823EE
:102F500061F00E94DF450F9403BE6093B606709344
:102F6000B7068093B8069093B90688E50E94F540AD
:102F7000882391F00E94DF456093BE067093BF06E0
:102F80008093C0069093C1066093BA067093BB0607
:102F90008093BC069093BD0689E50E94F540882386
:102FA00051F00E94DF456093BE067093BF06809388
:102FB000C0069093C1068AE50E94F540882351F02F
:102FC0000E94DF456093C2067093C3068093C406D7
:102FD0009093C50685E40E94F540882311F40C9473
:102FE0002D8F0E94DF450E94196B6093C606709377
:102FF000C7068093C8069093C9060C942D8F0EEDDA
:1030000012E0FAECEF2EF6E0FF2EA1EECA2EA2E0BF
:10301000DA2ED8018D918D010E94F540882339F078
:103020000E94DF45F7016083718382839383F4E01C
:10303000EF0EF11CC016D10661F70C942D8F83E5BD
:103040000E94F540882351F00E94DF4560930107FC
:1030500070930207809303079093040786E40E940D
:10306000F540882311F40C942D8F0E94DF450E94B7
:10307000094C6093050770930607809307079093A8
:1030800008070C942D8F83E50E94F540882311F4E6
:103090000C942D8F0E9487408823C1F08130E1F08D
:1030A00083EA99E60E94685B80EB99E00E94685B86
:1030B000809175129091761285579F4E0E940F71E4
:1030C00080ED9FE10E948F5D0C942D8F1092F4068D
:1030D000109243070C942D8F8093F40610924307AF
:1030E0000C942D8F4090360750903707609038072A
:1030F000709039070C94878C80903A0790903B072A
:10310000A0903C07B0903D070C94928C82E40E9402
:10311000F540182F882341F08091390290913A02AE
:1031200090932E0280932D0283E50E94F540082F94
:10313000882339F00E94944090933A028093390298
:10314000102F82E50E94F540882351F080912D02D6
:1031500090912E0290933A02809339020C942D8F15
:1031600011110C942D8F80913A028F938091390226
:103170008F938AEC9FE19F938F930F9425BA0F90C2
:103180000F900F900F900C942D8F809196028F933B
:10319000809195028F9384EC9FE19F938F930F947E
:1031A00025BA0F900F900F900F900C942D8F80E503
:1031B0000E94F540882311F40C942D8F0E949440B6
:1031C0007C0183E50E94F5400FEF1FEF882319F083
:1031D0000E9494408C01C8010196039710F00C9452
:1031E0002D8FEAECF0E226EE30E28491082E000CFE
:1031F000990BE816F90611F40C942D8F31962E17C1
:103200003F0799F7F7FE02C00C942D8F0F941B37E0
:10321000DE2C60E08E2D0E94E4C30F3F1007B1F05A
:103220000130110511F010E000E08D2D0E948DC3DA
:103230008017910711F40C942D8F0F94832C80E04C
:103240000E94AA7380E00E94D453EFCF8E2D0E947B
:103250008DC331E020E0892B09F030E0032F122FDD
:10326000E4CF80E50E94F54008EE13E0882329F0C2
:103270000E94DF450F9403BE8B0183E50E94F54059
:10328000882371F00E94DF450F9403BE611571051C
:1032900049F4B80190E080E00F94971B0C942D8FB7
:1032A00070E060E040E0C8010F9497440C942D8FCB
:1032B00080E50E94F540882351F00E94DF4560932D
:1032C000DA067093DB068093DC069093DD0689E4D2
:1032D0000E94F540882381F00E94DF452CEA35ECFE
:1032E00047E25EE30F9430B66093DE067093DF062C
:1032F0008093E0069093E10684E40E94F5408823E1
:1033000081F00E94DF452CEA35EC47E25EE30F9442
:103310008ABD6093E2067093E3068093E40690937F
:10332000E5060F94002F8FE596E20E94685B80EC23
:103330009FE10E94685B6091DA067091DB068091E4
:10334000DC069091DD0642E00F94B4B28CEB9FE175
:103350000E94685B2CEA35EC47E25EE36091DE0692
:103360007091DF068091E0069091E1060F948ABD8E
:1033700042E00F94B4B288EB9FE10E94685B2CEAB4
:1033800035EC47E25EE36091E2067091E3068091DE
:10339000E4069091E5060F9430B60F94F7500C9424
:1033A0002D8F90E080E00C942F8D85E40E94F540F5
:1033B00010E000E0882359F00E9494408C01C12C59
:1033C000D12C7CE8E72E72E4F72E97FD06C0C12CC5
:1033D000D12CE6E1EE2EE3E4FE2E83E50E94F540DB
:1033E000882321F00E94DF456B017C0183E40E9469
:1033F000F540882351F00E9494409C01A801C70128
:10340000B6010F942D2F0C942D8F85E090E0F5CF11
:1034100089E40E94F540882309F430C20E94944058
:10342000AB968FAFAB9782E50E94F540882309F4F5
:103430002AC20E94DF45E2966CAF7DAF8EAF9FAF90
:10344000E29780E50E94F540C12CD12C60ECE62E7D
:103450006FE7F62E882321F00E94DF456B017C0187
:1034600085E50E94F540882309F418C20E94DF45D3
:103470006E966CAF7DAF8EAF9FAF6E9786E50E9464
:10348000F540882309F415C20E94DF45A2966CAF6F
:103490007DAF8EAF9FAFA29783E40E94F540882353
:1034A00009F412C20E94DF456A966CAF7DAF8EAF01
:1034B0009FAF6A9784E40E94F540882309F40FC205
:1034C0000E94DF45AA966CAF7DAF8EAF9FAFAA97E3
:1034D0008CE40E94F5400FEF1FEF882319F00E9443
:1034E00094408C0183E50E94F540882309F402C2D0
:1034F0000E949440E3968FAFE39782E40E94F540E8
:10350000882309F4FCC10E949440E7968FAFE797A7
:1035100084E50E94F540882309F4F6C10E94DF4546
:10352000A6966CAF7DAF8EAF9FAFA69785E40E9445
:10353000F540412C512C50EC652E5FE7752E882309
:1035400021F00E94DF452B013C0187E50E94F540F8
:10355000812C912C40ECA42E4FE7B42E882321F02F
:103560000E94DF454B015C0181E40E94F54022246A
:103570002A94322C882319F00E9494401C0186E47E
:103580000E94F540882309F4CAC10E949440EB963A
:103590008FAFEB97E2962CAD3DAD4EAD5FADE297B0
:1035A000CA01B9010F9499C0882309F4C1C1A701C8
:1035B0009601C701B6010F9499C0882309F4B8C1D8
:1035C0006E962CAD3DAD4EAD5FAD6E97CA01B901A3
:1035D0000F9499C0882309F4ABC1A2962CAD3DADE0
:1035E0004EAD5FADA297CA01B9010F9499C088236F
:1035F00009F49EC16A962CAD3DAD4EAD5FAD6A97A4
:10360000CA01B9010F9499C0882309F491C1AA96FF
:103610002CAD3DAD4EAD5FADAA97CA01B9010F9477
:1036200099C0882309F484C1A6962CAD3DAD4EAD5A
:103630005FADA697CA01B9010F9499C0882309F418
:1036400077C1A5019401C501B4010F9499C08823E5
:1036500009F46EC1A3019201C301B2010F9499C094
:10366000882309F465C1AB964FADAB9747FF60C1A6
:10367000E3965FADE39757FF5BC1E7968FADE797A2
:1036800087FF5BC137FE9FC117FD4EC1CE0101967A
:103690000F94C525A7019601C701B6010F9499C0E3
:1036A000882309F431C26E962CAD3DAD4EAD5FADB1
:1036B0006E97CA01B9010F9499C081110EC06E9620
:1036C0002CAD3DAD4EAD5FAD6E972093C1123093E2
:1036D000C2124093C3125093C412A2962CAD3DADBA
:1036E0004EAD5FADA297CA01B9010F9499C0811187
:1036F0000EC0A2968CAD9DADAEADBFADA29780932E
:10370000C5129093C612A093C712B093C8126A96BE
:103710002CAD3DAD4EAD5FAD6A97CA01B9010F94B6
:1037200099C081111BC020E030E0A9016A966CAD00
:103730007DAD8EAD9FAD6A970F9414BF181674F4CB
:103740006A962CAD3DAD4EAD5FAD6A972093C91220
:103750003093CA124093CB125093CC12AA962CAD40
:103760003DAD4EAD5FADAA97CA01B9010F9499C0A6
:1037700081110EC0AA968CAD9DADAEADBFADAA971E
:103780008093CD129093CE12A093CF12B093D0120B
:1037900017FD03C0C8010F94A822A6962CAD3DAD1D
:1037A0004EAD5FADA697CA01B9010F9499C08111C2
:1037B0000EC0A6962CAD3DAD4EAD5FADA697209345
:1037C0001313309314134093151350931613A5013C
:1037D0009401C501B4010F9499C0811111C020E07A
:1037E00030E0A901C501B4010F9414BF181644F4C8
:1037F0008092171390921813A0921913B0921A1373
:10380000A3019201C301B2010F9499C0811111C0AB
:1038100020E030E0A901C301B2010F9414BF1816D3
:1038200044F440921B1350921C1360921D1370922B
:103830001E13C0901B13D0901C13E0901D13F0902A
:103840001E13A701960160911713709118138091B0
:10385000191390911A130F9414BF181644F4C092C0
:103860001713D0921813E0921913F0921A130F94B1
:103870002F23CE0101960F94B825C8C03FEFAB9619
:103880003FAFAB97D0CD80E090E0A0ECBFE7E296F1
:103890008CAF9DAFAEAFBFAFE297D3CD20E030E0AD
:1038A00040EC5FE76E962CAF3DAF4EAF5FAF6E97CB
:1038B000E5CD80E090E0A0ECBFE7A2968CAF9DAF95
:1038C000AEAFBFAFA297E8CD20E030E040EC5FE7BD
:1038D0006A962CAF3DAF4EAF5FAF6A97EBCD80E0FD
:1038E00090E0A0ECBFE7AA968CAF9DAFAEAFBFAFA4
:1038F000AA97EECD9FEFE3969FAFE397FECDAFEF94
:10390000E796AFAFE79704CE20E030E040EC5FE70A
:10391000A6962CAF3DAF4EAF5FAFA69707CE3FEF59
:10392000EB963FAFEB9736CE0F94E7210C942D8F9B
:10393000E7969FADE79797FD09C081E0E796AFADA9
:10394000E797A11101C080E080933D02A701960195
:10395000C701B6010F9499C0882309F497CE6E96DB
:103960002CAD3DAD4EAD5FAD6E97CA01B9010F9460
:1039700099C0882309F48ACEA2962CAD3DAD4EADF8
:103980005FADA297CA01B9010F9499C0882309F4C9
:103990007DCE6A962CAD3DAD4EAD5FAD6A97CA0146
:1039A000B9010F9499C0882309F470CEAA962CAD62
:1039B0003DAD4EAD5FADAA97CA01B9010F9499C054
:1039C000882309F463CE17FD02C00C946FB0A6964D
:1039D0002CAD3DAD4EAD5FADA697CA01B9010F94B8
:1039E00099C0882309F452CEA5019401C501B40100
:1039F0000F9499C0882309F449CEA3019201C30111
:103A0000B2010F9499C0882309F440CEAB963FAD24
:103A1000AB9737FD3BC0E2962CAD3DAD4EAD5FADF3
:103A2000E297CA01B9010F9499C081112FC0AB96DA
:103A30004FADAB97403154F520E030E0A901E2965C
:103A40006CAD7DAD8EAD9FADE2970F9480BD181625
:103A5000ECF4CE0101960F94C525AB965FADAB9704
:103A600084E05802F0011124ED52FD4EE2962CAD97
:103A70003DAD4EAD5FADE2972083318342835383EA
:103A80000F942F23CE0101960F94B825E3963FADF6
:103A9000E39737FD06C081E0311101C080E00F944B
:103AA000642637FE02C00C942D8F11E0EB964FADCB
:103AB000EB9714160CF010E081E080933C028091AB
:103AC0005A0E90915B0E891B8F7041F48091690EA4
:103AD000853069F10E94234D882349F184E99DE1F5
:103AE0009F938F9381E090E08C0F9D1F9F938F9306
:103AF0000F947ABACE0101960E9486EE0F900F9035
:103B00000F900F900C942D8F20E030E0A901C70199
:103B1000B6010F9414BF18160CF0C5CDC092BD129B
:103B2000D092BE12E092BF12F092C012BCCD83E0E0
:103B3000809397028091D10382608093D1030F9488
:103B40002B102091C9123091CA124091CB12509182
:103B5000CC126E962CAF3DAF4EAF5FAF6E9780E448
:103B6000E3EDF2E1DE01119601900D928A95E1F705
:103B70003091240567963FAF6797812F0F94862673
:103B80008EE79DE10E948F5D2114310419F426EE29
:103B9000222E312C80E00F94DD2182E0482E512C22
:103BA00092E6692E9DE1792EAE014F5B5F4F4A018F
:103BB00012E31092730E1092720E20E030E048E48F
:103BC00052E46091650E7091660E8091670E90913F
:103BD000680E0F9414BF87FD58C01F921F9388E48E
:103BE0009DE19F938F939F928F920F947ABAC40115
:103BF0000E9486EE0091E5038FEF0F94DD210F9078
:103C00000F900F900F900F900F90C090650ED09076
:103C1000660EE090670EF090680E20E030E048E419
:103C200052E4C701B6010F9414BF87FD27C08091ED
:103C30002205811123C020915506309156064091EE
:103C40005706509158066091131370911413809188
:103C50001513909116130F948BBC20E030E040EACE
:103C600050E40F948BBC9B01AC01C701B6010F94CB
:103C700080BD87FD03C00F94B12EC7CF802F0F9456
:103C8000DD2180E197E20F94DE2E7F926F92EAE3CE
:103C9000FDE1FF93EF939F928F920F947ABAC40144
:103CA0000E9486EE3092730E2092720E0E94E4FE05
:103CB0005C01809122050F900F900F900F900F9054
:103CC0000F9081117AC0A114B10409F476C06091FB
:103CD000D3127091D4128091D5129091D6129B017B
:103CE000AC010F9499C0882361F080E090E0A8E4D3
:103CF000B2E48093D3129093D412A093D512B093D0
:103D0000D612C0905506D0905606E0905706F09017
:103D1000580600E020E030E040EA51E469EC72E14E
:103D2000C5010E94B6C19B01AC010F9499C08111DD
:103D300044C00F94BC2E4A94452809F485C080E302
:103D400095E70F94DE2E3F922F927F926F924DE275
:103D50005DE15F934F939F928F920F947ABAC40163
:103D60000E9486EE0E94E4FE209122050FB6F89490
:103D7000DEBF0FBECDBF211120C00097F1F0C09073
:103D80005506D0905606E0905706F090580620E071
:103D900030E048E452E463ED72E10E94B6C1BBE555
:103DA0006B2EBDE17B2E44244394512C9B01AC012E
:103DB0000F9499C0882309F4FCCE81E080933C02E3
:103DC0000F943E2380913C02882309F4FDC08AE6CB
:103DD0009DE19F938F939F928F920F947ABAC40123
:103DE0000E9486EE809122050F900F900F900F9009
:103DF000882319F08FEF0F94DD210F94E7216E9641
:103E00002CAD3DAD4EAD5FAD6E972093C912309392
:103E1000CA124093CB125093CC1280E4FE0131962B
:103E2000A3EDB2E101900D928A95E1F767968FAD0F
:103E300067970F9464260E9452578091D1038D7F1B
:103E40008093D1030C942D8F8FEF0F94DD2180E3AD
:103E500095E70F94DE2EEFE06E2EE3E17E2E1FEF4E
:103E6000FFE0AF2EB12C212C312CA0EC4A2EAFE775
:103E70005A2EF3012082318242825382812F0F9485
:103E8000DD2180E197E20F94DE2EBF92AF9229E10F
:103E90003DE13F932F939F928F920F947ABAC40182
:103EA0000E9486EE0E94E4FE209122050F900F9062
:103EB0000F900F900F900F9021117FCF009709F472
:103EC0007CCFC0905506D0905606E0905706F090F3
:103ED00058062091D3123091D4124091D5125091AE
:103EE000D6120A2DB3010E94B6C19B01AC010F94FA
:103EF00099C0811162CF54E0A51AB10880E1681A17
:103F0000710810549FEFA916B90609F0B2CF6BE003
:103F1000E62E63E1F62E0EE010E07FE0372E8FE014
:103F200090E0801B910B83709927892B59F4302ED8
:103F300001501109F4E0EF1AF1080115110579F7A4
:103F400080E03CCF8CEF830D87FD80E0082E000CD5
:103F5000990BFC01EE0FFF1FEE0FFF1FED52FD4E00
:103F60004080518062807380B801681B790B072EF6
:103F7000000C880B990B0F94F1B520E030E040E87D
:103F80005EE30F9430B65B016C01A32DB4E0AB028D
:103F9000F0011124ED52FD4EA30192016081718167
:103FA000828193810F948ABC9B01AC01C601B5014B
:103FB0000F9430B6A30192010F948BBCF70160837C
:103FC000718382839383B4CF88E00E9483CB89E995
:103FD00094E60E9497EE80E00F94DD2167968FAD06
:103FE00067970F9464260F94E72125CF0F941B3712
:103FF0000C942D8F80919D13813011F00C942D8F96
:1040000085E40E94F54081110E94874086E40E9469
:10401000F54081110E9487400F94F364882311F4C6
:104020000C942D8F60E080E00F94B07B0C942D8F6A
:1040300080E00E9441580C942D8F0E940B6C0C94D0
:104040002D8F0E946F770C942D8F0E94F36B0C9430
:104050002D8F8091D5068F938091D4068F93809178
:10406000D3068F938091D2068F938091D1068F9340
:104070008091D0068F938091CF068F938091CE064A
:104080008F938091CD068F938091CC068F938091F2
:10409000CB068F938091CA068F9303EA19E61F938C
:1040A0000F931F930F938091C9068F938091C80639
:1040B0008F938091C7068F938091C6068F938091CE
:1040C000C5068F938091C4068F938091C3068F930A
:1040D0008091C2068F938091C1068F938091C00614
:1040E0008F938091BF068F938091BE068F938091AE
:1040F000BD068F938091BC068F938091BB068F93F2
:104100008091BA068F938091B9068F938091B806FB
:104110008F938091B7068F938091B6068F9380918D
:10412000B5068F938091B4068F938091B3068F93D9
:104130008091B2068F938091B1068F938091B006E3
:104140008F938091AF068F938091AE068F931F93CC
:104150000F931F930F93809135078F9380913407AE
:104160008F93809133078F93809132078F93809143
:10417000AD068F938091AC068F938091AB068F93A1
:104180008091AA068F938091A9068F938091A806AB
:104190008F938091A7068F938091A6068F931F938C
:1041A0000F931F930F9380912D078F9380912C076E
:1041B0008F9380912B078F9380912A078F93809103
:1041C00029078F93809128078F93809127078F93DA
:1041D000809126078F93809125078F9380912407E4
:1041E0008F93809123078F93809122078F938091E3
:1041F00021078F93809120078F9380911F078F93C2
:1042000080911E078F931F930F931F930F9380919D
:10421000A5068F938091A4068F938091A3068F9318
:104220008091A2068F938091A1068F938091A00622
:104230008F9380919F068F9380919E068F9380919C
:104240009D068F9380919C068F9380919B068F9300
:1042500080919A068F93809199068F93809198060A
:104260008F93809197068F93809196068F931F93DB
:104270000F931F930F9380911D078F9380911C07BD
:104280008F9380911B078F9380911A078F93809152
:1042900019078F93809118078F93809117078F9339
:1042A000809116078F93809115078F938091140743
:1042B0008F93809113078F93809112078F93809132
:1042C00011078F93809110078F9380910F078F9321
:1042D00080910E078F931F930F931F930F938091DD
:1042E00095068F93809194068F93809193068F9378
:1042F000809192068F93809191068F938091900682
:104300008F9380918F068F9380918E068F938091EB
:104310008D068F9380918C068F9380918B068F935F
:1043200080918A068F93809189068F938091880669
:104330008F93809187068F93809186068F931F932A
:104340000F931F930F93809131071F928F9380914A
:1043500030071F928F9380912F071F928F93809128
:104360002E071F928F931F930F931F930F9380918C
:1043700085068F93809184068F93809183068F9317
:10438000809182068F93809181068F938091800621
:104390008F9380917F068F9380917E068F9380917B
:1043A0007D068F9380917C068F9380917B068F93FF
:1043B00080917A068F93809179068F938091780609
:1043C0008F93809177068F93809176068F931F93BA
:1043D0000F931F930F9381E49AE19F938F930F9410
:1043E00025BA0FB6F894DEBF0FBECDBF2CEA35EC70
:1043F00047E25EE36091E2067091E3068091E40695
:104400009091E5060F9430B69F938F937F936F93AF
:104410002CEA35EC47E25EE36091DE067091DF0640
:104420008091E0069091E1060F948ABD9F938F934F
:104430007F936F938091DD068F938091DC068F933D
:104440008091DB068F938091DA068F931F930F93F1
:104450001F930F9384E19AE19F938F930F9425BA52
:104460002CEA35EC47E25EE36091EE067091EF06D0
:104470008091F0069091F1060F9430B69F938F9340
:104480007F936F932CEA35EC47E25EE36091EA0696
:104490007091EB068091EC069091ED060F948ABD29
:1044A0009F938F937F936F938091E9068F93809171
:1044B000E8068F938091E7068F938091E6068F93AD
:1044C0001F930F931F930F938FED99E19F938F93FA
:1044D0000F9425BA0FB6F894DEBF0FBECDBF809102
:1044E000F4061F928F931F930F931F930F9320E057
:1044F00030E040E752E46091050770910607809133
:104500000707909108070F9430B69F938F937F937E
:104510006F93809104078F93809103078F9380910D
:1045200002078F93809101078F931F930F931F931F
:104530000F93809100078F938091FF068F93809156
:10454000FE068F938091FD068F9320E030E040E7D8
:1045500052E46091F9067091FA068091FB06909101
:10456000FC060F9430B69F938F937F936F93809147
:10457000F8068F938091F7068F938091F6068F93BC
:104580008091F5068F931F930F931F930F938EEDDA
:1045900098E19F938F930F9425BA0FB6F894DEBFDE
:1045A0000FBECDBF80910907882309F458C08091C0
:1045B0000D078F9380910C078F9380910B078F933A
:1045C00080910A078F931F930F931F930F9388EB8C
:1045D00098E19F938F930F9425BA0FB6F894DEBF9E
:1045E0000FBECDBF809142078F93809141078F937B
:1045F000809140078F9380913F078F9380913E0772
:104600001F928F9380913D078F9380913C078F93EA
:1046100080913B078F9380913A078F938091390760
:104620008F93809138078F93809137078F93809174
:1046300036078F9383EA99E69F938F939F938F9387
:1046400087E198E19F938F930F9425BA0F94E72108
:104650000FB6F894DEBF0FBECDBF0C942D8F1F9305
:104660000F9389E998E19F938F930F9425BA0F9048
:104670000F900F900F90B6CF80E50E94F5408823F1
:1046800011F40C942D8F10925D0610925E0610921C
:104690005F06109260060DE516E031E6E32E36E087
:1046A000F32E4AE2D42EE0911218F0911318D08222
:1046B0000E949440D8018D938D01EA16FB0611F4F7
:1046C0000C942D8F8EE20E94F5408111ECCF109258
:1046D0005D0610925E0610925F06109260060C94C2
:1046E0002D8F0F941B3780915E0E811102C00E94A6
:1046F0008B4985E40E94F540812C912CA12C20EC63
:10470000B22E882321F00E94DF454B015C018CE42E
:104710000E94F540C12CD12C7601882321F00E9403
:10472000DF456B017C018AE50E94F540412C512C4C
:1047300098ED692E91E4792E882331F00E94DF45AF
:104740002B013C01E89477F888E50E94F540882326
:1047500009F4A5C10E94DF456A966CAF7DAF8EAFAC
:104760009FAF6A9789E50E94F540882309F4A2C1AA
:104770000E94DF456E966CAF7DAF8EAF9FAF6E9798
:104780001A821982FE01339683E1DF011D928A9518
:10479000E9F783E40E94F5408823F9F062E270E0D3
:1047A00080911218909113180F94BAC18C01892B23
:1047B000A1F00F5F1F4F62E270E0C8010F94BAC111
:1047C000009759F0801B843108F084E1482F50E0B5
:1047D000B801CE0101960F948CC180919D1310E019
:1047E000813029F487E99FE10F946286182F0F9496
:1047F0001B3786E10F946AB31092E5030E94C74C01
:1048000081115FC1A5019401609153077091540714
:1048100080915507909156070F948BBC6093530776
:1048200070935407809355079093560760E070E0AB
:1048300088EE92E40F94CF960F941B3786EA99E5A1
:104840000E948F5DC301B2010E940F536A962CAD86
:104850003DAD4EAD5FAD6A97209347073093480753
:104860004093490750934A076E968CAD9DADAEAD0F
:10487000BFAD6E9780934B0790934C07A0934D0765
:10488000B0934E0760E070E088E492E40F94CF9616
:104890000F941B37B12CA12C03E0202E08E1302E01
:1048A0008BE0882E88E1982E80919D13813009F04D
:1048B0000BC10F94FC50A82E0E94AA560F941B37D0
:1048C00010928F1710928E1780919D13813009F4EA
:1048D000C1C184E08093970240E060E08EEA93E1FA
:1048E0000F94F911082F80E00E941A55013001F54C
:1048F0000E9440544EE154E162E080E00E94215465
:1049000080E090E0A8ECB2E48093470790934807DA
:10491000A0934907B0934A0760E070E088E492E40E
:104920000F94CF960F941B378EE793E10F948F125D
:104930000E94405448E153E160E080E00E9421542D
:1049400061E080E00E940D548981882341F0CE010E
:1049500001960E94005762E080E00E940D54809111
:104960008E17811104C085E093E10E94F85384E022
:10497000809397020E945757811110C00F94832C87
:1049800081E00E94AA7380919117882399F340E0F7
:1049900068EE73E082E390E00F94974432E0309346
:1049A0009702CE0101960E940C5740E068EE73E03A
:1049B00082E390E00F949744111189C1B4E0BB2EBB
:1049C000B09297020E9440544EE453E160E081E0CF
:1049D0000E9421544AE353E161E081E00E942154A6
:1049E00048E253E162E081E00E9421544FEF59E236
:1049F00063E081E00E9421544EE360E080E00E9489
:104A00002D540E94525700E00F94832C81E00E94A5
:104A1000AA7380917006909171060097D9F097FF64
:104A200022C1002309F423C101504FE058E160E0A6
:104A300080E00E9421544EE3602F80E00E942D54BC
:104A4000109271061092700664E670E080E090E0CB
:104A50000F94971B0E9457578823B1F20E9440542D
:104A60000F942B1042E040939702023009F408C1E2
:104A7000033009F4E4C1013009F01BC180919D139A
:104A8000813009F0F8C00F94FC50082F0E94AA56FC
:104A9000802F0E94787680E00E94265C91CF20E0F3
:104AA00030E043E553E46A962CAF3DAF4EAF5FAFC5
:104AB0006A9758CE6E961CAE1DAE1EAE1FAE6E9798
:104AC0005FCE0E940B4ABECE84E0809397020F9483
:104AD000841D2B013C018CED92E10F940C120E947D
:104AE0005757082F811136C0A30192012054384D29
:104AF000464F5F4F6A962CAF3DAF4EAF5FAF6A97A0
:104B00000F94832C81E00E94AA73023009F463C0E1
:104B10000F943B4584E090E0013029F10E945576E6
:104B20000F94841D6A962CAD3DAD4EAD5FAD6A9776
:104B3000261737074807590790F68DEA92E10F9438
:104B40000C121092730E1092720E0F941B37149A5F
:104B500001E0D6CF10926E0510927105C701B60123
:104B60000E943DF9ABCE0E9455760E94575788238C
:104B700039F28091AF059091B0059093730E8093B8
:104B8000720E86EE9DE40F940C1242E864E080E021
:104B90000E942D548091730E8F938091720E8F938B
:104BA0006091650E7091660E8091670E9091680E0F
:104BB0000F94FCBD7F936F933F922F920E94E65318
:104BC00081E80E94FC530F900F900F900F900F9070
:104BD0000F9002E095CF6091720E7091730E072EC8
:104BE000000C880B990B0F94F1B52091650E309154
:104BF000660E4091670E5091680E0F948ABC9F77A5
:104C000020E030E040EA50E40F9480BD87FF09C007
:104C10008CED92E10F940C120F94841D2B013C013A
:104C20005ECF64E081E00E940D546091650E70914A
:104C3000660E8091670E9091680E0F94FCBD7F9375
:104C40006F939F928F920E94E6530F900F900F9058
:104C50000F9056CF111103C08A2D0E947876812FB4
:104C60000E94265CA9CE033010F40F5FDECE87E0F1
:104C70000F948742DACECE0101960E940C57A0CE47
:104C80000F941B370E94D5490E94405440E653E1DF
:104C900060E080E00E9421544EE154E162E080E057
:104CA0000E94215487E99DE10F94D3140F941B3780
:104CB00087CE0E9440544EE653E162E080E00E94BD
:104CC0002154002319F0033009F07ACEB12C8DE87D
:104CD00097E10E941158B110E7CD81E00E941A556A
:104CE0008091AE058093E503111127C00E94C74C47
:104CF000C0905307D0905407E0905507F0905607A6
:104D0000882309F49FC020E030E040E85FE3C7015A
:104D1000B6010F948ABC6093530770935407809335
:104D200055079093560760E070E088EE92E40F9488
:104D3000CF961092730E1092720EE0904F07F09083
:104D4000500700915107109152072091A002309115
:104D5000A1024091A2025091A30260919C02709125
:104D60009D0280919E0290919F021F921F921F921E
:104D70001F92812C912CE8E4AE2EE2E4BE2EF3E5E6
:104D8000CF2EF7E0DF2E0F947A870F941B37E09039
:104D9000A402F090A5020091A6021091A702209112
:104DA000A0023091A1024091A2025091A302609111
:104DB0009C0270919D0280919E0290919F021F9291
:104DC0001F921F921F92812C912CA0E7AA2EA1E482
:104DD000BA2E0F947A870F941B3788EA92E00F94CB
:104DE000208780E1ECE9F2E0A7E4B7E001900D92C2
:104DF0008A95E1F70E94684D809174039091750344
:104E00008093390290933A029F938F938CE392E7B9
:104E10009F938F930E94B1710E94C74C0FB6F89474
:104E2000DEBF0FBECDBF882321F187E89EE20E943E
:104E300097EE10927907109257070C942D8FBB2490
:104E4000B39445CF20E030E040EA50E4C701B6011A
:104E50000F948BBC6093530770935407809355074E
:104E60009093560760E070E080E090E40F94CF9656
:104E700064CF89E994E60E9497EE8DE793E20E9461
:104E80008F5DD7CF0E94C74C81110C942D8F0F944A
:104E90001B370E94ED680E94D45A0F94901D0C9409
:104EA0002D8F0E94C74C882311F40C942D8F0C94E5
:104EB000F78F60E080E00E9496F80C942D8F1886A2
:104EC00083E50E94F5408823B1F00E948740182FA7
:104ED0008830B0F088E79FE10E94685B4AE067E0B5
:104EE00070E080E090E00F947DAE82EF92E00F944E
:104EF00068B40C942D8F81EA9DE00F9463BB182F4A
:104F00008AE50E94F540882309F4D7C00E94DF4556
:104F10002B013C0120917E0630917F064091800656
:104F2000509181060F9430B60F94FCBD6B019B012C
:104F30002156304F203A3F4030F082E69FE10E94F8
:104F40008F5D0C942D8F5BE0159F90011124C9019A
:104F5000805B924F0F94A5BB8CE40E94F540BBE0B0
:104F60001B9F700111245701E7EBAE1AE2EFBE0A56
:104F7000882309F4BEC0E0911218F09113183196FD
:104F8000BF0181918032E1F3882331F047E050E0A6
:104F9000CE0101960F94E3C147E050E0B501CE0188
:104FA00001960F9477BB82E40E94F5405701FEEA18
:104FB000AF1AF2EFBF0A882309F4A3C00E9487400A
:104FC000982E682FC5010F9487BB80E50E94F5409D
:104FD0002DEAE21A22EFF20A882309F497C00E9410
:104FE0008740B82E682FC7010F9487BB81E40E94C9
:104FF000F540882309F48FC00E948740811106C0C4
:1050000081EA9DE00F9463BB18138DC0812F0E942D
:10501000595A082F882329F0612F81EA9DE00F94C7
:1050200087BB8BE59FE10E94685B612F70E090E099
:1050300080E00F94F3AE812F0E94595A811104C071
:105040008AE49FE10E948F5D87E49FE10E94685B94
:1050500044E0C301B2010F94B4B284E49FE10E9422
:10506000685BB601DD0C880B990B0F94F3AE81E4FD
:105070009FE10E94685BCE0101960E940F718EE352
:105080009FE10E94685B692D70E090E080E00F94E2
:10509000F3AE8BE39FE10E94685B6B2D70E090E0C4
:1050A00080E00F94F3AE88E39FE10E94685B802F5D
:1050B00090E00F948A520C942D8FABE01A9FC001A0
:1050C0001124805B924F0F9471BB6C01BC01990F4E
:1050D000880B990B0F94F1B520917E0630917F06D5
:1050E00040918006509181060F948ABD2B013C01AE
:1050F00033CF47E050E0B501CE0101960F9453BB8A
:1051000052CFC5010F9463BB982E5FCFC7010F9498
:1051100063BBB82E6BCF81EA9DE00F9463BB01E0C7
:10512000181709F47ECF00E07CCFC301B2010F94C1
:10513000F1B5209198033091990340919A035091D1
:105140009B030F9480BD87FD02C00C94178F0F94B2
:10515000841D681979098A099B09693E7340810594
:105160009105C8F082E19FE10E94685B609198031D
:105170007091990380919A0390919B0341E00F9461
:10518000B4B28FE20E944F5BC8010F948A520F9411
:10519000841D4B015C010F94832C80E00E94AA7354
:1051A00080E00E94D4530C94FE8E8FE30E94F54061
:1051B0008823C9F08FEF9EE10E94685B86EA9FE03A
:1051C0000F9463BB21E030E0811102C030E020E0A9
:1051D000C9010F948A5288EE9EE10E948F5D0E9461
:1051E000A05B0C942D8F81E20E94F540882349F149
:1051F00061E086EA9FE00F9487BB68E070E080EB97
:105200009FE00F94A5BB68E170E082EB9FE00F94F4
:10521000A5BB60E370E084EB9FE00F94A5BB60E565
:1052200070E086EB9FE00F94A5BB68E770E088EB29
:105230009FE00F94A5BB87ED9EE10E948F5D0C94CB
:105240002D8F8AE50E94F5408823C1F061E086EA4F
:105250009FE00F9487BB00EB1FE070E060E0C801A7
:105260000F94A5BB0E5F1F4F0A3B4FE01407A9F731
:105270008DEC9EE10E948F5D0C942D8F83E50E9442
:10528000F540882321F10E9494408C0189E40E941A
:10529000F540882311F40C942D8F0E9487408530AF
:1052A00010F00C942D8F90E08852984FB801880F21
:1052B000991F0F94A5BB8FE596E20E948F5D88EE43
:1052C0009EE10E948F5D0E94A05B0C942D8F8CEB61
:1052D0009EE10E948F5D0C942D8F0E94DF4520E09F
:1052E00030E040E251E40F9430B60F9403BE6C5AA4
:1052F000633009F494C060F5613009F44BC062304A
:1053000011F00C942D8F80919D13EFEFF7E1813018
:1053100011F0E1E0F8E10591149180E50E94F5407B
:10532000882309F46BC00E94A1404091FD034423EF
:1053300011F40C942D8F6017710711F40C942D8FBC
:1053400069E172E187E792E10E94E3F80C942D8F06
:10535000643009F4B0C0653011F00C942D8F80E5F5
:105360000E94F540882309F425C10E94A140409184
:10537000FB03442311F40C942D8F6230710510F45B
:105380000C942D8F64E171E18BE691E10E94E3F8CA
:105390000C942D8F80E50E94F5408823A9F00E948F
:1053A000DF4520E030E04AE754E40F9430B620E0D7
:1053B00030E040E05FE30F948BBC0F9403BECB0161
:1053C0000E9415F90C942D8F81E50E94F5408823E9
:1053D00011F40C942D8F85EA9DE00F9471BBBC01F4
:1053E00090E080E00F94EFB520E030E04AE754E42D
:1053F0000F948ABD0F94F7500C942D8F81E50E9475
:10540000F540882311F40C942D8FB80190E080E0D2
:105410004AE00F947DAE0F9467B30C942D8F80916A
:105420009D1366EFE62E67E1F62E813021F051EFF5
:10543000E52E57E1F52E80E50E94F540882379F1AD
:1054400062E270E080911218909113180F94BAC123
:105450008C01892BD1F00F5F1F4F62E270E0C80111
:105460000F94BAC1009789F0D82ED01AC7010F94B3
:1054700021B9D8120AC0AC015527B701C8010F9451
:1054800042B9892B11F40C942D8F4091FD0369E1F1
:1054900072E187E792E10E94E3F80C942D8F81E599
:1054A0000E94F540882311F40C942D8FC7010E94AF
:1054B0008F5D0C942D8F80E50E94F540882309F4C0
:1054C00070C0809112189091131801969093131840
:1054D000809312182091FC03222311F40C942D8F39
:1054E000BE016F5F7F4F0E94ACDD8AE090E00F94B9
:1054F00071BB29813A8112E08217930728F011E0ED
:105500002817390708F410E01295110F110F107CBD
:105510008CE090E00F9471BBAC012B813C8182E068
:105520004217530728F081E02417350708F480E07C
:1055300050E1859FC0011124180F8EE090E00F9478
:1055400071BBAC012D813E8182E04217530728F0E8
:1055500081E02417350708F480E0A4E08A9FC001A9
:105560001124180F80E190E00F9471BBAC012F81E2
:10557000388592E04217530728F091E02417350749
:1055800008F490E0190F163510F40C942D8F40910B
:10559000FC036AE971E18BEE91E10E94E3F80C945F
:1055A0002D8F81E50E94F540882311F40C942D8FF6
:1055B0000C94A68B81E50E94F540882311F40C948D
:1055C0002D8F81E090E00F948A520C942D8F8BE404
:1055D0000E94F540C12CD12CE12C40ECF42E882304
:1055E00049F10E94DF456B017C0120E030E0A90118
:1055F0000F9480BD81111EC010920C1810920D18CE
:1056000010920E1810920F180E947E6B83EA99E692
:105610000E94685B8EEC97E10E94685B60910C18B9
:1056200070910D1880910E1890910F180F94F750EB
:105630000C942D8F8091730381111BC020E030E00A
:10564000A901C701B6010F9480BD87FF05C089ED90
:1056500097E10E948F5DDACF20E030E040E251E434
:10566000C701B6010F9480BD87FF2CC081E00E9466
:105670007E6B8091730320E030E0A901813021F539
:10568000C701B6010F9414BF87FDE1CF20E030E0E1
:1056900040E251E4C701B6010F9480BD87FFD7CF28
:1056A00020E030E0A901C701B6010F9480BD87FD5D
:1056B000CECFC0920C18D0920D18E0920E18F09236
:1056C0000F18A4CF82E0D3CFC701B6010F9414BF47
:1056D00087FDBDCF2FE632E143E05BE3C701B601B2
:1056E0000F9430B62AE037ED43E25CE30F948ABCB6
:1056F0006B017C0120E030E0A9010F9480BD87FDA3
:1057000011C020E030E040E251E4C701B6010F943F
:1057100014BF18162CF6C12CD12C30E2E32E31E444
:10572000F32EC7CFC12CD12C7601C3CF9EED892E8D
:1057300092E0992E0DE512E02CEFA22E24E0B22E7D
:10574000712CF40181914F010E94F540882309F4E6
:1057500045C0F3E07F1204C00E941FDE811161C0CA
:105760000E94DF456B017C0120E030E0A9010F942D
:1057700080BD87FD46C020E030EA40E854E4C70120
:10578000B6010F9414BF1816A4F120E030E047E0F2
:1057900054E4C701B6010F9414BF87FD35C020E063
:1057A00030E04CE752E4C701B6010F9430B620E078
:1057B00030EA40E854E40F948ABD0F9403BEF62EFD
:1057C000C8010E94404D6F2DC8010E94484D50E015
:1057D00040E0D5016C91872D0F94591873940D5F9B
:1057E0001F4FBFEFAB1ABB0AE4E07E12AACF0C94A6
:1057F0002D8FC12C80EAD82E80E8E82E84E4F82E84
:10580000CECFC12CD12C760120E030E04CE752E421
:10581000C701B6010F9430B620E034EB40E954E400
:10582000CACF80E898E50E94685B8BEA9EE10E94FF
:105830008F5DD4CFA090670280916602811101C074
:10584000AA0CB12C86E692E00F945A1B882EC090C9
:10585000640280916302811101C0CC0CD12C83E6DB
:1058600092E00F945A1B982E009161028091600281
:10587000811101C0000F10E080E692E00F945A1BE6
:10588000E82EF0905E0280915D02811101C0FF0C54
:105890008DE592E00F945A1BBF92AF921F928F92A8
:1058A000DF92CF921F929F921F930F931F92EF92BE
:1058B0001F92FF921F928F938CE599E09F938F9395
:1058C0000F9425BA0FB6F894DEBF0FBECDBF0C946F
:1058D0002D8F11E08239934009F410E082E50E9497
:1058E000F540882381F08FEF9FE00F9463BB182F62
:1058F00080916E06811711F40C942D8F812F0E94D8
:10590000B7450C942D8F80E50E94F540882389F0DF
:1059100001E080915F0E9091600E8239934009F40E
:1059200000E0602F8FEF9FE00F9487BB0093A303ED
:10593000DFCF81E50E94F5408823D1F280916E0689
:10594000811115C083EE9DE29F938F938AEE9DE2B5
:105950009F938F9383EA9EE19F938F930F9425BA31
:105960000F900F900F900F900F900F90C1CF87EC7A
:105970009AE2EACF8EED92E06C969FAF8EAF6C9775
:10598000E2E7EE2EE6E0FE2EF8E5CF2EF7E0DF2E82
:10599000ACEF8A2EA4E09A2EBEE22B2EB7E03B2E6F
:1059A00067961FAE67976C96AEADBFAD6C978D9145
:1059B0006C96BFAFAEAF6C970E94F540B82E8823AF
:1059C00009F475C00E94DF450F9403BE2B018B01C3
:1059D0006830710509F457C36031710509F453C388
:1059E00081E00032110509F080E06796BFAD67974E
:1059F000B33009F453C392012150310922303105EB
:105A000008F047C39B2D892B6796EFAD6797E3306E
:105A100041F40034110531F0BB24B3940038110572
:105A200009F0B12C811103C0BB2009F440C00F94D0
:105A30001B37D4018C91A12CBB24B39402C0B69423
:105A4000A7948A95E2F7B20167968FAD67970F9496
:105A5000C418F1014082A016B10608F040C0C80188
:105A6000B5010F942CBC2B01712C612CC3010F9438
:105A7000EFB59B01AC01D70114966D917D918D918D
:105A80009C9117970F9430B6F701648375838683D2
:105A90009783D6012D913D914D915C91C301B20147
:105AA0000F94C6BBF60160837183828393836796EC
:105AB000FFAD6797FF5F6796FFAF679724E0E20E41
:105AC000F11C34E0C30ED11C4FEF841A940A5FEF2F
:105AD000251A350AF43009F066CF0C94B894C50144
:105AE000B8010F942CBC2B01712C612CC3010F94B5
:105AF000EFB59B01AC01D70114966D917D918D910D
:105B00009C9117970F948ABDF701648375838683F0
:105B10009783D6016D917D918D919C91A301920106
:105B20000F9454BCF6012083318342835383BFCF4B
:105B300080E50E94F540882329F00E948740182FB5
:105B40000C942E8E84E50E94F5408111F6CF0C94C2
:105B50002D8E60E070E0CB010C94478E82E0809344
:105B6000790786E193E60E9497EEA701960160917E
:105B700053077091540780915507909156070F94E1
:105B80008BBC609353077093540780935507909391
:105B9000560760E070E080EA91E40F94CF9601111F
:105BA00006C060E070E088E492E40E948E530E9498
:105BB000D5490F941B3740E064EF71E082E390E039
:105BC0000F94974480916B0E811105C08091A603BC
:105BD00081110F94753781E00E941A5582E00E946E
:105BE000D45389E994E60E9497EE109279070C94B9
:105BF000618E85E50E94F540C12CD12C7601882369
:105C000021F00E94DF456B017C018AE50E94F5408E
:105C10008823A1F00E94DF459F770E940F534B011C
:105C20005C0180919D13813099F40F947B7CC501B8
:105C3000B40190580E940F530C942D8F60E070E0D7
:105C400080EA91E40E948E5360E070E0CB01E5CFE2
:105C5000C701B6010E943DF9EACF81EC92E00E94B3
:105C60007D450C942D8F82EC92E00E947D450C9432
:105C70002D8F80919D13813011F00C942D8F81E434
:105C80000E94F540882311F40C942D8F80911218F6
:105C90009091131840E150E070E060E001960F949D
:105CA000EEB6862F0E94B3FE0C942D8F80919D132B
:105CB000813011F00C942D8F81E40E94F54010E0AA
:105CC000882361F0809112189091131840E150E000
:105CD00070E060E001960F94EEB6162F88E50E9402
:105CE000F540882361F00E949440112311F40C9434
:105CF0002D8FBC01812F0E9443C30C942D8F90E007
:105D000080E0F3CF60E08CEA9CE00F9487BB1092B8
:105D10009D1310924B13109230130C94A78E61E0D8
:105D20008CEA9CE00F9487BB0E94A3BF0C94A78EC3
:105D300080E00E9494FE0C94BD8E0F94559F0C94AD
:105D4000BD8E8AE2F6CF843509F075C01093131822
:105D50000093121881E08093A2030E948740182FBD
:105D6000209112183091131891E07901E90EF11C7D
:105D7000D7018C91803211F0893011F49F5FF5CFFB
:105D8000082E000C990B0F9477C1F701808390EDDA
:105D9000980F953058F08F3359F0883749F0833693
:105DA000D1F084EA97E10E948F5D0FC08F3389F4B0
:105DB00080919D13813049F490E080E00E9440BEC4
:105DC000682FD7018C910E9449FE1092A2030C9477
:105DD000F879833649F480919D138130B1F70F949F
:105DE000FC50682F83E6EFCF80919D13813069F4DA
:105DF0000F94FC50181305C084EB97E10F944CBA34
:105E0000E4CF812F0E9441FBE0CF83EA99E60E9414
:105E1000685B112359F084E50E944F5B812F90E06D
:105E2000C0960F948A528BE499E0BDCF88E399E045
:105E30000E94685BCACF843409F0EEC01093131837
:105E4000009312180E9494408630910509F479C09D
:105E50009CF48230910509F452C08330910509F415
:105E600061C0019689F484E299E09F938F930F9427
:105E700025BA0F900F90FFCF8531910509F48DC0A1
:105E800094F4449709F469C0809175129091761248
:105E900085579F4E9F938F931F9284E48F938FE13A
:105EA0009BE00C94E07B8631910509F49BC086341D
:105EB000910551F783E50E94F540882311F40C9475
:105EC000F8790E94944011E0009709F410E0892BC2
:105ED00091F0CE0101960F94C5250F94841D609317
:105EE0002306709324068093250690932606CE0100
:105EF00001960F94B825109333060C94F8794FE16E
:105F0000C42E49E0D42E52E0E52E00E020E032E23B
:105F100040E050E060E072E080E090E00E94E54701
:105F20000C94F87928E1C22E29E0D22E33E0E32E3A
:105F300001E020E030E140E050E060E070E0CB01C3
:105F4000EDCF81E1C82E89E0D82E96E0E92E03E05E
:105F500020E030E044E050E0F0CF85E40E94F540DE
:105F6000882329F080E00E94BBC80C94F8790F9434
:105F7000841D6B017C010E94E9C80F94841DDC0123
:105F8000CB018C199D09AE09BF09BF93AF939F93B5
:105F90008F9388EF98E00C94E07B90E080E00E9483
:105FA00007C8811107C085EE98E09F938F930F94E7
:105FB00025BA14C081E0809397028EEC98E09F93FD
:105FC0008F930F9425BA03E020E033E240E050E0E5
:105FD00060E070ED83E090E00F947B620F900F9093
:105FE0000C94F87990E080E00E9407C8811103C00A
:105FF0008BEB98E0DACF8CE58CBD1DBC0E943FC8CE
:1060000040E050ED63E070E080E20E94C1C70E9472
:10601000A3C78DEA98E0C9CF83EA99E60E94685B3E
:1060200080EB99E00E94685B8091751290917612E6
:1060300085579F4E0E940F718EE99EE10C94507C13
:106040002DEC3CEC4CEC5DE3C701B6010F9414BFA2
:10605000181614F40C94B57D0C94C37EA301920120
:10606000622D732D8E2D9F2D0F9480BD181614F068
:106070000C94BE86E5E0CE0ED11CF2E0AF0EB11C52
:1060800084010C94858667962FAD67978B2D2330FE
:1060900029F091E00430110509F4B5CC90E0B3CCBF
:1060A0008EED93E10F940C124DEF5DE162E080E024
:1060B0000E942154F80181918F01982F9F7D11F446
:1060C0000C94219597EF980F923010F40C94219531
:1060D0008D3011F40C9421950E94FC53EBCFCE012E
:1060E00001960F94C5250C94539B809102049091C6
:1060F000030408958150823108F05AC0E82FF0E07F
:106100008827EA57FF448F4F0D9473BCA6B0AAB0FE
:1061100098B09EB0A2B0D8B0ADB0B3B0B7B0BDB07B
:10612000C1B0C5B0CBB0CFB0D8B0D3B0D9B0DDB06E
:10613000809180008F778093800008958091800007
:106140008F7DF9CF80918000877FF5CF84B58F77E1
:1061500084BD089584B58F7DFBCF8091B0008F778B
:106160008093B00008958091B0008F7DF9CF809129
:1061700090008F77809390000895809190008F7D9C
:10618000F9CF80919000877FF5CF8091A0008F7725
:106190008093A00008958091A0008F7DF9CF809119
:1061A000A000877FF5CF809120018F778093200119
:1061B0000895809120018F7DF9CF80912001877F04
:1061C000F5CF83B1829581700895CF92DF92EF92DF
:1061D000FF9220910404B0E0A0E0C0906807D09046
:1061E0006907E0906A07F0906B0720FF42C0C81A69
:1061F000D90AEA0AFB0AC0926807D0926907E092BE
:106200006A07F0926B07CB01B0E0A0E0C0906C078A
:10621000D0906D07E0906E07F0906F0721FF36C0B9
:10622000C81AD90AEA0AFB0AC0926C07D0926D0715
:10623000E0926E07F0926F0770E060E08091700767
:1062400090917107A0917207B091730722FF2BC044
:10625000841B950BA60BB70B809370079093710767
:10626000A0937207B0937307FF90EF90DF90CF90E9
:1062700008958C0D9D1DAE1DBF1D809368079093E2
:106280006907A0936A07B0936B07BDCF8C0D9D1D66
:10629000AE1DBF1D80936C0790936D07A0936E0792
:1062A000B0936F07C9CF840F951FA61FB71FD4CF18
:1062B000FB01118210826AE0DC012C9120532A300C
:1062C000A0F440815181649F9001659F300D11249D
:1062D000318320834D91CD0120533109240F311D8D
:1062E00047FD3A9531832083E7CF089585E0809379
:1062F000690E0D942B1084E09DE00F9463BB8A32ED
:1063000039F48AE29DE00F9463BB91E0813009F09B
:1063100090E0892F08958AE594E20E948F5D0D94A4
:106320002B1080916C0E813021F48DEA93E20C9455
:106330008F5D8EE993E2FBCF8093E5038093AA04FF
:106340000D94832C1F93CF93DF93C82FD62F0E94D9
:10635000405448EF51E360E080E00E9421544BE854
:1063600052E3CC2311F04AE752E361E080E00E945F
:1063700021548FEF0E949CB164EF71E080E090E0C7
:106380000F94971B4FEE51E362E081E00E9421548D
:106390004EE363E080E00E942D5482EE91E30E9480
:1063A000F8536D2F70E0709371066093700684E06F
:1063B000809397020E945257DC2F11E01C27809196
:1063C000700690917106009719F197FF0BC0D12FBD
:1063D0004EE362E080E00E942D5440E263E080E002
:1063E0000E942D548091700690917106181619061E
:1063F0005CF440E262E080E00E942D544EE363E0F2
:1064000080E00E942D54DC2F1092710610927006CD
:106410000F94832C81E00E94AA7364E670E080E010
:1064200090E00F94971B0E945757882341F282E017
:106430008093970280E00E945E5980E00E949CB1A8
:106440008D2FDF91CF911F910895CF93DF93C82FA8
:10645000D62FC15098F04DE26D2F82E10E942D544D
:1064600084EF91E00E9455764CE76D2F82E10E9407
:106470002D5484EF91E00E945576EBCF0F94841D4C
:106480006093A1177093A2178093A3179093A417FA
:1064900081E080933A0580913A05882329F084E6CB
:1064A00090E00E945576F7CFDF91CF910C94C64BC8
:1064B000CF93DF930F941B37C7E4D7E060917A1333
:1064C00070E090E080E00F94F1B59B01AC016C8529
:1064D0007D858E859F850F948ABC6C877D878E878E
:1064E0009F8762E08DEA9CE3DF91CF910D94CA64AF
:1064F0000F931F93CF93DF93982F862F142FE901CB
:10650000692F0E940D54113021F0123079F0CE0124
:1065100015C0CE010E94F8538AE30E94FC53802FDD
:10652000DF91CF911F910F910C94FC53CE010E94EB
:10653000F8538AE30E94FC5388E094E2DF91CF9104
:106540001F910F910C94F853DF92EF92FF920F93EB
:106550001F93CF93DF93CDB7DEB763970FB6F89451
:10656000DEBF0FBECDBF30911C0520911B0532133D
:1065700071C07C0180918F02882309F443C08CEDA7
:1065800091E39F938F938CE69CE39F938F938E016F
:106590000F5F1F4F1F930F930F947ABAD82E47E0C7
:1065A00050E0B701800F912F911D0F9453BB0F90B6
:1065B0000F900F900F900F900F9020E0822F8D0D75
:1065C00090E0273039F02F5FF801E80FF91F308194
:1065D0003111F4CFF801E80FF91F2DE520838C0F5E
:1065E0009D1FFC0112820F9405AA482F6091190586
:1065F00080E00E942D5462E1C8010E94E85680E2CA
:106600000E94FC5380911A05882321F120911C05DA
:10661000809170069091710628171906D9F410928E
:1066200090028BE79AE5892B11F00E947B5A81E05A
:10663000809390020F9429AA63960FB6F894DEBF58
:106640000FBECDBFDF91CF911F910F91FF90EF90C3
:10665000DF90089580911C058F5F80931C05ECCF1F
:1066600041E061E088E397E30F94F911811107C0DD
:1066700061E084E397E30E941B710F942B1081E08B
:106680000E941A5582E080938F020895CF92DF9284
:10669000EF92FF920F931F93CF93DF936C017901D9
:1066A000C42FD0E0AE010F9442B9892BB9F4B801E0
:1066B000C6018C0F9D1F0E9458B1F80120813181C5
:1066C0002E293F293183208381E0DF91CF911F91D3
:1066D0000F91FF90EF90DF90CF90089580E0F5CF7D
:1066E00087EA9CE00F9463BB61E0823008F468277E
:1066F00087EA9CE00D9487BBCF93DF93C5E1DDE093
:10670000FE01E25DF44D6491CE010F9487BB2196AA
:10671000C9328DE0D807A1F7DF91CF910895CF93CB
:106720000E947BB1C1E0C8276FEF09F06AE284E004
:106730009DE00F9487BB8C2F880F8270CF910D94B2
:10674000301A8AEA9DE00F9463BB65E0833021F044
:1067500061E0853009F063E08AEA9DE00D9487BB33
:106760008BEA9DE00F9463BB63E0833009F467E03C
:106770008BEA9DE00D9487BB8CEA9DE00F9463BB90
:1067800061E0811160E08CEA9DE00D9487BB60912F
:10679000E00381EA9DE00F9487BB0D94FA060F9306
:1067A0001F93CF93DF9300D000D01F921F92CDB7DD
:1067B000DEB78C018AE090E00F9471BB9A838983E5
:1067C0008CE090E00F9471BB9C838B838EE090E013
:1067D0000F9471BB9E838D8380E190E00F9471BB19
:1067E00098878F83C801DE011196BE01675F7F4FD6
:1067F000FC01259134914D915D914217530748F06A
:106800002417350720F00296A617B70789F780E00E
:1068100001C081E028960FB6F894DEBF0FBECDBF51
:10682000DF91CF911F910F9108958FEF9FE00F940B
:1068300063BB90916E0622E043E251E081111BC0E0
:106840006CE578E3911102C063EE7DE28AEE9DE291
:106850000F94ACAC89E69FE00F9463BB64ED73E6E4
:10686000882311F068ED73E622E049EE51E088EDEF
:106870009DE20D94ACAC67E578E3891302C060ED4E
:106880007DE28AEE9DE20F94ACAC22E041E652E05C
:1068900070E060E0ECCF8091A803882321F0809124
:1068A0008F02882351F081E08093A80360E08AE2A0
:1068B0009DE00E94215A8093A9030F941DAB109272
:1068C000190580911905843008F06AC010921C05E2
:1068D0008091FF03811141C08BEC9DE20F94E3ADE9
:1068E0006DE77CEB89E999E20F9496AD8091FE0308
:1068F0008C3309F449C0A0F58931E1F18832A1F166
:106900006CE17BEC86E798E20F94C0AA61E771E046
:1069100081E398E20F9496AD80919D13813031F020
:106920006EEF77EF8AEE96E30F94C0AA8091A903E9
:10693000882331F061ED74EB8DED96E30F9496AD05
:106940000F94F1AA809119058F5F809319058091AA
:106950001B058F5F80931B05B4CF8AE59BE2BECFFA
:106960008035C1F08F3F61F622E04FEC52E066E0E7
:1069700077E305C022E04FEC52E06BE077E388E379
:1069800098E20F94ACACBCCF22E04FEC52E061E057
:1069900077E3F5CF22E04FEC52E06CEF76E3EFCFF8
:1069A00008950F941DAB109219058091190584303C
:1069B000B8F510921C058BEC9DE20F94E3AD80912D
:1069C000C30468ED73E681FF02C064ED73E622E064
:1069D00041E651E48EE494E20F94ACAC0E947BB1AA
:1069E00064ED73E6882311F068ED73E622E04FE86A
:1069F00053EB82E494E20F94ACAC6CE773EB8FE260
:106A000094E20F94C0AA0F94F1AA809119058F5FA8
:106A10008093190580911B058F5F80931B05C5CF5F
:106A20000895CF9343E65BE260E080E00E9421544A
:106A30004AE061E080E00E942D540F941DAB10925B
:106A40001905C2E0809119058430F8F410921C05F4
:106A5000811102C0C09319056DEE70E083EF92E6DC
:106A60000F94C0AA6FED78EF86EF92E60F94C0AA5C
:106A70000F94F1AA809119058F5F80931905809179
:106A80001B058F5F80931B05DDCFCF9108950F9479
:106A90001DAB10921905809119058430A8F510924C
:106AA0001C0589E999E20F94E3AD8091E0030E940F
:106AB000595A882331F06CEC7BEB82E999E20F9410
:106AC00096AD8091690E811106C067EC73EB81E889
:106AD00099E20F9496AD6FEB79EB8AE799E20F9408
:106AE00096AD6CE37BEC84E799E20F94C0AA0F9417
:106AF000F1AA809119058F5F8093190580911B057C
:106B00008F5F80931B05C7CF089587E08093E003D4
:106B10000C9447B586E08093E0030C9447B585E07C
:106B20008093E0030C9447B584E08093E0030C94D9
:106B300047B583E08093E0030C9447B582E08093EF
:106B4000E0030C9447B581E08093E0030C9447B5D3
:106B50001092E0030C9447B50E94D67161E085E184
:106B600095E60E941B710D942B10CF93DF938AED55
:106B700093E00F94152080915C0E811118C08091D4
:106B80005D0E811114C0C0916E0ED0916F0E82E027
:106B9000C139D80761F081E0CB3DD80741F0809141
:106BA000D103811104C080911805882331F082E05F
:106BB00080938F02DF91CF91089584EBCB34D80777
:106BC00049F482E080938F028AE29DE0DF91CF91C9
:106BD0000C944C5A90915A0E80915B0E981304C0FD
:106BE0000E94D24C882361F00E940D4D811110C08B
:106BF00082E080938F0280E0DF91CF910D948742F5
:106C000082E0CB39D807E1F460E08BED91E014C06D
:106C100082E0CB39D80759F089ECC134D80739F074
:106C200088EBC031D80719F0C757D14009F70E9447
:106C3000405460E081E992E0DF91CF910D948AACFD
:106C400089ECC134D80701F382E0C537D807E1F2F7
:106C500084EFC939D807C1F286EBC933D807A1F24E
:106C600087EBC23FD80781F2C757D14009F0C0CFA8
:106C7000CBCFCF938FEF9FE00F9463BB8093A303A1
:106C80000F941DAB10921905C1E080911905843055
:106C900008F027C110921C0587EA9BE20F94E3AD30
:106CA00062EF77EB85EB98E20F9496AD0E94234D4F
:106CB000882321F00E94C74C882361F063EF70E0C5
:106CC0008BEA98E20F9496AD69E674E28AE998E25D
:106CD0000F9439AA69E471E08EED9AE20F9496ADB3
:106CE0008CEA9CE00F9463BB64ED73E6882311F09B
:106CF00068ED73E622E047E951E08CE297E30F94F8
:106D0000ACAC8CEA9CE00F9463BB882331F060EB61
:106D10007EEF82E297E30F94C0AA80919D138130A9
:106D200041F40F94751169EC7BEB8DE898E20F94B8
:106D300096AD0F94331180916B0E811102C00E94A9
:106D400015B480916B0E8111C5C0C093FF036BE435
:106D500074EB84E898E20F9496AD60E17BEB80E001
:106D600099E20F9496AD6FEF70E086E698E20F948B
:106D700096AD20E030E040E251E4609198037091DC
:106D8000990380919A0390919B030F9414BF87FD00
:106D900011C08FEA9FE00F9463BB64ED73E6882314
:106DA00011F068ED73E622E045E352E081EC98E2F1
:106DB0000F94ACAC8091250568ED73E6811102C09B
:106DC00064ED73E622E043E551E08DE598E20F942F
:106DD000ACAC0E94C74C811106C061E972E083E946
:106DE0009AE20F9496AD80916B0E81112AC080912A
:106DF000E41622E04BEF51E068E373E2811102C038
:106E000063EE7DE285E598E20F94ACAC89E09FE00B
:106E10000F9463BB22E04FE851E06BE478E28823F3
:106E200061F022E04FE851E062E478E2813029F03D
:106E300022E04FE851E06BEF7DE280E598E20F94AD
:106E4000ACAC8091EB0422E04FEE51E067EC7AE2CB
:106E5000823051F060EC7AE2833031F063ED7AE217
:106E6000813011F46EEC7AE288ED9AE20F94ACACCA
:106E700080910704882331F06CE97AEB85EB9AE284
:106E80000F9496AD87EA9CE00F9463BB63EF72E6C4
:106E9000882311F066EF72E622E040E753EB8BE2C5
:106EA00093E20F94ACAC80916B0E882331F060E3D9
:106EB00073EB80E197E30F94C0AA0F94F1AA80913D
:106EC00019058F5F8093190580911B058F5F809353
:106ED0001B05DBCE6CE17BEC86E798E20F94C0AA41
:106EE0003CCFCF9108950F941DAB1092190580915E
:106EF0001905843008F075C010921C0587EA9BE2E2
:106F00000F94E3AD61EF70E08FE399E20F94C0AAB4
:106F10008091690E811106C06FE272E081E899E20A
:106F20000F9496AD66E774E283ED96E30F9439AA69
:106F300068EB7DEE85E399E20F94C0AA60E17EEFF5
:106F40008CE299E20F94C0AA69E972E08EE199E2BD
:106F50000F94C0AA69EF72E082E199E20F94C0AA8F
:106F60006BE272E080E099E20F9496AD69E472E022
:106F70008EEE98E20F9496AD6DE472E08EED98E29D
:106F80000F9496AD60E377E38CEC98E20F9439AA06
:106F900020E030E040E251E4609198037091990361
:106FA00080919A0390919B030F9414BF87FD06C0B4
:106FB00069E571E081EC98E20F94C0AA66E771EB95
:106FC00081E493E20F94C0AA0F94F1AA809119056D
:106FD0008F5F8093190580911B058F5F80931B0540
:106FE00086CF08950F941DAB109219058091190555
:106FF0008430A8F410921C058AE59BE20F94E3AD5F
:107000000F9442110F94F1AA809119058F5F80931C
:10701000190580911B058F5F80931B05E7CF0895AD
:10702000EF92FF920F931F93809195029091960299
:107030002091B50321118FC021E02093B5039093D7
:10704000B7038093B6038FEF9FE00F9463BB8093E9
:10705000A3030F941DAB109219058091190584307C
:1070600008F088C010921C050F94C5A981110E94D8
:10707000254A87EA9BE20F94E3ADF12CE12C07EE61
:1070800013E02AE030E040E169E372E08FEF9AE23A
:107090000F946DAB0F9442112AE030E040E165E9B6
:1070A00072E08AEF9AE20F946DAB80916B0E8111C2
:1070B00006C062EA77EF8AEE9AE20F94C0AA0E94B5
:1070C000C74C882331F06BE477E383ED96E30F94AC
:1070D00039AA69E471E08EED9AE20F9496AD809141
:1070E0009D13813011F40F9475110F943311809119
:1070F0006B0E811102C00E9415B48091EB0422E056
:107100004FEE51E067EC7AE2823051F060EC7AE2C7
:10711000833031F063ED7AE2813011F46EEC7AE283
:1071200088ED9AE20F94ACAC80910704882331F08B
:107130006CE97AEB85EB9AE20F9496AD0F94F1AA85
:10714000809119058F5F8093190580911B058F5FD2
:1071500080931B0582CF2091B6033091B703281787
:10716000390709F470CF9093B7038093B6030E9458
:10717000FB4A69CF1F910F91FF90EF900895BF9246
:10718000CF92DF92EF92FF920F931F93CF93DF93F3
:10719000C82FF62EE42EB22E680180E00E941A5508
:1071A000DCE7FE1408F0DDE2BB20E9F00E94405469
:1071B000C1111CC088EF91E30E94F85388EF8C0F37
:1071C000823068F58FE59DE20E94F85382E49DE2EB
:1071D000CC3049F181E092E3CD3029F1CE3029F570
:1071E00081E39DE220C00E943954E2CFC13011F307
:1071F000C23001F38CEA9DE2C330F1F28CE99DE2EA
:10720000C430D1F28CE89DE2C530B1F28CE79DE24A
:10721000C63091F2C73091F68FE69DE2CDCFCA30ED
:1072200059F58EE49DE20E94F8534EE258E361E086
:1072300080E00E942154C33040F545E25DE262E007
:1072400080E00E94215462E082E10E940D54C1114D
:1072500017C08D2F0E94FC534AE15DE263E080E09D
:107260000E94215463E082E10E940D54C23001F17A
:107270008D2F0E94FC5320C0CB3009F0A7CFD1CF77
:1072800088E094E20E94F853E7CF86EF8C0F8230BB
:1072900068F544E352E362E080E00E9421548AE30F
:1072A0000E94FC5362E082E10E940D54CA3001F357
:1072B00088E094E20E94F853C114D10419F0C60189
:1072C0000E94557681E08F0D4E2D50E0440F551FE2
:1072D000841715060CF080E0DF91CF911F910F917C
:1072E000FF90EF90DF90CF90BF900895CA3020F7C5
:1072F00041E0C43021F042E0C33009F440E00D2FFA
:107300002CE238E362E082E00E9478B241E0C530CE
:1073100021F042E0C53008F440E00D2F2AE238E3C6
:1073200068E082E00E9478B241E0C63021F042E09D
:10733000C63008F440E00D2F28E238E36EE082E02A
:107340000E9478B241E0C73021F042E0C73008F433
:1073500040E00D2F24E238E360E083E00E9478B241
:1073600041E0C83021F042E0C83008F440E00D2F81
:107370002DE138E369E083E00E9478B29DCFCF939E
:10738000DF938091A803811118C06091E0038BE026
:10739000689FB0011124675B724F47E050E08AEAB2
:1073A00093E00F9453BB8091AA0390E090937106F1
:1073B0008093700681E08093A8038091700690917D
:1073C0007106809734F480E290E090937106809388
:1073D000700680917006909171068F3F910539F08B
:1073E00034F08FEF90E09093710680937006E091F7
:1073F000A903F0E0E855FC4F8091700682830E945B
:107400003954CAEAD3E089910E94FC5383E0C13B1E
:10741000D807C9F74EE561E08091A9030E942D5479
:107420008091A903882329F040E261E081500E9405
:107430002D540E945757882399F0E091A9038E2F6D
:1074400090E00196079778F4EF5FE093A903F0E0EE
:10745000E855FC4F828190E090937106809370060E
:10746000DF91CF9108956091E0038BE0689FB001B8
:107470001124675B724F47E050E08AEA93E00F9473
:1074800077BBDF91CF910D94E0ADCF93DF9394E084
:10749000899FE0011124C95BD84F20E030E040E231
:1074A00051E4688179818A819B810F948BBC6883C8
:1074B00079838A839B8360E070E084E392E40F9495
:1074C000CF960F941B37DF91CF910D941F1A0F9415
:1074D000DE581092A40310927106109270060D945B
:1074E0003FAB809113168823F9F0815080931316D7
:1074F00093E2E1E4F5E1AEE1B5E101900D929A95F8
:10750000E1F721E435E190E0981760F443E2F901F6
:10751000B396D90101900D924A95E1F79F5F2D5DD9
:107520003F4FF2CF0F94DE581092A40310927106D1
:10753000109270060D943FABEF92FF920F931F9342
:107540000F941DAB1092190580911905843008F035
:1075500052C010921C050F94C5A981110E942A7374
:107560008BEC9DE20F94E3AD2091050430E0F12C0B
:10757000E12C0FEF10E048E066E074E08DE49BE260
:107580000F946DAB0091060410E030E020E048E07D
:1075900065E074E080E49BE20F946DAB80914F0254
:1075A0006CE27BE2813031F063E37BE2811102C067
:1075B00068E27BE222E040E05BEB8AEE9DE20F9422
:1075C000ACACF12CE12C07EE13E021E030E040E11F
:1075D0006DE472E088E39BE20F946DAB0F94F1AA27
:1075E000809119058F5F8093190580911B058F5F2E
:1075F00080931B05A9CF1F910F91FF90EF900895E5
:1076000080914F02882331F0813041F410924F0273
:107610000C942A7382E080934F02FACF81E0FBCF73
:10762000DF92EF92FF920F931F93CF93DF9300D0DF
:107630001F92CDB7DEB78CEA9DE00F9463BBE82EB6
:107640008BEA9DE00F9463BB182F8AEA9DE00F94AC
:1076500063BB082F0F941DAB1092190580E3F82E21
:10766000F10E98E7D92E005D80911905843008F05D
:1076700047C010921C050F94C5A9882329F0173024
:1076800019F481E00F9401128AE59BE20F94E3ADB7
:10769000F982DA82FB821C8220E040EB53EBBE01D0
:1076A0006F5F7F4F83E29BE20F94ACAC09831A8239
:1076B00020E041EA53EBBE016F5F7F4F87E19BE221
:1076C0000F94ACAC65E07BE2173031F464ED73E607
:1076D000EE2011F068ED73E622E04CEB53EB89E00D
:1076E0009BE20F94ACAC0F94F1AA909119059F5FA7
:1076F0009093190590911B059F5F90931B05B4CF44
:107700000F900F900F900F90DF91CF911F910F91DD
:10771000FF90EF90DF900895CF930F941DAB1092E0
:10772000190580911905843030F510921C0587EAFF
:107730009BE20F94E3AD6CE67CEB86E499E20F9458
:10774000C0AAC0E061E36C0F2C2F4BE75CEB81EF2C
:1077500099E20F9469AACF5FC530A1F70F94F1AAFF
:10776000809119058F5F8093190580911B058F5FAC
:1077700080931B05D6CFCF91089584E00D94FC43F0
:1077800085E00D94FC4386E00D94FC4387E00D9466
:10779000FC4388E00D94FC436091E00381EA9DE0A6
:1077A0000F9487BB83E00D94C4ADCF930F941DABB2
:1077B0001092190580911905843058F510921C0516
:1077C0000F94C5A981110F94F71487EA9BE20F94D7
:1077D000E3AD6BE77BEF86E499E20F94C0AAC0E0CB
:1077E00061E36C0F2C2F4CE85BEF81EF99E20F9473
:1077F00069AACF5FC530A1F70F94F1AA809119054E
:107800008F5F8093190580911B058F5F80931B0507
:10781000D1CFCF910895EF92FF920F931F93CF9303
:107820008C017B010F941DAB1092190580911905F5
:10783000843018F510921C050F94C5A981110F947E
:10784000F71487EA9BE20F94E3ADC0E061E36C0FAD
:107850002C2FA701C8010F9469AACF5FC530B1F7DB
:107860000F94F1AA809119058F5F8093190580917B
:107870001B058F5F80931B05D9CFCF911F910F916F
:10788000FF90EF90089565E57CEB8AEF92E60C940B
:107890000BBC61E67CEB87E093E60C940BBC62E8E2
:1078A0007EEF81EF99E20C940BBCCF93C82F0F941D
:1078B000F364882321F08C2FCF910D944F7DCF91CD
:1078C0000895CF93C82F0F94E0AD61E08C2F0F94F3
:1078D000D47CCF910D94F71480E00F94937C81E0D9
:1078E0000F94937C82E00F94937C83E00F94937CBD
:1078F00084E00D94937C0D94937C0F941DAB1092B7
:10790000190580911905843008F043C010921C05B8
:1079100084E898E20F94E3AD68EA75EB89E49DE0B2
:107920000F9446AD63EA75EB84E59DE00F9446AD98
:107930006EE975EB8FE59DE00F9446AD69E975EB57
:107940008AE69DE00F9446AD64E975EB85E79DE01E
:107950000F9446AD6FE875EB80E89DE00F9446AD5F
:107960006AE875EB8BE89DE00F9446AD65E875EB32
:1079700086E99DE00F9446AD0F94F1AA8091190518
:107980008F5F8093190580911B058F5F80931B0586
:10799000B8CF08952F923F924F925F926F927F924D
:1079A0008F929F92AF92BF92CF92DF92EF92FF920F
:1079B0000F931F93CF93DF9300D000D000D0CDB7AB
:1079C000DEB705EA13E11F830E832E803F80198204
:1079D000F10161817281838194819B01AC010F94DB
:1079E00099C0882309F47CC089810F94E8A320E022
:1079F00030E048EB51E40F948BBC6B017C0120E03C
:107A000030E041E853E40F948ABC2B013C0120E0B4
:107A100030E046EF53E4C701B6010F948ABC4B0136
:107A20005C0120E030E040EC51E4C701B6010F9466
:107A30008ABC6B017C01EE81FF812181328143810F
:107A40005481C301B2010F9430B6A50194010F9483
:107A500030B620E034EE45ED57E40F948ABD6A83DA
:107A60007B838C839D83EE81FF81258536854785C9
:107A70005089C701B6010F9430B6A50194010F9447
:107A800030B620E034EE45E557EC0F948ABD9B01FB
:107A9000AC016A817B818C819D810F948BBC4B01F1
:107AA0005C01EE81FF81218D328D438D548DC701A4
:107AB000B6010F9430B6A30192010F9430B620E0C6
:107AC00034EE45ED57E40F948ABD9B01AC01C5012E
:107AD000B4010F948BBCF10161837283838394831F
:107AE000F4E02F0E311C29812F5F2983273009F004
:107AF0006FCF8E819F814C969F838E838956944150
:107B000009F063CF19870887F1E0F983C8018B5A20
:107B10009F4F9F838E83180199EA290E311CE885B7
:107B2000F985658D768D878D90A19B01AC010F94B1
:107B300099C0882309F479C089810F94D5A320E0E6
:107B400030E040EA50E40F948BBC6B017C0120E0F4
:107B500030E048ED52E40F948ABC2B013C0120E058
:107B600030E042E553E4C701B6010F948ABC4B01F3
:107B70005C0120E030E040EC50E4C701B6010F9416
:107B80008ABC6B017C01EE81FF81208131814281C1
:107B900053810F9430B6A50194010F9430B620E0C4
:107BA00030E942E256EC0F948ABD6A837B838C8372
:107BB0009D83F8012181328143815481C301B20147
:107BC0000F9430B6A50194010F9430B620E030E94F
:107BD00042EA56E40F948ABD9B01AC016A817B8125
:107BE0008C819D810F948BBC4B015C01F101208144
:107BF000318142815381C701B6010F9430B6A30190
:107C000092010F9430B620E030E942EA56E40F9436
:107C10008ABD9B01AC01C501B4010F948BBCE88502
:107C2000F985658F768F878F90A3888599854C9687
:107C30009987888799819F5F9983963009F06FCFE4
:107C40000C5F1F4FE3E1013C1E0709F05BCF299653
:107C50000FB6F894DEBF0FBECDBFDF91CF911F915D
:107C60000F91FF90EF90DF90CF90BF90AF909F90DB
:107C70008F907F906F905F904F903F902F900895DE
:107C80004F925F926F927F92AF92BF92CF92DF92AC
:107C9000EF92FF920F931F93CF93DF936C0180912C
:107CA0009D13C114D10429F0D6E0813029F0D5E02C
:107CB00003C0D4E08130D9F30E94405484E0809323
:107CC0009702C1E000E08D2F8350990B7C010F9447
:107CD000832C81E00E94AA738091700690917106B6
:107CE000009709F497C097FF82C0C15010927106A7
:107CF00010927006C4300CF480C0802F002E000C4F
:107D0000990B8E159F050CF074C00F5F0E944054B4
:107D1000C3E049E153E360E080E00E942154A02EDB
:107D2000002E000CBB08C114D10421F012E0AE14E7
:107D3000BF0409F013E0D0E0DF5F42E656E26D2FAA
:107D400081E00E9421541D13F7CF402E002E000C1D
:107D50005508660877089FEF491A590A690A790A8F
:107D600010E01F5F612F8AE00E940D54C301B20131
:107D70000E948E568FEF481A580A680A780AD11363
:107D8000F0CFC114D10441F0AE14BF0429F4A60110
:107D900063E081E00E9421544DEB5CE361E080E010
:107DA0000E9421544EE36C2F80E00E942D5464E623
:107DB00070E080E090E00F94971B0E945757882353
:107DC00009F485CF82E0809397028FEF8C0F800FAC
:107DD000DF91CF911F910F91FF90EF90DF90CF90A7
:107DE000BF90AF907F906F905F904F900895CF5F5E
:107DF0007DCF87E00F9487428BCFC1118ACF1016B9
:107E00002CF401500E944054C1E083CF87E00F94CE
:107E10008742FACFC4300CF070CF7BCF4F925F9285
:107E20006F927F92AF92BF92CF92DF92EF92FF92CA
:107E30000F931F93CF93DF9324E030E041E050E0B5
:107E4000D901A451B94DFD01659174918617970729
:107E50000CF066C041505109440F551F440F551F87
:107E6000EA01C251D94DFE01059114914451594D79
:107E7000FA0165917491F901E251F94DE590F490A0
:107E8000FE01C590D490FD01C591D491FA01A59051
:107E9000B490861B970BBC01990F880B990B0F941C
:107EA000F1B52B013C01B7016C197D09072E000CBF
:107EB000880B990B0F94F1B59B01AC01C301B20182
:107EC0000F9430B66B017C01BE016A197B09072E45
:107ED000000C880B990B0F94F1B59B01AC01C70105
:107EE000B6010F948ABD6B017C01B801110F880B9C
:107EF000990B0F94F1B59B01AC01C701B6010F942A
:107F00008BBCDF91CF911F910F91FF90EF90DF908D
:107F1000CF90BF90AF907F906F905F904F900895FB
:107F20004F5F5F4F2C5F3F4F2038310509F088CFFE
:107F3000EAE6F7E265917491072E000C880B990B25
:107F40000F94F1B5DECF1F93CF93DF93E1E0F1E023
:107F500080818E7F8083E2E0F1E080818160808398
:107F6000E6E2F5E090E1908311821282E0EDF0E02C
:107F70008081826080839093D400E1EDF0E088E11D
:107F80008083808180688083E7E7F2E18FE69FEF5E
:107F90009187808787E59FEF9387828713E013831C
:107FA000158614869FB7F894E5E0F1E08081806241
:107FB00080839FBFE4E0F1E08081806280830F9442
:107FC000559F83E60F94726480EB95E60E948F5D67
:107FD000CEE2D3E11093821386E499E60E948F5D8E
:107FE0008AE08C8B82E080939D1381E08D8F8A8361
:107FF0001CA286E08C8380E0DF91CF911F910D94CD
:10800000BB7422E02093C0001092C50090E19093D1
:10801000C4008091C10080618093C1008091C10043
:1080200088608093C1008091C10080688093C10006
:10803000809125058130A9F42093C8001092CD00CD
:108040009093CC008091C90080618093C900809199
:10805000C90088608093C9008091C90080688093BE
:10806000C90008952F923F924F925F926F927F9234
:108070008F929F92AF92BF92CF92DF92EF92FF9238
:108080000F931F93CF93DF9300D000D01F92CDB7F3
:10809000DEB7698349015A012701682F70E090E03B
:1080A00080E00F94F1B524E032E041E05CE30F940E
:1080B00030B62091BD123091BE124091BF12509146
:1080C000C0120F9430B66B017C012091C112309127
:1080D000C2124091C3125091C412C501B4010F9451
:1080E00030B62091C5123091C6124091C7125091FE
:1080F000C8120F948BBCA70196010F9430B66B0188
:108100007C01209113133091141340911513509159
:108110001613C801B2010F948BBC9B01AC01C501C1
:10812000B4010F948ABC398124E0329FF0011124FC
:10813000ED52FD4E20813181428153810F948ABDE1
:108140009B01AC01C701B6010F948ABC209120139A
:108150003091211340912213509123130F9430B684
:108160006F837983182F092F2091B412E22FF0E04A
:108170008091B3128150990BE817F90709F4F4C004
:108180002F5F2E835E8144E0549F10011124D101A2
:10819000AD56BD4E2D913D914D915C912A833B830F
:1081A0004C835D83EE0FFF1FEE0FFF1FED56FD4E5C
:1081B0004080518062807380C090CD12D090CE12EA
:1081C000E090CF12F090D0129201A301B201C3014E
:1081D0000F9499C0882321F04F805980612E702E12
:1081E000A1014D565D4E1A01A701960160E070E0B5
:1081F00080E89FE30F948ABC9201A3010F9430B6EC
:108200002B013C01A70196016F817981812F902F6D
:108210000F9430B69B01AC01C301B2010F948BBC2B
:10822000F1016083718382839383FE81F093B412A2
:108230002091B9123091BA124091BB125091BC12E8
:10824000C501B4010F948ABC2A813B814C815D81B8
:108250000F948ABC2B013C01C090B512D090B6128D
:10826000E090B712F090B812A7019601C701B601CD
:108270000F9499C0882319F0C12CD12C760123E3E7
:1082800033E343E75FE3C701B6010F9430B66B01F8
:108290007C012DEC3CEC4CE45DE3C301B2010F9496
:1082A00030B69B01AC01C701B6010F948BBC809224
:1082B000B9129092BA12A092BB12B092BC12609303
:1082C000B5127093B6128093B7129093B8126B01E7
:1082D0007C01E894F7F821E029832091281330915C
:1082E000291340912A1350912B13C701B6010F9403
:1082F00014BF18160CF0198280911F13398130FBBE
:1083000081F980931F1341E0498320912413309118
:1083100025134091261350912713C701B6010F94DE
:1083200014BF18160CF0198280911F13598150FB4D
:1083300082F980931F1327960FB6F894DEBF0FBE05
:10834000CDBFDF91CF911F910F91FF90EF90DF9004
:10835000CF90BF90AF909F908F907F906F905F90E5
:108360004F903F902F9008951E820CCF2F923F92F6
:108370004F925F926F927F928F929F92AF92BF9235
:10838000CF92DF92EF92FF920F931F93CF93DF93E1
:10839000CDB7DEB7A4970FB6F894DEBF0FBECDBF42
:1083A0009B8F8A8F7A8B698B2B8B3C8B4D8B5E8B53
:1083B0000C8FCD8EDE8EEF8EF8A220912405298FB2
:1083C00080E00F948626A989BA898D919D910D90A0
:1083D000BC91A02D89A39AA3ABA3BCA380E090E09D
:1083E000A0EAB0E489839A83AB83BC838B899C89A0
:1083F000AD89BE898D839E83AF83B88720E030E04E
:1084000040EA50E4BC01CD010F948ABC2AE737E36F
:108410004EE15FE30F9430B66B017C0120E030E069
:1084200040EA50E40F948BBC69877A878B879C87DE
:10843000A70196016B897C898D899E890F948ABCDE
:108440006D877E878F87988B312C212C29853A85E3
:108450004B855C85CD8CDE8CEF8CF8A00C8D69890A
:108460007A898A8D9B8D0F94D3204B015C012D85D9
:108470003E854F855889CD8CDE8CEF8CF8A00C8D15
:1084800069897A898A8D9B8D0F94D3209B01AC01D9
:1084900011E0C501B4010F9414BF18160CF010E0E0
:1084A00001E00127802F90E0E12FF0E0EE0FFF1FA9
:1084B000EE0FFF1F41E050E04C0F5D1F4E0F5F1F9E
:1084C0008C01000F111F000F111FA1E0B0E0AC0FD5
:1084D000BD1F0A0F1B1FF8013896F88FEF8BF801AC
:1084E00080859185A285B385FA0180839183A283DB
:1084F000B3838D809E80AF80B884C980DA80EB80A2
:10850000FC80A7019601C501B4010F948ABC2AE73B
:1085100037E34EE15FE30F9430B62B013C01AC0131
:108520009B01C701B6010F948BBC69877A878B8743
:108530009C87A3019201C501B4010F948ABC6D8789
:108540007E878F87988BD80118964C90EF89F88D8D
:10855000518062807380A5019401C701B6010F9418
:108560008ABC242D352D462D572D0F948ABD9F771B
:108570002CE031E943EC5EE30F9430B66B017C01F3
:108580005B018C01FF928F93DF926F937F926F92CA
:108590005F924F923F922F9223E93CE33F932F93B8
:1085A0000F9425BA0FB6F894DEBF0FBECDBF2AE0F8
:1085B00037ED43E25CE36C2D7D2D8E2D9F2D0F94C6
:1085C00080BD87FF42C020E030E040EA50E4642DE7
:1085D000752D862D972D0F9480BD8823F1F1242DC4
:1085E000352D462D572D6B897C898D899E890F9459
:1085F00080BD882391F1842D952DA62DB72DE98975
:10860000FA8980839183A283B383898D0F94862610
:108610006A2D7B2D802F912FA4960FB6F894DEBF84
:108620000FBECDBFDF91CF911F910F91FF90EF90C3
:10863000DF90CF90BF90AF909F908F907F906F9082
:108640005F904F903F902F900895FFEF2F1A3F0AB1
:108650002EE12216310409F0F9CE84E79CE30E9452
:108660008F5D89A19AA1ABA1BCA1E989FA89808318
:108670009183A283B383898D0F948626A12CB12C7C
:1086800000EC1FE7C5CFEF92FF920F931F93CF939C
:10869000DF9300D01F921F92CDB7DEB7082F162FA1
:1086A000F72E0F94F3648823D9F00B3029F10431AD
:1086B00031F187E5E82EE9820A831B83FC82CE0133
:1086C00001960F94249F8D8347E5502F612F7F2DB6
:1086D0000F94917460E080E00F94B07B882359F38D
:1086E0000F900F900F900F900F90DF91CF911F91EF
:1086F0000F91FF90EF90089510937A13DACF1093B3
:108700007B13D7CF8230910538F0880F991F880FDF
:10871000991F05970197F1F70895CF93DF93282FBD
:1087200030E0F901E955F54C8491F901EF5AF54C27
:10873000D491F901E550F64CC491CC23A1F08111FC
:108740000E947AB0EC2FF0E0EE0FFF1FEF51F64CD5
:10875000A591B491EC91ED2381E090E009F480E0E3
:10876000DF91CF91089580E090E0FACF1F93CF93EF
:10877000DF93282F30E0F901E955F54C8491F90198
:10878000EF5AF54CD491F901E550F64CC491CC2345
:10879000A9F0162F81110E947AB0EC2FF0E0EE0FB5
:1087A000FF1FE953F64CA591B4918FB7F894EC9163
:1087B000111108C0D095DE23DC938FBFDF91CF91DC
:1087C0001F910895DE2BF8CFCF93DF9390E0FC014B
:1087D000EF5AF54C24918550964CFC0184918823E6
:1087E000D1F090E0880F991FFC01E355F64CA5915C
:1087F000B491FC01E953F64CC591D49161110EC0BE
:108800009FB7F8948C91E22FE0958E238C9328816A
:10881000E223E8839FBFDF91CF9108958FB7F8944B
:10882000EC91E22BEC938FBFF6CF1F93CF93DF93A6
:10883000182FEB0161E00E94E4C3209739F460E057
:10884000812FDF91CF911F910C94B6C3CF3FD105FB
:1088500011F461E0F5CFE12FF0E0E955F54CE4913A
:10886000E150E23108F0B3C0F0E08827E55CFB435B
:108870008F4F0D9473BC4DC455C45AC464C46EC4A8
:10888000E7C478C480C488C492C49CC4A6C4B5C4D8
:10889000BFC4E7C4C9C4D3C4DDC484B5806884BD83
:1088A000C7BDDF91CF911F91089584B5806284BDCB
:1088B000C8BDF7CF80918000806880938000D093FE
:1088C0008900C0938800EDCF809180008062809302
:1088D0008000D0938B00C0938A00E3CF809180000A
:1088E000886080938000D0938D00C0938C00D9CF96
:1088F0008091B00080688093B000C093B300D1CF66
:108900008091B00080628093B000C093B400C9CF62
:1089100080919000806880939000D0939900C093DC
:108920009800BFCF80919000806280939000D09398
:108930009B00C0939A00B5CF80919000886080938F
:108940009000D0939D00C0939C00ABCF8091A0007D
:1089500080688093A0008091A0008F7B8093A0000E
:10896000D093A900C093A8009CCF8091A000806202
:108970008093A000D093AB00C093AA0092CF8091C7
:10898000A00088608093A000D093AD00C093AC009D
:1089900088CF80912001806880932001D0932901A5
:1089A000C09328017ECF80912001806280932001B6
:1089B000D0932B01C0932A0174CF8091200188604D
:1089C00080932001D0932D01C0932C016ACFC03831
:1089D000D1050CF03ECF33CF4F925F926F927F92D2
:1089E0008F929F92AF92BF92CF92DF92EF92FF92BF
:1089F0000F931F93CF93DF9386B9FA01E080F18044
:108A000016161706B4F4E216F30699F4C701DF91BF
:108A1000CF911F910F91FF90EF90DF90CF90BF907B
:108A2000AF909F908F907F906F905F904F900C943D
:108A300082C389016A01EB01B70190E080E00F94E5
:108A4000EFB52DEB37E346E855E30F9430B64B0115
:108A50005C01BE010D2E000C880B990B0F94F1B533
:108A6000A50194010F9430B62B013C01A50194019E
:108A70006AE077ED83E29CE30F948ABD9B01AC0131
:108A8000C301B2010F948BBC4B015C012AE037EDAE
:108A900043E25EE30F9480BD1816DCF5A501940156
:108AA0006AE077ED83E29CE30F948ABD20E034E234
:108AB00044E759E40F9430B620E030E040E05FE353
:108AC0000F948BBC0F9403BE5B016017710708F411
:108AD0005801EA14FB0431F4209721F0FCF0F1E096
:108AE000AF1AB108C5010E9482C3F601B182A0820B
:108AF000DF91CF911F910F91FF90EF90DF90CF907A
:108B0000BF90AF909F908F907F906F905F904F90AD
:108B1000089580E1A82E87E2B82EDBCF8FEFA81A48
:108B2000B80AE0CF2F923F924F925F926F927F925E
:108B30008F929F92AF92BF92CF92DF92EF92FF926D
:108B40000F931F93CF93DF9300D0CDB7DEB7F9011A
:108B5000E080F180E114F10409F46BC016161706E9
:108B60000CF067C019015B834A836B018983FA01AA
:108B700000811181B80190E080E00F94EFB54B01C6
:108B80005C01B6010D2C000C880B990B0F94F1B50C
:108B90002B013C01A5019401C501B4010F9430B62D
:108BA0009B01AC01C301B2010F9430B69B01AC0133
:108BB0006AE077ED83EA9BE30F948ABD20E030E022
:108BC00040E05FE30F948BBC0F9403BE6E157F05EE
:108BD00028F5F981F6B9EA81FB81808191810E94B3
:108BE00082C3F1018081918101979183808381E02B
:108BF0000F900F900F90DF91CF911F910F91FF90E9
:108C0000EF90DF90CF90BF90AF909F908F907F902C
:108C10006F905F904F903F902F9008956627772731
:108C20006C197D0998014A815B8189810E94ECC49D
:108C3000D8CF80E0DDCF0F931F93CF93DF93182F12
:108C4000062FD1E0C0E0812F8D2329F0602F6D2306
:108C50008C2F0F946D45CF5FDD0FC330A1F7DF91EF
:108C6000CF911F910F9108958F929F92AF92BF92D3
:108C7000CF92DF92EF92FF9230E020E091E0482F18
:108C8000492319F1A901440F551F440F551FFA013B
:108C9000E859F84FC080D180E280F380762F7923A5
:108CA000812C912C54018394772321F088248A9479
:108CB000982C5401C80CD91CEA1CFB1C4859584F6D
:108CC000FA01C082D182E282F382990F2F5F3F4F77
:108CD00023303105A1F6FF90EF90DF90CF90BF9049
:108CE000AF909F908F9008952F923F924F925F92F6
:108CF0006F927F928F929F92AF92BF92CF92DF92AC
:108D0000EF92FF920F931F93CF93DF9300D000D089
:108D1000CDB7DEB7C0906807D0906907E0906A07CA
:108D2000F0906B077C01EC18FD0880916C07909126
:108D30006D07A0916E07B0916F07681B790B80914A
:108D4000700790917107A0917207B0917307FA01B3
:108D5000E81BF90BFA83E983FB01FF0FEE0BFF0F12
:108D6000FE2FEE1FE27089819A8188E09802812DA2
:108D7000990B11248470E82B8F2D881F8827881F5A
:108D8000E82BE093040490910B01987B8AE0E8279C
:108D9000E0FD9160E1FD9260E2FD9460906490934B
:108DA0000B01000081EE90EB011102C090E080E029
:108DB00090936B0580936A0530930304209302041B
:108DC00029813A813E832D8337FF05C03195219556
:108DD00031093E832D838B0177FF03C011950195E7
:108DE0001109F7FE03C0F194E194F1089801D8014C
:108DF0000F947BBC4B015C012D813E81D9010F9406
:108E00007BBC860E971EA81EB91E9701D7010F9432
:108E10007BBC680D791D8A1D9B1D0F94EFB50F94C7
:108E200059C020E030E040E05FE30F948BBC0F942A
:108E300003BE2B014B015B016B013B011C821B82BA
:108E4000312C212C1A8219826114710409F447C053
:108E5000E0916A05F0916B053097E9F580E0EC143C
:108E6000FD0440F0C40CD51C89819A8101969A8337
:108E7000898381E00A151B0530F08260A40CB51CC3
:108E80009FEF291A390AED81FE81E815F90548F0AE
:108E90008460840C951C2B813C812F5F3F4F3C8369
:108EA0002B83CE18DF08A01AB10AED81FE818E1A3D
:108EB0009F0A86B9E0916605F09167053097D1F178
:108EC000B201C3011995009711F00E9482C3F1E02D
:108ED0006F1A7108B9CF1995882309F4BFCFE091B3
:108EE0006805F0916905309741F030E020E04B8152
:108EF0005C81B10189819A81199581E0672809F423
:108F000080E026960FB6F894DEBF0FBECDBFDF918E
:108F1000CF911F910F91FF90EF90DF90CF90BF9076
:108F2000AF909F908F907F906F905F904F903F9009
:108F30002F90089584EF91E0C8CF8EBD0DB407FE49
:108F4000FDCF8EB50895459885E00E949DC78FEFAF
:108F50000E949DC7459A80FDF6CF08951F93CF9339
:108F6000DF93EA01162F0E949DC7812F0E949DC7A3
:108F70008D2F0E949DC78C2FDF91CF911F910C9454
:108F80009DC745980E94AEC7459A0895EF92FF92FB
:108F90000F931F93CF93DF937A0189014598AB011B
:108FA000BC0182E00E94AEC7E7010E0D1F1DC01775
:108FB000D10741F4459ADF91CF911F910F91FF9016
:108FC000EF90089589910E949DC7F1CFEF92FF9293
:108FD0000F931F93CF93DF937A0189014598AB01DB
:108FE000BC0183E00E94AEC7E7010E0D1F1DC01734
:108FF000D10741F4459ADF91CF911F910F91FF90D6
:10900000EF9008958FEF0E949DC78993F0CF0F9343
:109010001F93CF93DF9300D01F92CDB7DEB78C01A3
:109020008CE58CBD1DBC24E030E0AE014F5F5F4F8E
:1090300060E070ED83E090E00E94E6C789819A814C
:10904000AB81BC8187349545A245B54571F40115C6
:10905000110549F021E030E0A80165E070ED83E002
:1090600090E00E94E6C781E001C080E00F900F9081
:109070000F900F90DF91CF911F910F910895459818
:1090800086E00E949DC7459A08954F925F926F9225
:109090007F928F929F92AF92BF92EF92FF920F9327
:1090A0001F93CF93DF937C014A015B01E9018CE5BB
:1090B0008CBD1DBC412C80ED582E83E0682E712C98
:1090C0000E943FC8B301A20180E20E94C1C70E9472
:1090D000A3C780E1580E611C711C41145104E4E0E7
:1090E0006E06710469F78DB79EB7F7019387828783
:1090F00000D08F919F91AF91B0E086839783A08736
:10910000B1870E943FC82CE030E0A70160E070ED1D
:1091100083E090E00E94C6C70E94A3C70E943FC898
:109120004598B501A40182E00E94AEC7FE012196D8
:1091300080810E949DC70150110941F0FFEF8F1AF5
:109140009F0AAF0ABF0AFE018110F1CF459A0E9423
:10915000A3C70115110511F7DF91CF911F910F9151
:10916000FF90EF90BF90AF909F908F907F906F9007
:109170005F904F900895CF93DF93CDB7DEB72C97D4
:109180000FB6F894DEBF0FBECDBF47E455E562E5EC
:1091900075E549835A836B837C8391E09D838E833D
:1091A000F89488E19DE00FB6F894A895809360004C
:1091B0000FBE9093600000E012E230E020E040E05B
:1091C00051ED63E070E0CE0101960E9445C80E9417
:1091D0008E4C0F931F93CF93DF93CDB7DEB72C97B1
:1091E0000FB6F894DEBF0FBECDBF87E495E5A2E5CC
:1091F000B5E589839A83AB83BC831D821E8200E020
:1092000010E220E032E040E053ED63E070E0CE0198
:1092100001960E9445C82C960FB6F894DEBF0FBE8B
:10922000CDBFDF91CF911F910F910895CF93459AB4
:109230003D9A8CE58CBD1DBC459880E90E949DC778
:1092400080E00E949DC780E00E949DC780E00E9450
:109250009DC78FEF0E949DC7C82F8FEF0E949DC7AB
:10926000982F459ACF3E11F0C83C19F481E0913116
:1092700009F080E0CF91089580910601809581707A
:1092800008951F93CF93DF930F941DAB1092190590
:109290001BE0D1E080911905843008F0C9C110921B
:1092A0001C0589EA9AE20F94E3AD0E94234D8111D7
:1092B00017C00E94BD4C811113C08091E103811140
:1092C0000FC080916C0E833009F053C080917414EC
:1092D000882331F06CEA75EB81EA9AE20F94C0AA18
:1092E0000E940D4D882371F00E94D24C811104C060
:1092F0008091690E843031F461E972E083E99AE289
:109300000F9496AD80916B0E882331F062EA77EF6F
:109310008AEE9AE20F94C0AA0E94BD4C81115AC0F5
:1093200080915A0E90915B0E891B8F7069F50E9497
:10933000234D811129C08091E403823029F180916D
:109340001805811127C065E772E086E89AE20F945C
:1093500096AD80919D038823E9F080916C0E61E9C0
:1093600071EB813009F07BC088E79AE20F94C0AAC4
:1093700011C0843009F0B4CF80919D03882309F493
:10938000AFCF6BE871EBA8CF60E178EB8EE89AE2A3
:109390000F9496ADC0915D0E0E94C74CC1111AC0CA
:1093A00090915C0E911116C0811118C08091A2039A
:1093B000811110C0809115056BEE71E0811106C01E
:1093C00080917314882331F06BE372E082E69AE2B5
:1093D0000F94C0AA0E94C74C882321F180912205D6
:1093E000811120C08091E4038230E1F080916A0213
:1093F000823021F490915E0E9923A1F0909179072B
:10940000983081F064EB77EF882341F0813051F49C
:1094100080919D03882331F06DE77EEE85E59AE229
:109420000F9496AD0E94D24C811108C00E94C74C87
:10943000811104C00E94BD4C882341F080917907BE
:10944000813021F08091A203882361F0809118057A
:10945000882371F06FED78EF86E49AE207C08EE61C
:109460009AE284CF61E175EB83E69BE20F9496ADBF
:109470000E94BD4C811185C00E94234D811181C085
:109480008091220581117DC08091E403823009F42E
:1094900078C080917414811105C08091690E882371
:1094A00009F498C080910617811110C080911505AC
:1094B00081110CC08091690E811108C0D093DF0327
:1094C00069E974EF88E39AE20F9496AD80916B0E90
:1094D000811112C081EA9DE00F9463BBC82F0E94E6
:1094E000675A87FD09C0C81739F0C102C0011124AD
:1094F000875B924F0E94A4B28091A603811141C064
:109500008091180581113DC080919D13813009F033
:1095100068C08091731381110AC00E943CC98111F7
:1095200006C06CE87BEB8EE19AE20F9496AD6DEB92
:109530007BEB8FE09AE20F9496AD60EC7BEB8FEFC4
:1095400099E20F9496AD63EC7BEB87E093E60F9482
:1095500096AD8EEC9EE00F9463BB882331F066ECF1
:109560007BEB8AEF92E60F9496AD69E376EB8AE5A2
:109570009BE20F9496AD63E777EB83ED99E20F944E
:1095800096AD6FE671E088EC99E20F9496AD65E7D1
:1095900071E08DEB99E20F9496AD80919D1381302F
:1095A00031F463E972E08EEA99E20F9496AD67E7D1
:1095B00071E086EA99E20F9496AD0F94F1AA80913A
:1095C00019058F5F8093190580911B058F5F80932C
:1095D0001B0560CED093DF038DE29AE20F94E3ADDA
:1095E00075CF80918D178823C1F080918E178111DE
:1095F00006C063E371E081EF99E20F9496AD0E949B
:109600003CC9811110C080918E17882309F4ADCF19
:1096100063E871E08FED99E2A6CF63E371E081EF3B
:1096200099E20F9496AD61EF72E08FEF99E29BCFD4
:10963000DF91CF911F91089580918D17882351F06C
:109640000E943CC9882331F081EA9CE20F948F127A
:109650000D942B1086E08093690EFACFCF93C82F1C
:1096600086EA9CE00F9463BBC0956C2F682386EA62
:109670009CE0CF910D9487BB1F93CF93DF9300D0D5
:1096800000D01F921F92CDB7DEB7BE016F5F7F4F34
:109690008091E0030E94895A8091E0031BE0819F42
:1096A000C00111246FEF7FEF805B924F0F94A5BB39
:1096B0006091E003619FB0011124675B724F47E046
:1096C00050E0CE0101960F9477BB81EA9DE00F94A4
:1096D00063BB9091E00389130AC00E947B5A80E02B
:1096E0000E94675A8F3F19F480E10E942ECB0F949D
:1096F000E0AD28960FB6F894DEBF0FBECDBFDF9168
:10970000CF911F910895CF93C82F86EA9CE00F94C4
:1097100063BB682F6C2B86EA9CE0CF910D9487BBCE
:109720002F923F924F925F926F927F928F929F9271
:10973000AF92BF92CF92DF92EF92FF920F931F935F
:10974000CF93DF93CDB7DEB7CE5CD1090FB6F894D7
:10975000DEBF0FBECDBF182F81E00E94F24B81E02B
:109760000E944473111104C00F943E230E94B05A0A
:1097700080E00E941A550F9477690F94E5A7109224
:109780006D0510926C05E4E4F7E083E0DF011D92C3
:109790008A95E9F781E00E942A4CC755DF4F9983EB
:1097A0008883C95AD04083ED96E30F940C1260E091
:1097B00070E080EA90E40E948E530E94684D50E071
:1097C00040E061E080E00E94795E50E040E061E0CE
:1097D00081E00E94795E0F948F950F947E421092E3
:1097E0008E0220E030E040EA50E46091470770913B
:1097F00048078091490790914A070F948BBC60936A
:109800004707709348078093490790934A0720E0E1
:1098100030E040EA50E460914B0770914C07809132
:109820004D0790914E070F948BBC60934B0770933C
:109830004C0780934D0790934E0760E070E080EAFC
:1098400091E40F94CF960F941B370E945254E596E3
:109850008FAFE597811104C0E5961FAEE59713C35E
:1098600089E996E30F948F12112309F4E9C240E0CD
:1098700060E08BEF94E30F94F911882321F086EDDB
:1098800094E30F948F1289E696E30F940C1248EE3E
:1098900056E263E080E00E9421540E94054C1111C1
:1098A00020C084E08093970241E060E08BEF94E376
:1098B0000F94F911811104C08EEA94E30F948F1272
:1098C00083EB95E30F948F1282E08093970289E4F3
:1098D00096E30F940C1240EE56E263E080E00E94A3
:1098E000215400918E0210928E0260E070E080E8B8
:1098F0009FEB0E940F53C12CD12C80EAE82E80E40C
:10990000F82EC0924F07D0925007E0925107F09284
:10991000520781E080938E0284E00F94A21960E0E8
:1099200070E080EA91E40F94CF960F941B370F9468
:10993000731900938E0282E00F9407372DEC3CECF4
:1099400044EA50E40F9480BD18160CF480C282E003
:109950000F94073723E333E34BE950E40F9414BF2C
:1099600087FD75C2111178C280E10E942ECB81EA79
:109970009DE00F9463BBBBE08B9FC001112470E09E
:1099800060E0805B924F0F94A5BB0E94054CE6EA15
:10999000F3E184ECDF011D928A95E9F78AE79EE303
:1099A0000E94685B81E090E00F948A5289E496E31C
:1099B0000F940C12C0924F07D0925007E0925107BB
:1099C000F0925207B2E0E196BFAFE19725E53EE3A2
:1099D000CD56DF4F39832883C359D04045EA53E140
:1099E000CF56DF4F59834883C159D040A0965FAF0F
:1099F0004EAFA097E0963FAF2EAFE097A7961FAE71
:109A0000A797312C212C0E94054C63E080E00E9436
:109A10000D54BFEF2B1A3B0A3F922F92E5E7FEE36E
:109A2000FF93EF930E94E65365E575E585E591E4C4
:109A30000F948C9FE096EEADFFADE09785919591E8
:109A4000A591B4918093470790934807A093490745
:109A5000B0934A07E096EEADFFADE097349685915E
:109A60009591A591B49180934B0790934C07A09347
:109A70004D07B0934E0760E070E088E492E40F94E5
:109A80008C9F4AED5CE35F934F930F9425BA49ECAA
:109A90005CE363E084E00E9421540F943E230F9422
:109AA0001B3780916F008D7F80936F000FB6F89405
:109AB000A89580916000886180936000109260009A
:109AC0000FBE10926B0510926A0585EE90EB909395
:109AD000690580936805A5E7B0EBB0936705A0938F
:109AE00066050091700710917107209172073091FF
:109AF000730740916C0750916D0760916E077091EC
:109B00006F078091680790916907A0916A07B091EB
:109B10006B073F932F931F930F937F936F935F93E5
:109B20004F93BF93AF939F938F93E9E7FDE3FF9329
:109B3000EF930F9425BA40906807509069076090A2
:109B40006A0770906B07B42CA52C80916C079091DC
:109B50006D07A0916E07B0916F07A6968CAF9DAF71
:109B6000AEAFBFAFA697A3969FACA397A4968FACBA
:109B7000A497C0907007D0907107E0907207F090A2
:109B800073070FB6F894DEBF0FBECDBFB5E0CB169E
:109B9000B7EFDB060CF4D7C11A8219821F921F920D
:109BA000E3E0EF93F4E8FF931F9224E62F93DF9214
:109BB000CF928F929F92AF92BF9240EF5CE35F9300
:109BC0004F930F9425BA0FB6F894DEBF0FBECDBFEA
:109BD00089819A81803D924008F480C189819A816F
:109BE000803A954010F00C94E4DC9E012F5F3F4FCB
:109BF000790110E000E02CE73CEFA6014456510942
:109C0000692D782D8B2D9A2D0F946F72882311F466
:109C10000C94E4DC89819A8180539D4FC090700739
:109C2000D0907107E0907207F090730700916C0775
:109C300010916D0720916E0730916F074091680772
:109C40005091690760916A0770916B079F938F939A
:109C5000DF92CF921F930F935F934F9385E59DE320
:109C60009F938F930F9425BA40917007509171077D
:109C700060917207709173074854510900E028EC15
:109C800030E0A3966FADA397A4967FADA497C201D1
:109C90000E9474C6209168073091690740916A0755
:109CA00050916B076E962CAF3DAF4EAF5FAF6E9786
:109CB00080916C0790916D07A0916E07B0916F072E
:109CC000AE968CAF9DAFAEAFBFAFAE972091700791
:109CD000309171074091720750917307E9962CAF4C
:109CE0003DAF4EAF5FAFE997AAE7BBE00FB6F89480
:109CF000DEBF0FBECDBF90E080E0FC01E051F24C32
:109D0000259134912D933D93FC01E852F24C25911D
:109D1000349157963C932E9356970296883191052D
:109D200061F7E7964EAD5FADE797AC966EAD7FAD50
:109D3000AC976C968EAD9FAD6C970F94F76E2AE73B
:109D400037E0A4963FAF2EAFA4977901A0E29A2EF8
:109D5000BBE9CB2EBDE3DB2E03E114E65701F0E2B5
:109D60008F2ED5018D915D011F928F93DF92CF923F
:109D70000F9425BA8A940F900F900F900F90811036
:109D8000F0CF1F930F930F9425BA9A94B0E2EB0E85
:109D9000F11C0F900F909110E1CF1F930F930F9430
:109DA00025BA6AE77BE00F900F90EAE7F7E090E0D2
:109DB00080E050E040E02191211105C34F5F5F4FEB
:109DC0006E177F07C1F79A01280F391F25383340D6
:109DD000A4F0433351058CF08333910574F020E0F7
:109DE00034E0241B350B281B390B241735072CF4C2
:109DF0001DEF281739070CF4D6C066961FAE66977C
:109E000062961FAE629722961FAE229719828AE74A
:109E100097E0892B99F08AE79BE00FEF009749F0D4
:109E2000AE014F5A5F4FBE016B5A7F4F0F941A6EAF
:109E3000082F82E99BE0892B09F0CAC28FEFDAC2B2
:109E400089E496E30F940C1244EE56E222CD86E8A4
:109E50009EE30F948F1200CDC755DF4F8881998103
:109E6000C95AD0400E94104C0F944AA80F94E8A5FC
:109E70000F94FBA3E5968FAFE597882309F4ECCC0C
:109E800084E00E9483CB81E00E941A5580E00E940A
:109E9000F24B80E00E944473E5968FADE597C25384
:109EA000DF4F0FB6F894DEBF0FBECDBFDF91CF916D
:109EB0001F910F91FF90EF90DF90CF90BF90AF90E8
:109EC0009F908F907F906F905F904F903F902F90DA
:109ED0000895E1E0E196EFAFE19778CDFE0131968C
:109EE0007F0110E000E024E833E0A601692D782D21
:109EF0008B2D9A2D0F946F72882309F46FCE898170
:109F00009A818CCE89819A8180349B40B8F4CE01AD
:109F100001967C0104EB10E02CE73CEFA6014C52CB
:109F20005140692D782D8B2D9A2D0F946F728823B7
:109F300029F089819A818059974F70CE90E9C91A8A
:109F400091E0D90A23CE00917007109171072091FA
:109F500072073091730740916C0750916D076091C3
:109F60006E0770916F078091680790916907A091C3
:109F70006A07B0916B073F932F931F930F937F93C3
:109F80006F935F934F93BF93AF939F938F9388E2A9
:109F90009DE39F938F930F9425BA0FB6F894DEBF7D
:109FA0000FBECDBF1FEF88E09EE39F938F930F946A
:109FB00025BA63E084E00E940D5480E10E940354BE
:109FC0000F94029788E198E20FB6F894A8958093D1
:109FD00060000FBE90936000809160008064809369
:109FE000600080916F00826080936F000F900F90EF
:109FF0001D3F09F464C31F3F11F40C94A9DC20E059
:10A0000030E0A901A096EEADFFADA097618172810D
:10A01000838194810F9430B620914707309148078F
:10A020004091490750914A070F948BBCA096AEAD62
:10A03000BFADA09711966D937D938D939C931497CC
:10A04000C0904B07D0904C07E0904D07F0904E0722
:10A0500020E030E0A90115966D917D918D919C9144
:10A0600018970F9430B6A70196010F948BBCA09659
:10A07000EEADFFADA097658376838783908720E060
:10A0800030E040E850ECC701B6010F9480BD87FF77
:10A090000CC080E090E0A0E8B0EC80934B07909378
:10A0A0004C07A0934D07B0934E0720E030E040E40A
:10A0B00050E460914F077091500780915107909143
:10A0C00052070F948BBC60934F0770935007809397
:10A0D000510790935207E0962EAD3FADE097285F71
:10A0E0003F4FE0963FAF2EAFE097A0964EAD5FADED
:10A0F000A097485F5F4FA0965FAF4EAFA09754E028
:10A100002516310409F07FCCA7966FADA79766237B
:10A1100031F0E1968FADE197813009F0DACE8FEB27
:10A1200096E29F938F930F9425BA90E080E00E946F
:10A1300055760F900F9020E030E040E950EC6091B0
:10A14000AA137091AB138091AC139091AD130F943F
:10A1500080BD87FFBBC284E59EE30E948F5D82E2E3
:10A160009EE30E94685B6091AA137091AB1380918B
:10A17000AC139091AD1342E00F94B4B28EE19EE324
:10A180000E94685B60E070E080E990EC0F94F7500B
:10A1900092E0AF969FAFAF971092D6131092D7135D
:10A1A0001092D8131092D9131092DA131092DB1375
:10A1B0001092DC131092DD13A4E6E696AFAFE6979B
:10A1C000A2961CAE1DAE1EAE1FAEA297A6961CAEEA
:10A1D0001DAE1EAE1FAEA697FE0131966896FFAF6C
:10A1E000EEAF68979E012F5B3F4F6A963FAF2EAF51
:10A1F0006A97A6966CAD7DAD8EAD9FADA6970F9478
:10A2000085BD6E966CAF7DAF8EAF9FAF6E97A696F5
:10A210006CAD7DAD8EAD9FADA6970F944BC0CB5767
:10A22000DF4F688379838A839B83C558D040A29689
:10A230006CAD7DAD8EAD9FADA2970F9485BDC75718
:10A24000DF4F688379838A839B83C958D040A29665
:10A250006CAD7DAD8EAD9FADA2970F944BC0CB562C
:10A26000DF4F688379838A839B83C559D040689682
:10A27000AEADBFAD6897E0E41D92EA95E9F780E1E5
:10A280006A96AEADBFAD6A971D928A95E9F790E0E8
:10A2900080E00E9455762091D6133091D7134091DB
:10A2A000D8135091D913C555DF4F288339834A837A
:10A2B0005B83CB5AD0408091DA139091DB13A0914D
:10A2C000DC13B091DD13C155DF4F88839983AA83D6
:10A2D000BB83CF5AD040DE01AF5BBF4FC756DF4FC5
:10A2E000B983A883C959D040FE013196AC96FFAF1F
:10A2F000EEAFAC9700E0CB56DF4F288139814A8121
:10A300005B81C559D0405058ED962CAF3DAF4EAF54
:10A310005FAFED97C757DF4F88819981AA81BB81D5
:10A32000C958D040B058C358DF4F88839983AA8357
:10A33000BB83CD57D040CB57DF4F288139814A812D
:10A340005B81C558D0405058CF57DF4F28833983A1
:10A350004A835B83C158D040AC962EAC3FACAC97DF
:10A3600010E075EA472E73E1572EE4E07E2EC12CF3
:10A37000D12C7601013011F40C9454DD113011F41C
:10A380000C9406DD002311F40C9446DD023009F034
:10A39000A1C1D20111962D913D914D915C911497DF
:10A3A000CF57DF4F688179818A819B81C158D04026
:10A3B0000F9430B64B015C0111119AC160E070E05E
:10A3C00080E89FE3AAC12F3F09F0FACC0196F8CCB0
:10A3D000AE014F5F5F4FBE016F5B7F4F82E99BE035
:10A3E0000F941A6E66966FAD669762961FAD629770
:10A3F000801728F022966FAD22971981082F083513
:10A4000008F45BC170E090E080E00F94F1B520E0CB
:10A4100030E040EB50E40F948BBC2B013C0165967F
:10A420004CAE5DAE6EAE7FAE6597612F70E090E092
:10A4300080E00F94F1B520E030E040EB50E40F9461
:10A440008BBC4B015C0125968CAE9DAEAEAEBFAE13
:10A45000259720E030E040E950E429833A834B839C
:10A460005C83AE014F5F5F4FBE016F5B7F4FCE01DC
:10A470008F5A9F4F0F94CF6AA301920165966CADDE
:10A480007DAD8EAD9FAD65970F948ABC6B017C014D
:10A490009F7720E030E040E450E40F9414BF18169A
:10A4A00034F1A501940125966CAD7DAD8EAD9FADC7
:10A4B00025970F948ABC9F7720E030E040E450E479
:10A4C0000F9414BF18169CF020E030E040EA50E4EE
:10A4D00069817A818B819C810F948ABC9F7720E06F
:10A4E00030E040E450E40F9414BF1816BCF520E0AF
:10A4F00030E040EA50E469817A818B819C810F943D
:10A500008ABC9F938F937F936F93A50194012596A7
:10A510006CAD7DAD8EAD9FAD25970F948ABC9F939A
:10A520008F937F936F93FF92EF92DF92CF928CEB9A
:10A530009DE39F938F930F9425BA65964CAE5DAEC5
:10A540006EAE7FAE659725968CAE9DAEAEAEBFAEBD
:10A5500025970FB6F894DEBF0FBECDBF20E030E0E8
:10A5600048E751E465966CAD7DAD8EAD9FAD6597C6
:10A570000F948ABC20E030E040E852E40F9430B6FB
:10A580006B017C016C96AEADBFAD6C97BD01BB0F8E
:10A59000880B990B0F94F1B59B01AC01C701B60173
:10A5A0000F948BBC6B017C016596CCAEDDAEEEAE3C
:10A5B000FFAE659720E030E048E751E425966CADAA
:10A5C0007DAD8EAD9FAD25970F948ABC20E030E025
:10A5D00040E852E40F9430B64B015C01AC96EEAD0E
:10A5E000FFADAC97BF01FF0F880B990B0F94F1B52E
:10A5F0009B01AC01C501B4010F948BBC25966CAFD7
:10A600007DAF8EAF9FAF25972AE037ED43E25CE345
:10A610000F9430B69F938F937F936F932AE037ED1B
:10A6200043E25CE3C701B6010F9430B69F938F936A
:10A630007F936F9380EA9DE39F938F930F9425BA46
:10A6400020E030E040E05FE325966CAD7DAD8EAD5F
:10A650009FAD25970F948BBC0F94FCBD6B0120E040
:10A6600030E040E05FE365966CAD7DAD8EAD9FADB3
:10A6700065970F948BBC0F94FCBDCB0100E028ECD8
:10A6800030E0E7964EAD5FADE797B6010E9474C625
:10A690000FB6F894DEBF0FBECDBF10E08AE59EE096
:10A6A000A496AEADBFADA4971D92A496BFAFAEAFBA
:10A6B000A4978A179B07A1F776CC1FEFEFCFE596FB
:10A6C000BFADE597A796BFAFA79799CCAF961FAE42
:10A6D000AF9762CDF2012581368147815085C358FD
:10A6E000DF4F688179818A819B81CD57D04060CED0
:10A6F000123011F00C9450DCD20111962D913D9145
:10A700004D915C911497CF57DF4F688179818A8191
:10A710009B81C158D0400F9430B69B01AC01C5015C
:10A72000B4010F9430B69B01AC01C701B6010F9480
:10A730008BBC6B017C0101110C945EDD7A94F8E016
:10A740004F0E511C711016CED101CD92DD92ED92BB
:10A75000FD921D011F5F143009F003CE45E5242E44
:10A760004EE3342EE5EAF3E1A896FFAFEEAFA897EB
:10A77000C357DF4F1882CD58D040C356DF4F1882E1
:10A78000CD59D040CF55DF4F1882C15AD04010E08C
:10A79000A896AEADBFADA89711962D913D914D9164
:10A7A0005C911497E4962CAF3DAF4EAF5FAFE4974A
:10A7B00015964D905D906D907C901897002311F444
:10A7C0000C9483DC812C912C5401013081F00230F7
:10A7D00011F00C9477DCCF57DF4F688179818A8143
:10A7E0009B81C158D0400F9430B64B015C01E49678
:10A7F0002CAD3DAD4EAD5FADE4976E966CAD7DADCD
:10A800008EAD9FAD6E970F9430B66B017C01F10158
:10A810002591359145915491CB55DF4F288339834C
:10A820004A835B83C55AD040A3019201CB56DF4FC8
:10A83000688179818A819B81C559D0400F9430B657
:10A840009B01AC01C701B6010F948ABCC555DF4F0F
:10A85000288139814A815B81CB5AD0400F948BBCCF
:10A86000CB55DF4F288139814A815B81C55AD04061
:10A870000F948ABCA50194010F9430B6C357DF4FE3
:10A880002881CD58D040C356DF4F3881CD59D040B4
:10A89000CF55DF4F4881C15AD040512F0F948BBC08
:10A8A000C357DF4F688379838A839B83CD58D04019
:10A8B000002311F40C948BDC013011F40C9490DC27
:10A8C000023061F0A3019201ED966CAD7DAD8EADCD
:10A8D0009FADED970F9430B66B017C01F10134967A
:10A8E00085909590A590B490E4962CAD3DAD4EAD7D
:10A8F0005FADE497CB57DF4F688179818A819B8177
:10A90000C558D0400F9430B6E4966CAF7DAF8EAF93
:10A910009FAFE497A3019201C757DF4F6881798108
:10A920008A819B81C958D0400F9430B69B01AC01FD
:10A93000E4966CAD7DAD8EAD9FADE4970F948BBC6E
:10A94000C155DF4F288139814A815B81CF5AD04080
:10A950000F948BBCA50194010F948ABCA7019601AA
:10A960000F9430B6C357DF4F288139814A815B810C
:10A97000CD58D0400F948BBCC357DF4F6883CD5860
:10A98000D040C356DF4F7883CD59D040CF55DF4FED
:10A990008883C15AD040192FA8964EAD5FADA897B5
:10A9A000485F5F4FA8965FAF4EAFA89758E0250E5F
:10A9B000311CA5ECB3E1A896EEADFFADA897AE179C
:10A9C000BF0709F0E5CE9058C756DF4FA881B9817F
:10A9D000C959D0406D937D938D939D93C756DF4F9A
:10A9E000B983A883C959D0400F5FAC96EEADFFADD7
:10A9F000AC977096AC96FFAFEEAFAC97043009F011
:10AA0000ABCC25962CAD3DAD4EAD5FAD2597AE964A
:10AA10002CAF3DAF4EAF5FAFAE978D819E81AF81C2
:10AA2000B885E4968CAF9DAFAEAFBFAFE4972985F4
:10AA30003A854B855C85ED962CAF3DAF4EAF5FAF51
:10AA4000ED978D859E85AF85B889C358DF4F888384
:10AA50009983AA83BB83CD57D04029813A814B810A
:10AA60005C81CF57DF4F288339834A835B83C1588A
:10AA7000D04029968CAD9DADAEADBFAD2997CB57DB
:10AA8000DF4F88839983AA83BB83C558D040298927
:10AA90003A894B895C89C757DF4F288339834A83BA
:10AAA0005B83C958D040898D9A8DAB8DBC8DCB56B8
:10AAB000DF4F88839983AA83BB83C559D0402D8DEE
:10AAC0003E8D4F8D58A1C756DF4F288339834A8367
:10AAD0005B83C959D0408D899E89AF89B88DC35792
:10AAE000DF4F88839983AA83BB83CD58D0402D96AE
:10AAF0002CAD3DAD4EAD5FAD2D97C356DF4F2883D6
:10AB000039834A835B83CD59D04089A19AA1ABA1F7
:10AB1000BCA1CF55DF4F88839983AA83BB83C15AD9
:10AB2000D0402DA13EA14FA158A5CB55DF4F288382
:10AB300039834A835B83C55AD0408DA59EA5AFA5B6
:10AB4000B8A9CD54DF4F88839983AA83BB83C35BA5
:10AB5000D04029A53AA54BA55CA5C954DF4F288351
:10AB600039834A835B83C75BD04061968CAD9DADD2
:10AB7000AEADBFAD6197C554DF4F88839983AA837B
:10AB8000BB83CB5BD04029A93AA94BA95CA9C1548E
:10AB9000DF4F288339834A835B83CF5BD0408DA905
:10ABA0009EA9AFA9B8ADCD53DF4F88839983AA83FF
:10ABB000BB83C35CD04029AD3AAD4BAD5CADC9534E
:10ABC000DF4F288339834A835B83C75CD04021965B
:10ABD0008CAD9DADAEADBFAD2197C553DF4F888322
:10ABE0009983AA83BB83CB5CD04014E6C12CD12CC3
:10ABF00076014601570126013701A3019201E4962F
:10AC00006CAD7DAD8EAD9FADE4970F9430B69B01DA
:10AC1000AC01AE966CAD7DAD8EAD9FADAE970F9491
:10AC20008ABC2B013C01A5019401ED966CAD7DAD74
:10AC30008EAD9FADED970F9430B69B01AC01C30173
:10AC4000B2010F948ABC2B013C01A7019601C358A5
:10AC5000DF4F688179818A819B81CD57D0400F94E5
:10AC600030B69B01AC01C301B2010F948ABCCF572F
:10AC7000DF4F288139814A815B81C158D0400F94D0
:10AC80008ABD6E966CAF7DAF8EAF9FAF6E97C75784
:10AC9000DF4F288139814A815B81C958D0400F94A8
:10ACA00030B69B01AC01CB57DF4F688179818A8137
:10ACB0009B81C558D0400F948ABC2B013C01A50153
:10ACC0009401CB56DF4F688179818A819B81C55978
:10ACD000D0400F9430B69B01AC01C301B2010F9478
:10ACE0008ABC4B015C01A7019601C756DF4F688102
:10ACF00079818A819B81C959D0400F9430B69B01DC
:10AD0000AC01C501B4010F948ABCC357DF4F288141
:10AD100039814A815B81CD58D0400F948ABD2B0187
:10AD20003C01CF55DF4F288139814A815B81C15A6F
:10AD3000D0406E966CAD7DAD8EAD9FAD6E970F948D
:10AD400030B69B01AC01C356DF4F688179818A819F
:10AD50009B81CD59D0400F948ABC4B015C01CB55EF
:10AD6000DF4F288139814A815B81C55AD040C301B8
:10AD7000B2010F9430B69B01AC01C501B4010F9430
:10AD80008ABC4B015C01A7019601CD54DF4F68815D
:10AD900079818A819B81C35BD0400F9430B69B013F
:10ADA000AC01C501B4010F948ABCC954DF4F28819E
:10ADB00039814A815B81C75BD0400F948ABD4B01CA
:10ADC0005C01C154DF4F288139814A815B81CF5BAF
:10ADD000D0406E966CAD7DAD8EAD9FAD6E970F94ED
:10ADE00030B69B01AC01C554DF4F688179818A81FF
:10ADF0009B81CB5BD0400F948ABC6B017C01CD530F
:10AE0000DF4F288139814A815B81C35CD040C30117
:10AE1000B2010F9430B69B01AC01C701B6010F948B
:10AE20008ABC6B017C01C953DF4F288139814A817B
:10AE30005B81C75CD040C501B4010F9430B69B0163
:10AE4000AC01C701B6010F948ABCC553DF4F2881FE
:10AE500039814A815B81CB5CD0400F948ABD6B0104
:10AE60007C01115009F0C9CE6E962CAD3DAD4EADB2
:10AE70005FAD6E97C555DF4F688179818A819B816F
:10AE8000CB5AD0400F948BBC6093D6137093D713DA
:10AE90008093D8139093D913A3019201C155DF4F2A
:10AEA000688179818A819B81CF5AD0400F948BBC75
:10AEB0006093DA137093DB138093DC139093DD13AC
:10AEC000A5019401A6966CAD7DAD8EAD9FADA69704
:10AED0000F948BBCA6966CAF7DAF8EAF9FAFA6973D
:10AEE000A7019601A2966CAD7DAD8EAD9FADA297E8
:10AEF0000F948BBCA2966CAF7DAF8EAF9FAFA29725
:10AF0000E6969FADE6979150E6969FAFE697911132
:10AF100070C9A6966CAD7DAD8EAD9FADA6970F9412
:10AF200085BD6093C6137093C7138093C813909325
:10AF3000C913A6966CAD7DAD8EAD9FADA6970F944F
:10AF40004BC06093CA137093CB138093CC13909330
:10AF5000CD13A2966CAD7DAD8EAD9FADA2970F9433
:10AF60004BC090586093CE137093CF138093D0133F
:10AF70009093D113A2966CAD7DAD8EAD9FADA2978F
:10AF80000F9485BD6093D2137093D3138093D41321
:10AF90009093D513A6962CAD3DAD4EAD5FADA69763
:10AFA000A2966CAD7DAD8EAD9FADA2970F948ABC7D
:10AFB0004B015C017C016B01E894F7F821EE3EE265
:10AFC00045E652E4A2966CAD7DAD8EAD9FADA297E5
:10AFD0000F9430B69F938F937F936F9321EE3EE251
:10AFE00045E652E4C501B4010F9430B69F938F93A8
:10AFF0007F936F938BE696E29F938F930F9425BA7E
:10B00000B701A60180E69FE00F9499BB0FB6F894B4
:10B01000DEBF0FBECDBF2FE132E449E05BE3C701E5
:10B02000B6010F9414BF10E0181664F425E33AEF4C
:10B030004EE85BE3C701B6010F9414BF12E0181687
:10B040000CF011E025E33AEF4EE85BE3A6966CAD19
:10B050007DAD8EAD9FADA6979F770F9414BF181648
:10B060000CF466C425E33AEF4EE85BE3A2966CADC0
:10B070007DAD8EAD9FADA2979F770F9414BF18162C
:10B080000CF456C42091C6133091C7134091C813D5
:10B090005091C913AE962CAF3DAF4EAF5FAFAE9798
:10B0A0008091CE139091CF13A091D013B091D11372
:10B0B000E9968CAF9DAFAEAFBFAFE9972091D613A5
:10B0C0003091D7134091D8135091D913E4962CAFF7
:10B0D0003DAF4EAF5FAFE4978091CA139091CB1311
:10B0E000A091CC13B091CD13ED968CAF9DAFAEAFC8
:10B0F000BFAFED972091D2133091D3134091D41369
:10B100005091D513C358DF4F288339834A835B831B
:10B11000CD57D0408091DA139091DB13A091DC13CE
:10B12000B091DD13CF57DF4F88839983AA83BB8308
:10B13000C158D040A5E5BEE36C96BFAFAEAF6C97EB
:10B1400095EA292E93E1392EF101C180D280E38066
:10B15000F48045805680678070846C96EEADFFADBC
:10B160006C972591359145915491CB57DF4F2883AA
:10B1700039834A835B83C558D0406C96EEADFFADF2
:10B180006C97349685909590A590B490ED962CADE3
:10B190003DAD4EAD5FADED97C701B6010F9430B632
:10B1A000C757DF4F688379838A839B83C958D04010
:10B1B000C358DF4F288139814A815B81CD57D04008
:10B1C000C301B2010F9430B69B01AC01C757DF4FEA
:10B1D000688179818A819B81C958D0400F948BBC4A
:10B1E000CF57DF4F288139814A815B81C158D040D8
:10B1F0000F948BBC9B01AC01C501B4010F948ABCB8
:10B200004B015C01A7019601AE966CAD7DAD8EAD94
:10B210009FADAE970F9430B66B017C01A3019201F4
:10B22000E9966CAD7DAD8EAD9FADE9970F9430B6CC
:10B230009B01AC01C701B6010F948BBCE4962CAD09
:10B240003DAD4EAD5FADE4970F948BBC9B01AC015F
:10B25000CB57DF4F688179818A819B81C558D04067
:10B260000F948ABCA50194010F9427BF2DEC3CECF0
:10B270004CE45FE30F9414BF18160CF41EEF38E093
:10B28000230E311C6C964EAD5FAD6C97485F5F4FDF
:10B290006C965FAF4EAF6C97A8968EAD9FADA8979A
:10B2A0008215930509F050CF111162C1A2962CAD01
:10B2B0003DAD4EAD5FADA297A6966CAD7DAD8EADAA
:10B2C0009FADA6970F948BBC20E030E040E05FE399
:10B2D0000F9430B66B017C010F9485BDA2966CAFC4
:10B2E0007DAF8EAF9FAFA2976093C6137093C713C5
:10B2F0008093C8139093C913C701B6010F944BC034
:10B30000A6966CAF7DAF8EAF9FAFA6976093CA1322
:10B310007093CB138093CC139093CD139B01AC010E
:10B320005058AA962CAF3DAF4EAF5FAFAA9720936F
:10B33000CE133093CF134093D0135093D113A296D2
:10B340008CAD9DADAEADBFADA2978093D21390935F
:10B35000D313A093D413B093D5131092D613109295
:10B36000D7131092D8131092D9131092DA131092A7
:10B37000DB131092DC131092DD13412C512C32019F
:10B38000CF56DF4FA881B981C159D04011968D9019
:10B390009D90AD90BC90149715962D913D914D9137
:10B3A0005C9118976E962CAF3DAF4EAF5FAF6E9726
:10B3B000CD56DF4FE881F981C359D040C590D59073
:10B3C000E590F490A5019401A2966CAD7DAD8EAD93
:10B3D0009FADA2970F9430B6AE966CAF7DAF8EAF97
:10B3E0009FAFAE976E962CAD3DAD4EAD5FAD6E97F7
:10B3F000AA966CAD7DAD8EAD9FADAA970F9430B679
:10B400009B01AC01AE966CAD7DAD8EAD9FADAE97A0
:10B410000F948BBC9B01AC01C701B6010F948ABC91
:10B420002091D6133091D7134091D8135091D9134E
:10B430000F948BBC6B017C01C092D613D092D713B2
:10B44000E092D813F092D91320E030E040E85FE3B7
:10B45000C301B2010F948BBC2B013C01CD56DF4FD1
:10B46000E881F981C359D0403496259135914591B1
:10B470005491AE962CAF3DAF4EAF5FAFAE97A501E6
:10B480009401A6966CAD7DAD8EAD9FADA6970F9441
:10B4900030B64B015C016E962CAD3DAD4EAD5FAD4F
:10B4A0006E97A2966CAD7DAD8EAD9FADA2970F94B9
:10B4B00030B69B01AC01C501B4010F948BBC9B015C
:10B4C000AC01AE966CAD7DAD8EAD9FADAE970F94D9
:10B4D0008ABC2091DA133091DB134091DC13509138
:10B4E000DD130F948BBC4B015C018092DA139092B8
:10B4F000DB13A092DC13B092DD13CF56DF4F4881EF
:10B500005981C159D040485F5F4FCF56DF4F5983B3
:10B510004883C159D040CD56DF4F88819981C359A6
:10B52000D0400896CD56DF4F99838883C359D040C9
:10B530002416350609F024CFA3019201C701B601F4
:10B540000F948ABD6093D6137093D7138093D8134A
:10B550009093D913A3019201C501B4010F948ABD40
:10B560006093DA137093DB138093DC139093DD13F5
:10B570004090C6135090C7136090C8137090C913C1
:10B58000C090D213D090D313E090D413F090D51381
:10B590002091CA133091CB134091CC135091CD130D
:10B5A000A2962CAF3DAF4EAF5FAFA2978091CE1366
:10B5B0009091CF13A091D013B091D113A6968CAFD8
:10B5C0009DAFAEAFBFAFA697A7019601C301B20171
:10B5D0000F9430B64B015C01A6962CAD3DAD4EAD3F
:10B5E0005FADA697A2966CAD7DAD8EAD9FADA297D7
:10B5F0000F9430B69B01AC01C501B4010F948ABC15
:10B600004B015C01AC019B01C701B6010F948ABDDF
:10B610006B017C01A6966CAD7DAD8EAD9FADA697FE
:10B620009058A50194010F948ABDA6966CAF7DAF8A
:10B630008EAF9FAFA697A2966CAD7DAD8EAD9FAD40
:10B64000A2979058A50194010F948ABDAA966CAF59
:10B650007DAF8EAF9FAFAA97A5019401C301B20140
:10B660000F948ABD4B015C014090D6135090D713C4
:10B670006090D8137090D9132091DA133091DB13B6
:10B680004091DC135091DD13A2962CAF3DAF4EAF2D
:10B690005FAFA297C092C613D092C713E092C813AF
:10B6A000F092C913AA968CAD9DADAEADBFADAA9771
:10B6B0008093CA139093CB13A093CC13B093CD1364
:10B6C000A6962CAD3DAD4EAD5FADA6972093CE13A3
:10B6D0003093CF134093D0135093D1138092D21351
:10B6E0009092D313A092D413B092D513C701B60190
:10B6F0009058A30192010F9430B66B017C01A29681
:10B700002CAD3DAD4EAD5FADA297A6966CAD7DADB7
:10B710008EAD9FADA6970F9430B69B01AC01C701CB
:10B72000B6010F948ABC6093D6137093D71380939D
:10B73000D8139093D913AA966CAD7DAD8EAD9FAD05
:10B74000AA979058A30192010F9430B66B017C0127
:10B75000A2962CAD3DAD4EAD5FADA297C501B40133
:10B760000F9430B69B01AC01C701B6010F948ABC9F
:10B770006093DA137093DB138093DC139093DD13E3
:10B7800090E080E00E94557617FDD4C089EA96E2E9
:10B790009F938F930F9425BA46ED53E16EEC73E1BE
:10B7A00086EC93E10F9463A648E050E065EE7FE0FD
:10B7B00086ED93E10F9477BB48E050E06DED7FE0BC
:10B7C00086EC93E10F9477BB48E050E065ED7FE0B5
:10B7D0008EEC93E10F9477BB0F94E8A50F900F9038
:10B7E000C755DF4F88819981C95AD0400E94104CBB
:10B7F00080E090E0A0EAB0E480934F079093500778
:10B80000A0935107B093520760E070E080EA91E4A2
:10B810000F94CF960F941B3717FD20C010924F073F
:10B8200010925007109251071092520780E090E05A
:10B83000A6E1B3E480935E0590935F05A093600555
:10B84000B093610565E575E585E591E40F949C96F7
:10B8500086ED94E30F948F120F94FBA381E00E9476
:10B860001A5582E00E94D45381E794E31F3F11F4FC
:10B870000C9429CF1E3F09F072C0AF964FADAF9721
:10B880008FEA93E3442311F40C9429CF8FE693E3DA
:10B89000423011F40C9429CF8AE293E30C9429CF1F
:10B8A000F2012581368147815085C358DF4F688179
:10B8B00079818A819B81CD57D0400C948BD3F20142
:10B8C0002581368147815085ED966CAD7DAD8EAD7D
:10B8D0009FADED97AFC0F20125813681478150853C
:10B8E000ED966CAD7DAD8EAD9FADED97BDC0A30166
:10B8F0009201C358DF4F688179818A819B81CD573E
:10B90000D0400C94F3D3812C912C30E8A32E3FE34C
:10B91000B32E0C94F7D3C12CD12C76010C946ED499
:10B92000C12CD12C20E8E22E2FE3F22E0C946ED401
:10B9300012E0A8CB1E3F89F4AF963FADAF973230EF
:10B9400009F04ECF82E896E29F938F930F9425BA29
:10B9500045CFAF961FAEAF9743CF1FEF41CFAF9606
:10B960005FADAF9751110FC08FEA93E3133040F4EE
:10B97000E12FF0E0EE0FFF1FE75FFC4F8081918128
:10B980000F948F120DC0AF966FADAF9782EE93E319
:10B99000623011F48CE294E30F948F12111624F3A9
:10B9A0001F3F11F40C942CCC86E00E9483CB8FE5D2
:10B9B0009FE00F9463BB81110C9443CF86E195E324
:10B9C0000F948F120C9443CF89819A8180379840CD
:10B9D00010F00C9482CFAE014F5F5F4F7A0104EB01
:10B9E00010E024E833E0A601485C5109692D782D68
:10B9F0008B2D9A2D0F946F72882311F40C9482CFA3
:10BA000089819A8180569A4F0C940ECE002311F4AE
:10BA10000C949ED3023009F052CFD20111962D9191
:10BA20003D914D915C9114976E966CAD7DAD8EAD50
:10BA30009FAD6E970F9430B64B015C0160E070E0F3
:10BA400080E89FE3113091F0123009F044CFD20129
:10BA500011962D913D914D915C9114976E966CAD20
:10BA60007DAD8EAD9FAD6E970F9430B69B01AC014E
:10BA7000C501B4010F9430B69B01AC01C701B601FA
:10BA80000F948BBC6B017C010C949ED3812C912C68
:10BA900060E8A62E6FE3B62E11110C9478D320E047
:10BAA00030E040E85FE3EACF812C912C50E8A52EEE
:10BAB0005FE3B52E1111C2CF0C949ED31111AACF02
:10BAC0000C949ED3CF93C82F86EA9CE00F9463BB5F
:10BAD000982F9C2381E09C1380E0CF91089561E032
:10BAE00088EA9DE00E94215A8093000480916B0EA9
:10BAF000882341F082E08093000462E088EA9DE0C0
:10BB00000F9487BB68E287EA9DE00E94215A8093E8
:10BB1000FE0360E971E085EA9DE00E94095A61E058
:10BB200084EA9DE00E94215A8093FD0361E083EA4C
:10BB30009DE00E94215A8093FC0361E082EA9DE02F
:10BB40000E94215A8093FB0361E080E29CE00E9406
:10BB5000215A8093010408950F931F938B010E9433
:10BB600058B1FC0120812E3211F080E034C0B801C0
:10BB70006E5F7F4F01960E9458B1FC0120812E32EA
:10BB8000A1F7B8016C5F7F4F01960E9458B120E485
:10BB900030E0F80137832683FC01DF019191892F82
:10BBA0008F7DC1F187EF890F8230A0F19D3091F137
:10BBB0009D3299F711969C919234E1F07CF4913486
:10BBC000A1F60A5F1F4F28E030E045E067EA79E31D
:10BBD000CF010E9446B31F910F910895943491F0C4
:10BBE000923519F60A5F1F4F20E230E042E06BE920
:10BBF00079E3EECF0A5F1F4F20E130E044E062EAD4
:10BC000079E3E6CF0A5F1F4F30E020E043E06EE9C2
:10BC100079E3DECF81E0DFCF282FCB01213039F06F
:10BC2000223049F022E06BEF7DE20D94ACAC22E0D3
:10BC300066EF7DE2FACF22E06FEE7DE2F6CF8091F3
:10BC40006B0E811102C00C947BB181E00895CF93FB
:10BC5000DF93CDB7DEB767970FB6F894DEBF0FBEA0
:10BC6000CDBF789484B5826084BD84B5816084BD85
:10BC700085B5826085BD85B5816085BD80916E008A
:10BC8000816080936E0010928100809181008260BB
:10BC900080938100809181008160809381008091F8
:10BCA00080008160809380008091B10084608093E7
:10BCB000B1008091B00081608093B00080919100CC
:10BCC00082608093910080919100816080939100C7
:10BCD000809190008160809390008091A1008260AB
:10BCE0008093A1008091A10081608093A100809148
:10BCF000A00081608093A0008091210182608093E8
:10BD00002101809121018160809321018091200196
:10BD100081608093200180917A00846080937A0012
:10BD200080917A00826080937A0080917A008160AD
:10BD300080937A0080917A00806880937A001092D4
:10BD4000C1009FB7F894A89584B7877F84BF0FB6CA
:10BD5000F894A895809160008861809360001092AB
:10BD600060000FBE9FBF9FB7F8941092B00084E0B0
:10BD70008093B10080917000816080937000809109
:10BD800070008D7F80937000809170008B7F809316
:10BD900070001092B3009FBF6B98739A6AE070E0D6
:10BDA00080E090E00F94971B9CB181E0292F2870D0
:10BDB00093FD80E080930704211122C062E082E3BA
:10BDC0009DE00E94215A80934F0262E884E39DE047
:10BDD0000E94215A8093060462E383E39DE00E945F
:10BDE000215A809305046AE070E080E39DE00E94A0
:10BDF000095A90934E0280934D026B9A0E945D7394
:10BE00008F98559A879A859A9C9A809101018068AB
:10BE1000809301019B9A8091160488608093160498
:10BE20002FEF80E792E0215080409040E1F700C082
:10BE3000000081E00E9440558DE497E59093110445
:10BE400080931004109213041092120412E01093C5
:10BE50000B0410921504109214040E94815585EB76
:10BE600095EB90931B0480931A048FE993EF9093C2
:10BE70001904809318048BE992E090936F0E8093DD
:10BE80006E0E809104018B7F8093040180910401E8
:10BE90008D7F809304019FB7F894809105018460A1
:10BEA000809305019FBF9FB7F89480910501826040
:10BEB000809305019FBF809101018F7B80930101D9
:10BEC0009FB7F894809102018064809302019FBF24
:10BED000809104018E7F809304019FB7F894809134
:10BEE00005018160809305019FBFAFE9BFE0119715
:10BEF000F1F700C00000809103018095817080936C
:10BF0000170444E150E069E974E68CE395E00F948E
:10BF100050B90F948C9C0E9440548DEF9AE39F93EC
:10BF20008F9384E09BE39F938F930E94E6538091CD
:10BF3000010184608093010160E087ED9EE00E9432
:10BF4000215A8093EB0460E088E09FE00E94215A30
:10BF5000809325050E9401C083E69BE590930D0523
:10BF600080930C0510920F0510920E051093070593
:10BF7000109211051092100584E095E090931E1820
:10BF800080931D180E9416C9F82E0F900F900F90E5
:10BF90000F90DD24D394882319F00F949A9CD82E07
:10BFA00060E084EC9FE00E94215A80936B0E88230E
:10BFB00089F011E010931C0488E00F946AB3109389
:10BFC00025050E9401C010928E1761E087E89FE06E
:10BFD0000F9487BB0E941FDE882351F064E286E63F
:10BFE00092E00E94484D64E286E692E00E94404D55
:10BFF00044E150E065E17DE08E010F5F1F4FC80115
:10C000000F9453BB8C8981110AC044E050E062E375
:10C010007CE3C8010F9442B9892B09F451C0C09048
:10C0200025051D8A1F8A1E8A10922505CE01459678
:10C030000F94E51D62E370E080E090E00F94971BA1
:10C0400080919F049091A00490939E0480939D04FE
:10C0500087E39BE30E948F5D5801E12CB3E1EB166F
:10C06000A1F06AEF70E0CE0145960F94B61D8111E4
:10C07000C1C00E94215B1816190684F70F946CB496
:10C08000F50181935F01E394E9CF1C8A44E050E01D
:10C0900062E37BE3C8010F9442B9892B59F681E032
:10C0A000C0922505882309F4A7C044E150E065E16A
:10C0B0007DE0C8010F9477BB87E29CE30F944CBAF4
:10C0C000D11004C080912505882321F080E19CE3F4
:10C0D0000E948F5D83EA99E60E94685B89EF9BE38B
:10C0E0000F944CBA60E08CEA9CE00E94215A8111C6
:10C0F0000E94A3BF0F9478528AE39BE30E94685B7F
:10C1000062E086ED9EE00E94215A813009F077C0FE
:10C1100088ED93E60E948F5DE4B6E0FE04C08FE2F6
:10C1200096E20F944CBAE1FE04C08FE196E20F94C0
:10C130004CBAE2FE04C08EE096E20F944CBAE3FEE5
:10C1400004C08EEF95E20F944CBAE5FE04C08EEE6B
:10C1500095E20F944CBA14BE83EA99E60E94685B9C
:10C160008EED95E20E94685B85EE9BE30E94685B22
:10C1700082ED95E20E94685B8DED9BE30E948F5DEE
:10C1800083EA99E60E94685B83EC95E20E94685B13
:10C1900080911718909118180097A1F1081B190B9E
:10C1A000B801110F880B990B0F94F3AE8CEA95E24E
:10C1B0000E94685B80EE96E00F948A526EE271E016
:10C1C0008EEE9EE00E94095A8C0166E371E08CEECF
:10C1D0009EE00E94095A0E32114011F00C94F6E8CC
:10C1E00001E08633914009F400E00E946F77E82E69
:10C1F0000C94FEE880E054CF86E19CE35FCF84EDB1
:10C2000093E688CF01521841CBCF81E391E0909320
:10C21000570280935602C090A504D090A604C60190
:10C220000E940EBF20E030E848E953E40F9414BFA9
:10C23000181644F480E1C80ED11CD092A604C09216
:10C24000A504E9CF80915202909153020F94DD280A
:10C2500020E030E040E251E40F9480BD87FF0AC047
:10C260008091520290915302409790935302809391
:10C270005202E8CF8091A3049091A4040F94DD288A
:10C2800020E030E04AEF52E40F9414BF181654F443
:10C290008091A3049091A40440969093A404809369
:10C2A000A304E8CF80915002909151020F94482846
:10C2B00020E030E040EF51EC0F9480BD87FF0AC0D2
:10C2C0008091500290915102409790935102809337
:10C2D0005002E8CF8091A1049091A2040F944828C5
:10C2E00020E030E040EA52E40F9414BF181654F4F2
:10C2F0008091A1049091A20440969093A20480930F
:10C30000A104E8CF9FB7F89416BC8FEF88BD83E3F4
:10C3100084BD12E015BD80916E00816080936E0037
:10C320009FBF80E88093B400809170008460809308
:10C3300070002FB7F894809101018460809301010F
:10C340009FB7F894809102018B7F809302019FBF79
:10C350008091010180628093010181E08093A000BF
:10C3600085E18093A1008FEF90E09093A9008093E6
:10C37000A8009093AB008093AA009093AD008093A7
:10C38000AC00109272002FBF88E49BE30F944CBA6C
:10C390008FE580937E0010937D0080917C00806407
:10C3A00080937C008FE980937A000E9452779FB738
:10C3B000F894809121018F7E809321018091210149
:10C3C000886080932101809120018D7F80932001DE
:10C3D000809120018E7F80932001809120018F73B6
:10C3E00080932001809120018F7C80932001809197
:10C3F0002101846080932101809121018D7F8093B0
:10C400002101809121018E7F8093210110922501CD
:10C41000109224012BEE31E430932901209328015E
:10C42000D19A809173008260809373009FBF8AE9E4
:10C4300095E20E94685B8091C3048E7F8093C30461
:10C4400060E08BE29DE00E94215A9091C30480FB42
:10C4500091F99093C30483E00E945E596E989FB750
:10C46000F89480916A008F7D80936A0080916A00C1
:10C47000806180936A00EE9A1092C0041092BF040B
:10C480009FBF0F94841D6093A1177093A217809390
:10C49000A3179093A41768EE73E080E090E00F94E8
:10C4A000971BEE980E94E75891E02091BB043091D1
:10C4B000BC04253631050CF490E08091C30490FB58
:10C4C00080F98093C30481E00E945E598091C30487
:10C4D00080FFC4C086ED9BE30E948F5D10925A0ED0
:10C4E00010925B0E80E1E8E5F7E0DF01282F1D9256
:10C4F0002A95E9F7EAEDF4E0DF01282F1D922A954D
:10C50000E9F7EAECF4E0DF011D928A95E9F7109271
:10C51000C6041092C7041092C8041092C904109265
:10C52000C5041092C40484E08093970280910001B6
:10C5300086FDCAC0BFEFE3EDF0E3B150E040F0404C
:10C54000E1F700C000008091000186FDBDC00E949F
:10C55000405482EA9BE30E94F85380910101846079
:10C56000809301018091EB04823041F09FB7F894F1
:10C57000809102018460809302019FBF809100013D
:10C5800086FFFCCF9FB7F894809102018B7F809348
:10C5900002019FBF2FEF87EA91E621508040904033
:10C5A000E1F700C0000088E89BE39A8389838DE768
:10C5B0009BE39C838B838FE69BE39E838D8382E644
:10C5C0009BE398878F8389E59BE39A8789870E94FD
:10C5D00040544EE360E080E00E942D540E94525788
:10C5E00010E0D12CC12C8091EA04F601E80FF11D76
:10C5F00087FDFA95EE0FFF1FA1E0B0E0AC0FBD1F65
:10C60000EA0FFB1F408151816C2D81E00E94215473
:10C61000BFEFCB1ADB0AE4E0CE16D10421F70F946A
:10C62000832C81E00E94AA7380917006909171061C
:10C63000009789F197FF15C0115014300CF4AAC06F
:10C6400087E00F9487428091EA0418162CF08F5FE0
:10C650008093EA040E94405413E006C08FEC9BE3F1
:10C660003BCF1F5F143060F741E55BE360E080E0A3
:10C670000E942154612F80E00E940D548EE30E949D
:10C68000FC53109271061092700664E670E080E030
:10C6900090E00F94971B0E945757882309F4A1CF6D
:10C6A0008091EA04180F0E94405440E070E060E07E
:10C6B00084E690E00F949744123009F49FC008F08C
:10C6C0007AC0113009F495C082E08093970260E04F
:10C6D0008FEF9FE00E94215A61E08FE59FE00E946A
:10C6E000215A8FEF9FE00F9463BB182F8F3F09F4FF
:10C6F00010E010926E0661E080916B0E811160E097
:10C7000089E69FE00E94215A91E0811101C090E0EA
:10C7100090935C02882309F495C085E895E20F9414
:10C720004CBA87EF9EE00F9463BBB82E8093000550
:10C7300086EF9EE00F9463BBC82E8093010585EFC2
:10C740009EE00F9463BBD82E8093020584EF9EE099
:10C750000F9463BB809303052FEFB21202C01092B7
:10C7600000059FEFC91202C010920105AFEFDA1267
:10C7700002C0109202058F3F11F4109203058091C0
:10C780002E0790E028E096958795009709F45DC004
:10C790002150F9CF1F3F09F067CF87E00F94874200
:10C7A0008091EA0418162CF481508093EA040E94C8
:10C7B000405410E059CF133019F1143009F084CFF0
:10C7C00061E97BE380E090E10F94A7A910E000E02D
:10C7D0006FEFC8010F9487BBC8010F9478A90F5F52
:10C7E0001F4F0115F0E11F0799F70F9499A90E94B7
:10C7F0008E4C0E94534C0F94023366CF0E94534CD0
:10C8000084E00E942ECB62E08FE59FE00F94ABBBEB
:10C8100010926B0E60E084EC9FE00F9487BB81E088
:10C820000E94415811E010938E1761E087E09FE06D
:10C830000F9487BB10938F1761E085ED9EE00F94F6
:10C8400087BB42CF80E795E26ACF2093FC048091BA
:10C850002F0790E028E096958795009711F02150DA
:10C86000FACF2093FD048091300790E028E0969560
:10C870008795009711F02150FACF2093FE04809104
:10C88000310790E028E096958795009711F02150A8
:10C89000FACF2093FF040E941FDE880F82700F944E
:10C8A000301A80910A01816080930A0180910A0107
:10C8B000826080930A0180910A01846080930A015A
:10C8C00080910A01806480930A010F9A179A0E9A48
:10C8D000169A0D9A159A0C9A149A26982E9A2598BB
:10C8E0002D9A24982C9A809107018B7F80930701C1
:10C8F0009FB7F894809108018460809308019FBFDE
:10C90000809107018F77809307019FB7F8948091FA
:10C9100008018068809308019FBF0998119A6E985A
:10C92000389A4098179A10924407399A4198169A63
:10C93000109245073A9A42983B9A4398149A8091EC
:10C9400081008F7E80938100809181008860809338
:10C950008100809180008D7F809380008091800095
:10C960008E7F80938000809180008F738093800001
:10C97000809180008F7C8093800080918100887FEF
:10C9800082608093810080E090E49093890080939E
:10C99000880010928500109284001092F304109287
:10C9A000F2048FEF9FEF9093F1048093F004909343
:10C9B000EF048093EE041092ED041092EC0481E0F9
:10C9C00080938E0280916F00826080936F007894D4
:10C9D00081E0111101C080E080936E060F940387FF
:10C9E0000E941FDE880F82700F94301A0F94ACA73C
:10C9F00087E497E00E94F7500F948F95F11008C0DC
:10CA00008DEC94E20F944CBA81E894E20F948F126B
:10CA100084E99CE00F9463BB823459F46FEF84E99E
:10CA20009CE00F94ABBB85E99CE00F9471BB0F9425
:10CA30008F120F941063159888E00F946AB38BEBF4
:10CA40009FE00F9463BB91E0813009F090E09093F8
:10CA5000E41681E00F94105D60E084E69FE00E94A0
:10CA6000215A60E086E69FE00E94215A60E088E655
:10CA70009FE00E94215A60E085E69FE00E94215AD3
:10CA800070E060E08FEF9EE00E94095A70E060E085
:10CA900085E09FE00E94095A70E060E083E09FE03B
:10CAA0000E94095A70E060E081E09FE00E94095A0C
:10CAB00070E060E083ED9EE00E94095A70E060E063
:10CAC00080ED9EE00E94095A60E082ED9EE00E94A7
:10CAD000215A60E08FEC9EE00E94215A88EA9CE097
:10CAE0000F94F25781EA9DE00F9463BB8F3F71F47E
:10CAF00060E081EA9DE00F9487BB88EF9FE00F9490
:10CB000071BBBC0180E59DE00F94A5BB49E4C42E38
:10CB10004DE0D42E10E0BE016F5F7F4F812F0E9449
:10CB2000895AAE014F5F5F4F67E070E0C6010E9417
:10CB3000EA591F5FBBE0CB0ED11C183061F781EAC8
:10CB40009DE00F9463BB0E94595A811102C00E945C
:10CB50007B5A0E94935D80E89CE00F9463BB8F3FFB
:10CB600041F44EE050E060E87CE082EE92E00F9409
:10CB700077BB85E09DE00F94F2578DEE9FE00F9418
:10CB8000F25781EF9FE00F94F25760E08EEC9EE049
:10CB90000E94215A61E087EA9CE00E94215A60E0ED
:10CBA0008FEA9FE00E94215A86EA9FE00F9463BBC0
:10CBB0008F3FD9F461E086EA9FE00F9487BB30EBAA
:10CBC000C32E3FE0D32E70E060E0C6010F94A5BBFA
:10CBD000E2E0CE0ED11CFAEBCF16FFE0DF0699F7AC
:10CBE00060E08FEA9FE00F9487BB60E085EA9FE0FA
:10CBF0000E94215A60E08FE79CE00E94215A60E089
:10CC000089E09FE00E94215A61E08CEA9DE00E9449
:10CC1000215A63E08BEA9DE00E94215A63E08AEA90
:10CC20009DE00E94215A61E089EA9DE00E94215A1C
:10CC30006F98779880916A008F7B80936A008091CB
:10CC40006A00806880936A00EF9A84E0809397027C
:10CC500080916B0E811135C05198599A5898509A0D
:10CC60008AE0589A25E02A95F1F70000589895E057
:10CC70009A95F1F700008150A1F75098589A809149
:10CC8000B9008C7F8093B9008CE08093B80084EA6F
:10CC90008093BC0088E00F94F11D811112C08AEED0
:10CCA0008093BB0084E88093BC0088E10F94F11D61
:10CCB000811107C084E98093BC0088E89FE20F944B
:10CCC0008F12023071F0033009F430C1013099F451
:10CCD00088EA91E30F948F1266E371E08CEE9EE098
:10CCE00008C089E891E30F948F126EE271E08EEE36
:10CCF0009EE00F94C1BBE11006C086E191E30F9462
:10CD00008F120E940B6C80E80E9462DD8823B9F0CC
:10CD100087EF9FE00F9463BB60E0813061F487ECA4
:10CD20009BE30E94CFB367E1882329F086ED90E36F
:10CD30000F948F1266E186EA9CE00F9487BB8FEB1D
:10CD40009BE30E94CFB3182F882329F08FE10E9424
:10CD500062DD11E01827F12CE12CF701E055F44CCD
:10CD60006491C7010F9487BBAFEFEA1AFA0ABAE0E1
:10CD7000EB16F10491F7EFEBFBE3659174918AE018
:10CD800090E00F94A5BBE1ECFBE3659174918CE01E
:10CD900090E00F94A5BBE3ECFBE3659174918EE00A
:10CDA00090E00F94A5BBE5ECFBE36591749180E105
:10CDB00090E00F94A5BB8FE59FE00F9463BB8823A1
:10CDC00009F4BFC080E00F94FB1283E080939702C8
:10CDD00081E00E941A550E94405482E00E94D45380
:10CDE00060E08EEF9EE00E94215A8093FA0460E397
:10CDF0008DEF9EE00E94215A80935A0260E38CEFEF
:10CE00009EE00E94215A8093580260E08BEF9EE0E2
:10CE10000E94215A8093FB0460E38AEF9EE00E9407
:10CE2000215A80935B0260E389EF9EE00E94215AC1
:10CE30008093590260E088EF9EE00E94215A80931F
:10CE4000F904CE0101960E9407C8882389F088E57D
:10CE500095E20F944CBA8981882351F083E09DE0DC
:10CE60000F9463BB8F3F21F084EE94E20F948F12F6
:10CE70006FEF83E09DE00F9487BB0E94BD4C882339
:10CE8000D9F10F94832C8CE89FE00F9463BB182F8B
:10CE900080936A02C090F504D090F604E090F70405
:10CEA000F090F8048BE89FE00F9463BB682F70E06C
:10CEB00090E080E00F94EFB520E030E040EA50E4ED
:10CEC0000F948ABC4B015C0101E0AC019B01C701DE
:10CED000B6010F9414BF18160CF000E00093F40490
:10CEE000A5019401C701B6010F9414BF18160CF0E8
:10CEF00052C081E00F949AAF6C98749880916A0048
:10CF0000816080936A0080916A008D7F80936A00BF
:10CF1000EC9A64994FC00E94BD4C882309F44AC022
:10CF20008AEB9BE30E948F5D0F94768680E591E308
:10CF30000F948F126EE271E08EEE9EE00F94C1BBF3
:10CF4000CBCE81E011113FCF0E9462DD811105C07F
:10CF500088E690E30F948F1238CF84E00E9462DD60
:10CF6000811103C082EF9FE2F5CF80E10E9462DD74
:10CF7000811104C086E195E30F948F1288E00E942E
:10CF800062DD811122CF80912405882309F41DCF11
:10CF900080ED9FE2DFCF113011F480E0ABCF41E0B4
:10CFA00060E08EEA9FE20F94F9118823B1F30E94AA
:10CFB000EF49A2CF0E946FDD81E08093970288E164
:10CFC00098E20FB6F894A895809360000FBE9093F6
:10CFD00060008091600080648093600085E0D82EBE
:10CFE00090E0E92E90E0F92ECC24C39424E0B22EF8
:10CFF0001092610E80911805882309F4C2C0B09286
:10D0000097020E94C74C882309F4BEC080916A022F
:10D01000813009F0B9C085E195E00F94E51D0E94CB
:10D02000876C80916902882389F068E873E184E85D
:10D0300097E10F94B61D811109C010926902809189
:10D040007414882309F4ACC00F944C53809186105B
:10D0500090918710892B09F45FC010928510809100
:10D0600071148823C1F10091751210917612055741
:10D070001F4E68E67CE3C8010F946AB9892B09F05A
:10D080009CC010920317F80101900020E9F7319736
:10D09000BF01601B710BC8010F94B25F62E070E0CA
:10D0A00080EF92E00F94B25F80910317882341F0E4
:10D0B0008BE799E60E94685B87E396E20E948F5DAA
:10D0C00080917214882309F473C080918610909126
:10D0D0008710892B11F00E943D7980918510811174
:10D0E00019C08091861090918710892B99F0E0915A
:10D0F0007512F0917612E857FF4E8081823009F068
:10D1000061C0F894D082818192810F94A88678942E
:10D110000E94D45A0E946A690F94832C0E94C74CC3
:10D120000E94AA738091120581111092120580E06D
:10D130000E94D4530F941F1E80911405882379F008
:10D1400010921405823009F449C0833009F44AC0B2
:10D15000813029F461E088E59CE30E941B71809195
:10D160001305811107C0C092130581E00F94417629
:10D1700010921305E114F10409F43ACF0E94000063
:10D1800037CFC09297023DCF60E177E285E195E02D
:10D190000F94B61D882309F442CFB0926C0E3FCF96
:10D1A00081E00F94105D8091741481114DCF4ECFAA
:10D1B0008FE596E20E948F5D90CF0F9426518DE40B
:10D1C00096E2F8CF863009F0A3CF809173148111D5
:10D1D0009FCFF894D08281E090E097CF61E088E41F
:10D1E0009CE3BBCF61E087E39CE3B7CF02E08633EB
:10D1F000914009F003E00E94F36BE12C82EA92EA8D
:10D20000A0E0B0E08093411890934218A093431897
:10D21000B09344181092B7041092B8041092B90455
:10D220001092BA042091DE063091DF064091E006AC
:10D230005091E10660E070E08FE793E40F948ABDBF
:10D240006093B3047093B4048093B5049093B604D0
:10D250001092AF041092B0041092B1041092B20474
:10D260002091EA063091EB064091EC065091ED06D4
:10D2700060E070E08FE793E40F948ABD6093AB04A5
:10D280007093AC048093AD049093AE046D9A9D9A14
:10D29000809101018860809301018091AA0490E04F
:10D2A000B4E095958795BA95E1F78093A9048AE053
:10D2B00090E09093A8048093A704C0905402D0906B
:10D2C0005502C6010E940EBF20E030E040E251E46A
:10D2D0000F9480BD87FD02C00C9405E120E1C21AC5
:10D2E000D108D0925502C0925402E7CF44E150E0F9
:10D2F000662389F0BC018CE395E00F9450B910923D
:10D30000500510923B058BE094E20E948F5D81E016
:10D3100080938F020895BC018CE395E00F94E3C1E4
:10D32000EECF9091D003891780F4913061F4809111
:10D330005105882351F040E25EE460E070E081E551
:10D3400095E00D94681E80E0089581E00895EF92C5
:10D35000FF921F93CF93DF93EC01162F862F0E942D
:10D3600091E98823E9F0BE018CE395E00F9411B9AF
:10D370007C0181E595E00F9415201093D003109265
:10D3800079071092F603EF2859F061E0CE010E9470
:10D3900076E9DF91CF911F91FF90EF900D942B10C4
:10D3A000DF91CF911F91FF90EF9008951F93CF933E
:10D3B000DF93182FEB0180E00F94874280E00E94FA
:10D3C00044731092730E1092720E1092710E10929E
:10D3D000700E0F94832C80E00E94AA730E94405428
:10D3E00049E053E360E080E00E9421544BEF52E3B8
:10D3F00061E080E00E94215411501C30A0F4E12F24
:10D40000F0E08827E95FF5418F4F0D9473BC20EA67
:10D4100029EA3BEA78EA81EA84EA87EA8AEA93EA37
:10D420009CEA9FEAA8EA49EE52E362E080E00E94AB
:10D4300021544BED52E363E080E00E94215436C05A
:10D4400040ED52E362E080E00E94215443EC52E35D
:10D45000F2CF4AEB52E362E080E00E94215443ECB9
:10D4600052E363E080E00E94215463E082E10E9485
:10D470000D54CE0119C044EB52E362E080E00E94FB
:10D48000215462E082E10E940D54CE010E940057B7
:10D490004CEA52E363E080E00E94215463E082E1C1
:10D4A0000E940D5482EF92E00E94005768EE73E0F4
:10D4B00080E090E00F94971B80E00F94874264E631
:10D4C00070E080E090E00F94971B0F94832C80E035
:10D4D0000E94AA730E945757882389F362E081E073
:10D4E00092E30E94A7E9DF91CF911F910D942B1039
:10D4F0004CE952E362E080E00E94215444EB52E3A5
:10D50000B0CF4BE852E3A7CF4AE752E3A4CF4DE6B2
:10D5100052E3F0CF41E652E362E080E00E94215402
:10D520004CE552E39ECF4CE452E362E080E00E947F
:10D53000215444E452E395CF44E352E383CF44E3E0
:10D5400052E362E080E00E94215443E252E373CF51
:10D5500044E352E362E080E00E94215463E080E013
:10D560000E940D54DF93CF9381E192E39F938F93B9
:10D570000E94E6530F900F900F900F9097CF8F92CD
:10D580009F92AF92BF92CF92DF92EF92FF920F9352
:10D590001F93CF93DF93F82E6091650E7091660E06
:10D5A0008091670E9091680E0F94FCBD4B016B014A
:10D5B0006091F5047091F6048091F7049091F8045D
:10D5C0000F94FCBDEB01FF2009F4A6C06B01E40140
:10D5D00024EB922E90E080E09093730E8093720E75
:10D5E00084E690E0F11002C090E080E09093710E2C
:10D5F0008093700EE090240580E00F9464260F94D1
:10D60000832C81E00E94AA73B12CA12C85E0882E86
:10D610008091180581111CC00F94832C81E00E9419
:10D62000AA7300E911E020E042E06A2D87E0F110E2
:10D6300001C088E00E94BFB8A82E8B2D682D0F94E2
:10D6400012BC911102C00E94765BB394B910E0CF76
:10D650001092730E1092720E1092710E1092700E44
:10D660000F94832CB601DD0C880B990B4E01DD0F56
:10D67000AA08BB08FF2009F454C00F94F1B59B0120
:10D68000AC016091F5047091F6048091F7049091DB
:10D69000F8040F948ABC0F94FCBDEB01C501B401E2
:10D6A0000F94F1B59B01AC016091650E7091660E0F
:10D6B0008091670E9091680E0F948ABC0F94FCBD08
:10D6C0001091180511110CC0F1104BC06930710593
:10D6D0000CF04DC08EE190E011E0C817D90734F48A
:10D6E00062EF72E080E00E94D6E910E08E2D0F9488
:10D6F00064260F94832C81E00E94AA73812FDF910E
:10D70000CF911F910F91FF90EF90DF90CF90BF903E
:10D71000AF909F908F9008959CE3992E88EC90E0B5
:10D720005BCF0F94F1B59B01AC016091650E7091D8
:10D73000660E8091670E9091680E0F948ABC0F94CC
:10D74000FCBDEB01C501B4010F94F1B59B01AC0127
:10D750006091F5047091F6048091F7049091F804BB
:10D76000ABCF89E090E06E3171050CF4B5CF62EF7C
:10D7700072E081E00E94D6E9B9CF2F923F924F929A
:10D780005F926F927F928F929F92AF92BF92CF9251
:10D79000DF92EF92FF921F93CF93DF9300D000D0E0
:10D7A0001F92CDB7DEB7182F682E712C812C20E880
:10D7B000922E2CE5A22E23E4B22E813031F0812C62
:10D7C000912CAA24AA9493E4B92E10925C020F948F
:10D7D000731981E080938E0260E070E080EA90E44B
:10D7E0000E948E5381E0012E01C0880F0A94EAF74F
:10D7F0000F94A21920E030E040E752E4C501B401E3
:10D800000F948BBC69837A838B839C831301220CD6
:10D81000331C220C331CC101895B984F9E838D837E
:10D8200029813A814B815C81FC0160817181828117
:10D8300093810F948ABCED81FE8160837183828322
:10D84000938360E070E084E392E40F94CF960F94AA
:10D850001B3710933B021092C8031092C903109219
:10D86000CA031092CB031092CC031092CD031092F6
:10D87000CE031092CF03812F0F9407376B017C01E9
:10D8800020E030E040EF52E4ED81FE816081718163
:10D89000828193810F948BBCED81FE8160837183C3
:10D8A0008283938360E070E084E392E40F94CF96E8
:10D8B0000F941B37A5019401ED81FE816081718178
:10D8C000828193810F948BBCED81FE816083718393
:10D8D0008283938360E070E084E392E40F94CF96B8
:10D8E0000F941B378FEF80933B026091CC037091B4
:10D8F000CD038091CE039091CF032091C803309146
:10D90000C9034091CA035091CB030F94D6BB2D831A
:10D910003F833F932F93F8E56F0E711C7F926F92B8
:10D920008DE098E39F938F930F9425BA0F900F90FB
:10D930000F900F900F900F908BE59FE0111102C098
:10D940008DE59FE06D817F810F94C1BB812F0F9486
:10D9500007372B013C01A70196010F948ABC6B018C
:10D960007C01E894F7F8C101895B984F9E838D8311
:10D9700020E030E040E752E4FC0160817181828167
:10D9800093810F948ABCED81FE81608371838283D1
:10D99000938360E070E084E392E40F94CF960F9459
:10D9A0001B3729813A814B815C81ED81FE81608149
:10D9B0007181828193810F948ABCED81FE816083A5
:10D9C00071838283938360E070E084E392E40F9438
:10D9D000CF960F941B37812F0F9407379B01AC0113
:10D9E000C301B2010F948ABC2B013C01E89477F883
:10D9F0000F947319FF92EF92DF92CF928DEE93E224
:10DA00009F938F930F9425BAA5019401C701B60186
:10DA10000F948ABC9F770F900F900F900F900F90EC
:10DA20000F9020E030E040EA50E40F9414BF181645
:10DA30000CF453C07F926F925F924F928DEE93E2FF
:10DA40009F938F930F9425BAA5019401C301B2014E
:10DA50000F948ABC9F770F900F900F900F900F90AC
:10DA60000F9020E030E040EA50E40F9414BF181605
:10DA7000A4F1A3019201C701B6010F948ABC6B0106
:10DA80007C01E894F7F8FF92EF92DF92CF9280ED5D
:10DA900093E29F938F930F9425BA0F900F900F905E
:10DAA0000F900F900F9020E030E040E85FE3C70157
:10DAB000B6010F9414BF18160CF444C0ED81FE811A
:10DAC00010821182128213820F948F95812F0E94EF
:10DAD00045BA0F947E4281E01DC010928E0265EF20
:10DAE00072E0113011F063EF72E088E00E94D6E935
:10DAF000F101E95BF84F10821182128213820F94B8
:10DB00008F95812F0E9445BA81E080938E020F94F9
:10DB10007E4280E027960FB6F894DEBF0FBECDBFE1
:10DB2000DF91CF911F91FF90EF90DF90CF90BF904A
:10DB3000AF909F908F907F906F905F904F903F90AD
:10DB40002F90089565EF72E0113011F063EF72E0ED
:10DB500087E00E94D6E9F101E95BF84F108211825B
:10DB6000128213820F948F95812F0E9445BACFCFD6
:10DB70000F931F93CF93DF930E94405481E00E9444
:10DB8000F24B8DE59FE00F9471BBEC018BE59FE0BC
:10DB90000F9471BB182F092F8CE99DE20E94F85356
:10DBA00061E080E00E940D54DF93CF9388E697E315
:10DBB0009F938F930E94E65382E08093970280E0C8
:10DBC0000E94BDEB0F900F900F900F90882309F4E7
:10DBD00042C08DE59FE00F9471BBEC0161E08AE0EB
:10DBE0000E940D54BE0190E080E04AE00E94295658
:10DBF0004CE85DE262E080E00E94215463E080E056
:10DC00000E940D540F931F938BE597E39F938F937F
:10DC10000E94E65381E00E94BDEB0F900F900F90A1
:10DC20000F908823C1F08BE59FE00F9471BBEC014E
:10DC300063E08AE00E940D54BE0190E080E04AE07B
:10DC40000E94295643E863E083E10E942D548AE054
:10DC500090E00F945C2E80E00E94F24B81E0809374
:10DC60009702DF91CF911F910F910D9477AE0F9492
:10DC70002B101092D00380912205811132C0809127
:10DC80003802811102C081E008958FEF0E949CB19B
:10DC900083E00E945E590F94841D6093A1177093D6
:10DCA000A2178093A3179093A41781E080933A055D
:10DCB00068EE73E080E090E00F94971B0F94832C44
:10DCC00081E00E945E5980E00E949CB18091BB047B
:10DCD0009091BC0445973CF462E088E693E20E9490
:10DCE000A7E980E008958091BD049091BE04459716
:10DCF00054F662E084E593E2F2CF0E9437EE882387
:10DD000021F08EE893E20C948F5D0895CF93DF931A
:10DD1000EC0180E00E9491E9882321F060E0CE01CF
:10DD20000E9476E9CE01DF91CF910D9468B4CF9334
:10DD3000DF93EC0180E00E9491E9882331F061E0FB
:10DD4000CE01DF91CF910C9476E9DF91CF910895C8
:10DD50002F923F924F925F926F927F928F929F92FB
:10DD6000AF92BF92CF92DF92EF92FF920F931F93E9
:10DD7000CF93DF9300D01F921F92CDB7DEB7809173
:10DD8000690E813009F05FC090915A0E80915B0E50
:10DD9000981359C080915C0E811155C0109279077B
:10DDA00084E99EE20E9497EE1092690E82E08093D1
:10DDB0006C0E1092FA030F94E4360E94614B60E0FF
:10DDC00070E080E291E40E940F5380914407882321
:10DDD00021F180914507882301F180E090E0A8E4DB
:10DDE000B2E48093470790934807A0934907B09304
:10DDF0004A0780E090E0AEE3B3E480934B07909352
:10DE00004C07A0934D07B0934E0760E070E084E3A9
:10DE100092E40F94CF960F941B37809122058823AC
:10DE200009F4C7C09FB7F894809102018B7F80935B
:10DE300002019FBF0F9453230E94CF6B88E0809311
:10DE4000E3031092E2038091690E823009F068C00A
:10DE500090915A0E80915B0E981362C080915C0E77
:10DE600081115EC080917907873031F01092790777
:10DE700087E89EE20E9497EE1092690E82E08093FE
:10DE80006C0E1092FA030F941B371092E10310925C
:10DE9000730E1092720E6091470270914802809149
:10DEA000490290914A020E940F53809144078823AF
:10DEB00051F180914507882331F180913F02909183
:10DEC0004002A0914102B091420280934707909393
:10DED0004807A0934907B0934A0780914302909165
:10DEE0004402A0914502B091460280934B07909363
:10DEF0004C07A0934D07B0934E0760E070E088E4B4
:10DF000092E40F94CF9680912205882309F478C07B
:10DF10009FB7F894809102018B7F809302019FBF8D
:10DF20008091690E843009F0AAC085EA9DE00F94C3
:10DF300071BB30915A0E20915B0E321375C1209146
:10DF4000861030918710232B09F06EC120915E0E50
:10DF50002983211169C12091FA03211154C02CE0B9
:10DF60002093FA034496BC0190E080E00F94EFB553
:10DF700020E030E04AE754E40F948ABD6B017C0155
:10DF8000E091FA03E150EC3008F079C0F0E0882726
:10DF9000E353F0418F4F0D9473BCF1F2DBF2D7F2F3
:10DFA000D3F2CFF2C9F254F2CFF1CBF164F10BF01E
:10DFB00005F01092E5030E94B05980919D138130C5
:10DFC00009F038CF80917313882309F433CF8091FF
:10DFD000E403823009F42ECF0E94C74C81110E94C5
:10DFE0000B4A2091720E3091730E80916B029091CA
:10DFF0006C02281739070CF41DCF0F947B7C1ACFC5
:10E000001092E5038DCF2150ABCF65E089EF98E307
:10E010000E949A7134C080919D13813069F53091CE
:10E02000F9033B8361E082E794E20E941B7161E0A7
:10E030008CEE98E30E941B7161E08EED98E30E94E4
:10E040001B710F94FC509B819817B1F08F3F29F002
:10E0500061E08DE694E20E941B711F922B812F9349
:10E060008AED98E39F938F930E94B1710F900F9068
:10E070000F900F9031E0398389818093F80380916C
:10E08000690E833009F0D0C09091FA03911109C054
:10E090008093790791E09093F60380938F028093A9
:10E0A000FA038091FA03833009F590915A0E80911A
:10E0B0005B0E98131BC00F943E2310923E0280917A
:10E0C0004C028F9380914B028F938EE899E39F933C
:10E0D0008F930E94B1718EE79EE20E9497EE82E0DC
:10E0E0008093FA030F900F900F900F908091FA0396
:10E0F000823009F07AC080913E02882309F475C00D
:10E100001092F6038CE69EE20E9497EE1092730E38
:10E110001092720E3091F20339838091F3038B8356
:10E120001091F4030091F50320E030E0A901B981DA
:10E13000F8016B2F782F8F2F9E2F0F9480BD8111A8
:10E140001FC020E030E0A9016091EE037091EF0361
:10E150008091F0039091F1030F9480BD811110C064
:10E1600020E030E0A9016091EA037091EB03809117
:10E17000EC039091ED030F9480BD882309F447C20E
:10E180008091ED038F938091EC038F938091EB034B
:10E190008F938091EA038F938091F1038F93809105
:10E1A000F0038F938091EF038F938091EE038F9311
:10E1B0000F931F939B819F9329812F9387E799E367
:10E1C0009F938F930E94B17161E08CE794E20E946B
:10E1D0001B710FB6F894DEBF0FBECDBF87EE93E084
:10E1E0000F94E51D81E08093FA038091FA0381305A
:10E1F000D9F460ED77E087EE93E00F94B61D8823A5
:10E2000099F089E994E60E9497EE1092790782EDE1
:10E2100090E090934C0280934B021092FA0310927C
:10E22000690E82E080936C0E9091690E953099F49E
:10E230002091861030918710232B71F58091FA037D
:10E24000823009F40DC208F0E7C1882309F4F8C14F
:10E25000813009F410C28091690E8630E9F4909102
:10E260005A0E80915B0E981317C080918610909182
:10E270008710892B89F480915E0E81110DC08091E9
:10E28000FA03813009F448C208F40FC2823009F45D
:10E290002CC2833009F40DC20F900F900F900F9095
:10E2A0000F90DF91CF911F910F91FF90EF90DF9032
:10E2B000CF90BF90AF909F908F907F906F905F9026
:10E2C0004F903F902F9008950E9440541092F70372
:10E2D00061E081E992E00F948AAC80919D138130D6
:10E2E000F1F48091F80310E0811101C012E0212FB8
:10E2F00030E0220F331F2A53374C3A832983E981B8
:10E30000FA818591949161E00E941B711F5F898160
:10E310009A8102969A8389831A3089F7B0CE20E0D9
:10E3200030E040E850E4C701B6010F9430B620E079
:10E3300030E040E752E40F9432639F938F937F93D2
:10E340006F931F928CE38F9322EB38E33F932F93CD
:10E350000E94B17120E030E040E051E4C701B60115
:10E360000F9430B620E030E040E252E40F94326384
:10E370009F938F937F936F931F9284E68F9322EBEB
:10E3800038E33F932F930E94B1710FB6F894DEBF2C
:10E390000FBECDBF74CE67E084EA98E339CE61E06A
:10E3A00088E998E30E941B718EE38F938CE48F932E
:10E3B0008CEC8F938DEC8F9388E898E39F938F93E9
:10E3C0000E94B17161E08FE798E30E941B7120E029
:10E3D00030E040E850E4C701B6010F9430B620E0C9
:10E3E00030E048EC51E40F9432639F938F937F9316
:10E3F0006F931F921BE91F931F928BE48F938DE6FF
:10E4000098E39F938F930E94B171A7019601C70172
:10E41000B6010F948BBC20E030E048EC51E40F943F
:10E4200032639F938F937F936F931F921F931F92DB
:10E4300084E68F938DE698E39F938F930E94B1714A
:10E4400020E030E048EC52E4C701B6010F9432639B
:10E450009F938F937F936F931F921F931F9218EC3C
:10E460001F938DE698E39F938F930E94B1710FB62F
:10E47000F894DEBF0FBECDBF20E030E040EA51E4AB
:10E48000C701B6010F9432639F938F937F936F936D
:10E490001F9287E88F931F921F932DE638E33F93D7
:10E4A0002F930E94B17171CF20E030E046E153E438
:10E4B000C701B6010F943263562E472E382E292EEF
:10E4C00020E030E040EA51E4C701B6010F94326326
:10E4D0006B83C72E782E692E85E0D82E812C912C47
:10E4E00096E1A92E93E4B92E32E33C8387E88D832D
:10E4F0000DE618E39D81E92EF12C3C81232F30E0BD
:10E500003A8329832F923F924F925F921F929F935B
:10E510001F928C818F931F930F930E94B171B7014B
:10E52000FF0C880B990B0F94F1B520E030E040EA26
:10E5300051E40F948ABC0F9403BE6D836F927F9257
:10E54000CF929B819F931F922D812F931F923C818D
:10E550003F931F930F930E94B17129813A81B901B2
:10E56000330F880B990B0F94F1B5A50194010F940B
:10E570008BBC0F9403BE6C83B7FAB094B7F8B09419
:10E58000DA940FB6F894DEBF0FBECDBFD110B2CF74
:10E5900076CDB701A60180E00F94596370CDB70125
:10E5A000A60184E0F9CFB701A60188E0F5CFB70155
:10E5B000A6018CE0F1CF90919D13998366E081E6EE
:10E5C00098E30E949A712981213029F461E08DE657
:10E5D00094E20E941B7161E089E694E20E941B7143
:10E5E0004ECD89E994E60E9497EE1092FA031092BC
:10E5F000690E82E080936C0E8FE59FE00F9463BB01
:10E60000882309F411CE8CE00F94FB1238CD87E4F7
:10E6100099E30E94685BE2CD8430A9F0C0F08530B8
:10E6200009F019CE61E086E794E20E941B7161E077
:10E6300081E399E30E941B7184E08093FA030BCE7F
:10E640009093FA03EFCF0F941B3783E0F6CF10922D
:10E650003D0261E087E299E30E941B7182E0EDCF09
:10E6600080913C02811105C061E08CE794E20E9438
:10E670001B7181E0E2CF1092FA031092690E92E0D2
:10E6800090936C0E80933D028FE59FE00F9463BBE7
:10E69000882309F401CE80913C02811104C081E0FD
:10E6A0000F94FB12D8CD8EE0FBCF83E08093FA036A
:10E6B000F3CD87E39EE20F948F1261E086E794E248
:10E6C0000E941B7161E084E199E30E941B7161E08B
:10E6D0008AE099E30E941B71809124058093E603F0
:10E6E00080E00F94642682E0E1CF61E083E099E36B
:10E6F0000E941B7141E060E080E09EE20F94F911FE
:10E700008111CACD1092730E1092720E8091E603A1
:10E710000F94642681E0CACF1092FA031092690E1A
:10E7200082E080936C0E20E041E062E070E08BE4D8
:10E7300094EB0F9447AB83E08093F703ADCD0F9339
:10E740001F93809103018095817090911704891720
:10E75000A1F180916E0E90916F0E8959944F11F432
:10E760000F94E0AD82E080938F0280910301809549
:10E770008170809317040E94815580E00E94687325
:10E7800080911704882309F488C080917414811142
:10E7900005C00F94105D81E08093C21489E994E66E
:10E7A0000E9497EE1092DF0361E089E994EF0F94E5
:10E7B0008AAC8AED93E00F9415200F94841D00918C
:10E7C000D6031091D7032091D8033091D9030617AF
:10E7D000170728073907E8F580918F02882331F061
:10E7E0008AED93E00F9415200E94C253E0916E0EC3
:10E7F000F0916F0E199580916E0E90916F0E815968
:10E80000924009F45BC080916E0E90916F0E22E0F1
:10E810008B39920709F073C080918F02823021F406
:10E820000E94815510923B0580918F02882319F038
:10E83000815080938F020F94841D6C597F4F8F4FAE
:10E840009F4F6093D6037093D7038093D803909320
:10E85000D90380916B0E882399F080911C04882342
:10E8600079F060E177E282ED93E00F94B61D8823A2
:10E8700039F088E00F946AB382ED93E00F94E51DC0
:10E880008091690E843009F051C08091610E811130
:10E890004DC01F910F910C94A8EE1092731410921A
:10E8A000741483EA99E60E94685B8EE194E20E9408
:10E8B0008F5D8EEB9DE20E9497EE7FCF0E94E14C30
:10E8C00081110EC0E0916E0EF0916F0E309739F508
:10E8D0000E9440540F942B1082E080938F029CCFB3
:10E8E0008091690E81118FCF40E95FE561E070E0B2
:10E8F0008AED93E00F94681E8111E4CF84CF815993
:10E90000924009F489CF40E355E760E070E08AED7A
:10E9100093E00F94681E882309F47ECFD3CF81E063
:10E920008093D50319951092D503D2CF1F910F91E3
:10E9300008952F923F924F925F926F927F928F92A3
:10E940009F92AF92BF92CF92DF92EF92FF920F937E
:10E950001F93CF93DF93CDB7DEB72D970FB6F89403
:10E96000DEBF0FBECDBF8091A803813051F130F0E2
:10E97000823009F47FC21092A80300C18091C214B2
:10E98000882349F01092C214109290020F94DE581E
:10E9900081E0809390020F9469579093B003809325
:10E9A000AF0380916B0E8111E3C089E09FE00F946B
:10E9B00063BB8093B20381E08093A8038FEF8093C1
:10E9C000B1038091B303811107C083EB93E00F94EF
:10E9D000E51D81E080938F0280918F02811121C01B
:10E9E00064EF71E083EB93E00F94B61D8823A1F0F0
:10E9F0008091B1038F3F81F082E08093A803109251
:10EA0000A9031092AC031092AB0383EB93E00F9435
:10EA1000E51D81E080938F0280918F02882309F4A5
:10EA2000A9C08FEF8093B10383EB93E00F94E51DB2
:10EA30000F941DAB10921905CE0101967C01F9E1EE
:10EA40002F2EF5E63F2E80911905843008F096C0F0
:10EA500010921C058091DF03882309F4A8C087EA7F
:10EA60009BE20F94E3AD65E774E18EE195E10F94CD
:10EA7000BF80809175148F3209F09CC08091E4169C
:10EA8000882331F067E67AEB8EE99BE20F94C0AA07
:10EA9000C090AF03D090B00301E091E0C91AD10853
:10EAA00008F4DBC180911C0590911B058913D1C12D
:10EAB0006091B203C6010F94526180911C0590E0F1
:10EAC00020917006309171061091BF148217930740
:10EAD00051F4D092AE03C092AD031093AA034091BB
:10EAE00019054093B10340918F02112309F467C0C7
:10EAF0004423E9F040918A14E5E7AE2EE4E1BE2E0E
:10EB0000442321F07AE8A72E74E1B72E609119050D
:10EB10004EE38217930709F040E280E00E942D54F3
:10EB200085E80E94FC5362E1C5010E94E85680918D
:10EB30001C0590911A05992309F48BC12091700648
:10EB4000309171068217130609F083C1109290026A
:10EB500061E085E794E10F94625A10927106109279
:10EB600070060F943FAB009390020F9429AA95CFA3
:10EB700082E01FCF0E945757811153CF2D960FB6B9
:10EB8000F894DEBF0FBECDBFDF91CF911F910F91E3
:10EB9000FF90EF90DF90CF90BF90AF909F908F90BD
:10EBA0007F906F905F904F903F902F9008958BECE7
:10EBB0009DE257CF61E77AEB87E597E367CF442380
:10EBC000D1F040918A1465E7A62E64E1B62E442365
:10EBD00021F05AE8A52E54E1B52E609119054EE3B7
:10EBE0008217930709F040E280E00E942D5463E110
:10EBF000C5010E94E85680911C0590911A05992341
:10EC000009F427C12091700630917106821713060E
:10EC100009F01FC1109290028091A6038111A3CF29
:10EC200065E774E1C7010F94CEC1470145E9A42E01
:10EC30004FE0B42EF40161914F01662319F06E325A
:10EC400009F04BC060E0C5010F9487BB6EE270E035
:10EC5000C7010F94BAC13C01892B19F08FEF681AD4
:10EC6000780A430131E9A32E3CE0B32E611471040C
:10EC700021F0F4016081611101C060E0C5010F94D1
:10EC800087BBFFEFAF1ABF0A2FEF821A920A84E9FF
:10EC9000A8168CE0B80651F760901316662D8AE529
:10ECA0009FE00F9487BB81E794E12AE0A22E2FE03A
:10ECB000B22E712C4C01E9E08E0E911C7614D1F02D
:10ECC00048E050E0B5018E5A9F4F0F9477BB739484
:10ECD000F8E0AF0EB11CC401EDCFC5010F9487BBA6
:10ECE000FFEFAF1ABF0A2DE9A2162FE0B20609F016
:10ECF000A1CFACCF80916B0E882391F0FF92EF9261
:10ED00003F922F920E94B17161E085E195E60E94E9
:10ED10001B710F900F900F900F900F942B1023CF1B
:10ED200061E0C7010F94995B409080175090811764
:10ED30006090821770908317942D852D21E04216E4
:10ED400028E752066104710410F090E088E7A92ECC
:10ED5000B82E81E0481688E758066104710408F46B
:10ED60005AC098E7591A6108710840928717509263
:10ED700088176092891770928A17C301B2010F94A5
:10ED800031530E9407690093A5036EE67BE2C5013B
:10ED90000F94A7A98091871790918817A091891740
:10EDA000B0918A1740918017509181176091821716
:10EDB0007091831784179507A607B70780F511117F
:10EDC0002EC020910617211103C080E090E0DC01E5
:10EDD000841995090F9478A9009373140E94876C85
:10EDE0008091861090918710892BA1F289E694E298
:10EDF0000F946286811105C082E597E30F946286C5
:10EE0000811111E080918510811102C00E94D45AB5
:10EE100010928510E5CF412C512C3201B2CF0F94C6
:10EE200099A91092A5030F94D15C89E994E60E94F8
:10EE300097EE111163CF41E060E08CE79BE20F9405
:10EE4000F911182F81E00E941A55112309F456CFA9
:10EE500064CF8F5F80931C0520CE0F94F1AA809120
:10EE600019058F5F8093190580911B058F5F809333
:10EE70001B05E9CD8091A70311E0811105C08091A8
:10EE80008F02811101C010E08091AB039091AC031F
:10EE9000892B91F46091B2038091AD039091AE0300
:10EEA0000F94526180918A14811146C085E794E1E4
:10EEB0009093AC038093AB0311111092A9036CE201
:10EEC00071E083EB93E00F94B61D811103C0112311
:10EED00009F454CE8091AA0302E1811101C003E13B
:10EEE0004EE36091B10380E00E942D548091AA030B
:10EEF000882319F085E80E9484552091A903809108
:10EF0000AB039091AC03602F820F911D0E94E856D5
:10EF1000811115C083EB93E00F94E51D8091A90347
:10EF20008F5F8093A903112309F428CE1092B303B5
:10EF300081E08093A80322CE8AE894E1B9CF1092B1
:10EF4000B303F1CF61E08BEA94E60E941B7182E08B
:10EF5000809379078EE190E60E9497EE0F942B1034
:10EF600083E080938F0208950E9437EE882329F171
:10EF70001092A5038EE190E60E9497EE0F941B3746
:10EF800088E0809379070E94B0591092180560E0DC
:10EF900070E080E89FE30E94724D1092E20380913E
:10EFA0009C03823011F40F94C0360E94054C8DE70B
:10EFB00093E20E948F5D109279070895CF93DF93BB
:10EFC000EC0180E00E9491E9882331F060E0CE01FD
:10EFD000DF91CF910C9476E9DF91CF9108950F9452
:10EFE00088589F938F9385E797E39F938F930F9410
:10EFF00025BA0F900F900F900F900895EF92FF9207
:10F000000F931F93CF93DF930E943CC9C82F81EACF
:10F010009CE2C11183C08EE59CE20F948F12109286
:10F020008F1710928E17D09196170F9480588C01DD
:10F03000BC0190E080E00F94EFB520E030EC4FE7AA
:10F0400056E40F948ABD20E030E040EA50E40F948B
:10F0500030B69F938F937F936F9384ED97E39F9345
:10F060008F930F9425BA0F900F900F900F900F90E1
:10F070000F900D3586E21807E8F18CEA9BE20F94B9
:10F080008F120F9480587C01BC0190E080E00F94B7
:10F09000EFB520E030EC4FE756E40F948ABD20E056
:10F0A00030E040EA50E40F9430B69F938F937F9303
:10F0B0006F9388EA97E39F938F930F9425BA0F90ED
:10F0C0000F900F900F900F900F908FE2E81683E152
:10F0D000F80680F461E0033D1A4308F060E0D617BB
:10F0E00041F06093961788E49DE00F9487BB0E94DF
:10F0F000EFF7C1E08DE897E10E94115886E29CE2AB
:10F10000CC2361F08CEF9BE20F948F12DF91CF91B3
:10F110001F910F91FF90EF900D941063DF91CF91AD
:10F120001F910F91FF90EF900D948F12CF93DF936B
:10F13000C82FDFB7662389F1F8940F943E2381E04E
:10F1400080936A0E1092E1030E94EF490F94499850
:10F150000E9407691092A5030F949037DFBF1092A9
:10F16000E2030F94E43680910617882321F0109271
:10F1700073140F94265180EC93E20E948F5D1092DD
:10F18000A513C1111092180581E08093690E1092A9
:10F190006C0EDF91CF910D942B10F89481E0809349
:10F1A0006A0E1092E1030E94EF490F9449980E9461
:10F1B00007691092A5030F949037DFBFD4CF60E0AA
:10F1C00081E00C9496F8413041F440E061E00F9406
:10F1D000F911813041F40C94DFF8423021F4CB0175
:10F1E0000F948F12F8CF08958CEA9CE00F9463BBC4
:10F1F000882311F081E0089580918D178823D1F341
:10F200000E943CC98111F6CF40910104442391F33F
:10F2100063E37FE281E69FE20E94E3F881E0909160
:10F22000690E913009F480E008951F93CF93DF9326
:10F23000109100041123E9F0EC0185EA9DE00F94A0
:10F2400071BB8C179D07A9F0412F62EA7EE280E036
:10F250009FE20E94E3F880916B0E81110AC0109228
:10F26000FF0360E08BE494EBDF91CF911F910D944D
:10F270008AACDF91CF911F910895CF92DF92EF92E8
:10F28000FF92CF936B017C0182E0809379078BEC36
:10F290009FE50E9497EE10928F1710928E1720E034
:10F2A00030E044E352E46091530770915407809139
:10F2B0005507909156070F948ABC6093530770933B
:10F2C000540780935507909356076AE077E58DEAD7
:10F2D00092E40F94CF960F941B3720E030E04CE07F
:10F2E00052E46091530770915407809155079091B3
:10F2F00056070F948ABC609353077093540780930A
:10F3000055079093560769E27CE585E891E40F94F0
:10F31000CF960F941B3720E030E0A901C701B6015A
:10F320000F9480BD8823E1F0A701960160915307F7
:10F330007091540780915507909156070F948BBC9C
:10F340006093530770935407809355079093560723
:10F3500060E070E080E291E40F94CF960F941B3749
:10F360008FE499E20F940C12149A64E670E080E046
:10F3700090E00F94971B82E00F948742C3E30E94B2
:10F380005757811107C0C15029F084E690E00E94D0
:10F390005576F5CF0F941B370E945757882329F0D5
:10F3A00084E690E00E945576F7CF81E00E941A55DE
:10F3B00089E994E60E9497EE109279070F94F7146A
:10F3C0008DE897E1CF91FF90EF90DF90CF900C9474
:10F3D00011582F923F924F925F926F927F928F922D
:10F3E0009F92AF92BF92CF92DF92EF92FF920F93D4
:10F3F0001F93CF93DF93CDB7DEB767970FB6F8941F
:10F40000DEBF0FBECDBF082FCE0146969F8B8E8BE1
:10F4100083E0F82E95E1292E0F946A9F00938513BF
:10F42000402F64E5CE0101960F94489F49815A818F
:10F430006B817C818D810F94917461E081E00F94E8
:10F44000B07B182F811107C00F94AC9E0F94507B96
:10F450000F943E7CE1CF0F941B370F94A09F813017
:10F4600079F10F943E7C92E0F91209C08EEC9EE097
:10F470000F9463BB813019F4802F0F94257DFA948B
:10F48000F110CACF8091610E882309F4EFC067960E
:10F490000FB6F894DEBF0FBECDBFDF91CF911F91A5
:10F4A0000F91FF90EF90DF90CF90BF90AF909F9023
:10F4B0008F907F906F905F904F903F902F90089526
:10F4C00060917A1370E090E080E00F94F1B59B01B9
:10F4D000AC0160E070E08CE592E40F948ABC362EBB
:10F4E000872E982EE92E262F372F482F592F60E090
:10F4F00070E080E291E40F948ABD2B013C01ECE3C3
:10F50000F5E0822D11928A95E9F710923B05832D43
:10F51000982DA92DBE2DBC01CD01912C312CE12CB3
:10F520005B016C01D7FAD094D7F8D09420E030E09A
:10F5300048E452E40F946C9F90915A0E80915B0EB8
:10F54000981709F449C0112331F00F94A09F11E0DE
:10F55000813009F010E083E00F94073720915307C2
:10F560003091540740915507509156070F948ABC2B
:10F57000A30192010F9430B60F9469BD0F9403BE9E
:10F58000862EE616C1F0E32DE43108F0E3E13324E2
:10F5900033943E0E8FEF111101C08DE2F0E0E45C78
:10F5A000FA4F808391E090938F02809190028111B5
:10F5B00002C00F94AB1E90E080E00E945576E82CCC
:10F5C0008091610E882309F4B7CF10E037C0C601DF
:10F5D000B50199249394AACF91E09912F8CF0F9492
:10F5E0006A9F111108C08FEC9EE00E94405A80ED86
:10F5F0009EE00E94335A44E150E06CE375E0CE0196
:10F6000001960F94E3C1FE013196819187FD2CC0D4
:10F6100080E3DF0111978C938E899F898E179F0756
:10F62000A1F71D8A83EA99E60E94685B83EC9CE35C
:10F630000E94685BCE0101960F9468B481E595E065
:10F640000F941520112309F40CCF802F0F947264AE
:10F6500000932C138091A1139091A2130196909383
:10F66000A2138093A11313CF81E3D3CF8AE290E852
:10F6700090932F1380932E1361E081E00F94B07B61
:10F68000C7CECF93DF93D82F0F94F364C82F88236E
:10F69000D9F0809184138D17B9F00E94234D811108
:10F6A00002C00F947B7C0F94696410928F171092A4
:10F6B0008E170F941B378D2F0E94E9F98DE897E183
:10F6C0000E9411580F94E8648C2FDF91CF91089518
:10F6D000CF93C82F682F8BEC91E30F948D9E8C2FC6
:10F6E0000E9441FB0F941B370F947B7C0F948A9EE2
:10F6F00081E0CF91089580E00E9468FB81E00E9444
:10F7000068FB82E00E9468FB83E00E9468FB84E063
:10F710000E9468FB0D94F7140E9468FB0D94F71487
:10F72000CF92DF92EF92FF920F931F93CF93DF93CD
:10F7300000D01F92CDB7DEB7809196178F3F31F47E
:10F7400080919D13813011F00E94FEF70F943E23AB
:10F75000D090E5038FEF8093E50387E0E82E88E300
:10F76000F82E01E018E320E030E048E452E4609134
:10F77000650E7091660E8091670E9091680E0F94E1
:10F7800014BF18168CF020E030E048E452E4609199
:10F79000F5047091F6048091F7049091F8040F94A9
:10F7A00014BF18160CF040C08CED9CE20F940C12A4
:10F7B00042E864E080E00E942D546091650E7091F3
:10F7C000660E8091670E9091680E0F94FCBD7F933A
:10F7D0006F93FF92EF920E94E65381E80E94FC53E0
:10F7E00040E864E089E00E942D546091F504709136
:10F7F000F6048091F7049091F8040F94FCBD7F9378
:10F800006F931F930F930E94E65381E80E94FC536D
:10F8100088EE93E00E9455760E94765B0FB6F894CE
:10F82000DEBF0FBECDBF9FCFD092E50381E00E9427
:10F830001A550E9440544BE05DE260E080E00E9477
:10F84000215481E00E94F24B81E00E94447360EDFC
:10F8500077E080E090E00F94971B82E0809397021E
:10F8600000ED17E021E043E060E080E00E94BFB8D7
:10F87000F82E83E00E945E5980E00E949CB162E015
:10F8800082E00E9425B280E00E945E59C090BB04D5
:10F89000D090BC0494E1C916D1045CF121E043E0AE
:10F8A0006F2D81E00E94BFB8F82E8FEF0E949CB1AF
:10F8B00063E085E00E9425B280E00E949CB18091C7
:10F8C000BD049091BE0484319105CCF462EF72E0E6
:10F8D00085E00E94D6E996E4C916D1049CF408E8B4
:10F8E00013E121E043E06F2D8DE00E94BFB8E12CD1
:10F8F00059C162EF72E086E00E94D6E9F0CF86340B
:10F90000910554F460E081E00E94A2B1811176C1BA
:10F9100062EF72E089E0F0CF86E4C816D10494F774
:10F9200000ED17E021E043E06F2D82E00E94BFB8B8
:10F93000F82E1C9B18C01C9B16C020E030E040E253
:10F9400051E460914F077091500780915107909159
:10F9500052070F948BBC60934F07709350078093AE
:10F9600051079093520760E070E084E392E40F94B3
:10F97000CF960F941B371C9B4BC11A8219821C8295
:10F980001B821C9B06C067EF72E0CE0101960F94AC
:10F99000AFC1BE016F5F7F4F82E00E94D6E910E0E9
:10F9A0000F94832C81E00E94AA73112309F497CF4E
:10F9B00000ED17E021E043E06F2D84E00E94BFB826
:10F9C000F82E80E00E94BDEB882309F488CF10E078
:10F9D00000E021E043E06F2D84E00E94BFB80CED11
:10F9E00015E021E043E0682F85E00E94BFB8F82EC3
:10F9F00081E00E94BDEB882309F471CF10E000E0A4
:10FA000021E043E06F2D86E00E94BFB8F82E0F94EE
:10FA1000731910928E02E5E5FEE385919591A5910B
:10FA2000B4918093470790934807A0934907B093F8
:10FA30004A07E9E5FEE3659175918591949120E08F
:10FA400030E040E850E40F948BBC60934B07709318
:10FA50004C0780934D0790934E0760E070E080E282
:10FA600091E40E940F530E94684D0CED15E021E0D7
:10FA700043E06F2D86E00E94BFB850E040E061E0B7
:10FA800082E00E94795E60E070E080EA91E40E948A
:10FA90000F5360E070E080E291E40E940F5310E0A9
:10FAA00000E021E042E060E08EE00E94BFB880E02C
:10FAB0000F946516E82E21E042E061E08EE00E949E
:10FAC000BFB881E00F946516E82221E042E062E0D1
:10FAD0008EE00E94BFB8F82EEE2009F400CF61E05E
:10FAE00088EF9EE00F9487BB00ED17E021E043E034
:10FAF0006F2D87E00E94BFB8F82E81E00E94BFEA18
:10FB0000882309F4ECCE08EE13E021E043E06F2DEA
:10FB100088E00E94BFB8F82E80E00E94BFEAE82E7D
:10FB2000882309F4DCCE00ED17E021E043E06F2DDF
:10FB300089E00E94BFB890919D13913059F521E062
:10FB400043E0682F8AE00E94BFB8F82E90E080E082
:10FB50000E9440BED82E10E000E021E041E060E0CD
:10FB60008AE00E94BFB810926C0210926B028D2D39
:10FB70000E9441FB0F947B7C8FEA90E090936C0293
:10FB800080936B0200ED17E021E043E06F2D8BE0E6
:10FB90000E94BFB808E813E121E043E0682F8CE041
:10FBA0000E94BFB81092D00361E089E694E20E94FF
:10FBB0001B7181E00E941A55EE2061F181E00E94E4
:10FBC00083CB8FEF9CE20E9497EE0F942B1080E086
:10FBD0000E94F24B80E00E94447381E08093970280
:10FBE0008E2D0F900F900F900F90DF91CF911F915E
:10FBF0000F91FF90EF90DF90CF90089561E080E04B
:10FC00000E94A2B181118CCE62EF72E085E074CEC9
:10FC100011E0C6CE62E081E092E30E94A7E9D7CF6F
:10FC20000C9490FBCF93DF93D82F0F94F364C82FDD
:10FC3000882359F188EC90E00F94D3A282E00F94CE
:10FC400087426D2F86E193E60F948D9E0F94696431
:10FC500010928F1710928E1780918413833629F09B
:10FC600062E180E295E60F94CA648D2F0E94E9F963
:10FC70000E9458B283E00F9487428DE897E10E947A
:10FC800011580F94E8640F948A9E8C2FDF91CF91C6
:10FC900008951F93CF93DF93C82F162F0F94F3640B
:10FCA000D82F8823A9F010928F1710928E17C33681
:10FCB00011F1C83791F0CF3339F484E690E00F9416
:10FCC000D3A2812F0E9412FE8DE897E10E94115865
:10FCD0008D2FDF91CF911F91089510926C02109299
:10FCE0006B02812F0E9441FB8FEA90E090936C029F
:10FCF00080936B02E9CF84E690E00F94D3A20E9438
:10FD000058B2E2CF0E9412FE0E94D5490F941B37D1
:10FD10000F942B100F94753789E994E60E9497EEA3
:10FD2000109279070D94F714CF93DF9300D01F92B0
:10FD30001F92CDB7DEB7482F68E5CE0101960F942C
:10FD4000489F49815A816B817C818D810F94917488
:10FD50000F900F900F900F900F90DF91CF9108951B
:10FD600080E00C9494FE1F93CF93DF9300D01F92FA
:10FD70001F92CDB7DEB7182F0F94F3648823D9F004
:10FD8000412F62E5CE0101960F94489F49815A8127
:10FD90006B817C818D810F94917460E080E00F9481
:10FDA000B07B882369F32091491330914A13309333
:10FDB0009A13209399130F900F900F900F900F901C
:10FDC000DF91CF911F910895FF920F931F93CF93CF
:10FDD000DF931F92CDB7DEB7CE0101960F94C525F4
:10FDE00010E000E085E0F82ED19911C00F94832C2B
:10FDF0000E3D1105C9F7CE0101960F94B825C80133
:10FE00000F90DF91CF911F910F91FF900895D19A9C
:10FE100080912305882361F3109223050E94527775
:10FE20000F94E0298091220581111BC0F09EF00102
:10FE3000F19EF00D1124E658F84F80911E05909127
:10FE40001F05A0912005B091210580839183A28395
:10FE5000B38380911D0584830F5F1F4F0F94B12ED4
:10FE6000C7CF10E000E0C7CFFC018081882321F0DC
:10FE7000813029F482E001C081E0808308951082FE
:10FE80000895FC019491903249F087EF890F8230F8
:10FE900028F081E09D3019F080E0089581E0089518
:10FEA000883E23E0920710F087EE93E0089590914A
:10FEB0002805809127052FEF3FEF891771F0E92F73
:10FEC000F0E0E65DFA4F208130E09F5F80912605EB
:10FED000981708F090E090932805C9010895909133
:10FEE000D00095FFFCCF8093D60090E080E008958D
:10FEF000CF92DF92EF92FF920F931F93CF93DF93F6
:10FF00008C01EA0190E050E06150770B292F30E03E
:10FF1000261737072CF0552319F190E050E0F6CF63
:10FF20007801E20EF31EF7018081D9011196680174
:10FF3000CA0EDB1EF6014081481780F4F7014083AA
:10FF4000F6018083209749F0FE01E20FF31F8081C4
:10FF5000AC0FBD1F2C9120838C9351E09F5FD6CFB7
:10FF6000DF91CF911F910F91FF90EF90DF90CF9095
:10FF70000895813041F028F0823039F0833071F0FB
:10FF80000895A09A0895A29A08959FB7F894809131
:10FF900008018062809308019FBF08959FB7F8947D
:10FFA000809108018061F6CF813041F028F08230E5
:10FFB00039F0833071F00895A0980895A2980895BB
:10FFC0009FB7F894809108018F7D809308019FBFAF
:10FFD00008959FB7F894809108018F7EF6CF8EBD6B
:10FFE0000DB407FEFDCF8EB508952F923F924F922C
:10FFF0005F926F927F928F929F92AF92BF92CF92B9
:020000022000DC
:10000000DF92EF92FF920F931F93CF93DF93CDB7C1
:10001000DEB72E970FB6F894DEBF0FBECDBF20908F
:100020001D0630901E0640901E0550901F056090E2
:100030002005709021052114310439F481E080936A
:10004000F405812C912C5401F9C0B101032C000C52
:10005000880B990B0F94F1B5A30192010F948ABC00
:100060006B017C018091F405882391F01092F005DA
:100070001092F1051092F2051092F3051092EC0522
:100080001092ED051092EE051092EF051092F40516
:100090002091DA063091DB064091DC065091DD06B6
:1000A000C701B6010F9430B669837A838B839C8332
:1000B0002091F0053091F1054091F2055091F30542
:1000C000C701B6010F948BBC4B015C012091B704B2
:1000D0002D873091B80439871091B9040091BA0482
:1000E000412F502F0F9480BD87FD17C08091B3041E
:1000F0008D879091B40499871091B5040091B6044E
:100100009C01412F502FB401C5010F9414BF181644
:1001100024F08D8699861A2D0B2D8D859985A12F1A
:10012000B02F8093F0059093F105A093F205B09362
:10013000F3052091DE063091DF064091E0065091F4
:10014000E106BC01812F902F0F9430B66D837E8322
:100150008F8398872091E8053091E9054091EA0561
:100160005091EB05C301B2010F948ABC2091E206C5
:100170003091E3064091E4065091E5060F9430B6C5
:1001800020ED3CEC4CE45DE30F9430B64B015C0198
:1001900023E333E343E75FE36091EC057091ED0502
:1001A0008091EE059091EF050F9430B69B01AC0164
:1001B000C501B4010F948BBC4B015C018092EC052E
:1001C0009092ED05A092EE05B092EF052D813E8153
:1001D0004F81588569817A818B819C810F948BBC7A
:1001E000A50194010F948ABC4B015C0120E030E032
:1001F0004FE753E40F9414BF20E030E0A901181634
:100200000CF06DC1C701B6010F9414BF181684F429
:10021000A70196016D857985812F902F0F948ABC57
:100220006093F0057093F1058093F2059093F305C8
:10023000812C912C3FE7A32E33E4B32E4092E805A6
:100240005092E9056092EA057092EB0560915602C2
:1002500070915702072E000C880B990B0F94F1B583
:100260009B01AC01C301B2010F9480BD87FF57C150
:10027000232809F454C1C501B4010F94FCBD759540
:10028000679560931D0520911606309117063A83F5
:100290002983409018065090190660901A067090B5
:1002A0001B06B901330F880B990B0F94F1B5A3010D
:1002B00092010F948ABC6B017C012091E60630917B
:1002C000E7064091E8065091E9060F9430B66D8339
:1002D0007E838F8398872091FD053091FE054091A4
:1002E000FF0550910006C701B6010F948BBC5B015E
:1002F0008C013091AF043E878091B0048D8730909F
:10030000B1042090B204232F382F432D522DB50174
:10031000C8010F9480BD87FD18C09091AB049E87E3
:100320002091AC042D873090AD042090AE04292F8D
:100330003D85432D522DB501C8010F9414BF1816E9
:1003400024F0AE86BD86302E212E8E859D85A32D70
:10035000B22D8093FD059093FE05A093FF05B09309
:1003600000062091EA063091EB064091EC06509190
:10037000ED06BC01832D922D0F9430B669877A87E4
:100380008B879C872091F9053091FA054091FB05F8
:100390005091FC05C301B2010F948ABC2091EE0676
:1003A0003091EF064091F0065091F1060F9430B66F
:1003B00020ED3CEC4CE45DE30F9430B64B015C0166
:1003C00023E333E343E75FE36091F5057091F605BE
:1003D0008091F7059091F8050F9430B69B01AC0120
:1003E000C501B4010F948BBC4B015C018092F505F3
:1003F0009092F605A092F705B092F8054092F905A3
:100400005092FA056092FB057092FC0529853A85A9
:100410004B855C856D817E818F8198850F948BBC27
:10042000A50194010F948ABC4B015C0120E030E0EF
:100430004FE753E40F9414BF20E030E0A9011816F1
:100440000CF070C0C701B6010F9414BF181684F4E5
:10045000A70196016E857D85832D922D0F948ABC10
:100460006093FD057093FE058093FF059093000651
:10047000812C912C9FE7A92E93E4B92E20E030E047
:100480004AEF52E4C301B2010F9480BD87FF6DC0F3
:10049000C501B4010F94FCBD7595679560931C066A
:1004A00089819A81892B11F410921C062E960FB621
:1004B000F894DEBF0FBECDBFDF91CF911F910F919A
:1004C000FF90EF90DF90CF90BF90AF909F908F9074
:1004D0007F906F905F904F903F902F900895C5014F
:1004E000B4010F9480BD87FFA9CE20E030E0A901C0
:1004F000C701B6010F9480BD87FFA3CDA701960168
:100500006D857985812F902F0F948ABC6093F005BB
:100510007093F1058093F2059093F30592CD1092BC
:100520001D05B1CEC501B4010F9480BD87FFA6CFD4
:1005300020E030E0A901C701B6010F9480BD87FF1C
:1005400010C0A70196016E857D85832D922D0F9495
:100550008ABC6093FD057093FE058093FF05909320
:100560000006812C912C540189CF10921C0698CF43
:100570008091720E9091730E90931E0680931D06CB
:100580008091700E9091710E9093170680931606CD
:100590000895813041F120F0823009F445C008957A
:1005A000179880910901817091E06927861759F0A9
:1005B00090910B01662389F0916090930B01EBE41D
:1005C000F0E03197F1F791E096B9882341F08091FE
:1005D0000B01816080930B0108959E7FEECF809187
:1005E0000B018E7FF7CF16989091090181E0292F9A
:1005F000227091FF80E0861759F080910B016623ED
:1006000079F0826080930B018BE490E00197F1F721
:1006100082E086B980910B01222321F08260DACF3B
:100620008D7FF0CF8D7FD6CF15989091090181E015
:10063000292F247092FF80E091E06927861759F0F6
:1006400090910B01662391F0946090930B01EBE481
:10065000F0E03197F1F794E096B9861709F4BCCF32
:1006600080910B01222321F08460B4CF9B7FEDCFDA
:100670008B7FB0CF80912505811125C08091C0006E
:1006800087FF3DC08091C00084FF03C08091C600F9
:1006900008954091C60020919D0430919E04C901A7
:1006A00001968F77992760919F047091A004861717
:1006B000970729F1235E3B4FF901408390939E04F5
:1006C00080939D041CC08091C80087FF18C0809152
:1006D000C80084FF03C08091CE0008954091CE00F1
:1006E00020919D0430919E04C90101968F7799272E
:1006F00060919F047091A00468177907D9F6089556
:1007000023E0811121E080E06BE173E04BEC57E0E6
:100710003FB7F894909102019460909302013FBF1B
:10072000FB013197F1F73FB7F894909102019B7F5D
:10073000909302013FBFFA013197F1F78F5F821367
:10074000E7CF08958AE02BE831E04FB7F894909115
:1007500002019460909302014FBFF9013197F1F7C4
:100760004FB7F894909102019B7F909302014FBF85
:10077000F9013197F1F7815041F708950F941DABBE
:100780001092190580911905843098F510921C0576
:1007900084E898E20F94E3AD41EA52E06DE075E53C
:1007A000809100040E940CDE4BEA52E067E075E5A0
:1007B0008091FD030E940CDE47ED52E06BEC7AE580
:1007C0008091FC030E940CDE41EE50E062E676E28E
:1007D000809101040E940CDE0F94F1AA809119050A
:1007E0008F5F8093190580911B058F5F80931B0598
:1007F000C9CF089581E094E00E9434FF6091010424
:1008000080E29CE00D9487BB8CEF93E00E9434FF64
:100810006091FC0383EA9DE00D9487BB8DEF93E02C
:100820000E9434FF6091FD0384EA9DE00D9487BB34
:1008300080E094E00E9434FF6091000488EA9DE02B
:100840000D9487BB8091951760E0811101C061E034
:100850006093951787E49DE00D9487BBEDE8F7E181
:10086000618181E06827618387E09FE00D9487BB09
:10087000EDE8F7E1628181E06827628385ED9EE023
:100880000D9487BBE4EEF6E1608181E06827608328
:100890008BEB9FE00D9487BB8091EB04813071F06E
:1008A00020F0823069F483E001C081E08093EB04A2
:1008B0006091EB0487ED9EE00D9487BB82E0F6CF5C
:1008C0001092EB04F5CF6091380281E068276093C5
:1008D000380287E89FE00F9487BB8091380281112E
:1008E00002C01092E4030895CF93DF938091FE033A
:1008F0008C33E1F0803501F1883291F088E2809309
:10090000FE03C0E9D1E06091FE0387EA9DE00F9409
:1009100087BBBE0185EA9DE0DF91CF910D94A5BB19
:100920008CE38093FE03C8E5D2E0EDCF80E58093B1
:10093000FE03C0E2D3E0E7CF89E18093FE03CAEF74
:10094000D0E0E1CF0F941DAB1092190580911905ED
:10095000843008F06EC010921C058BEC9DE20F9461
:10096000E3AD80918D1764ED73E6882311F068ED97
:1009700073E622E04DEC51E08EED9AE20F94ACACC0
:1009800080918D17882309F441C08330D9F422E087
:1009900043E951E065E07BE284ED94E50F94ACAC73
:1009A00022E043E951E065E07BE288EC94E50F94B6
:1009B000ACAC80919517882301F18130A1F10F949F
:1009C000220424C080918F1764ED73E6882311F010
:1009D00068ED73E622E04DEE52E084ED94E50F946D
:1009E000ACAC80918E1764ED73E6882311F068ED4E
:1009F00073E622E04FE552E0D8CF22E041E252E038
:100A000068EB74E58EEB94E50F94ACAC0F94F1AA0F
:100A1000809119058F5F8093190580911B058F5F69
:100A200080931B0593CF22E041E252E062EB74E534
:100A3000E9CF089589EA9DE00C944C5A8CEA9CE039
:100A40000F9463BB882361F010929D1310924B1397
:100A5000109230138CEA9CE00E944C5A0D9478520C
:100A60000E94A3BFF7CF86ED9EE00F9463BB61E0C9
:100A7000823009F062E086ED9EE00D9487BB8EEC3B
:100A80009EE00F9463BB60E0813009F061E08EEC82
:100A90009EE00D9487BB8FEA9FE00F9463BB61E0FB
:100AA000811160E08FEA9FE00D9487BB89E09FE0B1
:100AB0000F9463BB61E0882321F062E0813009F08C
:100AC00060E089E09FE00F9487BB81E08093C214CF
:100AD000089587EA9CE00F9463BB811105C0809163
:100AE000A6038150883010F080E0089581E00895D9
:100AF00081E090918D17911180E00C9441580D94F4
:100B00001063EF92FF920F931F938091B5038111B1
:100B100035C080EC9FE00F9463BB813061F58FEBB3
:100B20009FE00F9463BB082E000C990B9093B703C2
:100B30008093B6038EEB9FE00F9463BB082E000CEE
:100B4000990B9093B9038093B8038DEB9FE00F94BA
:100B500063BB082E000C990B9093BB038093BA03E0
:100B60008CEB9FE00F9463BB082E000C990B9093C5
:100B7000BD038093BC0381E08093B5030F941DAB4C
:100B80001092190580911905843008F062C0109206
:100B90001C050F94C5A98823E9F06091B6038FEB7B
:100BA0009FE00F9487BB6091BA038DEB9FE00F9499
:100BB00087BB6091BC038CEB9FE00F9487BB609177
:100BC000B8038EEB9FE00F9487BB61E080EC9FE061
:100BD0000F9487BB8BEC9DE20F94E3ADF12CE12CDD
:100BE00004E610E02CE93FEF40E166EB73E08FEFA5
:100BF0009BE40F946DAB2CE93FEF40E168EB73E0B1
:100C000080EF9BE40F946DAB2CE93FEF40E16AEB82
:100C100073E081EE9BE40F946DAB2CE93FEF40E174
:100C20006CEB73E082ED9BE40F946DAB63EA72E0D2
:100C300084E799E20F94C0AA0F94F1AA8091190554
:100C40008F5F8093190580911B058F5F80931B0533
:100C500099CF1F910F91FF90EF9008950F941DABC6
:100C60001092190580911905843058F510921C05D1
:100C70008AE59BE20F94E3AD67E371E089EA9CE4C7
:100C80000F9496AD6FEA72E082EA9CE40F9496AD01
:100C90006BED71E08BE99CE40F9496AD6DE571E02E
:100CA00082E99CE40F9496AD0F94F1AA8091190506
:100CB0008F5F8093190580911B058F5F80931B05C3
:100CC000D1CF08950F941DAB10921905809119058D
:100CD0008430F8F410921C0587EA9BE20F94E3AD90
:100CE00061ED72E089E899E40F9496AD67E571E0F3
:100CF00083E899E40F9496AD0F94F1AA80911905B9
:100D00008F5F8093190580911B058F5F80931B0572
:100D1000DDCF08950F941DAB109219058091190530
:100D2000843028F510921C0587EA9BE20F94E3AD0E
:100D300061E871E089E899E40F9496AD6FE172E0A3
:100D400083E899E40F9496AD63E172E08DE299E453
:100D50000F9496AD0F94F1AA809119058F5F80933F
:100D6000190580911B058F5F80931B05D7CF0895D0
:100D7000CF93DF93CDB7DEB72F970FB6F894DEBFD2
:100D80000FBECDBFFC01DE01119690E09D01849164
:100D900041E0490F882329F08D933196942F4D30EF
:100DA000B1F7F901E90FF11D8AE380839F5FF90133
:100DB000E90FF11D80E29E3019F081939F5FFBCF18
:100DC0001F867F936F933F932F938EEF9BE59F93A7
:100DD0008F930E94E6530F900F900F900F900F90FB
:100DE0000F902F960FB6F894DEBF0FBECDBFDF91E8
:100DF000CF910895EF92FF921F93CF93DF9300D08E
:100E000000D01F92CDB7DEB78091A703811118C023
:100E100081EA9DE00F9463BB182F0E94595A8823E2
:100E200079F080E10E9462DD882351F02BE0129F6F
:100E3000C0011124805B924F0F9471BB892BF1F498
:100E40008091A803882371F081EA9DE00F9463BB31
:100E50002BE0829FC00111246FEF7FEF805B924FE8
:100E60000F94A5BB0E94575721E0811120E041E07B
:100E700070E060E083E392E00F9447AB209170064E
:100E8000309171062115310559F081E012161306D3
:100E90000CF080E08093A803109271061092700607
:100EA00081EA9DE00F9463BB1BE0819FB001112498
:100EB000675B724F47E050E0CE0101967C010F94D2
:100EC00053BB0E94395481EA9DE00F9463BB819F1C
:100ED000C0011124805B924F0F9471BBBC01990F2C
:100EE000880B990B0F94F1B520917E0630917F0607
:100EF00040918006509181060F948ABD2091A803ED
:100F0000222319F13EE320E21F923F931F922F9379
:100F10009F938F937F936F93FF92EF9282E39DE471
:100F20009F938F930E94E6530FB6F894DEBF0FBED7
:100F3000CDBF27960FB6F894DEBF0FBECDBFDF91B1
:100F4000CF911F91FF90EF90089530E22EE3DCCF18
:100F500080912505813051F4109225056091250579
:100F600088E09FE00F9487BB0C9401C081E08093E0
:100F70002505F4CF1092DA030E943954EBEBF4E02C
:100F8000428153812CE3249FC001259F900D1124A1
:100F90009F938F938AE19DE29F938F93408151812C
:100FA000249FC001259F900D11249F938F9385E26C
:100FB0009DE29F938F9382E69BE59F938F930E9480
:100FC000E6538DB79EB70A960FB6F8949EBF0FBE34
:100FD0008DBF0D9477AECF93DF930E9439548BE58C
:100FE0009FE00F9471BBEC018DE59FE00F9471BB06
:100FF000DF93CF939F938F9382EB99E49F938F938B
:1010000080E49CE59F938F930E94E6538DB79EB733
:1010100008960FB6F8949EBF0FBE8DBFDF91CF919B
:101020000D9477AE1092DA030E9439546091650EE8
:101030007091660E8091670E9091680E0F94FCBDC2
:101040008DE095E50F94B8066091F5047091F60473
:101050008091F7049091F8040F94FCBD88EF94E51B
:101060000F94B80660915506709156068091570608
:10107000909158060F94FCBD84E999E40F94B8064A
:10108000609198037091990380919A0390919B03CA
:101090000F94FCBD85EA9AE50F94B8060D9477AEDF
:1010A0000F931F93CF93DF931092DA0384E69FE0B0
:1010B0000F9463BBC82F85E69FE00F9463BBD82FC6
:1010C00086E69FE00F9463BB182F88E69FE00F949D
:1010D00063BB082F0E9439541F920F931F921F93D6
:1010E0008DE499E49F938F931F92DF9383E599E4B6
:1010F0009F938F931F92CF9380E699E49F938F9352
:101100008FE699E49F938F9389EC9BE59F938F9350
:101110000E94E6538DB79EB742960FB6F8949EBFD5
:101120000FBE8DBFDF91CF911F910F910D9477AEC0
:10113000EF92FF920F931F93CF93DF931092DA03F6
:101140000E94395483E09FE00F9471BB0E9450FFCE
:10115000F82EE92E85E09FE00F9471BB0E9450FFAE
:10116000182F092F81E09FE00F9471BB0E9450FF60
:10117000EC018FEF9EE00F9471BB0E9450FFEF9245
:10118000FF920F931F932DE439E43F932F93DF9346
:10119000CF9323E539E43F932F939F938F9380E67A
:1011A00099E49F938F938EE399E49F938F9389ECB7
:1011B0009BE59F938F930E94E6538DB79EB742960F
:1011C0000FB6F8949EBF0FBE8DBFDF91CF911F91D8
:1011D0000F91FF90EF900D9477AE0F931F93CF93E5
:1011E000DF931092DA030E9439548091A3139091F7
:1011F000A4130E9450FF182F092F80ED9EE00F943A
:1012000071BB0E9450FFEC0183ED9EE00F9471BB17
:101210000E9450FF0F931F9324E039E43F932F93D4
:10122000DF93CF9324E139E43F932F939F938F93E0
:1012300083E299E49F938F938EE399E49F938F9336
:101240008CE99BE59F938F930E94E6538DB79EB7E1
:1012500040960FB6F8949EBF0FBE8DBFDF91CF9121
:101260001F910F910D9477AECF93DF931092DA0315
:101270000E9439548FEC9EE00F9463BB90E00E9473
:1012800050FFEC0182ED9EE00F9463BB90E00E9462
:1012900050FFDF93CF9324E139E43F932F939F9343
:1012A0008F9383E299E49F938F938FE699E49F93C2
:1012B0008F938DE79BE59F938F930E94E6538DB7A5
:1012C0009EB70C960FB6F8949EBF0FBE8DBFDF91F0
:1012D000CF910D9477AE0E94395485EE9CE40E9424
:1012E000F8530D9477AE0E94395480EB9CE40E9431
:1012F000F8530D9477AE813021F48BE99AE50C9484
:10130000F85387E99AE5FBCF2F923F924F925F9275
:101310006F927F928F929F92AF92BF92CF92DF9205
:10132000EF92FF920F931F93CF93DF93CDB7DEB76A
:10133000A0970FB6F894DEBF0FBECDBF48E050E0D7
:1013400065EE7FE0CE0141960F9453BB48E050E03C
:101350006DED7FE0CE0109960F9453BB48E050E05D
:1013600065ED7FE0CE0101960F9453BB8D849E8482
:10137000AF84B888E5E5FEE3259135914591549118
:10138000CD80DE80EF80F884E9E5FEE385919591DC
:10139000A591B4918D8F9E8FAF8FB8A38D899E89B3
:1013A000AF89B88D898F9A8FAB8FBC8FC501B4017F
:1013B0000F9430B62B013C012D8D3E8D4F8D58A1E1
:1013C000C701B6010F9430B69B01AC01C301B20155
:1013D0000F948BBC298D3A8D4B8D5C8D0F948BBCFB
:1013E00020E030E040E950E40F948BBC1B018C01FD
:1013F000EDE5FEE32591359145915491E1E6FEE35B
:101400004590559065907490C501B4010F9430B625
:101410004B015C01A3019201C701B6010F9430B6E4
:101420009B01AC01C501B4010F948BBC298D3A8D91
:101430004B8D5C8D0F948BBC20E030E040E950E494
:101440000F948BBCF62EE72ED82EC92E0E9439544D
:101450008EE69BE49F938F9384E79BE49F938F9307
:101460008EE298E39F938F9389E79BE49F938F93FA
:1014700085E59AE59F938F930E94E65362E08BE0A7
:101480000E940D540FB6F894DEBF0FBECDBF20E012
:1014900030E048E453E4622D732D802F912F0F9498
:1014A00014BF87FF57C01F930F933F922F928DE475
:1014B0009AE59F938F930E94E6530F900F900F90A1
:1014C0000F900F900F9063E08BE00E940D5420E08E
:1014D00030E048E453E4D701F6016B2F7E2D8F2FC7
:1014E0009C2D0F9414BF87FF3AC0CF92DF92EF92EA
:1014F000FF928DE49AE59F938F930E94E6530F909D
:101500000F900F900F900F900F900E9457578823C5
:1015100041F020E041E070E060E087E191E00F946D
:1015200047ABA0960FB6F894DEBF0FBECDBFDF91DC
:10153000CF911F910F91FF90EF90DF90CF90BF90D0
:10154000AF909F908F907F906F905F904F903F9063
:101550002F90089585E09BE20E94F853B4CF85E078
:101560009BE20E94F853D1CF86EB99E50C948F5DF6
:10157000AF92BF92CF92DF92EF92FF920F931F93A1
:10158000CF93DF936C010E94C253E601F12CE12C52
:101590006F2D80E00E940D54C6010E9441FF8823F8
:1015A00029F08FEFC81AD80A09F449C0C6010F9470
:1015B00021B98431910510F084E190E0E601C80F73
:1015C000D91FE3E0FE120AC0843141F4FE01849188
:1015D000E12C882319F02297EE24E394FE018491F4
:1015E000882309F440C0CE010E9441FF81113BC015
:1015F000FE01849192ED980F9230A8F18C3299F10E
:1016000096EC980F923078F18F3369F1813259F16D
:101610008E01C016D10658F45801F1E0AF1AB10896
:10162000C5010E9441FF81111DC08501F2CFC01686
:10163000D106C9F0E801F39484E0F812A9CFEE20B6
:10164000F9F048E863E083E10E942D54CE01DF9178
:10165000CF911F910F91FF90EF90DF90CF90BF90AF
:10166000AF900895E801CC16DD0628F7F6018491C5
:101670008A3009F30E948455FFEFCF1ADF0AF3CFB7
:10168000D0E0C0E0E3CF8FEC9AE40F94B80A0D9459
:1016900077AE0E94B05A1092B5030895CF93DF93AE
:1016A00043EB5BE460E080E00E9421544EE258E3AB
:1016B00061E080E00E94215462E080E00E940D54CD
:1016C00085EE9FE00F946BBB9F938F937F936F93F7
:1016D0001F9288E58F93CBE4DEE5DF93CF930E94E2
:1016E000E65363E080E00E940D5489EE9FE00F9482
:1016F0006BBB9F938F937F936F931F9289E58F931B
:10170000DF93CF930E94E6538DB79EB740960FB6F6
:10171000F8949EBF0FBE8DBFDF91CF910D9477AE31
:10172000CF92DF92EF92FF9280E69FE00F946BBB27
:101730006B017C010E9439548EE38F9380E88F9374
:101740001F921F928DE89BE49F938F938DE38F935D
:1017500085EF8F9382EC8F9380E98F9389E99BE4E7
:101760009F938F938EE298E39F938F9385EA9BE4F8
:101770009F938F938AE69AE59F938F930E94E653F7
:1017800060E08FE00E940D548DB79EB742960FB671
:10179000F8949EBF0FBE8DBF20E030E048EC52E4CD
:1017A000C701B6010F9480BD87FF2EC020E030E056
:1017B00044E353E4C701B6010F9430B62BED3FE08C
:1017C00049E450E40F948ABD9F938F937F936F9366
:1017D00083E69AE59F938F930E94E6530F900F90B4
:1017E0000F900F900F900F900E945757882389F009
:1017F00020E041E070E060E085EF92E0FF90EF9044
:10180000DF90CF900D9447AB85E09BE20E94F853A8
:10181000EBCFFF90EF90DF90CF9008952F923F9203
:101820004F925F926F927F929F92AF92BF92CF92B0
:10183000DF92EF92FF920F931F93CF93DF937091FC
:101840005C0E711104C070915D0E772399F0DF91E9
:10185000CF911F910F91FF90EF90DF90CF90BF90AD
:10186000AF909F907F906F905F904F903F902F90A0
:101870000D94E0AD7091A803711109C070918E02B2
:1018800010928E027093A90371E07093A80319015E
:101890006A01C62FD92F982E8091700690917106FB
:1018A000892B09F471C00E94054C80915A0E8F5FFC
:1018B000803109F480E090915B0E981709F464C0C0
:1018C00084E0C89F80011124F801E95BF84F5F01B3
:1018D0006091700670917106072E000C880B990BB1
:1018E0000F94F1B5F50120813181428153810F942C
:1018F0008BBC2B013C01B601DD0C880B990B0F94BE
:10190000F1B56B017C01AC019B01C301B2010F94E5
:1019100080BDF50187FD7DC0408251826282738265
:10192000B101330C880B990B0F94F1B52B013C01DD
:10193000C801895B984F7C01A3019201FC01608181
:101940007181828193810F9414BF18162CF4F701D2
:1019500040825182628273821092710610927006E8
:101960006BE477E087E497E00E94D84FF801E750F6
:10197000FD4F60817181828193810E94094C0F9497
:10198000CF9681E080938F0280918F02882311F19E
:1019900061E080E00E940D5484E0C89FF0011124B2
:1019A000E95BF84F83818F9382818F9381818F933D
:1019B00080818F93DF939F9282E39EE59F938F9325
:1019C0000E94E653EDB7FEB738960FB6F894FEBF07
:1019D0000FBEEDBF8091D503811104C08091A70394
:1019E000882321F08091A90380938E02DF91CF910B
:1019F0001F910F91FF90EF90DF90CF90BF90AF902D
:101A00009F907F906F905F904F903F902F900D949C
:101A100077AEC082D182E282F38282CF2EEF31E0B4
:101A200050E040E060E086E59EE50D940E0C24ED6C
:101A300030E04CEF5FEF61E089E59EE50D940E0C20
:101A400022ED30E050E040E062E08CE59EE50D9450
:101A50000E0C80916206811103C082E00D94C4AD2A
:101A600081E0FCCF5F934F937F936F93282F082ED5
:101A7000000C330B3F938F9382E499E59F938F93F0
:101A80000E94E6532DB73EB7285F3F4F0FB6F8943C
:101A90003EBF0FBE2DBF99E0981B892F0C940354B5
:101AA000CF93DF930E943954C091720ED091730E80
:101AB0006091650E7091660E8091670E9091680E30
:101AC0000F94FCBDAE0182E80F94320D60E08AE015
:101AD0000E940D54C091700ED091710E209781F02C
:101AE0006091F5047091F6048091F7049091F804E8
:101AF0000F94FCBDAE0180E8DF91CF910D94320DC3
:101B00008AE0DF91CF910C9403541092DA030F9482
:101B1000500D4AE35AE461E080E00E94215462E003
:101B200080E00E940D548091A603833071F138F457
:101B3000813050F089E29AE40E94F85305C0853064
:101B400021F1C0F38830B1F30E945757811109C0C9
:101B50008091A6038150823028F5809191178823C7
:101B600009F180916206811113C083E00F94C4AD26
:101B70008091A603823071F0833081F0813091F43E
:101B800061E080E09AE50C941B7186E19AE4D4CF81
:101B900082E0ECCF81E08093A603F2CF61E08DE696
:101BA00094E2F1CF0895CF92DF92EF92FF920F93DC
:101BB0001F93CF93DF931092DA0360915B067091CD
:101BC0005C06072E000C880B990B0F94F1B520E0F2
:101BD00030EC4FE756E40F948ABD20E030E040EA55
:101BE00050E40F9430B627ED30E344E45EE30F9405
:101BF0008ABDEB01182F092F6091590670915A0682
:101C0000072E000C880B990B0F94F1B520E030ECF7
:101C10004FE756E40F948ABD20E030E040EA50E4FC
:101C20000F9430B627ED30E344E45EE30F948ABDB1
:101C3000F62EE72ED82EC92E0E943954CF92DF926D
:101C4000EF92FF920F931F93DF93CF938CE19CE56C
:101C50009F938F930E94E6530F948058BC0190E0AD
:101C600080E00F94EFB520E030EC4FE756E40F949E
:101C70008ABD20E030E040EA50E40F9430B69F93F4
:101C80008F937F936F9388E09CE59F938F930E943F
:101C9000E6538DB79EB740960FB6F8949EBF0FBE21
:101CA0008DBFDF91CF911F910F91FF90EF90DF904B
:101CB000CF900D9477AEEF92FF920F931F93CF9337
:101CC000DF938091A803882329F090918F029230AE
:101CD00009F078C181E08093A8038091E416809395
:101CE000A903882321F08AEA93E00F9420620F94DD
:101CF0001DAB1092190580E8E82E8CE5F82ECFE494
:101D0000DCE50EEA13E080911905843008F07FC10C
:101D100010921C0587EA9BE20F94E3AD84EF9CE5EB
:101D20000F94E3AD87EE9CE50F94E3AD89ED9CE560
:101D30000F94E3AD89EC9CE50F94E3AD84EF99E556
:101D40000F94E3AD82EE99E50F94E3AD81ED99E553
:101D50000F94E3AD8EE298E30F94E3AD8DEB9CE539
:101D60000F94E3AD83EB9CE50F94E3AD89EA9CE52A
:101D70000F94E3AD8EE298E30F94E3AD80E19AE433
:101D80000F94E3AD8EE99CE50F94E3AD8EE298E30A
:101D90000F94E3AD8EE89CE50F94E3AD0F94885863
:101DA0000F94E3AD8EE298E30F94E3AD80919D1321
:101DB000813009F027C182E09AE40F94E3AD89E80D
:101DC0009CE50F94E3AD80911C058150990B209107
:101DD0001B052817190649F580918F02882329F1E0
:101DE0006091190586E00E940D5480919D13813009
:101DF00009F003C180917D1390917E1320917F1390
:101E0000882309F4FAC01F922F931F929F931F9269
:101E10008F93FF92EF920E94E6538DB79EB708967C
:101E20000FB6F8949EBF0FBE8DBF8091A903882383
:101E300009F440C08EE298E30F94E3AD8FE59CE592
:101E40000F94E3AD8DE59CE50F94E3AD80911C0507
:101E50008150990B20911B052817190659F580917F
:101E60008F02882339F16091190582E00E940D5498
:101E70008091AD031F928F938091AC031F928F933B
:101E80008091AB031F928F938091AA031F928F932F
:101E9000DF93CF931F930F930F947ABA8EEA93E058
:101EA0000E9400578DB79EB70C960FB6F8949EBF50
:101EB0000FBE8DBF80915D0690915E06A0915F067A
:101EC000B0916006892B8A2B8B2B09F440C08EE2DF
:101ED00098E30F94E3AD89EE99E40F94E3AD8BE5BD
:101EE0009CE50F94E3AD80911C058150990B2091E6
:101EF0001B052817190659F580918F02882339F19F
:101F00006091190582E00E940D54809160061F9235
:101F10008F9380915F061F928F9380915E061F9230
:101F20008F9380915D061F928F93DF93CF931F93C2
:101F30000F930F947ABA8EEA93E00E9400578DB700
:101F40009EB70C960FB6F8949EBF0FBE8DBF8EE263
:101F500098E30F94E3AD6BE071E088ED99E40F94A2
:101F600096AD65E572E08AEC99E40F9496AD6DEB61
:101F700072E08EEB99E40F9496AD6FE872E082EB1D
:101F800099E40F9496AD6BE871E085EA99E40F94BB
:101F900096AD6DE271E08CE999E40F9496AD69EA33
:101FA00072E085EC99E50F94C0AA0F94F1AA809194
:101FB00019058F5F8093190580911B058F5F8093B2
:101FC0001B05A1CE9091A903992309F490CE4091CD
:101FD000AA035091AB036091AC037091AD03452B04
:101FE000462B472B09F083CE8F5F803119F0809309
:101FF000A8037DCE1092A8037ACE8AEF99E40E94BE
:10200000F85313CF81E79CE50F94E3AD0ECFDF913A
:10201000CF911F910F91FF90EF9008958091A803A9
:10202000811117C00E9440548DE299E40E94F85338
:102030008AE30E94FC5361E08AE00E940D5488EA22
:102040009CE00F946BBB4AE00E94295681E080938C
:10205000A8030D9477AE0E94815510923B0520E0B5
:1020600041E070E060E08BE992E00F9447AB1092A2
:10207000F7031092A603089561E086EF9EE50E94A3
:102080001B710D942B1061E080EF9EE50E941B7187
:102090000D942B1061E08CEE9EE50E941B710D9457
:1020A0002B1061E088EE9EE50E941B710D942B10B1
:1020B0000E9440544EE05CE460E080E00E942154C5
:1020C00080914B0290914C022091700630917106E4
:1020D000820F931F823321E0920750F181E391E058
:1020E00090934C0280934B021092710610927006EE
:1020F00062E081E00E940D5480914C028F938091A8
:102100004B028F9380E79EE59F938F930E94E65347
:102110000E9457570F900F900F900F90882371F0E7
:1021200083E08093690E0F942B1082E00C94D453BB
:102130008A309105A8F68AE090E0D2CF08950F93F7
:102140001F93CF93DF93EC01CB01BA014A81413059
:1021500029F088F0423009F14330D1F48B818111AC
:1021600025C082E08A8363E089E997E50E94A7E9B8
:1021700085E08B830DC0A90198010F9414BF181638
:102180003CF463E0888199810E94A7E981E08A8319
:10219000DF91CF911F910F9108958B81811106C01E
:1021A0008881998123E02A8363E0E0CF8150E1CFE9
:1021B000CF93DF9390911805911121C0C62FD82F8E
:1021C000882311F18DE397E5662311F08BE497E501
:1021D00063E00E94A7E98BE799E60E94685B8AE1C9
:1021E00097E5C11102C088EF96E50E948F5D80E0FF
:1021F0000F946AB38AE5D1118BE50F946AB380E03E
:10220000DF91CF910C94C05D84ED96E5662311F0CB
:1022100084EE96E563E00E94A7E98BE799E60E94C9
:10222000685B8BEB96E5C111E0CF83EA96E5DDCFE5
:1022300082E00E9468739FB7F894E2E0F1E0808149
:10224000846080839FBF2FEF89E698E12150804012
:102250009040E1F700C000009FB7F89480818B7F29
:1022600080839FBF08958091380264ED73E68823D0
:1022700011F068ED73E622E047EE51E08CEF94E553
:102280000D94ACACEF92FF920F931F9388ECE82E65
:10229000F12C07E211E030E020E040E162E77EE06F
:1022A0008DE095E50F946DAB92E3E92EF12C08E7F4
:1022B00010E030E020E040E160E77EE088EF94E568
:1022C0000F946DAB2FE7E22EF12C0FEF10E030E012
:1022D00020E048E065EE73E08EEE94E50F946DAB80
:1022E0001F910F91FF90EF90089586ED9EE00F945F
:1022F00063BB64ED73E6813011F468ED73E622E0B0
:1023000041E651E081EC9AE50F94ACAC8EEC9EE096
:102310000F9463BB22E041E052E068ED73E6813048
:1023200011F064ED73E687EE94E50F94ACAC89EAA6
:102330009DE00F9463BB63EE7DE2882311F060EDB6
:102340007DE222E04DE451E08EED94E50D94ACACDD
:10235000CF92DF92EF92FF920F931F93CF93DF9371
:10236000D82F6B017A01C22F40E2811101C04EE3E8
:1023700063E080E00E942D54C6010E94F85340E2C1
:10238000D13009F44EE363E08C2F0E942D54C70135
:102390000E94F8530115110519F1C8010F9421B9D4
:1023A000D82EC7010F9421B9CE5F93E19D198C0FF0
:1023B000891708F4892F833108F082E140E2D23096
:1023C00009F44EE363E00E942D54C801DF91CF91E0
:1023D0001F910F91FF90EF90DF90CF900C94F853E6
:1023E000DF91CF911F910F91FF90EF90DF90CF90F1
:1023F00008950F930AE030E020E00F94BC680F913D
:10240000089540E0682F87EA9EE40F94F911811146
:1024100002C00D9443100895CF93DF93EC0180E048
:102420000E941A550E944054CE01DF91CF910D9425
:10243000B80ACF92DF92EF92FF9280E090E0A8EC92
:10244000B2E480934F0790935007A0935107B09345
:10245000520765E575E585E591E40F94CF9680ED2B
:1024600097E00E94557686EE9DE40F940C126091E1
:10247000720E7091730E072E000C880B990B0F943F
:10248000F1B59B01AC016091650E7091660E809173
:10249000670E9091680E0F948ABC9F7720E030E021
:1024A00040EA50E40F9414BF1816A4F586EE9DE49C
:1024B0000F940C1264E080E00E940D546091720E43
:1024C0007091730E072E000C880B990B0F94F1B5C9
:1024D00020E030E040E05FE30F948BBC0F94FCBD44
:1024E0006B0120E030E040E05FE36091650E7091A9
:1024F000660E8091670E9091680E0F948BBC0F94BE
:10250000FCBDA60182E80F94320D88EE93E00E9494
:102510005576ADCFFF90EF90DF90CF900895CF929A
:10252000DF92EF92FF920F931F93CF93DF93D82EFA
:10253000C92E01E080919002811101C000E010924B
:1025400090028D2D9C2D0F940C127C010E945257ED
:1025500084E080939702E701209729F449E863E03B
:1025600083E10E942D5414E682E390E00E945576A8
:102570000E945757882381F0209781F482E080934E
:10258000970200939002DF91CF911F910F91FF90DE
:10259000EF90DF90CF900895115031F7E114F104DE
:1025A000D9F2209711F4CD2DDC2DCE010F940C1211
:1025B000EC01D2CF80919D13813061F480E59EE4DF
:1025C0000F948F1284E08093A60361E08AEF9EE56A
:1025D0000C941B7186E09EE40F948F1280E00E94A1
:1025E0001A550E94405446E153E662E080E00E94A2
:1025F000215481E0E8CFAF92BF92CF92DF92EF9269
:10260000FF920F931F93CF93C82F882329F061E087
:102610008FE59FE00F9487BB81E00E94447382E0C6
:10262000E82E8FE5F82E97EDC92ED12C2CE3A22EA3
:10263000B12C0C2F10E01F92CF93FF92EF920F94CA
:1026400025BA0F900F900F900F90CF30A0F7F801A0
:102650008827E25DFC4E8E4F0D9473BCE9009F010C
:102660008D02C30143028D01E302290135011501E9
:102670007B01070101014101410110925E0E8FE5CE
:102680009FE00F9463BB823029F487EE93E50F94AB
:102690008F120DC040E060E084E893E50F94F911DB
:1026A000811107C061E08FE59FE00F9487BBC1E017
:1026B000C0CF60E08FE59FE00F9487BB10E000E0A3
:1026C00080E00E9444731F930F938BEA9AE59F93D7
:1026D0008F930F9425BA0F900F900F900F90CD30DD
:1026E00009F40AC1CE3009F4F4C0C111F6C08DEB73
:1026F00090E5F1C01092D00381E00E9462DDC2E05B
:10270000882309F496CF82E00E9462DDC3E088232B
:1027100009F48FCF84E00E9462DDC4E0882309F4CD
:1027200088CF88E00E9462DDC5E0882309F481CF6C
:1027300080E10E9462DDCDE081117BCFC6E079CFE0
:102740008DE393E50F948F120E9490FB8111AFCF20
:10275000CEE06FCF81E093E50F948F1280E00E946E
:1027600090CBF4CF8BED92E50F948F128FEA92E528
:102770000F948F1281E992E50F948F1281E00E94ED
:1027800090CB882329F360E070E088ED91E40E940B
:102790008E5380919D13813009F489CFD092730EAE
:1027A000C092720E8EE692E50F940C120F941912DD
:1027B00060E070E0CB010E943DF90F94DA121092B4
:1027C000730E1092720E73CF80E392E50F948F1206
:1027D00085E08093690E05E010E072CFD092730E11
:1027E000C092720EB092710EA092700E41E060E045
:1027F0008CE192E50F94F9118823F9F080919D13F3
:10280000C7E0813009F015CFC8E013CF20E041E0E8
:1028100070E060E085E792E00F9447AB8DED91E5C5
:102820000F948F1207E010E04BCF0F9419120F9402
:10283000DA12CBE0FECE0F94DA12CAE0FACE83EFC2
:102840009FE40F948F1280919D13813099F48CE94D
:102850009FE40F948F128EEC9EE40F948F1220E071
:1028600041E070E060E083E392E00F9447AB0AE060
:1028700010E026CF8CE69FE4ECCF83EF9FE40F942B
:102880008F1280919D13813021F48CE99FE40F9485
:102890008F128EEC9EE40F948F1284E08093690E69
:1028A0000BE010E00DCF41E060E08CE891E50F9483
:1028B000F911811105C08EE591E50F948F12BDCFFE
:1028C0008AEF90E5E4CE60E08FE59FE00F9487BB50
:1028D000F7CE80E490E50F948F1281E00E941A55A4
:1028E00082E0CF911F910F91FF90EF90DF90CF90FA
:1028F000BF90AF900C94D4531092D00389E994E622
:102900000E9497EE0F942B1080EA90E5E4CF8FE1C0
:102910000E9462DD811106C08FE10E942ECB80E013
:102920000D94FB1241E060E087E89DE40F94F911FB
:10293000882391F30F942B1081E00E941A5582E0B6
:102940000C94D453CF93C82F10927907179A1092F2
:102950004407169A10924507149A1092710E10921D
:10296000700E682F86EA9FE00F9487BB6C2F8FEA6A
:102970009FE00F9487BBCC2379F08FEA9EE50E94FD
:102980008F5D88E39CE40F948F1281E00E941A55BA
:1029900082E0CF910C94D45384E79EE50E948F5D32
:1029A0008FE19CE4F0CF1F93CF93DF9364E670E058
:1029B0000F942CBCEB0110E04EE263E0812F0E94EB
:1029C0002D54CE010E945576CE010E945576CE013F
:1029D0000E945576CE010E945576CE010E94557612
:1029E0001F5F143149F7DF91CF911F910895109225
:1029F000A6030895CF930F941DAB109219058091F3
:102A00001905843008F0ADC010921C058FE59FE0D9
:102A10000F9463BB81110DC00F94C5A981110F9450
:102A2000F7148091A6038A3089F187EA9BE20F941C
:102A3000E3AD80916B0E882361F16DED70E081E272
:102A40009EE50F94C0AA6BE471E081E19EE50F94CE
:102A5000C0AA8FE59FE00F9463BB81110AC08091EB
:102A6000A603893031F461E372E087E99AE40F94B8
:102A7000C0AA0F94F1AA809119058F5F8093190560
:102A800080911B058F5F80931B05B9CF8BEC9DE276
:102A9000CECF0F946905C82F86EF9DE5CC2311F0AA
:102AA00085E09EE56FE372E00F9496AD8BED9DE5BA
:102AB000CC2311F08AEE9DE567E272E00F9496ADAB
:102AC0008FEB9DE5CC2311F08FEC9DE56DE972E075
:102AD0000F9496AD83EA9DE5CC2311F083EB9DE541
:102AE0006BE672E00F9496AD88E89DE5CC2311F07B
:102AF00087E99DE561E872E00F9496AD8DE69DE56E
:102B0000CC2311F08CE79DE56DED72E00F9496AD4E
:102B100081E59DE5CC2311F081E69DE56BEE72E049
:102B20000F9496AD85E39DE5CC2311F085E49DE5FA
:102B300063EB72E00F9496AD89E19DE5CC2311F033
:102B400089E29DE56BED72E00F9496AD8EEF9CE50A
:102B5000CC2311F08DE09DE567ED71E00F9496AD0B
:102B600078CFCF91089589E08093A6030D94FA144D
:102B700081E00E9403540F94FC509091851393368A
:102B800009F49FEF89130EC086E40E94FC530F9452
:102B9000FC508F3F29F08F5C0E94FC5383E0089526
:102BA0008FE3FACF8F3F89F08F5C0E94FC538EE356
:102BB0000E94FC5380918513833649F08F3F39F092
:102BC0008F5C0E94FC5384E008958FE3EECF8FE387
:102BD000F8CF1F920F920FB60F9211240BB60F92DF
:102BE0002F933F934F935F936F937F938F939F9315
:102BF000AF93BF93EF93FF932091D6008091270569
:102C000090912805E82FF0E0E65DFA4F20838F5F72
:102C100020912605821708F080E0981317C089E2FA
:102C20009BE50F944CBAFF91EF91BF91AF919F91AB
:102C30008F917F916F915F914F913F912F910F9065
:102C40000BBE0F900FBE0F901F9018958093270515
:102C5000EACF1F920F920FB60F9211240BB60F926C
:102C60008F939F93EF93FF939FB7F894E2E0F1E087
:102C700080818B7F80839FBFFF91EF919F918F9188
:102C80000F900BBE0F900FBE0F901F9018951F92C4
:102C90000F920FB60F9211240BB60F928F939F9342
:102CA000EF93FF939FB7F894E2E0F1E080818460B6
:102CB00080839FBFFF91EF919F918F910F900BBEEB
:102CC0000F900FBE0F901F9018956F927F928F926A
:102CD0009F92AF92BF92DF92EF92FF920F931F935A
:102CE000CF93DF93CDB7DEB7E0970FB6F894DEBF92
:102CF0000FBECDBFD82EAE014F5F5F4F60E10E9487
:102D0000795E50E040E060E1CE0101960E9478FFDC
:102D100089E19BE50F944CBA9E012F5F3F4F59010B
:102D200010E000E028E0E22E2BE5F22ED5018D9197
:102D30005D011F928F931F930F93FF92EF920F9459
:102D400025BA0F5F1F4F0F900F900F900F900F90AD
:102D50000F900031110551F7098110E05E01B2E0DA
:102D6000AB0EB11CEE24E394F12CEC0EFD1EE0E161
:102D7000EE0EF11CE0E021E0D5013D915D01622FF6
:102D800070E0C8010F942CBC462F431B361710F07F
:102D9000432F461B832F90E0423008F047C02F5F3F
:102DA000080F191FAE14BF0439F7AE2EB12CA1E1E4
:102DB000B0E0AC0FBD1FAA0DBB1D2C937E01B1E28C
:102DC000EB0EF11CAE0CBF1C622F70E0C8010F941B
:102DD0002CBCD5016C9311E01E0F8EEF9AE50F9479
:102DE0004CBAFE0171963F01570186EE882E8AE5A6
:102DF000982E8A2D8E19811770F5C5018E199F099D
:102E0000D5013D915D01F30121913F011F923F9357
:102E10001F922F939F938F939F928F920F9425BA17
:102E20000FB6F894DEBF0FBECDBFE3CF4E2F50E0FC
:102E3000A1E1B0E0AC0FBD1FA40FB51FEF5F2C9355
:102E400021E230E02C0F3D1F420F531FDA016C933B
:102E50008C0121E0A7CFA701612FCE0141960E94EE
:102E600078FFFE01E10FF11D80A1ED2DF0E0E650AD
:102E7000FB4F80831F928F9384ED9AE59F938F93EE
:102E80000F9425BA0F900F900F900F906091FA0455
:102E90008EEF9EE0DD2021F06091FB048BEF9EE041
:102EA0000F9487BB81E0E0960FB6F894DEBF0FBEAB
:102EB000CDBFDF91CF911F910F91FF90EF90DF90E9
:102EC000BF90AF909F908F907F906F9008958130CA
:102ED00049F028F0823041F0833041F0089581E0DC
:102EE00086B9089582E0FCCF84E0FACF88E0F8CF7D
:102EF0008130D1F048F0823021F1833079F18BE4D8
:102F000090E00197F1F708959FB7662341F0F89498
:102F100080910B01816080930B019FBFF0CFF894EB
:102F200080910B018E7FF7CF9FB7611105C0F89498
:102F300080910B018260EFCFF89480910B018D7F1F
:102F4000EACF9FB7662329F0F89480910B01846043
:102F5000E2CFF89480910B018B7FDDCF9FB7611199
:102F600005C0F89480910B018064D5CFF8948091CE
:102F70000B018F7BD0CFCF92DF92EF92FF920F9316
:102F80001F93CF93DF93182FF62EEA010CE50CBDAB
:102F90001DBC0E94D4FF8F2D0E94EFFF80E00E9495
:102FA000EFFF80E00E94EFFF80E00E94EFFF80E0F3
:102FB0000E94EFFF812F0E94B9FF0CBD1DBC812F25
:102FC0000E94D4FF80E00E94EFFF082F80E00E9463
:102FD000EFFF90E0B0E0A0E0CC24D82EE92EFA2E4E
:102FE00080E00E94EFFFC82AFE2CED2CDC2CCC24C4
:102FF00080E00E94EFFFC82AFE2CED2CDC2CCC24B4
:1030000080E00E94EFFFC82A812F0E94B9FFC8828A
:10301000D982EA82FB82802FDF91CF911F910F919D
:10302000FF90EF90DF90CF900895EF92FF920F9373
:103030001F93CF93DF93C82FE62ED22F132F042F89
:10304000F52E8CE58CBD1DBC8C2F0E94D4FF8E2DDF
:103050000E94EFFF8F2D0E94EFFF802F0E94EFFF55
:10306000812F0E94EFFF8D2F0E94EFFF8C2FDF91A9
:10307000CF911F910F91FF90EF900C94B9FFCF93D8
:10308000DF9300D01F92CDB7DEB719821A821B8260
:103090001C82AE014F5F5F4F6AE60F94BB178981B8
:1030A0009A8193700F900F900F900F90DF91CF91B6
:1030B0000895FF920F931F93CF93DF93F82EEA01A9
:1030C000E82FF0E083E0F89E80011124035A1D4FA1
:1030D000D8018C9130E0377F3F7E3F7D3F7B40E0E1
:1030E00080FB41F94370562F5F7050625F7B5F77C2
:1030F00081E0611101C080E080FB54F9BF01660FDF
:10310000771FFB01E558FD4F2081922F991F9927CA
:10311000991F81818770880F892B80FB27F98695FD
:103120008770387F382B64587D4FFB0180818695EE
:103130008695869580FB37F981FB40F96CEE8F2DE3
:103140000F941518209709F4E80119818A81C12F7D
:10315000811708F4C82F181740F483EA99E60E94F3
:10316000685B8CE199E50E948F5D2C2F2F71312FC8
:103170003F714FE050E060E98F2DDF91CF911F91BB
:103180000F91FF900D941518E82FF0E098E07695D8
:1031900067956115710511F09150F9CFE450FB4F1F
:1031A000908350E040E0692F0D9459180F931F93BE
:1031B000CF93DF93C82F082F10E0F801E450FB4FA6
:1031C00050E040E060810F94591820E030E0A90100
:1031D00061E98C2F0F941518D0916E06C230E1F57D
:1031E00020E030E044E051E06DEE82E00F941518ED
:1031F00024EF31E040E050E0D13019F420E030E03D
:10320000A90164E982E00F94151824E831E040E058
:1032100050E0D13021F424E030E040E050E060E8BC
:1032200082E00F94151828EC34E046E050E060EF9F
:1032300082E00F94151820EF3FEF4FE050E0D130BF
:1032400019F420E030E0A90163E982E0DF91CF9139
:103250001F910F910D941518F801E15EFC4F20812C
:1032600030E050E040E0A9013327222751606DEEA5
:103270008C2F0F94151820E030E0A901D13061F0B7
:103280002EEA31E0C23030F024EF31E0C23011F0EC
:1032900030E020E050E040E064E98C2F0F941518F6
:1032A00020E831E040E050E0D13021F424E030E08B
:1032B00040E050E060E88C2F0F941518000F111FAC
:1032C000000F111FF801E15FFC4F20813181428125
:1032D000538160EF8C2F0F94151820E030E0A90186
:1032E00063E98C2FB3CF1F93CF93DF938091420676
:1032F0001F928F9382ED98E59F938F930F9425BA39
:103300008091420683700F900F900F900F9011F0F4
:103310000F94876410914206112371F0D1E0C0E050
:10332000812F8D2319F08C2F0F94D618CF5FDD0FCE
:10333000C330B1F71092420610921405DF91CF917D
:103340001F910895DF92EF92FF920F931F93CF93F7
:10335000DF9300D0CDB7DEB7D82E1F928F938CEAC3
:1033600098E59F938F930F9425BA8D2D83700F90BE
:103370000F900F900F9011F00F94876410E000E011
:10338000FF24F394E02E8D2D8F2109F446C0809107
:1033900042068F298093420620E030E0A90160E8D0
:1033A000802F0F941518F801E15EFC4F208130E06A
:1033B00050E040E0A901332722276DEE802F0F94C3
:1033C000151882E024EF31E0081711F02EEA31E001
:1033D00050E040E064E98E2D0F941518B801660F97
:1033E000771F600F711F6056774A43E050E0CE01AF
:1033F00001960F94FDB8AE014F5F5F4FF801E450A6
:10340000FB4F60818E2D0F94591820E831E040E089
:1034100050E060E88E2D0F941518FF0C0F5F1F4FC2
:103420000330110509F0AECF0F900F900F90DF9190
:10343000CF911F910F91FF90EF90DF90089589E653
:103440009FE00F9463BB91E0811101C090E09093E5
:103450005C02089589E69FE00E944C5A0D941F1A61
:10346000CF93C82FA09AA29A9FB7F8948091080191
:103470008062809308019FBF9FB7F89480910801F4
:103480008061809308019FBF989A9A9A8091070162
:10349000806280930701809107018061809307011A
:1034A000809107018B7F80930701809107018F77BF
:1034B00080930701809107018F7B809307018091A2
:1034C0000701877F809307019FB7F89480910801D7
:1034D0008460809308019FBF9FB7F8948091080192
:1034E0008068809308019FBF9FB7F894809108017E
:1034F0008064809308019FBF9FB7F8948091080172
:103500008860809308019FBF80E00F94D61881E007
:103510000F94D61882E00F94D61850E040E06091E6
:10352000FF0483E00F94591820E030E0A90161E91D
:1035300083E00F941518C1FD1DC020E831E040E084
:1035400050E060E883E00F9415186091000580E07A
:103550000F94FB646091010581E00F94FB6460911E
:10356000020582E00F94FB646091030583E0CF9134
:103570000D94FB6420E030E043E050E06DEE83E02A
:103580000F94151820E030E0A90164E983E00F945E
:10359000151824E030E040E050E060E883E00F944C
:1035A00015182BE234E542E050E060EF83E00F9421
:1035B000151823E931E040E050E063E983E00F941F
:1035C000151880E898E50E948F5DBFCFDF92EF92DB
:1035D000FF920F931F93CF93DF930F941DAB109225
:1035E000190580911905843008F05CC010921C0503
:1035F0000F94C5A98823E9F0C0E0D5E007EF1EE0ED
:10360000FE0188818E3108F4188221966081C801FC
:103610000F9487BB01501109033F8EE0180781F713
:103620000E941FDEE894D0F880FBD1F88D2D0F9416
:10363000301A8AE59BE20F94E3ADF12CE12C08EC03
:1036400010E02DE130E048E060E075E088EA94E5C4
:103650000F946DAB2DE130E048E061E075E08EE95C
:1036600094E50F946DAB2DE130E048E062E075E049
:1036700084E994E50F946DAB2DE130E048E063E020
:1036800075E08AE894E50F946DAB0F94F1AA8091F0
:1036900019058F5F8093190580911B058F5F8093BB
:1036A0001B059FCFDF91CF911F910F91FF90EF905E
:1036B000DF900895FC0120819281492F50E0211173
:1036C00002C0440F551F8181211101C0880F84174A
:1036D000150631F02CF0892F211102C0880F0895B2
:1036E00008953FB7F89480913E0690913F06A091CF
:1036F0004006B09141062091B200B89B05C02F3F13
:1037000019F00196A11DB11D3FBFBA2FA92F982F07
:103710008827BC01CD01620F711D811D911D42E002
:10372000660F771F881F991F4A95D1F708958F92CA
:103730009F92AF92BF92CF92DF92EF92FF926B0176
:103740007C010F94711B4B015C01C114D104E10495
:10375000F104B9F00F94711B681979098A099B0962
:10376000683E73408105910580F321E0C21AD108BB
:10377000E108F10888EE880E83E0981EA11CB11CB8
:10378000E4CFFF90EF90DF90CF90BF90AF909F90ED
:103790008F9008950F931F93CF93DF93CDB7DEB72C
:1037A00063970FB6F894DEBF0FBECDBF8091A8031C
:1037B00081113AC081E08093A8030E94935D81EA61
:1037C0009DE00F9463BB182F0E94595A8111EAC0E3
:1037D0001092AA031092A90380E10E9462DD811178
:1037E00004C01092AA031092A9036091A9037091DA
:1037F000AA03072E000C880B990B0F94F1B52091AA
:103800007E0630917F0640918006509181060F948C
:103810008ABD6093AB037093AC038093AD03909328
:10382000AE0381E080938F028091700690917106C3
:103830000097F1F12091A9033091AA03280F391FB5
:103840003093AA032093A903213640EF34070CF0EC
:10385000B6C081E690EF9093AA038093A90360918C
:10386000A9037091AA03072E000C880B990B0F94E3
:10387000F1B520917E0630917F06409180065091EF
:1038800081060F948ABD6093AB037093AC03809361
:10389000AD039093AE0362E370E080E090E00F949C
:1038A000971B109271061092700681E080938F0230
:1038B00080918F028823B9F181EA9DE00F9463BB68
:1038C0002BE0829FC0011124BE016F5F7F4F875B99
:1038D000924F0F94DFA90E943954CE0101960E94A5
:1038E000005761E080E00E940D548091AE038F93F9
:1038F0008091AD038F938091AC038F938091AB0344
:103900008F9386EC9BE49F938F931F9280E28F931B
:103910008FE59EE59F938F930E94E6530FB6F89430
:10392000DEBF0FBECDBF8091A703811104C080917F
:10393000D503882351F181EA9DE00F9463BB9BE09E
:10394000899F800111246091A9037091AA03C80185
:10395000805B924F0F94A5BB6091700EC8018E5A88
:10396000924F0F9487BB6091980370919903809157
:103970009A0390919B030F9403BEC8018D5A924FF6
:103980000F9487BB80E10E9483CB0F9477AE639640
:103990000FB6F894DEBF0FBECDBFDF91CF911F9160
:1039A0000F9108952BE0129FC0011124805B924F6C
:1039B0000F9471BB9093AA038093A9030DCF1216A5
:1039C00013062CF41092AA031092A90348CF2FB724
:1039D000F89440916C0650916D06840F951F90935A
:1039E0006D0680936C062FBF3ACF6091650E709183
:1039F000660E8091670E9091680E0F94FCBD209129
:103A00006B0230916C02261737070CF065C080916D
:103A1000700690917106892BB9F10E94054C809136
:103A20005A0E8F5F803109F480E090915B0E9817F9
:103A300059F16091700670917106072E000C880B89
:103A4000990B0F94F1B59B01AC01609153077091F4
:103A5000540780915507909156070F948BBC609343
:103A6000530770935407809355079093560710920D
:103A700071061092700665E575E585ED9FE30F947C
:103A8000CF9681E080938F0280918F02882311F17D
:103A900061E080E00E940D54809156078F938091E1
:103AA00055078F93809154078F93809153078F937D
:103AB00081E49EE59F938F9382E39EE59F938F938E
:103AC0000E94E6538DB79EB708960FB6F8949EBF36
:103AD0000FBE8DBF0D9477AE0E94405447E65BE465
:103AE00060E080E00E94215443E55BE462E080E016
:103AF0000E94215460ED77E080E090E00F94971BE6
:103B00000E9440540D942B102FB7F89460913A0600
:103B100070913B0680913C0690913D062FBF089521
:103B200020E030E040E85FEB60E070E0CB010E9415
:103B3000327286EA99E50E948F5D81E08093E2030C
:103B400080919C03813069F482E080939C030F9400
:103B5000841D609351067093520680935306909390
:103B6000540682E08093690E0D942B10FF920F9300
:103B70001F93CF93DF93FC01F080F11008C0F12C6C
:103B80008F2DDF91CF911F910F91FF9008958B01A1
:103B9000EC010F94841D89819A81080F191F081761
:103BA000190740F06017710718F46817790738F79C
:103BB0001882E6CF60177107C0F7E1CFFC012081C2
:103BC00021110D94B61D81E00895CF93DF93EC0190
:103BD0000F94841D7A83698381E08883DF91CF917C
:103BE00008951F93CF93DF9300D0CDB7DEB7182F82
:103BF00019821B821A82CE0101960F94E51D8091D5
:103C0000BC0087FD0AC06AE070E0CE0101960F9407
:103C1000B61D8823A1F382E009C08091B900887F96
:103C2000181759F084E98093BC0081E00F900F9041
:103C30000F90DF91CF911F91089580E0F7CF1F93F0
:103C4000CF93DF9300D01F92CDB7DEB768EE73E05D
:103C500083E496E00F94DE1D882391F110E0198231
:103C60001A821B821C82AE014F5F5F4F6FE6812F6D
:103C70000F94BB1789819A81AB81BC81B2FF19C0B7
:103C800088E099E50E94685B812F0E944F5B0F944A
:103C900067B310E020E030E041E050E06CEE812FAF
:103CA0000F9415181F5F1430A9F788E099E50E945A
:103CB0001A5E1F5F143099F683E496E00F94E51DB9
:103CC0000F900F900F900F90DF91CF911F9108955B
:103CD0008F929F92AF92BF92CF92DF92EF92FF921C
:103CE0001F93CF93DF93FC01108111110EC010E0E0
:103CF000812FDF91CF911F91FF90EF90DF90CF90B8
:103D0000BF90AF909F908F9008956A017B01EC0166
:103D10000F94841D4B015C0189819A81AB81BC8128
:103D2000C80ED91EEA1EFB1EC816D906EA06FB06F7
:103D300060F08C149D04AE04BF0428F48816990624
:103D4000AA06BB06A0F61882D3CF8C149D04AE043D
:103D5000BF04A0F7CCCF0F931F93CF938091E103C3
:103D6000882309F446C080914A068F5F8E30B0F4F4
:103D700080934A0663E087E00E940D548DE00E9424
:103D80000354C0E080914A06C81758F44EE263E03D
:103D900087E08C0F0E942D54CF5FF4CF10924A061B
:103DA000E9CF8091E1038230C1F040F44CEF58E458
:103DB0008130C1F0CF911F910F910895833081F030
:103DC00049ED58E48430B1F763E080E00E9421546B
:103DD0001092E10310924A06EDCF4EEE58E4F4CF74
:103DE00042EE58E463E080E0CF911F910F910C9474
:103DF000215480917314882361F180917907811196
:103E000028C08091D003823020F580915105811126
:103E100016C080918A14882309F435C08AE894E199
:103E200020916D0E64E1820F911D0E94E856811170
:103E30002DC080916D0E8F5F80936D0EBBCF40E2E1
:103E40005EE460E070E081E595E00F94681E81110A
:103E5000E0CF8091790781111CC0E0917907EA30A9
:103E600008F0A8CFF0E08827E75CF04E8E4F0D9465
:103E700073BCBD015702BD01D3027902A101BD018E
:103E8000BD01E902BD0185E794E1CACF10926D0E34
:103E900091CF80915105882301F30F94841D0091E7
:103EA0005205109153052091540530915505601B22
:103EB000710B820B930B603A7F408105910568F688
:103EC00079CF63E080913B050E940D5480913B05C2
:103ED000C4E16C2F681B90E0845C9A4F0E94E85606
:103EE000C81BC0933B0566CF8091F6038B30F0F082
:103EF00063E080E00E940D5484E10E9403544BEC87
:103F000058E463E080E00E94215485E59BE50E942F
:103F1000F8536091F6036A50770B072E000C880B5C
:103F2000990BCF911F910F910C948E56833031F4E1
:103F300089E994E60E9497EE109279078091F60342
:103F40008450873008F036CF63E080E00E940D5443
:103F500083E10E9403544AEB58E463E080E00E944E
:103F600021548091F60381508093F60323CF64E1BE
:103F70008CE395E00E94E85620914806309149066E
:103F80008091460690914706821793070CF412CF52
:103F90008091F603882309F40DCF63E08AE00E9444
:103FA0000D54809147068F93809146068F938091A0
:103FB00049068F93809148068F938CE49BE59F93ED
:103FC0008F930E94E6530F900F900F900F900F90D9
:103FD0000F90F0CE63E080E00E940D548091F603D4
:103FE0001F928F9381EC98E29F938F938EE39BE5D2
:103FF000E6CF4CEA58E463E080E00E9421548091CF
:10400000F603893708F0D6CE8BE39BE50E94F85380
:104010008091F6030E94845580E2CF911F910F9109
:104020000C9484554DE958E4DDCECF93DF93EC0139
:104030000F94841D69837A838B839C8381E08883BA
:10404000DF91CF910895CF92DF92FF920F931F934C
:10405000CF93DF93CDB7DEB764970FB6F894DEBF8A
:104060000FBECDBF8C01F62E63E877E5CE01019639
:104070000F941AB9B801CE0101960F9406B983E0E6
:104080000E9491E98823E1F0BE016F5F7F4F8CE3CE
:1040900095E00F94C5C16C0181E595E00F94152062
:1040A00083E08093D003109279071092F603CD2815
:1040B00039F060E0CE0101960E9476E90F942B1052
:1040C0008BE799E60E94685B81E0F81649F060E0B2
:1040D00070E0CB010F94F3AE80E897E50E94685B37
:1040E00089E697E50E94685BC8010E94685B8DE5E0
:1040F00097E50E948F5D64960FB6F894DEBF0FBE01
:10410000CDBFDF91CF911F910F91FF90DF90CF90A6
:1041100008951F920F920FB60F9211242F933F9381
:104120008F939F93AF93BF9380913A0690913B06F4
:10413000A0913C06B0913D063091390623E0230F53
:104140002D3758F50196A11DB11D20933906809396
:104150003A0690933B06A0933C06B0933D068091AF
:104160003E0690913F06A0914006B091410601960F
:10417000A11DB11D80933E0690933F06A09340067B
:10418000B0934106BF91AF919F918F913F912F9135
:104190000F900FBE0F901F90189526E8230F0296E0
:1041A000A11DB11DD2CF2F923F924F925F926F927D
:1041B0007F928F929F92AF92BF92CF92DF92EF92B7
:1041C000FF920F931F93CF93DF9300D000D01F92E5
:1041D000CDB7DEB79C838B830D8326013701FB01AE
:1041E00020833183428353832091C9123091CA12B4
:1041F0004091CB125091CC1261E77DE38AE89EE3B7
:104200000F948ABD6093201370932113809322131F
:104210009093231321E73DE34AE85EE3609117138F
:10422000709118138091191390911A130F9430B64E
:104230006093241370932513809326139093271370
:1042400021E73DE34AE85EE360911B1370911C1384
:1042500080911D1390911E130F9430B66093281314
:104260007093291380932A1390932B138091D1126A
:104270009091D2126EE071E00F942CBC6093B31257
:10428000E3E9F2E180E090E0A0ECBFE78193919355
:10429000A193B19322E1E33BF207C1F71092B4126C
:1042A0001092B5121092B6121092B7121092B81264
:1042B0008093B9129093BA12A093BB12B093BC1220
:1042C00080911F138E7F80931F138AE797E09F834F
:1042D0008E83E1E0F0E0FA83E983312C212C812CFC
:1042E000912C540129813A818B819C8128173907AF
:1042F000C8F5EE81FF812581368147815085830194
:1043000072016D8181850E9432C0C090B512D0903B
:10431000B612E090B712F090B812A7019601C7014B
:10432000B6010F9499C0811111C0A7019601C70170
:10433000B6010F9430B69B01AC01C501B4010F94D6
:104340008BBC4B015C01FFEF2F1A3F0A29813A8198
:104350002F5F3F4F3A8329838E819F8105969F83EC
:104360008E83C0CF60E070E080EC9FE721143104C1
:1043700059F0B10190E080E00F94EFB59B01AC01E2
:10438000C501B4010F948ABD27960FB6F894DEBF1D
:104390000FBECDBFDF91CF911F910F91FF90EF9096
:1043A000DF90CF90BF90AF909F908F907F906F9055
:1043B0005F904F903F902F900895CF93C82F0E9409
:1043C0005058C093E503C093AA04CF910895CF92AB
:1043D000DF92EF92FF920F931F93CF93DF9383EAC5
:1043E00099E60E94685B88E298E50E948F5DC3EDC4
:1043F000D2E110E000E083EAE82E89E6F82E94E1AD
:10440000C92E98E5D92E888199812A813B812496ED
:104410003F932F939F938F931F930F93FF92EF924E
:10442000DF92CF920F9425BA0F5F1F4F8DB79EB7C3
:104430000A960FB6F8949EBF0FBE8DBF00311105CE
:1044400011F7809116138F93809115138F9380919C
:1044500014138F93809113138F9380911A138F935A
:10446000809119138F93809118138F938091171354
:104470008F9380911E138F9380911D138F93809142
:104480001C138F9380911B138F9380913D021F9279
:104490008F93809124051F928F938091D2128F93D6
:1044A0008091D1128F938091D0128F938091CF12EF
:1044B0008F938091CE128F938091CD128F938091A4
:1044C000CC128F938091CB128F938091CA128F93CD
:1044D0008091C9128F938091C8128F938091C712D7
:1044E0008F938091C6128F938091C5128F93809184
:1044F000C4128F938091C3128F938091C2128F93B5
:104500008091C1128F938091C0128F938091BF12BE
:104510008F938091BE128F938091BD128F93FF92E3
:10452000EF928EEC97E59F938F930F9425BA8DB7FA
:104530009EB78A960FB6F8949EBF0FBE8DBFDF91CF
:10454000CF911F910F91FF90EF90DF90CF90089542
:1045500089579F4F6EE071E00F942CBC6115710577
:1045600099F06930710510F068E070E02EE031E0FC
:10457000629FC001639F900D729F900D11249093D4
:10458000D2128093D112089561E070E0EFCFCF9303
:10459000DF9320E030E0A9016091BD127091BE125E
:1045A0008091BF129091C0120F9414BF18160CF096
:1045B00054C06091C1127091C2128091C312909147
:1045C000C4129B01AC010F9499C0811146C0609147
:1045D000C5127091C6128091C7129091C8129B01AA
:1045E000AC010F9499C0811138C020E030E0A901DE
:1045F0006091C9127091CA128091CB129091CC1225
:104600000F9414BF18164CF56091CD127091CE1214
:104610008091CF129091D0129B01AC010F9499C060
:1046200081111BC08091D1129091D212892BA9F0D7
:10463000C3EDD2E1699179918991999120E030E0BF
:10464000A9010F9414BF87FD08C083E1C331D807C7
:1046500089F781E0DF91CF91089580E0FBCF0F943F
:10466000C722811102C01092240581E080931F139C
:10467000809138068D7F809338060895CF931092ED
:10468000730E1092720E1092710E1092700ECFB7C0
:10469000F8940F94B8020E94F5FF759810926F0677
:1046A000CFBFCF9108950F943E231092E5030D9450
:1046B0002B101F93CF93DF93C82F162FD42F8091E9
:1046C000220580FD18C080915E0E811114C080917A
:1046D000700E8093B105E62FF0E0EE0FFF1FEE584D
:1046E000F14F808191819093B0058093AF058091C7
:1046F000E5038093AE050F943E238091C30482604E
:104700008093C3040E94505883E00E945E598091B8
:1047100001018860809301018FEF8093AA04809348
:10472000E5038091220580FF07C0809122058295D4
:1047300086958770D817C0F4C370CC0FCC0F8091CA
:104740002205837F8C2B809322058091220510FB0C
:1047500084F980932205D295DD0FD07E4091220509
:104760004F714D2B409322058091220581608093EB
:10477000220580912205826080932205DF91CF91EE
:104780001F910895209108063091090680915202E8
:1047900090915302281739072CF041E060E081E046
:1047A0000D945923089520910A0630910B068091AB
:1047B000540290915502281739072CF041E060E02F
:1047C00080E00D94592308952F923F924F925F926B
:1047D0006F927F928F929F92AF92BF92CF92DF9211
:1047E000EF92FF920F931F93CF93DF93CDB7DEB776
:1047F0002C970FB6F894DEBF0FBECDBF282E49838D
:104800005A836B837C83280139013A2C0F94841DD1
:10481000022D10E09801220F331F220F331F3C8717
:104820002B87F901E453FA4F80809180A280B380F6
:10483000681979098A099B09613D774081059105CD
:1048400008F4EAC0332009F475C088E691E09A873D
:10485000898780E090E0A0EAB0E48D839E83AF83F7
:10486000B8870F94841DEB85FC85E453FA4F608371
:1048700071838283938320E030E0A901C701B601F0
:104880000F9480BD811107C0F801EE0FFF1FE853A0
:10489000FA4F11821082AB85BC85A054BA4F5D01DE
:1048A00029813A814B815C816D917D918D919C91A3
:1048B0000F9480BD882309F491C020E030E0A90165
:1048C00069817A818B819C810F9414BFF801E25435
:1048D000FA4F1816C4F581E0808389819A81AB81F3
:1048E000BC81F50180839183A283B383EB85FC8532
:1048F000EA54FA4F4082518262827382F801EC548A
:10490000FA4F1082A3019201BC01CD010F9414BF94
:1049100018161CF5F801EC54FA4F80818F5F8083E4
:104920003110C7C08930C8F0812C912CA12C50E4E3
:10493000B52EE8C0ADE2B0E0BA87A98780E090E08C
:10494000A0E7B1E48ACF108289819A81AB81BC81D2
:10495000F50180839183A283B3832D813E814F81B2
:10496000588569817A818B819C810F948ABCA301CF
:1049700092010F9480BD87FF46C0F801E254FA4FC0
:104980008081813049F482E08083F801EE0FFF1FBF
:10499000E853FA4F1182108220E030E0A901C701EC
:1049A000B6010F9414BF1816BCF529813A814B81CA
:1049B0005C816D817E818F8198850F948BBCA30172
:1049C00092010F9414BF18160CF03FC0000F111F76
:1049D000F801E853FA4F118210821EC0A301920120
:1049E00069817A818B819C810F9414BF18160CF019
:1049F000B4CFF801E254FA4F8081813009F0ADCF95
:104A000089CF108297C020E030E0A901C701B6012C
:104A10000F9414BF1816CCF02C960FB6F894DEBF86
:104A20000FBECDBFDF91CF911F910F91FF90EF90FF
:104A3000DF90CF90BF90AF909F908F907F906F90BE
:104A40005F904F903F902F900895F801E254FA4FF5
:104A50008081823008F3000F111FF801E853FA4FEC
:104A600080819181019691838083880F991FE985C8
:104A7000FA85E817F90780F643E0622D832D2C961E
:104A80000FB6F894DEBF0FBECDBFDF91CF911F915F
:104A90000F91FF90EF90DF90CF90BF90AF909F90DD
:104AA0008F907F906F905F904F903F902F900D94DC
:104AB0005923813108F451CF20E030E044EB52E437
:104AC000C301B2010F9414BF812C912CE0E4AE2EEF
:104AD000BA2C18162CF4812C912CA12C70E4B72E32
:104AE00020E030E042ED52E4C301B2010F9414BF64
:104AF000181644F46AE9862E69E9962E69E1A62E15
:104B00006FE3B62EEB85FC85EA54FA4F20813181A4
:104B100042815381C301B2010F948ABCA501940163
:104B20000F9480BDF801EE54FA4F87FF6ACF808161
:104B30008F5F8083808190E0311004C006974CF035
:104B400080E003C004972CF081E042E0622D0F94D6
:104B500059232B853C852A543A4FD9014D925D92B9
:104B60006D927C921397F801EC54FA4F1082F5CEB7
:104B7000FC019FB7F8948081882329F0809173000D
:104B80008260809373009FBF0895DC012FB7F89473
:104B9000E3E7F0E09081969591709C9380818D7F02
:104BA00080832FBF0895CF93DF931F92CDB7DEB7D9
:104BB000CE0101960F94C52580E090E0A8E1B2E413
:104BC0008093BD129093BE12A093BF12B093C012F7
:104BD0001092C1121092C2121092C3121092C412FB
:104BE00080E090E0A0E8BFE38093C5129093C612E6
:104BF000A093C712B093C8128AE999E9A1E4B1E47D
:104C00008093C9129093CA12A093CB12B093CC1286
:104C100088EB9EE1A5E8BDE38093CD129093CE1280
:104C2000A093CF12B093D01280E798E09093D21265
:104C30008093D11280E498E5A3EDB2E1FC014591A7
:104C40005591659174914D935D936D937D93049609
:104C500023E1A331B20791F780E090E0A0EEB0EC41
:104C60008093131390931413A0931513B0931613FA
:104C70008AE999E9A9E9BFE3809317139093181380
:104C8000A0931913B0931A1382E598EBAEEDBFE32E
:104C900080931B1390931C13A0931D13B0931E13AA
:104CA00081E080933D028093240580931F138091BF
:104CB00038068D7F80933806CE0101960F94B82573
:104CC0000F90DF91CF9108951F93CF93DF931F92A1
:104CD000CDB7DEB7182FCE0101960F94C5251093DE
:104CE00024050F942F23CE0101960F94B82511238C
:104CF00041F080912405811104C088EA97E50E9463
:104D00008F5D0F90DF91CF911F9108951F93CF93E7
:104D1000DF931F92CDB7DEB7182FCE0101960F9407
:104D2000C5251093240581E080931F13E8E3F6E086
:104D300080818D7F8083CE0101960F94B8250F90DE
:104D4000DF91CF911F910895CF93DF931F92CDB73D
:104D5000DEB7CE0101960F94C52580911E05909176
:104D60001F05A0912005B09121058093650E9093B9
:104D7000660EA093670EB093680E8091180690910E
:104D80001906A0911A06B0911B068093F504909322
:104D9000F604A093F704B093F80480910206909172
:104DA0000306A0910406B0910506809398039093A2
:104DB0009903A0939A03B0939B0380911F0690914F
:104DC0002006A0912106B09122068093550690936B
:104DD0005606A0935706B09358068091220581117C
:104DE00002C00F94B80210920106CE0101960F94F2
:104DF000B8250F90DF91CF9108951F920F920FB6B3
:104E00000F9211240BB60F92FF920F931F932F93C3
:104E10003F934F935F936F937F938F939F93AF9342
:104E2000BF93CF93DF93EF93FF93809170008B7FBD
:104E30008093700078948091000186FDC8C068EC72
:104E400070E082EE95E00F94DE1D8823B9F082EECB
:104E500095E00F94E51D8DED95E00F941520809160
:104E6000DC058111A5C08091DB058111A1C088ED11
:104E700095E00F94E51D81E08093DC0580910301AE
:104E800082FB882780F991E089279091030191FFA7
:104E90008260E091D505E817E1F024E0E29FF0019F
:104EA0001124E82BE757F84AE4919091D405E90FD3
:104EB000E093D4050E2E000CFF0BF7FF03C0F19515
:104EC000E195F10934971CF091E09093D605809319
:104ED000D50580917A02811108C080911D058093CB
:104EE000E705882309F487C0759A80917A028F704C
:104EF000A9F48091AA0490E024E0959587952A95DD
:104F0000E1F78093A904892B09F477C09FB7F8943F
:104F1000809102018860809302019FBF9091E70514
:104F200080917A02981708F4759880917A028F70B0
:104F30009091A904981740F49FB7F89480910201CA
:104F4000877F809302019FBF80917A028F5F8F7766
:104F500080937A0210E000E0E801CC0FDD1FC85911
:104F6000D94F88819981181619060CF04CC0FFB6EC
:104F7000F89461E0802F0F94C9028881998101978C
:104F800099838883FFBE0F5F1F4F0330110521F700
:104F90008091411890914218A0914318B091441803
:104FA000823A924AA105B105D9F181E00E949A4C5A
:104FB00068EE73E088ED95E00F94B61D882309F440
:104FC0005DCF81E08093DB058093D70557CF80913B
:104FD000DC05882309F452CF1092DC058091DB05B3
:104FE000811103C081E08093A70381E08093D605FF
:104FF0001092DB0543CF759878CF9FB7F8948091D6
:105000000201877F88CF892B09F4BDCFFFB6F894C2
:1050100060E0802F0F94C902888199810196B0CFFA
:105020009CB18091E50596FB992790F9981791F02E
:1050300090913A05992351F02091BF043091C0041A
:105040002F5F3F4F3093C0042093BF0491E0892726
:105050008093E505F89480917000846080937000DF
:10506000FF91EF91DF91CF91BF91AF919F918F9180
:105070007F916F915F914F913F912F911F910F9170
:10508000FF900F900BBE0F900FBE0F901F901895C2
:105090004F925F926F927F92AF92BF92CF92DF92C8
:1050A000EF92FF920F931F93CF93DF9324E030E0B2
:1050B00041E050E0D901A55EB94AFD0165917491C6
:1050C000861797070CF066C041505109440F551FD1
:1050D000440F551FEA01C35ED94AFE0105911491A0
:1050E000455E594AFA0165917491F901E35EF94A06
:1050F000E590F490FE01C590D490FD01C591D49146
:10510000FA01A590B490861B970BBC01990F880BF0
:10511000990B0F94F1B52B013C01B7016C197D0976
:10512000072E000C880B990B0F94F1B59B01AC0175
:10513000C301B2010F9430B66B017C01BE016A1944
:105140007B09072E000C880B990B0F94F1B59B017E
:10515000AC01C701B6010F948ABD6B017C01B80197
:10516000110F880B990B0F94F1B59B01AC01C7018E
:10517000B6010F948BBCDF91CF911F910F91FF90DF
:10518000EF90DF90CF90BF90AF907F906F905F9047
:105190004F9008954F5F5F4F2C5F3F4F2838310588
:1051A00009F088CFE1EAF6E565917491072E000CCD
:1051B000880B990B0F94F1B5DECF4F925F926F92EF
:1051C0007F92AF92BF92CF92DF92EF92FF920F93B6
:1051D0001F93CF93DF9324E030E041E050E0D9010A
:1051E000A95DBA4AFD0165917491861797070CF085
:1051F00080C041505109440F551F440F551F8A016B
:10520000075D1A4AF801C590D490495D5A4AFA01DF
:1052100065917491F901E75DFA4AC591D491F8015D
:1052200005911491FD01E590F490FA01A590B490D8
:10523000861B970BBC01990F880B990B0F94F1B546
:105240002B013C01BE01601B710B072E000C880B6B
:10525000990B0F94F1B59B01AC01C301B2010F94FE
:1052600030B62B013C01B7016A197B09072E000CEF
:10527000880B990B0F94F1B59B01AC01C301B201EE
:105280000F948ABD2B013C01B601DD0C880B990BF4
:105290000F94F1B59B01AC01C301B2010F948BBC1B
:1052A0006B017C0120E030E040E252E4C701B6012E
:1052B0000F9414BF87FD30C020E030E048E452E492
:1052C000C701B6010F9480BD181634F120E030E01C
:1052D00040E252E4C701B6010F948ABC20E030E0FE
:1052E00040E05FE30F9430B69B01AC01C701B6010B
:1052F00043C04F5F5F4F2C5F3F4F243F310509F0A4
:105300006ECFE9E1F6E565917491072E000C880BEC
:10531000990B0F94F1B5C4CF20E030E048E452E49B
:10532000C701B6010F9414BF1816DCF520E030E079
:1053300048EC52E4C701B6010F9480BD18168CF1F9
:1053400020E030E040EA50E4C701B6010F948BBC86
:105350002B013C0120E030E048E452E4C701B601F3
:105360000F948ABC2DEC3CEC4CEC5DE30F9430B612
:105370009B01AC01C301B2010F948BBC6B017C019A
:10538000C701B601DF91CF911F910F91FF90EF9070
:10539000DF90CF90BF90AF907F906F905F904F90D5
:1053A000089520E030E048EC52E4C701B6010F94C4
:1053B00014BF18162CF720E030E040E251E496CFFD
:1053C0004F925F926F927F92AF92CF92DF92EF9265
:1053D000FF920F931F93CF93DF9380910A069091D2
:1053E0000B060E940EBF60931E0570931F058093ED
:1053F0002005909321056090080670900906C3016E
:105400000F94DD286B017C01C0921806D09219061A
:10541000E0921A06F0921B0680910606909107060C
:105420000F94DD28609302067093030680930406B0
:1054300090930506C0911406D0911506CE010F94E5
:10544000482860931F06709320068093210690934E
:10545000220681E080930106809122058D7F809352
:10546000220520910A0630910B068091A5049091A7
:10547000A604821793072CF040E060E080E00F94D0
:1054800059238091A3049091A404861597052CF0CC
:1054900040E060E081E00F9459238091A104909155
:1054A000A2048C179D072CF040E060E082E00F948E
:1054B00059238091500290915102C817D9072CF0BE
:1054C00041E060E082E00F945923C13ADE430CF4DE
:1054D000CDC16091A7047091A80480911D069091A0
:1054E0001E06681779070CF055C0C0911306C1114C
:1054F00018C06B5F7F4F072E000C880B990B0F9421
:10550000F1B59B01AC01C1E060911E0570911F05D2
:1055100080912005909121050F9414BF18160CF06E
:10552000C0E0C093130668E97AE380E196E00F9447
:10553000DE1D811102C0CC2329F081E08093130687
:105540000F94D32380911606909117060B974CF178
:10555000C0910F06C1110CC0C1E020E030E040E76F
:1055600051E4C701B6010F9414BF18160CF0C0E047
:10557000C0930F0660E573EC8CE096E00F94DE1D9F
:10558000811102C0CC2399F081E080930F060F9423
:10559000C2230DC080E196E00F94E51D1092130622
:1055A000D1CF8CE096E00F94E51D10920F0660912C
:1055B0001D0570E090E080E00F94EFB56B017C0179
:1055C00040901E0550901F056090200570902105A9
:1055D00060911D0670911E06072E000C880B990B1A
:1055E0000F94F1B5AB01BC01A12C9301820181E0C4
:1055F0000F94E42360911C0670E090E080E00F942B
:10560000EFB56B017C014090180650901906609030
:105610001A0670901B066091160670911706072EE9
:10562000000C880B990B0F94F1B5AB01BC01AA24B7
:10563000A3949301820180E00F94E42380912405D8
:10564000882309F4BCC0C0911D05D091A9044090E5
:105650001E0550901F056090200570902105C09098
:105660001F06D0902006E0902106F090220680913F
:105670001F1380FF72C02091C9123091CA1240914D
:10568000CB125091CC1261E77DE38AE89EE30F9440
:105690008ABD6093201370932113809322139093FB
:1056A000231321E73DE34AE85EE36091171370910D
:1056B00018138091191390911A130F9430B66093B8
:1056C000241370932513809326139093271321E7B7
:1056D0003DE34AE85EE360911B1370911C138091D7
:1056E0001D1390911E130F9430B66093281370937E
:1056F000291380932A1390932B138091D1129091A8
:10570000D2126EE071E00F942CBC6093B312E3E907
:10571000F2E183EB92E140E050E060EC7FE74193FF
:105720005193619371938E179F07C9F71092B4122A
:105730001092B5121092B6121092B7121092B812BF
:105740004093B9125093BA126093BB127093BC127B
:1057500080911F138E7F80931F1387017601A30111
:1057600092016D2F8C2F0E9432C080911F1381FFF8
:1057700005C044E060E080E00F94592390911F132E
:105780008091380692FB81F9809338068091380623
:1057900081FF15C080913806816080933806809122
:1057A000B5129091B612A091B712B091B812809331
:1057B000340690933506A0933606B0933706809151
:1057C0003306882309F43FC00F94841DC09023063C
:1057D000D0902406E0902506F090260660932306DC
:1057E0007093240680932506909326062091280620
:1057F0002F5F209328066C196E50609327068091C6
:105800001D058093290680911E0590911F05A0918A
:105810002005B091210580932A0690932B06A09332
:105820002C06B0932D0680911F0690912006A09122
:105830002106B091220680932E0690932F06A09306
:105840003006B093310680913E02882391F0DF91BB
:10585000CF911F910F91FF90EF90DF90CF90AF907D
:105860007F906F905F904F900C94F5FF0F94D3232F
:105870008ECEDF91CF911F910F91FF90EF90DF902F
:10588000CF90AF907F906F905F904F9008951F9250
:105890000F920FB60F9211240BB60F922F933F93D6
:1058A0004F935F936F937F938F939F93AF93BF9328
:1058B000EF93FF9380912305882391F010922305A5
:1058C0000E945277809173008D7F8093730078944B
:1058D0000F94E029F89480917300826080937300A4
:1058E000FF91EF91BF91AF919F918F917F916F91B8
:1058F0005F914F913F912F910F900BBE0F900FBE74
:105900000F901F9018956F927F928F929F92AF92F7
:10591000BF92CF92DF92EF92FF920F931F93CF939C
:10592000DF931F92CDB7DEB7A8958091010688233B
:1059300009F4B9C00F94A4268091380680FF4FC0A7
:105940001091171300911813B0901913A0901A1307
:10595000CE0101960F94C525C0903406D09035062F
:10596000E0903606F0903706CE0101960F94B825E8
:10597000AF92BF920F931F9321E73DE34AE85EE3A6
:10598000C701B6010F948ABD9F938F937F936F9346
:1059900084E195E59F938F930F9425BA90913806F3
:1059A0000FB6F894DEBF0FBECDBF80913D0291FFD0
:1059B00091C090917902992309F485C0882369F0F8
:1059C00061E08DE898E40E94A7E99FB7F894809180
:1059D00002018460809302019FBF1092790280913E
:1059E0002205882389F0809122058295869587700B
:1059F000843008F082C0823008F025C1882309F481
:105A0000F9C0813009F494C00E94C96980913306BD
:105A1000882309F448C080912806709032068715C3
:105A200009F441C0CE0101960F94C52500912706C7
:105A30001091280660902906C0902A06D0902B0667
:105A4000E0902C06F0902D0680902E0690902F0668
:105A5000A0903006B0903106CE0101960F94B82583
:105A600010933206BF92AF929F928F92FF92EF9265
:105A7000DF92CF921F926F92802F000F990B0196A9
:105A80009F938F93812F87198150990B9F938F93A9
:105A900080E198E49F938F930F9425BA0FB6F89402
:105AA000DEBF0FBECDBF0F90DF91CF911F910F9141
:105AB000FF90EF90DF90CF90BF90AF909F908F902E
:105AC0007F906F900895882309F489CF84E08093B4
:105AD000000185CF909138069E7F909338068823E9
:105AE00041F09FB7F894809102018B7F809302016F
:105AF0009FBF81E08093790272CF843009F084CF18
:105B00008091220581FFBCC080911805811104C0DD
:105B100088E798E40E948F5D81E00E94C05D9FB796
:105B2000F894809102018460809302019FBF6CCF42
:105B3000809122058695869583708130F1F158F029
:105B4000823009F061CF80911805811117C061E0A2
:105B50008AE398E43DC08091220581FF13C06091E3
:105B600022056295617080911805811107C086E257
:105B700098E40F9423208CE50F946AB380E00E9490
:105B8000C05D42CF6091A7047091A8046B5F7F4F06
:105B9000072E000C880B990B0F94F1B58B019C011B
:105BA0004091650E5091660E6091670E7091680E7F
:105BB00085E792E00F949F1027CF8091220581FF07
:105BC0000AC0809118058111D9CF61E08EE298E476
:105BD0000F942320D3CF4091F5045091F6046091A7
:105BE000F7047091F80400E010E020E731E481E769
:105BF00092E0E0CF80912205869586958370813072
:105C0000D1F058F0823009F0FFCE80911805811153
:105C1000B5CF61E08AE598E4DBCF6091220562951B
:105C20006170809118058111A9CF86E498E40F94E2
:105C300023208DE5A1CF8091180581119FCF61E0D0
:105C40008EE498E4C5CF8091220586958695837071
:105C5000823008F0D9CE8091220586958695837092
:105C60009091220592959695977061E0813009F0A8
:105C700060E081E0923009F080E00F94D810C4CE4B
:105C8000109222059FB7F894809102018B7F809338
:105C900002019FBF8091700E9091710E892B39F493
:105CA0008091B10590E09093710E8093700E86E61E
:105CB00098E40E948F5DA8CE4F925F926F927F9280
:105CC0008F929F92AF92BF92CF92DF92EF92FF920C
:105CD0006C010F94841D28EE33E040E050E00F94F7
:105CE000D6BB29013A010E94525784E08093970263
:105CF000F12CE12C0F94832C81E00E94AA730F9465
:105D0000841D28EE33E040E050E00F94D6BB4901FB
:105D10005A0184189508A608B7080E9457578111A0
:105D200007C0C814D904EA04FB0420F781E007C0C7
:105D300081E0C814D904EA04FB0408F080E092E092
:105D40009093970291E08927FF90EF90DF90CF909A
:105D5000BF90AF909F908F907F906F905F904F908B
:105D600008950F94832C0E946A690E946C5D0E94C2
:105D7000C96980E00C94D4536091720E7091730ED7
:105D800065507109072E000C880B990B0F94F1B523
:105D90009B01AC016091650E7091660E8091670E5B
:105DA0009091680E0F9480BD87FF07C080912205F7
:105DB000811103C00F94B12EDFCF0895CF92DF92EF
:105DC000EF92FF927C010F94841D9B01AC012E0D7C
:105DD0003F1D411D511D69017A010F94841D6C15F1
:105DE0007D058E059F0538F480912205811103C041
:105DF0000F94B12EF2CFFF90EF90DF90CF900895E7
:105E00002091DE063091DF064091E0065091E106D8
:105E100060E070E08FE793E40F948ABD6093B30471
:105E20007093B4048093B5049093B6042091EA066D
:105E30003091EB064091EC065091ED0660E070E089
:105E40008FE793E40F948ABD6093AB047093AC0426
:105E50008093AD049093AE0408952F923F924F9299
:105E60005F926F927F928F929F92AF92BF92CF92EA
:105E7000DF92EF92FF920F931F93CF93DF93CDB7F3
:105E8000DEB7E0970FB6F894DEBF0FBECDBF6A87CE
:105E90007B878C879D871A013AA729A70F943E23F9
:105EA00010923E0229A53AA5309347062093460654
:105EB00010924906109248060F94841D6E837F83CA
:105EC0008887998737FEFFC03DE23F8F0F94841D7E
:105ED0006CA37DA38EA39FA386EE97E412141304F4
:105EE0000CF48AC283ED97E40E948F5D6A857B85FE
:105EF0008C859D850F94FCBD2FE72114310409F496
:105F0000E5C020931C067093710E6093700E8E8115
:105F10009F81A885B9858E879F87A88BB98B88A319
:105F200099A3AAA3BBA31A8A90E49B8BACE1AC8B88
:105F3000B6E4BD8B1E8A1F8A188E198E6FE7C62E97
:105F4000D12CE12CF12C00E010E018AA1FA61D8234
:105F50002FE730E040E050E029833A834B835C83B5
:105F60001B8E1C8E1D8E1E8E31E03A8FA89540919F
:105F7000010648A7442309F42CC20F94A426211437
:105F8000310409F0AAC00091650E1091660E50917F
:105F9000670E58AB8091680E8FA72E893F89488D78
:105FA000598DB80188A99FA50F9480BD87FD06C0B3
:105FB0000E8B1F8BB8A9B88F2FA5298F2A893B89F3
:105FC0004C895D89B80188A99FA50F9414BF181644
:105FD00034F00A8B1B8B38A93C8B4FA54D8B0F944B
:105FE000841D2CA13DA14EA15FA1621B730B840BEC
:105FF000950B653C79408105910540F00E94BF59A1
:106000000F94841D6CA37DA38EA39FA34A8D44236C
:1060100009F44CC02A853B854C855D85B80188A96B
:106020009FA50F9414BF18160CF0D3C10F94841DB4
:106030002E853F8548895989621B730B840B950B0C
:10604000693873418105910508F4C3C1D701C601C0
:1060500029813A814B815C81821B930BA40BB50B88
:10606000B595A795979587952114310409F440C0FB
:1060700080931C060F94841D6E837F838887998785
:10608000DC01CB012E853F8548895989821B930B02
:10609000A40BB50B8B8F9C8FAD8FBE8F3A853E8B3B
:1060A0004B854F8B5C85588F8D85898F2A853B85E5
:1060B0004C855D85B80188A99FA50F9480BD87FD9B
:1060C0001AC01A8E86C14AE04F8F00CF20931D055B
:1060D0007093730E6093720E1ACF0091F5041091B5
:1060E000F6049091F70498ABA091F804AFA755CFB0
:1060F00080931D05BFCF0F94841D2E813F8148855D
:106100005985621B730B840B950B693873418105AC
:106110009105B8F20F94841D6E877F87888B998BC9
:106120008091480690914906181619060CF02CC16A
:106130008E859F85A889B9892E813F81488559859B
:10614000821B930BA40BB50B4B8C5C8C6D8C7E8CE3
:10615000480E591E6A1E7B1E2B8D3C8D4D8D5E8D0B
:10616000281B390B4A0B5B0B69817A818B819C81DF
:106170000F94C6BBA30192010F9454BCDA01C9016C
:106180008C0D9D1DAE1DBF1D84319105A105B1056E
:106190000CF43CC16C017D013CEEC316D104E1045A
:1061A000F1042CF04BEEC42ED12CE12CF12C8038D4
:1061B0009105A105B1050CF437C18EEF90E0A0E088
:1061C000B0E08C199D09AE09BF0989839A83AB831E
:1061D000BC838BEC97E40E94685BC701B6010F9407
:1061E000F3AE86EC97E40E94685B69817A818B81CB
:1061F0009C810F94F3AE8FEB97E40E94685B42E0C2
:106200006A897B898C899D890F94B4B288EB97E465
:106210000E94685B6E897F89888D998D0F94F750F5
:10622000809148069091490603970CF4ADC06981AE
:106230007A818B819C810F94F1B520E030E040E8B9
:1062400050E40F9430B64B015C012A893B894C899C
:106250005D896E897F89888D998D0F948ABC20ED28
:106260003FE049E450E40F9430B620E030E040E0F5
:106270005FE30F9430B69B01AC01C501B4010F94EC
:106280008ABD4B015C01C301B2010F94F1B520E05E
:1062900030E04AE754E40F948ABD2B013C0182EBC5
:1062A00097E40E94685B42E0C501B4010F94B4B268
:1062B0008CEA97E40E94685BC301B2010F94F75027
:1062C0002AE939E949E15FE3C501B4010F9430B629
:1062D0004B015C018092F2039092F303A092F403CD
:1062E000B092F503AC019B010F948BBCA30192010A
:1062F0000F948ABD6093EE037093EF038093F003D5
:106300009093F103A3019201C501B4010F9430B63B
:1063100020E030E040E05EE30F9430B66093EA03A3
:106320007093EB038093EC039093ED038EE997E475
:106330000E948F5D88E997E40E94685B6091F20398
:106340007091F3038091F4039091F5030F94F7504B
:1063500082E997E40E94685B6091EE037091EF031D
:106360008091F0039091F1030F94F7508CE897E43B
:106370000E94685B6091EA037091EB038091EC03EB
:106380009091ED030F94F75089819A81AB81BC8184
:106390008C0D9D1DAE1DBF1DB595A7959795879535
:1063A0002114310409F445C080931C0680914806ED
:1063B00090914906019690934906809348063A8544
:1063C0003A8B4B854B8B5C855C8B8D858D8B98A533
:1063D0009A8F20E030E040EA51E46A857B858C8525
:1063E0009D850F948BBC980148A95FA50F9480BD33
:1063F00087FF22C082E697E40E948F5D81E0809350
:106400003E02109249061092480698C034E1C32E0D
:10641000D12CE12CF12C24E130E040E050E0298344
:106420003A834B835C83D5CEC982DA82EB82FC82CD
:10643000D0CE80931D05BACF0F94841D28A139A119
:106440004AA15BA1621B730B840B950B613D7740E6
:106450008105910558F1A0901C06B12C8FE597E4B9
:106460002114310429F4A0901D05B12C8CE597E48A
:106470000E94685B42E0B80188A99FA50F94B4B25E
:1064800088E597E40E94685BC5010F948A524D81AC
:10649000442309F46CC05F8D451770F54F5F4D8341
:1064A0000F94841D68A379A38AA39BA30F94841DD2
:1064B0004B015C010F94841D4E805F806884798459
:1064C0002E853F8548895989420E531E641E751ECC
:1064D00084189508A608B708860E971EA81EB91E30
:1064E00031E883163FE4930632E1A306B10408F4D1
:1064F00047C08BE397E480CF8D819F8D8913D0CFE8
:106500008F5F8D832BA53CA54DA55EA5B80188A9FD
:106510009FA50F948ABC9F7720E030E040EA50E4CA
:106520000F9480BD87FFBCCF632D661F6627661F53
:1065300080E00F94D81081E080933E02E0960FB681
:10654000F894DEBF0FBECDBFDF91CF911F910F91A9
:10655000FF90EF90DF90CF90BF90AF909F908F9083
:106560007F906F905F904F903F902F9008950BA772
:106570001CA7A8A9ADA7BFA5BEA721E02D8390CFDA
:10658000809148069091490649A55AA54817590790
:106590001CF48FED96E430CF80E00E94D453E6CC1B
:1065A0000F931F9380919C03813019F50F94841DE4
:1065B0000091AA051091AB052091AC053091AD0575
:1065C000601B710B820B930B28EE33E040E050E030
:1065D0000F94D6BB6091A6057091A7058091A80580
:1065E0009091A905620F731F841F951F1F910F9132
:1065F00008956091510670915206809153069091D2
:106600005406D6CF8F929F92AF92BF92CF92DF92D5
:10661000EF92FF920F931F93CF93DF931092DA03C1
:106620000E94D24C882309F462C060916406709184
:10663000650680916606909167060F94EFB520E09D
:1066400030E543EC57E40F948ABDEB01182F092F76
:106650000F94D0326B017C010E9439548CE3882E58
:10666000912CA12CB12CC701B601A50194010F9466
:10667000D6BB7F936F93CA01B901A50194010F9412
:10668000D6BB7F936F93C701B60120E13EE040E0A7
:1066900050E00F94D6BB5F934F933F932F938AE1C3
:1066A0009BE49F938F930F931F93DF93CF9385E288
:1066B0009BE49F938F9385E09AE59F938F930E942D
:1066C000E6538DB79EB742960FB6F8949EBF0FBEA5
:1066D0008DBFDF91CF911F910F91FF90EF90DF90D1
:1066E000CF90BF90AF909F908F900D9477AE81EF39
:1066F0009FE00F946BBB4B015C018DEE9FE00F940C
:106700006BBB6B017C010E943954C701B6012CE3BD
:1067100030E040E050E00F94D6BB7F936F93CA0106
:10672000B90128E130E040E050E00F94D6BB7F9300
:106730006F93C701B60120EA35E040E050E00F94C6
:10674000D6BB5F934F933F932F9383E39BE49F9339
:106750008F93C501B4010F94EFB520E030E048EC11
:1067600052E40F948ABD9F938F937F936F9384E439
:106770009BE49F938F9389E29AE59F938F930E9466
:10678000E6538DB79EB742960FB6F8949EBF0FBEE4
:106790008DBF9FCFCF92DF92EF92FF920F931F9307
:1067A000CF93DF9300D000D01F921F92CDB7DEB7FA
:1067B00080917006909171060097E1F12091390265
:1067C00030913A02243631054CF4AC01420F531F8C
:1067D000453651056CF4820F931F0CC024363105E9
:1067E00009F455C0AC01420F531F443651059CF7C4
:1067F00084E690E090933A028093390280913902C6
:1068000090913A0282179307A9F0883E53E09507CA
:1068100014F087EE93E08A30910514F48AE090E05A
:1068200090933A028093390210927106109270068A
:106830000E94254A80918F0281111092500610917A
:106840005006112391F12FEF210F209350068091D4
:10685000D10381110DC00E945757882349F010922F
:10686000F70360E081E499EC0F948AAC0E948155B3
:1068700028960FB6F894DEBF0FBECDBFDF91CF9143
:106880001F910F91FF90EF90DF90CF9008958B3084
:1068900091051CF0865A9F4FADCF863F4FEF94076E
:1068A0000CF0ACCF82599F4FA5CF6AE060935006A1
:1068B00080914F068F5F80934F068E3109F09FC005
:1068C00010924F060E94815510923B050E94C253C0
:1068D0000E9439546091720E7091730E072E000C55
:1068E000880B990B0F94F1B520E030E040E05FE3B6
:1068F0000F948BBC0F94FCBD6B0120E030E040E0B6
:106900005FE36091650E7091660E8091670E9091C5
:10691000680E0F948BBC0F94FCBDA60182E80F9407
:10692000320D83E00E94035480917907813009F091
:106930006EC085E599E50E94F85361E080E00E9411
:106940000D546091700E7091710E072E000C880B23
:10695000990B0F94F1B520E030E040E05FE30F9435
:106960008BBC0F94FCBD6B0120E030E040E05FE3A6
:106970006091F5047091F6048091F7049091F80409
:106980000F948BBC0F94FCBDA60180E80F94320DD0
:1069900083E00E94035480913A028F9380913902E0
:1069A0008F938EE599E59F938F930E94E65398E02D
:1069B000981B892F0E94035462E080E00E940D54CE
:1069C0000F900F900F900F9080911505E090731429
:1069D00081113EC021E7C22E29E5D22EE1103CC034
:1069E00085E7C82E89E5D82E0E94234DF82E8823EE
:1069F000D9F1809184028F3F89F5F12C35C00F9435
:106A00001EBC911163CF80E00E9440555DCF809104
:106A100046078823D9F080E21F928F938091520716
:106A20008F93809151078F93809150078F9380911E
:106A30004F078F938CE499E59F938F930E94E653C1
:106A40000FB6F894DEBF0FBECDBF77CF8FE3E4CF94
:106A500099E7C92E99E5D92EEE2031F28091E10314
:106A6000FF24F394882399F181EA9DE00F9463BB9E
:106A7000082F0E94675A87FD2AC0081741F19BE042
:106A80000902B0011124675B724F47E050E08E01AC
:106A90000F5F1F4FC8010F9453BB18861F930F93AE
:106AA0008DE59BE59F938F930E94E6530F900F9087
:106AB0000F900F9080919D13813009F062C00F9468
:106AC000B81595E0981B892F0E94035467C0E11008
:106AD00004C080919D0381114AC0DF92CF9289E565
:106AE0009BE59F938F930E94E6530F900F900F901A
:106AF0000F908091A303811104C080918402853698
:106B0000F0F1809183028536D0F1809106178823B9
:106B100019F18091801790918117A0918217B091FF
:106B200083170097A105B105B9F0BC01CD016D59DE
:106B30007F4F8F4F9F4F24E630E040E050E00F94AE
:106B4000D6BB6091871770918817809189179091B3
:106B50008A170F94D6BB122F212F30E08BE699E5D0
:106B6000F11002C085E699E53F932F939BCF81E01A
:106B70000E9403548BE496E00E940057BACF182F6E
:106B8000EBCF80916B0E882309F4ACC08DE799E5BB
:106B90009F938F930E94E6530F900F900E94234D76
:106BA000882309F4BCC08091A303882309F49CC006
:106BB000C0908B02D0908C02E0908902F0908A0203
:106BC00080914E068A3011F410924E0680914E0646
:106BD0008F5F80934E062FEFE216F20621F09701A9
:106BE00013E4863070F43FEFC316D30609F085C076
:106BF0000F94D0322CE330E040E050E00F94D6BB4D
:106C000010E24091390250913A024436510509F49C
:106C100077C0C216D30621F0E216F30609F070C061
:106C2000A4E6B0E00F9403BC9A01550F440B550B3A
:106C30000F94D6BB4FE3E42E042E000CFF08E12F87
:106C4000012E000CFF0BC9016CE370E00F942CBC0B
:106C50002037374108F056C0FF924F93FF931F93A0
:106C60009F938F937F936F9387E999E59F938F937A
:106C70000E94E6530FB6F894DEBF0FBECDBF98E07A
:106C8000981B892F0E94035463E080E00E940D54FA
:106C90000F94AB1E80916B0E8823C1F080918D0202
:106CA000815009F445C080938D0280918D0285301A
:106CB00009F445C0883051F485E10F946AB380919E
:106CC000A603882319F086E10F946AB38091690EB8
:106CD000882309F4BCCD8091610E8111B8CD0E944A
:106CE000A8EEB5CD85E0F0CEC0908702D0908802A6
:106CF000E0908502F090860263CF960112E581CF85
:106D000040E299CFFF924F93FF931F937F936F932E
:106D10008CE899E59F938F930E94E653ABCF83E86D
:106D200099E59F938F930E94E6530F900F90A7CF02
:106D30008AE080938D0280E00F946AB3B6CF809191
:106D40007314882319F284E1BFCF10929C03109230
:106D5000AA051092AB051092AC051092AD051092E9
:106D60005106109252061092530610925406109239
:106D7000A6051092A7051092A8051092A9050895DE
:106D800080919C038130F1F08230C9F40F94D032AD
:106D90006093A6057093A7058093A8059093A90515
:106DA00081E080939C030F94841D6093AA057093E7
:106DB000AB058093AC059093AD0581E008950F94E9
:106DC000A536EECF80E0089580919C0381508230FB
:106DD00070F410929C030F94841D6093510670937D
:106DE0005206809353069093540681E0089580E004
:106DF00008952FB7F89494E0899FF0011124E85981
:106E0000F84F60817181828193812FBF0895CF9364
:106E1000C82F0F94F9360F94F1B524E0C29FF0010A
:106E20001124EA58F94F20813181428153810F9416
:106E30008ABDCF910895CF93DF9300D01F92CDB735
:106E4000DEB790915A0E80915B0E981709F446C0F8
:106E50000F94832C80913B02843038F081E00E94B3
:106E6000AA7380E00E94D453ECCF19821A821B824D
:106E70001C82AE014F5F5F4F6FE60F94BB17898195
:106E80009A81AB81BC819370AA27BB274091CC0328
:106E90005091CD036091CE037091CF03840F951F65
:106EA000A61FB71F8093CC039093CD03A093CE036E
:106EB000B093CF038091C8039091C903A091CA03F6
:106EC000B091CB030196A11DB11D8093C80390938F
:106ED000C903A093CA03B093CB03B3CF0F900F9015
:106EE0000F900F90DF91CF9108950F9308E020EA63
:106EF0003AE440E060E086EA9AE40F94BC688130AE
:106F000029F40E94D5490F941B37F0CF823031F419
:106F100060E070E0CB010F910C943DF90F91089562
:106F2000B19A109285001092840080ED97E09093C2
:106F30008900809388001092F3041092F2048091EB
:106F4000F0049091F10401978E3F9F4F20F410922E
:106F5000F1041092F00408958091A30381113AC0C6
:106F600081E08093A3036091A3038FEF9FE00F94D0
:106F700087BB90915A0E80915B0E981731F087E194
:106F80009DE40F940C120F941B370F948764F894B0
:106F900081E09091A303911101C080E080936E067F
:106FA0000F9403870E941FDE880F82700F94301A9F
:106FB0000F949037789489E69FE00F9463BB882301
:106FC00061F08091A303882341F060E081E592E0C5
:106FD0000D948AAC1092A303C6CF08951F920F920E
:106FE0000FB60F9211240BB60F926F927F928F9271
:106FF000CF92DF92EF92FF920F931F932F933F93C5
:107000004F935F936F937F938F939F93AF93BF93B0
:10701000CF93DF93EF93FF938091F0049091F1046D
:107020009C01215031092E3F3F4F90F42091880060
:10703000309189002817390708F0F9C0209188009D
:1070400030918900821B930B9093F1048093F0049C
:1070500020918800309189008091F2049091F3048E
:107060002817390708F0E8C020918800309189007E
:10707000821B930B9093F3048093F2048091F204AB
:107080009091F304892B11F00D943E41E091A405F9
:10709000F091A505309709F087C190915A0E809123
:1070A0005B0E981709F4F9C1C0915B0E2C2F30E0EC
:1070B0005EE6C59FE0011124C658D84FFE01E95B8A
:1070C000FF4F41E04083D093A505C093A4052097CE
:1070D00009F4E3C11092A0051092A1051092A20537
:1070E0001092A30510929F058AAD9BAD90939E05CB
:1070F00080939D058134ECE99E0708F0A2C081329F
:10710000FEE49F0708F4A0C096958795969587950D
:1071100044E040939C0580978115E8E09E0708F4C1
:10712000A4C0E92FFF27EE0FFF1FEE0FFF1FAF01D7
:1071300041525D4BFA013296A591B491FA01459105
:107140005491B89FB001A89F000C611D1124711DBE
:10715000CA01861B970B8436910510F484E690E0F3
:10716000B0E0A0E08093980590939905A0939A05CC
:10717000B0939B054EE6429FC001439F900D1124A2
:107180008658984FFC01E45BFF4F4081442349F04F
:10719000815B9F4FFC018081918190939705809343
:1071A0009605109295058FEF9FEF9093F1048093D1
:1071B000F004809394058EE6829FF001839FF00D8A
:1071C0001124E658F84F85A984FF08C0109274076F
:1071D00010927507109276071092770783FF66C0AA
:1071E0008EE6829FF001839FF00D1124E658F84F40
:1071F000808991899695879591958195910990932C
:1072000085058093840590938905809388059093E4
:107210008D0580938C05909391058093900581E076
:1072200024853585232B09F082C080E080C0109230
:10723000F1041092F0040CCF1092F3041092F204B7
:107240001DCF80E49CE960CF813157E2950720F0A3
:107250009695879542E05DCF40939C0580329105DD
:1072600008F059CF80E290E056CFAC015695479593
:107270004C7F4152514CFA0165917491FA0132965A
:10728000A591B491AC01477055274A9FC0014B9F0F
:10729000900D5A9F900D1124E3E096958795EA95FD
:1072A000E1F7AB01481B590BCA0155CF8EE6829F0F
:1072B000F001839FF00D1124E658F84F80899189E1
:1072C000A289B389B695A79597958795B095A0950E
:1072D000909581959F4FAF4FBF4F809384059093BA
:1072E0008505A0938605B0938705809388059093C4
:1072F0008905A0938A05B0938B0580938C059093A4
:107300008D05A0938E05B0938F0580939005909383
:107310009105A0939205B093930581E0448555852E
:1073200066857785452B462B472B09F47ECF8093C6
:10733000830510927F0510928005109281051092AE
:107340008205888D80937E0580FF90C080910B011F
:10735000816080930B018FEF80936D0280917E0599
:1073600081FF8BC080910B018D7F80930B018FEF8C
:1073700080936E0280917E0582FF86C080910B0112
:10738000846080930B018FEF80936F0280917E0564
:1073900083FF81C08FEF80937002E091A405F0918C
:1073A000A505309709F43DC780918E0250917B0569
:1073B000882309F4CBC02091120580917D0590911E
:1073C0007C0530917E054091060130FF87C042FD6B
:1073D00083C08160492F41704823B1F0C080D180C3
:1073E000E280F3801C141D041E041F046CF4216051
:1073F000C088D188E288F388C0927F05D09280054A
:10740000E0928105F09282054091060131FF70C043
:1074100047FD6CC08260492F42704823B1F0C480A0
:10742000D580E680F7801C141D041E041F046CF434
:107430002260C088D188E288F388C0927F05D0920C
:107440008005E0928105F092820532FF94C05111CF
:1074500077C030916E06313009F052C0309142064B
:1074600032FD4EC01C9B52C0846051C080910B0104
:107470008E7F80930B0181E06FCF80910B01826042
:1074800080930B0181E074CF80910B018B7F8093FF
:107490000B0181E079CF81E07ECF80ED97E0909382
:1074A000F3048093F2049093EF048093EE048FEF43
:1074B0009FEF9093F1048093F004109295058091D2
:1074C000EC049091ED04009709F467CF0197909335
:1074D000ED048093EC0461CF8E7F7CCF42FD04C02D
:1074E0008061492F407178CF8F7EFBCF8D7F93CF06
:1074F00047FD04C08062492F40728FCF8F7DFBCF44
:107500001C99B2CF3091060136FFAECF8B7F9470BD
:107510009823B1F0C084D184E284F3841C141D0448
:107520001E041F046CF42460C088D188E288F388AC
:10753000C0927F05D0928005E0928105F09282058D
:1075400080937D0580937C0520931205552309F4D3
:1075500040C02091120580917D0590917C0530916D
:107560006E063130C9F43091420632FD15C01C9BC5
:1075700019C0846018C030916E06313031F43091FA
:10758000420632FD02C08F7B05C03091060136FDF8
:10759000FACF80649074BCCF1C99EBCF3091060178
:1075A00036FFE7CF8B7F9470982369F02460408981
:1075B00051896289738940937F0550938005609358
:1075C00081057093820580937D0580937C052093CF
:1075D000120585A9C0E0D1E012E004E083FF08C1F4
:1075E00080919C05C81708F072C20F943A03E0918D
:1075F000A405F091A50580819181209184053091A9
:107600008505820F931F9093850580938405181636
:10761000190664F5D6B9E091A405F091A50580910D
:1076200084059091850520893189821B930B909365
:1076300085058093840590916D0240916807509173
:10764000690760916A0770916B07892F990F990BF1
:10765000AA0BBB0B840F951FA61FB71F809368074B
:1076600090936907A0936A07B0936B07E091A40514
:10767000F091A50584819581209188053091890537
:10768000820F931F90938905809388051816190619
:1076900044F516B9E091A405F091A505208931893A
:1076A000821B930B909389058093880590916E02BD
:1076B00040916C0750916D0760916E0770916F0754
:1076C000892F990F990BAA0BBB0B840F951FA61F2F
:1076D000B71F80936C0790936D07A0936E07B093CC
:1076E0006F07E091A405F091A50580859185209113
:1076F0008C0530918D05820F931F90938D0580939B
:107700008C051816190644F506B9E091A405F09108
:10771000A50520893189821B930B90938D05809359
:107720008C0590916F0240917007509171076091A4
:10773000720770917307892F990F990BAA0BBB0BD6
:10774000840F951FA61FB71F809370079093710732
:10775000A0937207B0937307E091A405F091A5057B
:10776000809190059091910524853585820F931F16
:1077700090939105809390052089318918161906F8
:1077800044F5821B930B9093910580939005909103
:10779000700240917407509175076091760770915F
:1077A0007707892F990F990BAA0BBB0B840F951F95
:1077B000A61FB71F8093740790937507A093760751
:1077C000B09377079091700280919505890F80930F
:1077D000950580917F059091800501969093800595
:1077E00080937F058217930708F071C1CF5FF8CEB1
:1077F00080919C05C81708F06AC10F943A03E09184
:10780000A405F091A50580819181A281B381409169
:107810008405509185056091860570918705840FD8
:10782000951FA61FB71F8093840590938505A0938D
:107830008605B0938705181619061A061B06C4F5A7
:10784000D6B9E091A405F091A505809184059091A9
:107850008505A0918605B091870540895189628987
:107860007389841B950BA60BB70B809384059093AB
:107870008505A0938605B093870590916D02409190
:1078800068075091690760916A0770916B07892FAB
:10789000990F990BAA0BBB0B840F951FA61FB71F3F
:1078A0008093680790936907A0936A07B0936B076A
:1078B000E091A405F091A50584819581A681B78109
:1078C000409188055091890560918A0570918B05DA
:1078D000840F951FA61FB71F809388059093890575
:1078E000A0938A05B0938B05181619061A061B0675
:1078F00084F516B9E091A405F091A5054089518958
:1079000062897389841B950BA60BB70B809388053E
:1079100090938905A0938A05B0938B0590916E0290
:1079200040916C0750916D0760916E0770916F07E1
:10793000892F990F990BAA0BBB0B840F951FA61FBC
:10794000B71F80936C0790936D07A0936E07B09359
:107950006F07E091A405F091A50580859185A2852A
:10796000B38540918C0550918D0560918E05709185
:107970008F05840F951FA61FB71F80938C059093CA
:107980008D05A0938E05B0938F05181619061A065B
:107990001B0684F506B9E091A405F091A505408980
:1079A000518962897389841B950BA60BB70B809351
:1079B0008C0590938D05A0938E05B0938F059091C3
:1079C0006F0240917007509171076091720770913A
:1079D0007307892F990F990BAA0BBB0B840F951F67
:1079E000A61FB71F8093700790937107A09372072B
:1079F000B0937307E091A405F091A50580919005DF
:107A000090919105A0919205B0919305448555857B
:107A100066857785840F951FA61FB71F80939005F5
:107A200090939105A0939205B09393054089518955
:107A300062897389181619061A061B0674F5841BC9
:107A4000950BA60BB70B8093900590939105A0938F
:107A50009205B093930590917002C0907407D090F6
:107A60007507E0907607F0907707892F990F990BAB
:107A7000AA0BBB0B8C0D9D1DAE1DBF1D8093740703
:107A800090937507A0937607B09377079091700253
:107A900080919505890F8093950580917F05909140
:107AA0008005A0918105B09182050196A11DB11DAF
:107AB00080937F0590938005A0938105B093820504
:107AC00084179507A607B70710F4CF5F91CE809172
:107AD0009505882339F087FDEEC080910B01806405
:107AE00080930B0140917F05509180056091810545
:107AF00070918205C091A405D091A505898D9A8DBC
:107B0000AB8DBC8D84179507A607B70708F434C161
:107B1000409198055091990560919A0570919B0547
:107B2000CC88DD88EE88AA274D9DB12D5E9DC001D1
:107B30006E9D900D6D9D800D911D4E9DB00D811D12
:107B40009A1F5D9DB00D811D9A1F6C9DB00D811D0A
:107B50009A1F5C9DB10D8A1F9A1FBB0F8A1F9A1F27
:107B600011242AAD3BAD820F931F90939E05809305
:107B70009D052EA93FA92817390720F430939E05AB
:107B800020939D0580919D0590919E058134FCE98F
:107B90009F0708F094C081322EE4920708F492C047
:107BA000969587959695879524E020939C058097D8
:107BB0008115F8E09F0708F497C0E92FFF27EE0F23
:107BC000FF1FEE0FFF1F9F0121523D4BF90132961F
:107BD000A591B491F90125913491B89FF001A89F26
:107BE000000CE11D1124F11DC9018E1B9F0B843671
:107BF000910510F484E690E09093F3048093F204EE
:107C00009093EF048093EE04480F591F611D711D7E
:107C1000409398055093990560939A0570939B053E
:107C2000FE01E45BFF4F808181117DC080E080FF19
:107C300016C09FEF90939405E091EC04F091ED0451
:107C40002091960530919705E217F30709F024C2B9
:107C50008FEF9FEF9093F1048093F00480E080FD1C
:107C600007C08091F0049091F104019609F4B2C22A
:107C7000E091EE04F091EF04809175059091760506
:107C8000A0917705B09178058E0F9F1FA11DB11DA2
:107C9000C35BDF4F0881198130E020E060E080178E
:107CA0009107A207B30708F427C26F5F801B910BEF
:107CB000A20BB30BF4CF80910B018F7B11CF80E42B
:107CC0009CE96ECF8131E7E29E0720F0969587957B
:107CD00022E06BCF21E020939C058032910508F0D3
:107CE00066CF80E290E063CF9C01369527952C7F8C
:107CF0002152314CF901A591B491F90132960591C7
:107D0000149187709927809F9001819F300D909FDB
:107D1000300D1124F3E036952795FA95E1F7CD0162
:107D2000821B930B64CF40917F0550918005609139
:107D300081057091820580919C0590E0B0E0A0E003
:107D400084179507A607B70708F470CF80918305BD
:107D5000811102C083E06BCF8091EC049091ED041F
:107D600020919605309197052817390798F7909339
:107D7000970580939605EECF80917F0590918005C1
:107D8000A0918105B09182054D8D5E8D6F8D78A19A
:107D9000481759076A077B0708F0E3C0C090A005A1
:107DA000D090A105E090A205F090A3056C887D8895
:107DB0008E88AA27C79CB12DD89CF001E89CF00DB5
:107DC000E79CE00DF11DC89CB00DE11DFA1FD79C8A
:107DD000B00DE11DFA1FE69CB00DE11DFA1FD69C07
:107DE000B10DEA1FFA1FBB0FEA1FFA1F11242091E1
:107DF0009D0530919E058EAD9FAD2E173F0730F04B
:107E00002E1B3F0B8217930708F4C90181342CE91C
:107E1000920708F075C08132EEE49E0708F473C043
:107E2000969587959695879524E020939C05809755
:107E3000811528E0920708F478C0E92FFF27EE0F9C
:107E4000FF1FEE0FFF1F9F0121523D4BF90132969C
:107E5000A591B491F90125913491B89FF001A89FA3
:107E6000000CE11D1124F11D2E1B3F0BC90124360E
:107E7000310510F484E690E09093F3048093F204CB
:107E80009093EF048093EE04C80ED91EE11CF11C00
:107E9000C092A005D092A105E092A205F092A305A0
:107EA000FE01E45BFF4F8081882309F4BFCE8091FF
:107EB0007F0590918005A0918105B0918205209168
:107EC0009C05420F511D611D711D481759076A0716
:107ED0007B0708F4ABCE359620813181309397052E
:107EE0002093960580918305882309F433CF8091F0
:107EF000EC049091ED048217930708F02BCF37CF55
:107F000080E49CE98DCF8131F7E29F0720F09695C0
:107F1000879522E08ACF21E020939C05803291054D
:107F200008F085CF80E290E082CFDC01B695A7957E
:107F3000AC7FA152B14CFD0125913491FD013296E7
:107F4000A591B491877099278A9FF0018B9FF00DBE
:107F50009A9FF00D1124A3E0F695E795AA95E1F715
:107F600083CF80919F05882371F080E0209179056F
:107F700030917A053093F3042093F2043093EF04A8
:107F80002093EE0454CE8EA99FA981344CE9940726
:107F900008F04EC081325EE4950708F44CC0969517
:107FA00087959695879524E020939C058097811569
:107FB000F8E09F0708F451C0E92FFF27EE0FFF1FDD
:107FC000EE0FFF1F9F0121523D4BF9013296659143
:107FD0007491F90125913491789FA001689F000C5C
:107FE000411D1124511DC901841B950B8436910537
:107FF00010F484E690E090937A058093790580915F
:108000009C0580939F05FE01E45BFF4F80818823E0
:1080100009F4ABCF80918305882341F08091EC0473
:108020009091ED04909397058093960581E09ECF03
:1080300080E49CE9B4CF8131E7E29E0720F0969579
:10804000879522E0B1CF21E020939C0580329105F5
:1080500008F0ACCF80E290E0A9CF9C01369527953F
:108060002C7F2152314CF90145915491F9013296FE
:108070006591749187709927869F9001879F300D35
:10808000969F300D1124A3E036952795AA95E1F728
:10809000CA01821B930BAACFDE01A35BBF4F4D9198
:1080A0005C91119770E060E0409375055093760500
:1080B000609377057093780516969C91909374055C
:1080C000982F927009F4CBCD90918305992309F4F0
:1080D000C6CD2E173F0708F0C2CD440F551F661FAF
:1080E000771F4093750550937605609377057093DD
:1080F000780510929405B3CD80937505909376051D
:10810000A0937705B093780561111BC0F0937305B8
:10811000E0937205F093F104E093F00480919405EC
:1081200087FD58C080919C05109174052881398184
:10813000811335C081E02E173F0708F449C080E065
:1081400047C0643028F56F5F6330A9F06695AF01D2
:1081500002C0569547956A95E2F7BA017093730588
:108160006093720580917205909173059093F1046C
:108170008093F004D3CF9F01ABEABAEA0F9403BC1B
:1081800041E196958795779567954A95D1F7E6CF22
:1081900070E06F5F7F4FCF010F942CBCDFCF833037
:1081A00009F4CFC08695A90102C0569547958A95D6
:1081B000E2F7133009F4D3C01695BF0102C07695DB
:1081C00067951A95E2F781E04617570708F0B7CF91
:1081D000809394050F943A0340917F055091800558
:1081E0006091810570918205E091A405F091A5054B
:1081F00080899189A289B389481759076A077B0743
:1082000080F01092A5051092A40590915A0E8091CD
:108210005B0E981731F080915B0E8F5F8F708093AB
:108220005B0E80916E06813049F180915C0288235B
:1082300029F180914206811121C09091060181E0CF
:10824000292F247092FD80E090910601826097FFB3
:1082500003C0211113C081E08093140510925C02C9
:1082600060914702709148028091490290914A02C0
:1082700020E030E040E85FEB0E9432726091F00451
:108280007091F1046115710509F046C04091EC044C
:108290005091ED04209196053091970580919505B8
:1082A0002417350708F06CC090917405913041F0A7
:1082B000421B530B9417150619F010F040937405E8
:1082C00090917405891B80939505882339F087FD6B
:1082D00053C080910B01806480930B012091740541
:1082E0008091EC049091ED04821B91099093ED0430
:1082F0008093EC042091EC043091ED04809196057C
:10830000909197052817390709F066C08FEF9FEF06
:108310009093F1048093F00440919505411161C060
:108320008091F0049091F1042091F2043091F304D3
:108330008F3F980709F088C0309389002093880008
:108340008EC0ABEABAEA0F9403BCAB01BC0131E1C9
:1083500076956795579547953A95D1F72ACF9F011E
:10836000ABEABAEA0F9403BC21E19695879577951D
:1083700067952A95D1F727CF80910B018F7BACCFE2
:108380004217530708F0B6CF90917405913041F031
:10839000241B350B9217130619F010F02093740567
:1083A00090917405890F80939505882339F087FD96
:1083B0000FC080910B01806480930B018091740544
:1083C0002091EC043091ED04820F932F911D8ECFFC
:1083D00080910B018F7BF0CF809172059091730596
:1083E00097CF8091940587FD0EC0082E000C990B45
:1083F00021E030E06115710511F030E020E08217D6
:10840000930709F08DCF20917405672B11F020910F
:108410009C05842F042E000C990B97FF03C09195A7
:108420008195910930E0281739070CF4C90121E042
:1084300047FF2FEF38E036B990919505920F909352
:1084400095058150C1F76CCFAC01485D5F4F421775
:10845000530708F071CF9093890080938800209192
:108460008800309189008091840090918500409629
:108470002817390748F48091840090918500409630
:108480009093890080938800FF91EF91DF91CF91C5
:10849000BF91AF919F918F917F916F915F914F911C
:1084A0003F912F911F910F91FF90EF90DF90CF9010
:1084B0008F907F906F900F900BBE0F900FBE0F901C
:1084C0001F90189590917B0580937B052FB7F894AA
:1084D000809112058B7F809312052FBF892F0895FD
:1084E000809112052FB7F894909112059B7F90937D
:1084F00012052FBF82FB882780F9089590911205FD
:108500001092120581E0911101C080E008959091D0
:10851000EB049130A1F028F09230A9F09330C1F033
:108520000895811102C00D94A203823011F40D94BC
:108530001811853009F050C080E00D948003882325
:1085400091F38230A1F3853009F046C081E0F5CF88
:10855000882349F3823059F3853071F38630E1F492
:1085600085E027E231E04FB7F894909102019460E2
:10857000909302014FBFF9013197F1F74FB7F8948B
:10858000909102019B7F909302014FBFF9013197B7
:10859000F1F7815041F708958730F1F481E00E94AE
:1085A000687384E123E731E04FB7F89490910201BA
:1085B0009460909302014FBFF9013197F1F74FB7E3
:1085C000F894909102019B7F909302014FBFF901B3
:1085D0003197F1F7815041F708950F931F93CF938F
:1085E000DF938C01EB019093730E8093720E0F94C6
:1085F0006905811104C0D093710EC093700EC091B3
:10860000A60387EF8C0F8230F8F40F942B10CA303A
:1086100041F484E08093690EDF91CF911F910F9117
:10862000089560E070E080E291E40E948E538FE54F
:108630009FE00F9463BB882379F389E0DF91CF91AA
:108640001F910F910D94FB121092DA038091630633
:10865000811112C06091650E7091660E8091670E57
:108660009091680E0F94FCBD601B710B6C5F7F4F87
:108670006930710508F060C0C150C83088F5EC2F32
:10868000F0E08827E95BFC4B8E4F0D9473BCB10280
:10869000B102B1027B0205029101D5013D01CFE497
:1086A000DCEB80916106882329F082E00F948742F9
:1086B00010926106209709F4AFCF0F94290D61E065
:1086C000CE01DF91CF911F910F910D948AAC8091D3
:1086D0006106882341F061E085E692E00F948AAC60
:1086E000D0E0C0E0DECF0F94290D8091A603823048
:1086F00019F481E08093A6038091A603813031F4C0
:1087000061E080E09AE50E941B71EACF833041F777
:1087100061E08DE694E2F7CFC5EDDBEBC2CF0F94BD
:10872000290D0F947B7C0F94F714DACFC9E4DCEBAE
:10873000B8CFC3E4DCEBB5CF80916106882321F08C
:1087400080918F02882349F181E0809361068093B4
:108750008F020E9440544FE75DE463E080E00E9496
:10876000215461E080E00E940D54E091A603E150A5
:10877000E83098F4F0E08827EF53FC4B8E4F0D94CF
:1087800073BCC702C7028702C7028702D301A301D5
:10879000C70284E89AE40E94F8538091610681112F
:1087A0000F94500D0E945757882309F435CF10922B
:1087B00061068091620681110EC01092730E1092B4
:1087C000720E0E94C74C811104C01092710E10925B
:1087D000700E0F94E0AD0F94E0ADDF91CF911F913B
:1087E0000F910D94F7148FE69AE4D5CF8BE59AE4B8
:1087F000D2CF89E49AE4CFCF8093A60340919D1312
:108800002091720E3091730E413059F01092630630
:1088100080916B0290916C02281739075CF40D94DB
:10882000FA14909173139111F1CF8650823070F742
:108830004093630681E0809362066091700E7091B0
:10884000710EC9010F94ED4210926306089582E003
:108850000D94FC4381E00D94FC4383E00D94FC43B4
:108860001092620660E570E08AEF90E00D94ED42B0
:108870001092620670E060E08AEF90E00D94ED42A5
:10888000109262066CE370E087ED90E00D94ED428B
:108890001092620665E570E086EE90E00D94ED4280
:1088A0001092620669E670E084E091E00D94ED427A
:1088B000109262066EE670E083E191E00D94ED4265
:1088C000109262066BE470E087ED90E00D94ED424B
:1088D000109262066AE570E083E191E00D94ED424A
:1088E0001092620664E670E08FEF90E00D94ED4226
:1088F0001092620664E670E08CED90E00D94ED421B
:108900001092620664E670E08EEF90E00D94ED4206
:108910001092620662E370E080EF90E00D94ED4209
:1089200080E00F9487420E94E9C80D942B10CF92EB
:10893000DF92EF92FF92411104C02091EB042230AC
:10894000D1F09B016C01F12CE12C672BC9F49FB78E
:10895000F894809102018460809302019FBFC70157
:10896000B6010F94971B9FB7F894809102018B7FFB
:10897000809302019FBFFF90EF90DF90CF9008950A
:10898000220F331F50E040E060E074E284EF90E09B
:108990000F9454BC91E02115310581E04807510541
:1089A00044F086E056954795379527958A95D1F7F7
:1089B00093E0215031094FB7F8948091A100887F4E
:1089C000892B8093A1006091AC007091AD00269F2F
:1089D000C001279F900D369F900D11245091720079
:1089E0006FEF70E051FF04C06091A8007091A90082
:1089F0000F942CBC7093AD006093AC003093A90031
:108A00002093A800809172008360809372004FBF12
:108A1000C701B6010F94971B2FB7F8948091A1005E
:108A2000887F85608093A1004091AC005091AD009B
:108A30003FEF349FC001359F900D1124309172009B
:108A40006FEF70E031FF04C06091A8007091A90041
:108A50000F942CBC7093AD006093AC008FEF90E04E
:108A60009093A9008093A800809172008C7F8093DE
:108A700072002FBF78CFCF93C091EB04C23059F171
:108A8000C13069F480917105811125C040E070E02A
:108A900060E080E590E00F949744C093710560ED2D
:108AA00077E08EE695E00F94DE1D8823A1F08EE638
:108AB00095E00F94E51D8091EB04811108C040E022
:108AC00070E060E080E590E0CF910D94974480E005
:108AD000CF910D948742CF9108958230B9F08330C1
:108AE000E9F0813059F080910B01613029F4816007
:108AF00080930B01000008958E7FFACF80910B01C7
:108B0000611102C08260F4CF8D7FF2CF80910B01A2
:108B1000613011F48460ECCF8B7FEACF80910B0140
:108B2000611102C08064E4CF8F7BE2CFCF9380914C
:108B30007C0EC1E08823A1F04091740E5091750E17
:108B40006091760E7091770E20E83EE080917D0E68
:108B500090917E0E0F946082C82F811104C0C0E0F6
:108B60008C2FCF9108954091780E5091790E60919D
:108B70007A0E70917B0E411551056105710591F0DA
:108B800020E83EE080917D0E90917E0E0F946082F1
:108B9000882329F31092780E1092790E10927A0E93
:108BA00010927B0E10927C0EDBCFCF92DF92EF9271
:108BB000FF92CF936B017C01C42F8091740E909132
:108BC000750EA091760EB091770E8C159D05AE05B1
:108BD000BF0501F10F949645811108C0C0E08C2FAC
:108BE000CF91FF90EF90DF90CF90089520E83EE086
:108BF000B701A60180917D0E90917E0E0F94C482E4
:108C0000882361F3C092740ED092750EE092760EB6
:108C1000F092770ECC2321F081E080937C0EDFCFA1
:108C2000C1E0DDCF4F925F926F927F928F929F92C1
:108C3000AF92BF92CF92DF92EF92FF920F931F936A
:108C4000CF93DF93EC01423051056105710590F43B
:108C500080E0DF91CF911F910F91FF90EF90DF9017
:108C6000CF90BF90AF909F908F907F906F905F90CC
:108C70004F90089589859A85AB85BC850196A11D85
:108C8000B11D84179507A607B70710F38F898031A8
:108C9000C9F5852E962EA72EBB248B899C89AD897C
:108CA000BE89880E991EAA1EBB1E280139016A01C1
:108CB0007B0141E0C501B4010F94D545882341F201
:108CC0009F89903181F5DD24EE24FF24F601EE0F1B
:108CD000FF1FE058F14F118300839A89923008F406
:108CE000B8CF4D815E816F817885840E951EA61E5A
:108CF000B71E8092780E9092790EA0927A0EB09262
:108D00007B0EA7CF803209F0A3CF8B899C89AD89D8
:108D1000BE894A015B01E7E0B694A79497948794D3
:108D2000EA95D1F7BECFE894C7F8DD24EE24FF24FE
:108D3000F601EE0FFF1FEE0FFF1FE058F14F4082CC
:108D4000518262827382C9CFCF92DF92EF92FF92FB
:108D50000F931F93CF93DF93FC0181859285A385A9
:108D6000B4850196A11DB11D84179507A607B70705
:108D700050F480E0DF91CF911F910F91FF90EF9021
:108D8000DF90CF90089587898031A9F5BB27A72F61
:108D9000962F852FC388D488E588F6888C0D9D1D75
:108DA000AE1DBF1DE9016A017B018F014091740E68
:108DB0005091750E6091760E7091770E841795071D
:108DC000A607B70749F5F8018789803169F5B7012A
:108DD000A601552766277727440F551F4058514F46
:108DE000FA0180819181B0E0A0E088839983AA8311
:108DF000BB8381E0BFCF803209F0BBCFC388D4886A
:108E0000E588F688DB01CA01C7E0B695A795979576
:108E10008795CA95D1F7C2CF40E0BC01CD010F9430
:108E2000D5458111D0CFA5CFB701A6014F775527E2
:108E300066277727440F551F440F551F4058514F41
:108E4000FA0180819181A281B381BF70CECF4F9210
:108E50005F926F927F92AF92BF92CF92DF92EF922A
:108E6000FF920F931F93CF93DF9300D01F92CDB744
:108E7000DEB78C0149835A836B837C835901C12CF3
:108E8000D12C7601412C82E0582E612C712C498125
:108E90005A816B817C819E012F5F3F4FC8010F94E7
:108EA000A446882319F1F8018585A301920104C025
:108EB000220F331F441F551F8A95D2F7DA01C901CB
:108EC000C80ED91EEA1EFB1E49815A816B817C8126
:108ED00087898031F1F481E0483F5F4F610571057A
:108EE000B0F2F501C082D182E282F3820F900F903E
:108EF0000F900F90DF91CF911F910F91FF90EF9006
:108F0000DF90CF90BF90AF907F906F905F904F9029
:108F1000089581E0483F5F4F6F4F7F4008F4B7CF1F
:108F2000E0CFCF92DF92EF92FF921F93CF93DF9328
:108F3000EC01EB81E11109C080E0DF91CF911F913D
:108F4000FF90EF90DF90CF900895898180FFF4CF5C
:108F5000488559856A857B859A0131703AA329A392
:108F6000898D9A8D6A017B01F9E0F694E794D79494
:108F7000C794FA95D1F7E23079F4FC01828D938D94
:108F8000A48DB58D8C0D9D1DAE1DBF1D8D8F9E8F2B
:108F9000AF8FB8A381E0D1CFFC01148111501C2107
:108FA000232B71F411110CC0452B462B472B31F5A7
:108FB0008D899E89AF89B88D8C839D83AE83BF8355
:108FC000E98DFA8D8C819D81AE81BF810297A109C7
:108FD000B109258504C0880F991FAA1FBB1F2A95B8
:108FE000D2F74685578560897189840F951FA61F22
:108FF000B71F810F911DA11DB11DC8CF4C815D818F
:109000006E817F819E012C5F3F4F0F94A44681119A
:10901000D7CF92CFDF92EF92FF920F931F93CF9310
:10902000DF938C01EB017A018DE0D82E40E250E015
:10903000BE01C8010F947D838032910571F021E05B
:10904000892B09F420E0822F8195DF91CF911F9128
:109050000F91FF90EF90DF9008952881222309F46B
:109060003FC0253E19F32E3209F33B853F733F3055
:1090700099F5E114F10481F14A8D5B8D452B61F581
:109080002F713FEF320F343038F52150330BD29E21
:10909000C001D39E900D1124F701E80FF91F29811B
:1090A00020832B8121832D8122832F812383298576
:1090B00024832E852583288926832A8927832C8942
:1090C00020872E892187288D22872C8D23872E8D1E
:1090D0002487288126FD15862B8523FDA7CFB5CFB4
:1090E00080E0B3CFCF93DF93EC018B81882349F1EC
:1090F000898187FF22C061E0CE010F94A580FC0129
:10910000892BF9F08081853EE1F08B81823040F43B
:1091100089899A89AB89BC89848F958FA68FB78FEF
:109120008D899E89938F828F8D899E89AF89B88D15
:10913000B58BA48B89818F778983DF91CF910D9433
:10914000964581E0888380E0DF91CF9108958F92EA
:109150009F92AF92BF92CF92DF92EF92FF920F93C6
:109160001F93CF93DF93EC018B8181110EC080E0C0
:10917000DF91CF911F910F91FF90EF90DF90CF90F3
:10918000BF90AF909F908F90089509891A892B897D
:109190003C89041715072607370748F34A015B0186
:1091A000823031F488869986AA86BB8681E0E0CF3A
:1091B00081149104A104B10449F41C821D821E8211
:1091C0001F82188619861A861B86F0CF0885198596
:1091D0002A853B85E98DFA8D858590E00996B90150
:1091E000A8014150510961097109082E04C0769502
:1091F0006795579547950A94D2F775016401E1E0A8
:10920000CE1AD108E108F10804C0F694E794D79487
:10921000C7948A95D2F7C416D506E606F70620F05D
:10922000012B022B032B11F58D899E89AF89B88DF7
:109230008C839D83AE83BF838E010C5F1F4FC1144F
:10924000D104E104F10409F4ADCF4C815D816E815C
:109250007F819801898D9A8D0F94A44691E0C91A57
:10926000D108E108F1088111EACF81CFC41AD50AEB
:10927000E60AF70AE1CFCF9380919D138130A1F4E4
:1092800080E89DE40E9440BE853088F58093F90314
:109290008AE08093A60320E041E070E060E085E88A
:1092A00091E0CF910D9447AB8FE59FE00F9463BBA6
:1092B0008111EECF80918D178230E1F40E943CC97C
:1092C000982F9111E5CF83E69DE40F940C120E9434
:1092D0005257C4E184E690E00E9455760E945757A9
:1092E000811102C0C150B1F781E080939002CF910B
:1092F0000D94E0AD41E060E08CE192E50F94F9114E
:1093000091E0811190E081E080939002DACFCF93D9
:109310001092DA03C3B145EA5AE560E080E00E94AA
:10932000215460E086E00E940D54C4FB882780F938
:109330000F947B0980919D13813099F4C1E0809155
:109340007313811101C0C0E04FE95AE560E08AE083
:109350000E94215460E081E10E940D548C2F0F94F3
:109360007B090E943CC9C82F4EED5AE261E080E0C3
:109370000E94215461E081E10E940D548C2F0F94D2
:109380007B09CF910D9477AEEBE0F7E140815181FD
:1093900062817381480F591F611D711D4083518384
:1093A0006283738308952F923F924F925F926F92E0
:1093B0007F928F929F92AF92BF92CF92DF92EF9265
:1093C000FF920F931F93CF93DF9300D01F921F92B2
:1093D000CDB7DEB71C012A013B0100E210E0198283
:1093E0009981892F90E09B838A83801791079CF550
:1093F000880F991F880F991F9D838C83820D931D61
:109400009B838A83FC01C080D180E280F3808C81C1
:109410009D810496820D931D9D838C83FC01808029
:109420009180A280B380A5019401C701B6010F9479
:1094300014BF181664F4EA81FB8180829182A282B3
:10944000B382EC81FD81C082D182E282F382F98114
:10945000FF5FF983C5CF0150110908F6F101E05C07
:10946000FF4F2081318142815381C301B2010F94AA
:1094700030B66B017C0120E030E040E05FEB0F9400
:1094800080BD87FD10C020E030E040E05FE3C70111
:10949000B6010F9480BD18165CF4C12CD12CE12CC0
:1094A0008FE3F82E05C0C12CD12CE12C9FEBF92EB7
:1094B000C701B6010F900F900F900F900F90DF91A2
:1094C000CF911F910F91FF90EF90DF90CF90BF90C1
:1094D000AF909F908F907F906F905F904F903F9054
:1094E0002F9008950F94841D60933D1370933E1345
:1094F00080933F13909340130895809183138823A2
:1095000069F080918213882349F08AE299E60E94EB
:109510008F5D8091821381508093821308959F9272
:10952000AF92BF92CF92DF92EF92FF920F931F9371
:10953000CF93DF93CDB7DEB7E0970FB6F894DEBFD9
:109540000FBECDBF8C01E0906B13FE01319621E080
:1095500030E05F01F12C40E1C42ED12C50E2952E79
:10956000C701821B930BB6010F9440BCDC01BB27E3
:10957000A25DBC4E9D968C91482F50E094E055958D
:1095800047959A95E1F796EF940F9630A8F1405DD4
:1095900040838F7096EF980F963080F1805D8183C5
:1095A00092822F5F3F4F339621313105C9F618AAB9
:1095B00083EA99E60E94685B8DE999E60E94685B00
:1095C000C8010E94685B85E599E60E94685BC50159
:1095D0000F9468B4E0960FB6F894DEBF0FBECDBF0F
:1095E000DF91CF911F910F91FF90EF90DF90CF907F
:1095F000BF90AF909F900895495ACACF895ACFCF54
:109600009C01909142139A3011F460934113915050
:109610009093421391110DC0C9010F948F4A86E4B3
:1096200099E60E948F5D8AE08093421380914113F6
:10963000089580E00895CF93DF93CDB7DEB72E97DE
:109640000FB6F894DEBF0FBECDBF2EE330E03A83F5
:109650002983FE0133962CE0DF011D922A95E9F75C
:10966000DE011296482FFC019D018E2F841B861768
:1096700040F4819190EE980F903608F08EE28D9331
:10968000F4CFF901E60FF11D10824EE050E069EAD7
:1096900079E6CE0101960F9442B9892B59F44EE038
:1096A00050E0BE016F5F7F4F85E892E10F94D5C116
:1096B000892B61F083EA99E60E94685B8DE999E65F
:1096C0000E94685BCE0101960F9468B44EE050E0B2
:1096D000BE016F5F7F4F85E892E10F94E3C12E9644
:1096E0000FB6F894DEBF0FBECDBFDF91CF910895C6
:1096F000CF92DF92EF92FF921F93CF93DF93CDB77C
:10970000DEB762970FB6F894DEBF0FBECDBF4E87AF
:109710005F87688B798B8A8B4983852F511131C084
:1097200080E38A8311E0E1E0E10F81E090E08C0FBB
:109730009D1F8E0F911DFC018A899AE290838111F1
:1097400027C080E3818381E01E5F180FE1E0F0E035
:10975000EC0FFD1FE10FF11D8AE080831F5FFE010A
:1097600031967F016F01C10ED11CEC14FD04B1F0E4
:10977000F70181917F0167E772E190E00F94CBB927
:10978000F4CFBE016E5F7F4F0F94F89E182FCBCFA2
:10979000BF016F5F7F4F0F94F89ED6CF612FCE0130
:1097A00001960F941B4B0F94724A62960FB6F89471
:1097B000DEBF0FBECDBFDF91CF911F91FF90EF9025
:1097C000DF90CF9008958F929F92AF92BF92DF92D9
:1097D000EF92FF920F931F93CF93DF93CDB7DEB736
:1097E00067970FB6F894DEBF0FBECDBF182F7B0171
:1097F000D42E07E50B8B8C8B7E8B6D8BCE01439625
:109800000F94249F8F8B0E871F87F98AE88ACE01D9
:109810000E960F94249F8A8B0983111127C080E331
:109820008A8381E0E1E0E80F21E030E02C0F3D1F6A
:109830002E0F311DF90190E2908302E0080FAA2457
:10984000A394B12CAC0EBD1EA00EB11CE114F1040A
:1098500039F114E0C7018827907F892B71F424E047
:10986000EE0CFF1C2A95E1F71150F4CFBE016E5F9C
:109870007F4F812F0F94F89ED5CF4501882D8A19EF
:10988000811790F48F2D82958F7094E0EE0CFF1C61
:109890009A95E1F70F94EE9EF40181934F01EECF7C
:1098A00080E3F501808311E0100FE1E0F0E0EC0FC0
:1098B000FD1FE10FF11D8A899AE29083811121C079
:1098C00080E3818381E01F5F180FE1E0F0E0EC0F9F
:1098D000FD1FE10FF11D8AE080831F5F9E012F5F56
:1098E0003F4F79015901A10EB11CEA14FB0479F034
:1098F000F70181917F0167E772E190E00F94CBB9A6
:10990000F4CFBF016F5F7F4F0F94F89EDCCF612FC4
:10991000CE0101960F941B4B0F94724AD0923113D3
:1099200067960FB6F894DEBF0FBECDBFDF91CF9123
:109930001F910F91FF90EF90DF90BF90AF909F909D
:109940008F90089520917C132F5F20937C132230F9
:1099500078F430E0F901EC5BF649849126583C4EEE
:10996000F901608170E049E00F94E34B80E00895D5
:1099700081E008958F929F92AF92BF92CF92DF9233
:10998000EF92FF92CF93DF9320EE36E130937E0E7D
:1099900020937D0E1092FC1642E050E060E070E0F3
:1099A0004093E5165093E6166093E7167093E81619
:1099B00010927C0E1092780E1092790E10927A0E00
:1099C00010927B0E4FEF5FEFBA014093740E5093ED
:1099D000750E6093760E7093770E882309F470C02D
:1099E00040E060E070E0CB010F94D54581110DC0DF
:1099F000C0E08C2FDF91CF91FF90EF90DF90CF9060
:109A0000BF90AF909F908F90089580913E108F7778
:109A100079F780914A1090914B10A0914C10B09121
:109A20004D1084369105A105B10510F3C090461084
:109A3000D0904710E0904810F0904910C114D10424
:109A4000E104F104A9F240E0C701B6010F94D54545
:109A5000C82F882369F280918B0E90918C0E81150E
:109A6000924031F6A091900EAA2311F260918E0ED1
:109A700070918F0E6115710509F4BACF20918D0E8A
:109A8000222309F4B5CFA093F7162093E91690E0AE
:109A900080E030E0E1E0F0E0D82FAF01082E02C016
:109AA000440F551F0A94E2F72417350769F041E087
:109AB000480F01968930910579F74093F21698CFB7
:109AC000C12CD12C7601BFCF8093F2162091960E37
:109AD0003091970E50E040E02115310541F420917E
:109AE000A40E3091A50E4091A60E5091A70E209382
:109AF000EA163093EB164093EC165093ED164601A0
:109B00005701860E971EA11CB11C8092F8169092E8
:109B1000F916A092FA16B092FB16E091910EF09110
:109B2000920EF093FE16E093FD16B0E00F94F8BB92
:109B3000DC01CB01880D991DAA1DBB1D8093FF166A
:109B400090930017A0930117B093021725E0EE0F32
:109B5000FF1F2A95E1F7E150FE4FEF2FFF27E69513
:109B60008E0F9F1FA11DB11D8093F3169093F416C5
:109B7000A093F516B093F6168090930E9090940EE5
:109B8000B12CA12C8114910441F48090A00E9090EE
:109B9000A10EA090A20EB090A30EC81AD90AEA0A8C
:109BA000FB0AC80CD91CEA1CFB1C04C0F694E79401
:109BB000D794C794DA95D2F7C092EE16D092EF16EA
:109BC000E092F016F092F11685EFC8168FE0D806F5
:109BD000E104F10420F48CE08093FC1609CF80E1CD
:109BE00025EFC2162FEFD206E104F10488F0809130
:109BF000AC0E9091AD0EA091AE0EB091AF0E8093D1
:109C0000FF1690930017A0930117B093021780E2FC
:109C10008093FC16EECE0F931F93609120177091E6
:109C2000211780912217909123170091740E1091A3
:109C3000750E2091760E3091770E601771078207AE
:109C4000930739F140E00F94D5458823F9F020912E
:109C500024173091251740911417509115176091D2
:109C6000161770911717421B530B61097109413088
:109C700092E059076105710520F040E052E060E094
:109C800070E04058514F9AE0FA0190831F910F9174
:109C9000089581E0FBCF20E030E040EA52E460E04C
:109CA00070E080EA92EC0D946C9F90919E1391FD70
:109CB00017C08823A9F092FD13C00F946A9F80916A
:109CC000720E9091730E90939313809392138091E0
:109CD0009E13846080939E1384E196E60D94909F7A
:109CE000089580919E1380FF47C08CE296E60F9402
:109CF000909F80918A1390918B13A0918C13B091B7
:109D00008D13409186135091871360918813709141
:109D1000891340934707509348076093490770930E
:109D20004A0780934B0790934C07A0934D07B0933D
:109D30004E0760E070E088E492E40F948C9F80917D
:109D40008E1390918F13A0919013B09191138093E3
:109D50004F0790935007A0935107B093520760E0CC
:109D600070E080E791E40F948C9F109257078091E8
:109D70009E138E7F80939E1308950F931F93CF930E
:109D800090919E13911172C0C82F81E096E60F94B6
:109D9000909F0F946A9F0F941B3780915E0E8111E4
:109DA00002C00E948B49CC2309F460C080919E13AD
:109DB000816080939E1380914F0790915007A091EE
:109DC0005107B091520740914B0750914C07609159
:109DD0004D0770914E070091470710914807209159
:109DE000490730914A0700938613109387132093F5
:109DF00088133093891340938A1350938B13609385
:109E00008C1370938D1380938E1390938F13A09364
:109E10009013B093911360E070E080EA91E40E94A7
:109E20000F5380914407882309F1809145078823C7
:109E3000E9F080E090E0AAEFB2E4809347079093C6
:109E40004807A0934907B0934A0710924B07109216
:109E50004C0710924D0710924E0760E070E088E4C6
:109E600092E4CF911F910F910D948C9FCF911F91F0
:109E70000F910895EF92FF920F931F93CF93DF936B
:109E80001F921F92CDB7DEB7F82EE62E80E197E243
:109E90009A8389838A01169507958F2D0E941BC688
:109EA0000150110978F028EC30E0AE014F5F5F4FB0
:109EB00068EE73E08F2D0E94ECC46E2D8F2D0E94F2
:109EC00034C6EECF6E2D8F2D0E941BC60F900F90C3
:109ED000DF91CF911F910F91FF90EF900895EF9236
:109EE000FF920F931F93CF93DF93CDB7DEB72F97DA
:109EF0000FB6F894DEBF0FBECDBFE3E9F2E110A2CA
:109F000011A212A213A214A215A216A217A210A6A1
:109F100011A610922C130EE213E1EE24E394F12C1F
:109F2000D8011196FC92EE9212961C92129782E83A
:109F300013968C9340E060E083E393E10F94489F95
:109F400040E060E088E393E10F94489FF8011786B2
:109F5000108A118A128A138A8AE0848B40E060E0BA
:109F6000CE0101960F94489F85E0FE013196DE01F7
:109F7000169601900D928A95E1F785E0FE013696DE
:109F8000A3E4B3E101900D928A95E1F7D8015A96C6
:109F90001C925A975C961C921E925B9783E493E105
:109FA0000F94379FF801818F158E168E40E060E088
:109FB0008DE493E10F94489FD80194961C9240E061
:109FC00060E0CE010B960F94489F85E0FE013B9622
:109FD000DE01119601900D928A95E1F785E0FE0170
:109FE0003196A3E5B3E101900D928A95E1F7F8016E
:109FF00012A614A613A683E593E10F94379FD80108
:10A0000099968C939997DD961C92DD978DE293E15A
:10A01000DF969C938E93DE97F0926F13E0926E130F
:10A02000109270131FEF109371130F94A09F8093E1
:10A03000721310927313109274131092751310927E
:10A04000771310927613109279131092781310925E
:10A050007C1310927D1310927E1310927F1383E075
:10A06000809382131092831385E080937A1384E1A6
:10A0700080937B1383E680938413809385131092DF
:10A0800086131092871310928813109289131092DE
:10A090008A1310928B1310928C1310928D131092BE
:10A0A0008E1310928F13109290131092911310929E
:10A0B000931310929213109294138EE290E890935F
:10A0C00096138093951310939713109398131092EF
:10A0D0009A131092991310939B1382E080939C1310
:10A0E00010929D1310929E1310929F131092A01322
:10A0F0001092A2131092A1131092A4131092A31302
:10A100000F947769E1E7F4E11092F9141092FC14CE
:10A1100010921E151092211589E18093E01610927D
:10A12000E3161092E4161092FC1610920317109288
:10A1300006171092841710928617109285171092A6
:10A140001516109214161092801710928117109203
:10A150008217109283171092871710928817109207
:10A16000891710928A17128213821082118210921C
:10A17000131610922617E1E4F5E182EDDF011D923E
:10A180008A95E9F71092C2141092C1141092C0146B
:10A1900084E897E10F94E51DEAE6F4E1118212826A
:10A1A00013821482158216821083EDE8F7E115827E
:10A1B000178216828AEB9CE496878587108A178619
:10A1C0000F94841D6093A1177093A2178093A31717
:10A1D0009093A4172F960FB6F894DEBF0FBECDBF95
:10A1E000DF91CF911F910F91FF90EF90089542E082
:10A1F0000F94B4B20D9467B380918413833609F43D
:10A200008FEF08959FB7F894E5E0F1E080818064D6
:10A2100080839FBF08950F931F93CF93DF93EC012B
:10A220000F94841D8B010F94F9818F3F69F00F9477
:10A23000841D601B710B6C177D07A8F380E0DF9114
:10A24000CF911F910F91089581E0F9CF83E097E1BD
:10A250000F94724883E097E10F949C80E1E7F4E16A
:10A260001082118208952F923F924F925F926F92C7
:10A270007F928F929F92AF92BF92CF92DF92EF9296
:10A28000FF920F931F93CF93DF9300D000D000D0A5
:10A290001F92CDB7DEB72B013C0149015A0120E0E6
:10A2A00030E040EC51E40F948ABC20E030E04CE90F
:10A2B00052E40F948ABD6B017C010F9432BE0F945F
:10A2C000FCBD312C212C77FD1EC01B0166307105B1
:10A2D0001CF045E0242E312C822D0F94E8A320E0C1
:10A2E00030E048EB51E40F948BBC9B01AC01C301FF
:10A2F000B2010F948ABC20E030E04CE952E40F94A4
:10A300008ABD6B017C0120E030E040EC50E4C501E7
:10A31000B4010F948ABC20E030E048E052E40F948E
:10A320008ABD69837A838B839C830F9432BE0F949A
:10A33000FCBD77FDDAC07A8769876630710524F045
:10A34000E5E0F0E0FA87E98789850F94D5A320E05E
:10A3500030E040EA50E40F948BBC9B01AC01C50196
:10A36000B4010F948ABC20E030E048E052E40F943E
:10A370008ABD69837A838B839C83A701960160E001
:10A3800070E080E89FE30F948ABC2B013C019101AF
:10A390002F5F3F4F3E832D8389859A85019698874D
:10A3A0008F8327E0E985FA852E9F80012F9F100D6E
:10A3B0001124F801E20DF31DEE0FFF1FEE0FFF1F3A
:10A3C000EB55FC4E2181328143815481C301B2019E
:10A3D0000F9430B64B015C01ED81FE81E00FF11F5F
:10A3E000EE0FFF1FEE0FFF1FEB55FC4E2181328158
:10A3F00043815481C701B6010F9430B69B01AC0173
:10A40000C501B4010F948BBC4B015C0129813A81D9
:10A410004B815C8160E070E080E89FE30F948ABC30
:10A420009B01AC01C501B4010F9430B64B015C0136
:10A4300027E0EF81F8852E9FC0012F9F900D1124FA
:10A440009A878987FC01E20DF31DEE0FFF1FEE0FC7
:10A45000FF1FEB55FC4E2181328143815481C301A2
:10A46000B2010F9430B62B013C0189859A85ED81AC
:10A47000FE818E0F9F1F880F991F880F991F8B5584
:10A480009C4EFC012181328143815481C701B60178
:10A490000F9430B69B01AC01C301B2010F948BBC89
:10A4A00029813A814B815C810F9430B69B01AC01CC
:10A4B000C501B4010F948BBC2A960FB6F894DEBF89
:10A4C0000FBECDBFDF91CF911F910F91FF90EF9005
:10A4D000DF90CF90BF90AF909F908F907F906F90C4
:10A4E0005F904F903F902F9008951A86198645CF20
:10A4F00081EB99E60E94685B60E08CEA9CE00E9438
:10A50000215A813021F488ED93E60C948F5D84ED1F
:10A5100093E6FBCFBC01990F880B990B0F94F3AE18
:10A520000D9467B30F931F93CF93DF93EC010F94B8
:10A5300021B98C018036910508F085C08091851085
:10A54000811105C00E94D45A81E08093851040910A
:10A550007512509176128091831090918410481753
:10A56000590741F420918610309187101216130676
:10A570000CF469C0209181103091821012161306DC
:10A580000CF041C09C012F593F4F84179507E8F507
:10A5900044505109401B510B421753070CF453C050
:10A5A00050937612409375128091751290917612A5
:10A5B000FC01E857FF4E23E02083BE0185579F4EE4
:10A5C0000F941AB9809186109091871001969093FC
:10A5D00087108093861083EA99E60E94685B84E87E
:10A5E00099E60E94685B809175129091761285576A
:10A5F0009F4E0E940F7182E899E6DF91CF911F91E3
:10A600000F910C948F5D9C01C0CFC8010496481730
:10A61000590728F044505109401B510BC1CF89EE16
:10A6200091E0BC01601B710B8B01621773075CF03A
:10A6300070E060E088E890E10F9495C11093761285
:10A6400000937512B1CF8BE799E60E94685B84E8AE
:10A6500099E60E94685BCE010E94685B84E699E6F9
:10A66000CCCFAB01BC0183E097E10F94A7488111E7
:10A6700002C080E0089583E097E10F94914788231A
:10A68000C1F320912417309125172058314F309372
:10A690001F1720931E1708958F929F92AF92BF921B
:10A6A000CF92DF92EF92FF920F931F93CF93DF939E
:10A6B000CDB7DEB7EE970FB6F894DEBF0FBECDBFB5
:10A6C0008091C1148F938091C0148F938FE199E68C
:10A6D0009F938F938E010F5D1F4F1F930F930F94C6
:10A6E0007ABA0F900F900F900F900F900F90F12C5F
:10A6F000F80101900020E9F73197E01BF10BFE16FD
:10A7000084F46801CF0CD11CF7FCDA94F601808147
:10A71000082E000C990B0F9477C1F6018083F394F7
:10A72000E7CF89EF94E10E94445BA12CCE01019612
:10A730007C0189E1C82E85E6D82E8091FC148230F8
:10A7400008F450C08091011590910215A091031555
:10A75000B09104158F719927AA27BB27892B8A2BC3
:10A760008B2B09F03FC050E040E0B70189EF94E146
:10A770000F940A481816B4F5B12CF7010190002087
:10A78000E9F73197EE19FF09BE1674F447018B0CF7
:10A79000911CB7FC9A94F401808190E00F9477C1EA
:10A7A000F4018083B394E9CF8A858E3731F245E096
:10A7B00050E0B801C7010F94D5C1892B09F0BDCF76
:10A7C0001F930F93DF92CF920E94B17161E085E1F8
:10A7D00095E60E941B710F900F900F900F90AA2486
:10A7E000A394ABCF8FEF9FEFAA2029F08091C014E4
:10A7F0009091C11401969093C1148093C014EE9669
:10A800000FB6F894DEBF0FBECDBFDF91CF911F9181
:10A810000F91FF90EF90DF90CF90BF90AF909F90FF
:10A820008F9008958F929F92AF92BF92CF92DF92B6
:10A83000EF92FF920F931F93CF93DF9300D01F925D
:10A84000CDB7DEB7FC018381813011F080E060C0BC
:10A85000818181FFFBCF81899289A389B489892B6A
:10A860008A2B8B2B09F46EC07F0140E050E0BA01C7
:10A87000CF010F94A748882349F3F701C18CD28CEC
:10A8800085889688A788B08C82E090E0A0E0B0E050
:10A89000F60180839183A283B3839E012F5F3F4F94
:10A8A000B501A401C6010F94A446882379F200E003
:10A8B00010E09801B501A401C6010F941246882347
:10A8C00029F289809A80AB80BC80F601878980312B
:10A8D00081F5F8EF8F16FFEF9F06A104B104E8F2AF
:10A8E000F701158A168A178A108E118A128A138A1E
:10A8F000148A818180688183C7010F9472488823FC
:10A9000009F4A4CF40E050E0BA01C7010F94A74872
:10A910000F900F900F900F90DF91CF911F910F919B
:10A92000FF90EF90DF90CF90BF90AF909F908F906F
:10A93000089588EF88168FEF9806A8068FE0B8066E
:10A9400078F6ABCF81E0E4CF2F923F924F925F92A7
:10A950006F927F928F929F92AF92BF92CF92DF922F
:10A96000EF92FF920F931F93CF93DF93CDB7DEB794
:10A97000C657D1090FB6F894DEBF0FBECDBF4C014C
:10A980006B013A01E5962FAFE597502E2DB63EB6F6
:10A99000102F117080917F0E8F5F80937F0EFB01CF
:10A9A00080859185A285B3858093861490938714C2
:10A9B000A0938814B0938914412C5E01F7E6AF0E82
:10A9C000B11CF6018381823008F4C0C18085918575
:10A9D000A285B3858F719927AA27BB27892B8A2B3C
:10A9E0008B2B09F0B3C110928A144AE854E1BE01DE
:10A9F000695B7F4FC6010F940A4818160CF0A6C178
:10AA000080917F0E873008F0A1C128968FAD2897DE
:10AA1000882309F49BC1853E09F439C18E3209F4BB
:10AA200036C180918A148E3209F431C163968FAD9C
:10AA30006397982F9A7009F02AC1887191E080314C
:10AA400019F090E0803131F4E596FFADE597FF23F2
:10AA500009F494C09093BF14803161F060968FAD7B
:10AA60006097873409F013C161968FAD61978E3777
:10AA700009F40DC1E596FFADE597F13009F41BC16E
:10AA8000F23009F425C1BE01695B7F4F85E794E18F
:10AA90000E942E5BC4010E940F7185E794E10E9421
:10AAA0000F7180E20E944F5BA7966CAD7DAD8EADBD
:10AAB0009FADA7974AE00F947DAE51FE45C0A19689
:10AAC0002EAD3FADA19730938514209384146F96DB
:10AAD0004EAD5FAD6F975093831440938214699687
:10AAE0008EAD9FAD69972817390750F028173907A1
:10AAF00099F467962EAD3FAD67974217530760F400
:10AB0000909385148093841467968EAD9FAD67975C
:10AB10009093831480938214809185148F938091F5
:10AB200084148F93809183148F93809182148F93D8
:10AB30002CEF38E63F932F930F9425BA0F900F9088
:10AB40000F900F900F900F90112399F080918A141D
:10AB5000882309F4BAC08AE894E19F938F93E6EFC3
:10AB6000F8E6FF93EF930F9425BA0F900F900F9094
:10AB70000F900F9467B30F94832C89C02DB73EB705
:10AB8000E7963FAF2EAFE797BE01695B7F4FC501E8
:10AB90000E942E5BF4018081882309F486C0019015
:10ABA0000020E9F73197E819F909D5010D90002047
:10ABB000E9F7EA19FB09EA0FFB1F31962DB73EB7FB
:10ABC0002E1B3F0B0FB6F8943EBF0FBE2DBFEDB747
:10ABD000FEB731967F0163E273E08111B401C701D2
:10ABE0000F94CEC1B501C7010F94AFC163E273E00A
:10ABF000C7010F94AFC11123A9F080918A1481116C
:10AC000057C0C5019F938F93FF92EF922BE039E6D7
:10AC10003F932F930F9425BA0F900F900F900F90A2
:10AC20000F900F901CA21FA221E0A501B601CE013A
:10AC300084960F9410B583E2FE01B496DE0111965E
:10AC400001900D928A95E1F710FB50F8052D20E058
:10AC500050E040E0BE016F5F7F4FC7010F94A454E6
:10AC6000CE0101960E94495B112321F082E099E612
:10AC70000F944CBACE0184960E94495BE796EEADE4
:10AC8000FFADE7970FB6F894FEBF0FBEEDBFF6011C
:10AC900080859185A285B3858093861490938714CF
:10ACA000A0938814B09389148CCEE1E0F0E07DCFBE
:10ACB0008AE894E1A7CF80918B1790918C17019629
:10ACC00090938C1780938B17E2CF85E794E145CF63
:10ACD000BE01695B7F4F85E794E10E942E5BA196E0
:10ACE0002EAD3FADA19730938514209384146F96B9
:10ACF0004EAD5FAD6F975093831440938214699665
:10AD00008EAD9FAD69972817390750F0281739077E
:10AD100099F467962EAD3FAD67974217530760F4DD
:10AD2000909385148093841467968EAD9FAD67973A
:10AD300090938314809382146114710459F165E730
:10AD400074E1C3010F949CC1892B59F580917F0E4A
:10AD5000815080937F0E0FB6F8943EBE0FBE2DBE7D
:10AD6000CA58DF4F0FB6F894DEBF0FBECDBFDF91DC
:10AD7000CF911F910F91FF90EF90DF90CF90BF90F8
:10AD8000AF909F908F907F906F905F904F903F908B
:10AD90002F90089580918B1790918C174816190663
:10ADA000A9F2439474CFCF92DF92EF92FF920F9368
:10ADB000CF93DF93CDB7DEB7A3970FB6F894DEBF7E
:10ADC0000FBECDBF6C018CE1E82E85E1F82E8EE13F
:10ADD00095E1D7018D939C9310928C1710928B174D
:10ADE0000E94445B00E00E7F0D7FD701ED91FC9146
:10ADF00083E2DE01119601900D928A95E1F722E03F
:10AE0000A601BE016F5F7F4F82EF92E00F94A454C2
:10AE1000CE0101960E94495BA3960FB6F894DEBF5F
:10AE20000FBECDBFDF91CF910F91FF90EF90DF90DC
:10AE3000CF900895EF92FF920F93CF93DF93CDB70A
:10AE4000DEB7A3970FB6F894DEBF0FBECDBF2CE1DF
:10AE5000E22E25E1F22E2EE135E1D7012D933C9330
:10AE600010928C1710928B17B0E0A0E0AC01BD01DE
:10AE7000E5E0440F551F661F771FEA95D1F7C9011A
:10AE80000F94A74800E00E7F0D7FD701ED91FC9154
:10AE900083E2DE01119601900D928A95E1F722E09E
:10AEA00050E040E0BE016F5F7F4F82EF92E00F9471
:10AEB000A454CE0101960E94495BA3960FB6F89464
:10AEC000DEBF0FBECDBFDF91CF910F91FF90EF900E
:10AED0000895CF92DF92EF92FF920F93CF93DF937B
:10AEE000CDB7DEB7A3970FB6F894DEBF0FBECDBFC8
:10AEF0008CE1C82E85E1D82E8EE195E1D6018D93A7
:10AF00009C932BE8E22E27E1F22EF70111821082AA
:10AF10000E94445B00E00E7F0D7FD601ED91FC9115
:10AF200083E2DE01119601900D928A95E1F721E00E
:10AF300050E040E0BE016F5F7F4F82EF92E00F94E0
:10AF4000A454CE0101960E94495BF7018081918152
:10AF5000A3960FB6F894DEBF0FBECDBFDF91CF91A1
:10AF60000F91FF90EF90DF90CF900895CF93DF93F4
:10AF70008FE20E944F5BC0E0D9E080911316C817A2
:10AF800060F4CD9FC00111248D539B4E0E940F7120
:10AF90008FE20E944F5BCF5FF0CF80918A148111C6
:10AFA00006C085E794E1DF91CF910C940F718AE898
:10AFB00094E1F9CFCF92DF92EF92FF926B017C0187
:10AFC00088EA9CE00F946BBBAB01BC014C0D5D1D8E
:10AFD0006E1D7F1D88EA9CE0FF90EF90DF90CF9080
:10AFE0000D94B9BBCF93DF93EC010F946BBB6F3F14
:10AFF0002FEF72078207920749F440E050E0BA0150
:10B00000CE010F94B9BB60E070E0CB01DF91CF912E
:10B0100008950F931F93CF93DF930F940B4E8823C4
:10B0200039F120911E1730911F17E9011BEF88811C
:10B030008B3351F5FE0161916A30E9F7EF01CF01E1
:10B0400080589E4081309240E4F0CE01821B930BE9
:10B0500001970F94C44983E097E10F9491478823A7
:10B0600039F00F940B4E20E83EE0E9018111E2CF68
:10B0700080E890E190931F1780931E17CFEFDFEFCA
:10B0800034C01150C1F52197CE01821B930B01965C
:10B090000F94C449CE010196C881D0E000910B17EE
:10B0A00010910C1720910D1730910E174091141725
:10B0B00050911517609116177091171704171507FF
:10B0C00026073707A8F69C0120583E40211532403C
:10B0D00044F083E097E10F949147882349F280E898
:10B0E0009EE090931F1780931E17CE01DF91CF91A2
:10B0F0001F910F91089588818B3309F498CFC3CFA6
:10B100002FB7F89480919817909199172FBF0895B1
:10B1100080919617882341F0813019F488EB93E6EB
:10B1200008958AEA93E6089586EC93E60895CF930E
:10B130002091720E3091730E232BB9F42091700E72
:10B140003091710E232B89F420916E0E30916F0E89
:10B150002B59324051F490919617981711F09F3F58
:10B1600021F480918D17823031F010929F17109248
:10B170009E17CF91089580919E1790919F170196E9
:10B180008530910528F490939F1780939E17F1CFF7
:10B19000C62F10929F1710929E176093961788E4FF
:10B1A0009DE00F9487BB0E94EFF786EC93E6C130D9
:10B1B00011F488EB93E6CF910C9497EE2F923F9287
:10B1C0004F925F926F927F928F929F92AF92BF92B7
:10B1D000CF92DF92EF92FF920F931F93CF93DF9363
:10B1E000CDB7DEB7ED970FB6F894DEBF0FBECDBF7B
:10B1F00010921516109214161092DF161092DE1689
:10B200008091030180FDF1C089E09FE00F9463BB52
:10B21000382E82E0809397020F9469576C01009753
:10B2200009F4E0C08536910570F032E0331641F044
:10B2300080916B0E811104C089E593E60F948F1203
:10B24000F4E6CF2ED12CD0921516C092141666E1DA
:10B25000662E66E1762EF12CE12C7EE1A72E75E1BB
:10B26000B72E88248394912C8091030180FDBDC06A
:10B270000F94832CE114F10409F0D0C090E080E039
:10B280000F94D3568091861490918714A0918814BE
:10B29000B091891455E0B695A795979587955A95DD
:10B2A000D1F7F301819391933F01FFEFEF1AFF0A6A
:10B2B000CE14DF04C9F621E0E216F10409F492C0CD
:10B2C00032E0331609F48EC020916B0E21118AC032
:10B2D0009093DF168093DE16EE9CC001EF9C900DDC
:10B2E000900D11246BE473E6969587950F94A7A9AA
:10B2F00038E1A32E36E1B32E912C812CCC24C394BB
:10B30000D12CC4010F9478A98C0C9D1CF5010190DF
:10B31000F081E02DF9AFE8AFCF010F941A5780917B
:10B320008A1465E774E1882311F06AE874E1CE01BC
:10B3300001960F94CEC16090841470908514209172
:10B340008214309183143BAF2AAF2090BF14BFAA60
:10B35000AEAA86018091030180FD47C00F94832C23
:10B36000C80101979DAF8CAFEEA9FFA95290429002
:10B37000FFABEEABC2010F941A5780918A1465E7B8
:10B3800074E1882311F06AE874E131108AC0809179
:10B39000BF14281283C0809184149091851468167C
:10B3A000790609F06CC080918214909183142AADC3
:10B3B0003BAD8217930708F066C0000F111FF8011C
:10B3C000EA5EF94E28AD39AD318320833FEFC31AD1
:10B3D000D30A82E0A80EB11CEC14FD0409F091CF51
:10B3E0000F9499A981E080939702ED960FB6F89497
:10B3F000DEBF0FBECDBFDF91CF911F910F91FF90A8
:10B40000EF90DF90CF90BF90AF909F908F907F9004
:10B410006F905F904F903F902F90089540918614C9
:10B42000509187146091881470918914B0921D1501
:10B43000A0921C1590928C1780928B178EE195E14B
:10B440000F94A7481E7F1D7FE0911C15F0911D15DC
:10B4500083E2DE01119601900D928A95E1F7012FAA
:10B4600022E050E040E0BE016F5F7F4F82EF92E04C
:10B470000F94A454CE0101960E94495B03CF861518
:10B48000970508F49ACFEEA9FFA9538242820CAD2A
:10B490001DAD0115110509F05DCF8FCF222099F365
:10B4A0008CCF31E03312EFCF8091BF14281207C048
:10B4B000CE0101960F949CC197FDE5CF7ECF211060
:10B4C000E2CF7BCFCF92DF92EF92FF920F931F9349
:10B4D000CF93DF93CDB7DEB7A3970FB6F894DEBF57
:10B4E0000FBECDBF7C01062F19821C8280912115D1
:10B4F0009EE1C92E95E1D92E811104C089EFC82E95
:10B5000084E1D82E21E0A701B601CE0101960F9467
:10B5100010B5182F882321F180911316853000F57E
:10B5200029E0829FC0011124B7018D539B4E0F94D7
:10B53000CEC1C7010F94F2C180911316863080F1FD
:10B5400083E2FE013196AEE1B5E101900D928A955C
:10B55000E1F7002309F44CC00F94DE58102F0CC003
:10B5600083EA99E60E94685B8FEF94E60E94685B2D
:10B57000C7010F9468B410E0CE0101960E94495BA8
:10B58000812FA3960FB6F894DEBF0FBECDBFDF911B
:10B59000CF911F910F91FF90EF90DF90CF90089582
:10B5A0008F5F8093131693E28150C8F0282F30E00C
:10B5B000A9014F5F5F4F949FD001959FB00D11245B
:10B5C000AF5BBA4E929FF001939FF00D1124EF5B99
:10B5D000FA4E292F01900D922A95E1F7E5CF83E2EB
:10B5E000F601A1E4B5E101900D928A95E1F7A8CFAB
:10B5F00081E08093C214C0CF93E2E9EFF4E1AEE1C1
:10B60000B5E101900D929A95E1F7109213162EE193
:10B6100035E130931D1520931C1581110D94DE58D2
:10B6200081E08093C21408958F929F92AF92BF924F
:10B63000CF92DF92EF92FF920F931F93CF93DF93FE
:10B64000CDB7DEB72D970FB6F894DEBF0FBECDBFD6
:10B6500029EF34E130931D1520931C15DC01ED9189
:10B66000FC913097A1F481E02D960FB6F894DEBFDF
:10B670000FBECDBFDF91CF911F910F91FF90EF9043
:10B68000DF90CF90BF90AF909F908F9008952081D2
:10B690002F3209F047C06C0180E00F94FC5AF6018C
:10B6A000008111810F5F1F4F9EE1892E95E1992E38
:10B6B000D8018C918823B9F26FE270E0C8010F9431
:10B6C000BAC15C01009751F10817190738F57C01E0
:10B6D000E01AF10ABDE0EB16F10418F08CE0E82E58
:10B6E000F12CA701B801CE0101960F94E3C1E1E06E
:10B6F000F0E0EC0FFD1FEE0DFF1D108260E0CE01AB
:10B7000001960F94625A882309F4AECF90921D15CA
:10B7100080921C1585010F5F1F4FCACFF601118360
:10B720000083A1CF8EE195E190931D1580931C15A8
:10B730009ACFBF92CF92DF92EF92FF920F931F9317
:10B74000CF93DF931F921F92CDB7DEB72091741471
:10B75000222309F4EFC07C0180910617882309F4A5
:10B7600004C16111F6C0D0902617DD2021F081ECD4
:10B7700098E60E941A5E83EA99E60E94685B88EA6E
:10B7800098E60E94685BC7010E940F718DE998E6F8
:10B790000E94685B0091261725E5029F8001112415
:10B7A000055D184E8FE2F80181938F01CC24C3947C
:10B7B00083E2B82E80911316D816B0F4DB9CC0013A
:10B7C0001124B8018F5B9A4E0F94BF80C8018C0181
:10B7D0000196F8012081222329F0F4E5FC1510F0F0
:10B7E000C394F5CFD394E6CF27E42C1508F4AEC06C
:10B7F000B80183E097E10F94BF8080912617F5E5AB
:10B800008F9FC0011124855D984E0E940F7187E9BA
:10B8100098E60E94685B6091871770918817809105
:10B82000891790918A174AE00F947DAE0F9467B301
:10B830008091261724E0829FF0011124E95DF84EE3
:10B8400040918717509188176091891770918A17D6
:10B8500040835183628373838F5F8093261783E0D5
:10B8600097E10F949C8010927314FA82E982CE01C2
:10B8700001960F94145B882309F45CC049815A81B6
:10B8800060911C1570911D1521E083E097E10F94E4
:10B8900010B5882309F477C083E097E10F949147AE
:10B8A000882309F470C0809124179091251780583F
:10B8B000914F90931F1780931E1789819A810F943F
:10B8C000D3568091141790911517A0911617B09127
:10B8D00017178093801790938117A0938217B093C6
:10B8E000831787E698E60E94685B0F94B6578FE54A
:10B8F00098E60E94685B6091801770918117809133
:10B900008217909183174AE00F947DAE0F9467B32E
:10B9100010928717109288171092891710928A1721
:10B9200081E598E60E948F5D81E598E60E9497EE9A
:10B9300010926D0E0F900F90DF91CF911F910F918C
:10B94000FF90EF90DF90CF90BF900895F8011082A4
:10B9500054CF83EA99E60E94685B86E898E60E94E5
:10B96000685BC7010F9468B47ACF1092261783EAF8
:10B9700099E60E94685B85E798E60E94685BC701CC
:10B980000F9468B470CF8BEE94E60E94685B898157
:10B990009A810E940F718EE20E944F5B0F9467B3F1
:10B9A000C9CF0F941B3783E097E10F949C8080915F
:10B9B0002617882369F181508093261725E5829FF9
:10B9C000C001112461E0855D984E0F94995BE09170
:10B9D000261784E0E89FF0011124E95DF84E6081AC
:10B9E0007181828193816093871770938817809308
:10B9F000891790938A170F94315380917414882378
:10BA000071F081E08093731485E080936C0E08954B
:10BA10001092731483E080936C0E0C94CF6B089596
:10BA2000CF92DF92EF92FF920F931F93CF93DF930A
:10BA3000082F109274148091FC14882321F089EF50
:10BA400094E10F949C801092E3161092E0160F94EC
:10BA5000841DEB010F940251809104018064809356
:10BA600004012398229A219A209A289A85E08093AB
:10BA7000E11682E58CBD1DBC1AE08FEF0F94F481B6
:10BA80001150D9F72B9A20E030E0A90160E080EE58
:10BA900096E10F9400828093E216813061F00F945A
:10BAA000841D6C1B7D0B613D774068F32B9881E012
:10BAB0008093E01622C02B980F94841DEB0184E440
:10BAC00098E60E948F5D8FEF0F94F4810F94F981B7
:10BAD0008093E2168F3F59F18FEF0F94F4810F940A
:10BAE000841D6C1B7D0B6232710580F382E08093B4
:10BAF000E01683E398E60E948F5D0F94025183EA7B
:10BB000099E60E94685B8EED94E60E948F5D8091BD
:10BB10007414882309F49AC0802FDF91CF911F916C
:10BB20000F91FF90EF90DF90CF900D94FC5A2AEA8E
:10BB300031E040E050E068E080EE96E10F94008252
:10BB400082FF2BC081E08093E3168091E316C12C25
:10BB5000D12C7601823029F4C12CD12CE12C80E447
:10BB6000F82E20E030E0A90167E380EE96E10F9423
:10BB70000082A701960169E280EE96E10F940082AF
:10BB80008093E2168823B1F00F94841D6C1B7D0B0B
:10BB9000613D774030F38AE08BCF14E00F94F98158
:10BBA0008093E2161150D1F78A3A11F082E080CFEB
:10BBB00082E0C9CF8091E3168230D1F420E030E0FA
:10BBC000A9016AE380EE96E10F940082882311F0C8
:10BBD00088E06ECF0F94F981807C803C19F483E07B
:10BBE0008093E3160F94F9810F94F9810F94F981F2
:10BBF0000F9402511092E11681E00F94BA4C81111A
:10BC00000CC080E00F94BA4C811107C08BE799E615
:10BC10000E94685B8BEC94E678CF65EE76E189EF65
:10BC200094E10F944C80811107C08BE799E60E9444
:10BC3000685B8BEB94E669CF81E08093741483EAB0
:10BC400099E60E94685B80EB94E65FCFDF91CF912D
:10BC50001F910F91FF90EF90DF90CF9008954F923A
:10BC60005F926F927F928F929F92AF92BF92CF928C
:10BC7000DF92EF92FF924B015C016091720E709126
:10BC8000730E072E000C880B990B0F94F1B520E072
:10BC900030E0A9010F9480BD8823D1F010926A0E84
:10BCA000CC24CA94DC2C760198EE492E93E0592ED0
:10BCB000612C712C80916A0E81110AC02FEFC2167F
:10BCC000D206E206F20689F48091690E8230B9F458
:10BCD000FF90EF90DF90CF90BF90AF909F908F90AC
:10BCE0007F906F905F904F900895F7FCF1CF0F9485
:10BCF000841D6C197D09683B7B4030F3E9CF0F94BC
:10BD0000841D681979098A099B09693E7340810578
:10BD1000910508F442C080916B0E81113AC080E316
:10BD200098E60E94685B6091650E7091660E809146
:10BD3000670E9091680E41E00F94B4B28CE298E6E1
:10BD40000E94685B60E070E0CB010F94F3AE88E284
:10BD500098E60E94685BF7FC52C00F94841D460170
:10BD6000570158EB850E5BE0951EA11CB11CA50187
:10BD70009401261B370B480B590BCA01B901A301CB
:10BD800092010F94D6BBCA01B9010F94F3AE0F9480
:10BD900067B30F94841D4B015C0190E080E00E942A
:10BDA00055763FEFC316D306E306F30609F046C007
:10BDB0008091640E6091720E7091730E882319F158
:10BDC000072E000C880B990B0F94F1B520E030E0A2
:10BDD00040E85FE30F948ABC9B01AC016091650E63
:10BDE0007091660E8091670E9091680E0F9414BF4B
:10BDF00087FD60CF0F94841D6B017C015BCF8FE3C7
:10BE00000E944F5BC4CF072E000C880B990B0F9438
:10BE1000F1B520E030E040E85FE30F948BBC9B017C
:10BE2000AC016091650E7091660E8091670E9091E5
:10BE3000680E0F9480BD1816ECF63CCFF7FC3ACF95
:10BE40006091720E7091730E072E000C880B990B87
:10BE50000F94F1B59B01AC016091650E7091660E77
:10BE60008091670E9091680E0F948ABC9F7720E0B6
:10BE700030E040EA50E40F9414BF18160CF01ACFCB
:10BE8000B9CF1F93CF93DF93EC01162F80917013DE
:10BE9000833009F44DC08C3109F451C08091951361
:10BEA000909196138C179D0771F1D0939613C093C0
:10BEB000951310939713CE010F94A29FE82FF0E0F3
:10BEC000EE0FFF1FE45AF849859194910F94909FCB
:10BED000C130D105C1F0CC3080E8D807A1F0C9321B
:10BEE00080E8D80781F00F94AC9ECE0188279E771A
:10BEF000892B49F08091A3139091A41301969093FC
:10BF0000A4138093A313809182138823D9F011E0A6
:10BF10001093630ECE010F9417A28F3F99F01093E8
:10BF2000831389E497E6DF91CF911F910C948F5D85
:10BF30001092A0130F9449981092610EAFCF1092F7
:10BF40009F13F8CF109283138091620E811106C067
:10BF5000CE01DF91CF911F910D94F3A0DF91CF918E
:10BF60001F9108952F923F924F925F926F927F920E
:10BF70008F929F92AF92BF92CF92DF92EF92FF92F9
:10BF80000F931F93CF93DF9300D01F92CDB7DEB7EF
:10BF90005C014B0180910617813009F0DEC0809171
:10BFA000041781FFDAC082FDBCC07401212C32E08D
:10BFB000332E00910B1710910C1720910D17309113
:10BFC0000E17E114F10409F430C180911C1790910F
:10BFD0001D17DC0114967C907A94B901A80129E020
:10BFE00076956795579547952A95D1F774221170E4
:10BFF000711025C00115110511F5409107175091D9
:10C0000008176091091770910A17411551056105CC
:10C01000710509F0A8C08091181790911917A09187
:10C020001A17B0911B170097A105B10509F0B4C00C
:10C0300083E097E10F94F980882309F48EC0C10151
:10C04000801B910B67018E159F0508F46C01E09130
:10C050001C17F0911D178091071790910817A09158
:10C060000917B0910A170297A109B109258504C0E3
:10C07000880F991FAA1FBB1F2A95D2F7468557859F
:10C0800060897189840F951FA61FB71F9C01AD01A0
:10C09000270D311D411D511D29013A01C11432E006
:10C0A000D30609F08AC08091740E9091750EA0910C
:10C0B000760EB091770E481659066A067B0669F42B
:10C0C00010927C0E8FEF9FEFDC018093740E9093A3
:10C0D000750EA093760EB093770E9501B301A20171
:10C0E00080917D0E90917E0E0F9460828823A9F13D
:10C0F00080910B1790910C17A0910D17B0910E170E
:10C100008C0D9D1DA11DB11D80930B1790930C17D5
:10C11000A0930D17B0930E17AC0CBD1CEC18FD08C6
:10C1200048CF4091141750911517609116177091D0
:10C13000171780910B1790910C17A0910D17B091C4
:10C140000E17481759076A077B0709F42ECF83E0BB
:10C1500097E10F94A748811128CF81E080930317BE
:10C160008FEF9FEF81C09E012F5F3F4F0F94A4463A
:10C17000882399F389819A81AB81BC81E0911C1756
:10C18000F0911D172789203181F4883FEFEF9E073A
:10C19000A105B10508F04CCF8093071790930817BD
:10C1A000A0930917B0930A174ACF883FFFEF9F0764
:10C1B000AF07FFE0BF0780F33BCF0115110569F51D
:10C1C00040910B1750910C1760910D1770910E173D
:10C1D0008091141790911517A0911617B091171709
:10C1E000481759076A077B07C0F00F9496458823C4
:10C1F00009F4B3CF81E080937C0E4092740E50928C
:10C20000750E6092760E7092770EA601B501C80188
:10C210008058914F0F948CC16BCF41E0C301B201A4
:10C220000F94D5458111F1CF98CF8091141790913B
:10C230001517A0911617B091171780179107A2072D
:10C24000B30768F48091041700931417109315171F
:10C2500020931617309317178068809304178091E6
:10C26000041783FD18C0C4010F900F900F900F901A
:10C27000DF91CF911F910F91FF90EF90DF90CF90C2
:10C28000BF90AF909F908F907F906F905F904F90F6
:10C290003F902F90089583E097E10F9472488111A9
:10C2A000E2CF5BCF0F93CF93DF93CDB7DEB7A397EA
:10C2B0000FB6F894DEBF0FBECDBF2091141630919B
:10C2C000151682179307D8F4613031F421503109E3
:10C2D000A901481B590BCA01880F991FFC01EA5E8E
:10C2E000F94E808191810F941A57A3960FB6F89456
:10C2F000DEBF0FBECDBFDF91CF910F9108954EE10C
:10C3000055E150931D1540931C15821B930B01960C
:10C3100090938C1780938B174091DE165091DF1607
:10C3200085E0440F551F8A95E1F770E060E08EE1EB
:10C3300095E10F94A74800E00E7F0D7FE0911C155A
:10C34000F0911D1583E2DE01119601900D928A9500
:10C35000E1F722E050E040E0BE016F5F7F4F82EFE7
:10C3600092E00F94A454CE0101960E94495BBDCF88
:10C370000F931F93CF93DF931F921F92CDB7DEB71A
:10C3800020917414222369F18C018091061788236F
:10C3900079F180E796E60E948F5D109273141A83FC
:10C3A0000983CE0101960F94145B8823D1F0498153
:10C3B0005A8160911C1570911D1526E583E097E167
:10C3C0000F9410B5811122C08BEE94E60E94685B39
:10C3D00089819A810E940F718EE20E944F5B0F94B7
:10C3E00067B30F900F90DF91CF911F910F91089538
:10C3F0001092261783EA99E60E94685B85E798E623
:10C400000E94685BC8010F9468B4C7CF81E0809335
:10C41000711489819A810F94D3568EE596E60E9415
:10C42000685B0F94B6570F9467B381E598E60E9456
:10C430008F5D81E598E60E9497EE10926D0ED1CF48
:10C440000F931F93CF93DF93EC0184E0FE011192D1
:10C450008A95E9F723E030EA4AE050E960E380EEAC
:10C4600096E10F940082882391F023E030EA4AE0BD
:10C4700050E961E180EE96E10F940082882339F063
:10C4800080E88093E0160F94025180E02FC00F9453
:10C49000841D8B010F94F9818093E2168F3F69F41C
:10C4A0000F94841D601B710B6D32714098F381E114
:10C4B0008093E0160F940251E6CF8E3F11F08FE08B
:10C4C000F7CF8E010C5F1F4F0F94F9818993C0172E
:10C4D000D107D1F7CEEFD1E00F94F9812197E1F7A1
:10C4E0000F9402518FEF0F94F48181E0DF91CF918F
:10C4F0001F910F9108958F929F92AF92BF92CF920A
:10C50000DF92EF92FF920F931F93CF93DF931F92CF
:10C51000CDB7DEB76B017C0149015A01033019F434
:10C520008CE58CBD1DBC81149104A104B10409F4F7
:10C5300059C08E2D0E94C95A8D2D0E94C95A8C2D2A
:10C540000E94C95A60911D1870911E1880E290E0F7
:10C550000F94CBB910E119820130B1F188F10330A9
:10C56000B9F18FEFC81AD80AE80AF80A60911D18C5
:10C5700070911E1880E290E00F94CBB989810E94DF
:10C58000C95A115081E0881A9108A108B1080FB664
:10C5900007FE06C0C4019F71892B11F40F94832CF0
:10C5A00081149104A104B10411F01111D4CF609150
:10C5B0001D1870911E188AE090E00F94CBB9B3CF8C
:10C5C000F60180818983CDCFC6010F9463BBFACF7A
:10C5D00021E030E0AE014F5F5F4FC701B6010E941E
:10C5E000E6C7BFCF0F90DF91CF911F910F91FF90C2
:10C5F000EF90DF90CF90BF90AF909F908F90089575
:10C60000E7E0F1E080818E7F80839FB7F894E8E0D7
:10C61000F1E080818E7F80839FBF10928D170895F7
:10C6200080918D17833011F40F940063809107017E
:10C630008E7F809307019FB7F894809108018160F5
:10C64000809308019FBF8DE897E10E9411588DE803
:10C6500097E10E94115888E49DE00F9463BB80939A
:10C6600096170895CF92DF92EF92FF9269017A01B7
:10C670002DEC3CEC4CE45EE30F948ABC2DEC3CECDE
:10C680004CE45EE30F9430B62DEF3DEA40E05DE30D
:10C690000F948BBCA70196010F9430B624E230EFC3
:10C6A00049E150E40F948ABDFF90EF90DF90CF9066
:10C6B00008952F923F924F925F926F927F928F9246
:10C6C0009F92AF92BF92CF92DF92EF92FF920F9321
:10C6D0001F93CF93DF9300D01F921F92CDB7DEB789
:10C6E0008C834A015B0123E43DEC4FE25DE3CB0127
:10C6F000B4010F948ABC6B017C0120E030E040EA79
:10C7000051E4C501B4010F943263562E472E382EE2
:10C71000292EA7019601C501B4010F9432636983E4
:10C720007A838B83A92EBC808B2D90E09C012D5F9A
:10C730003F4F3D832C830B2D10E08C819D81801712
:10C7400091070CF4A1C02F923F924F925F92B801D3
:10C75000012E000C880B990B0F94F1B5A7019601DF
:10C760000F9430B69B01AC010F948BBC9B01AC01C4
:10C7700060E070E08CE092E40F948ABC9F938F930A
:10C780007F936F931F9296E49F9329E436E63F933D
:10C790002F930E94B171B801660F771F6F5F7F4FB3
:10C7A000072E000C880B990B0F94F1B5A701960189
:10C7B0000F9430B69B01AC0160E070E08CE092E435
:10C7C0000F948ABC962E872E782E692EAF929B816D
:10C7D0009F932A812F9339813F936F927F928F92FB
:10C7E0009F921F9286E48F9329E436E63F932F931E
:10C7F0000E94B1712F923F924F925F926F927F92FF
:10C800008F929F921F9292E39F9329E436E63F9383
:10C810002F930E94B1710FB6F894DEBF0FBECDBF4B
:10C82000AF923B813F938A818F9399819F93B80107
:10C830006F5F7F4F072E000C880B990B0F94F1B59B
:10C84000A70196010F9430B69B01AC010F948BBCED
:10C850009B01AC0160E070E08CE092E40F948ABC34
:10C860009F938F937F936F931F9222E32F9389E47B
:10C8700096E69F938F930E94B171B3940FB6F8948C
:10C88000DEBF0FBECDBF57CF0F900F900F900F9010
:10C890000F90DF91CF911F910F91FF90EF90DF905C
:10C8A000CF90BF90AF909F908F907F906F905F9050
:10C8B0004F903F902F9008959FB7F89480E1E8E55E
:10C8C000F7E0A8E6B7E001900D928A95E1F79FBFE7
:10C8D000089589E080937907E6E8F6E685919491DA
:10C8E0000C9497EECF93C82F8093841383EA99E634
:10C8F0000E94685B83E496E60E94685B89E396E6A3
:10C900000E94685B8C2F90E0CF910D948A520F9318
:10C910001F93CF93DF9300D000D01F921F92CDB70B
:10C92000DEB708EE13E01D821E821F821886198270
:10C930001A821B821C82AE014B5F5F4F6FE680E064
:10C940000F94BB17AE014F5F5F4F6FE681E00F940E
:10C95000BB178D819E81AF81B885B7FD07C00F944D
:10C960001F1E01501109F9F680E009C089819A81E2
:10C97000AB81BC81B7FFF3CF0F941F1E81E02896D7
:10C980000FB6F894DEBF0FBECDBFDF91CF911F91E0
:10C990000F9108951F93CF93DF93EC01162F0F94FF
:10C9A0001B37FE0134962591359145915491FE0136
:10C9B00065917591859194910F946C9F2896115073
:10C9C00081F70F941B37DF91CF911F910D946A9FD0
:10C9D0000E94D24C811104C089E994E60E9497EE2E
:10C9E00010927907089580919D13882311F081E0BA
:10C9F000089580E008952F923F924F925F926F9238
:10CA00007F928F929F92AF92BF92CF92DF92EF92DE
:10CA1000FF920F931F93CF93DF93CDB7DEB72D9780
:10CA20000FB6F894DEBF0FBECDBFE82E412C512CBF
:10CA300032016E3190F0693C08F068EC70E06851AA
:10CA40007C4F90E080E00F94EFB520E030E04AE7C3
:10CA500054E40F948ABD2B013C018091C002909157
:10CA6000C102A091C202B091C30289839A83AB83B1
:10CA7000BC838091C4029091C502A091C6028D83AF
:10CA80009E83AF8320E030E047EF50E069EE8E2DCB
:10CA90000F941518812C912C5401F12C10E001E019
:10CAA000D12C19862F2C312C8F2D8F7188878111D5
:10CAB00003C0812C912C5401B101032C000C880B74
:10CAC000990B0F94F1B52BED3FE049EC50E40F9436
:10CAD00030B66A877B878C879D8720E030E0A9018C
:10CAE000C301B2010F9480BD81114DC02BED3FE019
:10CAF00049E450E46A857B858C859D850F948BBCC9
:10CB000020E030E040E85AE30F9430B60F944BC079
:10CB100020E030E048E753E40F9430B620E030E006
:10CB200040E05FE30F948BBC0F9403BECC24CA9407
:10CB3000C60E8C2D9985891B8D15F9F0801709F487
:10CB400071C08D150CF053C08823E9F1813009F4D0
:10CB500044C08F3F09F081C0E2E0F0E0EC0FFD1F20
:10CB6000E10FF11D108200E0E5E0F0E0EC0FFD1FA9
:10CB7000E10FF11DF0821F5FD82E143008F456C06B
:10CB80006CC0F82E8FCF20E030E040E85AE36A8591
:10CB90007B858C859D850F9430B60F944BC0A30187
:10CBA00092010F94FBBF20E030E047E753E40F947D
:10CBB00030B620E030E040E05FE30F948BBC0F9490
:10CBC00003BEC62EB6CFE2E0F0E0EC0FFD1FE10F92
:10CBD000F11D91E0908301E0C7CFE2E0F0E0EC0FBF
:10CBE000FD1FE10FF11D92E0908302E0BDCF081719
:10CBF000A4F5823009F480C0833009F488C0813004
:10CC000061F5E2E0F0E0EC0FFD1FE10FF11D808324
:10CC100001E0D12CE5E0F0E0EC0FFD1FE10FF11D8C
:10CC2000F0821F5F1430C8F46894B7F888858F319C
:10CC300009F078C0B101E5E075956795EA95E1F7EF
:10CC4000605A6068A50194018E2D0F94151881E03B
:10CC50008F0DC9869FEFF91294CF2A8130E050E002
:10CC600040E082E0220F331F441F551F8A95D1F701
:10CC70008B80912CB12CA12C94E0880C991CAA1CBF
:10CC8000BB1C9A95D1F7822A932AA42AB52A8981B6
:10CC9000882A8C8190E0B0E0A0E09C01AD0166E0C4
:10CCA000220F331F441F551F6A95D1F728293929B0
:10CCB0004A295B298D81382B8E81482B8F81582BF7
:10CCC00068EE8E2D2D960FB6F894DEBF0FBECDBF49
:10CCD000DF91CF911F910F91FF90EF90DF90CF9058
:10CCE000BF90AF909F908F907F906F905F904F908C
:10CCF0003F902F900D941518E2E0F0E0EC0FFD1F2F
:10CD0000E10FF11D808302E0DD24D39483CFE2E0C4
:10CD1000F0E0EC0FFD1FE10FF11D808303E0F2E076
:10CD2000DF2E78CFB694A7949794879490CF8F9264
:10CD30009F92AF92BF92CF92DF92EF92FF9290912B
:10CD40004307882309F49DC0911192C00F941B37AB
:10CD50000E94684D6091950270919602072E000C1A
:10CD6000880B990B0F94F1B52091F5063091F606DA
:10CD70004091F7065091F8060F9430B62AE037ED4F
:10CD800043E25CE30F9430B620915307309154078F
:10CD900040915507509156070F948BBC60935307F1
:10CDA00070935407809355079093560783E597E057
:10CDB0000F942087C0909102D0909202E09093024D
:10CDC000F090940220E030E040E752E46091F906F0
:10CDD0007091FA068091FB069091FC060F9430B694
:10CDE00060939102709392028093930290939402C5
:10CDF00081E08093430790E080E00E94365120E07C
:10CE000030E0A9016091FD067091FE068091FF0659
:10CE1000909100070F9480BD882311F10F941B3768
:10CE20002091FD063091FE064091FF0650910007CB
:10CE300060914F0770915007809151079091520770
:10CE40000F948ABC60934F077093500780935107EB
:10CE5000909352070F948F9590E080E00E94365196
:10CE6000C0929102D0929202E0929302F0929402C8
:10CE7000FF90EF90DF90CF90BF90AF909F908F90FA
:10CE800008959923A9F30F941B370E94684D809051
:10CE9000910290909202A0909302B090940220E0B0
:10CEA00030E040E752E460910507709106078091F9
:10CEB0000707909108070F9430B660939102709322
:10CEC00092028093930290939402C090FD06D090BA
:10CED000FE06E090FF06F090000720E030E0A90198
:10CEE000C701B6010F9480BD8823E1F0A701960128
:10CEF00060914F07709150078091510790915207B0
:10CF00000F948BBC60934F07709350078093510729
:10CF1000909352070F948F9590E080E00E943651D5
:10CF20000F941B37209101073091020740910307AE
:10CF3000509104076091F5067091F6068091F7060E
:10CF40009091F8060F948BBC6B017C016091950267
:10CF500070919602072E000C880B990B0F94F1B577
:10CF60009B01AC01C701B6010F9430B62AE037ED42
:10CF700043E25CE30F9430B69B01AC016091530730
:10CF80007091540780915507909156070F948ABC71
:10CF900060935307709354078093550790935607F7
:10CFA00083E597E00F9420871092430790E080E09C
:10CFB0000E9436518092910290929202A092930226
:10CFC000B092940255CFEF92FF920F931F93CF939D
:10CFD000C82F8B0180910901C130B9F0C230C1F076
:10CFE0008170481721F0642F8C2F0F9478178BE9EC
:10CFF000E82E8FE0F82E0150110970F08C2F0F945D
:10D000006717C7010197F1F7F6CF86958C27E8CF10
:10D0100082FB882780F9E5CFCF911F910F91FF9078
:10D02000EF9008958F929F92AF92BF92CF92DF922E
:10D03000EF92FF920F931F93CF93C82F8A01C62EB2
:10D04000D12C1F934F9383E08F9388EE8F931F9281
:10D0500082E08F931F926F931F92CF9389E794E69C
:10D060009F938F930F9425BA8DB79EB70C960FB6EA
:10D07000F8949EBF0FBE8DBF90E080E040E051E08D
:10D08000282FBA01082E02C0769567950A94E2F718
:10D090000617170729F001968830910589F728E0CF
:10D0A000E22EF12C88E090E08E199F0924E030E018
:10D0B000590102C0AA0CBB1C8A95E2F78C2F0F9471
:10D0C0003F189C0190E0C43028F4EC2FF0E0EB5DB9
:10D0D000FC4F90810E2C02C0369527950A94E2F7FA
:10D0E0008601021B130B95013695279561E02017E9
:10D0F000310774F1911160E017FF05C081E06827E6
:10D100001195019511098C2F0F9478178C2F0F947E
:10D110003F18B12CA12C2BE9822E2FE0922E0A155C
:10D120001B05F1F02FEFA21AB20A0E2C02C0969541
:10D1300087950A94E2F78C159D0591F08C2F0F943A
:10D140006717C4010197F1F78C2F0F943F18E7CFB1
:10D15000911101C060E0C501801B910B8C01CCCF07
:10D16000CF911F910F91FF90EF90DF90CF90BF90E4
:10D17000AF909F908F9008952F923F924F925F9221
:10D180006F927F928F929F92AF92BF92CF92DF92D7
:10D19000EF92FF920F931F93CF93DF934C01262EB4
:10D1A000C42F5901D02F009709F048C085012D2FB9
:10D1B00043EF52E666EF72E68C2F0F94A811D12C44
:10D1C000C12C0F94841D2B013C010E94525784E016
:10D1D00080939702760184E6382E82E390E00E94E5
:10D1E0005576211032C0809170069091710600979B
:10D1F000C9F50E945757882309F45DC0E114F10472
:10D2000009F055C082E08093970291E090939002DC
:10D2100080938F028C2FDF91CF911F910F91FF9000
:10D22000EF90DF90CF90BF90AF909F908F907F90C6
:10D230006F905F904F903F902F9008950F940C1235
:10D240006C01892B09F0BDCFB1CF0F94841D6419F7
:10D25000750986099709613375478105910518F2AB
:10D26000CFEFD0CFE114F104F9F4A114B104B1F07F
:10D2700097FF10C0C111C15085012D2F43EF52E619
:10D2800066EF72E68C2F0F94A8111092710610921F
:10D290007006AFCFC23081F3CF5FEECFC92FC095FC
:10D2A000CC1FCC27CC1FE8CF87E00F948742C11456
:10D2B000D10459F490CF3A9431108FCFC114D104D6
:10D2C00041F0E114F10409F47401C7010F940C1248
:10D2D0007C01E114F10409F07ECF85012D2F43EF8D
:10D2E00052E666EF72E68C2F0F94A81174CF10925D
:10D2F000A513E6EAF3E184ECDF011D928A95E9F7D4
:10D3000008952F923F924F925F926F927F928F92E9
:10D310009F92AF92BF92CF92DF92EF92FF920F93C4
:10D320001F93CF93DF9300D01F92CDB7DEB74B0191
:10D330005C01042F81E080936F0680916E0610E0FF
:10D34000813019F40E94F24B11E020918E022A8361
:10D3500081E080938E0280E00F94624289830F9473
:10D36000704280924F0790925007A0925107B0925E
:10D37000520765E575E585E591E40F948C9F0F9460
:10D38000D9A50F9470428C83882309F4F9C0809149
:10D39000060186FFF5C01B82C12CD12C7601312CF1
:10D3A0008B81801708F0A8C060914F0770915007DB
:10D3B000809151079091520720E030E040E05FE318
:10D3C000311004C02DEC3CEC4CE45EE30F948BBCBC
:10D3D0002B013C0140924F07509250076092510739
:10D3E0007092520765E575E585E591E40F948C9F91
:10D3F00080924F0790925007A0925107B092520727
:10D4000065E575E585E590E40F948C9F0F94D9A5AB
:10D41000A301920160914F077091500780915107CD
:10D42000909152070F948ABC9F772DEC3CEC4CEC0A
:10D430005CE30F9480BD87FF16C060E070E080E081
:10D440009FE30E940F5380924F0790925007A09243
:10D450005107B092520765E575E585E590E40F94B4
:10D460008C9F0F94D9A50F947042282E882309F41D
:10D4700087C08091060186FF83C040904F0750907F
:10D48000500760905107709052072B812223D9F0EA
:10D49000622F70E090E080E00F94F1B59B01AC0149
:10D4A000C701B6010F948ABD9B01AC01C301B20153
:10D4B0000F948ABC9F772DEC3CEC4CE45DE30F9419
:10D4C00014BF181664F0A3019201C701B6010F94AE
:10D4D0008BBC6B017C012B812F5F2B8361CF3110C3
:10D4E0004FC084EF91E00E945576322C8FEF8B83F2
:10D4F000C12CD12C7601EFCF023068F5C0924F07D6
:10D50000D0925007E0925107F09252078A8180939F
:10D510008E0289810F946242112319F080E00E94EB
:10D52000F24B10926F068C810F900F900F900F901E
:10D53000DF91CF911F910F91FF90EF90DF90CF90EF
:10D54000BF90AF909F908F907F906F905F904F9023
:10D550003F902F900895602F70E090E080E00F944E
:10D56000EFB59B01AC01C701B6010F948ABD609372
:10D570004F07709350078093510790935207C6CF7F
:10D580002A8120938E0289810F946242112319F01F
:10D5900080E00E94F24B10926F061C82C4CF2F9243
:10D5A0003F924F925F926F927F928F929F92AF9233
:10D5B000BF92CF92DF92EF92FF920F931F93CF9380
:10D5C000DF93CDB7DEB7CD5BD1400FB6F894DEBFA9
:10D5D0000FBECDBFC357DE4F99838883CD58D1404E
:10D5E000C157DE4F79836883CF58D140CE56DE4F86
:10D5F00059834883C259D14084E1CF56DE4F888396
:10D60000C159D140CE56DE4FA881B981C259D1400F
:10D610008D919D910D90BC91A02DC656DE4F8883B3
:10D620009983AA83BB83CA59D140C157DE4FA881D1
:10D63000B981CF58D1408D919D910D90BC91A02D75
:10D64000CA54DE4F88839983AA83BB83C65BD140CB
:10D65000C357DE4FA881B981CD58D1408D919D919E
:10D660000D90BC91A02DC654DE4F88839983AA8368
:10D67000BB83CA5BD140FE01E75FFE4FC855DE4F5A
:10D68000F983E883C85AD140CE018B579F4FCA55C2
:10D69000DE4F99838883C65AD140DE011196C85661
:10D6A000DE4FB983A883C859D140312C212CB10158
:10D6B000032C000C880B990B0F94F1B52AE138EF7D
:10D6C00042E45EE30F9430B66B017C010F944BC0D3
:10D6D000C256DE4F688379838A839B83CE59D140BB
:10D6E000C701B6010F9485BDCE55DE4F688379839F
:10D6F0008A839B83C25AD1409B01AC01C656DE4F40
:10D70000688179818A819B81CA59D1400F9430B652
:10D71000C654DE4F288139814A815B81CA5BD14082
:10D720000F948BBC6B017C0120E030E0A9010F94C9
:10D7300080BD18160CF07AC2C256DE4F288139819E
:10D740004A815B81CE59D140C656DE4F68817981CE
:10D750008A819B81CA59D1400F9430B6CA54DE4F9A
:10D76000288139814A815B81C65BD1400F948BBC93
:10D770004B015C0120E030E0A9010F9480BD181638
:10D780000CF054C220E030E048EF51E4C701B6018C
:10D790000F9414BF87FF4AC220E030E048EF51E405
:10D7A000C501B4010F9414BF87FF40C2C701B60181
:10D7B0000F9432BE9B01AC01C701B6010F948ABC25
:10D7C0002B013C01C501B4010F9432BE9B01AC0199
:10D7D000C501B4010F948ABCCC56DE4F68837983AF
:10D7E0008A839B83C459D140A301920160E070E019
:10D7F00080E89FE30F948ABCC255DE4F688379832B
:10D800008A839B83CE5AD140CC56DE4F2881398102
:10D810004A815B81C459D14060E070E080E89FE3B9
:10D820000F948ABCCE54DE4F688379838A839B83AE
:10D83000C25BD140C701B6010F9403BE6B01FB016F
:10D840003196C655DE4FF983E883CA5AD140C501E7
:10D85000B4010F9403BE8B0195E0000F111F9A9540
:10D86000E1F7C8018096C455DE4F99838883CC5A6E
:10D87000D140F801EC0DFD1DE658F84F608170E0D5
:10D8800090E080E00F94F1B54B015C01CE54DE4F87
:10D89000288139814A815B81C25BD140C255DE4F0C
:10D8A000688179818A819B81CE5AD1400F9430B6AC
:10D8B0009B01AC01C501B4010F9430B64B015C0172
:10D8C000C455DE4FE881F981CC5AD140EC0DFD1DE5
:10D8D000E658F84F608170E090E080E00F94F1B579
:10D8E0006B017C01C255DE4F288139814A815B8101
:10D8F000CE5AD140CC56DE4F688179818A819B8196
:10D90000C459D1400F9430B69B01AC01C701B60198
:10D910000F9430B69B01AC01C501B4010F948BBCD0
:10D920006B017C01C655DE4FA881B981CA5AD1402E
:10D930000A0F1B1FF801E658F84F608170E090E075
:10D9400080E00F94F1B54B015C01CE54DE4F28818D
:10D9500039814A815B81C25BD140C301B2010F941E
:10D9600030B69B01AC01C501B4010F9430B69B01E8
:10D97000AC01C701B6010F948BBC6B017C01C6558D
:10D98000DE4FE881F981CA5AD140C455DE4F888103
:10D990009981CC5AD140E80FF91FE658F84F6081C1
:10D9A00070E090E080E00F94F1B54B015C01CC5643
:10D9B000DE4F288139814A815B81C459D140C3013E
:10D9C000B2010F9430B69B01AC01C501B4010F94B4
:10D9D00030B69B01AC01C701B6010F948BBC20E0AF
:10D9E00030E040E052E40F948ABC6B017C01AC0152
:10D9F0009B01CE55DE4F688179818A819B81C25A15
:10DA0000D1400F9430B6C855DE4FA881B981C85AAD
:10DA1000D1406D937D938D939D93C855DE4FB9830F
:10DA2000A883C85AD140A7019601C256DE4F68812B
:10DA300079818A819B81CE59D1400F9430B6CA55E5
:10DA4000DE4FE881F981C65AD14061937193819389
:10DA50009193CA55DE4FF983E883C65AD140C85620
:10DA6000DE4FA881B981C859D140CD92DD92ED92A7
:10DA7000FD92C856DE4FB983A883C859D140BFEF85
:10DA80002B1A3B0AE1E22E16310409F010CE40E0D9
:10DA900050E060E07DE3CE01875F9E4F0F94D34955
:10DAA0009B01AC01C357DE4FA881B981CD58D1404D
:10DAB0006D917D918D919C910F948BBCC357DE4FDE
:10DAC000E881F981CD58D14060837183828393834B
:10DAD00040E050E060E07DE3CE018B579F4F0F9414
:10DAE000D3499B01AC01C157DE4FA881B981CF5802
:10DAF000D1406D917D918D919C910F948BBCC157BC
:10DB0000DE4FE881F981CF58D140608371838283F1
:10DB1000938340E050E060E87CE3CE0101960F94EF
:10DB2000D349CE56DE4FA881B981C259D1402D913B
:10DB30003D914D915C910F948BBC162F072FF82EC1
:10DB4000E92E20E030E040E050E40F9480BD18164C
:10DB50002CF010E000E0F12C80E4E82EA801970101
:10DB6000852F902FA32FBE2DCE56DE4FE881F98151
:10DB7000C259D14080839183A283B383CF56DE4FB5
:10DB8000F881C159D140F150CF56DE4FF883C159C9
:10DB9000D140F11137CDEF92FF920F931F93C157F0
:10DBA000DE4FA881B981CF58D14013968C9113973D
:10DBB0008F9312968C9112978F9311968C91119747
:10DBC0008F938C918F93C357DE4FE881F981CD58A5
:10DBD000D14083818F9382818F9381818F938081C4
:10DBE0008F938DE594E69F938F930F9425BA0FB68C
:10DBF000F894DEBF0FBECDBFC354DE4F0FB6F8940E
:10DC0000DEBF0FBECDBFDF91CF911F910F91FF906F
:10DC1000EF90DF90CF90BF90AF909F908F907F90CC
:10DC20006F905F904F903F902F90089560E070E06C
:10DC3000CB01D5CE2F923F924F925F926F927F92FF
:10DC40008F929F92AF92BF92CF92DF92EF92FF920C
:10DC50000F931F93CF93DF9300D01F921F92CDB7E6
:10DC6000DEB72B011A01F12CE12C1C821D8210E081
:10DC700050E066246394712C70E060E097012658B0
:10DC8000384F3A832983862EC980DA80C60ED71E84
:10DC9000FC0100E040E030E020E0AEEFA40FAB83F9
:10DCA000442319F04B3009F07DC0AEEFA20FA8302D
:10DCB00008F47AC02F5F3F4F2C30310589F74F5F52
:10DCC00020E2C20ED11C32964C3029F73C8130172D
:10DCD00018F40C835D83182D6F5F7F4F64317105DD
:10DCE00091F65F5FA0E2EA0EF11C543129F6EC8157
:10DCF0006E2F70E090E080E00F94F1B523EC35EFEB
:10DD000048EA5FE30F948ABD9F938F937F936F934D
:10DD1000FD816F2F70E090E080E00F94F1B520E07E
:10DD200030E040EB50E40F948BBC9F938F937F9334
:10DD30006F93612F70E090E080E00F94F1B520E0E8
:10DD400030E040EB50E40F948BBC9F938F937F9314
:10DD50006F9389E394E69F938F930F9425BAF20112
:10DD600010832D81F10120830FB6F894DEBF0FBE22
:10DD7000CDBF8C810F900F900F900F900F90DF917F
:10DD8000CF911F910F91FF90EF90DF90CF90BF90B8
:10DD9000AF909F908F907F906F905F904F903F904B
:10DDA0002F900895222311F02B3021F4AB81A8305D
:10DDB00008F080CF99249394D601A20FB31FAC91A1
:10DDC000A13108F4912CA080B180D301022E02C0B1
:10DDD000AA0FBB1F0A94E2F7AA21BB21BB24B3946C
:10DDE000AB2B09F4B12C9B1065CF0F5F63CF2F9243
:10DDF0003F924F925F926F927F928F929F92AF92DB
:10DE0000BF92CF92DF92EF92FF920F931F93CF9327
:10DE1000DF93CDB7DEB7CA55D1090FB6F894DEBF90
:10DE20000FBECDBF63969FAF8EAF63978B016A0124
:10DE30007E0125E4E20EF11C80E197E2F701918377
:10DE4000808388E294E69F938F930F9425BA2AE704
:10DE500037E061963FAF2EAF6197C801805E934077
:10DE60002B969FAF8EAF2B970F900F90E0E4F0E0D2
:10DE70002996FFAFEEAF299763962EAD3FAD63971E
:10DE8000205E334069963FAF2EAF699729964EAC1E
:10DE90005FAC2997312C63968EAD9FAD639780520E
:10DEA0009C4F6B969FAF8EAF6B9760907007709092
:10DEB000710780907207909073076B96AEACBFAC01
:10DEC0006B97311004C06996AEACBFAC6997809176
:10DED000680790916907A0916A07B0916B07F501F7
:10DEE000E81BF90BCF0171F0AF01F7FF04C0442725
:10DEF00055274E1B5F0B692F661F6627661F81E043
:10DF00000F943A4F80916C0790916D07A0916E0726
:10DF1000B0916F072B964EAD5FAD2B97481B590BF9
:10DF200057FDB2C060E04115510509F0AEC08091C7
:10DF3000700790917107A0917207B0917307681AEA
:10DF4000790A77FCABC060E06114710409F0A7C0E6
:10DF5000409170075091710760917207709173073B
:10DF600000E028EC30E02B966EAD7FAD2B97C5011D
:10DF70000E9474C6632D80E00F946D455F924F92AE
:10DF800084E294E69F938F930F9425BA63E084E034
:10DF90000E940D545F924F9285E194E69F938F9378
:10DFA0000E94E6530FB6F894DEBF0FBECDBF21E04E
:10DFB00030E0311002C02FEF3FEF40EC4203C001D0
:10DFC000439F900D112467969FAF8EAF679740EEE9
:10DFD00053E0249F4001259F900C349F900C112406
:10DFE0006396EEADFFAD63978E0E9F1E9E012F5F71
:10DFF0003F4F2D963FAF2EAF2D9761968EAD9FADC3
:10E0000061972F969FAF8EAF2F97712C612CE0E117
:10E01000F7E22796FFAFEEAF2797809168079091C0
:10E020006907A0916A07B0916B078401081B190B5F
:10E0300017FF03C011950195110998013595279592
:10E0400065963FAF2EAF65971C9B33C045E0242EED
:10E050006596AEACBFAC6597632D822D0E941BC642
:10E0600031E0A31AB10840F128EC30E0A70168EED6
:10E0700073E0822D0E94ECC4632D822D0E9434C671
:10E08000EFCF3324339411CF62E057FF03C0519593
:10E090004195510982E00F943A4F49CF64E0A301C2
:10E0A00077FE03C051954195510984E00F943A4F92
:10E0B0004FCF22242394CCCF6596EEADFFAD65976C
:10E0C0000E1B1F0B23961FAF0EAF2397632D822DC0
:10E0D0000E941BC69E012F5B3F4FA70168EE73E0B5
:10E0E000822D0E9492C5882329F0632D822D0E94E3
:10E0F00034C6F0CF60E082E00F946D4520E137E256
:10E1000027963FAF2EAF27970091700710917107A8
:10E110002091720730917307005A164F17FF02C003
:10E120000F5F1F4F159507958091700790917107AC
:10E13000A0917207B091730780179107F4F41C9BAC
:10E140001CC028EC30E0A70168EE73E084E00E9478
:10E15000ECC48091700790917107A0917207B09103
:10E1600073070196A11DB11D8093700790937107ED
:10E17000A0937207B0937307D7CF1C9B3FC08091C9
:10E18000700790917107A0917207B0917307E0E654
:10E19000F9E0E81BF90BCF01F7FF02C090E080E047
:10E1A00025969FAF8EAF25971C9B28C08091700746
:10E1B00090917107A0917207B091730780369940D2
:10E1C000ECF49E012D5B3F4FA70168EE73E084E005
:10E1D0000E9492C58091700790917107A09172077B
:10E1E000B09173070196A11DB11D809370079093A4
:10E1F0007107A0937207B0937307D6CF60E084E0F5
:10E200000E941BC6F701208131812031F7E23F07D0
:10E2100058F4A70168E17CEF84E00E94ECC460E060
:10E2200084E00E9434C6EECF61E082E00F946D4539
:10E2300020E137E2F70131832083009170071091CC
:10E24000710720917207309173070C0D1D1D17FF88
:10E2500002C00F5F1F4F1595079580917007909131
:10E260007107A0917207B0917307081719070CF096
:10E27000D9C01C9BBBC00091700710917107209101
:10E280007207309173071C9928C080917007909194
:10E290007107A0917207B09173078C199D0997FFC0
:10E2A00002C090E080E025969FAF8EAF25971C9925
:10E2B0000CC08091700790917107A0917207B09186
:10E2C0007307C816D9060CF4AFC0009170071091FF
:10E2D00071072091720730917307809170079091B8
:10E2E0007107A0917207B0917307C816D9063CF464
:10E2F000F701808191818031974208F4B2C00C19F6
:10E300001D093110CAC0F301EE0FFF1F21E030E0FC
:10E310002C0F3D1FE20FF31F11830083FFEF6F1AD5
:10E320007F0A67962EAD3FAD6797820E931E2D969E
:10E330008EAD9FAD2D9702972D969FAF8EAF2D97E7
:10E340002F96EEADFFAD2F9731972F96FFAFEEAF23
:10E350002F97F0E26F16710409F059CE21E0421AAE
:10E36000510831E033128DCE61968EAD9FAD61972D
:10E37000809661969FAF8EAF61972B96EEADFFAD05
:10E380002B97E05CFF4F2B96FFAFEEAF2B972996B4
:10E390002EAD3FAD29972250310929963FAF2EAFC0
:10E3A0002997232B09F072CD83E194E69F938F93F5
:10E3B0000F9425BA0F900F90C65ADF4F0FB6F894FE
:10E3C000DEBF0FBECDBFDF91CF911F910F91FF90A8
:10E3D000EF90DF90CF90BF90AF909F908F907F9005
:10E3E0006F905F904F903F902F90089528EC30E011
:10E3F000A70168EE73E084E00E94ECC4809170078E
:10E4000090917107A0917207B09173070197A109CC
:10E41000B1098093700790937107A0937207B0932E
:10E4200073071BCF86012FCF9E012D5B3F4FA701A6
:10E4300068EE73E084E00E9492C58091700790912D
:10E440007107A0917207B09173070197A109B109F3
:10E450008093700790937107A0937207B09373072E
:10E4600026CF28EC30E0A70168E17CEF84E00E9431
:10E47000ECC48091700790917107A0917207B091E0
:10E4800073070197A109B1098093700790937107F1
:10E49000A0937207B093730720CF2D96EEADFFAD1A
:10E4A0002D9786AD97AD012E000C220B330B080F74
:10E4B000191F211D311D36952795179507950F3F7B
:10E4C00011052105310529F020F00FEF10E020E0C3
:10E4D00030E02F96EEADFFAD2F97078F1FCF2F9215
:10E4E0003F924F925F926F927F928F929F92AF92E4
:10E4F000BF92CF92DF92EF92FF920F931F93CF9331
:10E50000DF93CDB7DEB76C970FB6F894DEBF0FBEC2
:10E51000CDBF6C015B014A01190118870F83FA8294
:10E52000E982D7018D919C9160ED72E00F942CBC33
:10E530009C8F8B8F9F938F933F922F931F9284E694
:10E540008F939F928F92BF92AF92DF92CF928BED7B
:10E5500093E69F938F930F9425BA0FB6F894DEBF7E
:10E560000FBECDBF22273327221933093A8F298FB7
:10E57000C401990CAA0BBB0B89879A87AB87BC8710
:10E580009501BB0C440B550B298B3A8B4B8B5C8B49
:10E59000C601DD0CAA0BBB0B8D8B9E8BAF8BB88F8E
:10E5A000121413040CF0BAC08B8D9C8D6CE370E0D8
:10E5B0000F942CBC10E1161B2B8D3C8DD1010F94B8
:10E5C00083BC0F94EFB520E030E044E354E40F94B3
:10E5D0008ABD6B017C016F817885EB8DFC8D6E0FA0
:10E5E0007F1F90E080E00F94EFB525E33AEF4EE80F
:10E5F0005CE30F9430B64B015C010F9485BD6B83D7
:10E600007C838D839E83C501B4010F944BC02B0185
:10E610003C0169857A858B859C850F94F1B54B010A
:10E620005C012B8D3C8DA4E6B0E00F9403BC0F94ED
:10E63000F1B520E030E044E354E40F948ABD9B013F
:10E64000AC01C501B4010F948ABC0F94FCBD6D8769
:10E650007E878F87988B69897A898B899C890F94AB
:10E66000F1B54B015C01A3019201C701B6010F9402
:10E6700030B69B01AC01C501B4010F948BBC0F9463
:10E68000FCBD4B016D897E898F89988D0F94F1B502
:10E690002B013C01A70196016B817C818D819E81BC
:10E6A0000F9430B69B01AC01C301B2010F948BBC37
:10E6B0000F94FCBDCB0101E020E431E04D855E8587
:10E6C000B4010E9474C6212F30E08823B9F14B8D2C
:10E6D0005C8D420F531F4F5F5F4F5C8F4B8FEB8DF5
:10E6E000FC8DA981BA81ED93FC936C960FB6F894DA
:10E6F000DEBF0FBECDBFDF91CF911F910F91FF9075
:10E70000EF90DF90CF90BF90AF909F908F907F90D1
:10E710006F905F904F903F902F9008952FEC32E0D4
:10E72000AB8DBC8D2A1B3B0BC9016CE370E00F94D1
:10E730002CBC10E1161BA98DBA8D41CF2F5F3F4F26
:10E74000AB8DBC8DA20FB31FBC8FAB8FA03DB24071
:10E7500008F426CFC4CF1F93CF93DF9300D01F922E
:10E760001F92CDB7DEB7162F482F62E5CE01019676
:10E770000F94489F49815A816B817C818D810F94D0
:10E78000784B109331130F900F900F900F900F90C4
:10E79000DF91CF911F91089510927C13E1E4F9E687
:10E7A000849167E00D94AB73E0917C13AE2FB0E0E1
:10E7B000AA0FBB1FAA58BC4E2091491330914A138F
:10E7C0002D933C93EF5FE0937C13E23040F4F0E054
:10E7D000E85DF649849168E00F94AB7388E0089592
:10E7E000E0917C13AE2FB0E0AD58BC4E8091491340
:10E7F0008C93EF5FE0937C13E33040F010927C1336
:10E80000E8E2F9E6849168E00D94AB73F0E0EF5B29
:10E81000F649849167E0F8CFCF93DF9300D000D022
:10E8200000D01F92CDB7DEB780913813823409F43F
:10E8300046C0B8F5882309F472C084E08093301391
:10E8400085E0E8E3F3E1DE01169601900D928A95EA
:10E85000E1F785E0FE013696A3E3B3E101900D9266
:10E860008A95E1F740E060E0CE0101960F94489F61
:10E8700085E0FE013196A8E3B3E101900D928A95FF
:10E88000E1F785E0809331134091331350913413B5
:10E890006091351370913613809137130F94784B34
:10E8A0002EC08235B1F1873541F660913A137091EF
:10E8B0003B134CE0809139130F94E34B11C040910E
:10E8C000391362E4CE0101960F94489F49815A8121
:10E8D0006B817C818D810F94784B8AE0809331131A
:10E8E00040E060E0CE0101960F94489F85E0FE0174
:10E8F0003196A8E3B3E101900D928A95E1F781E0AA
:10E900002A960FB6F894DEBF0FBECDBFDF91CF9130
:10E9100008956BE0809139130F94AB73E1CF80E0E1
:10E92000EFCFCF93DF9300D01F921F92CDB7DEB70A
:10E9300049835A836B837C838D8385E0FE01319606
:10E94000A8E3B3E101900D928A95E1F7809131132C
:10E9500087FF09C00F900F900F900F900F90DF91DD
:10E96000CF910D940C740F900F900F900F900F900B
:10E97000DF91CF9108951F93CF93DF9300D01F9223
:10E980001F92CDB7DEB7182F482F63E5CE01019651
:10E990000F94489F49815A816B817C818D810F94AE
:10E9A000784B109331130F900F900F900F900F90A2
:10E9B000DF91CF911F910895CF93DF9300D01F92E5
:10E9C0001F92CDB7DEB740E061E5CE0101960F940E
:10E9D000489F49815A816B817C818D810F94784B4E
:10E9E00084E0809331130F900F900F900F900F9051
:10E9F000DF91CF910895CF93DF9300D01F921F92A4
:10EA0000CDB7DEB70F94A09F80937213482F66E6B0
:10EA1000CE0101960F94489F49815A816B817C8178
:10EA20008D810F94784B86E0809331130F900F9077
:10EA30000F900F900F90DF91CF910895CF93DF93B8
:10EA400000D01F921F92CDB7DEB780914813853456
:10EA5000F1F020F4823451F185E011C0863471F177
:10EA60008035D1F7809149138093701381E090E055
:10EA700090936F1380936E130F94FB7480E00F904C
:10EA80000F900F900F900F90DF91CF9108958CE031
:10EA9000809370138091491390914A1390936F1350
:10EAA00080936E130F94FB7487E0E9CF8091491334
:10EAB000809371130F94FB748BE0E1CF909133132B
:10EAC00080914313981322C0909134138091441382
:10EAD00098131CC01092701381E090E090936F1314
:10EAE00080936E1382E88093311340E060E0CE01A2
:10EAF00001960F94489F85E0FE013196A3E3B3E1B0
:10EB000001900D928A95E1F782E0B9CF83E0B7CF0B
:10EB10001F93CF93DF9300D01F921F92CDB7DEB724
:10EB20008091630E81112AC0109198131F3F91F5B7
:10EB300080919713811160C01F3FB9F081E090E090
:10EB400090932F1380932E13909396138093951385
:10EB50008FEF80939713133009F482C0F8F01630CA
:10EB600008F47BC0173009F47EC00F900F900F900F
:10EB70000F900F90DF91CF911F9108958091951381
:10EB8000909196130F9417A2182F1092630E8F3F37
:10EB900079F6CACF8FEF80939813CACF8DEB97E6A3
:10EBA0000E94685B812F90E00F948A520F94507BF3
:10EBB00080919713813089F486EB97E60F94909FAC
:10EBC000412F62E4CE0101960F94489F49815A81FA
:10EBD0006B817C818D810F949174809195139091BC
:10EBE0009613843020E8920721F08930904809F08C
:10EBF000BCCF0F944B4EB9CF193008F0B6CFE12FF0
:10EC0000F0E08827E95FF9488E4F0D9473BC0F023E
:10EC10000F020F024701650165016F02D901B101C1
:10EC20008091951390919613873820E8920721F0F0
:10EC30008730914809F099CF80913013843021F4C6
:10EC400080913313811191CF81E08093620E60E057
:10EC50008FE291E00F948AAC88CF10939B1385CFFD
:10EC60000F94559F82CF10929D1310924B131092C8
:10EC7000301360E08CEA9CE00F9487BB0F947852CD
:10EC800074CF4F925F926F927F928F929F92AF92CA
:10EC9000BF92CF92DF92EF92FF920F931F93CF9389
:10ECA000DF93CDB7DEB7A0970FB6F894DEBF0FBEE7
:10ECB000CDBF082F0F9488758091311387FD0F9475
:10ECC0000C749091311397FF7DC080913013823086
:10ECD000B1F008F475C08330E1F1843009F454C018
:10ECE0000F940C7481116BC382E080934B1383E00B
:10ECF0008093301382E88093311312E0DBC20F94CB
:10ED0000841DAB01BC0180913D1390913E13A091F5
:10ED10003F13B091401388519C4FAF4FBF4F4817DE
:10ED200059076A077B0708F44BC087E792E10F9405
:10ED30008FB90196D1F781E080934B138093301304
:10ED40001092521386E08093321380E00F94BB74CC
:10ED500037C0923829F60F94841DAB01BC01809115
:10ED60003D1390913E13A0913F13B09140138851F1
:10ED70009C4FAF4FBF4F481759076A077B0708F4EE
:10ED8000AFCF0F94DC741CC00F94841DAB01BC0189
:10ED900080913D1390913E13A0913F13B091401389
:10EDA00088519C4FAF4FBF4F481759076A077B07E1
:10EDB00040F70F94A09F9091721389130F94FB74E6
:10EDC00010E078C2A12CD12CC12C9924939455E049
:10EDD000B52E63E0862E74E0772EE2E06E2E66C0DC
:10EDE000233009F4E0C0243009F083C020ED280F5F
:10EDF0002A3008F4F8C02FE9280F263008F4F3C0B1
:10EE00008A3009F0FAC04090571383E593E10F94DC
:10EE1000379F4812B8C01092521388E0E3E5F3E13F
:10EE2000DE01519601900D928A95E1F788E0FE018E
:10EE30007196DE01599601900D928A95E1F788E06E
:10EE4000FE017996A3E4B3E101900D928A95E1F772
:10EE50008CE38983FE013296ABE5B3E120E0CF017C
:10EE6000521609F4CDC03D9140EE430F403608F0F4
:10EE70003EE231932F5FF4CF8E3408F056C08B34CE
:10EE800008F046C0823409F443C0E0F58A3059F0F6
:10EE90008D3049F0B0925213A11005C11F3609F010
:10EEA000F9C3AA24A3944FEFC41AD40A87E792E1C6
:10EEB0000F948FB997FD00C1182F20916B1330E08C
:10EEC000F901E25DFC4E85A77901EFEFEE1AFE0A2B
:10EED000FFE0EF22FF245E2CE0926B13209152138F
:10EEE000223009F448C008F07BCF222329F22130D8
:10EEF00051F11A3009F48FCF1D3009F48CCF1092E4
:10EF00005813CACF853430F2873410F0883411F6A4
:10EF1000809353131092541310925613109255135A
:10EF20001092571390925213BECF893540F4873513
:10EF300078F720EB280F263008F0ACCFE9CF8636E3
:10EF400009F0A8CFE5CF20ED280F2A3050F02FE9A7
:10EF5000280F263030F0803209F09CCF6092521397
:10EF6000A2CF0F94169F909154139295907F890F82
:10EF70008093541398CF873448F4853458F42FEB9A
:10EF8000280F223038F01092581384CF803511F0BA
:10EF90008235C9F7809252138093581310925A13F6
:10EFA0001092591380CF20ED280F2A3048F02FE916
:10EFB000280F263028F08A3231F77092521373CF1F
:10EFC0000F94169F2091591330915A1344E0220F49
:10EFD000331F4A95E1F7820F932F911D90935A1397
:10EFE0008093591360CF0F94169F90915713929569
:10EFF000907F890F8093571356CF8D3021F603CF22
:10F00000E80EF91EF701108210926B1383EA99E65D
:10F010000E94685B8DE999E60E94685BCE010196CB
:10F020000F9468B40F94724A80913013813009F4C0
:10F0300074C008F4C5CE833009F4D1C0843009F01F
:10F040004FCE80913113863009F46CC108F093C122
:10F05000843009F409C1853009F0CCC0809148138F
:10F06000813409F496C1823509F0C4C0109270133E
:10F070008DE290E890936F1380936E1386E297E68B
:10F080000F948F4A85E08093311340913313509150
:10F0900034136091351370913613809137130F94A8
:10F0A000784B16E007C11B3609F0F4C287E097E6FB
:10F0B0000F948F4A18E0FEC0CD2819F00F94724AC1
:10F0C0007FCE0F94841DAB01BC0180913D139091C4
:10F0D0003E13A0913F13B09140138053984FAF4F10
:10F0E000BF4F481759076A077B0708F469CE80911C
:10F0F0003013882309F464CE1092521381E0809378
:10F100004B138093301386E08093321380E00F948A
:10F11000BB7464E08FED96E679C010913113133023
:10F12000B1F160F0163009F450C0193009F0BECFCB
:10F130000F94A24C882309F443CE40CE8091431310
:10F14000833521F480914413181711F0812FFECDDF
:10F1500080914913E12FF0E0DF01A358BC4E8C935E
:10F16000EC5FF849E4918E1741F0809132138150A1
:10F17000809332138111EACF99CF86E499E60E94F9
:10F180008F5D8AE08093421381E0810FDFCD809113
:10F190004313833521F480914413833011F083E0CD
:10F1A000D5CD8091491390914A1390938113809308
:10F1B000801310927C13E4E4F9E6849160917A1351
:10F1C00070E049E00F94E34BFBCD82E080934B135A
:10F1D00083E08093301382E880933113D2CD809105
:10F1E0003113883009F4B7C0A8F48430D9F08730DF
:10F1F00009F4AEC081E080934B1382E0809330131A
:10F2000083E88093311365E085EF96E60F94004B19
:10F21000182F50C08A3009F4A7C060F38D3008F46D
:10F220005FCDE8CF809143138E3460F58B3410F4BA
:10F23000853401F780914813863409F473C084E063
:10F240008093301385E0E3E4F3E1DE011196019051
:10F250000D928A95E1F785E0FE013196A3E3B3E1D3
:10F2600001900D928A95E1F70F941E75182F853045
:10F2700009F208F09CC0823009F432CD843009F4E0
:10F280003BCF18C0843508F4B5CF863598F2883561
:10F2900009F0B0CF80914813863489F18035C1F1EF
:10F2A000823409F042C080914913809371130F9406
:10F2B000CC731BE080912E1390912F138130910518
:10F2C00009F0EBC1123009F490C008F07DC01123A1
:10F2D00009F418C1002309F4E4C0173009F4C1C1CE
:10F2E00008F0B5C1143009F4C4C1153009F0D9C013
:10F2F00082E080939D1360E08DE290E8B7C1809139
:10F300003313882329F082E88093311313E0D2CF9E
:10F31000809149138093701381E090E090936F1374
:10F3200080936E130F94CC734BCD8CE0809370134D
:10F330008091491390914A1390936F1380936E13A9
:10F340000F94CC7388E197E60F948F4A17E0B2CF01
:10F350000F94F07335CD82E80F94D47380933113FA
:10F36000823809F02DCDBCCC809148138134D1F680
:10F370000F947D4AD7CF8830B1F050F38A3009F02E
:10F3800039CF80914813813409F018CD0F947D4A0C
:10F3900015CD1092701310926F1310926E1381E8B6
:10F3A000809331130DCD81E80F94D473F9CF87305A
:10F3B00049F208F463CE883009F478CE7BCF80918F
:10F3C000311387FD9ACCFCCC133009F46AC01B3092
:10F3D00009F080CF809171138093981387E397E6AB
:10F3E0000F94909F0F9488755CC080917313811166
:10F3F00058C00E94D24C882309F453C080915F0EFC
:10F400009091600E8835924009F44BC080915E0E59
:10F41000811147C080915D0E811143C080915C0EC7
:10F4200081113FC090915B0E80915A0E9817C9F1DF
:10F4300080915B0E90E02EE630915A0E381789F0DD
:10F44000289FF0011124E658F84F448555856685BC
:10F450007785452B462B472B09F09F5F8F5F8F7079
:10F46000EBCF9923F1F088EC96E60E948F5D20E0C7
:10F4700030E0A901CA01B9010E94327260E070E077
:10F48000CB010E94724D86ED9EE00F9463BB8130EC
:10F4900021F40F94FC508F3F91F58BEA94E60F9482
:10F4A000925280914B13823019F481E080939D1326
:10F4B00010939C1380917807882351F08091620EFD
:10F4C000811106C080919513909196130F94F3A02B
:10F4D000A0960FB6F894DEBF0FBECDBFDF91CF91DF
:10F4E0001F910F91FF90EF90DF90CF90BF90AF9062
:10F4F0009F908F907F906F905F904F9008958EEBCC
:10F5000096E6CDCF0091701380919413081709F4FB
:10F5100046C0809130138430A9F48091331388233E
:10F5200089F089E080937907E4E8F6E60E3130F45B
:10F53000E02FF0E0EE0FFF1FEC57F9498591949111
:10F540000E9497EEE4E8F6E60E3130F4E02FF0E0AA
:10F55000EE0FFF1FEC57F949859194910F94909FFE
:10F5600000939413033049F00C3109F09ACF0F94B3
:10F570001B3781E080939F1394CF809130138430A8
:10F5800031F4809133138455823008F48ACF0F947C
:10F590001B3781E08093A0130F944B4E82CF033032
:10F5A00071F10C3109F07DCF80919F13882309F40C
:10F5B00078CF0F94A09F8823B1F1813009F071CFEB
:10F5C00010929F130F9449981092610E60917B13D3
:10F5D00070E090E080E00F94EFB56B017C016091EA
:10F5E0007A1370E06E5F7F4F072E000C880B990B2B
:10F5F0000F94F1B5A70196010F946C9F52CF8091A3
:10F60000A013882309F44DCF90915A0E80915B0E80
:10F61000981347CF0F94A09F8150833008F4BCCF3C
:10F620001092A0133ECF90915A0E80915B0E9813CA
:10F6300038CF60917B1370E090E080E00F94EFB5DD
:10F640009B01AC0160E070E08FEA93E4D5CF183005
:10F65000B9F0193009F025CF60E00F94415F19E04F
:10F6600020CF61E080916E1390916F130F94415FF2
:10F6700018CF82E080939D1360E08EE290E8F6CF91
:10F6800010929D1310924B131092301360E08CE295
:10F6900090E8ECCF0F94724AADCD002301F3DCCF9C
:10F6A00080919E1382FF07C08B7F80939E1382E11F
:10F6B00098E60F94909F80919E1381FF50C0809197
:10F6C000921390919313892B09F449C084E098E632
:10F6D0000F94909F80919213909193130F948A525C
:10F6E00080919E138D7F80939E13809192139091B1
:10F6F00093139093730E8093720E87E293E60F94A8
:10F700000C1244ED57E662E080E00E9421546091C3
:10F71000650E7091660E8091670E9091680E0F9441
:10F72000FCBD2091720E3091730EC901861B970BA0
:10F7300006976CF081E00E94AA7380E00F944176F6
:10F740000F94B49E84E690E00E945576E0CF0F942B
:10F750008A9E89EE97E60F94909F0C9440540895EA
:10F760000F931F93CF93DF9300D01F921F92CDB7BB
:10F77000DEB7182F062F10929E1383E08093970216
:10F7800019821A821B821C821D8290E080E00E94F6
:10F79000557690919E13898192FF37C081111EC0CA
:10F7A000CE0101960F94152089EE95E60F94909F57
:10F7B000E0919C13E250EA3040F7F0E08827EC51EA
:10F7C000F4488E4F0D9473BC5101F5007D027D020B
:10F7D000F1017D021F017901FF017D0240E457E73D
:10F7E0006BE170E0CE0101960F94681E882301F34F
:10F7F00080919E138B7F826080939E131092730E74
:10F800001092720E89ED95E6D1CF882389F2198284
:10F8100083EC95E6CBCF0F94507B0F94714E809183
:10F82000620E811107C080EB95E60E948F5D83E038
:10F83000809382130F941B3781E00F900F900F90ED
:10F840000F900F90DF91CF911F910F9108950F941A
:10F850008875F2CF80918313811197CF812F0F94F8
:10F86000BD4E802F0F94554E0F9488758ECF0F94F8
:10F87000507B0F94714E89CF80E0DFCFCF93DF9321
:10F8800000D01F921F92CDB7DEB710928F17109243
:10F890008E1762E180E295E60F94CA640F946A9F26
:10F8A00040E065E5CE0101960F94489F49815A8159
:10F8B0006B817C818D810F94917461E080E00F9465
:10F8C000B07B811103C00F94AC9EE8CF83E00F940E
:10F8D000874283E60F94726483E6809385138DE8F4
:10F8E00097E10E9411580F900F900F900F900F907A
:10F8F000DF91CF910895CF930F94F364C82F88239D
:10F9000079F088EC90E00F94D3A282E00F948742C4
:10F910000F9469640F943E7C0F94E8640F948A9E60
:10F920008C2FCF9108950F931F93CF93DF9300D027
:10F930001F921F92CDB7DEB7082F0F94F364182FD4
:10F94000882339F1602F86E193E60F948D9E0F9402
:10F9500069640F946A9F402F6CE4CE0101960F9466
:10F96000489F49815A816B817C818D810F9491746C
:10F9700060E080E00F94B07B182F811103C00F94DA
:10F98000AC9EE7CF83E00F9487420F94E8640F9416
:10F990008A9E812F0F900F900F900F900F90DF9104
:10F9A000CF911F910F910895FF920F931F93CF93C3
:10F9B000DF9300D01F921F92CDB7DEB7082FF62E2F
:10F9C0000F94F364182F8823A1F1FF2029F0602FF2
:10F9D00087E093E60F948D9E8091731381110F94AD
:10F9E0007B7C0F9469640F946A9F402F65E4CE017D
:10F9F00001960F94489F49815A816B817C818D814A
:10FA00000F94917461E080E00F94B07B182F811106
:10FA100003C00F94AC9EE7CF83E60F94726483E635
:10FA20008093851383E00F9487420F94E8640F94CA
:10FA30008A9E812F0F900F900F900F900F90DF9163
:10FA4000CF911F910F91FF9008951F93CF93DF9354
:10FA500000D01F921F92CDB7DEB7182F0F946A9F68
:10FA6000412F6BE4CE0101960F94489F49815A8142
:10FA70006B817C818D810F94917461E080E00F94A3
:10FA8000B07B811103C00F94AC9EE8CF0F900F9014
:10FA90000F900F900F90DF91CF911F910895CF930A
:10FAA000C82F682F8AEF92E60F948D9E8091731372
:10FAB00081110F947B7C0F9469648C2F0F94257DAA
:10FAC00083E60F94726483E68093851383E00F943A
:10FAD00087420F94E8640F948A9E81E0CF91089545
:10FAE0009091C00095FFFCCF8093C600089580914F
:10FAF000C00087FFFCCF8091C00084FD01C0A895A5
:10FB00008091C6000895862798E027E0382F880F57
:10FB100037FD82279150D1F7089583E395E70C9440
:10FB2000685BCF93C82F8DE295E70E94685B8C2FAE
:10FB30000E944F5B8DE5CF910C944F5BCF93C82F04
:10FB400086EF94E70E94685B8C2F0E944F5B8DE5E7
:10FB50000E944F5BCF910D948D7D2F923F924F92DB
:10FB60005F926F927F928F929F92AF92BF92CF924D
:10FB7000DF92EF92FF920F931F93CF93DF93CDB756
:10FB8000DEB7A1970FB6F894DEBF0FBECDBF1C0144
:10FB900048015901FC01E85BFF4FC080D180E28041
:10FBA000F3809A01AB01C701B6010F9430B60F94F0
:10FBB00069BD0F9403BE8B018D839983A5019401C8
:10FBC000C701B6010F9430B60F9469BD0F9403BE00
:10FBD000362F272FA8016D8179814837510561059E
:10FBE000710520F448E750E060E070E0D101D6965E
:10FBF0008D909D90AD90BC90D9978F8A988EA98E4C
:10FC0000BA8E481559056A057B0520F44F8B588F2D
:10FC1000698F7A8F432F522FBC01483751056105F8
:10FC2000710520F448E750E060E070E0182D092DE0
:10FC3000A9A2B8A2481559056A057B0520F4142F1E
:10FC4000052F69A378A3F101EE5BFF4FC080D1803F
:10FC5000E280F380CD82DE82EF82F886CD28CE2846
:10FC6000CF2841F4C12CD12C7601C394CD82DE8201
:10FC7000EF82F8862F89388D498D5A8DB901CA01D6
:10FC80000F94C6BB6D877E878F87988BA5019401E3
:10FC9000C501B4010F94C6BB2B013C01212F302FAD
:10FCA00049A158A1612F702FCA010F94C6BB698B5F
:10FCB0007A8B8B8B9C8BCD80DE80EF80F884CC0C94
:10FCC000DD1CEE1CFF1CC986DA86EB86FC86C301B0
:10FCD000B2016150710981099109CD84DE84EF84FC
:10FCE000F8886C197D098E099F09C984DA84EB8430
:10FCF000FC846C0D7D1D8E1D9F1DA70196010F9428
:10FD0000D6BB69017A01C301B20129893A894B89BD
:10FD10005C89621B730B840B950B29853A854B8597
:10FD20005C850F94D6BB29013A01D701C601840D29
:10FD3000951DA61DB71D8C8F9D8FAE8FBF8FF101B6
:10FD4000E45BFF4F90819B8F992309F48DC0612F55
:10FD5000702F89A198A10F94EFB5F101EC5AFF4FD4
:10FD600020813181428153810F9430B60F9403BEBC
:10FD70006D8B7E8BD10150962D913D914D915C9173
:10FD8000539729833A834B835C838C8D9D8DAE8DF5
:10FD9000BF8D82179307A407B50708F068C0290133
:10FDA0003A01481A590A6A0A7B0A9B8D40E080E0B2
:10FDB000992389F0C501B4010F94EFB5F101EC5A14
:10FDC000FF4F20813181428153810F9430B60F94CF
:10FDD00003BE462F872F3FB7F894F101E95BFF4F31
:10FDE0002081211127C0D1015996CD92DD92ED924B
:10FDF000FC925C97C40CD51CE61CF71CF101C58E67
:10FE0000D68EE78EF0A2CF88C2AED88CD3AEE98C66
:10FE1000E4AEFA8CF5AEFE9610830183C9A0C282CF
:10FE2000D8A0D3827396ED88E082FE88F182329763
:10FE3000408381833FBFA1960FB6F894DEBF0FBE0B
:10FE4000CDBFDF91CF911F910F91FF90EF90DF9089
:10FE5000CF90BF90AF909F908F907F906F905F906A
:10FE60004F903F902F9008951D8A1E8A83CF2D8139
:10FE70003E814F81588582E0220F331F441F551F5A
:10FE80008A95D1F789819A81AB81BC81817099274C
:10FE9000AA27BB278D839E83AF83B88789809A80EA
:10FEA000AB80BC80B694A79497948794CD84DE846D
:10FEB000EF84F88889899A89AB89BC898C159D055E
:10FEC000AE05BF0508F46FC06C017D0191E0C91A51
:10FED000D108E108F1088D859E85AF85B889C81ADB
:10FEE000D90AEA0AFB0AC701B601620F731F841F11
:10FEF000951FCD80DE80EF80F884CD28CE28CF28D6
:10FF000041F0C984DA84EB84FC846C0D7D1D8E1D68
:10FF10009F1D0F94D6BB75016401C20ED31EE41E53
:10FF2000F51E29813A814B815C812C153D054E05DA
:10FF30005F0510F469017A012B8D222309F469C051
:10FF4000C114D104E104F10409F466C04D898E891D
:10FF5000411451046104710409F43DCFA7019601D5
:10FF600069857A858B859C850F94C6BB2D853E85DA
:10FF70004F855889620F731F841F951F0F94EFB52B
:10FF80000F9459C0F101EC5AFF4F20813181428119
:10FF900053810F9430B60F9403BE462F872F412C08
:10FFA000512C320118CF6D857E858F859889C9883F
:10FFB000DA88EB88FC886C197D098E099F09CD8051
:10FFC000DE80EF80F884CD28CE28CF2841F0C98488
:10FFD000DA84EB84FC846C0D7D1D8E1D9F1D0F94B7
:10FFE000D6BB820E931EA41EB51E49805A806B801C
:10FFF0007C8084149504A604B70410F42401350110
:020000023000CC
:10000000C980DA80EB80FC80C418D508E608F708C0
:1000100093CF40E080E0C3CF4D898E89C0CF0F944D
:10002000777D803229F081E10F94707D0E948E4CA3
:1000300084E10D94707DCF93C82F0F94777DC150CC
:10004000E1F7CF910D940F800F931F93CF93DF9320
:10005000EB01142F052F0E94FC53CE010E94F85390
:100060008AE30E94FC53CE010F9421B99EE0981BB5
:10007000892F0E9403540F931F938CE691E79F935F
:100080008F930E94E6530F900F900F900F90DF9187
:10009000CF911F910F9108950F931F93CF93DF93EB
:1000A000FC012381222331F080E0DF91CF911F9169
:1000B0000F9108958B01EC01FB018789803139F59F
:1000C00082E08B831D8A1E8A1F8A188E808D918DF7
:1000D000B0E0A0E025E0880F991FAA1FBB1F2A955A
:1000E000D1F7898B9A8BAB8BBC8B1A8F098F81E0F0
:1000F00089831C821D821E821F82188619861A8699
:100100001B861C861D861E861F86188ACECF8032CF
:1001100059F683E08B83428D538D648D758D4D8BA5
:100120005E8B6F8B788F9E012F5E3F4FC8010F94BF
:1001300027478111DACFB8CFCF93DF93EC010F942B
:1001400072481B82DF91CF910895CF93DF93EC012A
:10015000462F41706C857D858E859F850F94D54592
:10016000882351F0888920E2829FC00111248058A1
:10017000914FDF91CF91089590E080E0FACFCF9337
:10018000DF93EB01FC012381211104C080E0DF91AA
:10019000CF9108952250223028F48FE2888319826B
:1001A00081E0F5CF60E00F94A580009779F3DC0142
:1001B00060E080E09EE22D91203299F0883031F4A9
:1001C0009E01260F311DF90190836F5F9E01260F5E
:1001D000311DAD0141505109FA014081F9014083BF
:1001E0006F5F8F5F8B3039F7FE01E60FF11D1082D4
:1001F000D7CF3F924F925F926F927F928F929F9252
:10020000AF92BF92CF92DF92EF92FF920F931F9324
:10021000CF93DF93CDB7DEB72C970FB6F894DEBF40
:100220000FBECDBF5C01DC0159968D909C90F4010E
:1002300081859285A385B4859C01AD012F5F3F4FD9
:100240004F4F5F4F29873A874B875C87D5011496BC
:100250004D905D906D907C9017974114510461040E
:10026000710409F459C0BFEF4B1A5B0A6B0A7B0A91
:10027000312C730162011D821E821F821886F401D7
:1002800081859285A385B4852D813E814F815885D6
:10029000281739074A075B0708F056C089859A85F1
:1002A000AB85BC858C159D05AE05BF0550F482E07D
:1002B000C82ED12CE12CF12C92E0492E512C612C2E
:1002C000712C9E012F5F3F4FB701A601C4010F940F
:1002D000A4468823C9F189819A81AB81BC81892B8D
:1002E0008A2B8B2B01F1260137019FEF491A590AFE
:1002F000690A790A2D813E814F8158852F5F3F4FD2
:100300004F4F5F4F2D833E834F8358873FEFC31A74
:10031000D30AE30AF30AB3CF40805180628073802E
:1003200033243394A6CFC414D504E604F70411F79C
:100330000FEF1FEF2FEF3FE0B701A601C4010F94AD
:100340001246782E81111AC0712C872D2C960FB66B
:10035000F894DEBF0FBECDBFDF91CF911F910F91FB
:10036000FF90EF90DF90CF90BF90AF909F908F90D5
:100370007F906F905F904F903F900895F50144817A
:10038000558166817781411551056105710539F007
:1003900097018601C4010F9412468823A9F2D50162
:1003A0001496CD92DD92ED92FC921797332051F086
:1003B000D701C6010196A11DB11DF401808391836F
:1003C000A283B383F50185899689A789B08D892B8E
:1003D0008A2B8B2B09F0B9CFC58AD68AE78AF08E93
:1003E000818180688183B1CF8EBD0DB407FEFDCFC2
:1003F00008958FEF8EBD0DB407FEFDCF8EB5089525
:100400008F929F92AF92BF92EF92FF920F931F93A2
:10041000CF937C01C62F49015A01FC019181892F9C
:10042000806A86958CBD90FD03C081E0963009F40A
:1004300080E08DBD9FB7F894809105018F7B8093FC
:1004400005019FBF8CE291E00F940B518C2F8064CB
:100450000F94F48108E110E0D501C401002E04C01E
:10046000B695A795979587950A94D2F70F94F4813E
:1004700008501109083FFFEF1F0771F785E9CC23EA
:1004800021F087E8C83009F08FEF0F94F481CC3069
:1004900011F40F94F981C0E00F94F981F701828380
:1004A00087FF04C0CF3F11F0CF5FF6CFCF911F91F0
:1004B0000F91FF90EF90BF90AF909F908F90089515
:1004C0000F931F93CF93DF93EC0189018B818330CE
:1004D00039F089E0440F551F661F771F8A95D1F7C1
:1004E0009A01AB0168E1CE010F940082882319F0D4
:1004F00086E0888339C08EEF8EBDF801C8019E5F0B
:100500000DB407FEFDCF20812EBD0DB407FEFDCF3B
:1005100021812EBD3296E817F90791F70DB407FE39
:10052000FDCF8FEF0F94F4818FEF0F94F4810F9430
:10053000F9818A838F71853099F488E592E00F9470
:100540000B51182F87E11123A1F220E030E0A9011F
:100550006DE0CE010F940082882351F086E1C9CF6F
:1005600083E188830F9402510F94025110E006C07A
:100570000F94F9818111F2CF0F940251812FDF91F5
:10058000CF911F910F9108952F923F924F925F92BA
:100590006F927F928F929F92AF92BF92CF92DF9293
:1005A000EF92FF920F931F93CF93DF93EC012A01F9
:1005B0003B0169018B81833039F069E0440C551CA3
:1005C000661C771C6A95D1F743E0942E560181E0B2
:1005D000A81A8EEFB80A1601EEEF3E1A54E0852EE7
:1005E0009A94A301920161E1CE010F9400828823C5
:1005F00079F08882992009F47AC00F94025120E0A2
:1006000030E0A9016CE0CE010F9400821882E8CF9F
:100610000F94841D8B010F94F9818A838F3F91F48D
:100620000F94841D601B710B6D327140A0F381E14A
:1006300088830F9402518C818823E1F28FEF0F940D
:10064000F481D8CF8E3F11F08FE0F2CF8FEF8EBDC7
:10065000D601F6010DB407FEFDCF9EB591938EBD78
:10066000EA15FB05B9F70DB407FEFDCF8EB5F50110
:100670008083F12CE12C8D91EF2DFF27E827EE0FE1
:10068000FF1FE456FA4885919491FE2CEE24E8264B
:10069000F9262A163B0679F70F94F981082F10E006
:1006A000102F00270F94F981082B0E151F0519F044
:1006B000F0E2F883BECF0F940251CC81CC23D9F065
:1006C0008FEF0F94F4818C2FDF91CF911F910F91B9
:1006D000FF90EF90DF90CF90BF90AF909F908F9062
:1006E0007F906F905F904F903F902F9008950F9460
:1006F0000251C0E0E8CFC1E0E6CF2F923F924F9287
:100700005F926F927F928F929F92AF92BF92CF92A1
:10071000DF92EF92FF920F931F93CF93DF9300D05E
:100720001F92CDB7DEB79C838B834B017A01DC012E
:1007300013968C91811119C08FEF9FEF0F900F903E
:100740000F900F90DF91CF911F910F91FF90EF903D
:10075000DF90CF90BF90AF909F908F907F906F90E1
:100760005F904F903F902F900895EB81FC818181A5
:1007700080FFE2CF01891289238934894085518520
:1007800062857385C701B0E0A0E028013901441AF1
:10079000550A660A770A84159505A605B70518F067
:1007A0007801E41AF50A67018B819C8104969A838B
:1007B0008983612C32E0732EC114D10409F4B7C0CF
:1007C000AB81BC8118964D915D916D917C911B9789
:1007D0005A01B1E0BB22EB81FC81818D928D1A011F
:1007E0002B0129E056944794379427942A95D1F702
:1007F0002381223091F5DC015A966D917D918D9186
:100800009C915D97620D731D841D951D83010A19CE
:100810001B09C016D10608F486010115B2E01B07BA
:1008200071F42091740E3091750E4091760E5091B6
:10083000770E621773078407950709F059C040E0E7
:100840000F94D545882309F477CFB5016058714FCF
:10085000A801C4010F948CC157C0FC011481115030
:100860001221A114B10481F411110EC0452B462BA5
:10087000472B79F5EB81FC8185899689A789B08D15
:1008800084839583A683B783AB81BC815996ED9110
:10089000FC915A9714966D917D918D919C9117972B
:1008A0006250710981099109258504C0660F771F7F
:1008B000881F991F2A95D2F7268537854089518947
:1008C000620F731F841F951F610F711D811D911D84
:1008D0009DCFAB81BC8114964D915D916D917C91C2
:1008E000179729813A810F94A4468111CDCF24CF47
:1008F0009401AB01BC0180917D0E90917E0E0F940E
:10090000C482882309F418CF800E911EEB81FC81EC
:1009100080859185A285B385800F911FA11DB11D92
:1009200080879187A287B387C01AD10A45CFC701B4
:1009300005CF4F925F926F927F92AF92BF92CF920C
:10094000DF92EF92FF920F931F93CF93DF931F924B
:10095000CDB7DEB78C017B015A01C22EDB0159965F
:100960008D919C91F801928F818FCB010E94445B05
:10097000712CF70180859185A285B38541895289C3
:100980006389748984179507A607B70708F052C0D2
:1009900055E0B695A795979587955A95D1F7F82F75
:1009A000FF70DF2ED70113968C91823010F480E017
:1009B000DBC041E050E0BE016F5F7F4FC7010F9485
:1009C0007D830197A1F7F70180859185A285B38585
:1009D0004F96A11DB11D80879187A287B387F0E252
:1009E000DF9EB00111246058714F61157105F9F255
:1009F000DB018C91882341F0853E09F04CC07720C3
:100A000029F077247394B5CF71100EC08091740EC5
:100A10009091750EA091760EB091770EF8018487B3
:100A20009587A687B787D08ADB018C918111E9CFA2
:100A3000772473948C2D8274823409F0B8CF772098
:100A400009F4A2C0F801D08861E0C8010F94A58024
:100A5000009709F4ACCF20E2DC011D922A95E9F75A
:100A60002BE0F501DC0101900D922A95E1F721E2DE
:100A700038E2FC01318B208B40E058E057874687F5
:100A8000338B228B318F208F578B468B0F9496455B
:100A9000811109C08CCF4BE050E0C5010F947FC19C
:100AA000892B09F066CFF0E2DF9ED00111249D0171
:100AB0002058314FF9018385817121F08C2D82718D
:100AC00009F0FCC0F801818D928D4091740E509117
:100AD000750E6091760E7091770E44875587668704
:100AE0007787D08AFD01E058F14F44885588712CF2
:100AF000612C320155244424D80155964D925D92C3
:100B00006D927C925897428D538D70E060E044293D
:100B100055296629772955964D935D936D937C935E
:100B20005897D9011B962C91287109F0B9C0848D72
:100B3000958DA68DB78DF801818B928BA38BB48B8D
:100B400081E083838C2D8F70F8018183148215825C
:100B500016821782108611861286138681E0C4FEE3
:100B600003C0C8010F9412540F90DF91CF911F91D1
:100B70000F91FF90EF90DF90CF90BF90AF907F905C
:100B80006F905F904F900895D70113968C911397B3
:100B9000823009F40CCF51968D919D910D90BC91AE
:100BA000A02D803E9F4FAF41B10508F000CFC70197
:100BB0000F94F980882309F4FACE0F949645882380
:100BC00009F4F5CED7015996ED91FC915A971496F8
:100BD0004D905D906D907C901797B2E04B1A510844
:100BE00061087108858504C0440C551C661C771C7F
:100BF0008A95D2F786859785A089B189480E591EB6
:100C00006A1E7B1E81E080937C0E4092740E50928F
:100C1000750E6092760E7092770EE0E8FEE080E04E
:100C200092E0DF019C011D9221503040E1F7DD246C
:100C3000D394D7015996ED91FC918481D81698F4FC
:100C400020E83EE0B301A2014D0D511D611D711D53
:100C500080917D0E90917E0E0F946082882309F41E
:100C6000A6CED394E6CF258580E092E0A0E0B0E068
:100C700004C0880F991FAA1FBB1F2A95D2F7F7013E
:100C80004189528963897489840F951FA61FB71FF4
:100C9000818B928BA38BB48B80E89EE0D12CDBCE32
:100CA000203161F498012F5E3F4F0F94274788232E
:100CB00029F084E0D80113968C9344CFD801139681
:100CC0001C9275CE2091751230917612BC01C9012B
:100CD00085579F4E0F946AB99C0190931318809387
:100CE000121881E0232B09F480E0089588E19EE04A
:100CF0000FB6F894A895809360000FBE90936000A3
:100D00009FB7F894809102018460809302019FBF95
:100D10000E9440544DED51E761E080E00E94215473
:100D2000FFCF60915A0E90915B0E30E020E08EE68E
:100D3000961761F0899FF0011124EA51F84F408124
:100D40005181240F351F9F5F9F70F2CFC901089515
:100D500030915A0E20915B0E321791F0E0915A0EAD
:100D6000E11101C0E0E1E1502EE6E29FF001112423
:100D7000EA51F84F20813181820F931F9183808344
:100D800008958F929F92AF92BF92CF92DF92EF928F
:100D9000FF920F931F93CF93DF93C0919802D0914E
:100DA000990286E7E82E86E0F82E05EF17E16E013E
:100DB00080E1C80ED11C6991799189919991F701CF
:100DC00081909190A190B1907F010F94EFB5A50112
:100DD00094010F9430B60F9403BEF80161937193A0
:100DE000819391938F01CC15DD0529F7DF91CF9188
:100DF0001F910F91FF90EF90DF90CF90BF90AF9039
:100E00009F908F90089580916E0681110EC086E8A4
:100E100096E090939B0280939A0286E996E09093E5
:100E20009902809398020D94C1868130E1F78EE09B
:100E300097E090939B0280939A028EE197E0EFCF28
:100E4000FC0140815181628173814093E60450939B
:100E5000E7046093E8047093E904209182063091DE
:100E6000830640918406509185066081718182815C
:100E700093810F9430B60F94C8BFE8E5F7E064871C
:100E80007587868797878FB7F894448555856685DB
:100E90007785409374075093750760937607709336
:100EA00077078FBF0895FC01408151816281738172
:100EB0004093E2045093E3046093E4047093E504E8
:100EC00020917E0630917F064091800650918106E8
:100ED00060817181828193810F9430B60F94C8BF75
:100EE0006093600770936107809362079093630734
:100EF0000D945C642F923F924F925F926F927F921B
:100F00008F929F92AF92BF92CF92DF92EF92FF9219
:100F10000F931F93CF93DF93CDB7DEB7C558D10999
:100F20000FB6F894DEBF0FBECDBF69A37AA38BA323
:100F30009CA32DA33EA34FA358A7A896ECAEFDAE4D
:100F40000EAF1FAFA897AA96DFAECEAEAA9789AA1A
:100F500099AEADAEBDAAC556DF4F08811981CB59F8
:100F6000D04080915A0E8F5FA1968FAFA1978031AC
:100F700019F4A1961FAEA19780915B0EA1962FAD9B
:100F8000A19782130FC00F94832C80E00E94AA7354
:100F900080E00E94D45380915B0EA1963FADA19753
:100FA000831789F34091610EA2964FAFA297442315
:100FB00011F183EA99E60E94685B80ED91E70E9457
:100FC0008F5DCB57DF4F0FB6F894DEBF0FBECDBF9E
:100FD000DF91CF911F910F91FF90EF90DF90CF9015
:100FE000BF90AF909F908F907F906F905F904F9049
:100FF0003F902F90089590915A0E292E312C8EE615
:10100000989FD0011124A496BFAFAEAFA497CD0195
:101010008658984FFC01E95BFF4F108284599F4F1F
:10102000FC01118210820115110511F40D946E92CC
:1010300080E1F801AE52B84F01900D928A95E1F728
:101040008EE6829D8001839D100D11240658184F55
:10105000F801E859FF4FC356DF4F88819981CD5978
:10106000D0409183808306591F4F60919102709107
:10107000920280919302909194020F9403BED80142
:101080006D937C938091C5048823A9F01092640726
:101090001092650710926607109267071092E60497
:1010A0001092E7041092E8041092E9041092C5042B
:1010B00081E08093C404BE016B5D7F4FCE018196B9
:1010C0000E94304FC9A0DAA0EBA0FCA020917606C8
:1010D000309177064091780650917906C701B601A4
:1010E0000F9430B60F94C8BFC258DF4F688379831E
:1010F0008A839B83CE57D0408DA09EA0AFA0B8A47A
:1011000020917A0630917B0640917C0650917D06B5
:10111000C501B4010F9430B60F94C8BFCE57DF4F4E
:10112000688379838A839B83C258D0408091A513BA
:10113000882311F40D947592A5019401C701B6019D
:101140000F943351A8962CAD3DAD4EAD5FADA89731
:101150000F948BBC20917E0630917F0640918006D3
:10116000509181060F9430B60F94C8BFE6966CAFCD
:101170007DAF8EAF9FAFE697AA96EEADFFADAA9773
:1011800080809180A280B380209182063091830676
:101190004091840650918506C501B4010F9430B684
:1011A0000F94C8BFAE966CAF7DAF8EAF9FAFAE97BA
:1011B0008091640790916507A0916607B0916707D9
:1011C000AE964CAC5DAC6EAC7FACAE97481A590A8B
:1011D0006A0A7B0A8091580790915907A0915A0793
:1011E000B0915B07C258DF4FC880D980EA80FB808E
:1011F000CE57D040C81AD90AEA0AFB0A80915C0788
:1012000090915D07A0915E07B0915F07CE57DF4FC9
:10121000288139814A815B81C258D040281B390B13
:101220004A0B5B0B29A73AA74BA75CA780916007E5
:1012300090916107A0916207B0916307E6962CAD8B
:101240003DAD4EAD5FADE697281B390B4A0B5B0BEE
:101250002DA73EA74FA758AB411451046104710458
:1012600009F480C06091650E7091660E8091670EE2
:101270009091680E0F94FCBD20916B0230916C022E
:10128000621773070CF5AE968CAD9DADAEADBFADDC
:10129000AE978093640790936507A0936607B09319
:1012A00067078092E6049092E704A092E804B09267
:1012B000E90483EA99E60E94685B86EB91E70E9465
:1012C0008F5D412C512C3201C301B20177FE07C062
:1012D00066277727CB0164197509860997090F944A
:1012E000F1B54B015C0120E030EA45E354E4609144
:1012F00082067091830680918406909185060F94F2
:1013000030B69B01AC01C501B4010F9414BF18168F
:101310004CF5AE962CAD3DAD4EAD5FADAE97209386
:101320006407309365074093660750936707AA9652
:10133000EEADFFADAA9780819181A281B3818093A8
:10134000E6049093E704A093E804B093E90483EAE9
:1013500099E60E94685B88E991E70E948F5D412CC5
:10136000512C32018EE6829DF001839DF00D1124F7
:10137000E658F84FD701C601F7FE07C0882799271E
:10138000DC018C199D09AE09BF0980839183A2837A
:10139000B3838EE6829DF001839DF00D1124E65803
:1013A000F84F89A59AA5ABA5BCA5B7FF07C0B09516
:1013B000A095909581959F4FAF4FBF4F84839583A4
:1013C000A683B7838EE6829DF001839DF00D1124E4
:1013D000E658F84F8DA59EA5AFA5B8A9B7FF07C0E1
:1013E000B095A095909581959F4FAF4FBF4F808747
:1013F0009187A287B387B301A20177FE07C0442774
:101400005527BA0144195509660977098EE6829D68
:10141000F001839DF00D1124E658F84F448755875D
:10142000668777870081118122813381848195814C
:10143000A681B78180179107A207B30714F4D901D9
:10144000C801EEE6BE2EB29CF001B39CF00D112453
:10145000E658F84F80849184A284B3848815990556
:10146000AA05BB0514F4D501C40184179507A60786
:10147000B70714F4DB01CA014EE6429DF001439D1B
:10148000F00D1124E658F84F808B918BA28BB38B13
:101490000697A105B1050CF494CD8091E503DF0119
:1014A000AA5BBF4F8C93F7FE02C00D948592108EFD
:1014B00089A59AA5ABA5BCA5B7FF0BC08EE6829DFA
:1014C000F001839DF00D1124E658F84F808D826065
:1014D000808F8DA59EA5AFA5B8A9B7FF0BC08EE6DE
:1014E000829DF001839DF00D1124E658F84F808D08
:1014F0008460808F77FE0BC08EE6829DF001839D15
:10150000F00D1124E658F84F808D8860808F012BF4
:10151000022B032B09F017988EE6829DF001839D24
:10152000F00D1124E658F84F84819581A681B7818A
:10153000892B8A2B8B2B09F016988EE6829DF00161
:10154000839DF00D1124E658F84F80859185A28582
:10155000B385892B8A2B8B2B09F015988EE6829DFB
:10156000F001839DF00D1124E658F84F8485958590
:10157000A685B785892B8A2B8B2B09F014988EE6CC
:10158000829DF001839DF00D1124E658F84F2485CB
:101590003585468557852A962CAF3DAF4EAF5FAF58
:1015A0002A97232B242B252B09F0B3C7A090B20632
:1015B000B090B3060091B4061091B50629A939ADD3
:1015C0004DAD5DA9B501C8010F9414BF181624F4E0
:1015D000A9AAB9AE0DAF1DABC701B6010F94F1B505
:1015E00020917606309177064091780650917906E1
:1015F0000F948ABD4B015C0189829A82AB82BC82C6
:1016000069A57AA58BA59CA50F94F1B520917A06C2
:1016100030917B0640917C0650917D060F948ABDE7
:101620006B017C01CD82DE82EF82F8866DA57EA5FE
:101630008FA598A90F94F1B520917E0630917F0671
:1016400040918006509181060F948ABD22966CAF1E
:101650007DAF8EAF9FAF229769877A878B879C87F4
:10166000C301B2010F94F1B5209182063091830637
:1016700040918406509185060F948ABD26966CAFE2
:101680007DAF8EAF9FAF26976D877E878F87988BB4
:101690008EE6829DF001839DF00D1124E658F84FEF
:1016A00080819181A281B3812E968CAF9DAFAEAF28
:1016B000BFAF2E970697A105B1050CF033C7848103
:1016C0009581A681B7810697A105B1050CF02AC7BF
:1016D00080859185A285B3850697A105B1050CF09B
:1016E00021C726968CAD9DADAEADBFAD2697BF7719
:1016F00085A796A7A7A7B0AB8EE6829DF001839D34
:10170000F00D1124E658F84F45A456A467A470A81C
:10171000A301920160E070E080E89FE30F948ABD2E
:1017200029A939AD4DAD5DA90F9430B66B017C018F
:1017300080915A0E90915B0E891B8F708DAF8250F5
:10174000863008F040C0A701960160E074E284E7AB
:1017500099E40F948ABD0F94C8BF4B015C0180913E
:10176000B6069091B706A091B806B091B906881652
:101770009906AA06BB0638F5BC01CD01681979099E
:101780008A099B09660F771F881F991FADAD2A2F05
:1017900030E050E040E00F94D6BBCA01B9010F948D
:1017A000EFB50F94FCBD680D791D8A1D9B1D0F942C
:1017B000EFB59B01AC0160E074E284E799E40F941B
:1017C0008ABD6B017C01A3019201C701B6010F9490
:1017D00030B66DAB7EAB8FAB98AF8EE6829D80014D
:1017E000839D100D11240658184F2DA93EA94FA90D
:1017F00058ADD80191962D933D934D935C9394975A
:1018000050966D917D918D919C9153970F94EFB56A
:1018100069AF7AAF8BAF9CAF9B01AC01C701B6013A
:101820000F9430B60F9469BD0F9403BE62966CAFEF
:101830007DAF8EAF9FAF6297F80166AB77AB80AF9D
:1018400091AF9E012F5F3F4F6C963FAF2EAF6C97CD
:10185000AE014F5E5F4FA0965FAF4EAFA0978091F5
:101860009A0290919B029AAB89AB40966E969FAF7D
:101870008EAF6E9768965FAF4EAF689719A61DA69C
:1018800000E81FE36C96AEADBFAD6C972D913D9116
:101890004D915D916C96BFAFAEAF6C97C701B6012D
:1018A0000F9430B66896EEADFFAD68976193719373
:1018B000819391936896FFAFEEAF68974B015C01FF
:1018C000E894B7F8A9A9BAA92D913D914D915D91E0
:1018D000BAABA9AB66962CAF3DAF4EAF5FAF669784
:1018E000C501B4010F9414BF1816B4F4A5019401F6
:1018F00066966CAD7DAD8EAD9FAD66970F948ABD3B
:101900004B015C0129A53DA5A8010F9414BF181631
:101910001CF089A69DA685016E96EEADFFAD6E9773
:1019200029A93AA9E217F30709F0ACCF20E030E08B
:1019300040E85FE369A57DA5C8010F9480BD87FFDE
:1019400050C0A096AEACBFACA09730E1A30EB11CC6
:10195000A096CEACDFACA097D6016D917D918D9114
:101960009D916D017D01B4E0EB1AF10829A53DA51B
:10197000A8010F9430B6F70160837183828393834B
:10198000AC14BD0449F72EE6229DC001239D900DA5
:1019900011249C012658384F790129A53DA5A8019D
:1019A0006DA97EA98FA998AD0F9430B6D7019196F5
:1019B0006D937D938D939C93949762966CAD7DAD62
:1019C0008EAD9FAD62970F94EFB529A53DA5A801F7
:1019D0000F9430B60F9403BEF70166AB77AB80AFC0
:1019E00091AFA301920169AD7AAD8BAD9CAD0F941F
:1019F0008ABD69A77AA78BA79CA72E962CAD3DAD73
:101A00004EAD5FAD2E97232B242B252B09F0B9C5A6
:101A10008EE6829D8001839D100D11240658184F7B
:101A2000F80184819581A681B781892B8A2B8B2B24
:101A300009F0A7C580859185A285B385892B8A2B5E
:101A40008B2B09F09EC52091AA063091AB064091E0
:101A5000AC065091AD0669A57AA58BA59CA50F94FF
:101A600030B60F9469BD0F9403BE2B013C01F80101
:101A7000E45BFF4F10826A961CAE1DAE1EAE1FAE19
:101A80006A978EE6829D8001839D100D1124065871
:101A9000184FF801EE5BFF4F4082518262827382E1
:101AA000C301B2010F94EFB56B017C0129A53AA5E2
:101AB0004BA55CA50F948ABDE2966CAF7DAF8EAF4F
:101AC0009FAFE297F80161AB72AB83AB94AB2DEBA8
:101AD00037E346E051E4C701B6010F9430B60F94E6
:101AE00003BED80154966D937D938D939C93579725
:101AF0009196BC912796BFAF2797F801F2A12B963C
:101B0000FFAF2B97D8019396BC912F96BFAF2F971D
:101B1000F801F4A16396FFAF63972AEB36E0EE96E7
:101B20003FAF2EAFEE97A0964EAC5FACA09730E1E2
:101B3000430E511C0AEB16E0A0966EAC7FACA0974A
:101B400027964FAD279749A72B965FAD2B975DA79B
:101B5000B9ABF9AF1DAAD3018D909D90AD90BD900A
:101B60003D01E894B7F8F801C190D190E190F1906F
:101B70008F01A5019401C701B6010F9480BD87FFB5
:101B80003AC0FDA9FF2309F47EC629A53DA549A9B0
:101B900059ADC501B4010F9430B64B015C01A701EA
:101BA000960127966FAD27972B967FAD2B972F9693
:101BB0008FAD2F9763969FAD63970F9430B66B01EF
:101BC0007C01AC019B01C501B4010F9414BF181630
:101BD00094F4A5019401C701B6010F948ABD9B013D
:101BE000AC0169A57DA589A999AD0F9430B669A707
:101BF0007DA789AB99AF4614570409F0ACCF8EE6A8
:101C0000829DF001839DF00D1124E658F84F15AA2E
:101C10008091C404882321F080E185AB1092C40434
:101C20003DAD323008F48FC64091C6046B964FAF7D
:101C30006B975091C7046D965FAF6D970091C80484
:101C40001091C90427E137EB41ED58E36B966FAD76
:101C50006B976D967FAD6D97C8010F9414BF1816E2
:101C60000CF071C66B962FAD6B976D963FAD6D976F
:101C7000A80127966FAD27972B967FAD2B972F96B0
:101C80008FAD2F9763969FAD63970F9480BD87FFAD
:101C900001C66B962FAD6B976D963FAD6D97A80102
:101CA00027966FAD27972B967FAD2B972F968FADED
:101CB0002F9763969FAD63970F948ABDEC966CAF98
:101CC0007DAF8EAF9FAFEC9727968FAD27978DAFE7
:101CD0002B969FAD2B979DAB2F96AFAD2F97AEAFA9
:101CE0006396BFAD63972396BFAF23972AEC34E08A
:101CF000E8963FAF2EAFE897412C512C30E8632E89
:101D00003FE3732EE896AEADBFADE8978D909D9002
:101D1000AD90BD90E896BFAFAEAFE897A096EEADA0
:101D2000FFADA097C190D190E190F190A096FFAF48
:101D3000EEAFA0976B962FAD6B976D963FAD6D97FD
:101D4000A80127966FAD27972B967FAD2B972F96DF
:101D50008FAD2F9763969FAD63970F9480BD87FFDC
:101D60000CC0EC962CAD3DAD4EAD5FADEC97C50112
:101D7000B4010F9430B64B015C01A296FFADA2975F
:101D8000FF2381F0A3019201C501B4010F9430B685
:101D90004B015C01A3019201C701B6010F9430B65B
:101DA0006B017C01A7019601C501B4010F9414BF1A
:101DB00020E030E0A90118160CF0A3C5C701B60158
:101DC0000F9414BF18164CF020E030E0A901C501B3
:101DD000B4010F9480BD87FF85C5A7019601C50199
:101DE000B4010F948ABC6B017C01EE96AEADBFAD21
:101DF000EE978D909D90AD90BD90EE96BFAFAEAF3B
:101E0000EE97A5019401C701B6010F9414BF1816EF
:101E100094F4A7019601C501B4010F948ABD9B01FA
:101E2000AC01C301B2010F9430B62B013C01B1E00B
:101E3000A296BFAFA297EAEDF4E0E8962EAD3FADD3
:101E4000E897E217F30709F05DCFA2963FADA2979E
:101E5000332381F0A30192016DAD7DA98EAD239650
:101E60009FAD23970F9430B66DAF7DAB8EAF2396A9
:101E70009FAF239724EA30E74DE75FE36DAD7DA97F
:101E80008EAD23969FAD23970F9430B66B017C01E6
:101E9000AC019B016091F1177091F2178091F317DB
:101EA0009091F4170F9414BF1816FCF429A53DA5C2
:101EB00049A959ADC701B6010F9480BD87FF15C070
:101EC0008EE6829DF001839DF00D1124E658F84FB7
:101ED00085A9846085AB49A54DAF5DA55DAB89A99A
:101EE0008EAF99AD23969FAF23978EE6829D80019A
:101EF000839D100D11240658184F8DAD9DA9AEADD0
:101F00002396BFAD2397F80181A792A7A3A7B4A7F3
:101F100029A53DA549A959AD69A57DA589A999AD71
:101F20000F9430B66B017C01E2966CAD7DAD8EAD49
:101F30009FADE29790589B01AC010F948BBCD801E8
:101F40009D962D913D914D915C91D0970F9430B617
:101F50009B01AC01C701B6010F948ABC0F9459C014
:101F6000D62EE72E8C012DAD3DA94EAD23965FAD4B
:101F700023970F9414BF181634F0DDAEEDAA0EAF00
:101F800023961FAF23978EE6829DF001839DF00D6F
:101F90001124E658F84F8DAD9DA9AEAD2396BFAD87
:101FA000239785A396A3A7A3B0A7F5A82D2D3E2D13
:101FB000A80127966FAD27972B967FAD2B972F966D
:101FC0008FAD2F9763969FAD63970F9480BD1816C2
:101FD0000CF4CFC483E09EE6929D8001939D100D8A
:101FE00011240658184FF82AF801F5AA80E1FE01DD
:101FF0007196AAECB4E001900D928A95E1F72796CC
:102000008FAD27972B969FAD2B972F96AFAD2F9720
:102010006396BFAD63978093C6049093C704A09363
:10202000C804B093C90489A59DA5A9A9B9AD809399
:10203000F1179093F217A093F317B093F417D80108
:10204000D6966D917D918D919C91D9970F94EFB516
:1020500027962FAD27972B963FAD2B972F964FADF9
:102060002F9763965FAD63970F948ABD2B013C0158
:10207000F801E85BFF4F408251826282738234969E
:102080008081882309F489C020910C1830910D18A3
:1020900040910E1850910F186A966CAD7DAD8EADC3
:1020A0009FAD6A970F9430B64B015C01C0908206D9
:1020B000D0908306E0908406F09085060C5A1F4F5E
:1020C000A70196010F9430B6A30192010F948ABD27
:1020D000F801608371838283938320E030E0A9015B
:1020E0006A966CAD7DAD8EAD9FAD6A970F9414BFAF
:1020F00018160CF040C4A5019401E2966CAD7DADBC
:102100008EAD9FADE2970F9430B6A70196010F9464
:1021100030B66B017C0120E030E44CE157E40F94D1
:1021200014BF18163CF4C12C20E4D22E2CE1E22E70
:1021300027E4F22EA701960160E074E284EF99E4AF
:102140000F948ABD4B015C0120E030E44CE956E479
:10215000C701B6010F9414BF18160CF017C48EE611
:10216000829D8001839D100D11240658184F78011F
:10217000FDE4EF0EF11C20E030E040E850E4C50142
:10218000B4010F9430B60F9403BED7016D937C93C6
:10219000F801ED5AFF4F84E0808309A51DA529A908
:1021A00039AD4DAD5DA96EAD23967FAD2397A49655
:1021B0008EAD9FADA4978658984F0F94AD7D8EE657
:1021C000829DF001839DF00D1124E658F84F80891F
:1021D0009189A289B38981159048A105B10518F4A8
:1021E00085A9886085AB8FB7F8949091610E9111A5
:1021F00093C4A1963FADA19730935A0E8FBFC2589A
:10220000DF4F88819981AA81BB81CE57D0408093CE
:10221000580790935907A0935A07B0935B07CE577E
:10222000DF4F288139814A815B81C258D040209399
:102230005C0730935D0740935E0750935F07E69617
:102240008CAD9DADAEADBFADE6978093600790932A
:102250006107A0936207B0936307AE962CAD3DADC6
:102260004EAD5FADAE972093640730936507409302
:1022700066075093670789A19AA1ABA1BCA180937F
:10228000DA049093DB04A093DC04B093DD048DA109
:102290009EA1AFA1B8A58093DE049093DF04A09324
:1022A000E004B093E104A8968CAD9DADAEADBFAD9A
:1022B000A8978093E2049093E304A093E404B0937E
:1022C000E504AA96EEADFFADAA9780819181A28127
:1022D000B3818093E6049093E704A093E804B0935D
:1022E000E904F0905B0E80915A0E8F198F70833045
:1022F00040F110915A0E111101C010E11150FEE68B
:102300001F9FC00111249C012658384F59011111FB
:1023100001C010E111503EE6139FC0011124AC0131
:102320004658584F6A019EE6692EF11669F0D601AB
:10233000D5960C9102FF7EC380915A0E811B8F703F
:10234000F12E823008F4A3C03EE6F39EC0011124B2
:10235000AC014658584F5A01F39450E1F51201C0B0
:10236000F12CAEE6FA9EC0011124FC01E658F84FAC
:102370006F018EE6882ED501D5968C91D59781FD7B
:102380005AC095964D905D906D907C909897F6010F
:1023900095A0E6A007A110A5292D3E2DA801C301F7
:1023A000B2010F9480BD87FF46C0A3019201C30113
:1023B000B2010F9430B62B013C01D501D1966D913D
:1023C0007D918D919C91D49790589B01AC010F9475
:1023D0008BBCF50125A536A547A550A90F9430B6AD
:1023E0009B01AC01C301B2010F948ABC0F9459C088
:1023F0002B013C019B01AC01692D7E2DC8010F947E
:1024000080BD87FF03C0492C5E2C38019201A301D7
:10241000692D7E2DC8010F9480BD882361F0D601FF
:10242000D5962C91C201D301F60185A396A3A7A34B
:10243000B0A7216025ABD501D5968C91D597F60133
:1024400095A9892B80FF14C005A116A127A130A54D
:1024500095964D915D916D917C919897C5010F94E2
:10246000AD7DD501D5968C91D5978E7FD5968C93E1
:10247000F394B0E1FB1201C0F12CF89CC0011124CF
:102480008658984F20915A0E5601F21243C38091FC
:102490005A0E811101C080E18150EEE68E9FC0018D
:1024A00011249C012658384F7901D90195964D91F8
:1024B0005D916D917C91989709A51DA529A939ADCC
:1024C000C7010F94AD7DF70185A98E7F85AB809103
:1024D0006F00826080936F000D94E187AE52B84F19
:1024E00080E1E7E4F7E00D941C8820917E063091AE
:1024F0007F064091800650918106A8966CAD7DAD17
:102500008EAD9FADA8970D94B28881E0808F0D9419
:10251000588AA090AE06B090AF060091B006109118
:10252000B1064CC8C501B4010F942CB64B015C0137
:10253000C701B6010F942CB69B01AC01C501B401D3
:102540000F948BBC6B017C0122966CAD7DAD8EAD82
:102550009FAD22970F942CB69B01AC01C701B60129
:102560000F948BBC0F9459C02EE6229DF001239D41
:10257000F00D1124E658F84F65A776A787A790AB12
:10258000BBC82A962CAD3DAD4EAD5FAD2A97232B2F
:10259000242B252B09F40EC16091A6067091A70685
:1025A0008091A8069091A90629A53AA54BA55CA5FE
:1025B0000F9430B60F9469BD0F9403BE2B013C01FC
:1025C00080910C1890910D18A0910E18B0910F18D1
:1025D0008DA79EA7AFA7B8AB20E030E0A901BC0152
:1025E000CD010F9414BF18160CF0EDC020E030E0C0
:1025F000A90126966CAD7DAD8EAD9FAD26970F944B
:1026000014BF87FDE0C022966CAD7DAD8EAD9FAD51
:1026100022979F7720E030E040E05FE30F9480BD99
:1026200087FFD1C08EE6829D8001839D100D11240D
:102630000A53184F81E0D8018C932091DA0430912D
:10264000DB044091DC045091DD0469A17AA18BA1E7
:102650009CA10F948ABC69AB7AAB8BAB9CAB2091ED
:10266000DE043091DF044091E0045091E1046DA15B
:102670007EA18FA198A50F948ABC4B015C0120918B
:10268000E2043091E3044091E4045091E504A896FB
:102690006CAD7DAD8EAD9FADA8970F948ABC6B01DC
:1026A0007C0129A93AA94BA95CA9CA01B9010F94D7
:1026B00030B669AB7AAB8BAB9CABA5019401C5017D
:1026C000B4010F9430B69B01AC0169A97AA98BA91A
:1026D0009CA90F948BBC4B015C01A7019601C7011B
:1026E000B6010F9430B69B01AC01C501B4010F9443
:1026F0008BBC0F9459C06B017C012091E604309192
:10270000E7044091E8045091E904AA96EEADFFADCC
:10271000AA9760817181828193810F948ABCA701FD
:1027200096010F948ABD6A966CAF7DAF8EAF9FAF56
:102730006A9720E030E040E450E40F9414BF18168C
:102740000CF49EC020E030E0A9016A966CAD7DAD2E
:102750008EAD9FAD6A970F9414BF18160CF042C04F
:102760006A962CAD3DAD4EAD5FAD6A976DA57EA569
:102770008FA598A90F9430B69B01AC016091C60655
:102780007091C7068091C8069091C9060F948ABDC2
:1027900029A53AA54BA55CA50F9430B60F9469BD49
:1027A0000F9403BE6415750586059705D8F42B01B3
:1027B0003C0118C060913207709133078091340753
:1027C00090913507F1CE8EE6829DF001839DF00D4C
:1027D0001124EA53F84F10826A961CAE1DAE1EAE4D
:1027E0001FAE6A9710E000E0A496EEADFFADA4978F
:1027F000E00FF11FE658F84FC080D180E280F380EF
:10280000C114D104E104F104A1F1F801EB50F84E38
:1028100060817181828193816415750586059705B4
:1028200040F50F94EFB529AD3AAD4BAD5CAD0F94CB
:1028300030B64B015C01C701B6010F94F1B59B01A5
:10284000AC01C501B4010F948ABD6B017C01C301C9
:10285000B2010F94EFB59B01AC01C701B6010F9413
:1028600080BD87FF06C0C701B6010F9403BE2B01D0
:102870003C010C5F1F4F0031110509F0B5CF01C9B4
:10288000D8011C92AFCFC9A6DDA6E9AAF9AE21E016
:102890002DABB1C927962FAD27972B963FAD2B9720
:1028A0002F964FAD2F9763965FAD63976B966FAD85
:1028B0006B976D967FAD6D97C8010F948ABDEC96AE
:1028C0006CAF7DAF8EAF9FAFEC976B96EFAD6B9714
:1028D000EDAF6D96FFAD6D97FDAB0EAF23961FAFBD
:1028E000239704CAF7FAF094F7F8F094A50194013D
:1028F000C701B6010F9480BD87FF77CA75016401D7
:1029000074CAC701B6010F9480BD87FD09C020E0DD
:1029100030E0A901C501B4010F9414BF18162CF4BE
:10292000A5019401C701B6015CCAB7FAB094B7F823
:10293000B094A7019601C501B4010F9414BF1816F5
:102940000CF053CADBCF8EE6829DF001839DF00D23
:102950001124E658F84F85A9846085ABA9A5ADAFD1
:10296000BDA5BDABE9A9EEAFF9AD2396FFAF2397A7
:10297000BCCA81E030CB2091C6063091C706409199
:10298000C8065091C906C701B601C1CB20E030E4AA
:102990004CE156E4C701B6010F9414BF1816D4F4E5
:1029A0008EE6829D8001839D100D11240658184FDC
:1029B0007801BDE4EB0EF11CA5019401C501B40141
:1029C0000F948BBC0F9403BEF7017183608336961E
:1029D00082E0E2CB20E03FEF4FE757E4C501B401CE
:1029E0000F9480BD87FF19C08EE6829D8001839D74
:1029F000100D11240953184FC501B4010F9403BEE3
:102A0000D8016D937C938EE6829DF001839DF00D3D
:102A10001124E353F84F81E0BFCB8EE6829DF00195
:102A2000839DF00D1124E953F84F8FEF9FEF9183B1
:102A30008083E9CFF60171A482A493A4E4A4272D96
:102A4000382D492D5E2D65A176A187A190A50F9403
:102A500080BD882309F451C001FD44C0D50195967D
:102A60002D903D904D905C909897A2019101672D1B
:102A7000782D892D9E2D0F9480BD18169CF5A201EE
:102A80009101C201B1010F9430B61B012C01F60176
:102A900061A972A983A994A990589B01AC010F94D4
:102AA0008BBCD6019D962D913D914D915C91D09717
:102AB0000F9430B69B01AC01C201B1010F948ABCE6
:102AC0000F9459C02B015C019B01AC01672D782D3F
:102AD000892D9E2D0F9480BD87FD04C0742C852CFC
:102AE0009A2CEB2C872D982DA92DBE2DF60185A3B0
:102AF00096A3A7A3B0A7016005AB111101C010E117
:102B00001150169DC001112456019C012658384FC2
:102B100069010BCC6C012FCC8FBF0D94E1874F92D4
:102B20005F926F927F928F929F92AF92BF92CF925D
:102B3000DF92EF92FF92CF93DF93CDB7DEB72C9762
:102B40000FB6F894DEBF0FBECDBFC0904F07D09038
:102B50005007E0905107F090520780914B079091F9
:102B60004C07A0914D07B0914E07409147075091F7
:102B700048076091490770914A074D835E836F83D0
:102B8000788789839A83AB83BC83BE016F5F7F4F55
:102B9000CE0105960E94304F4D805E806F80788414
:102BA000209176063091770640917806509179060B
:102BB000C301B2010F9430B60F94C8BF6093580799
:102BC0007093590780935A0790935B0789809A8086
:102BD000AB80BC8020917A0630917B0640917C06C8
:102BE00050917D06C501B4010F9430B60F94C8BF53
:102BF00060935C0770935D0780935E0790935F0717
:102C00008091A513882309F48CC0A5019401C30108
:102C1000B2010F9433519B01AC01C701B6010F946F
:102C20008BBC20917E0630917F06409180065091AA
:102C300081060F9430B60F94C8BF609360077093FD
:102C40006107809362079093630780915307909187
:102C50005407A0915507B091560789879A87AB878B
:102C6000BC87209182063091830640918406509162
:102C70008506BC01CD010F9430B60F94C8BF609398
:102C80006407709365078093660790936707409287
:102C9000DA045092DB046092DC047092DD048092CE
:102CA000DE049092DF04A092E004B092E104C092AE
:102CB000E204D092E304E092E404F092E504898512
:102CC0009A85AB85BC858093E6049093E704A09336
:102CD000E804B093E9040F945C641092C604109267
:102CE000C7041092C8041092C904EAECF4E080E131
:102CF000DF011D928A95E9F72C960FB6F894DEBF96
:102D00000FBECDBFDF91CF91FF90EF90DF90CF90BE
:102D1000BF90AF909F908F907F906F905F904F90FB
:102D2000089520917E0630917F0640918006509153
:102D30008106C701B6017DCF8F929F92AF92BF925D
:102D4000CF92DF92EF92FF920F931F934B015C01A2
:102D5000E6E5F5E0E084F184028513852481358180
:102D60004681578160817181828193811F921F9278
:102D70001F921F92E2E6CE2EE5E0DE2E0F947A87B8
:102D80000F900F900F900F901F910F91FF90EF9069
:102D9000DF90CF90BF90AF909F908F9008958F92CB
:102DA0009F92AF92BF92CF92DF92EF92FF920F93DA
:102DB0001F934B015C01E7E4F7E0E084F1840285B6
:102DC000138524813581468157816081718182819B
:102DD00093811F921F921F921F92E3E5CE2EE7E090
:102DE000DE2E0F947A870F900F900F900F901F9107
:102DF0000F91FF90EF90DF90CF90BF90AF909F909A
:102E00008F9008954F925F926F927F928F929F92D0
:102E1000AF92BF92CF92DF92EF92FF92CF9380E07A
:102E20000F94F936609358077093590780935A07A7
:102E300090935B0781E00F94F93660935C07709381
:102E40005D0780935E0790935F0782E00F94F936E9
:102E500060936007709361078093620790936307A4
:102E600083E00F94F936609364077093650780934D
:102E700066079093670780E00F94073760934707D2
:102E8000709348078093490790934A0781E00F9415
:102E9000073760934B0770934C0780934D079093CF
:102EA0004E0782E00F94073760934F0770935007E7
:102EB000809351079093520783E00F9407376093F4
:102EC000530770935407809355079093560780914A
:102ED000A513882331F120914B0730914C07409185
:102EE0004D0750914E0760914707709148078091B8
:102EF000490790914A070F9433519B01AC016091AF
:102F00004F077091500780915107909152070F948D
:102F10008ABC60934F07709350078093510790933A
:102F20005207C091F017CC2309F49AC0C0FF34C0F7
:102F30002091E8173091E9174091EA175091EB176B
:102F400060914707709148078091490790914A071F
:102F50000F948ABC60934707709348078093490792
:102F600090934A072091EC173091ED174091EE179E
:102F70005091EF1760914B0770914C0780914D076E
:102F800090914E070F948ABC60934B0770934C0747
:102F900080934D0790934E07C1FF62C08090470712
:102FA00090904807A0904907B0904A07C0904B07FF
:102FB000D0904C07E0904D07F0904E072091E0171D
:102FC0003091E1174091E2175091E317C501B40128
:102FD0000F9430B62B013C012091E4173091E51796
:102FE0004091E6175091E717C701B6010F9430B62C
:102FF0009B01AC01C301B2010F948BBC2B013C01BE
:103000002091D8173091D9174091DA175091DB17DA
:10301000C501B4010F9430B64B015C012091DC175F
:103020003091DD174091DE175091DF17C701B601CF
:103030000F9430B69B01AC01C501B4010F948BBC59
:1030400060934707709348078093490790934A0716
:1030500040924B0750924C0760924D0770924E077A
:103060000E94684D80E1E7E4F7E0AAEDB4E001904A
:103070000D928A95E1F7CF91FF90EF90DF90CF907E
:10308000BF90AF909F908F907F906F905F904F9088
:10309000089580916F008D7F80936F000F94029749
:1030A00081E08093610E80916F008D7F80936F002F
:1030B00090915A0E80915B0E981769F090915A0E7C
:1030C00080915B0E9817A1F380915B0E8F5F8F70DC
:1030D00080935B0EEDCF1092A5051092A4058FEFA3
:1030E0009FEF9093F1048093F0041092ED041092FE
:1030F000EC040F94903780916F00826080936F0092
:103100001092C6041092C7041092C8041092C90409
:10311000EAECF4E080E1DF011D928A95E9F7109274
:10312000C5041092C40408951F920F920FB60F9217
:1031300011240BB60F928F929F92AF92BF92CF92B3
:10314000DF92EF92FF920F931F932F933F934F9332
:103150005F936F937F938F939F93AF93BF93CF931F
:10316000DF93EF93FF93EC988AEB9BE30E948F5DD4
:1031700085EA9FE00F9463BB182F8111DEC20E9485
:10318000234D882309F4A9C30F94841D6B017C018E
:10319000C0915E0ECC2331F0C1E080916A02823092
:1031A00009F4C0E0D0915D0ED11102C0D0915C0E47
:1031B00010924F02109205040E940173179A109208
:1031C0004407169A1092450764E183E692E00E9454
:1031D000404D64E183E692E00E94484D50E040E0BB
:1031E0006091FE0482E00F94591864E186E692E053
:1031F0000E94404D64E186E692E00E94484D50E016
:1032000040E06091FF0483E00F945918C1111BC086
:1032100080915707811117C08091700E8093B1057E
:103220008091720E9091730E9093B0058093AF05CC
:103230008091E30383FB882780F980930B188091AA
:10324000E5038093AE050F943E23C11104C00E9494
:103250007C4A0E94324A0091A5131092A5130F9444
:103260004998C1111BC080915707811117C080E197
:10327000E7E4F7E0ACE9B2E001900D928A95E1F75E
:10328000DD2361F080E090E0A0E8BFEB80939C023A
:1032900090939D02A0939E02B0939F028090A402FF
:1032A0009090A502A090A602B090A7020023D1F0B2
:1032B0002091A0023091A1024091A2025091A3025C
:1032C00060919C0270919D0280919E0290919F025C
:1032D0000F9433519B01AC01C501B4010F948ABC1A
:1032E0004B015C01B501A4018DE89FE00F9499BBEF
:1032F0004091A8025091A9026091AA027091AB027C
:103300008EE69FE00F9499BB60910B18C1E06C278B
:1033100082E79FE00F9487BB0E94076910927314A5
:10332000C0935E0E1092610E789420E030E040E889
:103330005FE3609153077091540780915507909116
:1033400056070F948ABC6093530770935407809379
:1033500055079093560760E070E08EEB92E40F946F
:10336000CF960F941B37149A8091FE04C0E0D1E0F1
:1033700002C0D695C7958A95E2F782E00F943F1870
:1033800060E074E0681B790B90E080E00F94EFB58B
:103390004B015C01BE0190E080E00F94EFB52091FD
:1033A0007E0630917F0640918006509181060F94F1
:1033B00030B69B01AC01C501B4010F948ABD2AE06F
:1033C00037ED43E25FE30F948BBC20914F073091C0
:1033D000500740915107509152070F948BBC609356
:1033E0004F0770935007809351079093520765E5FC
:1033F00075E585E591E40F94CF960F941B374091C6
:103400000718509108186091091870910A1881E9FD
:103410009FE00F9499BBCEEADDE097E0B92E70E013
:1034200060E0002319F1812F6B2D0F9412BCB89E20
:10343000F0011124E90FF11DEE0FFF1FEE0FFF1F2A
:10344000EB55FC4E20E030E04AE754E461817281A4
:10345000838194810F9430B620E030E040E05FE358
:103460000F948BBC0F9432BE0F94FCBDCE010F9411
:10347000A5BB1F5F2296113391F640914F075091E3
:10348000500760915107709152078AED9EE00F94AA
:1034900099BB40919C0250919D0260919E02709157
:1034A0009F028DE99FE00F9499BB4091A00250913B
:1034B000A1026091A2027091A30281EA9FE00F94A1
:1034C00099BB609105187091061889E89FE00F94E8
:1034D000A5BB6091390270913A0285E39DE00F949B
:1034E000A5BB6091AF057091B00588ED9EE00F948B
:1034F000A5BB6091B1058BE89FE00F9487BB6091FD
:10350000AE0588E89FE00F9487BB4091BC025091C4
:10351000BD026091BE027091BF0288EE9EE00F94E2
:1035200099BB60919502709196028EED9EE00F948A
:10353000A5BB4091A6065091A7066091A806709180
:10354000A90681E19DE00F9499BB4091AA06509194
:10355000AB066091AC067091AD068DE09DE00F94D6
:1035600099BB4091320750913307609134077091B5
:10357000350789E09DE00F9499BB40E150E067E397
:103580007DE08CEA92E00F9477BB60911018709107
:1035900011188CE69FE00F94A5BB60916A028CE83D
:1035A0009FE00F9487BB40910C1850910D186091CB
:1035B0000E1870910F188CE29DE00F9499BB6091EA
:1035C0006B0270916C028DE79CE00F94A5BB40E10B
:1035D00050E06DE67CE086E996E00F9477BB40E131
:1035E00050E06DE57CE08EE197E00F9477BB40E121
:1035F00050E06DE47CE086E896E00F9477BB40E114
:1036000050E06DE37CE08EE097E00F9477BB409153
:10361000AE065091AF066091B0067091B10689E395
:103620009CE00F9499BB4091B2065091B306609113
:10363000B4067091B50685E39CE00F9499BB409168
:10364000B6065091B7066091B8067091B90681E34D
:103650009CE00F9499BB40E150E061E27CE08AEB92
:1036600096E00F9477BB8091E203882329F061E014
:103670008FE79CE00F9487BB61E085EA9FE00F94A1
:1036800087BB84E69FE00E94405A8FEF9EE00E9435
:10369000335A0F94841DDC01CB018C199D09AE09AE
:1036A000BF09BF93AF939F938F9382EF91E79F934F
:1036B0008F930F9425BA9FB7F8948091020184608C
:1036C000809302019FBF15980F900F900F900F905D
:1036D0000F900F9020E030E04FE753E460914707F0
:1036E000709148078091490790914A070F9480BDD7
:1036F00087FD1FC080E090E0AFEFB3E48093470701
:1037000090934807A0934907B0934A0760E070E0A0
:103710008AEF93E40F94CF960F941B3788E19EE0D5
:103720000FB6F894A895809360000FBE9093600048
:10373000FFCF80E090E0DC01E1CF0F94841D6B01AE
:103740007C01179A10924407169A10924507149A12
:1037500064E183E692E00E94404D64E183E692E0FA
:103760000E94484D50E040E06091FE0482E00F94DA
:1037700059180F943E231092A5130F9449988090E6
:103780004F0790905007A0905107B09052078AEDD4
:103790009EE00F946BBB9B01AC01C501B4010F947B
:1037A0008ABC4B015C01E894B7F820917E06309109
:1037B0007F06409180065091810660E070E080E8CD
:1037C0009FE30F948ABD9B01AC01C501B4010F9426
:1037D00014BF87FD61C00E9407691092731481E0D5
:1037E00080935E0E1092610E78948091FE04C0E08A
:1037F000D1E002C0D695C7958A95E2F782E00F9492
:103800003F1860E074E0681B790B90E080E00F9453
:10381000EFB54B015C01BE0190E080E00F94EFB585
:1038200020917E0630917F0640918006509181065E
:103830000F9430B69B01AC01C501B4010F948ABD51
:103840002AE037ED43E25EE30F948BBC20914F07F3
:103850003091500740915107509152070F948BBC03
:1038600060934F07709350078093510790935207CE
:1038700065E575E585E591E40F94CF960F941B37C8
:1038800040914F0750915007609151077091520736
:103890008AED9EE00F9499BB62E085EA9FE00F9469
:1038A00087BB84E69FE00E94405A8FEF9EE00E9413
:1038B000335A0F94841DDC01CB018C199D09AE098C
:1038C000BF09BF93AF939F938F9381E092E79F933C
:1038D0008F930F9425BA0F947686FF91EF91DF9125
:1038E000CF91BF91AF919F918F917F916F915F9198
:1038F0004F913F912F911F910F91FF90EF90DF908B
:10390000CF90BF90AF909F908F900F900BBE0F9075
:103910000FBE0F901F90189584B1817F84B984B138
:10392000876084B985B1817F85B9289A80E58CBD8F
:103930001DBC08952F923F924F925F926F927F929B
:103940008F929F92AF92BF92CF92DF92EF92FF92AF
:103950000F931F93CF93DF93CDB7DEB7C650D140FF
:103960000FB6F894DEBF0FBECDBF8091FC1F9091C3
:10397000FD1FA091FE1FB091FF1F8A3A9545AA4AEC
:10398000B54521F48091FB1F87FDC2C1A895D09059
:1039900025058091C00087FF04C0A8958091C600CE
:1039A000F8CF1092250500919F041091A004109368
:1039B0009E0400939D045CEDE52E53E7F52E62EE28
:1039C000A62E63E7B62EF70184910F94707DFFEF6A
:1039D000EF1AFF0AAE14BF04B1F7A8958FE090E08C
:1039E0002BED33E740E854E86EE170E0E0919D0490
:1039F000F0919E04E017F10719F5A895415051097F
:103A00006109710999F7D092250580E0CA5FDE4F00
:103A10000FB6F894DEBF0FBECDBFDF91CF911F91DF
:103A20000F91FF90EF90DF90CF90BF90AF909F905D
:103A30008F907F906F905F904F903F902F90089560
:103A4000F801E35EFB4F40810F5F1F4F0F77112797
:103A5000F901E81BF90BE4914E13D5CFA895019716
:103A600009F0C0CF8091C1008F778093C1000EEB29
:103A700013E7F80184910F94707D0F5F1F4FF3E7F8
:103A80000B3C1F07B1F70F948C9C0E9416C90FB610
:103A9000F894A895809160008861809360001092EE
:103AA00060000FBE0E94405448E953E761E080E0A7
:103AB0000E9421541092FC1F1092FD1F1092FE1FB5
:103AC0001092FF1FCB5FDE4F1882C550D14010E02F
:103AD00000E0F12CAE014F5F5F4F3A010F94777D0C
:103AE0008134A9F40F94777DE82E0F940F8052E86B
:103AF00082E0E51621F081E8E81207C086E00F9425
:103B0000707D80E10F94707DE9CF83E0F8CF82343F
:103B100021F484E10F941B80F4CF853411F485E007
:103B2000F9CF8535C9F40F94777D082F0F94777DF1
:103B3000082B10E00F94777D182B0F94777D182BAE
:103B400017FF07C06894F0F8000F111F0F940F8043
:103B5000D8CFE894F0F8F8CF8635A1F40F94777DAC
:103B60008D3471F40F94777D0F94777D9F2D917034
:103B7000F92E880FF82A81E00F941B8080E0BFCFD8
:103B800083E0FACF843609F077C00F94777DB82EA2
:103B90000F94777DC82E0F94777DE82E0F94777D54
:103BA000D12CDC2CCC24DB288E29C82A0F94777DDD
:103BB000582EFE0131965F0146018E0E9F1EEE2E9D
:103BC000CA5FDE4FB882C650D1400F94777DF501B1
:103BD00081935F018E169F06C1F70F940F80F5E465
:103BE0005F1201C0FFCF1801512C4F2C0115110598
:103BF00061F54201AA24BB24CB5FDE4F2881C5506A
:103C0000D140822F90E0082C02C0959587950A94A8
:103C1000E2F780FD1AC00E94A3C70E943FC8B2010C
:103C2000A80188ED0E94C1C781E090E001C0880F23
:103C30008A94EAF7CB5FDE4F4881C550D140482BCC
:103C4000CB5FDE4F4883C550D1400E94A3C70E947E
:103C50003FC896014E2DCA5FDE4F5881C650D140F5
:103C6000C201B1010E94C6C70E94A3C7459884E063
:103C70000E949DC7459A45CF843781F5B12CAF2C62
:103C80000F94777DD82E0F94777DC82E0F94777D73
:103C9000E82E0F94777D2C2D30E0322F2227F9016A
:103CA000FD296F018E29C82A0F94777D0F940F800C
:103CB0000E94A3C79601A301C501B8010E94E6C7EF
:103CC0005301C501861997098C159D0508F019CF78
:103CD000F50181915F010F94707DF3CF853751F429
:103CE0000F940F808EE10F94707D88E90F94707DA2
:103CF00081E005CF813509F029CFF8E128E00FB642
:103D0000F894A895F09360000FBE209360001ECF3A
:103D100081E07CCE81E00C941A550F931F93CF93D2
:103D20008C01C62F80E00E941A550E944054A801C1
:103D300061E080E00E94215480E20E9484556C2F53
:103D400070E06F5F7F4F072E000C880B990BCF91AF
:103D50001F910F910C948E5682ED9EE00E94405A66
:103D600083ED9EE00C94335A41E0809173138111EE
:103D700001C040E0405D62E083E00E942D540E945B
:103D80003CC940E3480F62E088E00E942D5462E0A5
:103D90008AE00E940D540F94B81562E080E10E9401
:103DA0000D5420E030E040E05FE36091650E7091DB
:103DB000660E8091670E9091680E0F948BBC0F94E5
:103DC000FCBD7F936F9386E892E79F938F930E9449
:103DD000E6530F900F900F900F9008958A3020F0C7
:103DE000803120F4895A0895805D089580E0089517
:103DF0000F931F93CF93DF93082FEB0190E024E004
:103E0000959587952A95E1F711E0009721F00F9499
:103E1000EE9E899312E0802F8F700F94EE9E888320
:103E2000812FDF91CF911F910F910895803330F052
:103E30008A3330F09FE9980F963020F080E00895A3
:103E40008053089587550895CF93DF93EC016881DF
:103E500080E00F94837D69810F94837D6A81CB819B
:103E60000F94837D6C2FDF91CF910D94837DCF9341
:103E7000DF93EC010F94249F6D810F94837D6E81FD
:103E8000CF810F94837D6C2FDF91CF910D94837D33
:103E9000CF93DF93EC01688349831B821A820F94CE
:103EA000249F8C83DF91CF9108959FB7F894E5E02C
:103EB000F1E080818F7D80839FBF8FE891E0019743
:103EC000F1F700C000009FB7F89480818062808382
:103ED0009FBF0895149A0895CF92DF92EF92FF92B8
:103EE000CF93DF9369017A01C7E4D7E09B01AC016E
:103EF0006C857D858E859F850F948BBC6C877D87B7
:103F00008E879F87C701B601DF91CF91FF90EF9019
:103F1000DF90CF900D94CF960F94CF960D941B37D2
:103F2000CF93DF93EC0183EA99E60E94685B80E817
:103F300092E70E94685BCE01DF91CF910C948F5D78
:103F40000C943CC9893220E8920709F497C008F024
:103F500048C0863060E8960709F49AC030F583308F
:103F600040E8940709F480C0A8F4813020E8920763
:103F700009F417C1823040E8940709F473C09C012A
:103F800086FF8EC02227327C2115324C09F09EC05C
:103F90008EE10895843060E8960709F467C08530A3
:103FA00020E8920761F784E208958A3040E8940798
:103FB00009F45EC058F4883020E8920709F46EC016
:103FC000893040E89407D9F685E008958C3060E8A0
:103FD000960709F451C08D3020E8920781F681E2FE
:103FE00008958F3240E8940709F456C0E0F48C320B
:103FF00020E8920709F44EC058F48A3260E8960728
:10400000C9F18B3220E8920709F0B9CF86E2089512
:104010008D3240E89407D1F18E3260E8960709F0BE
:10402000AECF82E20895873820E8920749F158F42C
:10403000873460E8960729F08B3420E8920709F06E
:104040009ECF84E00895873041E89407D9F08B3003
:1040500061E89607C9F08B3820E8920709F08FCF06
:1040600089E0089581E0089582E0089583E008954D
:1040700086E0089587E008958AE208958BE2089526
:1040800088E008958AE008958BE0089583E208951A
:1040900085E2089587E2089588E2089589E2089507
:1040A00087FF07C02227327C2115324CA1F58FE112
:1040B00008952227317090FF52C0AC014427527CF2
:1040C0004115524C09F04BC080E208959C01222713
:1040D0003278232B09F067C09C0122273478232BE8
:1040E00009F063C09C0122273878232B09F05FC0B8
:1040F0009C0122273079232B09F05BC09C012227E9
:10410000307A232B09F057C08827907C892B09F43B
:1041100068C08FE008959C0122273278232B09F094
:104120004CC09C0122273478232B09F048C09C0105
:1041300022273878232B09F044C09C0122273079AC
:10414000232B09F040C09C012227307A232BE9F56C
:104150008827907C892B09F444C080E10895232BA3
:1041600009F43FC09C0122273278232B81F59C0162
:1041700022273478232B69F59C0122273878232BBA
:1041800051F59C0122273079232B39F59C012227F8
:10419000307A232B21F58827907C892B11F181E13E
:1041A000089580E0089582E1089585E1089588E109
:1041B00008958BE108958CE0089583E1089586E1E8
:1041C000089589E108958CE108958DE0089584E1D2
:1041D000089587E108958AE108958DE108958EE0BC
:1041E00008958CE20895FF920F931F93CF93DF936E
:1041F00020916E1330916F132130310539F42091E5
:104200009713213019F422E02093D7170F94A29F1F
:10421000D82F8091D717813009F457C048F08230E9
:1042200009F4E5C0DF91CF911F910F91FF900895A0
:1042300084E0809397020D2F10E0F801E651FD48CD
:10424000C491FC2EF2944FE0F422CF7080E00E94E3
:104250001A550E944054000F111FF801E95EFC48F6
:1042600025913491045A1849F801859194913F930E
:104270002F939F938F9383E893E79F938F930E944D
:10428000E65344ED57E662E080E00E9421540F902F
:104290000F900F900F900F900F90F110BCC010E096
:1042A00000E022E146E951E7EC2FF0E0EE0FFF1FBE
:1042B000E159FC486591749181E0F11001C080E002
:1042C0000F94A81181E08093D71781E0809378073D
:1042D0000F94B49E0F943B450D2F10E0F801E6516A
:1042E000FD48C491DC2FD295DF708091CF178111EA
:1042F00009C081E0D11101C080E08093CE1781E038
:104300008093CF178091CD17882341F081E0D111A0
:1043100001C080E08093CE171092CD1720917006D7
:104320003091710621153105B9F18091CE17DD2349
:1043300061F037FF06C0882369F081508093CE1763
:1043400009C0823039F08F5FF9CF37FF3FC081114C
:104350001092CE178091CE174EE3811140E263E0B8
:1043600080E00E942D548091CE17DD23A1F14EE311
:10437000813009F040E263E089E00E942D54809191
:10438000CE17823051F54EE363E082E10E942D5456
:1043900010927106109270060E945757882309F4F4
:1043A00041CF8091CE17D1111AC0813079F5F80133
:1043B000EE0FFF1FE057FD48859194910F948F12E7
:1043C00081E08093CD171092D7172CCF813009F45C
:1043D000C1CF81E0B3CF8130B1F240E2D5CF82309E
:1043E00031F3813099F4D093630E8093CD1781E03F
:1043F0000E941A550F942B1010926E0510927105A1
:104400001092780782E080939702DDCFCF70C0933F
:10441000630E81E0EACFEF2DF0E0EE0FFF1FE159D0
:10442000FC484591549106E911E729E03DCF0F94EE
:10443000A29FE82FF0E0EE0FFF1FE95EFC482591F8
:104440003491233381E0380708F041C02D3281E0F8
:10445000380778F52E37310509F483C0F0F42C368F
:10446000310509F485C030F42536310508F079C0EE
:104470008FEF08952437310509F473C02D373105C6
:1044800019F023373105A1F78091630E813009F4CB
:104490006DC0873069F788E00895233D310509F440
:1044A0006EC050F4293C310509F469C02A3C31053D
:1044B000F9F68091630E67C02D3D310509F45FC0A8
:1044C0002E3D3105B1F3243D310591F6F2CF253F64
:1044D00081E0380709F45CC0F8F4263481E038073D
:1044E00058F4213481E0380720F727533140253034
:1044F000310508F0BDCFDDCF2159314022303105E3
:1045000008F0B6CF8091630E833009F43FC0893044
:1045100009F0AECF87E00895293F81E0380749F2DE
:1045200070F4273F81E0380721F260F78091630E35
:10453000833061F1883009F09BCF86E008952B3FEE
:1045400081E03807A9F068F02C3F314009F090CFA6
:104550008091630E853089F0863009F089CF85E03F
:1045600008958091630E813009F082CF81E0089533
:104570008091630E8230D1F37BCF84E008958091E7
:10458000630E823061F0833009F072CF83E00895CA
:104590008091630E823029F0843009F069CF82E087
:1045A000089580E00895CF93DF93EC016091650E4C
:1045B0007091660E8091670E9091680E0F94FCBD0D
:1045C0002091720E3091730EC901861B970B0697CE
:1045D00024F0CE010E945576E9CFDF91CF91089566
:1045E000CF93DF9300D000D01F92CDB7DEB78730D6
:1045F00050F5673040F597E0E7ECF2E0DE01119608
:1046000001900D929A95E1F746E050E0FA01E61B21
:10461000F10921E030E02C0F3D1FE20FF31F208154
:1046200030E0481B5109C90102C0959587954A950C
:10463000E2F7817027960FB6F894DEBF0FBECDBFAC
:10464000DF91CF91089580E0F5CF10926D05109223
:104650006C0580E10E9462DD882391F00E94935DE9
:1046600081EA9DE00F9463BB2BE0829FC00111247F
:10467000805B924F0F9471BB90936D0580936C0596
:1046800008950F931F93CF93DF9300D01F92CDB760
:10469000DEB79B01AC0107E417E0F8016085718586
:1046A0008285938569837A838B839C830F948ABCEC
:1046B000F801608771878287938765E575E585E5F1
:1046C00091E40F94CF960F941B3789819A81AB8127
:1046D000BC81F80180879187A287B387CE010196BC
:1046E0000F9453870F900F900F900F90DF91CF9101
:1046F0001F910F91089560916C0570916D05072EC3
:10470000000C880B990B0F94F1B520917E06309127
:104710007F0640918006509181060F948ABD0F94C8
:1047200041A310926D0510926C050895CF93DF930D
:104730000E94054CC7E4D7E080E090E0A0EAB0E436
:1047400088879987AA87BB8765E575E585E591E444
:104750000F948C9F8DEC9CECACE4BEE38883998332
:10476000AA83BB8383E393E3A3E7B0EC8C839D83AD
:10477000AE83BF836BE477E0CE010E94D84F60E048
:1047800070E086E193E40F948C9F8AE999E9A9E1AE
:10479000BEE388879987AA87BB8765E575E585E5C8
:1047A00091E4DF91CF910D948C9F682F70E090E0A1
:1047B00080E00F94EFB520E030E048E052E40F9441
:1047C00030B620E030E040E85FE30F948BBC089502
:1047D000682F70E090E080E00F94EFB520E030E0CB
:1047E0004CE952E40F9430B620E030E040E85FE35B
:1047F0000F948BBC08952F923F924F925F926F92CD
:104800007F928F929F92AF92BF92CF92DF92EF9260
:10481000FF920F931F93CF93DF9300D000D0CDB7BB
:10482000DEB784E00F94A21980918E028C831092DF
:104830008E0280E00F9462428B830E94054C89E6D1
:1048400096E30F940C1242E951E763E080E00E9486
:10485000215481E080938E0280E090E0A0EAB0E4F1
:1048600080934F0790935007A0935107B09352073E
:1048700065E575E585E591E40F948C9F0E94415EA6
:1048800010928E0280E090E0A0E8BFE3809347079B
:1048900090934807A0934907B0934A0780934B072A
:1048A00090934C07A0934D07B0934E076BE477E0CD
:1048B00087E497E00E94D84F60E070E088E492E4DB
:1048C0000F948C9F0E94684D50E040E061E082E0D0
:1048D0000E94795E43E060E070E080E291EC0F942A
:1048E0008169811104C082EF90E70E941A5E809175
:1048F0004F0790915007A0915107B09152078093B4
:10490000A6139093A713A093A813B093A913E2E062
:10491000F0E0FA83E983C12CD12C30EAE32E30E4B5
:10492000F32E43E0B42E52E0952E0DE811E767E038
:10493000A62E0E94054CC0924F07D0925007E092DD
:104940005107F092520765E575E585E591E40F940E
:104950008C9F29812150822F6B2D0F9412BC892EA0
:10496000822F0F941EBC782E80FF03C0F92DF819FA
:104970008F2E882D880F880D0F94E8A3609347072A
:10498000709348078093490790934A07872D880FB3
:10499000870D0F94D5A360934B0770934C078093BA
:1049A0004D0790934E076BE477E087E497E00E9411
:1049B000D84F60E070E088E492E40F948C9F63E04D
:1049C00080E00E940D548A818F9399819F931F9359
:1049D0000F930E94E65343E060E070E080E291ECC8
:1049E0000F948169582E0F900F900F900F9088238D
:1049F00009F479CFA79CF0011124E80DF11DEE0F09
:104A0000FF1FEE0FFF1FEB55FC4E80914F0790915B
:104A10005007A0915107B091520781839283A383DD
:104A2000B483E981FA813196FA83E9833A9709F0F0
:104A300080CF6090A6137090A7138090A8139090D9
:104A4000A913462CA72CB82C292C1E821D8205EAFE
:104A500013E18D819E818A559C4E9A83898393E0D0
:104A6000392EE981FA81C190D190E190F190FA83D9
:104A7000E9839301A401C701B6010F9414BF18166E
:104A800014F036014701242D3A2D4B2D522DC7012C
:104A9000B6010F9480BD87FD04C04C2CAD2CBE2CFC
:104AA0002F2C3A943110DDCF8D819E814C969E83C0
:104AB0008D838435910559F69301A401642D7A2DD7
:104AC0008B2D922D0F948ABC20E030E040E450E41E
:104AD0000F9414BF18163CF580E791E70E948F5D94
:104AE000512CFC81F0938E028B810F9462420F94C3
:104AF0007319852D26960FB6F894DEBF0FBECDBF75
:104B0000DF91CF911F910F91FF90EF90DF90CF90A9
:104B1000BF90AF909F908F907F906F905F904F90DD
:104B20003F902F900895198285ECE82E8FE0F82EA3
:104B300068011D829D81911103C0E981EE2329F155
:104B40002091A6133091A7134091A8135091A91357
:104B5000F60161817281838194810F948ABC20E087
:104B600030E048EC52E40F9430B620E030E040E012
:104B70005FE30F948BBC0F9432BE0F94FCBDC70152
:104B80000F94A5BBF2E0EF0EF11C84E0C80ED11C1F
:104B90009D819F5F9D83933069F6045E1F4FE9817D
:104BA000EF5FE983E33021F60F9477690F9496A3C2
:104BB00098CF82E00F94073760934F0770935007A8
:104BC00080935107909352078FE497E00D94538799
:104BD0004F925F926F927F928F929F92AF92BF920D
:104BE000CF92DF92EF92FF920F931F93CF93DF93B9
:104BF00007E417E0C8EED7E1288139814A815B815B
:104C0000F80160817181828193810F948ABC4B018C
:104C10005C012C813D814E815F81F8016481758149
:104C2000868197810F948ABC6B017C01C8EDD7E126
:104C3000288139814A815B81C501B4010F9430B666
:104C40002B013C012C813D814E815F81C701B60162
:104C50000F9430B69B01AC01C301B2010F948BBC21
:104C6000F8016083718382839383288539854A851F
:104C70005B85C501B4010F9430B64B015C012C85F6
:104C80003D854E855F85C701B6010F9430B69B0107
:104C9000AC01C501B4010F948BBCF801648375832A
:104CA00086839783DF91CF911F910F91FF90EF90B3
:104CB000DF90CF90BF90AF909F908F907F906F903C
:104CC0005F904F9008954F925F926F927F928F9274
:104CD0009F92AF92BF92CF92DF92EF92FF920F938B
:104CE0001F93CF93DF9300D000D01F921F92CDB7B8
:104CF000DEB7DC01CD90DD90ED90FC901397C09273
:104D0000BD17D092BE17E092BF17F092C01714964D
:104D10000D911D912D913C91179709831A832B8337
:104D20003C830093C5171093C6172093C717309381
:104D3000C817DB010D911D912D913C9113970D83A7
:104D40001E832F8338870093C1171093C2172093B7
:104D5000C3173093C41714964D905D906D907C905E
:104D600017974092C9175092CA176092CB1770924A
:104D7000CC17FA0160817181828193816093E81779
:104D80007093E9178093EA179093EB1784809580CE
:104D9000A680B7808092EC179092ED17A092EE1744
:104DA000B092EF1720E030E0A9010F9480BD81118F
:104DB000AAC020E030E0A901C501B4010F9480BD74
:104DC0008111A1C01092F01720E030E040E85FE3CD
:104DD000C701B6010F9480BD811121C020E030E0F1
:104DE000A9016D817E818F8198850F9480BD81118D
:104DF00016C020E030E0A90169817A818B819C8115
:104E00000F9480BD81110BC020E030E040E85FE3EB
:104E1000C301B2010F9480BD882309F478C080914A
:104E2000F01782608093F017A3019201C701B601C9
:104E30000F9430B64B015C012D813E814F81588526
:104E400069817A818B819C810F9430B69B01AC0182
:104E5000C501B4010F948ABC4B015C01AC019B01FC
:104E6000C301B2010F948ABD6093D8177093D9170C
:104E70008093DA179093DB176D817E818F819885FF
:104E80009058A50194010F948ABD6093DC1770932C
:104E9000DD178093DE179093DF1769817A818B810C
:104EA0009C819058A50194010F948ABD6093E017EE
:104EB0007093E1178093E2179093E317A501940193
:104EC000C701B6010F948ABD6093E4177093E5178C
:104ED0008093E6179093E71728960FB6F894DEBFF5
:104EE0000FBECDBFDF91CF911F910F91FF90EF903B
:104EF000DF90CF90BF90AF909F908F907F906F90FA
:104F00005F904F90089581E08093F0175DCF80E02F
:104F100090E0A0E8BFE38093D8179093D917A093AF
:104F2000DA17B093DB171092DC171092DD1710928E
:104F3000DE171092DF171092E0171092E11710920F
:104F4000E2171092E3178093E4179093E517A0936C
:104F5000E617B093E717C0CFCF93DF93CDB7DEB797
:104F600068970FB6F894DEBF0FBECDBF80E090E02B
:104F7000A0E8BFE389839A83AB83BC831D821E8232
:104F80001F82188619861A861B861C868D879E8727
:104F9000AF87B88B198A1A8A1B8A1C8A1D8A1E8AB7
:104FA0001F8A188EAE014F5E5F4FBE01675F7F4F55
:104FB000CE0101960F9463A668960FB6F894DEBFF3
:104FC0000FBECDBFDF91CF9108958091F017882358
:104FD000D1F00F94ACA70F941B3780E00F940737E4
:104FE00060934707709348078093490790934A0757
:104FF00081E00F94073760934B0770934C078093C1
:105000004D0790934E0708954FEF5FEFBA0185EE7D
:105010009FE00F9499BB4FEF5FEFBA0189EE9FE0DD
:105020000F9499BB4FEF5FEFBA018DED9FE00F94A6
:1050300099BB4FEF5FEFBA0181EE9FE00F9499BBF0
:105040004FEF5FEFBA0185ED9FE00F9499BB4FEFF3
:105050005FEFBA0189ED9FE00F9499BB4FEF5FEFCF
:10506000BA0185EC9FE00F9499BB4FEF5FEFBA0157
:1050700089EC9FE00F9499BB4FEF5FEFBA018DEC85
:105080009FE00F9499BB4FEF5FEFBA0181ED9FE076
:105090000D9499BB4F925F926F927F928F929F92E5
:1050A000AF92BF92CF92DF92EF92FF921F93CF9376
:1050B000DF93CDB7DEB7A8970FB6F894DEBF0FBE6B
:1050C000CDBF48E050E06DED7FE0CE0101960F943A
:1050D00053BB48E050E065ED7FE0CE0109960F94A8
:1050E00053BB48E050E065EE7FE0CE0141960F945F
:1050F00053BB89899A89AB89BC8989A39AA3ABA33D
:10510000BCA38F3F9F4FAF4FBF4F09F4B1C08D89F4
:105110009E89AF89B88D8DA39EA3AFA3B8A78F3FFB
:105120009F4FAF4FBF4F09F4A3C089809A80AB80D7
:10513000BC808FEF88169806A806B80609F498C0B8
:105140008D819E81AF81B885898F9A8FAB8FBC8FFF
:105150008F3F9F4FAF4FBF4F09F48AC0C984DA8495
:10516000EB84FC848FEFC816D806E806F80609F42D
:105170007FC08D859E85AF85B8898D8F9E8FAF8FBF
:10518000B8A38F3F9F4FAF4FBF4F09F471C0298D18
:105190003A8D4B8D5C8DC501B4010F9427BF2B0157
:1051A0003C0126E636E646E65FE30F9480BD11E05B
:1051B00087FD0BC02DEC3CEC4CE85FE3C301B20172
:1051C0000F9414BF18160CF010E02D8D3E8D4F8DEE
:1051D00058A1C701B6010F9427BF2B013C0126E659
:1051E00036E646E65FE30F9480BD87FD7FC02DEC79
:1051F0003CEC4CE85FE3C301B2010F9414BF1816F6
:105200000CF474C02DA13EA14FA158A569A17AA1AB
:105210008BA19CA10F9427BF20E030E040E751E430
:105220000F9414BF18160CF411E0A5019401C701E6
:10523000B6010F9430B66B017C012D8D3E8D4F8DE4
:1052400058A1698D7A8D8B8D9C8D0F9430B69B0102
:10525000AC01C701B6010F948BBC9F772DEC3CECE1
:105260004CEC5DE30F9414BF181614F01123F1F009
:105270000F9404A880E090E0A0E8BFE389839A83BC
:10528000AB83BC831D821E821F82188619861A86F4
:105290001B861C868D879E87AF87B88B198A1A8AD2
:1052A0001B8A1C8A1D8A1E8A1F8A188EAE014F5EB9
:1052B0005F4FBE01675F7F4FCE0101960F9463A6DB
:1052C000A8960FB6F894DEBF0FBECDBFDF91CF9189
:1052D0001F91FF90EF90DF90CF90BF90AF909F9085
:1052E0008F907F906F905F904F90089511E08ACFDC
:1052F000CF9324E1AC01249FC001259F900D112480
:105300006091BB177091BC170F942CBCC62F6531F0
:1053100008F0C4E18091BA178C1748F48FEF0E940F
:1053200084558091BA178F5F8093BA17F3CFCF91CE
:10533000089581E090E09093BC178093BB170F9481
:1053400078A96CE271E080E090E00D94971B0F93D8
:105350001F93CF93DF938C01EB010E944054109276
:10536000BA171093BC170093BB1761E080E00E944E
:105370000D5464E1CE010E94CE5662E080E0DF91E0
:10538000CF911F910F910C940D5480911C05909119
:105390001B0589130BC090911A05992339F02091B0
:1053A0007006309171068217130639F081E09091F2
:1053B000D503911103C080E0089581E008950F9313
:1053C0001F93CF93DF938C01EB018CED91E39F93BF
:1053D0008F9385E691E79F938F93DF936F930F945D
:1053E0007ABAC80FD11D47E050E0B801CE010F9442
:1053F00053BB1F820F900F900F900F900F900F9044
:10540000DF91CF911F910F91089520911C058091FC
:105410007006909171062817190611F080E2089520
:105420008EE308950F931F93CF93C82F8B010F9492
:1054300005AA482F6091190580E00E942D5462E171
:10544000C8010E94CE568C2FCF911F910F910C94C2
:10545000FC5382E080938F0280911C058F5F8093C4
:105460001C0584E08093190510921B0510921A0503
:105470000895CF93DF9330911C0520911B053213C3
:1054800020C0EB01BC0180918F02882319F080E2DB
:105490000F9412AA80911A05882399F020911C0577
:1054A00080917006909171062817190651F4209783
:1054B00021F061E0CE010E941B71DF91CF910D942C
:1054C00029AA80911C058F5F80931C05DF91CF91E5
:1054D0000895EF92FF920F931F93CF93DF937091F4
:1054E0001C0530911B0573133FC0122FEA01062FD4
:1054F0007C0180918F028823D1F00F9405AA482F58
:105500006091190580E00E942D5461E1C7010E945D
:10551000CE56402F6091190593E1981B892F0E9468
:105520002D5440E26091190583E10E942D54809131
:105530001A058823C9F020911C058091700690916E
:1055400071062817190681F410929002812FFE012E
:10555000199581E080939002DF91CF911F910F9177
:10556000FF90EF900D9429AA80911C058F5F809386
:105570001C05DF91CF911F910F91FF90EF9008953F
:10558000CF93DF9330911C0520911B05321321C06E
:10559000EB01BC0180918F02882319F080E20F9407
:1055A00012AA80911A058823A1F020911C058091F0
:1055B0007006909171062817190659F410929002FE
:1055C000FE01199581E080939002DF91CF910D94B7
:1055D00029AA80911C058F5F80931C05DF91CF91D4
:1055E000089580911905843038F580911C0590E06C
:1055F00020917006309171062817390744F0019701
:10560000909371068093700687E00F948742809193
:1056100070062091A40330E02D5F3F4F82171306E0
:1056200059F054F09DEF980F9093A4038450809309
:105630001B058FEF80931905089580917006909156
:10564000710697FF07C0109271061092700687E0EE
:105650000F94874280917006909171062091A40367
:105660002817190619F014F08093A4038091A4035D
:1056700080931B050E94575780931A050895E8EA06
:10568000F3E080E2DF011D928A95E9F70895CF9358
:105690003FB7F894E0916E0EF0916F0EE817F9079E
:1056A000C9F0C42F90936F0E80936E0E70937106A5
:1056B000609370061092A40382E080938F023FBF34
:1056C000222319F080E00F948742CC2321F0CF9160
:1056D0000D943FAB3FBFCF9108957F928F929F92E1
:1056E000AF92BF92CF92DF92EF92FF920F931F93F0
:1056F000CF93DF93E0911C0550911B05E51373C018
:10570000FB01483009F06CC0C081D0E04901742E23
:105710006B015C0180918F02882359F0609119051B
:1057200080E00E940D540F9405AAAE01B5010F94BC
:10573000248080911A05882309F455C090911C0596
:1057400020917006309171069217130609F04BC034
:105750008091F7038730D8F4282F30E0F901EE0F5D
:10576000FF1FE20FF31FEB55F84E20916E0E3091A4
:105770006F0E318320838F5F8093F703928320E045
:1057800040E070E060E08BE492E00F9447ABB092B1
:10579000A903A092A803D092AC03C092AB0370926D
:1057A000AA03D093AE03C093AD039092B00380924E
:1057B000AF031093B2030093B103F092B403E092ED
:1057C000B303DF91CF911F910F91FF90EF90DF9086
:1057D000CF90BF90AF909F908F907F900D9429AA0B
:1057E000C081D18193CF80911C058F5F80931C0570
:1057F000DF91CF911F910F91FF90EF90DF90CF90AD
:10580000BF90AF909F908F907F90089580918F026E
:10581000882309F452C02091B3033091B4038091DE
:10582000AF039091B00321153105D9F04091700676
:105830005091710641155105A1F07CF04091AD03E6
:105840005091AE034817590741F43093AE032093AB
:10585000AD0310927106109270061092B40310926C
:10586000B3032091AD033091AE0340917006509187
:105870007106240F351F10927106109270062817BA
:10588000390744F08091B1039091B203281739078A
:105890000CF4C9019093AE038093AD0361E080E006
:1058A0000E940D544091AD035091AE036091A80346
:1058B0007091A90380E20F9424800E945757882397
:1058C00041F1E091AB03F091AC038091AD03909175
:1058D000AE032091AA0380832830C9F48091F70396
:1058E0008823B9F081508093F70390E0FC01EE0F1C
:1058F000FF1FE80FF91FEB55F84E6281062E000CD2
:10590000770B20E040E0808191810D9447AB91833B
:10591000E5CF0895DC01262F9091F7039730D8F456
:10592000492F50E0FA01EE0FFF1FE40FF51FEB5572
:10593000F84E40916E0E50916F0E518340838091CE
:1059400070069F5F9093F703828341E070E060E010
:10595000CD010D9447AB08958F929F92AF92BF9265
:10596000CF92DF92EF92FF920F931F93CF93DF932B
:10597000E0911C0530911B05E31376C0C22F7A011C
:105980006B015C0180918F028823B9F10F9405AA05
:1059900001E08E3309F000E00C2B802F8270882EFE
:1059A000E60190E2992EC114D10421F48EE7982EDD
:1059B000C5E0DBE2882009F441C0CE010F9421B993
:1059C00014E0180F4EE300FF40E26091190580E0FB
:1059D0000E942D5464E1611BC5010E94CE568BE5E7
:1059E0000E94FC53CE01882089F10E94F8538DE576
:1059F0000E94FC53892D0E94FC5380911A05882334
:105A000099F120911C0580917006909171062817DC
:105A1000190651F5CD28E9F460E0C7010F948AAC6E
:105A2000DF91CF911F910F91FF90EF90DF90CF907A
:105A3000BF90AF909F908F900D9429AAFE01019086
:105A40000020E9F7EC1B13E01E0FBCCF0E940057AB
:105A5000CECF10929002E114F10411F0F7011995E4
:105A600081E080939002DCCF80911C058F5F809352
:105A70001C05DF91CF911F910F91FF90EF90DF9068
:105A8000CF90BF90AF909F908F9008950F931F93EA
:105A9000CF93DF93CDB7DEB763970FB6F894DEBF31
:105AA0000FBECDBF30911C0520911B05321338C0AD
:105AB0008B0120918F022223A9F0BE016F5F7F4FDF
:105AC0000F94DFA90F9405AA482F6091190580E073
:105AD0000E942D5462E1CE0101960E94E8568EE7A5
:105AE0000E94FC5380911A058823D1F020911C0557
:105AF00080917006909171062817190689F460E06C
:105B0000C8010F948AAC0F9429AA63960FB6F89433
:105B1000DEBF0FBECDBFDF91CF911F910F910895D2
:105B200080911C058F5F80931C05EFCFCF93DF938F
:105B300030911C0520911B0532131EC0EB01BC01E6
:105B400080918F02882319F08EE70F9412AA80911A
:105B50001A05882389F020911C0580917006909188
:105B600071062817190641F460E0CE010F948AAC43
:105B7000DF91CF910D9429AA80911C058F5F8093AE
:105B80001C05DF91CF910895982F8091F703981706
:105B9000A8F4891B8093F70390E0FC01EE0FFF1F30
:105BA000E80FF91FEB55F84E6281062E000C770BBB
:105BB00020E041E0808191810D9447AB80E0EACF05
:105BC00081E00D94C4AD30911C0520911B0532136A
:105BD00019C0BC0180918F02882319F083E80F94CB
:105BE00012AA80911A05882369F020911C058091E2
:105BF0007006909171062817190621F40F94E0ADF4
:105C00000D9429AA80911C058F5F80931C0508952F
:105C1000EF92FF920F931F931092DA038091B503D6
:105C2000811123C081E08093B50381E090E0209151
:105C30006E1330916F132730314811F090E080E0FF
:105C4000BC01660F771F680F791F66577D4843E0D8
:105C500050E087EB93E00F94FDB88091B7030E946A
:105C6000B3FE809199138093B6030F941DAB1092ED
:105C70001905809119058430A8F510921C050F9420
:105C8000C5A9882379F06091B60370E08091B703CD
:105C90000E9443C31092620E1F910F91FF90EF90EC
:105CA0000D942B108FE491E70F94E3AD0091B903AD
:105CB00010E02091B80330E0F12CE12C48E066EBD5
:105CC00073E083E491E70F946DAB0F94F1AA809198
:105CD00019058F5F8093190580911B058F5F809355
:105CE0001B05C7CF1F910F91FF90EF9008950E9461
:105CF000575781110D94E0AD08958F929F92AF9206
:105D0000BF92EF92FF920F931F93CF93DF93CDB784
:105D1000DEB7A0970FB6F894DEBF0FBECDBF6115FA
:105D200071058105910599F480E3A0960FB6F8946A
:105D3000DEBF0FBECDBFDF91CF911F910F91FF90BE
:105D4000EF90BF90AF909F908F900C944F5B00E0CE
:105D5000842E912CB12CA12C9E012F5F3F4F7901F5
:105D6000A50194010F94D6BBF701E00FF11D6083EC
:105D7000B901CA010F5F611571058105910581F7B0
:105D80000E0D1F2D111DE016F10659F0F80182913C
:105D90008F018A3020F4805D0E944F5BF4CF895CD4
:105DA000FBCFA0960FB6F894DEBF0FBECDBFDF913C
:105DB000CF911F910F91FF90EF90BF90AF909F9068
:105DC0008F9008958BE395E70E94685B85EA9DE0DC
:105DD0000F9471BBBC0190E080E04AE00F947DAE6F
:105DE0008DE50C944F5BCF92DF92EF92FF926B01A7
:105DF0007C01F7FE0BC08DE20E944F5BF094E094B3
:105E0000D094C094C11CD11CE11CF11C4AE0C70114
:105E1000B601FF90EF90DF90CF900D947DAECF93C1
:105E2000C82F8BE70E944F5B8C2F0F94917D0F94AE
:105E30008D7D87E295E70E94685B609164067091B2
:105E4000650680916606909167064AE00F947DAEE4
:105E500080E295E70E94685B80910617882309F429
:105E60005EC08091801790918117A0918217B091A8
:105E700083170097A105B10509F451C0BC01CD01FC
:105E80006D597F4F8F4F9F4F24E630E040E050E048
:105E90000F94D6BB609187177091881780918917EE
:105EA00090918A170F94D6BB622F70E090E080E04B
:105EB0000F94F3AE89E195E70E94685B6091390227
:105EC00070913A02072E000C880B990B0F94F3AED9
:105ED00082E195E70E94685B80918A14811121C05C
:105EE00085E794E10E940F718BE095E70E94685B63
:105EF00080919C038130C1F40F94D0324AE00F941A
:105F00007DAE84E095E70E94685B8DEF94E70E9488
:105F1000685B8DE50E944F5BCF910D94E2AE20E06F
:105F2000C3CF8AE894E1DECF60E070E0CB010F944C
:105F3000F3AEE7CF4F925F926F927F928F929F92D4
:105F4000AF92BF92CF92DF92EF92FF920F931F9387
:105F5000CF93DF931F921F92CDB7DEB7A82E84E5B3
:105F600091E70E9497EE109247071092480710920F
:105F7000490710924A0710924B0710924C07109253
:105F80004D0710924E079EEAE92E9DE0F92ED12C86
:105F9000C12C27E0B22E8C2D6B2D0F941EBC082F28
:105FA000992E42E050E0B701CE0101960F9453BB09
:105FB00069817A816115710511F0DD24D3942B2D4F
:105FC000020380011124090D111D97FC1A95000F81
:105FD000111F000F111F0B551C4E072E000C880BB4
:105FE000990B0F94F1B52FE632E143E85AE30F9491
:105FF00030B6F8016183728383839483F2E0EF0EFD
:10600000F11CC39421E3C212C6CF8AED9EE00F9427
:106010006BBB60934F077093500780935107909329
:1060200052078EE69FE00F946BBB6093530770930B
:10603000540780935507909356070F944AA80F94DE
:1060400025A387E497E00E94F7500E94684D0F94C3
:106050008F9583EE93E70E94685B809152078F9340
:10606000809151078F93809150078F9380914F07B4
:106070008F9380914E078F9380914D078F938091DE
:106080004C078F9380914B078F9380914A078F9392
:10609000809149078F93809148078F93809147079C
:1060A0008F9385E192E79F938F930F9425BA81E0B8
:1060B00080934607159888ED9EE00F9471BB9093EE
:1060C000730E8093720E8BE89FE00F9463BB90E099
:1060D0009093710E8093700E88EE9EE00F946BBBD0
:1060E0006093BC027093BD028093BE029093BF0286
:1060F0008EED9EE00F9471BB909396028093950273
:1061000040E150E067E37DE08CEA92E00F9453BBFE
:106110008CE69FE00F9471BB909311188093101838
:106120008CE29DE00F946BBB60930C1870930D187C
:1061300080930E1890930F188DE79CE00F9471BB1D
:1061400090936C0280936B0240E150E06DE67CE03E
:1061500086E996E00F9453BB40E150E06DE57CE0AA
:106160008EE197E00F9453BB40E150E06DE47CE09A
:1061700086E896E00F9453BB40E150E06DE37CE08D
:106180008EE097E00F9453BB89E39CE00F946BBBC8
:106190006093AE067093AF068093B0069093B106FD
:1061A00085E39CE00F946BBB6093B2067093B306DB
:1061B0008093B4069093B50681E39CE00F946BBB8B
:1061C0006093B6067093B7068093B8069093B906AD
:1061D00040E150E061E27CE08AEB96E00F9453BB33
:1061E0008FE79CE00F9463BB0FB6F894DEBF0FBE41
:1061F000CDBF8130B1F420E030E040EA51E460915D
:106200004F077091500780915107909152070F945A
:106210008BBC60934F077093500780935107909306
:1062200052078FE79CE00F9463BB811123C020E0ED
:1062300030E040EA51E460914F077091500780913F
:106240005107909152070F948BBC9F938F937F932C
:106250006F9388EE94E79F938F930E94B17161E0F2
:106260008FE79CE00F9487BB0F900F900F900F90DB
:106270000F900F9061E080EE94E70E941B71809177
:10628000730E8F938091720E8F9387ED94E79F9397
:106290008F930E94B1718091710E8F938091700ED7
:1062A0008F938EEC94E79F938F930E94B1718CE84B
:1062B0009FE00F9463BB0FB6F894DEBF0FBECDBF57
:1062C000811110C08091730E8F938091720E8F9305
:1062D00085EC94E79F938F930E94B1710F900F907C
:1062E0000F900F9061E082E794E20E941B71A11071
:1062F00017C061E08AEB94E70E941B718FE38F93D4
:1063000080E88F931F921F9280E792E79F938F936D
:106310000E94B1710F900F900F900F900F900F90FF
:106320008AE592E70F944CBA0E945B5C88E89FE094
:106330000F9463BB882E89E89FE00F9471BB8C019A
:1063400085E39DE00F9471BBF82EE92E80EB94E776
:106350000E94685BB801012E000C880B990B0F940A
:10636000F3AE80EA94E70E94685B8F2D9E2D0F9418
:106370008A5280916A02811102C00E94D6718DE911
:106380009FE00F946BBBC62EB72EA82E992E81EAE4
:106390009FE00F946BBB762E672E582E492E20E07F
:1063A00030E040E85FEB6C2D7B2D8A2D992D0F940A
:1063B00080BD882399F04F925F926F927F929F9257
:1063C000AF92BF92CF9289E894E79F938F930E94F8
:1063D000B1710FB6F894DEBF0FBECDBFDD2029F03E
:1063E00061E08CE794E70E941B718DE89FE00F94B9
:1063F0006BBB9F938F937F936F9382E794E79F93F9
:106400008F930E94B17181E19DE00F946BBBD62EFA
:10641000C72EB82EA92E8DE09DE00F946BBB962E53
:10642000772E682E592E89E09DE00F946BBB9F93C9
:106430008F937F936F935F926F927F929F92AF92B1
:10644000BF92CF92DF9288E594E79F938F930E944B
:10645000B1718FE38F9380E88F931F921F9280E733
:1064600092E79F938F930E94B1718EE69FE00F9405
:106470006BBB9F938F937F936F938DE494E79F9370
:106480008F930E94B1710FB6F894DEBF0FBECDBFDF
:1064900082E79FE00F9463BB882329F061E089E4E1
:1064A00094E70E941B711F930F9382E494E79F93DC
:1064B0008F930E94B171EF92FF928CE392E79F93CA
:1064C0008F930E94B1711F928F9289E394E79F93FB
:1064D0008F930E94B17181E99FE00F946BBB209173
:1064E0006A020FB6F894DEBF0FBECDBF211133C0D4
:1064F0009F938F937F936F9380E394E79F938F9302
:106500000E94B1710F900F900F900F900F900F900D
:1065100061E080E294E70E941B7161E085E194E70D
:106520000E941B7185E492E70F944CBA0E945B5C59
:106530000F900F90DF91CF911F910F91FF90EF90EF
:10654000DF90CF90BF90AF909F908F907F906F9093
:106550005F904F9008952130D9F69F938F937F934A
:106560006F9386E294E7CACF8F929F92AF92BF92C9
:10657000CF92DF92EF92FF92CF936B017C01B42E0A
:1065800020E030E0A9010F9480BD87FF07C08DE2B5
:106590000E944F5BF7FAF094F7F8F094C0E060E0E7
:1065A00070E080E09FE3CB1541F020E030E040E276
:1065B00051E40F948ABDCF5FF6CF9B01AC01C701B8
:1065C000B6010F948BBC6B017C010F9403BE4B0191
:1065D0005C014AE00F947DAECC2391F1C501B4017A
:1065E0000F94EFB59B01AC01C701B6010F948ABCB3
:1065F0006B017C018EE20E944F5BC15008F120E0EC
:1066000030E040E251E4C701B6010F9430B64B01CF
:106610005C010F94FCBD6B01770FEE08FF08C7010A
:10662000B6010F94F3AEC701B6010F94F1B59B010B
:10663000AC01C501B4010F948ABC6B017C01DDCFB4
:10664000CF91FF90EF90DF90CF90BF90AF909F9051
:106650008F90089586E595E70E94685B6091720EC1
:106660007091730E072E000C880B990B0F94F3AEEC
:106670008FE495E70E94685B6091700E7091710ED7
:10668000072E000C880B990B0F94F3AE88E495E766
:106690000E94685B6091650E7091660E8091670E36
:1066A0009091680E42E00F94B4B281E495E70E94A5
:1066B000685B6091F5047091F6048091F704909105
:1066C000F80442E00F94B4B28DE50C944F5B8AE07D
:1066D0000C944F5BCF9390916B0E992309F4F6C005
:1066E000C82F873009F4BEC008F046C0833009F4D3
:1066F000EDC080F5813009F488C008F460C08BE7F4
:106700000E944F5B83E00F94917D0F948D7D8DE708
:106710000E944F5B0F9467B3C3E0C093141881E0ED
:1067200080938D0280917314811105C08091A6031E
:10673000882309F478C08BE70E944F5B84E00F94B4
:10674000917D0F948D7D84E08093141881E0809377
:106750008D021EC0853009F471C08EE895E7C63001
:1067600008F46EC087E795E70E94685B0F948D7D03
:1067700088E08093141874C0863109F49BC070F4CB
:10678000843109F480C008F089C0883009F472C0EF
:106790008DE70E944F5BCF910D9467B38B3509F461
:1067A00091C030F481E3CA3599F70F949E7DF0CF04
:1067B0008C3509F489C084E3CD35B9F3E9CF8091F4
:1067C0009702843021F48FE00F940FAFE1CF0E9445
:1067D000C74C882311F08EE0F7CF8091731481119C
:1067E00004C08091A603882311F084E0EDCF8BE7ED
:1067F0000E944F5B81E00F94917D0F948D7D0F94EB
:10680000E2AE81E080931418C3CF8BE70E944F5B08
:1068100082E00F94917D0F948D7D82E08093141817
:10682000C0938D02B5CF8BE70E944F5B83E00F943E
:10683000917D0F948D7DC093141888CF80E895E7E3
:106840000E94685B60E070E0CB010F94F3AE8DE5D1
:106850000E944F5B809114180F94917D0F948D7D51
:1068600082E075CF8EE695E70E94685B0F948D7D80
:1068700089E07FCF85E695E70E94685B0F948D7D68
:1068800010921418EDCF8BE70E944F5B8091141883
:106890000F94917D0F948D7D84E059CF8BE70E94FA
:1068A0004F5B0F942AB30F948D7D809114180F9431
:1068B000917D6ECF8CE595E70E94685B0F948D7D8E
:1068C00085E0A0CF82E371CF83E36FCFCF910895AE
:1068D0000E940F710D9467B320919F043091A00422
:1068E00080919D0490919E048217930771F0F901A5
:1068F000E35EFB4F80812F5F3F4F2F77332730932D
:10690000A00420939F0490E008958FEF9FEF0895D7
:106910001F920F920FB60F9211240BB60F922F9366
:106920003F934F936F937F938F939F93EF93FF9337
:106930008091C80084FF12C08091CE00FF91EF913A
:106940009F918F917F916F914F913F912F910F90D8
:106950000BBE0F900FBE0F901F9018954091CE0068
:1069600080912505813051F720919D0430919E043E
:10697000C90101968F77992760919F047091A004B7
:1069800086179707D9F2235E3B4FF9014083909316
:106990009E0480939D04D2CF1F920F920FB60F9248
:1069A00011240BB60F922F933F934F936F937F93C6
:1069B0008F939F93EF93FF938091C00084FF12C049
:1069C0008091C600FF91EF919F918F917F916F9180
:1069D0004F913F912F910F900BBE0F900FBE0F90D4
:1069E0001F9018954091C600809125058111EACF2E
:1069F00020919D0430919E04C90101968F779927BB
:106A000060919F047091A00486179707D9F2235EC6
:106A10003B4FF901408390939E0480939D04D2CF15
:106A20002F923F924F925F926F927F928F929F929E
:106A3000AF92BF92CF92DF92EF92FF920F931F938C
:106A4000CF93DF93CDB7DEB7C254D1090FB6F89418
:106A5000DEBF0FBECDBF4C015B016A01322E198231
:106A60001C821C8E1F8E672B21F510E0CE014C96E8
:106A70000E94495BCE0101960E94495B812FCE5B4B
:106A8000DF4F0FB6F894DEBF0FBECDBFDF91CF91C1
:106A90001F910F91FF90EF90DF90CF90BF90AF903C
:106AA0009F908F907F906F905F904F903F902F902E
:106AB0000895FC0183818111D8CFFA0180818F3242
:106AC000C1F4CA016C010196F60120812F32D1F385
:106AD000F50183818250823060F0618D728DCE012C
:106AE0004C960F944C808E01045E1F4F811102C0A2
:106AF000BCCF8501CE0101967C013C012E019CE1B9
:106B0000490E511C2396EFAE23972F2CFE01F796CA
:106B1000CF010B96AF0120E22193E817F907D9F7CF
:106B2000960190E067E0D9018D91882349F18F3279
:106B300039F1282F8E3239F46A3009F496CF98E073
:106B40006AE09D01F0CFECE9F7E73491332321F0BF
:106B500031968313FACF89CF691708F486CF3FEDBA
:106B6000380F3E3508F081CF3FE9380F3A3110F445
:106B700020EE280FFA01E90FF11D20839F5FE1CF7E
:106B80008FA9803209F471CF6901F90180812F5FEB
:106B90003F4F8F32C9F38823D9F021E0B801C701F4
:106BA0000F949984882309F460CF0A151B0519F006
:106BB000C8010F949C80942D852D6E147F0421F0C4
:106BC00023969FAD2397822D8701E92EF82E9ECF25
:106BD000232DB801C4010F949984182F47CFE8944E
:106BE00009C097FB3EF490958095709561957F4F15
:106BF0008F4F9F4F9923A9F0F92F96E9BB279395C3
:106C0000F695879577956795B795F111F8CFFAF4D2
:106C1000BB0F11F460FF1BC06F5F7F4F8F4F9F4F03
:106C200016C0882311F096E911C0772321F09EE861
:106C3000872F762F05C0662371F096E8862F70E0C7
:106C400060E02AF09A95660F771F881FDAF7880FA1
:106C50009695879597F908959B01AC010D9430B6F0
:106C60000F9443B60D94B4B60F94A6B638F00F94B3
:106C7000ADB620F0952311F00D949DB60D94A3B6FA
:106C800011240D94E8B60F94C5B670F3959FC1F327
:106C9000950F50E0551F629FF001729FBB27F00DCA
:106CA000B11D639FAA27F00DB11DAA1F649F66271F
:106CB000B00DA11D661F829F2227B00DA11D621F6E
:106CC000739FB00DA11D621F839FA00D611D221F28
:106CD000749F3327A00D611D231F849F600D211D0C
:106CE000822F762F6A2F11249F5750409AF0F1F08F
:106CF00088234AF0EE0FFF1FBB1F661F771F881FF8
:106D000091505040A9F79E3F510580F00D949DB6DB
:106D10000D94E8B65F3FE4F3983ED4F386957795FB
:106D20006795B795F795E7959F5FC1F7FE2B880F9D
:106D3000911D9695879597F9089597F99F6780E833
:106D400070E060E008959FEF80EC089500240A94BD
:106D50001616170618060906089500240A94121636
:106D60001306140605060895092E0394000C11F469
:106D7000882352F0BB0F40F4BF2B11F460FF04C016
:106D80006F5F7F4F8F4F9F4F089557FD9058440F6F
:106D9000551F59F05F3F71F04795880F97FB991F7A
:106DA00061F09F3F79F08795089512161306140637
:106DB000551FF2CF4695F1DF08C0161617061806C4
:106DC000991FF1CF86957105610508940895E8949F
:106DD000BB2766277727CB0197F908953F924F92FB
:106DE0005F926F927F928F929F92AF92BF92CF925B
:106DF000DF92EF92FF920F931F93CF93DF935C018B
:106E00006B017A016115710519F0FB019183808393
:106E1000E114F10451F0C7010297839730F040E08C
:106E200030E020E090E06BC05E01E5012196F501C5
:106E30001081812F90E00F94F4B8892BA9F71D32AF
:106E400001F52196F501118101E0E114F10409F445
:106E5000E6C0F0E1EF16F10409F088C0103359F4F0
:106E600088818F7D883509F07CC019812296026067
:106E7000F0E1EF2EF12C812C912CA12C88E0B82E82
:106E800092C01B3221F4E5012296F501118100E048
:106E9000DCCFEAE0EE16F10409F4C7C0F0E1EF162A
:106EA000F10409F073C0E7CF78E0E72EF12C812CD4
:106EB000912CA12C60E1B62E76C021E0ADC0302F20
:106EC0003170C114D10431F0222371F12197F60100
:106ED000D183C08327FF2EC060E070E080E090E89F
:106EE000311104C06FEF7FEF8FEF9FE722E230E0B8
:106EF0003093161820931518462F372F282F642FFC
:106F0000732F822FDF91CF911F910F91FF90EF9000
:106F1000DF90CF90BF90AF909F908F907F906F90B9
:106F20005F904F903F90089501FF04C02297F601B3
:106F3000D183C083332341F09095809570956195FE
:106F40007F4F8F4F9F4FD8CF97FFD6CF82E290E0F1
:106F500090931618809315186FEF7FEF8FEF9FE7D0
:106F6000CBCF10E3E114F10409F49ECF28E0E21640
:106F7000F10409F49CCF0CF08CCF812C912CA12C26
:106F8000E0E4BE2E82E0E816F10469F060E070E013
:106F900080E090E897010F2C000C440B550B0F94E8
:106FA000D6BB49015A0120E060E070E0CB01270127
:106FB0000F2C000C66087708FE0150ED352E310EBF
:106FC00039E0331570F43FEB310F49EC342E3A3190
:106FD00038F03FE9310F3A3108F071CF39EA332EFA
:106FE000310E3E141F040CF06ACF27FD15C0861623
:106FF0009706A806B90678F0A30192010F94C6BBC4
:10700000630D711D811D911D61307105810520E8A1
:10701000920708F452CF2FEF21961081CDCF103375
:1070200009F41ECF2AE0E22EF12C9CEC892E982C3C
:10703000A82C9CE0B92EB7CF283008F027E03327E2
:10704000DA01990F311D87FD916000966105710588
:1070500039F432602E5F3D9330E32A95E1F70895CD
:107060009F3F30F080387105610509F03C5F3C5F5F
:107070003D93913008F08068911DDF93CF931F936B
:107080000F93FF92EF92192F987F9695E92F96957F
:107090009695E90FFF27E85AF94F99273327EE24F1
:1070A000FF24A701E70105900894079428F4360F00
:1070B000E71EF81E491F511D660F771F881F991F75
:1070C0000694A1F70590079428F4E70EF81E491FCF
:1070D000561FC11D770F881F991F661F0694A1F7C1
:1070E0000590079428F4F80E491F561FC71FD11D9D
:1070F000880F991F661F771F0694A1F705900794C4
:1071000020F4490F561FC71FD81F990F661F771FFE
:10711000881F0694A9F784911095177041F0D695B1
:10712000C79557954795F794E7941A95C1F7EEEFF1
:10713000F5E06894159015913591659195910590BC
:107140007FE27395E118F10A430B560BC90BD00986
:10715000C0F7E10CF11E431F561FC91FD01D7EF45E
:10716000703311F48A95E6CFE894015030F0080F9F
:107170000AF40027021708F4202F2395022F7A33F0
:1071800028F079E37D932A95E9F710C07D932A953D
:1071900089F6069497956795379517951794E11892
:1071A000F10A430B560BC90BD00998F023957E9139
:1071B00073957A3308F070E37C932013B8F77E91CF
:1071C00070617D9330F0839571E37D9370E32A9530
:1071D000E1F71124EF90FF900F911F91CF91DF9174
:1071E000992787FD9095089591110D9450BB803299
:1071F00019F089508550C8F70895FB01DC0102C0E1
:1072000005900D9241505040D8F70895FB01DC01E4
:107210000D900020E9F7119705900D920020E1F7FD
:107220000895FB01DC018D91059080190110D9F3BF
:10723000990B0895FB01DC0105900D920020E1F708
:107240000895FC0105900020E9F7809590958E0F38
:107250009F1F0895FB01DC014150504088F08D9143
:1072600081341CF08B350CF4805E659161341CF028
:107270006B350CF4605E861B611171F3990B0895F8
:10728000881BFCCFFB01DC014150504030F08D9158
:107290000590801919F40020B9F7881B990B0895FF
:1072A000FB01DC014150504048F005900D92002058
:1072B000C9F701C01D9241505040E0F70895FC010C
:1072C0000590615070400110D8F7809590958E0F11
:1072D0009F1F0895FB0155915523A9F0BF01DC01C3
:1072E0004D9145174111E1F759F4CD01059000206A
:1072F00049F04D9140154111C9F3FB014111EFCF08
:1073000081E090E001970895FC0161507040019088
:107310000110D8F7809590958E0F9F1F0895CF93F9
:10732000DF93EC012B8120FF1AC026FF0CC02F7BBE
:107330002B838E819F8101969F838E838A8190E02B
:10734000DF91CF91089522FF18C0E881F9818081F3
:10735000082E000C990B009729F420622B838FEFE5
:107360009FEFEECF3196F983E8832E813F812F5F27
:107370003F4F3F832E839927E3CFEA85FB851995FD
:1073800097FFF3CF2B81019621F080E2822B8B8334
:10739000E6CF80E1FBCF0F931F93CF93DF93182F9E
:1073A000092FEB018B8181FD09C01FEF0FEF812FAA
:1073B000902FDF91CF911F910F91089582FF14C0FC
:1073C0002E813F818C819D81281739073CF4E8810B
:1073D000F981CF0101969983888310838E819F81E3
:1073E00001969F838E83E3CFE885F985812F1995D8
:1073F000892BA1F3DACFEF92FF920F931F93CF93D4
:10740000DF938C017B01DB0113968C91D0E0C0E00F
:1074100081FD0FC0CFEFDFEF10C0D7011896ED91BF
:10742000FC91B7011995892B11F0CFEFDFEF0F5FBA
:107430001F4FF80184918111F0CFCE01DF91CF91E0
:107440001F910F91FF90EF9008950F931F93CF938B
:10745000DF93CDB7DEB7AE01485F5F4FDA016D91C4
:107460007D91AD010BE118E1F80182819381DC018E
:1074700013962C911397286013962C930E94083C26
:10748000D8011296ED91FC912381277F2383DF9110
:10749000CF911F910F9108950F931F93CF93DF9377
:1074A0008C01E0911D18F0911E188381D0E0C0E09E
:1074B00081FD0AC0CFEFDFEF17C01995892B11F0BE
:1074C000CFEFDFEF0F5F1F4FF801849160911D1820
:1074D00070911E18DB011896ED91FC918111EDCF92
:1074E0008AE01995892B31F7CE01DF91CF911F9159
:1074F0000F9108950F931F93CF93DF93CDB7DEB70E
:107500002E970FB6F894DEBF0FBECDBF0E891F8930
:107510008EE08C831A8309838FEF9FE79E838D8390
:10752000AE01465E5F4F688D798DCE0101960E9457
:10753000083C2F813885020F131FF80110822E9608
:107540000FB6F894DEBF0FBECDBFDF91CF911F9174
:107550000F910895CF93DF93EC018B8188608B832B
:10756000CE010E94083C2B81277F2B83DF91CF9196
:1075700008950F931F93CF93DF93CDB7DEB72E9768
:107580000FB6F894DEBF0FBECDBF8C01FA018EE0BE
:107590008C831A83098377FF02C060E070E8615032
:1075A00071097E836D83A901BF01CE0101960E94FE
:1075B000083C4D815E8157FD0AC02F8138854217F6
:1075C00053070CF49A01020F131FF80110822E9634
:1075D0000FB6F894DEBF0FBECDBFDF91CF911F91E4
:1075E0000F910895FA01AA27283051F1203181F135
:1075F000E8946F936E7F6E5F7F4F8F4F9F4FAF4FBB
:10760000B1E03ED0B4E03CD0670F781F891F9A1FCD
:10761000A11D680F791F8A1F911DA11D6A0F711D81
:10762000811D911DA11D20D009F468943F912AE08D
:10763000269F11243019305D3193DEF6CF01089575
:10764000462F4770405D4193B3E00FD0C9F7F6CFA6
:10765000462F4F70405D4A3318F0495D31FD40526E
:10766000419302D0A9F7EACFB4E0A6959795879504
:1076700077956795BA95C9F70097610571050895E3
:107680009B01AC010A2E069457954795379527958F
:10769000BA95C9F7620F731F841F951FA01D089527
:1076A000992788270895DC01CB01FC01F999FECFC9
:1076B00006C0F2BDE1BDF89A319600B40D9241507A
:1076C0005040B8F70895F999FECF92BD81BDF89A60
:1076D000992780B50895A6E1B0E044E050E00D940C
:1076E00055BBA8E1B0E042E050E00D9455BBDC0191
:1076F000A40FB51F4150504048F0CB01840F951F97
:107700002E910F9488BB41505040D0F70895262FFA
:10771000F999FECF92BD81BDF89A019700B4021687
:1077200039F01FBA20BD0FB6F894FA9AF99A0FBE35
:1077300008950396272F0F9488BB0F9487BB252F9E
:107740000F9488BB242F0D9488BB0196272F0F948C
:1077500088BB0D9487BB262FF999FECF1FBA92BD27
:1077600081BD20BD0FB6F894FA9AF99A0FBE019622
:107770000895242F0F94ACBB252F0F94ACBB0D9410
:10778000C1BB0F94ABBB272F0D94ACBBDB018F9318
:107790009F930F94F8BBBF91AF91A29F800D911D55
:1077A000A39F900DB29F900D11240895A1E21A2E6F
:1077B000AA1BBB1BFD010DC0AA1FBB1FEE1FFF1F95
:1077C000A217B307E407F50720F0A21BB30BE40BE5
:1077D000F50B661F771F881F991F1A9469F760952C
:1077E0007095809590959B01AC01BD01CF010895E6
:1077F0000F9403BCA59F900DB49F900DA49F800D86
:10780000911D11240895A29FB001B39FC001A39FB1
:10781000700D811D1124911DB29F700D811D1124C9
:10782000911D0895991B79E004C0991F961708F0DF
:10783000961B881F7A95C9F78095089587FB082EB7
:10784000062687FD819567FD61950F9412BC0EF4A5
:10785000919507FC81950895AA1BBB1B51E107C0B8
:10786000AA1FBB1FA617B70710F0A61BB70B881FD0
:10787000991F5A95A9F780959095BC01CD0108955F
:1078800097FB072E16F4009407D077FD09D00F94CC
:107890002CBC07FC05D03EF4909581959F4F089530
:1078A000709561957F4F0895052E97FB1EF4009407
:1078B0000F946BBC57FD07D00F94D6BB07FC03D0C9
:1078C0004EF40D946BBC50954095309521953F4FEB
:1078D0004F4F5F4F089590958095709561957F4FBC
:1078E0008F4F9F4F0895EE0FFF1F881F8BBF07908C
:1078F000F691E02D19940F9403BC332312F48A1BE4
:107900009B0B0D9485BC0F9403BCB7FF0895821B9D
:10791000930B08955058BB27AA270F94A2BC0D942F
:10792000B4B60F94A6B638F00F94ADB620F039F483
:107930009F3F19F426F40D94A3B60EF4E095E7FBEF
:107940000D949DB6E92F0F94C5B658F3BA17620788
:1079500073078407950720F079F4A6F50D94E7B630
:107960000EF4E0950B2EBA2FA02D0B01B90190015A
:107970000C01CA01A0011124FF27591B99F0593F9E
:1079800050F4503E68F11A16F040A22F232F342FE6
:107990004427585FF3CF469537952795A795F04034
:1079A0005395C9F77EF41F16BA0B620B730B840B49
:1079B000BAF09150A1F0FF0FBB1F661F771F881F01
:1079C000C2F70EC0BA0F621F731F841F48F4879559
:1079D00077956795B795F7959E3F08F0B0CF93954B
:1079E000880F08F09927EE0F9795879508950F94C3
:1079F000A6B660F080E891E009F49EEF0F94ADB672
:107A000028F040E851E071F45EEF0CC00D94A3B68D
:107A10000D94E7B6E92FE0780F94C5B640F3092E30
:107A2000052AB1F3261737074807590738F00E2EF5
:107A300007F8E02569F0E025E0640AC0EF6307F885
:107A4000009407FADB01B9019D01DC01CA01AD0117
:107A5000EF930F94A1BD0F94B4B60F943ABD5F910C
:107A6000552339F02BED3FE049E450FD49EC0D94EE
:107A70008BBC0895DF93DD27B92FBF7740E85FE324
:107A80001616170648075B0718F4D92F0F9486BF00
:107A90009F938F937F936F930F942CB6E4EEF0E057
:107AA0000F9496BE0F94B4B62F913F914F915F9172
:107AB0000F9443B6DD2351F09058A2EA2AED3FE03F
:107AC00049EC5FE3D0785D270F94A2BCDF910D9461
:107AD000B4B60F94FCBE90F09F3748F4911116F4A1
:107AE0000D94E8B660E070E080E89FE3089526F02A
:107AF0001B16611D711D811D0D946DBE0D9488BEF8
:107B00000F9449BE08F481E008950F94BFBEE39539
:107B10000D94E8BE0F949EBD0D94B4B60F94ADB60F
:107B200058F00F94A6B640F029F45F3F29F00D9469
:107B30009DB651110D94E8B60D94A3B60F94C5B639
:107B400068F39923B1F3552391F3951B550BBB278C
:107B5000AA2762177307840738F09F5F5F4F220FD1
:107B6000331F441FAA1FA9F335D00E2E3AF0E0E8C8
:107B700032D091505040E695001CCAF72BD0FE2F12
:107B800029D0660F771F881FBB1F261737074807A6
:107B9000AB07B0E809F0BB0B802DBF01FF2793585E
:107BA0005F4F3AF09E3F510578F00D949DB60D94CD
:107BB000E8B65F3FE4F3983ED4F3869577956795F2
:107BC000B795F7959F5FC9F7880F911D9695879593
:107BD00097F90895E1E0660F771F881FBB1F6217B2
:107BE00073078407BA0720F0621B730B840BBA0B70
:107BF000EE1F88F7E09508950F9403BE6894B111C5
:107C00000D94E8B608950F94CDB688F09F5798F07C
:107C1000B92F9927B751B0F0E1F0660F771F881F91
:107C2000991F1AF0BA95C9F714C0B13091F00F94AA
:107C3000E7B6B1E008950D94E7B6672F782F88274F
:107C4000B85F39F0B93FCCF3869577956795B395D2
:107C5000D9F73EF490958095709561957F4F8F4F41
:107C60009F4F08950F94FCBE90F09F3748F49111F8
:107C700016F00D94E8B660E070E080E89FEB0895A0
:107C800026F41B16611D711D811D0D946DBE0D9492
:107C900088BE990F0008550FAA0BE0E8FEEF1616F4
:107CA0001706E807F907C0F012161306E407F507F0
:107CB00098F0621B730B840B950B39F40A2661F064
:107CC000232B242B252B21F408950A2609F4A14007
:107CD000A6958FEF811D811D0895882371F4772368
:107CE00021F09850872B762F07C0662311F499272F
:107CF0000DC09051862B70E060E02AF09A95660FD7
:107D0000771F881FDAF7880F9695879597F908955A
:107D10009F3F31F0915020F4879577956795B795FF
:107D2000880F911D9695879597F90895DF93CF93C6
:107D30001F930F93FF92EF92DF927B018C01689467
:107D400006C0DA2EEF010F9443B6FE01E894A59128
:107D50002591359145915591A6F3EF010F94A2BC61
:107D6000FE019701A801DA9469F7DF90EF90FF9088
:107D70000F911F91CF91DF9108950D94A3B60F94A9
:107D8000CDB6D8F3E894E0E0BB279F57F0F02AED9A
:107D90003FE049EC06C0EE0FBB0F661F771F881F40
:107DA00028F0B23A62077307840728F0B25A620BD0
:107DB000730B840BE3959A9572F7803830F49A959B
:107DC000BB0F661F771F881FD2F790480D948ABE9D
:107DD000EF93E0FF07C0A2EA2AED3FE049EC5FEB3A
:107DE0000F94A2BC0F94B4B60F90039401FC90586A
:107DF000E1E1F1E00D94DFC00F94CDB6A0F0BEE755
:107E0000B91788F4BB279F3860F41616B11D672F89
:107E1000782F8827985FF7CF869577956795B11D5E
:107E200093959639C8F308950F9449BE08F48FEFDF
:107E300008950F94A6B629F00F94ADB611F00D94E5
:107E4000A3B60D949DB6B901CA010D9488BE9F7763
:107E50005F770F94C5B668F39923A9F35523A9F367
:107E6000FF27951758F4E52FE91BED3060F75E3BCF
:107E700010F0F1E41CC09034E0F40AC0E92FE51BD7
:107E8000ED3018F79E3B10F0F1E411C0503488F447
:107E9000F9EA88232AF09A95660F771F881FDAF788
:107EA00044232AF05A95220F331F441FDAF79F1BF1
:107EB0005F1BFF931F930F93FF92EF9279018A014B
:107EC000BB27AB2F9B01AC010F9446B69701A801CD
:107ED000BF937B018C01AA27BA2FB901CA010F9465
:107EE00046B6AF919701A801EF90FF900F911F91B7
:107EF0000F94A2BC0F94B4B60F9459C04F9140FF99
:107F00000895552747FD50950D9492BF9B01AC01F4
:107F100060E070E080E89FE30D948ABD0D949DB60B
:107F20000D9488BE0F94CDB6D8F39923C9F3940F5E
:107F3000511DA3F39150504094F059F0882332F032
:107F4000660F771F881F91505040C1F79E3F510523
:107F50002CF7880F911D9695879597F908955F3FA7
:107F6000ACF0983E9CF0BB27869577956795B795C2
:107F700008F4B1609395C1F7BB0F58F711F460FF97
:107F8000E8CF6F5F7F4F8F4F9F4FE3CF0D94E8B6E1
:107F90000F94CDB658F19E5760F19851A0F0E9F0DA
:107FA000983020F5092E9927660F771F881F991F93
:107FB0000A94D1F712C0062E672F782F8827985F72
:107FC00011F4000C07C0993FB4F386957795679537
:107FD0009395D9F7611D711D811D3EF49095809593
:107FE000709561957F4F8F4F9F4F089568940D94C2
:107FF000E8B60D94E7B6FA01EE0FFF1F30962105A3
:108000003105A1F16115710561F48038BFE39B076B
:1080100049F168949038810561F08038BFEF9B0783
:1080200041F099234AF5FF3FE1053105210519F19A
:10803000E8940894E795D901AA2329F4AB2FBE2F21
:10804000F85FD0F310C0FF5F70F4A695E0F7F73942
:1080500050F019F0FF3A38F49F779F930DD00F90AE
:1080600007FC9058089546F00D94A3B660E070E0C8
:1080700080E89FE308954FE79F775F934F933F9387
:108080002F930F94FBC02F913F914F915F910F94CD
:1080900030B60D94A6C09F930F94BFBE0F9007FCFF
:1080A000EE5F0D94E8BE19F416F40D94A3B60D948A
:1080B00088BE0F94CDB6B8F39923C9F3B6F39F5792
:1080C000550B87FF0F94D8C00024A0E640EA90012A
:1080D00080585695979528F4805C660F771F881F07
:1080E00020F026173707480730F4621B730B840B08
:1080F000202931294A2BA69517940794202531254C
:108100004A2758F7660F771F881F20F02617370772
:10811000480730F4620B730B840B200D311D411D99
:10812000A09581F7B901842F9158880F969587956E
:1081300008950F9449BE880B990B089529F416F001
:108140000D949DB60D94E7B60D94A3B60F94CDB6DD
:10815000A8F39638A0F707F80F92E8942BE33AEAD1
:1081600048EB5FE70F9446B60F920F920F924DB710
:108170005EB70F920F9443C1EFE2F1E00F9496BE09
:108180004F915F91EF91FF91E595EE1FFF1F49F031
:10819000FE57E0684427EE0F441FFA95E1F741953A
:1081A000550B0F9492BF0F9007FE0D9486BF089554
:1081B00091505040660F771F881FD2F708959F9304
:1081C0008F937F936F93FF93EF939B01AC010F9479
:1081D00030B6EF91FF910F9496BE2F913F914F9142
:1081E0005F910D9430B616F00D9488BE0D94A3B631
:1081F00068940D949DB60F94CDB6A8F39923C1F35E
:10820000AEF3DF93CF931F930F93FF92C92FDD2718
:1082100088232AF02197660F771F881FDAF720E05E
:1082200030E040E85FEB9FE3883920F0803E38F093
:1082300021968F770F948BBCE7E5F1E004C00F9493
:108240008BBCE4E8F1E00F9496BE8B01BE01EC011B
:10825000FB2E6F5771097595771F880B990B0F943B
:10826000F1B528E132E741E35FE30F9443B6AF2D68
:108270009801AE01FF900F911F91CF91DF910F9464
:10828000A2BC0D94B4B6FA01DC01AA0FBB1F9B017E
:10829000AC01BF5728F4222733274427507820C049
:1082A000B75190F4AB2F0024469537952795011CC4
:1082B000A395D2F3002071F0220F331F441FB39512
:1082C000DAF30ED00D948ABC61307105A0E88A07FC
:1082D000B94630F49B01AC01662777278827907850
:1082E000309621F020833183428353830895911186
:1082F000089581548A5108F4805E855A0895FB01DF
:10830000DC0104C08D910190801921F4415050404E
:10831000C8F7881B990B0895FB01DC0102C001908E
:108320000D9241505040D8F70895DC0101C06D9383
:1083300041505040E0F70895FB01DC018D918134FC
:108340001CF08B350CF4805E619161341CF06B3550
:108350000CF4605E861B611189F3990B0895FB0193
:10836000DC010D900020E9F7119701900D9200209B
:10837000E1F70895FC018191861721F08823D9F750
:10838000992708953197CF010895FB01DC018D9164
:10839000019080190110D9F3990B0895FB01DC01BC
:1083A00001900D920020E1F70895FB01DC0141509E
:1083B000504030F08D910190801919F40020B9F7E8
:1083C000881B990B0895FB01DC014150504048F097
:1083D00001900D920020C9F701C01D9241505040FC
:1083E000E0F708950F931F93CF93DF93E0911D184B
:1083F000F0911E182381EC0110E000E021FD08C07F
:108400000FEF1FEF14C01995892B11F00FEF1FEF1D
:10841000899160911D1870911E18DB011896ED91DD
:10842000FC918111F0CF8AE01995892B49F7C80199
:10843000DF91CF911F910F9108951BE3C4EDDBE312
:1084400000E006C0802FFE010F9473BC2196011D31
:0E845000C53DD10780E00807A9F7F894FFCFDB
:10845E00303132333435363738392E200A4758000A
:10846E00FFFFFFFFFF0000FF430080544300005258
:10847E004300000000000080C09A99193E6400027B
:10848E0040771B0060EA0000016400FF010101005B
:10849E0000484200003E430000A041D2000A000105
:1084AE00FF3FFF3FFF3FFF3F3030303001011010E4
:1084BE00001111001111011E1E0102AF0001010178
:1084CE0001B83E0005CA3E00050101D310D310D3FA
:1084DE0010D310FFFFFFFFFFFFFFFFFFFF0801029A
:1084EE00010080BB4464000196068606000080BF32
:1084FE00000000000000000000000000000080BF2F
:10850E000000000000000000000000000000803F9E
:10851E0001010101FFFFFF7F7F777B777F7F008067
:10852E003B4500803B450000484400000000585980
:10853E005A455072757361204D4B5F5477696E00CA
:10854E000D0A00580059005A0000C0284500C028E6
:10855E004500007A440000C842F027AD276C27E69C
:10856E00020600EB020600C8040600F00406000333
:0A857E000304032F000100010000B8
:00000001FF
