:100000000C94C43B0C94F53B0C94F53B0C94F53BE1
:100010000C94F53B0D94D3980C94F53B0C944C58F0
:100020000C9469580C94F53B0C94F53B0C94F53BFF
:100030000C94A44C0C94F53B0D9424270D94AC2007
:100040000C94F53B0D942D380C94F53B0C94F53B3A
:100050000C94F53B0C94F53B0C94F53B0C945357E6
:100060000C94F53B0D940BB50C94F53B0C94F53BBF
:100070000C94F53B0C949F760C94F53B0C94F53B5B
:100080000C94F53B0C94F53B0C94F53B0C94F53B30
:100090000D94C7B40C94F53B0C94F53B0C94F53BD4
:1000A0000C94F53B0C94F53B0D946A160C94F53BBF
:1000B0000C94F53B0D944C160C94F53B0D946E2C62
:1000C0000C94F53B0C94F53B0C94F53B0D940C16FD
:1000D0000C94F53B0C94F53B0C94F53B0C94F53BE0
:1000E0000C94F53B084AD73B3BCE016E84BCBFFD68
:1000F000C12F3D6C74319ABD56833DDA3D00C77FF8
:1001000011BED9E4BB4C3E916BAAAABE0000008090
:100110003F05A84CCDB2D44EB93836A9020C50B91F
:10012000918688083CA6AAAA2ABE000000803F0744
:10013000634236B79BD8A71A39685618AEBAAB5582
:100140008C1D3CB7CC5763BD6DEDFD753EF6177247
:1001500031BF000000803F08000000BE9224491219
:100160003EABAAAA2ABECDCCCC4C3E00000080BE3D
:10017000ABAAAAAA3E00000000BF000000803F001A
:1001800000000000084178D3BB4387D1133D190E0E
:100190003CC3BD4282AD2B3E68EC8276BED98FE176
:1001A000A93E4C80EFFFBE01C4FF7F3F000000006E
:1001B00000000C9420B30D948E090C9497570D9465
:1001C00069440C94C4570D94841F0C94AFFB0C9499
:1001D000ADBB0C94ADB00C9496B00D947E0E0C9407
:1001E000D6ED0D94A2050C94BBB00C94A5EA0C942A
:1001F0009BEE0C94B3BB0D944D1A0D94CD130D943E
:1002000011140D94C3130C947FB30C94A2EA0C94B4
:1002100088B00D9496090D94CE430C94C5F70C94B8
:100220008EB50D94767C0C949FEA0C943DC40D948D
:100230006C0B0C9470C40C9492B00C9482C40C940B
:10024000D7F70C9429B60C9493F10D94CB430C94EE
:1002500060B30C94AFC40D94B30B0D94D5130D94EF
:1002600074100C9481B10D94A7090D94B31D0C94D6
:100270007AB50C94A7B00C9400B80D9486040D9434
:10028000DA1F0D946C440D9497040D9438140C945B
:100290006DBC0D946C760C9496EA0D9435080D9413
:1002A00031100D9429330C945ACB0C944AC40D94FC
:1002B0004A7C0D943D050C94A3B00D947B7C0C946A
:1002C000BB570C94C3B00C9457BA0C9472570C944F
:1002D000FAF10D94A4050D940D200D94A80D0D9424
:1002E0004F760D9460130D94D8430C94525B0D948B
:1002F000F1330D94BB080D94D70A0C9445BC0C94B3
:1003000075B50D949D130D94DD070D9462050C9445
:1003100050410D94C5040D94091B0C94C3C40C9456
:1003200001B50C948EB00C9478C40C9465B00C9408
:10033000C8B00C9433BC0C94A5B50C9493B50D9433
:10034000C7440D9476140D94C6490C9484B50C944E
:10035000E2B70D94667C0C943ACB0D94F4750C9432
:10036000C5BB0C94B5B00C948CC40C9468C40C94AC
:1003700021F80C947FB50C94BCBB0C9489B50C94FB
:100380007AFF0D9479050C9461BA0C948C570D94F6
:10039000B7440D946F760D94310D0C9463B70C94A3
:1003A00045C40C9483F20C94C9B00D9465040D946B
:1003B0006E050C947BB10D945B040C94D1B00C943D
:1003C000A6490C948CBA0C94D3FE0D9451040C9451
:1003D000A8EA0C94FEF20D9441050C94BDEA0C942D
:1003E0006A5A0C94F0BA0C9433FE0D9460140D9478
:1003F00047AE0C94C2F30D94F60D0D9445AC0C94DD
:100400009CB50C94BFB00C9498B50C9492FF0D94CD
:100410007A490C9466B10C94A5FE0D9473080D9462
:1004200031040D947B100C94A5570C94FEF10C94A0
:10043000F9570D9477440C943C570D94CF440D9488
:1004400066100C94A5C40D94AD060D9456050C943D
:100450003BB40D9486140C945EC40D94181D0C943A
:10046000BCF40D946F440C943EEA0D94D5430C9467
:1004700002F30C945CBC0D9435200D94430D0D9447
:100480008E430C9406F30C94C6EA0D9485060D94E5
:100490009B050D946D100D9408440C949DB00D9423
:1004A00010090C94CDB00D941D070C9447EA0C94E0
:1004B000AFB90C9439BC0D943B040D9457090C94BE
:1004C00059EA0D941D150D94AE4F0C94D5B00C94B3
:1004D000B7B30D9487440C9402F90D94971F0D94B3
:1004E0003A0D0C947CBB0C94C1B40D94047C0D9417
:1004F0008F440C9429F00D94D6150C9496C40D9449
:1005000072760C94B0BB0C94BAEA0D9435440D94F9
:100510001C200D94CB070C94B9BB0D9451060C9480
:1005200023F00D945F100D947F440C943FBC0D9408
:1005300007140D9427040D9432440C94B9C40C9400
:100540000AF30C9454C40D94BF440D941D040D94EF
:100550006D7C0C9420F30D94A7440C94B6BB0C94C2
:1005600051BC0C946CB30C946BBC0D94A6430D94CD
:10057000697C0D9476230C94B1EA0D9438440C9464
:100580009AB00D9442140C94B1B00D946F040D9474
:100590000E080C94F8F20D94ED1B0D943E140C947F
:1005A000A0B30D94E1030C94D7C40D94AF440D9403
:1005B00097440C94CDC40D9429140D94AA140C9452
:1005C000E7570C949EFB0D940D760C9491B30D940B
:1005D0009F440D9445040C9400BB0D9466440D9407
:1005E000EB370C9431C90D94660B0C94ACB30D949D
:1005F000710B0D944E106E616E00696E66000040C6
:100600007A10F35A00A0724E18090010A5D4E80021
:1006100000E87648170000E40B54020000CA9A3B39
:10062000000000E1F50500008096980000004042BF
:100630000F000000A086010000001027000000004D
:10064000E803000000006400000000000A00000051
:1006500000000100000000002C76D888DC674F08FD
:1006600023DFC1DFAE59E1B1B796E5E3E453C63A03
:10067000E651997696E8E6C28426EB898C9B62ED7A
:10068000407C6FFCEFBC9C9F40F2BAA56FA5F49034
:10069000055A2AF75C936B6CF9676DC11BFCE0E4AB
:1006A0000D47FEF520E6B500D0ED902E0300943501
:1006B00077050080841E080000204E0A000000C854
:1006C0000C333333330F986E12831141EF8D2114A5
:1006D000893BE65516CFFEE6DB18D1844B381BF775
:1006E0007C1D901DA4BBE424203284725E22810014
:1006F000C9F124ECA1E53D272200656E717565699D
:100700006E67202200446F6E65207072696E746996
:100710006E672066696C65004E6F204C696E6520BF
:100720004E756D62657220776974682063686563D1
:100730006B73756D2C204C617374204C696E653A37
:1007400020004E6F20436865636B73756D20776979
:100750007468206C696E65206E756D6265722C2000
:100760004C617374204C696E653A20006368656360
:100770006B73756D206D69736D617463682C204CAB
:10078000617374204C696E653A20004C696E652077
:100790004E756D626572206973206E6F74204C61B6
:1007A0007374204C696E65204E756D6265722B31D5
:1007B0002C204C617374204C696E653A2000256CC6
:1007C00075206279746573207772697474656E2020
:1007D000746F2025532061742061646472657373A3
:1007E0002030782530346C780A00442564202D2090
:1007F000526561642F57726974652025530A002081
:10080000436F756E7420583A200045303A256420B5
:1008100052504D2050524E313A25642052504D20B6
:100820004530403A25752050524E31403A25750AE0
:1008300000526573656E640025533A20256C640A86
:1008400025530A002F2F616374696F6E3A6E6F74BF
:10085000696669636174696F6E2025530A00466991
:100860006C616D656E742072756E6F757420646551
:1008700074656374656421005072696E74657220DA
:1008800073746F707065642064756520746F206583
:1008900072726F72732E2053757065727669736908
:1008A0006F6E2072657175697265642E0064756D76
:1008B0007020636C65617265640A006E6F206475F8
:1008C0006D7020617661696C61626C650A0044320A
:1008D00031202D2072656164206372617368206429
:1008E000756D700A006E6F2064756D7020617661A1
:1008F000696C61626C650A0064756D7020636F6D70
:10090000706C6574656420696E20256C756D730A62
:100910000058464C41534800454550524F4D0053F6
:1009200052414D00442D31202D20456E646C65737D
:1009300073206C6F6F700A0041637469766520459F
:10094000787472756465723A203000496E76616C15
:10095000696420657874727564657200746D6332C1
:100960003133305F7072696E745F63757272656E79
:10097000747328290A094809520A58092564092567
:10098000640A590925640925640A5A092564092558
:10099000640A450925640925640A005344207072DD
:1009A000696E74696E672062797465200025750030
:1009B000556E6B6E6F776E20636F6D6D616E643A0E
:1009C0002022004D32303020496E76616C696420FF
:1009D000657874727564657220007A5F6D61783A2B
:1009E00020007A5F6D696E3A2000795F6D61783A18
:1009F0002000795F6D696E3A2000785F6D61783A0A
:100A00002000545249474745524544006F70656E77
:100A100000785F6D696E3A20005265706F7274697C
:100A20006E6720656E6473746F7020737461747583
:100A300073004D3131322063616C6C65642E20454A
:100A40006D657267656E63792053746F702E002F29
:100A50002F616374696F6E3A75766C6F5F72656350
:100A60006F766572795F7265616479002F2F6163BB
:100A700074696F6E3A75766C6F5F6175746F5F72D3
:100A800065636F766572795F726561647900534959
:100A90004C454E54004E4F524D414C002553204D75
:100AA0004F44453A2050657263656E7420646F6EE2
:100AB000653A20256868643B207072696E74207402
:100AC000696D652072656D61696E696E6720696E1A
:100AD000206D696E733A2025643B204368616E6720
:100AE0006520696E206D696E733A2025640A005096
:100AF00072696E74657253746174653A2025640A74
:100B000000456E642066696C65206C6973740042F0
:100B10006567696E2066696C65206C697374005541
:100B20006E6B6E6F776E20256320636F64653A206D
:100B300025730A000A50494E44412074656D706562
:100B40007261747572653A20252E3166205A2073C1
:100B50006869667420286D6D293A20252E33660059
:100B60000A537465703A2025642F360A000A5374BC
:100B700065703A2025642F362028736B6970706584
:100B800064290A50494E44412074656D7065726154
:100B9000747572653A202564205A207368696674FA
:100BA00020286D6D293A300A000A5A45524F3A20E2
:100BB000252E33660A0073746172742074656D703B
:100BC000657261747572653A20252E31660A0025BA
:100BD000642020252E326600255320583A20252EE9
:100BE000356620593A20252E3566205A3A20252E82
:100BF00035660A00536C6565702E2E2E0045303A1E
:100C000025642052504D0A50524E303A25642052ED
:100C1000504D0A00002045535000204E53500020F4
:100C20004F464600204F4E005056303100205B4D5D
:100C3000505D2000256920686F757273202569203A
:100C40006D696E757465730052582074696D656FB7
:100C50007574004D333130004D313132004D31313A
:100C6000300046756C6C205258204275666665727D
:100C70000053657474696E67732053746F72656492
:100C800000544D3A2073746F7265642063616C691F
:100C900062726174696F6E20696E76616C69642C32
:100CA00020726573657474696E670053746F726542
:100CB000642073657474696E6773207265747269F9
:100CC000657665640048617264636F64656420449E
:100CD000656661756C742053657474696E67732002
:100CE0004C6F6164656400563200000000C8420029
:100CF00000C8420000C84300008C43000048430085
:100D0000004843000040410000F042E8030000E8D2
:100D1000030000C80000008813000000409C44004D
:100D2000409C440000000000000000204E00000035
:100D300000204100002041CDCCCC3E00009040007E
:100D40000000000000000000000000CDCCCC3E0000
:100D50000070410745F33E0160EA428F42FC42E6E3
:100D60005A343F4C62B04500000000004040000093
:100D700034420000000000000000000000410000BC
:100D800000E03F0000C8420000C8420000404100AF
:100D900000F042C0030000C0030000C8000000884B
:100DA0001300001010102000409C440000803F0001
:100DB00000003F1914000000437573746F6D004EFE
:100DC000796C6F6E504100536174696E202000543D
:100DD000657874757200536D6F6F746800486F7436
:100DE000656E642066616E2073706565642069734A
:100DF000206C6F776572207468616E20657870650D
:100E000063746564005072696E742066616E20734D
:100E100070656564206973206C6F776572207468F3
:100E2000616E20657870656374656400312E3000F2
:100E3000312E3500554E4B4E4F574E004C41313000
:100E4000433A204C696E65617220416476616E633D
:100E500065206D6F64653A20004C413130433A2083
:100E600041646A757374656420452D4A65726B3AF6
:100E700020003E0FA8AF00480069960000DF602503
:100E8000555887680427F2E0005E3403CC1960F3FC
:100E90003C0EF88F00DB08029492003E1C079A87F4
:100EA00000E524008528527E06001BE4007E7812AF
:100EB00070787061F812788F88417842707870612C
:100EC000782570787061F850788F88D1F0252707E1
:100ED0008761F025278F88412C0D27AA50D1BC07A8
:100EE00007871161BE788F881141785270787061E0
:100EF000F852788F88412012788870632052788861
:100F000070634852788887430311179970641812E8
:100F100078F870654412F8F8F045184278F8706572
:100F2000182578F87065185278F87065185078F8B8
:100F300070650C078F872365A20F8F8F11450012F4
:100F400006227069001207222749002506227069CF
:100F500000250722274900120622276C026236A2CA
:100F6000706C40456C44704C03622222706C438864
:100F70008888F04C7812BC88806E7852BC88806E6D
:100F800038127888706F78127888874F384278885E
:100F9000706F38257888706F3A0079AC786F3D07AC
:100FA0009AAC786F7850788887EF39497888706F75
:100FB0000852BC8880729852F88F9852201278702C
:100FC000F07348127863875320527870F073485258
:100FD000786387531007870F24731278638724532D
:100FE00060699A988BE22304E4443074104E4443C1
:100FF00024747C12888960753C50888870557825E7
:10100000288960757949088960753C128870707903
:101010000C12885222594412F124F07A4452F124DD
:10102000F07A8C52F0368F5A4420F124F07A004046
:101030001454CDCCCC3D0AD7233C17B7D13877CC4C
:101040002B329595E6241FB14F0A00002041000085
:10105000C84200401C4620BCBE4CCA1B0E5AAEC53E
:101060009D744E414E494E464372617368206465DB
:101070007465637465642E00536F6D652070726FC4
:10108000626C656D20656E636F756E746572656404
:101090002C205A2D6C6576656C696E6720656E66CE
:1010A0006F72636564202E2E2E004D65736820627A
:1010B0006564206C6576656C696E67206661696C35
:1010C00065642E205072696E742063616E63656C76
:1010D00065642E0048656174696E67206469736198
:1010E000626C65642062792073616665747920742E
:1010F000696D65722E0053544F505045442E005078
:10110000415553454420544845524D414C20455289
:10111000524F5200472D636F646520736C6963659D
:101120006420666F72206120646966666572656E10
:1011300074206C6576656C2E20506C65617365203B
:1011400072652D736C69636520746865206D6F64CA
:10115000656C20616761696E2E205072696E742023
:1011600063616E63656C6C65642E00472D636F640C
:101170006520736C6963656420666F72206120640A
:101180006966666572656E74206C6576656C2E2086
:10119000436F6E74696E75653F00472D636F6465BC
:1011A00020736C6963656420666F722061206E65D0
:1011B000776572206669726D776172652E20506C5A
:1011C000656173652075706461746520746865205D
:1011D0006669726D776172652E205072696E742037
:1011E00063616E63656C6C65642E00472D636F648C
:1011F0006520736C6963656420666F722061206E80
:1012000065776572206669726D776172652E20431D
:101210006F6E74696E75653F00472D636F6465205E
:10122000736C6963656420666F722061206469660F
:10123000666572656E74207072696E746572207472
:101240007970652E20506C656173652072652D7311
:101250006C69636520746865206D6F64656C2061DE
:101260006761696E2E205072696E742063616E63CF
:10127000656C6C65642E00472D636F646520736C2C
:101280006963656420666F722061206469666665C3
:1012900072656E74207072696E74657220747970F4
:1012A000652E20436F6E74696E75653F00507265E0
:1012B000737320746865206B6E6F6220746F20708A
:1012C000726568656174206E6F7A7A6C6520616EF4
:1012D0006420636F6E74696E75652E00506C656175
:1012E000736520707265737320746865206B6E6F10
:1012F0006220746F20756E6C6F61642066696C612A
:101300006D656E7400616E64207072657373207415
:101310006865206B6E6F6200496E7365727420663B
:10132000696C616D656E7400436F6C6F72206E6FD7
:101330007420636F72726563740046696C616D65D9
:101340006E74206E6F74206C6F6164656400436816
:10135000616E67656420636F72726563746C790097
:101360004C6F6164696E6720636F6C6F72004368D5
:10137000616E676520737563636573732100506CDC
:1013800065617365206F70656E2069646C6572209D
:10139000616E642072656D6F76652066696C616D43
:1013A000656E74206D616E75616C6C792E0057618D
:1013B000732066696C616D656E7420756E6C6F610B
:1013C00064207375636365737366756C3F00506C5E
:1013D0006561736520757067726164652E004E6586
:1013E00077206669726D77617265207665727369C0
:1013F0006F6E20617661696C61626C653A0057615D
:101400006974696E6720666F722050494E444120AE
:1014100070726F626520636F6F6C696E6700506CED
:10142000656173652077616974004E6F206D6F761A
:10143000652E005761697420666F7220757365723E
:101440002E2E2E00537461626C6520616D62696599
:101450006E742074656D706572617475726520328A
:10146000312D323643206973206E656564656420D2
:1014700061207269676964207374616E64206973A6
:101480002072657175697265642E00506C656173B8
:10149000652072756E2058595A2063616C696272BA
:1014A0006174696F6E2066697273742E0062757361
:1014B000793A2070617573656420666F7220696E79
:1014C00070757400627573793A2070617573656424
:1014D00020666F72207573657200627573793A20A9
:1014E00070726F63657373696E670000007F4300FD
:1014F0008054430000524300000000000080C09A66
:1015000099193E00000000000080C09A99193E0021
:1015100000A0400000A0400000004025336420737C
:101520007465703D253264206D73636E743D25349F
:10153000640A0000007F43008058439AD95143FF5A
:10154000FFFF20413A0020503A002042403A00205C
:10155000403A00202F002054303A00202F00204233
:101560003A00202F00543A00255345786365737381
:1015700069766520626564206C6576656C696E6766
:1015800020636F7272656374696F6E3A20256920FB
:101590006D6963726F6E730A00426564206C6576D4
:1015A000656C696E67206661696C65642E20546F96
:1015B0006F206D75636820766172696174696F6E02
:1015C0002066726F6D20656570726F6D206D65733A
:1015D0006800426564206C6576656C696E6720669C
:1015E00061696C65642E2053656E736F722074722E
:1015F0006967676572656420746F6F20736F6F6EC3
:10160000002020004D6561737572656420706F69FC
:101610006E74733A005A207365617263682068655E
:10162000696768743A20352E3066004E756D205813
:101630002C593A20372C37004D6573682062656459
:10164000206C6576656C696E67206E6F74206163CF
:10165000746976652E0020453A00205A3A002059D8
:101660003A0020453A00205A3A0020593A00583AA8
:1016700000202D3E200053706F6F6C4A6F696E3AE8
:1016800020002C20006673656E736F722076302EFA
:101690003420696E206661756C742072616E6765B6
:1016A00020342E362D3556202D20756E636F6E6ECC
:1016B0006563746564006673656E736F7220696E2E
:1016C00020666F7262696464656E2072616E676520
:1016D00020312E352D3356202D20636865636B2015
:1016E00073656E736F7200496E61637469766974B5
:1016F000792053687574646F776E004B494C4C4584
:10170000442E005072696E7465722068616C746555
:10171000642E206B696C6C28292063616C6C656495
:1017200021005A206C6976652061646A75737420A3
:101730006F7574206F662072616E67652E20536529
:101740007474696E6720746F20302E20436C696357
:101750006B20746F20636F6E74696E75652E005A0E
:10176000206C6976652061646A757374206F757486
:10177000206F662072616E67652E205365747469F0
:101780006E6720746F20300020453A3020423A00C6
:10179000543A004731205A252D2E33662046252DF8
:1017A0002E336600496E76616C6964205420636F45
:1017B00064652E004475706C696361746520542DF6
:1017C000636F64652069676E6F7265642E004164A3
:1017D00076616E6365204B3D004B206F7574206F02
:1017E0006620616C6C6F7765642072616E6765213D
:1017F000004D4B3353004D4B33534D4D5533005E2D
:10180000762E012533642F253364002533640020B0
:101810000A200A200A200025534172632053657470
:1018200074696E67733A20503A4D6178206C656E2A
:10183000677468286D6D2920533A4D696E206C6578
:101840006E67746820286D6D29204E3A436F72725E
:10185000656374696F6E7320523A4D696E207365CB
:10186000676D656E747320463A5365676D656E7477
:10187000732F7365632E0A255320204D3231342097
:1018800050252E32662053252E3266204E256420A8
:10189000522564204625640A00255346696C616D13
:1018A000656E742073657474696E67733A20446959
:1018B0007361626C65640A00255346696C616D65ED
:1018C0006E742073657474696E67733A0A255320C9
:1018D00020204D3230302044252E32660A00255318
:1018E000526574726163743A20533D4C656E67743F
:1018F0006820286D6D2920463A537065656420285C
:101900006D6D2F6D29205A3A205A4C696674202833
:101910006D6D290A25532020204D32303720532564
:101920002E32662046252E3266205A252E32660A31
:1019300025535265636F7665723A20533D4578743E
:101940007261206C656E67746820286D6D29204671
:101950003A537065656420286D6D2F6D290A2553F3
:101960002020204D3230382053252E326620462547
:101970002E32660A25534175746F2D52657472615B
:1019800063743A20533D3020746F20646973616240
:101990006C652C203120746F20696E7465727072D2
:1019A000657420657874727564652D6F6E6C79202E
:1019B0006D6F7665732061732072657472616374F4
:1019C00073206F72207265636F7665726965730A42
:1019D00025532020204D323039205325640A00251C
:1019E000535049442068656174626564207365746E
:1019F00074696E67733A0A25532020204D333034C2
:101A00002050252E32662049252E32662044252E70
:101A100032660A0025535049442073657474696E18
:101A200067733A0A25532020204D3330312050254A
:101A30002E32662049252E32662044252E32660A33
:101A400000255353746570732070657220756E693C
:101A5000743A0A255320204D39322058252E3266FB
:101A60002059252E3266205A252E32662045252EF5
:101A700032660A25535553746570207265736F6C16
:101A80007574696F6E3A200A2553204D3335302026
:101A900058256420592564205A2564204525640A68
:101AA00025534D6178696D756D2066656564726159
:101AB000746573202D206E6F726D616C20286D6DC2
:101AC0002F73293A0A255320204D323033205825D0
:101AD0002E32662059252E3266205A252E32662057
:101AE00045252E32660A25534D6178696D756D2046
:101AF000666565647261746573202D207374656119
:101B00006C746820286D6D2F73293A0A25532020A4
:101B10004D3230332058252E32662059252E32661C
:101B2000205A252E32662045252E32660A25534D31
:101B30006178696D756D20616363656C6572617450
:101B4000696F6E202D206E6F726D616C20286D6D37
:101B50002F7332293A0A255320204D323031205834
:101B6000256C752059256C75205A256C75204525E6
:101B70006C750A25534D6178696D756D20616363DD
:101B8000656C65726174696F6E202D207374656178
:101B90006C746820286D6D2F7332293A0A25532002
:101BA000204D3230312058256C752059256C752018
:101BB0005A256C752045256C750A2553416363656C
:101BC0006C65726174696F6E3A20503D7072696E17
:101BD000742C20523D726574726163742C20543DE4
:101BE00074726176656C0A255320204D32303420A2
:101BF00050252E32662052252E32662054252E3254
:101C0000660A2553416476616E636564207661726D
:101C10006961626C65733A20533D4D696E2066655B
:101C200065647261746520286D6D2F73292C2054B2
:101C30003D4D696E2074726176656C2066656564E1
:101C40007261746520286D6D2F73292C20423D6DC3
:101C5000696E696D756D207365676D656E7420744E
:101C6000696D6520287573292C20583D6D61786950
:101C70006D756D205859206A65726B20286D6D2F27
:101C800073292C20205A3D6D6178696D756D205A3D
:101C9000206A65726B20286D6D2F73292C202045DA
:101CA0003D6D6178696D756D2045206A65726B20A8
:101CB000286D6D2F73290A255320204D3230352091
:101CC00053252E32662054252E32662042256C750F
:101CD0002058252E32662059252E3266205A252E70
:101CE00032662045252E32660A2553486F6D6520E1
:101CF0006F666673657420286D6D293A0A25532036
:101D0000204D3230362058252E32662059252E326D
:101D100066205A252E32660A00544D3A20525B2521
:101D2000755D20657374696D6174652E00544D3A5C
:101D300020255320522025644300544D3A2025533A
:101D40002043206573742E00544D3A20636F6F6CEE
:101D500020646F776E203C25644300726566696E6F
:101D60006500696E697469616C00544D3A20636165
:101D70006C6962722E206661696C65642100544D45
:101D80003A2063616C6962726174696F6E2073746A
:101D900061727400544D3A2043616C2E204E4F54B2
:101DA0002049444C45004361703A25533A25630A63
:101DB0000050525553415F4D4D55320045585445E2
:101DC0004E4445445F4D3230004155544F524550CA
:101DD0004F52545F504F534954494F4E0041555450
:101DE0004F5245504F52545F46414E530041555457
:101DF0004F5245504F52545F54454D50000044657A
:101E00006C6574696F6E206661696C65642C204630
:101E1000696C653A200046696C652064656C657480
:101E200065643A004E6F74205344207072696E747A
:101E3000696E67005072696E742073617665640024
:101E40005344207072696E7420706175736564000C
:101E50002533642F253364004F4B00424144005228
:101E6000414D426F2046414E2000667600746878EE
:101E70000050524E0043524153485F43414E434548
:101E80004C0043524153485F5245434F5645520020
:101E900043524153485F5245434F56455200222812
:101EA00032290025533A2025530A002C204D393081
:101EB0003720452069676E6F726564006E6F20760B
:101EC000616C696420636F6D6D616E64007A657228
:101ED0006F72697A656400666163746F72792072EB
:101EE0006573746F72656400696E6465782C207424
:101EF000656D702C2075737465702C20756D0050A5
:101F0000494E44412063616C207374617475733A67
:101F10002000503A005761697420666F7220504962
:101F20004E4441207461726765742074656D7065FC
:101F30007261747572653A002041002050002042A1
:101F400000204C00205200205A00204E4F542049BF
:101F50004E495449414C495A45440053686565749B
:101F60002000205A2056414C5545204F5554204FB3
:101F7000462052414E474500496E76616C696420A7
:101F800073686565742049442E20416C6C6F7765D9
:101F9000643A20302E2E004155544F004C414E479C
:101FA0002053454C20464F524345440020643A009C
:101FB00020693A0020703A0020643A0020693A0013
:101FC00020703A00256925250A00256925250A0083
:101FD00022283129002F2F00002045585452554403
:101FE00045525F434F554E543A3100204D414348CE
:101FF000494E455F545950453A00312E3000206219
:1020000061736564206F6E204D61726C696E20464D
:1020100049524D574152455F55524C3A687474705D
:10202000733A2F2F6769746875622E636F6D2F7016
:102030007275736133642F50727573612D466972C6
:102040006D776172652050524F544F434F4C5F562D
:10205000455253494F4E3A00313635353266376274
:1020600064005F0038323530002B004649524D572E
:102070004152455F4E414D453A50727573612D4650
:1020800069726D7761726520004D313133205300E4
:102090006F6B200020636D2E00206D696E20005351
:1020A0005441545320006E2F61003F546F73686990
:1020B000626120466C6173684169722047657449AA
:1020C00050206661696C65640A00000125311D0CB1
:1020D0004024301C0B45232F1B0A17FF0406222B1C
:1020E0001A03363735382569206D696E2C2025692D
:1020F0002073656300496E76616C6964204D2063CE
:102100006F64653A2025730A0050494E444120709F
:10211000726F62652063616C6962726174696F6E6F
:10212000207374617274004E6F2050494E444120F8
:10213000746865726D6973746F7200736574006E94
:102140006F7A7A6C65004D424C004652004C7A0022
:102150004C616E6700315F37356D6D5F4D4B3353AA
:102160002D45494E53795F3130612D4533445245F9
:10217000564F5F48465F3630570052657600332E23
:1021800031342E312D383235300046697200534ECD
:1021900020696E76616C696400534E005245534568
:1021A00054004D4D555245530075766C6F004641B5
:1021B0004E0046414E50494E5453540050525553D0
:1021C00041005345545F43484F505F005345545FAF
:1021D000535445505F005345545F574156455F0087
:1021E000544D435F0043524153485F43414E434582
:1021F0004C0043524153485F5245434F56455200AD
:1022000043524153485F4445544543544544004379
:10221000524153485F0047312058313020593138FE
:1022200030204634303030004731205A313020469B
:1022300031333030004D313430205330004D3130A7
:102240003420533000473120452D302E3037352093
:102250004632313030004731204634303030004D86
:10226000323034205331303030004731205A35205D
:10227000463732303000473120452D312E3520464B
:102280003231303000473930004731205835204551
:1022900034204631303030004731205A302E322041
:1022A0004631303030004731205835352045323501
:1022B00020463134303000473120592D322046310C
:1022C000303030004731205832343020453235200C
:1022D000204632323030004731205A302E332046EB
:1022E00031303030004731205835352045382046D0
:1022F00032303030004731205835204532392046C1
:1023000031383030004731205835352045323920BA
:1023100046313037330047393220453000473238B4
:10232000004D313039004D313930004D31303700FA
:1023300048426564206F6E206C6F616400466C617A
:10234000736841697200546865726D616C204D6FED
:1023500064656C2063616C2E004572723A5052497C
:102360004E542046414E204552524F520045727203
:102370003A484F54454E442046414E204552524F14
:1023800052002F2F616374696F6E3A726573756DB9
:102390006564002F2F616374696F6E3A726573759F
:1023A0006D65002F2F616374696F6E3A72656164A9
:1023B00079002F2F616374696F6E3A6E6F745F726C
:1023C00065616479002F2F616374696F6E3A636190
:1023D0006E63656C0041786973206C656E67746824
:1023E00020646966666572656E63653A252E33669C
:1023F0000A004D65617375726564206178697320A8
:102400006C656E6774683A252E33660A004F4B0080
:102410004C434420737461747573206368616E6704
:10242000656400534420636172642072656C656169
:102430007365640046616B652073657269616C2029
:102440006E756D62657200452D636F6F6C206D6FE8
:10245000646500414C5446414E206465742E002F43
:102460002F616374696F6E3A7374617274004D38D2
:1024700034004D373032004D383300473238205762
:10248000004D3530300045787465726E616C2053B4
:10249000504920666C6173680A58464C4153482085
:1024A0006973206E6F74207265732D0A706F6E648D
:1024B000696E672E204C616E67756167650A737778
:1024C0006974636820756E617661696C61626C65C0
:1024D0002E0058464C415348206E6F74207265732D
:1024E000706F6E64696E672E004657206372617369
:1024F000682064657465637465642120596F752074
:1025000063616E20636F6E74696E756520707269A9
:102510006E74696E672E204465627567206461740D
:102520006120617661696C61626C6520666F722002
:10253000616E616C797369732E20436F6E74616391
:102540007420737570706F727420746F207375626D
:102550006D69742064657461696C732E002F2F613E
:102560006374696F6E3A64756D705F617661696CF2
:1025700061626C650043726173684465746563747D
:102580002044495341424C454400437261736844BE
:10259000657465637420454E41424C4544210048B2
:1025A0006F74656E642066616E20747970653A2080
:1025B000002020506C616E6E6572427566666572B1
:1025C00042797465733A20002046726565204D6536
:1025D0006D6F72793A2000207C20417574686F72AB
:1025E0003A2000204C6173742055706461746564F6
:1025F0003A200020536F66747761726520526573CC
:10260000657400205761746368646F672052657356
:102610006574002042726F776E206F75742052656A
:10262000736574002045787465726E616C20526524
:1026300073657400506F7765725570006572726FC4
:10264000722077726974696E6720746F2066696C96
:102650006500446F6E6520736176696E67206669F8
:102660006C652E006F6B0046696C616D656E740061
:102670004D6561737572656420736B6577733A207D
:1026800025662025660A0046697474696E672066AF
:1026900061696C6564203D3E2063616C69627261B2
:1026A00074696F6E206661696C65642E0A0043610F
:1026B0006C6962726174696F6E20737563636573B0
:1026C000732E0A00416C6C20342063616C69627265
:1026D0006174696F6E20706F696E747320666F75B8
:1026E0006E642E0A00312F3400312F3400312F391F
:1026F000001000C90210012C0140012201700118D4
:1027000001B0010E01F00104015002FA00B002F024
:10271000003003E600D003DC009004D2007005C84E
:1027200000A006BE000008B400B009AA00D00BA0AB
:1027300000600E960060118C000015820020197850
:1027400000C01D6E00A0226400B0275A00902C50DB
:102750000000314600E0343C0010383200903A2846
:1027600000603C1E00A03D1400803E0A00203F0097
:102770000058595A2063616C6962726174696F6EA6
:1027800020616C6C2072696768742E20536B6577CA
:102790002077696C6C20626520636F727265637468
:1027A0006564206175746F6D61746963616C6C79C7
:1027B0002E0058595A2063616C6962726174696FA6
:1027C0006E20616C6C2072696768742E20582F59D6
:1027D00020617865732061726520736C6967687425
:1027E0006C7920736B657765642E20476F6F64206A
:1027F0006A6F62210058595A2063616C6962726184
:1028000074696F6E206F6B2E20582F592061786588
:1028100073206172652070657270656E646963759E
:102820006C61722E20436F6E67726174756C617497
:10283000696F6E732100436865636B7300416C7050
:1028400068616265740054696D6500536F7274004D
:10285000534420636172640052506920706F727437
:10286000004C696E2E20636F7272656374696F6EBF
:10287000004E6F7A7A6C65206368616E6765004808
:1028800057205365747570004C6F6164696E6720E2
:10289000546573740044697361626C652073746578
:1028A0007070657273004D6F766520617869730092
:1028B00054656D70657261747572650050494E445F
:1028C000412063616C2E0052657365742058595A1B
:1028D0002063616C6962722E005049442063616C10
:1028E0006962726174696F6E00426564206C65761E
:1028F000656C20636F7272656374004D6573682048
:10290000426564204C6576656C696E670043616C56
:10291000696272617465205A0043616C6962726118
:1029200074652058595A0053656C66746573740059
:1029300042656C7420746573740057697A617264BF
:10294000004C6F616420416C6C00506C6561736574
:102950002070756C6C206F75742066696C616D6594
:102960006E7420696D6D6564696174656C7900527F
:10297000657365740052656E616D650046697273BA
:1029800074206C617965722063616C2E0053656CF4
:1029900065637400537465656C2073686565747352
:1029A00000537570706F7274004661696C207374A7
:1029B000617473204D4D55004661696C20737461DC
:1029C0007473005374617469737469637300436151
:1029D0006C6962726174696F6E004175746F4C6FDF
:1029E00061642066696C616D656E74004C6F616432
:1029F0002066696C616D656E7400556E6C6F616404
:102A00002066696C616D656E74004C6F6164207442
:102A10006F206E6F7A7A6C65005072656C6F6164BE
:102A200020746F204D4D55004E6F7A7A6C6520648E
:102A30002E004E6F2053442063617264005072690F
:102A40006E742066726F6D20534400436C65617232
:102A500020544D206572726F7200526573756D65FA
:102A6000207072696E7400506175736520707269B0
:102A70006E74005365742052656164790053657407
:102A8000206E6F74205265616479005072656865CC
:102A900061740054756E65004C6976652061646AE6
:102AA000757374205A0052657072696E7400496EB5
:102AB000666F2073637265656E0042726967687441
:102AC0006E657373004173736973740053696C6549
:102AD0006E74004F6E6365004C6F756400536F75C4
:102AE0006E640046696C2E2073656E736F720043CE
:102AF00068616E67652066696C616D656E7400461D
:102B00006C6F77005370656564004E2F41004D6116
:102B1000676E65747320636F6D702E005A2D70722E
:102B20006F6265206E722E004D6573680044696D9A
:102B300000427269676874004175746F0054696D72
:102B4000656F7574004C6576656C2044696D6D65C4
:102B500064004C6576656C20427269676874005346
:102B6000657474696E67730053746F702070726956
:102B70006E7400436865636B696E672066696C6597
:102B80000046696C6520696E636F6D706C65746575
:102B90002E20436F6E74696E756520616E79776162
:102BA000793F008452656672657368004D61696E95
:102BB00000496E73657274207468652066696C6183
:102BC0006D656E742028646F206E6F74206C6F6169
:102BD000642069742920696E746F207468652065AB
:102BE0007874727564657220616E64207468656EB5
:102BF00020707265737320746865206B6E6F622E2F
:102C00000053656E736F72207665726966696564DC
:102C10002C2072656D6F7665207468652066696C1E
:102C2000616D656E74206E6F772E005665726966F1
:102C300069636174696F6E206661696C65642C20DC
:102C400072656D6F7665207468652066696C616D6C
:102C5000656E7420616E64207472792061676169A9
:102C60006E2E00506C6561736520636865636B2030
:102C70007468652049522073656E736F7220636FAC
:102C80006E6E656374696F6E2C20756E6C6F616417
:102C90002066696C616D656E74206966207072656E
:102CA00073656E742E00506C6561736520756E6C73
:102CB0006F6164207468652066696C616D656E740F
:102CC0002066697273742C207468656E207265705A
:102CD000656174207468697320616374696F6E2E16
:102CE0000057616974696E6720666F72206E6F7A33
:102CF0007A6C6520616E642062656420636F6F6C1E
:102D0000696E670053656C6674657374204F4B0081
:102D100053656C66746573742073746172740050CB
:102D200072696E742066616E3A00486F74656E64F5
:102D30002066616E3A0043616C6962726174696E0B
:102D40006720686F6D6500416C6C20636F727265FF
:102D5000637400436865636B696E672073656E73A7
:102D60006F727300436865636B696E6720686F7488
:102D7000656E6400436865636B696E6720626564B5
:102D800000436865636B696E67205A2061786973D8
:102D900000436865636B696E6720592061786973C9
:102DA00000436865636B696E6720582061786973BA
:102DB00000436865636B696E6720656E6473746F4A
:102DC000707300436172642072656D6F7665640094
:102DD0004261636B00537465616C74680043726197
:102DE0007368206465742E004E6F726D616C004DC7
:102DF0006F646500537472696374005761726E008A
:102E00004E6F6E65004E6F7A7A6C65206368616EF6
:102E10006765643F004E6F7A7A6C6520697320683D
:102E20006F7421205761697420666F7220636F6F21
:102E30006C646F776E2E005049442063616C2E20C5
:102E400066696E6973686564005049442063616C0B
:102E50002E005072696E7420706175736564005045
:102E600072696E742061626F72746564004E6F7A6D
:102E70007A6C65206469616D657465722064696649
:102E8000666572732066726F6D2074686520472DC9
:102E9000636F64652E20506C65617365206368659F
:102EA000636B207468652076616C756520696E209F
:102EB00073657474696E67732E205072696E742026
:102EC00063616E63656C6C65642E004E6F7A7A6C1C
:102ED00065206469616D6574657220646966666504
:102EE00072732066726F6D2074686520472D636F62
:102EF00064652E20436F6E74696E75653F0054687B
:102F0000657265206973206E6F2066696C616D65FE
:102F10006E74206C6F616465642E205072696E74EB
:102F20002063616E63656C6C65642E005468657225
:102F300065206973206E6F2066696C616D656E74C3
:102F4000206C6F616465642E20436F6E74696E75CA
:102F5000653F004D4B3353206669726D7761726532
:102F6000206465746563746564206F6E204D4B3317
:102F7000207072696E74657200426C61636B6F756C
:102F800074206F636375727265642E205265636F7F
:102F9000766572207072696E743F00546865726D58
:102FA000616C206D6F64656C206E6F742063616C62
:102FB00069627261746564207965742E0054686575
:102FC0007265206973207374696C6C2061206E6572
:102FD000656420746F206D616B65205A2063616C9D
:102FE0006962726174696F6E2E20506C65617365E1
:102FF00020666F6C6C6F7720746865206D616E75EC
:10300000616C2C206368617074657220466972730C
:10301000742073746570732C2073656374696F6EAC
:103020002043616C6962726174696F6E20666C6FB7
:10303000772E005072696E74657220686173206E1D
:103040006F74206265656E2063616C696272617481
:103050006564207965742E20506C65617365206607
:103060006F6C6C6F7720746865206D616E75616C34
:103070002C206368617074657220466972737420D5
:1030800073746570732C2073656374696F6E20436D
:10309000616C6962726174696F6E20666C6F772E05
:1030A0000053656C66746573742077696C6C20627C
:1030B000652072756E20746F2063616C6962726145
:1030C00074652061636375726174652073656E73E6
:1030D0006F726C657373207265686F6D696E672EB1
:1030E000004F6C642073657474696E677320666F3B
:1030F000756E642E2044656661756C742050494479
:103100002C20457374657073206574632E20776975
:103110006C6C206265207365742E005761726E6955
:103120006E673A20626F7468207072696E7465729F
:10313000207479706520616E64206D6F74686572AB
:10314000626F6172642074797065206368616E6774
:1031500065642E005761726E696E673A20707269FD
:103160006E7465722074797065206368616E67653E
:10317000642E005761726E696E673A206D6F7468D5
:103180006572626F61726420747970652063686132
:103190006E6765642E0054657374696E6720666996
:1031A0006C616D656E74005368656574004E6F7474
:1031B000207370696E6E696E67005370696E6E6918
:1031C0006E670046616E20746573740053656C66AB
:1031D00074657374206661696C6564002573206C86
:1031E0006576656C2065787065637465640046611A
:1031F0006C73652074726967676572696E670046F3
:10320000696C616D656E742073656E736F720053C7
:103210007761707065640046726F6E742F6C6566BE
:10322000742066616E730041786973004178697338
:10323000206C656E677468004C6F6F7365207075E5
:103240006C6C6579004C65667420686F74656E649B
:103250002066616E3F0046726F6E74207072696EF8
:10326000742066616E3F00456E6473746F70206EEB
:103270006F742068697400456E6473746F70004DDC
:103280006F746F7200456E6473746F70730057696A
:1032900072696E67206572726F72004265642F48B2
:1032A0006561746572004E6F7420636F6E6E656346
:1032B000746564004865617465722F546865726D49
:1032C0006973746F7200506C656173652063686523
:1032D000636B3A0053656C66746573742065727233
:1032E0006F72210053656C6563742066696C616D53
:1032F000656E743A0058595A2063616C6962726154
:1033000074696F6E206661696C65642E205269670E
:1033100068742066726F6E742063616C696272619A
:1033200074696F6E20706F696E74206E6F74207296
:103330006561636861626C652E0058595A2063614B
:103340006C6962726174696F6E206661696C656434
:103350002E2046726F6E742063616C6962726174B4
:10336000696F6E20706F696E7473206E6F74207257
:103370006561636861626C652E0058595A2063610B
:103380006C6962726174696F6E206661696C6564F4
:103390002E20506C6561736520636F6E73756C745D
:1033A00020746865206D616E75616C2E0058595AE5
:1033B0002063616C6962726174696F6E20636F6D06
:1033C00070726F6D697365642E205269676874202E
:1033D00066726F6E742063616C6962726174696F8A
:1033E0006E20706F696E74206E6F742072656163F9
:1033F0006861626C652E0058595A2063616C69627D
:10340000726174696F6E20636F6D70726F6D697336
:1034100065642E2046726F6E742063616C696272FF
:103420006174696F6E20706F696E7473206E6F7453
:1034300020726561636861626C652E0058595A207C
:1034400063616C6962726174696F6E206661696C38
:1034500065642E204265642063616C6962726174E8
:10346000696F6E20706F696E7420776173206E6F64
:103470007420666F756E642E00506C6561736520F4
:1034800072656D6F766520737465656C2073686511
:1034900065742066726F6D20686561746265642E64
:1034A00000506C6561736520706C61636520737496
:1034B00065656C207368656574206F6E2068656152
:1034C000746265642E00497320737465656C2073A3
:1034D00068656574206F6E20686561746265643F1D
:1034E0000044697374616E63652062657477656515
:1034F0006E20746970206F6620746865206E6F7A24
:103500007A6C6520616E6420746865206265642051
:103510007375726661636520686173206E6F7420D5
:103520006265656E20736574207965742E20506C19
:103530006561736520666F6C6C6F772074686520B9
:103540006D616E75616C2C206368617074657220AA
:1035500046697273742073746570732C207365638D
:1035600074696F6E204669727374206C617965723C
:103570002063616C6962726174696F6E2E00506CB9
:103580006163652061207368656574206F662070D3
:103590006170657220756E64657220746865206E56
:1035A0006F7A7A6C6520647572696E6720746865DD
:1035B0002063616C6962726174696F6E206F66204E
:1035C0006669727374203420706F696E74732E2074
:1035D000496620746865206E6F7A7A6C6520636135
:1035E0007463686573207468652070617065722CFF
:1035F00020706F776572206F666620746865207032
:1036000072696E74657220696D6D65646961746557
:103610006C792E00536561726368696E672062651C
:10362000642063616C6962726174696F6E20706F8F
:10363000696E74004D6561737572696E672072659D
:10364000666572656E636520686569676874206F7A
:10365000662063616C6962726174696F6E20706F5D
:10366000696E7400506C6561736520636C65616E92
:1036700020746865206E6F7A7A6C6520666F7220A0
:1036800063616C6962726174696F6E2E20436C694C
:10369000636B207768656E20646F6E652E004175E0
:1036A000746F20686F6D65004578706572696D652F
:1036B0006E74616C004673656E736F72204465743E
:1036C000656374696F6E00302E383000302E3630EE
:1036D00000302E343000302E323500446973616280
:1036E0006C65206661726D206D6F64650052657354
:1036F0006574204D4D55004D4D55004D34340047F7
:1037000039390044697361626C65206661726D20AD
:103710006D6F64653F00302E383000302E3630003B
:10372000302E343000302E32350047323820585990
:10373000004D20383400852E2E00593A2025752062
:103740002D3E202E2E2E00583A202575202D3E206D
:103750002E2E2E0046696C616D656E742073656E49
:10376000736F7220626F617264206368616E676557
:103770002064657465637465643A20726576697364
:10378000696F6E25530A004D65617375726564201B
:1037900066696C616D656E742073656E736F7220FF
:1037A0006C6F77206C6576656C3A2025342E326616
:1037B000560A004D656173757265642066696C61B7
:1037C0006D656E742073656E736F722068696768CB
:1037D000206C6576656C3A2025342E3266560A00D8
:1037E0002533642F30002533642F300025632041BA
:1037F000584953205347313D25640A00486F74658A
:103800006E6400426564005A00590058002D2D2D49
:103810002D2D2D2D2D2D2D2D2D2D2D2D2D2D2D2DD8
:103820002D00435A5058496E76616C696453657235
:1038300069616C4E72004D393134004D39313500BB
:103840002B2345223D22352228221622473120589B
:103850002564205925642045252D2E3566004731E5
:10386000204631303830004731205A252D2E33661E
:10387000204637323030004731205835302059311A
:1038800035350016238522772476226A225F225658
:10389000224731205825642045252D2E33662046A9
:1038A00031303030000523F522E522D7221623C41B
:1038B00022B722A62298228922542564004731206B
:1038C0005A302E3420463130303000473120592DC7
:1038D00033204631303030002B23262321231D2373
:1038E00016234D383420585900473120583132358D
:1038F000205A323030204631303030004D333130B4
:10390000204120463100473120583132352059318D
:103910003035205A3120463830303000496E7661DB
:103920006C6964205049442063616C2E2072657379
:10393000756C74732E204E6F742073746F7265648F
:1039400020746F20454550524F4D2E004D3330317D
:103950002050252E32662049252E32662044252E01
:103960003266004D33303320453020532533750007
:10397000524300444556004245544100414C504892
:10398000410000002100240027002A002D00300003
:10399000330001010000040107010A0100002200B8
:1039A000250028002B002E00310034000201000009
:1039B000050108010B01000020002300260029005A
:1039C0002C002F0032000001000003010601090154
:1039D00005050505070508080808020202020A0A8B
:1039E00008080404040401010101010101010303A9
:1039F000030303030303040707070C0C0C0C0C0C54
:103A00000C0C0202020206060606060606060B0B50
:103A10000B0B0B0B0B0B07070A0A0A0A0A0A050510
:103A200005040404080801021020200808102040A2
:103A30001020408002010201080402010102040872
:103A40001020408080402010080402018004020100
:103A50008040201008040201080402010102040849
:103A60001020408001020408102040801008040843
:103A700080102040044080102040048000000A0B89
:103A800002090C0D0E0807030401000000000000ED
:103A90000000000000000000000000000000000026
:103AA00000000000000000001211100000000000E3
:103AB0000000000000000000000000000000000006
:103AC00000000000000000000000000000000000F6
:103AD0000000332E31342E31000A204F726967699D
:103AE0006E616C2050727573612069330A2020204A
:103AF00050727573612052657365617263680A253F
:103B000032302E32305300435A5058003B5300534A
:103B1000706F6F6C4A6F696E206973200061646317
:103B20005F696E697400200A200A200A2000416C37
:103B30006C2044617461005365727669636520701E
:103B4000726570005368697070696E672070726585
:103B5000700053746174697374696373004C616EAF
:103B600067756167650045524153494E4720616C56
:103B70006C206461746100466163746F72792052D5
:103B8000455345540050525553413344465700491C
:103B90004E54340003000E000100400003000200F8
:103BA000000004004E4F4354554100414C544641DF
:103BB0004E00556E6B6E6F776E00323032362D30A0
:103BC000342D32342030393A35313A35370020330C
:103BD0002E31342E312D383235305F313635353295
:103BE0006637626400737461727400534E2075709E
:103BF00064617465206661696C656400534E20756C
:103C000070646174656400435A50580043524153D4
:103C1000485F444554454354454458590043524134
:103C200053485F4445544543544544590043524129
:103C300053485F444554454354454458004D323938
:103C400000252D392E39535B00544D20657374695E
:103C50006D6174696F6E20646964206E6F74206397
:103C60006F6E766572676500544D20697465723AAF
:103C7000257520763A252E326620653A252E336644
:103C80000A0033332942000058419A998D41333359
:103C90005340200A200A20004D4D55323A004D6510
:103CA00061737572652063656E746572202000789B
:103CB000797A63616C5F6D6561737572655F656E5E
:103CC0007465720A0078797A63616C5F73706972E7
:103CD000616C382063783D25642063793D2564203C
:103CE0007A303D256420647A3D25642072616469E0
:103CF00075733D25642061643D25640A0078797AF6
:103D000063616C5F7365617263685A206E6F2073C4
:103D100069676E616C0A20783D256C6420793D25C9
:103D20006C64207A3D256C640A00204F4E2D534967
:103D3000474E414C20617420783D256420793D2513
:103D400064207A3D25642061643D25640A00787909
:103D50007A63616C5F7365617263685A20783D2590
:103D60006C6420793D256C64207A3D256C640A00E2
:103D70002530327800205B25662025665D206D6D3C
:103D8000207061747465726E2063656E7465720A6A
:103D900000205B25662025665D5B25665D206D6DD8
:103DA00020646976657267656E63650A000000F0DD
:103DB00000F801FC03FE07FE07FE07FE07FC03F800
:103DC00001F000000000000000F000F801FC03FC1E
:103DD00003FC03FC03F801F0000000000078797A8E
:103DE00063616C5F6D6561737572655F6C6561764B
:103DF000650A00203C20005741524E494E473A2068
:103E000046726F6E7420706F696E74206E6F7420CE
:103E1000726561636861626C652E205920636F6F03
:103E20007264696E6174653A0000000040410000F0
:103E3000C04000005C430000C04000005C43000044
:103E40004643000040410000464325642F340049AA
:103E50007465726174696F6E3A200043616C6962C7
:103E6000726174696F6E206661696C6564212043BC
:103E70006865636B20746865206178657320616E86
:103E8000642072756E20616761696E2E004D494E27
:103E900054454D5020424544206669786564004D84
:103EA000494E54454D5020484F54454E4420666974
:103EB0007865640024F4D43050C38E20C2A2401729
:103EC000828B7011127A910D816CD90AA861E10878
:103ED000C7586607615143061E4B5D05C145A704DF
:103EE0001A411104093D9803713931034036DB0250
:103EF00065339102D4305402802E1D02632CEE01F2
:103F0000752AC501B028A001102781018F25640101
:103F10002B244B01E0223401AC211F018D200D0127
:103F2000801FFC00841EED00971DDF00B81CD2002E
:103F3000E61BC600201BBC00641AB200B219A80020
:103F40000A19A0006A189900D117910040178B0038
:103F5000B516840031167E00B31579003A1573004A
:103F6000C7146F0058146A00EE13660088136300CC
:103F700025135E00C7125B006C1257001512540027
:103F8000C111510070114F0021114B00D610490092
:103F90008D1047004610440002104200C00F400040
:103FA000800F3E00420F3C00060F3B00CB0E380056
:103FB000930E37005C0E3500270E3400F30D3200EF
:103FC000C10D3100900D3000600D2E00320D2D001E
:103FD000050D2C00D90C2B00AE0C2900850C2900F6
:103FE0005C0C2700350C27000E0C2600E80B240083
:103FF000C40B2400A00B23007D0B23005A0B2100CF
:10400000390B2100180B2000F80A1F00D90A1E00E6
:10401000BB0A1E009D0A1D00800A1D00630A1C00C9
:10402000470A1B002C0A1B00110A1A00F7091A0084
:10403000DD091900C4091900AB091900920917001C
:104040007B091800630917004C0916003609160091
:10405000200916000A091500F5081500E0081400EB
:10406000CC081400B8081400A40814009008130029
:104070007D0812006B081300580812004608120051
:104080003408110023081100120811000108110062
:10409000F0071000E0071000D0071000C007100064
:1040A000B0070F00A107100091070E0083070F0053
:1040B00074070F0065070E0057070E0049070E0032
:1040C0003B070D002E070E0020070D0013070D0003
:1040D00006070D00F9060C00ED060D00E0060C00C9
:1040E000D4060C00C8060C00BC060C00B0060C0080
:1040F000A4060B0099060C008D060B0082060B002F
:1041000077060B006C060B0061060A0057060B00D1
:104110004C060A0042060A0038060A002E060A006B
:1041200024060A001A060A001006090007060A00FB
:10413000FD050900F4050900EB050900E205090089
:10414000D9050900D0050900C7050900BE05090009
:10415000B5050800AD050800A50509009C05080087
:10416000940508008C050800840508007C050800FB
:10417000740508006C050700650508005D0507006B
:10418000560508004E0507004705070040050800D2
:1041900038050700310507002A0507002305070039
:1041A0001C050600160507000F0507000805060098
:1041B00002050700FB040600F5040700EE040600F4
:1041C000E8040600E2040700DB040600D50406004C
:1041D000CF040600C9040600C3040600BD0406009F
:1041E000B7040600B1040500AC040600A6040600EE
:1041F000A00405009B040600950405009004060039
:104200008A04050085040500800406007A04050080
:1042100075040500700405006B04050066040500C4
:10422000610405005C040500570405005204050004
:104230004D04050048040500430405003E04040045
:104240003A04050035040500300404002C04050080
:1042500027040400230405001E0404001A040400BB
:1042600016040500110404000D04040009040500EF
:104270000404040000040400FC030400F803040028
:10428000F4030400F0030400EC030400E80304005A
:10429000E4030400E0030400DC030400D80304008A
:1042A000D4030400D0030400CC030400C8030300BB
:1042B000C503030024F404D9201BC40C5C0E98042D
:1042C000C4095F0265077101F405F900FB04B3003E
:1042D00048048700C10369005803550003034500E3
:1042E000BE023A008402310053022A00290225004E
:1042F00004022000E4011C00C8011900AF011700EE
:104300009801140084011300710110006101100074
:1043100051010E0043010D0036010B002B010B0073
:1043200020010B00150109000C0109000301080020
:10433000FB000800F3000800EB000700E4000600A3
:10434000DE000600D8000600D2000600CC00050002
:10435000C7000500C2000500BD000400B90004004C
:10436000B5000400B1000400AD000400A900040081
:10437000A5000300A20003009F0004009B000300AF
:1043800098000300950002009300030090000300D2
:104390008D0002008B0003008800020086000200EE
:1043A00084000300810002007F0002007D00020003
:1043B0007B00020079000200770001007600020015
:1043C0007400020072000100710002006F00020020
:1043D0006D0001006C0002006A000100690002002B
:1043E0006700010066000100650001006400020032
:1043F0006200010061000100600001005F00020036
:104400005D0001005C0001005B0001005A0001003A
:10441000590001005800010057000100560001003A
:10442000550001005400010053000000530001003A
:104430005200010051000100500001004F00010036
:104440004E0000004E0001004D0001004C00010034
:104450004B0000004B0001004A0001004900010030
:10446000480000004800010047000100460000002D
:104470004600010045000000450001004400010025
:104480004300000043000100420000004200010020
:104490004100000041000100400001003F00000019
:1044A0003F0001003E0000003E0001003D00000012
:1044B0003D0001003C0000003C0000003C00010009
:1044C0003B0000003B0001003A0000003A00010000
:1044D00039000000390001003800000038000000F9
:1044E00038000100370000003700010036000000EE
:1044F00036000000360001003500000035000000E5
:1045000035000100340000003400000034000100D8
:1045100033000000330000003300010032000000CF
:1045200032000000320001003100000031000000C4
:1045300031000100300000003000000030000100B8
:104540002F0000002F0000002F0000002F000100AE
:104550002E0000002E0000002E0001002D000000A3
:104560002D0000002D0000002D0001002C00000097
:104570002C0000002C0000002C0001002B0000008B
:104580002B0000002B0000002B0001002A0000007F
:104590002A0000002A0000002A0001002900000073
:1045A0002900000029000000290000002900010066
:1045B000280000002800000028000000280000005B
:1045C000280001002700000027000000270000004D
:1045D0002700000027000100260000002600000040
:1045E0002600000026000000260001002500000033
:1045F0002500000025000000250000002500000027
:104600002500010024000000240000002400000018
:10461000240000002400010023000000230000000B
:1046200023000000230000002300000023000000FE
:1046300023000100220000002200000022000000F0
:1046400022000000220000002200010021000000E2
:1046500021000000210000002100000021000000D6
:1046600021000000210001002000000020000000C7
:1046700020000000200000002000000020000000BA
:1046800020000000200001001F0000001F000000AB
:104690001F0000001F0000001F0000001F0000009E
:1046A0001F0001001E0000001E0000001E00000090
:1046B0001E000000504944204175746F74756E658A
:1046C0002066696E69736865642120507574207472
:1046D0006865206C617374204B702C204B692061DD
:1046E0006E64204B6420636F6E7374616E7473200C
:1046F00066726F6D2061626F766520696E746F20DF
:10470000436F6E66696775726174696F6E2E6800BB
:10471000504944204175746F74756E6520666169F7
:104720006C6564212074696D656F75740020403A72
:1047300000543A00423A00504944204175746F7465
:10474000756E65206661696C6564212054656D70C5
:104750006572617475726520746F6F20686967682F
:1047600000204B643A2000204B693A2000204B7017
:104770003A200020436C61737369632050494420E0
:10478000002054753A2000204B753A2000206D61BE
:10479000783A2000206D696E3A200020643A2000AB
:1047A00020626961733A2000504944204175746F5A
:1047B00074756E65207374617274005049442041B1
:1047C00075746F74756E65206661696C65642E2002
:1047D000426164206578747275646572206E756DCF
:1047E0006265722E00544D4C2025642025642025DE
:1047F0007820256C7820256C780A004D494E544568
:104800004D50004D494E54454D5020424544004DB9
:10481000494E54454D5020414D42004D415854455C
:104820004D50004D415854454D5020424544004D97
:10483000415854454D5020414D4200544D3A206559
:1048400072726F7220636C656172656400544D3AD8
:10485000206572726F722074726967676572656431
:104860002100544845524D414C20414E4F4D414C42
:104870005900526573756D696E67207072696E7448
:104880000050494E44412048656174696E67004399
:10489000616C6962726174696F6E20646F6E65002D
:1048A00043616C6962726174696E67205A00426587
:1048B0006420646F6E6500426564204865617469B8
:1048C0006E670048656174696E6720646F6E652E5F
:1048D0000048656174696E67004D4D5520706F77B3
:1048E0006572206661696C73004D4D55206C6F6177
:1048F00064206661696C73004D4D55206661696C7A
:1049000073004D6174657269616C206368616E67E4
:10491000657300546F74616C206661696C757265B3
:10492000730043726173680046696C2E2072756E65
:104930006F75747300506F776572206661696C756E
:10494000726573004C617374207072696E742066B6
:1049500061696C7572657300546F74616C004C61B1
:104960007374207072696E7400416D6269656E7453
:1049700000566F6C74616765730054656D70657285
:104980006174757265730042656C74207374617430
:1049900075730053656E736F7220696E666F0045A4
:1049A0007874727564657220696E666F0058595A22
:1049B0002063616C2E2064657461696C73005072B1
:1049C000696E74657220495020416464723A0075C2
:1049D0006E6B6E6F776E004D4D5520636F6E6E651A
:1049E0006374656400446174653A00746F20756E89
:1049F0006C6F61642066696C616D656E7400746FC4
:104A0000206C6F61642066696C616D656E74005026
:104A10007265737320746865206B6E6F62005072EC
:104A20006568656174696E6720746F2063757400D2
:104A300050726568656174696E6720746F20656A7D
:104A40006563740050726568656174696E6720748F
:104A50006F20756E6C6F616400507265686561747B
:104A6000696E6720746F206C6F616400436F6F6CB8
:104A7000646F776E00456A6563740046696C616DAA
:104A8000656E7420657874727564696E672026207F
:104A90007769746820636F727265637420636F6CEA
:104AA0006F723F004175746F6C6F6164696E67204F
:104AB00066696C616D656E742069732061637469E9
:104AC00076652C206A757374207072657373207418
:104AD0006865206B6E6F6220616E6420696E73651D
:104AE00072742066696C616D656E742E2E2E005096
:104AF00072696E742074696D650046696C616D65DC
:104B00006E74207573656400546F74616C207072EC
:104B1000696E742074696D6500546F74616C2066F1
:104B2000696C616D656E74005072656865617420B2
:104B3000746865206E6F7A7A6C6521004552524F19
:104B4000523A005269676874004C656674005920D7
:104B500064697374616E63652066726F6D206D6940
:104B60006E0053657665726520736B657700536CD4
:104B70006967687420736B6577004D656173757242
:104B8000656420736B6577005B303B305D20706F30
:104B9000696E74206F66667365740041646A75732C
:104BA00074696E67205A005265617220736964658A
:104BB000205BE46D5D0046726F6E742073696465FE
:104BC0005BE46D5D00526967687420736964655BBE
:104BD000E46D5D004C6566742073696465205BE478
:104BE0006D5D005365742074656D706572617475D8
:104BF00072653A0050494E44412063616C696272AB
:104C00006174696F6E206661696C65640050494E1D
:104C100044412063616C6962726174696F6E2069DE
:104C2000732066696E697368656420616E642061D3
:104C300063746976652E2049742063616E20626515
:104C40002064697361626C656420696E206D656EB5
:104C5000752053657474696E67732D3E50494E44D8
:104C6000412063616C2E0045787472756465720032
:104C70004D6F7665205A004D6F76652059004D6F57
:104C800076652058004372617368206465746563BB
:104C900074696F6E2063616E0A6265207475726E4E
:104CA0006564206F6E206F6E6C7920696E0A4E6F9E
:104CB000726D616C206D6F6465005741524E494EB4
:104CC000473A0A4372617368206465746563746966
:104CD0006F6E0A64697361626C656420696E0A5361
:104CE0007465616C7468206D6F6465004D6F6465F8
:104CF000206368616E676520696E2070726F6772ED
:104D00006573732E2E2E00536865657420252E372B
:104D1000730A5A206F66667365743A20252B312E0C
:104D200033666D6D0A2563436F6E74696E75650A2F
:104D30002563526573657400506C65617365206C02
:104D40006F61642066696C616D656E74206669725E
:104D500073742E003E43616E63656C0052756E6E17
:104D6000696E672057697A6172642077696C6C207C
:104D700064656C6574652063757272656E7420631A
:104D8000616C6962726174696F6E20726573756CB3
:104D9000747320616E642073746172742066726F24
:104DA0006D2074686520626567696E6E696E672E36
:104DB00020436F6E74696E75653F0050726568655B
:104DC0006174696E67206E6F7A7A6C652E20506C04
:104DD0006561736520776169742E00506C6561733D
:104DE0006520696E736572742066696C616D656EAD
:104DF0007420696E746F20746865206578747275AC
:104E00006465722C207468656E20707265737320FF
:104E1000746865206B6E6F6220746F206C6F6164C4
:104E20002069742E00506C6561736520696E73652E
:104E300072742066696C616D656E7420696E746F42
:104E400020746865206669727374207475626520C9
:104E50006F6620746865204D4D552C207468656E12
:104E600020707265737320746865206B6E6F6220AA
:104E7000746F206C6F61642069742E005A20636126
:104E80006C6962726174696F6E207265636F6D6DBB
:104E9000656E6465642E2052756E206974206E6F95
:104EA000773F00546865207072696E746572207770
:104EB000696C6C207374617274207072696E7469AD
:104EC0006E672061207A69672D7A6167206C696E50
:104ED000652E20526F7461746520746865206B6E56
:104EE0006F6220756E74696C20796F7520726561D0
:104EF000636820746865206F7074696D616C2068E8
:104F000065696768742E20436865636B2074686503
:104F100020706963747572657320696E20746865AA
:104F20002068616E64626F6F6B202843616C6962F8
:104F3000726174696F6E2063686170746572292E86
:104F40000053656C6563742074656D70657261747F
:104F5000757265207768696368206D617463686540
:104F60007320796F7572206D6174657269616C2E42
:104F70000053656C65637420612066696C616D65C2
:104F80006E7420666F72207468652046697273744F
:104F9000204C617965722043616C69627261746949
:104FA0006F6E20616E642073656C65637420697434
:104FB00020696E20746865206F6E2D73637265655D
:104FC0006E206D656E752E004E6F772049207769D3
:104FD0006C6C2063616C69627261746520646973D2
:104FE00074616E6365206265747765656E207469AF
:104FF00070206F6620746865206E6F7A7A6C652009
:10500000616E6420686561746265642073757266A0
:105010006163652E00506C6561736520636865632C
:105020006B206F75722068616E64626F6F6B2061B8
:105030006E6420666978207468652070726F626C97
:10504000656D2E205468656E20726573756D6520E0
:105050007468652057697A6172642062792072658C
:10506000626F6F74696E6720746865207072696E14
:105070007465722E00416C6C20697320646F6E65DC
:105080002E204861707079207072696E74696E6745
:105090002100596F752063616E20616C77617973AF
:1050A00020726573756D65207468652057697A6133
:1050B00072642066726F6D2043616C696272617404
:1050C000696F6E202D3E2057697A6172642E004907
:1050D0006620796F75206861766520616464697403
:1050E000696F6E616C20737465656C2073686565AB
:1050F00074732C2063616C696272617465207468DA
:10510000656972207072657365747320696E2053CF
:10511000657474696E6773202D2048572053657439
:105120007570202D20537465656C207368656574F7
:10513000732E00506C6561736520636C65616E2031
:105140006865617462656420616E64207468656E70
:1051500020707265737320746865206B6E6F622EA9
:1051600000446F20796F752077616E7420746F2012
:10517000726570656174206C6173742073746570FE
:1051800020746F20726561646A757374206469733A
:1051900074616E6365206265747765656E206E6FFD
:1051A0007A7A6C6520616E642068656174626564FA
:1051B0003F0053656C656374206E6F7A7A6C65206E
:1051C000707265686561742074656D706572617474
:1051D000757265207768696368206D6174636865BE
:1051E0007320796F7572206D6174657269616C2EC0
:1051F0000049732066696C616D656E74206C6F6127
:105200006465643F00546865726D616C206D6F6405
:10521000656C2063616C2E2074616B657320617016
:1052200070726F782E203132206D696E732E20538C
:1052300065650A70727573612E696F2F746D2D63C9
:10524000616C004E6F7720492077696C6C2070721A
:105250006568656174206E6F7A7A6C6520666F721E
:1052600020504C412E00492077696C6C2072756E7D
:10527000207A2063616C6962726174696F6E206E5E
:105280006F772E004E6F772072656D6F7665207494
:1052900068652074657374207072696E742066721C
:1052A0006F6D20737465656C2073686565742E007E
:1052B000506C656173652072656D6F7665207368EB
:1052C000697070696E672068656C706572732066BE
:1052D000697273742E00492077696C6C2072756E48
:1052E0002078797A2063616C6962726174696F6E8B
:1052F000206E6F772E2049742077696C6C20746162
:105300006B6520757020746F203234206D696E7368
:105310002E0046697273742C20492077696C6C20CA
:1053200072756E207468652073656C66746573743D
:1053300020746F20636865636B206D6F73742063E6
:105340006F6D6D6F6E20617373656D626C79207027
:10535000726F626C656D732E0048692C2049206164
:105360006D20796F7572204F726967696E616C206C
:105370005072757361206933207072696E74657242
:105380002E20576F756C6420796F75206C696B6582
:10539000206D6520746F20677569646520796F756D
:1053A000207468726F75676820746865207365740F
:1053B00075702070726F636573733F0048692C20AD
:1053C0004920616D20796F7572204F726967696E2F
:1053D000616C205072757361206933207072696E40
:1053E0007465722E20492077696C6C20677569643A
:1053F0006520796F75207468726F75676820612009
:1054000073686F72742073657475702070726F6347
:105410006573732C20696E207768696368207468EF
:1054200065205A2D617869732077696C6C206265FC
:105430002063616C696272617465642E20546865D2
:105440006E2C20796F752077696C6C2062652072F4
:105450006561647920746F207072696E742E0045E6
:105460002D636F7272656374005A2D636F7272657B
:10547000637400592D636F727265637400582D63F5
:105480006F727265637400506175736500436F6E6F
:10549000742E00465320416374696F6E00462E20BF
:1054A0006175746F6C6F616400462E2072756E6F4B
:1054B0007574004D4D55204D6F64650043757474CF
:1054C00065720046616E20737065656400426564B4
:1054D0000046616E7320636865636B004D6F6465A1
:1054E0006C004E6F7A7A6C6500544D3A206572728A
:1054F0006F72207C25667C3E25660A0070012C01B7
:1055000090012701B0012201C0011D01F001180125
:105510001002130130020E01600209019002040121
:10552000C002FF000003FA004003F5008003F00012
:10553000D003EB002004E6007004E100E004DC008E
:105540004005D700C005D2004006CD00D006C800F7
:105550008007C3003008BE00F008B900C009B400DD
:10556000B00AAF00B00BAA00D00CA500000EA0003E
:10557000500F9B00C01096005012910000148C0038
:10558000C0158700B0178200B0197D00D01B7800CD
:10559000001E730040206E0090226900F024640019
:1055A00040275F0090295A00E02B5500102E500034
:1055B00020304B0010324600E033410090353C0073
:1055C0001037370070383200A0392D00B03A28006B
:1055D000A03B2300603C1E00103D1900903D1400CC
:1055E000103E0F00703E0A00C03E0500003F000064
:1055F00090137D00B0157800F0177300601A6E00EC
:10560000F01C6900A01F640050225F0020255A0092
:10561000E0275500902A5000202D4B00A02F460077
:10562000F031410010343C00F0353700A037320033
:1056300020392D00603A2800703B2300603C1E009A
:10564000203D1900C03D1400403E0F00A03E0A005E
:10565000F03E0500403F0000703FFBFF903FF6FF2B
:10566000B03FF1FFC03FECFFD03FE7FFE03FE2FF7C
:10567000F03FDDFFF03FD8FF20484F54454E442017
:10568000544845524D414C2052554E4157415900C6
:10569000204845415442454420544845524D414CD0
:1056A0002052554E4157415900544845524D414CA6
:1056B0002052554E415741590042454420544845D7
:1056C000524D414C2052554E4157415900205448AB
:1056D00045524D414C2052554E415741592028507A
:1056E00052454845415420484F54454E44290020D6
:1056F000544845524D414C2052554E415741592036
:10570000285052454845415420484541544245445B
:10571000290050524548454154204552524F5200AD
:105720004245442050524548454154204552524F2D
:10573000520020747269676765726564210048656C
:105740006174657273207377697463686564206F30
:1057500066662E20003A20004572723A200000FF53
:105760000102010002FFFFFE0001FE01FF00506C7C
:1057700065617365207265737461727400544D3A8B
:1057800020696E76616C696420706172616D657408
:105790006572732C2063616E6E6F7420656E61623A
:1057A0006C6500255320204D3331302050252E329A
:1057B000662055252E34662056252E326620432538
:1057C0002E32662044252E3466204C257520532524
:1057D00075204225752045252E32662057252E320C
:1057E000662054252E32660A00255320204D333181
:1057F00030204925752052252E32660A00546865EE
:10580000726D616C204D6F64656C20736574746992
:105810006E67733A00CDCCF4410000E8410000DC33
:10582000410000C4413333BB416666B2419A99A935
:10583000419A99A14166669E4133339B410000988D
:1058400041CDCC944166669241CDCC904133338FAB
:10585000419A998D41452D6D6F746F7220637572F9
:1058600072656E74207363616C696E6720656E612A
:10587000626C656400010808010A0A01141401122F
:1058800012746D63323133305F686F6D655F656EC2
:1058900074657228617865735F6D61736B3D3078F4
:1058A00025303278290A00746D63323133305F68F5
:1058B0006F6D655F6578697420746D633231333064
:1058C0005F73675F686F6D696E675F617865735F4F
:1058D0006D61736B3D3078253032780A00544D434A
:1058E00020445249564552204F56455254454D503A
:1058F00000486F6C642063757272656E74207472F8
:10590000756E636174656420746F2052756E2063D8
:10591000757272656E740025632533642F2564816A
:10592000005A25362E32662563005A2020202D2D60
:105930002D2000862533642525002D2D2D252500BD
:1059400025336425250020534400202020002048D2
:105950004F002046524D200087253375682025636F
:1059600025630087253032753A2530327525632549
:1059700063002F2F616374696F6E3A706175736590
:1059800064002F2F616374696F6E3A70617573657F
:105990000044756D70206D656D6F72790068656C7F
:1059A000702E707275736133642E636F6D00666F55
:1059B00072756D2E707275736133642E636F6D0036
:1059C000707275736133642E636F6D004D373031C3
:1059D0000025533A0A2531382E32666D200A2553A8
:1059E0003A0A2531306C646820253032646D2025F8
:1059F000303264730025533A0A2531382E32666DF1
:105A0000200A25533A0A2531306C6464202530324F
:105A1000646820253032646D0025362E32666D6D47
:105A20000025530A25530A25533A0A25533A0025DF
:105A3000332E32668100252D31342E3134533A0A0B
:105A400025530A252D31342E3134533A25332E3245
:105A500066810A252D31342E3134533A25332E32C6
:105A6000668100202030002020310046494E44410C
:105A70000050494E44410057697A61726420656E56
:105A8000642073746174653A2025640A0053706F52
:105A90006F6C4A6F696E004669726D77617265005E
:105AA000726573756C742076616C75653A20256437
:105AB0000A0020693D25326420636E743D253264FE
:105AC0002076616C3D2532640A00636C75737465E1
:105AD00072733A0020693D25326420737465703D0D
:105AE0002532640A00736F727465642073616D708F
:105AF0006C65733A005553415254322072782046F7
:105B0000756C6C212121003A2000252D31322E3177
:105B10003253252D642F36002533642F252D336411
:105B200000203A200025335300252D3773004E64A2
:105B30002025342E32662000252D31352E31355367
:105B4000252D35640A252D31352E313553252D353A
:105B5000640A0025530A20252D31362E313653256F
:105B60002D33640A20252D31362E313653252D3321
:105B7000640025530A20252D31362E313653252D2C
:105B800033640A20252D31362E313653252D3364CA
:105B90000A20252D31362E313653252D336400252C
:105BA000530A20252D31362E313653252D33640AE4
:105BB00020252D31362E313653252D33640A2025EC
:105BC0002D372E37535820252D336420205920257A
:105BD0002D33640020257325336481200A000A20B8
:105BE0004952203A2020202020202025332E3166C3
:105BF0005600205057523A20202020202025342EB5
:105C00003166560A204245443A2020202020202593
:105C1000342E3166560025530A20582025640A2068
:105C2000592025640025752E25752E25752E257580
:105C30000020002000466C61736841697220495061
:105C400020416464723A004D4D55202020202020D0
:105C500020204E2F410025642E25642E256400202F
:105C600046573A0046696C2E2073656E736F72203A
:105C7000762E3A00323032362D30342D3234004513
:105C800033445245564F5F48465F363057004549CA
:105C90004E53795F31306100315F37356D6D5F4D47
:105CA0004B33530020486173683A313635353266DC
:105CB00037626400205265706F3A556E6B6E6F7775
:105CC0006E0020332E31342E312D383235300046DF
:105CD00069726D776172653A00464C4558202D20F7
:105CE000203234302F353000464C4558202D2020AE
:105CF0003234300050502020202D20203235342FD7
:105D00003130300050502020202D202032353400FA
:105D100048495053202D20203232302F313030006E
:105D200048495053202D2020323230004142532028
:105D3000202D20203235352F313030004142532084
:105D4000202D20203235350050412020202D2020CC
:105D50003237352F39300050412020202D2020327D
:105D600037350050564220202D20203231352F3734
:105D7000350050564220202D20203231350050432E
:105D80002020202D20203237352F31313000504354
:105D90002020202D20203237350041534120202D56
:105DA00020203236302F3130350041534120202D14
:105DB00020203236300050455420202D2020323310
:105DC000302F38350050455420202D2020323330DC
:105DD00000504C4120202D20203231352F3630000C
:105DE000504C4120202D2020323135006E6F7A7AC0
:105DF0006C65202D20203235302F30006661726DA9
:105E00002020202D20203235302F383000252D3114
:105E1000322E313253252B382E316600457874727C
:105E2000756465723A0025632531372E32666D6DD3
:105E300000583A00593A005A3A002563252D31336B
:105E40002E313353252B352E336600253375005004
:105E5000494E44412063616C6962726174696F6E7E
:105E6000206661696C65642E20436F6E74696E757F
:105E7000652077697468207072657373696E672036
:105E8000746865206B6E6F622E0050494E4441204D
:105E900063616C6962726174696F6E20646F6E65B4
:105EA0002E20436F6E74696E756520776974682063
:105EB0007072657373696E6720746865206B6E6FAE
:105EC000622E00473830004D3435004D3435205AAD
:105ED00000473736004D3730312050300057697A4F
:105EE0006172642073746174653A2025640A004607
:105EF000656564696E6720746F204653656E736FC5
:105F000072004D6F76696E672073656C6563746FA0
:105F10007200486F6D696E670052657472616374D8
:105F20002066726F6D2046494E444100456A6563A4
:105F300074696E672066696C616D656E740050618E
:105F4000726B696E672073656C6563746F72005263
:105F5000657475726E696E672073656C6563746FC6
:105F60007200506572666F726D696E67206375743A
:105F70000050757368696E672066696C616D656E47
:105F80007400507265706172696E6720626C616442
:105F9000650053656C656374696E672066696C2E75
:105FA00020736C6F7400556E6C6F6164696E67204E
:105FB00066696C616D656E740045525220544D43A4
:105FC000206661696C6564004552522048656C70BA
:105FD0002066696C616D656E740045525220496E91
:105FE0007465726E616C004552522057616974206D
:105FF000666F7220557365720046696E69736869D1
:106000006E67206D6F76656D656E74730041766F97
:106010006964696E67206772696E640046656564CD
:10602000696E6720746F206E6F7A7A6C65004665C2
:106030006564696E6720746F206578747275646535
:10604000720046656564696E6720746F2046494E2C
:10605000444100556E6C6F6164696E6720746F20F7
:1060600070756C6C657900556E6C6F6164696E67F4
:1060700020746F2046494E444100446973656E6741
:106080006167696E672069646C657200456E67615F
:1060900067696E672069646C6572004F4B00554EEE
:1060A0004B4E4F574E204552524F520046494C419D
:1060B0004D454E54204348414E47450046494C41CA
:1060C0004D454E5420454A454354454400554E4C99
:1060D0004F4144204D414E55414C4C5900465720AC
:1060E00052554E54494D45204552524F52004D4D48
:1060F0005520465720555044415445204E4545446F
:1061000045440051554555452046554C4C00494E97
:1061100056414C494420544F4F4C0046494C2E2088
:10612000414C5245414459204C4F41444544004361
:106130004F4D4D554E49434154494F4E20455252C3
:106140004F52004D4D55204E4F5420524553504F05
:106150004E44494E47004D4D55204D435520455224
:10616000524F52004D4D552053454C4654455354C3
:10617000204641494C454400544D43204452495621
:1061800045522053484F5254454400544D432055E6
:106190004E444552564F4C544147452045525200BB
:1061A000544D43204452495645522052455345547C
:1061B00000544D4320445249564552204552524FB7
:1061C0005200544D43204F564552484541542045B6
:1061D00052524F52005741524E494E4720544D4360
:1061E00020544F4F20484F540049444C45522043BF
:1061F000414E4E4F54204D4F56450049444C455258
:106200002043414E4E4F5420484F4D450053454C7E
:106210004543544F522043414E4E4F54204D4F560C
:10622000450053454C4543544F522043414E4E4F39
:106230005420484F4D45004C4F414420544F204579
:106240005854522E204641494C454400494E535023
:106250004543542046494E4441004653454E534F12
:106260005220544F4F204541524C590050554C4CF0
:1062700045592043414E4E4F54204D4F5645004600
:1062800053454E534F522046494C2E2053545543AC
:106290004B004653454E534F52204449444E5420E0
:1062A00054524947472E0046494E44412046494CE6
:1062B000414D2E20535455434B0046494E444120F6
:1062C0004449444E542054524947474552004E6F6A
:1062D00000596573004375742066696C616D656E65
:1062E0007400456A6563742066726F6D204D4D556C
:1062F000004C6F6164696E672066696C616D656EE4
:1063000074004D4D552052657472793A2052657370
:10631000746F72696E672074656D706572617475F3
:1063200072652E2E2E00536F7274696E6720666937
:106330006C657300536F6D652066696C65732077BB
:10634000696C6C206E6F7420626520736F72746567
:10635000642E204D61782E204E6F2E206F662066B1
:10636000696C657320696E203120666F6C6465729C
:1063700020666F7220736F7274696E672069732074
:106380003130302E00756E6B6E6F776E20737461D6
:1063900074650020302E34206F72206E6577657230
:1063A0000020302E33206F72206F6C646572004FB6
:1063B0006666004F6E0078797A63616C5F7370690E
:1063C00072616C322063783D25642063793D2564D9
:1063D000207A303D256420647A3D25642072616412
:1063E0006975733D25642061643D25640A000A00D7
:1063F000436F756E74646F776E3A202564200025B4
:10640000640A005363616E20636F756E74646F7706
:106410006E3A20005061747465726E2063656E740C
:106420006572205B25662025665D2C206D61746396
:106430006820256625250A00205B25662C20256618
:106440005D5B25665D2066696E616C2063697263C1
:106450006C650A00746D63323133305F676F746F3F
:106460005F737465702025642025642025642025D1
:1064700064200A005072757361204D4B33532B52C8
:1064800048463630204F4B2E004D363030005344B6
:106490002063617264206F6B006F70656E526F6F66
:1064A00074206661696C656400766F6C756D652E2D
:1064B000696E6974206661696C6564005344206983
:1064C0006E6974206661696C006F70656E2066612C
:1064D000696C65642C2046696C653A200043616EE6
:1064E0006E6F7420656E7465722073756264697274
:1064F0003A20004D3234004D323320257300E02D18
:10650000903E8988B24111369C3E7777C14129CBB4
:10651000B03EEFEEDA41BA49CC3EEFEEFC4161C34A
:10652000F33EEFEE16429CA2133FCDCC36428AB02A
:10653000113FABAA56428863DD3DABAA5642B8AFC5
:10654000433F555572421826533F33B38242302A97
:10655000593FEF6E8642000070C10000C842000043
:10656000C4C10000A0410000E0C0000020410000C4
:1065700060C00000C0400000A0412222F2400000A4
:10658000A0C19A99A14000000CC255550542526520
:106590007365745265747279417474656D70747347
:1065A00000436F6F6C696E672074696D657220734C
:1065B000746F707065640048656174657220636F04
:1065C0006F6C646F776E00436F6F6C696E672054F9
:1065D000696D656F757420737461727465640053BE
:1065E0006176696E6720616E64207061726B696E9E
:1065F000670048656174657220636F6F6C646F77C4
:106600006E2070656E64696E6700526573756D69A2
:106610006E672058595A004D4D5532746F6F6C3D5E
:10662000004D4D55323A00473120582564205925F8
:106630002D2E32662045252D2E3366005772697443
:10664000696E6720746F2066696C653A2000466940
:106650006C6520616C7265616479206F70656E6530
:1066600064009B608C607A606760536042602E605B
:106670001C600D60F95F7A608C60E75FDA5FC85F6D
:10668000B95FA65FF162925F825F715F625F4F5F89
:106690003E5F2C5F195F125F025FEF5E4D36303058
:1066A000204155544F0046494E44412066696C6173
:1066B0006D656E742072756E6F75742100436F6D19
:1066C0006D756E69636174696F6E2074696D656F55
:1066D00075740050726F746F636F6C204572726FC7
:1066E000720003000356657273696F6E206D6973E3
:1066F0006D6174636800436F6D6D616E64204572F7
:10670000726F7200436F6D6D616E642072656A65B1
:1067100063746564004D4D5520427574746F6E202E
:10672000707573686564005265747279427574742B
:106730006F6E5072657373656400BA62A76292628D
:106740007F626C625A624C62376222620D62FB6148
:10675000E961D561D561D561C261C261C261B161D2
:10676000B161B161A061A061A0618B618B618B613E
:1067700078617861786164616461646156614361E4
:106780002F611B610E610361EE60DD60CD60BC6056
:10679000AC609E60427574746F6E00436865636B95
:1067A00055736572496E7075742D62746E4C4D52DE
:1067B000200046493A202046533A202020203E20FF
:1067C00020822020208100486F74656E64207465EB
:1067D0006D7065726174757265207265616368655C
:1067E0006400526573756D696E672054656D700045
:1067F000436F6F6C646F776E20666C616720636CAB
:1068000065617265640020573A0020453A00543AA9
:10681000004E6F2030784646207265636569766564
:10682000640053656E64696E6720307846460046A2
:10683000696C652073656C656374656400205369D9
:106840007A653A200046696C65206F70656E6564F4
:106850003A20004E6F772066726573682066696C17
:10686000653A20004E6F7720646F696E6720666915
:106870006C653A20002220706F73002220706172D4
:10688000656E743A2200535542524F5554494E4555
:106890002043414C4C207461726765743A22007445
:1068A0007279696E6720746F2063616C6C207375F8
:1068B000622D67636F64652066696C657320776914
:1068C000746820746F6F206D616E79206C657665D9
:1068D0006C732E002022257322002025236C780063
:1068E0004449525F45584954004449525F454E540B
:1068F00045523A20257320222573220A00617574BF
:106900006F25692E6700041A44656372656D656EB4
:10691000745265747279417474656D707473000893
:106920001B1C0B14525354436F6D6D54696D656F8E
:106930007574002C206C6173742062797465733AED
:10694000200022206661696C65643A2042756666A3
:1069500065722066756C6C21004572726F723A0028
:106960002200456E717565696E6720746F207468CA
:10697000652066726F6E743A2022004D4D55323A92
:10698000006563686F3A003E53302A63362E004D2F
:106990004D552069732000556E6578706563746588
:1069A00064206572726F72206F63637572726564C2
:1069B0002E004D3630302046696C616D656E742056
:1069C0004368616E67652E204C6F61642061206EA4
:1069D00065772066696C616D656E74206F722065E5
:1069E0006A65637420746865206F6C64206F6E65DF
:1069F0002E0052656D6F76652074686520656A6546
:106A0000637465642066696C616D656E742066727E
:106A10006F6D207468652066726F6E74206F6620DB
:106A2000746865204D4D552E0046696C616D656E2C
:106A30007420646574656374656420756E65787030
:106A400065637465646C792E20456E73757265207C
:106A50006E6F2066696C616D656E74206973206C61
:106A60006F616465642E20436865636B207468659C
:106A70002073656E736F727320616E642077697224
:106A8000696E672E00496E7465726E616C20727556
:106A90006E74696D65206572726F722E2054727902
:106AA00020726573657474696E6720746865204D23
:106AB0004D55206F72207570646174696E67207423
:106AC0006865206669726D776172652E004D4D555F
:106AD0002046572076657273696F6E20697320694E
:106AE0006E636F6D70617469626C6520776974683C
:106AF000207072696E7465722046572E55706461FD
:106B0000746520746F2076657273696F6E20332E02
:106B1000302E332E004D4D55204669726D776172CF
:106B20006520696E7465726E616C206572726F7239
:106B30002C20706C656173652072657365742074B8
:106B40006865204D4D552E005265717565737465ED
:106B5000642066696C616D656E7420746F6F6C2063
:106B60006973206E6F7420617661696C61626C6517
:106B7000206F6E2074686973206861726477617237
:106B8000652E20436865636B2074686520472D631C
:106B90006F646520666F7220746F6F6C20696E641D
:106BA0006578206F7574206F662072616E6765204E
:106BB0002854302D5434292E0043616E6E6F74209A
:106BC000706572666F726D207468652061637469A8
:106BD0006F6E2C2066696C616D656E742069732020
:106BE000616C7265616479206C6F616465642E20EC
:106BF000556E6C6F61642069742066697273742EBF
:106C0000004D4D55206E6F7420726573706F6E6409
:106C1000696E6720636F72726563746C792E2043AE
:106C20006865636B2074686520776972696E672098
:106C3000616E6420636F6E6E6563746F72732E0095
:106C40004D4D55206E6F7420726573706F6E646960
:106C50006E672E20436865636B20746865207769D2
:106C600072696E6720616E6420636F6E6E65637417
:106C70006F72732E004D6F72652064657461696C6C
:106C800073206F6E6C696E652E00546865204964D0
:106C90006C65722063616E6E6F7420686F6D652025
:106CA00070726F7065726C792E20436865636B201B
:106CB000666F7220616E797468696E6720626C6FAE
:106CC000636B696E6720697473206D6F76656D659F
:106CD0006E742E0043616E2774206D6F76652053AD
:106CE000656C6563746F72206F722049646C6572A5
:106CF0002E005468652053656C6563746F72206361
:106D0000616E6E6F7420686F6D652070726F706554
:106D1000726C792E20436865636B20666F72206108
:106D20006E797468696E6720626C6F636B696E67F9
:106D300020697473206D6F76656D656E742E004CDE
:106D40006F6164696E6720746F2065787472756412
:106D50006572206661696C65642E20496E7370658A
:106D60006374207468652066696C616D656E74205B
:106D70007469702073686170652E20526566696E53
:106D800065207468652073656E736F722063616C33
:106D90006962726174696F6E2C206966206E656528
:106DA0006465642E0053656C6563746F7220636163
:106DB0006E2774206D6F76652064756520746F2072
:106DC00046494E444120646574656374696E67206A
:106DD000612066696C616D656E742E204D616B6516
:106DE0002073757265206E6F2066696C616D656ECB
:106DF0007420697320696E2053656C6563746F72CB
:106E000020616E642046494E444120776F726B7357
:106E10002070726F7065726C792E0046696C616DBE
:106E2000656E742073656E736F7220747269676724
:106E30006572656420746F6F206561726C7920776C
:106E400068696C65206C6F6164696E6720746F207F
:106E500065787472756465722E20436865636B2073
:106E600074686572652069736E277420616E797429
:106E700068696E6720737475636B20696E20505467
:106E8000464520747562652E20436865636B2074E7
:106E90006861742073656E736F72207265616473CC
:106EA0002070726F7065726C792E0050756C6C6515
:106EB00079206D6F746F72207374616C6C65642ED1
:106EC00020456E73757265207468652070756C6CF2
:106ED00065792063616E206D6F766520616E642038
:106EE000636865636B2074686520776972696E6793
:106EF0002E0046696C616D656E742073656E736FEC
:106F000072206469646E27742073776974636820E3
:106F10006F6666207768696C6520756E6C6F61645A
:106F2000696E672066696C616D656E742E20456EB2
:106F3000737572652066696C616D656E742063613E
:106F40006E206D6F766520616E64207468652073B5
:106F5000656E736F7220776F726B732E0046696C6B
:106F6000616D656E742073656E736F722064696401
:106F70006E27742074726967676572207768696C20
:106F800065206C6F6164696E67207468652066694E
:106F90006C616D656E742E20456E7375726520741C
:106FA00068652073656E736F722069732063616C0E
:106FB0006962726174656420616E64207468652022
:106FC00066696C616D656E74207265616368656485
:106FD0002069742E0046494E4441206469646E273E
:106FE0007420737769746368206F666620776869B8
:106FF0006C6520756E6C6F6164696E672066696C84
:10700000616D656E742E2054727920756E6C6F619F
:1070100064696E67206D616E75616C6C792E2045B8
:107020006E737572652066696C616D656E74206340
:10703000616E206D6F766520616E642046494E4416
:107040004120776F726B732E0046494E4441206495
:1070500069646E2774207472696767657220776847
:10706000696C65206C6F6164696E67207468652067
:1070700066696C616D656E742E20456E7375726500
:10708000207468652066696C616D656E742063614B
:107090006E206D6F766520616E642046494E4441D6
:1070A00020776F726B732E0044697361626C6500A8
:1070B00053746F70004C6F616400556E6C6F616447
:1070C0000052657365744D4D5500526574727900B8
:1070D000426564206C6576656C696E6720666169DF
:1070E0006C65642E2053656E736F72206469646EE4
:1070F000277420747269676765722E204465627216
:107100006973206F6E206E6F7A7A6C653F205761CD
:107110006974696E6720666F722072657365742E7C
:107120000053656E736974697669747900446F6E93
:1071300065005265636F766572696E67207072696B
:107140006E7400252E3130532000253464004578BC
:1071500072656D65207370616E206F66207468655E
:10716000205A2076616C756573210025642F3900E3
:10717000312F3900880020746F6F206C6F6E67208C
:10718000657874727573696F6E2070726576656E5E
:107190007465640020636F6C642065787472757325
:1071A000696F6E2070726576656E746564004D6FF0
:1071B00076652061626F7274656400504F57455266
:1071C0002050414E494320444554454354454400D2
:1071D00055564C4F202D20656E642025640A0055BD
:1071E000564C4F5F54494E59202D20656E64202522
:1071F000640A00776F726C6420636F6F7264696EEB
:10720000617465733A2028252E33662C20252E3391
:10721000662C20252E3366290A004D323230205349
:10722000256400446F6E652072656164696E672035
:10723000454550524F4D0A0054656D70657261743A
:1072400075726520526573746F7265640A00473108
:107250002045252D2E3366204632373030004D4DE7
:1072600055323A002533640018010419020A4970A6
:10727000D56F5D6FF26EAB6E1B6EA56D3F6DF26CE0
:10728000D46C8A6CD46C756C756C756C756C756C23
:10729000756C756C756C756C756C756C756C756CE6
:1072A000756C756C756C756C756C756C756C756CD6
:1072B000756C406C016CB96B486B156BCD6A856A57
:1072C000296AF269B26997690101010101010102AC
:1072D0007101710132323203030303030303030319
:1072E0000303030303030303030393932438039368
:1072F0000301025603650066006700680069006AC2
:10730000006B006C00730074007D007E00C900D328
:1073100000DD00CA00D400DE002D01370141012E3E
:1073200001380142012F013901430130013A014482
:107330000131013B014501320191019201F501F654
:1073400001F701F801F901FA01FB01FC018403CA0C
:10735000702D71C170BA70B570754A932AB070A85B
:1073600070252E3230530A70727573612E696F2F3B
:1073700030342568750020557067726164696E67E6
:107380002078666C6173680A20446F206E6F7420E9
:10739000646973636F6E6E6563742100773235784C
:1073A0003230636C5F63666D0A0077323578323055
:1073B000636C5F656E7465720A0073746172740A3F
:1073C000007265636F7665725F6D616368696E6593
:1073D0005F73746174655F61667465725F706F7707
:1073E00065725F70616E69632C20696E6974696192
:1073F0006C200050525553412075766C6F00473415
:10740000205330004D313130204E256C75004D3207
:10741000362053256C75004D3130362053257500CC
:10742000473120462564004D383200473932204527
:10743000252D2E3366004D3230342050252D2E312F
:10744000662052252D2E31662054252D2E316600C2
:107450004731205A252D2E33660050525553412076
:107460004D424C2056310047312058252D2E336691
:107470002059252D2E3366204633303030002C2005
:10748000666565646D756C7469706C793A00466503
:107490006564726174653A00473120453520463194
:1074A0003230004D31303920532564004D313430B5
:1074B00020532564004D3130342053256400473279
:1074C0003820582059004731205A252E336620464F
:1074D000383030007B5B4552523A00332E31342E27
:1074E00031005D5B4657523A005D5B54494D3A00AE
:1074F0005D5B464E4D3A005D5B46454D3A005D5B37
:107500005043443A005B5446553A005B50524E3A61
:10751000005B50464E3A305D005B4449413A005DA5
:107520005B4154423A005D5B4154303A005D5B532D
:1075300054423A005B5354303A007B5B50524E3A0F
:10754000355D007B5B50524E3A305D007B5B5052A4
:107550004E3A395D007B5B50524E3A385D007B5BA2
:107560005245533A305D5B46494C3A007B5B52458D
:10757000533A315D5B46494C3A00000021104220ED
:1075800063308440A550C660E770088129914AA104
:107590006BB18CC1ADD1CEE1EFF13112100273327B
:1075A0005222B5529442F772D662399318837BB354
:1075B0005AA3BDD39CC3FFF3DEE36224433420040B
:1075C0000114E664C774A44485546AA54BB52885A4
:1075D0000995EEE5CFF5ACC58DD55336722611165B
:1075E0003006D776F6669556B4465BB77AA71997F4
:1075F0003887DFF7FEE79DD7BCC7C448E5588668E3
:10760000A7784008611802282338CCC9EDD98EE943
:10761000AFF9488969990AA92BB9F55AD44AB77ABA
:10762000966A711A500A333A122AFDDBDCCBBFFB93
:107630009EEB799B588B3BBB1AABA66C877CE44CCA
:10764000C55C222C033C600C411CAEED8FFDECCDE3
:10765000CDDD2AAD0BBD688D499D977EB66ED55E9A
:10766000F44E133E322E511E700E9FFFBEEFDDDF33
:10767000FCCF1BBF3AAF599F788F8891A981CAB1BF
:10768000EBA10CD12DC14EF16FE18010A100C230F1
:10769000E3200450254046706760B9839893FBA3AC
:1076A000DAB33DC31CD37FE35EF3B1029012F32241
:1076B000D2323542145277625672EAB5CBA5A895FC
:1076C00089856EF54FE52CD50DC5E234C324A01491
:1076D00081046674476424540544DBA7FAB799878C
:1076E000B8975FE77EF71DC73CD7D326F2369106E1
:1076F000B01657667676154634564CD96DC90EF9D4
:107700002FE9C899E9898AB9ABA944586548067830
:107710002768C018E1088238A3287DCB5CDB3FEBEB
:107720001EFBF98BD89BBBAB9ABB754A545A376A80
:10773000167AF10AD01AB32A923A2EFD0FED6CDDBB
:107740004DCDAABD8BADE89DC98D267C076C645CD0
:10775000454CA23C832CE01CC10C1FEF3EFF5DCFCB
:107760007CDF9BAFBABFD98FF89F176E367E554E20
:10777000745E932EB23ED10EF01E7C3C3E3F2F2A0B
:10778000225C00006302A64911241FBECFEFD1E2A4
:10779000DEBFCDBF00E00CBF13E0A0E0B2E0ECED37
:1077A000F4E803E00BBF02C007900D92AC32B107C2
:1077B000D9F728E1ACE2B3E001C01D92A232B207D2
:1077C000E1F71BE3C3ECDBE300E006C0219701090E
:1077D000802FFE010F94B2BCC23CD10780E00807A5
:1077E000A9F70E9445DE0D945CC20C949C4C2F922C
:1077F0003F924F925F926F927F928F929F92AF9241
:10780000BF92CF92DF92EF92FF920F931F93CF938D
:10781000DF93CDB7DEB72F970FB6F894DEBF0FBE5C
:10782000CDBF6C011B015A01FC01178216828381B6
:107830009E012F5F3F4F490181FDD2C08FEF9FEF27
:10784000EEC2F12C512C00E0003238F48B3209F1F9
:1078500090F48032F9F0833209F107FD34C020ED55
:10786000280F2A3020F506FF1BC0FAE0FF9E200DEE
:107870001124F22E05C08D3279F0803371F701604A
:10788000F10193FD859193FF81911F018111DCCF5F
:107890001AC002600460F4CF0860F2CF0061F0CF3C
:1078A0003AE0539E200D1124522E0062E9CF8E3211
:1078B00021F406FDB1C20064E3CF8C3611F40068F8
:1078C000DFCF8836E9F29BEB980F933008F05FC06A
:1078D0000061805E06FD02C046E0F42E102F1F738B
:1078E000853609F05BC0106417FF61C08F2D9BE3E4
:1078F0009F1508F48BE344244394480E27E0350198
:10790000F4E06F0E711CF5016081718182819381B9
:10791000042DA4010F945BB85C01F981FC87F0FF92
:1079200003C00DE2F3FF07C00BE211FD04C0012FFD
:10793000047012FD00E22C852C70E22E09F46BC05D
:107940000111D8C2F3E0E12CF515A0F483E0E52C99
:10795000E81A13FD08C0B60180E290E00F940ABA5D
:10796000EA94E110F8CF002329F0B601802F90E0CF
:107970000F940ABA3C8526EFA22E25E0B22E33FDE5
:1079800004C09AEFA92E95E0B92E107122C09BE990
:10799000980F933008F047C10F7E9CCF863611F4C4
:1079A0001068A2CFFF2009F49FCFFA949DCFE7E0A3
:1079B0002F2DEF1518F427E037E0F32E412C9FCF41
:1079C00011118052B60190E00F940ABA8FEFA81AF5
:1079D000B80AF50184918111F3CFE11084C25301FB
:1079E000F6019381F10193FD859193FF81911F0130
:1079F000882309F411C2853241F493FD859193FFE8
:107A000081911F01853209F01CCFB60190E00F94DF
:107A10000ABA3501E4CF17FF6FC04A0CFC85F4FFAA
:107A200004C08A81813309F44A9414140CF086C08E
:107A300028E0241510F488E0482E85E090E017FF38
:107A400006C0C501B7FE02C090E080E001960111BA
:107A50000196FF2031F02F2D30E02F5F3F4F820F36
:107A6000931F5816190619F014F0E52CE81A812F07
:107A7000897011F4E11067C0002329F0B601802F4E
:107A800090E00F940ABA13FD02C0E11063C017FF23
:107A90007CC08501B7FE02C010E000E0C50184197A
:107AA00091092C016F2D70E0EE27FF27E61BF70BE5
:107AB000FF87EE870F3F100729F4B6018EE290E0B2
:107AC0000F940ABAA016B1060CF44BC0401651062A
:107AD0000CF047C0F501E01BF10BE80DF91D8181A9
:107AE000015011092E853F8502171307E4F1B601F5
:107AF00090E00F940ABADECF16FD9FCFEF2DF0E095
:107B0000EA15FB0534F03CEFA3163FEFB3060CF08B
:107B100010683296E80DF91D01C0FA94FF2019F0A3
:107B200082918033D1F317FF88CF442443944F0CC4
:107B3000FA141B0431F02CF0FA187FCF442443943C
:107B40007CCFF12C7ACFB60180E290E00F940ABA94
:107B5000EA9490CFB60180E390E00F940ABAEA94D9
:107B600094CF80E3BDCFA016B10641F49A8196333D
:107B700050F4953319F43C8534FF05C0B60190E00C
:107B80000F940ABA2ACF81E3F9CF8A81813319F0A1
:107B90009C859F7E9C87B60190E00F940ABAFF20D7
:107BA000A9F0B6018EE290E00F940ABAF394F39430
:107BB000E2E001E00E0FE80DF92DF11D8081B60124
:107BC00090E00F940ABAE02F0F11F3CF85E690E012
:107BD00014FF02C085E490E0B6010F940ABAB7FC26
:107BE00006C0A114B104C1F4EC85E4FF15C0B19442
:107BF000A194B1088DE2B60190E00F940ABA80E337
:107C00002AE0A216B10454F4B60190E00F940ABA27
:107C1000B601C501C096B4CF8BE2EDCF8F5FFAE01D
:107C2000AF1AB108EDCF8336C9F0833771F18335D0
:107C300009F05BC03501F2E06F0E711CF501A08008
:107C4000B1806F2D70E006FD02C06FEF7FEFC501C0
:107C50000F949EB99D878C8700680DC0350132E076
:107C6000630E711CF5018081898321E030E03D873E
:107C70002C8754010F7703FD06C02C853D855216D5
:107C8000130609F0A8F4E52C2BC0350132E0630E91
:107C9000711CF501A080B1806F2D70E006FD02C05F
:107CA0006FEF7FEFC5010F94C3B99D878C87E2CF3B
:107CB000B60180E290E00F940ABA5A94DECFF50143
:107CC00007FD859107FF81915F01B60190E00F9458
:107CD0000ABAE110EA948C859D8501979D878C876F
:107CE000EC85FD85EF2B59F778CE843619F089366F
:107CF00009F074C0350107FF66C0F4E06F0E711C17
:107D0000F5016081718182819381102F1F7697FF29
:107D100008C090958095709561957F4F8F4F9F4FCC
:107D200010682AE030E0A4010F9431BBA82EA818F7
:107D3000BA2C012F16FF0AC00E7FAF1438F414FFBF
:107D400004C012FD02C0012F0E7EBF2C04FFA3C091
:107D5000FE01EA0DF11D8081803309F095C0097E96
:107D6000F02FF870EF2E03FDA5C000FF9FC0FA2C86
:107D7000B51410F4F50CFB1804FFA2C0B60180E3A3
:107D800090E00F940ABA02FF09C088E790E001FF73
:107D900002C088E590E0B6010F940ABAAF1408F467
:107DA0009BC0AA940A2D10E00F5F1F4F080D191DEC
:107DB000F80182918F01B60190E00F940ABA801603
:107DC0009106B1F70ACEF2E06F0E711CF5016081E9
:107DD0007181072E000C880B990B97CF102F8537D8
:107DE000A9F41F7E2AE030E0350117FF44C0F4E01B
:107DF0006F0E711CF5016081718182819381A401F4
:107E00000F9431BBA82EA8181F7792CF197F8F36F9
:107E100079F1F0F4883539F1F601868197812F9652
:107E20000FB6F894DEBF0FBECDBFDF91CF911F918B
:107E30000F91FF90EF90DF90CF90BF90AF909F9009
:107E40008F907F906F905F904F903F902F9008950C
:107E5000803739F0883701F714FD146020E130E0F5
:107E6000C3CF1061F9CF04FD166020E132E0BCCF32
:107E700028E030E0B9CFF2E06F0E711CF5016081AF
:107E8000718190E080E0BBCF02FD02C0B39468CF67
:107E9000B394B39465CF802F867809F461CFF6CF81
:107EA000B60180E290E00F940ABAB394B514C0F31F
:107EB000E12C62CFE52CEB18B51408F45DCFF8CFB8
:107EC000802F867809F46ACF8BE201FF80E207FDFC
:107ED0008DE2B60190E060CFB60180E390E00F94B0
:107EE0000ABAFA945BCFB60180E290E00F940ABA26
:107EF000EA9473CD24E0E12C251508F036CD84E01A
:107F000026CD20E030E040E85FEB6091AC0270915C
:107F1000AD028091AE029091AF020F94BFBD882355
:107F200021F1E0917612F0917712E757FF4E8081B0
:107F30008B7F8230D1F480E1ECEAF2E0A8E4B7E094
:107F400001900D928A95E1F780E090E0A0E8BFEB08
:107F50008093AC029093AD02A093AE02B093AF02B7
:107F60008091111890911218089581E090E0089581
:107F7000CF92DF92EF92FF920F931F93CF93DF93F5
:107F800090E0EC01CC0FDD1FCC0FDD1FFE01ED5F9B
:107F9000FA4E2591359145915491FE01E553F94FE3
:107FA000C080D180E280F3808E01085B184FC7014A
:107FB000B6010F94CABCF8016083718382839383F6
:107FC000FE01E950FB4E25913591459154918E016A
:107FD0000F5D1D4FC701B6010F94CABCF801608345
:107FE000718382839383FE01E551FB4E2591359188
:107FF00045915491CB5EDD4FC701B6010F94CABCC9
:10800000688379838A839B83DF91CF911F910F913E
:10801000FF90EF90DF90CF90089580E1E7E5F5E0E5
:10802000A8E4B7E001900D928A95E1F70895E1E3A5
:10803000F0E1833021F0E82FF0E0E25DFF4E849123
:108040000895409187105091881090E080E041158C
:108050005105B1F1209176123091771290E080E0D5
:10806000F901E757FF4EA081A23021F461817281AE
:10807000860F971F4150510919F1F901E457FF4E3E
:10808000A1919F0129583041A111FACFF901E75779
:10809000FF4E2D3EA1E03A0730F4A191A111E0CFAF
:1080A0002F5F3F4FF6CF2D3EE1E03E07C9F6E9E8EE
:1080B000F0E19F0129583041A191AA23D1F3D0CFFB
:1080C0000895982F9F7083FF0DC080917B0088607A
:1080D00080937B0080917C00887F9770892B8093B0
:1080E0007C00089580917B00877FF2CF80911318E8
:1080F000909114184AE050E070E060E001960F940F
:108100002DB7862F089580911318909114184AE086
:1081100050E070E060E001960F942DB7CB01089518
:1081200080911318909114184AE050E070E060E0DC
:1081300001960D942DB78091A0049091A104909385
:108140009F0480939E0484E696E29F938F93809190
:108150007F0390918003A0918103B09182030196E7
:10816000A11DB11DBF93AF939F938F9381E398E0BF
:108170009F938F9388E398E09F938F930F9464BAB3
:108180008DB79EB70A960FB6F8949EBF0FBE8DBFEF
:1081900008950F931F93CF93DF93EC01C60FD71F62
:1081A0008C179D0779F08C010F5F1F4F0F94A2BBB6
:1081B0008F3F31F081E0DF91CF911F910F910895B2
:1081C000C801EECF80E0F7CF682F880F770B809142
:1081D00076129091771284579F4E0F94F9C19C01AB
:1081E000909314188093131881E0232B09F480E0F6
:1081F00008950F931F93CF93DF938C01862FEA018D
:108200000E94E440882319F10E9483409C0197FF5B
:1082100003C0319521953109253631059CF09F9396
:108220008F9389E599E69F938F9388E695E19F93D5
:108230008F930F9464BA0F900F900F900F900F9040
:108240000F9080E0DF91CF911F910F910895F80179
:1082500080818823B1F3CE01DF91CF911F910F91DF
:108260000D94A2BB60E086E69FE00F94C6BB60E081
:1082700088E69FE00F94C6BB60E085E69FE00F9420
:10828000C6BB60E084E69FE00F94C6BB60E082ED71
:108290009EE00F94C6BB60E08FEC9EE00D94C6BBE1
:1082A0008091C40481FB662760F991E0692760FB37
:1082B00081F98093C4048BE29DE00D94C6BB8036A7
:1082C0009105F8F440917612509177122091841024
:1082D000309185104217530739F4609187107091DF
:1082E0008810161617066CF0B901680F791FFB018C
:1082F000E359FF4F2417350730F481E04E175F072D
:1083000008F480E00895EE3EF140F8F06C5F7F4F96
:108310006E3E714018F449365105B8F483599F4FA9
:108320004817590770F34DEE51E0421B530B70E0B4
:1083300060E0C90187579F4E0F94D4C18FB7F8945E
:1083400010928510109284108FBF81E008952F92B3
:108350003F924F925F926F927F928F929F92AF92D5
:10836000BF92CF92DF92EF92FF920F931F93CF9322
:10837000DF93CDB7DEB7CC58D2400FB6F894DEBF4E
:108380000FBECDBFCB58DD4F688379838A839B8333
:10839000C557D240FE01E754FE4F88E2DF011D922F
:1083A0008A95E9F7E85BF1401F0180E991E0DF0180
:1083B000FC011D923197E9F7C75ADD4F19821882E7
:1083C000C955D2409E012F513E4FC159DD4F3983CF
:1083D0002883CF56D2408E01075A1D4FCE018F5CA5
:1083E0009D4FC359DD4F99838883CD56D2403C01C0
:1083F000490140EBA42E4FE0B42E53E2C52ED12C00
:10840000F12CE12CB6010D2C000C880B990B0F946C
:1084100030B6D4016D937D938D939D934D01F801FA
:10842000619171918F01072E000C880B990B0F94AD
:1084300030B6D3016D937D938D939D933D01BFEF36
:10844000EB1AFB0AE6E0EE16F10409F038C3CB584C
:10845000DD4F288139814A815B81C557D240C1599E
:10846000DD4FA881B981CF56D2406D917D918D911C
:108470009C910F9453BF412C512C320118160CF4CF
:1084800002C3C359DD4F08811981CD56D2400C5E1D
:108490001F4FC159DD4FE880F980CF56D240B4E17B
:1084A000EB0EF11C6E01EFEDCE1AEDEFDE0A9E0130
:1084B0002B553E4FCF58DD4F39832883C157D240CB
:1084C000D8014D905D906D907C90F7016081718135
:1084D00082819381D7015E914E913E912E917D01D3
:1084E0000F94C9BC4B015C01F80152914291329149
:1084F00022918F01C301B2010F94C9BCA50194015F
:108500000F94C9BDD6019E938E937E936E936D0199
:10851000CF58DD4FE881F981C157D240B292A29283
:1085200092928292CF58DD4FF983E883C157D240AF
:10853000C359DD4F28813981CD56D2400217130728
:1085400009F0BECF4E013FE6831A3EEF930A5E016B
:1085500083EFA81A8DEFB80A61018101EE24E3943C
:10856000F12CD4014D905D906D907D904D012D9139
:108570003D914D915C91C301B2010F94CABC9B0126
:10858000AC010F94CABCF80164A775A786A797A78A
:10859000F1E0EF16F10461F0D80198964D925D92EA
:1085A0006D927C929B97F801448255826682778215
:1085B000FFEFEF1AFF0AF5012081318142815381DB
:1085C00084E0A80EB11C64817581868197810F9427
:1085D000C9BC20E030E040EC50E40F946FB6D60107
:1085E000DC966D937D938D939C93DF97045D1F4F75
:1085F000B8E2CB0ED11CE5E0EE16F10409F0B1CFE4
:108600007E01FDE2EF0EF11C28E2A22EB12C00EB60
:108610001FEF24E0220E311CD7012D913D914D9189
:108620005C91139798966D917D918D919C919B97FC
:108630000F94C9BD2B013C016101C01AD10A8824E5
:108640008394912CF601E00FF11FEA0DFB1D2081B0
:10865000318142815381C301B2010F946FB69B01F6
:10866000AC01F60160817181828193810F94C9BC54
:10867000D6016D937D938D939D936D01BFEF8B1A02
:108680009B0AE6E08E169104E9F63CE2E30EF11C4B
:108690000852110988E2A80EB11C08339FEF190790
:1086A00009F0BACF1E01F5EB2F0E311C6E0121EB44
:1086B000C20ED11C7E0137E3E31A3EEFF30A04E059
:1086C00010E04801B12CA12C412C512C3201F601B3
:1086D000EA0DFB1DD701AA0DBB1D2D913D914D91BA
:1086E0005C9160817181828193810F946FB69B014F
:1086F000AC01C301B2010F94CABC2B013C018FEF46
:10870000881A980A94E0A90EB11CA5E08A16910473
:10871000F1F6A3019201F10160817181828193815F
:108720000F94C9BCD6012D913D914D915C910F9450
:10873000C9BDF7016083718382839383015011095E
:10874000F8E22F1A31082CE2C21AD10834E0E31AF9
:10875000F1080115110509F0B4CFCB50DE4F888127
:108760009981AA81BB81C55FD140CF57DD4F8883F6
:108770009983AA83BB83C158D2401E0197E4291A6A
:108780009EEF390A10E000E0C159DD4FA881B981A0
:10879000CF56D240CD90DD90ED90FD90C159DD4F88
:1087A000B983A883CF56D240CB58DD4F2881398179
:1087B0004A815B81C557D240C701B6010F94BFBD46
:1087C0001816B4F0CB58DD4F288139814A815B817E
:1087D000C557D240C159DD4FE881F981CF56D2400B
:1087E00060817181828193810F9453BF87FF18C08C
:1087F0000430110509F030C1CB58DD4F2881398193
:108800004A815B81C557D240CF57DD4F688179815E
:108810008A819B81C158D2400F94BFBD87FF1CC184
:10882000D10114968D909D90AD90BC9017978D912D
:108830009D910D90BC91A02DCF58DD4F88839983D9
:10884000AA83BB83C157D240F801EE0FFF1FEE0F82
:10885000FF1F21E931E02C0F3D1FE20FF31F408085
:10886000518062807380C359DD4FA881B981CD5694
:10887000D2408D919D910D90BC91A02DC358DD4F9C
:1088800088839983AA83BB83CD57D240A7019601E1
:10889000CB58DD4F688179818A819B81C557D24051
:1088A0000F94C9BC6B017C0120E030E040E450E44F
:1088B0000F943AC0CB57DD4F688379838A839B83BB
:1088C000C558D240C358DD4F288139814A815B8128
:1088D000CD57D240C359DD4FE881F981CD56D24002
:1088E00064817581868197810F94C9BCA30192012F
:1088F0000F94C9BDC758DD4F688379838A839B83F2
:10890000C957D240A3019201C301B2010F94CABC5E
:10891000CF58DD4F288139814A815B81C157D240D0
:108920000F946FB6C757DD4F688379838A839B8323
:10893000C958D240A3019201C501B4010F946FB68A
:108940009B01AC01C757DD4F688179818A819B818A
:10895000C958D2400F94CABC20E030E040EC50E44B
:108960000F94C9BD9B01AC01C758DD4F6881798167
:108970008A819B81C957D2400F94C9BCA701960137
:108980000F946FB6C758DD4F688379838A839B83C2
:10899000C957D240CF58DD4F288139814A815B8148
:1089A000C157D240C501B4010F94C9BC4B015C0151
:1089B00020E030E040EC50E4C301B2010F946FB608
:1089C0009B01AC01C501B4010F94C9BDCB57DD4F6C
:1089D000288139814A815B81C558D2400F946FB696
:1089E0004B015C0120E030E040E05FE3CF58DD4F19
:1089F000688179818A819B81C157D2400F946FB67B
:108A00002B013C01A7019601C701B6010F946FB677
:108A10009B01AC01C301B2010F946FB69B01AC0185
:108A2000C501B4010F94CABC9B01AC01C758DD4F0E
:108A3000688179818A819B81C957D2400F94CABCD1
:108A4000C358DD4F288139814A815B81CD57D2409F
:108A50000F94CABC2B013C010F5F1F4FF4E02F0E97
:108A6000311CC359DD4F28813981CD56D2402C5F4E
:108A70003F4FC359DD4F39832883CD56D24005304F
:108A8000110509F081CEC301B201C457DD4F0FB605
:108A9000F894DEBF0FBECDBFDF91CF911F910F9134
:108AA000FF90EF90DF90CF90BF90AF909F908F900E
:108AB0007F906F905F904F903F902F900895C501E9
:108AC0000F94B0BBD8018D939C93B5E0CB0ED11C15
:108AD000E2E0AE0EB11C96CC0F931F93CF93209182
:108AE0009E13213079F58C0180E50E94E4408823B3
:108AF00049F10E947640C82F853020F5013C82E084
:108B0000180749F0023C124069F08C2FCF911F9159
:108B10000F910D94D27C60E08C2FCF911F910F911B
:108B20000D94137D8EEC9EE00F94A2BB882351F030
:108B30000F943265882331F08C2FCF911F910F91C4
:108B40000D948E7DCF911F910F910895CF93C82FD3
:108B50000F945A37F894C0936F060F9442870E947F
:108B60003DDE880F82700F94531A0F94CF3778949C
:108B7000CF91089560FF04C028E5FC012083019691
:108B800061FF04C029E5FC012083019620E2FC017D
:108B90002193CF0168E670E10D9459B98F929F92AD
:108BA000AF92BF92CF92DF92EF92FF920F931F93FB
:108BB000CF93DF9300911318109114180F5F1F4F7C
:108BC00068018FEFC81AD80AD801DC918D2F90E088
:108BD0000F9433B97C01892B01F5DD3201F5680171
:108BE000B2E0CB0ED11CF801D181C1E08601015069
:108BF000110943E050E065E670E1C8010F9469B9DE
:108C0000892BC1F460E070E080E89FEFC111DBC008
:108C100060E070E080E89FE7D6C08601D1CFDB320C
:108C200039F46801F2E0CF0ED11CD8011196DC9125
:108C3000C0E0DCCF43E050E062E670E1C8010F9491
:108C400069B9892B09F4CCC0F60110E000E020E0FE
:108C500030E0A9016F01D053DA3060F5BC2E689482
:108C6000B1F88C2F8870C2FF09C0811102C00F5F5C
:108C70001F4F3196D601DC91CB2DECCF882311F01C
:108C800001501109A5E0B0E00F9437BC9B01AC0185
:108C9000220F331F441F551F2D0F311D411D511D24
:108CA0002839B9E93B074B07B9E15B0710F3C66008
:108CB000BC2EDFCFDE3F31F4C3FD33C0BC2E689441
:108CC000B3F8D7CFD53369F580818D3231F4C061E7
:108CD000BF016E5F7F4F818105C0BF018B32C9F339
:108CE0006F5F7F4F80538A30E0F4FB01B0E8EB16F2
:108CF000BCE0FB065CF4B701660F771F660F771FB9
:108D0000E60EF71EEE0CFF1CE80EF11C819180535D
:108D10008A3060F3C4FF03C0F194E194F1080E0DB2
:108D20001F1DCA01B9010F942EB6C370C33009F4D8
:108D300090584B015C0120E030E0A9010F94BFBDC9
:108D4000882309F43EC0CEE5D0E117FF05C0119598
:108D500001951109C6E4D0E16E01E8E1CE1AD1080F
:108D600080E2E82EF12C0DC0FE0125913591459150
:108D700054910E191F09C501B4010F946FB64B0130
:108D80005C01D501C4010E151F0574F72497F594F5
:108D9000E794CC16DD06A9F78A2F880F8B2F881F42
:108DA0008F3F49F020E030E0A901C501B4010F94E4
:108DB000BFBD811106C082E290E0909317188093A6
:108DC0001618C501B401DF91CF911F910F91FF904B
:108DD000EF90DF90CF90BF90AF909F908F900895CD
:108DE00060E070E080EC9FE7EECF2F923F924F92D1
:108DF0005F926F927F928F929F92AF92BF92CF922B
:108E0000DF92EF92FF920F931F93CF93DF9300D0E7
:108E1000CDB7DEB78EEDC82E82E0D82E87E595E07F
:108E20009B838A8398E4E92E97E0F92E33243394C8
:108E300000E0F60181916F010E94E440282E882312
:108E400009F4A6C01091E50313210E94CE452B0121
:108E50003C01EA81FB81408251826282738203304D
:108E600009F046C0F1E0F983111101C01982809028
:108E7000BC029090BD02A090BE02B090BF0220E064
:108E800030E040E85FE3C501B4010F94BFBD882323
:108E900059F1111115C02091540730915507409197
:108EA000560750915707C301B2010F94C9BC609394
:108EB0006305709364058093650590936605298228
:108EC000A501940160916305709164058091650529
:108ED000909166050F946FB6609363057093640577
:108EE0008093650590936605E981E11103C022C076
:108EF000112399F0F7012081318142815381EA8168
:108F0000FB8160817181828193810F94CABCEA8167
:108F1000FB8160837183828393830F5F330C8A812B
:108F20009B8104969B838A8394E0E90EF11C0430B4
:108F300009F07FCF86E40E94E440882399F00E94E4
:108F4000CE456B017C0120E030E0A9010F9453BFB6
:108F5000181644F4C0929102D0929202E0929302C9
:108F6000F09294020F900F900F90DF91CF911F918C
:108F70000F91FF90EF90DF90CF90BF90AF909F90B8
:108F80008F907F906F905F904F903F902F900895BB
:108F9000F70180819181A281B381EA81FB81808385
:108FA0009183A283B383B9CF2F923F924F925F9266
:108FB0006F927F928F929F92AF92BF92CF92DF92E9
:108FC000EF92FF920F931F93CF93DF93CDB7DEB74E
:108FD00065970FB6F894DEBF0FBECDBF698B7A8B55
:108FE0008B8B9C8B49015A01302ECD8A2D2C81E030
:108FF00080939702DF922D892F931F92EF928AEE32
:1090000097E09F938F930F9464BA81E40E94E440A9
:109010000F900F900F900F900F900F908823A1F05A
:109020008091131890911418FC012181283709F0C0
:1090300069C040E150E070E060E002960F942DB707
:10904000698B7A8B8B8B9C8B83E40E94E440882312
:1090500009F465C00E9490402B013C01C988DA8860
:10906000EB88FC888C149D04AE04BF0410F47501D9
:109070006401D301C2018C0D9D1DAE1DBF1D88165C
:109080009906AA06BB0628F08C159D05AE05BF05FE
:1090900030F4240135014C185D086E087F0888E51E
:1090A0000E94E440882309F491C020911318309164
:1090B00014182F5F3F4FFE01319610E000E04F0182
:1090C000D9018C912F5F3F4F882309F43FC00031B5
:1090D0001105E1F18032A1F38A30C1F190ED980FD2
:1090E0009A3010F58295807F9D012E5F3F4F11963B
:1090F0009C9140ED490F4A30F8F4842B81930F5F27
:109100001F4FDECF0E94CE450F943BBE9B01770FD1
:10911000440B550B298B3A8B4B8B5C8B95CF44249E
:109120004A94542C32019ACF9FE9980F963058F404
:109130008295807F8057D8CF4FE9490F463018F489
:109140009755892BDBCF1195019511092801012E27
:10915000000C66087708DA8AC98AB12CA12C0A1596
:109160001B05F1F0332039F031E0331671F04FEF89
:10917000A41AB40AF4CFF401EA0DFB1D8081E98939
:10918000FA89EA0DFB1D8083F2CFF401EA0DFB1D85
:10919000608189899A898A0D9B1D0F94EABBE7CF6C
:1091A000FF92EF92DF92CF922F925D895F937F9231
:1091B0006F925F924F928EEB97E09F938F930F94F5
:1091C00064BA0FB6F894DEBF0FBECDBF032DA30166
:1091D0009201C701B6010F94BA6265960FB6F89472
:1091E000DEBF0FBECDBFDF91CF911F910F91FF90DA
:1091F000EF90DF90CF90BF90AF909F908F907F9037
:109200006F905F904F903F902F90089560911E183F
:1092100070911F1890E08A3020F0895A9F4F0D946A
:109220000ABAC096FCCF84FF18C08D9A85FF17C07C
:10923000A49A2FB786FF15C0F89490910201906808
:10924000909302012FBF87FF11C0A39A8F9A85E0E8
:109250008A95F1F700008F9808958D98E7CFA4982C
:10926000E8CFF894909102019F77EACFA398EECFD0
:109270000F931F93CF93DF93C82FD62F8A0160FFE0
:1092800015C05D9A8AE18A95F1F700C08C2F0E9483
:109290001349D1FD04C08C2F82950E941349C80147
:1092A000DF91CF911F910F910C9472C35D98EACF1B
:1092B000CF92DF92EF92FF92CF93DF93EC016A019E
:1092C0007B010F94AABB6F3F7F4F8F4F9F4F59F485
:1092D000B701A601CE01DF91CF91FF90EF90DF9013
:1092E000CF900D94F8BBDF91CF91FF90EF90DF907E
:1092F000CF90089580E1E8E4F7E0ACE9B2E00190B6
:109300000D928A95E1F78091390290913A029093FB
:109310007703809376038091730E9091740E9093EF
:10932000B1058093B0058091710E8093B205809154
:10933000E50383FB882780F980930C188091E7036D
:109340008093AF0581E0809358070895CF93DF9312
:1093500084E097E10E94385B82E495E1892B51F02B
:10936000C4E1D6E1A397CE010E94385B85E1C23407
:10937000D807C1F78FE195E10E94385B8AEF94E14D
:10938000DF91CF910C94385BCF93DF93C8E4D7E0A3
:1093900020E030E048EC51E46C857D858E859F852A
:1093A0000F94CABC6C877D878E879F8763E373E3C6
:1093B00083E590E4DF91CF910D940E9760E085EA0C
:1093C0009FE00F94C6BB60E08FE79CE00F94C6BBA4
:1093D00080E090E0A0E8BFEB8093AC029093AD02F8
:1093E000A093AE02B093AF0282E080936A02109223
:1093F0005F0E08958091B0059091B1052091730E94
:109400003091740E2817390771F09093740E809381
:10941000730E81E08093E3030F94A71D0F946E5E9B
:1094200082E08093E303089580915F0E882341F0EA
:109430008091390290913A0290937703809376035A
:1094400008958091A5059091A605009729F1209196
:109450005E0E211121C020915D0E21111DC0FC0165
:10946000E85AFF4F20E1ACEAB2E001900D922A9554
:10947000E1F7FC01E659FF4F208131813093071855
:109480002093061888599F4FFC0180819181909309
:10949000121880931118089580E090E0A0E8BFEBC7
:1094A0008093AC029093AD02A093AE02B093AF0252
:1094B0006091910270919202809193029091940236
:1094C0000F9442BE709307186093061810921218FA
:1094D000109211180895CF92DF92EF92FF9280912F
:1094E00074148823D9F18091870390918803A09107
:1094F0008903B0918A038093081890930918A09368
:109500000A18B0930B180F94D086C0900818D0900A
:109510000918E0900A18F0900B18C81AD90AE10847
:10952000F108C0920818D0920918E0920A18F09237
:109530000B180E942140C81AD90AE108F108C0920C
:109540000818D0920918E0920A18F0920B1810929D
:109550006A02FF90EF90DF90CF90089580911605FA
:109560008823B1F180917F0390918003A0918103C2
:10957000B09182038093081890930918A0930A1859
:10958000B0930B180F94D086409108185091091889
:1095900060910A1870910B18481B510961097109F3
:1095A0008091871090918810092E000CAA0BBB0B9C
:1095B000481B590B6A0B7B0B4093081850930918F2
:1095C00060930A1870930B1881E080936A02C1CFF0
:1095D00082E0FBCFCF92DF92EF92FF92C0900B0719
:1095E000D0900C07E0900D07F0900E0780910A07CD
:1095F000882309F44EC020E030E0A901C701B6017C
:109600000F9453BF18160CF044C02BED3FE049E413
:1096100050E4C701B6010F946FB6A70196010F94ED
:109620006FB620E030E040E85EE30F946FB69B0138
:10963000AC0160E070E080E89FE30F94C9BD6B016E
:109640007C01609195027091960264367105A1F0DB
:10965000072E000C880B990B0F9430B62AE037EDDB
:1096600043E25CE30F946FB69B01AC01C701B60106
:109670000F946FB66B017C01C092BC02D092BD0208
:10968000E092BE02F092BF02FF90EF90DF90CF9089
:109690000895C12CD12C80E8E82E8FE3F82ED1CF8D
:1096A0008F929F92AF92BF92CF92DF92EF92FF92F2
:1096B00081EF9FE00F9431586B017C018DEE9FE0AC
:1096C0000F9431584B015C010F94F7322CE330E0DA
:1096D00040E050E00F9415BCBA01A901480D591D96
:1096E0006A1D7B1D8DEE9FE00F94D8BB60916506CF
:1096F00070916606809167069091680628EE33E0C7
:1097000040E050E00F9415BCBA01A9014C0D5D1D5D
:109710006E1D7F1D81EF9FE00F94D8BB0F94E43640
:1097200010926506109266061092670610926806FF
:1097300080919E13813081F46091A2137091A313E4
:1097400090E080E00F9419581092A3131092A21386
:109750001092A5131092A413FF90EF90DF90CF907A
:10976000BF90AF909F908F9008958091E7031F92D4
:109770008F93809170031F928F93ECEBF4E0428102
:1097800053812CE3249FC001259F900D11249F93AA
:109790008F9340815181249FC001259F900D1124FA
:1097A0009F938F938AE098E09F938F930F9464BA6E
:1097B0008DB79EB70A960FB6F8949EBF0FBE8DBFA9
:1097C0000895CF93C82F8FEF9FE00F94A2BB8130F5
:1097D00021F080916F06813029F481E08C27CF91B0
:1097E0000C94A645CF9108958BE893E00D94382012
:1097F00020E030E040E752E40F94C9BD0895109294
:109800008E0240916B0350916C0360916D037091D7
:109810006E0340939102509392026093930270936F
:10982000940290933A02809339028BE893E00D946E
:1098300038201F93CF93DF93182F8091910290913E
:109840009202A0919302B091940280936B03909343
:109850006C03A0936D03B0936E03C0913902D09155
:109860003A0284E690E090933A02809339028BE8C2
:1098700093E00F94382010938E02CE01DF91CF91A8
:109880001F91089540E050E0BA018DEE9FE00F94E3
:10989000D8BB40E050E0BA0181EF9FE00F94D8BB05
:1098A0000E94324170E060E085E09FE00F94E4BBED
:1098B00070E060E083E09FE00F94E4BB70E060E064
:1098C00081E09FE00F94E4BB70E060E08FEF9EE0EA
:1098D0000F94E4BB70E060E083ED9EE00F94E4BB86
:1098E00070E060E080ED9EE00F94E4BB40E050E06B
:1098F000BA0188EA9CE00D94D8BBF89488E198E01E
:109900000FB6F894A895809360000FBE9093600006
:10991000FFCFC82F9FB7F894E2E0F1E08081846028
:1099200080839FBF6C2F83E09DE00F94C6BB8C2F7C
:109930000E94ABC80E947D4C1F920F920FB60F92EF
:10994000112483E00E94894C1F920F920FB60F9250
:10995000112482E00E94894C85EA9FE00F94A2BB0B
:1099600091E0811101C090E0892F08958091E40376
:10997000811106C081E090919E03923009F080E051
:1099800008958091741481110AC080911605811187
:1099900006C081E090919E03913009F080E0089527
:1099A000CF93DF93C0915D0EC1111FC080915E0EF9
:1099B00081111CC00E94B64C811118C0D0916A0E52
:1099C000D43061F48091730E9091740E892B91F4D0
:1099D0008091710E9091720E892B61F40E94C14C9E
:1099E000C82F811103C0C1E0D111C0E08C2FDF91DD
:1099F000CF910895C1E0FACF0E94D04C882389F01E
:109A000020E030E040E050E4609150077091510751
:109A100080915207909153070F94BFBD881F8827EC
:109A2000881F08950E94C14C811118C00E94B64C35
:109A3000811114C080915F0E811110C080916A0E57
:109A400081110BC080919F13811107C080915D0E21
:109A5000811104C080915E0E089581E00895FC019B
:109A60002081211101C06695FC0162830895FC01EB
:109A7000618321E0603208F020E09081291781F0B5
:109A80008281992351F090E095958795828370E0CB
:109A900075956795618320830895880F8283FBCF36
:109AA000211104C070E0759567956183089580E188
:109AB000E8E4F7E0A7E5B5E001900D928A95E1F7BB
:109AC00008954F925F926F927F928F929F92AF9282
:109AD000BF92CF92DF92EF92FF920F931F93CF939B
:109AE000DF9300D000D01F921F92CDB7DEB7209138
:109AF0005F0E222309F473C12091E603223009F49A
:109B00006EC12091E603213011F41092E6032B017F
:109B10003C011092E7031091B2056091F604709138
:109B2000F7048091F8049091F9040F9442BE6117F4
:109B300031F0812F90E09093720E8093710E0E940D
:109B4000FA498091AF058093E7039091E5038091F6
:109B50000C1881958927887089278093E503A301D4
:109B600092016091A8027091A9028091AA0290913D
:109B7000AB020F94C9BC6D837E838F839887CE011F
:109B800005960F945F871092380220E030E040E89D
:109B90005FEB60919C0270919D0280919E0290917A
:109BA0009F020F94BFBD811120C080914807909102
:109BB0004907A0914A07B0914B0780939C0290936C
:109BC0009D02A0939E02B0939F0280914C079091BA
:109BD0004D07A0914E07B0914F078093A00290933C
:109BE000A102A093A202B093A302A30192016091EB
:109BF000A8027091A9028091AA029091AB020F94E1
:109C0000C9BC69837A838B839C83E0905007F09072
:109C1000510700915207109153072091A0023091F3
:109C2000A1024091A2025091A30260919C02709106
:109C30009D0280919E0290919F021F921F921F92FF
:109C40001F92E2E68E2EE7E29E2EE6E7AE2EE2E4DB
:109C5000BE2EFE0131966F010F94B987A3019201C8
:109C60006091A8027091A9028091AA029091AB0222
:109C70000F94C9BC69837A838B839C83E090A40290
:109C8000F090A5020091A6021091A7022091A002D7
:109C90003091A1024091A2025091A30260919C02D6
:109CA00070919D0280919E0290919F021F921F923F
:109CB0001F921F920F94B987E090A402F090A50222
:109CC0000091A6021091A7022091A0023091A1025A
:109CD0004091A2025091A30260919C0270919D025A
:109CE00080919E0290919F021F921F921F921F923D
:109CF000812C912CF8EEAF2EF2E4BF2EA8EACA2EEA
:109D0000A2E0DA2E0F94B9870F945A3711E010931E
:109D10003802609106187091071890E080E00F9467
:109D20002EB6609391027093920280939302909367
:109D30009402809176039091770390933A028093F6
:109D4000390280E1ECE9F2E0A8E4B7E001900D927D
:109D50008A95E1F70E94574D80916A020FB6F894F8
:109D6000DEBF0FBECDBF811151C060910818709148
:109D7000091880910A1890910B18609388177093B6
:109D8000891780938A1790938B170F947053809143
:109D9000081890910918A0910A18B0910B18809397
:109DA000870390938803A0938903B0938A03109349
:109DB000741460E085EA9FE00F94C6BB60E08FE713
:109DC0009CE00F94C6BB84E794E60E94B5EE82E067
:109DD00080936A0210925F0E81E08093620E289653
:109DE0000FB6F894DEBF0FBECDBFDF91CF911F91AC
:109DF0000F91FF90EF90DF90CF90BF90AF909F902A
:109E00008F907F906F905F904F900895813089F68A
:109E10008091081890910918A0910A18B0910B1818
:109E200080937F0390938003A0938103B093820378
:109E300010928310109282100E949B40BACF3F92E2
:109E40004F925F926F927F928F929F92AF92BF924A
:109E5000CF92DF92EF92FF920F931F93CF93DF93F6
:109E60003090F117332009F480C08B01EC0131FEF2
:109E700054C088809980AA80BB80FB01C080D180BB
:109E8000E280F3802091C6173091C7174091C81720
:109E90005091C917C501B4010F946FB62B013C0155
:109EA0002091CA173091CB174091CC175091CD1704
:109EB000C701B6010F946FB69B01AC01C301B2019B
:109EC0000F94CABC2B013C012091BE173091BF17E3
:109ED0004091C0175091C117C501B4010F946FB6DE
:109EE0004B015C012091C2173091C3174091C417F8
:109EF0005091C517C701B6010F946FB69B01AC0115
:109F0000C501B4010F94CABC688379838A839B839B
:109F1000F801408251826282738230FE26C0209115
:109F2000E9173091EA174091EB175091EC176881CF
:109F300079818A819B810F94CABC688379838A83E3
:109F40009B832091ED173091EE174091EF175091C0
:109F5000F017F80160817181828193810F94CABCEE
:109F6000F8016083718382839383DF91CF911F9186
:109F70000F91FF90EF90DF90CF90BF90AF909F90A8
:109F80008F907F906F905F904F903F9008952F92A9
:109F90003F924F925F926F927F928F929F92AF9279
:109FA000BF92CF92DF92EF92FF920F931F93CF93C6
:109FB000DF9300D000D01F921F92CDB7DEB78C0187
:109FC0001B01FC0180819181A281B38189839A83E5
:109FD000AB83BC83FB0180819181A281B3818D839E
:109FE0009E83AF83B887BE016B5F7F4FCE01019622
:109FF0000E941F4FC980DA80EB80FC8020E030E0B7
:10A00000A901C701B6010F94BFBD87FF35C01982F2
:10A010001A821B821C82FF24F3948D809E80AF8065
:10A02000B88420E030E040E850ECC501B4010F9462
:10A03000BFBD87FF35C080E090E0A0E8B0EC8D8325
:10A040009E83AF83B887CD80DE80EF80F8848980DF
:10A050009A80AB80BC807090F11771104CC0F801F1
:10A0600080829182A282B382F101C082D182E28297
:10A07000F382FF24F39425C020E030E04FE753E45F
:10A08000C701B6010F9453BFF12C181634F680E0C7
:10A0900090E0AFE7B3E489839A83AB83BC83BBCF03
:10A0A00020E030E844E553E4C501B4010F9453BF08
:10A0B00018162CF480E090E8A4E5B3E4C0CFF110CA
:10A0C000C2CF8F2D28960FB6F894DEBF0FBECDBF3E
:10A0D000DF91CF911F910F91FF90EF90DF90CF9084
:10A0E000BF90AF909F908F907F906F905F904F90B8
:10A0F0003F902F90089570FE1CC02091E917309179
:10A10000EA174091EB175091EC17C501B4010F9479
:10A11000C9BC4B015C012091ED173091EE174091C5
:10A12000EF175091F017C701B6010F94C9BC6B012E
:10A130007C0171FE9ECF2091D9173091DA174091A2
:10A14000DB175091DC17C501B4010F946FB62B01DA
:10A150003C012091DD173091DE174091DF175091BF
:10A16000E017C701B6010F946FB69B01AC01C301A4
:10A17000B2010F94CABCF801608371838283938318
:10A180002091E1173091E2174091E3175091E417C5
:10A19000C501B4010F946FB64B015C012091E51726
:10A1A0003091E6174091E7175091E817C701B601C3
:10A1B0000F946FB69B01AC01C501B4010F94CABCEA
:10A1C000F101608371838283938353CFCF92DF92B7
:10A1D000EF92FF92CF93DF93EC01BC016C5F7F4F56
:10A1E0000E94C74FC0902902D0902A02E0902B0213
:10A1F000F0902C02A7019601688579858A859B8558
:10A200000F94BFBD87FF04C0C886D986EA86FB8647
:10A21000C0901D02D0901E02E0901F02F09020021C
:10A22000A7019601688579858A859B850F9453BF20
:10A23000181624F4C886D986EA86FB86DF91CF916A
:10A24000FF90EF90DF90CF9008952F923F924F9222
:10A250005F926F927F928F929F92AF92BF92CF92B6
:10A26000DF92EF92FF920F931F93CF93DF93CDB7BF
:10A27000DEB7A2970FB6F894DEBF0FBECDBF1C01AC
:10A2800087E595E00E94E6508BE893E00F94382034
:10A29000409048075090490760904A0770904B07DC
:10A2A000C0905705D0905805E0905905F0905A0598
:10A2B000A7019601C301B2010F94BFBD81113FC038
:10A2C00020915B0530915C0540915D0550915E05E4
:10A2D00060914C0770914D0780914E0790914F0708
:10A2E0000F94BFBD81112BC020E030E040E752E465
:10A2F00060919102709192028091930290919402E8
:10A300000F94C9BD0F94DB960E940D40A2960FB624
:10A31000F894DEBF0FBECDBFDF91CF911F910F919B
:10A32000FF90EF90DF90CF90BF90AF909F908F9075
:10A330007F906F905F904F903F902F900895609125
:10A34000390270913A02072E000C880B990B0F947A
:10A3500030B6209191023091920240919302509137
:10A3600094020F946FB62EE333EC4EE259E30F9450
:10A370006FB66F83788789879A878091A613882321
:10A3800009F40FC1A3019201C701B6010F94C9BC22
:10A390002B013C0120914C0730914D0740914E0715
:10A3A00050914F0760915B0570915C0580915D0550
:10A3B00090915E050F94C9BC6B877C878D879E87C3
:10A3C000C301B2019F772B853C854D855E855F7704
:10A3D0000F94CABC6B017C0120E030E0A9010F940E
:10A3E00053BF18160CF0DDC020E030E040EF51E420
:10A3F000C701B6010F94C9BD0F94A8BD0F9442BE0A
:10A400007E836D836230710508F4CBC02114310462
:10A4100009F4C7C02091500730915107409152076D
:10A420005091530760915F057091600580916105BF
:10A43000909162050F94C9BC6F87788B898B9A8B3A
:10A440002091540730915507409156075091570776
:10A450006091630570916405809165059091660532
:10A460000F94C9BC6B8B7C8B8D8B9E8BAD81BE8119
:10A47000CD01B0E0A0E08F8F98A3A9A3BAA32D814E
:10A480003E812216330608F08CC0B10190E080E0D6
:10A490000F942EB66B017C016F8D78A189A19AA1D2
:10A4A0000F942EB69B01AC01C701B6010F94C9BD34
:10A4B0006B017C01AC019B016B897C898D899E8934
:10A4C0000F946FB69B01AC016091540770915507D2
:10A4D00080915607909157070F94CABC69837A837D
:10A4E0008B839C83A70196016F85788989899A89D6
:10A4F0000F946FB620915007309151074091520749
:10A50000509153070F94CABC6F8B788F898F9A8FA5
:10A51000A70196016B857C858D859E850F946FB60E
:10A5200020914C0730914D0740914E0750914F07B5
:10A530000F94CABC6B8F7C8F8D8F9E8FA701960165
:10A54000C301B2010F946FB62091480730914907BB
:10A5500040914A0750914B070F94CABC3F922F92EB
:10A56000A8E4B7E0BF93AF938F809884A984BA849E
:10A57000DE0111966D01EF88F88C098D1A8D2B8DF7
:10A580003C8D4D8D5E8D0F94B9870F900F900F907D
:10A590000F908091620E8111B7CEBFEF2B1A3B0A4C
:10A5A0006ECFE0905F05F09060050091610510911D
:10A5B000620520915B0530915C0540915D055091ED
:10A5C0005E056091570570915805809159059091ED
:10A5D0005A051F921F92E8E4F7E0FF93EF938F80F4
:10A5E0009884A984BA84E3E6CE2EE5E0DE2E0F94AB
:10A5F000B9870F900F900F900F9086CECF92DF9279
:10A60000EF92FF92CF939B01AC01C0905007D09086
:10A610005107E0905207F0905307C701B6010F941D
:10A62000CABC609350077093510780935207909370
:10A63000530783B190914707911102C084FF26C050
:10A6400088E497E00E94E650E0919A02F0919B0224
:10A6500060857185828593850F940E970F945A3784
:10A66000A7019601609150077091510780915207A0
:10A67000909153070F94C9BC6B017C01C701B601CF
:10A68000CF91FF90EF90DF90CF90089515980F94A1
:10A690005A3781E00F94A142C82F84E00F94C51966
:10A6A00065E575E585E591E40F940E970F945A37AB
:10A6B00082E00F944637A70196010F94C9BC6B0145
:10A6C0007C010F94AF42882391F080911D029091FC
:10A6D0001E02A0911F02B091200280935007909318
:10A6E0005107A0935207B09353070F94CE950F9440
:10A6F00096198C2F0F94A142C1CF8F929F92AF9247
:10A70000BF92CF92DF92EF92FF924B015C01C0901B
:10A710005007D0905107E0905207F0905307AC01DA
:10A720009B01C701B6010F9453BF87FF11C0A5015C
:10A730009401C701B6010F94C9BC9F77FF90EF90B9
:10A74000DF90CF90BF90AF909F908F900C94FE526F
:10A75000FF90EF90DF90CF90BF90AF909F908F9041
:10A760000895E3E6F3E09FE780818F3721F087FFCC
:10A7700008C08F778083319683E0EB36F807A1F726
:10A7800008959083F8CF90918F02981710F48093DA
:10A790008F0280919002882339F0E0911904F091A2
:10A7A0001A04309709F019940895CF93DF93CDB729
:10A7B000DEB7AE014A5F5F4FFA0161917191AF015F
:10A7C00089E094E00F94E9BADF91CF91089569E0B0
:10A7D00074E00D943ABA69E074E0082E000C990B0D
:10A7E0000D940ABACF93C82FC15020F080E20E9486
:10A7F000EB53FACFCF910895CF93C82F862F6430B3
:10A8000008F083E0809362030E9417408C0F8093CE
:10A81000610344E650E060E08068CF910C943849D1
:10A82000CF93DF93EA010E94FC5369E074E0CE010C
:10A83000DF91CF910D943ABACF93C42F0E94FC536D
:10A8400069E074E08C2FCC0F990BCF910D940ABA6C
:10A8500060E080E00E94FC5310926103089540E4A0
:10A8600056E060E081E00E94384910926203109245
:10A87000610348E050E06FE770E083E693E00D94F9
:10A88000D4C14F925F926F927F928F929F92AF92BC
:10A89000BF92EF92FF920F931F93CF93DF930E948B
:10A8A0002F5440EA58E461E080E00E941054D091B7
:10A8B0008E0281E080938E02E1E4F5E1C49184E0B0
:10A8C0000F94C51988E4E82E87E0F82EF70110866A
:10A8D0001186128613860F94CE950E94574DEBE396
:10A8E000F5E185909590A590B49007E515E08C2F43
:10A8F000992781950CF49095BC01072E000C880BCC
:10A90000990B0F9430B62B013C012DEC3CEC4CE83C
:10A910005FE3C501B4010F946FB69B01AC01C301A5
:10A92000B2010F946FB6F8012085318542855385B9
:10A930000F94CABCF801608771878287938780E093
:10A9400090E0A8E4B4E48093910290939202A093E3
:10A950009302B093940265E575E585E591E40F9463
:10A96000DB960F945A370F94961910928E02F701C6
:10A9700010861186128613860F94CE950E94574D2D
:10A98000F6EFCF02B0011124072E000C880B990BB3
:10A990000F9430B69B01AC01F8016085718582850A
:10A9A00093850F94CABCF80160877187828793876B
:10A9B00080E090E0A8ECB3E480939102909392023F
:10A9C000A0939302B093940265E575E585ED90E45C
:10A9D0000F94DB960F945A37D0938E0280E090E06C
:10A9E000ABE5B3E4F70180879187A287B3870F9423
:10A9F000CE9581E0DF91CF911F910F91FF90EF9065
:10AA0000BF90AF909F908F907F906F905F904F908E
:10AA1000089590919002981709F1809390028823ED
:10AA2000E9F010927206109271061092D5058CED25
:10AA300093E00F9438200F94A71D6150710981098C
:10AA400091096093D8037093D9038093DA039093AC
:10AA5000DB030E942F5482E00C94C3530895CF93DC
:10AA6000C82F109262031092610348E050E06FE734
:10AA700070E083E693E00F94D4C144E951E162E0D1
:10AA800080E30E94384946E950E062E080E30E949A
:10AA9000384946E950E062E080E30E94384946E9DF
:10AAA00050E062E080E20E9438498091170444E659
:10AAB00050E060E080620E94384984E08093600347
:10AAC00044E650E060E08CE00E943849C1110E94E9
:10AAD0002F5444E650E060E086E0CF910C94384972
:10AAE00081E00C942F55CF92DF92FF920F931F932A
:10AAF000CF93DF9300D000D01F921F92CDB7DEB767
:10AB00008A30D9F480916203843018F08FEF8093FB
:10AB10006203609162036F5F80E00E94FC5328969D
:10AB20000FB6F894DEBF0FBECDBFDF91CF911F915E
:10AB30000F91FF90DF90CF90089590E8980F44E632
:10AB400050E061E09A3408F5482F4058550B9A01BF
:10AB500096E0929FA001939F500D1124FA01E958AD
:10AB6000F14FF490E3E6F3E030E020E09FEF6191F5
:10AB7000782F76277F7789F4F901ED59FC4F808390
:10AB8000F22E44E650E061E08F2D0E94384980911A
:10AB900061038F5F80936103C2CF6F3709F03CC0C0
:10ABA000F901ED59FC4F8083922FF92EFA01EE58EE
:10ABB000F14F8E010F5F1F4FD801959188E0182E3D
:10ABC00010FE05900294802D9795881F8D931A94FE
:10ABD000B9F7BF2DE8E0BE02C001112444E650E001
:10ABE00060E080640E9438496E01F9E0CF0ED11C0C
:10ABF00044E650E061E0D8018D918D010E94384912
:10AC0000C016D106A9F78091610344E650E060E0E8
:10AC100080680E943849B5CF67FF922F2F5F3F4F62
:10AC20002830310509F0A3CF9F3F09F0BECFA9CF4F
:10AC30008F929F92AF92BF92EF92FF920F931F93CA
:10AC4000CF93DF93CDB7DEB7A0970FB6F894DEBFF2
:10AC50000FBECDBF611571058105910599F480E3A3
:10AC6000A0960FB6F894DEBF0FBECDBFDF91CF9197
:10AC70001F910F91FF90EF90BF90AF909F908F909A
:10AC80000C94735500E0842E912CB12CA12C9E01C4
:10AC90002F5F3F4F7901A50194010F9415BCF70177
:10ACA000E00FF11D6083B901CA010F5F61157105E5
:10ACB0008105910581F70E0D1F2D111DE016F1067E
:10ACC00059F0F80182918F018A3020F4805D0E9452
:10ACD0007355F4CF895CFBCFA0960FB6F894DEBF16
:10ACE0000FBECDBFDF91CF911F910F91FF90EF90DD
:10ACF000BF90AF909F908F900895CF92DF92EF9288
:10AD0000FF926B017C01F7FE0BC08DE20E94735530
:10AD1000F094E094D094C094C11CD11CE11CF11CAF
:10AD20004AE0C701B601FF90EF90DF90CF900C94FE
:10AD300018560F943B518F3FF9F080E00E9409555F
:10AD40000E942F5446EA5FE561E080E00E941054C3
:10AD500080E20E9473550F943B51682F70E06F5F43
:10AD60007F4F072E000C880B990B0E947D560F9485
:10AD7000BA7C81E00C94095508950F931F93CF93EB
:10AD80008C01C62FCC2359F0F8012491222339F0ED
:10AD90000F5F1F4F84910E947355C150F3CF8C2FCA
:10ADA0000E94F2538C2FCF911F910F9108950F9312
:10ADB0001F93CF938C01C62FCC2349F0F8018191CA
:10ADC0008F01882321F00E947355C150F5CF8C2F3D
:10ADD0000E94F2538C2FCF911F910F910895CF9322
:10ADE000DF93EC018991882319F00E947355FACF03
:10ADF000DF91CF910895CF93DF93EC0120E030E015
:10AE00004CE852E4609154077091550780915607C1
:10AE1000909157070F94CABC6093540770935507DD
:10AE2000809356079093570760E070E080EA91E4C2
:10AE30000F940E970E94C4490E942F5441EF52E68E
:10AE400060E080E00E9410548881882339F061E03E
:10AE500080E00E94FC53CE010E94EF564EE154E187
:10AE600062E080E00E94105483E49BE20F94F614A9
:10AE7000DF91CF910D945A370E94735590E080E096
:10AE800008951092A9031092D8050895CF93809148
:10AE9000A903C1E0811104C0C0E08C2FCF910895B7
:10AEA0000E944157FACF1F920F920FB60F921124B2
:10AEB0000BB60F922F938F939F93EF93FF93E09195
:10AEC0005B03E830E8F4F0E08827E659F84A8F4F52
:10AED0000D94B2BC72578C579757A557BB57C457A0
:10AEE000E757F9578091700681110AC080911D06BD
:10AEF000880F80935A03882319F081E080935B03C5
:10AF0000FF91EF919F918F912F910F900BBE0F901A
:10AF10000FBE0F901F901895809159038F5F8093FB
:10AF2000590390915A03981758F382E0E7CF83E0D2
:10AF300080935B038FE0809358038FEF86BD81E0A1
:10AF400085BD84B58F7E84BDDBCF8091580382950B
:10AF5000807F819588BD80915803882321F081509E
:10AF600080935803CDCF84E080935B038FEF88BD3F
:10AF70008EEF86BDC5CF85E080935B038FEF88BDE4
:10AF800086BD82E085BDBCCF2FEF28BD80917006C5
:10AF90008111B6CF809159038F5F809359039091AF
:10AFA0005A03891708F4ACCF80911D0690E08F37C3
:10AFB00091050CF0A5CF86E080935B038FE0809332
:10AFC000580326BD81E085BD84B58061BCCF8091EA
:10AFD00058038295807F819588BD809158038111A7
:10AFE000BECF87E080935B0380E886BD8FEF88BD8E
:10AFF00087CF10925B0380E886BD8FEF88BDC1CFFD
:10B00000CF93DF93EC0187E69FE00F94A2BB91E022
:10B01000811101C090E081E02881211101C080E010
:10B020008913988387E09FE00F94A2BB91E0811180
:10B0300001C090E0998385ED9EE00F94A2BB91E062
:10B04000811101C090E09A8387E49DE00F94A2BB38
:10B050008F3F21F08887DF91CF9108951886FBCF2D
:10B06000CF93C82F682F87E69FE00F94C6BBCC23F1
:10B0700019F0CF910D944F63CF910D943F631092CF
:10B080003B050F94A71D6093A2177093A31780939D
:10B09000A4179093A51708951F920F920FB60F92C1
:10B0A00011240BB60F928F939F93EF93FF93E0ECD5
:10B0B000F4E080819181019691838083FF91EF91EB
:10B0C0009F918F910F900BBE0F900FBE0F901F900E
:10B0D00018951F920F920FB60F9211242F934F9332
:10B0E0005F936F937F938F939F93AF93BF93809161
:10B0F0003B058823F1F08091AB048B34D0F0809134
:10B100006A0086FF24C080913B0690913C06A09186
:10B110003D06B0913E068093510390935203A09355
:10B120005303B093540380916A0090E4892780937D
:10B130006A00BF91AF919F918F917F916F915F91C5
:10B140004F912F910F900FBE0F901F9018958091E7
:10B150003B0690913C06A0913D06B0913E06409181
:10B160005103509152036091530370915403841B17
:10B17000950BA60BB70B2091E70344E050E060E08D
:10B1800070E0253620F043E050E060E070E0841786
:10B190009507A607B70738F28091C2049091C304BF
:10B1A00002969093C3048093C204BDCF8F929F9266
:10B1B000AF92BF92CF92DF92EF92FF920F931F93C5
:10B1C000CF93DF93C0ECD4E068817981072E000C27
:10B1D000880B990B0F9430B66B017C010F94A71D5F
:10B1E0000CEB14E08090A2179090A317A090A417E6
:10B1F000B090A517681979098A099B090F942EB692
:10B200009B01AC0160E070E08AE793E40F94C9BD54
:10B21000A70196010F946FB60F943BBEF80171839E
:10B2200060836A817B81072E000C880B990B0F9439
:10B2300030B66B017C010F94A71D8090A2179090EF
:10B24000A317A090A417B090A517681979098A09C7
:10B250009B090F942EB69B01AC0160E070E08AE779
:10B2600093E40F94C9BDA70196010F946FB60F9494
:10B270003BBEF80173836283198218821B821A8293
:10B28000DF91CF911F910F91FF90EF90DF90CF90C2
:10B29000BF90AF909F908F90089580935503109228
:10B2A000700380FF08C08091C40483708130E9F48A
:10B2B00080E880937003209170038FEF820F8E3FA0
:10B2C000D8F08091A000877F8093A0001092AD00FD
:10B2D0001092AC009FB7222351F0F89480910201A4
:10B2E0008062809302019FBF08958FEFE2CFF894B0
:10B2F000809102018F7DF5CFEFB7F8948091A00087
:10B3000088608093A00030E0809172004FEF50E0A1
:10B3100081FF04C04091A8005091A900249FC00162
:10B32000259F900D349F900D11246FEF70E00F94C6
:10B330006BBC7093AD006093AC00EFBF08958BE2DF
:10B340009DE00F94A2BB9091C40480FB91F990936F
:10B35000C4040E943F5881E00C944D591F93CF9331
:10B36000DF93D0915503D1FD1DC010912305C1E09D
:10B3700020E030E048E452E46091660E7091670E80
:10B380008091680E9091690E0F9453BF18160CF0BF
:10B39000C0E0DE7FCD2B81E0111101C080E0C82B21
:10B3A000C093550380915503DF91CF911F910C9469
:10B3B0004D59EF92FF920F931F93CF93DF93EC01C0
:10B3C0008B017A010E94C94081110BC0A801BE0106
:10B3D000C701DF91CF911F910F91FF90EF900D94D6
:10B3E000B6BBDF91CF911F910F91FF90EF90089521
:10B3F0000F931F93CF93DF938C01D62FC72F0F94FA
:10B40000B0BB8F3F980739F46D2F7C2FC8010F9484
:10B4100000BC8D2F9C2FDF91CF911F910F9108952C
:10B420000F931F93CF938C01C62F0F94A2BB8F3F16
:10B4300029F46C2FC8010F94EABB8C2FCF911F9178
:10B440000F910895CF93DF93EC010F94B0BBBC0133
:10B450006F5F7F4FCE01DF91CF910D9400BCCF93F2
:10B46000DF93EC010F94A2BB61E0680FCE01DF9186
:10B47000CF910D94EABBCF93DF93EC010F94A2BB65
:10B4800061E0811160E0CE01DF91CF910D94EABBC4
:10B490002BE0829FC0011124805B924F0F94B0BBC0
:10B4A00021E0019609F420E0822F0895CF93DF93E5
:10B4B000C82FD8E0CF5FC8300CF0C0E08C2F0E94BE
:10B4C000485A811103C0D150A9F7CFEF8C2FDF91DB
:10B4D000CF91089581EA9DE00F94A2BB0E94565A35
:10B4E00087FD05C0682F81EA9DE00D94C6BB0895D5
:10B4F0000F931F93CF93C82F8B0166ED7DE08230B1
:10B5000070F06FEC7DE0843050F067EC7DE08430CB
:10B5100031F06FEB7DE0853011F068EB7DE0C80124
:10B520000F9459B98CEF8C0F823028F0C170CF5C2A
:10B53000F801C6831782CF911F910F91089561E0A2
:10B5400080EC9FE00F94C6BB60E08FEB9FE00F9410
:10B55000C6BB60E08EEB9FE00F94C6BB60E08DEB56
:10B560009FE00F94C6BB60E08CEB9FE00D94C6BBE0
:10B57000CF93C82F82958F700E9406498C2F8F70B1
:10B58000CF910C94064980918710909188101816DD
:10B5900019060CF043C00197909388108093871090
:10B5A000892BA1F48091821090918310892B21F432
:10B5B00010928510109284108091841090918510C3
:10B5C000909377128093761281E00895809176129D
:10B5D000909177120396FC01E757FF4E2081019668
:10B5E0002111F9CFFC01E757FF4E8D3E21E0920774
:10B5F00040F441919C012F5F3F4F4111E1CFC901C0
:10B60000F4CFE9E8F0E18D3E21E09207C9F6CF01E1
:10B610008958904121912223D1F3D2CF80E008951F
:10B6200080919E0490919F042091A0043091A104E8
:10B63000821B930B8F7799270895FC0120E03EE24F
:10B64000DB014D91BD01403249F0283011F43083C7
:10B650003196DB0111974C91408331962F5F2B304F
:10B6600079F71082089540E050E0BA010D94E64861
:10B67000FC01238121110D94DB8008959091260512
:10B68000911107C09091C00095FFFCCF8093C60038
:10B690000895913031F49091C80095FFFCCF8093CC
:10B6A000CE0008950E943E5B90E080E00895CF9325
:10B6B000DF93EC01FE018491882321F00E943E5B20
:10B6C0002196F8CFDF91CF910895CF92DF92EF923C
:10B6D000FF92C090660ED090670EE090680EF090DA
:10B6E000690E80E997E10E94575B42E0C701B6010D
:10B6F0000F94F3B288E897E10E94575B6091F604DB
:10B700007091F7048091F8049091F90441E00F944E
:10B71000F3B2FF90EF90DF90CF900D94A6B34F92CD
:10B720005F926F927F928F929F92AF92BF92CF92D1
:10B73000DF92EF92FF920F931F93CF93DF93CC246E
:10B74000CA94DC2C76010EEA1FE093E2892E912C3C
:10B75000A12CB12C412C512C3201D0E0C0E08FEF54
:10B76000C81609F45DC0C8010F94B0BBEC01BC0160
:10B77000990F880B990B0F9430B620917F0630916A
:10B78000800640918106509182060F94C9BD2B011D
:10B790003C01C701B6010F9432AF82E896E10E94E6
:10B7A000575BC501B4010F9432AF82E896E10E9465
:10B7B000575BBE010D2E000C880B990B0F9432AF16
:10B7C00082E896E10E94575B20E030E04AE754E4CB
:10B7D000C301B2010F946FB60F94365185E0880E05
:10B7E000911CA11CB11C0E5F1F4F8FEFC81AD80A05
:10B7F000E80AF80A0A3B8FE0180709F0B0CFDF919A
:10B80000CF911F910F91FF90EF90DF90CF90BF905D
:10B81000AF909F908F907F906F905F904F90089522
:10B820008AE09BE20E94575BB8CF882371F186E7DC
:10B8300096E10E94575B60912D1370E090E080E0EC
:10B840000F9432AF80912D138430D8F010922D13C5
:10B8500081E796E10E94575B80912D1390E00F9451
:10B86000C95280912D132091B0053091B1053093CC
:10B87000740E2093730E0E9435FE0E94C4490D94ED
:10B880005A378F5F80932D13E3CF90E080E00E94C2
:10B8900030BEE9CFCF93DF938EE696E10E94575BEF
:10B8A000C8E4D7E0688179818A819B8142E00F9466
:10B8B000F3B28AE696E10E94575B6C817D818E81AE
:10B8C0009F8142E00F94F3B286E696E10E94575BB7
:10B8D000688579858A859B8542E00F94F3B282E67C
:10B8E00096E10E94575B6C857D858E859F8542E041
:10B8F0000F94F3B28FEF97E00E94575B80E00F94B4
:10B9000038370F9430B6C3E7D6E02C813D814E81A5
:10B910005F810F94C9BD42E00F94F3B28EE596E1CA
:10B920000E94575B81E00F9438370F9430B628851A
:10B9300039854A855B850F94C9BD42E00F94F3B207
:10B940008AE596E10E94575B82E00F9438370F94A6
:10B9500030B62C853D854E855F850F94C9BD42E08C
:10B960000F94F3B286E596E10E94575B83E00F9453
:10B9700038370F9430B6288939894A895B890F9402
:10B98000C9BDDF91CF910D94365185E695E10E94B6
:10B99000575B6091660E7091670E8091680E909172
:10B9A000690E41E00F94F3B282E695E10E94575B85
:10B9B0006091730E7091740E072E000C880B990B1A
:10B9C0000F9430B641E00F94F3B28EE595E10E94FA
:10B9D000575B6091F6047091F7048091F8049091A0
:10B9E000F90441E00F94F3B28BE595E10E94575BB7
:10B9F0006091710E7091720E072E000C880B990BDE
:10BA00000F9430B641E00F94F3B286E595E10E94C1
:10BA1000575B6091660E7091670E8091680E9091F1
:10BA2000690E41E00F94F3B283E595E10E94575B04
:10BA30006091730E7091740E072E000C880B990B99
:10BA40000F9430B641E00F94F3B28FE495E10E9479
:10BA5000575B60911E0570E090E080E00F9432AF7C
:10BA60008AE495E10E94575B60911D0670E090E0CA
:10BA700080E00F9432AF86E495E10E94575B6091BD
:10BA80009A0370919B0380919C0390919D0341E0E8
:10BA90000F94F3B282E495E10E94575B60915606E1
:10BAA00070915706809158069091590641E00F9485
:10BAB000F3B20D94A6B320916C1430E0A8EEB3E07D
:10BAC0000F9442BCAB01BC018DE694E10F948B1E38
:10BAD000882399F080916B1480FD0E94C55C809151
:10BAE0006B1482FD0E944A5C80916B1481FD0E9460
:10BAF000B54B8DE694E10D94382008950E94575B74
:10BB00000D94A6B3CF9381EA9DE00F94A2BBCBE046
:10BB10008C9FC0011124805B924F0F94B0BB815663
:10BB2000904F803A9F40C8F08FE597E10E947E5D7C
:10BB300081EA9DE00F94A2BB8C9FC001112470E0AC
:10BB400060E0805B924F0F9400BC82E297E10F941B
:10BB5000B21281E0CF910C940955CF910895FF92D4
:10BB60000F931F93CF93DF939091190591114BC0C1
:10BB7000C82F81E080931905CC2301F10E94C14CAC
:10BB80008823E1F00E94B64C811120C063E08FEF62
:10BB900090E10E94C5E9F090B2050091B0051091C6
:10BBA000B105D091AF050F94B31DF092B20510937B
:10BBB000B1050093B005D093AF0508C061E080E007
:10BBC0000E94B9F889E599E6CC2311F081E899E65D
:10BBD0000E94575B88E798E00E947E5D86EF90E1C7
:10BBE0000E94B5EE9FB7F894809102018460809323
:10BBF00002019FBF0F944E10C11105C08091D30365
:10BC000081608093D303DF91CF911F910F91FF90BB
:10BC10000895EC01F8940F946123179A1092450748
:10BC2000169A10924607149A89E599E60E94575B86
:10BC300083E097E10E947E5D209779F0CE010E941B
:10BC40007E5DBE0185E99CE00F9400BC62E484E95E
:10BC50009CE00F94EABB0E947D4CCBEFD6E1F1CF84
:10BC60008091060186FD33C080E00E94E14B109276
:10BC700050071092510710925207109253070F94D9
:10BC8000CE9520E030E040EA50E46091500770919A
:10BC9000510780915207909153070F94CABC60934B
:10BCA0005007709351078093520790935307E09188
:10BCB0009A02F0919B0260857185828593850F942D
:10BCC0000E970F945A3780ED90E70E94095E089511
:10BCD0002F923F924F925F926F927F928F929F929C
:10BCE000AF92BF92CF92DF92EF92FF920F931F938A
:10BCF000CF93DF93CDB7DEB760970FB6F894DEBF72
:10BD00000FBECDBF282E6E875A87498720918E029D
:10BD10002D877724739470928E0242E0841709F481
:10BD2000D4C1082F10E0F801E15CFA4E3490832D65
:10BD3000032C000C990B9C878B87D801AA0FBB1F83
:10BD4000AA0FBB1FBA83A983FD01E253FD4F808177
:10BD50009181A281B3818B839C83AD83BE838093C9
:10BD6000910290939202A0939302B0939402BC012B
:10BD7000CD010E94F84B6B017C0181E0022C01C0D7
:10BD8000880F0A94EAF70F94C519A981BA81A85BB4
:10BD9000B84FB887AF83FD011082118212821382DF
:10BDA0000F94CE950E94574D632D032C000C770BFA
:10BDB000880B990B0F9430B64B015C0149815A8175
:10BDC000495A5A4F588B4F8720E030E040E450ECFE
:10BDD0000F946FB6AF85B8896D937D938D939C93C7
:10BDE0001397C701B6010F94DB960F945A370F943F
:10BDF000BD4210928E02EF81F8851082118212826C
:10BE000013820F94CE95AF85B8898D929D92AD9295
:10BE1000BC921397C701B6010F94DB960F945A3763
:10BE200070928E02E981FA81ED5CFA4E4590559050
:10BE3000659074902DEC3CEC4CE85FE3C501B401D7
:10BE40000F946FB6A30192010F946FB6EF85F88936
:10BE50006083718382839383C701B6010F94DB965D
:10BE60000F945A37712C612C4F8058840F94BD4227
:10BE700010928E02D2011D921D921D921C92139758
:10BE80000F94CE9520E030E040E251ECC501B401C2
:10BE90000F946FB6EF85F8896083718382839383F3
:10BEA000C701B6010F94DB960F945A370F94BD4229
:10BEB000F1E0F0938E0220E030E040E351E4C50170
:10BEC000B4010F946FB6AF85B8896D937D938D9350
:10BED0009C9313978B819C81AD81BE81809391024D
:10BEE00090939202A0939302B0939402C701B6017B
:10BEF0000F94DB960F945A37822D0F9462189C0191
:10BF000044E0369527954A95E1F7A985BA851097BB
:10BF100021F0FD01E60DF71D20839F938F933F9342
:10BF20002F937F926F92EBE1F5E1FF93EF930F94E4
:10BF300064BA4FEF641A740A0FB6F894DEBF0FBEEE
:10BF4000CDBF9E85691608F491CF0F94BD42109223
:10BF50008E028091FA04882309F4B2C0F801E550FA
:10BF6000FB4F6081603408F0ABC0F801E65AFD4F2A
:10BF7000A081AB83F801E350FB4F808140E051E0AA
:10BF800002C0569547958A95E2F7822D0F94516825
:10BF9000BB81BB2339F0432D41956B2F70E0822D7F
:10BFA0000F9422680F949619822D0E94B83FF801D1
:10BFB000EB5BF84F81E080836B857C8571956195A3
:10BFC0007109072E000C880B990B0F9430B62AE0EC
:10BFD00037ED43E25CE30F946FB64B015C01F8016F
:10BFE000E85AFD4F608170E090E080E00F9430B639
:10BFF0009B01AC01C501B4010F946FB64B015C010C
:10C00000E981FA81E85BF84FFC83EB83AC019B018B
:10C0100060817181828193810F94C9BCAB81BC81A5
:10C020006D937D938D939C9313970F94CE95EB8195
:10C03000FC812081318142815381C501B4010F947B
:10C04000CABCAB81BC816D937D938D939C931397F8
:10C05000E981FA81E95AFA4F60837183828393837D
:10C0600020E030E040E05FE3C701B6010F946FB617
:10C070000F94DB960F945A3710929102109292020D
:10C080001092930210929402FD85F0938E026096B6
:10C090000FB6F894DEBF0FBECDBFDF91CF911F91D9
:10C0A0000F91FF90EF90DF90CF90BF90AF909F9057
:10C0B0008F907F906F905F904F903F902F9008955A
:10C0C000432D419568E070E06ACF81E00E94E14B2A
:10C0D000E1E4F5E1B491B983109250071092510751
:10C0E00010925207109253070F94CE95EBE3F5E1AF
:10C0F00085909590A590B490E9816E2FEE0F770B07
:10C10000880B990B0F9430B66B017C0120E030E076
:10C1100040EC5FE3C501B4010F946FB6A70196012F
:10C120000F946FB660935F0570936005809361050F
:10C130009093620580E090E0A8E4B4E480939102DB
:10C1400090939202A0939302B0939402BC01CD010C
:10C150000E94F84B4B015C010F94DB960F945A3709
:10C160000E94305E109250071092510710925207B1
:10C17000109253070F94CE95E7E1F5E16591759123
:10C18000859194919058A70196010F946FB6609392
:10C190005F05709360058093610590936205C5010A
:10C1A000B4010F94DB960F945A37E7E1F5E16591FE
:10C1B0007591859194919B01AC010F94CABCA70124
:10C1C00096010F946FB660935F057093600580933E
:10C1D00061059093620580E090E0A8ECB3E4809361
:10C1E000910290939202A0939302B0939402BC01A7
:10C1F000CD010E94F84B0F94DB960F945A370E94A2
:10C20000305E82E00E94B83F8091500790915107C4
:10C21000A0915207B091530780935F0590936005FA
:10C22000A0936105B0936205109291021092920260
:10C2300010929302109294020F94BD42709247079D
:10C2400080E00E94E14B20CF2F923F924F925F926D
:10C250006F927F928F929F92AF92BF92CF92DF9216
:10C26000EF92FF920F931F93CF93DF9300D01F9213
:10C270001F92CDB7DEB7D82E2A013B01322EE982BC
:10C28000FA820B831C830F945A3781E080935D0EF2
:10C29000FC2CE32CD31010C0ED2CDC100DC060E0A2
:10C2A00070E080EA90E40E947D53FF24F394EE2432
:10C2B000E3942224239401C02D2C0F9424A8809170
:10C2C000A6138D831092A61382E00F9446376093D5
:10C2D0005007709351078093520790935307F110C2
:10C2E0000F94BAA381E00E94194C8C010E94574D13
:10C2F0001092910210929202109293021092940264
:10C30000222009F47AC19B8D91116DC150E040E06B
:10C3100061E080E00E94685EEE2031F050E040E095
:10C3200061E081E00E94685EDD20E9F04114510483
:10C3300061047104C1F0C301B2010F9430B69B01D6
:10C34000AC016091CB067091CC068091CD069091A6
:10C35000CE060F94CABC6093480770934907809338
:10C360004A0790934B07332001F189819A81AB8171
:10C37000BC810097A105B105C1F0BC01CD010F94AE
:10C3800030B69B01AC016091CF067091D0068091D0
:10C39000D1069091D2060F94CABC60934C0770935B
:10C3A0004D0780934E0790934F07FF2009F4A2C0DA
:10C3B00060E070E080EA90E40E947D538091450740
:10C3C000811105C050E040E061E00E94685E80910C
:10C3D0004607811106C050E040E061E081E00E9424
:10C3E000685E0F9489A8EEE2FEE385919591A59190
:10C3F000B491EAE2FEE345915591659174914093C1
:10C400005705509358056093590570935A058093CA
:10C410005B0590935C05A0935D05B0935E056BE5AD
:10C4200075E087E595E00E941F4F0F94EBA720E091
:10C4300030E040E850EC60915B0570915C058091C4
:10C440005D0590915E050F94BFBD87FF0CC080E035
:10C4500090E0A0E8B0EC80935B0590935C05A0931E
:10C460005D05B0935E0580E090E0A6E1B3E48093C3
:10C47000910290939202A0939302B093940210922F
:10C480008E020F94CE9560919102709192028091EC
:10C490009302909194020F94DB960F945A378091F7
:10C4A000570590915805A0915905B0915A05809370
:10C4B000480790934907A0934A07B0934B07809190
:10C4C0005B0590915C05A0915D05B0915E05809340
:10C4D0004C0790934D07A0934E07B0934F0781E010
:10C4E00080938E020F94BD4250E040E061E082E014
:10C4F0000E94685ECC20E9F081149104A104B1048B
:10C50000C1F0C501B4010F9430B69B01AC0160913C
:10C51000D3067091D4068091D5069091D6060F94DB
:10C52000CABC609350077093510780935207909351
:10C5300053070F94CE95C8010E94FF4B0F94BD4244
:10C540000F9489A80F9427A6D11007C0311005C0F9
:10C550008C8D811102C0CC2039F1F11025C09D8154
:10C56000992311F181E08093A6130F9446376B0154
:10C570007C0180E00F944637A70196010F94725119
:10C580009B01AC0160915007709151078091520757
:10C59000909153070F94C9BC609350077093510753
:10C5A000809352079093530784E10F94A9B30F949B
:10C5B0005A3710925D0E0F900F900F900F900F90C2
:10C5C000DF91CF911F910F91FF90EF90DF90CF906F
:10C5D000BF90AF909F908F907F906F905F904F90A3
:10C5E0003F902F90089580E00F948816EE2009F474
:10C5F0009BCE81E00F94881697CEEE2009F494CE5E
:10C60000AB8DAA2309F48ACEF4CF8F929F92AF927A
:10C61000BF92CF92EF92FF920F931F93262F91E03C
:10C620009F931F92812C912C5401C42EE12CF12C4C
:10C63000870140E050E0BA010E9424610F900F9002
:10C640001F910F91FF90EF90CF90BF90AF909F9070
:10C650008F9008952F923F924F925F926F927F92A8
:10C660008F929F92AF92BF92CF92DF92EF92FF9202
:10C670000F931F93CF93DF93CDB7DEB7A4970FB679
:10C68000F894DEBF0FBECDBF0F945A378091620E73
:10C69000811117C081E080935E0E80914507882349
:10C6A00049F080914607882329F0209147072F837E
:10C6B000211120C081E0809386108BE794E20F94D3
:10C6C000D152A4960FB6F894DEBF0FBECDBFDF9156
:10C6D000CF911F910F91FF90EF90DF90CF90BF907F
:10C6E000AF909F908F907F906F905F904F903F9012
:10C6F0002F9008958BEA9DE00F94A2BB182F8EE433
:10C700000E94E440082F0E9476408E83002329F087
:10C71000873009F4C9C0833029F0133009F0C3C051
:10C7200063E06E8380E090E0A0E8BFE38A839B83B0
:10C73000AC83BD838AEA9DE00F94A2BB888F83E41B
:10C740000E94E440182F0E947640112329F088238C
:10C7500019F08B3008F4888F88E50E94E440882324
:10C7600009F4ABC00E94CE4520E030E04CE952E431
:10C770000F94C9BC20E030E048EB51E40F94C9BCF1
:10C780006A877B878C879D8789E50E94E4408823A0
:10C7900009F49CC00E94CE4520E030E048E052E41D
:10C7A0000F94C9BC20E030E040EA50E40F94C9BCCB
:10C7B0006C8B7D8B8E8B9F8B87E50E94E44088235A
:10C7C00009F489C00E94CE452A853B854C855D854C
:10C7D0000F94CABC20E030E04CE153E40F94CABC93
:10C7E000698F7A8F8B8F9C8F88E40E94E440882326
:10C7F00009F47AC00E94CE452C893D894E895F8913
:10C800000F94CABC20E030E048E852E40F94CABC60
:10C810006D8F7E8F8F8F98A30F94B66980912902B8
:10C8200090912A02A0912B02B0912C028093A71321
:10C830009093A813A093A913B093AA130F94BAA32B
:10C8400005EC1FE0C8010F94B0BB019609F051C080
:10C850000E5F1F4F053D8FE01807A1F7212CA6EAB8
:10C86000B3E1BAA3A9A3B987A887512C412C312CD5
:10C87000042D842D63E00F9451BC988B68847984D7
:10C8800010E0F889F11137C0812F63E00F9451BC9B
:10C89000911131C021103DC17E81733009F470C007
:10C8A0008F818E8737C01E836AE979E989E19FE32A
:10C8B0006A837B838C839D833DCF80E090E0A0E8FA
:10C8C000BFEF8A879B87AC87BD875ECF60E070E053
:10C8D00080E89FEF6DCF80E090E0A0E8BFE7898F10
:10C8E0009A8FAB8FBC8F80CF60E070E080E89FE7CD
:10C8F0008FCF2F80B4CF60E070E080EC9FE7D30152
:10C9000011966D937D938D939C931497BE81B33054
:10C91000C1F11E86812F0F9427A44B015C01802F4B
:10C920000F9414A46B017C01A50194016A857B8599
:10C930008C859D850F9453BF18160CF41AC1298D50
:10C940003A8D4B8D5C8DC501B4010F9453BF181601
:10C950000CF40FC1A70196016C897D898E899F898E
:10C960000F9453BF18160CF404C12D8D3E8D4F8DBE
:10C9700058A1C701B6010F9453BF18160CF4F9C0A3
:10C9800033941F5F24E0620E711C173009F079CFD9
:10C990006FEF461A560A888599854C96998788873D
:10C9A00097E04916510409F063CF0E94BABCA091E8
:10C9B0007A07AF83B091F703B88781E080937A0755
:10C9C0008AE0830D8093F70381E00E94C35380E0E7
:10C9D00090E0A0EAB0E48093500790935107A093B1
:10C9E0005207B093530765E575E585E591E40F942B
:10C9F0000E9780E00E94194C9CA38BA3312C832DB1
:10CA000067E00F9451BCF82E092F682F70E07F87E4
:10CA10006E8780FF03C076E0791B072F802F63E0CD
:10CA20000F9451BC911105C08F2D0F9451BC11E092
:10CA3000911110E0802F0F9427A4688B798B8A8B3B
:10CA40009B8B8F2D0F9414A44B015C018E8183303E
:10CA500009F097C01111C6C027E0AE85BF852A9F97
:10CA6000F0012B9FF00D1124E00FF11DEE0FFF1FC1
:10CA7000EE0FFF1FEA55FC4E60E070E080EC9FE790
:10CA800061837283838394833394E1E33E12B7CF4F
:10CA900080E090E0A0EAB0E48093500790935107C3
:10CAA000A0935207B093530765E575E585E591E4DA
:10CAB0000F940E970F945A37B1E33B1609F42DC229
:10CAC00080916F0391E0980F90936F03882309F48E
:10CAD000CFC160E080E00E94B9F88AEA90E10F944B
:10CAE000B21280E00F94241281E08093970284E7D1
:10CAF00094E60E94B5EE2F8120937A0768856093B3
:10CB0000F70382E00E94C3530F945A3710925E0ECF
:10CB1000D8CD011103C0112309F4BECE812F63E0EB
:10CB20000F945DBC840D952D911D880F991F8D5319
:10CB3000904F0F94B0BBBC01990F880B990B0F94C9
:10CB400030B62AE037ED43E25CE30F946FB69B0109
:10CB5000AC016091A7137091A8138091A9139091D3
:10CB6000AA130F94CABCF3016183728383839483F5
:10CB700093CEFE85FF2309F404CF222009F400CFD1
:10CB800000CF288939894A895B896A857B858C85AC
:10CB90009D850F9453BF181604F1288939894A8955
:10CBA0005B89698D7A8D8B8D9C8D0F94BFBD87FDC0
:10CBB00014C0A50194016C897D898E899F890F9489
:10CBC00053BF181654F0A50194016D8D7E8D8F8D85
:10CBD00098A10F94BFBD87FF05C0112309F454CF5E
:10CBE000211052CF10E0A7E08E859F85A89FF0010D
:10CBF000A99FF00D1124E00FF11FEE0FFF1FEE0FA4
:10CC0000FF1FEA55FC4E4180528063807480C12C26
:10CC1000D12CE0EAEE2EE0E4FE2E222051F023E3B8
:10CC200033E343EB5EE3C301B2010F94CABC6B0173
:10CC30007C01A70196016091500770915107809186
:10CC40005207909153070F94BFBD87FF10C0C09249
:10CC50005007D0925107E0925207F092530765E5D2
:10CC600075E585E591E40F940E970F945A3768891E
:10CC700079898A899B8960934807709349078093D3
:10CC80004A0790934B0780924C0790924D07A092D1
:10CC90004E07B0924F076CE477E088E497E00E947B
:10CCA000C74F60E070E086E193E40F940E970F9415
:10CCB0005A378091620E882339F07F8170937A070A
:10CCC00088858093F703FDCC812C912C70E2A72EF0
:10CCD00071ECB72E222051F02A813B814C815D817D
:10CCE000C301B2010F94C9BC4B015C01488DC50161
:10CCF000B4010F94C069811109C080ED90E79F9342
:10CD00008F930F9464BA0F900F90C2CE209150076A
:10CD1000309151074091520750915307C701B60116
:10CD20000F94C9BC20E030E0A9010F94BFBD87FF7C
:10CD300036C060E070E080EA90E460935007709342
:10CD40005107809352079093530765E575E585E594
:10CD500091E40F940E970F945A37488DC501B40192
:10CD60000F94C069882349F22091500730915107F0
:10CD7000409152075091530760E070E080EA90E4E0
:10CD80000F94C9BC2DEC3CEC4CEC5DE30F94BFBDA3
:10CD900087FF05C082ED95E10F948BBA79CEC090E4
:10CDA0005007D0905107E0905207F090530722208F
:10CDB000A1F0A7019601C301B2010F94C9BC9B0168
:10CDC000AC015F776A817B818C819D810F94BFBDAF
:10CDD00087FF03C089E995E1DFCF8FEA9FE00F94D9
:10CDE000A2BB882309F440C086EA9FE00F94A2BB4F
:10CDF0008823D1F160919A0370919B0380919C03E9
:10CE000090919D030E94A74120917F06309180065A
:10CE100040918106509182060F94C9BD9B01AC01DF
:10CE2000E7E0AE85BF85EA9FC001EB9F900D11241E
:10CE3000080F191F000F111F000F111F0A551C4E5C
:10CE4000C701B6010F94C9BCD80111966D937D93AB
:10CE50008D939C9314978091F70381508093F703EF
:10CE600081E00E94C35310CE20E030E0A901D8CF6A
:10CE700085E00F94C642C12CD12C90EAE92E90E4B3
:10CE8000F92E88E790E10F942F128EE190E00F9435
:10CE9000832E0E94415480E00F94A142182F60E03D
:10CEA00070E080E89FEB0E94FE5281E00F94A14267
:10CEB00084E00F94C519C0925007D0925107E092B8
:10CEC0005207F092530765E575E585E591E40F9407
:10CED0000E970F945A370F949619812F0F94A142F1
:10CEE00082E00F94463720E030E040EA50E40F94AF
:10CEF00053BF181634F2EF81E0937A07F885F09368
:10CF0000F70381E00E94095541E061E081E00E9461
:10CF1000056381E080938610D4CB10926F038BA1C0
:10CF20009CA10E94FF4B0F9464A360916D057091CA
:10CF30006E05072E000C880B990B0F9430B6905895
:10CF400020917F06309180064091810650918206A3
:10CF50000F94C9BD0F9480A380EC9FE00F94A2BBF7
:10CF600091E0813009F090E099834FEB5FE06CE451
:10CF7000CE0101960E94F940F82E4EEB5FE062E58B
:10CF8000CE0101960E94F940082F4DEB5FE066E468
:10CF9000CE0101960E94F940182F4CEB5FE062E44D
:10CFA000CE0101960E94F940212F110F330B082E5C
:10CFB000000C990B5C01A21AB30A8F2DFF0C990B80
:10CFC000280F391F46E0429F6001439FD00C112477
:10CFD000F12CE12C002E000C110B081B190BB701D2
:10CFE00069557C4E3B01460177E07A83D3012D9051
:10CFF0003D904D905D903D01FD013497FB87EA87A0
:10D00000B401092C000C880B990B0F9430B62FE358
:10D0100033EC4EE259E30F946FB6A20191010F94E5
:10D02000CABCAA85BB856D937D938D939C93139702
:10D03000BA81B150BA83800E911EB111D7CFCA0CFC
:10D04000DB1CECE1EE0EF11CF4ECEF16F10439F60A
:10D050000E94BABC8DE40E94E440882309F484C095
:10D060000E9476402E81273009F094C0882309F46D
:10D0700091C0BB24B394AA24AA94AB0C09A11AA111
:10D08000612C8EEF882E8B0C6A2D862D0F942FA38A
:10D0900099249394960C81116EC06B2D862D0F945C
:10D0A0002FA3C12CD12C7601712C882381F020E094
:10D0B00030E0A901D8015D966D917D918D919C9193
:10D0C00090970F94CABC6B017C0177247394682DF0
:10D0D000862D0F942FA3882369F0F8017B97208178
:10D0E000318142815381C701B6010F94CABC6B01E3
:10D0F0007C0173946A2D892D0F942FA3882361F0EE
:10D10000F8012581368147815085C701B6010F940A
:10D11000CABC6B017C0173946A2D8FEF860D0F944E
:10D120002FA3882331F1F801339720813181428187
:10D130005381C701B6010F94CABC6B017C01739483
:10D14000672D70E090E080E00F9430B69B01AC0159
:10D15000C701B6010F94C9BDD80111966D937D9397
:10D160008D939C93149707C08CEA9DE00F94A2BB0B
:10D1700079CF7110E5CF692C0C5F1F4FB7E09B1280
:10D1800083CFB394E9A1FAA17C96FAA3E9A3F8E0CE
:10D19000BF1271CF81E08093A6138FE40E94E44018
:10D1A000811103C00F94D5A39FCC0E9476408111BA
:10D1B000F9CF0E94F44B98CC8BE893E00F94382081
:10D1C0008091871090918810892B79F0E0917612E8
:10D1D000F0917712E757FF4E8081813011F0863051
:10D1E00021F484E696E20C947E5D08958091871088
:10D1F00090918810892B29F00E94DC680E94C35A04
:10D20000F5CF10927712109276121092851010922C
:10D21000841081E0809386100895EF92FF920F931F
:10D220001F93CF93DF938091A613882389F18BE21C
:10D2300096E10E947E5D85E196E10E947E5D84E03C
:10D2400096E10E947E5DC7E0DCE1C15058F1CD9FC0
:10D250007001112401E010E081E096E10E94575B2B
:10D26000F801EE0FFF1FEE0FFF1FEE0DFF1DED5536
:10D27000FC4E608171818281938145E00F94F3B20D
:10D280000F5F1F4F0830110539F70F94A6B3DDCF9C
:10D2900088E396E1DF91CF911F910F91FF90EF907E
:10D2A0000C947E5DDF91CF911F910F91FF90EF90D5
:10D2B00008958F929F92AF92BF92CF92DF92EF929A
:10D2C000FF9280916C0E811131C00F94A71D6B01EC
:10D2D0007C0120912F02222309F1409197024130D5
:10D2E000E9F08091100290911102A0911202B09188
:10D2F000130246015701881A990AAA0ABB0A30E0AC
:10D30000A8EEB3E00F9442BC86169706A806B906AD
:10D310006CF0443031F19CF44230D4F4C0921002ED
:10D32000D0921102E0921202F0921302FF90EF905D
:10D33000DF90CF90BF90AF909F908F900895453031
:10D3400069F781E899E60E94575B8DEA94E106C08F
:10D3500081E899E60E94575B8AED94E10E947E5D28
:10D36000DDCF81E899E60E94575B84EC94E1F6CF2B
:10D37000CF92DF92EF92FF920F931F93CF93DF93A1
:10D380001F921F92CDB7DEB70F94A71D0091A21771
:10D390001091A3172091A4173091A517601B710B52
:10D3A000820B930B6938734181059105D0F0809110
:10D3B0003B05811116C00F94A71D6093A2177093AF
:10D3C000A3178093A4179093A5178091AB04809323
:10D3D00014028B3418F08FEF8093AB0481E08093BC
:10D3E0003B050F94A71D0091A2171091A317209140
:10D3F000A4173091A517601B710B820B930B653638
:10D4000071058105910508F4F7C080913B058823DB
:10D4100009F4F2C00E94D65883E08A8382E08983AF
:10D4200080913802882351F087E89FE00F94A2BBD7
:10D4300091E0811101C090E0909338028091BC048A
:10D440009091BD0444970CF0A0C020E030E048E487
:10D4500052E46091660E7091670E8091680E909113
:10D46000690E0F9453BF18160CF08FC080915603AD
:10D470008F5F809356038091BE049091BF040597FF
:10D480000CF089C090915B0E80915C0E981709F4A6
:10D490007FC0E0915C0E8EE6E89FF0011124EF530F
:10D4A000F84F80818C3408F476C0809157038F5FE9
:10D4B000809357038091560381110BC080915703CD
:10D4C000811107C08091E603823019F481E08093D6
:10D4D000E6038091E603813061F40E94124D8111D0
:10D4E00008C01092E6031092D20384E794E60E94EB
:10D4F000B5EE80913802882309F46EC08091E6036E
:10D50000823009F469C086E5E82E83E0F82EFE013A
:10D5100031966F0110E002E0F70191917F01F60171
:10D5200081916F01891768F5F70131971082809119
:10D53000E603823031F10093E6030E94C14C882358
:10D5400081F10E94B64C811106C080911605882396
:10D5500029F10F94D70A113059F18DED9DE00E9409
:10D560007E5D8091D20381110CC041E070E060E0EB
:10D5700088EC90E00F94D64462E08DE693E20E943E
:10D58000C5E9113049F111E0C7CF1092560373CFAE
:10D590008091E70387CF109257038CCF0F94B31D70
:10D5A000DACF1092740E1092730E1092E303D3CF61
:10D5B00085E09EE00E947E5D8091D20381110CC0C7
:10D5C00041E070E060E088EC90E00F94D64462E0C7
:10D5D00089E593E20E94C5E9809114028093AB042F
:10D5E0000F94A71D6093A2177093A3178093A4179D
:10D5F0009093A51710923B050F900F90DF91CF915C
:10D600001F910F91FF90EF90DF90CF900C94AE5947
:10D61000CF92DF92EF92FF926B017C01C0925C038C
:10D62000D0925D03E0925E03F0925F0380917503F8
:10D630008230B1F420E030E040E950E4C7010F94BB
:10D64000BFBD87FF14C08091A3069091A406A0914E
:10D65000A506B091A606803D9740A105B10520F52D
:10D66000C701B601FF90EF90DF90CF9008952AE9AF
:10D6700039E949E95EE3C701B6010F94BFBD87FFF1
:10D680000AC020E030E048E351E4C701B6010F943E
:10D690006FB66B017C0189E59EE00E94575BC70174
:10D6A000B6010F943651DCCF2AE939E949E95EE346
:10D6B000C701B6010F94BFBD87FDE3CF20E030E086
:10D6C00040E85EE3C701B6010F946FB620E030E09A
:10D6D00048E550E40F94CABCDCCFCF92DF92EF92C2
:10D6E000FF92CF93909175039817B9F1C82FC0900E
:10D6F0005C03D0905D03E0905E03F0905F0320E058
:10D7000030E0A901C701B6010F94BFBD882341F0E5
:10D71000C092C706D092C806E092C906F092CA0627
:10D720008CE39EE00E94575BC13011F1E0F0C23003
:10D7300011F1C09375036091C7067091C80680917E
:10D74000C9069091CA060E94086B6093C706709341
:10D75000C8068093C9069093CA06CF91FF90EF90B8
:10D76000DF90CF90089584E39EE00E947E5DE1CF3C
:10D7700080E39EE0FACF8CE29EE0F7CF0F945A3719
:10D78000179AE5E4F7E01082169A1182149A80E065
:10D790000E946D6B8FEF9FEF9093880280938702BA
:10D7A0002FEF2093840290938C0280938B0220931E
:10D7B0008302909386028093850290938A028093DD
:10D7C0008902089541ED50E067EE7CE083E796E042
:10D7D0000F943CB90F9400870F94272F0F94F625D0
:10D7E0000E94EA4A81E899E60E94575B85EC9CE03A
:10D7F0000C947E5DCF93DF9367EE7CE083E796E049
:10D800000F9459B941ED50E064E170E083E796E090
:10D810000F94B6BB6091250582E09DE00F94C6BBD6
:10D82000C4E9D2E14AA55BA56CA57DA58EEF9CE07D
:10D830000F94D8BB4EA55FA568A979A982EA9CE0A0
:10D840000F94D8BB4AA95BA96CA97DA98EE99CE07D
:10D850000F94D8BB4EA95FA968AD79AD8AEF9CE063
:10D860000F94D8BB4AAD5BAD6CAD7DAD8AE99CE051
:10D870000F94D8BB6EAD7FAD88E99CE00F94E4BBFC
:10D8800040E450E06AEB7CE084ED92E10F94B6BB9B
:10D890004091141350911513609116137091171342
:10D8A00086EB9CE00F94D8BB40911813509119134C
:10D8B00060911A1370911B1382EB9CE00F94D8BBFC
:10D8C00040911C1350911D1360911E1370911F13F2
:10D8D0008EEA9CE00F94D8BB81E899E60E94575BE2
:10D8E00081E79CE0DF91CF910C947E5D2F923F9277
:10D8F0004F925F926F927F928F929F92AF92BF9260
:10D90000CF92DF92EF92FF920F931F93CF93DF930B
:10D91000CDB7DEB7A2970FB6F894DEBF0FBECDBF6E
:10D920008FE590E00E945F41882309F491C00E9436
:10D93000105B8F37910561F48091A0049091A10450
:10D9400090939F0480939E0482E69CE00E947E5DFB
:10D950001E012FE1220E311CDD24D3940E94105BA6
:10D96000181619060CF068C080915F0E882329F004
:10D970000E94B64C882309F45FC08091A7038111EF
:10D980005BC00F94ABB497FDE9CF282F8F3F09F010
:10D990007BC080914803882309F473C0D092470369
:10D9A000109248031F8E18A2C0904B03CC20B1F2F6
:10D9B000809149038F8F91E09C1518F480914A0360
:10D9C00088A310924B033AA229A289A182198C152F
:10D9D00028F6E9A1FAA11191FAA3E9A38EE493E054
:10D9E0000F94081E17FDF1CF809182109091831043
:10D9F0001A3009F44AC11D3009F447C18F35910529
:10DA00000CF048C11B3311F4D0924D0320914D030B
:10DA10002111DBCF9C012F5F3F4F30938310209368
:10DA20008210209184103091851027573F4E820F2D
:10DA3000931FFC011383C9CF8091821090918310B2
:10DA4000181619060CF45AC280917414811170C210
:10DA5000A2960FB6F894DEBF0FBECDBFDF91CF9177
:10DA60001F910F91FF90EF90DF90CF90BF90AF90FC
:10DA70009F908F907F906F905F904F903F902F90EE
:10DA80000895D09248038ECF30914703332309F491
:10DA900057C0893F09F43FC080F5863F09F448C06C
:10DAA000809146038260273F79F18DE29CE00E94DD
:10DAB000575B88E29CE00E94575B1091460384E22A
:10DAC0009CE010FD02C08FE19CE00E94575B012F9B
:10DAD00002708AE19CE011FD02C085E19CE00E9499
:10DAE000575B84E19CE00E947E5D002329F155E4B0
:10DAF00050930B021092470355CF8A3F41F080911B
:10DB0000460381602B3F89F680934603CECF8091F8
:10DB100046038E7FF9CF10924B0310924703109269
:10DB20004603109245031092480310924403BDCF60
:10DB3000809146038D7FE8CF80E280930B02DACF9D
:10DB40002091480340914603222331F1E0914B0399
:10DB500040FF49C030914403332309F440C021E021
:10DB60002E0F20934B03AE2FB0E0A75BBC4FFFEF0F
:10DB7000FC9350914503552351F0EE5FE0934B0326
:10DB8000E22FF0E0E75BFC4F5083109245033150E9
:10DB90003093440310924803E0914B0340FF6CC064
:10DBA00020914403222349F191E09E0F90934B036F
:10DBB000AE2FB0E0A75BBC4F8C93809145038823C8
:10DBC00051F0EE5FE0934B03E92FF0E0E75BFC4F91
:10DBD000808310924503215020934403E3CE22E03A
:10DBE00020934403D7CF21E02E0F20934B03F0E086
:10DBF000E75BFC4F5FEF5083CDCFA82FAF7040E0C5
:10DC000031E0AF3029F0B0E0A050BE4F4C9130E091
:10DC1000582F507F503F59F4326030FF13C0D092DC
:10DC2000440331FF0CC082E080934403BBCE829555
:10DC30008F70A82FB0E0A050BE4F2C91EECF209354
:10DC40004503B0CE81E08E0F80934B03AE2FB0E042
:10DC5000A75BBC4F4C934A3009F4A4CE31FF03C0FC
:10DC6000D09244039FCEEE5FE0934B03E82FF0E0A9
:10DC7000E75BFC4F208396CE91E09E0F90934B0381
:10DC8000F0E0E75BFC4F80838DCE009719F4109293
:10DC90004D03DECE00918410109185100D5F1F4F53
:10DCA00087579F4EFC01E00FF11F108207571F4E50
:10DCB0001A83098380914D03811103C1F80180818A
:10DCC0008E3409F08AC04AE050E0BE016F5F7F4F9A
:10DCD000C80101960F942DB72B013C01E980FA8011
:10DCE000F7018081803231F4FFEFEF1AFF0AFA82E8
:10DCF000E982F4CF80907F0390908003A09081030D
:10DD0000B0908203D501C4010196A11DB11D8415F7
:10DD10009505A605B70549F044E050E06DE57CE0C7
:10DD2000C7010F9481B9892BA1F46AE270E0C701A1
:10DD30000F94F9C19093141880931318009709F465
:10DD400045C0F801F12CE817F90771F02191F2268E
:10DD5000FACF89E599E60E94575B8BE897E00E942D
:10DD6000575BC501B40115C00E948340F81619061F
:10DD7000D9F089E599E60E94575B8CE697E00E940E
:10DD8000575B60917F037091800380918103909134
:10DD900082030F9432AF0F94A6B30E949B4010925F
:10DDA00083101092821054CEE0911318F091141841
:10DDB0001082E980FA8068E57CE0C7010F9450B9D1
:10DDC000892B39F582E39AE00E94095E89E599E69C
:10DDD0000E94575B82E497E0C2CF89819A81FC015F
:10DDE0002081203221F401969A838983F6CF6AE25A
:10DDF00070E00F94F9C1892B39F089E599E60E940A
:10DE0000575B88E197E0BBCF44244A94542C3201FD
:10DE1000D0CF44E050E063E57CE0C7010F9481B9C6
:10DE20005C01F7018081873481F480916D0E85302B
:10DE300061F086E195E00F94081EF6E0F0936D0E18
:10DE400060E085EA9FE00F94C6BBAB2821F080918B
:10DE500019058111A4CF26E077FC21E08091841080
:10DE600090918510FC01E757FF4E208349815A812C
:10DE7000F801DA0140175107A1F501900020E9F7F8
:10DE80009F01201B310B0396280F391F2D3EF1E017
:10DE90003F0779F13093851020938410809187108B
:10DEA000909188100196909388108093871077FC4A
:10DEB00008C040927F035092800360928103709269
:10DEC000820310928310109282100E94105B892BA3
:10DED00009F4BECD8FE590E00E945F41811175CDC0
:10DEE000B7CD6D9161939D01241B350B6111F9CF65
:10DEF000CACF1092851010928410D0CF80916C0EF2
:10DF000060E273E0811102C060ED77E08EE493E09F
:10DF10000F94D91D882309F497CD10924D031092C8
:10DF200083101092821088E49CE00E947E5D90CD68
:10DF300080910717882309F48BCD809182109091EE
:10DF40008310892B09F084CD8091871090918810DF
:10DF5000892B11F410924C0312E001E040918817D4
:10DF60005091891760918A1770918B178091811752
:10DF700090918217A0918317B09184174817590781
:10DF80006A077B0708F0C1C080914C038111BDC0B6
:10DF90000F94485840910C1750910D1760910E172F
:10DFA00070910F17409388175093891760938A17C1
:10DFB00070938B1720918210309183108A3061F01A
:10DFC0008D3051F0833209F487C02F35310524F4A8
:10DFD0008F3F980709F087C02115310509F438CD26
:10DFE00080910717811103C040E050E0BA01809191
:10DFF000870390918803481B590BA0918410B0911E
:10E000008510FD01E757FF4E10834183528313961D
:10E0100027573F4EF901EA0FFB1F1082A757BF4E4B
:10E02000FD0101900020E9F73197EA1BFB0BF89402
:10E03000809187109091881001969093881080931A
:10E040008710EC5F8091841090918510E80FF92F74
:10E05000F11DF0938510E0938410809107178823B9
:10E0600009F43DC08091881790918917A0918A1773
:10E07000B0918B178093870390938803A0938903B3
:10E08000B0938A03ED3EF14021F410928510109276
:10E090008410789410924D03109283101092821085
:10E0A000409188175091891760918A1770918B174A
:10E0B0008091811790918217A0918317B091841756
:10E0C000481759076A077B0700F58FE590E00E9423
:10E0D0005F41811143CFBCCC00934C037DCF80E0E6
:10E0E00090E0DC01C7CFA9014F5F5F4F50938310D1
:10E0F00040938210409184105091851047575F4E95
:10E10000240F351FF901838329CF4091881750913F
:10E11000891760918A1770918B1780918117909160
:10E120008217A0918317B0918417481759076A077F
:10E130007B0708F48DCC0E942140892B09F088CC04
:10E140000F94655185E097E00E947E5D0F94F73251
:10E150006B017C010E94504B8CE3882E912CA12CEA
:10E16000B12CC701B601A50194010F9415BCCA01D9
:10E17000B901A50194010F9415BC7F936F93C7015A
:10E18000B60120E13EE040E050E00F9415BC3F9323
:10E190002F9384E39CE09F938F938E010F5F1F4F1B
:10E1A0001F930F930F94B9BA81E899E60E94575BC9
:10E1B000C8010F94A7B4C8010E9401F80F94105D24
:10E1C000109269020FB6F894DEBF0FBECDBF8091EA
:10E1D0007514882359F00F948B5380916C0E88230B
:10E1E00009F436CC86E00F94A9B332CC81E00F94C9
:10E1F0004F5D809175148111EECFEFCFCF93DF93F8
:10E20000EC018991882319F00E943E5BFACFDF91DF
:10E21000CF910895FF920F931F93CF93DF93EC015B
:10E22000F62E662309F44BC00F9460B98C01C80127
:10E230000E945F41882309F453C08091841090911B
:10E240008510FC01E757FF4E23E0208384579F4E43
:10E25000BE01FF20E9F10F9459B981E899E60E94C7
:10E26000575B8AEF96E00E94575B809184109091F3
:10E27000851084579F4E0E94FE7088EF96E00E94A2
:10E280007E5D80918410909185100496080F191F6F
:10E290000D3E81E01807F9F010938510009384106B
:10E2A00080918710909188100196909388108093A8
:10E2B0008710DF91CF911F910F91FF900895FC017E
:10E2C00001900020E9F731978F01081B190BAFCFA0
:10E2D0000F940DC2C2CF1092851010928410E0CF1F
:10E2E00089E599E60E94575B8AEF96E00E94575BAA
:10E2F000CE01FF2059F00E94575B82E499E6DF913E
:10E30000CF911F910F91FF900C947E5D0E94FE7043
:10E31000F4CF0F931F93CF93DF93D62F8C01C0E0E0
:10E32000F8018591949161E00E940A71CF5F0E5FC0
:10E330001F4FDC13F5CFDF91CF911F910F910895FF
:10E34000CF93DF93CDB7DEB76E970FB6F894DEBFED
:10E350000FBECDBF9E012C5D3F4FF9014191519100
:10E360009F016EE170E0CE0101960F94F8BA60E073
:10E37000CE0101960E940A716E960FB6F894DEBF28
:10E380000FBECDBFDF91CF910895EF92FF920F9313
:10E390001F93CF93DF93CDB7DEB76B970FB6F8948B
:10E3A000DEBF0FBECDBF8AE59FE00F94A2BBE82E73
:10E3B0000AE01FE0F12C48E050E0FE1479F0B801CB
:10E3C000CE010E960F9492BB1E8A60E0CE010E968F
:10E3D0000F94A15AF394085F1F4FEDCF65E97FE0DA
:10E3E0008E010F5F1F4FC8010F9492BB19868EE2FA
:10E3F0008F8B43E050E061E97CE0CE0148960F94BA
:10E4000092BB1B8EBE01695E7F4FC8010F94EEC1A7
:10E410001F930F9387EF94E69F938F930E94A071B1
:10E420000F900F900F900F906B960FB6F894DEBF81
:10E430000FBECDBFDF91CF911F910F91FF90EF9055
:10E440000895BF92CF92DF92EF92FF920F931F93A6
:10E45000CF93DF93E0915F0EE111B1C0052F142F30
:10E46000E9016B017C01F8940E946B4AB0905E0E4A
:10E47000B11002C0B0905D0E0E94214A0F9488989E
:10E4800080E1E8E4F7E0ACE9B2E001900D928A9512
:10E49000E1F7BB2061F080E090E0A0E8BFEB809363
:10E4A0009C0290939D02A0939E02B0939F02809144
:10E4B000390290913A02909377038093760380918A
:10E4C000730E9091740E9093B1058093B005809176
:10E4D000710E8093B2058091E50383FB882780F954
:10E4E00080930C188091E7038093AF050E94F66833
:10E4F0001092741481E080935F0E0F94CF3778945C
:10E5000020E030E0A901C701B6010F94BFBD20E0B3
:10E5100030E0A901F8016C2F7D2F81115AC08F2F97
:10E52000902F0F94BFBD882309F449C080910C1827
:10E53000811105C061E087E794E20E940A710F93A0
:10E540001F93DF93CF938EE492E79F938F930E9464
:10E55000A0710F900F900F900F900F900F9020E0F0
:10E5600030E0A901C701B6010F94BFBD882321F196
:10E5700084E48F9388E48F931F921F922091A402CA
:10E580003091A5024091A6025091A702C701B601A1
:10E590000F94CABC9F938F937F936F9383E997E106
:10E5A0009F938F930E94A0718DB79EB70A960FB666
:10E5B000F8949EBF0FBE8DBF81E080938610DF91DF
:10E5C000CF911F910F91FF90EF90DF90CF90BF9070
:10E5D00008958F2F902F0F94BFBD882349F2A6CFA7
:10E5E00080910804882321F180914F028230E9F460
:10E5F000A0914D02B0914E0228EE33E00F94C2BCC0
:10E60000AB01BC018FE393E00F948B1E882331F0A4
:10E610006091060470E085E00C9405C480913F038E
:10E62000882331F060910704F5CF8111FBCFF0CF43
:10E6300008956091070484E39DE00F94C6BB609148
:10E64000060483E39DE00F94C6BB60914F0282E312
:10E650009DE00F94C6BB60914D0270914E0280E325
:10E660009DE00D94E4BB882361F081E080934F022C
:10E67000809107048E3118F48EE1809307040C9486
:10E68000F07282E39DE00F94A2BB80934F0284E37B
:10E690009DE00F94A2BBF1CF80910804882331F054
:10E6A0008FE393E00F9438200C94F0720895FF925A
:10E6B0000F931F93CF93DF9390910804992399F1BF
:10E6C000882351F100914F02C82FD0E0CC0FDD1FFD
:10E6D00010E0FF24F394212F30E080913F038F2539
:10E6E000023009F080E08C0F9D2F911D281739070B
:10E6F0008CF481E090914F02911180E080934F0261
:10E700000E94F07269E170E080E090E00F94BA1B23
:10E710001F5FE1CF00934F02DF91CF911F910F91C7
:10E72000FF900C944C73DF91CF911F910F91FF904C
:10E7300008950F931F93CF93DF93D82F80918E1757
:10E74000813021F0823049F0C0E04BC082E08093FC
:10E750008E170E942CC98093911710929217809166
:10E760008E17823009F092C0809193178111D2C028
:10E770000E942CC9C82F80919117C81729F3C09304
:10E78000911783E997E10F94081ECC2309F4CBC0BD
:10E7900080918F17882311F18091A80381111EC0E9
:10E7A00080919E138130D1F080915B0E90915C0E30
:10E7B000891B8F7099F40E94C14C81110FC0809108
:10E7C0006A0E843059F08FE59FE00F94A2BB81114F
:10E7D00005C061E08DEE92E00F94C9AC81E08093BA
:10E7E000921780918E17823009F04BC09FB7F89432
:10E7F000809198179FBF882309F443C08FB7F8947E
:10E80000109298178FBF0F94BF588C0180919D175D
:10E8100090919E178017910708F0DDC010939E1706
:10E8200000939D1780919B1790919C179C01265DEA
:10E83000334029353F4008F0DBC080919D1790910F
:10E840009E178D5596428737944120F461E080E011
:10E850000F94D658C8018E5293418033934108F0EB
:10E86000D8C08091A11791E0980F9093A11785309F
:10E8700008F4D1C086EB96E10F948BBA83E08093C5
:10E880008E17CC2319F081E080938F020E94124DE5
:10E890008111CFC08091730E9091740E009739F45E
:10E8A0002091710E3091720E232B09F4C2C0409159
:10E8B0003002509131026091320270913302411561
:10E8C00051056105710509F4B4C0892B31F48091BB
:10E8D000710E9091720E892B29F08091DE058823AC
:10E8E00009F40FC180916C0E882321F040EE52E3B1
:10E8F00069E270E08EED95E00F948B1E882309F499
:10E900009AC00F94612384ED90E10F94B2120F949A
:10E910004E1091C064E670E083E997E10F94D91D31
:10E92000811126CF11CFC0919017CC2309F44FC08D
:10E930008091A803811155CF80915B0E90915C0E60
:10E94000891B8F7029F40E94C14C882309F449CF98
:10E9500080915F0E81113DC080919E13813009F43A
:10E9600040CF80916A0E843009F43BCF8FE59FE061
:10E970000F94A2BB811135CF8EE598E09F938F93C2
:10E9800084E498E09F938F930F9464BA1092901749
:10E9900010928F1720E030E0A901CA01B9010E944E
:10E9A000217260E070E0CB010E94614D85E69FE03E
:10E9B0000E942F5A81E09FE00E94225A89E894E643
:10E9C0000F94D1520F900F900F900F900ACFC1E08B
:10E9D00008CFC82F06CF80919B1790919C170817DE
:10E9E000190708F01FCF10939C1700939B171ACF9D
:10E9F000863D934008F02ECF80919D1790919E17F1
:10EA0000845D9A438D31954008F024CF60E081E029
:10EA10001FCF1092A11780919717813009F031CF45
:10EA2000035D1A430E31154008F02BCF85E896E1BF
:10EA300023CF1092DE058091871090918810039764
:10EA400014F40E94766C90915B0E80915C0E981786
:10EA500081F080916D0E863061F468E873E186E1A3
:10EA600095E00F94D91D882321F086E195E00F945D
:10EA7000081E409183035091840360918503709137
:10EA80008603411551056105710509F03FC04091AC
:10EA9000340250913502609136027091370241156F
:10EAA000510561057105A9F08BE893E00F948B1E69
:10EAB000882379F090915B0E80915C0E981309C0C9
:10EAC000D11107C0179A10924507169A109246075F
:10EAD000149AC091E70390915C0E80915B0E981799
:10EAE00001F180915C0E9EE6899FF0011124EF53A5
:10EAF000F84FC08190915B0E981799F08F5F8F70DF
:10EB0000F9CF8EED95E00F94382095CF8BE893E008
:10EB10000F948B1E882309F4BACF87EE96E10E94EA
:10EB2000095ECC2309F49FC0809171039091720318
:10EB3000A0917303B0917403892B8A2B8B2B81F4E2
:10EB40000F94A71D605E7C4F8F4F9F4F60937103A2
:10EB5000709372038093730390937403CFEF0FC08D
:10EB60000F94A71D009171031091720320917303FC
:10EB700030917403601771078207930778F38091CF
:10EB80003B05882309F478C0C093140280911405D2
:10EB9000811107C081E0809314050F948076109254
:10EBA00014058091D7058823E1F11092D70580E004
:10EBB0000E9457734FB7F8948091D505282F082EDF
:10EBC000000C330B37FF03C03195219531092430F8
:10EBD00031050CF454C0982F87FF02C093E0980FC2
:10EBE000959595952091710630917206290F311DEA
:10EBF00097FD3A953093720620937106837887FFCC
:10EC000003C081508C6F8F5F8093D5054FBF86E026
:10EC10000F94C64280918F02811103C081E08093DE
:10EC20008F020E94F0728091D805882361F00E94C3
:10EC30004157E0911B04F0911C04309721F0809122
:10EC40009002811119950E945B5D0E94596940E311
:10EC500055E760E070E08FE993E0DF91CF911F917D
:10EC60000F910D948B1E10927103109272031092EB
:10EC700073031092740383CFC093AB0487CF1092B9
:10EC8000D5054FBF80E0C4CFCF93DF93EC010F9445
:10EC9000AA2C81E00E94997380E00E94C3532097C0
:10ECA00099F0C233D10540F062E370E080E090E07B
:10ECB0000F94BA1BE297EBCFBE0190E080E00F9477
:10ECC000BA1BD0E0C0E0E3CFDF91CF910895CF939E
:10ECD000DF93C82FDFEF0F94AA2C81E00E94997375
:10ECE00080919C138F3FD9F480913113843021F4AB
:10ECF000809134138111EFCF80916F139091701335
:10ED0000019749F780919613909197138932904813
:10ED100011F360E089E290E80F94805FDCCFD0933C
:10ED20009C13853039F4CF3FF9F261E08C2F0F94BA
:10ED3000137DD1CF8430C1F6DF91CF9108951F921A
:10ED40000F920FB60F9211240BB60F922F933F9391
:10ED50004F935F936F937F938F939F93AF93BF93E3
:10ED6000EF93FF932091780030917900E0913E037A
:10ED7000F0E0EE0FFF1FE25DFC4F80819181820F7A
:10ED8000931F9183808380912D038F5F80932D0348
:10ED9000803109F060C080913E038F5F80933E0315
:10EDA000883009F050C080912E0390912F039093EA
:10EDB0000C0680930B06809132039091330390935D
:10EDC0000A0680930906809134039091350390934D
:10EDD0000806809307068091380390913903909339
:10EDE0001606809315068091360390913703909311
:10EDF0005D0680935C0680913C0390913D03909367
:10EE00005B0680935A0680913A0390913B0390935E
:10EE10009A178093991781E080939817809324051F
:10EE2000FF91EF91BF91AF919F918F917F916F91E2
:10EE30005F914F913F912F910F900BBE0F900FBE9E
:10EE40000F901F90189580912C034FE553E08F5F32
:10EE500041F410922C0380917A00806480937A00B0
:10EE6000DFCF9A01082E02C0359527950A94E2F764
:10EE700020FFEDCF80932C030E94614010922D0360
:10EE8000EACFCF93DF93CAE7D0E088818F7B888376
:10EE900010922D0310923E0310922C0380E00E94EA
:10EEA0006140EEE2F3E080E1DF011D928A95E9F72F
:10EEB000888180648883DF91CF9108954F925F921B
:10EEC0006F927F928F929F92AF92BF92EF92FF923A
:10EED0000F931F93CF93DF931F92CDB7DEB744E01C
:10EEE00050E064E170E083E796E00F9492BB43E06A
:10EEF00050E067EE7CE083E796E00F9481B9892BC0
:10EF000009F0A0C1EBEAFDE045915591659174913E
:10EF100088ED90E00E945849EFEAFDE04591559157
:10EF2000659174918CED90E00E945849E3EBFDE00F
:10EF3000649180EE90E00E94105AE4EBFDE0659150
:10EF4000749181EE90E00E94F859E6EBFDE0659146
:10EF5000749183EE90E00E94F859E7EAFDE0459154
:10EF600055916591749184ED90E00E94584943E871
:10EF70005DE060E170E080EB90E00E94D95943E9E8
:10EF80005DE060E170E080EC90E00E94D95943EAD6
:10EF90005DE064E070E080ED90E00E94D95941EDC1
:10EFA00050E064E170E083E796E00F9492BB0E942A
:10EFB000EA4A03E716E08FE0E82E87E0F82E94ECAB
:10EFC000892E99E0992EA12CB12C20EC422E23E021
:10EFD000522E612C712C20E030E048E453E4F8011B
:10EFE00064897589868997890F9453BF18164CF4E4
:10EFF00080E090E0A8E4B3E4F801848B958BA68BC5
:10F00000B78BF70161917191819191917F0120E01E
:10F0100030E048EC52E40F9453BF181654F480E0EB
:10F0200090E0A8ECB2E4F701349780839183A28347
:10F03000B383F80184A195A1A6A1B7A1853C99400D
:10F04000A105B10528F0F80184A295A2A6A2B7A255
:10F05000F70184859585A685B785813C9340A105F8
:10F06000B10528F0F70144865586668677860C5FE1
:10F070001F4FF6E00B371F0709F0ADCF60912F0748
:10F0800070E080E00F94E7186091300770E081E055
:10F090000F94E7186091310770E082E00F94E71851
:10F0A0006091320770E083E00F94E7180F940087B7
:10F0B0000F94272FCE0101960F94E82544E350E8E2
:10F0C00067EB7AEB82EA9CE00E94584946E656E6F6
:10F0D00066E87FE38EE99CE00E9458494AE959E9D5
:10F0E00069E17EE38AE99CE00E9458496EE071E0A4
:10F0F00088E99CE00E94F85961E087E99CE00E9461
:10F10000105A82E09DE00F94A2BB91E0811101C0F2
:10F1100090E0909325058EEF9CE00F94AABB60933E
:10F12000BE127093BF128093C0129093C11282EAF4
:10F130009CE00F94AABB6093C2127093C312809399
:10F14000C4129093C5128EE99CE00F94AABB609301
:10F15000C6127093C7128093C8129093C9128AEF97
:10F160009CE00F94AABB6093CA127093CB12809359
:10F17000CC129093CD128AE99CE00F94AABB6093C5
:10F18000CE127093CF128093D0129093D11288E94F
:10F190009CE00F94B0BB0F94CB2240E450E06AEBAC
:10F1A0007CE084ED92E10F9492BB86EB9CE00F949F
:10F1B000AABB609314137093151380931613909346
:10F1C000171382EB9CE00F94AABB60931813709303
:10F1D000191380931A1390931B138EEA9CE00F94DB
:10F1E000AABB60931C1370931D1380931E139093FE
:10F1F0001F130F94EA22811106C081E89CE00E944F
:10F200007E5D0F94F6250F945223CE0101960F9444
:10F21000DB2581E899E60E94575B8BEA9CE00E941F
:10F220007E5D81E00F90DF91CF911F910F91FF9054
:10F23000EF90BF90AF909F908F907F906F905F9076
:10F240004F9008950E94E26B64E070E084E190E0EA
:10F250000E94C94091E08927E5CF2F923F924F92BB
:10F260005F926F927F928F929F92AF92BF92CF9256
:10F27000DF92EF92FF920F931F93CF93DF93CDB75F
:10F28000DEB7CF58D1090FB6F894DEBF0FBECDBFA1
:10F2900082E080939702A0907612B0907712850159
:10F2A00004571F4E46E050E06FE072E2C8010F9431
:10F2B00081B9892B09F0B5C080E092E20F94A18654
:10F2C000882309F48EC088E50E94E440182F89E560
:10F2D0000E94E440811112600F945A371A821982F9
:10F2E000FE01339683E1DF011D928A95E9F748EC30
:10F2F0005FEA60E070E08AE793E00F948B1E811173
:10F3000010927903009179030F5F009379038AE7E4
:10F3100093E00F94382080917803812B80937803B9
:10F3200010FF08C086E69FE00E942F5A85E09FE00C
:10F330000E94225A11FF08C088E69FE00E942F5ABF
:10F3400083E09FE00E94225A81E00E94095582E0FA
:10F350000E94C353612FCE0101960E94BA45CE018F
:10F3600001960E9401F840E061E081E00E9405639F
:10F3700061E080E99EE1033048F11092740E109232
:10F38000730E80E00E9409550E942F54609178030B
:10F39000CE0101960E94BA4510927803CE010196E3
:10F3A0000E94EF564AE55AE261E080E00E94105464
:10F3B0008FE30E94EB5340E060E090E080E00F9428
:10F3C0001C1261E081110AC082E89EE10E940A716C
:10F3D00081E0809397020E94DC68D3C385E79EE1B9
:10F3E000F5CF82EF91E20F94A186882369F00E9405
:10F3F000B64C811106C060E070E080E89FE30E9497
:10F40000614D0F94421AE4CF85EE91E20F94A186EC
:10F410008823F1F20F94421A60E080E00E94B9F86C
:10F42000D7CF44E050E060EE71E2C8010F9481B99B
:10F43000892B09F0FCC0850100571F4E49E050E0C0
:10F4400066ED71E2C8010F9481B9892BC9F4F50109
:10F45000E756FF4E1081153489F01855143008F026
:10F46000B7CF4AE050E070E060E0C50186569F4E9D
:10F470000F942DB7812F0F943A65AACF13E0F1CFE7
:10F4800049E050E06CEC71E2C8010F9481B9892B1E
:10F4900051F5F501E756FF4E1081153411F118555D
:10F4A000143008F095CF4AE050E070E060E0C5010C
:10F4B00086569F4E0F942DB7E12FF0E0E350FB4F9F
:10F4C000808140E051E002C0569547958A95E2F769
:10F4D000842F880F880F81506823812F0F945168E3
:10F4E00077CF13E0E0CF49E050E062EC71E2C80171
:10F4F0000F9481B9892B09F06BCFF501E756FF4EC8
:10F500008081853409F490C018EAC12EC80EB3E09A
:10F51000BC1508F45DCFEC2CF12C4701880C991C2C
:10F52000F401E558FD4F0081202F2F70102F129508
:10F530001770001F0027001F61816770660F062B80
:10F54000F401E458FD4FD080D694D694D694ED2D96
:10F55000E370DE2E1A821982C50186569F4EDC01A9
:10F560003C91B22E3323E1F14AE050E0BE016F5FDF
:10F570007F4F0F942DB76F70B62E89819A810097B7
:10F5800079F1FC012081222359F14AE050E0BE01CB
:10F590006F5F7F4F0F942DB7162F177089819A8157
:10F5A0000097F1F0DC012C912223D1F04AE050E0E9
:10F5B000BE016F5F7F4F0F942DB7062F0F708981AB
:10F5C0009A81009769F0FC012081222349F04AE0EA
:10F5D00050E0BE016F5F7F4F0F942DB76370D62E42
:10F5E000F401E558FD4F17701295107F602F679555
:10F5F000662767951B29162B1083602F669501815E
:10F60000007E2D2D2370D22EDD0CDD0CDD0C062BA3
:10F61000D02AD182F701E350FB4F50E040E06081F7
:10F620008C2D0F947C18D4CEB3E0CB2E74CF45E054
:10F6300050E06CEB71E2C8010F9481B9892B09F09D
:10F64000D9C180916C0E882309F448C081E79EE1FE
:10F650000F94A186882379F0809115181F928F93BB
:10F660008DEA99E09F938F930F9464BA0F900F9057
:10F670000F900F90ADCE8DE69EE10F94A18688236A
:10F6800019F010921D04A4CE8AE69EE10F94A18683
:10F69000882321F1809113189091141861E003964A
:10F6A0000F94D85B0F9448588C0180910C1790915F
:10F6B0000D17A0910E17B0910F1780938817909394
:10F6C0008917A0938A17B0938B17802F0E943E5BF7
:10F6D0000A30110539F70F9465517ACE82EB91E229
:10F6E0000F94A186882309F43CC010923B0514E6D0
:10F6F000C12CD12C76016F9A779864E170E080E09C
:10F7000090E00F94BA1B0F94941B4B015C01F8948A
:10F710006F98679BFECF78940F94941BDC01CB010C
:10F7200088199909AA09BB09C816D906EA06FB0671
:10F7300010F46C017D011150F1F68FE59EE10E94FD
:10F74000575B8BE59EE135EFC31631E0D306E1044C
:10F75000F10410F488E59EE10E947E5D6F98779A2F
:10F7600037CE8EEA91E20F94A186882321F1409151
:10F77000BE045091BF042CE3249FC001259F900D2F
:10F7800011249F938F934091BC045091BD04249FFA
:10F79000C001259F900D11249F938F938DEF9BE0C7
:10F7A0009F938F930F9464BA0F900F900F900F90C8
:10F7B0000F900F900DCE89EA91E20F94A1868823D5
:10F7C00011F18CE89FE00F94A2BB811110C061E0A1
:10F7D00083EF94E60E940A7160E085EA9FE00F944F
:10F7E000C6BB60E08FE79CE00F94C6BBF1CD8130D3
:10F7F00009F0EECD0F94FF3686E195E00F94081ED8
:10F800000F94B31DE5CD82EA91E20F94A18688237F
:10F8100021F080E00E94B7FEDBCD8CE991E20F94ED
:10F82000A186882351F01092FC1F1092FD1F1092A8
:10F83000FE1F1092FF1F0E947D4C89E991E20F94F8
:10F84000A1868823A9F044E150E065E17DE0CE0186
:10F8500001960F9492BB8C89882329F08EE891E25F
:10F860000F948BBAB5CDCE0101960F9431C2B0CDB5
:10F870008AE891E20F94A186882329F08EE791E22D
:10F880000E947E5DA5CD8AE791E20F94A186882330
:10F8900019F085E591E2F4CF80E591E20F94A1861D
:10F8A000811196CD8DE491E20F94A186882379F0A1
:10F8B00081EA9DE00F94A2BB4BE0849FC00111241C
:10F8C00070E060E0805B924F0F94E4BB81CD8AE4EE
:10F8D00091E20F94A186882351F00E942F5440E0BA
:10F8E00070E060E084E690E00F94D64471CD86E449
:10F8F00091E20F94A1868823E1F086E50E94E4401E
:10F90000882309F465CD0E94834011E0892B09F416
:10F9100010E00F945A378091A61390E0181719063B
:10F9200009F456CD1093A61380E597E00F949287C3
:10F930004FCD8FE391E20F94A186882309F448CD3F
:10F9400084E40E94E4408823A1F00E94CE4520E098
:10F9500030E04AE754E40F946FB620E030E040E036
:10F960005FE30F94CABC0F9442BECB010E9438F9EA
:10F970002FCD8BE391E20F94A186882321F0809113
:10F980006C0E811112C085EA9DE00F94B0BBBC01E2
:10F9900090E080E00F942EB620E030E04AE754E497
:10F9A0000F94C9BD0F94365113CD809113189091C7
:10F9B0001418029690931418809313180E94CE4541
:10F9C0006B017C016FEF87EA9DE00F94C6BB20E0DE
:10F9D00030E04AE754E4C701B6010F946FB620E067
:10F9E00030E040E05FE30F94CABC0F9442BE85EA6A
:10F9F0009DE06ACFD8018C91873411F00C94AF88C8
:10FA000010931418009313180E9483409093990345
:10FA1000809398038B34910509F4D0C60CF049C14A
:10FA20008430910509F422C60CF0C5C097FDCFC003
:10FA300002970CF0A0C10E94813F8C010E94F54604
:10FA400060916506709166068091670690916806E0
:10FA50000F942EB66B017C014090540750905507CF
:10FA600060905607709057078090630590906405EA
:10FA7000A0906505B0906605A5019401C301B2018F
:10FA80000F94C9BC20E030E048EC52E40F946FB60C
:10FA90009B01AC01C701B6010F9453BF1816D4F4F3
:10FAA000A3019201C501B4010F94C9BC20E030E06C
:10FAB00048EC52E40F946FB6A70196010F94CABCAC
:10FAC0000F9442BE60936506709366068093670646
:10FAD000909368068091F506882309F444C188E56F
:10FAE0000E94E44081113FC189E50E94E4408111F8
:10FAF0003AC18AE50E94E440811135C185E40E9443
:10FB0000E440882309F42FC1209154073091550710
:10FB100040915607509157076091630570916405B5
:10FB200080916505909166050F94C9BC6B017C01BD
:10FB30002DEC3CEC4CEC5DEB0F94BFBD87FF05C199
:10FB40008091440781110C9410B00F945A37809122
:10FB5000630590916405A0916505B0916605809359
:10FB6000540790935507A0935607B093570784E521
:10FB700097E00F945F879091440781E089270F9465
:10FB8000D666C157DF4F0FB6F894DEBF0FBECDBFAC
:10FB9000DF91CF911F910F91FF90EF90DF90CF9069
:10FBA000BF90AF909F908F907F906F905F904F909D
:10FBB0003F902F9008958531910509F4D7C0FCF44A
:10FBC0008A30910509F49BC50B9709F49CC5809177
:10FBD00076129091771284579F4E9F938F931F9226
:10FBE00087E48F938FE19BE09F938F930F9464BA88
:10FBF0000F900F900F900F900F900F90B7C08C3117
:10FC0000910509F482C54E9711F70F945A3781E098
:10FC100080935D0E0E94194C8C0180E090E0A8E476
:10FC2000B4E48093910290939202A0939302B093D4
:10FC3000940243E060E070E080E291EC0F94C069D0
:10FC4000809153078F93809152078F938091510732
:10FC50008F93809150078F9380914F078F9380915E
:10FC60004E078F9380914D078F9380914C078F9310
:10FC700080914B078F9380914A078F93809149071A
:10FC80008F93809148078F938DEC94E59F938F938A
:10FC900088ED9BE09F938F930F9464BAC8010E94F4
:10FCA000FF4B10925D0E0FB6F894DEBF0FBECDBFB6
:10FCB0005DC08835910509F459C0F4F4813591058A
:10FCC00011F40C94FE875CF48C34910509F499C509
:10FCD0008035910509F07BCF0E942A6347C08635A5
:10FCE000910511F40C9402888735910509F06FCFC6
:10FCF00080E10E94A1CB3AC08C35910511F40C949F
:10FD00000E8874F48A35910511F40C9407888B35AC
:10FD1000910509F05CCF8091E50387600C940A8817
:10FD20008236910511F40C949C888336910509F074
:10FD30004ECF10926C0E60E084EC9FE00F94C6BB37
:10FD400082E00E94C3530C94AB882DEC3CEC4CEC4D
:10FD50005DE3C701B6010F9453BF181624F48091D8
:10FD600044078111F2CEC8010E94255110929903D7
:10FD7000109298032DCB0E94813FE0969FAF8EAFEB
:10FD8000E0970E94F54689E40E94E440882309F444
:10FD900000C40E94CE4560939003709391038093BA
:10FDA0009203909393038AE40E94E440C12CD12CE7
:10FDB0007601882321F00E94CE456B017C01C09220
:10FDC0009403D0929503E0929603F0929703E0910A
:10FDD0009803F0919903C257DF4FF983E883CE5817
:10FDE000D0408090900390909103A0909203B090A7
:10FDF0009303A7019601C501B4010F9466BFAE96A7
:10FE00006CAF7DAF8EAF9FAFAE97609139027091AE
:10FE10003A02072E000C880B990B0F9430B62091F4
:10FE200091023091920240919302509194020F946A
:10FE30006FB62EE333EC4EE259E30F946FB6AA96F9
:10FE40006CAF7DAF8EAF9FAFAA9780E1E8E4F7E09B
:10FE5000DE01119601900D928A95E1F7A5019401BA
:10FE600050586E962CAF3DAF4EAF5FAF6E97D70137
:10FE7000C601B0586A968CAF9DAFAEAFBFAF6A9760
:10FE800029813A814B815C81E6962CAF3DAF4EAF24
:10FE90005FAFE697C501B4010F94CABCEA966CAF98
:10FEA0007DAF8EAF9FAFEA978D819E81AF81B88580
:10FEB000EE968CAF9DAFAEAFBFAFEE979C01AD019C
:10FEC000C701B6010F94CABCCE57DF4F6883798350
:10FED0008A839B83C258D04029853A854B855C85AF
:10FEE00060915F0570916005809161059091620558
:10FEF0000F94C9BCC258DF4F688379838A839B8380
:10FF0000CE57D04020915705309158054091590562
:10FF100050915A05CA57DF4F288339834A835B8340
:10FF2000C658D040EA962CAD3DAD4EAD5FADEA97D8
:10FF3000CA57DF4F688179818A819B81C658D0403A
:10FF40000F94C9BC6B017C0180915B0590915C05AD
:10FF5000A0915D05B0915E05C657DF4F88839983F8
:10FF6000AA83BB83CA58D040CE57DF4F288139813E
:10FF70004A815B81C258D040BC01CD010F94C9BCFD
:10FF80004B015C013090370720903807909139077A
:10FF90006F969FAF6F97A0913A07A396AFAFA397C5
:10FFA000A70196016E966CAD7DAD8EAD9FAD6E973F
:10FFB0000F946FB62B013C01A50194016A966CADBC
:10FFC0007DAD8EAD9FAD6A970F946FB69B01AC016E
:10FFD000C301B2010F94CABC2B013C01A5019401DD
:10FFE0006E966CAD7DAD8EAD9FAD6E970F946FB676
:10FFF0004B015C01A70196016A966CAD7DAD8EAD9B
:020000021000EC
:100000009FAD6A970F946FB69B01AC01C501B40117
:100010000F94C9BCA30192010F9449BD6B017C01EF
:1000200020E030E0A9010F94BFBD87FF0AC02BED8F
:100030003FE049EC50E4C701B6010F94CABC6B0124
:100040007C0160914007709141076115710509F4C9
:10005000A4C290E080E00F942EB69B01AC016BED42
:100060007FE089EC90E40F94C9BDAE962CAD3DAD18
:100070004EAD5FADAE970F946FB65B018C01609192
:1000800042077091430761157105F1F090E080E03F
:100090000F942EB620E030E040E752E40F946FB6A4
:1000A0009B01AC01AA966CAD7DAD8EAD9FADAA97BC
:1000B0000F94C9BD3B014C019501A8010F94BFBD30
:1000C00087FF02C05301840140903B0750903C07DA
:1000D00060903D0770903E079501A801B201C301F1
:1000E0000F9453BF1816C4F09501A801632D722D0B
:1000F0006F968FAD6F97A3969FADA3970F94BFBDDB
:100100002501380187FF08C0432C522C6F966FAC35
:100110006F97A3967FACA397C257DF4FE881F98111
:10012000CE58D040329751F42BED3FE049EC50E4EB
:10013000C701B6010F94C9BC6B017C01CA57DF4FE0
:10014000288139814A815B81C658D040E6966CADE2
:100150007DAD8EAD9FADE6970F94BFBD811125C0DB
:10016000C657DF4F288139814A815B81CA58D04008
:10017000EE966CAD7DAD8EAD9FADEE970F94BFBD8D
:10018000811113C020E030E0A901C701B6010F942E
:10019000BFBD81110AC02BED3FE049EC50E4C7011F
:1001A000B6010F94CABC6B017C01A7019601AE9603
:1001B0006CAD7DAD8EAD9FADAE970F946FB6C2584E
:1001C000DF4F288139814A815B81CE57D0400F941F
:1001D00066BF4B015C012FE632E143E85AE30F941E
:1001E000BFBD87FDCFC19201A301C501B4010F942A
:1001F000C9BD0F94A8BD0F9442BEA4967FAF6EAF49
:10020000A4976230710508F48BC1E0964EAD5FADE6
:10021000E097452B09F484C150913F076F965FAF7B
:100220006F9790E080E00F942EB64B015C01AC011B
:100230009B01C701B6010F94C9BD2B013C01A5016B
:100240009401C258DF4F688179818A819B81CE57A2
:10025000D0400F94C9BDEE966CAF7DAF8EAF9FAF0F
:10026000EE972D853E854F85588960916305709185
:10027000640580916505909166050F94C9BCA50140
:1002800094010F94C9BDC258DF4F688379838A8374
:100290009B83CE57D040A3019201C301B2010F94BA
:1002A0006FB66B017C01AC019B01C301B2010F94DD
:1002B0006FB620E030E040EC50E40F94C9BD9B01E4
:1002C000AC01C301B2010F94C9BCAE966CAF7DAF57
:1002D0008EAF9FAFAE9720E030E040E05FE3C70114
:1002E000B6010F946FB69B01AC0160E070E080E84E
:1002F0009FE30F94C9BCE6966CAF7DAF8EAF9FAF06
:10030000E69722242394312C6F968FAD6F9781113D
:100310004DC1B10190E080E00F942EB6A30192018F
:100320000F946FB66B017C010F94C4BD6A966CAFDD
:100330007DAF8EAF9FAF6A97C701B6010F948AC099
:100340004B015C01C0909003D0909103E090920328
:10035000F0909303F7FAF094F7F8F0942091940357
:10036000309195034091960350919703A2962CAF3C
:100370003DAF4EAF5FAFA297A70196016A966CADF5
:100380007DAD8EAD9FAD6A970F946FB66E966CAFD4
:100390007DAF8EAF9FAF6E97A2962CAD3DAD4EADAB
:1003A0005FADA297C501B4010F946FB69B01AC017C
:1003B0006E966CAD7DAD8EAD9FAD6E970F94CABC41
:1003C0006E966CAF7DAF8EAF9FAF6E97A701960113
:1003D000C501B4010F946FB66B017C01A2962CADE0
:1003E0003DAD4EAD5FADA2976A966CAD7DAD8EAD65
:1003F0009FAD6A970F946FB69B01AC01C701B60120
:100400000F94C9BC6A966CAF7DAF8EAF9FAF6A97F1
:1004100030913F076F963FAF6F976E962CAD3DAD15
:100420004EAD5FAD6E97EA966CAD7DAD8EAD9FAD76
:10043000EA970F94CABC69837A838B839C836A96FC
:100440002CAD3DAD4EAD5FAD6A97CE57DF4F6881A5
:1004500079818A819B81C258D0400F94CABC6D8338
:100460007E838F839887EE962CAD3DAD4EAD5FAD0C
:10047000EE9769857A858B859C850F94CABC6987C0
:100480007A878B879C87C258DF4F288139814A81C0
:100490005B81CE57D0406D857E858F8598890F947E
:1004A000CABC6D877E878F87988BCE0101960E948C
:1004B000E650E0968EAD9FADE0972816390608F11C
:1004C000E984FA840B851C852D813E814F815885F6
:1004D00069817A818B819C813F922F92A8E4B7E059
:1004E000BF93AF93AA968CAC9DACAEACBFACAA97B1
:1004F000DE011D966D010F94B9870F900F900F903C
:100500000F908091620E81113DC0BFEF2B1A3B0A04
:10051000A496EEADFFADA497E215F30509F0F4CE75
:1005200087E595E00E94E650E0905F05F090600559
:10053000009161051091620520915B0530915C0589
:1005400040915D0550915E05609157057091580589
:100550008091590590915A051F921F92E8E4F7E0A7
:10056000FF93EF93AA968CAC9DACAEACBFACAA97B0
:10057000E3E6CE2EE5E0DE2E0F94B9870F900F90C4
:100580000F900F900E940D408BE893E00F9438205D
:10059000EDCB60E070E0CB01FECBA32CB22C6F96CC
:1005A0000FAD6F97A3961FADA39769CD6F964FAD13
:1005B0006F9741506F964FAF6F97AE962CAD3DAD94
:1005C0004EAD5FADAE976E966CAD7DAD8EAD9FAD11
:1005D0006E970F946FB66B017C01E6962CAD3DAD26
:1005E0004EAD5FADE6976A966CAD7DAD8EAD9FADBD
:1005F0006A970F946FB69B01AC01C701B6010F94C7
:10060000CABC7B018C01E6962CAD3DAD4EAD5FAD15
:10061000E6976E966CAD7DAD8EAD9FAD6E970F94E7
:100620006FB64B015C01AE962CAD3DAD4EAD5FADEE
:10063000AE976A966CAD7DAD8EAD9FAD6A970F9407
:100640006FB69B01AC01C501B4010F94C9BC6E9695
:100650006CAF7DAF8EAF9FAF6E97C701D8016A9622
:100660008CAF9DAFAEAFBFAF6A97D7CE80E50E948B
:10067000E440C12CD12C7601882331F00E94CE4574
:100680000F9442BE6B017C0183E50E94E440882305
:1006900061F00E94CE4520E030E04AE754E40F9438
:1006A0006FB60F9442BE6B017C01C114D104E1040A
:1006B000F10441F080917A07873021F084EF9BE0CC
:1006C0000E94B5EE0F945A370F94A71DC60ED71E81
:1006D000E81EF91E8BE893E00F9438200F94A71DB5
:1006E0006C157D058E059F0508F040CB0F94AA2C54
:1006F00080E00E94997380E00E94C353EFCF81E0B5
:100700000F94D66633CB80E0FBCF88E50E94E440AF
:10071000382E412C512C3201882321F00E94904028
:100720002B013C0189E50E94E440282E882309F42E
:100730003EC00E9490406E966CAF7DAF8EAF9FAF73
:100740006E978AE50E94E440D82E812C912C5401AA
:10075000882321F00E9490404B015C0187E50E94B4
:10076000E44067968FAF679783E40E94E440679602
:10077000FFAD6797FF938F93CD2C6E96ECACFDACDD
:100780000EAD1FAD6E97222DB301A201832D0E94E5
:1007900024610F900F903110E9CA2110E7CA6796C3
:1007A0002FAD67972111E2CAD110E0CA95CA6E96A3
:1007B0001CAE1DAE1EAE1FAE6E97C3CF08E210E09A
:1007C0007FECE72E7BE0F72E602F70E090E080E07A
:1007D0000F942EB60E94A7419F938F937F936F93A0
:1007E0001F930F93FF92EF920F9464BA0F5F1F4F06
:1007F0000FB6F894DEBF0FBECDBF0F36110521F73F
:10080000B5CA20E030E040E251E460919A03709173
:100810009B0380919C0390919D030F9453BF87FF8E
:1008200005C087E291E20E947E5DA0CA82E00E943C
:1008300080DD811105C08BE894E10F94B21296CA55
:1008400080914507882341F080914607882321F055
:1008500010914707111108C081E0809386108BE743
:1008600094E20F94D15282CA84E494E10F94B212BC
:1008700041E060E086EC94E30F941C1281115FC0AC
:1008800080E090E0A0EAB0E4809350079093510795
:10089000A0935207B093530760E070E088E492E4BD
:1008A0000F940E9780E090E0A8E4B2E480935007A4
:1008B00090935107A0935207B093530780E090E0C4
:1008C000A4E3B3E480934C0790934D07A0934E07A5
:1008D000B0934F0760E070E088E492E40F940E97C5
:1008E0000F945A3789E794E30F94B212EEE2FEE3D5
:1008F00085919591A591B49180934C0790934D0764
:10090000A0934E07B0934F07EAE2FEE385919591DD
:10091000A591B4918093480790934907A0934A0703
:10092000B0934B0760E070E088E492E40F940E9778
:100930000F945A3741E060E080E00E94056320E0B8
:1009400030E04CE052E460919A0370919B038091F7
:100950009C0390919D030F9453BF18160CF075C023
:1009600080916C0E811171C080E090E0A8ECB2E43F
:100970008093500790935107A0935207B093530769
:1009800060E070E088E492E40F940E970F94612386
:1009900019821A821B821C821D82CE0101960F943D
:1009A000382003E260E5E62E6EE1F62E20E030E02E
:1009B0004CE052E460919A0370919B0380919C03F8
:1009C00090919D030F9453BF1816B4F58EEF93E1E9
:1009D0000F942F1242E864E080E00E941C541F92A2
:1009E0000F9360919A0370919B0380919C03909167
:1009F0009D030F943BBE7F936F93FF92EF920E94F3
:100A0000D55381E80E94EB5388EE93E00E94447630
:100A10000E94655B40E053E567E070E0CE0101961F
:100A20000F948B1E0F900F900F900F900F900F90C0
:100A3000882309F4BBCF10E081E00E940955111111
:100A400004C080E00F94C51491C90F945A3781E017
:100A500080935D0E0E94095589E091E20E947E5DBF
:100A600080909A0390909B03A0909C03B0909D036C
:100A700020E030E040EA50E4C501B4010F94C9BD64
:100A80000F943BBE25E0269FA001279F500D112407
:100A9000BA01550F880B990B0F9430B61B017C01DE
:100AA00020E030E04CE052E40F94BFBD87FF06C069
:100AB000212C312C4CE0E42E52E4F52E222D332D46
:100AC0004E2D5F2DC501B4010F9453BF181664F469
:100AD00020E030E040EA50E4622D732D8E2D9F2DF2
:100AE0000F94CABC1B017C01FF92EF923F922F92A0
:100AF00086EB9BE09F938F930F9464BA20E030E0E5
:100B000040EF51E4622D732D8E2D9F2D0F94C9BCA3
:100B100020E030E04CE852E40F94CABC0F943BBE96
:100B20007093720E6093710E84E080937A0781E077
:100B30008093F7038CEB98E20E94B5EE80E090E0A2
:100B4000A0EAB0E48093500790935107A093520716
:100B5000B093530760E070E088E492E40F940E973E
:100B600080E090E0A0EAB1E48093480790934907C1
:100B7000A0934A07B0934B0780E090E0A0E7B2E46F
:100B800080934C0790934D07A0934E07B0934F0767
:100B900060E070E088E492E40F940E978AE999E9A6
:100BA000A9E1BEE38093500790935107A0935207A9
:100BB000B093530760E070E088E492E40F940E97DE
:100BC0000F945A370F900F900F900F900F900F9037
:100BD00020919A0330919B0340919C0350919D0377
:100BE000622D732D8E2D9F2D0F9453BF18163CF43C
:100BF00088EE93E00E9444760E94655BE9CF60E056
:100C000086EA9FE00F94C6BB80E090E0A0EAB0E4E3
:100C10008093500790935107A0935207B0935307C6
:100C200060E070E088E492E40F940E97EAE2FEE35D
:100C300085919591A591B491809348079093490728
:100C4000A0934A07B0934B07EEE2FEE3859195919E
:100C5000A591B49180934C0790934D07A0934E07B4
:100C6000B0934F0760E070E088E492E40F940E9731
:100C70000F945A3743E060E070E080E89FEB0F94F8
:100C8000C069811105C00F94C51410925D0E6EC825
:100C90009091500767969FAF6797A09151076B9609
:100CA000AFAF6B97B09152076F96BFAF6F97E09160
:100CB0005307A796EFAFA797EF93BF93AF939F9379
:100CC00089EA9BE09F938F930F9464BA0F900F90E3
:100CD0000F900F900F900F902EEAA22E2FE0B22EC1
:100CE00033E2C32ED12C0FEF1FEFB6010D2C000CF9
:100CF000880B990B0F9430B62B013C01DF92CF92F9
:100D0000C80102969F938F932DE63BE03F932F936C
:100D10000F9464BA48015FEF851A950A0F900F90FF
:100D20000F900F900F900F9011F40C941EB070E084
:100D300060E0C5010F94E4BBA3019201622D732D05
:100D40008E2D9F2D0F94BFBD181644F485E0881694
:100D5000910411F00C942AB005E010E0580197E2DC
:100D6000A91A98EFB90AAA0CBB1C85E0809F100154
:100D7000819F300C11240D5F1F4F8AE9482E89E9AD
:100D8000582E89E1682E8EE3782E94E3892E9BE01D
:100D9000992EC801029705970CF0D4C0B101635D8C
:100DA0007F4F072E000C880B990B0F9430B66B0108
:100DB0007C011F930F93A0E6BBE0BF93AF930F940A
:100DC00064BA0093F70320E030E040EF51E4C7013C
:100DD000B6010F94C9BC20E030E040E251E40F942A
:100DE0006FB620E030E040EA50E40F94C9BD20E047
:100DF00030E048E452E40F94CABC0F943BBE7093B9
:100E0000720E6093710E80E090E0A0EAB0E48093EF
:100E1000500790935107A0935207B093530760E097
:100E200070E088E492E40F940E9720E030E040EA0E
:100E300051E4209348073093490740934A07509361
:100E40004B0780E090E0A0E7B2E480934C079093DA
:100E50004D07A0934E07B0934F0760E070E088E421
:100E600092E40F940E97409250075092510760926F
:100E700052077092530760E070E088E492E40F94A8
:100E80000E970F945A370F900F900F900F9020915C
:100E90009A0330919B0340919C0350919D03C7019D
:100EA000B6010F9453BF18163CF488EE93E00E94ED
:100EB00044760E94655BEBCF80E090E0A0EAB0E46E
:100EC0008093500790935107A0935207B093530714
:100ED00060E070E088E492E40F940E97EAE2FEE3AB
:100EE00085919591A591B491809348079093490776
:100EF000A0934A07B0934B07EEE2FEE385919591EC
:100F0000A591B49180934C0790934D07A0934E0701
:100F1000B0934F0760E070E088E492E40F940E977E
:100F20000F945A3743E060E070E080E89FEB0F9445
:100F3000C06995E0290E311C0F5F1F4F811104C05D
:100F40000F94C51481E09FCE67967FAD67976B962F
:100F50006FAD6B976F969FAD6F97A7968FADA79765
:100F6000272F362F492F582F609150077091510726
:100F700080915207909153070F94C9BCF62EE72E2B
:100F8000D82EC92E20917F0630918006409181068F
:100F900050918206D701F6016B2F7A2F8F2F9E2F4B
:100FA0000F946FB60F943BBEA6966CAF7DAF8EAF1D
:100FB0009FAFA697CF92DF92EF92FF9280919D0311
:100FC0008F9380919C038F9380919B038F9380914B
:100FD0009A038F939F928F920F9464BAA4966EADEA
:100FE0007FADA497C5010F94E4BBA2E0AA0EB11C8B
:100FF0000FB6F894DEBF0FBECDBFCBCE0E940D69F9
:101000000C94B67E80E10E944CCB0C94B67E80910D
:10101000E503887F8093E5030C94B67EFEEDCF2E2A
:10102000F2E0DF2E8E010F5B1F4F9E012F5F3F4FBF
:101030007901A2EE8A2EA2E09A2E58013901D6013A
:101040008D916D010E94E440F50181935F01882339
:1010500041F00E94CE45D7016D937D938D939C9373
:101060001397B4E0EB0EF11C8C149D0441F7F801CA
:10107000D380DD2029F120E030E0A9016D857E8557
:101080008F8598890F94BFBD81111AC0D8018C91AA
:10109000811116C011968C911197811111C0129671
:1010A0008C9181110DC01092540710925507109227
:1010B00056071092570781E08093C6040C94B67EC1
:1010C0000F945A37F12CE12CF80181918F0188237C
:1010D000D1F09701285B384F5901F301EE0DFF1D48
:1010E0002081318142815381F701E553F94F6081BD
:1010F0007181828193810F94CABCD5016D937D93D8
:101100008D939C931397B4E0EB0EF11CECE0EE167C
:10111000F104D1F6DD2061F08D859E85AF85B8891B
:101120008093540790935507A0935607B0935707A1
:101130000F94CE950C94B67E81E080936C0E61E0A6
:1011400084EC9FE00F94C6BB1092A50360E08FEF84
:101150009FE00F94C6BB0E948DDD0C94B67E8D344B
:1011600011F00C9493AE1093141800931318F80117
:10117000319681918032E9F38930D9F380538A30F6
:1011800030F01F930F9385EF90E20C94327B0E9416
:1011900083409093610E8093600E893C910511F419
:1011A0000C94A0960CF0FEC28E34910511F40C94B0
:1011B00056920CF004C28C31910509F4DAC70CF098
:1011C000F1C08531910509F4EDC60CF05AC08131AA
:1011D000910509F4DEC6DCF4029708F449C6809153
:1011E00076129091771284579F4E9F938F931F9200
:1011F0008DE48F938FE19BE09F938F930F9464BA5C
:101200000F900F900F900F900F900F9016C6823195
:10121000910511F40C94BE93449709F781E08093F3
:1012200097028FE09BE00E947E5D84E50E94E4408F
:10123000182F8CE40E94E44000E080FB00F910FBD2
:1012400001F98AEF94E10E94335B83E2EAEFF4E173
:10125000DE01119601900D928A95E1F720E050E0B1
:1012600040E0BE016F5F7F4F85EF92E00F94E35443
:10127000CE0101960E94385B81E09BE00E947E5D7A
:10128000DCC58831910509F49EC684F48631910548
:1012900009F48CC6479709F0A2CF8091131890915A
:1012A000141861E004960F94D85BC7C58A31910584
:1012B00009F4CFC60CF0EFC60EED12E0FFE3AF2E3F
:1012C000F2E0BF2EA1E2CA2EA2E0DA2EB5E1EB2EAB
:1012D000B2E0FB2EF80181918F010E94E440882347
:1012E00021F10E94CE45D6014D905D906D907C908D
:1012F000A30192010F94BFBD87FD11C00E94CE458E
:10130000F7014080518062807380A30192010F94A5
:1013100053BF181624F00E94CE452B013C01D50185
:101320004D925D926D927C921397B4E0AB0EB11C1E
:10133000E4E0CE0ED11CF4E0EF0EF11C22E0013E01
:10134000120741F683E50E94E440882311F40C94CF
:1013500032A70E947640811170C580E090E0A8E439
:10136000B2E480933F0290934002A0934102B09375
:10137000420280E090E0AEE3B3E4809343029093B6
:101380004402A0934502B093460280E090E0A0EAB8
:10139000B1E48093470290934802A0934902B0932E
:1013A0004A024BC58D32910509F484C70CF0D9C0AF
:1013B0008F31910509F40CC70CF059C08D3191059E
:1013C00009F43BC54E9709F00ACF80917514882324
:1013D00009F433C50F946551009113181091141836
:1013E0000C5F1F4F80917514882309F426C584E093
:1013F00097E10F94DB801092741423961FAF0EAF09
:101400002397CE018F5B9F4F0F94535B882309F482
:1014100014C523964EAD5FAD239760911D15709155
:101420001E1519821C8222E0CE0101960F944FB541
:101430008111A7C610E0CE0101960E94385B1123EE
:1014400009F4B6C686E19EE10E94575B23968EADF5
:101450009FAD23970F94A7B4109288171092891705
:1014600010928A1710928B170F941D59E6C48A3276
:10147000910509F4D4C68C32910509F402C780970E
:1014800009F0ADCE8091741481110F945A370091F8
:101490001318109114180C5F1F4F61E270E0C8011F
:1014A0000F94F9C1009719F08C010F5F1F4F80E571
:1014B0000E94E440F82E8091131890911418081798
:1014C000190708F4F12C80917514882309F4B5C428
:1014D00061E06F25C8010F94D85B83E50E94E4406A
:1014E000882399F080911318909114188017910710
:1014F00060F40E94904060938817709389178093DE
:101500008A1790938B170F947053809175148823CA
:1015100031F081E08093741485E080936D0EF110BA
:101520008CC480910717882361F08091881790916F
:101530008917A0918A17B0918B17892B8A2B8B2B37
:1015400069F40E943241109287031092880310922E
:10155000890310928A0380E00E946D6B0F94FF361E
:101560006CC48934910509F4E9C6CCF48E32910536
:1015700009F4A6C68834910509F031CE83E50E94AE
:10158000E440882309F4CBC60E947640882309F4FE
:10159000C3C6813009F051C480936D0E4EC48C34A3
:1015A000910509F46BC70CF07CC78B34910509F0E9
:1015B00016CE0E9417F9882309F43FC4CFCF8E3688
:1015C000910511F40C94B3940CF07DC0863591050F
:1015D00011F40C940E94B4F58335910511F40C9428
:1015E000B89374F48F34910509F47BC78235910563
:1015F00009F0F5CD8091E503877F8093E5031DC455
:101600008435910511F40C94BE938535910509F04C
:10161000E6CD83E50E94E440882309F40EC40E94CD
:10162000CE4520E030E04AE754E40F946FB60F94C3
:1016300042BE6093830370938403809385039093E9
:101640008603FBC38936910509F4A7C7C4F48C351A
:10165000910511F40C942B948836910509F0BFCDB7
:1016600083E50E94E440882309F4E7C30E94CE4545
:101670000F943BBE7093740E6093730EDEC38B3673
:10168000910511F40C94B59314F40C94A7938D3632
:10169000910509F0A4CD81ED98E40E94B5EE81E0BA
:1016A0008093E3030F94A9B383E50E94E440882369
:1016B00009F486C70E94CE450F943BBE7093740E0A
:1016C0006093730E82C78737910511F40C94F595DA
:1016D00094F58237910511F40C94AA95A4F48037FF
:1016E000910509F447C78137910509F078CD83E565
:1016F0000E94E440882311F40C94C4940E94764024
:1017000080932F029AC38537910511F40C94AD95FF
:1017100014F00C94BD958337910509F060CD86E5F2
:101720000E94E440882311F40C94D9948BED94E743
:101730000E947E5D82C38C38910509F41FC754F462
:101740008B37910511F40C945A968D37910509F455
:10175000B3CD45CD8E3B910509F467C7883C910513
:1017600011F40C945D968B39910509F038CD83E521
:101770000E94E440882359F00E94764080936C14C4
:10178000882309F416C78DE694E10F94382083E48A
:101790000E94E440882309F40FC70E94764080939A
:1017A0006B144BC3863FF1E09F0711F40C9415A016
:1017B0000CF0F7C18C3231E0930711F40C942199AD
:1017C0000CF01BC1803D910511F40C940F980CF0A6
:1017D00073C08D3C910511F40C9476979CF58B3C6D
:1017E000910511F40C94ED968C3C910509F0F7CC21
:1017F00083E50E94E440882311F40C9445970E94ED
:10180000CE456093330770933407809335079093E8
:1018100036076093A7067093A8068093A906909355
:10182000AA0684E50E94E440882309F406C30E94C6
:10183000CE456093AB067093AC068093AD06909353
:10184000AE06FBC28E3C910511F40C94EF978F3CD1
:10185000910509F0C4CC83E50E94E440882351F04F
:101860000E94CE456093F6067093F7068093F806C3
:101870009093F90686E40E94E440882361F00E9478
:10188000CE450E94F84B6093FA067093FB06809356
:10189000FC069093FD068AE50E94E440882309F443
:1018A000CCC20E94CE456093FE067093FF068093E3
:1018B000000790930107C1C28C3D910511F40C946F
:1018C00076980CF07DC0813D910511F40C9433980D
:1018D000863D910509F083CC80E50E94E440882391
:1018E00011F40C9462980E94CE452B013C0183E5D3
:1018F0000E94E440882311F40C946C980E94CE4519
:101900004B015C018EE40E94E440D0903F078823A5
:1019100029F00E94CE450F9442BED62E82E50E9449
:10192000E440E0904007F0904107882329F00E94AE
:10193000CE450F9442BE7B0186E40E94E4400091B4
:10194000420710914307882329F00E94CE450F9447
:1019500042BE8B0120E030E0A901C301B2010F9427
:10196000BFBD18160CF069C220E030E0A901C50126
:10197000B4010F94BFBD87FD60C2A5019401C301EE
:10198000B2010F94BFBD87FD58C2409237075092F5
:1019900038076092390770923A0780923B0790921D
:1019A0003C07A0923D07B0923E07D0923F07F092CD
:1019B0004107E092400710934307009342073DC25E
:1019C000823E910511F40C94C798803F910509F46B
:1019D00034C28D3D910509F002CC83E50E94E440BC
:1019E000882311F40C94B5980E948340909396023A
:1019F000809395020E94EA4A20C2803951E09507FF
:101A000011F40C94E69F0CF0A7C08F32B1E09B0755
:101A100011F40C94C599C4F48D32F1E09F0711F4D0
:101A20000C9448998E32914009F0D9CB83E50E94FD
:101A3000E440882311F40C94C1990E948340909350
:101A40006C0280936B02F9C1863331E0930711F485
:101A50000C94F8998E3541E0940711F40C94AAACDB
:101A60008033914009F0BBCB80E50E94E44088239D
:101A700051F00E94CE456093E7067093E80680938C
:101A8000E9069093EA0689E40E94E440882381F005
:101A90000E94CE452CEA35EC47E25EE30F946FB628
:101AA0006093EB067093EC068093ED069093EE0640
:101AB00084E40E94E440882381F00E94CE452CEA11
:101AC00035EC47E25EE30F94C9BD6093EF06709377
:101AD000F0068093F1069093F2060F94272F84E688
:101AE00096E20E94575B84EB9FE10E94575B6091F6
:101AF000E7067091E8068091E9069091EA0642E0D7
:101B00000F94F3B280EB9FE10E94575B2CEA35EC17
:101B100047E25EE36091EB067091EC068091ED0682
:101B20009091EE060F94C9BD42E00F94F3B28CEA97
:101B30009FE10E94575B2CEA35EC47E25EE360913F
:101B4000EF067091F0068091F1069091F2060F94E5
:101B50006FB60F94365171C18639A1E09A0711F41E
:101B60000C9408A074F48339E1E09E0711F40C94FE
:101B7000EA9F8539914009F032CB81E00E943058CC
:101B80005CC1843F21E0920711F40C940DA014F085
:101B90000C9411A0843A914009F021CB0E940D6968
:101BA0004CC1833C52E0950711F40C9429AE0CF023
:101BB00096C08A35B2E09B0711F40C9441A72CF52E
:101BC0008832F2E09F0711F40C942CA39CF4873F19
:101BD00031E0930711F40C9419A08D3F914009F066
:101BE000FECA81E899E60E94575B8CE99FE10E945A
:101BF000575B23C1883552E0950711F40C9461A31B
:101C00008935924009F458CBEACA8E3BB2E09B0773
:101C100011F40C94E9AD0CF050C08B35F2E09F0745
:101C200011F40C9449A78D3B924009F0D8CA8091D9
:101C30009E13813011F40C9488AD1FEF8CE40E9448
:101C4000E440C12CD12C6CE8E62E62E4F62E882309
:101C500021F00E94CE456B017C018AE50E94E440A0
:101C6000882311F40C9499AD0E94CE459F770E9471
:101C7000FE524B015C018AE50E94E440082F10925D
:101C8000901710928F1786E10F94A9B380919E133D
:101C9000813011F00C949EAD153018F4812F0E9404
:101CA00035FE1092A8038EE897E10E940058C50106
:101CB000B40190580E94FE52C0C0813C32E09307AC
:101CC00011F40C941DAE14F00C9423AE803C9240A1
:101CD00009F085CA80EC92E00E946C45AEC0843861
:101CE000A3E09A0711F40C94D7AA0CF095C08235A2
:101CF000E3E09E0711F40C944FA794F5843C22E096
:101D0000920711F40C9446AE853C924009F067CAE4
:101D100083E50E94E440882351F00E9476408823A6
:101D200011F40C9472AE813011F40C947FAE80915A
:101D30009E13813091F488E50E94E440882369F085
:101D40000E947640813011F40C948DAE10F40C9406
:101D500088AE8A3211F40C9491AE0F94B7526DC0D4
:101D60008D3543E0940711F40C94C5A88E3553E0EB
:101D7000950711F40C945DA98C35934009F02FCA96
:101D800083E50E94E440882309F457C00E94834001
:101D90008C018EE194E10E94B5EE85E19FE10E9405
:101DA000575BC8010F94C9520F94A71D4B015C01EA
:101DB00010926B0E8091730E9091740E892B41F4EA
:101DC000FF24F3948091710E9091720E892B09F08B
:101DD000F12C2801012E000C66087708F1100C94F4
:101DE00085A880916B0E811112C0C301B2010F94BE
:101DF00030B620919A0330919B0340919C035091FF
:101E00009D030F9453BF181614F40C9497A884E6FE
:101E100096E20E94B5EE11C08139B3E09B0711F440
:101E20000C940AAC84F48B38F3E09F0711F40C9403
:101E300086AB8C38934009F0D2C91092610E109293
:101E4000600E0C94E879843933E0930714F40C9411
:101E500059AC803A934009F0C2C98091131890910F
:101E6000141821E02093731405960F94F761E5CFC1
:101E700000911318109114180E5F1F4F80E50E94F7
:101E8000E440C12CD12C7601882321F00E9490409F
:101E90006B017C0183E50E94E440882351F00E949D
:101EA00090409B01AC01A8EEB3E00F9437BC6B01EE
:101EB0007C01C8010F5F1F4FDC014C914032C9F318
:101EC00026E020937A07C114D104E104F104A1F5BE
:101ED0002C91222389F10E9401F80F945A378091A6
:101EE000D30384608093D3038BE893E00F9438206E
:101EF000C114D104E104F104A1F10F94A71DC60E91
:101F0000D71EE81EF91E84E0809397020F94A71D48
:101F10006C157D058E059F05D8F082E080939702B1
:101F20008091D3038B7F8093D30380917414882393
:101F300059F110927A0781CF80916C0E811105C002
:101F400083E394E10E94B5EEC8CF10927A07C5CF23
:101F50000E9446578111E1CF90E080E00E944476D4
:101F6000D5CF1091970284E0809397020E94415749
:101F70000E944657811105C090E080E00E9444769F
:101F8000F7CF10939702CCCF84E794E60E94B5EE8A
:101F900054CF8AE294E10E94B5EE179816981598EE
:101FA00014984BCF81E00F944F5D47CF109274147B
:101FB0001092751481E899E60E94575B83E294E2DF
:101FC0000E947E5D3ACF0E94B64C882319F00E9491
:101FD000D7F733CF0E9417F9882309F42ECF8091C9
:101FE0000717882361F08091881790918917A09135
:101FF0008A17B0918B17892B8A2B8B2B69F40E943F
:102000003241109287031092880310928903109234
:102010008A0380E00E946D6B80917514882331F0F3
:1020200081E08093741485E080936D0E0F94FF36E9
:1020300080919E13813009F000CF80917413882322
:1020400009F4FBCE0E942CC98111F7CE0F94BA7C03
:10205000F4CE80917514882309F4EFCE83E50E94B5
:10206000E440882309F4E9CE0E9490406B017C0192
:10207000C0928817D0928917E0928A17F0928B1736
:102080000F947053C0928703D0928803E092890323
:10209000F0928A03D2CE80E50E94E440182F0E947D
:1020A000B64C882391F080915F0E882349F080918F
:1020B0006A02811105C080E49EE10E947E5DBDCE72
:1020C00084E39EE10E947E5DB8CE809174148823E3
:1020D00009F44AC01123E1F10F94F5570F94A6B308
:1020E0008BE999E00E94575B60918817709189177E
:1020F00080918A1790918B174AE00F94BCAE8FE2C3
:102100000E943E5B609181177091821780918317C6
:10211000909184174AE00F94BCAE0F94A6B30F942D
:10212000F7322CE330E040E050E00F9415BCC901D9
:102130006CE370E00F946BBC8C0190E080E00F9436
:1021400032AF8AE30E943E5BC8010F94C95275CE3C
:1021500080918B14882329F08BE894E10F94A7B425
:10216000BFCF86E794E1FACF84E29EE10E947E5DD4
:1021700064CE809113189091141804960F94F7610F
:102180005CCECE0101960F945154882309F452C9B4
:1021900061E0CE0101960F94E480009709F44AC9EA
:1021A00025EEFC0120831C820F94D545182F43C9CE
:1021B0008EEF9DE10E94575B23968EAD9FAD2397D6
:1021C0000E94FE708EE20E943E5B0F94A6B335CE55
:1021D0000F94F7322CE330E040E050E00F9415BC50
:1021E0007F936F933F932F9386EE90E29F938F930D
:1021F0008E010F5F1F4F1F930F930F94B9BA81E8A1
:1022000099E60E94575BC8010F94A7B4C8010E94C9
:1022100001F80FB6F894DEBF0FBECDBF0ECE83E53A
:102220000E94E440882309F408CE0E947640082FDB
:1022300080E50E94E4401DE0882319F00E9476406A
:10224000182FEAECF0E28491811709F4F6CD31966B
:1022500030E2E63EF307B9F7163081F40093E70366
:1022600061E0812F0E94D4C3602F812F0E94A6C3FA
:10227000602F70E0812F0E9405C4DFCD17FDDDCDFA
:10228000EFCF80E10E944CCB81EA9DE00F94A2BB8E
:102290004BE0849FC001112470E060E0805B924FAE
:1022A0000F94E4BB82E00E944CCB0F9443A80F94A0
:1022B00024A8C3CD8AE50E94E4400E94AECBBDCDE8
:1022C0008091E516882319F1CE0101960F945F6283
:1022D0008823C1F089810E943E5B8EE20E943E5BB2
:1022E0008A810E943E5B8EE20E943E5B8B810E944F
:1022F0003E5B8EE20E943E5B8C810E943E5B0F94AF
:10230000A6B39BCD8AEA90E20E94575B96CD86EAFF
:1023100090E20E947E5D91CD10926D0E8ECD8091E7
:102320006D0E1F928F938FEE9AE09F938F930F9471
:1023300064BA0F900F900F900F907FCD80E50E94B0
:10234000E440882321F00E9476408093840282E555
:102350000E94E440882341F00E94CE450F9442BE83
:10236000709388026093870281E50E94E44088238D
:1023700021F00E9476408093830283E50E94E4402E
:10238000882341F00E94CE450F9442BE70938C0288
:1023900060938B0283E40E94E4408823A9F00E94AA
:1023A000CE456B017C0120E030E0A9010F94BFBD58
:1023B0006FEF7FEF181624F4C701B6010F9442BEE9
:1023C000709386026093850284E40E94E44088232F
:1023D000A9F00E94CE456B017C0120E030E0A9010C
:1023E0000F94BFBD6FEF7FEF181624F4C701B6013D
:1023F0000F9442BE70938A02609389028091860294
:102400008F93809185028F93809188028F93809122
:1024100087028F9380918402282F082E000C330BA3
:102420003F938F9385E99AE09F938F930CE91AE08D
:102430001F930F930F9464BA80918A028F938091B7
:1024400089028F9380918C028F9380918B028F935E
:1024500080918302282F082E000C330B3F938F931B
:102460008EE89AE09F938F931F930F930F9464BA13
:102470000FB6F894DEBF0FBECDBFDFCC80919E03B8
:10248000813009F0DACC82E080939E030F94A71D7F
:1024900060935206709353068093540690935506AA
:1024A000CCCC0F9423370E94504BC7CC8FE990E2DD
:1024B0000E94575B8DEE9FE00F94AABB4AE00F94F9
:1024C000BCAE89E990E20E94575B81EF9FE00F94D8
:1024D000AABB4AE00F94BCAE84E990E20E947E5D04
:1024E000ACCC8FE993E00F94382083E50E94E44060
:1024F000882309F162E270E080911318909114181A
:102500000F94F9C18C01892BB1F00F5F1F4F62E26C
:1025100070E0C8010F94F9C1892B69F0ECE4F6E092
:1025200083E0DF011D928A95E9F742E050E0B801AF
:10253000CF010F9422C28CE89FE00F94A2BB8130A0
:1025400009F07BCC0E94AC4C882309F476CC0E9425
:10255000B64C882309F471CC8091F504882329F0C6
:102560008CE69AE00E947E5D68CC8FE49AE00E943F
:102570007E5D63CC82E39AE00E94095E83E50E945F
:10258000E440882309F459CC0E94CE450F943BBE09
:102590007093720E6093710E50CC80E990E20E94AD
:1025A000575B0E94C55C0E94C35A81E080938610ED
:1025B00044CC10926D14EBC881E080936B143DCC39
:1025C00082E50E94E440811175C80F94A71D6B013C
:1025D0007C016091730E7091740E072E000C880BB5
:1025E000990B0F9430B611E02091660E3091670E72
:1025F0004091680E5091690E0F9453BF18160CF05D
:1026000010E01093650EC701B6010F946E5E83EC67
:1026100098E40E94B5EE82E08093E3030F94A9B39F
:102620008BE893E00F94382008CC87EB98E40E9465
:10263000B5EE83E08093E30381E00F94A9B383E5D3
:102640000E94E440182F882349F00E94CE450F9441
:102650003BBE7093720E6093710E05C082E50E94BE
:10266000E4408111F2CF0F94A71D6B017C01109201
:102670006B0E6091710E7091720E072E000C880B1C
:10268000990B0F9430B601E02091F6043091F704D5
:102690004091F8045091F9040F9453BF18160CF0B0
:1026A00000E00093650E80916B0E81111CC060915B
:1026B000710E7091720E072E000C880B990B0F94FF
:1026C00030B69B01AC016091F6047091F7048091E3
:1026D000F8049091F904E091650EEE2381F00F94D7
:1026E000BFBD87FD12C08EEA98E40E94B5EE84E07B
:1026F0008093E3038BE893E00F9438209ECB0F94F4
:1027000053BF181684F71111EECF80916A0E8230F4
:1027100051F30F94A71D6C197D098E099F09693E1D
:1027200073408105910550F080916C0E811102C0BB
:102730000E94655B0F94A71D6B017C010F94AA2C6E
:1027400080E00E94997380E00E94C353ACCF83E580
:102750000E94E440882329F00E9476408093E7039A
:102760006CCB8FEF8093E70368CB1092E70365CBC8
:102770008091E50388608093E5035FCB83E50E9449
:10278000E440882399F00E94CE4520E030E04AE7FB
:1027900054E40F946FB60F9442BE6093340270936A
:1027A0003502809336029093370247CB88E50E942A
:1027B000E4408823D1F00F945A3788E50E94E44022
:1027C000811128C089E50E94E440882319F0169AF7
:1027D000109246078AE50E94E44085E40E94E440A6
:1027E000882309F42ACB149A28CB89E50E94E44077
:1027F0008111E1CF8AE50E94E4408111DCCF85E4BC
:102800000E94E4408111D7CF0F945A37149A0E9446
:10281000BE6B13CB179A10924507D4CF83E50E9465
:10282000E440882309F409CB0E94CE4520E030E043
:102830004AE754E40F946FB60F9442BE609330029F
:102840007093310280933202909333028EED95E0C3
:102850000F943820F2CA7EEDC72E72E0D72EE3E740
:10286000EE2EE6E0FE2E10E0F60181916F010E944F
:10287000E440882309F465C00E94CE452B013C0149
:10288000133009F068C020E030E040EA51E40F94D2
:10289000BFBD87FF4EC0A301920160918306709176
:1028A000840680918506909186060F94C9BD4B01E0
:1028B0005C01AC019B016091C7067091C8068091D4
:1028C000C9069091CA060F946FB66093C7067093BD
:1028D000C8068093C9069093CA0620909A02309049
:1028E0009B02A5019401D1011C966D917D918D9162
:1028F0009C911F970F946FB6F10164877587868747
:102900009787609102187091031880910418909134
:1029100005180F942EB6A50194010F946FB60F946D
:1029200042BE60930218709303188093041890932A
:102930000518409283065092840660928506709234
:102940008606B4E0EB0EF11C1F5F143009F08CCF4B
:102950000F94008772CAD70114964D925D926D92C2
:102960007C921797EECF8EE40E94E440882309F40E
:1029700064CA0E94904060937F03709380038093A9
:1029800081039093820359CA81E899E60E94575BBC
:10299000C0902F02D12CF12CE12C89E890E20E940A
:1029A000575B4AE0C701B6010F94BCAE0F94A6B3C3
:1029B00044CA85E50E94E440882309F457C0009189
:1029C0001318109114180F5F1F4F109314180093D1
:1029D00013188091FD03882309F42FCABE016F5F8D
:1029E0007F4FC8010E94CADD882309F426CA84E902
:1029F0009BE3DE011196BE01675F7F4FFC014591AD
:102A000054912D913D914217530710F40C9440B00E
:102A10002417350708F411CA0296A617B70771F7ED
:102A20000CCA4EEC53E163E080E00E94105440E099
:102A300068EE73E082E390E00F94D64484EF91E077
:102A40000E94447640E068EE73E082E390E00F94E9
:102A5000D6448EE190E00F94832E81E00E940955C8
:102A60000E942F5480E00E94C353E7C941E150E027
:102A700060E87CE0CE0101960F9492BB8BE690E279
:102A80000E94575B8BED94E70E94575B89E690E2CA
:102A90000E94575B84E690E20E94575B82E690E2D8
:102AA0000E94575B88E590E20E94575B8EEF9FE1A2
:102AB0000E94575B8AEF9FE10E94575B8BEE9FE17C
:102AC0000E94575BCE0101960E94FE7089ED9FE146
:102AD0000E94575B88ED9FE10E947E5D1F9261E33B
:102AE000F62EFF928DEE9DE19F938F9306EA1DE1F6
:102AF0001F930F930F9464BA1F92FF928DED9DE187
:102B00009F938F931F930F930F9464BA1F92FF921A
:102B100089EC9DE19F938F931F930F930F9464BA59
:102B20001F92FF928CEB9DE19F938F931F930F93C6
:102B30000F9464BA1F92FF9281EB9DE19F938F9354
:102B40001F930F930F9464BA0FB6F894DEBF0FBEB5
:102B5000CDBF73C90E944A5C70C9E0911318F0910F
:102B60001418CF0104962481203209F401960E94A2
:102B700001F887E080937A0760C9009113181091DB
:102B800014180B5F1F4F83E0F12C40E08150E9F0F7
:102B9000D8019C91292F2B7F2134B9F411962C91C7
:102BA000213399F4913471F0953409F441E098019E
:102BB0002E5F3F4F89012F5F3F4FF8019081903288
:102BC000C9F3E4CFFF24F394F2CF442321F081E84A
:102BD00099E60E94575BFF2021F085ED9FE10E945E
:102BE000575BC8010F94A7B428C989E19AE00E94F5
:102BF000575B0F94A6B381E19AE00E94575B1E9940
:102C000047C08CE09AE00E94575B0F94A6B38AEF0E
:102C100099E00E94575B8091060182FD3CC08CE0E8
:102C20009AE00E94575B0F94A6B382EF99E00E944E
:102C3000575B1D9933C08CE09AE00E94575B0F945C
:102C4000A6B38AEE99E00E94575B8091060187FD4A
:102C500028C08CE09AE00E94575B0F94A6B382EEE6
:102C600099E00E94575B1C991FC08CE09AE00E947B
:102C7000575B0F94A6B38AED99E00E94575B019BC6
:102C800016C08CE09AE00E94575B0F94A6B3D5C89B
:102C900082E09AE0B8CF82E09AE0C3CF82E09AE087
:102CA000CCCF82E09AE0D7CF82E09AE0E0CF82E01A
:102CB0009AE0E9CF0E94B54BC0C884E50E94E44089
:102CC000882369F00E947640882349F081E899E6DC
:102CD0000E94575B83EC99E00E94FE70AEC884E4CA
:102CE0000E94E440882309F4A8C80E94CE4520E051
:102CF00030E0A9010F94BFBD811105C010920A07F1
:102D00000E94EA4A9AC80E94CE456B017C0120E0ED
:102D100030E0A9010F94BFBD811106C0C12CD12C98
:102D200050EEE52E5FE3F52EC0920B07D0920C0714
:102D3000E0920D07F0920E0781E080930A07E0CF42
:102D40003EEDC32E32E0D32E43E7E42E46E0F42ED0
:102D500010E0D6018D916D010E94E440882341F17D
:102D60000E94CE450F9442BE12304CF5653CB9E04E
:102D70007B078105910540F5562F472F382F292FC6
:102D8000613CE3E07E078105910520F050EC43E0D3
:102D900030E020E0D70194966D937D938D939C93C2
:102DA0009797F701E455FF4F508341833283238384
:102DB000B4E0EB0EF11C1F5F143059F6C9CD562F4D
:102DC000472F382F292FE6CF50EC43E030E020E0AA
:102DD00064EC79E080E090E0DDCF9EEDA92E92E0FA
:102DE000B92E23E7C22E26E0D22E912CF501819137
:102DF0005F010E94E440882371F10E94CE457B016F
:102E00008C01F1E0F915B8F120E030E048E453E43A
:102E10000F9453BF181644F15E2C6F2C702E812E28
:102E200020E030E048EC52E4B701C8010F9453BFF2
:102E3000181634F1852D962DA72DB82DF601848B0B
:102E4000958BA68BB78BC701D801E456FF4F8083C3
:102E50009183A283B3839394F4E0CF0ED11C24E03A
:102E60009212C4CF0C941D8F512C612CB8E47B2E90
:102E700083E4882ED5CF562E6F2C782E812EDACF74
:102E8000E12CF12C08EC12E4D5CF80E50E94E4405F
:102E9000882351F00E94CE456093A7067093A80640
:102EA0008093A9069093AA0682E50E94E4408823B5
:102EB00051F00E94CE456093AB067093AC068093B0
:102EC000AD069093AE0684E50E94E440882311F499
:102ED0000C941D8F0E94CE45609333077093340786
:102EE00080933507909336070C941D8F83E50E94DD
:102EF000E440882351F00E94CE456093AF06709362
:102F0000B0068093B1069093B20684E50E94E44037
:102F1000882351F00E94CE456093B3067093B406A7
:102F20008093B5069093B60682E40E94E44088231D
:102F300061F00E94CE450F9442BE6093B706709335
:102F4000B8068093B9069093BA0688E50E94E440DB
:102F5000882391F00E94CE456093BF067093C0060F
:102F60008093C1069093C2066093BB067093BC0623
:102F70008093BD069093BE0689E50E94E4408823B5
:102F800051F00E94CE456093BF067093C0068093B7
:102F9000C1069093C2068AE50E94E440882351F05E
:102FA0000E94CE456093C3067093C4068093C50605
:102FB0009093C60685E40E94E440882311F40C94A3
:102FC0001D8F0E94CE450E94086B6093C7067093C8
:102FD000C8068093C9069093CA060C941D8F0EED07
:102FE00012E0FBECEF2EF6E0FF2EA1EECA2EA2E0DF
:102FF000DA2ED8018D918D010E94E440882339F0AA
:103000000E94CE45F7016083718382839383F4E04D
:10301000EF0EF11CC016D10661F70C941D8F83E5ED
:103020000E94E440882351F00E94CE45609302073D
:1030300070930307809304079093050786E40E942A
:10304000E440882311F40C941D8F0E94CE450E9409
:10305000F84B6093060770930707809308079093D7
:1030600009070C941D8F83E50E94E440882311F426
:103070000C941D8F0E9476408823C1F08130E1F0CE
:1030800081E899E60E94575B80EB99E00E94575BCC
:10309000809176129091771284579F4E0E94FE7015
:1030A00080ED9FE10E947E5D0C941D8F1092F506CD
:1030B000109244070C941D8F8093F50610924407DC
:1030C0000C941D8F40903707509038076090390757
:1030D00070903A070C94778C80903B0790903C0757
:1030E000A0903D07B0903E070C94828C82E40E9431
:1030F000E440182F882341F08091390290913A02E0
:1031000090932E0280932D0283E50E94E440082FC5
:10311000882339F00E94834090933A0280933902C9
:10312000102F82E50E94E440882351F080912D0207
:1031300090912E0290933A02809339020C941D8F45
:1031400011110C941D8F80913A028F938091390256
:103150008F938AEC9FE19F938F930F9464BA0F90A3
:103160000F900F900F900C941D8F809196028F936B
:10317000809195028F9384EC9FE19F938F930F949E
:1031800064BA0F900F900F900F900C941D8F80E5F4
:103190000E94E440882311F40C941D8F0E94834008
:1031A0007C0183E50E94E4400FEF1FEF882319F0B4
:1031B0000E9483408C01C8010196039710F00C9483
:1031C0001D8FEAECF0E226EE30E28491082E000C2E
:1031D000990BE816F90611F40C941D8F31962E17F1
:1031E0003F0799F7F7FE02C00C941D8F0F945A37D2
:1031F000DE2C60E08E2D0E94D4C30F3F1007B1F08B
:103200000130110511F010E000E08D2D0E947DC30A
:103210008017910711F40C941D8F0F94AA2C80E055
:103220000E94997380E00E94C353EFCF8E2D0E94BD
:103230007DC331E020E0892B09F030E0032F122F0D
:10324000E4CF80E50E94E44008EE13E0882329F0F3
:103250000E94CE450F9442BE8B0183E50E94E4405C
:10326000882371F00E94CE450F9442BE611571050E
:1032700049F4B80190E080E00F94BA1B0C941D8FC4
:1032800070E060E040E0C8010F94D6440C941D8FBC
:1032900080E50E94E440882351F00E94CE4560936F
:1032A000DB067093DC068093DD069093DE0689E4EE
:1032B0000E94E440882381F00E94CE452CEA35EC40
:1032C00047E25EE30F946FB66093DF067093E0060B
:1032D0008093E1069093E20684E40E94E440882310
:1032E00081F00E94CE452CEA35EC47E25EE30F9474
:1032F000C9BD6093E3067093E4068093E50690935E
:10330000E6060F94272F84E696E20E94575B80EC36
:103310009FE10E94575B6091DB067091DC06809113
:10332000DD069091DE0642E00F94F3B28CEB9FE154
:103330000E94575B2CEA35EC47E25EE36091DF06C2
:103340007091E0068091E1069091E2060F94C9BD6C
:1033500042E00F94F3B288EB9FE10E94575B2CEAA6
:1033600035EC47E25EE36091E3067091E4068091FC
:10337000E5069091E6060F946FB60F9436510C94C3
:103380001D8F90E080E00C941F8D85E40E94E44046
:1033900010E000E0882359F00E9483408C01C12C8A
:1033A000D12C7CE8E72E72E4F72E97FD06C0C12CE5
:1033B000D12CE6E1EE2EE3E4FE2E83E50E94E4400C
:1033C000882321F00E94CE456B017C0183E40E949A
:1033D000E440882351F00E9483409C01A801C7016A
:1033E000B6010F94542F0C941D8F85E090E0F5CF1B
:1033F00089E40E94E440882309F430C20E9483409B
:10340000AB968FAFAB9782E50E94E440882309F426
:103410002AC20E94CE45E2966CAF7DAF8EAF9FAFC1
:10342000E29780E50E94E440C12CD12C60ECE62EAE
:103430006FE7F62E882321F00E94CE456B017C01B8
:1034400085E50E94E440882309F418C20E94CE4515
:103450006E966CAF7DAF8EAF9FAF6E9786E50E9484
:10346000E440882309F415C20E94CE45A2966CAFB1
:103470007DAF8EAF9FAFA29783E40E94E440882384
:1034800009F412C20E94CE456A966CAF7DAF8EAF32
:103490009FAF6A9784E40E94E440882309F40FC236
:1034A0000E94CE45AA966CAF7DAF8EAF9FAFAA9714
:1034B0008CE40E94E4400FEF1FEF882319F00E9474
:1034C00083408C0183E50E94E440882309F402C212
:1034D0000E948340E3968FAFE39782E40E94E4402A
:1034E000882309F4FCC10E948340E7968FAFE797D9
:1034F00084E50E94E440882309F4F6C10E94CE4589
:10350000A6966CAF7DAF8EAF9FAFA69785E40E9465
:10351000E440412C512C50EC652E5FE7752E88233A
:1035200021F00E94CE452B013C0187E50E94E4403A
:10353000812C912C40ECA42E4FE7B42E882321F04F
:103540000E94CE454B015C0181E40E94E4402224AC
:103550002A94322C882319F00E9483401C0186E4AF
:103560000E94E440882309F4CAC10E948340EB967C
:103570008FAFEB97E2962CAD3DAD4EAD5FADE297D0
:10358000CA01B9010F94D8C0882309F4C1C1A701A9
:103590009601C701B6010F94D8C0882309F4B8C1B9
:1035A0006E962CAD3DAD4EAD5FAD6E97CA01B901C3
:1035B0000F94D8C0882309F4ABC1A2962CAD3DADC1
:1035C0004EAD5FADA297CA01B9010F94D8C0882350
:1035D00009F49EC16A962CAD3DAD4EAD5FAD6A97C4
:1035E000CA01B9010F94D8C0882309F491C1AA96E1
:1035F0002CAD3DAD4EAD5FADAA97CA01B9010F9498
:10360000D8C0882309F484C1A6962CAD3DAD4EAD3B
:103610005FADA697CA01B9010F94D8C0882309F4F9
:1036200077C1A5019401C501B4010F94D8C08823C6
:1036300009F46EC1A3019201C301B2010F94D8C075
:10364000882309F465C1AB964FADAB9747FF60C1C6
:10365000E3965FADE39757FF5BC1E7968FADE797C2
:1036600087FF5BC137FE9FC117FD4EC1CE0101969A
:103670000F94E825A7019601C701B6010F94D8C0A1
:10368000882309F431C26E962CAD3DAD4EAD5FADD1
:103690006E97CA01B9010F94D8C081110EC06E9601
:1036A0002CAD3DAD4EAD5FAD6E972093C212309301
:1036B000C3124093C4125093C512A2962CAD3DADD7
:1036C0004EAD5FADA297CA01B9010F94D8C0811168
:1036D0000EC0A2968CAD9DADAEADBFADA29780934E
:1036E000C6129093C712A093C812B093C9126A96DB
:1036F0002CAD3DAD4EAD5FAD6A97CA01B9010F94D7
:10370000D8C081111BC020E030E0A9016A966CADE1
:103710007DAD8EAD9FAD6A970F9453BF181674F4AC
:103720006A962CAD3DAD4EAD5FAD6A972093CA123F
:103730003093CB124093CC125093CD12AA962CAD5D
:103740003DAD4EAD5FADAA97CA01B9010F94D8C087
:1037500081110EC0AA968CAD9DADAEADBFADAA973E
:103760008093CE129093CF12A093D012B093D11227
:1037700017FD03C0C8010F94CB22A6962CAD3DAD1A
:103780004EAD5FADA697CA01B9010F94D8C08111A3
:103790000EC0A6962CAD3DAD4EAD5FADA697209365
:1037A0001413309315134093161350931713A50158
:1037B0009401C501B4010F94D8C0811111C020E05B
:1037C00030E0A901C501B4010F9453BF181644F4A9
:1037D0008092181390921913A0921A13B0921B138F
:1037E000A3019201C301B2010F94D8C0811111C08D
:1037F00020E030E0A901C301B2010F9453BF1816B5
:1038000044F440921C1350921D1360921E13709248
:103810001F13C0901C13D0901D13E0901E13F09046
:103820001F13A701960160911813709119138091CD
:103830001A1390911B130F9453BF181644F4C0929F
:103840001813D0921913E0921A13F0921B130F94CD
:103850005223CE0101960F94DB25C8C03FEFAB96F3
:103860003FAFAB97D0CD80E090E0A0ECBFE7E29611
:103870008CAF9DAFAEAFBFAFE297D3CD20E030E0CD
:1038800040EC5FE76E962CAF3DAF4EAF5FAF6E97EB
:10389000E5CD80E090E0A0ECBFE7A2968CAF9DAFB5
:1038A000AEAFBFAFA297E8CD20E030E040EC5FE7DD
:1038B0006A962CAF3DAF4EAF5FAF6A97EBCD80E01D
:1038C00090E0A0ECBFE7AA968CAF9DAFAEAFBFAFC4
:1038D000AA97EECD9FEFE3969FAFE397FECDAFEFB4
:1038E000E796AFAFE79704CE20E030E040EC5FE72B
:1038F000A6962CAF3DAF4EAF5FAFA69707CE3FEF7A
:10390000EB963FAFEB9736CE0F940A220C941D8FA7
:10391000E7969FADE79797FD09C081E0E796AFADC9
:10392000E797A11101C080E080933D02A7019601B5
:10393000C701B6010F94D8C0882309F497CE6E96BC
:103940002CAD3DAD4EAD5FAD6E97CA01B9010F9480
:10395000D8C0882309F48ACEA2962CAD3DAD4EADD9
:103960005FADA297CA01B9010F94D8C0882309F4AA
:103970007DCE6A962CAD3DAD4EAD5FAD6A97CA0166
:10398000B9010F94D8C0882309F470CEAA962CAD43
:103990003DAD4EAD5FADAA97CA01B9010F94D8C035
:1039A000882309F463CE17FD02C00C945FB0A6967D
:1039B0002CAD3DAD4EAD5FADA697CA01B9010F94D8
:1039C000D8C0882309F452CEA5019401C501B401E1
:1039D0000F94D8C0882309F449CEA3019201C301F2
:1039E000B2010F94D8C0882309F440CEAB963FAD06
:1039F000AB9737FD3BC0E2962CAD3DAD4EAD5FAD14
:103A0000E297CA01B9010F94D8C081112FC0AB96BB
:103A10004FADAB97403154F520E030E0A901E2967C
:103A20006CAD7DAD8EAD9FADE2970F94BFBD181606
:103A3000ECF4CE0101960F94E825AB965FADAB9701
:103A400084E05802F0011124EC52FD4EE2962CADB8
:103A50003DAD4EAD5FADE29720833183428353830A
:103A60000F945223CE0101960F94DB25E3963FADD0
:103A7000E39737FD06C081E0311101C080E00F946B
:103A80008B2637FE02C00C941D8F11E0EB964FADD4
:103A9000EB9714160CF010E081E080933C028091CB
:103AA0005B0E90915C0E891B8F7041F480916A0EC1
:103AB000853069F10E94124D882349F184E99DE126
:103AC0009F938F9381E090E08C0F9D1F9F938F9326
:103AD0000F94B9BACE0101960E94A4EE0F900F90F8
:103AE0000F900F900C941D8F20E030E0A901C701CA
:103AF000B6010F9453BF18160CF0C5CDC092BE127C
:103B0000D092BF12E092C012F092C112BCCD83E0FD
:103B1000809397028091D30382608093D3030F94A4
:103B20004E102091CA123091CB124091CC1250917C
:103B3000CD126E962CAF3DAF4EAF5FAF6E9780E467
:103B4000E4EDF2E1DE01119601900D928A95E1F724
:103B50003091250567963FAF6797812F0F94AD266B
:103B60008EE79DE10E947E5D2114310419F426EE5A
:103B7000222E312C80E00F94002282E0482E512C1E
:103B800092E6692E9DE1792EAE014F5B5F4F4A01AF
:103B900012E31092740E1092730E20E030E048E4AD
:103BA00052E46091660E7091670E8091680E90915C
:103BB000690E0F9453BF87FD58C01F921F9388E46E
:103BC0009DE19F938F939F928F920F94B9BAC401F6
:103BD0000E94A4EE0091E7038FEF0F9400220F9054
:103BE0000F900F900F900F900F90C090660ED09096
:103BF000670EE090680EF090690E20E030E048E437
:103C000052E4C701B6010F9453BF87FD27C08091CE
:103C10002305811123C0209156063091570640910B
:103C200058065091590660911413709115138091A4
:103C30001613909117130F94CABC20E030E040EAAD
:103C400050E40F94CABC9B01AC01C701B6010F94AC
:103C5000BFBD87FD03C00F94D82EC7CF802F0F9410
:103C6000002280E197E20F94052F7F926F92EAE3A2
:103C7000FDE1FF93EF939F928F920F94B9BAC40125
:103C80000E94A4EE3092740E2092730E0E9407FFE1
:103C90005C01809123050F900F900F900F900F9073
:103CA0000F9081117AC0A114B10409F476C060911B
:103CB000D4127091D5128091D6129091D7129B0197
:103CC000AC010F94D8C0882361F080E090E0A8E4B4
:103CD000B2E48093D4129093D512A093D612B093ED
:103CE000D712C0905606D0905706E0905806F09034
:103CF000590600E020E030E040EA51E46AEC72E16D
:103D0000C5010E94A6C19B01AC010F94D8C08111CE
:103D100044C00F94E32E4A94452809F485C080E3FB
:103D200095E70F94052F3F922F927F926F924DE26D
:103D30005DE15F934F939F928F920F94B9BAC40144
:103D40000E94A4EE0E9407FF209123050FB6F8946D
:103D5000DEBF0FBECDBF211120C00097F1F0C09093
:103D60005606D0905706E0905806F090590620E08D
:103D700030E048E452E464ED72E10E94A6C1BBE584
:103D80006B2EBDE17B2E44244394512C9B01AC014E
:103D90000F94D8C0882309F4FCCE81E080933C02C4
:103DA0000F94612380913C02882309F4FDC08AE6C8
:103DB0009DE19F938F939F928F920F94B9BAC40104
:103DC0000E94A4EE809123050F900F900F900F900A
:103DD000882319F08FEF0F9400220F940A226E9619
:103DE0002CAD3DAD4EAD5FAD6E972093CA123093B2
:103DF000CB124093CC125093CD1280E4FE01319649
:103E0000A4EDB2E101900D928A95E1F767968FAD2E
:103E100067970F948B260E9441578091D3038D7F23
:103E20008093D3030C941D8F8FEF0F94002280E3B7
:103E300095E70F94052FE0E16E2EE3E17E2E1FEF54
:103E4000FFE0AF2EB12C212C312CA0EC4A2EAFE795
:103E50005A2EF3012082318242825382812F0F94A5
:103E6000002280E197E20F94052FBF92AF9229E1E3
:103E70003DE13F932F939F928F920F94B9BAC40163
:103E80000E94A4EE0E9407FF209123050F900F903F
:103E90000F900F900F900F9021117FCF009709F492
:103EA0007CCFC0905606D0905706E0905806F09010
:103EB00059062091D4123091D5124091D6125091CA
:103EC000D7120A2DB3010E94A6C19B01AC010F9429
:103ED000D8C0811162CF54E0A51AB10880E1681AF8
:103EE000710810549FEFA916B90609F0B2CF6CE023
:103EF000E62E63E1F62E0EE010E07FE0372E8FE035
:103F000090E0801B910B83709927892B59F4302EF8
:103F100001501109F4E0EF1AF1080115110579F7C4
:103F200080E03CCF8CEF830D87FD80E0082E000CF5
:103F3000990BFC01EE0FFF1FEE0FFF1FEC52FD4E21
:103F40004080518062807380B801681B790B072E16
:103F5000000C880B990B0F9430B620E030E040E85D
:103F60005EE30F946FB65B016C01A32DB4E0AB026E
:103F7000F0011124EC52FD4EA30192016081718188
:103F8000828193810F94C9BC9B01AC01C601B5012C
:103F90000F946FB6A30192010F94CABCF70160831E
:103FA000718382839383B4CF88E00E94A1CB84E79E
:103FB00094E60E94B5EE80E00F94002267968FADE4
:103FC00067970F948B260F940A2225CF0F945A37A8
:103FD0000C941D8F80919E13813011F00C941D8FD5
:103FE00085E40E94E44081110E94764086E40E94AC
:103FF000E44081110E9476400F943265882311F4C9
:104000000C941D8F60E080E00F94EF7B0C941D8F6B
:1040100080E00E9430580C941D8F0E94FA6B0C9423
:104020001D8F0E945E770C941D8F0E94E26B0C9492
:104030001D8F8091D6068F938091D5068F938091A6
:10404000D4068F938091D3068F938091D2068F935D
:104050008091D1068F938091D0068F938091CF0667
:104060008F938091CE068F938091CD068F93809110
:10407000CC068F938091CB068F9301E819E61F93AE
:104080000F931F930F938091CA068F938091C90657
:104090008F938091C8068F938091C7068F938091EC
:1040A000C6068F938091C5068F938091C4068F9327
:1040B0008091C3068F938091C2068F938091C10631
:1040C0008F938091C0068F938091BF068F938091CC
:1040D000BE068F938091BD068F938091BC068F930F
:1040E0008091BB068F938091BA068F938091B90619
:1040F0008F938091B8068F938091B7068F938091AC
:10410000B6068F938091B5068F938091B4068F93F6
:104110008091B3068F938091B2068F938091B10600
:104120008F938091B0068F938091AF068F931F93EA
:104130000F931F930F93809136078F9380913507CC
:104140008F93809134078F93809133078F93809161
:10415000AE068F938091AD068F938091AC068F93BE
:104160008091AB068F938091AA068F938091A906C8
:104170008F938091A8068F938091A7068F931F93AA
:104180000F931F930F9380912E078F9380912D078C
:104190008F9380912C078F9380912B078F93809121
:1041A0002A078F93809129078F93809128078F93F7
:1041B000809127078F93809126078F938091250701
:1041C0008F93809124078F93809123078F93809101
:1041D00022078F93809121078F93809120078F93DF
:1041E00080911F078F931F930F931F930F938091BD
:1041F000A6068F938091A5068F938091A4068F9336
:104200008091A3068F938091A2068F938091A1063F
:104210008F938091A0068F9380919F068F938091BA
:104220009E068F9380919D068F9380919C068F931D
:1042300080919B068F9380919A068F938091990627
:104240008F93809198068F93809197068F931F93F9
:104250000F931F930F9380911E078F9380911D07DB
:104260008F9380911C078F9380911B078F93809170
:104270001A078F93809119078F93809118078F9356
:10428000809117078F93809116078F938091150760
:104290008F93809114078F93809113078F93809150
:1042A00012078F93809111078F93809110078F933E
:1042B00080910F078F931F930F931F930F938091FC
:1042C00096068F93809195068F93809194068F9395
:1042D000809193068F93809192068F93809191069F
:1042E0008F93809190068F9380918F068F9380910A
:1042F0008E068F9380918D068F9380918C068F937D
:1043000080918B068F9380918A068F938091890686
:104310008F93809188068F93809187068F931F9348
:104320000F931F930F93809132071F928F93809169
:1043300031071F928F93809130071F928F93809146
:104340002F071F928F931F930F931F930F938091AB
:1043500086068F93809185068F93809184068F9334
:10436000809183068F93809182068F93809181063E
:104370008F93809180068F9380917F068F93809199
:104380007E068F9380917D068F9380917C068F931C
:1043900080917B068F9380917A068F938091790626
:1043A0008F93809178068F93809177068F931F93D8
:1043B0000F931F930F9381E49AE19F938F930F9430
:1043C00064BA0FB6F894DEBF0FBECDBF2CEA35EC51
:1043D00047E25EE36091E3067091E4068091E506B2
:1043E0009091E6060F946FB69F938F937F936F9390
:1043F0002CEA35EC47E25EE36091DF067091E0065F
:104400008091E1069091E2060F94C9BD9F938F932E
:104410007F936F938091DE068F938091DD068F935B
:104420008091DC068F938091DB068F931F930F930F
:104430001F930F9384E19AE19F938F930F9464BA33
:104440002CEA35EC47E25EE36091EF067091F006EE
:104450008091F1069091F2060F946FB69F938F931F
:104460007F936F932CEA35EC47E25EE36091EB06B5
:104470007091EC068091ED069091EE060F94C9BD07
:104480009F938F937F936F938091EA068F93809190
:10449000E9068F938091E8068F938091E7068F93CA
:1044A0001F930F931F930F938FED99E19F938F931A
:1044B0000F9464BA0FB6F894DEBF0FBECDBF8091E3
:1044C000F5061F928F931F930F931F930F9320E076
:1044D00030E040E752E46091060770910707809151
:1044E0000807909109070F946FB69F938F937F935E
:1044F0006F93809105078F93809104078F9380912C
:1045000003078F93809102078F931F930F931F933D
:104510000F93809101078F93809100078F93809173
:10452000FF068F938091FE068F9320E030E040E7F6
:1045300052E46091FA067091FB068091FC0690911E
:10454000FD060F946FB69F938F937F936F93809127
:10455000F9068F938091F8068F938091F7068F93D9
:104560008091F6068F931F930F931F930F938EEDF9
:1045700098E19F938F930F9464BA0FB6F894DEBFBF
:104580000FBECDBF80910A07882309F458C08091DF
:104590000E078F9380910D078F9380910C078F9357
:1045A00080910B078F931F930F931F930F9388EBAB
:1045B00098E19F938F930F9464BA0FB6F894DEBF7F
:1045C0000FBECDBF809143078F93809142078F9399
:1045D000809141078F93809140078F9380913F078F
:1045E0001F928F9380913E078F9380913D078F9309
:1045F00080913C078F9380913B078F9380913A077E
:104600008F93809139078F93809138078F93809192
:1046100037078F9381E899E69F938F939F938F93AA
:1046200087E198E19F938F930F9464BA0F940A22C5
:104630000FB6F894DEBF0FBECDBF0C941D8F1F9335
:104640000F9389E998E19F938F930F9464BA0F9029
:104650000F900F900F90B6CF80E50E94E440882322
:1046600011F40C941D8F10925E0610925F0610924A
:104670006006109261060EE516E032E6E32E36E0A3
:10468000F32E4AE2D42EE0911318F0911418D08240
:104690000E948340D8018D938D01EA16FB0611F428
:1046A0000C941D8F8EE20E94E4408111ECCF109299
:1046B0005E0610925F0610926006109261060C94DE
:1046C0001D8F0F945A3780915F0E811102C00E9496
:1046D0007A4985E40E94E440812C912CA12C20ECA5
:1046E000B22E882321F00E94CE454B015C018CE460
:1046F0000E94E440C12CD12C7601882321F00E9435
:10470000CE456B017C018AE50E94E440412C512C8E
:1047100098ED692E91E4792E882331F00E94CE45E0
:104720002B013C01E89477F888E50E94E440882357
:1047300009F4A5C10E94CE456A966CAF7DAF8EAFDD
:104740009FAF6A9789E50E94E440882309F4A2C1DB
:104750000E94CE456E966CAF7DAF8EAF9FAF6E97C9
:104760001A821982FE01339683E1DF011D928A9538
:10477000E9F783E40E94E4408823F9F062E270E004
:1047800080911318909114180F94F9C18C01892B02
:10479000A1F00F5F1F4F62E270E0C8010F94F9C1F2
:1047A000009759F0801B843108F084E1482F50E0D5
:1047B000B801CE0101960F94CBC180919E1310E0F9
:1047C000813029F487E99FE10F94A186182F0F9477
:1047D0005A3786E10F94A9B31092E7030E94B64CB2
:1047E00081115FC1A5019401609154077091550733
:1047F00080915607909157070F94CABC6093540755
:1048000070935507809356079093570760E070E0C8
:1048100088EE92E40F940E970F945A3782E799E549
:104820000E947E5DC301B2010E94FE526A962CADC9
:104830003DAD4EAD5FAD6A97209348073093490771
:1048400040934A0750934B076E968CAD9DADAEAD2D
:10485000BFAD6E9780934C0790934D07A0934E0782
:10486000B0934F0760E070E088E492E40F940E97F5
:104870000F945A37B12CA12C03E0202E08E1302EE2
:104880008BE0882E88E1982E80919E13813009F06C
:104890000BC10F943B51A82E0E9499560F945A3782
:1048A0001092901710928F1780919E13813009F407
:1048B000C1C184E08093970240E060E08EEA93E11A
:1048C0000F941C12082F80E00E940955013001F559
:1048D0000E942F544EE154E162E080E00E941054A7
:1048E00080E090E0A8ECB2E48093480790934907F9
:1048F000A0934A07B0934B0760E070E088E492E42D
:104900000F940E970F945A378EE793E10F94B212DB
:104910000E942F5448E153E160E080E00E9410546F
:1049200061E080E00E94FC538981882341F0CE0140
:1049300001960E94EF5662E080E00E94FC53809155
:104940008F17811104C085E093E10E94E75384E052
:10495000809397020E944657811110C00F94AA2C91
:1049600081E00E94997380919217882399F340E027
:1049700068EE73E082E390E00F94D64432E0309327
:104980009702CE0101960E94FB5640E068EE73E06C
:1049900082E390E00F94D644111189C1B4E0BB2E9C
:1049A000B09297020E942F544EE453E160E081E000
:1049B0000E9410544AE353E161E081E00E941054E8
:1049C00048E253E162E081E00E9410544AEF59E26C
:1049D00063E081E00E9410544EE360E080E00E94BA
:1049E0001C540E94415700E00F94AA2C81E00E94C1
:1049F000997380917106909172060097D9F097FF94
:104A000022C1002309F423C101504FE058E160E0C6
:104A100080E00E9410544EE3602F80E00E941C54FE
:104A2000109272061092710664E670E080E090E0E9
:104A30000F94BA1B0E9446578823B1F20E942F544C
:104A40000F944E1042E040939702023009F408C1DF
:104A5000033009F4E4C1013009F01BC180919E13B9
:104A6000813009F0F8C00F943B51082F0E949956ED
:104A7000802F0E94677680E00E94155C91CF20E035
:104A800030E043E553E46A962CAF3DAF4EAF5FAFE5
:104A90006A9758CE6E961CAE1DAE1EAE1FAE6E97B8
:104AA0005FCE0E94FA49BECE84E0809397020F94B5
:104AB000A71D2B013C018CED92E10F942F120E9457
:104AC0004657082F811136C0A30192012054384D5A
:104AD000464F5F4F6A962CAF3DAF4EAF5FAF6A97C0
:104AE0000F94AA2C81E00E949973023009F463C0EC
:104AF0000F947A4584E090E0013029F10E944476D9
:104B00000F94A71D6A962CAD3DAD4EAD5FAD6A9773
:104B1000261737074807590790F68DEA92E10F9458
:104B20002F121092740E1092730E0F945A37149A1B
:104B300001E0D6CF10926F0510927205C701B60141
:104B40000E9460F9ABCE0E9444760E9446578823AB
:104B500039F28091B0059091B1059093740E8093D5
:104B6000730E8BEB9DE40F942F1242E864E080E01B
:104B70000E941C548091740E8F938091730E8F93BA
:104B80006091660E7091670E8091680E9091690E2B
:104B90000F943BBE7F936F933F922F920E94D55309
:104BA00081E80E94EB530F900F900F900F900F90A1
:104BB0000F9002E095CF6091730E7091740E072EE6
:104BC000000C880B990B0F9430B62091660E309133
:104BD000670E4091680E5091690E0F94C9BC9F7783
:104BE00020E030E040EA50E40F94BFBD87FF09C0E9
:104BF0008CED92E10F942F120F94A71D2B013C0115
:104C00005ECF64E081E00E94FC536091660E70917B
:104C1000670E8091680E9091690E0F943BBE7F9352
:104C20006F939F928F920E94D5530F900F900F9089
:104C30000F9056CF111103C08A2D0E946776812FE5
:104C40000E94155CA9CE033010F40F5FDECE87E022
:104C50000F94C642DACECE0101960E94FB56A0CE3A
:104C60000F945A370E94C4490E942F5440E653E1E2
:104C700060E080E00E9410544EE154E162E080E088
:104C80000E94105487E99DE10F94F6140F945A374F
:104C900087CE0E942F544EE653E162E080E00E94EE
:104CA0001054002319F0033009F07ACEB12C8EE8AD
:104CB00097E10E940058B110E7CD81E00E940955AC
:104CC0008091AF058093E703111127C00E94B64C75
:104CD000C0905407D0905507E0905607F0905707C2
:104CE000882309F49FC020E030E040E85FE3C7017B
:104CF000B6010F94C9BC6093540770935507809315
:104D000056079093570760E070E088EE92E40F94A6
:104D10000E971092740E1092730EE0905007F09060
:104D2000510700915207109153072091A002309132
:104D3000A1024091A2025091A30260919C02709145
:104D40009D0280919E0290919F021F921F921F923E
:104D50001F92812C912CE8E4AE2EE2E4BE2EF4E505
:104D6000CF2EF7E0DF2E0F94B9870F945A37E090DB
:104D7000A402F090A5020091A6021091A702209132
:104D8000A0023091A1024091A2025091A302609131
:104D90009C0270919D0280919E0290919F021F92B1
:104DA0001F921F921F92812C912CA0E7AA2EA1E4A2
:104DB000BA2E0F94B9870F945A3788EA92E00F946D
:104DC0005F8780E1ECE9F2E0A8E4B7E001900D92A2
:104DD0008A95E1F70E94574D809176039091770371
:104DE0008093390290933A029F938F938AE192E7DE
:104DF0009F938F930E94A0710E94B64C0FB6F894B7
:104E0000DEBF0FBECDBF882321F182E59EE20E9466
:104E1000B5EE10927A07109258070C941D8FBB24A0
:104E2000B39445CF20E030E040EA50E4C701B6013A
:104E30000F94CABC6093540770935507809356072C
:104E40009093570760E070E080E090E40F940E9735
:104E500064CF84E794E60E94B5EE82E893E20E9474
:104E60007E5DD7CF0E94B64C81110C941D8F0F949C
:104E70005A370E94DC680E94C35A0F94B31D0C94E9
:104E80001D8F0E94B64C882311F40C941D8F0C9436
:104E9000E78F60E080E00E94B9F80C941D8F1886BF
:104EA00083E50E94E4408823B1F00E947640182FE9
:104EB0008830B0F088E79FE10E94575B4AE067E0E6
:104EC00070E080E090E00F94BCAE85EF92E00F942C
:104ED000A7B40C941D8F81EA9DE00F94A2BB182FFC
:104EE0008AE50E94E440882309F4D7C00E94CE4599
:104EF0002B013C0120917F06309180064091810674
:104F0000509182060F946FB60F943BBE6B019B01CC
:104F10002156304F203A3F4030F082E69FE10E9418
:104F20007E5D0C941D8F5BE0159F90011124C901DB
:104F3000805B924F0F94E4BB8CE40E94E440BBE0A2
:104F40001B9F700111245701E7EBAE1AE2EFBE0A76
:104F5000882309F4BEC0E0911318F091141831961B
:104F6000BF0181918032E1F3882331F047E050E0C6
:104F7000CE0101960F9422C247E050E0B501CE0168
:104F800001960F94B6BB82E40E94E4405701FEEA0A
:104F9000AF1AF2EFBF0A882309F4A3C00E9476403B
:104FA000982E682FC5010F94C6BB80E50E94E4408F
:104FB0002DEAE21A22EFF20A882309F497C00E9430
:104FC0007640B82E682FC7010F94C6BB81E40E94BB
:104FD000E440882309F48FC00E947640811106C006
:104FE00081EA9DE00F94A2BB18138DC0812F0E940F
:104FF000485A082F882329F0612F81EA9DE00F94F9
:10500000C6BB8BE59FE10E94575B612F70E090E08B
:1050100080E00F9432AF812F0E94485A811104C062
:105020008AE49FE10E947E5D87E49FE10E94575BD6
:1050300044E0C301B2010F94F3B284E49FE10E9403
:10504000575BB601DD0C880B990B0F9432AF81E4EE
:105050009FE10E94575BCE0101960E94FE708EE395
:105060009FE10E94575B692D70E090E080E00F9413
:1050700032AF8BE39FE10E94575B6B2D70E090E0B5
:1050800080E00F9432AF88E39FE10E94575B802F4E
:1050900090E00F94C9520C941D8FABE01A9FC00191
:1050A0001124805B924F0F94B0BB6C01BC01990F2F
:1050B000880B990B0F9430B620917F0630918006B3
:1050C00040918106509182060F94C9BD2B013C018D
:1050D00033CF47E050E0B501CE0101960F9492BB6B
:1050E00052CFC5010F94A2BB982E5FCFC7010F947A
:1050F000A2BBB82E6BCF81EA9DE00F94A2BB01E06A
:10510000181709F47ECF00E07CCFC301B2010F94E1
:1051100030B620919A0330919B0340919C035091AB
:105120009D030F94BFBD87FD02C00C94078F0F94A1
:10513000A71D681979098A099B09693E7340810591
:105140009105C8F082E19FE10E94575B60919A034C
:1051500070919B0380919C0390919D0341E00F947B
:10516000F3B28FE20E943E5BC8010F94C9520F94C4
:10517000A71D4B015C010F94AA2C80E00E9499733B
:1051800080E00E94C3530C94EE8E8FE30E94E440B3
:105190008823C9F08FEF9EE10E94575B86EA9FE06B
:1051A0000F94A2BB21E030E0811102C030E020E08A
:1051B000C9010F94C95288EE9EE10E947E5D0E9453
:1051C0008F5B0C941D8F81E20E94E440882349F19B
:1051D00061E086EA9FE00F94C6BB68E070E080EB78
:1051E0009FE00F94E4BB68E170E082EB9FE00F94D6
:1051F000E4BB60E370E084EB9FE00F94E4BB60E508
:1052000070E086EB9FE00F94E4BB68E770E088EB0A
:105210009FE00F94E4BB87ED9EE10E947E5D0C94BD
:105220001D8F8AE50E94E4408823C1F061E086EA90
:105230009FE00F94C6BB00EB1FE070E060E0C80188
:105240000F94E4BB0E5F1F4F0A3B4FE01407A9F712
:105250008DEC9EE10E947E5D0C941D8F83E50E9483
:10526000E440882321F10E9483408C0189E40E945C
:10527000E440882311F40C941D8F0E947640853001
:1052800010F00C941D8F90E08852984FB801880F51
:10529000991F0F94E4BB84E696E20E947E5D88EE3F
:1052A0009EE10E947E5D0E948F5B0C941D8F8CEBB3
:1052B0009EE10E947E5D0C941D8F0E94CE4520E0F1
:1052C00030E040E251E40F946FB60F9442BE6C5A46
:1052D000633009F494C060F5613009F44BC062306A
:1052E00011F00C941D8F80919E13EFEFF7E1813048
:1052F00011F0E1E0F8E10591149180E50E94E440AD
:10530000882309F46BC00E9490404091FE0344231F
:1053100011F40C941D8F6017710711F40C941D8FFC
:1053200069E172E187E792E10E9406F90C941D8F12
:10533000643009F4B0C0653011F00C941D8F80E525
:105340000E94E440882309F425C10E9490404091C6
:10535000FC03442311F40C941D8F6230710510F48A
:105360000C941D8F64E171E18BE691E10E9406F9D6
:105370000C941D8F80E50E94E4408823A9F00E94D0
:10538000CE4520E030E04AE754E40F946FB620E0C9
:1053900030E040E05FE30F94CABC0F9442BECB0103
:1053A0000E9438F90C941D8F81E50E94E440882307
:1053B00011F40C941D8F85EA9DE00F94B0BBBC01E5
:1053C00090E080E00F942EB620E030E04AE754E40D
:1053D0000F94C9BD0F9436510C941D8F81E50E9426
:1053E000E440882311F40C941D8FB80190E080E014
:1053F0004AE00F94BCAE0F94A6B30C941D8F80911D
:105400009E1366EFE62E67E1F62E813021F051EF14
:10541000E52E57E1F52E80E50E94E440882379F1DE
:1054200062E270E080911318909114180F94F9C102
:105430008C01892BD1F00F5F1F4F62E270E0C80131
:105440000F94F9C1009789F0D82ED01AC7010F9494
:1054500060B9D8120AC0AC015527B701C8010F9432
:1054600081B9892B11F40C941D8F4091FE0369E1E1
:1054700072E187E792E10E9406F90C941D8F81E5A5
:105480000E94E440882311F40C941D8FC7010E94F0
:105490007E5D0C941D8F80E50E94E440882309F412
:1054A00070C080911318909114180196909314185D
:1054B000809313182091FD03222311F40C941D8F67
:1054C000BE016F5F7F4F0E94CADD8AE090E00F94BB
:1054D000B0BB29813A8112E08217930728F011E0CE
:1054E0002817390708F410E01295110F110F107CDE
:1054F0008CE090E00F94B0BBAC012B813C8182E04A
:105500004217530728F081E02417350708F480E09C
:1055100050E1859FC0011124180F8EE090E00F9498
:10552000B0BBAC012D813E8182E04217530728F0C9
:1055300081E02417350708F480E0A4E08A9FC001C9
:105540001124180F80E190E00F94B0BBAC012F81C3
:10555000388592E04217530728F091E02417350769
:1055600008F490E0190F163510F40C941D8F40913B
:10557000FD036AE971E18BEE91E10E9406F90C945A
:105580001D8F81E50E94E440882311F40C941D8F47
:105590000C94968B81E50E94E440882311F40C94CE
:1055A0001D8F81E090E00F94C9520C941D8F8BE405
:1055B0000E94E440C12CD12CE12C40ECF42E882335
:1055C00049F10E94CE456B017C0120E030E0A90149
:1055D0000F94BFBD81111EC010920D1810920E18AD
:1055E00010920F18109210180E946D6B81E899E6C6
:1055F0000E94575B8EEC97E10E94575B60910D18FB
:1056000070910E1880910F18909110180F943651C8
:105610000C941D8F8091750381111BC020E030E038
:10562000A901C701B6010F94BFBD87FF05C089ED71
:1056300097E10E947E5DDACF20E030E040E251E465
:10564000C701B6010F94BFBD87FF2CC081E00E9447
:105650006D6B8091750320E030E0A901813021F568
:10566000C701B6010F9453BF87FDE1CF20E030E0C2
:1056700040E251E4C701B6010F94BFBD87FFD7CF09
:1056800020E030E0A901C701B6010F94BFBD87FD3E
:10569000CECFC0920D18D0920E18E0920F18F09253
:1056A0001018A4CF82E0D3CFC701B6010F9453BF27
:1056B00087FDBDCF2FE632E143E05BE3C701B601D2
:1056C0000F946FB62AE037ED43E25CE30F94C9BC58
:1056D0006B017C0120E030E0A9010F94BFBD87FD84
:1056E00011C020E030E040E251E4C701B6010F9460
:1056F00053BF18162CF6C12CD12C30E2E32E31E426
:10570000F32EC7CFC12CD12C7601C3CF9EED892EAD
:1057100092E0992E0DE512E02DEFA22E24E0B22E9C
:10572000712CF40181914F010E94E440882309F417
:1057300045C0F3E07F1204C00E943DDE811161C0CC
:105740000E94CE456B017C0120E030E0A9010F945E
:10575000BFBD87FD46C020E030EA40E854E4C70101
:10576000B6010F9453BF1816A4F120E030E047E0D3
:1057700054E4C701B6010F9453BF87FD35C020E044
:1057800030E04CE752E4C701B6010F946FB620E059
:1057900030EA40E854E40F94C9BD0F9442BEF62E9F
:1057A000C8010E942F4D6F2DC8010E94374D50E057
:1057B00040E0D5016C91872D0F947C1873940D5F98
:1057C0001F4FBFEFAB1ABB0AE4E07E12AACF0C94C6
:1057D0001D8FC12C80EAD82E80E8E82E84E4F82EB4
:1057E000CECFC12CD12C760120E030E04CE752E442
:1057F000C701B6010F946FB620E034EB40E954E4E2
:10580000CACF85E598E50E94575B8BEA9EE10E942E
:105810007E5DD4CFA090670280916602811101C0A5
:10582000AA0CB12C86E692E00F947D1B882EC090C6
:10583000640280916302811101C0CC0CD12C83E6FB
:1058400092E00F947D1B982E00916102809160027E
:10585000811101C0000F10E080E692E00F947D1BE3
:10586000E82EF0905E0280915D02811101C0FF0C74
:105870008DE592E00F947D1BBF92AF921F928F92A5
:10588000DF92CF921F929F921F930F931F92EF92DE
:105890001F92FF921F928F938CE599E09F938F93B5
:1058A0000F9464BA0FB6F894DEBF0FBECDBF0C9450
:1058B0001D8F11E08239934009F410E082E50E94C7
:1058C000E440882381F08FEF9FE00F94A2BB182F54
:1058D00080916F06811711F40C941D8F812F0E9407
:1058E000A6450C941D8F80E50E94E440882389F032
:1058F00001E08091600E9091610E8239934009F42D
:1059000000E0602F8FEF9FE00F94C6BB0093A503CC
:10591000DFCF81E50E94E4408823D1F280916F06B9
:10592000811115C088EE9DE29F938F938FEE9DE2CB
:105930009F938F9383EA9EE19F938F930F9464BA12
:105940000F900F900F900F900F900F90C1CF8CEC95
:105950009AE2EACF8EED92E06C969FAF8EAF6C9795
:10596000E3E7EE2EE6E0FE2EF9E5CF2EF7E0DF2EA0
:10597000ADEF8A2EA4E09A2EBFE22B2EB7E03B2E8D
:1059800067961FAE67976C96AEADBFAD6C978D9165
:105990006C96BFAFAEAF6C970E94E440B82E8823E0
:1059A00009F475C00E94CE450F9442BE2B018B01B5
:1059B0006830710509F457C36031710509F453C3A8
:1059C00081E00032110509F080E06796BFAD67976E
:1059D000B33009F453C3920121503109223031050B
:1059E00008F047C39B2D892B6796EFAD6797E3308F
:1059F00041F40034110531F0BB24B3940038110593
:105A000009F0B12C811103C0BB2009F440C00F94F0
:105A10005A37D4018C91A12CBB24B39402C0B69404
:105A2000A7948A95E2F7B20167968FAD67970F94B6
:105A3000E718F1014082A016B10608F040C0C80185
:105A4000B5010F946BBC2B01712C612CC3010F9419
:105A50002EB69B01AC01D70114966D917D918D916D
:105A60009C9117970F946FB6F701648375838683B3
:105A70009783D6012D913D914D915C91C301B20167
:105A80000F9405BCF60160837183828393836796CC
:105A9000FFAD6797FF5F6796FFAF679724E0E20E61
:105AA000F11C34E0C30ED11C4FEF841A940A5FEF4F
:105AB000251A350AF43009F066CF0C94A894C50174
:105AC000B8010F946BBC2B01712C612CC3010F9496
:105AD0002EB69B01AC01D70114966D917D918D91ED
:105AE0009C9117970F94C9BDF701648375838683D2
:105AF0009783D6016D917D918D919C91A301920127
:105B00000F9493BCF6012083318342835383BFCF2C
:105B100080E50E94E440882329F00E947640182FF7
:105B20000C941E8E84E50E94E4408111F6CF0C9403
:105B30001D8E60E070E0CB010C94378E82E0809384
:105B40007A0781EF92E60E94B5EEA7019601609177
:105B500054077091550780915607909157070F94FD
:105B6000CABC60935407709355078093560790936F
:105B7000570760E070E080EA91E40F940E970111FE
:105B800006C060E070E088E492E40E947D530E94C9
:105B9000C4490F945A3740E064EF71E082E390E02B
:105BA0000F94D64480916C0E811105C08091A8039A
:105BB00081110F94B43781E00E94095582E00E9460
:105BC000C35384E794E60E94B5EE10927A070C94D2
:105BD000518E85E50E94E440C12CD12C76018823AA
:105BE00021F00E94CE456B017C018AE50E94E440D1
:105BF0008823A1F00E94CE459F770E94FE524B0160
:105C00005C0180919E13813099F40F94BA7CC50198
:105C1000B40190580E94FE520C941D8F60E070E019
:105C200080EA91E40E947D5360E070E0CB01E5CF13
:105C3000C701B6010E9460F9EACF81EC92E00E94B0
:105C40006C450C941D8F82EC92E00E946C450C9484
:105C50001D8F80919E13813011F00C941D8F81E473
:105C60000E94E440882311F40C941D8F8091131836
:105C70009091141840E150E070E060E001960F94BC
:105C80002DB7862F0E94D6FE0C941D8F80919E13F7
:105C9000813011F00C941D8F81E40E94E44010E0EB
:105CA000882361F0809113189091141840E150E01E
:105CB00070E060E001960F942DB7162F88E50E94E2
:105CC000E440882361F00E948340112311F40C9476
:105CD0001D8FBC01812F0E9433C30C941D8F90E057
:105CE00080E0F3CF60E08CEA9CE00F94C6BB10929A
:105CF0009E1310924C13109231130C94978E61E006
:105D00008CEA9CE00F94C6BB0E9493BF0C94978EC4
:105D100080E00E94B7FE0C94AD8E0F94949F0C947B
:105D2000AD8E8AE2F6CF843509F075C01093141851
:105D30000093131881E08093A4030E947640182FEB
:105D4000209113183091141891E07901E90EF11C9B
:105D5000D7018C91803211F0893011F49F5FF5CF1B
:105D6000082E000C990B0F94B6C1F701808390EDBB
:105D7000980F953058F08F3359F0883749F08336B3
:105D8000D1F084EA97E10E947E5D0FC08F3389F4E1
:105D900080919E13813049F490E080E00E9430BEF3
:105DA000682FD7018C910E946CFE1092A4030C9472
:105DB000E879833649F480919E138130B1F70F94CE
:105DC0003B51682F83E6EFCF80919E13813069F4B9
:105DD0000F943B51181305C084EB97E10F948BBAD5
:105DE000E4CF812F0E9464FBE0CF81E899E60E9416
:105DF000575B112359F084E50E943E5B812F90E0B0
:105E0000C0960F94C9528BE499E0BDCF88E399E026
:105E10000E94575BCACF843409F0EEC01093141867
:105E2000009313180E9483408630910509F479C0CD
:105E30009CF48230910509F452C08330910509F435
:105E400061C0019689F484E299E09F938F930F9447
:105E500064BA0F900F90FFCF8531910509F48DC082
:105E600094F4449709F469C0809176129091771266
:105E700084579F4E9F938F931F9284E48F938FE15B
:105E80009BE00C94D07B8631910509F49BC086344D
:105E9000910551F783E50E94E440882311F40C94A6
:105EA000E8790E94834011E0009709F410E0892B03
:105EB00091F0CE0101960F94E8250F94A71D6093F1
:105EC0002406709325068093260690932706CE011C
:105ED00001960F94DB25109334060C94E8794FE17A
:105EE000C42E49E0D42E52E0E52E00E020E032E25C
:105EF00040E050E060E072E080E090E00E94D44733
:105F00000C94E87928E1C22E29E0D22E33E0E32E6A
:105F100001E020E030E140E050E060E070E0CB01E3
:105F2000EDCF81E1C82E89E0D82E96E0E92E03E07E
:105F300020E030E044E050E0F0CF85E40E94E4400F
:105F4000882329F080E00E94ABC80C94E8790F9474
:105F5000A71D6B017C010E94D9C80F94A71DDC010D
:105F6000CB018C199D09AE09BF09BF93AF939F93D5
:105F70008F9388EF98E00C94D07B90E080E00E94B3
:105F8000F7C7811107C085EE98E09F938F930F9418
:105F900064BA14C081E0809397028EEC98E09F93DE
:105FA0008F930F9464BA03E020E033E240E050E0C6
:105FB00060E070ED83E090E00F94BA620F900F9074
:105FC0000C94E87990E080E00E94F7C7811103C04B
:105FD0008BEB98E0DACF8CE58CBD1DBC0E942FC8FE
:105FE00040E050ED63E070E080E20E94B1C70E94A3
:105FF00093C78DEA98E0C9CF81E899E60E94575B84
:1060000080EB99E00E94575B809176129091771215
:1060100084579F4E0E94FE708EE99EE10C94407C56
:106020002DEC3CEC4CEC5DE3C701B6010F9453BF83
:10603000181614F40C94A57D0C94B37EA301920160
:10604000622D732D8E2D9F2D0F94BFBD181614F049
:106050000C94AE86E5E0CE0ED11CF2E0AF0EB11C82
:1060600084010C94758667962FAD67978B2D23302E
:1060700029F091E00430110509F4B5CC90E0B3CCDF
:106080008EED93E10F942F124DEF5DE162E080E021
:106090000E941054F80181918F01982F9F7D11F477
:1060A0000C94119597EF980F923010F40C94119571
:1060B0008D3011F40C9411950E94EB53EBCFCE016F
:1060C00001960F94E8250C94439B809103049091D2
:1060D000040408958150823108F05AC0E82FF0E09E
:1060E0008827EA58FF448F4F0D94B2BC96B09AB0FF
:1060F00088B08EB092B0C8B09DB0A3B0A7B0ADB01C
:10610000B1B0B5B0BBB0BFB0C8B0C3B0C9B0CDB00E
:10611000809180008F778093800008958091800027
:106120008F7DF9CF80918000877FF5CF84B58F7701
:1061300084BD089584B58F7DFBCF8091B0008F77AB
:106140008093B00008958091B0008F7DF9CF809149
:1061500090008F77809390000895809190008F7DBC
:10616000F9CF80919000877FF5CF8091A0008F7745
:106170008093A00008958091A0008F7DF9CF809139
:10618000A000877FF5CF809120018F778093200139
:106190000895809120018F7DF9CF80912001877F24
:1061A000F5CF83B1829581700895CF92DF92EF92FF
:1061B000FF9220910504B0E0A0E0C0906907D09064
:1061C0006A07E0906B07F0906C0720FF42C0C81A86
:1061D000D90AEA0AFB0AC0926907D0926A07E092DC
:1061E0006B07F0926C07CB01B0E0A0E0C0906D07A8
:1061F000D0906E07E0906F07F090700721FF36C0D7
:10620000C81AD90AEA0AFB0AC0926D07D0926E0733
:10621000E0926F07F092700770E060E08091710784
:1062200090917207A0917307B091740722FF2BC061
:10623000841B950BA60BB70B809371079093720785
:10624000A0937307B0937407FF90EF90DF90CF9007
:1062500008958C0D9D1DAE1DBF1D80936907909301
:106260006A07A0936B07B0936C07BDCF8C0D9D1D83
:10627000AE1DBF1D80936D0790936E07A0936F07AF
:10628000B0937007C9CF840F951FA61FB71FD4CF37
:10629000FB01118210826AE0DC012C9120532A302C
:1062A000A0F440815181649F9001659F300D1124BD
:1062B000318320834D91CD0120533109240F311DAD
:1062C00047FD3A9531832083E7CF089585E0809399
:1062D0006A0E0D944E1084E09DE00F94A2BB8A32AA
:1062E00039F48AE29DE00F94A2BB91E0813009F07D
:1062F00090E0892F08958FE594E20E947E5D0D94D1
:106300004E1080916D0E813021F482EB93E20C945B
:106310007E5D83EA93E2FBCF8093E7038093AB0437
:106320000D94AA2C1F93CF93DF93C82FD62F0E94D2
:106330002F5443EC51E360E080E00E94105446E5A6
:1063400052E3CC2311F045E452E361E080E00E9487
:1063500010548FEF0E948CB164EF71E080E090E008
:106360000F94BA1B4AEB51E362E081E00E941054A3
:106370004EE363E080E00E941C548DEA91E30E94AA
:10638000E7536D2F70E0709372066093710684E09E
:10639000809397020E944157DC2F11E01C278091C7
:1063A000710690917206009719F197FF0BC0D12FDB
:1063B0004EE362E080E00E941C5440E263E080E033
:1063C0000E941C548091710690917206181619064D
:1063D0005CF440E262E080E00E941C544EE363E023
:1063E00080E00E941C54DC2F1092720610927106FD
:1063F0000F94AA2C81E00E94997364E670E080E01B
:1064000090E00F94BA1B0E944657882341F282E025
:106410008093970280E00E944D5980E00E948CB1E9
:106420008D2FDF91CF911F910895CF93DF93C82FC8
:10643000D62FC15098F04DE26D2F82E10E941C547E
:1064400084EF91E00E9444764CE76D2F82E10E9438
:106450001C5484EF91E00E944476EBCF0F94A71D6B
:106460006093A2177093A3178093A4179093A51716
:1064700081E080933B0580913B05882329F084E6E9
:1064800090E00E944476F7CFDF91CF910C94B54B0A
:10649000CF93DF930F945A37C8E4D7E060917B1312
:1064A00070E090E080E00F9430B69B01AC016C8509
:1064B0007D858E859F850F94C9BC6C877D878E876F
:1064C0009F8762E082E89CE3DF91CF910D9409659C
:1064D0000F931F93CF93DF93982F862F142FE901EB
:1064E000692F0E94FC53113021F0123079F0CE0157
:1064F00015C0CE010E94E7538AE30E94EB53802F20
:10650000DF91CF911F910F910C94EB53CE010E941C
:10651000E7538AE30E94EB538DE094E2DF91CF9141
:106520001F910F910C94E753DF92EF92FF920F931C
:106530001F93CF93DF93CDB7DEB763970FB6F89471
:10654000DEBF0FBECDBF30911D0520911C0532135B
:1065500071C07C0180918F02882309F443C087EACF
:1065600091E39F938F9381E49CE39F938F938E019C
:106570000F5F1F4F1F930F930F94B9BAD82E47E0A8
:1065800050E0B701800F912F911D0F9492BB0F9097
:106590000F900F900F900F900F9020E0822F8D0D95
:1065A00090E0273039F02F5FF801E80FF91F3081B4
:1065B0003111F4CFF801E80FF91F2DE520838C0F7E
:1065C0009D1FFC0112820F9444AA482F60911A0566
:1065D00080E00E941C5462E1C8010E94D75680E20C
:1065E0000E94EB5380911B05882321F120911D050A
:1065F000809171069091720628171906D9F41092AD
:1066000090028AE69AE5892B11F00E946A5A81E08D
:10661000809390020F9468AA63960FB6F894DEBF39
:106620000FBECDBFDF91CF911F910F91FF90EF90E3
:10663000DF90089580911D058F5F80931D05ECCF3D
:1066400041E061E083E097E30F941C12811107C0E1
:1066500061E08FEF96E30E940A710F944E1081E083
:106660000E94095582E080938F020895CF92DF92B5
:10667000EF92FF920F931F93CF93DF936C017901F9
:10668000C42FD0E0AE010F9481B9892BB9F4B801C1
:10669000C6018C0F9D1F0E9448B1F80120813181F5
:1066A0002E293F293183208381E0DF91CF911F91F3
:1066B0000F91FF90EF90DF90CF90089580E0F5CF9D
:1066C00087EA9CE00F94A2BB61E0823008F468275F
:1066D00087EA9CE00D94C6BBCF93DF93C5E1DDE074
:1066E000FE01E35FF44D6491CE010F94C6BB219689
:1066F000C9328DE0D807A1F7DF91CF910895CF93EC
:106700000E946BB1C1E0C8276FEF09F06AE284E034
:106710009DE00F94C6BB8C2F880F8270CF910D9493
:10672000531A8AEA9DE00F94A2BB65E0833021F002
:1067300061E0853009F063E08AEA9DE00D94C6BB14
:106740008BEA9DE00F94A2BB63E0833009F467E01D
:106750008BEA9DE00D94C6BB8CEA9DE00F94A2BB32
:1067600061E0811160E08CEA9DE00D94C6BB609110
:10677000E20381EA9DE00F94C6BB0D941D070F93C1
:106780001F93CF93DF9300D000D01F921F92CDB7FD
:10679000DEB78C018AE090E00F94B0BB9A838983C6
:1067A0008CE090E00F94B0BB9C838B838EE090E0F4
:1067B0000F94B0BB9E838D8380E190E00F94B0BBBB
:1067C00098878F83C801DE011196BE01675F7F4FF6
:1067D000FC01259134914D915D914217530748F08A
:1067E0002417350720F00296A617B70789F780E02F
:1067F00001C081E028960FB6F894DEBF0FBECDBF72
:10680000DF91CF911F910F9108958FEF9FE00F942B
:10681000A2BB90916F0622E04FEE52E081111BC0A7
:106820006BE378E3911102C068EE7DE28FEE9DE2AA
:106830000F94EBAC89E69FE00F94A2BB6FEA73E67E
:10684000882311F063EB73E622E04BEF50E08DED0F
:106850009DE20D94EBAC66E378E3891302C065ED2D
:106860007DE28FEE9DE20F94EBAC22E049E051E037
:1068700070E060E0ECCF8091AA03882321F0809142
:106880008F02882351F081E08093AA0360E08AE2BE
:106890009DE00E94105A8093AB030F945CAB109262
:1068A0001A0580911A05843008F06AC010921D05FF
:1068B00080910004811141C080ED9DE20F9422AED1
:1068C0006DE67CEB84E999E20F94D5AD8091FF03EE
:1068D0008C3309F449C0A0F58931E1F18832A1F186
:1068E0006AE37BEC81E798E20F94FFAA61ED72E026
:1068F00086E398E20F94D5AD80919E13813031F0FC
:1069000061E278EF85EB96E30F94FFAA8091AB03E9
:10691000882331F061EC74EB88EA96E30F94D5ADEF
:106920000F9430AB80911A058F5F80931A05809188
:106930001C058F5F80931C05B4CF8FE59BE2BECF13
:106940008035C1F08F3F61F622E043E451E061ED14
:1069500076E305C022E043E451E066ED76E388E2A9
:106960009AE20F94EBACBCCF22E043E451E06CEC34
:1069700076E3F5CF22E043E451E067EC76E3EFCF36
:1069800008950F945CAB10921A0580911A0584301B
:10699000B8F510921D0580ED9DE20F9422AE809116
:1069A000C40463EB73E681FF02C06FEA73E622E082
:1069B00040E551E483E594E20F94EBAC0E946BB1A7
:1069C0006FEA73E6882311F063EB73E622E04FE78A
:1069D00053EB87E494E20F94EBAC6CE673EB84E347
:1069E00094E20F94FFAA0F9430AB80911A058F5F49
:1069F00080931A0580911C058F5F80931C05C5CF7D
:106A00000895CF9348E65BE260E080E00E94105476
:106A10004AE061E080E00E941C540F945CAB10924D
:106A20001A05C2E080911A058430F8F410921D0511
:106A3000811102C0C0931A0569EF72E08EEC92E6F4
:106A40000F94FFAA62E079EF81ED92E60F94FFAA1E
:106A50000F9430AB80911A058F5F80931A05809157
:106A60001C058F5F80931C05DDCFCF9108950F9497
:106A70005CAB10921A0580911A058430A8F510922B
:106A80001D0584E999E20F9422AE8091E2030E94F1
:106A9000485A882331F06CEB7BEB8DE899E20F9438
:106AA000D5AD80916A0E811106C067EB73EB8CE760
:106AB00099E20F94D5AD6FEA79EB85E799E20F94EF
:106AC000D5AD6AE57BEC8FE699E20F94FFAA0F94AF
:106AD00030AB80911A058F5F80931A0580911C0559
:106AE0008F5F80931C05C7CF089587E08093E203F2
:106AF0000C9437B586E08093E2030C9437B585E0BB
:106B00008093E2030C9437B584E08093E2030C9405
:106B100037B583E08093E2030C9437B582E080932D
:106B2000E2030C9437B581E08093E2030C9437B50F
:106B30001092E2030C9437B50E94C57161E083EFB7
:106B400094E60E940A710D944E10CF93DF938CED62
:106B500093E00F94382080915D0E811118C08091D0
:106B60005E0E811114C0C0916F0ED091700E82E044
:106B7000CB3CD80761F082E0CD33D80741F080915B
:106B8000D303811104C080911905882331F082E07C
:106B900080938F02DF91CF91089584EBCB33D80798
:106BA00049F482E080938F028AE29DE0DF91CF91E9
:106BB0000C943B5A90915B0E80915C0E981304C02C
:106BC0000E94C14C882361F00E94FC4C811110C0CE
:106BD00082E080938F0280E0DF91CF910D94C642D6
:106BE00081E0C737D807E1F460E08DE392E014C09C
:106BF00081E0C737D80759F089ECC133D80739F09D
:106C000088EBC030D80719F0CD5ED04009F70E945C
:106C10002F5460E08BEC92E0DF91CF910D94C9ACE2
:106C200089ECC133D80701F382E0CB37D807E1F212
:106C300084EFCC3BD807C1F286EBC932D807A1F26A
:106C400087EBC23ED80781F2CD5ED04009F0C0CFBD
:106C5000CBCFCF938FEF9FE00F94A2BB8093A50380
:106C60000F945CAB10921A05C1E080911A05843034
:106C700008F027C110921D058CEA9BE20F9422AE0A
:106C800062EE77EB80EB98E20F94D5AD0E94124D47
:106C9000882321F00E94B64C882361F06DE872E0F1
:106CA00086EA98E20F94D5AD6EE674E285E998E243
:106CB0000F9478AA69E871E083EE9AE20F94D5AD5B
:106CC0008CEA9CE00F94A2BB6FEA73E6882311F074
:106CD00063EB73E622E04BEE51E087EF96E30F940F
:106CE000EBAC8CEA9CE00F94A2BB882331F063EDFF
:106CF0007EEF8DEE96E30F94FFAA80919E13813074
:106D000041F40F94981169EB7BEB88E898E20F94BB
:106D1000D5AD0F94561180916C0E811102C00E9466
:106D200005B480916C0E8111C5C0C09300046BE363
:106D300074EB8FE798E20F94D5AD60E07BEB8BEFBF
:106D400098E20F94D5AD6BE871E081E698E20F947C
:106D5000D5AD20E030E040E251E460919A037091BB
:106D60009B0380919C0390919D030F9453BF87FDDB
:106D700011C08FEA9FE00F94A2BB6FEA73E68823ED
:106D800011F063EB73E622E047ED51E08CEB98E203
:106D90000F94EBAC8091260563EB73E6811102C082
:106DA0006FEA73E622E049E852E088E598E20F9442
:106DB000EBAC0E94B64C811106C06BEC72E088E926
:106DC0009AE20F94D5AD80916C0E81112AC080910A
:106DD000E51622E045ED51E06DE373E2811102C05A
:106DE00068EE7DE280E598E20F94EBAC89E09FE0ED
:106DF0000F94A2BB22E041EC51E066E478E28823E4
:106E000061F022E041EC51E06DE378E2813029F05D
:106E100022E041EC51E060E07EE28BE498E20F94E6
:106E2000EBAC8091EC0422E045EC52E06CEC7AE2B1
:106E3000823051F065EC7AE2833031F068ED7AE22D
:106E4000813011F463ED7AE28DED9AE20F94EBACB0
:106E500080910804882331F06CE87AEB8AEB9AE29F
:106E60000F94D5AD87EA9CE00F94A2BB6EEC72E65E
:106E7000882311F061ED72E622E040E653EB80E3F7
:106E800093E20F94EBAC80916C0E882331F060E2BA
:106E900073EB8BED96E30F94FFAA0F9430AB8091C8
:106EA0001A058F5F80931A0580911C058F5F809370
:106EB0001C05DBCE6AE37BEC81E798E20F94FFAA26
:106EC0003CCFCF9108950F945CAB10921A0580913E
:106ED0001A05843008F075C010921D058CEA9BE2FB
:106EE0000F9422AE6DED72E08AE399E20F94FFAA4F
:106EF00080916A0E811106C063E572E08CE799E229
:106F00000F94D5AD6BE774E28EE996E30F9478AAFF
:106F100066ED7DEE80E399E20F94FFAA63E37EEFD6
:106F200087E299E20F94FFAA69E472E089E199E2AD
:106F30000F94FFAA6FE172E08DE099E20F94FFAA2F
:106F40006FE271E08BEF98E20F94D5AD69E671E0E6
:106F500089EE98E20F94D5AD61E172E089ED98E297
:106F60000F94D5AD6BEF76E387EC98E20F9478AA97
:106F700020E030E040E251E460919A0370919B037D
:106F800080919C0390919D030F9453BF87FD06C091
:106F900061E972E08CEB98E20F94FFAA66E671EB70
:106FA00086E493E20F94FFAA0F9430AB80911A0508
:106FB0008F5F80931A0580911C058F5F80931C055D
:106FC00086CF08950F945CAB10921A0580911A0534
:106FD0008430A8F410921D058FE59BE20F9422AE39
:106FE0000F9465110F9430AB80911A058F5F8093D9
:106FF0001A0580911C058F5F80931C05E7CF0895CB
:10700000EF92FF920F931F938091950290919602B9
:107010002091B70321118FC021E02093B7039093F3
:10702000B9038093B8038FEF9FE00F94A2BB8093C6
:10703000A5030F945CAB10921A0580911A05843059
:1070400008F088C010921D050F9404AA81110E94B7
:10705000144A8CEA9BE20F9422AEF12CE12C07EE4D
:1070600013E02AE030E040E169E372E084E09BE273
:107070000F94ACAB0F9465112AE030E040E165E974
:1070800072E08FEF9AE20F94ACAB80916C0E81119D
:1070900006C065EC77EF8FEE9AE20F94FFAA0E948C
:1070A000B64C882331F06AE277E38EE996E30F94D9
:1070B00078AA69E871E083EE9AE20F94D5AD8091E9
:1070C0009E13813011F40F9498110F9456118091F2
:1070D0006C0E811102C00E9405B48091EC0422E084
:1070E00045EC52E06CEC7AE2823051F065EC7AE2E9
:1070F000833031F068ED7AE2813011F463ED7AE2A9
:107100008DED9AE20F94EBAC80910804882331F066
:107110006CE87AEB8AEB9AE20F94D5AD0F9430AB22
:1071200080911A058F5F80931A0580911C058F5FEF
:1071300080931C0582CF2091B8033091B9032817A2
:10714000390709F470CF9093B9038093B8030E9474
:10715000EA4A69CF1F910F91FF90EF900895BF9277
:10716000CF92DF92EF92FF920F931F93CF93DF9313
:10717000C82FF62EE42EB22E680180E00E94095539
:10718000DCE7FE1408F0DDE2BB20E9F00E942F549A
:10719000C1111CC083EC91E30E94E75388EF8C0F70
:1071A000823068F584E69DE20E94E75387E49DE221
:1071B000CC3049F18CEC91E3CD3029F1CE3029F57A
:1071C00086E39DE220C00E942854E2CFC13011F333
:1071D000C23001F381EB9DE2C330F1F281EA9DE21E
:1071E000C430D1F281E99DE2C530B1F281E89DE27F
:1071F000C63091F2C73091F684E79DE2CDCFCA3018
:1072000059F583E59DE20E94E7534DE058E361E0C4
:1072100080E00E941054C33040F54AE25DE262E033
:1072200080E00E94105462E082E10E94FC53C11190
:1072300017C08D2F0E94EB534FE15DE263E080E0C9
:107240000E94105463E082E10E94FC53C23001F1BD
:107250008D2F0E94EB5320C0CB3009F0A7CFD1CFA8
:107260008DE094E20E94E753E7CF86EF8C0F8230E7
:1072700068F54FEF51E362E080E00E9410548AE32A
:107280000E94EB5362E082E10E94FC53CA3001F39A
:107290008DE094E20E94E753C114D10419F0C601B5
:1072A0000E94447681E08F0D4E2D50E0440F551F13
:1072B000841715060CF080E0DF91CF911F910F919C
:1072C000FF90EF90DF90CF90BF900895CA3020F7E5
:1072D00041E0C43021F042E0C33009F440E00D2F1A
:1072E0002BE038E362E082E00E9468B241E0C53002
:1072F00021F042E0C53008F440E00D2F29E038E3EA
:1073000068E082E00E9468B241E0C63021F042E0CD
:10731000C63008F440E00D2F27E038E36EE082E04D
:107320000E9468B241E0C73021F042E0C73008F463
:1073300040E00D2F23E038E360E083E00E9468B274
:1073400041E0C83021F042E0C83008F440E00D2FA1
:107350002CEF37E369E083E00E9468B29DCFCF93C2
:10736000DF938091AA03811118C06091E2038BE042
:10737000689FB0011124675B724F47E050E08CEAD0
:1073800093E00F9492BB8091AC0390E090937206CF
:107390008093710681E08093AA0380917106909199
:1073A0007206809734F480E290E0909372068093A6
:1073B000710680917106909172068F3F910539F0A8
:1073C00034F08FEF90E09093720680937106E09115
:1073D000AB03F0E0E655FC4F8091710682830E947A
:1073E0002854CCEAD3E089910E94EB5383E0C33B5D
:1073F000D807C9F74EE561E08091AB030E941C54A9
:107400008091AB03882329F040E261E081500E9423
:107410001C540E944657882399F0E091AB038E2FAD
:1074200090E00196079778F4EF5FE093AB03F0E00C
:10743000E655FC4F828190E090937206809371062E
:10744000DF91CF9108956091E2038BE0689FB001D6
:107450001124675B724F47E050E08CEA93E00F9491
:10746000B6BBDF91CF910D941FAECF93DF9394E025
:10747000899FE0011124C85BD84F20E030E040E252
:1074800051E4688179818A819B810F94CABC6883A9
:1074900079838A839B8360E070E084E392E40F94B5
:1074A0000E970F945A37DF91CF910D94421A0F9493
:1074B0001D591092A60310927206109271060D9437
:1074C0007EAB809114168823F9F0815080931416B6
:1074D00093E2E2E4F5E1AFE1B5E101900D929A9516
:1074E000E1F722E435E190E0981760F443E2F90116
:1074F000B396D90101900D924A95E1F79F5F2D5DFA
:107500003F4FF2CF0F941D591092A60310927206AE
:10751000109271060D947EABEF92FF920F931F9322
:107520000F945CAB10921A0580911A05843008F014
:1075300052C010921D050F9404AA81110E94197364
:1075400080ED9DE20F9422AE2091060430E0F12CF4
:10755000E12C0FEF10E048E067E074E082E59BE289
:107560000F94ACAB0091070410E030E020E048E05D
:1075700066E074E085E49BE20F94ACAB80914F022F
:1075800061E37BE2813031F068E37BE2811102C08C
:107590006DE27BE222E040EF5AEB8FEE9DE20F942A
:1075A000EBACF12CE12C07EE13E021E030E040E100
:1075B0006DE472E08DE39BE20F94ACAB0F9430ABC3
:1075C00080911A058F5F80931A0580911C058F5F4B
:1075D00080931C05A9CF1F910F91FF90EF90089504
:1075E00080914F02882331F0813041F410924F0294
:1075F0000C94197382E080934F02FACF81E0FBCFA5
:10760000DF92EF92FF920F931F93CF93DF9300D0FF
:107610001F92CDB7DEB78CEA9DE00F94A2BBE82E97
:107620008BEA9DE00F94A2BB182F8AEA9DE00F948D
:10763000A2BB082F0F945CAB10921A0580E3F82EC2
:10764000F10E98E7D92E005D80911A05843008F07C
:1076500047C010921D050F9404AA882329F0173003
:1076600019F481E00F9424128FE59BE20F9422AE6F
:10767000F982DA82FB821C8220E040EA53EBBE01F1
:107680006F5F7F4F88E29BE20F94EBAC09831A8215
:1076900020E041E953EBBE016F5F7F4F8CE19BE23D
:1076A0000F94EBAC6AE07BE2173031F46FEA73E6DB
:1076B000EE2011F063EB73E622E04CEA53EB8EE030
:1076C0009BE20F94EBAC0F9430AB90911A059F5F47
:1076D00090931A0590911C059F5F90931C05B4CF61
:1076E0000F900F900F900F90DF91CF911F910F91FE
:1076F000FF90EF90DF900895CF930F945CAB1092C2
:107700001A0580911A05843030F510921D058CEA17
:107710009BE20F9422AE6CE57CEB81E499E20F943E
:10772000FFAAC0E061E36C0F2C2F4BE65CEB8CEE04
:1077300099E20F94A8AACF5FC530A1F70F9430ABA0
:1077400080911A058F5F80931A0580911C058F5FC9
:1077500080931C05D6CFCF91089584E00D943B44CF
:1077600085E00D943B4486E00D943B4487E00D9406
:107770003B4488E00D943B446091E20381EA9DE044
:107780000F94C6BB83E00D9403AECF930F945CAB14
:1077900010921A0580911A05843058F510921D0533
:1077A0000F9404AA81110F941A158CEA9BE20F948E
:1077B00022AE6EE97BEF81E499E20F94FFAAC0E06C
:1077C00061E36C0F2C2F4FEA5BEF8CEE99E20F9484
:1077D000A8AACF5FC530A1F70F9430AB80911A05EE
:1077E0008F5F80931A0580911C058F5F80931C0525
:1077F000D1CFCF910895EF92FF920F931F93CF9324
:107800008C017B010F945CAB10921A0580911A05D4
:10781000843018F510921D050F9404AA81110F945D
:107820001A158CEA9BE20F9422AEC0E061E36C0F64
:107830002C2FA701C8010F94A8AACF5FC530B1F7BC
:107840000F9430AB80911A058F5F80931A05809159
:107850001C058F5F80931C05D9CFCF911F910F918D
:10786000FF90EF90089565E47CEB85ED92E60C9433
:10787000FBBB61E57CEB82EE92E60C94FBBB65EA18
:107880007EEF8CEE99E20C94FBBBCF93C82F0F9444
:107890003265882321F08C2FCF910D948E7DCF916E
:1078A0000895CF93C82F0F941FAE61E08C2F0F94D3
:1078B000137DCF910D941A1580E00F94D27C81E056
:1078C0000F94D27C82E00F94D27C83E00F94D27C20
:1078D00084E00D94D27C0D94D27C0F945CAB10921A
:1078E0001A0580911A05843008F043C010921D05D6
:1078F0008FE798E20F9422AE68E975EB89E49DE08A
:107900000F9485AD63E975EB84E59DE00F9485AD3B
:107910006EE875EB8FE59DE00F9485AD69E875EB3A
:107920008AE69DE00F9485AD64E875EB85E79DE000
:107930000F9485AD6FE775EB80E89DE00F9485AD02
:107940006AE775EB8BE89DE00F9485AD65E775EB15
:1079500086E99DE00F9485AD0F9430AB80911A05B8
:107960008F5F80931A0580911C058F5F80931C05A3
:10797000B8CF08952F923F924F925F926F927F926D
:107980008F929F92AF92BF92CF92DF92EF92FF922F
:107990000F931F93CF93DF9300D000D000D0CDB7CB
:1079A000DEB706EA13E11F830E832E803F80198223
:1079B000F10161817281838194819B01AC010F94FB
:1079C000D8C0882309F47CC089810F9427A420E0C3
:1079D00030E048EB51E40F94CABC6B017C0120E01D
:1079E00030E041E853E40F94C9BC2B013C0120E096
:1079F00030E046EF53E4C701B6010F94C9BC4B0118
:107A00005C0120E030E040EC51E4C701B6010F9486
:107A1000C9BC6B017C01EE81FF81218132814381F0
:107A20005481C301B2010F946FB6A50194010F9464
:107A30006FB620E034EE45ED57E40F94C9BD6A837C
:107A40007B838C839D83EE81FF81258536854785E9
:107A50005089C701B6010F946FB6A50194010F9428
:107A60006FB620E034EE45E557EC0F94C9BD9B019D
:107A7000AC016A817B818C819D810F94CABC4B01D2
:107A80005C01EE81FF81218D328D438D548DC701C4
:107A9000B6010F946FB6A30192010F946FB620E068
:107AA00034EE45ED57E40F94C9BD9B01AC01C5010F
:107AB000B4010F94CABCF101618372838383948300
:107AC000F4E02F0E311C29812F5F2983273009F024
:107AD0006FCF8E819F814C969F838E838A5694416F
:107AE00009F063CF19870887F1E0F983C8018B5A41
:107AF0009F4F9F838E83180199EA290E311CE885D8
:107B0000F985658D768D878D90A19B01AC010F94D1
:107B1000D8C0882309F479C089810F9414A420E087
:107B200030E040EA50E40F94CABC6B017C0120E0D5
:107B300030E048ED52E40F94C9BC2B013C0120E039
:107B400030E042E553E4C701B6010F94C9BC4B01D4
:107B50005C0120E030E040EC50E4C701B6010F9436
:107B6000C9BC6B017C01EE81FF81208131814281A2
:107B700053810F946FB6A50194010F946FB620E066
:107B800030E942E256EC0F94C9BD6A837B838C8353
:107B90009D83F8012181328143815481C301B20167
:107BA0000F946FB6A50194010F946FB620E030E9F1
:107BB00042EA56E40F94C9BD9B01AC016A817B8106
:107BC0008C819D810F94CABC4B015C01F101208125
:107BD000318142815381C701B6010F946FB6A30171
:107BE00092010F946FB620E030E942EA56E40F9418
:107BF000C9BD9B01AC01C501B4010F94CABCE885A5
:107C0000F985658F768F878F90A3888599854C96A7
:107C10009987888799819F5F9983963009F06FCF04
:107C20000C5F1F4FE3E1023C1E0709F05BCF299672
:107C30000FB6F894DEBF0FBECDBFDF91CF911F917D
:107C40000F91FF90EF90DF90CF90BF90AF909F90FB
:107C50008F907F906F905F904F903F902F900895FE
:107C60004F925F926F927F92AF92BF92CF92DF92CC
:107C7000EF92FF920F931F93CF93DF936C0180914C
:107C80009E13C114D10429F0D6E0813029F0D5E04B
:107C900003C0D4E08130D9F30E942F5484E0809354
:107CA0009702C1E000E08D2F8350990B7C010F9467
:107CB000AA2C81E00E9499738091710690917206BE
:107CC000009709F497C097FF82C0C15010927206C6
:107CD00010927106C4300CF480C0802F002E000C6E
:107CE000990B8E159F050CF074C00F5F0E942F54E6
:107CF000C3E044EE52E360E080E00E941054A02E06
:107D0000002E000CBB08C114D10421F012E0AE1407
:107D1000BF0409F013E0D0E0DF5F47E656E26D2FC5
:107D200081E00E9410541D13F7CF402E002E000C4E
:107D30005508660877089FEF491A590A690A790AAF
:107D400010E01F5F612F8AE00E94FC53C301B20163
:107D50000E947D568FEF481A580A680A780AD11394
:107D6000F0CFC114D10441F0AE14BF0429F4A60130
:107D700063E081E00E94105442E95CE361E080E04E
:107D80000E9410544EE36C2F80E00E941C5464E665
:107D900070E080E090E00F94BA1B0E944657882361
:107DA00009F485CF82E0809397028FEF8C0F800FCC
:107DB000DF91CF911F910F91FF90EF90DF90CF90C7
:107DC000BF90AF907F906F905F904F900895CF5F7E
:107DD0007DCF87E00F94C6428BCFC1118ACF10169A
:107DE0002CF401500E942F54C1E083CF87E00F9400
:107DF000C642FACFC4300CF070CF7BCF4F925F9267
:107E00006F927F92AF92BF92CF92DF92EF92FF92EA
:107E10000F931F93CF93DF9324E030E041E050E0D5
:107E2000D901AF50B94DFD0165917491861797073F
:107E30000CF066C041505109440F551F440F551FA7
:107E4000EA01CD50D94DFE01059114914F50594D85
:107E5000FA0165917491F901ED50F94DE590F490B6
:107E6000FE01C590D490FD01C591D491FA01A59071
:107E7000B490861B970BBC01990F880B990B0F943C
:107E800030B62B013C01B7016C197D09072E000C9F
:107E9000880B990B0F9430B69B01AC01C301B20162
:107EA0000F946FB66B017C01BE016A197B09072E26
:107EB000000C880B990B0F9430B69B01AC01C701E5
:107EC000B6010F94C9BD6B017C01B801110F880B7D
:107ED000990B0F9430B69B01AC01C701B6010F940A
:107EE000CABCDF91CF911F910F91FF90EF90DF906F
:107EF000CF90BF90AF907F906F905F904F9008951C
:107F00004F5F5F4F2C5F3F4F2038310509F088CF1E
:107F1000EFE6F7E265917491072E000C880B990B40
:107F20000F9430B6DECF1F93CF93DF93E1E0F1E003
:107F300080818E7F8083E2E0F1E0808181608083B8
:107F4000E7E2F5E090E1908311821282E0EDF0E04B
:107F50008081826080839093D400E1EDF0E088E13D
:107F60008083808180688083E8E7F2E182E99FEF87
:107F7000918780878AE79FEF9387828713E0138337
:107F8000158614869FB7F894E5E0F1E08081806261
:107F900080839FBFE4E0F1E08081806280830F9462
:107FA000949F83E60F94B1648EE895E60E947E5D0F
:107FB000CFE2D3E11093831384E299E60E947E5DC1
:107FC0008AE08C8B82E080939E1381E08D8F8A8380
:107FD0001CA286E08C8380E0DF91CF911F910D94ED
:107FE000FA7422E02093C0001092C50090E19093B3
:107FF000C4008091C10080618093C1008091C10064
:1080000088608093C1008091C10080688093C10026
:10801000809126058130A9F42093C8001092CD00EC
:108020009093CC008091C90080618093C9008091B9
:10803000C90088608093C9008091C90080688093DE
:10804000C90008952F923F924F925F926F927F9254
:108050008F929F92AF92BF92CF92DF92EF92FF9258
:108060000F931F93CF93DF9300D000D01F92CDB713
:10807000DEB7698349015A012701682F70E090E05B
:1080800080E00F9430B624E032E041E05CE30F94EE
:108090006FB62091BE123091BF124091C012509124
:1080A000C1120F946FB66B017C012091C212309106
:1080B000C3124091C4125091C512C501B4010F946E
:1080C0006FB62091C6123091C7124091C8125091DC
:1080D000C9120F94CABCA70196010F946FB66B0129
:1080E0007C01209114133091151340911613509177
:1080F0001713C801B2010F94CABC9B01AC01C501A2
:10810000B4010F94C9BC398124E0329FF0011124DD
:10811000EC52FD4E20813181428153810F94C9BDC3
:108120009B01AC01C701B6010F94C9BC209121137A
:108130003091221340912313509124130F946FB662
:108140006F837983182F092F2091B512E22FF0E069
:108150008091B4128150990BE817F90709F4F4C023
:108160002F5F2E835E8144E0549F10011124D101C2
:10817000AC56BD4E2D913D914D915C912A833B8330
:108180004C835D83EE0FFF1FEE0FFF1FEC56FD4E7D
:108190004080518062807380C090CE12D090CF1208
:1081A000E090D012F090D1129201A301B201C3016C
:1081B0000F94D8C0882321F04F805980612E702EF3
:1081C000A1014C565D4E1A01A701960160E070E0D6
:1081D00080E89FE30F94C9BC9201A3010F946FB68E
:1081E0002B013C01A70196016F817981812F902F8E
:1081F0000F946FB69B01AC01C301B2010F94CABCCE
:10820000F1016083718382839383FE81F093B512C1
:108210002091BA123091BB124091BC125091BD1204
:10822000C501B4010F94C9BC2A813B814C815D8199
:108230000F94C9BC2B013C01C090B612D090B7126C
:10824000E090B812F090B912A7019601C701B601EB
:108250000F94D8C0882319F0C12CD12C760123E3C8
:1082600033E343E75FE3C701B6010F946FB66B01D9
:108270007C012DEC3CEC4CE45DE3C301B2010F94B6
:108280006FB69B01AC01C701B6010F94CABC8092C6
:10829000BA129092BB12A092BC12B092BD1260931F
:1082A000B6127093B7128093B8129093B9126B0103
:1082B0007C01E894F7F821E029832091291330917B
:1082C0002A1340912B1350912C13C701B6010F9420
:1082D00053BF18160CF0198280912013398130FB9E
:1082E00081F98093201341E0498320912513309137
:1082F00026134091271350912813C701B6010F94FC
:1083000053BF18160CF0198280912013598150FB2D
:1083100082F98093201327960FB6F894DEBF0FBE24
:10832000CDBFDF91CF911F910F91FF90EF90DF9024
:10833000CF90BF90AF909F908F907F906F905F9005
:108340004F903F902F9008951E820CCF2F923F9216
:108350004F925F926F927F928F929F92AF92BF9255
:10836000CF92DF92EF92FF920F931F93CF93DF9301
:10837000CDB7DEB7A4970FB6F894DEBF0FBECDBF62
:108380009B8F8A8F7A8B698B2B8B3C8B4D8B5E8B73
:108390000C8FCD8EDE8EEF8EF8A220912505298FD1
:1083A00080E00F94AD26A989BA898D919D910D9099
:1083B000BC91A02D89A39AA3ABA3BCA380E090E0BD
:1083C000A0EAB0E489839A83AB83BC838B899C89C0
:1083D000AD89BE898D839E83AF83B88720E030E06E
:1083E00040EA50E4BC01CD010F94C9BC2AE737E351
:1083F0004EE15FE30F946FB66B017C0120E030E04B
:1084000040EA50E40F94CABC69877A878B879C87BF
:10841000A70196016B897C898D899E890F94C9BCBF
:108420006D877E878F87988B312C212C29853A8503
:108430004B855C85CD8CDE8CEF8CF8A00C8D69892A
:108440007A898A8D9B8D0F94F6204B015C012D85D6
:108450003E854F855889CD8CDE8CEF8CF8A00C8D35
:1084600069897A898A8D9B8D0F94F6209B01AC01D6
:1084700011E0C501B4010F9453BF18160CF010E0C1
:1084800001E00127802F90E0E12FF0E0EE0FFF1FC9
:10849000EE0FFF1F41E050E04C0F5D1F4E0F5F1FBE
:1084A0008C01000F111F000F111FA1E0B0E0AC0FF5
:1084B000BD1F0A0F1B1FF8013896F88FEF8BF801CC
:1084C00080859185A285B385FA0180839183A283FB
:1084D000B3838D809E80AF80B884C980DA80EB80C2
:1084E000FC80A7019601C501B4010F94C9BC2AE71D
:1084F00037E34EE15FE30F946FB62B013C01AC0113
:108500009B01C701B6010F94CABC69877A878B8724
:108510009C87A3019201C501B4010F94C9BC6D876A
:108520007E878F87988BD80118964C90EF89F88DAD
:10853000518062807380A5019401C701B6010F9438
:10854000C9BC242D352D462D572D0F94C9BD9F77BD
:108550002CE031E943EC5EE30F946FB66B017C01D4
:108560005B018C01FF928F93DF926F937F926F92EA
:108570005F924F923F922F9228E63CE33F932F93D6
:108580000F9464BA0FB6F894DEBF0FBECDBF2AE0D9
:1085900037ED43E25CE36C2D7D2D8E2D9F2D0F94E6
:1085A000BFBD87FF42C020E030E040EA50E4642DC8
:1085B000752D862D972D0F94BFBD8823F1F1242DA5
:1085C000352D462D572D6B897C898D899E890F9479
:1085D000BFBD882391F1842D952DA62DB72DE98956
:1085E000FA8980839183A283B383898D0F94AD260A
:1085F0006A2D7B2D802F912FA4960FB6F894DEBFA5
:108600000FBECDBFDF91CF911F910F91FF90EF90E3
:10861000DF90CF90BF90AF909F908F907F906F90A2
:108620005F904F903F902F900895FFEF2F1A3F0AD1
:108630002EE12216310409F0F9CE89E49CE30E9470
:108640007E5D89A19AA1ABA1BCA1E989FA89808349
:108650009183A283B383898D0F94AD26A12CB12C75
:1086600000EC1FE7C5CFEF92FF920F931F93CF93BC
:10867000DF9300D01F921F92CDB7DEB7082F162FC1
:10868000F72E0F9432658823D9F00B3029F104318D
:1086900031F187E5E82EE9820A831B83FC82CE0153
:1086A00001960F94639F8D8347E5502F612F7F2D97
:1086B0000F94D07460E080E00F94EF7B882359F32F
:1086C0000F900F900F900F900F90DF91CF911F910F
:1086D0000F91FF90EF90089510937B13DACF1093D2
:1086E0007C13D7CF8230910538F0880F991F880FFF
:1086F000991F05970197F1F70895CF93DF93282FDE
:1087000030E0F901E458F54C8491F901EA5DF54C4B
:10871000D491F901E053F64CC491CC23A1F081111E
:108720000E946AB0EC2FF0E0EE0FFF1FEA54F64C07
:10873000A591B491EC91ED2381E090E009F480E003
:10874000DF91CF91089580E090E0FACF1F93CF930F
:10875000DF93282F30E0F901E458F54C8491F901BA
:10876000EA5DF54CD491F901E053F64CC491CC2369
:10877000A9F0162F81110E946AB0EC2FF0E0EE0FE5
:10878000FF1FE456F64CA591B4918FB7F894EC9185
:10879000111108C0D095DE23DC938FBFDF91CF91FC
:1087A0001F910895DE2BF8CFCF93DF9390E0FC016B
:1087B000EA5DF54C24918053964CFC01849188230A
:1087C000D1F090E0880F991FFC01EE57F64CA5916F
:1087D000B491FC01E456F64CC591D49161110EC0E0
:1087E0009FB7F8948C91E22FE0958E238C9328818B
:1087F000E223E8839FBFDF91CF9108958FB7F8946C
:10880000EC91E22BEC938FBFF6CF1F93CF93DF93C6
:10881000182FEB0161E00E94D4C3209739F460E087
:10882000812FDF91CF911F910C94A6C3CF3FD1052B
:1088300011F461E0F5CFE12FF0E0E458F54CE4915C
:10884000E150E23108F0B3C0F0E08827E55DFB437A
:108850008F4F0D94B2BC3DC445C44AC454C45EC4D9
:10886000D7C468C470C478C482C48CC496C4A5C478
:10887000AFC4D7C4B9C4C3C4CDC484B5806884BDF3
:10888000C7BDDF91CF911F91089584B5806284BDEB
:10889000C8BDF7CF80918000806880938000D0931E
:1088A0008900C0938800EDCF809180008062809322
:1088B0008000D0938B00C0938A00E3CF809180002A
:1088C000886080938000D0938D00C0938C00D9CFB6
:1088D0008091B00080688093B000C093B300D1CF86
:1088E0008091B00080628093B000C093B400C9CF83
:1088F00080919000806880939000D0939900C093FD
:108900009800BFCF80919000806280939000D093B8
:108910009B00C0939A00B5CF8091900088608093AF
:108920009000D0939D00C0939C00ABCF8091A0009D
:1089300080688093A0008091A0008F7B8093A0002E
:10894000D093A900C093A8009CCF8091A000806222
:108950008093A000D093AB00C093AA0092CF8091E7
:10896000A00088608093A000D093AD00C093AC00BD
:1089700088CF80912001806880932001D0932901C5
:10898000C09328017ECF80912001806280932001D6
:10899000D0932B01C0932A0174CF8091200188606D
:1089A00080932001D0932D01C0932C016ACFC03851
:1089B000D1050CF03ECF33CF4F925F926F927F92F2
:1089C0008F929F92AF92BF92CF92DF92EF92FF92DF
:1089D0000F931F93CF93DF9386B9FA01E080F18064
:1089E00016161706B4F4E216F30699F4C701DF91E0
:1089F000CF911F910F91FF90EF90DF90CF90BF909C
:108A0000AF909F908F907F906F905F904F900C945D
:108A100072C389016A01EB01B70190E080E00F9415
:108A20002EB62DEB37E346E855E30F946FB64B01B6
:108A30005C01BE010D2E000C880B990B0F9430B613
:108A4000A50194010F946FB62B013C01A50194017F
:108A50006AE077ED83E29CE30F94C9BD9B01AC0112
:108A6000C301B2010F94CABC4B015C012AE037ED8F
:108A700043E25EE30F94BFBD1816DCF5A501940137
:108A80006AE077ED83E29CE30F94C9BD20E034E215
:108A900044E759E40F946FB620E030E040E05FE334
:108AA0000F94CABC0F9442BE5B016017710708F4B3
:108AB0005801EA14FB0431F4209721F0FCF0F1E0B6
:108AC000AF1AB108C5010E9472C3F601B182A0823B
:108AD000DF91CF911F910F91FF90EF90DF90CF909A
:108AE000BF90AF909F908F907F906F905F904F90CE
:108AF000089580E1A82E87E2B82EDBCF8FEFA81A69
:108B0000B80AE0CF2F923F924F925F926F927F927E
:108B10008F929F92AF92BF92CF92DF92EF92FF928D
:108B20000F931F93CF93DF9300D0CDB7DEB7F9013A
:108B3000E080F180E114F10409F46BC01616170609
:108B40000CF067C019015B834A836B018983FA01CA
:108B500000811181B80190E080E00F942EB64B01A6
:108B60005C01B6010D2C000C880B990B0F9430B6EC
:108B70002B013C01A5019401C501B4010F946FB60E
:108B80009B01AC01C301B2010F946FB69B01AC0114
:108B90006AE077ED83EA9BE30F94C9BD20E030E003
:108BA00040E05FE30F94CABC0F9442BE6E157F0590
:108BB00028F5F981F6B9EA81FB81808191810E94D3
:108BC00072C3F1018081918101979183808381E05B
:108BD0000F900F900F90DF91CF911F910F91FF9009
:108BE000EF90DF90CF90BF90AF909F908F907F904D
:108BF0006F905F904F903F902F9008956627772752
:108C00006C197D0998014A815B8189810E94DCC4CD
:108C1000D8CF80E0DDCF0F931F93CF93DF93182F32
:108C2000062FD1E0C0E0812F8D2329F0602F6D2326
:108C30008C2F0F94AC45CF5FDD0FC330A1F7DF91D0
:108C4000CF911F910F9108958F929F92AF92BF92F3
:108C5000CF92DF92EF92FF9230E020E091E0482F38
:108C6000492319F1A901440F551F440F551FFA015B
:108C7000E759F84FC080D180E280F380762F7923C6
:108C8000812C912C54018394772321F088248A9499
:108C9000982C5401C80CD91CEA1CFB1C4759584F8E
:108CA000FA01C082D182E282F382990F2F5F3F4F97
:108CB00023303105A1F6FF90EF90DF90CF90BF9069
:108CC000AF909F908F9008952F923F924F925F9216
:108CD0006F927F928F929F92AF92BF92CF92DF92CC
:108CE000EF92FF920F931F93CF93DF9300D000D0AA
:108CF000CDB7DEB7C0906907D0906A07E0906B07E8
:108D0000F0906C077C01EC18FD0880916D07909144
:108D10006E07A0916F07B0917007681B790B809167
:108D2000710790917207A0917307B0917407FA01CF
:108D3000E81BF90BFA83E983FB01FF0FEE0BFF0F32
:108D4000FE2FEE1FE27089819A8188E09802812DC2
:108D5000990B11248470E82B8F2D881F8827881F7A
:108D6000E82BE093050490910B01987B8AE0E827BB
:108D7000E0FD9160E1FD9260E2FD9460906490936B
:108D80000B01000081ED90EB011102C090E080E04A
:108D900090936C0580936B05309304042093030437
:108DA00029813A813E832D8337FF05C03195219576
:108DB00031093E832D838B0177FF03C01195019507
:108DC0001109F7FE03C0F194E194F1089801D8016C
:108DD0000F94BABC4B015C012D813E81D9010F94E7
:108DE000BABC860E971EA81EB91E9701D7010F9414
:108DF000BABC680D791D8A1D9B1D0F942EB60F9469
:108E000098C020E030E040E05FE30F94CABC0F94CC
:108E100042BE2B014B015B016B013B011C821B829B
:108E2000312C212C1A8219826114710409F447C073
:108E3000E0916B05F0916C053097E9F580E0EC145A
:108E4000FD0440F0C40CD51C89819A8101969A8357
:108E5000898381E00A151B0530F08260A40CB51CE3
:108E60009FEF291A390AED81FE81E815F90548F0CE
:108E70008460840C951C2B813C812F5F3F4F3C8389
:108E80002B83CE18DF08A01AB10AED81FE818E1A5D
:108E90009F0A86B9E0916705F09168053097D1F196
:108EA000B201C3011995009711F00E9472C3F1E05D
:108EB0006F1A7108B9CF1995882309F4BFCFE091D3
:108EC0006905F0916A05309741F030E020E04B8170
:108ED0005C81B10189819A81199581E0672809F443
:108EE00080E026960FB6F894DEBF0FBECDBFDF91AF
:108EF000CF911F910F91FF90EF90DF90CF90BF9097
:108F0000AF909F908F907F906F905F904F903F9029
:108F10002F90089584EF91E0C8CF8EBD0DB407FE69
:108F2000FDCF8EB50895459885E00E948DC78FEFDF
:108F30000E948DC7459A80FDF6CF08951F93CF9369
:108F4000DF93EA01162F0E948DC7812F0E948DC7E3
:108F50008D2F0E948DC78C2FDF91CF911F910C9484
:108F60008DC745980E949EC7459A0895EF92FF923B
:108F70000F931F93CF93DF937A0189014598AB013B
:108F8000BC0182E00E949EC7E7010E0D1F1DC017A5
:108F9000D10741F4459ADF91CF911F910F91FF9036
:108FA000EF90089589910E948DC7F1CFEF92FF92C3
:108FB0000F931F93CF93DF937A0189014598AB01FB
:108FC000BC0183E00E949EC7E7010E0D1F1DC01764
:108FD000D10741F4459ADF91CF911F910F91FF90F6
:108FE000EF9008958FEF0E948DC78993F0CF0F9374
:108FF0001F93CF93DF9300D01F92CDB7DEB78C01C4
:109000008CE58CBD1DBC24E030E0AE014F5F5F4FAE
:1090100060E070ED83E090E00E94D6C789819A817C
:10902000AB81BC8187349545A245B54571F40115E6
:10903000110549F021E030E0A80165E070ED83E022
:1090400090E00E94D6C781E001C080E00F900F90B1
:109050000F900F90DF91CF911F910F910895459838
:1090600086E00E948DC7459A08954F925F926F9255
:109070007F928F929F92AF92BF92EF92FF920F9347
:109080001F93CF93DF937C014A015B01E9018CE5DB
:109090008CBD1DBC412C80ED582E83E0682E712CB8
:1090A0000E942FC8B301A20180E20E94B1C70E94B2
:1090B00093C780E1580E611C711C41145104E4E017
:1090C0006E06710469F78DB79EB7F70193878287A3
:1090D00000D08F919F91AF91B0E086839783A08756
:1090E000B1870E942FC82CE030E0A70160E070ED4E
:1090F00083E090E00E94B6C70E9493C70E942FC8E9
:109100004598B501A40182E00E949EC7FE01219608
:1091100080810E948DC70150110941F0FFEF8F1A25
:109120009F0AAF0ABF0AFE018110F1CF459A0E9443
:1091300093C70115110511F7DF91CF911F910F9181
:10914000FF90EF90BF90AF909F908F907F906F9027
:109150005F904F900895CF93DF93CDB7DEB72C97F4
:109160000FB6F894DEBF0FBECDBF47E455E562E50C
:1091700075E549835A836B837C8391E09D838E835D
:10918000F89488E19DE00FB6F894A895809360006C
:109190000FBE9093600000E012E230E020E040E07B
:1091A00051ED63E070E0CE0101960E9435C80E9447
:1091B0007D4C0F931F93CF93DF93CDB7DEB72C97E2
:1091C0000FB6F894DEBF0FBECDBF87E495E5A2E5EC
:1091D000B5E589839A83AB83BC831D821E8200E040
:1091E00010E220E032E040E053ED63E070E0CE01B9
:1091F00001960E9435C82C960FB6F894DEBF0FBEBC
:10920000CDBFDF91CF911F910F910895CF93459AD4
:109210003D9A8CE58CBD1DBC459880E90E948DC7A8
:1092200080E00E948DC780E00E948DC780E00E9490
:109230008DC78FEF0E948DC7C82F8FEF0E948DC7FB
:10924000982F459ACF3E11F0C83C19F481E0913136
:1092500009F080E0CF91089580910601809581709A
:1092600008951F93CF93DF930F945CAB10921A0570
:109270001BE0D1E080911A05843008F0F7C110920C
:109280001D058EEA9AE20F9422AE0E94124D8111C2
:1092900017C00E94AC4C811113C08091E30381116F
:1092A0000FC080916D0E833009F053C0809175140A
:1092B000882331F06CE975EB86EA9AE20F94FFAAF5
:1092C0000E94FC4C882371F00E94C14C811104C0A3
:1092D00080916A0E843031F46BEC72E088E99AE296
:1092E0000F94D5AD80916C0E882331F065EC77EF4B
:1092F0008FEE9AE20F94FFAA0E94AC4C81115AC0E3
:1093000080915B0E90915C0E891B8F7069F50E94B5
:10931000124D811129C08091E603823029F180919C
:109320001905811127C06BE772E08BE89AE20F9470
:10933000D5AD80919F038823E9F080916D0E61E89F
:1093400071EB813009F07BC08DE79AE20F94FFAAA0
:1093500011C0843009F0B4CF80919F03882309F4B1
:10936000AFCF6BE771EBA8CF60E078EB83E99AE2CF
:109370000F94D5ADC0915E0E0E94B64CC1111AC0BB
:1093800090915D0E911116C0811118C08091A403B7
:10939000811110C0809116056BE771E0811106C044
:1093A00080917414882331F065E371E087E69AE2D6
:1093B0000F94FFAA0E94B64C882321F180912305C7
:1093C000811120C08091E6038230E1F080916A0231
:1093D000823021F490915F0E9923A1F090917A0749
:1093E000983081F067ED77EF882341F0813051F4B8
:1093F00080919F03882331F06BE97EEE8AE59AE243
:109400000F94D5AD0E94C14C811108C00E94B64C8A
:10941000811104C00E94AC4C882341F080917A07EE
:10942000813021F08091A403882361F08091190597
:10943000882371F062E079EF8BE49AE207C083E75A
:109440009AE284CF61E075EB88E69BE20F94D5AD9C
:109450000E94AC4C811192C00E94124D81118EC0AD
:109460008091230581118AC08091E603823009F43E
:1094700085C080917514811105C080916A0E882382
:1094800009F4A5C080910717811110C080911605BD
:1094900081110CC080916A0E811108C0D093E10344
:1094A0006CEB74EF8DE39AE20F94D5AD80916C0E66
:1094B00081111FC081EA9DE00F94A2BBC82F0E94BA
:1094C000565A87FD09C0C81739F0C102C0011124DE
:1094D000875B924F0E9494B28091FF038C3309F412
:1094E00092C008F07BC0893109F483C0883209F446
:1094F0007AC08091A803811141C080911905811122
:109500003DC080919E13813009F089C08091741311
:1095100081110AC00E942CC9811106C06CE77BEB47
:1095200089E19AE20F94D5AD6DEA7BEB8AE09AE28D
:109530000F94D5AD60EB7BEB8AEF99E20F94D5AD3C
:1095400063EB7BEB82EE92E60F94D5AD8EEC9EE062
:109550000F94A2BB882331F066EB7BEB85ED92E69E
:109560000F94D5AD69E276EB8FE59BE20F94D5AD14
:1095700063E677EB8EEC99E20F94D5AD61E571E08F
:1095800083EC99E20F94D5AD65E472E088EB99E243
:109590000F94D5AD80919E13813031F463E272E077
:1095A00089EA99E20F94D5AD6DEE70E081EA99E217
:1095B0000F94D5AD0F9430AB80911A058F5F8093D7
:1095C0001A0580911C058F5F80931C0553CED093A4
:1095D000E10382E39AE20F9422AE68CF8035C9F0AE
:1095E0008F3F09F086CF22E043E451E060E277E369
:1095F00005C022E043E451E065E277E388E29AE2C5
:109600000F94EBAC76CF22E043E451E06BE177E3DB
:10961000F5CF22E043E451E066E177E3EFCF8091BC
:109620008E178823C1F080918F17811106C06FEDCE
:1096300070E08CEE99E20F94D5AD0E942CC9811197
:1096400010C080918F17882309F48CCF63EF72E0EC
:109650008AED99E285CF6FED70E08CEE99E20F9480
:10966000D5AD61E471E08AEF99E27ACFDF91CF91D5
:109670001F91089580918E17882351F00E942CC964
:10968000882331F086EA9CE20F94B2120D944E10BA
:1096900086E080936A0EFACFCF93C82F86EA9CE0CB
:1096A0000F94A2BBC0956C2F682386EA9CE0CF91F3
:1096B0000D94C6BB1F93CF93DF9300D000D01F92B1
:1096C0001F92CDB7DEB7BE016F5F7F4F8091E2037F
:1096D0000E94785A8091E2031BE0819FC00111240F
:1096E0006FEF7FEF805B924F0F94E4BB6091E203DA
:1096F000619FB0011124675B724F47E050E0CE01DB
:1097000001960F94B6BB81EA9DE00F94A2BB9091A5
:10971000E20389130AC00E946A5A80E00E94565AE6
:109720008F3F19F480E10E944CCB0F941FAE289616
:109730000FB6F894DEBF0FBECDBFDF91CF911F9162
:109740000895CF93C82F86EA9CE00F94A2BB682FA0
:109750006C2B86EA9CE0CF910D94C6BB2F923F9272
:109760004F925F926F927F928F929F92AF92BF9231
:10977000CF92DF92EF92FF920F931F93CF93DF93DD
:10978000CDB7DEB7CE5CD1090FB6F894DEBF0FBE01
:10979000CDBF182F81E00E94E14B81E00E9433731E
:1097A000111104C00F9461230E949F5A80E00E940F
:1097B00009550F94B6690F9424A810926E05109263
:1097C0006D05E5E4F7E083E0DF011D928A95E9F796
:1097D00081E00E94194CC755DF4F99838883C95A8D
:1097E000D0408EE996E30F942F1260E070E080EA9B
:1097F00090E40E947D530E94574D50E040E061E0AC
:1098000080E00E94685E50E040E061E081E00E94FC
:10981000685E0F94CE950F94BD4210928E0220E0A8
:1098200030E040EA50E46091480770914907809128
:109830004A0790914B070F94CABC609348077093F6
:10984000490780934A0790934B0720E030E040EAB5
:1098500050E460914C0770914D0780914E079091B4
:109860004F070F94CABC60934C0770934D078093C9
:109870004E0790934F0760E070E080EA91E40F9408
:109880000E970F945A370E944154E5968FAFE59793
:10989000811104C0E5961FAEE59713C384E696E3F5
:1098A0000F94B212112309F4E9C240E060E086ECA3
:1098B00094E30F941C12882321F081EA94E30F941F
:1098C000B21284E396E30F942F124DEE56E263E05A
:1098D00080E00E9410540E94F44B111120C084E0DB
:1098E0008093970241E060E086EC94E30F941C12B1
:1098F000811104C089E794E30F94B2128EE795E3D7
:109900000F94B21282E08093970284E196E30F9461
:109910002F1245EE56E263E080E00E941054009161
:109920008E0210928E0260E070E080E89FEB0E9451
:10993000FE52C12CD12C80EAE82E80E4F82EC09291
:109940005007D0925107E0925207F092530781E0FE
:1099500080938E0284E00F94C51960E070E080EA85
:1099600091E40F940E970F945A370F949619009321
:109970008E0282E00F9446372DEC3CEC44EA50E432
:109980000F94BFBD18160CF480C282E00F944637C6
:1099900023E333E34BE950E40F9453BF87FD75C2D3
:1099A000111178C280E10E944CCB81EA9DE00F94B6
:1099B000A2BBBBE08B9FC001112470E060E0805B24
:1099C000924F0F94E4BB0E94F44BE7EAF3E184EC7E
:1099D000DF011D928A95E9F78FE49EE30E94575BB1
:1099E00081E090E00F94C95284E196E30F942F1226
:1099F000C0925007D0925107E0925207F09253075D
:109A0000B2E0E196BFAFE1972AE23EE3CD56DF4FE9
:109A100039832883C359D04046EA53E1CF56DF4FFC
:109A200059834883C159D040A0965FAF4EAFA097ED
:109A3000E0963FAF2EAFE097A7961FAEA797312CC9
:109A4000212C0E94F44B63E080E00E94FC53BFEFA6
:109A50002B1A3B0A3F922F92EAE4FEE3FF93EF9327
:109A60000E94D55365E575E585E591E40F94CB9F9C
:109A7000E096EEADFFADE09785919591A591B491FB
:109A80008093480790934907A0934A07B0934B07E8
:109A9000E096EEADFFADE097349685919591A59156
:109AA000B49180934C0790934D07A0934E07B093C9
:109AB0004F0760E070E088E492E40F94CB9F4FEA98
:109AC0005CE35F934F930F9464BA4EE95CE363E009
:109AD00084E00E9410540F9461230F945A378091B0
:109AE0006F008D7F80936F000FB6F894A8958091DA
:109AF0006000886180936000109260000FBE109239
:109B00006C0510926B0585ED90EB90936A05809340
:109B10006905A5E6B0EBB0936805A09367050091D1
:109B2000710710917207209173073091740740916B
:109B30006D0750916E0760916F077091700780916B
:109B4000690790916A07A0916B07B0916C073F93EA
:109B50002F931F930F937F936F935F934F93BF93B5
:109B6000AF939F938F93EEE4FDE3FF93EF930F94F6
:109B700064BA4090690750906A0760906B077090D4
:109B80006C07B42CA52C80916D0790916E07A09165
:109B90006F07B0917007A6968CAF9DAFAEAFBFAF09
:109BA000A697A3969FACA397A4968FACA497C090BA
:109BB0007107D0907207E0907307F09074070FB6AA
:109BC000F894DEBF0FBECDBFB5E0CB16B7EFDB0616
:109BD0000CF4D7C11A8219821F921F92E3E0EF930F
:109BE000F4E8FF931F9224E62F93DF92CF928F9297
:109BF0009F92AF92BF9245EC5CE35F934F930F94BB
:109C000064BA0FB6F894DEBF0FBECDBF89819A81CA
:109C1000803D924008F480C189819A81803A9540C4
:109C200010F00C9402DD9E012F5F3F4F790110E090
:109C300000E02CE73CEFA60144565109692D782D30
:109C40008B2D9A2D0F94AE72882311F40C9402DDA3
:109C500089819A8180539D4FC0907107D09072077F
:109C6000E0907307F090740700916D0710916E07F4
:109C700020916F07309170074091690750916A07F2
:109C800060916B0770916C079F938F93DF92CF92D7
:109C90001F930F935F934F938AE29DE39F938F935C
:109CA0000F9464BA409171075091720760917307E5
:109CB000709174074854510900E028EC30E0A396F5
:109CC0006FADA397A4967FADA497C2010E9464C60E
:109CD0002091690730916A0740916B0750916C079A
:109CE0006E962CAF3DAF4EAF5FAF6E9780916D0714
:109CF00090916E07A0916F07B0917007AE968CAFF0
:109D00009DAFAEAFBFAFAE97209171073091720794
:109D10004091730750917407E9962CAF3DAF4EAF59
:109D20005FAFE997ABE7BBE00FB6F894DEBF0FBEBD
:109D3000CDBF90E080E0FC01EB53F24C25913491D3
:109D40002D933D93FC01E355F24C259134915796A8
:109D50003C932E93569702968831910561F7E796CA
:109D60004EAD5FADE797AC966EAD7FADAC976C96A0
:109D70008EAD9FAD6C970F94366F2BE737E0A496AE
:109D80003FAF2EAFA4977901A0E29A2EB0E7CB2E79
:109D9000BDE3DB2E0EEE13E65701F0E28F2ED50168
:109DA0008D915D011F928F93DF92CF920F9464BAD1
:109DB0008A940F900F900F900F908110F0CF1F9307
:109DC0000F930F9464BA9A94B0E2EB0EF11C0F90CB
:109DD0000F909110E1CF1F930F930F9464BA6BE72C
:109DE0007BE00F900F90EBE7F7E090E080E050E031
:109DF00040E02191211105C34F5F5F4F6E177F0730
:109E0000C1F79A01280F391F25383340A4F0433396
:109E100051058CF08333910574F020E034E0241B6D
:109E2000350B281B390B241735072CF41DEF281789
:109E300039070CF4D6C066961FAE669762961FAEC1
:109E4000629722961FAE229719828BE797E0892BA3
:109E500099F08BE79BE00FEF009749F0AE014F5A66
:109E60005F4FBE016B5A7F4F0F94596E082F83E9E5
:109E70009BE0892B09F0CAC28FEFDAC284E196E336
:109E80000F942F1249EE56E222CD8BE59EE30F94FC
:109E9000B21200CDC755DF4F88819981C95AD04091
:109EA0000E94FF4B0F9489A80F9427A60F943AA401
:109EB000E5968FAFE597882309F4ECCC84E00E9407
:109EC000A1CB81E00E94095580E00E94E14B80E037
:109ED0000E943373E5968FADE597C253DF4F0FB6FF
:109EE000F894DEBF0FBECDBFDF91CF911F910F91D0
:109EF000FF90EF90DF90CF90BF90AF909F908F90AA
:109F00007F906F905F904F903F902F900895E1E089
:109F1000E196EFAFE19778CDFE0131967F0110E039
:109F200000E024E833E0A601692D782D8B2D9A2DD1
:109F30000F94AE72882309F46FCE89819A818CCEFA
:109F400089819A8180349B40B8F4CE0101967C01CE
:109F500004EB10E02CE73CEFA6014C525140692D78
:109F6000782D8B2D9A2D0F94AE72882329F089813C
:109F70009A818059974F70CE90E9C91A91E0D90A19
:109F800023CE0091710710917207209173073091D1
:109F9000740740916D0750916E0760916F07709143
:109FA00070078091690790916A07A0916B07B09143
:109FB0006C073F932F931F930F937F936F935F9340
:109FC0004F93BF93AF939F938F938DEF9CE39F939A
:109FD0008F930F9464BA0FB6F894DEBF0FBECDBF57
:109FE0001FEF8DED9DE39F938F930F9464BA63E011
:109FF00084E00E94FC5380E10E94F2530F94419749
:10A0000088E198E20FB6F894A895809360000FBE9F
:10A0100090936000809160008064809360008091E4
:10A020006F00826080936F000F900F901D3F09F4C6
:10A0300064C31F3F11F40C94C7DC20E030E0A90199
:10A04000A096EEADFFADA09761817281838194816E
:10A050000F946FB6209148073091490740914A0705
:10A0600050914B070F94CABCA096AEADBFADA09760
:10A0700011966D937D938D939C931497C0904C078C
:10A08000D0904D07E0904E07F0904F0720E030E071
:10A09000A90115966D917D918D919C9118970F94C2
:10A0A0006FB6A70196010F94CABCA096EEADFFADA6
:10A0B000A097658376838783908720E030E040E82F
:10A0C00050ECC701B6010F94BFBD87FF0CC080E004
:10A0D00090E0A0E8B0EC80934C0790934D07A093DC
:10A0E0004E07B0934F0720E030E040E450E4609129
:10A0F00050077091510780915207909153070F9428
:10A10000CABC609350077093510780935207909395
:10A110005307E0962EAD3FADE097285F3F4FE096A6
:10A120003FAF2EAFE097A0964EAD5FADA097485FD2
:10A130005F4FA0965FAF4EAFA09754E02516310455
:10A1400009F07FCCA7966FADA797662331F0E19613
:10A150008FADE197813009F0DACE84EC96E29F93DF
:10A160008F930F9464BA90E080E00E9444760F9041
:10A170000F9020E030E040E950EC6091AB1370911B
:10A18000AC138091AD139091AE130F94BFBD87FFB8
:10A19000BBC289E29EE30E947E5D87EF9DE30E9441
:10A1A000575B6091AB137091AC138091AD1390919C
:10A1B000AE1342E00F94F3B283EF9DE30E94575B2E
:10A1C00060E070E080E990EC0F94365192E0AF9639
:10A1D0009FAFAF971092D7131092D8131092D91344
:10A1E0001092DA131092DB131092DC131092DD132D
:10A1F0001092DE13A4E6E696AFAFE697A2961CAEE9
:10A200001DAE1EAE1FAEA297A6961CAE1DAE1EAE14
:10A210001FAEA697FE0131966896FFAFEEAF689726
:10A220009E012F5B3F4F6A963FAF2EAF6A97A6966F
:10A230006CAD7DAD8EAD9FADA6970F94C4BD6E96EF
:10A240006CAF7DAF8EAF9FAF6E97A6966CAD7DADB8
:10A250008EAD9FADA6970F948AC0CB57DF4F688312
:10A2600079838A839B83C558D040A2966CAD7DAD1F
:10A270008EAD9FADA2970F94C4BDC757DF4F6883C3
:10A2800079838A839B83C958D040A2966CAD7DADFB
:10A290008EAD9FADA2970F948AC0CB56DF4F6883D7
:10A2A00079838A839B83C559D0406896AEADBFAD94
:10A2B0006897E0E41D92EA95E9F780E16A96AEAD11
:10A2C000BFAD6A971D928A95E9F790E080E00E9401
:10A2D00044762091D7133091D8134091D9135091DF
:10A2E000DA13C555DF4F288339834A835B83CB5A02
:10A2F000D0408091DB139091DC13A091DD13B091DD
:10A30000DE13C155DF4F88839983AA83BB83CF5A5D
:10A31000D040DE01AF5BBF4FC756DF4FB983A88384
:10A32000C959D040FE013196AC96FFAFEEAFAC9765
:10A3300000E0CB56DF4F288139814A815B81C559C6
:10A34000D0405058ED962CAF3DAF4EAF5FAFED977C
:10A35000C757DF4F88819981AA81BB81C958D040F6
:10A36000B058C358DF4F88839983AA83BB83CD57E6
:10A37000D040CB57DF4F288139814A815B81C55856
:10A38000D0405058CF57DF4F288339834A835B83AF
:10A39000C158D040AC962EAC3FACAC9710E076EAFA
:10A3A000472E73E1572EE4E07E2EC12CD12C76018E
:10A3B000013011F40C9472DD113011F40C9424DD91
:10A3C000002311F40C9464DD023009F0A1C1D20124
:10A3D00011962D913D914D915C911497CF57DF4F80
:10A3E000688179818A819B81C158D0400F946FB672
:10A3F0004B015C0111119AC160E070E080E89FE3BD
:10A40000AAC12F3F09F0FACC0196F8CCAE014F5FFC
:10A410005F4FBE016F5B7F4F83E99BE00F94596EE6
:10A4200066966FAD669762961FAD6297801728F0AB
:10A4300022966FAD22971981082F083508F45BC169
:10A4400070E090E080E00F9430B620E030E040EB28
:10A4500050E40F94CABC2B013C0165964CAE5DAE36
:10A460006EAE7FAE6597612F70E090E080E00F9454
:10A4700030B620E030E040EB50E40F94CABC4B0112
:10A480005C0125968CAE9DAEAEAEBFAE259720E0AA
:10A4900030E040E950E429833A834B835C83AE018A
:10A4A0004F5F5F4FBE016F5B7F4FCE018F5A9F4F53
:10A4B0000F940E6BA301920165966CAD7DAD8EADD0
:10A4C0009FAD65970F94C9BC6B017C019F7720E01D
:10A4D00030E040E450E40F9453BF181634F1A50166
:10A4E000940125966CAD7DAD8EAD9FAD25970F94F3
:10A4F000C9BC9F7720E030E040E450E40F9453BFA4
:10A5000018169CF020E030E040EA50E469817A813E
:10A510008B819C810F94C9BC9F7720E030E040E4A0
:10A5200050E40F9453BF1816BCF520E030E040EA29
:10A5300050E469817A818B819C810F94C9BC9F937F
:10A540008F937F936F93A501940125966CAD7DAD9C
:10A550008EAD9FAD25970F94C9BC9F938F937F932A
:10A560006F93FF92EF92DF92CF9281E99DE39F93E9
:10A570008F930F9464BA65964CAE5DAE6EAE7FAEAF
:10A58000659725968CAE9DAEAEAEBFAE25970FB645
:10A59000F894DEBF0FBECDBF20E030E048E751E4C5
:10A5A00065966CAD7DAD8EAD9FAD65970F94C9BCC2
:10A5B00020E030E040E852E40F946FB66B017C017C
:10A5C0006C96AEADBFAD6C97BD01BB0F880B990B00
:10A5D0000F9430B69B01AC01C701B6010F94CABC01
:10A5E0006B017C016596CCAEDDAEEEAEFFAE65973D
:10A5F00020E030E048E751E425966CAD7DAD8EADAE
:10A600009FAD25970F94C9BC20E030E040E852E4AC
:10A610000F946FB64B015C01AC96EEADFFADAC97FD
:10A62000BF01FF0F880B990B0F9430B69B01AC0153
:10A63000C501B4010F94CABC25966CAF7DAF8EAF37
:10A640009FAF25972AE037ED43E25CE30F946FB6A6
:10A650009F938F937F936F932AE037ED43E25CE300
:10A66000C701B6010F946FB69F938F937F936F933B
:10A6700085E79DE39F938F930F9464BA20E030E0C9
:10A6800040E05FE325966CAD7DAD8EAD9FAD259727
:10A690000F94CABC0F943BBE6B0120E030E040E059
:10A6A0005FE365966CAD7DAD8EAD9FAD65970F9404
:10A6B000CABC0F943BBECB0100E028EC30E0E7962B
:10A6C0004EAD5FADE797B6010E9464C60FB6F89431
:10A6D000DEBF0FBECDBF10E08BE59EE0A496AEAD11
:10A6E000BFADA4971D92A496BFAFAEAFA4978A1733
:10A6F0009B07A1F776CC1FEFEFCFE596BFADE597AF
:10A70000A796BFAFA79799CCAF961FAEAF9762CD74
:10A71000F2012581368147815085C358DF4F68811A
:10A7200079818A819B81CD57D04060CE123011F063
:10A730000C946EDCD20111962D913D914D915C915E
:10A740001497CF57DF4F688179818A819B81C158E7
:10A75000D0400F946FB69B01AC01C501B4010F94BA
:10A760006FB69B01AC01C701B6010F94CABC6B0167
:10A770007C0101110C947CDD7A94F8E04F0E511CA1
:10A78000711016CED101CD92DD92ED92FD921D0198
:10A790001F5F143009F003CE4AE2242E4EE3342E1C
:10A7A000E6EAF3E1A896FFAFEEAFA897C357DF4FF5
:10A7B0001882CD58D040C356DF4F1882CD59D040B3
:10A7C000CF55DF4F1882C15AD04010E0A896AEADE9
:10A7D000BFADA89711962D913D914D915C91149725
:10A7E000E4962CAF3DAF4EAF5FAFE49715964D901A
:10A7F0005D906D907C901897002311F40C94A1DC6F
:10A80000812C912C5401013081F0023011F00C9414
:10A8100095DCCF57DF4F688179818A819B81C15850
:10A82000D0400F946FB64B015C01E4962CAD3DAD6A
:10A830004EAD5FADE4976E966CAD7DAD8EAD9FADC8
:10A840006E970F946FB66B017C01F10125913591E4
:10A8500045915491CB55DF4F288339834A835B83DD
:10A86000C55AD040A3019201CB56DF4F6881798150
:10A870008A819B81C559D0400F946FB69B01AC0172
:10A88000C701B6010F94C9BCC555DF4F2881398176
:10A890004A815B81CB5AD0400F94CABCCB55DF4F65
:10A8A000288139814A815B81C55AD0400F94C9BC47
:10A8B000A50194010F946FB6C357DF4F2881CD587F
:10A8C000D040C356DF4F3881CD59D040CF55DF4FF0
:10A8D0004881C15AD040512F0F94CABCC357DF4F93
:10A8E000688379838A839B83CD58D040002311F4F9
:10A8F0000C94A9DC013011F40C94AEDC023061F050
:10A90000A3019201ED966CAD7DAD8EAD9FADED973F
:10A910000F946FB66B017C01F10134968590959090
:10A92000A590B490E4962CAD3DAD4EAD5FADE497EF
:10A93000CB57DF4F688179818A819B81C558D04090
:10A940000F946FB6E4966CAF7DAF8EAF9FAFE49778
:10A95000A3019201C757DF4F688179818A819B816A
:10A96000C958D0400F946FB69B01AC01E4966CAD12
:10A970007DAD8EAD9FADE4970F94CABCC155DF4F3E
:10A98000288139814A815B81CF5AD0400F94CABC5B
:10A99000A50194010F94C9BCA70196010F946FB64D
:10A9A000C357DF4F288139814A815B81CD58D04020
:10A9B0000F94CABCC357DF4F6883CD58D040C356ED
:10A9C000DF4F7883CD59D040CF55DF4F8883C15AB0
:10A9D000D040192FA8964EAD5FADA897485F5F4F46
:10A9E000A8965FAF4EAFA89758E0250E311CA6EC95
:10A9F000B3E1A896EEADFFADA897AE17BF0709F07B
:10AA0000E5CE9058C756DF4FA881B981C959D040CB
:10AA10006D937D938D939D93C756DF4FB983A88324
:10AA2000C959D0400F5FAC96EEADFFADAC977096B4
:10AA3000AC96FFAFEEAFAC97043009F0ABCC2596E7
:10AA40002CAD3DAD4EAD5FAD2597AE962CAF3DAF75
:10AA50004EAF5FAFAE978D819E81AF81B885E49692
:10AA60008CAF9DAFAEAFBFAFE49729853A854B85DC
:10AA70005C85ED962CAF3DAF4EAF5FAFED978D850A
:10AA80009E85AF85B889C358DF4F88839983AA8391
:10AA9000BB83CD57D04029813A814B815C81CF5710
:10AAA000DF4F288339834A835B83C158D04029967E
:10AAB0008CAD9DADAEADBFAD2997CB57DF4F888331
:10AAC0009983AA83BB83C558D04029893A894B8989
:10AAD0005C89C757DF4F288339834A835B83C95812
:10AAE000D040898D9A8DAB8DBC8DCB56DF4F88833E
:10AAF0009983AA83BB83C559D0402D8D3E8D4F8D40
:10AB000058A1C756DF4F288339834A835B83C959CD
:10AB1000D0408D899E89AF89B88DC357DF4F888318
:10AB20009983AA83BB83CD58D0402D962CAD3DADE3
:10AB30004EAD5FAD2D97C356DF4F288339834A83CF
:10AB40005B83CD59D04089A19AA1ABA1BCA1CF55BF
:10AB5000DF4F88839983AA83BB83C15AD0402DA13C
:10AB60003EA14FA158A5CB55DF4F288339834A8397
:10AB70005B83C55AD0408DA59EA5AFA5B8A9CD547D
:10AB8000DF4F88839983AA83BB83C35BD04029A509
:10AB90003AA54BA55CA5C954DF4F288339834A8366
:10ABA0005B83C75BD04061968CAD9DADAEADBFAD54
:10ABB0006197C554DF4F88839983AA83BB83CB5B9E
:10ABC000D04029A93AA94BA95CA9C154DF4F2883D9
:10ABD00039834A835B83CF5BD0408DA99EA9AFA9FF
:10ABE000B8ADCD53DF4F88839983AA83BB83C35C01
:10ABF000D04029AD3AAD4BAD5CADC953DF4F288392
:10AC000039834A835B83C75CD04021968CAD9DAD70
:10AC1000AEADBFAD2197C553DF4F88839983AA831B
:10AC2000BB83CB5CD04014E6C12CD12C760146010D
:10AC3000570126013701A3019201E4966CAD7DAD69
:10AC40008EAD9FADE4970F946FB69B01AC01AE96AD
:10AC50006CAD7DAD8EAD9FADAE970F94C9BC2B0191
:10AC60003C01A5019401ED966CAD7DAD8EAD9FAD1F
:10AC7000ED970F946FB69B01AC01C301B2010F9425
:10AC8000C9BC2B013C01A7019601C358DF4F688165
:10AC900079818A819B81CD57D0400F946FB69B01FB
:10ACA000AC01C301B2010F94C9BCCF57DF4F28815B
:10ACB00039814A815B81C158D0400F94C9BD6E96DD
:10ACC0006CAF7DAF8EAF9FAF6E97C757DF4F2881B8
:10ACD00039814A815B81C958D0400F946FB69B017E
:10ACE000AC01CB57DF4F688179818A819B81C55840
:10ACF000D0400F94C9BC2B013C01A5019401CB5657
:10AD0000DF4F688179818A819B81C559D0400F943A
:10AD10006FB69B01AC01C301B2010F94C9BC4B01DA
:10AD20005C01A7019601C756DF4F688179818A814E
:10AD30009B81C959D0400F946FB69B01AC01C501EE
:10AD4000B4010F94C9BCC357DF4F288139814A81B0
:10AD50005B81CD58D0400F94C9BD2B013C01CF552C
:10AD6000DF4F288139814A815B81C15AD0406E967C
:10AD70006CAD7DAD8EAD9FAD6E970F946FB69B01A0
:10AD8000AC01C356DF4F688179818A819B81CD599F
:10AD9000D0400F94C9BC4B015C01CB55DF4F2881DB
:10ADA00039814A815B81C55AD040C301B2010F94F9
:10ADB0006FB69B01AC01C501B4010F94C9BC4B0136
:10ADC0005C01A7019601CD54DF4F688179818A81AA
:10ADD0009B81C35BD0400F946FB69B01AC01C50152
:10ADE000B4010F94C9BCC954DF4F288139814A810D
:10ADF0005B81C75BD0400F94C9BD4B015C01C1545E
:10AE0000DF4F288139814A815B81CF5BD0406E96CC
:10AE10006CAD7DAD8EAD9FAD6E970F946FB69B01FF
:10AE2000AC01C554DF4F688179818A819B81CB5BFE
:10AE3000D0400F94C9BC6B017C01CD53DF4F2881FA
:10AE400039814A815B81C35CD040C301B2010F9458
:10AE50006FB69B01AC01C701B6010F94C9BC6B0171
:10AE60007C01C953DF4F288139814A815B81C75CEE
:10AE7000D040C501B4010F946FB69B01AC01C7016E
:10AE8000B6010F94C9BCC553DF4F288139814A816F
:10AE90005B81CB5CD0400F94C9BD6B017C0111502C
:10AEA00009F0C9CE6E962CAD3DAD4EAD5FAD6E973F
:10AEB000C555DF4F688179818A819B81CB5AD0400B
:10AEC0000F94CABC6093D7137093D8138093D9138F
:10AED0009093DA13A3019201C155DF4F6881798104
:10AEE0008A819B81CF5AD0400F94CABC6093DB13F8
:10AEF0007093DC138093DD139093DE13A50194010E
:10AF0000A6966CAD7DAD8EAD9FADA6970F94CABCD5
:10AF1000A6966CAF7DAF8EAF9FAFA697A7019601A7
:10AF2000A2966CAD7DAD8EAD9FADA2970F94CABCBD
:10AF3000A2966CAF7DAF8EAF9FAFA297E6969FAD06
:10AF4000E6979150E6969FAFE697911170C9A69645
:10AF50006CAD7DAD8EAD9FADA6970F94C4BD6093D3
:10AF6000C7137093C8138093C9139093CA13A696FE
:10AF70006CAD7DAD8EAD9FADA6970F948AC06093EA
:10AF8000CB137093CC138093CD139093CE13A296D2
:10AF90006CAD7DAD8EAD9FADA2970F948AC09058D9
:10AFA0006093CF137093D0138093D1139093D213E7
:10AFB000A2966CAD7DAD8EAD9FADA2970F94C4BD32
:10AFC0006093D3137093D4138093D5139093D613B7
:10AFD000A6962CAD3DAD4EAD5FADA697A2966CADDD
:10AFE0007DAD8EAD9FADA2970F94C9BC4B015C01A6
:10AFF0007C016B01E894F7F821EE3EE245E652E46D
:10B00000A2966CAD7DAD8EAD9FADA2970F946FB63D
:10B010009F938F937F936F9321EE3EE245E652E438
:10B02000C501B4010F946FB69F938F937F936F9375
:10B0300080E796E29F938F930F9464BAB701A601BD
:10B0400080E69FE00F94D8BB0FB6F894DEBF0FBE2A
:10B05000CDBF2FE132E449E05BE3C701B6010F94B5
:10B0600053BF10E0181664F425E33AEF4EE85BE3B3
:10B07000C701B6010F9453BF12E018160CF011E08F
:10B0800025E33AEF4EE85BE3A6966CAD7DAD8EAD61
:10B090009FADA6979F770F9453BF18160CF466C404
:10B0A00025E33AEF4EE85BE3A2966CAD7DAD8EAD45
:10B0B0009FADA2979F770F9453BF18160CF456C4F8
:10B0C0002091C7133091C8134091C9135091CA13EE
:10B0D000AE962CAF3DAF4EAF5FAFAE978091CF1322
:10B0E0009091D013A091D113B091D213E9968CAF67
:10B0F0009DAFAEAFBFAFE9972091D7133091D81372
:10B100004091D9135091DA13E4962CAF3DAF4EAF76
:10B110005FAFE4978091CB139091CC13A091CD13A6
:10B12000B091CE13ED968CAF9DAFAEAFBFAFED97A4
:10B130002091D3133091D4134091D5135091D6134D
:10B14000C358DF4F288339834A835B83CD57D04070
:10B150008091DB139091DC13A091DD13B091DE138D
:10B16000CF57DF4F88839983AA83BB83C158D040D0
:10B17000AAE2BEE36C96BFAFAEAF6C9796EA292EFB
:10B1800093E1392EF101C180D280E380F4804580C3
:10B190005680678070846C96EEADFFAD6C972591FC
:10B1A000359145915491CB57DF4F288339834A839A
:10B1B0005B83C558D0406C96EEADFFAD6C9734966E
:10B1C00085909590A590B490ED962CAD3DAD4EAD8B
:10B1D0005FADED97C701B6010F946FB6C757DF4F4C
:10B1E000688379838A839B83C958D040C358DF4FD3
:10B1F000288139814A815B81CD57D040C301B2019A
:10B200000F946FB69B01AC01C757DF4F68817981FE
:10B210008A819B81C958D0400F94CABCCF57DF4F59
:10B22000288139814A815B81C158D0400F94CABCC2
:10B230009B01AC01C501B4010F94C9BC4B015C0179
:10B24000A7019601AE966CAD7DAD8EAD9FADAE976C
:10B250000F946FB66B017C01A3019201E9966CAD6E
:10B260007DAD8EAD9FADE9970F946FB69B01AC019C
:10B27000C701B6010F94CABCE4962CAD3DAD4EADEE
:10B280005FADE4970F94CABC9B01AC01CB57DF4F75
:10B29000688179818A819B81C558D0400F94C9BC4F
:10B2A000A50194010F9466BF2DEC3CEC4CE45FE3E8
:10B2B0000F9453BF18160CF41EEF38E0230E311C08
:10B2C0006C964EAD5FAD6C97485F5F4F6C965FAF0D
:10B2D0004EAF6C97A8968EAD9FADA897821593053B
:10B2E00009F050CF111162C1A2962CAD3DAD4EAD0B
:10B2F0005FADA297A6966CAD7DAD8EAD9FADA697C6
:10B300000F94CABC20E030E040E05FE30F946FB6DA
:10B310006B017C010F94C4BDA2966CAF7DAF8EAF64
:10B320009FAFA2976093C7137093C8138093C913FC
:10B330009093CA13C701B6010F948AC0A6966CAF4A
:10B340007DAF8EAF9FAFA6976093CB137093CC1356
:10B350008093CD139093CE139B01AC015058AA96C5
:10B360002CAF3DAF4EAF5FAFAA972093CF13309372
:10B37000D0134093D1135093D213A2968CAD9DADB0
:10B38000AEADBFADA2978093D3139093D413A09387
:10B39000D513B093D6131092D7131092D8131092DE
:10B3A000D9131092DA131092DB131092DC1310925F
:10B3B000DD131092DE13412C512C3201CF56DF4F9A
:10B3C000A881B981C159D04011968D909D90AD90C2
:10B3D000BC90149715962D913D914D915C911897C5
:10B3E0006E962CAF3DAF4EAF5FAF6E97CD56DF4F31
:10B3F000E881F981C359D040C590D590E590F4908B
:10B40000A5019401A2966CAD7DAD8EAD9FADA297C6
:10B410000F946FB6AE966CAF7DAF8EAF9FAFAE9709
:10B420006E962CAD3DAD4EAD5FAD6E97AA966CADF0
:10B430007DAD8EAD9FADAA970F946FB69B01AC0109
:10B44000AE966CAD7DAD8EAD9FADAE970F94CABC80
:10B450009B01AC01C701B6010F94C9BC2091D71361
:10B460003091D8134091D9135091DA130F94CABC7C
:10B470006B017C01C092D713D092D813E092D913FC
:10B48000F092DA1320E030E040E85FE3C301B2015C
:10B490000F94CABC2B013C01CD56DF4FE881F981E6
:10B4A000C359D04034962591359145915491AE962B
:10B4B0002CAF3DAF4EAF5FAFAE97A5019401A696FE
:10B4C0006CAD7DAD8EAD9FADA6970F946FB64B0161
:10B4D0005C016E962CAD3DAD4EAD5FAD6E97A29604
:10B4E0006CAD7DAD8EAD9FADA2970F946FB69B01F5
:10B4F000AC01C501B4010F94CABC9B01AC01AE966E
:10B500006CAD7DAD8EAD9FADAE970F94C9BC209153
:10B51000DB133091DC134091DD135091DE130F9457
:10B52000CABC4B015C018092DB139092DC13A092A9
:10B53000DD13B092DE13CF56DF4F48815981C159D8
:10B54000D040485F5F4FCF56DF4F59834883C15982
:10B55000D040CD56DF4F88819981C359D04008969D
:10B56000CD56DF4F99838883C359D04024163506C2
:10B5700009F024CFA3019201C701B6010F94C9BD00
:10B580006093D7137093D8138093D9139093DA13E1
:10B59000A3019201C501B4010F94C9BD6093DB13EF
:10B5A0007093DC138093DD139093DE134090C713E8
:10B5B0005090C8136090C9137090CA13C090D313F1
:10B5C000D090D413E090D513F090D6132091CB13E4
:10B5D0003091CC134091CD135091CE13A2962CAF45
:10B5E0003DAF4EAF5FAFA2978091CF139091D01334
:10B5F000A091D113B091D213A6968CAF9DAFAEAFF0
:10B60000BFAFA697A7019601C301B2010F946FB611
:10B610004B015C01A6962CAD3DAD4EAD5FADA6973E
:10B62000A2966CAD7DAD8EAD9FADA2970F946FB617
:10B630009B01AC01C501B4010F94C9BC4B015C0175
:10B64000AC019B01C701B6010F94C9BD6B017C0120
:10B65000A6966CAD7DAD8EAD9FADA6979058A50119
:10B6600094010F94C9BDA6966CAF7DAF8EAF9FAF0E
:10B67000A697A2966CAD7DAD8EAD9FADA29790586A
:10B68000A50194010F94C9BDAA966CAF7DAF8EAF92
:10B690009FAFAA97A5019401C301B2010F94C9BD40
:10B6A0004B015C014090D7135090D8136090D91390
:10B6B0007090DA132091DB133091DC134091DD138D
:10B6C0005091DE13A2962CAF3DAF4EAF5FAFA29765
:10B6D000C092C713D092C813E092C913F092CA1354
:10B6E000AA968CAD9DADAEADBFADAA978093CB139E
:10B6F0009093CC13A093CD13B093CE13A6962CADFC
:10B700003DAD4EAD5FADA6972093CF133093D013D0
:10B710004093D1135093D2138092D3139092D413A9
:10B72000A092D513B092D613C701B6019058A301C9
:10B7300092010F946FB66B017C01A2962CAD3DADCA
:10B740004EAD5FADA297A6966CAD7DAD8EAD9FADB3
:10B75000A6970F946FB69B01AC01C701B6010F9479
:10B76000C9BC6093D7137093D8138093D913909367
:10B77000DA13AA966CAD7DAD8EAD9FADAA979058A9
:10B78000A30192010F946FB66B017C01A2962CADC0
:10B790003DAD4EAD5FADA297C501B4010F946FB63C
:10B7A0009B01AC01C701B6010F94C9BC6093DB13C8
:10B7B0007093DC138093DD139093DE1390E080E0B0
:10B7C0000E94447617FDD4C08EEA96E29F938F9331
:10B7D0000F9464BA47ED53E16FEC73E187EC93E1AA
:10B7E0000F94A2A648E050E065EE7FE087ED93E17C
:10B7F0000F94B6BB48E050E06DED7FE087EC93E13D
:10B800000F94B6BB48E050E065ED7FE08FEC93E12C
:10B810000F94B6BB0F9427A60F900F90C755DF4F1C
:10B8200088819981C95AD0400E94FF4B80E090E006
:10B83000A0EAB0E48093500790935107A093520779
:10B84000B093530760E070E080EA91E40F940E97A4
:10B850000F945A3717FD20C01092500710925107CD
:10B86000109252071092530780E090E0A6E1B3E4F3
:10B8700080935F0590936005A0936105B093620586
:10B8800065E575E585E591E40F94DB9681EA94E33F
:10B890000F94B2120F943AA481E00E94095582E0FD
:10B8A0000E94C3538CE394E31F3F11F40C9447CFE1
:10B8B0001E3F09F072C0AF964FADAF978AE793E392
:10B8C000442311F40C9447CF8AE393E3423011F4FC
:10B8D0000C9447CF85EF92E30C9447CFF20125817A
:10B8E000368147815085C358DF4F688179818A81CD
:10B8F0009B81CD57D0400C94A9D3F201258136818C
:10B9000047815085ED966CAD7DAD8EAD9FADED97C9
:10B91000AFC0F2012581368147815085ED966CAD2F
:10B920007DAD8EAD9FADED97BDC0A3019201C35813
:10B93000DF4F688179818A819B81CD57D0400C94FB
:10B9400011D4812C912C30E8A32E3FE3B32E0C941C
:10B9500015D4C12CD12C76010C948CD4C12CD12CB3
:10B9600020E8E22E2FE3F22E0C948CD412E0A8CB28
:10B970001E3F89F4AF963FADAF97323009F04ECFFE
:10B9800087E896E29F938F930F9464BA45CFAF9662
:10B990001FAEAF9743CF1FEF41CFAF965FADAF97CD
:10B9A00051110FC08AE793E3133040F4E12FF0E028
:10B9B000EE0FFF1FE45FFC4F808191810F94B21264
:10B9C0000DC0AF966FADAF978DEA93E3623011F47F
:10B9D00087EF93E30F94B212111624F31F3F11F473
:10B9E0000C944ACC86E00E94A1CB8FE59FE00F9497
:10B9F000A2BB81110C9461CF81EE94E30F94B2123B
:10BA00000C9461CF89819A818037984010F00C9412
:10BA1000A0CFAE014F5F5F4F7A0104EB10E024E846
:10BA200033E0A601485C5109692D782D8B2D9A2DA4
:10BA30000F94AE72882311F40C94A0CF89819A815F
:10BA400080569A4F0C942CCE002311F40C94BCD346
:10BA5000023009F052CFD20111962D913D914D91B6
:10BA60005C9114976E966CAD7DAD8EAD9FAD6E976B
:10BA70000F946FB64B015C0160E070E080E89FE3DB
:10BA8000113091F0123009F044CFD20111962D916E
:10BA90003D914D915C9114976E966CAD7DAD8EADE0
:10BAA0009FAD6E970F946FB69B01AC01C501B401B9
:10BAB0000F946FB69B01AC01C701B6010F94CABCCD
:10BAC0006B017C010C94BCD3812C912C60E8A62ED8
:10BAD0006FE3B62E11110C9496D320E030E040E8CD
:10BAE0005FE3EACF812C912C50E8A52E5FE3B52EC1
:10BAF0001111C2CF0C94BCD31111AACF0C94BCD39A
:10BB0000CF93C82F86EA9CE00F94A2BB982F9C236A
:10BB100081E09C1380E0CF91089561E088EA9DE088
:10BB20000E94105A8093010480916C0E882341F08A
:10BB300082E08093010462E088EA9DE00F94C6BB36
:10BB400068E287EA9DE00E94105A8093FF0360E953
:10BB500071E085EA9DE00E94F85961E084EA9DE089
:10BB60000E94105A8093FE0361E083EA9DE00E94E8
:10BB7000105A8093FD0361E082EA9DE00E94105A12
:10BB80008093FC0361E080E29CE00E94105A809365
:10BB9000020408950F931F938B010E9448B1FC018A
:10BBA00020812E3211F080E034C0B8016E5F7F4FEB
:10BBB00001960E9448B1FC0120812E32A1F7B80104
:10BBC0006C5F7F4F01960E9448B120E430E0F8019D
:10BBD00037832683FC01DF019191892F8F7DC1F18D
:10BBE00087EF890F8230A0F19D3091F19D3299F756
:10BBF00011969C919234E1F07CF49134A1F60A5FA5
:10BC00001F4F28E030E045E06CE779E3CF010E9468
:10BC100036B31F910F910895943491F0923519F62F
:10BC20000A5F1F4F20E230E042E060E779E3EECFA9
:10BC30000A5F1F4F20E130E044E067E779E3E6CF99
:10BC40000A5F1F4F30E020E043E063E779E3DECF97
:10BC500081E0DFCF282FCB01213039F0223049F0AD
:10BC600022E060E07EE20D94EBAC22E06BEF7DE23F
:10BC7000FACF22E064EF7DE2F6CF80916C0E811165
:10BC800002C00C946BB181E00895CF93DF93CDB7E0
:10BC9000DEB767970FB6F894DEBF0FBECDBF7894BE
:10BCA00084B5826084BD84B5816084BD85B58260C1
:10BCB00085BD85B5816085BD80916E008160809372
:10BCC0006E001092810080918100826080938100DB
:10BCD00080918100816080938100809180008160EB
:10BCE000809380008091B10084608093B100809146
:10BCF000B00081608093B000809191008260809359
:10BD000091008091910081608093910080919000DA
:10BD10008160809390008091A10082608093A10057
:10BD20008091A10081608093A1008091A00081603A
:10BD30008093A000809121018260809321018091F5
:10BD40002101816080932101809120018160809395
:10BD5000200180917A00846080937A0080917A003B
:10BD6000826080937A0080917A00816080937A006B
:10BD700080917A00806880937A001092C1009FB70A
:10BD8000F894A89584B7877F84BF0FB6F894A895D8
:10BD900080916000886180936000109260000FBE07
:10BDA0009FBF9FB7F8941092B00084E08093B100D9
:10BDB00080917000816080937000809170008D7F11
:10BDC00080937000809170008B7F80937000109240
:10BDD000B3009FBF6B98739A6AE070E080E090E0D8
:10BDE0000F94BA1B9CB181E0292F287093FD80E04D
:10BDF00080930804211122C062E082E39DE00E944A
:10BE0000105A80934F0262E884E39DE00E94105A2A
:10BE10008093070462E383E39DE00E94105A8093BD
:10BE200006046AE070E080E39DE00E94F859909378
:10BE30004E0280934D026B9A0E944C738F98559AD4
:10BE4000879A859A9C9A809101018068809301016C
:10BE50009B9A809117048860809317042FEF80E7E6
:10BE600092E0215080409040E1F700C0000081E066
:10BE70000E942F558CE397E5909312048093110450
:10BE8000109214041092130412E010930C041092F8
:10BE90001604109215040E94705585EA95EB909354
:10BEA0001C0480931B0482EC93EF90931A048093FC
:10BEB000190487E791E09093700E80936F0E809144
:10BEC00004018B7F80930401809104018D7F809316
:10BED00004019FB7F8948091050184608093050167
:10BEE0009FBF9FB7F8948091050182608093050100
:10BEF0009FBF809101018F7B809301019FB7F894D0
:10BF0000809102018064809302019FBF80910401AF
:10BF10008E7F809304019FB7F89480910501816022
:10BF2000809305019FBFAFE9BFE01197F1F700C013
:10BF3000000080910301809581708093180444E192
:10BF400050E064E774E68DE395E00F948FB90F94A9
:10BF5000CB9C0E942F5482ED9AE39F938F9389ED9F
:10BF60009AE39F938F930E94D5538091010184603F
:10BF70008093010160E087ED9EE00E94105A80935B
:10BF8000EC0460E088E09FE00E94105A8093260550
:10BF90000E94F1BF82E59BE590930E0580930D050D
:10BFA0001092100510920F051093080510921205BB
:10BFB0001092110585E095E090931F1880931E184C
:10BFC0000E9406C9F82E0F900F900F900F90DD245D
:10BFD000D394882319F00F94D99CD82E60E084EC78
:10BFE0009FE00E94105A80936C0E882389F011E024
:10BFF00010931D0488E00F94A9B3109326050E94A6
:10C00000F1BF10928F1761E087E89FE00F94C6BBE5
:10C010000E943DDE882351F064E286E692E00E94B1
:10C02000374D64E286E692E00E942F4D44E150E0F5
:10C0300065E17DE08E010F5F1F4FC8010F9492BB39
:10C040008C8981110AC044E050E067E07CE3C801BC
:10C050000F9481B9892B09F451C0C09026051D8A1F
:10C060001F8A1E8A10922605CE0145960F94081E3F
:10C0700062E370E080E090E00F94BA1B8091A0042E
:10C080009091A10490939F0480939E048CE09BE385
:10C090000E947E5D5801E12CB3E1EB16A1F06AEF3E
:10C0A00070E0CE0145960F94D91D8111C1C00E9448
:10C0B000105B1816190684F70F94ABB4F501819341
:10C0C0005F01E394E9CF1C8A44E050E067E07BE342
:10C0D000C8010F9481B9892B59F681E0C0922605D9
:10C0E000882309F4A7C044E150E065E17DE0C80180
:10C0F0000F94B6BB8CEF9BE30F948BBAD11004C0A6
:10C1000080912605882321F085EE9BE30E947E5DC9
:10C1100081E899E60E94575B8EEC9BE30F948BBA03
:10C1200060E08CEA9CE00E94105A81110E9493BF4B
:10C130000F94B7528FE09BE30E94575B62E086ED5D
:10C140009EE00E94105A813009F077C083EB93E69D
:10C150000E947E5DE4B6E0FE04C084E396E20F94A4
:10C160008BBAE1FE04C084E296E20F948BBAE2FE41
:10C1700004C083E196E20F948BBAE3FE04C083E02F
:10C1800096E20F948BBAE5FE04C083EF95E20F941C
:10C190008BBA14BE81E899E60E94575B83EE95E264
:10C1A0000E94575B8AEB9BE30E94575B87ED95E209
:10C1B0000E94575B82EB9BE30E947E5D81E899E6DB
:10C1C0000E94575B88EC95E20E94575B809118189B
:10C1D000909119180097A1F1081B190BB801110FC4
:10C1E000880B990B0F9432AF81EB95E20E94575B5D
:10C1F00080EE96E00F94C9526EE271E08EEE9EE002
:10C200000E94F8598C0166E371E08CEE9EE00E947A
:10C21000F8590E32114011F00C9414E901E0863304
:10C22000914009F400E00E945E77E82E0C941CE92E
:10C2300080E054CF8BEE9BE35FCF8FEA93E688CF0D
:10C2400002521841CBCF81E391E090935702809343
:10C250005602C090A604D090A704C6010E94FEBE5C
:10C2600020E030E848E953E40F9453BF181644F433
:10C2700080E1C80ED11CD092A704C092A604E9CFD9
:10C2800080915202909153020F94042920E030E0F3
:10C2900040E251E40F94BFBD87FF0AC08091520273
:10C2A0009091530240979093530280935202E8CFAB
:10C2B0008091A4049091A5040F94042920E030E01B
:10C2C0004AEF52E40F9453BF181654F48091A4041B
:10C2D0009091A50440969093A5048093A404E8CF80
:10C2E00080915002909151020F946F2820E030E02D
:10C2F00040EF51EC0F94BFBD87FF0AC08091500200
:10C300009091510240979093510280935002E8CF50
:10C310008091A2049091A3040F946F2820E030E054
:10C3200040EA52E40F9453BF181654F48091A204CB
:10C330009091A30440969093A3048093A204E8CF25
:10C340009FB7F89416BC8FEF88BD83E384BD12E0DD
:10C3500015BD80916E00816080936E009FBF80E864
:10C360008093B400809170008460809370002FB738
:10C37000F894809101018460809301019FB7F89443
:10C38000809102018B7F809302019FBF8091010108
:10C3900080628093010181E08093A00085E1809319
:10C3A000A1008FEF90E09093A9008093A800909354
:10C3B000AB008093AA009093AD008093AC001092E4
:10C3C00072002FBF8DE19BE30F948BBA8FE58093B2
:10C3D0007E0010937D0080917C00806480937C00BF
:10C3E0008FE980937A000E9441779FB7F8948091FB
:10C3F00021018F7E809321018091210188608093AB
:10C400002101809120018D7F809320018091200166
:10C410008E7F80932001809120018F738093200173
:10C42000809120018F7C8093200180912101846084
:10C4300080932101809121018D7F80932101809142
:10C4400021018E7F809321011092250110922401F9
:10C450002BEE31E43093290120932801D19A809169
:10C4600073008260809373009FBF8FE995E20E9402
:10C47000575B8091C4048E7F8093C40460E08BE29C
:10C480009DE00E94105A9091C40480FB91F9909312
:10C49000C40483E00E944D596E989FB7F894809130
:10C4A0006A008F7D80936A0080916A00806180932A
:10C4B0006A00EE9A1092C1041092C0049FBF0F94BC
:10C4C000A71D6093A2177093A3178093A41790934E
:10C4D000A51768EE73E080E090E00F94BA1BEE9829
:10C4E0000E94D65891E02091BC043091BD042536BD
:10C4F00031050CF490E08091C40490FB80F98093A6
:10C50000C40481E00E944D598091C40480FFC4C0DE
:10C510008BEA9BE30E947E5D10925B0E10925C0E94
:10C5200080E1E9E5F7E0DF01282F1D922A95E9F780
:10C53000EBEDF4E0DF01282F1D922A95E9F7EBECF3
:10C54000F4E0DF011D928A95E9F71092C70410927A
:10C55000C8041092C9041092CA041092C604109222
:10C56000C50484E0809397028091000186FDCAC0D3
:10C57000BFEFE3EDF0E3B150E040F040E1F700C081
:10C5800000008091000186FDBDC00E942F5487E706
:10C590009BE30E94E7538091010184608093010135
:10C5A0008091EC04823041F09FB7F89480910201B1
:10C5B0008460809302019FBF8091000186FFFCCFC1
:10C5C0009FB7F894809102018B7F809302019FBFF7
:10C5D0002FEF87EA91E6215080409040E1F700C0BC
:10C5E00000008DE59BE39A83898382E59BE39C832E
:10C5F0008B8384E49BE39E838D8387E39BE398870F
:10C600008F838EE29BE39A8789870E942F544EE3A3
:10C6100060E080E00E941C540E94415710E0D12C41
:10C62000C12C8091EB04F601E80FF11D87FDFA950E
:10C63000EE0FFF1FA1E0B0E0AC0FBD1FEA0FFB1F24
:10C64000408151816C2D81E00E941054BFEFCB1AC4
:10C65000DB0AE4E0CE16D10421F70F94AA2C81E086
:10C660000E9499738091710690917206009789F1EA
:10C6700097FF15C0115014300CF4AAC087E00F9436
:10C68000C6428091EB0418162CF08F5F8093EB0468
:10C690000E942F5413E006C084EA9BE33BCF1F5F48
:10C6A000143060F746E25BE360E080E00E941054E3
:10C6B000612F80E00E94FC538EE30E94EB531092A6
:10C6C00072061092710664E670E080E090E00F94CC
:10C6D000BA1B0E944657882309F4A1CF8091EB042E
:10C6E000180F0E942F5440E070E060E084E690E074
:10C6F0000F94D644123009F49FC008F07AC011306C
:10C7000009F495C082E08093970260E08FEF9FE08C
:10C710000E94105A61E08FE59FE00E94105A8FEF4F
:10C720009FE00F94A2BB182F8F3F09F410E01092E6
:10C730006F0661E080916C0E811160E089E69FE0F8
:10C740000E94105A91E0811101C090E090935C0228
:10C75000882309F495C08AE895E20F948BBA87EF95
:10C760009EE00F94A2BBB82E8093010586EF9EE059
:10C770000F94A2BBC82E8093020585EF9EE00F9414
:10C78000A2BBD82E8093030584EF9EE00F94A2BB3A
:10C79000809304052FEFB21202C0109201059FEFA3
:10C7A000C91202C010920205AFEFDA1202C0109255
:10C7B00003058F3F11F41092040580912F0790E03C
:10C7C00028E096958795009709F45DC02150F9CF30
:10C7D0001F3F09F067CF87E00F94C6428091EB04BA
:10C7E00018162CF481508093EB040E942F5410E013
:10C7F00059CF133019F1143009F084CF66E67BE38A
:10C8000080E090E10F94E6A910E000E06FEFC8012E
:10C810000F94C6BBC8010F94B7A90F5F1F4F011536
:10C82000F0E11F0799F70F94D8A90E947D4C0E9450
:10C83000424C0F94293366CF0E94424C84E00E9400
:10C840004CCB62E08FE59FE00F94EABB10926C0E38
:10C8500060E084EC9FE00F94C6BB81E00E943058FA
:10C8600011E010938F1761E087E09FE00F94C6BB43
:10C870001093901761E085ED9EE00F94C6BB42CF08
:10C8800085E795E26ACF2093FD048091300790E020
:10C8900028E096958795009711F02150FACF2093C4
:10C8A000FE048091310790E028E0969587950097E7
:10C8B00011F02150FACF2093FF048091320790E0CD
:10C8C00028E096958795009711F02150FACF209394
:10C8D00000050E943DDE880F82700F94531A8091EC
:10C8E0000A01816080930A0180910A01826080932D
:10C8F0000A0180910A01846080930A0180910A01F3
:10C90000806480930A010F9A179A0E9A169A0D9ACC
:10C91000159A0C9A149A26982E9A25982D9A24984E
:10C920002C9A809107018B7F809307019FB7F89421
:10C93000809108018460809308019FBF8091070166
:10C940008F77809307019FB7F894809108018068E2
:10C95000809308019FBF0998119A6E98389A409861
:10C96000179A10924507399A4198169A10924607DD
:10C970003A9A42983B9A4398149A809181008F7E0C
:10C9800080938100809181008860809381008091F4
:10C9900080008D7F80938000809180008E7F8093C7
:10C9A0008000809180008F73809380008091800050
:10C9B0008F7C8093800080918100887F826080934B
:10C9C000810080E090E49093890080938800109229
:10C9D0008500109284001092F4041092F3048FEFFB
:10C9E0009FEF9093F2048093F1049093F00480936E
:10C9F000EF041092EE041092ED0481E080938E0219
:10CA000080916F00826080936F00789481E01111B3
:10CA100001C080E080936F060F9442870E943DDE44
:10CA2000880F82700F94531A0F94EBA788E497E055
:10CA30000E94E6500F94CE95F11008C082ED94E26A
:10CA40000F948BBA86E894E20F94B21284E99CE0CA
:10CA50000F94A2BB823459F46FEF84E99CE00F94E9
:10CA6000EABB85E99CE00F94B0BB0F94B2120F941F
:10CA70004F63159888E00F94A9B38BEB9FE00F9458
:10CA8000A2BB91E0813009F090E09093E51681E03F
:10CA90000F944F5D60E084E69FE00E94105A60E0D2
:10CAA00086E69FE00E94105A60E088E69FE00E94C0
:10CAB000105A60E085E69FE00E94105A70E060E046
:10CAC0008FEF9EE00E94F85970E060E085E09FE003
:10CAD0000E94F85970E060E083E09FE00E94F859FE
:10CAE00070E060E081E09FE00E94F85970E060E053
:10CAF00083ED9EE00E94F85970E060E080ED9EE0DA
:10CB00000E94F85960E082ED9EE00E94105A60E0B9
:10CB10008FEC9EE00E94105A88EA9CE00F943158F6
:10CB200081EA9DE00F94A2BB8F3F71F460E081EA3F
:10CB30009DE00F94C6BB88EF9FE00F94B0BBBC0193
:10CB400080E59DE00F94E4BB49E4C42E4DE0D42E73
:10CB500010E0BE016F5F7F4F812F0E94785AAE01B7
:10CB60004F5F5F4F67E070E0C6010E94D9591F5FB9
:10CB7000BBE0CB0ED11C183061F781EA9DE00F9429
:10CB8000A2BB0E94485A811102C00E946A5A0E94A8
:10CB9000825D80E89CE00F94A2BB8F3F41F441E1AD
:10CBA00050E060E87CE082EE92E00F94B6BB85E056
:10CBB0009DE00F9431588DEE9FE00F94315881EF36
:10CBC0009FE00F94315860E08EEC9EE00E94105A76
:10CBD00061E087EA9CE00E94105A60E08FEA9FE0E3
:10CBE0000E94105A86EA9FE00F94A2BB8F3FD9F4AF
:10CBF00061E086EA9FE00F94C6BB30EBC32E3FE0B6
:10CC0000D32E70E060E0C6010F94E4BBE2E0CE0EEC
:10CC1000D11CFAEBCF16FFE0DF0699F760E08FEA50
:10CC20009FE00F94C6BB60E085EA9FE00E94105A27
:10CC300060E08FE79CE00E94105A60E089E09FE08E
:10CC40000E94105A61E08CEA9DE00E94105A63E055
:10CC50008BEA9DE00E94105A63E08AEA9DE00E9400
:10CC6000105A61E089EA9DE00E94105A6F98779807
:10CC700080916A008F7B80936A0080916A0080684F
:10CC800080936A00EF9A84E08093970280916C0E03
:10CC9000811135C05198599A5898509A8AE0589AFB
:10CCA00025E02A95F1F70000589895E09A95F1F75C
:10CCB00000008150A1F75098589A8091B9008C7F5C
:10CCC0008093B9008CE08093B80084EA8093BC0024
:10CCD00088E00F94141E811112C08AEE8093BB006D
:10CCE00084E88093BC0088E10F94141E811107C072
:10CCF00084E98093BC0083E59FE20F94B212023076
:10CD000071F0033009F430C1013099F483E791E305
:10CD10000F94B21266E371E08CEE9EE008C084E5E9
:10CD200091E30F94B2126EE271E08EEE9EE00F94EA
:10CD300000BCE11006C081EE90E30F94B2120E9495
:10CD4000FA6B80E80E9480DD8823B9F087EF9FE0CE
:10CD50000F94A2BB60E0813061F48CE99BE30E94F8
:10CD6000BFB367E1882329F081EA90E30F94B21200
:10CD700066E186EA9CE00F94C6BB84E99BE30E94CF
:10CD8000BFB3182F882329F08FE10E9480DD11E0C6
:10CD90001827F12CE12CF701EB57F44C6491C701F3
:10CDA0000F94C6BBAFEFEA1AFA0ABAE0EB16F10429
:10CDB00091F7E4E9FBE3659174918AE090E00F94C8
:10CDC000E4BBE6E9FBE3659174918CE090E00F949D
:10CDD000E4BBE8E9FBE3659174918EE090E00F9489
:10CDE000E4BBEAE9FBE36591749180E190E00F9484
:10CDF000E4BB8FE59FE00F94A2BB882309F4BFC07A
:10CE000080E00F941E1383E08093970281E00E94DC
:10CE100009550E942F5482E00E94C35360E08EEFB8
:10CE20009EE00E94105A8093FB0460E38DEF9EE029
:10CE30000E94105A80935A0260E38CEF9EE00E9499
:10CE4000105A8093580260E08BEF9EE00E94105AC7
:10CE50008093FC0460E38AEF9EE00E94105A809366
:10CE60005B0260E389EF9EE00E94105A80935902B2
:10CE700060E088EF9EE00E94105A8093FA04CE0191
:10CE800001960E94F7C7882389F08DE595E20F94FB
:10CE90008BBA8981882351F083E09DE00F94A2BB77
:10CEA0008F3F21F089EE94E20F94B2126FEF83E08E
:10CEB0009DE00F94C6BB0E94AC4C8823D9F10F941F
:10CEC000AA2C8CE89FE00F94A2BB182F80936A02D3
:10CED000C090F604D090F704E090F804F090F904C4
:10CEE0008BE89FE00F94A2BB682F70E090E080E099
:10CEF0000F942EB620E030E040EA50E40F94C9BC15
:10CF00004B015C0101E0AC019B01C701B6010F942C
:10CF100053BF18160CF000E00093F504A50194012E
:10CF2000C701B6010F9453BF18160CF052C081E030
:10CF30000F94D9AF6C98749880916A008160809347
:10CF40006A0080916A008D7F80936A00EC9A6499F0
:10CF50004FC00E94AC4C882309F44AC08FE89BE381
:10CF60000E947E5D0F94B5868BE191E30F94B2121F
:10CF70006EE271E08EEE9EE00F9400BCCBCE81E0BD
:10CF800011113FCF0E9480DD811105C083E390E342
:10CF90000F94B21238CF84E00E9480DD811103C06B
:10CFA0008DEB9FE2F5CF80E10E9480DD811104C00E
:10CFB00081EE94E30F94B21288E00E9480DD81112B
:10CFC00022CF80912505882309F41DCF8BE99FE2AC
:10CFD000DFCF113011F480E0ABCF41E060E089E7B2
:10CFE0009FE20F941C128823B1F30E94DE49A2CF66
:10CFF0000E948DDD81E08093970288E198E20FB670
:10D00000F894A895809360000FBE90936000809183
:10D01000600080648093600085E0D82E90E0E92E67
:10D0200090E0F92ECC24C39424E0B22E1092620E2C
:10D0300080911905882309F4C2C0B09297020E941A
:10D04000B64C882309F4BEC080916A02813009F091
:10D05000B9C086E195E00F94081E0E94766C80911D
:10D060006902882389F068E873E185E897E10F9405
:10D07000D91D811109C0109269028091751488230D
:10D0800009F4ACC00F948B53809187109091881055
:10D09000892B09F45FC01092861080917214882346
:10D0A000C1F1009176121091771204571F4E6DE373
:10D0B0007CE3C8010F94A9B9892B09F09CC0109298
:10D0C0000417F80101900020E9F73197BF01601BB8
:10D0D000710BC8010F94F15F62E070E083EF92E0A2
:10D0E0000F94F15F80910417882341F089E599E658
:10D0F0000E94575B8CE396E20E947E5D80917314E0
:10D10000882309F473C08091871090918810892B2F
:10D1100011F00E942D7980918610811119C08091A3
:10D12000871090918810892B99F0E0917612F091F8
:10D130007712E757FF4E8081823009F061C0F89482
:10D14000D082818192810F94E78678940E94C35A9D
:10D150000E9459690F94AA2C0E94B64C0E949973A0
:10D160008091130581111092130580E00E94C35332
:10D170000F94421E80911505882379F010921505B1
:10D18000823009F449C0833009F44AC0813029F45F
:10D1900061E08DE29CE30E940A7180911405811187
:10D1A00007C0C092140581E00F9480761092140598
:10D1B000E114F10409F43ACF0E94000037CFC09285
:10D1C00097023DCF60E177E286E195E00F94D91DAB
:10D1D000882309F442CFB0926D0E3FCF81E00F94C7
:10D1E0004F5D8091751481114DCF4ECF84E696E24C
:10D1F0000E947E5D90CF0F94655182E596E2F8CF54
:10D20000863009F0A3CF8091741481119FCFF894D8
:10D21000D08281E090E097CF61E08DE19CE3BBCFCD
:10D2200061E08CE09CE3B7CF02E08633914009F0E7
:10D2300003E00E94E26BE12C82EA92EAA0E0B0E017
:10D240008093421890934318A0934418B0934518C4
:10D250001092B8041092B9041092BA041092BB0450
:10D260002091DF063091E0064091E1065091E20600
:10D2700060E070E08FE793E40F94C9BD6093B4045D
:10D280007093B5048093B6049093B7041092B004E1
:10D290001092B1041092B2041092B3042091EB06E4
:10D2A0003091EC064091ED065091EE0660E070E0A2
:10D2B0008FE793E40F94C9BD6093AC047093AD0401
:10D2C0008093AE049093AF046D9A9D9A8091010172
:10D2D0008860809301018091AB0490E0B4E0959563
:10D2E0008795BA95E1F78093AA048AE090E090933D
:10D2F000A9048093A804C0905402D0905502C6019E
:10D300000E94FEBE20E030E040E251E40F94BFBD39
:10D3100087FD02C00C9423E120E1C21AD108D0920B
:10D320005502C0925402E7CF44E150E0662389F0F1
:10D33000BC018DE395E00F948FB9109251051092C6
:10D340003C0580E194E20E947E5D81E080938F0243
:10D350000895BC018DE395E00F9422C2EECF909129
:10D36000D203891780F4913061F4809152058823AB
:10D3700051F040E25EE460E070E082E595E00D94FB
:10D380008B1E80E0089581E00895EF92FF921F9335
:10D39000CF93DF93EC01162F862F0E94AFE98823ED
:10D3A000E9F0BE018DE395E00F9450B97C0182E570
:10D3B00095E00F9438201093D20310927A071092C0
:10D3C000F703EF2859F061E0CE010E9494E9DF9164
:10D3D000CF911F91FF90EF900D944E10DF91CF9160
:10D3E0001F91FF90EF9008951F93CF93DF93182F15
:10D3F000EB0180E00F94C64280E00E9433731092EC
:10D40000740E1092730E1092720E1092710E0F9491
:10D41000AA2C80E00E9499730E942F5444ED52E39D
:10D4200060E080E00E94105446EC52E361E080E04E
:10D430000E94105411501C30A0F4E12FF0E0882716
:10D44000EB5DF5418F4F0D94B2BC3EEA47EA59EAD5
:10D4500096EA9FEAA2EAA5EAA8EAB1EABAEABDEA30
:10D46000C6EA44EB52E362E080E00E94105446EAD0
:10D4700052E363E080E00E94105436C04BE952E36F
:10D4800062E080E00E9410544EE852E3F2CF45E89B
:10D4900052E362E080E00E9410544EE852E363E001
:10D4A00080E00E94105463E082E10E94FC53CE01B0
:10D4B00019C04FE752E362E080E00E94105462E03E
:10D4C00082E10E94FC53CE010E94EF5647E752E3EF
:10D4D00063E080E00E94105463E082E10E94FC530C
:10D4E00085EF92E00E94EF5668EE73E080E090E0F6
:10D4F0000F94BA1B80E00F94C64264E670E080E0AF
:10D5000090E00F94BA1B0F94AA2C80E00E949973AC
:10D510000E944657882389F362E08CEC91E30E94D5
:10D52000C5E9DF91CF911F910D944E1047E652E36C
:10D5300062E080E00E9410544FE752E3B0CF46E52E
:10D5400052E3A7CF45E452E3A4CF48E352E3F0CF40
:10D550004CE252E362E080E00E94105447E252E362
:10D560009ECF47E152E362E080E00E9410544FE01A
:10D5700052E395CF4FEF51E383CF4FEF51E362E09A
:10D5800080E00E9410544EEE51E373CF4FEF51E311
:10D5900062E080E00E94105463E080E00E94FC534F
:10D5A000DF93CF938CED91E39F938F930E94D5539C
:10D5B0000F900F900F900F9097CF8F929F92AF92F6
:10D5C000BF92CF92DF92EF92FF920F931F93CF9370
:10D5D000DF93F82E6091660E7091670E8091680E51
:10D5E0009091690E0F943BBE4B016B016091F60464
:10D5F0007091F7048091F8049091F9040F943BBE68
:10D60000EB01FF2009F4A6C06B01E40124EB922E8C
:10D6100090E080E09093740E8093730E84E690E027
:10D62000F11002C090E080E09093720E8093710E32
:10D63000E090250580E00F948B260F94AA2C81E0C2
:10D640000E949973B12CA12C85E0882E8091190538
:10D6500081111CC00F94AA2C81E00E94997300E9EB
:10D6600011E020E042E06A2D87E0F11001C088E07F
:10D670000E94AFB8A82E8B2D682D0F9451BC91112C
:10D6800002C00E94655BB394B910E0CF1092740E93
:10D690001092730E1092720E1092710E0F94AA2CAB
:10D6A000B601DD0C880B990B4E01DD0FAA08BB08F3
:10D6B000FF2009F454C00F9430B69B01AC01609177
:10D6C000F6047091F7048091F8049091F9040F9496
:10D6D000C9BC0F943BBEEB01C501B4010F9430B639
:10D6E0009B01AC016091660E7091670E8091680E8F
:10D6F0009091690E0F94C9BC0F943BBE109119050F
:10D7000011110CC0F1104BC0693071050CF04DC007
:10D710008EE190E011E0C817D90734F465EF72E0AC
:10D7200080E00E94F4E910E08E2D0F948B260F9478
:10D73000AA2C81E00E949973812FDF91CF911F91D4
:10D740000F91FF90EF90DF90CF90BF90AF909F90A0
:10D750008F9008959CE3992E88EC90E05BCF0F9416
:10D7600030B69B01AC016091660E7091670E80919E
:10D77000680E9091690E0F94C9BC0F943BBEEB01EB
:10D78000C501B4010F9430B69B01AC016091F60461
:10D790007091F7048091F8049091F904ABCF89E07F
:10D7A00090E06E3171050CF4B5CF65EF72E081E069
:10D7B0000E94F4E9B9CF2F923F924F925F926F92FD
:10D7C0007F928F929F92AF92BF92CF92DF92EF9211
:10D7D000FF921F93CF93DF9300D000D01F92CDB75D
:10D7E000DEB7182F682E712C812C20E8922E2CE5A4
:10D7F000A22E23E4B22E813031F0812C912C9FE7B0
:10D80000A92E93E4B92E10925C020F94961981E030
:10D8100080938E0260E070E080EA90E40E947D5385
:10D8200081E0012E01C0880F0A94EAF70F94C51910
:10D8300020E030E040E752E4C501B4010F94CABCD7
:10D8400069837A838B839C831301220C331C220C03
:10D85000331CC101885B984F9E838D8329813A8157
:10D860004B815C81FC0160817181828193810F9485
:10D87000C9BCED81FE81608371838283938360E004
:10D8800070E084E392E40F940E970F945A3710934C
:10D890003B021092CA031092CB031092CC03109259
:10D8A000CD031092CE031092CF031092D0031092AA
:10D8B000D103812F0F9446376B017C0120E030E0CB
:10D8C00040EF52E4ED81FE8160817181828193811C
:10D8D0000F94CABCED81FE81608371838283938340
:10D8E00060E070E084E392E40F940E970F945A374F
:10D8F000A5019401ED81FE81608171818281938116
:10D900000F94CABCED81FE8160837183828393830F
:10D9100060E070E084E392E40F940E970F945A371E
:10D920008FEF80933B026091CE037091CF03809183
:10D93000D0039091D1032091CA033091CB03409141
:10D94000CC035091CD030F9415BC2D833F833F939F
:10D950002F93F8E56F0E711C7F926F928CEE97E318
:10D960009F938F930F9464BA0F900F900F900F9026
:10D970000F900F908BE59FE0111102C08DE59FE0A5
:10D980006D817F810F9400BC812F0F9446372B014E
:10D990003C01A70196010F94C9BC6B017C01E8947E
:10D9A000F7F8C101885B984F9E838D8320E030E0BB
:10D9B00040E752E4FC0160817181828193810F9480
:10D9C000C9BCED81FE81608371838283938360E0B3
:10D9D00070E084E392E40F940E970F945A372981F4
:10D9E0003A814B815C81ED81FE8160817181828110
:10D9F00093810F94C9BCED81FE8160837183828322
:10DA0000938360E070E084E392E40F940E970F94A8
:10DA10005A37812F0F9446379B01AC01C301B201E5
:10DA20000F94C9BC2B013C01E89477F80F94961928
:10DA3000FF92EF92DF92CF9282EF93E29F938F93C8
:10DA40000F9464BAA5019401C701B6010F94C9BC33
:10DA50009F770F900F900F900F900F900F9020E0F6
:10DA600030E040EA50E40F9453BF18160CF453C052
:10DA70007F926F925F924F9282EF93E29F938F9388
:10DA80000F9464BAA5019401C301B2010F94C9BCFB
:10DA90009F770F900F900F900F900F900F9020E0B6
:10DAA00030E040EA50E40F9453BF1816A4F1A301EC
:10DAB0009201C701B6010F94C9BC6B017C01E894C7
:10DAC000F7F8FF92EF92DF92CF9285ED93E29F936A
:10DAD0008F930F9464BA0F900F900F900F900F9048
:10DAE0000F9020E030E040E85FE3C701B6010F94FB
:10DAF00053BF18160CF444C0ED81FE8110821182D0
:10DB0000128213820F94CE95812F0E9435BA0F9402
:10DB1000BD4281E01DC010928E0268EF72E01130AC
:10DB200011F066EF72E088E00E94F4E9F101E85B31
:10DB3000F84F10821182128213820F94CE95812F9A
:10DB40000E9435BA81E080938E020F94BD4280E03E
:10DB500027960FB6F894DEBF0FBECDBFDF91CF91F1
:10DB60001F91FF90EF90DF90CF90BF90AF909F906C
:10DB70008F907F906F905F904F903F902F9008957F
:10DB800068EF72E0113011F066EF72E087E00E94FA
:10DB9000F4E9F101E85BF84F1082118212821382DE
:10DBA0000F94CE95812F0E9435BACFCF0F931F933C
:10DBB000CF93DF930E942F5481E00E94E14B8DE5CB
:10DBC0009FE00F94B0BBEC018BE59FE00F94B0BBDE
:10DBD000182F092F81EA9DE20E94E75361E080E05F
:10DBE0000E94FC53DF93CF9387E497E39F938F9337
:10DBF0000E94D55382E08093970280E00E94DBEB85
:10DC00000F900F900F900F90882309F442C08DE57C
:10DC10009FE00F94B0BBEC0161E08AE00E94FC53EE
:10DC2000BE0190E080E04AE00E94185641E95DE2C2
:10DC300062E080E00E94105463E080E00E94FC53A8
:10DC40000F931F938AE397E39F938F930E94D5537B
:10DC500081E00E94DBEB0F900F900F900F908823D4
:10DC6000C1F08BE59FE00F94B0BBEC0163E08AE06C
:10DC70000E94FC53BE0190E080E04AE00E941856EA
:10DC800043E863E083E10E941C548AE090E00F9433
:10DC9000832E80E00E94E14B81E080939702DF9128
:10DCA000CF911F910F910D94B6AE0F944E1010921C
:10DCB000D20380912305811132C0809138028111F5
:10DCC00002C081E008958FEF0E948CB183E00E9432
:10DCD0004D590F94A71D6093A2177093A3178093BB
:10DCE000A4179093A51781E080933B0568EE73E03D
:10DCF00080E090E00F94BA1B0F94AA2C81E00E9460
:10DD00004D5980E00E948CB18091BC049091BD047B
:10DD100045973CF462E08DE693E20E94C5E980E01D
:10DD200008958091BE049091BF04459754F662E037
:10DD300089E593E2F2CF0E9455EE882321F083E932
:10DD400093E20C947E5D0895CF93DF93EC0180E025
:10DD50000E94AFE9882321F060E0CE010E9494E99F
:10DD6000CE01DF91CF910D94A7B4CF93DF93EC0157
:10DD700080E00E94AFE9882331F061E0CE01DF91BD
:10DD8000CF910C9494E9DF91CF9108952F923F9217
:10DD90004F925F926F927F928F929F92AF92BF92BB
:10DDA000CF92DF92EF92FF920F931F93CF93DF9367
:10DDB00000D01F921F92CDB7DEB780916A0E8130DE
:10DDC00009F05FC090915B0E80915C0E981359C072
:10DDD00080915D0E811155C010927A078FE59EE209
:10DDE0000E94B5EE10926A0E82E080936D0E109242
:10DDF000FB030F9423370E94504B60E070E080E2F9
:10DE000091E40E94FE5280914507882321F1809180
:10DE10004607882301F180E090E0A8E4B2E4809313
:10DE2000480790934907A0934A07B0934B0780E0B7
:10DE300090E0AEE3B3E480934C0790934D07A0933A
:10DE40004E07B0934F0760E070E084E392E40F94D4
:10DE50000E970F945A3780912305882309F4C7C081
:10DE60009FB7F894809102018B7F809302019FBF3E
:10DE70000F9476230E94BE6B88E08093E503109296
:10DE8000E40380916A0E823009F068C090915B0EC5
:10DE900080915C0E981362C080915D0E81115EC00E
:10DEA00080917A07873031F010927A0782E59EE2FE
:10DEB0000E94B5EE10926A0E82E080936D0E109271
:10DEC000FB030F945A371092E3031092740E1092D2
:10DED000730E6091470270914802809149029091BF
:10DEE0004A020E94FE5280914507882351F1809199
:10DEF0004607882331F180913F0290914002A09122
:10DF00004102B09142028093480790934907A09341
:10DF10004A07B0934B078091430290914402A0912D
:10DF20004502B091460280934C0790934D07A09311
:10DF30004E07B0934F0760E070E088E492E40F94DE
:10DF40000E9780912305882309F478C09FB7F89431
:10DF5000809102018B7F809302019FBF80916A0EA6
:10DF6000843009F0AAC085EA9DE00F94B0BB3091DF
:10DF70005B0E20915C0E321375C120918710309199
:10DF80008810232B09F06EC120915F0E2983211187
:10DF900069C12091FB03211154C02CE02093FB03A5
:10DFA0004496BC0190E080E00F942EB620E030E073
:10DFB0004AE754E40F94C9BD6B017C01E091FB0377
:10DFC000E150EC3008F079C0F0E08827E551F041ED
:10DFD0008F4F0D94B2BC20F30AF306F302F3FEF266
:10DFE000F8F283F2FEF1FAF193F129F023F01092A6
:10DFF000E7030E949F5980919E13813009F038CF2A
:10E0000080917413882309F433CF8091E603823022
:10E0100009F42ECF0E94B64C81110E94FA4920913A
:10E02000730E3091740E80916B0290916C022817E0
:10E0300039070CF41DCF0F94BA7C1ACF1092E70366
:10E040008DCF2150ABCF65E088ED98E30E948971B8
:10E0500034C080919E13813069F53091FA033B837F
:10E0600061E087E794E20E940A7161E08BEC98E33B
:10E070000E940A7161E08DEB98E30E940A710F948F
:10E080003B519B819817B1F08F3F29F061E082E707
:10E0900094E20E940A711F922B812F9389EB98E3DF
:10E0A0009F938F930E94A0710F900F900F900F90ED
:10E0B00031E0398389818093F90380916A0E83303E
:10E0C00009F0D0C09091FB03911109C080937A07A9
:10E0D00091E09093F70380938F028093FB038091EC
:10E0E000FB03833009F590915B0E80915C0E9813D1
:10E0F0001BC00F94612310923E0280914C028F93BB
:10E1000080914B028F9383E699E39F938F930E94B4
:10E11000A07189E49EE20E94B5EE82E08093FB0349
:10E120000F900F900F900F908091FB03823009F0B9
:10E130007AC080913E02882309F475C01092F703DB
:10E1400087E39EE20E94B5EE1092740E1092730E59
:10E150003091F30339838091F4038B831091F5039D
:10E160000091F60320E030E0A901B981F8016B2F9E
:10E17000782F8F2F9E2F0F94BFBD81111FC020E0DD
:10E1800030E0A9016091EF037091F0038091F103F9
:10E190009091F2030F94BFBD811110C020E030E0D8
:10E1A000A9016091EB037091EC038091ED039091D4
:10E1B000EE030F94BFBD882309F458C28091EE038B
:10E1C0008F938091ED038F938091EC038F938091D7
:10E1D000EB038F938091F2038F938091F1038F93E0
:10E1E0008091F0038F938091EF038F930F931F9390
:10E1F0009B819F9329812F938CE499E39F938F9325
:10E200000E94A07161E081E894E20E940A710FB659
:10E21000F894DEBF0FBECDBF88EE93E00F94081ECA
:10E2200081E08093FB038091FB038130D9F460EDA2
:10E2300077E088EE93E00F94D91D882399F084E766
:10E2400094E60E94B5EE10927A0782ED90E09093EA
:10E250004C0280934B021092FB0310926A0E82E0F4
:10E2600080936D0E90916A0E9530A1F420918710E5
:10E2700030918810232B09F049C28091FB03823032
:10E2800009F41DC208F0F7C1882309F408C28130DF
:10E2900009F420C280916A0E863009F037C290914D
:10E2A0005B0E80915C0E981331C280918710909123
:10E2B0008810892B09F02AC280915F0E811126C235
:10E2C0008091FB03813009F44AC208F41CC28230F9
:10E2D00009F434C2833009F019C26091660E70915E
:10E2E000670E8091680E9091690E0F943BBE693263
:10E2F00071056CF09FEF9093E7030F94612340E06A
:10E3000061E085E19EE20F941C12813031F761E0FB
:10E310008BE794E20E940A7161E089EE98E30E9423
:10E320000A7182E0F1C10E942F541092F80361E05B
:10E330008BEC92E00F94C9AC80919E138130F1F484
:10E340008091F90310E0811101C012E0212F30E02B
:10E35000220F331F2B55374C3A832983E981FA81E9
:10E360008591949161E00E940A711F5F89819A8171
:10E3700002969A8389831A3089F79FCE20E030E095
:10E3800040E850E4C701B6010F946FB620E030E0DA
:10E3900040E752E40F9471639F938F937F936F9341
:10E3A0001F928CE38F9321E938E33F932F930E94D0
:10E3B000A07120E030E040E051E4C701B6010F94C5
:10E3C0006FB620E030E040E252E40F9471639F9317
:10E3D0008F937F936F931F9284E68F9321E938E3A5
:10E3E0003F932F930E94A0710FB6F894DEBF0FBE2B
:10E3F000CDBF63CE67E083E898E328CE61E087E78E
:10E4000098E30E940A718EE38F938CE48F938CECD7
:10E410008F938DEC8F9387E698E39F938F930E9461
:10E42000A07161E08EE598E30E940A7120E030E07F
:10E4300040E850E4C701B6010F946FB620E030E029
:10E4400048EC51E40F9471639F938F937F936F9384
:10E450001F921BE91F931F928BE48F938CE498E328
:10E460009F938F930E94A071A7019601C701B601E7
:10E470000F94CABC20E030E048EC51E40F94716383
:10E480009F938F937F936F931F921F931F9284E6A6
:10E490008F938CE498E39F938F930E94A07120E068
:10E4A00030E048EC52E4C701B6010F9471639F93CA
:10E4B0008F937F936F931F921F931F9218EC1F935C
:10E4C0008CE498E39F938F930E94A0710FB6F89409
:10E4D000DEBF0FBECDBF20E030E040EA51E4C7010F
:10E4E000B6010F9471639F938F937F936F931F92E5
:10E4F00087E88F931F921F932CE438E33F932F9369
:10E500000E94A07171CF20E030E046E153E4C701E2
:10E51000B6010F947163562E472E382E292E20E017
:10E5200030E040EA51E4C701B6010F9471636B8398
:10E53000C72E782E692E85E0D82E812C912C96E15D
:10E54000A92E93E4B92E32E33C8387E88D830CE453
:10E5500018E39D81E92EF12C3C81232F30E03A8392
:10E5600029832F923F924F925F921F929F931F9207
:10E570008C818F931F930F930E94A071B701FF0CA2
:10E58000880B990B0F9430B620E030E040EA51E45C
:10E590000F94C9BC0F9442BE6D836F927F92CF924D
:10E5A0009B819F931F922D812F931F923C813F93BC
:10E5B0001F930F930E94A07129813A81B901330FF3
:10E5C000880B990B0F9430B6A50194010F94CABC27
:10E5D0000F9442BE6C83B7FAB094B7F8B094DA9453
:10E5E0000FB6F894DEBF0FBECDBFD110B2CF65CD50
:10E5F000B701A60180E00F9498635FCDB701A60133
:10E6000084E0F9CFB701A60188E0F5CFB701A601F4
:10E610008CE0F1CF90919E13998366E080E498E3BB
:10E620000E9489712981213029F461E082E794E216
:10E630000E940A7161E08EE694E20E940A713DCD6B
:10E6400084E794E60E94B5EE1092FB0310926A0EE6
:10E6500082E080936D0E8FE59FE00F94A2BB88232C
:10E6600009F400CE8CE00F941E1327CD8CE199E3C2
:10E670000E94575BD1CD8430A9F0C0F0853009F0FD
:10E6800009CE61E08BE794E20E940A7161E086E0C6
:10E6900099E30E940A7184E08093FB03FBCD909381
:10E6A000FB03EFCF0F945A3783E0F6CF10923D0271
:10E6B00061E08CEF98E30E940A7182E0EDCF8091D7
:10E6C0003C02811105C061E081E894E20E940A7178
:10E6D00081E0E2CF1092FB0310926A0E92E09093D9
:10E6E0006D0E80933D028FE59FE00F94A2BB8823BF
:10E6F00069F080913C02811104C081E00F941E13E7
:10E70000C9CD8EE0FBCF83E08093FB030F900F9089
:10E710000F900F900F90DF91CF911F910F91FF906D
:10E72000EF90DF90CF90BF90AF909F908F907F90B1
:10E730006F905F904F903F902F90089561E082EE30
:10E7400098E30E940A7141E060E085E09EE20F9448
:10E750001C128111DBCF1092E70381E0D5CF10921C
:10E76000FB0310926A0E82E080936D0E20E041E080
:10E7700062E070E08BE394EB0F9486AB83E08093D0
:10E78000F803C4CF0F931F9380910301809581708C
:10E79000909118048917A1F180916F0E9091700EDD
:10E7A0008C5B944F11F40F941FAE82E080938F0224
:10E7B0008091030180958170809318040E947055A8
:10E7C00080E00E94577380911804882309F488C060
:10E7D00080917514811105C00F944F5D81E0809385
:10E7E000C31484E794E60E94B5EE1092E10361E061
:10E7F0008CEB94EF0F94C9AC8CED93E00F94382020
:10E800000F94A71D0091D8031091D9032091DA032A
:10E810003091DB030617170728073907E8F58091C1
:10E820008F02882331F08CED93E00F9438200E9402
:10E83000B153E0916F0EF091700E199580916F0EAB
:10E840009091700E8B5C924009F45BC080916F0ECA
:10E850009091700E21E08737920709F073C0809184
:10E860008F02823021F40E94705510923C058091F5
:10E870008F02882319F0815080938F020F94A71D77
:10E880006C597F4F8F4F9F4F6093D8037093D9037C
:10E890008093DA039093DB0380916C0E882399F0C8
:10E8A00080911D04882379F060E177E284ED93E0A4
:10E8B0000F94D91D882339F088E00F94A9B384ED13
:10E8C00093E00F94081E80916A0E843009F051C0C5
:10E8D0008091620E81114DC01F910F910C94C6EE74
:10E8E000109274141092751481E899E60E94575B97
:10E8F00083E294E20E947E5D83EC9DE20E94B5EE8D
:10E900007FCF0E94D04C81110EC0E0916F0EF0912C
:10E91000700E309739F50E942F540F944E1082E0FC
:10E9200080938F029CCF80916A0E81118FCF40E936
:10E930005FE561E070E08CED93E00F948B1E811138
:10E94000E4CF84CF8B5C924009F489CF40E355E754
:10E9500060E070E08CED93E00F948B1E882309F447
:10E960007ECFD3CF81E08093D70319951092D70340
:10E97000D2CF1F910F9108952F923F924F925F92A5
:10E980006F927F928F929F92AF92BF92CF92DF92BF
:10E99000EF92FF920F931F93CF93DF93CDB7DEB724
:10E9A0002D970FB6F894DEBF0FBECDBF8091AA039E
:10E9B000813051F130F0823009F47FC21092AA0305
:10E9C00000C18091C314882349F01092C31410929F
:10E9D00090020F941D5981E0809390020F94A857E4
:10E9E0009093B2038093B10380916C0E8111E3C0C8
:10E9F00089E09FE00F94A2BB8093B40381E08093F1
:10EA0000AA038FEF8093B3038091B503811107C0F0
:10EA100085EB93E00F94081E81E080938F02809134
:10EA20008F02811121C064EF71E085EB93E00F94B8
:10EA3000D91D8823A1F08091B3038F3F81F082E03C
:10EA40008093AA031092AB031092AE031092AD0311
:10EA500085EB93E00F94081E81E080938F028091F4
:10EA60008F02882309F4A9C08FEF8093B30385EB4D
:10EA700093E00F94081E0F945CAB10921A05CE0120
:10EA800001967C01F7EF2F2EF4E63F2E80911A05B8
:10EA9000843008F096C010921D058091E103882310
:10EAA00009F4A8C08CEA9BE20F9422AE66E774E1F9
:10EAB0008FE195E10F94FE80809176148F3209F0FA
:10EAC0009CC08091E516882331F067E57AEB83EAF4
:10EAD0009BE20F94FFAAC090B103D090B20301E073
:10EAE00091E0C91AD10808F4DBC180911D0590910D
:10EAF0001C058913D1C16091B403C6010F949161C3
:10EB000080911D0590E02091710630917206109160
:10EB1000C0148217930751F4D092B003C092AF0390
:10EB20001093AC0340911A054093B30340918F02B8
:10EB3000112309F467C04423E9F040918B14E6E700
:10EB4000AE2EE4E1BE2E442321F07BE8A72E74E133
:10EB5000B72E60911A054EE38217930709F040E241
:10EB600080E00E941C5485E80E94EB5362E1C501DD
:10EB70000E94D75680911D0590911B05992309F499
:10EB80008BC120917106309172068217130609F02D
:10EB900083C11092900261E086E794E10F94A15A3C
:10EBA00010927206109271060F947EAB0093900241
:10EBB0000F9468AA95CF82E01FCF0E94465781111B
:10EBC00053CF2D960FB6F894DEBF0FBECDBFDF91A9
:10EBD000CF911F910F91FF90EF90DF90CF90BF905A
:10EBE000AF909F908F907F906F905F904F903F90ED
:10EBF0002F90089580ED9DE257CF61E67AEB86E392
:10EC000097E367CF4423D1F040918B1466E7A62E9B
:10EC100064E1B62E442321F05BE8A52E54E1B52E25
:10EC200060911A054EE38217930709F040E280E0F5
:10EC30000E941C5463E1C5010E94D75680911D05B6
:10EC400090911B05992309F427C1209171063091F9
:10EC500072068217130609F01FC11092900280916C
:10EC6000A8038111A3CF66E774E1C7010F940DC219
:10EC7000470145E9A42E4FE0B42EF40161914F0104
:10EC8000662319F06E3209F04BC060E0C5010F94A5
:10EC9000C6BB6EE270E0C7010F94F9C13C01892B3D
:10ECA00019F08FEF681A780A430131E9A32E3CE08E
:10ECB000B32E6114710421F0F4016081611101C06F
:10ECC00060E0C5010F94C6BBFFEFAF1ABF0A2FEF7C
:10ECD000821A920A84E9A8168CE0B80651F760906F
:10ECE0001416662D8AE59FE00F94C6BB82E794E177
:10ECF0002AE0A22E2FE0B22E712C4C01E9E08E0EFC
:10ED0000911C7614D1F048E050E0B5018E5A9F4F27
:10ED10000F94B6BB7394F8E0AF0EB11CC401EDCFF5
:10ED2000C5010F94C6BBFFEFAF1ABF0A2DE9A216AB
:10ED30002FE0B20609F0A1CFACCF80916C0E8823F2
:10ED400091F0FF92EF923F922F920E94A07161E0AA
:10ED500083EF94E60E940A710F900F900F900F902E
:10ED60000F944E1023CF61E0C7010F94D85B409001
:10ED70008117509082176090831770908417942D9C
:10ED8000852D21E0421628E752066104710410F037
:10ED900090E088E7A92EB82E81E0481688E758064B
:10EDA0006104710408F45AC098E7591A610871089F
:10EDB000409288175092891760928A1770928B1729
:10EDC000C301B2010F9470530E94F6680093A70329
:10EDD00063E77BE2C5010F94E6A9809188179091C3
:10EDE0008917A0918A17B0918B1740918117509184
:10EDF0008217609183177091841784179507A6076F
:10EE0000B70780F511112EC020910717211103C0FB
:10EE100080E090E0DC01841995090F94B7A9009374
:10EE200074140E94766C8091871090918810892BC1
:10EE3000A1F28EE694E20F94A186811105C081E3D0
:10EE400097E30F94A186811111E0809186108111C2
:10EE500002C00E94C35A10928610E5CF412C512C5B
:10EE60003201B2CF0F94D8A91092A7030F94105D6E
:10EE700084E794E60E94B5EE111163CF41E060E0B3
:10EE800081E89BE20F941C12182F81E00E94095523
:10EE9000112309F456CF64CF8F5F80931D0520CED8
:10EEA0000F9430AB80911A058F5F80931A05809183
:10EEB0001C058F5F80931C05E9CD8091A90311E0AB
:10EEC000811105C080918F02811101C010E08091F5
:10EED000AD039091AE03892B91F46091B4038091BE
:10EEE000AF039091B0030F94916180918B148111C5
:10EEF00046C086E794E19093AE038093AD03111171
:10EF00001092AB036CE271E085EB93E00F94D91D96
:10EF1000811103C0112309F454CE8091AC0302E1A6
:10EF2000811101C003E14EE36091B30380E00E94D0
:10EF30001C548091AC03882319F085E80E94735516
:10EF40002091AB038091AD039091AE03602F820FAF
:10EF5000911D0E94D756811115C085EB93E00F9447
:10EF6000081E8091AB038F5F8093AB03112309F4DC
:10EF700028CE1092B50381E08093AA0322CE8BE8BD
:10EF800094E1B9CF1092B503F1CF61E089E894E63E
:10EF90000E940A7182E080937A0789EF9FE50E94C0
:10EFA000B5EE0F944E1083E080938F0208950E9477
:10EFB00055EE882329F11092A70389EF9FE50E945F
:10EFC000B5EE0F945A3788E080937A070E949F59D4
:10EFD0001092190560E070E080E89FE30E94614DA7
:10EFE0001092E40380919E03823011F40F94FF3657
:10EFF0000E94F44B82E893E20E947E5D10927A07B1
:10F000000895CF93DF93EC0180E00E94AFE988235D
:10F0100031F060E0CE01DF91CF910C9494E9DF9163
:10F02000CF9108950F94C7589F938F9384E597E3EA
:10F030009F938F930F9464BA0F900F900F900F903F
:10F040000895EF92FF920F931F93CF93DF930E9447
:10F050002CC9C82F86EA9CE2C11183C083E69CE2DA
:10F060000F94B2121092901710928F17D091971799
:10F070000F94BF588C01BC0190E080E00F942EB635
:10F0800020E030EC4FE756E40F94C9BD20E030E0BB
:10F0900040EA50E40F946FB69F938F937F936F93E2
:10F0A00083EB97E39F938F930F9464BA0F900F9025
:10F0B0000F900F900F900F900D3586E21807E8F132
:10F0C00081EB9BE20F94B2120F94BF587C01BC01FC
:10F0D00090E080E00F942EB620E030EC4FE756E44D
:10F0E0000F94C9BD20E030E040EA50E40F946FB6C1
:10F0F0009F938F937F936F9387E897E39F938F936B
:10F100000F9464BA0F900F900F900F900F900F9084
:10F110008FE2E81683E1F80680F461E0033D1A43CC
:10F1200008F060E0D61741F06093971788E49DE0FF
:10F130000F94C6BB0E9412F8C1E08EE897E10E94CE
:10F1400000588BE29CE2CC2361F081E09CE20F94BA
:10F15000B212DF91CF911F910F91FF90EF900D941C
:10F160004F63DF91CF911F910F91FF90EF900D941E
:10F17000B212CF93DF93C82FDFB7662389F1F894DB
:10F180000F94612381E080936B0E1092E3030E9441
:10F19000DE490F9488980E94F6681092A7030F9496
:10F1A000CF37DFBF1092E4030F9423378091071706
:10F1B000882321F0109274140F94655185EC93E22A
:10F1C0000E947E5D1092A613C1111092190581E074
:10F1D00080936A0E10926D0EDF91CF910D944E10B8
:10F1E000F89481E080936B0E1092E3030E94DE4955
:10F1F0000F9488980E94F6681092A7030F94CF3757
:10F20000DFBFD4CF60E081E00C94B9F8413041F425
:10F2100040E061E00F941C12813041F40C9402F93B
:10F22000423021F4CB010F94B212F8CF08958CEA4A
:10F230009CE00F94A2BB882311F081E00895809197
:10F240008E178823D1F30E942CC98111F6CF4091EB
:10F250000204442391F36EEF7EE28CE29FE20E946F
:10F2600006F981E090916A0E913009F480E00895EA
:10F270001F93CF93DF93109101041123E9F0EC0168
:10F2800085EA9DE00F94B0BB8C179D07A9F0412F34
:10F290006DE67EE28BEC9EE20E9406F980916C0E98
:10F2A00081110AC01092000460E08BE394EBDF91BF
:10F2B000CF911F910D94C9ACDF91CF911F9108950B
:10F2C000CF92DF92EF92FF92CF936B017C0182E0AD
:10F2D00080937A0786EA9FE50E94B5EE1092901718
:10F2E00010928F1720E030E044E352E4609154071D
:10F2F0007091550780915607909157070F94C9BC9C
:10F30000609354077093550780935607909357075F
:10F310006AE077E58DEA92E40F940E970F945A37DE
:10F3200020E030E04CE052E46091540770915507C2
:10F3300080915607909157070F94C9BC609354076A
:10F3400070935507809356079093570769E27CE5C1
:10F3500085E891E40F940E970F945A3720E030E03F
:10F36000A901C701B6010F94BFBD8823E1F0A70131
:10F3700096016091540770915507809156079091BE
:10F3800057070F94CABC6093540770935507809336
:10F3900056079093570760E070E080E291E40F9485
:10F3A0000E970F945A378AE499E20F942F12149A09
:10F3B00064E670E080E090E00F94BA1B82E00F9466
:10F3C000C642C3E30E944657811107C0C15029F0CD
:10F3D00084E690E00E944476F5CF0F945A370E945D
:10F3E0004657882329F084E690E00E944476F7CFC0
:10F3F00081E00E94095584E794E60E94B5EE1092E0
:10F400007A070F941A158EE897E1CF91FF90EF904D
:10F41000DF90CF900C9400582F923F924F925F92C2
:10F420006F927F928F929F92AF92BF92CF92DF9214
:10F43000EF92FF920F931F93CF93DF93CDB7DEB779
:10F4400067970FB6F894DEBF0FBECDBF082FCE0171
:10F4500046969F8B8E8B83E0F82E95E1292E0F9494
:10F46000A99F00938613402F64E5CE0101960F9467
:10F47000879F49815A816B817C818D810F94D074E3
:10F4800061E081E00F94EF7B182F811107C00F948A
:10F49000EB9E0F948F7B0F947D7CE1CF0F945A37B6
:10F4A0000F94DF9F813079F10F947D7C92E0F91207
:10F4B00009C08EEC9EE00F94A2BB813019F4802F1E
:10F4C0000F94647DFA94F110CACF8091620E882364
:10F4D00009F4EFC067960FB6F894DEBF0FBECDBF3C
:10F4E000DF91CF911F910F91FF90EF90DF90CF9020
:10F4F000BF90AF909F908F907F906F905F904F9054
:10F500003F902F90089560917B1370E090E080E031
:10F510000F9430B69B01AC0160E070E08CE592E4A2
:10F520000F94C9BC362E872E982EE92E262F372F02
:10F53000482F592F60E070E080E291E40F94C9BD3C
:10F540002B013C01EDE3F5E0822D11928A95E9F75C
:10F5500010923C05832D982DA92DBE2DBC01CD0107
:10F56000912C312CE12C5B016C01D7FAD094D7F8A7
:10F57000D09420E030E048E452E40F94AB9F9091A7
:10F580005B0E80915C0E981709F449C0112331F08D
:10F590000F94DF9F11E0813009F010E083E00F94B9
:10F5A00046372091540730915507409156075091A6
:10F5B00057070F94C9BCA30192010F946FB60F9423
:10F5C000A8BD0F9442BE862EE616C1F0E32DE431AD
:10F5D00008F0E3E1332433943E0E8FEF111101C0A4
:10F5E0008DE2F0E0E35CFA4F808391E090938F022C
:10F5F00080919002811102C00F94CE1E90E080E0B5
:10F600000E944476E82C8091620E882309F4B7CFDB
:10F6100010E037C0C601B50199249394AACF91E0B8
:10F620009912F8CF0F94A99F111108C08FEC9EE09A
:10F630000E942F5A80ED9EE00E94225A44E150E041
:10F640006DE375E0CE0101960F9422C2FE01319662
:10F65000819187FD2CC080E3DF0111978C938E8907
:10F660009F898E179F07A1F71D8A81E899E60E945E
:10F67000575B88E99CE30E94575BCE0101960F948B
:10F68000A7B482E595E00F943820112309F40CCF3C
:10F69000802F0F94B16400932D138091A213909149
:10F6A000A31301969093A3138093A21313CF81E326
:10F6B000D3CF8AE290E89093301380932F1361E0C8
:10F6C00081E00F94EF7BC7CECF93DF93D82F0F94B9
:10F6D0003265C82F8823D9F0809185138D17B9F032
:10F6E0000E94124D811102C00F94BA7C0F94A8643D
:10F6F0001092901710928F170F945A378D2F0E94E7
:10F700000CFA8EE897E10E9400580F9427658C2F21
:10F71000DF91CF910895CF93C82F682F86E991E3A9
:10F720000F94CC9E8C2F0E9464FB0F945A370F9439
:10F73000BA7C0F94C99E81E0CF91089580E00E9429
:10F740008BFB81E00E948BFB82E00E948BFB83E0BD
:10F750000E948BFB84E00E948BFB0D941A150E9483
:10F760008BFB0D941A15CF92DF92EF92FF920F93BD
:10F770001F93CF93DF9300D01F92CDB7DEB7809158
:10F7800097178F3F31F480919E13813011F00E94C2
:10F7900021F80F946123D090E7038FEF8093E70364
:10F7A00086EEE82E87E3F82E00EE17E320E030E047
:10F7B00048E452E46091660E7091670E8091680E85
:10F7C0009091690E0F9453BF18168CF020E030E032
:10F7D00048E452E46091F6047091F7048091F804D3
:10F7E0009091F9040F9453BF18160CF040C081EEAD
:10F7F0009CE20F942F1242E864E080E00E941C54C7
:10F800006091660E7091670E8091680E9091690EFE
:10F810000F943BBE7F936F93FF92EF920E94D5535C
:10F8200081E80E94EB5340E864E089E00E941C54A8
:10F830006091F6047091F7048091F8049091F904B6
:10F840000F943BBE7F936F931F930F930E94D553EA
:10F8500081E80E94EB5388EE93E00E9444760E9478
:10F86000655B0FB6F894DEBF0FBECDBF9FCFD092C1
:10F87000E70381E00E9409550E942F5440E15DE2B8
:10F8800060E080E00E94105481E00E94E14B81E042
:10F890000E94337360ED77E080E090E00F94BA1B34
:10F8A00082E08093970200ED17E021E043E060E002
:10F8B00080E00E94AFB8F82E83E00E944D5980E0AE
:10F8C0000E948CB162E082E00E9415B280E00E944A
:10F8D0004D59C090BC04D090BD0494E1C916D10428
:10F8E0005CF121E043E06F2D81E00E94AFB8F82E7B
:10F8F0008FEF0E948CB163E085E00E9415B280E03A
:10F900000E948CB18091BE049091BF048431910516
:10F91000CCF465EF72E085E00E94F4E996E4C91644
:10F92000D1049CF408E813E121E043E06F2D8DE061
:10F930000E94AFB8E12C59C165EF72E086E00E94E9
:10F94000F4E9F0CF8634910554F460E081E00E9440
:10F9500092B1811176C165EF72E089E0F0CF86E463
:10F96000C816D10494F700ED17E021E043E06F2DB5
:10F9700082E00E94AFB8F82E1C9B18C01C9B16C0DA
:10F9800020E030E040E251E460915007709151076F
:10F9900080915207909153070F94CABC609350070F
:10F9A00070935107809352079093530760E070E083
:10F9B00084E392E40F940E970F945A371C9B4BC12B
:10F9C0001A8219821C821B821C9B06C06AEF72E09D
:10F9D000CE0101960F94EEC1BE016F5F7F4F82E0B2
:10F9E0000E94F4E910E00F94AA2C81E00E94997320
:10F9F000112309F497CF00ED17E021E043E06F2DCC
:10FA000084E00E94AFB8F82E80E00E94DBEB8823F0
:10FA100009F488CF10E000E021E043E06F2D84E09E
:10FA20000E94AFB80CED15E021E043E0682F85E0BF
:10FA30000E94AFB8F82E81E00E94DBEB882309F426
:10FA400071CF10E000E021E043E06F2D86E00E94DE
:10FA5000AFB8F82E0F94961910928E02EAE2FEE3E8
:10FA600085919591A591B49180934807909349070A
:10FA7000A0934A07B0934B07EEE2FEE365917591C0
:10FA80008591949120E030E040E850E40F94CABCA6
:10FA900060934C0770934D0780934E0790934F07E8
:10FAA00060E070E080E291E40E94FE520E94574DB7
:10FAB0000CED15E021E043E06F2D86E00E94AFB829
:10FAC00050E040E061E082E00E94685E60E070E04B
:10FAD00080EA91E40E94FE5260E070E080E291E4EE
:10FAE0000E94FE5210E000E021E042E060E08EE083
:10FAF0000E94AFB880E00F948816E82E21E042E023
:10FB000061E08EE00E94AFB881E00F948816E82291
:10FB100021E042E062E08EE00E94AFB8F82EEE20D5
:10FB200009F400CF61E088EF9EE00F94C6BB00EDC2
:10FB300017E021E043E06F2D87E00E94AFB8F82E78
:10FB400081E00E94DDEA882309F4ECCE08EE13E0A0
:10FB500021E043E06F2D88E00E94AFB8F82E80E0EE
:10FB60000E94DDEAE82E882309F4DCCE00ED17E0E0
:10FB700021E043E06F2D89E00E94AFB890919E1381
:10FB8000913059F521E043E0682F8AE00E94AFB838
:10FB9000F82E90E080E00E9430BED82E10E000E009
:10FBA00021E041E060E08AE00E94AFB810926C0270
:10FBB00010926B028D2D0E9464FB0F94BA7C8FEA29
:10FBC00090E090936C0280936B0200ED17E021E0CF
:10FBD00043E06F2D8BE00E94AFB808E813E121E00D
:10FBE00043E0682F8CE00E94AFB81092D20361E02E
:10FBF0008EE694E20E940A7181E00E940955EE208F
:10FC000061F181E00E94A1CB84E09DE20E94B5EE0B
:10FC10000F944E1080E00E94E14B80E00E9433730D
:10FC200081E0809397028E2D0F900F900F900F9090
:10FC3000DF91CF911F910F91FF90EF90DF90CF90C8
:10FC4000089561E080E00E9492B181118CCE65EF51
:10FC500072E085E074CE11E0C6CE62E08CEC91E3F8
:10FC60000E94C5E9D7CF0C94B3FBCF93DF93D82F75
:10FC70000F943265C82F882359F188EC90E00F94D7
:10FC800012A382E00F94C6426D2F81EF92E60F948B
:10FC9000CC9E0F94A8641092901710928F178091A9
:10FCA0008513833629F062E18EEF94E60F9409659F
:10FCB0008D2F0E940CFA0E9448B283E00F94C64236
:10FCC0008EE897E10E9400580F9427650F94C99E13
:10FCD0008C2FDF91CF9108951F93CF93DF93C82F7F
:10FCE000162F0F943265D82F8823A9F01092901701
:10FCF00010928F17C33611F1C83791F0CF3339F412
:10FD000084E690E00F9412A3812F0E9435FE8EE8C6
:10FD100097E10E9400588D2FDF91CF911F91089598
:10FD200010926C0210926B02812F0E9464FB8FEA8A
:10FD300090E090936C0280936B02E9CF84E690E0B0
:10FD40000F9412A30E9448B2E2CF0E9435FE0E9497
:10FD5000C4490F945A370F944E100F94B43784E768
:10FD600094E60E94B5EE10927A070D941A15CF937F
:10FD7000DF9300D01F921F92CDB7DEB7482F68E502
:10FD8000CE0101960F94879F49815A816B817C81B6
:10FD90008D810F94D0740F900F900F900F900F9053
:10FDA000DF91CF91089580E00C94B7FE1F93CF931D
:10FDB000DF9300D01F921F92CDB7DEB7182F0F949C
:10FDC00032658823D9F0412F62E5CE0101960F9468
:10FDD000879F49815A816B817C818D810F94D0747A
:10FDE00060E080E00F94EF7B882369F320914A1351
:10FDF00030914B1330939B1320939A130F900F90D5
:10FE00000F900F900F90DF91CF911F910895FF9267
:10FE10000F931F93CF93DF931F92CDB7DEB7CE0121
:10FE200001960F94E82510E000E085E0F82ED199C6
:10FE300011C00F94AA2C0E3D1105C9F7CE010196F1
:10FE40000F94DB25C8010F90DF91CF911F910F9187
:10FE5000FF900895D19A80912405882361F3109230
:10FE600024050E9441770F94072A80912305811170
:10FE70001BC0F09EF001F19EF00D1124E558F84FE3
:10FE800080911F0590912005A0912105B091220538
:10FE900080839183A283B38380911E0584830F5F47
:10FEA0001F4F0F94D82EC7CF10E000E0C7CFFC0142
:10FEB0008081882321F0813029F482E001C081E033
:10FEC0008083089510820895FC019491903249F046
:10FED00087EF890F823028F081E09D3019F080E0B3
:10FEE000089581E00895883E23E0920710F087EEA0
:10FEF00093E0089590912905809128052FEF3FEF19
:10FF0000891771F0E92FF0E0E55DFA4F208130E0CC
:10FF10009F5F80912705981708F090E0909329053E
:10FF2000C90108959091D00095FFFCCF8093D60031
:10FF300090E080E00895CF92DF92EF92FF920F93CE
:10FF40001F93CF93DF938C01EA0190E050E0615062
:10FF5000770B292F30E0261737072CF0552319F19E
:10FF600090E050E0F6CF7801E20EF31EF7018081B9
:10FF7000D90111966801CA0EDB1EF60140814817AF
:10FF800080F4F7014083F6018083209749F0FE0159
:10FF9000E20FF31F8081AC0FBD1F2C9120838C9347
:10FFA00051E09F5FD6CFDF91CF911F910F91FF90CE
:10FFB000EF90DF90CF900895813041F028F08230AB
:10FFC00039F0833071F00895A09A0895A29A0895A7
:10FFD0009FB7F894809108018062809308019FBFC9
:10FFE00008959FB7F894809108018061F6CF813021
:10FFF00041F028F0823039F0833071F00895A098F4
:020000022000DC
:100000000895A29808959FB7F894809108018F7D74
:10001000809308019FBF08959FB7F89480910801CD
:100020008F7EF6CF8EBD0DB407FEFDCF8EB5089541
:100030002F923F924F925F926F927F928F929F92F8
:10004000AF92BF92CF92DF92EF92FF920F931F93E6
:10005000CF93DF93CDB7DEB72E970FB6F894DEBF00
:100060000FBECDBF20901E0630901F0640901F058A
:1000700050902005609021057090220521143104D4
:1000800039F481E08093F505812C912C5401F9C05D
:10009000B101032C000C880B990B0F9430B6A3010F
:1000A00092010F94C9BC6B017C018091F5058823F6
:1000B00091F01092F1051092F2051092F305109252
:1000C000F4051092ED051092EE051092EF051092D6
:1000D000F0051092F5052091DB063091DC06409189
:1000E000DD065091DE06C701B6010F946FB6698335
:1000F0007A838B839C832091F1053091F2054091A6
:10010000F3055091F405C701B6010F94CABC4B0129
:100110005C012091B8042D873091B9043987109182
:10012000BA040091BB04412F502F0F94BFBD87FD2F
:1001300017C08091B4048D879091B5049987109170
:10014000B6040091B7049C01412F502FB401C501A2
:100150000F9453BF181624F08D8699861A2D0B2DF7
:100160008D859985A12FB02F8093F1059093F2058D
:10017000A093F305B093F4052091DF063091E006DB
:100180004091E1065091E206BC01812F902F0F941F
:100190006FB66D837E838F8398872091E9053091B8
:1001A000EA054091EB055091EC05C301B2010F94B3
:1001B000C9BC2091E3063091E4064091E5065091D8
:1001C000E6060F946FB620ED3CEC4CE45DE30F9433
:1001D0006FB64B015C0123E333E343E75FE36091D8
:1001E000ED057091EE058091EF059091F0050F946B
:1001F0006FB69B01AC01C501B4010F94CABC4B01A1
:100200005C018092ED059092EE05A092EF05B09210
:10021000F0052D813E814F81588569817A818B81DE
:100220009C810F94CABCA50194010F94C9BC4B01D9
:100230005C0120E030E04FE753E40F9453BF20E02F
:1002400030E0A90118160CF06DC1C701B6010F947A
:1002500053BF181684F4A70196016D857985812F07
:10026000902F0F94C9BC6093F1057093F2058093B1
:10027000F3059093F405812C912C3FE7A32E33E4F2
:10028000B32E4092E9055092EA056092EB05709218
:10029000EC056091560270915702072E000C880BF6
:1002A000990B0F9430B69B01AC01C301B2010F94BE
:1002B000BFBD87FF57C1232809F454C1C501B4014C
:1002C0000F943BBE7595679560931E0520911706A8
:1002D000309118063A8329834090190650901A06E7
:1002E00060901B0670901C06B901330F880B990BA8
:1002F0000F9430B6A30192010F94C9BC6B017C012D
:100300002091E7063091E8064091E9065091EA060F
:100310000F946FB66D837E838F8398872091FE053F
:100320003091FF054091000650910106C701B601CA
:100330000F94CABC5B018C013091B0043E87809160
:10034000B1048D873090B2042090B304232F382F4E
:10035000432D522DB501C8010F94BFBD87FD18C0B4
:100360009091AC049E872091AD042D873090AE040F
:100370002090AF04292F3D85432D522DB501C80192
:100380000F9453BF181624F0AE86BD86302E212E52
:100390008E859D85A32DB22D8093FE059093FF053C
:1003A000A0930006B09301062091EB063091EC0675
:1003B0004091ED065091EE06BC01832D922D0F94D5
:1003C0006FB669877A878B879C872091FA05309171
:1003D000FB054091FC055091FD05C301B2010F944E
:1003E000C9BC2091EF063091F0064091F106509182
:1003F000F2060F946FB620ED3CEC4CE45DE30F94F5
:100400006FB64B015C0123E333E343E75FE36091A5
:10041000F6057091F7058091F8059091F9050F9414
:100420006FB69B01AC01C501B4010F94CABC4B016E
:100430005C018092F6059092F705A092F805B092C3
:10044000F9054092FA055092FB056092FC05709206
:10045000FD0529853A854B855C856D817E818F817F
:1004600098850F94CABCA50194010F94C9BC4B0197
:100470005C0120E030E04FE753E40F9453BF20E0ED
:1004800030E0A90118160CF070C0C701B6010F9436
:1004900053BF181684F4A70196016E857D85832DC0
:1004A000922D0F94C9BC6093FE057093FF05809355
:1004B000000690930106812C912C9FE7A92E93E4CE
:1004C000B92E20E030E04AEF52E4C301B2010F94AC
:1004D000BFBD87FF6DC0C501B4010F943BBE7595CC
:1004E000679560931D0689819A81892B11F410927A
:1004F0001D062E960FB6F894DEBF0FBECDBFDF915E
:10050000CF911F910F91FF90EF90DF90CF90BF9010
:10051000AF909F908F907F906F905F904F903F90A3
:100520002F900895C501B4010F94BFBD87FFA9CED8
:1005300020E030E0A901C701B6010F94BFBD87FFDD
:10054000A3CDA70196016D857985812F902F0F94FA
:10055000C9BC6093F1057093F2058093F305909305
:10056000F40592CD10921E05B1CEC501B4010F94D1
:10057000BFBD87FFA6CF20E030E0A901C701B601CB
:100580000F94BFBD87FF10C0A70196016E857D85C2
:10059000832D922D0F94C9BC6093FE057093FF05C7
:1005A0008093000690930106812C912C540189CFF1
:1005B00010921D0698CF8091730E9091740E9093B7
:1005C0001F0680931E068091710E9091720E90937B
:1005D0001806809317060895813041F120F082308B
:1005E00009F445C00895179880910901817091E040
:1005F0006927861759F090910B01662389F0916065
:1006000090930B01EBE4F0E03197F1F791E096B9AC
:10061000882341F080910B01816080930B01089544
:100620009E7FEECF80910B018E7FF7CF1698909131
:10063000090181E0292F227091FF80E0861759F08F
:1006400080910B01662379F0826080930B018BE42B
:1006500090E00197F1F782E086B980910B012223A7
:1006600021F08260DACF8D7FF0CF8D7FD6CF1598C5
:100670009091090181E0292F247092FF80E091E0A0
:100680006927861759F090910B01662391F09460C9
:1006900090930B01EBE4F0E03197F1F794E096B919
:1006A000861709F4BCCF80910B01222321F08460CE
:1006B000B4CF9B7FEDCF8B7FB0CF8091260581118A
:1006C00025C08091C00087FF3DC08091C00084FF9D
:1006D00003C08091C60008954091C60020919E04F9
:1006E00030919F04C90101968F7799276091A004EA
:1006F0007091A1048617970729F1225E3B4FF901FB
:10070000408390939F0480939E041CC08091C800F6
:1007100087FF18C08091C80084FF03C08091CE007D
:1007200008954091CE0020919E0430919F04C9010C
:1007300001968F7799276091A0047091A1046817A2
:100740007907D9F6089523E0811121E080E06BE17B
:1007500073E04BEC57E03FB7F8949091020194603E
:10076000909302013FBFFB013197F1F73FB7F89437
:10077000909102019B7F909302013FBFFA01319754
:10078000F1F78F5F8213E7CF08958AE02BE831E01D
:100790004FB7F894909102019460909302014FBF7B
:1007A000F9013197F1F74FB7F894909102019B7FCF
:1007B000909302014FBFF9013197F1F7815041F752
:1007C00008950F945CAB10921A0580911A0584303D
:1007D00098F510921D058FE798E20F9422AE4BE535
:1007E00052E062EE74E5809101040E942ADE4FE03F
:1007F00052E06CED74E58091FE030E942ADE49E927
:1008000052E067E97AE58091FD030E942ADE45EA1D
:1008100052E067E676E2809102040E942ADE0F949D
:1008200030AB80911A058F5F80931A0580911C056B
:100830008F5F80931C05C9CF089582E094E00E94E9
:1008400057FF6091020480E29CE00D94C6BB8DEFDF
:1008500093E00E9457FF6091FD0383EA9DE00D94B1
:10086000C6BB8EEF93E00E9457FF6091FE0384EABF
:100870009DE00D94C6BB81E094E00E9457FF60911B
:10088000010488EA9DE00D94C6BB8091961760E054
:10089000811101C061E06093961787E49DE00D949B
:1008A000C6BBEEE8F7E1618181E06827618387E0FC
:1008B0009FE00D94C6BBEEE8F7E1628181E0682716
:1008C000628385ED9EE00D94C6BBE5EEF6E16081A6
:1008D00081E0682760838BEB9FE00D94C6BB80911D
:1008E000EC04813071F020F0823069F483E001C0C3
:1008F00081E08093EC046091EC0487ED9EE00D9420
:10090000C6BB82E0F6CF1092EC04F5CF60913802BE
:1009100081E068276093380287E89FE00F94C6BBA8
:1009200080913802811102C01092E6030895CF939E
:10093000DF938091FF038C33E1F0803501F1883241
:1009400091F088E28093FF03C0E9D1E06091FF035A
:1009500087EA9DE00F94C6BBBE0185EA9DE0DF916A
:10096000CF910D94E4BB8CE38093FF03C8E5D2E004
:10097000EDCF80E58093FF03C0E2D3E0E7CF89E1CC
:100980008093FF03CAEFD0E0E1CF0F945CAB1092ED
:100990001A0580911A05843008F06EC010921D056A
:1009A00080ED9DE20F9422AE80918E176FEA73E680
:1009B000882311F063EB73E622E047E452E083EE14
:1009C0009AE20F94EBAC80918E17882309F441C012
:1009D0008330D9F422E041EF50E06AE07BE289EA1B
:1009E00094E50F94EBAC22E041EF50E06AE07BE24B
:1009F0008DE994E50F94EBAC80919617882301F173
:100A00008130A1F10F94450424C0809190176FEAC2
:100A100073E6882311F063EB73E622E04BED51E0BF
:100A200089EA94E50F94EBAC80918F176FEA73E637
:100A3000882311F063EB73E622E045EE51E0D8CF56
:100A400022E049EE52E06DE874E583E994E50F9405
:100A5000EBAC0F9430AB80911A058F5F80931A0531
:100A600080911C058F5F80931C0593CF22E049EE97
:100A700052E067E874E5E9CF089589EA9DE00C94B7
:100A80003B5A8CEA9CE00F94A2BB882361F0109241
:100A90009E1310924C13109231138CEA9CE00E942A
:100AA0003B5A0D94B7520E9493BFF7CF86ED9EE05C
:100AB0000F94A2BB61E0823009F062E086ED9EE017
:100AC0000D94C6BB8EEC9EE00F94A2BB60E081301B
:100AD00009F061E08EEC9EE00D94C6BB8FEA9FE0CA
:100AE0000F94A2BB61E0811160E08FEA9FE00D945A
:100AF000C6BB89E09FE00F94A2BB61E0882321F090
:100B000062E0813009F060E089E09FE00F94C6BBAD
:100B100081E08093C314089587EA9CE00F94A2BB00
:100B2000811105C08091A8038150883010F080E0C9
:100B3000089581E0089581E090918E17911180E0F1
:100B40000C9430580D944F63EF92FF920F931F93C4
:100B50008091B703811135C080EC9FE00F94A2BB58
:100B6000813061F58FEB9FE00F94A2BB082E000C43
:100B7000990B9093B9038093B8038EEB9FE00F9489
:100B8000A2BB082E000C990B9093BB038093BA0371
:100B90008DEB9FE00F94A2BB082E000C990B909355
:100BA000BD038093BC038CEB9FE00F94A2BB082E87
:100BB000000C990B9093BF038093BE0381E0809358
:100BC000B7030F945CAB10921A0580911A0584301C
:100BD00008F062C010921D050F9404AA8823E9F062
:100BE0006091B8038FEB9FE00F94C6BB6091BC038C
:100BF0008DEB9FE00F94C6BB6091BE038CEB9FE032
:100C00000F94C6BB6091BA038EEB9FE00F94C6BBF6
:100C100061E080EC9FE00F94C6BB80ED9DE20F94F5
:100C200022AEF12CE12C04E610E02CE93FEF40E18C
:100C300068EB73E084ED9BE40F94ACAB2CE93FEFE1
:100C400040E16AEB73E085EC9BE40F94ACAB2CE9DC
:100C50003FEF40E16CEB73E086EB9BE40F94ACABB1
:100C60002CE93FEF40E16EEB73E087EA9BE40F94E1
:100C7000ACAB67E171E08FE699E20F94FFAA0F94A5
:100C800030AB80911A058F5F80931A0580911C0507
:100C90008F5F80931C0599CF1F910F91FF90EF906C
:100CA00008950F945CAB10921A0580911A05843058
:100CB00058F510921D058FE59BE20F9422AE6BEC68
:100CC00071E08EE79CE40F94D5AD6FE672E087E7A4
:100CD0009CE40F94D5AD6DE372E080E79CE40F9443
:100CE000D5AD6DE272E087E69CE40F94D5AD0F942C
:100CF00030AB80911A058F5F80931A0580911C0597
:100D00008F5F80931C05D1CF08950F945CAB109238
:100D10001A0580911A058430F8F410921D058CEAAA
:100D20009BE20F9422AE6DE072E08EE599E40F94A1
:100D3000D5AD69E771E088E599E40F94D5AD0F94DE
:100D400030AB80911A058F5F80931A0580911C0546
:100D50008F5F80931C05DDCF08950F945CAB1092DC
:100D60001A0580911A05843028F510921D058CEA29
:100D70009BE20F9422AE6DE572E08EE599E40F944C
:100D8000D5AD6FE472E088E599E40F94D5AD6FE4DA
:100D900071E082E099E40F94D5AD0F9430AB80916F
:100DA0001A058F5F80931A0580911C058F5F8093D1
:100DB0001C05D7CF0895CF93DF93CDB7DEB72F971C
:100DC0000FB6F894DEBF0FBECDBFFC01DE01119659
:100DD00090E09D01849141E0490F882329F08D9393
:100DE0003196942F4D30B1F7F901E90FF11D8AE3E7
:100DF00080839F5FF901E90FF11D80E29E3019F0B9
:100E000081939F5FFBCF1F867F936F933F932F93B9
:100E100084ED9BE59F938F930E94D5530F900F9085
:100E20000F900F900F900F902F960FB6F894DEBF93
:100E30000FBECDBFDF91CF910895EF92FF921F9328
:100E4000CF93DF9300D000D01F92CDB7DEB7809153
:100E5000A903811118C081EA9DE00F94A2BB182F4D
:100E60000E94485A882379F080E10E9480DD88231F
:100E700051F02BE0129FC0011124805B924F0F9420
:100E8000B0BB892BF1F48091AA03882371F081EA29
:100E90009DE00F94A2BB2BE0829FC00111246FEF55
:100EA0007FEF805B924F0F94E4BB0E94465721E096
:100EB000811120E041E070E060E087E092E00F9473
:100EC00086AB20917106309172062115310559F0DB
:100ED00081E0121613060CF080E08093AA031092B2
:100EE00072061092710681EA9DE00F94A2BB1BE08E
:100EF000819FB0011124675B724F47E050E0CE0143
:100F000001967C010F9492BB0E94285481EA9DE0D7
:100F10000F94A2BB819FC0011124805B924F0F945C
:100F2000B0BBBC01990F880B990B0F9430B6209180
:100F30007F063091800640918106509182060F9481
:100F4000C9BD2091AA03222319F13EE320E21F929A
:100F50003F931F922F939F938F937F936F93FF9253
:100F6000EF9287E09DE49F938F930E94D5530FB635
:100F7000F894DEBF0FBECDBF27960FB6F894DEBF44
:100F80000FBECDBFDF91CF911F91FF90EF900895DD
:100F900030E22EE3DCCF80912605813051F41092AF
:100FA00026056091260588E09FE00F94C6BB0C944F
:100FB000F1BF81E080932605F4CF1092DC030E94FC
:100FC0002854ECEBF4E0428153812CE3249FC001D0
:100FD000259F900D11249F938F938FE19DE29F9306
:100FE0008F9340815181249FC001259F900D112432
:100FF0009F938F938AE29DE29F938F9388E39BE573
:101000009F938F930E94D5538DB79EB70A960FB6C4
:10101000F8949EBF0FBE8DBF0D94B6AECF93DF93F5
:101020000E9428548BE59FE00F94B0BBEC018DE546
:101030009FE00F94B0BBDF93CF939F938F9387E88C
:1010400099E49F938F9386E19CE59F938F930E94F1
:10105000D5538DB79EB708960FB6F8949EBF0FBEB6
:101060008DBFDF91CF910D94B6AE1092DC030E943C
:1010700028546091660E7091670E8091680E909171
:10108000690E0F943BBE82EE94E50F94DB066091EF
:10109000F6047091F7048091F8049091F9040F948C
:1010A0003BBE8DEC94E50F94DB0660915606709183
:1010B000570680915806909159060F943BBE89E6D9
:1010C00099E40F94DB0660919A0370919B038091E1
:1010D0009C0390919D030F943BBE81E79AE50F948A
:1010E000DB060D94B6AE0F931F93CF93DF93109250
:1010F000DC0384E69FE00F94A2BBC82F85E69FE047
:101100000F94A2BBD82F86E69FE00F94A2BB182FA6
:1011100088E69FE00F94A2BB082F0E9428541F92DC
:101120000F931F921F9382E299E49F938F931F92D4
:10113000DF9388E299E49F938F931F92CF9385E387
:1011400099E49F938F9384E499E49F938F938FE91D
:101150009BE59F938F930E94D5538DB79EB7429680
:101160000FB6F8949EBF0FBE8DBFDF91CF911F9138
:101170000F910D94B6AEEF92FF920F931F93CF9302
:10118000DF931092DC030E94285483E09FE00F94C9
:10119000B0BB0E9473FFF82EE92E85E09FE00F940C
:1011A000B0BB0E9473FF182F092F81E09FE00F94BE
:1011B000B0BB0E9473FFEC018FEF9EE00F94B0BBB9
:1011C0000E9473FFEF92FF920F931F9322E239E484
:1011D0003F932F93DF93CF9328E239E43F932F93EC
:1011E0009F938F9385E399E49F938F9383E199E491
:1011F0009F938F938FE99BE59F938F930E94D55385
:101200008DB79EB742960FB6F8949EBF0FBE8DBFA6
:10121000DF91CF911F910F91FF90EF900D94B6AE9B
:101220000F931F93CF93DF931092DC030E942854F7
:101230008091A4139091A5130E9473FF182F092F7A
:1012400080ED9EE00F94B0BB0E9473FFEC0183ED34
:101250009EE00F94B0BB0E9473FF0F931F9329ED84
:1012600038E43F932F93DF93CF9329EE38E43F93F5
:101270002F939F938F9388EF98E49F938F9383E1AD
:1012800099E49F938F9382E79BE59F938F930E94AE
:10129000D5538DB79EB740960FB6F8949EBF0FBE3C
:1012A0008DBFDF91CF911F910F910D94B6AECF936B
:1012B000DF931092DC030E9428548FEC9EE00F9481
:1012C000A2BB90E00E9473FFEC0182ED9EE00F94C0
:1012D000A2BB90E00E9473FFDF93CF9329EE38E426
:1012E0003F932F939F938F9388EF98E49F938F93CF
:1012F00084E499E49F938F9383E59BE59F938F9379
:101300000E94D5538DB79EB70C960FB6F8949EBF2A
:101310000FBE8DBFDF91CF910D94B6AE0E942854C1
:101320008AEB9CE40E94E7530D94B6AE0E942854C9
:1013300085E89CE40E94E7530D94B6AE813021F419
:1013400087E69AE50C94E75383E69AE5FBCF2F9264
:101350003F924F925F926F927F928F929F92AF9245
:10136000BF92CF92DF92EF92FF920F931F93CF9392
:10137000DF93CDB7DEB7A0970FB6F894DEBF0FBEF0
:10138000CDBF48E050E065EE7FE0CE0141960F947E
:1013900092BB48E050E06DED7FE0CE0109960F94DE
:1013A00092BB48E050E065ED7FE0CE0101960F94DE
:1013B00092BB8D849E84AF84B888EAE2FEE32591D7
:1013C000359145915491CD80DE80EF80F884EEE236
:1013D000FEE385919591A591B4918D8F9E8FAF8FEE
:1013E000B8A38D899E89AF89B88D898F9A8FAB8F6D
:1013F000BC8FC501B4010F946FB62B013C012D8D3C
:101400003E8D4F8D58A1C701B6010F946FB69B0159
:10141000AC01C301B2010F94CABC298D3A8D4B8D2A
:101420005C8D0F94CABC20E030E040E950E40F949A
:10143000CABC1B018C01E2E3FEE325913591459185
:101440005491E6E3FEE34590559065907490C50194
:10145000B4010F946FB64B015C01A3019201C70167
:10146000B6010F946FB69B01AC01C501B4010F9496
:10147000CABC298D3A8D4B8D5C8D0F94CABC20E07F
:1014800030E040E950E40F94CABCF62EE72ED82E87
:10149000C92E0E94285483E49BE49F938F9389E490
:1014A0009BE49F938F938DE098E39F938F938EE4BB
:1014B0009BE49F938F9381E29AE59F938F930E9481
:1014C000D55362E08BE00E94FC530FB6F894DEBF68
:1014D0000FBECDBF20E030E048E453E4622D732D11
:1014E000802F912F0F9453BF87FF57C01F930F93E7
:1014F0003F922F9289E19AE59F938F930E94D55353
:101500000F900F900F900F900F900F9063E08BE073
:101510000E94FC5320E030E048E453E4D701F60198
:101520006B2F7E2D8F2F9C2D0F9453BF87FF3AC0BA
:10153000CF92DF92EF92FF9289E19AE59F938F938A
:101540000E94D5530F900F900F900F900F900F9017
:101550000E944657882341F020E041E070E060E0BF
:101560008BE291E00F9486ABA0960FB6F894DEBFA5
:101570000FBECDBFDF91CF911F910F91FF90EF90E4
:10158000DF90CF90BF90AF909F908F907F906F90A3
:101590005F904F903F902F9008958AE09BE20E94C9
:1015A000E753B4CF8AE09BE20E94E753D1CF82E8B1
:1015B00099E50C947E5DAF92BF92CF92DF92EF924D
:1015C000FF920F931F93CF93DF936C010E94B1534F
:1015D000E601F12CE12C6F2D80E00E94FC53C60146
:1015E0000E9464FF882329F08FEFC81AD80A09F4F3
:1015F00049C0C6010F9460B98431910510F084E1AF
:1016000090E0E601C80FD91FE3E0FE120AC0843162
:1016100041F4FE018491E12C882319F02297EE24F5
:10162000E394FE018491882309F440C0CE010E9416
:1016300064FF81113BC0FE01849192ED980F9230BE
:10164000A8F18C3299F196EC980F923078F18F33A3
:1016500069F1813259F18E01C016D10658F4580152
:10166000F1E0AF1AB108C5010E9464FF81111DC0ED
:101670008501F2CFC016D106C9F0E801F39484E0E9
:10168000F812A9CFEE20F9F048E863E083E10E9468
:101690001C54CE01DF91CF911F910F91FF90EF90DD
:1016A000DF90CF90BF90AF900895E801CC16DD0693
:1016B00028F7F60184918A3009F30E947355FFEFF1
:1016C000CF1ADF0AF3CFD0E0C0E0E3CF84EA9AE498
:1016D0000F94DB0A0D94B6AE0E949F5A1092B70386
:1016E0000895CF93DF9348E85BE460E080E00E94D8
:1016F00010544DE058E361E080E00E94105462E035
:1017000080E00E94FC5385EE9FE00F94AABB9F935C
:101710008F937F936F931F9288E58F93C6E2DEE5E8
:10172000DF93CF930E94D55363E080E00E94FC5387
:1017300089EE9FE00F94AABB9F938F937F936F9343
:101740001F9289E58F93DF93CF930E94D5538DB776
:101750009EB740960FB6F8949EBF0FBE8DBFDF9127
:10176000CF910D94B6AECF92DF92EF92FF9280E6CA
:101770009FE00F94AABB6B017C010E9428548EE36A
:101780008F9380E88F931F921F9282E69BE49F9332
:101790008F938DE38F9385EF8F9382EC8F9380E906
:1017A0008F938EE69BE49F938F938DE098E39F93B6
:1017B0008F938AE79BE49F938F9386E39AE59F93A9
:1017C0008F930E94D55360E08FE00E94FC538DB749
:1017D0009EB742960FB6F8949EBF0FBE8DBF20E015
:1017E00030E048EC52E4C701B6010F94BFBD87FF5B
:1017F0002EC020E030E044E353E4C701B6010F946B
:101800006FB62BED3FE049E450E40F94C9BD9F93C0
:101810008F937F936F938FE29AE59F938F930E94AC
:10182000D5530F900F900F900F900F900F900E9434
:101830004657882389F020E041E070E060E087EFC0
:1018400092E0FF90EF90DF90CF900D9486AB8AE00E
:101850009BE20E94E753EBCFFF90EF90DF90CF9099
:1018600008952F923F924F925F926F927F929F9234
:10187000AF92BF92CF92DF92EF92FF920F931F939E
:10188000CF93DF9370915D0E711104C070915E0E65
:10189000772399F0DF91CF911F910F91FF90EF90F7
:1018A000DF90CF90BF90AF909F907F906F905F90B0
:1018B0004F903F902F900D941FAE7091AA0371111D
:1018C00009C070918E0210928E027093AB0371E08A
:1018D0007093AA0319016A01C62FD92F982E8091FF
:1018E000710690917206892B09F471C00E94F44B25
:1018F00080915B0E8F5F803109F480E090915C0EE7
:10190000981709F464C084E0C89F80011124F8018D
:10191000E85BF84F5F016091710670917206072EC7
:10192000000C880B990B0F9430B6F50120813181A2
:10193000428153810F94CABC2B013C01B601DD0CDE
:10194000880B990B0F9430B66B017C01AC019B01A5
:10195000C301B2010F94BFBDF50187FD7DC0408278
:10196000518262827382B101330C880B990B0F9400
:1019700030B62B013C01C801885B984F7C01A30164
:101980009201FC0160817181828193810F9453BF28
:1019900018162CF4F70140825182628273821092F1
:1019A0007206109271066CE477E088E497E00E947A
:1019B000C74FF801E450FD4F6081718182819381AE
:1019C0000E94F84B0F940E9781E080938F028091D4
:1019D0008F02882311F161E080E00E94FC5384E0D3
:1019E000C89FF0011124E85BF84F83818F938281B7
:1019F0008F9381818F9380818F93DF939F928DE06E
:101A00009EE59F938F930E94D553EDB7FEB738960E
:101A10000FB6F894FEBF0FBEEDBF8091D7038111C2
:101A200004C08091A903882321F08091AB038093A7
:101A30008E02DF91CF911F910F91FF90EF90DF9079
:101A4000CF90BF90AF909F907F906F905F904F909E
:101A50003F902F900D94B6AEC082D182E282F38285
:101A600082CF2FEF30E050E040E060E081E39EE580
:101A70000D94310C24ED30E04CEF5FEF61E084E336
:101A80009EE50D94310C22ED30E050E040E062E044
:101A900087E39EE50D94310C80916306811103C0AC
:101AA00082E00D9403AE81E0FCCF5F934F937F9370
:101AB0006F93282F082E000C330B3F938F9387E1F1
:101AC00099E59F938F930E94D5532DB73EB7285F1A
:101AD0003F4F0FB6F8943EBF0FBE2DBF99E0981B45
:101AE000892F0C94F253CF93DF930E942854C09116
:101AF000730ED091740E6091660E7091670E809196
:101B0000680E9091690E0F943BBEAE0182E80F946F
:101B1000550D60E08AE00E94FC53C091710ED09197
:101B2000720E209781F06091F6047091F704809115
:101B3000F8049091F9040F943BBEAE0180E8DF9168
:101B4000CF910D94550D8AE0DF91CF910C94F25313
:101B50001092DC030F94730D4FE05AE461E080E0D3
:101B60000E94105462E080E00E94FC538091A80320
:101B7000833071F138F4813050F08EEF99E40E9497
:101B8000E75305C0853021F1C0F38830B1F30E94DE
:101B90004657811109C08091A8038150823028F5F1
:101BA00080919217882309F180916306811113C0F7
:101BB00083E00F9403AE8091A803823071F08330EC
:101BC00081F0813091F461E08CEC99E50C940A711C
:101BD0008BEE99E4D4CF82E0ECCF81E08093A80330
:101BE000F2CF61E082E794E2F1CF0895CF92DF92E5
:101BF000EF92FF920F931F93CF93DF931092DC032A
:101C000060915C0670915D06072E000C880B990BA5
:101C10000F9430B620E030EC4FE756E40F94C9BD86
:101C200020E030E040EA50E40F946FB627ED30E357
:101C300044E45EE30F94C9BDEB01182F092F6091B6
:101C40005A0670915B06072E000C880B990B0F94B7
:101C500030B620E030EC4FE756E40F94C9BD20E0E9
:101C600030E040EA50E40F946FB627ED30E344E4EF
:101C70005EE30F94C9BDF62EE72ED82EC92E0E9422
:101C80002854CF92DF92EF92FF920F931F93DF932E
:101C9000CF9382EF9BE59F938F930E94D5530F9430
:101CA000BF58BC0190E080E00F942EB620E030ECED
:101CB0004FE756E40F94C9BD20E030E040EA50E41D
:101CC0000F946FB69F938F937F936F938EED9BE5E9
:101CD0009F938F930E94D5538DB79EB740960FB6B2
:101CE000F8949EBF0FBE8DBFDF91CF911F910F91D2
:101CF000FF90EF90DF90CF900D94B6AEEF92FF92F1
:101D00000F931F93CF93DF938091AA03882329F029
:101D100090918F02923009F078C181E08093AA03FC
:101D20008091E5168093AB03882321F08CEA93E041
:101D30000F945F620F945CAB10921A0586E5E82E53
:101D40008CE5F82EC5E2DCE500EB13E080911A0586
:101D5000843008F07FC110921D058CEA9BE20F943D
:101D600022AE8FEC9CE50F9422AE82EC9CE50F94A2
:101D700022AE84EB9CE50F9422AE84EA9CE50F949E
:101D800022AE80EC99E50F9422AE8EEA99E50F948D
:101D900022AE8DE999E50F9422AE8DE098E30F9481
:101DA00022AE88E99CE50F9422AE8EE89CE50F9464
:101DB00022AE8FE79CE50F9422AE8DE098E30F945E
:101DC00022AE85EE99E40F9422AE84E79CE50F9451
:101DD00022AE8DE098E30F9422AE84E69CE50F944A
:101DE00022AE0F94C7580F9422AE8DE098E30F9463
:101DF00022AE80919E13813009F027C187ED99E4CE
:101E00000F9422AE8FE59CE50F9422AE80911D05C4
:101E10008150990B20911C052817190649F58091CE
:101E20008F02882329F160911A0586E00E94FC53F5
:101E300080919E13813009F003C180917E139091AF
:101E40007F1320918013882309F4FAC01F922F93E7
:101E50001F929F931F928F93FF92EF920E94D553F0
:101E60008DB79EB708960FB6F8949EBF0FBE8DBF74
:101E70008091AB03882309F440C08DE098E30F9470
:101E800022AE85E39CE50F9422AE83E39CE50F949C
:101E900022AE80911D058150990B20911C052817B9
:101EA000190659F580918F02882339F160911A053E
:101EB00082E00E94FC538091AF031F928F93809128
:101EC000AE031F928F938091AD031F928F938091E9
:101ED000AC031F928F93DF93CF931F930F930F94B5
:101EE000B9BA80EB93E00E94EF568DB79EB70C967F
:101EF0000FB6F8949EBF0FBE8DBF80915E06909185
:101F00005F06A0916006B0916106892B8A2B8B2B0E
:101F100009F440C08DE098E30F9422AE8EEB99E473
:101F20000F9422AE81E39CE50F9422AE80911D05B3
:101F30008150990B20911C052817190659F580919D
:101F40008F02882339F160911A0582E00E94FC53C8
:101F5000809161061F928F93809160061F928F93EC
:101F600080915F061F928F9380915E061F928F93E0
:101F7000DF93CF931F930F930F94B9BA80EB93E045
:101F80000E94EF568DB79EB70C960FB6F8949EBF81
:101F90000FBE8DBF8DE098E30F9422AE63E371E036
:101FA0008DEA99E40F94D5AD63E871E08FE999E487
:101FB0000F94D5AD63EA71E083E999E40F94D5AD50
:101FC00067EC72E087E899E40F94D5AD6DE471E0B9
:101FD0008AE799E40F94D5AD6BEF71E081E799E45E
:101FE0000F94D5AD6DE172E081E999E50F94FFAAF8
:101FF0000F9430AB80911A058F5F80931A05809102
:102000001C058F5F80931C05A1CE9091AB03992393
:1020100009F490CE4091AC035091AD036091AE03B2
:102020007091AF03452B462B472B09F083CE8F5F72
:10203000803119F08093AA037DCE1092AA037ACE44
:102040008FEC99E40E94E75313CF87E49CE50F944B
:1020500022AE0ECFDF91CF911F910F91FF90EF90A5
:1020600008958091AA03811117C00E942F5482E025
:1020700099E40E94E7538AE30E94EB5361E08AE00F
:102080000E94FC5388EA9CE00F94AABB4AE00E949D
:10209000185681E08093AA030D94B6AE0E94705545
:1020A00010923C0520E041E070E060E087E791E0BD
:1020B0000F9486AB1092F8031092A803089561E084
:1020C00081ED9EE50E940A710D944E1061E08BEC4B
:1020D0009EE50E940A710D944E1061E087EC9EE52A
:1020E0000E940A710D944E1061E083EC9EE50E94FF
:1020F0000A710D944E100E942F5443EE5BE460E091
:1021000080E00E94105480914B0290914C022091EB
:10211000710630917206820F931F823321E092077D
:1021200050F181E391E090934C0280934B02109226
:1021300072061092710662E081E00E94FC53809169
:102140004C028F9380914B028F938BE49EE59F937B
:102150008F930E94D5530E9446570F900F900F9077
:102160000F90882371F083E080936A0E0F944E10D5
:1021700082E00C94C3538A309105A8F68AE090E07F
:10218000D2CF08950F931F93CF93DF93EC01CB0130
:10219000BA014A81413029F088F0423009F14330D8
:1021A000D1F48B81811125C082E08A8363E08EE6C1
:1021B00097E50E94C5E985E08B830DC0A9019801D0
:1021C0000F9453BF18163CF463E0888199810E94F4
:1021D000C5E981E08A83DF91CF911F910F91089526
:1021E0008B81811106C08881998123E02A8363E075
:1021F000E0CF8150E1CFCF93DF93909119059111FA
:1022000021C0C62FD82F882311F182E197E56623DC
:1022100011F080E297E563E00E94C5E989E599E65F
:102220000E94575B8FEE96E5C11102C08DEC96E5DA
:102230000E947E5D80E00F94A9B38AE5D1118BE501
:102240000F94A9B380E0DF91CF910C94AF5D89EA40
:1022500096E5662311F089EB96E563E00E94C5E9F7
:1022600089E599E60E94575B80E996E5C111E0CFC8
:1022700088E796E5DDCF82E00E9457739FB7F89418
:10228000E2E0F1E08081846080839FBF2FEF89E6E8
:1022900098E1215080409040E1F700C000009FB7D6
:1022A000F89480818B7F80839FBF0895809138024E
:1022B0006FEA73E6882311F063EB73E622E04DE3E7
:1022C00051E081ED94E50D94EBACEF92FF920F930A
:1022D0001F9388ECE82EF12C07E211E030E020E0BB
:1022E00040E163E77EE082EE94E50F94ACAB92E3CD
:1022F000E92EF12C08E710E030E020E040E161E752
:102300007EE08DEC94E50F94ACAB2FE7E22EF12C40
:102310000FEF10E030E020E048E067EE73E083EC80
:1023200094E50F94ACAB1F910F91FF90EF9008953F
:1023300086ED9EE00F94A2BB6FEA73E6813011F444
:1023400063EB73E622E045E252E08DE89AE50F94F4
:10235000EBAC8EEC9EE00F94A2BB22E045E851E08E
:1023600063EB73E6813011F06FEA73E68CEB94E572
:102370000F94EBAC89EA9DE00F94A2BB68EE7DE27E
:10238000882311F065ED7DE222E049E551E083EB21
:1023900094E50D94EBACCF92DF92EF92FF920F9306
:1023A0001F93CF93DF93D82F6B017A01C22F40E2A6
:1023B000811101C04EE363E080E00E941C54C6011D
:1023C0000E94E75340E2D13009F44EE363E08C2FE2
:1023D0000E941C54C7010E94E7530115110519F111
:1023E000C8010F9460B9D82EC7010F9460B9CE5FB1
:1023F00093E19D198C0F891708F4892F833108F018
:1024000082E140E2D23009F44EE363E00E941C54C2
:10241000C801DF91CF911F910F91FF90EF90DF9056
:10242000CF900C94E753DF91CF911F910F91FF90C4
:10243000EF90DF90CF9008950F930AE030E020E016
:102440000F94FB680F91089540E0682F8CE79EE49D
:102450000F941C12811102C00D9466100895CF9341
:10246000DF93EC0180E00E9409550E942F54CE01B9
:10247000DF91CF910D94DB0ACF92DF92EF92FF9222
:1024800080E090E0A8ECB2E480935007909351076D
:10249000A0935207B093530765E575E585E591E490
:1024A0000F940E9780ED97E00E9444768BEB9DE4AD
:1024B0000F942F126091730E7091740E072E000C02
:1024C000880B990B0F9430B69B01AC016091660E9E
:1024D0007091670E8091680E9091690E0F94C9BC3F
:1024E0009F7720E030E040EA50E40F9453BF181685
:1024F000A4F58BEB9DE40F942F1264E080E00E9422
:10250000FC536091730E7091740E072E000C880BB3
:10251000990B0F9430B620E030E040E05FE30F9479
:10252000CABC0F943BBE6B0120E030E040E05FE3AB
:102530006091660E7091670E8091680E9091690EA1
:102540000F94CABC0F943BBEA60182E80F94550DB0
:1025500088EE93E00E944476ADCFFF90EF90DF903D
:10256000CF900895CF92DF92EF92FF920F931F9337
:10257000CF93DF93D82EC92E01E080919002811174
:1025800001C000E0109290028D2D9C2D0F942F120F
:102590007C010E94415784E080939702E7012097D5
:1025A00029F449E863E083E10E941C5414E682E3C5
:1025B00090E00E9444760E944657882381F020973D
:1025C00081F482E08093970200939002DF91CF9193
:1025D0001F910F91FF90EF90DF90CF9008951150D1
:1025E00031F7E114F104D9F2209711F4CD2DDC2D4F
:1025F000CE010F942F12EC01D2CF80919E13813027
:1026000061F485E29EE40F94B21284E08093A80303
:1026100061E085ED9EE50C940A718BED9DE40F94CD
:10262000B21280E00E9409550E942F5441EF52E6F9
:1026300062E080E00E94105481E0E8CFAF92BF9248
:10264000CF92DF92EF92FF920F931F93CF93C82FF9
:10265000882329F061E08FE59FE00F94C6BB81E0FD
:102660000E9433738DEDE82E8EE5F82E97EDC92E7E
:10267000D12C2CE3A22EB12C0C2F10E01F92CF9363
:10268000FF92EF920F9464BA0F900F900F900F90FB
:10269000CF30A0F7F8018827EF5AFC4E8E4F0D94EB
:1026A000B2BC710181010101FD002D019702FF0003
:1026B000DB02CD024501C102F501A1012902290277
:1026C00010925F0E8FE59FE00F94A2BB823029F439
:1026D0008CEB93E50F94B2120DC040E060E089E509
:1026E00093E50F941C12811107C061E08FE59FE014
:1026F0000F94C6BBC1E0C0CF60E08FE59FE00F94B0
:10270000C6BB10E000E080E00E9433731F930F937C
:1027100087E79AE59F938F930F9464BA0F900F9079
:102720000F900F90CD3009F40AC1CE3009F4F4C0F7
:10273000C111F6C082E990E5F1C01092D20381E0A8
:102740000E9480DDC2E0882309F496CF82E00E94D7
:1027500080DDC3E0882309F48FCF84E00E9480DD10
:10276000C4E0882309F488CF88E00E9480DDC5E0BA
:10277000882309F481CF80E10E9480DDCDE08111C2
:102780007BCFC6E079CF82E193E50F94B2120E942D
:10279000B3FB8111AFCFCEE06FCF86ED92E50F9402
:1027A000B21280E00E94AECBF4CF80EB92E50F94A2
:1027B000B21284E892E50F94B21286E692E50F9485
:1027C000B21281E00E94AECB882329F360E070E072
:1027D00088ED91E40E947D5380919E13813009F42D
:1027E00089CFD092740EC092730E83E492E50F9459
:1027F0002F120F943C1260E070E0CB010E9460F950
:102800000F94FD121092740E1092730E73CF85E028
:1028100092E50F94B21285E080936A0E05E010E015
:1028200072CFD092740EC092730EB092720EA092BC
:10283000710E41E060E081EF91E50F941C12882356
:10284000F9F080919E13C7E0813009F015CFC8E000
:1028500013CF20E041E070E060E08BE792E00F945E
:1028600086AB82EB91E50F94B21207E010E04BCFFC
:102870000F943C120F94FD12CBE0FECE0F94FD128C
:10288000CAE0FACE88EC9FE40F94B21280919E13B6
:10289000813099F481E79FE40F94B21283EA9EE4B9
:1028A0000F94B21220E041E070E060E087E092E037
:1028B0000F9486AB0AE010E026CF81E49FE4ECCFD2
:1028C00088EC9FE40F94B21280919E13813021F422
:1028D00081E79FE40F94B21283EA9EE40F94B21250
:1028E00084E080936A0E0BE010E00DCF41E060E0E1
:1028F00081E691E50F941C12811105C083E391E5F7
:102900000F94B212BDCF8FEC90E5E4CE60E08FE57E
:102910009FE00F94C6BBF7CE85E190E50F94B2120D
:1029200081E00E94095582E0CF911F910F91FF90A5
:10293000EF90DF90CF90BF90AF900C94C353109264
:10294000D20384E794E60E94B5EE0F944E1085E71B
:1029500090E5E4CF8FE10E9480DD811106C08FE118
:102960000E944CCB80E00D941E1341E060E08CE5AA
:102970009DE40F941C12882391F30F944E1081E074
:102980000E94095582E00C94C353CF93C82F109234
:102990007A07179A10924507169A10924607149ACA
:1029A0001092720E1092710E682F86EA9FE00F94BB
:1029B000C6BB6C2F8FEA9FE00F94C6BBCC2379F087
:1029C0008AE89EE50E947E5D8DE09CE40F94B21241
:1029D00081E00E94095582E0CF910C94C3538FE4AB
:1029E0009EE50E947E5D84EF9BE4F0CF1F93CF9322
:1029F000DF9364E670E00F946BBCEB0110E04EE2F5
:102A000063E0812F0E941C54CE010E944476CE01C7
:102A10000E944476CE010E944476CE010E94447604
:102A2000CE010E9444761F5F143149F7DF91CF91A8
:102A30001F9108951092A8030895CF930F945CAB53
:102A400010921A0580911A05843008F0ADC01092DA
:102A50001D058FE59FE00F94A2BB81110DC00F945F
:102A600004AA81110F941A158091A8038A3089F164
:102A70008CEA9BE20F9422AE80916C0E882361F168
:102A800061E372E08CEF9DE50F94FFAA69E172E0CB
:102A90008CEE9DE50F94FFAA8FE59FE00F94A2BBFB
:102AA00081110AC08091A803893031F469EB72E08A
:102AB0008CE69AE40F94FFAA0F9430AB80911A052C
:102AC0008F5F80931A0580911C058F5F80931C0592
:102AD000B9CF80ED9DE2CECF0F948C05C82F81ED4C
:102AE0009DE5CC2311F080EE9DE563E972E00F9443
:102AF000D5AD86EB9DE5CC2311F085EC9DE569E62F
:102B000072E00F94D5AD8AE99DE5CC2311F08AEAF5
:102B10009DE567E772E00F94D5AD8EE79DE5CC2388
:102B200011F08EE89DE567ED72E00F94D5AD83E678
:102B30009DE5CC2311F082E79DE567EE72E00F94EE
:102B4000D5AD88E49DE5CC2311F087E59DE56BEAE2
:102B500072E00F94D5AD8CE29DE5CC2311F08CE3AF
:102B60009DE565ED72E00F94D5AD80E19DE5CC2348
:102B700011F080E29DE567EC71E00F94D5AD84EF34
:102B80009CE5CC2311F084E09DE563EA72E00F94AC
:102B9000D5AD89ED9CE5CC2311F088EE9CE56FE97D
:102BA00071E00F94D5AD78CFCF91089589E08093EF
:102BB000A8030D941D1581E00E94F2530F943B5120
:102BC00090918613933609F49FEF89130EC086E423
:102BD0000E94EB530F943B518F3F29F08F5C0E9472
:102BE000EB5383E008958FE3FACF8F3F89F08F5C3A
:102BF0000E94EB538EE30E94EB5380918613833641
:102C000049F08F3F39F08F5C0E94EB5384E00895C8
:102C10008FE3EECF8FE3F8CF1F920F920FB60F9294
:102C200011240BB60F922F933F934F935F936F93A3
:102C30007F938F939F93AF93BF93EF93FF932091D5
:102C4000D6008091280590912905E82FF0E0E55DF8
:102C5000FA4F20838F5F20912705821708F080E0CC
:102C6000981317C085EF9AE50F948BBAFF91EF91F7
:102C7000BF91AF919F918F917F916F915F914F9194
:102C80003F912F910F900BBE0F900FBE0F901F9092
:102C9000189580932805EACF1F920F920FB60F92D6
:102CA00011240BB60F928F939F93EF93FF939FB7CF
:102CB000F894E2E0F1E080818B7F80839FBFFF91F9
:102CC000EF919F918F910F900BBE0F900FBE0F90C1
:102CD0001F9018951F920F920FB60F9211240BB6EA
:102CE0000F928F939F93EF93FF939FB7F894E2E037
:102CF000F1E08081846080839FBFFF91EF919F917D
:102D00008F910F900BBE0F900FBE0F901F901895D4
:102D10006F927F928F929F92AF92BF92DF92EF92CB
:102D2000FF920F931F93CF93DF93CDB7DEB7E0975A
:102D30000FB6F894DEBF0FBECDBFD82EAE014F5FE9
:102D40005F4F60E10E94685E50E040E060E1CE01CC
:102D500001960E949BFF85EE9AE50F948BBA9E0127
:102D60002F5F3F4F590110E000E024EDE22E2AE5ED
:102D7000F22ED5018D915D011F928F931F930F93BA
:102D8000FF92EF920F9464BA0F5F1F4F0F900F9056
:102D90000F900F900F900F900031110551F709819E
:102DA00010E05E01B2E0AB0EB11CEE24E394F12C16
:102DB000EC0EFD1EE0E1EE0EF11CE0E021E0D5019D
:102DC0003D915D01622F70E0C8010F946BBC462FEE
:102DD000431B361710F0432F461B832F90E04230E1
:102DE00008F047C02F5F080F191FAE14BF0439F752
:102DF000AE2EB12CA1E1B0E0AC0FBD1FAA0DBB1DE2
:102E00002C937E01B1E2EB0EF11CAE0CBF1C622FC5
:102E100070E0C8010F946BBCD5016C9311E01E0FDC
:102E20008AEC9AE50F948BBAFE0171963F01570127
:102E300082EB882E8AE5982E8A2D8E19811770F5DF
:102E4000C5018E199F09D5013D915D01F3012191C5
:102E50003F011F923F931F922F939F938F939F92B7
:102E60008F920F9464BA0FB6F894DEBF0FBECDBF39
:102E7000E3CF4E2F50E0A1E1B0E0AC0FBD1FA40F97
:102E8000B51FEF5F2C9321E230E02C0F3D1F420F66
:102E9000531FDA016C938C0121E0A7CFA701612FAA
:102EA000CE0141960E949BFFFE01E10FF11D80A122
:102EB000ED2DF0E0E550FB4F80831F928F9380EA69
:102EC0009AE59F938F930F9464BA0F900F900F9091
:102ED0000F906091FB048EEF9EE0DD2021F0609169
:102EE000FC048BEF9EE00F94C6BB81E0E0960FB62A
:102EF000F894DEBF0FBECDBFDF91CF911F910F9130
:102F0000FF90EF90DF90BF90AF909F908F907F9059
:102F10006F900895813049F028F0823041F083307D
:102F200041F0089581E086B9089582E0FCCF84E005
:102F3000FACF88E0F8CF8130D1F048F0823021F12B
:102F4000833079F18BE490E00197F1F708959FB712
:102F5000662341F0F89480910B01816080930B010E
:102F60009FBFF0CFF89480910B018E7FF7CF9FB772
:102F7000611105C0F89480910B018260EFCFF89445
:102F800080910B018D7FEACF9FB7662329F0F894DB
:102F900080910B018460E2CFF89480910B018B7FCC
:102FA000DDCF9FB7611105C0F89480910B0180645B
:102FB000D5CFF89480910B018F7BD0CFCF92DF9249
:102FC000EF92FF920F931F93CF93DF93182FF62E5C
:102FD000EA010CE50CBD1DBC0E94F7FF8F2D0F947C
:102FE000120080E00F94120080E00F94120080E045
:102FF0000F94120080E00F941200812F0E94DCFFDA
:103000000CBD1DBC812F0E94F7FF80E00F941200C1
:10301000082F80E00F94120090E0B0E0A0E0CC24F4
:10302000D82EE92EFA2E80E00F941200C82AFE2C2A
:10303000ED2CDC2CCC2480E00F941200C82AFE2C4E
:10304000ED2CDC2CCC2480E00F941200C82A812FB8
:103050000E94DCFFC882D982EA82FB82802FDF9146
:10306000CF911F910F91FF90EF90DF90CF90089537
:10307000EF92FF920F931F93CF93DF93C82FE62E0B
:10308000D22F132F042FF52E8CE58CBD1DBC8C2F59
:103090000E94F7FF8E2D0F9412008F2D0F941200B7
:1030A000802F0F941200812F0F9412008D2F0F94F8
:1030B00012008C2FDF91CF911F910F91FF90EF9015
:1030C0000C94DCFFCF93DF9300D01F92CDB7DEB717
:1030D00019821A821B821C82AE014F5F5F4F6AE623
:1030E0000F94DE1789819A8193700F900F900F9043
:1030F0000F90DF91CF910895FF920F931F93CF937D
:10310000DF93F82EEA01E82FF0E083E0F89E8001DB
:103110001124035A1D4FD8018C9130E0377F3F7E38
:103120003F7D3F7B40E080FB41F94370562F5F704D
:1031300050625F7B5F7781E0611101C080E080FBBE
:1031400054F9BF01660F771FFB01E558FD4F208141
:10315000922F991F9927991F81818770880F892B3A
:1031600080FB27F986958770387F382B64587D4F10
:10317000FB01808186958695869580FB37F981FBDA
:1031800040F96CEE8F2D0F943818209709F4E80160
:1031900019818A81C12F811708F4C82F181740F4AC
:1031A00081E899E60E94575B81EF98E50E947E5D79
:1031B0002C2F2F71312F3F714FE050E060E98F2DA0
:1031C000DF91CF911F910F91FF900D943818E82F48
:1031D000F0E098E0769567956115710511F09150D2
:1031E000F9CFE350FB4F908350E040E0692F0D94FE
:1031F0007C180F931F93CF93DF93C82F082F10E0F5
:10320000F801E350FB4F50E040E060810F947C18E0
:1032100020E030E0A90161E98C2F0F943818D0919B
:103220006F06C230E1F520E030E044E051E06DEEA1
:1032300082E00F94381824EF31E040E050E0D130C4
:1032400019F420E030E0A90164E982E00F94381815
:1032500024E831E040E050E0D13021F424E030E0D7
:1032600040E050E060E882E00F94381828EC34E049
:1032700046E050E060EF82E00F94381820EF3FEF17
:103280004FE050E0D13019F420E030E0A90163E9CB
:1032900082E0DF91CF911F910F910D943818F801C2
:1032A000EE5DFC4F208130E050E040E0A901332783
:1032B000222751606DEE8C2F0F94381820E030E0FB
:1032C000A901D13061F02EEA31E0C23030F024EFB4
:1032D00031E0C23011F030E020E050E040E064E93D
:1032E0008C2F0F94381820E831E040E050E0D130C6
:1032F00021F424E030E040E050E060E88C2F0F94AF
:103300003818000F111F000F111FF801EE5EFC4F5F
:10331000208131814281538160EF8C2F0F943818C6
:1033200020E030E0A90163E98C2FB3CF1F93CF9346
:10333000DF93809143061F928F9387EA98E59F93CE
:103340008F930F9464BA8091430683700F900F900F
:103350000F900F9011F00F94C66410914306112343
:1033600071F0D1E0C0E0812F8D2319F08C2F0F94E4
:10337000F918CF5FDD0FC330B1F7109243061092FA
:103380001505DF91CF911F910895DF92EF92FF9283
:103390000F931F93CF93DF9300D0CDB7DEB7D82E16
:1033A0001F928F9381E898E59F938F930F9464BA4F
:1033B0008D2D83700F900F900F900F9011F00F9440
:1033C000C66410E000E0FF24F394E02E8D2D8F21E1
:1033D00009F446C0809143068F298093430620E07C
:1033E00030E0A90160E8802F0F943818F801EE5DF5
:1033F000FC4F208130E050E040E0A9013327222734
:103400006DEE802F0F94381882E024EF31E008171A
:1034100011F02EEA31E050E040E064E98E2D0F9487
:103420003818B801660F771F600F711F6B58774A05
:1034300043E050E0CE0101960F943CB9AE014F5FDE
:103440005F4FF801E350FB4F60818E2D0F947C1885
:1034500020E831E040E050E060E88E2D0F9438180D
:10346000FF0C0F5F1F4F0330110509F0AECF0F9017
:103470000F900F90DF91CF911F910F91FF90EF90E0
:10348000DF90089589E69FE00F94A2BB91E081113F
:1034900001C090E090935C02089589E69FE00E944D
:1034A0003B5A0D94421ACF93C82FA09AA29A9FB765
:1034B000F894809108018062809308019FBF9FB7B4
:1034C000F894809108018061809308019FBF989AC9
:1034D0009A9A809107018062809307018091070189
:1034E000806180930701809107018B7F80930701A2
:1034F000809107018F7780930701809107018F7B6F
:103500008093070180910701877F809307019FB710
:10351000F894809108018460809308019FBF9FB751
:10352000F894809108018068809308019FBF9FB73D
:10353000F894809108018064809308019FBF9FB731
:10354000F894809108018860809308019FBF80E013
:103550000F94F91881E00F94F91882E00F94F9188C
:1035600050E040E06091000583E00F947C1820E07B
:1035700030E0A90161E983E00F943818C1FD1DC056
:1035800020E831E040E050E060E883E00F94381834
:103590006091010580E00F943A656091020581E039
:1035A0000F943A656091030582E00F943A6560914B
:1035B000040583E0CF910D943A6520E030E043E0CC
:1035C00050E06DEE83E00F94381820E030E0A90160
:1035D00064E983E00F94381824E030E040E050E0E4
:1035E00060E883E00F9438182BE234E542E050E0C5
:1035F00060EF83E00F94381823E931E040E050E0B9
:1036000063E983E00F94381885E598E50E947E5DB4
:10361000BFCFDF92EF92FF920F931F93CF93DF9371
:103620000F945CAB10921A0580911A05843008F053
:103630005CC010921D050F9404AA8823E9F0C1E034
:10364000D5E007EF1EE0FE0188818E3108F4188274
:1036500021966081C8010F94C6BB01501109033F38
:103660008EE0180781F70E943DDEE894D0F880FBD9
:10367000D1F88D2D0F94531A8FE59BE20F9422AE53
:10368000F12CE12C08EC10E02DE130E048E061E0A5
:1036900075E08DE794E50F94ACAB2DE130E048E0A8
:1036A00062E075E083E794E50F94ACAB2DE130E088
:1036B00048E063E075E089E694E50F94ACAB2DE15A
:1036C00030E048E064E075E08FE594E50F94ACAB42
:1036D0000F9430AB80911A058F5F80931A0580910B
:1036E0001C058F5F80931C059FCFDF91CF911F91A9
:1036F0000F91FF90EF90DF900895FC01208192815F
:10370000492F50E0211102C0440F551F8181211122
:1037100001C0880F8417150631F02CF0892F211174
:1037200002C0880F089508953FB7F89480913F062E
:1037300090914006A0914106B09142062091B200BE
:10374000B89B05C02F3F19F00196A11DB11D3FBFC9
:10375000BA2FA92F982F8827BC01CD01620F711DA8
:10376000811D911D42E0660F771F881F991F4A95A2
:10377000D1F708958F929F92AF92BF92CF92DF922E
:10378000EF92FF926B017C010F94941B4B015C0143
:10379000C114D104E104F104B9F00F94941B681929
:1037A00079098A099B09683E73408105910580F378
:1037B00021E0C21AD108E108F10888EE880E83E002
:1037C000981EA11CB11CE4CFFF90EF90DF90CF902A
:1037D000BF90AF909F908F9008950F931F93CF93BA
:1037E000DF93CDB7DEB763970FB6F894DEBF0FBE99
:1037F000CDBF8091AA0381113AC081E08093AA03D2
:103800000E94825D81EA9DE00F94A2BB182F0E9466
:10381000485A8111EAC01092AC031092AB0380E1C8
:103820000E9480DD811104C01092AC031092AB03A2
:103830006091AB037091AC03072E000C880B990BC1
:103840000F9430B620917F0630918006409181061A
:10385000509182060F94C9BD6093AD037093AE037F
:103860008093AF039093B00381E080938F028091A7
:103870007106909172060097F1F12091AB0330919F
:10388000AC03280F391F3093AC032093AB032136D0
:1038900040EF34070CF0B6C081E690EF9093AC0394
:1038A0008093AB036091AB037091AC03072E000CC7
:1038B000880B990B0F9430B620917F0630918006CB
:1038C00040918106509182060F94C9BD6093AD036B
:1038D0007093AE038093AF039093B00362E370E004
:1038E00080E090E00F94BA1B10927206109271065D
:1038F00081E080938F0280918F028823B9F181EA61
:103900009DE00F94A2BB2BE0829FC0011124BE0159
:103910006F5F7F4F875B924F0F941EAA0E942854BF
:10392000CE0101960E94EF5661E080E00E94FC53B8
:103930008091B0038F938091AF038F938091AE03FA
:103940008F938091AD038F938BE99BE49F938F932B
:103950001F9280E28F938AE39EE59F938F930E944C
:10396000D5530FB6F894DEBF0FBECDBF8091A9032B
:10397000811104C08091D703882351F181EA9DE031
:103980000F94A2BB9BE0899F800111246091AB033F
:103990007091AC03C801805B924F0F94E4BB6091BF
:1039A000710EC8018E5A924F0F94C6BB60919A0354
:1039B00070919B0380919C0390919D030F9442BE54
:1039C000C8018D5A924F0F94C6BB80E10E94A1CBD3
:1039D0000F94B6AE63960FB6F894DEBF0FBECDBFA0
:1039E000DF91CF911F910F9108952BE0129FC0019D
:1039F0001124805B924F0F94B0BB9093AC038093E3
:103A0000AB030DCF121613062CF41092AC031092D8
:103A1000AB0348CF2FB7F89440916D0650916E06D6
:103A2000840F951F90936E0680936D062FBF3ACF3B
:103A30006091660E7091670E8091680E9091690E8C
:103A40000F943BBE20916B0230916C022617370712
:103A50000CF065C08091710690917206892BB9F1C6
:103A60000E94F44B80915B0E8F5F803109F480E0FF
:103A700090915C0E981759F16091710670917206E1
:103A8000072E000C880B990B0F9430B69B01AC01EC
:103A90006091540770915507809156079091570790
:103AA0000F94CABC609354077093550780935607D0
:103AB00090935707109272061092710665E575E5AE
:103AC00085ED9FE30F940E9781E080938F028091A4
:103AD0008F02882311F161E080E00E94FC53809105
:103AE00057078F93809156078F93809155078F9337
:103AF000809154078F938CE19EE59F938F938DE087
:103B00009EE59F938F930E94D5538DB79EB70896DD
:103B10000FB6F8949EBF0FBE8DBF0D94B6AE0E9437
:103B20002F544CE35BE460E080E00E94105448E2D4
:103B30005BE462E080E00E94105460ED77E080E09A
:103B400090E00F94BA1B0E942F540D944E102FB783
:103B5000F89460913B0670913C0680913D069091EF
:103B60003E062FBF089520E030E040E85FEB60E0C4
:103B700070E0CB010E94217282E799E50E947E5D90
:103B800081E08093E40380919E03813069F482E0B8
:103B900080939E030F94A71D609352067093530663
:103BA000809354069093550682E080936A0E0D949C
:103BB0004E10FF920F931F93CF93DF93FC01F08081
:103BC000F11008C0F12C8F2DDF91CF911F910F9133
:103BD000FF9008958B01EC010F94A71D89819A81B4
:103BE000080F191F0817190740F06017710718F41C
:103BF0006817790738F71882E6CF60177107C0F7A2
:103C0000E1CFFC01208121110D94D91D81E008959F
:103C1000CF93DF93EC010F94A71D7A83698381E032
:103C20008883DF91CF9108951F93CF93DF9300D0C6
:103C3000CDB7DEB7182F19821B821A82CE010196EA
:103C40000F94081E8091BC0087FD0AC06AE070E0F6
:103C5000CE0101960F94D91D8823A1F382E009C0FB
:103C60008091B900887F181759F084E98093BC00CF
:103C700081E00F900F900F90DF91CF911F910895E9
:103C800080E0F7CF1F93CF93DF9300D01F92CDB783
:103C9000DEB768EE73E084E496E00F94011E88239B
:103CA00091F110E019821A821B821C82AE014F5FD3
:103CB0005F4F6FE6812F0F94DE1789819A81AB8168
:103CC000BC81B2FF19C08DED98E50E94575B812F32
:103CD0000E943E5B0F94A6B310E020E030E041E08C
:103CE00050E06CEE812F0F9438181F5F1430A9F745
:103CF0008DED98E50E94095E1F5F143099F684E40B
:103D000096E00F94081E0F900F900F900F90DF9188
:103D1000CF911F9108958F929F92AF92BF92CF92B1
:103D2000DF92EF92FF921F93CF93DF93FC011081FC
:103D300011110EC010E0812FDF91CF911F91FF90E4
:103D4000EF90DF90CF90BF90AF909F908F900895AD
:103D50006A017B01EC010F94A71D4B015C01898175
:103D60009A81AB81BC81C80ED91EEA1EFB1EC81603
:103D7000D906EA06FB0660F08C149D04AE04BF046D
:103D800028F488169906AA06BB06A0F61882D3CF97
:103D90008C149D04AE04BF04A0F7CCCF0F931F93E7
:103DA000CF938091E303882309F446C080914B06AA
:103DB0008F5F8E30B0F480934B0663E087E00E9403
:103DC000FC538DE00E94F253C0E080914B06C8176F
:103DD00058F44EE263E087E08C0F0E941C54CF5FE2
:103DE000F4CF10924B06E9CF8091E3038230C1F00B
:103DF00040F441ED58E48130C1F0CF911F910F9113
:103E00000895833081F04EEA58E48430B1F763E0DE
:103E100080E00E9410541092E30310924B06EDCF05
:103E200043EC58E4F4CF47EB58E463E080E0CF91F3
:103E30001F910F910C94105480917414882361F198
:103E400080917A07811128C08091D203823020F5B9
:103E500080915205811116C080918B14882309F43A
:103E600035C08BE894E120916E0E64E1820F911DC4
:103E70000E94D75681112DC080916E0E8F5F809366
:103E80006E0EBBCF40E25EE460E070E082E595E05C
:103E90000F948B1E8111E0CF80917A0781111CC095
:103EA000E0917A07EA3008F0A8CFF0E08827E45ADA
:103EB000F04E8E4F0D94B2BCE3006D02E3003F0163
:103EC0006B018702E300E3003B02E30086E794E135
:103ED000CACF10926E0E91CF80915205882301F3C4
:103EE0000F94A71D0091530510915405209155057D
:103EF00030915605601B710B820B930B603A7F402B
:103F00008105910568F679CF63E080913C050E94B8
:103F1000FC5380913C05C4E16C2F681B90E0835CEE
:103F20009A4F0E94D756C81BC0933C0566CF80911C
:103F3000F7038B30F0F063E080E00E94FC5384E1F3
:103F40000E94F25340EA58E463E080E00E9410547B
:103F500081E29BE50E94E7536091F7036A50770B7B
:103F6000072E000C880B990BCF911F910F910C9489
:103F70007D56833031F484E794E60E94B5EE1092CA
:103F80007A078091F7038450873008F036CF63E0DA
:103F900080E00E94FC5383E10E94F2534FE858E412
:103FA00063E080E00E9410548091F7038150809379
:103FB000F70323CF64E18DE395E00E94D75620916B
:103FC000490630914A06809147069091480682172B
:103FD00093070CF412CF8091F703882309F40DCFD7
:103FE00063E08AE00E94FC53809148068F938091A1
:103FF00047068F9380914A068F93809149068F934D
:1040000088E19BE59F938F930E94D5530F900F906B
:104010000F900F900F900F90F0CE63E080E00E9421
:10402000FC538091F7031F928F938CEB98E29F9340
:104030008F938AE09BE5E6CF41E858E463E080E0B7
:104040000E9410548091F703893708F0D6CE87E09C
:104050009BE50E94E7538091F7030E94735580E22D
:10406000CF911F910F910C94735542E758E4DDCE28
:10407000CF93DF93EC010F94A71D69837A838B8321
:104080009C8381E08883DF91CF910895CF92DF9266
:10409000FF920F931F93CF93DF93CDB7DEB7649753
:1040A0000FB6F894DEBF0FBECDBF8C01F62E68E5CB
:1040B00077E5CE0101960F9459B9B801CE0101966A
:1040C0000F9445B983E00E94AFE98823E1F0BE0177
:1040D0006F5F7F4F8DE395E00F9404C26C0182E522
:1040E00095E00F94382083E08093D20310927A07F2
:1040F0001092F703CD2839F060E0CE0101960E94BE
:1041000094E90F944E1089E599E60E94575B81E08F
:10411000F81649F060E070E0CB010F9432AF85E50E
:1041200097E50E94575B8EE397E50E94575BC801B5
:104130000E94575B82E397E50E947E5D64960FB60E
:10414000F894DEBF0FBECDBFDF91CF911F910F91CD
:10415000FF90DF90CF9008951F920F920FB60F92AD
:1041600011242F933F938F939F93AF93BF9380918D
:104170003B0690913C06A0913D06B0913E063091E1
:104180003A0623E0230F2D3758F50196A11DB11DE6
:1041900020933A0680933B0690933C06A0933D06FD
:1041A000B0933E0680913F0690914006A091410653
:1041B000B09142060196A11DB11D80933F069093D8
:1041C0004006A0934106B0934206BF91AF919F91E4
:1041D0008F913F912F910F900FBE0F901F901895C8
:1041E00026E8230F0296A11DB11DD2CF2F923F9238
:1041F0004F925F926F927F928F929F92AF92BF92F7
:10420000CF92DF92EF92FF920F931F93CF93DF93A2
:1042100000D000D01F92CDB7DEB79C838B830D8377
:1042200026013701FB012083318342835383209190
:10423000CA123091CB124091CC125091CD1261E74D
:104240007DE38AE89EE30F94C9BD609321137093C8
:104250002213809323139093241321E73DE34AE82C
:104260005EE3609118137091191380911A13909165
:104270001B130F946FB660932513709326138093CE
:1042800027139093281321E73DE34AE85EE360910A
:104290001C1370911D1380911E1390911F130F9486
:1042A0006FB66093291370932A1380932B13909306
:1042B0002C138091D2129091D3126EE071E00F9482
:1042C0006BBC6093B412E4E9F2E180E090E0A0EC12
:1042D000BFE781939193A193B19322E1E43BF2076D
:1042E000C1F71092B5121092B6121092B712109236
:1042F000B8121092B9128093BA129093BB12A09385
:10430000BC12B093BD12809120138E7F8093201336
:104310008BE797E09F838E83E1E0F0E0FA83E98307
:10432000312C212C812C912C540129813A818B81B3
:104330009C8128173907C8F5EE81FF8125813681D8
:1043400047815085830172016D8181850E9422C061
:10435000C090B612D090B712E090B812F090B91297
:10436000A7019601C701B6010F94D8C0811111C0F1
:10437000A7019601C701B6010F946FB69B01AC016E
:10438000C501B4010F94CABC4B015C01FFEF2F1AA9
:104390003F0A29813A812F5F3F4F3A8329838E81DB
:1043A0009F8105969F838E83C0CF60E070E080EC94
:1043B0009FE72114310459F0B10190E080E00F949F
:1043C0002EB69B01AC01C501B4010F94C9BD27965F
:1043D0000FB6F894DEBF0FBECDBFDF91CF911F9116
:1043E0000F91FF90EF90DF90CF90BF90AF909F9094
:1043F0008F907F906F905F904F903F902F90089597
:10440000CF93C82F0E943F58C093E703C093AB04DB
:10441000CF910895CF92DF92EF92FF920F931F9367
:10442000CF93DF9381E899E60E94575B8DEF97E584
:104430000E947E5DC4EDD2E110E000E081E8E82E4C
:1044400089E6F82E99EEC92E97E5D92E88819981B3
:104450002A813B8124963F932F939F938F931F93A1
:104460000F93FF92EF92DF92CF920F9464BA0F5F97
:104470001F4F8DB79EB70A960FB6F8949EBF0FBE1A
:104480008DBF0031110511F7809117138F93809123
:1044900016138F93809115138F93809114138F931C
:1044A00080911B138F9380911A138F93809119130E
:1044B0008F93809118138F9380911F138F93809106
:1044C0001E138F9380911D138F9380911C138F93D4
:1044D00080913D021F928F93809125051F928F93AB
:1044E0008091D3128F938091D2128F938091D112A9
:1044F0008F938091D0128F938091CF128F93809160
:10450000CE128F938091CD128F938091CC128F9386
:104510008091CB128F938091CA128F938091C91290
:104520008F938091C8128F938091C7128F9380913F
:10453000C6128F938091C5128F938091C4128F936E
:104540008091C3128F938091C2128F938091C11278
:104550008F938091C0128F938091BF128F9380911F
:10456000BE128F93FF92EF9283EA97E59F938F930A
:104570000F9464BA8DB79EB78A960FB6F8949EBF13
:104580000FBE8DBFDF91CF911F910F91FF90EF90E4
:10459000DF90CF90089589579F4F6EE071E00F94A0
:1045A0006BBC6115710599F06930710510F068E018
:1045B00070E02EE031E0629FC001639F900D729F1A
:1045C000900D11249093D3128093D212089561E03C
:1045D00070E0EFCFCF93DF9320E030E0A90160914E
:1045E000BE127091BF128091C0129091C1120F94AF
:1045F00053BF18160CF054C06091C2127091C312D0
:104600008091C4129091C5129B01AC010F94D8C047
:10461000811146C06091C6127091C7128091C81274
:104620009091C9129B01AC010F94D8C0811138C080
:1046300020E030E0A9016091CA127091CB12809104
:10464000CC129091CD120F9453BF18164CF5609177
:10465000CE127091CF128091D0129091D1129B0105
:10466000AC010F94D8C081111BC08091D2129091DF
:10467000D312892BA9F0C4EDD2E169917991899186
:10468000999120E030E0A9010F9453BF87FD08C045
:1046900083E1C431D80789F781E0DF91CF91089594
:1046A00080E0FBCF0F94EA22811102C01092250511
:1046B00081E080932013809139068D7F80933906A5
:1046C0000895CF931092740E1092730E1092720E82
:1046D0001092710ECFB7F8940F94DB020F9418006C
:1046E000759810927006CFBFCF9108950F946123F3
:1046F0001092E7030D944E101F93CF93DF93C82FB2
:10470000162FD42F8091230580FD18C080915F0E55
:10471000811114C08091710E8093B205E62FF0E0F4
:10472000EE0FFF1FED58F14F808191819093B105FD
:104730008093B0058091E7038093AF050F946123C8
:104740008091C40482608093C4040E943F5883E037
:104750000E944D59809101018860809301018FEF83
:104760008093AB048093E7038091230580FF07C00B
:1047700080912305829586958770D817C0F4C37001
:10478000CC0FCC0F80912305837F8C2B8093230546
:104790008091230510FB84F980932305D295DD0FCA
:1047A000D07E409123054F714D2B4093230580917E
:1047B0002305816080932305809123058260809387
:1047C0002305DF91CF911F91089520910906309123
:1047D0000A068091520290915302281739072CF053
:1047E00041E060E081E00D947C23089520910B0668
:1047F00030910C0680915402909155022817390788
:104800002CF041E060E080E00D947C2308952F922D
:104810003F924F925F926F927F928F929F92AF9250
:10482000BF92CF92DF92EF92FF920F931F93CF939D
:10483000DF93CDB7DEB72C970FB6F894DEBF0FBE6F
:10484000CDBF282E49835A836B837C83280139018D
:104850003A2C0F94A71D022D10E09801220F331F50
:10486000220F331F3C872B87F901E353FA4F8080D7
:104870009180A280B380681979098A099B09613DFA
:1048800077408105910508F4EAC0332009F475C02A
:1048900088E691E09A87898780E090E0A0EAB0E41A
:1048A0008D839E83AF83B8870F94A71DEB85FC850E
:1048B000E353FA4F608371838283938320E030E077
:1048C000A901C701B6010F94BFBD811107C0F8014E
:1048D000EE0FFF1FE753FA4F11821082AB85BC85A4
:1048E000AF53BA4F5D0129813A814B815C816D9153
:1048F0007D918D919C910F94BFBD882309F491C047
:1049000020E030E0A90169817A818B819C810F943C
:1049100053BFF801E154FA4F1816C4F581E08083C3
:1049200089819A81AB81BC81F50180839183A283C7
:10493000B383EB85FC85E954FA4F40825182628251
:104940007382F801EB54FA4F1082A3019201BC016B
:10495000CD010F9453BF18161CF5F801EB54FA4F14
:1049600080818F5F80833110C7C08930C8F0812C6F
:10497000912CA12C50E4B52EE8C0ADE2B0E0BA878E
:10498000A98780E090E0A0E7B1E48ACF1082898116
:104990009A81AB81BC81F50180839183A283B3832B
:1049A0002D813E814F81588569817A818B819C81DF
:1049B0000F94C9BCA30192010F94BFBD87FF46C0ED
:1049C000F801E154FA4F8081813049F482E080831C
:1049D000F801EE0FFF1FE753FA4F1182108220E01B
:1049E00030E0A901C701B6010F9453BF1816BCF5FA
:1049F00029813A814B815C816D817E818F8198858F
:104A00000F94CABCA30192010F9453BF18160CF067
:104A10003FC0000F111FF801E753FA4F11821082B7
:104A20001EC0A301920169817A818B819C810F94C0
:104A300053BF18160CF0B4CFF801E154FA4F80813F
:104A4000813009F0ADCF89CF108297C020E030E0EF
:104A5000A901C701B6010F9453BF1816CCF02C96CC
:104A60000FB6F894DEBF0FBECDBFDF91CF911F917F
:104A70000F91FF90EF90DF90CF90BF90AF909F90FD
:104A80008F907F906F905F904F903F902F90089500
:104A9000F801E154FA4F8081823008F3000F111FB2
:104AA000F801E753FA4F80819181019691838083C9
:104AB000880F991FE985FA85E817F90780F643E022
:104AC000622D832D2C960FB6F894DEBF0FBECDBF9E
:104AD000DF91CF911F910F91FF90EF90DF90CF90DA
:104AE000BF90AF909F908F907F906F905F904F900E
:104AF0003F902F900D947C23813108F451CF20E01A
:104B000030E044EB52E4C301B2010F9453BF812C57
:104B1000912CE0E4AE2EBA2C18162CF4812C912C9A
:104B2000A12C70E4B72E20E030E042ED52E4C30146
:104B3000B2010F9453BF181644F46AE9862E69E94E
:104B4000962E69E1A62E6FE3B62EEB85FC85E9541F
:104B5000FA4F2081318142815381C301B2010F9408
:104B6000C9BCA50194010F94BFBDF801ED54FA4FE3
:104B700087FF6ACF80818F5F8083808190E03110D2
:104B800004C006974CF080E003C004972CF081E04D
:104B900042E0622D0F947C232B853C8529543A4FAB
:104BA000D9014D925D926D927C921397F801EB546E
:104BB000FA4F1082F5CEFC019FB7F89480818823CC
:104BC00029F0809173008260809373009FBF0895E5
:104BD000DC012FB7F894E3E7F0E0908196959170AF
:104BE0009C9380818D7F80832FBF0895CF93DF9327
:104BF0001F92CDB7DEB7CE0101960F94E82580E075
:104C000090E0A0E7B2E48093BE129093BF12A0930D
:104C1000C012B093C11284E390E8A7EBBAEB809383
:104C2000C2129093C312A093C412B093C51286E629
:104C300096E6A6E8BFE38093C6129093C712A093AE
:104C4000C812B093C9128AE999E9A1E1B1E480934D
:104C5000CA129093CB12A093CC12B093CD128AE9D2
:104C600099E9A9E1BEE38093CE129093CF12A0936D
:104C7000D012B093D1128EE091E09093D312809332
:104C8000D21285E198E5A4EDB2E1FC014591559180
:104C9000659174914D935D936D937D93049623E19B
:104CA000A431B20791F780E090E0A0EEB0EC8093E1
:104CB000141390931513A0931613B09317138AE946
:104CC00099E9A9E5BFE38093181390931913A09372
:104CD0001A13B0931B1384EA90E7ADE9BFE3809306
:104CE0001C1390931D13A0931E13B0931F1381E008
:104CF00080933D028093250580932013809139068F
:104D00008D7F80933906CE0101960F94DB250F909D
:104D1000DF91CF9108951F93CF93DF931F92CDB76B
:104D2000DEB7182FCE0101960F94E82510932505C4
:104D30000F945223CE0101960F94DB25112341F0ED
:104D400080912505811104C08DE797E50E947E5D65
:104D50000F90DF91CF911F9108951F93CF93DF9311
:104D60001F92CDB7DEB7182FCE0101960F94E8251C
:104D70001093250581E080932013E9E3F6E080811C
:104D80008D7F8083CE0101960F94DB250F90DF91FC
:104D9000CF911F910895CF93DF931F92CDB7DEB7C8
:104DA000CE0101960F94E82580911F059091200572
:104DB000A0912105B09122058093660E9093670E15
:104DC000A093680EB093690E8091190690911A060F
:104DD000A0911B06B0911C068093F6049093F704F3
:104DE000A093F804B093F90480910306909104060F
:104DF000A0910506B091060680939A0390939B03B9
:104E0000A0939C03B0939D0380912006909121066E
:104E1000A0912206B09123068093560690935706E0
:104E2000A0935806B093590680912305811102C0C2
:104E30000F94DB0210920206CE0101960F94DB253F
:104E40000F90DF91CF9108951F920F920FB60F929E
:104E500011240BB60F92FF920F931F932F933F9342
:104E60004F935F936F937F938F939F93AF93BF9372
:104E7000CF93DF93EF93FF93809170008B7F8093AC
:104E8000700078948091000186FDC8C068EC70E0E5
:104E900083EE95E00F94011E8823B9F083EE95E030
:104EA0000F94081E8EED95E00F9438208091DD055B
:104EB0008111A5C08091DC058111A1C089ED95E02B
:104EC0000F94081E81E08093DD058091030182FB31
:104ED000882780F991E089279091030191FF8260F2
:104EE000E091D605E817E1F024E0E29FF0011124FB
:104EF000E82BE25AF84AE4919091D505E90FE09346
:104F0000D5050E2E000CFF0BF7FF03C0F195E195C0
:104F1000F10934971CF091E09093D7058093D60562
:104F200080917A02811108C080911E058093E80566
:104F3000882309F487C0759A80917A028F70A9F44A
:104F40008091AB0490E024E0959587952A95E1F750
:104F50008093AA04892B09F477C09FB7F8948091B5
:104F600002018860809302019FBF9091E8058091C3
:104F70007A02981708F4759880917A028F70909150
:104F8000AA04981740F49FB7F89480910201877F94
:104F9000809302019FBF80917A028F5F8F77809309
:104FA0007A0210E000E0E801CC0FDD1FC759D94FAD
:104FB00088819981181619060CF04CC0FFB6F89438
:104FC00061E0802F0F94EC02888199810197998389
:104FD0008883FFBE0F5F1F4F0330110521F78091BB
:104FE000421890914318A0914418B0914518823A04
:104FF000924AA105B105D9F181E00E94894C68EE81
:1050000073E089ED95E00F94D91D882309F45DCFF5
:1050100081E08093DC058093D80557CF8091DD0532
:10502000882309F452CF1092DD058091DC058111AF
:1050300003C081E08093A90381E08093D70510929B
:10504000DC0543CF759878CF9FB7F8948091020123
:10505000877F88CF892B09F4BDCFFFB6F89460E035
:10506000802F0F94EC02888199810196B0CF9CB17A
:105070008091E60596FB992790F9981791F0909109
:105080003B05992351F02091C0043091C1042F5F5A
:105090003F4F3093C1042093C00491E0892780934F
:1050A000E605F89480917000846080937000FF9111
:1050B000EF91DF91CF91BF91AF919F918F917F91B0
:1050C0006F915F914F913F912F911F910F91FF90A1
:1050D0000F900BBE0F900FBE0F901F9018954F9220
:1050E0005F926F927F92AF92BF92CF92DF92EF92D8
:1050F000FF920F931F93CF93DF9324E030E041E0C2
:1051000050E0D901A051BA4AFD016591749186170A
:1051100097070CF066C041505109440F551F440FCA
:10512000551FEA01CE50DA4AFE0105911491405113
:105130005A4AFA0165917491F901EE50FA4AE590E4
:10514000F490FE01C590D490FD01C591D491FA016F
:10515000A590B490861B970BBC01990F880B990BF7
:105160000F9430B62B013C01B7016C197D09072E55
:10517000000C880B990B0F9430B69B01AC01C30156
:10518000B2010F946FB66B017C01BE016A197B09F5
:10519000072E000C880B990B0F9430B69B01AC01C5
:1051A000C701B6010F94C9BD6B017C01B801110F95
:1051B000880B990B0F9430B69B01AC01C701B60167
:1051C0000F94CABCDF91CF911F910F91FF90EF9088
:1051D000DF90CF90BF90AF907F906F905F904F9097
:1051E00008954F5F5F4F2C5F3F4F2838310509F01E
:1051F00088CFE6E7F6E565917491072E000C880BE1
:10520000990B0F9430B6DECF4F925F926F927F92E0
:10521000AF92BF92CF92DF92EF92FF920F931F93C4
:10522000CF93DF9324E030E041E050E0D901A45077
:10523000BB4AFD0165917491861797070CF080C0F9
:1052400041505109440F551F440F551F8A01025008
:105250001B4AF801C590D49044505B4AFA0165910D
:105260007491F901E250FB4AC591D491F80105917E
:105270001491FD01E590F490FA01A590B490861B7D
:10528000970BBC01990F880B990B0F9430B62B012B
:105290003C01BE01601B710B072E000C880B990BA3
:1052A0000F9430B69B01AC01C301B2010F946FB6ED
:1052B0002B013C01B7016A197B09072E000C880BF2
:1052C000990B0F9430B69B01AC01C301B2010F944E
:1052D000C9BD2B013C01B601DD0C880B990B0F9465
:1052E00030B69B01AC01C301B2010F94CABC6B0183
:1052F0007C0120E030E040E252E4C701B6010F94A7
:1053000053BF87FD30C020E030E048E452E4C701DD
:10531000B6010F94BFBD181634F120E030E040E232
:1053200052E4C701B6010F94C9BC20E030E040E070
:105330005FE30F946FB69B01AC01C701B60143C098
:105340004F5F5F4F2C5F3F4F243F310509F06ECF19
:10535000EEEEF5E565917491072E000C880B990B24
:105360000F9430B6C4CF20E030E048E452E4C701E7
:10537000B6010F9453BF1816DCF520E030E048EC7E
:1053800052E4C701B6010F94BFBD18168CF120E09E
:1053900030E040EA50E4C701B6010F94CABC2B01CB
:1053A0003C0120E030E048E452E4C701B6010F942C
:1053B000C9BC2DEC3CEC4CEC5DE30F946FB69B014B
:1053C000AC01C301B2010F94CABC6B017C01C701DF
:1053D000B601DF91CF911F910F91FF90EF90DF9079
:1053E000CF90BF90AF907F906F905F904F90089557
:1053F00020E030E048EC52E4C701B6010F9453BFFF
:1054000018162CF720E030E040E251E496CF4F929E
:105410005F926F927F92AF92CF92DF92EF92FF9264
:105420000F931F93CF93DF9380910B0690910C06FF
:105430000E94FEBE60931F05709320058093210596
:10544000909322056090090670900A06C3010F949C
:1054500004296B017C01C0921906D0921A06E092D1
:105460001B06F0921C0680910706909108060F9487
:1054700004296093030670930406809305069093B5
:105480000606C0911506D0911606CE010F946F281E
:105490006093200670932106809322069093230642
:1054A00081E080930206809123058D7F8093230500
:1054B00020910B0630910C068091A6049091A704D0
:1054C000821793072CF040E060E080E00F947C238B
:1054D0008091A4049091A504861597052CF040E0D6
:1054E00060E081E00F947C238091A2049091A3045A
:1054F0008C179D072CF040E060E082E00F947C2345
:105500008091500290915102C817D9072CF041E0C8
:1055100060E082E00F947C23C13ADE430CF4CDC1FD
:105520006091A8047091A90480911E0690911F06B5
:10553000681779070CF055C0C0911406C11118C046
:105540006B5F7F4F072E000C880B990B0F9430B6C2
:105550009B01AC01C1E060911F0570912005809115
:105560002105909122050F9453BF18160CF0C0E04E
:10557000C093140668E97AE381E196E00F94011E76
:10558000811102C0CC2329F081E0809314060F948E
:10559000F62380911706909118060B974CF1C09155
:1055A0001006C1110CC0C1E020E030E040E751E43A
:1055B000C701B6010F9453BF18160CF0C0E0C0939A
:1055C000100660E573EC8DE096E00F94011E8111EA
:1055D00002C0CC2399F081E0809310060F94E5235C
:1055E0000DC081E196E00F94081E10921406D1CFF1
:1055F0008DE096E00F94081E1092100660911E0533
:1056000070E090E080E00F942EB66B017C0140903A
:105610001F05509020056090210570902205609133
:105620001E0670911F06072E000C880B990B0F9415
:1056300030B6AB01BC01A12C9301820181E00F9433
:10564000072460911D0670E090E080E00F942EB674
:105650006B017C014090190650901A0660901B0661
:1056600070901C066091170670911806072E000CAA
:10567000880B990B0F9430B6AB01BC01AA24A394FC
:105680009301820180E00F940724809125058823EF
:1056900009F4BCC0C0911E05D091AA0440901F051A
:1056A000509020056090210570902205C090200642
:1056B000D0902106E0902206F090230680912013DE
:1056C00080FF72C02091CA123091CB124091CC124F
:1056D0005091CD1261E77DE38AE89EE30F94C9BD46
:1056E00060932113709322138093231390932413B8
:1056F00021E73DE34AE85EE36091181370911913C6
:1057000080911A1390911B130F946FB66093251319
:1057100070932613809327139093281321E73DE37A
:105720004AE85EE360911C1370911D1380911E1373
:1057300090911F130F946FB66093291370932A13DF
:1057400080932B1390932C138091D2129091D312AB
:105750006EE071E00F946BBC6093B412E4E9F2E187
:1057600084EB92E140E050E060EC7FE7419351939D
:10577000619371938E179F07C9F71092B51210921B
:10578000B6121092B7121092B8121092B91240933A
:10579000BA125093BB126093BC127093BD128091E9
:1057A00020138E7F8093201387017601A30192013D
:1057B0006D2F8C2F0E9422C08091201381FF05C085
:1057C00044E060E080E00F947C239091201380916E
:1057D000390692FB81F9809339068091390681FF61
:1057E00015C0809139068160809339068091B61288
:1057F0009091B712A091B812B091B912809335066A
:1058000090933606A0933706B093380680913406FD
:10581000882309F43FC00F94A71DC0902406D090A0
:105820002506E0902606F0902706609324067093E4
:1058300025068093260690932706209129062F5F40
:10584000209329066C196E506093280680911E05DE
:1058500080932A0680911F0590912005A091210533
:10586000B091220580932B0690932C06A0932D06D1
:10587000B0932E068091200690912106A0912206D9
:10588000B091230680932F0690933006A0933106A3
:10589000B093320680913E02882391F0DF91CF9140
:1058A0001F910F91FF90EF90DF90CF90AF907F907E
:1058B0006F905F904F900D9418000F94F6238ECE4A
:1058C000DF91CF911F910F91FF90EF90DF90CF90DC
:1058D000AF907F906F905F904F9008951F920F92BE
:1058E0000FB60F9211240BB60F922F933F934F9345
:1058F0005F936F937F938F939F93AF93BF93EF9338
:10590000FF9380912405882391F0109224050E9432
:105910004177809173008D7F8093730078940F940A
:10592000072AF89480917300826080937300FF913E
:10593000EF91BF91AF919F918F917F916F915F9107
:105940004F913F912F910F900BBE0F900FBE0F9074
:105950001F9018956F927F928F929F92AF92BF92F5
:10596000CF92DF92EF92FF920F931F93CF93DF932B
:105970001F92CDB7DEB7A89580910206882309F45F
:10598000B9C00F94CB268091390680FF4FC010918B
:10599000181300911913B0901A13A0901B13CE0185
:1059A00001960F94E825C0903506D0903606E09019
:1059B0003706F0903806CE0101960F94DB25AF92A2
:1059C000BF920F931F9321E73DE34AE85EE3C701CF
:1059D000B6010F94C9BD9F938F937F936F9389EE08
:1059E00094E59F938F930F9464BA909139060FB604
:1059F000F894DEBF0FBECDBF80913D0291FF91C0F4
:105A000090917902992309F485C0882369F061E0B7
:105A100082E698E40E94C5E99FB7F894809102015C
:105A20008460809302019FBF1092790280912305C8
:105A3000882389F08091230582958695877084302C
:105A400008F082C0823008F025C1882309F4F9C02B
:105A5000813009F494C00E94B8698091340688238B
:105A600009F448C08091290670903306871509F41F
:105A700041C0CE0101960F94E825009128061091AF
:105A8000290660902A06C0902B06D0902C06E09044
:105A90002D06F0902E0680902F0690903006A09054
:105AA0003106B0903206CE0101960F94DB2510939B
:105AB0003306BF92AF929F928F92FF92EF92DF9246
:105AC000CF921F926F92802F000F990B01969F9398
:105AD0008F93812F87198150990B9F938F9385EE18
:105AE00097E49F938F930F9464BA0FB6F894DEBF38
:105AF0000FBECDBF0F90DF91CF911F910F91FF90FF
:105B0000EF90DF90CF90BF90AF909F908F907F905D
:105B10006F900895882309F489CF84E08093000171
:105B200085CF909139069E7F90933906882341F066
:105B30009FB7F894809102018B7F809302019FBFF1
:105B400081E08093790272CF843009F084CF809114
:105B5000230581FFBCC080911905811104C08DE42B
:105B600098E40E947E5D81E00E94AF5D9FB7F8944B
:105B7000809102018460809302019FBF6CCF80916D
:105B800023058695869583708130F1F158F0823037
:105B900009F061CF80911905811117C061E08FE094
:105BA00098E43DC08091230581FF13C060912305D7
:105BB0006295617080911905811107C08BEF97E4A0
:105BC0000F9446208CE50F94A9B380E00E94AF5D4E
:105BD00042CF6091A8047091A9046B5F7F4F072E9C
:105BE000000C880B990B0F9430B68B019C014091EF
:105BF000660E5091670E6091680E7091690E85E790
:105C000092E00F94C21027CF8091230581FF0AC034
:105C1000809119058111D9CF61E083E098E40F9458
:105C20004620D3CF4091F6045091F7046091F804D8
:105C30007091F90400E010E020E731E481E792E0A0
:105C4000E0CF809123058695869583708130D1F0D1
:105C500058F0823009F0FFCE809119058111B5CF3F
:105C600061E08FE298E4DBCF60912305629561707B
:105C7000809119058111A9CF8BE198E40F944620FA
:105C80008DE5A1CF8091190581119FCF61E083E25D
:105C900098E4C5CF809123058695869583708230E0
:105CA00008F0D9CE809123058695869583709091D2
:105CB000230592959695977061E0813009F060E038
:105CC00081E0923009F080E00F94FB10C4CE109276
:105CD00023059FB7F894809102018B7F8093020186
:105CE0009FBF8091710E9091720E892B39F4809133
:105CF000B20590E09093720E8093710E8BE398E45E
:105D00000E947E5DA8CE4F925F926F927F928F929B
:105D10009F92AF92BF92CF92DF92EF92FF926C016F
:105D20000F94A71D28EE33E040E050E00F9415BC1F
:105D300029013A010E94415784E080939702F12C97
:105D4000E12C0F94AA2C81E00E9499730F94A71D57
:105D500028EE33E040E050E00F9415BC49015A01B1
:105D600084189508A608B7080E944657811107C0F5
:105D7000C814D904EA04FB0420F781E007C081E0DD
:105D8000C814D904EA04FB0408F080E092E0909380
:105D9000970291E08927FF90EF90DF90CF90BF901E
:105DA000AF909F908F907F906F905F904F900895ED
:105DB0000F94AA2C0E9459690E945B5D0E94B869E9
:105DC00080E00C94C3536091730E7091740E655013
:105DD0007109072E000C880B990B0F9430B69B01AC
:105DE000AC016091660E7091670E8091680E909183
:105DF000690E0F94BFBD87FF07C0809123058111F5
:105E000003C00F94D82EDFCF0895CF92DF92EF9288
:105E1000FF927C010F94A71D9B01AC012E0D3F1D2D
:105E2000411D511D69017A010F94A71D6C157D0557
:105E30008E059F0538F480912305811103C00F94CE
:105E4000D82EF2CFFF90EF90DF90CF900895209161
:105E5000DF063091E0064091E1065091E20660E0F5
:105E600070E08FE793E40F94C9BD6093B40470931E
:105E7000B5048093B6049093B7042091EB0630915B
:105E8000EC064091ED065091EE0660E070E08FE781
:105E900093E40F94C9BD6093AC047093AD048093F8
:105EA000AE049093AF0408952F923F924F925F9269
:105EB0006F927F928F929F92AF92BF92CF92DF921A
:105EC000EF92FF920F931F93CF93DF93CDB7DEB77F
:105ED000E0970FB6F894DEBF0FBECDBF6A877B8711
:105EE0008C879D871A013AA729A70F9461231092E6
:105EF0003E0229A53AA53093480620934706109202
:105F00004A06109249060F94A71D6E837F838887E7
:105F1000998737FEFFC03DE23F8F0F94A71D6CA30A
:105F20007DA38EA39FA38BEB97E4121413040CF4B0
:105F30008AC288EA97E40E947E5D6A857B858C85AB
:105F40009D850F943BBE2FE72114310409F4E5C071
:105F500020931D067093720E6093710E8E819F8147
:105F6000A885B9858E879F87A88BB98B88A399A3AD
:105F7000AAA3BBA31A8A90E49B8BACE1AC8BB6E4DA
:105F8000BD8B1E8A1F8A188E198E6FE7C62ED12CE4
:105F9000E12CF12C00E010E018AA1FA61D822FE7CB
:105FA00030E040E050E029833A834B835C831B8ED2
:105FB0001C8E1D8E1E8E31E03A8FA89540910206F0
:105FC00048A7442309F42CC20F94CB262114310492
:105FD00009F0AAC00091660E1091670E5091680EEC
:105FE00058AB8091690E8FA72E893F89488D598DB6
:105FF000B80188A99FA50F94BFBD87FD06C00E8B71
:106000001F8BB8A9B88F2FA5298F2A893B894C8966
:106010005D89B80188A99FA50F9453BF181634F065
:106020000A8B1B8B38A93C8B4FA54D8B0F94A71D5A
:106030002CA13DA14EA15FA1621B730B840B950B9C
:10604000653C79408105910540F00E94AE590F945E
:10605000A71D6CA37DA38EA39FA34A8D442309F49F
:106060004CC02A853B854C855D85B80188A99FA5D4
:106070000F9453BF18160CF0D3C10F94A71D2E8593
:106080003F8548895989621B730B840B950B6938CE
:1060900073418105910508F4C3C1D701C601298167
:1060A0003A814B815C81821B930BA40BB50BB59598
:1060B000A795979587952114310409F440C08093E2
:1060C0001D060F94A71D6E837F8388879987DC0147
:1060D000CB012E853F8548895989821B930BA40BE0
:1060E000B50B8B8F9C8FAD8FBE8F3A853E8B4B85CA
:1060F0004F8B5C85588F8D85898F2A853B854C8594
:106100005D85B80188A99FA50F94BFBD87FD1AC002
:106110001A8E86C14AE04F8F00CF20931E057093E0
:10612000740E6093730E1ACF0091F6041091F70469
:106130009091F80498ABA091F904AFA755CF809344
:106140001E05BFCF0F94A71D2E813F81488559851D
:10615000621B730B840B950B6938734181059105A4
:10616000B8F20F94A71D6E877F87888B998B8091DB
:10617000490690914A06181619060CF02CC18E8516
:106180009F85A889B9892E813F8148855985821BC1
:10619000930BA40BB50B4B8C5C8C6D8C7E8C480EDA
:1061A000591E6A1E7B1E2B8D3C8D4D8D5E8D281BCE
:1061B000390B4A0B5B0B69817A818B819C810F942F
:1061C00005BCA30192010F9493BCDA01C9018C0DA7
:1061D0009D1DAE1DBF1D84319105A105B1050CF4B7
:1061E0003CC16C017D013CEEC316D104E104F10415
:1061F0002CF04BEEC42ED12CE12CF12C80389105E3
:10620000A105B1050CF437C18EEF90E0A0E0B0E03D
:106210008C199D09AE09BF0989839A83AB83BC831E
:1062200080EA97E40E94575BC701B6010F9432AF32
:106230008BE997E40E94575B69817A818B819C810D
:106240000F9432AF84E997E40E94575B42E06A8979
:106250007B898C899D890F94F3B28DE897E40E9425
:10626000575B6E897F89888D998D0F943651809107
:10627000490690914A0603970CF4ADC069817A8172
:106280008B819C810F9430B620E030E040E850E4F0
:106290000F946FB64B015C012A893B894C895D895B
:1062A0006E897F89888D998D0F94C9BC20ED3FE060
:1062B00049E450E40F946FB620E030E040E05FE343
:1062C0000F946FB69B01AC01C501B4010F94C9BD19
:1062D0004B015C01C301B2010F9430B620E030E005
:1062E0004AE754E40F94C9BD2B013C0187E897E4C9
:1062F0000E94575B42E0C501B4010F94F3B281E8FC
:1063000097E40E94575BC301B2010F9436512AE90A
:1063100039E949E15FE3C501B4010F946FB64B0160
:106320005C018092F3039092F403A092F503B09283
:10633000F603AC019B010F94CABCA30192010F9418
:10634000C9BD6093EF037093F0038093F1039093C2
:10635000F203A3019201C501B4010F946FB620E0CE
:1063600030E040E05EE30F946FB66093EB03709310
:10637000EC038093ED039093EE0383E797E40E9490
:106380007E5D8DE697E40E94575B6091F303709108
:10639000F4038091F5039091F6030F94365187E64C
:1063A00097E40E94575B6091EF037091F003809136
:1063B000F1039091F2030F94365181E697E40E9425
:1063C000575B6091EB037091EC038091ED0390912A
:1063D000EE030F94365189819A81AB81BC818C0D7B
:1063E0009D1DAE1DBF1DB595A79597958795211449
:1063F000310409F445C080931D06809149069091AF
:106400004A06019690934A06809349063A853A8B4C
:106410004B854B8B5C855C8B8D858D8B98A59A8F7E
:1064200020E030E040EF51E46A857B858C859D85D6
:106430000F94CABC980148A95FA50F94BFBD87FF00
:1064400022C087E397E40E947E5D81E080933E0254
:1064500010924A061092490698C034E1C32ED12CFE
:10646000E12CF12C24E130E040E050E029833A8334
:106470004B835C83D5CEC982DA82EB82FC82D0CE9C
:1064800080931E05BACF0F94A71D28A139A14AA158
:106490005BA1621B730B840B950B613D77408105FB
:1064A000910558F1A0901D06B12C84E397E42114C6
:1064B000310429F4A0901E05B12C81E397E40E94D9
:1064C000575B42E0B80188A99FA50F94F3B28DE213
:1064D00097E40E94575BC5010F94C9524D81442334
:1064E00009F46CC05F8D451770F54F5F4D830F94B5
:1064F000A71D68A379A38AA39BA30F94A71D4B0193
:106500005C010F94A71D4E805F80688479842E857E
:106510003F8548895989420E531E641E751E841892
:106520009508A608B708860E971EA81EB91E31E862
:1065300083163FE4930632E1A306B10408F447C092
:1065400080E197E480CF8D819F8D8913D0CF8F5FBD
:106550008D832BA53CA54DA55EA5B80188A99FA557
:106560000F94C9BC9F7720E030E040EA50E40F94DC
:10657000BFBD87FFBCCF632D661F6627661F80E007
:106580000F94FB1081E080933E02E0960FB6F894E2
:10659000DEBF0FBECDBFDF91CF911F910F91FF9056
:1065A000EF90DF90CF90BF90AF909F908F907F90B3
:1065B0006F905F904F903F902F9008950BA71CA76E
:1065C000A8A9ADA7BFA5BEA721E02D8390CF80913C
:1065D000490690914A0649A55AA5481759071CF43F
:1065E00084EB96E430CF80E00E94C353E6CC0F9357
:1065F0001F9380919E03813019F50F94A71D009180
:10660000AB051091AC052091AD053091AE05601B36
:10661000710B820B930B28EE33E040E050E00F94B7
:1066200015BC6091A7057091A8058091A90590916E
:10663000AA05620F731F841F951F1F910F91089564
:1066400060915206709153068091540690915506C0
:10665000D6CF8F929F92AF92BF92CF92DF92EF925E
:10666000FF920F931F93CF93DF931092DC030E944E
:10667000C14C882309F462C060916506709166067A
:1066800080916706909168060F942EB620E030E561
:1066900043EC57E40F94C9BDEB01182F092F0F9459
:1066A000F7326B017C010E9428548CE3882E912CD8
:1066B000A12CB12CC701B601A50194010F9415BC02
:1066C0007F936F93CA01B901A50194010F9415BC82
:1066D0007F936F93C701B60120E13EE040E050E0B8
:1066E0000F9415BC5F934F933F932F938FEE9AE4D3
:1066F0009F938F930F931F93DF93CF938AEF9AE427
:106700009F938F9381ED99E59F938F930E94D5532B
:106710008DB79EB742960FB6F8949EBF0FBE8DBF41
:10672000DF91CF911F910F91FF90EF90DF90CF906D
:10673000BF90AF909F908F900D94B6AE81EF9FE089
:106740000F94AABB4B015C018DEE9FE00F94AABB96
:106750006B017C010E942854C701B6012CE330E094
:1067600040E050E00F9415BC7F936F93CA01B901CC
:1067700028E130E040E050E00F9415BC7F936F9328
:10678000C701B60120EA35E040E050E00F9415BCA7
:106790005F934F933F932F9388E09BE49F938F9356
:1067A000C501B4010F942EB620E030E048EC52E46D
:1067B0000F94C9BD9F938F937F936F9389E19BE45F
:1067C0009F938F9385EF99E59F938F930E94D55365
:1067D0008DB79EB742960FB6F8949EBF0FBE8DBF81
:1067E0009FCFCF92DF92EF92FF920F931F93CF93A1
:1067F000DF9300D000D01F921F92CDB7DEB78091FB
:106800007106909172060097E1F120913902309162
:106810003A02243631054CF4AC01420F531F453681
:1068200051056CF4820F931F0CC02436310509F416
:1068300055C0AC01420F531F443651059CF784E606
:1068400090E090933A0280933902809139029091BE
:106850003A0282179307A9F0883E53E0950714F097
:1068600087EE93E08A30910514F48AE090E09093EB
:106870003A028093390210927206109271060E94B9
:10688000144A80918F028111109251061091510685
:10689000112391F12FEF210F209351068091D30303
:1068A00081110DC00E944657882349F01092F803C9
:1068B00060E081E399EC0F94C9AC0E947055289672
:1068C0000FB6F894DEBF0FBECDBFDF91CF911F9101
:1068D0000F91FF90EF90DF90CF9008958B3091054E
:1068E0001CF0865A9F4FADCF863F4FEF94070CF0B8
:1068F000ACCF82599F4FA5CF6AE06093510680913B
:1069000050068F5F809350068E3109F09FC0109221
:1069100050060E94705510923C050E94B1530E948F
:1069200028546091730E7091740E072E000C880B22
:10693000990B0F9430B620E030E040E05FE30F9415
:10694000CABC0F943BBE6B0120E030E040E05FE347
:106950006091660E7091670E8091680E9091690E3D
:106960000F94CABC0F943BBEA60182E80F94550D4C
:1069700083E00E94F25380917A07813009F06EC063
:106980008AE299E50E94E75361E080E00E94FC53AF
:106990006091710E7091720E072E000C880B990B8E
:1069A0000F9430B620E030E040E05FE30F94CABCC3
:1069B0000F943BBE6B0120E030E040E05FE360916C
:1069C000F6047091F7048091F8049091F9040F9403
:1069D000CABC0F943BBEA60180E80F94550D83E01E
:1069E0000E94F25380913A028F93809139028F93E3
:1069F00083E399E59F938F930E94D55398E0981B6A
:106A0000892F0E94F25362E080E00E94FC530F90B5
:106A10000F900F900F9080911605E09074148111E3
:106A20003EC026E4C22E29E5D22EE1103CC08AE405
:106A3000C82E89E5D82E0E94124DF82E8823D9F150
:106A4000809184028F3F89F5F12C35C00F945DBC95
:106A5000911163CF80E00E942F555DCF8091470751
:106A60008823D9F080E21F928F93809153078F93F0
:106A7000809152078F93809151078F938091500797
:106A80008F9381E299E59F938F930E94D5530FB620
:106A9000F894DEBF0FBECDBF77CF8FE3E4CF9EE487
:106AA000C92E99E5D92EEE2031F28091E303FF241F
:106AB000F394882399F181EA9DE00F94A2BB082FFB
:106AC0000E94565A87FD2AC0081741F19BE009022F
:106AD000B0011124675B724F47E050E08E010F5FF9
:106AE0001F4FC8010F9492BB18861F930F9389E222
:106AF0009BE59F938F930E94D5530F900F900F901B
:106B00000F9080919E13813009F062C00F94DB15C5
:106B100095E0981B892F0E94F25367C0E11004C0D2
:106B200080919F0381114AC0DF92CF9285E29BE55D
:106B30009F938F930E94D5530F900F900F900F90BB
:106B40008091A503811104C0809184028536F0F103
:106B5000809183028536D0F180910717882319F13F
:106B60008091811790918217A0918317B09184171B
:106B70000097A105B105B9F0BC01CD016D597F4F5A
:106B80008F4F9F4F24E630E040E050E00F9415BC5B
:106B9000609188177091891780918A1790918B174F
:106BA0000F9415BC122F212F30E080E499E5F110ED
:106BB00002C08AE399E53F932F939BCF81E00E9427
:106BC000F2538CE496E00E94EF56BACF182FEBCF29
:106BD00080916C0E882309F4ACC082E599E59F93FF
:106BE0008F930E94D5530F900F900E94124D8823CF
:106BF00009F4BCC08091A503882309F49CC0C0900F
:106C00008B02D0908C02E0908902F0908A028091F1
:106C10004F068A3011F410924F0680914F068F5F15
:106C200080934F062FEFE216F20621F0970113E44E
:106C3000863070F43FEFC316D30609F085C00F9479
:106C4000F7322CE330E040E050E00F9415BC10E246
:106C50004091390250913A024436510509F477C007
:106C6000C216D30621F0E216F30609F070C0A4E6BE
:106C7000B0E00F9442BC9A01550F440B550B0F9492
:106C800015BC4FE3E42E042E000CFF08E12F012E6B
:106C9000000CFF0BC9016CE370E00F946BBC203754
:106CA000374108F056C0FF924F93FF931F939F9375
:106CB0008F937F936F9383E699E59F938F930E94C1
:106CC000D5530FB6F894DEBF0FBECDBF98E0981B2A
:106CD000892F0E94F25363E080E00E94FC530F94DE
:106CE000CE1E80916C0E8823C1F080918D02815060
:106CF00009F45CC080938D0280918D02853009F487
:106D00005CC0883051F485E10F94A9B38091A80349
:106D1000882319F086E10F94A9B380916A0E882325
:106D200009F4BCCD8091620E8111B8CD0E94C6EEEF
:106D3000B5CD85E0F0CEC0908702D0908802E0907B
:106D40008502F090860263CF960112E581CF40E282
:106D500099CFFF924F93FF931F937F936F9388E593
:106D600099E59F938F930E94D553ABCF85EA9DE021
:106D70000F94B0BBBC0190E080E00F942EB620E0F1
:106D800030E04AE754E40F94C9BD9F938F937F93FB
:106D90006F938EE29BE59F938F930E94D5530F9044
:106DA0000F900F900F900F900F9090CF8AE08093EC
:106DB0008D0280E00F94A9B39FCF80917414882333
:106DC00009F4ABCF84E1A7CF10929E031092AB05DC
:106DD0001092AC051092AD051092AE0510925206BD
:106DE0001092530610925406109255061092A70561
:106DF0001092A8051092A9051092AA0508958091F5
:106E00009E038130F1F08230C9F40F94F732609321
:106E1000A7057093A8058093A9059093AA0581E022
:106E200080939E030F94A71D6093AB057093AC05F0
:106E30008093AD059093AE0581E008950F94E436FC
:106E4000EECF80E0089580919E038150823070F4EF
:106E500010929E030F94A71D6093520670935306E1
:106E6000809354069093550681E0089580E008953C
:106E70002FB7F89494E0899FF0011124E759F84F57
:106E800060817181828193812FBF0895CF93C82F34
:106E90000F9438370F9430B624E0C29FF0011124CC
:106EA000E958F94F20813181428153810F94C9BD46
:106EB000CF910895CF93DF9300D01F92CDB7DEB767
:106EC00090915B0E80915C0E981709F446C00F9468
:106ED000AA2C80913B02843038F081E00E949973A3
:106EE00080E00E94C353ECCF19821A821B821C825D
:106EF000AE014F5F5F4F6FE60F94DE1789819A8175
:106F0000AB81BC819370AA27BB274091CE035091DF
:106F1000CF036091D0037091D103840F951FA61FFA
:106F2000B71F8093CE039093CF03A093D003B09369
:106F3000D1038091CA039091CB03A091CC03B0916F
:106F4000CD030196A11DB11D8093CA039093CB037D
:106F5000A093CC03B093CD03B3CF0F900F900F90BD
:106F60000F90DF91CF9108950F9308E025E73AE461
:106F700040E060E08BE79AE40F94FB68813029F4ED
:106F80000E94C4490F945A37F0CF823031F460E048
:106F900070E0CB010F910C9460F90F910895B19AB4
:106FA000109285001092840080ED97E09093890004
:106FB000809388001092F4041092F3048091F104FD
:106FC0009091F20401978E3F9F4F20F41092F204AB
:106FD0001092F10408958091A50381113AC081E0D7
:106FE0008093A5036091A5038FEF9FE00F94C6BB2C
:106FF00090915B0E80915C0E981731F08CEE9CE4C2
:107000000F942F120F945A370F94C664F89481E0AE
:107010009091A503911101C080E080936F060F94B9
:1070200042870E943DDE880F82700F94531A0F949E
:10703000CF37789489E69FE00F94A2BB882361F054
:107040008091A503882341F060E08BED90E00D94E2
:10705000C9AC1092A503C6CF08951F920F920FB628
:107060000F9211240BB60F926F927F928F92CF9254
:10707000DF92EF92FF920F931F932F933F934F93C3
:107080005F936F937F938F939F93AF93BF93CF93B0
:10709000DF93EF93FF938091F1049091F2049C01B0
:1070A000215031092E3F3F4F90F4209188003091BC
:1070B00089002817390708F0F9C02091880030911D
:1070C0008900821B930B9093F2048093F10420912A
:1070D0008800309189008091F3049091F40428177E
:1070E000390708F0E8C02091880030918900821BA0
:1070F000930B9093F4048093F3048091F3049091A4
:10710000F404892B11F00D947D41E091A505F091D7
:10711000A605309709F087C190915B0E80915C0EB7
:10712000981709F4F9C1C0915C0E2C2F30E05EE68F
:10713000C59FE0011124C558D84FFE01E95BFF4F00
:1071400041E04083D093A605C093A505209709F49C
:10715000E3C11092A1051092A2051092A30510920E
:10716000A4051092A0058AAD9BAD90939F058093D6
:107170009E058134ECE99E0708F0A2C08132FEE44E
:107180009F0708F4A0C0969587959695879544E04B
:1071900040939D0580978115E8E09E0708F4A4C000
:1071A000E92FFF27EE0FFF1FEE0FFF1FAF014C541B
:1071B0005D4BFA013296A591B491FA014591549133
:1071C000B89FB001A89F000C611D1124711DCA0158
:1071D000861B970B8436910510F484E690E0B0E0AE
:1071E000A0E08093990590939A05A0939B05B09396
:1071F0009C054EE6429FC001439F900D1124855887
:10720000984FFC01E45BFF4F4081442349F0815BD0
:107210009F4FFC0180819181909398058093970501
:10722000109296058FEF9FEF9093F2048093F104F4
:10723000809395058EE6829FF001839FF00D1124C7
:10724000E558F84F85A984FF08C010927507109281
:107250007607109277071092780783FF66C08EE654
:10726000829FF001839FF00D1124E558F84F80892B
:107270009189969587959195819591099093860529
:107280008093850590938A058093890590938E0558
:1072900080938D05909392058093910581E02485DC
:1072A0003585232B09F082C080E080C01092F20463
:1072B0001092F1040CCF1092F4041092F3041DCF3D
:1072C00080E49CE960CF813157E2950720F09695E4
:1072D000879542E05DCF40939D058032910508F08F
:1072E00059CF80E290E056CFAC01569547954C7F40
:1072F0004C54514CFA0165917491FA013296A59162
:10730000B491AC01477055274A9FC0014B9F900D27
:107310005A9F900D1124E3E096958795EA95E1F741
:10732000AB01481B590BCA0155CF8EE6829FF00175
:10733000839FF00D1124E558F84F80899189A28927
:10734000B389B695A79597958795B095A095909593
:1073500081959F4FAF4FBF4F8093850590938605D2
:10736000A0938705B09388058093890590938A053B
:10737000A0938B05B0938C0580938D0590938E051B
:10738000A0938F05B09390058093910590939205FB
:10739000A0939305B093940581E044855585668557
:1073A0007785452B462B472B09F47ECF80938405A8
:1073B000109280051092810510928205109283052B
:1073C000888D80937F0580FF90C080910B01816044
:1073D00080930B018FEF80936D0280917F0581FF79
:1073E0008BC080910B018D7F80930B018FEF809379
:1073F0006E0280917F0582FF86C080910B018460C0
:1074000080930B018FEF80936F0280917F0583FF44
:1074100081C08FEF80937002E091A505F091A605E1
:10742000309709F43DC780918E0250917C058823E6
:1074300009F4CBC02091130580917E0590917D05C4
:1074400030917F054091060130FF87C042FD83C027
:107450008160492F41704823B1F0C080D180E28023
:10746000F3801C141D041E041F046CF42160C088EA
:10747000D188E288F388C0928005D0928105E0929D
:107480008205F09283054091060131FF70C047FDEF
:107490006CC08260492F42704823B1F0C480D5800F
:1074A000E680F7801C141D041E041F046CF4226087
:1074B000C088D188E288F388C0928005D092810587
:1074C000E0928205F092830532FF94C0511177C09B
:1074D00030916F06313009F052C03091430632FDD1
:1074E0004EC01C9B52C0846051C080910B018E7FA6
:1074F00080930B0181E06FCF80910B0182608093BC
:107500000B0181E074CF80910B018B7F80930B0185
:1075100081E079CF81E07ECF80ED97E09093F40415
:107520008093F3049093F0048093EF048FEF9FEF28
:107530009093F2048093F104109296058091ED04EB
:107540009091EE04009709F467CF01979093EE04B1
:107550008093ED0461CF8E7F7CCF42FD04C08061BB
:10756000492F407178CF8F7EFBCF8D7F93CF47FD22
:1075700004C08062492F40728FCF8F7DFBCF1C9952
:10758000B2CF3091060136FFAECF8B7F9470982337
:10759000B1F0C084D184E284F3841C141D041E0461
:1075A0001F046CF42460C088D188E288F388C092FC
:1075B0008005D0928105E0928205F0928305809348
:1075C0007E0580937D0520931305552309F440C063
:1075D0002091130580917E0590917D0530916F0675
:1075E0003130C9F43091430632FD15C01C9B19C0DF
:1075F000846018C030916F06313031F43091430609
:1076000032FD02C08F7B05C03091060136FDFACFF6
:1076100080649074BCCF1C99EBCF3091060136FF8B
:10762000E7CF8B7F9470982369F02460408951895B
:107630006289738940938005509381056093820528
:107640007093830580937E0580937D0520931305B9
:1076500085A9C0E0D1E012E004E083FF08C1809179
:107660009D05C81708F072C20F945D03E091A5054F
:10767000F091A60580819181209185053091860544
:10768000820F931F9093860580938505181619061F
:1076900064F5D6B9E091A505F091A6058091850520
:1076A0009091860520893189821B930B90938605E2
:1076B0008093850590916D024091690750916A070A
:1076C00060916B0770916C07892F990F990BAA0B2A
:1076D000BB0B840F951FA61FB71F8093690790935C
:1076E0006A07A0936B07B0936C07E091A505F09132
:1076F000A605848195812091890530918A05820FA4
:10770000931F90938A05809389051816190644F5EE
:1077100016B9E091A505F091A60520893189821B53
:10772000930B90938A058093890590916E02409106
:107730006D0750916E0760916F0770917007892FE8
:10774000990F990BAA0BBB0B840F951FA61FB71F90
:1077500080936D0790936E07A0936F07B0937007A7
:10776000E091A505F091A6058085918520918D0574
:1077700030918E05820F931F90938E0580938D0517
:107780001816190644F506B9E091A505F091A6056D
:1077900020893189821B930B90938E0580938D05F0
:1077A00090916F0240917107509172076091730739
:1077B00070917407892F990F990BAA0BBB0B840F3B
:1077C000951FA61FB71F8093710790937207A09310
:1077D0007307B0937407E091A505F091A605809119
:1077E00091059091920524853585820F931F909382
:1077F000920580939105208931891816190644F560
:10780000821B930B90939205809391059091700247
:1078100040917507509176076091770770917807CE
:10782000892F990F990BAA0BBB0B840F951FA61FCD
:10783000B71F8093750790937607A0937707B0934F
:1078400078079091700280919605890F8093960534
:107850008091800590918105019690938105809398
:1078600080058217930708F071C1CF5FF8CE809131
:107870009D05C81708F06AC10F945D03E091A50546
:10788000F091A60580819181A281B3814091850507
:10789000509186056091870570918805840F951F2A
:1078A000A61FB71F8093850590938605A093870533
:1078B000B0938805181619061A061B06C4F5D6B922
:1078C000E091A505F091A60580918505909186052A
:1078D000A0918705B0918805408951896289738993
:1078E000841B950BA60BB70B80938505909386059B
:1078F000A0938705B093880590916D024091690728
:1079000050916A0760916B0770916C07892F990FEE
:10791000990BAA0BBB0B840F951FA61FB71F809353
:10792000690790936A07A0936B07B0936C07E09187
:10793000A505F091A60584819581A681B781409126
:10794000890550918A0560918B0570918C05840F93
:10795000951FA61FB71F8093890590938A05A09352
:107960008B05B0938C05181619061A061B0684F5AC
:1079700016B9E091A505F091A60540895189628963
:107980007389841B950BA60BB70B80938905909385
:107990008A05A0938B05B0938C0590916E0240915F
:1079A0006D0750916E0760916F0770917007892F76
:1079B000990F990BAA0BBB0B840F951FA61FB71F1E
:1079C00080936D0790936E07A0936F07B093700735
:1079D000E091A505F091A60580859185A285B385E6
:1079E00040918D0550918E0560918F0570919005A5
:1079F000840F951FA61FB71F80938D0590938E054A
:107A0000A0938F05B0939005181619061A061B0649
:107A100084F506B9E091A505F091A6054089518944
:107A200062897389841B950BA60BB70B80938D0518
:107A300090938E05A0938F05B093900590916F025F
:107A400040917107509172076091730770917407AC
:107A5000892F990F990BAA0BBB0B840F951FA61F9B
:107A6000B71F8093710790937207A0937307B09329
:107A70007407E091A505F091A6058091910590917C
:107A80009205A0919305B09194054485558566852E
:107A90007785840F951FA61FB71F8093910590933C
:107AA0009205A0939305B09394054089518962890A
:107AB0007389181619061A061B0674F5841B950B94
:107AC000A60BB70B8093910590939205A093930515
:107AD000B093940590917002C0907507D09076078E
:107AE000E0907707F0907807892F990F990BAA0BF0
:107AF000BB0B8C0D9D1DAE1DBF1D80937507909314
:107B00007607A0937707B0937807909170028091E1
:107B10009605890F80939605809180059091810547
:107B2000A0918205B09183050196A11DB11D80939E
:107B3000800590938105A0938205B09383058417F7
:107B40009507A607B70710F4CF5F91CE80919605F1
:107B5000882339F087FDEEC080910B01806480930B
:107B60000B014091800550918105609182057091D3
:107B70008305C091A505D091A605898D9A8DAB8D01
:107B8000BC8D84179507A607B70708F434C1409148
:107B9000990550919A0560919B0570919C05CC8840
:107BA000DD88EE88AA274D9DB12D5E9DC0016E9D9A
:107BB000900D6D9D800D911D4E9DB00D811D9A1FE4
:107BC0005D9DB00D811D9A1F6C9DB00D811D9A1F8A
:107BD0005C9DB10D8A1F9A1FBB0F8A1F9A1F11242B
:107BE0002AAD3BAD820F931F90939F0580939E0516
:107BF0002EA93FA92817390720F430939F05209319
:107C00009E0580919E0590919F058134FCE99F0718
:107C100008F094C081322EE4920708F492C0969541
:107C200087959695879524E020939D0580978115EB
:107C3000F8E09F0708F497C0E92FFF27EE0FFF1F1A
:107C4000EE0FFF1F9F012C543D4BF9013296A59179
:107C5000B491F90125913491B89FF001A89F000CCF
:107C6000E11D1124F11DC9018E1B9F0B8436910566
:107C700010F484E690E09093F4048093F3049093DE
:107C8000F0048093EF04480F591F611D711D40934C
:107C9000990550939A0560939B0570939C05FE018E
:107CA000E45BFF4F808181117DC080E080FF16C0C2
:107CB0009FEF90939505E091ED04F091EE042091F3
:107CC000970530919805E217F30709F024C28FEF6A
:107CD0009FEF9093F2048093F10480E080FD07C051
:107CE0008091F1049091F204019609F4B2C2E091FE
:107CF000EF04F091F0048091760590917705A091C2
:107D00007805B09179058E0F9F1FA11DB11DC35B32
:107D1000DF4F0881198130E020E060E08017910793
:107D2000A207B30708F427C26F5F801B910BA20B59
:107D3000B30BF4CF80910B018F7B11CF80E49CE9D2
:107D40006ECF8131E7E29E0720F09695879522E07D
:107D50006BCF21E020939D058032910508F066CF1E
:107D600080E290E063CF9C01369527952C7F2C54C0
:107D7000314CF901A591B491F90132960591149114
:107D800087709927809F9001819F300D909F300DC3
:107D90001124F3E036952795FA95E1F7CD01821B82
:107DA000930B64CF409180055091810560918205CD
:107DB0007091830580919D0590E0B0E0A0E084176C
:107DC0009507A607B70708F470CF80918405811145
:107DD00002C083E06BCF8091ED049091EE0420917E
:107DE0009705309198052817390798F790939805CB
:107DF00080939705EECF8091800590918105A091A9
:107E00008205B09183054D8D5E8D6F8D78A14817E9
:107E100059076A077B0708F0E3C0C090A105D0901E
:107E2000A205E090A305F090A4056C887D888E885B
:107E3000AA27C79CB12DD89CF001E89CF00DE79CC7
:107E4000E00DF11DC89CB00DE11DFA1FD79CB00DCF
:107E5000E11DFA1FE69CB00DE11DFA1FD69CB10D85
:107E6000EA1FFA1FBB0FEA1FFA1F112420919E057B
:107E700030919F058EAD9FAD2E173F0730F02E1B22
:107E80003F0B8217930708F4C90181342CE992074C
:107E900008F075C08132EEE49E0708F473C0969531
:107EA00087959695879524E020939D058097811569
:107EB00028E0920708F478C0E92FFF27EE0FFF1F94
:107EC000EE0FFF1F9F012C543D4BF9013296A591F7
:107ED000B491F90125913491B89FF001A89F000C4D
:107EE000E11D1124F11D2E1B3F0BC9012436310564
:107EF00010F484E690E09093F4048093F30490935C
:107F0000F0048093EF04C80ED91EE11CF11CC0924E
:107F1000A105D092A205E092A305F092A405FE016E
:107F2000E45BFF4F8081882309F4BFCE80918005F8
:107F300090918105A0918205B091830520919D05C6
:107F4000420F511D611D711D481759076A077B07B4
:107F500008F4ABCE3596208131813093980520937B
:107F6000970580918405882309F433CF8091ED042F
:107F70009091EE048217930708F02BCF37CF80E45F
:107F80009CE98DCF8131F7E29F0720F09695879588
:107F900022E08ACF21E020939D058032910508F0F0
:107FA00085CF80E290E082CFDC01B695A795AC7FCB
:107FB000AC54B14CFD0125913491FD013296A5914F
:107FC000B491877099278A9FF0018B9FF00D9A9F3B
:107FD000F00D1124A3E0F695E795AA95E1F783CF7C
:107FE0008091A005882371F080E020917A0530917E
:107FF0007B053093F4042093F3043093F004209332
:10800000EF0454CE8EA99FA981344CE9940708F05F
:108010004EC081325EE4950708F44CC09695879572
:108020009695879524E020939D0580978115F8E02B
:108030009F0708F451C0E92FFF27EE0FFF1FEE0F37
:10804000FF1F9F012C543D4BF901329665917491AD
:10805000F90125913491789FA001689F000C411D82
:108060001124511DC901841B950B8436910510F410
:1080700084E690E090937B0580937A0580919D053E
:108080008093A005FE01E45BFF4F8081882309F403
:10809000ABCF80918405882341F08091ED049091CD
:1080A000EE04909398058093970581E09ECF80E43D
:1080B0009CE9B4CF8131E7E29E0720F09695879541
:1080C00022E0B1CF21E020939D058032910508F098
:1080D000ACCF80E290E0A9CF9C01369527952C7F0C
:1080E0002C54314CF90145915491F9013296659126
:1080F000749187709927869F9001879F300D969F76
:10810000300D1124A3E036952795AA95E1F7CA0111
:10811000821B930BAACFDE01A35BBF4F4D915C91F5
:10812000119770E060E04093760550937705609377
:1081300078057093790516969C9190937505982F04
:10814000927009F4CBCD90918405992309F4C6CDA2
:108150002E173F0708F0C2CD440F551F661F771F2B
:108160004093760550937705609378057093790571
:1081700010929505B3CD8093760590937705A093E3
:108180007805B093790561111BC0F0937405E093F5
:108190007305F093F204E093F1048091950587FD57
:1081A00058C080919D0510917505288139818113F2
:1081B00035C081E02E173F0708F449C080E047C072
:1081C000643028F56F5F6330A9F06695AF0102C097
:1081D000569547956A95E2F7BA01709374056093D6
:1081E000730580917305909174059093F2048093C8
:1081F000F104D3CF9F01ABEABAEA0F9442BC41E14C
:1082000096958795779567954A95D1F7E6CF70E073
:108210006F5F7F4FCF010F946BBCDFCF833009F4CA
:10822000CFC08695A90102C0569547958A95E2F779
:10823000133009F4D3C01695BF0102C07695679537
:108240001A95E2F781E04617570708F0B7CF8093F9
:1082500095050F945D0340918005509181056091D3
:10826000820570918305E091A505F091A6058089AE
:108270009189A289B389481759076A077B0780F05B
:108280001092A6051092A50590915B0E80915C0E50
:10829000981731F080915C0E8F5F8F7080935C0E29
:1082A00080916F06813049F180915C02882329F129
:1082B00080914306811121C09091060181E0292F10
:1082C000247092FD80E090910601826097FF03C0C8
:1082D000211113C081E08093150510925C0260911A
:1082E0004702709148028091490290914A0220E031
:1082F00030E040E85FEB0E9421726091F1047091E0
:10830000F2046115710509F046C04091ED045091E9
:10831000EE042091970530919805809196052417D9
:10832000350708F06CC090917505913041F0421B03
:10833000530B9417150619F010F0409375059091A2
:108340007505891B80939605882339F087FD53C0F6
:1083500080910B01806480930B01209175058091C1
:10836000ED049091EE04821B91099093EE048093AA
:10837000ED042091ED043091EE04809197059091E9
:1083800098052817390709F066C08FEF9FEF909383
:10839000F2048093F10440919605411161C08091EF
:1083A000F1049091F2042091F3043091F4048F3F92
:1083B000980709F088C030938900209388008EC008
:1083C000ABEABAEA0F9442BCAB01BC0131E176954D
:1083D0006795579547953A95D1F72ACF9F01ABEA14
:1083E000BAEA0F9442BC21E19695879577956795F7
:1083F0002A95D1F727CF80910B018F7BACCF421705
:10840000530708F0B6CF90917505913041F0241BC9
:10841000350B9217130619F010F020937505909103
:108420007505890F80939605882339F087FD0FC065
:1084300080910B01806480930B01809175052091E0
:10844000ED043091EE04820F932F911D8ECF809119
:108450000B018F7BF0CF809173059091740597CFBE
:108460008091950587FD0EC0082E000C990B21E028
:1084700030E06115710511F030E020E082179307BC
:1084800009F08DCF20917505672B11F020919D0586
:10849000842F042E000C990B97FF03C091958195B2
:1084A000910930E0281739070CF4C90121E047FF92
:1084B0002FEF38E036B990919605920F909396057C
:1084C0008150C1F76CCFAC01485D5F4F4217530735
:1084D00008F071CF909389008093880020918800E4
:1084E00030918900809184009091850040962817F2
:1084F000390748F4809184009091850040969093CC
:10850000890080938800FF91EF91DF91CF91BF9117
:10851000AF919F918F917F916F915F914F913F911B
:108520002F911F910F91FF90EF90DF90CF908F9040
:108530007F906F900F900BBE0F900FBE0F901F900B
:10854000189590917C0580937C052FB7F8948091C5
:1085500013058B7F809313052FBF892F089580917A
:1085600013052FB7F894909113059B7F90931305F3
:108570002FBF82FB882780F90895909113051092F0
:10858000130581E0911101C080E008959091EC0401
:108590009130A1F028F09230A9F09330C1F0089505
:1085A000811102C00D94C503823011F40D943B116A
:1085B000853009F050C080E00D94A303882391F327
:1085C0008230A1F3853009F046C081E0F5CF8823E1
:1085D00049F3823059F3853071F38630E1F485E058
:1085E00027E231E04FB7F8949091020194609093A4
:1085F00002014FBFF9013197F1F74FB7F89490910D
:1086000002019B7F909302014FBFF9013197F1F76F
:10861000815041F708958730F1F481E00E9457734B
:1086200084E123E731E04FB7F89490910201946020
:10863000909302014FBFF9013197F1F74FB7F894CA
:10864000909102019B7F909302014FBFF9013197F6
:10865000F1F7815041F708950F931F93CF93DF9364
:108660008C01EB019093740E8093730E0F948C0524
:10867000811104C0D093720EC093710EC091A803F3
:1086800087EF8C0F8230F8F40F944E10CA3041F40B
:1086900084E080936A0EDF91CF911F910F9108952E
:1086A00060E070E080E291E40E947D538FE59FE0FE
:1086B0000F94A2BB882379F389E0DF91CF911F91BA
:1086C0000F910D941E131092DC03809164068111AA
:1086D00012C06091660E7091670E8091680E909145
:1086E000690E0F943BBE601B710B6C5F7F4F69304E
:1086F000710508F060C0C150C83088F5EC2FF0E07B
:108700008827EA57FC4B8E4F0D94B2BCB502B502D8
:10871000B5023F020B01350273012501CFE3DCEB0B
:1087200080916206882329F082E00F94C64210925D
:108730006206209709F4AFCF0F944C0D61E0CE0193
:10874000DF91CF911F910F910D94C9AC809162067A
:10875000882341F061E08DE691E00F94C9ACD0E050
:10876000C0E0DECF0F944C0D8091A803823019F445
:1087700081E08093A8038091A803813031F461E007
:108780008CEC99E50E940A71EACF833041F761E0F1
:1087900082E794E2F7CFC5ECDBEBC2CF0F944C0D30
:1087A0000F94BA7C0F941A15DACFC9E3DCEBB8CF7B
:1087B000C3E3DCEBB5CF80916206882321F0809182
:1087C0008F02882349F181E08093620680938F02B3
:1087D0000E942F5444E55DE463E080E00E94105461
:1087E00061E080E00E94FC53E091A803E150E83092
:1087F00098F4F0E08827E050FC4B8E4F0D94B2BC0B
:108800004B024B029B024B029B028502BD024B02B4
:1088100089E59AE40E94E7538091620681110F94E2
:10882000730D0E944657882309F435CF10926206D3
:108830008091630681110EC01092740E1092730E17
:108840000E94B64C811104C01092720E1092710EEB
:108850000F941FAE0F941FAEDF91CF911F910F9118
:108860000D941A1584E49AE4D5CF80E39AE4D2CF2C
:108870008EE19AE4CFCF8093A80340919E1320917C
:10888000730E3091740E413059F01092640680914D
:108890006B0290916C02281739075CF40D941D153A
:1088A000909174139111F1CF8650823070F74093FC
:1088B000640681E0809363066091710E7091720E80
:1088C000C9010F942C4310926406089582E00D9420
:1088D0003B4481E00D943B4483E00D943B44109273
:1088E000630660E570E08AEF90E00D942C431092EF
:1088F000630670E060E08AEF90E00D942C431092E4
:1089000063066CE370E087ED90E00D942C431092C9
:10891000630665E570E086EE90E00D942C431092BE
:10892000630669E670E084E091E00D942C431092B8
:1089300063066EE670E083E191E00D942C431092A3
:1089400063066BE470E087ED90E00D942C43109289
:1089500063066AE570E083E191E00D942C43109288
:10896000630664E670E08FEF90E00D942C43109264
:10897000630664E670E08CED90E00D942C43109259
:10898000630664E670E08EEF90E00D942C43109245
:10899000630662E370E080EF90E00D942C4380E08A
:1089A0000F94C6420E94D9C80D944E10CF92DF9208
:1089B000EF92FF92411104C02091EC042230D1F0DB
:1089C0009B016C01F12CE12C672BC9F49FB7F89443
:1089D000809102018460809302019FBFC701B601AC
:1089E0000F94BA1B9FB7F894809102018B7F8093FC
:1089F00002019FBFFF90EF90DF90CF900895220F6C
:108A0000331F50E040E060E074E284EF90E00F94A8
:108A100093BC91E02115310581E04807510544F0F0
:108A200086E056954795379527958A95D1F793E037
:108A3000215031094FB7F8948091A100887F892B8C
:108A40008093A1006091AC007091AD00269FC001A1
:108A5000279F900D369F900D1124509172006FEF5B
:108A600070E051FF04C06091A8007091A9000F94BC
:108A70006BBC7093AD006093AC003093A900209361
:108A8000A800809172008360809372004FBFC7017D
:108A9000B6010F94BA1B2FB7F8948091A100887F7C
:108AA00085608093A1004091AC005091AD003FEFF4
:108AB000349FC001359F900D1124309172006FEFEB
:108AC00070E031FF04C06091A8007091A9000F947C
:108AD0006BBC7093AD006093AC008FEF90E090930F
:108AE000A9008093A800809172008C7F809372000F
:108AF0002FBF78CFCF93C091EC04C23059F1C13071
:108B000069F480917205811125C040E070E060E059
:108B100080E590E00F94D644C093720560ED77E055
:108B20008FE695E00F94011E8823A1F08FE695E073
:108B30000F94081E8091EC04811108C040E070E0A1
:108B400060E080E590E0CF910D94D64480E0CF9135
:108B50000D94C642CF9108958230B9F08330E9F088
:108B6000813059F080910B01613029F4816080934C
:108B70000B01000008958E7FFACF80910B016111E7
:108B800002C08260F4CF8D7FF2CF80910B01613003
:108B900011F48460ECCF8B7FEACF80910B016111DF
:108BA00002C08064E4CF8F7BE2CFCF9380917D0EB3
:108BB000C1E08823A1F04091750E5091760E60912E
:108BC000770E7091780E21E83EE080917E0E9091B4
:108BD0007F0E0F949F82C82F811104C0C0E08C2F9C
:108BE000CF9108954091790E50917A0E60917B0E4D
:108BF00070917C0E411551056105710591F021E8D8
:108C00003EE080917E0E90917F0E0F949F8288238C
:108C100029F31092790E10927A0E10927B0E109218
:108C20007C0E10927D0EDBCFCF92DF92EF92FF92FF
:108C3000CF936B017C01C42F8091750E9091760EBD
:108C4000A091770EB091780E8C159D05AE05BF05ED
:108C500001F10F94D545811108C0C0E08C2FCF9150
:108C6000FF90EF90DF90CF90089521E83EE0B701AC
:108C7000A60180917E0E90917F0E0F94038388232E
:108C800061F3C092750ED092760EE092770EF0925C
:108C9000780ECC2321F081E080937D0EDFCFC1E000
:108CA000DDCF4F925F926F927F928F929F92AF92A1
:108CB000BF92CF92DF92EF92FF920F931F93CF93C9
:108CC000DF93EC01423051056105710590F480E0BD
:108CD000DF91CF911F910F91FF90EF90DF90CF9098
:108CE000BF90AF909F908F907F906F905F904F90CC
:108CF000089589859A85AB85BC850196A11DB11D16
:108D000084179507A607B70710F38F898031C9F537
:108D1000852E962EA72EBB248B899C89AD89BE8972
:108D2000880E991EAA1EBB1E280139016A017B010B
:108D300041E0C501B4010F941446882341F29F8994
:108D4000903181F5DD24EE24FF24F601EE0FFF1FA4
:108D5000EF57F14F118300839A89923008F4B8CF0E
:108D60004D815E816F817885840E951EA61EB71E8B
:108D70008092790E90927A0EA0927B0EB0927C0E29
:108D8000A7CF803209F0A3CF8B899C89AD89BE899A
:108D90004A015B01E7E0B694A79497948794EA951B
:108DA000D1F7BECFE894C7F8DD24EE24FF24F60106
:108DB000EE0FFF1FEE0FFF1FEF57F14F4082518262
:108DC00062827382C9CFCF92DF92EF92FF920F93AC
:108DD0001F93CF93DF93FC0181859285A385B48592
:108DE0000196A11DB11D84179507A607B70750F47A
:108DF00080E0DF91CF911F910F91FF90EF90DF9076
:108E0000CF90089587898031A9F5BB27A72F962F8A
:108E1000852FC388D488E588F6888C0D9D1DAE1DEE
:108E2000BF1DE9016A017B018F014091750E5091D0
:108E3000760E6091770E7091780E84179507A607CD
:108E4000B70749F5F8018789803169F5B701A601AF
:108E5000552766277727440F551F4F57514FFA0163
:108E600080819181B0E0A0E088839983AA83BB834D
:108E700081E0BFCF803209F0BBCFC388D488E588BA
:108E8000F688DB01CA01C7E0B695A7959795879547
:108E9000CA95D1F7C2CF40E0BC01CD010F94144672
:108EA0008111D0CFA5CFB701A6014F7755276627EF
:108EB0007727440F551F440F551F4F57514FFA0145
:108EC00080819181A281B381BF70CECF4F925F929A
:108ED0006F927F92AF92BF92CF92DF92EF92FF920A
:108EE0000F931F93CF93DF9300D01F92CDB7DEB7C0
:108EF0008C0149835A836B837C835901C12CD12C0B
:108F00007601412C82E0582E612C712C49815A81C6
:108F10006B817C819E012F5F3F4FC8010F94E34618
:108F2000882319F1F8018585A301920104C0220F5D
:108F3000331F441F551F8A95D2F7DA01C901C80EA5
:108F4000D91EEA1EFB1E49815A816B817C8187896B
:108F50008031F1F481E0483F5F4F61057105B0F267
:108F6000F501C082D182E282F3820F900F900F90C0
:108F70000F90DF91CF911F910F91FF90EF90DF90B5
:108F8000CF90BF90AF907F906F905F904F9008957B
:108F900081E0483F5F4F6F4F7F4008F4B7CFE0CF8D
:108FA000CF92DF92EF92FF921F93CF93DF93EC016A
:108FB000EB81E11109C080E0DF91CF911F91FF901B
:108FC000EF90DF90CF900895898180FFF4CF48859E
:108FD00059856A857B859A0131703AA329A3898DC9
:108FE0009A8D6A017B01F9E0F694E794D794C794CF
:108FF000FA95D1F7E23079F4FC01828D938DA48D3E
:10900000B58D8C0D9D1DAE1DBF1D8D8F9E8FAF8F9D
:10901000B8A381E0D1CFFC01148111501C21232B76
:1090200071F411110CC0452B462B472B31F58D895E
:109030009E89AF89B88D8C839D83AE83BF83E98D74
:10904000FA8D8C819D81AE81BF810297A109B10902
:10905000258504C0880F991FAA1FBB1F2A95D2F728
:109060004685578560897189840F951FA61FB71F94
:10907000810F911DA11DB11DC8CF4C815D816E81F5
:109080007F819E012C5F3F4F0F94E3468111D7CF24
:1090900092CFDF92EF92FF920F931F93CF93DF93C4
:1090A0008C01EB017A018DE0D82E40E250E0BE0148
:1090B000C8010F94BC838032910571F021E0892BA7
:1090C00009F420E0822F8195DF91CF911F910F91BC
:1090D000FF90EF90DF9008952881222309F43FC08C
:1090E000253E19F32E3209F33B853F733F3099F546
:1090F000E114F10481F14A8D5B8D452B61F52F71EF
:109100003FEF320F343038F52150330BD29EC0017F
:10911000D39E900D1124F701E80FF91F29812083B8
:109120002B8121832D8122832F81238329852483F1
:109130002E852583288926832A8927832C892087C1
:109140002E892187288D22872C8D23872E8D248799
:10915000288126FD15862B8523FDA7CFB5CF80E07E
:10916000B3CFCF93DF93EC018B81882349F18981C1
:1091700087FF22C061E0CE010F94E480FC01892BBF
:10918000F9F08081853EE1F08B81823040F489895D
:109190009A89AB89BC89848F958FA68FB78F8D896B
:1091A0009E89938F828F8D899E89AF89B88DB58B6B
:1091B000A48B89818F778983DF91CF910D94D545D9
:1091C00081E0888380E0DF91CF9108958F929F9214
:1091D000AF92BF92CF92DF92EF92FF920F931F93C5
:1091E000CF93DF93EC018B8181110EC080E0DF9182
:1091F000CF911F910F91FF90EF90DF90CF90BF9094
:10920000AF909F908F90089509891A892B893C8986
:10921000041715072607370748F34A015B01823018
:1092200031F488869986AA86BB8681E0E0CF8114D6
:109230009104A104B10449F41C821D821E821F8284
:10924000188619861A861B86F0CF088519852A8507
:109250003B85E98DFA8D858590E00996B901A801D5
:109260004150510961097109082E04C0769567952E
:10927000579547950A94D2F775016401E1E0CE1A3B
:10928000D108E108F10804C0F694E794D794C79494
:109290008A95D2F7C416D506E606F70620F0012B0C
:1092A000022B032B11F58D899E89AF89B88D8C8394
:1092B0009D83AE83BF838E010C5F1F4FC114D10409
:1092C000E104F10409F4ADCF4C815D816E817F81B1
:1092D0009801898D9A8D0F94E34691E0C91AD108BF
:1092E000E108F1088111EACF81CFC41AD50AE60A54
:1092F000F70AE1CFCF9380919E138130A1F485E5E9
:109300009DE40E9430BE853088F58093FA038AE0A0
:109310008093A80320E041E070E060E081E692E005
:10932000CF910D9486AB8FE59FE00F94A2BB811186
:10933000EECF80918E178230E1F40E942CC9982FD5
:109340009111E5CF88E39DE40F942F120E944157BD
:10935000C4E184E690E00E9444760E944657811161
:1093600002C0C150B1F781E080939002CF910D947B
:109370001FAE41E060E081EF91E50F941C1291E097
:10938000811190E081E080939002DACFCF93109228
:10939000DC03C3B141E75AE560E080E00E9410546D
:1093A00060E086E00E94FC53C4FB882780F90F949C
:1093B0009E0980919E13813099F4C1E080917413CD
:1093C000811101C0C0E04BE65AE560E08AE00E94EE
:1093D000105460E081E10E94FC538C2F0F949E0991
:1093E0000E942CC9C82F43EE5AE261E080E00E943F
:1093F000105461E081E10E94FC538C2F0F949E0970
:10940000CF910D94B6AEECE0F7E1408151816281DD
:109410007381480F591F611D711D40835183628301
:10942000738308952F923F924F925F926F927F9233
:109430008F929F92AF92BF92CF92DF92EF92FF9264
:109440000F931F93CF93DF9300D01F921F92CDB73E
:10945000DEB71C012A013B0100E210E0198299816C
:10946000892F90E09B838A83801791079CF5880F52
:10947000991F880F991F9D838C83820D931D9B8359
:109480008A83FC01C080D180E280F3808C819D8141
:109490000496820D931D9D838C83FC0180809180B6
:1094A000A280B380A5019401C701B6010F9453BFF8
:1094B000181664F4EA81FB8180829182A282B382D1
:1094C000EC81FD81C082D182E282F382F981FF5F6B
:1094D000F983C5CF0150110908F6F101E05CFF4F97
:1094E0002081318142815381C301B2010F946FB653
:1094F0006B017C0120E030E040E05FEB0F94BFBDEA
:1095000087FD10C020E030E040E05FE3C701B60116
:109510000F94BFBD18165CF4C12CD12CE12C8FE345
:10952000F82E05C0C12CD12CE12C9FEBF92EC701E0
:10953000B6010F900F900F900F900F90DF91CF9189
:109540001F910F91FF90EF90DF90CF90BF90AF9061
:109550009F908F907F906F905F904F903F902F9053
:1095600008950F94A71D60933E1370933F1380934B
:10957000401390934113089580918413882369F0D8
:1095800080918313882349F088E099E60E947E5DEC
:109590008091831381508093831308959F92AF929B
:1095A000BF92CF92DF92EF92FF920F931F93CF93D0
:1095B000DF93CDB7DEB7E0970FB6F894DEBF0FBEEE
:1095C000CDBF8C01E0906C13FE01319621E030E0BC
:1095D0005F01F12C40E1C42ED12C50E2952EC70141
:1095E000821B930BB6010F947FBCDC01BB27A15DEE
:1095F000BC4E9D968C91482F50E094E05595479530
:109600009A95E1F796EF940F9630A8F1405D40836C
:109610008F7096EF980F963080F1805D81839282F3
:109620002F5F3F4F339621313105C9F618AA81E8E3
:1096300099E60E94575B8BE799E60E94575BC80149
:109640000E94575B83E399E60E94575BC5010F9424
:10965000A7B4E0960FB6F894DEBF0FBECDBFDF9182
:10966000CF911F910F91FF90EF90DF90CF90BF901F
:10967000AF909F900895495ACACF895ACFCF9C0185
:10968000909143139A3011F4609342139150909348
:10969000431391110DC0C9010F94CE4A84E299E69B
:1096A0000E947E5D8AE08093431380914213089567
:1096B00080E00895CF93DF93CDB7DEB72E970FB636
:1096C000F894DEBF0FBECDBF2EE330E03A8329838E
:1096D000FE0133962CE0DF011D922A95E9F7DE01A9
:1096E0001296482FFC019D018E2F841B861740F493
:1096F000819190EE980F903608F08EE28D93F4CF22
:10970000F901E60FF11D10824EE050E067E879E6BE
:10971000CE0101960F9481B9892B59F44EE050E0A7
:10972000BE016F5F7F4F86E892E10F9414C2892BD0
:1097300061F081E899E60E94575B8BE799E60E9409
:10974000575BCE0101960F94A7B44EE050E0BE01E6
:109750006F5F7F4F86E892E10F9422C22E960FB67C
:10976000F894DEBF0FBECDBFDF91CF910895CF92A9
:10977000DF92EF92FF921F93CF93DF93CDB7DEB7C7
:1097800062970FB6F894DEBF0FBECDBF4E875F87DE
:10979000688B798B8A8B4983852F511131C080E387
:1097A0008A8311E0E1E0E10F81E090E08C0F9D1FE2
:1097B0008E0F911DFC018A899AE29083811127C046
:1097C00080E3818381E01E5F180FE1E0F0E0EC0FA1
:1097D000FD1FE10FF11D8AE080831F5FFE013196BE
:1097E0007F016F01C10ED11CEC14FD04B1F0F70133
:1097F00081917F0168E772E190E00F940ABAF4CF9B
:10980000BE016E5F7F4F0F94379F182FCBCFBF01E4
:109810006F5F7F4F0F94379FD6CF612FCE01019698
:109820000F945A4B0F94B14A62960FB6F894DEBF6C
:109830000FBECDBFDF91CF911F91FF90EF90DF90D2
:10984000CF9008958F929F92AF92BF92DF92EF9246
:10985000FF920F931F93CF93DF93CDB7DEB7679738
:109860000FB6F894DEBF0FBECDBF182F7B01D42EEC
:1098700007E50B8B8C8B7E8B6D8BCE0143960F9403
:10988000639F8F8B0E871F87F98AE88ACE010E9619
:109890000F94639F8A8B0983111127C080E38A8309
:1098A00081E0E1E0E80F21E030E02C0F3D1F2E0FBA
:1098B000311DF90190E2908302E0080FAA24A394DD
:1098C000B12CAC0EBD1EA00EB11CE114F10439F197
:1098D00014E0C7018827907F892B71F424E0EE0CF7
:1098E000FF1C2A95E1F71150F4CFBE016E5F7F4F48
:1098F000812F0F94379FD5CF4501882D8A19811765
:1099000090F48F2D82958F7094E0EE0CFF1C9A9549
:10991000E1F70F942D9FF40181934F01EECF80E387
:10992000F501808311E0100FE1E0F0E0EC0FFD1F86
:10993000E10FF11D8A899AE29083811121C080E3B1
:10994000818381E01F5F180FE1E0F0E0EC0FFD1F65
:10995000E10FF11D8AE080831F5F9E012F5F3F4F63
:1099600079015901A10EB11CEA14FB0479F0F70149
:1099700081917F0168E772E190E00F940ABAF4CF19
:10998000BF016F5F7F4F0F94379FDCCF612FCE01F8
:1099900001960F945A4B0F94B14AD09232136796A6
:1099A0000FB6F894DEBF0FBECDBFDF91CF911F91F0
:1099B0000F91FF90EF90DF90BF90AF909F908F90AE
:1099C000089520917D132F5F20937D13223078F42A
:1099D00030E0F901EE5DF649849125583C4EF901DD
:1099E000608170E049E00F94224C80E0089581E0AE
:1099F00008958F929F92AF92BF92CF92DF92EF9293
:109A0000FF92CF93DF9321EE36E130937F0E2093C8
:109A10007E0E1092FD1642E050E060E070E0409350
:109A2000E6165093E7166093E8167093E9161092C5
:109A30007D0E1092790E10927A0E10927B0E10927B
:109A40007C0E4FEF5FEFBA014093750E5093760E88
:109A50006093770E7093780E882309F470C040E00D
:109A600060E070E0CB010F94144681110DC0C0E09E
:109A70008C2FDF91CF91FF90EF90DF90CF90BF9030
:109A8000AF909F908F90089580913F108F7779F7D6
:109A900080914B1090914C10A0914D10B0914E10B0
:109AA00084369105A105B10510F3C0904710D09000
:109AB0004810E0904910F0904A10C114D104E1041C
:109AC000F104A9F240E0C701B6010F941446C82F73
:109AD000882369F280918C0E90918D0E81159240B1
:109AE00031F6A091910EAA2311F260918F0E709120
:109AF000900E6115710509F4BACF20918E0E2223C4
:109B000009F4B5CFA093F8162093EA1690E080E010
:109B100030E0E1E0F0E0D82FAF01082E02C0440FA2
:109B2000551F0A94E2F72417350769F041E0480F02
:109B300001968930910579F74093F31698CFC12C9F
:109B4000D12C7601BFCF8093F3162091970E3091E0
:109B5000980E50E040E02115310541F42091A50E0A
:109B60003091A60E4091A70E5091A80E2093EB16AF
:109B70003093EC164093ED165093EE1646015701C4
:109B8000860E971EA11CB11C8092F9169092FA16AF
:109B9000A092FB16B092FC16E091920EF091930EFB
:109BA000F093FF16E093FE16B0E00F9437BCDC0193
:109BB000CB01880D991DAA1DBB1D809300179093A2
:109BC0000117A0930217B093031725E0EE0FFF1FB4
:109BD0002A95E1F7E150FE4FEF2FFF27E6958E0F14
:109BE0009F1FA11DB11D8093F4169093F516A093AD
:109BF000F616B093F7168090940E9090950EB12CB7
:109C0000A12C8114910441F48090A10E9090A20E99
:109C1000A090A30EB090A40EC81AD90AEA0AFB0AB3
:109C2000C80CD91CEA1CFB1C04C0F694E794D7941A
:109C3000C794DA95D2F7C092EF16D092F016E09260
:109C4000F116F092F21685EFC8168FE0D806E104FF
:109C5000F10420F48CE08093FD1609CF80E125EF1C
:109C6000C2162FEFD206E104F10488F08091AD0E08
:109C70009091AE0EA091AF0EB091B00E80930017F0
:109C800090930117A0930217B093031780E280937B
:109C9000FD16EECE0F931F9360912117709122173E
:109CA00080912317909124170091750E1091760ED4
:109CB0002091770E3091780E601771078207930715
:109CC00039F140E00F9414468823F9F020912517CC
:109CD000309126174091151750911617609117175C
:109CE00070911817421B530B61097109413092E0C2
:109CF00059076105710520F040E052E060E070E036
:109D00004F57514F9AE0FA0190831F910F91089598
:109D100081E0FBCF20E030E040EA52E460E070E018
:109D200080EA92EC0D94AB9F90919F1391FD17C028
:109D30008823A9F092FD13C00F94A99F8091730E00
:109D40009091740E909394138093931380919F132A
:109D5000846080939F1382EF95E60D94CF9F0895C2
:109D600080919F1380FF47C08AE096E60F94CF9FB3
:109D700080918B1390918C13A0918D13B0918E13C1
:109D800040918713509188136091891370918A13C1
:109D9000409348075093490760934A0770934B07D5
:109DA00080934C0790934D07A0934E07B0934F07B5
:109DB00060E070E088E492E40F94CB9F80918F1371
:109DC00090919013A0919113B091921380935007AA
:109DD00090935107A0935207B093530760E070E04F
:109DE00080E791E40F94CB9F1092580780919F13C6
:109DF0008E7F80939F1308950F931F93CF9390911D
:109E00009F13911172C0C82F8FED95E60F94CF9FCD
:109E10000F94A99F0F945A3780915F0E811102C051
:109E20000E947A49CC2309F460C080919F1381601D
:109E300080939F138091500790915107A0915207F2
:109E4000B091530740914C0750914D0760914E07D8
:109E500070914F07009148071091490720914A07D8
:109E600030914B0700938713109388132093891325
:109E700030938A1340938B1350938C1360938D13FC
:109E800070938E1380938F1390939013A0939113DC
:109E9000B093921360E070E080EA91E40E94FE5279
:109EA00080914507882309F1809146078823E9F0CE
:109EB00080E090E0AAEFB2E48093480790934907CE
:109EC000A0934A07B0934B0710924C0710924D078E
:109ED00010924E0710924F0760E070E088E492E421
:109EE000CF911F910F910D94CB9FCF911F910F9107
:109EF0000895EF92FF920F931F93CF93DF931F92DA
:109F00001F92CDB7DEB7F82EE62E80E197E29A8356
:109F100089838A01169507958F2D0E940BC60150E3
:109F2000110978F028EC30E0AE014F5F5F4F68EE2A
:109F300073E08F2D0E94DCC46E2D8F2D0E9424C6ED
:109F4000EECF6E2D8F2D0E940BC60F900F90DF91DC
:109F5000CF911F910F91FF90EF900895EF92FF9294
:109F60000F931F93CF93DF93CDB7DEB72F970FB625
:109F7000F894DEBF0FBECDBFE4E9F2E110A211A25A
:109F800012A213A214A215A216A217A210A611A61D
:109F900010922D130FE213E1EE24E394F12CD8017B
:109FA0001196FC92EE9212961C92129782E81396EA
:109FB0008C9340E060E084E393E10F94879F40E05E
:109FC00060E089E393E10F94879FF8011786108A78
:109FD000118A128A138A8AE0848B40E060E0CE0105
:109FE00001960F94879F85E0FE013196DE0116965B
:109FF00001900D928A95E1F785E0FE013696A4E482
:10A00000B3E101900D928A95E1F7D8015A961C921E
:10A010005A975C961C921E925B9784E493E10F948E
:10A02000769FF801818F158E168E40E060E08EE4F9
:10A0300093E10F94879FD80194961C9240E060E0D2
:10A04000CE010B960F94879F85E0FE013B96DE01C3
:10A05000119601900D928A95E1F785E0FE01319607
:10A06000A4E5B3E101900D928A95E1F7F80112A6FB
:10A0700014A613A684E593E10F94769FD8019996D0
:10A080008C939997DD961C92DD978EE293E1DF9693
:10A090009C938E93DE97F0927013E0926F13109260
:10A0A00071131FEF109372130F94DF9F809373133C
:10A0B00010927413109275131092761310927813F5
:10A0C0001092771310927A131092791310927D13D5
:10A0D00010927E1310927F131092801383E080936E
:10A0E00083131092841385E080937B1384E1809323
:10A0F0007C1383E6809385138093861310928713D5
:10A10000109288131092891310928A1310928B1355
:10A1100010928C1310928D1310928E1310928F1335
:10A120001092901310929113109292131092941314
:10A1300010929313109295138EE290E890939713D8
:10A1400080939613109398131093991310929B1366
:10A1500010929A1310939C1382E080939D13109297
:10A160009E1310929F131092A0131092A11310929D
:10A17000A3131092A2131092A5131092A4130F947C
:10A18000B669E2E7F4E11092FA141092FD1410920D
:10A190001F151092221589E18093E1161092E416A2
:10A1A0001092E5161092FD161092041710920717E0
:10A1B0001092851710928717109286171092161614
:10A1C0001092151610928117109282171092831711
:10A1D00010928417109288171092891710928A177C
:10A1E00010928B1712821382108211821092141611
:10A1F00010922717E2E4F5E182EDDF011D928A95C6
:10A20000E9F71092C3141092C2141092C11485E899
:10A2100097E10F94081EEBE6F4E11182128213829B
:10A220001482158216821083EEE8F7E115821782F8
:10A2300016828AEB9CE496878587108A17860F948E
:10A24000A71D6093A2177093A3178093A4179093F0
:10A25000A5172F960FB6F894DEBF0FBECDBFDF91C6
:10A26000CF911F910F91FF90EF90089542E00F94CE
:10A27000F3B20D94A6B380918513833609F48FEF62
:10A2800008959FB7F894E5E0F1E0808180648083D1
:10A290009FBF08950F931F93CF93DF93EC010F940B
:10A2A000A71D8B010F9438828F3F69F00F94A71D73
:10A2B000601B710B6C177D07A8F380E0DF91CF91D5
:10A2C0001F910F91089581E0F9CF84E097E10F94F9
:10A2D000B14884E097E10F94DB80E2E7F4E110827B
:10A2E000118208952F923F924F925F926F927F92C8
:10A2F0008F929F92AF92BF92CF92DF92EF92FF9296
:10A300000F931F93CF93DF9300D000D000D01F9204
:10A31000CDB7DEB72B013C0149015A0120E030E006
:10A3200040EC51E40F94C9BC20E030E04CE952E429
:10A330000F94C9BD6B017C010F9471BE0F943BBE9D
:10A34000312C212C77FD1EC01B01663071051CF0DD
:10A3500045E0242E312C822D0F9427A420E030E0FC
:10A3600048EB51E40F94CABC9B01AC01C301B2019C
:10A370000F94C9BC20E030E04CE952E40F94C9BD11
:10A380006B017C0120E030E040EC50E4C501B401F9
:10A390000F94C9BC20E030E048E052E40F94C9BDFE
:10A3A00069837A838B839C830F9471BE0F943BBE29
:10A3B00077FDDAC07A8769876630710524F0E5E0B9
:10A3C000F0E0FA87E98789850F9414A420E030E053
:10A3D00040EA50E40F94CABC9B01AC01C501B40132
:10A3E0000F94C9BC20E030E048E052E40F94C9BDAE
:10A3F00069837A838B839C83A701960160E070E078
:10A4000080E89FE30F94C9BC2B013C0191012F5FB1
:10A410003F4F3E832D8389859A85019698878F8348
:10A4200027E0E985FA852E9F80012F9F100D1124CA
:10A43000F801E20DF31DEE0FFF1FEE0FFF1FEA55AF
:10A44000FC4E2181328143815481C301B2010F94BA
:10A450006FB64B015C01ED81FE81E00FF11FEE0F45
:10A46000FF1FEE0FFF1FEA55FC4E21813281438111
:10A470005481C701B6010F946FB69B01AC01C501B1
:10A48000B4010F94CABC4B015C0129813A814B8114
:10A490005C8160E070E080E89FE30F94C9BC9B01A1
:10A4A000AC01C501B4010F946FB64B015C0127E00C
:10A4B000EF81F8852E9FC0012F9F900D11249A8760
:10A4C0008987FC01E20DF31DEE0FFF1FEE0FFF1F4A
:10A4D000EA55FC4E2181328143815481C301B2018E
:10A4E0000F946FB62B013C0189859A85ED81FE8121
:10A4F0008E0F9F1F880F991F880F991F8A559C4E9A
:10A50000FC012181328143815481C701B6010F943E
:10A510006FB69B01AC01C301B2010F94CABC298183
:10A520003A814B815C810F946FB69B01AC01C501F0
:10A53000B4010F94CABC2A960FB6F894DEBF0FBEC2
:10A54000CDBFDF91CF911F910F91FF90EF90DF90E2
:10A55000CF90BF90AF909F908F907F906F905F90C3
:10A560004F903F902F9008951A86198645CF8FE817
:10A5700099E60E94575B60E08CEA9CE00E94105ACA
:10A58000813021F483EB93E60C947E5D8FEA93E6B1
:10A59000FBCFBC01990F880B990B0F9432AF0D9430
:10A5A000A6B30F931F93CF93DF93EC010F9460B981
:10A5B0008C018036910508F085C08091861081114C
:10A5C00005C00E94C35A81E08093861040917612A4
:10A5D00050917712809184109091851048175907F7
:10A5E00041F42091871030918810121613060CF454
:10A5F00069C02091821030918310121613060CF05E
:10A6000041C09C012F593F4F84179507E8F54450EE
:10A610005109401B510B421753070CF453C0509380
:10A620007712409376128091761290917712FC0106
:10A63000E757FF4E23E02083BE0184579F4E0F94BF
:10A6400059B9809187109091881001969093881045
:10A650008093871081E899E60E94575B82E699E62D
:10A660000E94575B809176129091771284579F4E8B
:10A670000E94FE7080E699E6DF91CF911F910F91C5
:10A680000C947E5D9C01C0CFC80104964817590701
:10A6900028F044505109401B510BC1CF89EE91E085
:10A6A000BC01601B710B8B01621773075CF070E0DB
:10A6B00060E089E890E10F94D4C110937712009381
:10A6C0007612B1CF89E599E60E94575B82E699E65A
:10A6D0000E94575BCE010E94575B82E499E6CCCF83
:10A6E000AB01BC0184E097E10F94E648811102C000
:10A6F00080E0089584E097E10F94D0478823C1F368
:10A7000020912517309126172F57314F309320175E
:10A7100020931F1708958F929F92AF92BF92CF926E
:10A72000DF92EF92FF920F931F93CF93DF93CDB7FA
:10A73000DEB7EE970FB6F894DEBF0FBECDBF8091A7
:10A74000C2148F938091C1148F938DEF98E69F93DD
:10A750008F938E010F5D1F4F1F930F930F94B9BA04
:10A760000F900F900F900F900F900F90F12CF80119
:10A7700001900020E9F73197E01BF10BFE1684F4FD
:10A780006801CF0CD11CF7FCDA94F6018081082E09
:10A79000000C990B0F94B6C1F6018083F394E7CFB8
:10A7A0008AEF94E10E94335BA12CCE0101967C01DB
:10A7B00087EFC82E84E6D82E8091FD14823008F4ED
:10A7C00050C08091021590910315A0910415B0918D
:10A7D00005158F719927AA27BB27892B8A2B8B2BCD
:10A7E00009F03FC050E040E0B7018AEF94E10F94D8
:10A7F00049481816B4F5B12CF70101900020E9F78B
:10A800003197EE19FF09BE1674F447018B0C911CA9
:10A81000B7FC9A94F401808190E00F94B6C1F401E2
:10A820008083B394E9CF8A858E3731F245E050E0DA
:10A83000B801C7010F9414C2892B09F0BDCF1F9333
:10A840000F93DF92CF920E94A07161E083EF94E6B4
:10A850000E940A710F900F900F900F90AA24A3945A
:10A86000ABCF8FEF9FEFAA2029F08091C114909178
:10A87000C21401969093C2148093C114EE960FB641
:10A88000F894DEBF0FBECDBFDF91CF911F910F9126
:10A89000FF90EF90DF90CF90BF90AF909F908F9000
:10A8A00008958F929F92AF92BF92CF92DF92EF92D4
:10A8B000FF920F931F93CF93DF9300D01F92CDB7DA
:10A8C000DEB7FC018381813011F080E060C08181BE
:10A8D00081FFFBCF81899289A389B489892B8A2B37
:10A8E0008B2B09F46EC07F0140E050E0BA01CF012C
:10A8F0000F94E648882349F3F701C18CD28C8588F0
:10A900009688A788B08C82E090E0A0E0B0E0F601E5
:10A9100080839183A283B3839E012F5F3F4FB50154
:10A92000A401C6010F94E346882379F200E010E009
:10A930009801B501A401C6010F945146882329F25C
:10A9400089809A80AB80BC80F6018789803181F54F
:10A95000F8EF8F16FFEF9F06A104B104E8F2F701AC
:10A96000158A168A178A108E118A128A138A148AF7
:10A97000818180688183C7010F94B148882309F4DD
:10A98000A4CF40E050E0BA01C7010F94E6480F9011
:10A990000F900F900F90DF91CF911F910F91FF902B
:10A9A000EF90DF90CF90BF90AF909F908F900895E1
:10A9B00088EF88168FEF9806A8068FE0B80678F61D
:10A9C000ABCF81E0E4CF2F923F924F925F926F9294
:10A9D0007F928F929F92AF92BF92CF92DF92EF922F
:10A9E000FF920F931F93CF93DF93CDB7DEB7C65778
:10A9F000D1090FB6F894DEBF0FBECDBF4C016B017D
:10AA00003A01E5962FAFE597502E2DB63EB6102FA2
:10AA100011708091800E8F5F8093800EFB01808586
:10AA20009185A285B3858093871490938814A09311
:10AA30008914B0938A14412C5E01F7E6AF0EB11C65
:10AA4000F6018381823008F4C0C180859185A2859A
:10AA5000B3858F719927AA27BB27892B8A2B8B2B2C
:10AA600009F0B3C110928B144BE854E1BE01695B4D
:10AA70007F4FC6010F94494818160CF0A6C180916B
:10AA8000800E873008F0A1C128968FAD28978823C3
:10AA900009F49BC1853E09F439C18E3209F436C1EF
:10AAA00080918B148E3209F431C163968FAD639718
:10AAB000982F9A7009F02AC1887191E0803119F0BD
:10AAC00090E0803131F4E596FFADE597FF2309F47E
:10AAD00094C09093C014803161F060968FAD609700
:10AAE000873409F013C161968FAD61978E3709F4F1
:10AAF0000DC1E596FFADE597F13009F41BC1F230C9
:10AB000009F425C1BE01695B7F4F86E794E10E948D
:10AB10001D5BC4010E94FE7086E794E10E94FE70F6
:10AB200080E20E943E5BA7966CAD7DAD8EAD9FAD81
:10AB3000A7974AE00F94BCAE51FE45C0A1962EAD3A
:10AB40003FADA19730938614209385146F964EAD38
:10AB50005FAD6F97509384144093831469968EADC4
:10AB60009FAD69972817390750F02817390799F4CE
:10AB700067962EAD3FAD67974217530760F49093E9
:10AB800086148093851467968EAD9FAD67979093DA
:10AB9000841480938314809186148F9380918514FC
:10ABA0008F93809184148F93809183148F932AEDD7
:10ABB00038E63F932F930F9464BA0F900F900F9045
:10ABC0000F900F900F90112399F080918B14882390
:10ABD00009F4BAC08BE894E19F938F93E4EDF8E613
:10ABE000FF93EF930F9464BA0F900F900F900F9014
:10ABF0000F94A6B30F94AA2C89C02DB73EB7E79641
:10AC00003FAF2EAFE797BE01695B7F4FC5010E9442
:10AC10001D5BF4018081882309F486C00190002027
:10AC2000E9F73197E819F909D5010D900020E9F706
:10AC3000EA19FB09EA0FFB1F31962DB73EB72E1B11
:10AC40003F0B0FB6F8943EBF0FBE2DBFEDB7FEB75A
:10AC500031967F0166E273E08111B401C7010F9460
:10AC60000DC2B501C7010F94EEC166E273E0C701E2
:10AC70000F94EEC11123A9F080918B14811157C05C
:10AC8000C5019F938F93FF92EF9229EE38E63F9391
:10AC90002F930F9464BA0F900F900F900F900F9016
:10ACA0000F901CA21FA221E0A501B601CE0184963F
:10ACB0000F944FB583E2FE01B496DE011196019028
:10ACC0000D928A95E1F710FB50F8052D20E050E039
:10ACD00040E0BE016F5F7F4FC7010F94E354CE0188
:10ACE00001960E94385B112321F080EE98E60F94C4
:10ACF0008BBACE0184960E94385BE796EEADFFAD2D
:10AD0000E7970FB6F894FEBF0FBEEDBFF601808542
:10AD10009185A285B3858093871490938814A0931E
:10AD20008914B0938A148CCEE1E0F0E07DCF8BE8FB
:10AD300094E1A7CF80918C1790918D1701969093F5
:10AD40008D1780938C17E2CF86E794E145CFBE0143
:10AD5000695B7F4F86E794E10E941D5BA1962EAD53
:10AD60003FADA19730938614209385146F964EAD16
:10AD70005FAD6F97509384144093831469968EADA2
:10AD80009FAD69972817390750F02817390799F4AC
:10AD900067962EAD3FAD67974217530760F49093C7
:10ADA00086148093851467968EAD9FAD67979093B8
:10ADB0008414809383146114710459F166E774E17B
:10ADC000C3010F94DBC1892B59F58091800E81500E
:10ADD0008093800E0FB6F8943EBE0FBE2DBECA58AB
:10ADE000DF4F0FB6F894DEBF0FBECDBFDF91CF911E
:10ADF0001F910F91FF90EF90DF90CF90BF90AF9099
:10AE00009F908F907F906F905F904F903F902F908A
:10AE1000089580918C1790918D1748161906A9F204
:10AE2000439474CFCF92DF92EF92FF920F93CF9320
:10AE3000DF93CDB7DEB7A3970FB6F894DEBF0FBE92
:10AE4000CDBF6C018DE1E82E85E1F82E8FE195E113
:10AE5000D7018D939C9310928D1710928C170E949E
:10AE6000335B00E00E7F0D7FD701ED91FC9183E213
:10AE7000DE01119601900D928A95E1F722E0A6017C
:10AE8000BE016F5F7F4F85EF92E00F94E354CE01D8
:10AE900001960E94385BA3960FB6F894DEBF0FBEF2
:10AEA000CDBFDF91CF910F91FF90EF90DF90CF90CA
:10AEB0000895EF92FF920F93CF93DF93CDB7DEB754
:10AEC000A3970FB6F894DEBF0FBECDBF2DE1E22EE3
:10AED00025E1F22E2FE135E1D7012D933C9310921D
:10AEE0008D1710928C17B0E0A0E0AC01BD01E5E039
:10AEF000440F551F661F771FEA95D1F7C9010F94BC
:10AF0000E64800E00E7F0D7FD701ED91FC9183E2D2
:10AF1000DE01119601900D928A95E1F722E050E052
:10AF200040E0BE016F5F7F4F85EF92E00F94E354E6
:10AF3000CE0101960E94385BA3960FB6F894DEBF4F
:10AF40000FBECDBFDF91CF910F91FF90EF9008958D
:10AF5000CF92DF92EF92FF920F93CF93DF93CDB713
:10AF6000DEB7A3970FB6F894DEBF0FBECDBF8DE15D
:10AF7000C82E85E1D82E8FE195E1D6018D939C9363
:10AF80002CE8E22E27E1F22EF701118210820E94B6
:10AF9000335B00E00E7F0D7FD601ED91FC9183E2E3
:10AFA000DE01119601900D928A95E1F721E050E0C3
:10AFB00040E0BE016F5F7F4F85EF92E00F94E35456
:10AFC000CE0101960E94385BF70180819181A396A2
:10AFD0000FB6F894DEBF0FBECDBFDF91CF910F91BA
:10AFE000FF90EF90DF90CF900895CF93DF938FE2A3
:10AFF0000E943E5BC0E0D9E080911416C81760F44F
:10B00000CD9FC00111248C539B4E0E94FE708FE295
:10B010000E943E5BCF5FF0CF80918B14811106C000
:10B0200086E794E1DF91CF910C94FE708BE894E178
:10B03000F9CFCF92DF92EF92FF926B017C0188EA09
:10B040009CE00F94AABBAB01BC014C0D5D1D6E1DB5
:10B050007F1D88EA9CE0FF90EF90DF90CF900D94E9
:10B06000F8BBCF93DF93EC010F94AABB6F3F2FEF98
:10B0700072078207920749F440E050E0BA01CE011E
:10B080000F94F8BB60E070E0CB01DF91CF910895A1
:10B090000F931F93CF93DF930F944A4E882339F178
:10B0A00020911F1730912017E9011BEF88818B3306
:10B0B00051F5FE0161916A30E9F7EF01CF01815846
:10B0C0009E4081309240E4F0CE01821B930B0197A9
:10B0D0000F94034A84E097E10F94D047882339F016
:10B0E0000F944A4E21E83EE0E9018111E2CF81E868
:10B0F00090E19093201780931F17CFEFDFEF34C0BC
:10B100001150C1F52197CE01821B930B01960F942C
:10B11000034ACE010196C881D0E000910C1710912E
:10B120000D1720910E1730910F1740911517509160
:10B13000161760911717709118170417150726072F
:10B140003707A8F69C0121583E402115324044F0B3
:10B1500084E097E10F94D047882349F281E89EE08C
:10B160009093201780931F17CE01DF91CF911F91ED
:10B170000F91089588818B3309F498CFC3CF2FB7EF
:10B18000F8948091991790919A172FBF0895809104
:10B190009717882341F0813019F483E993E60895E5
:10B1A00085E893E6089581EA93E60895CF93209188
:10B1B000730E3091740E232BB9F42091710E3091DF
:10B1C000720E232B89F420916F0E3091700E275749
:10B1D000314051F490919717981711F09F3F21F447
:10B1E00080918E17823031F01092A01710929F1725
:10B1F000CF91089580919F179091A0170196853067
:10B20000910528F49093A01780939F17F1CFC62F34
:10B210001092A01710929F176093971788E49DE0F3
:10B220000F94C6BB0E9412F881EA93E6C13011F474
:10B2300083E993E6CF910C94B5EE2F923F924F9213
:10B240005F926F927F928F929F92AF92BF92CF92B6
:10B25000DF92EF92FF920F931F93CF93DF93CDB7BF
:10B26000DEB7ED970FB6F894DEBF0FBECDBF1092DC
:10B270001616109215161092E0161092DF16809195
:10B28000030180FDF1C089E09FE00F94A2BB382E3E
:10B2900082E0809397020F94A8576C01009709F4FD
:10B2A000E0C08536910570F032E0331641F08091B0
:10B2B0006C0E811104C084E393E60F94B212F4E69D
:10B2C000CF2ED12CD0921616C092151667E1662E9D
:10B2D00066E1762EF12CE12C7FE1A72E75E1B72EE9
:10B2E00088248394912C8091030180FDBDC00F942C
:10B2F000AA2CE114F10409F0D0C090E080E00F9492
:10B3000012578091871490918814A0918914B0915C
:10B310008A1455E0B695A795979587955A95D1F7D4
:10B32000F301819391933F01FFEFEF1AFF0ACE14CF
:10B33000DF04C9F621E0E216F10409F492C032E01C
:10B34000331609F48EC020916C0E21118AC090939F
:10B35000E0168093DF16EE9CC001EF9C900D900DDF
:10B36000112466E273E6969587950F94E6A939E174
:10B37000A32E36E1B32E912C812CCC24C394D12C56
:10B38000C4010F94B7A98C0C9D1CF5010190F081AC
:10B39000E02DF9AFE8AFCF010F94595780918B148E
:10B3A00066E774E1882311F06BE874E1CE01019641
:10B3B0000F940DC2609085147090861420918314B0
:10B3C000309184143BAF2AAF2090C014BFAAAEAA1C
:10B3D00086018091030180FD47C00F94AA2CC8010B
:10B3E00001979DAF8CAFEEA9FFA952904290FFABA1
:10B3F000EEABC2010F94595780918B1466E774E14C
:10B40000882311F06BE874E131108AC08091C01478
:10B41000281283C08091851490918614681679064D
:10B4200009F06CC080918314909184142AAD3BADD7
:10B430008217930708F066C0000F111FF801E95E3C
:10B44000F94E28AD39AD318320833FEFC31AD30ABB
:10B4500082E0A80EB11CEC14FD0409F091CF0F940A
:10B46000D8A981E080939702ED960FB6F894DEBFDD
:10B470000FBECDBFDF91CF911F910F91FF90EF9045
:10B48000DF90CF90BF90AF909F908F907F906F9004
:10B490005F904F903F902F90089540918714509166
:10B4A00088146091891470918A14B0921E15A0922C
:10B4B0001D1590928D1780928C178FE195E10F9456
:10B4C000E6481E7F1D7FE0911D15F0911E1583E259
:10B4D000DE01119601900D928A95E1F7012F22E08D
:10B4E00050E040E0BE016F5F7F4F85EF92E00F9428
:10B4F000E354CE0101960E94385B03CF8615970571
:10B5000008F49ACFEEA9FFA9538242820CAD1DAD7B
:10B510000115110509F05DCF8FCF222099F38CCF53
:10B5200031E03312EFCF8091C014281207C0CE0152
:10B5300001960F94DBC197FDE5CF7ECF2110E2CFBE
:10B540007BCFCF92DF92EF92FF920F931F93CF9317
:10B55000DF93CDB7DEB7A3970FB6F894DEBF0FBE6B
:10B56000CDBF7C01062F19821C82809122159FE19C
:10B57000C92E95E1D92E811104C08AEFC82E84E12D
:10B58000D82E21E0A701B601CE0101960F944FB548
:10B59000182F882321F180911416853000F529E0B9
:10B5A000829FC0011124B7018C539B4E0F940DC292
:10B5B000C7010F9431C280911416863080F183E266
:10B5C000FE013196AFE1B5E101900D928A95E1F768
:10B5D000002309F44CC00F941D59102F0CC081E8B2
:10B5E00099E60E94575B8DED94E60E94575BC70178
:10B5F0000F94A7B410E0CE0101960E94385B812F12
:10B60000A3960FB6F894DEBF0FBECDBFDF91CF91EA
:10B610001F910F91FF90EF90DF90CF9008958F5F73
:10B620008093141693E28150C8F0282F30E0A901CE
:10B630004F5F5F4F949FD001959FB00D1124AE5B7B
:10B64000BA4E929FF001939FF00D1124EE5BFA4EDB
:10B65000292F01900D922A95E1F7E5CF83E2F601BB
:10B66000A2E4B5E101900D928A95E1F7A8CF81E0BF
:10B670008093C314C0CF93E2EAEFF4E1AFE1B5E108
:10B6800001900D929A95E1F7109214162FE135E191
:10B6900030931E1520931D1581110D941D5981E0C5
:10B6A0008093C31408958F929F92AF92BF92CF92CE
:10B6B000DF92EF92FF920F931F93CF93DF93CDB75B
:10B6C000DEB72D970FB6F894DEBF0FBECDBF2AEFC1
:10B6D00034E130931E1520931D15DC01ED91FC9192
:10B6E0003097A1F481E02D960FB6F894DEBF0FBE1F
:10B6F000CDBFDF91CF911F910F91FF90EF90DF9021
:10B70000CF90BF90AF909F908F90089520812F325F
:10B7100009F047C06C0180E00F943B5BF6010081AB
:10B7200011810F5F1F4F9FE1892E95E1992ED8015E
:10B730008C918823B9F26FE270E0C8010F94F9C1CF
:10B740005C01009751F10817190738F57C01E01AE0
:10B75000F10ABDE0EB16F10418F08CE0E82EF12CB4
:10B76000A701B801CE0101960F9422C2E1E0F0E0FA
:10B77000EC0FFD1FEE0DFF1D108260E0CE01019663
:10B780000F94A15A882309F4AECF90921E1580928F
:10B790001D1585010F5F1F4FCACFF601118300836E
:10B7A000A1CF8FE195E190931E1580931D159ACF3F
:10B7B000BF92CF92DF92EF92FF920F931F93CF939E
:10B7C000DF931F921F92CDB7DEB72091751422230D
:10B7D00009F4EFC07C0180910717882309F404C1A4
:10B7E0006111F6C0D0902717DD2021F08FE998E68F
:10B7F0000E94095E81E899E60E94575B86E898E618
:10B800000E94575BC7010E94FE708BE798E60E947A
:10B81000575B0091271725E5029F80011124045DE5
:10B82000184E8FE2F80181938F01CC24C39483E2F8
:10B83000B82E80911416D816B0F4DB9CC0011124E8
:10B84000B8018E5B9A4E0F94FE80C8018C01019660
:10B85000F8012081222329F0F4E5FC1510F0C394AF
:10B86000F5CFD394E6CF27E42C1508F4AEC0B80189
:10B8700084E097E10F94FE8080912717F5E58F9F74
:10B88000C0011124845D984E0E94FE7085E798E601
:10B890000E94575B609188177091891780918A1771
:10B8A00090918B174AE00F94BCAE0F94A6B3809191
:10B8B000271724E0829FF0011124E85DF84E4091A3
:10B8C00088175091891760918A1770918B17408360
:10B8D0005183628373838F5F8093271784E097E19E
:10B8E0000F94DB8010927414FA82E982CE010196E3
:10B8F0000F94535B882309F45CC049815A8160919D
:10B900001D1570911E1521E084E097E10F944FB54D
:10B91000882309F477C084E097E10F94D047882307
:10B9200009F470C080912517909126178F57914F79
:10B930009093201780931F1789819A810F94125733
:10B940008091151790911617A0911717B09118179D
:10B950008093811790938217A0938317B0938417D5
:10B9600085E498E60E94575B0F94F5578DE398E6BF
:10B970000E94575B609181177091821780918317A5
:10B98000909184174AE00F94BCAE0F94A6B3109226
:10B9900088171092891710928A1710928B178FE2CE
:10B9A00098E60E947E5D8FE298E60E94B5EE1092C6
:10B9B0006E0E0F900F90DF91CF911F910F91FF901E
:10B9C000EF90DF90CF90BF900895F801108254CF90
:10B9D00081E899E60E94575B84E698E60E94575BEF
:10B9E000C7010F94A7B47ACF1092271781E899E680
:10B9F0000E94575B83E598E60E94575BC7010F944E
:10BA0000A7B470CF89EC94E60E94575B89819A8134
:10BA10000E94FE708EE20E943E5B0F94A6B3C9CFD7
:10BA20000F945A3784E097E10F94DB8080912717B9
:10BA3000882369F181508093271725E5829FC001F3
:10BA4000112461E0845D984E0F94D85BE091271734
:10BA500084E0E89FF0011124E85DF84E6081718177
:10BA600082819381609388177093891780938A17D6
:10BA700090938B170F94705380917514882371F0F5
:10BA800081E08093741485E080936D0E0895109288
:10BA9000741483E080936D0E0C94BE6B0895CF9266
:10BAA000DF92EF92FF920F931F93CF93DF93082FB4
:10BAB000109275148091FD14882321F08AEF94E18F
:10BAC0000F94DB801092E4161092E1160F94A71DDC
:10BAD000EB010F9441518091040180648093040133
:10BAE0002398229A219A209A289A85E08093E21638
:10BAF00082E58CBD1DBC1AE08FEF0F94338211508C
:10BB0000D9F72B9A20E030E0A90160E081EE96E1C0
:10BB10000F943F828093E316813061F00F94A71D4C
:10BB20006C1B7D0B613D774068F32B9881E080931F
:10BB3000E11622C02B980F94A71DEB0182E298E634
:10BB40000E947E5D8FEF0F9433820F943882809332
:10BB5000E3168F3F59F18FEF0F9433820F94A71D97
:10BB60006C1B7D0B6232710580F382E08093E116DD
:10BB700081E198E60E947E5D0F94415181E899E64B
:10BB80000E94575B8CEB94E60E947E5D8091751459
:10BB9000882309F49AC0802FDF91CF911F910F91D4
:10BBA000FF90EF90DF90CF900D943B5B2AEA31E05D
:10BBB00040E050E068E081EE96E10F943F8282FF22
:10BBC0002BC081E08093E4168091E416C12CD12C27
:10BBD0007601823029F4C12CD12CE12C80E4F82E9E
:10BBE00020E030E0A90167E381EE96E10F943F8207
:10BBF000A701960169E281EE96E10F943F8280935E
:10BC0000E3168823B1F00F94A71D6C1B7D0B613DDB
:10BC1000774030F38AE08BCF14E00F943882809322
:10BC2000E3161150D1F78A3A11F082E080CF82E01A
:10BC3000C9CF8091E4168230D1F420E030E0A90130
:10BC40006AE381EE96E10F943F82882311F088E049
:10BC50006ECF0F943882807C803C19F483E080930F
:10BC6000E4160F9438820F9438820F9438820F9420
:10BC700041511092E21681E00F94F94C81110CC0F1
:10BC800080E00F94F94C811107C089E599E60E9484
:10BC9000575B89EA94E678CF66EE76E18AEF94E125
:10BCA0000F948B80811107C089E599E60E94575B4C
:10BCB00089E994E669CF81E08093751481E899E67B
:10BCC0000E94575B8EE894E65FCFDF91CF911F9182
:10BCD0000F91FF90EF90DF90CF9008954F925F9279
:10BCE0006F927F928F929F92AF92BF92CF92DF928C
:10BCF000EF92FF924B015C016091730E7091740E94
:10BD0000072E000C880B990B0F9430B620E030E022
:10BD1000A9010F94BFBD8823D1F010926B0ECC24E3
:10BD2000CA94DC2C760198EE492E93E0592E612CB2
:10BD3000712C80916B0E81110AC02FEFC216D206B2
:10BD4000E206F20689F480916A0E8230B9F4FF901F
:10BD5000EF90DF90CF90BF90AF909F908F907F90AB
:10BD60006F905F904F900895F7FCF1CF0F94A71D4F
:10BD70006C197D09683B7B4030F3E9CF0F94A71D18
:10BD8000681979098A099B09693E73408105910503
:10BD900008F442C080916C0E81113AC08EE098E6A2
:10BDA0000E94575B6091660E7091670E8091680EDD
:10BDB0009091690E41E00F94F3B28AE098E60E94F8
:10BDC000575B60E070E0CB010F9432AF86E098E6FD
:10BDD0000E94575BF7FC52C00F94A71D4601570104
:10BDE00058EB850E5BE0951EA11CB11CA5019401CA
:10BDF000261B370B480B590BCA01B901A30192014D
:10BE00000F9415BCCA01B9010F9432AF0F94A6B3B9
:10BE10000F94A71D4B015C0190E080E00E944476E6
:10BE20003FEFC316D306E306F30609F046C0809140
:10BE3000650E6091730E7091740E882319F1072EB0
:10BE4000000C880B990B0F9430B620E030E040E8EE
:10BE50005FE30F94C9BC9B01AC016091660E7091C9
:10BE6000670E8091680E9091690E0F9453BF87FD05
:10BE700060CF0F94A71D6B017C015BCF8FE30E9405
:10BE80003E5BC4CF072E000C880B990B0F9430B685
:10BE900020E030E040E85FE30F94CABC9B01AC01B6
:10BEA0006091660E7091670E8091680E9091690E98
:10BEB0000F94BFBD1816ECF63CCFF7FC3ACF60915B
:10BEC000730E7091740E072E000C880B990B0F9453
:10BED00030B69B01AC016091660E7091670E809147
:10BEE000680E9091690E0F94C9BC9F7720E030E0F6
:10BEF00040EA50E40F9453BF18160CF01ACFB9CF94
:10BF00001F93CF93DF93EC01162F80917113833031
:10BF100009F44DC08C3109F451C080919613909171
:10BF200097138C179D0771F1D0939713C0939613B5
:10BF300010939813CE010F94E19FE82FF0E0EE0FDD
:10BF4000FF1FE65CF849859194910F94CF9FC13013
:10BF5000D105C1F0CC3080E8D807A1F0C93280E823
:10BF6000D80781F00F94EB9ECE0188279E77892B0E
:10BF700049F08091A4139091A51301969093A51375
:10BF80008093A413809183138823D9F011E0109338
:10BF9000640ECE010F9456A28F3F99F01093841334
:10BFA00087E297E6DF91CF911F910C947E5D10920E
:10BFB000A1130F9488981092620EAFCF1092A01325
:10BFC000F8CF109284138091630E811106C0CE01C8
:10BFD000DF91CF911F910D9432A1DF91CF911F91ED
:10BFE00008952F923F924F925F926F927F928F921D
:10BFF0009F92AF92BF92CF92DF92EF92FF920F93F8
:10C000001F93CF93DF9300D01F92CDB7DEB75C01B3
:10C010004B0180910717813009F0DEC08091051730
:10C0200081FFDAC082FDBCC07401212C32E0332EC6
:10C0300000910C1710910D1720910E1730910F17CA
:10C04000E114F10409F430C180911D1790911E177D
:10C05000DC0114967C907A94B901A80129E07695C8
:10C060006795579547952A95D1F7742211707110ED
:10C0700025C00115110511F54091081750910917B8
:10C0800060910A1770910B174115510561057105F3
:10C0900009F0A8C08091191790911A17A0911B1749
:10C0A000B0911C170097A105B10509F0B4C084E058
:10C0B00097E10F943881882309F48EC0C101801B59
:10C0C000910B67018E159F0508F46C01E0911D1717
:10C0D000F0911E178091081790910917A0910A17E7
:10C0E000B0910B170297A109B109258504C0880FEB
:10C0F000991FAA1FBB1F2A95D2F7468557856089CD
:10C100007189840F951FA61FB71F9C01AD01270DD4
:10C11000311D411D511D29013A01C11432E0D306E0
:10C1200009F08AC08091750E9091760EA091770EDD
:10C13000B091780E481659066A067B0669F410928B
:10C140007D0E8FEF9FEFDC018093750E9093760E3E
:10C15000A093770EB093780E9501B301A201809160
:10C160007E0E90917F0E0F949F828823A9F180917B
:10C170000C1790910D17A0910E17B0910F178C0D01
:10C180009D1DA11DB11D80930C1790930D17A093B9
:10C190000E17B0930F17AC0CBD1CEC18FD0848CF60
:10C1A0004091151750911617609117177091181735
:10C1B00080910C1790910D17A0910E17B0910F1749
:10C1C000481759076A077B0709F42ECF84E097E1E7
:10C1D0000F94E648811128CF81E0809304178FEFF8
:10C1E0009FEF81C09E012F5F3F4F0F94E34688234E
:10C1F00099F389819A81AB81BC81E0911D17F091FF
:10C200001E172789203181F4883FEFEF9E07A10593
:10C21000B10508F04CCF8093081790930917A093AD
:10C220000A17B0930B174ACF883FFFEF9F07AF075E
:10C23000FFE0BF0780F33BCF0115110569F5409181
:10C240000C1750910D1760910E1770910F17809178
:10C25000151790911617A0911717B0911817481736
:10C2600059076A077B07C0F00F94D545882309F466
:10C27000B3CF81E080937D0E4092750E5092760E82
:10C280006092770E7092780EA601B501C8018F57A3
:10C29000914F0F94CBC16BCF41E0C301B2010F941A
:10C2A00014468111F1CF98CF8091151790911617F0
:10C2B000A0911717B091181780179107A207B3071D
:10C2C00068F48091051700931517109316172093A3
:10C2D00017173093181780688093051780910517FA
:10C2E00083FD18C0C4010F900F900F900F90DF9145
:10C2F000CF911F910F91FF90EF90DF90CF90BF9063
:10C30000AF909F908F907F906F905F904F903F90F5
:10C310002F90089584E097E10F94B1488111E2CF06
:10C320005BCF0F93CF93DF93CDB7DEB7A3970FB655
:10C33000F894DEBF0FBECDBF2091151630911616B2
:10C3400082179307D8F4613031F421503109A901E3
:10C35000481B590BCA01880F991FFC01E95EF94E71
:10C36000808191810F945957A3960FB6F894DEBF40
:10C370000FBECDBFDF91CF910F9108954FE155E1F1
:10C3800050931E1540931D15821B930B019690939D
:10C390008D1780938C174091DF165091E01685E041
:10C3A000440F551F8A95E1F770E060E08FE195E159
:10C3B0000F94E64800E00E7F0D7FE0911D15F0918F
:10C3C0001E1583E2DE01119601900D928A95E1F728
:10C3D00022E050E040E0BE016F5F7F4F85EF92E0CA
:10C3E0000F94E354CE0101960E94385BBDCF0F93AA
:10C3F0001F93CF93DF931F921F92CDB7DEB720918B
:10C400007514222369F18C0180910717882379F133
:10C410008EE496E60E947E5D109274141A8309835E
:10C42000CE0101960F94535B8823D1F049815A8144
:10C4300060911D1570911E1526E584E097E10F941B
:10C440004FB5811122C089EC94E60E94575B898127
:10C450009A810E94FE708EE20E943E5B0F94A6B30A
:10C460000F900F90DF91CF911F910F91089510922F
:10C47000271781E899E60E94575B83E598E60E94BA
:10C48000575BC8010F94A7B4C7CF81E080937214A3
:10C4900089819A810F9412578CE396E60E94575B2C
:10C4A0000F94F5570F94A6B38FE298E60E947E5D35
:10C4B0008FE298E60E94B5EE10926E0ED1CF0F93E8
:10C4C0001F93CF93DF93EC0184E0FE0111928A95D4
:10C4D000E9F723E030EA4AE050E960E381EE96E1D3
:10C4E0000F943F82882391F023E030EA4AE050E93C
:10C4F00061E181EE96E10F943F82882339F080E874
:10C500008093E1160F94415180E02FC00F94A71D36
:10C510008B010F9438828093E3168F3F69F40F9458
:10C52000A71D601B710B6D32714098F381E1809300
:10C53000E1160F944151E6CF8E3F11F08FE0F7CF17
:10C540008E010C5F1F4F0F9438828993C017D1075B
:10C55000D1F7CEEFD1E00F9438822197E1F70F9415
:10C5600041518FEF0F94338281E0DF91CF911F9182
:10C570000F9108958F929F92AF92BF92CF92DF92C8
:10C58000EF92FF920F931F93CF93DF931F92CDB73C
:10C59000DEB76B017C0149015A01033019F48CE5C7
:10C5A0008CBD1DBC81149104A104B10409F459C0CF
:10C5B0008E2D0E94B85A8D2D0E94B85A8C2D0E9443
:10C5C000B85A60911E1870911F1880E290E00F9485
:10C5D0000ABA10E119820130B1F188F10330B9F1E2
:10C5E0008FEFC81AD80AE80AF80A60911E187091ED
:10C5F0001F1880E290E00F940ABA89810E94B85A0D
:10C60000115081E0881A9108A108B1080FB607FE01
:10C6100006C0C4019F71892B11F40F94AA2C8114B8
:10C620009104A104B10411F01111D4CF60911E182E
:10C6300070911F188AE090E00F940ABAB3CFF60108
:10C6400080818983CDCFC6010F94A2BBFACF21E0B0
:10C6500030E0AE014F5F5F4FC701B6010E94D6C701
:10C66000BFCF0F90DF91CF911F910F91FF90EF906F
:10C67000DF90CF90BF90AF909F908F900895E7E0AC
:10C68000F1E080818E7F80839FB7F894E8E0F1E04D
:10C6900080818E7F80839FBF10928E170895809136
:10C6A0008E17833011F40F943F63809107018E7FC2
:10C6B000809307019FB7F89480910801816080936F
:10C6C00008019FBF8EE897E10E9400588EE897E12D
:10C6D0000E94005888E49DE00F94A2BB80939717B6
:10C6E0000895CF92DF92EF92FF9269017A012DECCB
:10C6F0003CEC4CE45EE30F94C9BC2DEC3CEC4CE408
:10C700005EE30F946FB62DEF3DEA40E05DE30F94DA
:10C71000CABCA70196010F946FB624E230EF49E13D
:10C7200050E40F94C9BDFF90EF90DF90CF90089533
:10C730002F923F924F925F926F927F928F929F9231
:10C74000AF92BF92CF92DF92EF92FF920F931F931F
:10C75000CF93DF9300D01F921F92CDB7DEB78C83AB
:10C760004A015B0123E43DEC4FE25DE3CB01B40100
:10C770000F94C9BC6B017C0120E030E040EA51E439
:10C78000C501B4010F947163562E472E382E292E01
:10C79000A7019601C501B4010F94716369837A837F
:10C7A0008B83A92EBC808B2D90E09C012D5F3F4F89
:10C7B0003D832C830B2D10E08C819D818017910788
:10C7C0000CF4A1C02F923F924F925F92B801012EBC
:10C7D000000C880B990B0F9430B6A70196010F94AB
:10C7E0006FB69B01AC010F94CABC9B01AC0160E029
:10C7F00070E08CE092E40F94C9BC9F938F937F9379
:10C800006F931F9296E49F9327E236E63F932F9310
:10C810000E94A071B801660F771F6F5F7F4F072ED0
:10C82000000C880B990B0F9430B6A70196010F945A
:10C830006FB69B01AC0160E070E08CE092E40F9475
:10C84000C9BC962E872E782E692EAF929B819F931E
:10C850002A812F9339813F936F927F928F929F927B
:10C860001F9286E48F9327E236E63F932F930E9430
:10C87000A0712F923F924F925F926F927F928F9210
:10C880009F921F9292E39F9327E236E63F932F9366
:10C890000E94A0710FB6F894DEBF0FBECDBFAF925D
:10C8A0003B813F938A818F9399819F93B8016F5FFA
:10C8B0007F4F072E000C880B990B0F9430B6A70101
:10C8C00096010F946FB69B01AC010F94CABC9B01FB
:10C8D000AC0160E070E08CE092E40F94C9BC9F93DF
:10C8E0008F937F936F931F9222E32F9387E296E6B5
:10C8F0009F938F930E94A071B3940FB6F894DEBFFC
:10C900000FBECDBF57CF0F900F900F900F900F908D
:10C91000DF91CF911F910F91FF90EF90DF90CF901B
:10C92000BF90AF909F908F907F906F905F904F904F
:10C930003F902F9008959FB7F89480E1E9E5F7E0E4
:10C94000A9E6B7E001900D928A95E1F79FBF08959F
:10C9500089E080937A07E4E6F6E6859194910C9459
:10C96000B5EECF93C82F8093851381E899E60E9496
:10C97000575B81E296E60E94575B87E196E60E944C
:10C98000575B8C2F90E0CF910D94C9520F931F935A
:10C99000CF93DF9300D000D01F921F92CDB7DEB7A8
:10C9A00008EE13E01D821E821F82188619821A82E9
:10C9B0001B821C82AE014B5F5F4F6FE680E00F94DD
:10C9C000DE17AE014F5F5F4F6FE681E00F94DE1719
:10C9D0008D819E81AF81B885B7FD07C00F94421E3F
:10C9E00001501109F9F680E009C089819A81AB8173
:10C9F000BC81B7FFF3CF0F94421E81E028960FB69B
:10CA0000F894DEBF0FBECDBFDF91CF911F910F9184
:10CA100008951F93CF93DF93EC01162F0F945A378D
:10CA2000FE0134962591359145915491FE01659111
:10CA30007591859194910F94AB9F2896115081F731
:10CA40000F945A37DF91CF911F910D94A99F0E94A7
:10CA5000C14C811104C084E794E60E94B5EE1092A7
:10CA60007A07089580919E13882311F081E008953C
:10CA700080E008952F923F924F925F926F927F9243
:10CA80008F929F92AF92BF92CF92DF92EF92FF92DE
:10CA90000F931F93CF93DF93CDB7DEB72D970FB6CC
:10CAA000F894DEBF0FBECDBFE82E412C512C3201D1
:10CAB0006E3190F0693C08F068EC70E068517C4F92
:10CAC00090E080E00F942EB620E030E04AE754E496
:10CAD0000F94C9BD2B013C018091C0029091C1020D
:10CAE000A091C202B091C30289839A83AB83BC83B5
:10CAF0008091C4029091C502A091C6028D839E834D
:10CB0000AF8320E030E047EF50E069EE8E2D0F94C8
:10CB10003818812C912C5401F12C10E001E0D12C1B
:10CB200019862F2C312C8F2D8F718887811103C08E
:10CB3000812C912C5401B101032C000C880B990B12
:10CB40000F9430B62BED3FE049EC50E40F946FB6F4
:10CB50006A877B878C879D8720E030E0A901C3012D
:10CB6000B2010F94BFBD81114DC02BED3FE049E4F0
:10CB700050E46A857B858C859D850F94CABC20E036
:10CB800030E040E85AE30F946FB60F948AC020E07B
:10CB900030E048E753E40F946FB620E030E040E027
:10CBA0005FE30F94CABC0F9442BECC24CA94C60E55
:10CBB0008C2D9985891B8D15F9F0801709F471C0AA
:10CBC0008D150CF053C08823E9F1813009F444C07D
:10CBD0008F3F09F081C0E2E0F0E0EC0FFD1FE10FB4
:10CBE000F11D108200E0E5E0F0E0EC0FFD1FE10F29
:10CBF000F11DF0821F5FD82E143008F456C06CC0AF
:10CC0000F82E8FCF20E030E040E85AE36A857B853C
:10CC10008C859D850F946FB60F948AC0A3019201F5
:10CC20000F943AC020E030E047E753E40F946FB62A
:10CC300020E030E040E05FE30F94CABC0F9442BEB6
:10CC4000C62EB6CFE2E0F0E0EC0FFD1FE10FF11DC4
:10CC500091E0908301E0C7CFE2E0F0E0EC0FFD1F30
:10CC6000E10FF11D92E0908302E0BDCF0817A4F51B
:10CC7000823009F480C0833009F488C0813061F5C6
:10CC8000E2E0F0E0EC0FFD1FE10FF11D808301E019
:10CC9000D12CE5E0F0E0EC0FFD1FE10FF11DF0827B
:10CCA0001F5F1430C8F46894B7F888858F3109F095
:10CCB00078C0B101E5E075956795EA95E1F7605AAE
:10CCC0006068A50194018E2D0F94381881E08F0DB6
:10CCD000C9869FEFF91294CF2A8130E050E040E0FE
:10CCE00082E0220F331F441F551F8A95D1F78B8096
:10CCF000912CB12CA12C94E0880C991CAA1CBB1C73
:10CD00009A95D1F7822A932AA42AB52A8981882A5A
:10CD10008C8190E0B0E0A0E09C01AD0166E0220FC4
:10CD2000331F441F551F6A95D1F7282939294A29ED
:10CD30005B298D81382B8E81482B8F81582B68EE93
:10CD40008E2D2D960FB6F894DEBF0FBECDBFDF91AE
:10CD5000CF911F910F91FF90EF90DF90CF90BF90F8
:10CD6000AF909F908F907F906F905F904F903F908B
:10CD70002F900D943818E2E0F0E0EC0FFD1FE10F6A
:10CD8000F11D808302E0DD24D39483CFE2E0F0E064
:10CD9000EC0FFD1FE10FF11D808303E0F2E0DF2EB9
:10CDA00078CFB694A7949794879490CF8F929F92C0
:10CDB000AF92BF92CF92DF92EF92FF929091440791
:10CDC000882309F49DC0911192C00F945A370E9494
:10CDD000574D6091950270919602072E000C880BBA
:10CDE000990B0F9430B62091F6063091F7064091DA
:10CDF000F8065091F9060F946FB62AE037ED43E23A
:10CE00005CE30F946FB62091540730915507409121
:10CE10005607509157070F94CABC609354077093FC
:10CE20005507809356079093570784E597E00F9432
:10CE30005F87C0909102D0909202E0909302F090B0
:10CE4000940220E030E040E752E46091FA067091ED
:10CE5000FB068091FC069091FD060F946FB66093DF
:10CE6000910270939202809393029093940281E0D6
:10CE70008093440790E080E00E94255120E030E05C
:10CE8000A9016091FE067091FF06809100079091C4
:10CE900001070F94BFBD882311F10F945A372091D9
:10CEA000FE063091FF064091000750910107609106
:10CEB00050077091510780915207909153070F943A
:10CEC000C9BC6093500770935107809352079093A9
:10CED00053070F94CE9590E080E00E942551C092B8
:10CEE0009102D0929202E0929302F0929402FF900B
:10CEF000EF90DF90CF90BF90AF909F908F9008956C
:10CF00009923A9F30F945A370E94574D80909102AC
:10CF100090909202A0909302B090940220E030E0B2
:10CF200040E752E460910607709107078091080777
:10CF3000909109070F946FB66093910270939202DB
:10CF40008093930290939402C090FE06D090FF06C7
:10CF5000E0900007F090010720E030E0A901C70150
:10CF6000B6010F94BFBD8823E1F0A701960160913F
:10CF700050077091510780915207909153070F9479
:10CF8000CABC6093500770935107809352079093E7
:10CF900053070F94CE9590E080E00E9425510F94A6
:10CFA0005A372091020730910307409104075091AE
:10CFB00005076091F6067091F7068091F80690914A
:10CFC000F9060F94CABC6B017C01609195027091C7
:10CFD0009602072E000C880B990B0F9430B69B011C
:10CFE000AC01C701B6010F946FB62AE037ED43E2FA
:10CFF0005CE30F946FB69B01AC0160915407709194
:10D00000550780915607909157070F94C9BC6093BC
:10D01000540770935507809356079093570784E5FC
:10D0200097E00F945F871092440790E080E00E94A1
:10D0300025518092910290929202A0929302B09216
:10D04000940255CFEF92FF920F931F93CF93C82F67
:10D050008B0180910901C130B9F0C230C1F08170FB
:10D06000481721F0642F8C2F0F949B178BE9E82E23
:10D070008FE0F82E0150110970F08C2F0F948A1751
:10D08000C7010197F1F7F6CF86958C27E8CF82FB91
:10D09000882780F9E5CFCF911F910F91FF90EF90F6
:10D0A00008958F929F92AF92BF92CF92DF92EF92AC
:10D0B000FF920F931F93CF93C82F8A01C62ED12CB6
:10D0C0001F934F9383E08F9388EE8F931F9282E09C
:10D0D0008F931F926F931F92CF9384E594E69F9353
:10D0E0008F930F9464BA8DB79EB70C960FB6F894D1
:10D0F0009EBF0FBE8DBF90E080E040E051E0282F42
:10D10000BA01082E02C0769567950A94E2F70617D1
:10D11000170729F001968830910589F728E0E22E5B
:10D12000F12C88E090E08E199F0924E030E059014D
:10D1300002C0AA0CBB1C8A95E2F78C2F0F946218D0
:10D140009C0190E0C43028F4EC2FF0E0E85DFC4F47
:10D1500090810E2C02C0369527950A94E2F786013D
:10D16000021B130B95013695279561E020173107B7
:10D1700074F1911160E017FF05C081E068271195F7
:10D18000019511098C2F0F949B178C2F0F94621807
:10D19000B12CA12C2BE9822E2FE0922E0A151B0513
:10D1A000F1F02FEFA21AB20A0E2C02C096958795C5
:10D1B0000A94E2F78C159D0591F08C2F0F948A1735
:10D1C000C4010197F1F78C2F0F946218E7CF9111EA
:10D1D00001C060E0C501801B910B8C01CCCFCF91C9
:10D1E0001F910F91FF90EF90DF90CF90BF90AF9085
:10D1F0009F908F9008952F923F924F925F926F92DF
:10D200007F928F929F92AF92BF92CF92DF92EF92D6
:10D21000FF920F931F93CF93DF934C01262EC42FC1
:10D220005901D02F009709F048C085012D2F4EECF1
:10D2300052E661ED72E68C2F0F94CB11D12CC12CEC
:10D240000F94A71D2B013C010E94415784E080935D
:10D250009702760184E6382E82E390E00E944476BD
:10D26000211032C080917106909172060097C9F525
:10D270000E944657882309F45DC0E114F10409F0C7
:10D2800055C082E08093970291E090939002809342
:10D290008F028C2FDF91CF911F910F91FF90EF9014
:10D2A000DF90CF90BF90AF909F908F907F906F90C6
:10D2B0005F904F903F902F9008950F942F126C0124
:10D2C000892B09F0BDCFB1CF0F94A71D6419750943
:10D2D00086099709613375478105910518F2CFEFEB
:10D2E000D0CFE114F104F9F4A114B104B1F097FF27
:10D2F00010C0C111C15085012D2F4EEC52E661EDD9
:10D3000072E68C2F0F94CB11109272061092710658
:10D31000AFCFC23081F3CF5FEECFC92FC095CC1F06
:10D32000CC27CC1FE8CF87E00F94C642C114D104AC
:10D3300059F490CF3A9431108FCFC114D10441F0F9
:10D34000E114F10409F47401C7010F942F127C0158
:10D35000E114F10409F07ECF85012D2F4EEC52E649
:10D3600061ED72E68C2F0F94CB1174CF1092A6133F
:10D37000E7EAF3E184ECDF011D928A95E9F708956D
:10D380002F923F924F925F926F927F928F929F92D5
:10D39000AF92BF92CF92DF92EF92FF920F931F93C3
:10D3A000CF93DF9300D01F92CDB7DEB74B015C0166
:10D3B000042F81E08093700680916F0610E0813029
:10D3C00019F40E94E14B11E020918E022A8381E042
:10D3D00080938E0280E00F94A14289830F94AF4224
:10D3E0008092500790925107A0925207B092530733
:10D3F00065E575E585E591E40F94CB9F0F9418A63C
:10D400000F94AF428C83882309F4F9C08091060100
:10D4100086FFF5C01B82C12CD12C7601312C8B816B
:10D42000801708F0A8C06091500770915107809153
:10D4300052079091530720E030E040E05FE3311065
:10D4400004C02DEC3CEC4CE45EE30F94CABC2B0111
:10D450003C014092500750925107609252077092DF
:10D46000530765E575E585E591E40F94CB9F8092C0
:10D47000500790925107A0925207B092530765E56A
:10D4800075E585E590E40F94CB9F0F9418A6A30152
:10D4900092016091500770915107809152079091CD
:10D4A00053070F94C9BC9F772DEC3CEC4CEC5CE32C
:10D4B0000F94BFBD87FF16C060E070E080E09FE37F
:10D4C0000E94FE528092500790925107A0925207FC
:10D4D000B092530765E575E585E590E40F94CB9F21
:10D4E0000F9418A60F94AF42282E882309F487C002
:10D4F0008091060186FF83C04090500750905107ED
:10D5000060905207709053072B812223D9F0622F2D
:10D5100070E090E080E00F9430B69B01AC01C70151
:10D52000B6010F94C9BD9B01AC01C301B2010F94B8
:10D53000C9BC9F772DEC3CEC4CE45DE30F9453BFEA
:10D54000181664F0A3019201C701B6010F94CABC7A
:10D550006B017C012B812F5F2B8361CF31104FC07A
:10D5600084EF91E00E944476322C8FEF8B83C12CA4
:10D57000D12C7601EFCF023068F5C0925007D092DF
:10D580005107E0925207F09253078A8180938E02EE
:10D5900089810F94A142112319F080E00E94E14B90
:10D5A000109270068C810F900F900F900F90DF916A
:10D5B000CF911F910F91FF90EF90DF90CF90BF9090
:10D5C000AF909F908F907F906F905F904F903F9023
:10D5D0002F900895602F70E090E080E00F942EB6B9
:10D5E0009B01AC01C701B6010F94C9BD6093500700
:10D5F000709351078093520790935307C6CF2A81A7
:10D6000020938E0289810F94A142112319F080E0AA
:10D610000E94E14B109270061C82C4CF2F923F9261
:10D620004F925F926F927F928F929F92AF92BF9232
:10D63000CF92DF92EF92FF920F931F93CF93DF93DE
:10D64000CDB7DEB7CD5BD1400FB6F894DEBF0FBECD
:10D65000CDBFC357DE4F99838883CD58D140C15782
:10D66000DE4F79836883CF58D140CE56DE4F598341
:10D670004883C259D14084E1CF56DE4F8883C159D7
:10D68000D140CE56DE4FA881B981C259D1408D918B
:10D690009D910D90BC91A02DC656DE4F8883998335
:10D6A000AA83BB83CA59D140C157DE4FA881B98133
:10D6B000CF58D1408D919D910D90BC91A02DCA5411
:10D6C000DE4F88839983AA83BB83C65BD140C3574F
:10D6D000DE4FA881B981CD58D1408D919D910D909B
:10D6E000BC91A02DC654DE4F88839983AA83BB8347
:10D6F000CA5BD140FE01E75FFE4FC855DE4FF9839C
:10D70000E883C85AD140CE018B579F4FCA55DE4F90
:10D7100099838883C65AD140DE011196C856DE4FE0
:10D72000B983A883C859D140312C212CB101032CD5
:10D73000000C880B990B0F9430B62AE138EF42E4C5
:10D740005EE30F946FB66B017C010F948AC0C256E2
:10D75000DE4F688379838A839B83CE59D140C7018A
:10D76000B6010F94C4BDCE55DE4F688379838A839A
:10D770009B83C25AD1409B01AC01C656DE4F6881E3
:10D7800079818A819B81CA59D1400F946FB6C65462
:10D79000DE4F288139814A815B81CA5BD1400F9479
:10D7A000CABC6B017C0120E030E0A9010F94BFBD31
:10D7B00018160CF07AC2C256DE4F288139814A8190
:10D7C0005B81CE59D140C656DE4F688179818A810E
:10D7D0009B81CA59D1400F946FB6CA54DE4F28813D
:10D7E00039814A815B81C65BD1400F94CABC4B0131
:10D7F0005C0120E030E0A9010F94BFBD18160CF0C9
:10D8000054C220E030E048EF51E4C701B6010F9464
:10D8100053BF87FF4AC220E030E048EF51E4C50122
:10D82000B4010F9453BF87FF40C2C701B6010F94E4
:10D8300071BE9B01AC01C701B6010F94C9BC2B019D
:10D840003C01C501B4010F9471BE9B01AC01C5013F
:10D85000B4010F94C9BCCC56DE4F688379838A83A8
:10D860009B83C459D140A301920160E070E080E83D
:10D870009FE30F94C9BCC255DE4F688379838A83C6
:10D880009B83CE5AD140CC56DE4F288139814A81C4
:10D890005B81C459D14060E070E080E89FE30F9461
:10D8A000C9BCCE54DE4F688379838A839B83C25B75
:10D8B000D140C701B6010F9442BE6B01FB01319606
:10D8C000C655DE4FF983E883CA5AD140C501B40179
:10D8D0000F9442BE8B0195E0000F111F9A95E1F75E
:10D8E000C8018096C455DE4F99838883CC5AD140B5
:10D8F000F801EC0DFD1DE558F84F608170E090E0F7
:10D9000080E00F9430B64B015C01CE54DE4F28818D
:10D9100039814A815B81C25BD140C255DE4F68814B
:10D9200079818A819B81CE5AD1400F946FB69B0139
:10D93000AC01C501B4010F946FB64B015C01C45535
:10D94000DE4FE881F981CC5AD140EC0DFD1DE55840
:10D95000F84F608170E090E080E00F9430B66B018A
:10D960007C01C255DE4F288139814A815B81CE5AC4
:10D97000D140CC56DE4F688179818A819B81C45920
:10D98000D1400F946FB69B01AC01C701B6010F9453
:10D990006FB69B01AC01C501B4010F94CABC6B0109
:10D9A0007C01C655DE4FA881B981CA5AD1400A0F01
:10D9B0001B1FF801E558F84F608170E090E080E0AF
:10D9C0000F9430B64B015C01CE54DE4F2881398173
:10D9D0004A815B81C25BD140C301B2010F946FB633
:10D9E0009B01AC01C501B4010F946FB69B01AC0162
:10D9F000C701B6010F94CABC6B017C01C655DE4F4E
:10DA0000E881F981CA5AD140C455DE4F8881998195
:10DA1000CC5AD140E80FF91FE558F84F608170E00B
:10DA200090E080E00F9430B64B015C01CC56DE4FA5
:10DA3000288139814A815B81C459D140C301B20137
:10DA40000F946FB69B01AC01C501B4010F946FB682
:10DA50009B01AC01C701B6010F94CABC20E030E0C5
:10DA600040E052E40F94C9BC6B017C01AC019B0106
:10DA7000CE55DE4F688179818A819B81C25AD1401F
:10DA80000F946FB6C855DE4FA881B981C85AD140EE
:10DA90006D937D938D939D93C855DE4FB983A88375
:10DAA000C85AD140A7019601C256DE4F68817981DC
:10DAB0008A819B81CE59D1400F946FB6CA55DE4FF3
:10DAC000E881F981C65AD140619371938193919312
:10DAD000CA55DE4FF983E883C65AD140C856DE4F97
:10DAE000A881B981C859D140CD92DD92ED92FD92C5
:10DAF000C856DE4FB983A883C859D140BFEF2B1A4F
:10DB00003B0AE1E22E16310409F010CE40E050E06D
:10DB100060E07DE3CE01875F9E4F0F94124A9B0128
:10DB2000AC01C357DE4FA881B981CD58D1406D916A
:10DB30007D918D919C910F94CABCC357DE4FE881B3
:10DB4000F981CD58D140608371838283938340E013
:10DB500050E060E07DE3CE018B579F4F0F94124A57
:10DB60009B01AC01C157DE4FA881B981CF58D1408C
:10DB70006D917D918D919C910F94CABCC157DE4FE0
:10DB8000E881F981CF58D140608371838283938388
:10DB900040E050E060E87CE3CE0101960F94124A29
:10DBA000CE56DE4FA881B981C259D1402D913D9109
:10DBB0004D915C910F94CABC162F072FF82EE92EB9
:10DBC00020E030E040E050E40F94BFBD18162CF088
:10DBD00010E000E0F12C80E4E82EA8019701852FE9
:10DBE000902FA32FBE2DCE56DE4FE881F981C2596A
:10DBF000D14080839183A283B383CF56DE4FF881D7
:10DC0000C159D140F150CF56DE4FF883C159D140B0
:10DC1000F11137CDEF92FF920F931F93C157DE4F53
:10DC2000A881B981CF58D14013968C9113978F93C7
:10DC300012968C9112978F9311968C9111978F93C6
:10DC40008C918F93C357DE4FE881F981CD58D14035
:10DC500083818F9382818F9381818F9380818F9332
:10DC600088E394E69F938F930F9464BA0FB6F89469
:10DC7000DEBF0FBECDBFC354DE4F0FB6F894DEBF7C
:10DC80000FBECDBFDF91CF911F910F91FF90EF900D
:10DC9000DF90CF90BF90AF909F908F907F906F90CC
:10DCA0005F904F903F902F90089560E070E0CB011F
:10DCB000D5CE2F923F924F925F926F927F928F922A
:10DCC0009F92AF92BF92CF92DF92EF92FF920F930B
:10DCD0001F93CF93DF9300D01F921F92CDB7DEB773
:10DCE0002B011A01F12CE12C1C821D8210E050E066
:10DCF00066246394712C70E060E097012558384FDA
:10DD00003A832983862EC980DA80C60ED71EFC018D
:10DD100000E040E030E020E0AEEFA40FAB8344230E
:10DD200019F04B3009F07DC0AEEFA20FA83008F417
:10DD30007AC02F5F3F4F2C30310589F74F5F20E2CB
:10DD4000C20ED11C32964C3029F73C81301718F4A2
:10DD50000C835D83182D6F5F7F4F6431710591F6E1
:10DD60005F5FA0E2EA0EF11C543129F6EC816E2FC0
:10DD700070E090E080E00F9430B623EC35EF48EA95
:10DD80005FE30F94C9BD9F938F937F936F93FD8142
:10DD90006F2F70E090E080E00F9430B620E030E02C
:10DDA00040EB50E40F94CABC9F938F937F936F9383
:10DDB000612F70E090E080E00F9430B620E030E01A
:10DDC00040EB50E40F94CABC9F938F937F936F9363
:10DDD00084E194E69F938F930F9464BAF2011083C9
:10DDE0002D81F10120830FB6F894DEBF0FBECDBFA9
:10DDF0008C810F900F900F900F900F90DF91CF912B
:10DE00001F910F91FF90EF90DF90CF90BF90AF9058
:10DE10009F908F907F906F905F904F903F902F904A
:10DE20000895222311F02B3021F4AB81A83008F0A3
:10DE300080CF99249394D601A20FB31FAC91A13146
:10DE400008F4912CA080B180D301022E02C0AA0F49
:10DE5000BB1F0A94E2F7AA21BB21BB24B394AB2BCE
:10DE600009F4B12C9B1065CF0F5F63CF2F923F92C7
:10DE70004F925F926F927F928F929F92AF92BF92DA
:10DE8000CF92DF92EF92FF920F931F93CF93DF9386
:10DE9000CDB7DEB7CA55D1090FB6F894DEBF0FBEB5
:10DEA000CDBF63969FAF8EAF63978B016A017E01F2
:10DEB00025E4E20EF11C80E197E2F7019183808373
:10DEC00083E094E69F938F930F9464BA2BE737E037
:10DED00061963FAF2EAF6197C801805E93402B964D
:10DEE0009FAF8EAF2B970F900F90E0E4F0E0299654
:10DEF000FFAFEEAF299763962EAD3FAD6397205EDF
:10DF0000334069963FAF2EAF699729964EAC5FAC10
:10DF10002997312C63968EAD9FAD639780529C4FAD
:10DF20006B969FAF8EAF6B97609071077090720782
:10DF300080907307909074076B96AEACBFAC6B97F4
:10DF4000311004C06996AEACBFAC69978091690787
:10DF500090916A07A0916B07B0916C07F501E81BDF
:10DF6000F90BCF0171F0AF01F7FF04C0442755272B
:10DF70004E1B5F0B692F661F6627661F81E00F949B
:10DF8000794F80916D0790916E07A0916F07B091C6
:10DF900070072B964EAD5FAD2B97481B590B57FD65
:10DFA000B2C060E04115510509F0AEC08091710723
:10DFB00090917207A0917307B0917407681A790A5B
:10DFC00077FCABC060E06114710409F0A7C0409118
:10DFD000710750917207609173077091740700E0A8
:10DFE00028EC30E02B966EAD7FAD2B97C5010E94DB
:10DFF00064C6632D80E00F94AC455F924F928FEF23
:10E0000093E69F938F930F9464BA63E084E00E9439
:10E01000FC535F924F9280EF93E69F938F930E9401
:10E02000D5530FB6F894DEBF0FBECDBF21E030E070
:10E03000311002C02FEF3FEF40EC4203C001439F7D
:10E04000900D112467969FAF8EAF679740EE53E017
:10E05000249F4001259F900C349F900C11246396BF
:10E06000EEADFFAD63978E0E9F1E9E012F5F3F4F5B
:10E070002D963FAF2EAF2D9761968EAD9FAD6197D8
:10E080002F969FAF8EAF2F97712C612CE0E1F7E2B6
:10E090002796FFAFEEAF27978091690790916A07A7
:10E0A000A0916B07B0916C078401081B190B17FF37
:10E0B00003C011950195110998013595279565962D
:10E0C0003FAF2EAF65971C9B33C045E0242E65966D
:10E0D000AEACBFAC6597632D822D0E940BC631E0BC
:10E0E000A31AB10840F128EC30E0A70168EE73E014
:10E0F000822D0E94DCC4632D822D0E9424C6EFCFA6
:10E100003324339411CF62E057FF03C051954195FA
:10E11000510982E00F94794F49CF64E0A30177FE63
:10E1200003C051954195510984E00F94794F4FCF29
:10E1300022242394CCCF6596EEADFFAD65970E1BE0
:10E140001F0B23961FAF0EAF2397632D822D0E94C6
:10E150000BC69E012F5B3F4FA70168EE73E0822D37
:10E160000E9482C5882329F0632D822D0E9424C637
:10E17000F0CF60E082E00F94AC4520E137E22796D3
:10E180003FAF2EAF27970091710710917207209132
:10E19000730730917407005A164F17FF02C00F5FC4
:10E1A0001F4F159507958091710790917207A09167
:10E1B0007307B091740780179107F4F41C9B1CC07F
:10E1C00028EC30E0A70168EE73E084E00E94DCC434
:10E1D0008091710790917207A0917307B0917407B5
:10E1E0000196A11DB11D8093710790937207A093B2
:10E1F0007307B0937407D7CF1C9B3FC08091710702
:10E2000090917207A0917307B0917407E0E6F9E06E
:10E21000E81BF90BCF01F7FF02C090E080E02596E4
:10E220009FAF8EAF25971C9B28C08091710790915E
:10E230007207A0917307B091740780369940ECF48F
:10E240009E012D5B3F4FA70168EE73E084E00E94C2
:10E2500082C58091710790917207A0917307B09168
:10E2600074070196A11DB11D8093710790937207E9
:10E27000A0937307B0937407D6CF60E084E00E9448
:10E280000BC6F701208131812031F7E23F0758F4B6
:10E29000A70168E17CEF84E00E94DCC460E084E0D8
:10E2A0000E9424C6EECF61E082E00F94AC4520E1ED
:10E2B00037E2F701318320830091710710917207D3
:10E2C00020917307309174070C0D1D1D17FF02C0BC
:10E2D0000F5F1F4F159507958091710790917207F9
:10E2E000A0917307B0917407081719070CF0D9C0F3
:10E2F0001C9BBBC00091710710917207209173079E
:10E30000309174071C9928C0809171079091720711
:10E31000A0917307B09174078C199D0997FF02C0F3
:10E3200090E080E025969FAF8EAF25971C990CC09A
:10E330008091710790917207A0917307B091740753
:10E34000C816D9060CF4AFC000917107109172077E
:10E350002091730730917407809171079091720733
:10E36000A0917307B0917407C816D9063CF4F70161
:10E37000808191818031974208F4B2C00C191D0947
:10E380003110CAC0F301EE0FFF1F21E030E02C0F67
:10E390003D1FE20FF31F11830083FFEF6F1A7F0A07
:10E3A00067962EAD3FAD6797820E931E2D968EAD6C
:10E3B0009FAD2D9702972D969FAF8EAF2D972F96DD
:10E3C000EEADFFAD2F9731972F96FFAFEEAF2F97A2
:10E3D000F0E26F16710409F059CE21E0421A51089B
:10E3E00031E033128DCE61968EAD9FAD61978096F0
:10E3F00061969FAF8EAF61972B96EEADFFAD2B97D9
:10E40000E05CFF4F2B96FFAFEEAF2B9729962EAD1A
:10E410003FAD29972250310929963FAF2EAF29975A
:10E42000232B09F072CD8EEE93E69F938F930F947A
:10E4300064BA0F900F90C65ADF4F0FB6F894DEBF44
:10E440000FBECDBFDF91CF911F910F91FF90EF9045
:10E45000DF90CF90BF90AF909F908F907F906F9004
:10E460005F904F903F902F90089528EC30E0A701E7
:10E4700068EE73E084E00E94DCC4809171079091A3
:10E480007207A0917307B09174070197A109B109B0
:10E490008093710790937207A0937307B0937407EA
:10E4A0001BCF86012FCF9E012D5B3F4FA70168EE4A
:10E4B00073E084E00E9482C5809171079091720799
:10E4C000A0917307B09174070197A109B1098093D6
:10E4D000710790937207A0937307B093740726CFC8
:10E4E00028EC30E0A70168E17CEF84E00E94DCC406
:10E4F0008091710790917207A0917307B091740792
:10E500000197A109B1098093710790937207A093B5
:10E510007307B093740720CF2D96EEADFFAD2D9706
:10E5200086AD97AD012E000C220B330B080F191F7F
:10E53000211D311D36952795179507950F3F11051C
:10E540002105310529F020F00FEF10E020E030E048
:10E550002F96EEADFFAD2F97078F1FCF2F923F92D3
:10E560004F925F926F927F928F929F92AF92BF92E3
:10E57000CF92DF92EF92FF920F931F93CF93DF938F
:10E58000CDB7DEB76C970FB6F894DEBF0FBECDBF28
:10E590006C015B014A01190118870F83FA82E98235
:10E5A000D7018D919C9160ED72E00F946BBC9C8FB4
:10E5B0008B8F9F938F933F922F931F9284E68F931D
:10E5C0009F928F92BF92AF92DF92CF9286EB93E6AB
:10E5D0009F938F930F9464BA0FB6F894DEBF0FBE6B
:10E5E000CDBF22273327221933093A8F298FC4013F
:10E5F000990CAA0BBB0B89879A87AB87BC879501BF
:10E60000BB0C440B550B298B3A8B4B8B5C8BC60197
:10E61000DD0CAA0BBB0B8D8B9E8BAF8BB88F1214AE
:10E6200013040CF0BAC08B8D9C8D6CE370E00F94DA
:10E630006BBC10E1161B2B8D3C8DD1010F94C2BC1D
:10E640000F942EB620E030E044E354E40F94C9BDAB
:10E650006B017C016F817885EB8DFC8D6E0F7F1FC8
:10E6600090E080E00F942EB625E33AEF4EE85CE3AD
:10E670000F946FB64B015C010F94C4BD6B837C8318
:10E680008D839E83C501B4010F948AC02B013C0188
:10E6900069857A858B859C850F9430B64B015C012A
:10E6A0002B8D3C8DA4E6B0E00F9442BC0F9430B6A5
:10E6B00020E030E044E354E40F94C9BD9B01AC0179
:10E6C000C501B4010F94C9BC0F943BBE6D877E8712
:10E6D0008F87988B69897A898B899C890F9430B64A
:10E6E0004B015C01A3019201C701B6010F946FB603
:10E6F0009B01AC01C501B4010F94CABC0F943BBE91
:10E700004B016D897E898F89988D0F9430B62B01CE
:10E710003C01A70196016B817C818D819E810F94C4
:10E720006FB69B01AC01C301B2010F94CABC0F9438
:10E730003BBECB0101E020E431E04D855E85B401B4
:10E740000E9464C6212F30E08823B9F14B8D5C8D87
:10E75000420F531F4F5F5F4F5C8F4B8FEB8DFC8DD4
:10E76000A981BA81ED93FC936C960FB6F894DEBF45
:10E770000FBECDBFDF91CF911F910F91FF90EF9012
:10E78000DF90CF90BF90AF909F908F907F906F90D1
:10E790005F904F903F902F9008952FEC32E0AB8D1B
:10E7A000BC8D2A1B3B0BC9016CE370E00F946BBC62
:10E7B00010E1161BA98DBA8D41CF2F5F3F4FAB8D56
:10E7C000BC8DA20FB31FBC8FAB8FA03DB24008F42D
:10E7D00026CFC4CF1F93CF93DF9300D01F921F92F9
:10E7E000CDB7DEB7162F482F62E5CE0101960F9404
:10E7F000879F49815A816B817C818D810F94B74BB2
:10E80000109332130F900F900F900F900F90DF9195
:10E81000CF911F91089510927D13EFE1F9E6849155
:10E8200067E00D94EA73E0917D13AE2FB0E0AA0F7C
:10E83000BB1FA958BC4E20914A1330914B132D9306
:10E840003C93EF5FE0937D13E23040F4F0E0EA5F49
:10E85000F649849168E00F94EA7388E00895E091A6
:10E860007D13AE2FB0E0AC58BC4E80914A138C9310
:10E87000EF5FE0937D13E33040F010927D13E6E00C
:10E88000F9E6849168E00D94EA73F0E0E15EF64900
:10E89000849167E0F8CFCF93DF9300D000D000D011
:10E8A0001F92CDB7DEB780913913823409F446C088
:10E8B000B8F5882309F472C084E08093311385E0B1
:10E8C000E9E3F3E1DE01169601900D928A95E1F7F6
:10E8D00085E0FE013696A4E3B3E101900D928A959E
:10E8E000E1F740E060E0CE0101960F94879F85E05C
:10E8F000FE013196A9E3B3E101900D928A95E1F70B
:10E9000085E0809332134091341350913513609118
:10E91000361370913713809138130F94B74B2EC074
:10E920008235B1F1873541F660913B1370913C130C
:10E930004CE080913A130F94224C11C040913A134D
:10E9400062E4CE0101960F94879F49815A816B81C1
:10E950007C818D810F94B74B8AE08093321340E025
:10E9600060E0CE0101960F94879F85E0FE0131960D
:10E97000A9E3B3E101900D928A95E1F781E02A962F
:10E980000FB6F894DEBF0FBECDBFDF91CF910895D3
:10E990006BE080913A130F94EA73E1CF80E0EFCF00
:10E9A000CF93DF9300D01F921F92CDB7DEB749837C
:10E9B0005A836B837C838D8385E0FE013196A9E3C6
:10E9C000B3E101900D928A95E1F78091321387FFB0
:10E9D00009C00F900F900F900F900F90DF91CF9183
:10E9E0000D944B740F900F900F900F900F90DF913C
:10E9F000CF9108951F93CF93DF9300D01F921F9262
:10EA0000CDB7DEB7182F482F63E5CE0101960F94DE
:10EA1000879F49815A816B817C818D810F94B74B8F
:10EA2000109332130F900F900F900F900F90DF9173
:10EA3000CF911F910895CF93DF9300D01F921F9223
:10EA4000CDB7DEB740E061E5CE0101960F94879F18
:10EA500049815A816B817C818D810F94B74B84E011
:10EA6000809332130F900F900F900F900F90DF91C3
:10EA7000CF910895CF93DF9300D01F921F92CDB70F
:10EA8000DEB70F94DF9F80937313482F66E6CE01A5
:10EA900001960F94879F49815A816B817C818D817A
:10EAA0000F94B74B86E0809332130F900F900F9026
:10EAB0000F900F90DF91CF910895CF93DF9300D007
:10EAC0001F921F92CDB7DEB7809149138534F1F0C4
:10EAD00020F4823451F185E011C0863471F1803523
:10EAE000D1F780914A138093711381E090E0909365
:10EAF000701380936F130F943A7580E00F900F900E
:10EB00000F900F900F90DF91CF9108958CE080933C
:10EB1000711380914A1390914B13909370138093CB
:10EB20006F130F943A7587E0E9CF80914A13809371
:10EB300072130F943A758BE0E1CF9091341380916A
:10EB40004413981322C09091351380914513981364
:10EB50001CC01092711381E090E090937013809329
:10EB60006F1382E88093321340E060E0CE0101969B
:10EB70000F94879F85E0FE013196A4E3B3E10190F5
:10EB80000D928A95E1F782E0B9CF83E0B7CF1F936A
:10EB9000CF93DF9300D01F921F92CDB7DEB7809145
:10EBA000640E81112AC0109199131F3F91F5809135
:10EBB0009813811160C01F3FB9F081E090E09093FD
:10EBC000301380932F1390939713809396138FEFA6
:10EBD00080939813133009F482C0F8F0163008F4CB
:10EBE0007BC0173009F47EC00F900F900F900F90EC
:10EBF0000F90DF91CF911F9108958091961390917E
:10EC000097130F9456A2182F1092640E8F3F79F627
:10EC1000CACF8FEF80939913CACF8BE997E60E94F2
:10EC2000575B812F90E00F94C9520F948F7B809196
:10EC30009813813089F484E997E60F94CF9F412F90
:10EC400062E4CE0101960F94879F49815A816B81BE
:10EC50007C818D810F94D07480919613909197133D
:10EC6000843020E8920721F08930904809F0BCCF29
:10EC70000F948A4EB9CF193008F0B6CFE12FF0E0EB
:10EC80008827EA5BF9488E4F0D94B2BCE302E30299
:10EC9000E302C90149014901AD017F026F01809181
:10ECA000961390919713873820E8920721F08730C8
:10ECB000914809F099CF80913113843021F48091EB
:10ECC0003413811191CF81E08093630E60E087EF70
:10ECD00091E00F94C9AC88CF10939C1385CF0F940B
:10ECE000949F82CF10929E1310924C131092311366
:10ECF00060E08CEA9CE00F94C6BB0F94B75274CFCF
:10ED00004F925F926F927F928F929F92AF92BF923B
:10ED1000CF92DF92EF92FF920F931F93CF93DF93E7
:10ED2000CDB7DEB7A0970FB6F894DEBF0FBECDBF4C
:10ED3000082F0F94C7758091321387FD0F944B7481
:10ED40009091321397FF7DC0809131138230B1F0E2
:10ED500008F475C08330E1F1843009F454C00F9495
:10ED60004B7481116BC382E080934C1383E08093DA
:10ED7000311382E88093321312E0DBC20F94A71D97
:10ED8000AB01BC0180913E1390913F13A0914013C1
:10ED9000B091411388519C4FAF4FBF4F481759074F
:10EDA0006A077B0708F44BC088E792E10F94CEB95D
:10EDB0000196D1F781E080934C1380933113109228
:10EDC000531386E08093331380E00F94FA7437C0B6
:10EDD000923829F60F94A71DAB01BC0180913E1318
:10EDE00090913F13A0914013B091411388519C4FD3
:10EDF000AF4FBF4F481759076A077B0708F4AFCFDB
:10EE00000F941B751CC00F94A71DAB01BC01809112
:10EE10003E1390913F13A0914013B091411388513C
:10EE20009C4FAF4FBF4F481759076A077B0740F702
:10EE30000F94DF9F9091731389130F943A7510E02C
:10EE400078C2A12CD12CC12C9924939455E0B52ED5
:10EE500063E0862E74E0772EE2E06E2E66C02330EB
:10EE600009F4E0C0243009F083C020ED280F2A30D7
:10EE700008F4F8C02FE9280F263008F4F3C08A30D0
:10EE800009F0FAC04090581384E593E10F94769FFF
:10EE90004812B8C01092531388E0E4E5F3E1DE01B4
:10EEA000519601900D928A95E1F788E0FE017196E6
:10EEB000DE01599601900D928A95E1F788E0FE01F6
:10EEC0007996A4E4B3E101900D928A95E1F78CE381
:10EED0008983FE013296ACE5B3E120E0CF01521602
:10EEE00009F4CDC03D9140EE430F403608F03EE2BC
:10EEF00031932F5FF4CF8E3408F056C08B3408F076
:10EF000046C0823409F443C0E0F58A3059F08D30B0
:10EF100049F0B0925313A11005C11F3609F0F9C38F
:10EF2000AA24A3944FEFC41AD40A88E792E10F945D
:10EF3000CEB997FD00C1182F20916C1330E0F90174
:10EF4000E15DFC4E85A77901EFEFEE1AFE0AFFE0C6
:10EF5000EF22FF245E2CE0926C1320915313223099
:10EF600009F448C008F07BCF222329F2213051F167
:10EF70001A3009F48FCF1D3009F48CCF1092591339
:10EF8000CACF853430F2873410F0883411F680937C
:10EF90005413109255131092571310925613109247
:10EFA000581390925313BECF893540F4873578F7C4
:10EFB00020EB280F263008F0ACCFE9CF863609F0D9
:10EFC000A8CFE5CF20ED280F2A3050F02FE9280FE9
:10EFD000263030F0803209F09CCF60925313A2CFDC
:10EFE0000F94559F909155139295907F890F809320
:10EFF000551398CF873448F4853458F42FEB280FF5
:10F00000223038F01092591384CF803511F08235B8
:10F01000C9F7809253138093591310925B13109287
:10F020005A1380CF20ED280F2A3048F02FE9280FFF
:10F03000263028F08A3231F77092531373CF0F9431
:10F04000559F20915A1330915B1344E0220F331FD8
:10F050004A95E1F7820F932F911D90935B13809354
:10F060005A1360CF0F94559F909158139295907FAB
:10F07000890F8093581356CF8D3021F603CFE80EB9
:10F08000F91EF701108210926C1381E899E60E9434
:10F09000575B8BE799E60E94575BCE0101960F9470
:10F0A000A7B40F94B14A80913113813009F474C030
:10F0B00008F4C5CE833009F4D1C0843009F04FCEB6
:10F0C00080913213863009F46CC108F093C184300A
:10F0D00009F409C1853009F0CCC08091491381340D
:10F0E00009F496C1823509F0C4C0109271138DE203
:10F0F00090E89093701380936F1384E097E60F94D9
:10F10000CE4A85E0809332134091341350913513E9
:10F110006091361370913713809138130F94B74B69
:10F1200016E007C11B3609F0F4C285EE96E60F948F
:10F13000CE4A18E0FEC0CD2819F00F94B14A7FCE18
:10F140000F94A71DAB01BC0180913E1390913F131A
:10F15000A0914013B09141138053984FAF4FBF4FD0
:10F16000481759076A077B0708F469CE8091311365
:10F17000882309F464CE1092531381E080934C13DA
:10F180008093311386E08093331380E00F94FA74F8
:10F1900064E08DEB96E679C0109132131330B1F133
:10F1A00060F0163009F450C0193009F0BECF0F944A
:10F1B000E14C882309F443CE40CE8091441383353B
:10F1C00021F480914513181711F0812FFECD809105
:10F1D0004A13E12FF0E0DF01A258BC4E8C93EE51B0
:10F1E000F949E4918E1741F0809133138150809357
:10F1F00033138111EACF99CF84E299E60E947E5DB4
:10F200008AE08093431381E0810FDFCD8091441326
:10F21000833521F480914513833011F083E0D5CDFF
:10F2200080914A1390914B13909382138093811392
:10F2300010927D13E2E2F9E6849160917B1370E015
:10F2400049E00F94224CFBCD82E080934C1383E085
:10F250008093311382E880933213D2CD80913213A0
:10F26000883009F4B7C0A8F48430D9F0873009F4A5
:10F27000AEC081E080934C1382E08093311383E829
:10F280008093321365E083ED96E60F943F4B182F81
:10F2900050C08A3009F4A7C060F38D3008F45FCD08
:10F2A000E8CF809144138E3460F58B3410F48534AC
:10F2B00001F780914913863409F473C084E0809388
:10F2C000311385E0E4E4F3E1DE01119601900D9243
:10F2D0008A95E1F785E0FE013196A4E3B3E1019060
:10F2E0000D928A95E1F70F945D75182F853009F21C
:10F2F00008F09CC0823009F432CD843009F43BCF51
:10F3000018C0843508F4B5CF863598F2883509F0F1
:10F31000B0CF80914913863489F18035C1F18234B0
:10F3200009F042C080914A13809372130F940B74BA
:10F330001BE080912F13909130138130910509F0DB
:10F34000EBC1123009F490C008F07DC0112309F41C
:10F3500018C1002309F4E4C0173009F4C1C108F052
:10F36000B5C1143009F4C4C1153009F0D9C082E028
:10F3700080939E1360E08DE290E8B7C180913413D2
:10F38000882329F082E88093321313E0D2CF809152
:10F390004A138093711381E090E0909370138093EF
:10F3A0006F130F940B744BCD8CE08093711380918D
:10F3B0004A1390914B139093701380936F130F9493
:10F3C0000B7486EF96E60F94CE4A17E0B2CF0F94F7
:10F3D0002F7435CD82E80F941374809332138238E2
:10F3E00009F02DCDBCCC809149138134D1F60F9416
:10F3F000BC4AD7CF8830B1F050F38A3009F039CF0A
:10F4000080914913813409F018CD0F94BC4A15CD71
:10F41000109271131092701310926F1381E8809301
:10F4200032130DCD81E80F941374F9CF873049F270
:10F4300008F463CE883009F478CE7BCF8091321304
:10F4400087FD9ACCFCCC133009F46AC01B3009F05C
:10F4500080CF809172138093991385E197E60F9482
:10F46000CF9F0F94C7755CC080917413811158C0F1
:10F470000E94C14C882309F453C08091600E909182
:10F48000610E8835924009F44BC080915F0E811166
:10F4900047C080915E0E811143C080915D0E811145
:10F4A0003FC090915C0E80915B0E9817C9F18091DE
:10F4B0005C0E90E02EE630915B0E381789F0289FA5
:10F4C000F0011124E558F84F448555856685778508
:10F4D000452B462B472B09F09F5F8F5F8F70EBCF3B
:10F4E0009923F1F086EA96E60E947E5D20E030E006
:10F4F000A901CA01B9010E94217260E070E0CB014C
:10F500000E94614D86ED9EE00F94A2BB813021F4F4
:10F510000F943B518F3F91F589E894E60F94D152B7
:10F5200080914C13823019F481E080939E131093E4
:10F530009D1380917907882351F08091630E81118A
:10F5400006C080919613909197130F9432A1A096C4
:10F550000FB6F894DEBF0FBECDBFDF91CF911F91E4
:10F560000F91FF90EF90DF90CF90BF90AF909F9062
:10F570008F907F906F905F904F9008958CE996E602
:10F58000CDCF0091711380919513081709F446C0EF
:10F59000809131138430A9F480913413882389F049
:10F5A00089E080937A07E2E6F6E60E3130F4E02F48
:10F5B000F0E0EE0FFF1FEE59F949859194910E94FA
:10F5C000B5EEE2E6F6E60E3130F4E02FF0E0EE0FB5
:10F5D000FF1FEE59F949859194910F94CF9F0093A5
:10F5E0009513033049F00C3109F09ACF0F945A3734
:10F5F00081E08093A01394CF80913113843031F453
:10F60000809134138455823008F48ACF0F945A378E
:10F6100081E08093A1130F948A4E82CF033071F161
:10F620000C3109F07DCF8091A013882309F478CFA5
:10F630000F94DF9F8823B1F1813009F071CF1092D0
:10F64000A0130F9488981092620E60917C1370E062
:10F6500090E080E00F942EB66B017C0160917B13EB
:10F6600070E06E5F7F4F072E000C880B990B0F9494
:10F6700030B6A70196010F94AB9F52CF8091A11392
:10F68000882309F44DCF90915B0E80915C0E981306
:10F6900047CF0F94DF9F8150833008F4BCCF109286
:10F6A000A1133ECF90915B0E80915C0E981338CFE2
:10F6B00060917C1370E090E080E00F942EB69B0187
:10F6C000AC0160E070E08FEA93E4D5CF1830B9F078
:10F6D000193009F025CF60E00F94805F19E020CF4A
:10F6E00061E080916F13909170130F94805F18CF39
:10F6F00082E080939E1360E08EE290E8F6CF109255
:10F700009E1310924C131092311360E08CE290E83B
:10F71000ECCF0F94B14AADCD002301F3DCCF809143
:10F720009F1382FF07C08B7F80939F1380EF97E624
:10F730000F94CF9F80919F1381FF50C080919313AE
:10F7400090919413892B09F449C082EE97E60F94A7
:10F75000CF9F80919313909194130F94C9528091ED
:10F760009F138D7F80939F13809193139091941397
:10F770009093740E8093730E82E093E60F942F1291
:10F7800042EB57E662E080E00E9410546091660E02
:10F790007091670E8091680E9091690E0F943BBE38
:10F7A0002091730E3091740EC901861B970B06973A
:10F7B0006CF081E00E94997380E00F9480760F9442
:10F7C000F39E84E690E00E944476E0CF0F94C99EB9
:10F7D00087EC97E60F94CF9F0C942F5408950F93C6
:10F7E0001F93CF93DF9300D01F921F92CDB7DEB748
:10F7F000182F062F10929F1383E08093970219828F
:10F800001A821B821C821D8290E080E00E94447656
:10F8100090919F13898192FF37C081111EC0CE0144
:10F8200001960F94382087EC95E60F94CF9FE091D6
:10F830009D13E250EA3040F7F0E08827ED5DF34891
:10F840008E4F0D94B2BC57015D01B702B70275022D
:10F85000B702A901A7021101B70240E457E76BE123
:10F8600070E0CE0101960F948B1E882301F38091E6
:10F870009F138B7F826080939F131092740E10925F
:10F88000730E87EB95E6D1CF882389F2198281EA3E
:10F8900095E6CBCF0F948F7B0F94B04E8091630E83
:10F8A000811107C08EE895E60E947E5D83E080931B
:10F8B00083130F945A3781E00F900F900F900F90A1
:10F8C0000F90DF91CF911F910F9108950F94C775FD
:10F8D000F2CF80918413811197CF812F0F94FC4E2A
:10F8E000802F0F94944E0F94C7758ECF0F948F7BFB
:10F8F0000F94B04E89CF80E0DFCFCF93DF9300D05D
:10F900001F921F92CDB7DEB71092901710928F17EB
:10F9100062E18EEF94E60F9409650F94A99F40E091
:10F9200065E5CE0101960F94879F49815A816B81CD
:10F930007C818D810F94D07461E080E00F94EF7B27
:10F94000811103C00F94EB9EE8CF83E00F94C64271
:10F9500083E60F94B16483E6809386138EE897E183
:10F960000E9400580F900F900F900F900F90DF9112
:10F97000CF910895CF930F943265C82F882379F0E3
:10F9800088EC90E00F9412A382E00F94C6420F948B
:10F99000A8640F947D7C0F9427650F94C99E8C2FCB
:10F9A000CF9108950F931F93CF93DF9300D01F92B1
:10F9B0001F92CDB7DEB7082F0F943265182F88231A
:10F9C00039F1602F81EF92E60F94CC9E0F94A864DA
:10F9D0000F94A99F402F6CE4CE0101960F94879F4E
:10F9E00049815A816B817C818D810F94D07460E054
:10F9F00080E00F94EF7B182F811103C00F94EB9ED2
:10FA0000E7CF83E00F94C6420F9427650F94C99EF9
:10FA1000812F0F900F900F900F900F90DF91CF914B
:10FA20001F910F910895FF920F931F93CF93DF9330
:10FA300000D01F921F92CDB7DEB7082FF62E0F947D
:10FA40003265182F8823A1F1FF2029F0602F82EE64
:10FA500092E60F94CC9E8091741381110F94BA7C1E
:10FA60000F94A8640F94A99F402F65E4CE010196DE
:10FA70000F94879F49815A816B817C818D810F947E
:10FA8000D07461E080E00F94EF7B182F811103C0E8
:10FA90000F94EB9EE7CF83E60F94B16483E68093E7
:10FAA000861383E00F94C6420F9427650F94C99E76
:10FAB000812F0F900F900F900F900F90DF91CF91AB
:10FAC0001F910F91FF9008951F93CF93DF9300D064
:10FAD0001F921F92CDB7DEB7182F0F94A99F412F09
:10FAE0006BE4CE0101960F94879F49815A816B8107
:10FAF0007C818D810F94D07461E080E00F94EF7B66
:10FB0000811103C00F94EB9EE8CF0F900F900F90E0
:10FB10000F900F90DF91CF911F910895CF93C82F31
:10FB2000682F85ED92E60F94CC9E8091741381111D
:10FB30000F94BA7C0F94A8648C2F0F94647D83E695
:10FB40000F94B16483E68093861383E00F94C642DA
:10FB50000F9427650F94C99E81E0CF9108959091ED
:10FB6000C00095FFFCCF8093C60008958091C0002F
:10FB700087FFFCCF8091C00084FD01C0A8958091D3
:10FB8000C6000895862798E027E0382F880F37FDB4
:10FB900082279150D1F7089581E195E70C94575B46
:10FBA000CF93C82F8BE095E70E94575B8C2F0E9464
:10FBB0003E5B8DE5CF910C943E5BCF93C82F84EDD7
:10FBC00094E70E94575B8C2F0E943E5B8DE50E945C
:10FBD0003E5BCF910D94CC7D2F923F924F925F92DE
:10FBE0006F927F928F929F92AF92BF92CF92DF924D
:10FBF000EF92FF920F931F93CF93DF93CDB7DEB7B2
:10FC0000A1970FB6F894DEBF0FBECDBF1C0148010F
:10FC10005901FC01E85BFF4FC080D180E280F38096
:10FC20009A01AB01C701B6010F946FB60F94A8BD3E
:10FC30000F9442BE8B018D839983A5019401C70166
:10FC4000B6010F946FB60F94A8BD0F9442BE362F25
:10FC5000272FA8016D81798148375105610571050C
:10FC600020F448E750E060E070E0D101D6968D9036
:10FC70009D90AD90BC90D9978F8A988EA98EBA8EA0
:10FC8000481559056A057B0520F44F8B588F698FFD
:10FC90007A8F432F522FBC014837510561057105FA
:10FCA00020F448E750E060E070E0182D092DA9A28B
:10FCB000B8A2481559056A057B0520F4142F052FB5
:10FCC00069A378A3F101EE5BFF4FC080D180E28091
:10FCD000F380CD82DE82EF82F886CD28CE28CF2831
:10FCE00041F4C12CD12C7601C394CD82DE82EF8207
:10FCF000F8862F89388D498D5A8DB901CA010F9424
:10FD000005BC6D877E878F87988BA5019401C501FF
:10FD1000B4010F9405BC2B013C01212F302F49A1C8
:10FD200058A1612F702FCA010F9405BC698B7A8B83
:10FD30008B8B9C8BCD80DE80EF80F884CC0CDD1C1F
:10FD4000EE1CFF1CC986DA86EB86FC86C301B20175
:10FD50006150710981099109CD84DE84EF84F888AE
:10FD60006C197D098E099F09C984DA84EB84FC84AF
:10FD70006C0D7D1D8E1D9F1DA70196010F9415BC56
:10FD800069017A01C301B20129893A894B895C89E9
:10FD9000621B730B840B950B29853A854B855C851B
:10FDA0000F9415BC29013A01D701C601840D951D98
:10FDB000A61DB71D8C8F9D8FAE8FBF8FF101E45BA9
:10FDC000FF4F90819B8F992309F48DC0612F702F75
:10FDD00089A198A10F942EB6F101EC5AFF4F208112
:10FDE0003181428153810F946FB60F9442BE6D8B67
:10FDF0007E8BD10150962D913D914D915C91539701
:10FE000029833A834B835C838C8D9D8DAE8DBF8D12
:10FE100082179307A407B50708F068C029013A01C3
:10FE2000481A590A6A0A7B0A9B8D40E080E09923B0
:10FE300089F0C501B4010F942EB6F101EC5AFF4FC1
:10FE400020813181428153810F946FB60F9442BE5D
:10FE5000462F872F3FB7F894F101E95BFF4F2081D0
:10FE6000211127C0D1015996CD92DD92ED92FC92DD
:10FE70005C97C40CD51CE61CF71CF101C58ED68E10
:10FE8000E78EF0A2CF88C2AED88CD3AEE98CE4AEB8
:10FE9000FA8CF5AEFE9610830183C9A0C282D8A069
:10FEA000D3827396ED88E082FE88F1823297408398
:10FEB00081833FBFA1960FB6F894DEBF0FBECDBFC2
:10FEC000DF91CF911F910F91FF90EF90DF90CF9036
:10FED000BF90AF909F908F907F906F905F904F906A
:10FEE0003F902F9008951D8A1E8A83CF2D813E81D9
:10FEF0004F81588582E0220F331F441F551F8A957A
:10FF0000D1F789819A81AB81BC8181709927AA2719
:10FF1000BB278D839E83AF83B88789809A80AB800F
:10FF2000BC80B694A79497948794CD84DE84EF84A4
:10FF3000F88889899A89AB89BC898C159D05AE059D
:10FF4000BF0508F46FC06C017D0191E0C91AD108AA
:10FF5000E108F1088D859E85AF85B889C81AD90A50
:10FF6000EA0AFB0AC701B601620F731F841F951FBF
:10FF7000CD80DE80EF80F884CD28CE28CF2841F0D8
:10FF8000C984DA84EB84FC846C0D7D1D8E1D9F1D5D
:10FF90000F9415BC75016401C20ED31EE41EF51E3C
:10FFA00029813A814B815C812C153D054E055F0509
:10FFB00010F469017A012B8D222309F469C0C11460
:10FFC000D104E104F10409F466C04D898E8941141D
:10FFD00051046104710409F43DCFA70196016985BC
:10FFE0007A858B859C850F9405BC2D853E854F8534
:10FFF0005889620F731F841F951F0F942EB60F949C
:020000023000CC
:1000000098C0F101EC5AFF4F208131814281538128
:100010000F946FB60F9442BE462F872F412C512C60
:10002000320118CF6D857E858F859889C988DA88D9
:10003000EB88FC886C197D098E099F09CD80DE80D4
:10004000EF80F884CD28CE28CF2841F0C984DA8407
:10005000EB84FC846C0D7D1D8E1D9F1D0F9415BCC3
:10006000820E931EA41EB51E49805A806B807C8030
:1000700084149504A604B70410F424013501C98042
:10008000DA80EB80FC80C418D508E608F70893CF27
:1000900040E080E0C3CF4D898E89C0CF0F94B67DFC
:1000A000803229F081E10F94AF7D0E947D4C84E184
:1000B0000D94AF7DCF93C82F0F94B67DC150E1F75B
:1000C000CF910D944E800F931F93CF93DF93EB014D
:1000D000142F052F0E94EB53CE010E94E7538AE3B1
:1000E0000E94EB53CE010F9460B99EE0981B892FBC
:1000F0000E94F2530F931F938AE491E79F938F938B
:100100000E94D5530F900F900F900F90DF91CF91D9
:100110001F910F9108950F931F93CF93DF93FC01CD
:100120002381222331F080E0DF91CF911F910F9145
:1001300008958B01EC01FB018789803139F582E05C
:100140008B831D8A1E8A1F8A188E808D918DB0E048
:10015000A0E025E0880F991FAA1FBB1F2A95D1F7A1
:10016000898B9A8BAB8BBC8B1A8F098F81E089832B
:100170001C821D821E821F82188619861A861B8683
:100180001C861D861E861F86188ACECF803259F6A1
:1001900083E08B83428D538D648D758D4D8B5E8B8B
:1001A0006F8B788F9E012F5E3F4FC8010F9466477B
:1001B0008111DACFB8CFCF93DF93EC010F94B14820
:1001C0001B82DF91CF910895CF93DF93EC01462FEF
:1001D00041706C857D858E859F850F94144688239C
:1001E00051F0888920E2829FC00111248F57914FDE
:1001F000DF91CF91089590E080E0FACFCF93DF9325
:10020000EB01FC012381211104C080E0DF91CF913B
:1002100008952250223028F48FE28883198281E0E9
:10022000F5CF60E00F94E480009779F3DC0160E0A3
:1002300080E09EE22D91203299F0883031F49E01C9
:10024000260F311DF90190836F5F9E01260F311D2E
:10025000AD0141505109FA014081F90140836F5FBE
:100260008F5F8B3039F7FE01E60FF11D1082D7CF7B
:100270003F924F925F926F927F928F929F92AF9236
:10028000BF92CF92DF92EF92FF920F931F93CF9383
:10029000DF93CDB7DEB72C970FB6F894DEBF0FBE55
:1002A000CDBF5C01DC0159968D909C90F401818555
:1002B0009285A385B4859C01AD012F5F3F4F4F4FC1
:1002C0005F4F29873A874B875C87D50114964D90FD
:1002D0005D906D907C9017974114510461047104F6
:1002E00009F459C0BFEF4B1A5B0A6B0A7B0A312C29
:1002F000730162011D821E821F821886F4018185AE
:100300009285A385B4852D813E814F81588528171C
:1003100039074A075B0708F056C089859A85AB857F
:10032000BC858C159D05AE05BF0550F482E0C82E36
:10033000D12CE12CF12C92E0492E512C612C712C06
:100340009E012F5F3F4FB701A601C4010F94E34602
:100350008823C9F189819A81AB81BC81892B8A2B41
:100360008B2B01F1260137019FEF491A590A690ABF
:10037000790A2D813E814F8158852F5F3F4F4F4F26
:100380005F4F2D833E834F8358873FEFC31AD30AB5
:10039000E30AF30AB3CF4080518062807380332434
:1003A0003394A6CFC414D504E604F70411F70FEF75
:1003B0001FEF2FEF3FE0B701A601C4010F94514694
:1003C000782E81111AC0712C872D2C960FB6F894B7
:1003D000DEBF0FBECDBFDF91CF911F910F91FF9078
:1003E000EF90DF90CF90BF90AF909F908F907F90D5
:1003F0006F905F904F903F900895F5014481558133
:1004000066817781411551056105710539F09701C4
:100410008601C4010F9451468823A9F2D501149690
:10042000CD92DD92ED92FC921797332051F0D701D7
:10043000C6010196A11DB11DF40180839183A283A1
:10044000B383F50185899689A789B08D892B8A2B7D
:100450008B2B09F0B9CFC58AD68AE78AF08E8181C5
:1004600080688183B1CF8EBD0DB407FEFDCF0895A6
:100470008FEF8EBD0DB407FEFDCF8EB508958F9220
:100480009F92AF92BF92EF92FF920F931F93CF93E1
:100490007C01C62F49015A01FC019181892F806A94
:1004A00086958CBD90FD03C081E0963009F480E014
:1004B0008DBD9FB7F894809105018F7B80930501D6
:1004C0009FBF8CE291E00F944A518C2F80640F946F
:1004D000338208E110E0D501C401002E04C0B695B6
:1004E000A795979587950A94D2F70F943382085071
:1004F0001109083FFFEF1F0771F785E9CC2321F0B1
:1005000087E8C83009F08FEF0F943382CC3011F4B4
:100510000F943882C0E00F943882F701828387FFFE
:1005200004C0CF3F11F0CF5FF6CFCF911F910F9155
:10053000FF90EF90BF90AF909F908F9008950F9392
:100540001F93CF93DF93EC0189018B81833039F0C6
:1005500089E0440F551F661F771F8A95D1F79A01CE
:10056000AB0168E1CE010F943F82882319F086E049
:10057000888339C08EEF8EBDF801C8019E5F0DB42F
:1005800007FEFDCF20812EBD0DB407FEFDCF2181DA
:100590002EBD3296E817F90791F70DB407FEFDCF8F
:1005A0008FEF0F9433828FEF0F9433820F94388242
:1005B0008A838F71853099F488E592E00F944A51CF
:1005C000182F87E11123A1F220E030E0A9016DE0AE
:1005D000CE010F943F82882351F086E1C9CF83E199
:1005E00088830F9441510F94415110E006C00F943D
:1005F00038828111F2CF0F944151812FDF91CF9139
:100600001F910F9108952F923F924F925F926F9298
:100610007F928F929F92AF92BF92CF92DF92EF9292
:10062000FF920F931F93CF93DF93EC012A013B01BD
:1006300069018B81833039F069E0440C551C661CDC
:10064000771C6A95D1F743E0942E560181E0A81AF1
:100650008EEFB80A1601EEEF3E1A54E0852E9A94FA
:10066000A301920161E1CE010F943F82882379F0CA
:100670008882992009F47AC00F94415120E030E03B
:10068000A9016CE0CE010F943F821882E8CF0F944D
:10069000A71D8B010F9438828A838F3F91F40F94AA
:1006A000A71D601B710B6D327140A0F381E188833F
:1006B0000F9441518C818823E1F28FEF0F943382A4
:1006C000D8CF8E3F11F08FE0F2CF8FEF8EBDD601E5
:1006D000F6010DB407FEFDCF9EB591938EBDEA15D0
:1006E000FB05B9F70DB407FEFDCF8EB5F50180838C
:1006F000F12CE12C8D91EF2DFF27E827EE0FFF1F46
:10070000E658FA4885919491FE2CEE24E826F926C5
:100710002A163B0679F70F943882082F10E0102F25
:1007200000270F943882082B0E151F0519F0F0E2F0
:10073000F883BECF0F944151CC81CC23D9F08FEFF9
:100740000F9433828C2FDF91CF911F910F91FF90E7
:10075000EF90DF90CF90BF90AF909F908F907F9061
:100760006F905F904F903F902F9008950F9441515C
:10077000C0E0E8CFC1E0E6CF2F923F924F925F9268
:100780006F927F928F929F92AF92BF92CF92DF92A1
:10079000EF92FF920F931F93CF93DF9300D01F929E
:1007A000CDB7DEB79C838B834B017A01DC011396B6
:1007B0008C91811119C08FEF9FEF0F900F900F90C8
:1007C0000F90DF91CF911F910F91FF90EF90DF90ED
:1007D000CF90BF90AF909F908F907F906F905F90E1
:1007E0004F903F902F900895EB81FC81818180FF95
:1007F000E2CF018912892389348940855185628538
:100800007385C701B0E0A0E028013901441A550AF8
:10081000660A770A84159505A605B70518F07801CC
:10082000E41AF50A67018B819C8104969A83898377
:10083000612C32E0732EC114D10409F4B7C0AB812E
:10084000BC8118964D915D916D917C911B975A01D9
:10085000B1E0BB22EB81FC81818D928D1A012B01CD
:1008600029E056944794379427942A95D1F7238109
:10087000223091F5DC015A966D917D918D919C917C
:100880005D97620D731D841D951D83010A191B0957
:10089000C016D10608F486010115B2E01B0771F4F9
:1008A0002091750E3091760E4091770E5091780E12
:1008B000621773078407950709F059C040E00F9449
:1008C0001446882309F477CFB5016F57714FA801FB
:1008D000C4010F94CBC157C0FC01148111501221E7
:1008E000A114B10481F411110EC0452B462B472BE6
:1008F00079F5EB81FC8185899689A789B08D848300
:100900009583A683B783AB81BC815996ED91FC9109
:100910005A9714966D917D918D919C911797625085
:10092000710981099109258504C0660F771F881F09
:10093000991F2A95D2F72685378540895189620FFC
:10094000731F841F951F610F711D811D911D9DCF08
:10095000AB81BC8114964D915D916D917C911797FF
:1009600029813A810F94E3468111CDCF24CF9401A0
:10097000AB01BC0180917E0E90917F0E0F9403839A
:10098000882309F418CF800E911EEB81FC818085AD
:100990009185A285B385800F911FA11DB11D808710
:1009A0009187A287B387C01AD10A45CFC70105CF67
:1009B0004F925F926F927F92AF92BF92CF92DF92EF
:1009C000EF92FF920F931F93CF93DF931F92CDB7B8
:1009D000DEB78C017B015A01C22EDB0159968D9145
:1009E0009C91F801928F818FCB010E94335B712C17
:1009F000F70180859185A285B385418952896389F4
:100A0000748984179507A607B70708F052C055E008
:100A1000B695A795979587955A95D1F7F82FFF70BA
:100A2000DF2ED70113968C91823010F480E0DBC06A
:100A300041E050E0BE016F5F7F4FC7010F94BC8360
:100A40000197A1F7F70180859185A285B3854F961F
:100A5000A11DB11D80879187A287B387F0E2DF9E39
:100A6000B00111246F57714F61157105F9F2DB0167
:100A70008C91882341F0853E09F04CC0772029F005
:100A800077247394B5CF71100EC08091750E90913C
:100A9000760EA091770EB091780EF8018487958735
:100AA000A687B787D08ADB018C918111E9CF7724A3
:100AB00073948C2D8274823409F0B8CF772009F4B6
:100AC000A2C0F801D08861E0C8010F94E4800097CB
:100AD00009F4ACCF20E2DC011D922A95E9F72BE066
:100AE000F501DC0101900D922A95E1F721E238E24F
:100AF000FC01318B208B40E058E057874687338BD1
:100B0000228B318F208F578B468B0F94D5458111C7
:100B100009C08CCF4BE050E0C5010F94BEC1892BBA
:100B200009F066CFF0E2DF9ED00111249D012F571E
:100B3000314FF9018385817121F08C2D827109F08B
:100B4000FCC0F801818D928D4091750E5091760E0A
:100B50006091770E7091780E448755876687778706
:100B6000D08AFD01EF57F14F44885588712C612CD4
:100B7000320155244424D80155964D925D926D92D0
:100B80007C925897428D538D70E060E0442955293E
:100B90006629772955964D935D936D937C9358976D
:100BA000D9011B962C91287109F0B9C0848D958DBF
:100BB000A68DB78DF801818B928BA38BB48B81E0CE
:100BC00083838C2D8F70F8018183148215821682A5
:100BD0001782108611861286138681E0C4FE03C038
:100BE000C8010F9451540F90DF91CF911F910F9135
:100BF000FF90EF90DF90CF90BF90AF907F906F907D
:100C00005F904F900895D70113968C91139782307F
:100C100009F40CCF51968D919D910D90BC91A02D12
:100C2000803E9F4FAF41B10508F000CFC7010F9440
:100C30003881882309F4FACE0F94D545882309F426
:100C4000F5CED7015996ED91FC915A9714964D9097
:100C50005D906D907C901797B2E04B1A5108610837
:100C60007108858504C0440C551C661C771C8A9548
:100C7000D2F786859785A089B189480E591E6A1ECC
:100C80007B1E81E080937D0E4092750E5092760E11
:100C90006092770E7092780EE1E8FEE080E092E0DC
:100CA000DF019C011D9221503040E1F7DD24D394F7
:100CB000D7015996ED91FC918481D81698F421E8DA
:100CC0003EE0B301A2014D0D511D611D711D8091CA
:100CD0007E0E90917F0E0F949F82882309F4A6CEFA
:100CE000D394E6CF258580E092E0A0E0B0E004C098
:100CF000880F991FAA1FBB1F2A95D2F7F7014189B8
:100D0000528963897489840F951FA61FB71F818B31
:100D1000928BA38BB48B81E89EE0D12CDBCE20316B
:100D200061F498012F5E3F4F0F946647882329F0A6
:100D300084E0D80113968C9344CFD80113961C926B
:100D400075CE2091761230917712BC01C90184577B
:100D50009F4E0F94A9B99C01909314188093131877
:100D600081E0232B09F480E0089588E19EE00FB62E
:100D7000F894A895809360000FBE909360009FB791
:100D8000F894809102018460809302019FBF0E94C9
:100D90002F544BEB51E761E080E00E941054FFCFED
:100DA00060915B0E90915C0E30E020E08EE696172D
:100DB00061F0899FF0011124E951F84F4081518180
:100DC000240F351F9F5F9F70F2CFC90108953091A6
:100DD0005B0E20915C0E321791F0E0915B0EE111F9
:100DE00001C0E0E1E1502EE6E29FF0011124E9515B
:100DF000F84F20813181820F931F91838083089562
:100E00008F929F92AF92BF92CF92DF92EF92FF921A
:100E10000F931F93CF93DF93C0919802D0919902C3
:100E200087E7E82E86E0F82E06EF17E16E0180E1F5
:100E3000C80ED11C6991799189919991F70181909E
:100E40009190A190B1907F010F942EB6A5019401CD
:100E50000F946FB60F9442BEF80161937193819322
:100E600091938F01CC15DD0529F7DF91CF911F916B
:100E70000F91FF90EF90DF90CF90BF90AF909F9039
:100E80008F90089580916F0681110EC087E896E0DB
:100E900090939B0280939A0287E996E0909399023F
:100EA000809398020D9400878130E1F78FE097E0FE
:100EB00090939B0280939A028FE197E0EFCFFC0121
:100EC00040815181628173814093E7045093E8042B
:100ED0006093E9047093EA042091830630918406BC
:100EE000409185065091860660817181828193814F
:100EF0000F946FB60F9407C0E9E5F7E06487758734
:100F0000868797878FB7F89444855585668577855A
:100F1000409375075093760760937707709378072F
:100F20008FBF0895FC01408151816281738140939C
:100F3000E3045093E4046093E5047093E604209185
:100F40007F06309180064091810650918206608133
:100F50007181828193810F946FB60F9407C0609363
:100F600061077093620780936307909364070D9401
:100F70009B642F923F924F925F926F927F928F92DB
:100F80009F92AF92BF92CF92DF92EF92FF920F9318
:100F90001F93CF93DF93CDB7DEB7C558D1090FB6F6
:100FA000F894DEBF0FBECDBF69A37AA38BA39CA329
:100FB0002DA33EA34FA358A7A896ECAEFDAE0EAF4F
:100FC0001FAFA897AA96DFAECEAEAA9789AA99AE10
:100FD000ADAEBDAAC556DF4F08811981CB59D040AF
:100FE00080915B0E8F5FA1968FAFA197803119F42E
:100FF000A1961FAEA19780915C0EA1962FADA197EF
:1010000082130FC00F94AA2C80E00E94997380E095
:101010000E94C35380915C0EA1963FADA1978317A8
:1010200089F34091620EA2964FAFA297442311F12B
:1010300081E899E60E94575B8EEA91E70E947E5D07
:10104000CB57DF4F0FB6F894DEBF0FBECDBFDF9199
:10105000CF911F910F91FF90EF90DF90CF90BF90B5
:10106000AF909F908F907F906F905F904F903F9048
:101070002F90089590915B0E292E312C8EE6989F2B
:10108000D0011124A496BFAFAEAFA497CD0185586F
:10109000984FFC01E95BFF4F108284599F4FFC0180
:1010A000118210820115110511F40D94AD9280E1A9
:1010B000F801AD52B84F01900D928A95E1F78EE696
:1010C000829D8001839D100D11240558184FF80151
:1010D000E859FF4FC356DF4F88819981CD59D040E1
:1010E0009183808306591F4F609191027091920203
:1010F00080919302909194020F9442BED8016D9317
:101100007C938091C6048823A9F010926507109201
:10111000660710926707109268071092E704109212
:10112000E8041092E9041092EA041092C60481E0E7
:101130008093C504BE016B5D7F4FCE0181960E94F6
:101140001F4FC9A0DAA0EBA0FCA020917706309138
:1011500078064091790650917A06C701B6010F943E
:101160006FB60F9407C0C258DF4F688379838A83B4
:101170009B83CE57D0408DA09EA0AFA0B8A4209155
:101180007B0630917C0640917D0650917E06C5011C
:10119000B4010F946FB60F9407C0CE57DF4F68832A
:1011A00079838A839B83C258D0408091A613882379
:1011B00011F40D94B492A5019401C701B6010F94E6
:1011C0007251A8962CAD3DAD4EAD5FADA8970F9472
:1011D000CABC20917F0630918006409181065091D3
:1011E00082060F946FB60F9407C0E6966CAF7DAF82
:1011F0008EAF9FAFE697AA96EEADFFADAA9780801F
:101200009180A280B3802091830630918406409122
:10121000850650918606C501B4010F946FB60F94F0
:1012200007C0AE966CAF7DAF8EAF9FAFAE9780918B
:10123000650790916607A0916707B0916807AE9621
:101240004CAC5DAC6EAC7FACAE97481A590A6A0ADA
:101250007B0A8091590790915A07A0915B07B09142
:101260005C07C258DF4FC880D980EA80FB80CE5728
:10127000D040C81AD90AEA0AFB0A80915D0790910A
:101280005E07A0915F07B0916007CE57DF4F2881BE
:1012900039814A815B81C258D040281B390B4A0BE7
:1012A0005B0B29A73AA74BA75CA780916107909198
:1012B0006207A0916307B0916407E6962CAD3DAD3F
:1012C0004EAD5FADE697281B390B4A0B5B0B2DA784
:1012D0003EA74FA758AB411451046104710409F4AF
:1012E00080C06091660E7091670E8091680E90913B
:1012F000690E0F943BBE20916B0230916C02621715
:1013000073070CF5AE968CAD9DADAEADBFADAE978F
:101310008093650790936607A0936707B09368076B
:101320008092E7049092E804A092E904B092EA0463
:1013300081E899E60E94575B84E991E70E947E5D0F
:10134000412C512C3201C301B20177FE07C0662740
:101350007727CB0164197509860997090F9430B670
:101360004B015C0120E030EC4BEE53E460918306CE
:101370007091840680918506909186060F946FB6D1
:101380009B01AC01C501B4010F9453BF18164CF575
:10139000AE962CAD3DAD4EAD5FADAE9720936507DB
:1013A000309366074093670750936807AA96EEAD9F
:1013B000FFADAA9780819181A281B3818093E704D8
:1013C0009093E804A093E904B093EA0481E899E6D5
:1013D0000E94575B86E791E70E947E5D412C512C6D
:1013E00032018EE6829DF001839DF00D1124E558B7
:1013F000F84FD701C601F7FE07C088279927DC01FF
:101400008C199D09AE09BF0980839183A283B383A0
:101410008EE6829DF001839DF00D1124E558F84F72
:1014200089A59AA5ABA5BCA5B7FF07C0B095A095A7
:10143000909581959F4FAF4FBF4F84839583A6832F
:10144000B7838EE6829DF001839DF00D1124E5584F
:10145000F84F8DA59EA5AFA5B8A9B7FF07C0B09559
:10146000A095909581959F4FAF4FBF4F80879187F3
:10147000A287B387B301A20177FE07C0442755278F
:10148000BA0144195509660977098EE6829DF00173
:10149000839DF00D1124E558F84F448755876687E2
:1014A0007787008111812281338184819581A68192
:1014B000B78180179107A207B30714F4D901C801B7
:1014C000EEE6BE2EB29CF001B39CF00D1124E5585F
:1014D000F84F80849184A284B38488159905AA0565
:1014E000BB0514F4D501C40184179507A607B707F7
:1014F00014F4DB01CA014EE6429DF001439DF00D5C
:101500001124E558F84F808B918BA28BB38B0697F3
:10151000A105B1050CF494CD8091E703DF01AA5B2E
:10152000BF4F8C93F7FE02C00D94C492108E89A514
:101530009AA5ABA5BCA5B7FF0BC08EE6829DF001B6
:10154000839DF00D1124E558F84F808D8260808FC7
:101550008DA59EA5AFA5B8A9B7FF0BC08EE6829D4D
:10156000F001839DF00D1124E558F84F808D8460C3
:10157000808F77FE0BC08EE6829DF001839DF00D7B
:101580001124E558F84F808D8860808F012B022B45
:10159000032B09F017988EE6829DF001839DF00DD4
:1015A0001124E558F84F84819581A681B781892B54
:1015B0008A2B8B2B09F016988EE6829DF001839D75
:1015C000F00D1124E558F84F80859185A285B385EB
:1015D000892B8A2B8B2B09F015988EE6829DF001C2
:1015E000839DF00D1124E558F84F84859585A685D7
:1015F000B785892B8A2B8B2B09F014988EE6829D58
:10160000F001839DF00D1124E558F84F24853585B0
:10161000468557852A962CAF3DAF4EAF5FAF2A97D0
:10162000232B242B252B09F0B3C7A090B306B09031
:10163000B4060091B5061091B60629A939AD4DAD95
:101640005DA9B501C8010F9453BF181624F4A9AAC7
:10165000B9AE0DAF1DABC701B6010F9430B62091E6
:101660007706309178064091790650917A060F946A
:10167000C9BD4B015C0189829A82AB82BC8269A59B
:101680007AA58BA59CA50F9430B620917B0630914E
:101690007C0640917D0650917E060F94C9BD6B017A
:1016A0007C01CD82DE82EF82F8866DA57EA58FA5B6
:1016B00098A90F9430B620917F0630918006409112
:1016C0008106509182060F94C9BD22966CAF7DAF02
:1016D0008EAF9FAF229769877A878B879C87C301DC
:1016E000B2010F9430B62091830630918406409168
:1016F0008506509186060F94C9BD26966CAF7DAFC6
:101700008EAF9FAF26976D877E878F87988B8EE6EB
:10171000829DF001839DF00D1124E558F84F8081E2
:101720009181A281B3812E968CAF9DAFAEAFBFAF3A
:101730002E970697A105B1050CF033C784819581DA
:10174000A681B7810697A105B1050CF02AC780854F
:101750009185A285B3850697A105B1050CF021C737
:1017600026968CAD9DADAEADBFAD2697BF7785A754
:1017700096A7A7A7B0AB8EE6829DF001839DF00DE2
:101780001124E558F84F45A456A467A470A8A301F6
:10179000920160E070E080E89FE30F94C9BD29A941
:1017A00039AD4DAD5DA90F946FB66B017C01809191
:1017B0005B0E90915C0E891B8F708DAF82508630CE
:1017C00008F040C0A701960160E074E284E799E464
:1017D0000F94C9BD0F9407C04B015C018091B706FF
:1017E0009091B806A091B906B091BA0688169906EC
:1017F000AA06BB0638F5BC01CD01681979098A092A
:101800009B09660F771F881F991FADAD2A2F30E007
:1018100050E040E00F9415BCCA01B9010F942EB6F8
:101820000F943BBE680D791D8A1D9B1D0F942EB62B
:101830009B01AC0160E074E284E799E40F94C9BDB8
:101840006B017C01A3019201C701B6010F946FB631
:101850006DAB7EAB8FAB98AF8EE6829D8001839D92
:10186000100D11240558184F2DA93EA94FA958ADA8
:10187000D80191962D933D934D935C9394975096F8
:101880006D917D918D919C9153970F942EB669AF78
:101890007AAF8BAF9CAF9B01AC01C701B6010F942F
:1018A0006FB60F94A8BD0F9442BE62966CAF7DAF29
:1018B0008EAF9FAF6297F80166AB77AB80AF91AF09
:1018C0009E012F5F3F4F6C963FAF2EAF6C97AE01DE
:1018D0004F5E5F4FA0965FAF4EAFA09780919A0288
:1018E00090919B029AAB89AB40966E969FAF8EAF5C
:1018F0006E9768965FAF4EAF689719A61DA600E871
:101900001FE36C96AEADBFAD6C972D913D914D919F
:101910005D916C96BFAFAEAF6C97C701B6010F94E7
:101920006FB66896EEADFFAD689761937193819342
:1019300091936896FFAFEEAF68974B015C01E89416
:10194000B7F8A9A9BAA92D913D914D915D91BAAB76
:10195000A9AB66962CAF3DAF4EAF5FAF6697C501A2
:10196000B4010F9453BF1816B4F4A5019401669600
:101970006CAD7DAD8EAD9FAD66970F94C9BD4B012B
:101980005C0129A53DA5A8010F9453BF18161CF0B2
:1019900089A69DA685016E96EEADFFAD6E9729A92D
:1019A0003AA9E217F30709F0ACCF20E030E040E8B5
:1019B0005FE369A57DA5C8010F94BFBD87FF50C037
:1019C000A096AEACBFACA09730E1A30EB11CA09620
:1019D000CEACDFACA097D6016D917D918D919D919C
:1019E0006D017D01B4E0EB1AF10829A53DA5A80120
:1019F0000F946FB6F7016083718382839383AC1475
:101A0000BD0449F72EE6229DC001239D900D1124AF
:101A10009C012558384F790129A53DA5A8016DA93C
:101A20007EA98FA998AD0F946FB6D70191966D934B
:101A30007D938D939C93949762966CAD7DAD8EADA6
:101A40009FAD62970F942EB629A53DA5A8010F94CE
:101A50006FB60F9442BEF70166AB77AB80AF91AF24
:101A6000A301920169AD7AAD8BAD9CAD0F94C9BD58
:101A700069A77AA78BA79CA72E962CAD3DAD4EAD3E
:101A80005FAD2E97232B242B252B09F0B9C58EE6AD
:101A9000829D8001839D100D11240558184FF80177
:101AA00084819581A681B781892B8A2B8B2B09F0A4
:101AB000A7C580859185A285B385892B8A2B8B2B21
:101AC00009F09EC52091AB063091AC064091AD0661
:101AD0005091AE0669A57AA58BA59CA50F946FB60B
:101AE0000F94A8BD0F9442BE2B013C01F801E45BAA
:101AF000FF4F10826A961CAE1DAE1EAE1FAE6A97D7
:101B00008EE6829D8001839D100D11240558184F8B
:101B1000F801EE5BFF4F4082518262827382C30103
:101B2000B2010F942EB66B017C0129A53AA54BA5F5
:101B30005CA50F94C9BDE2966CAF7DAF8EAF9FAF31
:101B4000E297F80161AB72AB83AB94AB2DEB37E35B
:101B500046E051E4C701B6010F946FB60F9442BE40
:101B6000D80154966D937D938D939C93579791963E
:101B7000BC912796BFAF2797F801F2A12B96FFAF34
:101B80002B97D8019396BC912F96BFAF2F97F80152
:101B9000F4A16396FFAF63972BEB36E0EE963FAF71
:101BA0002EAFEE97A0964EAC5FACA09730E1430EFF
:101BB000511C0BEB16E0A0966EAC7FACA09727965D
:101BC0004FAD279749A72B965FAD2B975DA7B9AB74
:101BD000F9AF1DAAD3018D909D90AD90BD903D01B0
:101BE000E894B7F8F801C190D190E190F1908F019D
:101BF000A5019401C701B6010F94BFBD87FF3AC08C
:101C0000FDA9FF2309F47EC629A53DA549A959AD23
:101C1000C501B4010F946FB64B015C01A701960199
:101C200027966FAD27972B967FAD2B972F968FAD6D
:101C30002F9763969FAD63970F946FB66B017C01EE
:101C4000AC019B01C501B4010F9453BF181694F465
:101C5000A5019401C701B6010F94C9BD9B01AC0158
:101C600069A57DA589A999AD0F946FB669A77DA7D0
:101C700089AB99AF4614570409F0ACCF8EE6829D2C
:101C8000F001839DF00D1124E558F84F15AA8091BD
:101C9000C504882321F080E185AB1092C5043DADD9
:101CA000323008F48FC64091C7046B964FAF6B97E4
:101CB0005091C8046D965FAF6D970091C904109163
:101CC000CA0427E137EB41ED58E36B966FAD6B9794
:101CD0006D967FAD6D97C8010F9453BF18160CF029
:101CE00071C66B962FAD6B976D963FAD6D97A80142
:101CF00027966FAD27972B967FAD2B972F968FAD9D
:101D00002F9763969FAD63970F94BFBD87FF01C662
:101D10006B962FAD6B976D963FAD6D97A80127968B
:101D20006FAD27972B967FAD2B972F968FAD2F9763
:101D300063969FAD63970F94C9BDEC966CAF7DAF72
:101D40008EAF9FAFEC9727968FAD27978DAF2B96D1
:101D50009FAD2B979DAB2F96AFAD2F97AEAF6396F0
:101D6000BFAD63972396BFAF23972BEC34E0E89683
:101D70003FAF2EAFE897412C512C30E8632E3FE364
:101D8000732EE896AEADBFADE8978D909D90AD9067
:101D9000BD90E896BFAFAEAFE897A096EEADFFADB1
:101DA000A097C190D190E190F190A096FFAFEEAFD7
:101DB000A0976B962FAD6B976D963FAD6D97A80171
:101DC00027966FAD27972B967FAD2B972F968FADCC
:101DD0002F9763969FAD63970F94BFBD87FF0CC08D
:101DE000EC962CAD3DAD4EAD5FADEC97C501B401A9
:101DF0000F946FB64B015C01A296FFADA297FF2333
:101E000081F0A3019201C501B4010F946FB64B019B
:101E10005C01A3019201C701B6010F946FB66B017B
:101E20007C01A7019601C501B4010F9453BF20E0C6
:101E300030E0A90118160CF0A3C5C701B6010F9434
:101E400053BF18164CF020E030E0A901C501B401E1
:101E50000F94BFBD87FF85C5A7019601C501B401D9
:101E60000F94C9BC6B017C01EE96AEADBFADEE9791
:101E70008D909D90AD90BD90EE96BFAFAEAFEE97BA
:101E8000A5019401C701B6010F9453BF181694F42D
:101E9000A7019601C501B4010F94C9BD9B01AC0116
:101EA000C301B2010F946FB62B013C01B1E0A296C1
:101EB000BFAFA297EBEDF4E0E8962EAD3FADE8970B
:101EC000E217F30709F05DCFA2963FADA297332347
:101ED00081F0A30192016DAD7DA98EAD23969FADDA
:101EE00023970F946FB66DAF7DAB8EAF23969FAFE8
:101EF000239724EA30E74DE75FE36DAD7DA98EAD12
:101F000023969FAD23970F946FB66B017C01AC01B4
:101F10009B016091F2177091F3178091F4179091E3
:101F2000F5170F9453BF1816FCF429A53DA549A930
:101F300059ADC701B6010F94BFBD87FF15C08EE62E
:101F4000829DF001839DF00D1124E558F84F85A97D
:101F5000846085AB49A54DAF5DA55DAB89A98EAF0A
:101F600099AD23969FAF23978EE6829D8001839D36
:101F7000100D11240558184F8DAD9DA9AEAD2396B7
:101F8000BFAD2397F80181A792A7A3A7B4A729A55E
:101F90003DA549A959AD69A57DA589A999AD0F941C
:101FA0006FB66B017C01E2966CAD7DAD8EAD9FADE1
:101FB000E29790589B01AC010F94CABCD8019D9642
:101FC0002D913D914D915C91D0970F946FB69B01EF
:101FD000AC01C701B6010F94C9BC0F9498C0D62EAE
:101FE000E72E8C012DAD3DA94EAD23965FAD239715
:101FF0000F9453BF181634F0DDAEEDAA0EAF239642
:102000001FAF23978EE6829DF001839DF00D112472
:10201000E558F84F8DAD9DA9AEAD2396BFAD239782
:1020200085A396A3A7A3B0A7F5A82D2D3E2DA801A3
:1020300027966FAD27972B967FAD2B972F968FAD59
:102040002F9763969FAD63970F94BFBD18160CF43E
:10205000CFC483E09EE6929D8001939D100D1124D4
:102060000558184FF82AF801F5AA80E1FE0171968B
:10207000ABECB4E001900D928A95E1F727968FAD15
:1020800027972B969FAD2B972F96AFAD2F976396E3
:10209000BFAD63978093C7049093C804A093C9040D
:1020A000B093CA0489A59DA5A9A9B9AD8093F217DB
:1020B0009093F317A093F417B093F517D801D69621
:1020C0006D917D918D919C91D9970F942EB6279605
:1020D0002FAD27972B963FAD2B972F964FAD2F9770
:1020E00063965FAD63970F94C9BD2B013C01F80166
:1020F000E85BFF4F40825182628273823496808116
:10210000882309F489C020910D1830910E18409150
:102110000F18509110186A966CAD7DAD8EAD9FADC5
:102120006A970F946FB64B015C01C0908306D09004
:102130008406E0908506F09086060C5A1F4FA70192
:1021400096010F946FB6A30192010F94C9BDF801D7
:10215000608371838283938320E030E0A9016A96D3
:102160006CAD7DAD8EAD9FAD6A970F9453BF1816C1
:102170000CF040C4A5019401E2966CAD7DAD8EAD2E
:102180009FADE2970F946FB6A70196010F946FB6BB
:102190006B017C0120E030E44CE157E40F9453BF25
:1021A00018163CF4C12C20E4D22E2CE1E22E27E4B8
:1021B000F22EA701960160E074E284EF99E40F9497
:1021C000C9BD4B015C0120E030E44CE956E4C70195
:1021D000B6010F9453BF18160CF017C48EE6829DFB
:1021E0008001839D100D11240558184F7801FDE4DE
:1021F000EF0EF11C20E030E040E850E4C501B401EE
:102200000F946FB60F9442BED7016D937C93F80183
:10221000ED5AFF4F84E0808309A51DA529A939AD9A
:102220004DAD5DA96EAD23967FAD2397A4968EAD7F
:102230009FADA4978558984F0F94EC7D8EE6829DB4
:10224000F001839DF00D1124E558F84F80899189A4
:10225000A289B38981159048A105B10518F485A913
:10226000886085AB8FB7F8949091620E911193C4FA
:10227000A1963FADA19730935B0E8FBFC258DF4F41
:1022800088819981AA81BB81CE57D040809359071C
:1022900090935A07A0935B07B0935C07CE57DF4F2C
:1022A000288139814A815B81C258D04020935D07E3
:1022B00030935E0740935F0750936007E6968CADBE
:1022C0009DADAEADBFADE697809361079093620779
:1022D000A0936307B0936407AE962CAD3DAD4EADB1
:1022E0005FADAE972093650730936607409367070D
:1022F0005093680789A19AA1ABA1BCA18093DB048C
:102300009093DC04A093DD04B093DE048DA19EA124
:10231000AFA1B8A58093DF049093E004A093E104FB
:10232000B093E204A8968CAD9DADAEADBFADA897BD
:102330008093E3049093E404A093E504B093E6044F
:10234000AA96EEADFFADAA9780819181A281B3815B
:102350008093E7049093E804A093E904B093EA041F
:10236000F0905C0E80915B0E8F198F70833040F17E
:1023700010915B0E111101C010E11150FEE61F9F7C
:10238000C00111249C012558384F5901111101C079
:1023900010E111503EE6139FC0011124AC014558D5
:1023A000584F6A019EE6692EF11669F0D601D5965E
:1023B0000C9102FF7EC380915B0E811B8F70F12E0A
:1023C000823008F4A3C03EE6F39EC0011124AC01A4
:1023D0004558584F5A01F39450E1F51201C0F12CC1
:1023E000AEE6FA9EC0011124FC01E558F84F6F01DA
:1023F0008EE6882ED501D5968C91D59781FD5AC051
:1024000095964D905D906D907C909897F60195A073
:10241000E6A007A110A5292D3E2DA801C301B201F8
:102420000F94BFBD87FF46C0A3019201C301B20153
:102430000F946FB62B013C01D501D1966D917D9122
:102440008D919C91D49790589B01AC010F94CABC7C
:10245000F50125A536A547A550A90F946FB69B0198
:10246000AC01C301B2010F94C9BC0F9498C02B01F9
:102470003C019B01AC01692D7E2DC8010F94BFBDAD
:1024800087FF03C0492C5E2C38019201A301692DFE
:102490007E2DC8010F94BFBD882361F0D601D5966B
:1024A0002C91C201D301F60185A396A3A7A3B0A7DF
:1024B000216025ABD501D5968C91D597F60195A9CC
:1024C000892B80FF14C005A116A127A130A59596E0
:1024D0004D915D916D917C919897C5010F94EC7D24
:1024E000D501D5968C91D5978E7FD5968C93F39404
:1024F000B0E1FB1201C0F12CF89CC00111248558F9
:10250000984F20915B0E5601F21243C380915B0EEF
:10251000811101C080E18150EEE68E9FC00111243F
:102520009C012558384F7901D90195964D915D91BF
:102530006D917C91989709A51DA529A939ADC70171
:102540000F94EC7DF70185A98E7F85AB80916F009C
:10255000826080936F000D942088AD52B84F80E167
:10256000E8E4F7E00D945B8820917F0630918006C7
:102570004091810650918206A8966CAD7DAD8EADDE
:102580009FADA8970D94F18881E0808F0D94978A74
:10259000A090AF06B090B0060091B1061091B206BF
:1025A0004CC8C501B4010F946BB64B015C01C70167
:1025B000B6010F946BB69B01AC01C501B4010F9439
:1025C000CABC6B017C0122966CAD7DAD8EAD9FAD1A
:1025D00022970F946BB69B01AC01C701B6010F9413
:1025E000CABC0F9498C02EE6229DF001239DF00DE9
:1025F0001124E558F84F65A776A787A790ABBBC80D
:102600002A962CAD3DAD4EAD5FAD2A97232B242BE2
:10261000252B09F40EC16091A7067091A806809140
:10262000A9069091AA0629A53AA54BA55CA50F94E9
:102630006FB60F94A8BD0F9442BE2B013C01809150
:102640000D1890910E18A0910F18B09110188DA729
:102650009EA7AFA7B8AB20E030E0A901BC01CD0137
:102660000F9453BF18160CF0EDC020E030E0A90124
:1026700026966CAD7DAD8EAD9FAD26970F9453BF62
:1026800087FDE0C022966CAD7DAD8EAD9FAD2297EB
:102690009F7720E030E040E05FE30F94BFBD87FF0D
:1026A000D1C08EE6829D8001839D100D11240953B7
:1026B000184F81E0D8018C932091DB043091DC0429
:1026C0004091DD045091DE0469A17AA18BA19CA107
:1026D0000F94C9BC69AB7AAB8BAB9CAB2091DF0488
:1026E0003091E0044091E1045091E2046DA17EA19B
:1026F0008FA198A50F94C9BC4B015C012091E30404
:102700003091E4044091E5045091E604A8966CAD44
:102710007DAD8EAD9FADA8970F94C9BC6B017C01B8
:1027200029A93AA94BA95CA9CA01B9010F946FB6AE
:1027300069AB7AAB8BAB9CABA5019401C501B4012D
:102740000F946FB69B01AC0169A97AA98BA99CA9CA
:102750000F94CABC4B015C01A7019601C701B601E9
:102760000F946FB69B01AC01C501B4010F94CABCB4
:102770000F9498C06B017C012091E7043091E8042C
:102780004091E9045091EA04AA96EEADFFADAA97F4
:1027900060817181828193810F94C9BCA7019601E8
:1027A0000F94C9BD6A966CAF7DAF8EAF9FAF6A972D
:1027B00020E030E040E450E40F9453BF18160CF4CE
:1027C0009EC020E030E0A9016A966CAD7DAD8EAD73
:1027D0009FAD6A970F9453BF18160CF042C06A96CB
:1027E0002CAD3DAD4EAD5FAD6A976DA57EA58FA5B5
:1027F00098A90F946FB69B01AC016091C7067091C8
:10280000C8068091C9069091CA060F94C9BD29A532
:102810003AA54BA55CA50F946FB60F94A8BD0F9475
:1028200042BE6415750586059705D8F42B013C0159
:1028300018C06091330770913407809135079091EB
:102840003607F1CE8EE6829DF001839DF00D1124B6
:10285000E953F84F10826A961CAE1DAE1EAE1FAE35
:102860006A9710E000E0A496EEADFFADA497E00FEC
:10287000F11FE558F84FC080D180E280F380C11489
:10288000D104E104F104A1F1F801EA50F84E6081AD
:10289000718182819381641575058605970540F5E0
:1028A0000F942EB629AD3AAD4BAD5CAD0F946FB61B
:1028B0004B015C01C701B6010F9430B69B01AC011E
:1028C000C501B4010F94C9BD6B017C01C301B20104
:1028D0000F942EB69B01AC01C701B6010F94BFBD8A
:1028E00087FF06C0C701B6010F9442BE2B013C0111
:1028F0000C5F1F4F0031110509F0B5CF01C9D80198
:102900001C92AFCFC9A6DDA6E9AAF9AE21E02DAB96
:10291000B1C927962FAD27972B963FAD2B972F96B2
:102920004FAD2F9763965FAD63976B966FAD6B97C7
:102930006D967FAD6D97C8010F94C9BDEC966CAFD5
:102940007DAF8EAF9FAFEC976B96EFAD6B97EDAF12
:102950006D96FFAD6D97FDAB0EAF23961FAF23971E
:1029600004CAF7FAF094F7F8F094A5019401C701AE
:10297000B6010F94BFBD87FF77CA7501640174CAA1
:10298000C701B6010F94BFBD87FD09C020E030E04C
:10299000A901C501B4010F9453BF18162CF4A50169
:1029A0009401C701B6015CCAB7FAB094B7F8B09405
:1029B000A7019601C501B4010F9453BF18160CF07E
:1029C00053CADBCF8EE6829DF001839DF00D11246A
:1029D000E558F84F85A9846085ABA9A5ADAFBDA525
:1029E000BDABE9A9EEAFF9AD2396FFAF2397BCCA03
:1029F00081E030CB2091C7063091C8064091C906CE
:102A00005091CA06C701B601C1CB20E030E44CE1C9
:102A100056E4C701B6010F9453BF1816D4F48EE6DE
:102A2000829D8001839D100D11240558184F780157
:102A3000BDE4EB0EF11CA5019401C501B4010F9496
:102A4000CABC0F9442BEF70171836083369682E060
:102A5000E2CB20E03FEF4FE757E4C501B4010F940C
:102A6000BFBD87FF19C08EE6829D8001839D100D3A
:102A700011240853184FC501B4010F9442BED80168
:102A80006D937C938EE6829DF001839DF00D112461
:102A9000E253F84F81E0BFCB8EE6829DF001839D2B
:102AA000F00D1124E853F84F8FEF9FEF918380834F
:102AB000E9CFF60171A482A493A4E4A4272D382DB4
:102AC000492D5E2D65A176A187A190A50F94BFBD6C
:102AD000882309F451C001FD44C0D50195962D907D
:102AE0003D904D905C909897A2019101672D782DB3
:102AF000892D9E2D0F94BFBD18169CF5A201910142
:102B0000C201B1010F946FB61B012C01F60161A93E
:102B100072A983A994A990589B01AC010F94CABCD7
:102B2000D6019D962D913D914D915C91D0970F943A
:102B30006FB69B01AC01C201B1010F94C9BC0F94E7
:102B400098C02B015C019B01AC01672D782D892D6C
:102B50009E2D0F94BFBD87FD04C0742C852C9A2C2C
:102B6000EB2C872D982DA92DBE2DF60185A396A3BC
:102B7000A7A3B0A7016005AB111101C010E111506E
:102B8000169DC001112456019C012558384F69013A
:102B90000BCC6C012FCC8FBF0D9420884F925F928D
:102BA0006F927F928F929F92AF92BF92CF92DF925D
:102BB000EF92FF92CF93DF93CDB7DEB72C970FB68E
:102BC000F894DEBF0FBECDBFC0905007D090510724
:102BD000E0905207F090530780914C0790914D0779
:102BE000A0914E07B0914F07409148075091490777
:102BF00060914A0770914B074D835E836F8378879E
:102C000089839A83AB83BC83BE016F5F7F4FCE0104
:102C100005960E941F4F4D805E806F8078842091C2
:102C20007706309178064091790650917A06C30173
:102C3000B2010F946FB60F9407C060935907709359
:102C40005A0780935B0790935C0789809A80AB80DA
:102C5000BC8020917B0630917C0640917D0650918E
:102C60007E06C501B4010F946FB60F9407C0609340
:102C70005D0770935E0780935F0790936007809174
:102C8000A613882309F48CC0A5019401C301B201E5
:102C90000F9472519B01AC01C701B6010F94CABCDD
:102CA00020917F06309180064091810650918206E6
:102CB0000F946FB60F9407C060936107709362071B
:102CC0008093630790936407809154079091550710
:102CD000A0915607B091570789879A87AB87BC8721
:102CE0002091830630918406409185065091860696
:102CF000BC01CD010F946FB60F9407C060936507B8
:102D00007093660780936707909368074092DB048F
:102D10005092DC046092DD047092DE048092DF0445
:102D20009092E004A092E104B092E204C092E30425
:102D3000D092E404E092E504F092E60489859A8555
:102D4000AB85BC858093E7049093E804A093E904E5
:102D5000B093EA040F949B641092C7041092C804C5
:102D60001092C9041092CA04EBECF4E080E1DF0198
:102D70001D928A95E9F72C960FB6F894DEBF0FBE28
:102D8000CDBFDF91CF91FF90EF90DF90CF90BF90BC
:102D9000AF909F908F907F906F905F904F9008952D
:102DA00020917F06309180064091810650918206E5
:102DB000C701B6017DCF8F929F92AF92BF92CF9203
:102DC000DF92EF92FF920F931F934B015C01E7E5B7
:102DD000F5E0E084F1840285138524813581468104
:102DE000578160817181828193811F921F921F920E
:102DF0001F92E3E6CE2EE5E0DE2E0F94B9870F900A
:102E00000F900F900F901F910F91FF90EF90DF9018
:102E1000CF90BF90AF909F908F9008958F929F9288
:102E2000AF92BF92CF92DF92EF92FF920F931F93D8
:102E30004B015C01E8E4F7E0E084F184028513854E
:102E4000248135814681578160817181828193819E
:102E50001F921F921F921F92E4E5CE2EE7E0DE2E16
:102E60000F94B9870F900F900F900F901F910F91B3
:102E7000FF90EF90DF90CF90BF90AF909F908F909A
:102E800008954F925F926F927F928F929F92AF922E
:102E9000BF92CF92DF92EF92FF92CF9380E00F9498
:102EA00038376093590770935A0780935B07909364
:102EB0005C0781E00F94383760935D0770935E077D
:102EC00080935F079093600782E00F943837609398
:102ED000610770936207809363079093640783E0B0
:102EE0000F94383760936507709366078093670780
:102EF0009093680780E00F9446376093480770937B
:102F0000490780934A0790934B0781E00F94463717
:102F100060934C0770934D0780934E0790934F0733
:102F200082E00F9446376093500770935107809367
:102F300052079093530783E00F94463760935407EA
:102F40007093550780935607909357078091A61367
:102F5000882331F120914C0730914D0740914E0765
:102F600050914F07609148077091490780914A0737
:102F700090914B070F9472519B01AC0160915007E7
:102F80007091510780915207909153070F94C9BCDB
:102F900060935007709351078093520790935307A3
:102FA000C091F117CC2309F49AC0C0FF34C020911E
:102FB000E9173091EA174091EB175091EC176091A7
:102FC00048077091490780914A0790914B070F94E9
:102FD000C9BC609348077093490780934A07909350
:102FE0004B072091ED173091EE174091EF1750915C
:102FF000F01760914C0770914D0780914E079091AA
:103000004F070F94C9BC60934C0770934D07809392
:103010004E0790934F07C1FF62C080904807909081
:103020004907A0904A07B0904B07C0904C07D0903A
:103030004D07E0904E07F0904F072091E117309137
:10304000E2174091E3175091E417C501B4010F94C2
:103050006FB62B013C012091E5173091E6174091A6
:10306000E7175091E817C701B6010F946FB69B019F
:10307000AC01C301B2010F94CABC2B013C012091E9
:10308000D9173091DA174091DB175091DC17C50141
:10309000B4010F946FB64B015C012091DD173091A4
:1030A000DE174091DF175091E017C701B6010F946A
:1030B0006FB69B01AC01C501B4010F94CABC60930B
:1030C00048077093490780934A0790934B074092B3
:1030D0004C0750924D0760924E0770924F070E9426
:1030E000574D80E1E8E4F7E0ABEDB4E001900D92DC
:1030F0008A95E1F7CF91FF90EF90DF90CF90BF904E
:10310000AF909F908F907F906F905F904F900895B9
:1031100080916F008D7F80936F000F94419781E0C5
:103120008093620E80916F008D7F80936F009091ED
:103130005B0E80915C0E981769F090915B0E809108
:103140005C0E9817A1F380915C0E8F5F8F70809357
:103150005C0EEDCF1092A6051092A5058FEF9FEFA4
:103160009093F2048093F1041092EE041092ED0417
:103170000F94CF3780916F00826080936F00109220
:10318000C7041092C8041092C9041092CA04EBEC50
:10319000F4E080E1DF011D928A95E9F71092C60400
:1031A0001092C50408951F920F920FB60F9211242A
:1031B0000BB60F928F929F92AF92BF92CF92DF92F7
:1031C000EF92FF920F931F932F933F934F935F9331
:1031D0006F937F938F939F93AF93BF93CF93DF931F
:1031E000EF93FF93EC988FE89BE30E947E5D85EA66
:1031F0009FE00F94A2BB182F8111DEC20E94124DD6
:10320000882309F4A9C30F94A71D6B017C01C09109
:103210005F0ECC2331F0C1E080916A02823009F464
:10322000C0E0D0915E0ED11102C0D0915D0E10921F
:103230004F02109206040E94F072179A10924507EE
:10324000169A1092460764E183E692E00E942F4DA1
:1032500064E183E692E00E94374D50E040E06091E7
:10326000FF0482E00F947C1864E186E692E00E94FD
:103270002F4D64E186E692E00E94374D50E040E039
:103280006091000583E00F947C18C1111BC08091F0
:103290005807811117C08091710E8093B2058091FB
:1032A000730E9091740E9093B1058093B005809148
:1032B000E50383FB882780F980930C188091E7034E
:1032C0008093AF050F946123C11104C00E946B4A23
:1032D0000E94214A0091A6131092A6130F94889879
:1032E000C1111BC080915807811117C080E1E8E42B
:1032F000F7E0ACE9B2E001900D928A95E1F7DD23A9
:1033000061F080E090E0A0E8BFEB80939C02909396
:103310009D02A0939E02B0939F028090A402909081
:10332000A502A090A602B090A7020023D1F02091A0
:10333000A0023091A1024091A2025091A30260919B
:103340009C0270919D0280919E0290919F020F9429
:1033500072519B01AC01C501B4010F94C9BC4B0172
:103360005C01B501A4018DE89FE00F94D8BB4091AA
:10337000A8025091A9026091AA027091AB028EE658
:103380009FE00F94D8BB60910C18C1E06C2782E7D6
:103390009FE00F94C6BB0E94F66810927414C0930D
:1033A0005F0E1092620E789420E030E040E85FE318
:1033B0006091540770915507809156079091570777
:1033C0000F94C9BC609354077093550780935607B8
:1033D0009093570760E070E08EEB92E40F940E97A5
:1033E0000F945A37149A8091FF04C0E0D1E002C0D4
:1033F000D695C7958A95E2F782E00F94621860E04F
:1034000074E0681B790B90E080E00F942EB64B01BE
:103410005C01BE0190E080E00F942EB620917F0603
:103420003091800640918106509182060F946FB6CC
:103430009B01AC01C501B4010F94C9BD2AE037ED71
:1034400043E25FE30F94CABC2091500730915107CB
:1034500040915207509153070F94CABC6093500794
:1034600070935107809352079093530765E575E574
:1034700085E591E40F940E970F945A374091081800
:103480005091091860910A1870910B1881E99FE01A
:103490000F94D8BBCEEADDE097E0B92E70E060E093
:1034A000002319F1812F6B2D0F9451BCB89EF001B0
:1034B0001124E90FF11DEE0FFF1FEE0FFF1FEA555C
:1034C000FC4E20E030E04AE754E461817281838160
:1034D00094810F946FB620E030E040E05FE30F94FA
:1034E000CABC0F9471BE0F943BBECE010F94E4BBD7
:1034F0001F5F2296113391F640915007509151076A
:1035000060915207709153078AED9EE00F94D8BBEB
:1035100040919C0250919D0260919E0270919F0289
:103520008DE99FE00F94D8BB4091A0025091A10279
:103530006091A2027091A30281EA9FE00F94D8BB30
:10354000609106187091071889E89FE00F94E4BB1A
:103550006091390270913A0285E39DE00F94E4BBDB
:103560006091B0057091B10588ED9EE00F94E4BBC9
:103570006091B2058BE89FE00F94C6BB6091AF05E8
:1035800088E89FE00F94C6BB4091BC025091BD02F9
:103590006091BE027091BF0288EE9EE00F94D8BB8E
:1035A00060919502709196028EED9EE00F94E4BBBF
:1035B0004091A7065091A8066091A9067091AA06AD
:1035C00081E19DE00F94D8BB4091AB065091AC06D1
:1035D0006091AD067091AE068DE09DE00F94D8BB72
:1035E0004091330750913407609135077091360749
:1035F00089E09DE00F94D8BB40E150E067E37DE0B7
:103600008CEA92E00F94B6BB609111187091121879
:103610008CE69FE00F94E4BB60916A028CE89FE027
:103620000F94C6BB40910D1850910E1860910F1861
:10363000709110188CE29DE00F94D8BB60916B02E2
:1036400070916C028DE79CE00F94E4BB40E150E088
:103650006DE67CE087E996E00F94B6BB40E150E070
:103660006DE57CE08FE197E00F94B6BB40E150E060
:103670006DE47CE087E896E00F94B6BB40E150E053
:103680006DE37CE08FE097E00F94B6BB4091AF060E
:103690005091B0066091B1067091B20689E39CE04A
:1036A0000F94D8BB4091B3065091B4066091B50613
:1036B0007091B60685E39CE00F94D8BB4091B706A5
:1036C0005091B8066091B9067091BA0681E39CE00A
:1036D0000F94D8BB40E150E061E27CE08BEB96E0D8
:1036E0000F94B6BB8091E403882329F061E08FE753
:1036F0009CE00F94C6BB61E085EA9FE00F94C6BBD7
:1037000084E69FE00E942F5A8FEF9EE00E94225A8B
:103710000F94A71DDC01CB018C199D09AE09BF09CF
:10372000BF93AF939F938F9380ED91E79F938F9378
:103730000F9464BA9FB7F8948091020184608093DB
:1037400002019FBF15980F900F900F900F900F9050
:103750000F9020E030E04FEF52E460914807709105
:10376000490780914A0790914B070F94BFBD87FD91
:103770001FC080E090E0AFE7B3E4809348079093E8
:103780004907A0934A07B0934B0760E070E08AEFC7
:1037900093E40F940E970F945A3788E19EE00FB68A
:1037A000F894A895809360000FBE90936000FFCFBF
:1037B00080E090E0DC01E1CF0F94A71D6B017C015C
:1037C000179A10924507169A10924607149A64E1C8
:1037D00083E692E00E942F4D64E183E692E00E942E
:1037E000374D50E040E06091FF0482E00F947C1878
:1037F0000F9461231092A6130F948898809050071D
:1038000090905107A0905207B09053078AED9EE028
:103810000F94AABB9B01AC01C501B4010F94C9BCB4
:103820004B015C01E894B7F820917F063091800647
:10383000409181065091820660E070E080E89FE34D
:103840000F94C9BD9B01AC01C501B4010F9453BFD6
:1038500087FD61C00E94F6681092741481E0809325
:103860005F0E1092620E78948091FF04C0E0D1E068
:1038700002C0D695C7958A95E2F782E00F94621848
:1038800060E074E0681B790B90E080E00F942EB646
:103890004B015C01BE0190E080E00F942EB62091B8
:1038A0007F063091800640918106509182060F94E8
:1038B0006FB69B01AC01C501B4010F94C9BD2AE0EC
:1038C00037ED43E25EE30F94CABC2091500730917C
:1038D000510740915207509153070F94CABC60930F
:1038E000500770935107809352079093530765E5F3
:1038F00075E585E591E40F940E970F945A37409142
:1039000050075091510760915207709153078AED0B
:103910009EE00F94D8BB62E085EA9FE00F94C6BB9F
:1039200084E69FE00E942F5A8FEF9EE00E94225A69
:103930000F94A71DDC01CB018C199D09AE09BF09AD
:10394000BF93AF939F938F938FED91E79F938F9347
:103950000F9464BA0F94B586FF91EF91DF91CF91E8
:10396000BF91AF919F918F917F916F915F914F9197
:103970003F912F911F910F91FF90EF90DF90CF908B
:10398000BF90AF909F908F900F900BBE0F900FBE87
:103990000F901F90189584B1817F84B984B187609E
:1039A00084B985B1817F85B9289A80E58CBD1DBC1D
:1039B00008952F923F924F925F926F927F928F92D3
:1039C0009F92AF92BF92CF92DF92EF92FF920F93AE
:1039D0001F93CF93DF93CDB7DEB7C650D1400FB65C
:1039E000F894DEBF0FBECDBF8091FC1F9091FD1FEC
:1039F000A091FE1FB091FF1F8A3A9545AA4AB5458E
:103A000021F48091FB1F87FDC2C1A895D0902605A7
:103A10008091C00087FF04C0A8958091C600F8CFB0
:103A2000109226050091A0041091A10410939F0408
:103A300000939E045AEBE52E53E7F52E60ECA62E7C
:103A400063E7B62EF70184910F94AF7DFFEFEF1A75
:103A5000FF0AAE14BF04B1F7A8958FE090E029EB00
:103A600033E740E854E86EE170E0E0919E04F091A5
:103A70009F04E017F10719F5A89541505109610914
:103A8000710999F7D092260580E0CA5FDE4F0FB624
:103A9000F894DEBF0FBECDBFDF91CF911F910F9184
:103AA000FF90EF90DF90CF90BF90AF909F908F905E
:103AB0007F906F905F904F903F902F900895F80106
:103AC000E25EFB4F40810F5F1F4F0F771127F90117
:103AD000E81BF90BE4914E13D5CFA895019709F097
:103AE000C0CF8091C1008F778093C1000CE913E7AC
:103AF000F80184910F94AF7D0F5F1F4FF3E7093AF0
:103B00001F07B1F70F94CB9C0E9406C90FB6F8941B
:103B1000A895809160008861809360001092600099
:103B20000FBE0E942F5446E753E761E080E00E94F9
:103B300010541092FC1F1092FD1F1092FE1F109245
:103B4000FF1FCB5FDE4F1882C550D14010E000E070
:103B5000F12CAE014F5F5F4F3A010F94B67D813477
:103B6000A9F40F94B67DE82E0F944E8052E882E0BF
:103B7000E51621F081E8E81207C086E00F94AF7DDA
:103B800080E10F94AF7DE9CF83E0F8CF823421F458
:103B900084E10F945A80F4CF853411F485E0F9CF95
:103BA0008535C9F40F94B67D082F0F94B67D082B88
:103BB00010E00F94B67D182B0F94B67D182B17FFCD
:103BC00007C06894F0F8000F111F0F944E80D8CFF3
:103BD000E894F0F8F8CF8635A1F40F94B67D8D34D3
:103BE00071F40F94B67D0F94B67D9F2D9170F92ED0
:103BF000880FF82A81E00F945A8080E0BFCF83E0DD
:103C0000FACF843609F077C00F94B67DB82E0F94A2
:103C1000B67DC82E0F94B67DE82E0F94B67DD12CBC
:103C2000DC2CCC24DB288E29C82A0F94B67D582E94
:103C3000FE0131965F0146018E0E9F1EEE2ECA5F79
:103C4000DE4FB882C650D1400F94B67DF501819306
:103C50005F018E169F06C1F70F944E80F5E45F1248
:103C600001C0FFCF1801512C4F2C0115110561F532
:103C70004201AA24BB24CB5FDE4F2881C550D1402E
:103C8000822F90E0082C02C0959587950A94E2F760
:103C900080FD1AC00E9493C70E942FC8B201A801DC
:103CA00088ED0E94B1C781E090E001C0880F8A943E
:103CB000EAF7CB5FDE4F4881C550D140482BCB5F40
:103CC000DE4F4883C550D1400E9493C70E942FC841
:103CD00096014E2DCA5FDE4F5881C650D140C201B9
:103CE000B1010E94B6C70E9493C7459884E00E9424
:103CF0008DC7459A45CF843781F5B12CAF2C0F94F1
:103D0000B67DD82E0F94B67DC82E0F94B67DE82EC2
:103D10000F94B67D2C2D30E0322F2227F901FD299A
:103D20006F018E29C82A0F94B67D0F944E800E9491
:103D300093C79601A301C501B8010E94D6C75301DC
:103D4000C501861997098C159D0508F019CFF50155
:103D500081915F010F94AF7DF3CF853751F40F94BC
:103D60004E808EE10F94AF7D88E90F94AF7D81E0A6
:103D700005CF813509F029CFF8E128E00FB6F89496
:103D8000A895F09360000FBE209360001ECF81E0E5
:103D90007CCE81E00C9409550F931F93CF938C0137
:103DA000C62F80E00E9409550E942F54A80161E0AF
:103DB00080E00E94105480E20E9473556C2F70E0E6
:103DC0006F5F7F4F072E000C880B990BCF911F91CF
:103DD0000F910C947D5682ED9EE00E942F5A83ED48
:103DE0009EE00C94225A41E080917413811101C02D
:103DF00040E0405D62E083E00E941C540E942CC9B8
:103E000040E3480F62E088E00E941C5462E08AE0D0
:103E10000E94FC530F94DB1562E080E10E94FC538A
:103E200020E030E040E05FE36091660E7091670E45
:103E30008091680E9091690E0F94CABC0F943BBE9E
:103E40007F936F9384E692E79F938F930E94D5535D
:103E50000F900F900F900F9008958A3020F08031CE
:103E600020F4895A0895805D089580E008950F93A5
:103E70001F93CF93DF93082FEB0190E024E09595FB
:103E800087952A95E1F711E0009721F00F942D9F77
:103E9000899312E0802F8F700F942D9F8883812F3C
:103EA000DF91CF911F910F910895803330F08A33C5
:103EB00030F09FE9980F963020F080E0089580530D
:103EC000089587550895CF93DF93EC01688180E0D2
:103ED0000F94C27D69810F94C27D6A81CB810F945A
:103EE000C27D6C2FDF91CF910D94C27DCF93DF9374
:103EF000EC010F94639F6D810F94C27D6E81CF8121
:103F00000F94C27D6C2FDF91CF910D94C27DCF9322
:103F1000DF93EC01688349831B821A820F94639FAD
:103F20008C83DF91CF9108959FB7F894E5E0F1E09D
:103F300080818F7D80839FBF8FE891E00197F1F7AB
:103F400000C000009FB7F8948081806280839FBF8B
:103F50000895149A0895CF92DF92EF92FF92CF9333
:103F6000DF9369017A01C8E4D7E09B01AC016C855D
:103F70007D858E859F850F94CABC6C877D878E87D3
:103F80009F87C701B601DF91CF91FF90EF90DF903F
:103F9000CF900D940E970F940E970D945A37CF93A0
:103FA000DF93EC0181E899E60E94575B8EE592E78A
:103FB0000E94575BCE01DF91CF910C947E5D0C94F3
:103FC0002CC9893220E8920709F497C008F048C04C
:103FD000863060E8960709F49AC030F5833040E8EF
:103FE000940709F480C0A8F4813020E8920709F40E
:103FF00017C1823040E8940709F473C09C0186FF22
:104000008EC02227327C2115324C09F09EC08EE1F1
:104010000895843060E8960709F467C0853020E889
:10402000920761F784E208958A3040E8940709F422
:104030005EC058F4883020E8920709F46EC08930D9
:1040400040E89407D9F685E008958C3060E896073B
:1040500009F451C08D3020E8920781F681E208957D
:104060008F3240E8940709F456C0E0F48C3220E81F
:10407000920709F44EC058F48A3260E89607C9F1F5
:104080008B3220E8920709F0B9CF86E208958D328D
:1040900040E89407D1F18E3260E8960709F0AECF80
:1040A00082E20895873820E8920749F158F487346E
:1040B00060E8960729F08B3420E8920709F09ECF3C
:1040C00084E00895873041E89407D9F08B3061E8A7
:1040D0009607C9F08B3820E8920709F08FCF89E066
:1040E000089581E0089582E0089583E0089586E0D0
:1040F000089587E008958AE208958BE2089588E0A4
:1041000008958AE008958BE0089583E2089585E29A
:10411000089587E2089588E2089589E2089587FF67
:1041200007C02227327C2115324CA1F58FE108957A
:104130002227317090FF52C0AC014427527C4115B8
:10414000524C09F04BC080E208959C01222732783E
:10415000232B09F067C09C0122273478232B09F018
:1041600063C09C0122273878232B09F05FC09C0193
:1041700022273079232B09F05BC09C012227307A5B
:10418000232B09F057C08827907C892B09F468C03D
:104190008FE008959C0122273278232B09F04CC030
:1041A0009C0122273478232B09F048C09C01222748
:1041B0003878232B09F044C09C0122273079232B27
:1041C00009F040C09C012227307A232BE9F588278B
:1041D000907C892B09F444C080E10895232B09F4D5
:1041E0003FC09C0122273278232B81F59C01222796
:1041F0003478232B69F59C0122273878232B51F53D
:104200009C0122273079232B39F59C012227307A13
:10421000232B21F58827907C892B11F181E10895CA
:1042200080E0089582E1089585E1089588E1089588
:104230008BE108958CE0089583E1089586E1089567
:1042400089E108958CE108958DE0089584E1089551
:1042500087E108958AE108958DE108958EE008953B
:104260008CE20895FF920F931F93CF93DF932091D9
:104270006F13309170132130310539F42091981368
:10428000213019F422E02093D8170F94E19FD82F02
:104290008091D817813009F457C048F0823009F472
:1042A000E5C0DF91CF911F910F91FF90089584E0B9
:1042B000809397020D2F10E0F801E853FD48C49158
:1042C000FC2EF2944FE0F422CF7080E00E9409555A
:1042D0000E942F54000F111FF801EB50FD4825914B
:1042E0003491065C1849F801859194913F932F937E
:1042F0009F938F9381E693E79F938F930E94D5536B
:1043000042EB57E662E080E00E9410540F900F905D
:104310000F900F900F900F90F110BCC010E000E0D4
:1043200022E144E751E7EC2FF0E0EE0FFF1FE35BE3
:10433000FC486591749181E0F11001C080E00F9418
:10434000CB1181E08093D81781E0809379070F9497
:10435000F39E0F947A450D2F10E0F801E853FD48C5
:10436000C491DC2FD295DF708091D017811109C0E4
:1043700081E0D11101C080E08093CF1781E080936C
:10438000D0178091CE17882341F081E0D11101C070
:1043900080E08093CF171092CE1720917106309154
:1043A000720621153105B9F18091CF17DD2361F037
:1043B00037FF06C0882369F081508093CF1709C06A
:1043C000823039F08F5FF9CF37FF3FC081111092F3
:1043D000CF178091CF174EE3811140E263E080E078
:1043E0000E941C548091CF17DD23A1F14EE3813050
:1043F00009F040E263E089E00E941C548091CF17ED
:10440000823051F54EE363E082E10E941C54109229
:104410007206109271060E944657882309F441CF14
:104420008091CF17D1111AC0813079F5F801EE0FC4
:10443000FF1FE259FD48859194910F94B21281E0DB
:104440008093CE171092D8172CCF813009F4C1CFAA
:1044500081E0B3CF8130B1F240E2D5CF823031F389
:10446000813099F4D093640E8093CE1781E00E943E
:1044700009550F944E1010926F051092720510920C
:10448000790782E080939702DDCFCF70C093640EEE
:1044900081E0EACFEF2DF0E0EE0FFF1FE35BFC4879
:1044A0004591549104E711E729E03DCF0F94E19F36
:1044B000E82FF0E0EE0FFF1FEB50FD4825913491FF
:1044C000233381E0380708F041C02D3281E03807FE
:1044D00078F52E37310509F483C0F0F42C36310518
:1044E00009F485C030F42536310508F079C08FEF26
:1044F00008952437310509F473C02D37310519F0BB
:1045000023373105A1F78091640E813009F46DC025
:10451000873069F788E00895233D310509F46EC0BE
:1045200050F4293C310509F469C02A3C3105F9F6FB
:104530008091640E67C02D3D310509F45FC02E3DAA
:104540003105B1F3243D310591F6F2CF253F81E0ED
:10455000380709F45CC0F8F4263481E0380758F4D1
:10456000213481E0380720F72753314025303105C9
:1045700008F0BDCFDDCF215931402230310508F0A0
:10458000B6CF8091640E833009F43FC0893009F0C2
:10459000AECF87E00895293F81E0380749F270F4F3
:1045A000273F81E0380721F260F78091640E833065
:1045B00061F1883009F09BCF86E008952B3F81E0C0
:1045C0003807A9F068F02C3F314009F090CF809176
:1045D000640E853089F0863009F089CF85E0089532
:1045E0008091640E813009F082CF81E0089580913E
:1045F000640E8230D1F37BCF84E008958091640E05
:10460000823061F0833009F072CF83E008958091A9
:10461000640E823029F0843009F069CF82E0089579
:1046200080E00895CF93DF93EC016091660E709166
:10463000670E8091680E9091690E0F943BBE209199
:10464000730E3091740EC901861B970B069724F0E8
:10465000CE010E944476E9CFDF91CF910895CF93A8
:10466000DF9300D000D01F92CDB7DEB7873050F572
:10467000673040F597E0E7ECF2E0DE01119601903B
:104680000D929A95E1F746E050E0FA01E61BF10938
:1046900021E030E02C0F3D1FE20FF31F208130E0BE
:1046A000481B5109C90102C0959587954A95E2F7C3
:1046B000817027960FB6F894DEBF0FBECDBFDF9195
:1046C000CF91089580E0F5CF10926E0510926D05A0
:1046D00080E10E9480DD882391F00E94825D81EA62
:1046E0009DE00F94A2BB2BE0829FC0011124805B50
:1046F000924F0F94B0BB90936E0580936D05089513
:104700000F931F93CF93DF9300D01F92CDB7DEB7E7
:104710009B01AC0108E417E0F80160857185828592
:10472000938569837A838B839C830F94C9BCF8013A
:10473000608771878287938765E575E585E591E4F4
:104740000F940E970F945A3789819A81AB81BC815F
:10475000F80180879187A287B387CE0101960F94D5
:1047600092870F900F900F900F90DF91CF911F9134
:104770000F91089560916D0570916E05072E000CE4
:10478000880B990B0F9430B620917F0630918006EC
:1047900040918106509182060F94C9BD0F9480A369
:1047A00010926E0510926D050895CF93DF930E94CD
:1047B000F44BC8E4D7E080E090E0A0EAB0E488875A
:1047C0009987AA87BB8765E575E585E591E40F9430
:1047D000CB9F8DEC9CECACE4BEE388839983AA83E9
:1047E000BB8383E393E3A3E7B0EC8C839D83AE8329
:1047F000BF836CE477E0CE010E94C74F60E070E0B9
:1048000086E193E40F94CB9F8AE999E9A9E1BEE39D
:1048100088879987AA87BB8765E575E585E591E473
:10482000DF91CF910D94CB9F682F70E090E080E0F6
:104830000F942EB620E030E048E052E40F946FB6BB
:1048400020E030E040E85FE30F94CABC0895682F91
:1048500070E090E080E00F942EB620E030E04CE96C
:1048600052E40F946FB620E030E040E85FE30F942D
:10487000CABC08952F923F924F925F926F927F929F
:104880008F929F92AF92BF92CF92DF92EF92FF9260
:104890000F931F93CF93DF9300D000D0CDB7DEB737
:1048A00084E00F94C51980918E028C8310928E0241
:1048B00080E00F94A1428B830E94F44B84E396E343
:1048C0000F942F1240E751E763E080E00E941054FC
:1048D00081E080938E0280E090E0A0EAB0E48093D3
:1048E000500790935107A0935207B093530765E583
:1048F00075E585E591E40F94CB9F0E94305E1092A0
:104900008E0280E090E0A0E8BFE380934807909398
:104910004907A0934A07B0934B0780934C079093A5
:104920004D07A0934E07B0934F076CE477E088E4FF
:1049300097E00E94C74F60E070E088E492E40F9433
:10494000CB9F0E94574D50E040E061E082E00E9422
:10495000685E43E060E070E080E291EC0F94C06933
:10496000811104C080ED90E70E94095E809150079C
:1049700090915107A0915207B09153078093A713CC
:104980009093A813A093A913B093AA13E2E0F0E0C8
:10499000FA83E983C12CD12C30EAE32E30E4F32EE4
:1049A00043E0B42E52E0952E0BE611E767E0A62E09
:1049B0000E94F44BC0925007D0925107E0925207E8
:1049C000F092530765E575E585E591E40F94CB9F7B
:1049D00029812150822F6B2D0F9451BC892E822F5B
:1049E0000F945DBC782E80FF03C0F92DF8198F2E2F
:1049F000882D880F880D0F9427A460934807709323
:104A0000490780934A0790934B07872D880F870D9E
:104A10000F9414A460934C0770934D0780934E0736
:104A200090934F076CE477E088E497E00E94C74FCB
:104A300060E070E088E492E40F94CB9F63E080E054
:104A40000E94FC538A818F9399819F931F930F93A8
:104A50000E94D55343E060E070E080E291EC0F9457
:104A6000C069582E0F900F900F900F90882309F473
:104A700079CFA79CF0011124E80DF11DEE0FFF1F67
:104A8000EE0FFF1FEA55FC4E8091500790915107A1
:104A9000A0915207B091530781839283A383B4837B
:104AA000E981FA813196FA83E9833A9709F080CF58
:104AB0006090A7137090A8138090A9139090AA13E8
:104AC000462CA72CB82C292C1E821D8206EA13E145
:104AD0008D819E8189559C4E9A83898393E0392EDE
:104AE000E981FA81C190D190E190F190FA83E98354
:104AF0009301A401C701B6010F9453BF181614F017
:104B000036014701242D3A2D4B2D522DC701B601F8
:104B10000F94BFBD87FD04C04C2CAD2CBE2C2F2C98
:104B20003A943110DDCF8D819E814C969E838D838A
:104B30008435910559F69301A401642D7A2D8B2DAE
:104B4000922D0F94C9BC20E030E040E450E40F9473
:104B500053BF18163CF58EE491E70E947E5D512C00
:104B6000FC81F0938E028B810F94A1420F949619D1
:104B7000852D26960FB6F894DEBF0FBECDBFDF9110
:104B8000CF911F910F91FF90EF90DF90CF90BF904A
:104B9000AF909F908F907F906F905F904F903F90DD
:104BA0002F900895198285ECE82E8FE0F82E680189
:104BB0001D829D81911103C0E981EE2329F120918D
:104BC000A7133091A8134091A9135091AA13F6018D
:104BD00061817281838194810F94C9BC20E030E0AF
:104BE00048EC52E40F946FB620E030E040E05FE321
:104BF0000F94CABC0F9471BE0F943BBEC7010F94B3
:104C0000E4BBF2E0EF0EF11C84E0C80ED11C9D81E4
:104C10009F5F9D83933069F6045E1F4FE981EF5FCC
:104C2000E983E33021F60F94B6690F94D5A398CFAA
:104C300082E00F944637609350077093510780933A
:104C400052079093530780E597E00D9492874F9217
:104C50005F926F927F928F929F92AF92BF92CF920C
:104C6000DF92EF92FF920F931F93CF93DF9308E4AD
:104C700017E0C9EED7E1288139814A815B81F801CB
:104C800060817181828193810F94C9BC4B015C0169
:104C90002C813D814E815F81F8016481758186811F
:104CA00097810F94C9BC6B017C01C9EDD7E12881C4
:104CB00039814A815B81C501B4010F946FB62B0124
:104CC0003C012C813D814E815F81C701B6010F946B
:104CD0006FB69B01AC01C301B2010F94CABCF801CD
:104CE0006083718382839383288539854A855B85B8
:104CF000C501B4010F946FB64B015C012C853D8555
:104D00004E855F85C701B6010F946FB69B01AC015C
:104D1000C501B4010F94CABCF8016483758386830E
:104D20009783DF91CF911F910F91FF90EF90DF90CC
:104D3000CF90BF90AF909F908F907F906F905F903B
:104D40004F9008954F925F926F927F928F929F92B1
:104D5000AF92BF92CF92DF92EF92FF920F931F9389
:104D6000CF93DF9300D000D01F921F92CDB7DEB754
:104D7000DC01CD90DD90ED90FC901397C092BE17B2
:104D8000D092BF17E092C017F092C11714960D9100
:104D90001D912D913C91179709831A832B833C8396
:104DA0000093C6171093C7172093C8173093C917DD
:104DB000DB010D911D912D913C9113970D831E8365
:104DC0002F8338870093C2171093C3172093C417FB
:104DD0003093C51714964D905D906D907C90179709
:104DE0004092CA175092CB176092CC177092CD1791
:104DF000FA0160817181828193816093E9177093D8
:104E0000EA178093EB179093EC1784809580A68027
:104E1000B7808092ED179092EE17A092EF17B092A4
:104E2000F01720E030E0A9010F94BFBD8111AAC0A6
:104E300020E030E0A901C501B4010F94BFBD81118C
:104E4000A1C01092F11720E030E040E85FE3C70115
:104E5000B6010F94BFBD811121C020E030E0A9014F
:104E60006D817E818F8198850F94BFBD811116C0A1
:104E700020E030E0A90169817A818B819C810F94C7
:104E8000BFBD81110BC020E030E040E85FE3C3010B
:104E9000B2010F94BFBD882309F478C08091F11747
:104EA00082608093F117A3019201C701B6010F94AC
:104EB0006FB64B015C012D813E814F815885698120
:104EC0007A818B819C810F946FB69B01AC01C501E7
:104ED000B4010F94C9BC4B015C01AC019B01C3013F
:104EE000B2010F94C9BD6093D9177093DA178093FC
:104EF000DB179093DC176D817E818F8198859058A8
:104F0000A50194010F94C9BD6093DD177093DE175E
:104F10008093DF179093E01769817A818B819C8160
:104F20009058A50194010F94C9BD6093E117709347
:104F3000E2178093E3179093E417A5019401C7014A
:104F4000B6010F94C9BD6093E5177093E61780937F
:104F5000E7179093E81728960FB6F894DEBF0FBEB8
:104F6000CDBFDF91CF911F910F91FF90EF90DF9018
:104F7000CF90BF90AF909F908F907F906F905F90F9
:104F80004F90089581E08093F1175DCF80E090E02D
:104F9000A0E8BFE38093D9179093DA17A093DB17AB
:104FA000B093DC171092DD171092DE171092DF1706
:104FB0001092E0171092E1171092E2171092E31787
:104FC0001092E4178093E5179093E617A093E717E4
:104FD000B093E817C0CFCF93DF93CDB7DEB7689714
:104FE0000FB6F894DEBF0FBECDBF80E090E0A0E822
:104FF000BFE389839A83AB83BC831D821E821F8299
:10500000188619861A861B861C868D879E87AF8711
:10501000B88B198A1A8A1B8A1C8A1D8A1E8A1F8AC3
:10502000188EAE014F5E5F4FBE01675F7F4FCE01AE
:1050300001960F94A2A668960FB6F894DEBF0FBE35
:10504000CDBFDF91CF9108958091F1178823D1F0E2
:105050000F94EBA70F945A3780E00F944637609374
:1050600048077093490780934A0790934B0781E064
:105070000F94463760934C0770934D0780934E070B
:1050800090934F0708954FEF5FEFBA0185EE9FE0D1
:105090000F94D8BB4FEF5FEFBA0189EE9FE00F94FA
:1050A000D8BB4FEF5FEFBA018DED9FE00F94D8BBF7
:1050B0004FEF5FEFBA0181EE9FE00F94D8BB4FEF47
:1050C0005FEFBA0185ED9FE00F94D8BB4FEF5FEF24
:1050D000BA0189ED9FE00F94D8BB4FEF5FEFBA01A3
:1050E00085EC9FE00F94D8BB4FEF5FEFBA0189ECDE
:1050F0009FE00F94D8BB4FEF5FEFBA018DEC9FE0BC
:105100000F94D8BB4FEF5FEFBA0181ED9FE00D9494
:10511000D8BB4F925F926F927F928F929F92AF9285
:10512000BF92CF92DF92EF92FF921F93CF93DF93C4
:10513000CDB7DEB7A8970FB6F894DEBF0FBECDBFD0
:1051400048E050E06DED7FE0CE0101960F9492BBF8
:1051500048E050E065ED7FE0CE0109960F9492BBE8
:1051600048E050E065EE7FE0CE0141960F9492BB9F
:1051700089899A89AB89BC8989A39AA3ABA3BCA36B
:105180008F3F9F4FAF4FBF4F09F4B1C08D899E89AC
:10519000AF89B88D8DA39EA3AFA3B8A78F3F9F4FB4
:1051A000AF4FBF4F09F4A3C089809A80AB80BC8009
:1051B0008FEF88169806A806B80609F498C08D8166
:1051C0009E81AF81B885898F9A8FAB8FBC8F8F3FBF
:1051D0009F4FAF4FBF4F09F48AC0C984DA84EB8474
:1051E000FC848FEFC816D806E806F80609F47FC0DD
:1051F0008D859E85AF85B8898D8F9E8FAF8FB8A323
:105200008F3F9F4FAF4FBF4F09F471C0298D3A8D2B
:105210004B8D5C8DC501B4010F9466BF2B013C0121
:1052200026E636E646E65FE30F94BFBD11E087FD54
:105230000BC02DEC3CEC4CE85FE3C301B2010F94D2
:1052400053BF18160CF010E02D8D3E8D4F8D58A1D8
:10525000C701B6010F9466BF2B013C0126E636E676
:1052600046E65FE30F94BFBD87FD7FC02DEC3CECAD
:105270004CE85FE3C301B2010F9453BF18160CF45E
:1052800074C02DA13EA14FA158A569A17AA18BA1FF
:105290009CA10F9466BF20E030E040E751E40F94FA
:1052A00053BF18160CF411E0A5019401C701B60113
:1052B0000F946FB66B017C012D8D3E8D4F8D58A1E3
:1052C000698D7A8D8B8D9C8D0F946FB69B01AC018F
:1052D000C701B6010F94CABC9F772DEC3CEC4CEC97
:1052E0005DE30F9453BF181614F01123F1F00F94DF
:1052F00043A880E090E0A0E8BFE389839A83AB8372
:10530000BC831D821E821F82188619861A861B8600
:105310001C868D879E87AF87B88B198A1A8A1B8A4D
:105320001C8A1D8A1E8A1F8A188EAE014F5E5F4F2F
:10533000BE01675F7F4FCE0101960F94A2A6A8968B
:105340000FB6F894DEBF0FBECDBFDF91CF911F9196
:10535000FF90EF90DF90CF90BF90AF909F908F9095
:105360007F906F905F904F90089511E08ACFCF9318
:1053700024E1AC01249FC001259F900D1124609170
:10538000BC177091BD170F946BBCC62F653108F028
:10539000C4E18091BB178C1748F48FEF0E947355BE
:1053A0008091BB178F5F8093BB17F3CFCF91089588
:1053B00081E090E09093BD178093BC170F94B7A93C
:1053C0006CE271E080E090E00D94BA1B0F931F93A4
:1053D000CF93DF938C01EB010E942F541092BB17E7
:1053E0001093BD170093BC1761E080E00E94FC534E
:1053F00064E1CE010E94BD5662E080E0DF91CF9172
:105400001F910F910C94FC5380911D0590911C05E8
:1054100089130BC090911B05992339F020917106D7
:10542000309172068217130639F081E09091D7030C
:10543000911103C080E0089581E008950F931F93B8
:10544000CF93DF938C01EB0187EA91E39F938F93D6
:1054500083E491E79F938F93DF936F930F94B9BA8F
:10546000C80FD11D47E050E0B801CE010F9492BBA8
:105470001F820F900F900F900F900F900F90DF9161
:10548000CF911F910F91089520911D058091710674
:10549000909172062817190611F080E208958EE3A4
:1054A00008950F931F93CF93C82F8B010F9444AA95
:1054B000482F60911A0580E00E941C5462E1C801E7
:1054C0000E94BD568C2FCF911F910F910C94EB53DE
:1054D00082E080938F0280911D058F5F80931D0570
:1054E00084E080931A0510921C0510921B05089504
:1054F000CF93DF9330911D0520911C05321320C0FE
:10550000EB01BC0180918F02882319F080E20F9497
:1055100051AA80911B05882399F020911D05809147
:105520007106909172062817190651F4209721F000
:1055300061E0CE010E940A71DF91CF910D9468AABB
:1055400080911D058F5F80931D05DF91CF91089598
:10555000EF92FF920F931F93CF93DF9370911D05EE
:1055600030911C0573133FC0122FEA01062F7C01F6
:1055700080918F028823D1F00F9444AA482F609124
:105580001A0580E00E941C5461E1C7010E94BD56CB
:10559000402F60911A0593E1981B892F0E941C549B
:1055A00040E260911A0583E10E941C5480911B0522
:1055B0008823C9F020911D05809171069091720693
:1055C0002817190681F410929002812FFE01199577
:1055D00081E080939002DF91CF911F910F91FF9016
:1055E000EF900D9468AA80911D058F5F80931D0533
:1055F000DF91CF911F910F91FF90EF900895CF937E
:10560000DF9330911D0520911C05321321C0EB0161
:10561000BC0180918F02882319F080E20F9451AA77
:1056200080911B058823A1F020911D0580917106B2
:10563000909172062817190659F410929002FE01F3
:10564000199581E080939002DF91CF910D9468AA23
:1056500080911D058F5F80931D05DF91CF91089587
:1056600080911A05843038F580911D0590E02091D5
:105670007106309172062817390744F0019790930C
:1056800072068093710687E00F94C642809171067E
:105690002091A60330E02D5F3F4F8217130659F08B
:1056A00054F09DEF980F9093A603845080931C05AF
:1056B0008FEF80931A05089580917106909172067C
:1056C00097FF07C0109272061092710687E00F9440
:1056D000C64280917106909172062091A603281708
:1056E000190619F014F08093A6038091A603809305
:1056F0001C050E94465780931B050895EAEAF3E0D3
:1057000080E2DF011D928A95E9F70895CF933FB7B4
:10571000F894E0916F0EF091700EE817F907C9F058
:10572000C42F9093700E80936F0E709372066093E7
:1057300071061092A60382E080938F023FBF22235E
:1057400019F080E00F94C642CC2321F0CF910D9444
:105750007EAB3FBFCF9108957F928F929F92AF9281
:10576000BF92CF92DF92EF92FF920F931F93CF934E
:10577000DF93E0911D0550911C05E51373C0FB01FB
:10578000483009F06CC0C081D0E04901742E6B0133
:105790005C0180918F02882359F060911A0580E0A6
:1057A0000E94FC530F9444AAAE01B5010F9463808C
:1057B00080911B05882309F455C090911D05209107
:1057C0007106309172069217130609F04BC0809152
:1057D000F8038730D8F4282F30E0F901EE0FFF1FCF
:1057E000E20FF31FEA55F84E20916F0E3091700EC4
:1057F000318320838F5F8093F803928320E040E021
:1058000070E060E08DEF91E00F9486ABB092AB0357
:10581000A092AA03D092AE03C092AD037092AC03E3
:10582000D093B003C093AF039092B2038092B103C0
:105830001093B4030093B303F092B603E092B50360
:10584000DF91CF911F910F91FF90EF90DF90CF905C
:10585000BF90AF909F908F907F900D9468AAC08169
:10586000D18193CF80911D058F5F80931D05DF91BE
:10587000CF911F910F91FF90EF90DF90CF90BF904D
:10588000AF909F908F907F90089580918F02882392
:1058900009F452C02091B5033091B6038091B10351
:1058A0009091B20321153105D9F0409171065091C4
:1058B000720641155105A1F07CF04091AF03509163
:1058C000B0034817590741F43093B0032093AF0356
:1058D00010927206109271061092B6031092B503E0
:1058E0002091AF033091B003409171065091720640
:1058F000240F351F1092720610927106281739076F
:1059000044F08091B3039091B403281739070CF445
:10591000C9019093B0038093AF0361E080E00E94DF
:10592000FC534091AF035091B0036091AA03709172
:10593000AB0380E20F9463800E944657882341F1B5
:10594000E091AD03F091AE038091AF039091B0036D
:105950002091AC0380832830C9F48091F803882318
:10596000B9F081508093F80390E0FC01EE0FFF1F27
:10597000E80FF91FEA55F84E6281062E000C770BEE
:1059800020E040E0808191810D9486AB9183E5CF4A
:105990000895DC01262F9091F8039730D8F4492F11
:1059A00050E0FA01EE0FFF1FE40FF51FEA55F84E25
:1059B00040916F0E5091700E51834083809171061B
:1059C0009F5F9093F803828341E070E060E0CD0137
:1059D0000D9486AB08958F929F92AF92BF92CF9213
:1059E000DF92EF92FF920F931F93CF93DF93E0919B
:1059F0001D0530911C05E31376C0C22F7A016B019F
:105A00005C0180918F028823B9F10F9444AA01E0D0
:105A10008E3309F000E00C2B802F8270882EE60177
:105A200090E2992EC114D10421F48EE7982ECAE099
:105A3000DBE2882009F441C0CE010F9460B914E084
:105A4000180F4EE300FF40E260911A0580E00E94CB
:105A50001C5464E1611BC5010E94BD568BE50E9488
:105A6000EB53CE01882089F10E94E7538DE50E9417
:105A7000EB53892D0E94EB5380911B05882399F1EC
:105A800020911D05809171069091720628171906C4
:105A900051F5CD28E9F460E0C7010F94C9ACDF915E
:105AA000CF911F910F91FF90EF90DF90CF90BF901B
:105AB000AF909F908F900D9468AAFE0101900020F6
:105AC000E9F7EC1B13E01E0FBCCF0E94EF56CECFC0
:105AD00010929002E114F10411F0F701199581E0A0
:105AE00080939002DCCF80911D058F5F80931D0510
:105AF000DF91CF911F910F91FF90EF90DF90CF90AA
:105B0000BF90AF909F908F9008950F931F93CF9366
:105B1000DF93CDB7DEB763970FB6F894DEBF0FBE45
:105B2000CDBF30911D0520911C05321338C08B016B
:105B300020918F022223A9F0BE016F5F7F4F0F9447
:105B40001EAA0F9444AA482F60911A0580E00E9473
:105B50001C5462E1CE0101960E94D7568EE70E9446
:105B6000EB5380911B058823D1F020911D05809176
:105B70007106909172062817190689F460E0C80131
:105B80000F94C9AC0F9468AA63960FB6F894DEBF61
:105B90000FBECDBFDF91CF911F910F9108958091DE
:105BA0001D058F5F80931D05EFCFCF93DF9330915D
:105BB0001D0520911C0532131EC0EB01BC01809114
:105BC0008F02882319F08EE70F9451AA80911B054C
:105BD000882389F020911D058091710690917206AD
:105BE0002817190641F460E0CE010F94C9ACDF918B
:105BF000CF910D9468AA80911D058F5F80931D053C
:105C0000DF91CF910895982F8091F8039817A8F409
:105C1000891B8093F80390E0FC01EE0FFF1FE80F53
:105C2000F91FEA55F84E6281062E000C770B20E032
:105C300041E0808191810D9486AB80E0EACF81E0E4
:105C40000D9403AE30911D0520911C05321319C02F
:105C5000BC0180918F02882319F083E80F9451AA28
:105C600080911B05882369F020911D0580917106A4
:105C7000909172062817190621F40F941FAE0D9407
:105C800068AA80911D058F5F80931D050895EF928E
:105C9000FF920F931F931092DC038091B703811141
:105CA00023C081E08093B70381E090E020916F13DF
:105CB000309170132730314811F090E080E0BC0142
:105CC000660F771F680F791F68597D4843E050E0E1
:105CD00089EB93E00F943CB98091B9030E94D6FE02
:105CE00080919A138093B8030F945CAB10921A05BD
:105CF00080911A058430A8F510921D050F9404AA0E
:105D0000882379F06091B80370E08091B9030E9414
:105D100033C31092630E1F910F91FF90EF900D947B
:105D20004E108DE291E70F9422AE0091BB0310E07C
:105D30002091BA0330E0F12CE12C48E068EB73E0ED
:105D400081E291E70F94ACAB0F9430AB80911A05D0
:105D50008F5F80931A0580911C058F5F80931C05CF
:105D6000C7CF1F910F91FF90EF9008950E94465763
:105D700081110D941FAE08958F929F92AF92BF92A2
:105D8000EF92FF920F931F93CF93DF93CDB7DEB7C0
:105D9000A0970FB6F894DEBF0FBECDBF6115710599
:105DA0008105910599F480E3A0960FB6F894DEBFC3
:105DB0000FBECDBFDF91CF911F910F91FF90EF905C
:105DC000BF90AF909F908F900C943E5B00E0842E2C
:105DD000912CB12CA12C9E012F5F3F4F7901A50181
:105DE00094010F9415BCF701E00FF11D6083B90118
:105DF000CA010F5F611571058105910581F70E0DCF
:105E00001F2D111DE016F10659F0F80182918F0146
:105E10008A3020F4805D0E943E5BF4CF895CFBCF2A
:105E2000A0960FB6F894DEBF0FBECDBFDF91CF9125
:105E30001F910F91FF90EF90BF90AF909F908F9028
:105E4000089589E195E70E94575B85EA9DE00F94EC
:105E5000B0BBBC0190E080E04AE00F94BCAE8DE5A1
:105E60000C943E5BCF92DF92EF92FF926B017C012C
:105E7000F7FE0BC08DE20E943E5BF094E094D0945C
:105E8000C094C11CD11CE11CF11C4AE0C701B60141
:105E9000FF90EF90DF90CF900D94BCAECF93C82FC2
:105EA0008BE70E943E5B8C2F0F94D07D0F94CC7DAE
:105EB00085E095E70E94575B6091650670916606E4
:105EC00080916706909168064AE00F94BCAE8EEF11
:105ED00094E70E94575B80910717882309F45EC0FE
:105EE0008091811790918217A0918317B0918417A8
:105EF0000097A105B10509F451C0BC01CD016D5950
:105F00007F4F8F4F9F4F24E630E040E050E00F94EA
:105F100015BC609188177091891780918A179091AC
:105F20008B170F9415BC622F70E090E080E00F9407
:105F300032AF87EF94E70E94575B6091390270910E
:105F40003A02072E000C880B990B0F9432AF80EFAA
:105F500094E70E94575B80918B14811121C086E7E2
:105F600094E10E94FE7089EE94E70E94575B809155
:105F70009E038130C1F40F94F7324AE00F94BCAE17
:105F800082EE94E70E94575B8BED94E70E94575B8B
:105F90008DE50E943E5BCF910D9421AF20E0C3CFF1
:105FA0008BE894E1DECF60E070E0CB010F9432AF7C
:105FB000E7CF4F925F926F927F928F929F92AF92B4
:105FC000BF92CF92DF92EF92FF920F931F93CF93E6
:105FD000DF931F921F92CDB7DEB7A82E82E391E721
:105FE0000E94B5EE109248071092490710924A0796
:105FF00010924B0710924C0710924D0710924E07CB
:1060000010924F079EEAE92E9DE0F92ED12CC12C6B
:1060100027E0B22E8C2D6B2D0F945DBC082F992E8E
:1060200042E050E0B701CE0101960F9492BB698126
:106030007A816115710511F0DD24D3942B2D0203B3
:1060400080011124090D111D97FC1A95000F111FD5
:10605000000F111F0A551C4E072E000C880B990BC0
:106060000F9430B62FE632E143E85AE30F946FB64F
:10607000F8016183728383839483F2E0EF0EF11C55
:10608000C39421E3C212C6CF8AED9EE00F94AABB4F
:106090006093500770935107809352079093530772
:1060A0008EE69FE00F94AABB609354077093550748
:1060B00080935607909357070F9489A80F9464A371
:1060C00088E497E00E94E6500E94574D0F94CE95C9
:1060D00081EC93E70E94575B809153078F938091E7
:1060E00052078F93809151078F93809150078F9320
:1060F00080914F078F9380914E078F9380914D072A
:106100008F9380914C078F9380914B078F93809151
:106110004A078F93809149078F93809148078F9307
:1061200083EF91E79F938F930F9464BA81E08093FC
:106130004707159888ED9EE00F94B0BB9093740EBE
:106140008093730E8BE89FE00F94A2BB90E0909336
:10615000720E8093710E88EE9EE00F94AABB60933E
:10616000BC027093BD028093BE029093BF028EED7D
:106170009EE00F94B0BB909396028093950240E10D
:1061800050E067E37DE08CEA92E00F9492BB8CE6EE
:106190009FE00F94B0BB90931218809311188CE27B
:1061A0009DE00F94AABB60930D1870930E18809316
:1061B0000F18909310188DE79CE00F94B0BB90934C
:1061C0006C0280936B0240E150E06DE67CE087E971
:1061D00096E00F9492BB40E150E06DE57CE08FE1EA
:1061E00097E00F9492BB40E150E06DE47CE087E8DB
:1061F00096E00F9492BB40E150E06DE37CE08FE0CD
:1062000097E00F9492BB89E39CE00F94AABB609344
:10621000AF067093B0068093B1069093B20685E303
:106220009CE00F94AABB6093B3067093B40680936E
:10623000B5069093B60681E39CE00F94AABB6093E9
:10624000B7067093B8068093B9069093BA0640E1FA
:1062500050E061E27CE08BEB96E00F9492BB8FE71D
:106260009CE00F94A2BB0FB6F894DEBF0FBECDBF6B
:106270008130B1F420E030E040EA51E46091500711
:106280007091510780915207909153070F94CABCA7
:106290006093500770935107809352079093530770
:1062A0008FE79CE00F94A2BB811123C020E030E077
:1062B00040EA51E460915007709151078091520774
:1062C000909153070F94CABC9F938F937F936F93C2
:1062D00086EC94E79F938F930E94A07161E08FE713
:1062E0009CE00F94C6BB0F900F900F900F900F90F3
:1062F0000F9061E08EEB94E70E940A718091740E1A
:106300008F938091730E8F9385EB94E79F938F9378
:106310000E94A0718091720E8F938091710E8F9365
:106320008CEA94E79F938F930E94A0718CE89FE082
:106330000F94A2BB0FB6F894DEBF0FBECDBF811184
:1063400010C08091740E8F938091730E8F9383EAA7
:1063500094E79F938F930E94A0710F900F900F90DE
:106360000F9061E087E794E20E940A71A11017C0C4
:1063700061E088E994E70E940A718FE38F9380E8D7
:106380008F931F921F928EE492E79F938F930E94A8
:10639000A0710F900F900F900F900F900F9088E3C7
:1063A00092E70F948BBA0E944A5C88E89FE00F94B2
:1063B000A2BB882E89E89FE00F94B0BB8C0185E3D7
:1063C0009DE00F94B0BBF82EE92E8EE894E70E9472
:1063D000575BB801012E000C880B990B0F9432AF5C
:1063E0008EE794E70E94575B8F2D9E2D0F94C95224
:1063F00080916A02811102C00E94C5718DE99FE0FF
:106400000F94AABBC62EB72EA82E992E81EA9FE024
:106410000F94AABB762E672E582E492E20E030E02E
:1064200040E85FEB6C2D7B2D8A2D992D0F94BFBD1D
:10643000882399F04F925F926F927F929F92AF92D2
:10644000BF92CF9287E694E79F938F930E94A071AB
:106450000FB6F894DEBF0FBECDBFDD2029F061E09E
:106460008AE594E70E940A718DE89FE00F94AABB29
:106470009F938F937F936F9380E594E79F938F9380
:106480000E94A07181E19DE00F94AABBD62EC72E79
:10649000B82EA92E8DE09DE00F94AABB962E772EE4
:1064A000682E592E89E09DE00F94AABB9F938F938D
:1064B0007F936F935F926F927F929F92AF92BF9202
:1064C000CF92DF9286E394E79F938F930E94A0710F
:1064D0008FE38F9380E88F931F921F928EE492E751
:1064E0009F938F930E94A0718EE69FE00F94AABBAA
:1064F0009F938F937F936F938BE294E79F938F93F8
:106500000E94A0710FB6F894DEBF0FBECDBF82E728
:106510009FE00F94A2BB882329F061E087E294E713
:106520000E940A711F930F9380E294E79F938F93C9
:106530000E94A071EF92FF928AE192E79F938F935E
:106540000E94A0711F928F9287E194E79F938F938F
:106550000E94A07181E99FE00F94AABB20916A027A
:106560000FB6F894DEBF0FBECDBF211133C09F938D
:106570008F937F936F938EE094E79F938F930E9406
:10658000A0710F900F900F900F900F900F9061E0FF
:106590008EEF93E70E940A7161E083EF93E70E9418
:1065A0000A7183E292E70F948BBA0E944A5C0F90C3
:1065B0000F90DF91CF911F910F91FF90EF90DF909F
:1065C000CF90BF90AF909F908F907F906F905F9093
:1065D0004F9008952130D9F69F938F937F936F93B7
:1065E00084E094E7CACF8F929F92AF92BF92CF92EE
:1065F000DF92EF92FF92CF936B017C01B42E20E0EB
:1066000030E0A9010F94BFBD87FF07C08DE20E9453
:106610003E5BF7FAF094F7F8F094C0E060E070E0C9
:1066200080E09FE3CB1541F020E030E040E251E410
:106630000F94C9BDCF5FF6CF9B01AC01C701B60176
:106640000F94CABC6B017C010F9442BE4B015C01EC
:106650004AE00F94BCAECC2391F1C501B4010F9474
:106660002EB69B01AC01C701B6010F94C9BC6B01EA
:106670007C018EE20E943E5BC15008F120E030E0D8
:1066800040E251E4C701B6010F946FB64B015C01C3
:106690000F943BBE6B01770FEE08FF08C701B601F0
:1066A0000F9432AFC701B6010F9430B69B01AC0115
:1066B000C501B4010F94C9BC6B017C01DDCFCF9142
:1066C000FF90EF90DF90CF90BF90AF909F908F9012
:1066D000089584E395E70E94575B6091730E709173
:1066E000740E072E000C880B990B0F9432AF8DE2BD
:1066F00095E70E94575B6091710E7091720E072EA4
:10670000000C880B990B0F9432AF86E295E70E943C
:10671000575B6091660E7091670E8091680E909144
:10672000690E42E00F94F3B28FE195E70E94575B48
:106730006091F6047091F7048091F8049091F90447
:1067400042E00F94F3B28DE50C943E5B8AE00C942A
:106750003E5BCF9390916C0E992309F4F6C0C82F3D
:10676000873009F4BEC008F046C0833009F4EDC09C
:1067700080F5813009F488C008F460C08BE70E947E
:106780003E5B83E00F94D07D0F94CC7D8DE70E941B
:106790003E5B0F94A6B3C3E0C093151881E08093CD
:1067A0008D0280917414811105C08091A803882303
:1067B00009F478C08BE70E943E5B84E00F94D07DA3
:1067C0000F94CC7D84E08093151881E080938D0236
:1067D0001EC0853009F471C08CE695E7C63008F418
:1067E0006EC085E595E70E94575B0F94CC7D88E0ED
:1067F0008093151874C0863109F49BC070F48431FD
:1068000009F480C008F089C0883009F472C08DE7AF
:106810000E943E5BCF910D94A6B38B3509F491C0D5
:1068200030F481E3CA3599F70F94DD7DF0CF8C35D4
:1068300009F489C084E3CD35B9F3E9CF809197029B
:10684000843021F48FE00F944EAFE1CF0E94B64C1C
:10685000882311F08EE0F7CF80917414811104C069
:106860008091A803882311F084E0EDCF8BE70E948C
:106870003E5B81E00F94D07D0F94CC7D0F9421AFCF
:1068800081E080931518C3CF8BE70E943E5B82E0C6
:106890000F94D07D0F94CC7D82E080931518C09327
:1068A0008D02B5CF8BE70E943E5B83E00F94D07DD5
:1068B0000F94CC7DC093151888CF8EE595E70E9484
:1068C000575B60E070E0CB010F9432AF8DE50E9422
:1068D0003E5B809115180F94D07D0F94CC7D82E0A3
:1068E00075CF8CE495E70E94575B0F94CC7D89E0CF
:1068F0007FCF83E495E70E94575B0F94CC7D109285
:106900001518EDCF8BE70E943E5B809115180F9410
:10691000D07D0F94CC7D84E059CF8BE70E943E5B05
:106920000F9469B30F94CC7D809115180F94D07D8E
:106930006ECF8AE395E70E94575B0F94CC7D85E08C
:10694000A0CF82E371CF83E36FCFCF9108950E94F0
:10695000FE700D94A6B32091A0043091A104809103
:106960009E0490919F048217930771F0F901E25EF3
:10697000FB4F80812F5F3F4F2F7733273093A10448
:106980002093A00490E008958FEF9FEF08951F9249
:106990000F920FB60F9211240BB60F922F933F93C5
:1069A0004F936F937F938F939F93EF93FF93809178
:1069B000C80084FF12C08091CE00FF91EF919F919B
:1069C0008F917F916F914F913F912F910F900BBEBF
:1069D0000F900FBE0F901F9018954091CE008091A0
:1069E0002605813051F720919E0430919F04C90102
:1069F00001968F7799276091A0047091A104861762
:106A00009707D9F2225E3B4FF901408390939F0490
:106A100080939E04D2CF1F920F920FB60F92112433
:106A20000BB60F922F933F934F936F937F938F9358
:106A30009F93EF93FF938091C00084FF12C08091D9
:106A4000C600FF91EF919F918F917F916F914F9130
:106A50003F912F910F900BBE0F900FBE0F901F9084
:106A600018954091C600809126058111EACF2091AA
:106A70009E0430919F04C90101968F7799276091F8
:106A8000A0047091A10486179707D9F2225E3B4FAC
:106A9000F901408390939F0480939E04D2CF2F925C
:106AA0003F924F925F926F927F928F929F92AF929E
:106AB000BF92CF92DF92EF92FF920F931F93CF93EB
:106AC000DF93CDB7DEB7C254D1090FB6F894DEBF5D
:106AD0000FBECDBF4C015B016A01322E19821C82B0
:106AE0001C8E1F8E672B21F510E0CE014C960E9464
:106AF000385BCE0101960E94385B812FCE5BDF4F61
:106B00000FB6F894DEBF0FBECDBFDF91CF911F91BE
:106B10000F91FF90EF90DF90CF90BF90AF909F903C
:106B20008F907F906F905F904F903F902F9008953F
:106B3000FC0183818111D8CFFA0180818F32C1F4A9
:106B4000CA016C010196F60120812F32D1F3F501C3
:106B500083818250823060F0618D728DCE014C96BF
:106B60000F948B808E01045E1F4F811102C0BCCF39
:106B70008501CE0101967C013C012E019CE1490E6C
:106B8000511C2396EFAE23972F2CFE01F796CF01D1
:106B90000B96AF0120E22193E817F907D9F7960188
:106BA00090E067E0D9018D91882349F18F3239F166
:106BB000282F8E3239F46A3009F496CF98E06AE0D3
:106BC0009D01F0CFEAE7F7E73491332321F03196C6
:106BD0008313FACF89CF691708F486CF3FED380FBA
:106BE0003E3508F081CF3FE9380F3A3110F420EEFE
:106BF000280FFA01E90FF11D20839F5FE1CF8FA9D4
:106C0000803209F471CF6901F90180812F5F3F4F14
:106C10008F32C9F38823D9F021E0B801C7010F945E
:106C2000D884882309F460CF0A151B0519F0C80120
:106C30000F94DB80942D852D6E147F0421F0239614
:106C40009FAD2397822D8701E92EF82E9ECF232D0D
:106C5000B801C4010F94D884182F47CFE89409C015
:106C600097FB3EF490958095709561957F4F8F4F7F
:106C70009F4F9923A9F0F92F96E9BB279395F69595
:106C8000879577956795B795F111F8CFFAF4BB0F13
:106C900011F460FF1BC06F5F7F4F8F4F9F4F16C077
:106CA000882311F096E911C0772321F09EE8872F01
:106CB000762F05C0662371F096E8862F70E060E0BD
:106CC0002AF09A95660F771F881FDAF7880F969536
:106CD000879597F908959B01AC010D946FB60F94B9
:106CE00082B60D94F3B60F94E5B638F00F94ECB677
:106CF00020F0952311F00D94DCB60D94E2B611242A
:106D00000D9427B70F9404B770F3959FC1F3950FB7
:106D100050E0551F629FF001729FBB27F00DB11D1F
:106D2000639FAA27F00DB11DAA1F649F6627B00DAF
:106D3000A11D661F829F2227B00DA11D621F739F98
:106D4000B00DA11D621F839FA00D611D221F749FA6
:106D50003327A00D611D231F849F600D211D822FED
:106D6000762F6A2F11249F5750409AF0F1F0882314
:106D70004AF0EE0FFF1FBB1F661F771F881F915041
:106D80005040A9F79E3F510580F00D94DCB60D945C
:106D900027B75F3FE4F3983ED4F3869577956795E0
:106DA000B795F795E7959F5FC1F7FE2B880F911D6B
:106DB0009695879597F9089597F99F6780E870E011
:106DC00060E008959FEF80EC089500240A94161661
:106DD000170618060906089500240A9412161306C9
:106DE000140605060895092E0394000C11F4882357
:106DF00052F0BB0F40F4BF2B11F460FF04C06F5F73
:106E00007F4F8F4F9F4F089557FD9058440F551F48
:106E100059F05F3F71F04795880F97FB991F61F01C
:106E20009F3F79F087950895121613061406551F93
:106E3000F2CF4695F1DF08C0161617061806991FFF
:106E4000F1CF86957105610508940895E894BB27F4
:106E500066277727CB0197F908953F924F925F926B
:106E60006F927F928F929F92AF92BF92CF92DF925A
:106E7000EF92FF920F931F93CF93DF935C016B010F
:106E80007A016115710519F0FB0191838083E1148A
:106E9000F10451F0C7010297839730F040E030E0F1
:106EA00020E090E06BC05E01E5012196F5011081C4
:106EB000812F90E00F9433B9892BA9F71D3201F58A
:106EC0002196F501118101E0E114F10409F4E6C015
:106ED000F0E1EF16F10409F088C0103359F488810D
:106EE0008F7D883509F07CC0198122960260F0E11F
:106EF000EF2EF12C812C912CA12C88E0B82E92C081
:106F00001B3221F4E5012296F501118100E0DCCF6E
:106F1000EAE0EE16F10409F4C7C0F0E1EF16F1045F
:106F200009F073C0E7CF78E0E72EF12C812C912C8B
:106F3000A12C60E1B62E76C021E0ADC0302F3170BB
:106F4000C114D10431F0222371F12197F601D183CC
:106F5000C08327FF2EC060E070E080E090E8311130
:106F600004C06FEF7FEF8FEF9FE722E230E03093B6
:106F7000171820931618462F372F282F642F732F9A
:106F8000822FDF91CF911F910F91FF90EF90DF90B3
:106F9000CF90BF90AF909F908F907F906F905F90B9
:106FA0004F903F90089501FF04C02297F601D183CE
:106FB000C083332341F090958095709561957F4F04
:106FC0008F4F9F4FD8CF97FFD6CF82E290E090931C
:106FD0001718809316186FEF7FEF8FEF9FE7CBCFD7
:106FE00010E3E114F10409F49ECF28E0E216F10465
:106FF00009F49CCF0CF08CCF812C912CA12CE0E4D7
:10700000BE2E82E0E816F10469F060E070E080E0F6
:1070100090E897010F2C000C440B550B0F9415BCF6
:1070200049015A0120E060E070E0CB0127010F2CFC
:10703000000C66087708FE0150ED352E310E39E060
:10704000331570F43FEB310F49EC342E3A3138F000
:107050003FE9310F3A3108F071CF39EA332E310E62
:107060003E141F040CF06ACF27FD15C08616970644
:10707000A806B90678F0A30192010F9405BC630D30
:10708000711D811D911D61307105810520E89207F8
:1070900008F452CF2FEF21961081CDCF103309F491
:1070A0001ECF2AE0E22EF12C9CEC892E982CA82CE5
:1070B0009CE0B92EB7CF283008F027E03327DA015B
:1070C000990F311D87FD916000966105710539F4B6
:1070D00032602E5F3D9330E32A95E1F708959F3F9C
:1070E00030F080387105610509F03C5F3C5F3D93ED
:1070F000913008F08068911DDF93CF931F930F9319
:10710000FF92EF92192F987F9695E92F9695969575
:10711000E90FFF27E85AF94F99273327EE24FF2478
:10712000A701E70105900894079428F4360FE71E9D
:10713000F81E491F511D660F771F881F991F06945F
:10714000A1F70590079428F4E70EF81E491F561F73
:10715000C11D770F881F991F661F0694A1F7059020
:10716000079428F4F80E491F561FC71FD11D880F1A
:10717000991F661F771F0694A1F70590079420F4C6
:10718000490F561FC71FD81F990F661F771F881FEB
:107190000694A9F784911095177041F0D695C7957C
:1071A00057954795F794E7941A95C1F7EEEFF5E0F8
:1071B00068941590159135916591959105907FE2B0
:1071C0007395E118F10A430B560BC90BD009C0F7B0
:1071D000E10CF11E431F561FC91FD01D7EF47033F2
:1071E00011F48A95E6CFE894015030F0080F0AF4C4
:1071F0000027021708F4202F2395022F7A3328F056
:1072000079E37D932A95E9F710C07D932A9589F655
:10721000069497956795379517951794E118F10A95
:10722000430B560BC90BD00998F023957E917395AB
:107230007A3308F070E37C932013B8F77E91706185
:107240007D9330F0839571E37D9370E32A95E1F7A8
:107250001124EF90FF900F911F91CF91DF9199270B
:1072600087FD9095089591110D948FBB803219F090
:1072700089508550C8F70895FB01DC0102C00590D4
:107280000D9241505040D8F70895FB01DC010D905C
:107290000020E9F7119705900D920020E1F708957D
:1072A000FB01DC018D91059080190110D9F3990B38
:1072B0000895FB01DC0105900D920020E1F708958F
:1072C000FC0105900020E9F7809590958E0F9F1F97
:1072D0000895FB01DC014150504088F08D918134CC
:1072E0001CF08B350CF4805E659161341CF06B35BD
:1072F0000CF4605E861B611171F3990B0895881B75
:10730000FCCFFB01DC014150504030F08D910590E5
:10731000801919F40020B9F7881B990B0895FB0117
:10732000DC014150504048F005900D920020C9F713
:1073300001C01D9241505040E0F70895FC010590B6
:10734000615070400110D8F7809590958E0F9F1F67
:107350000895FB0155915523A9F0BF01DC014D9122
:1073600045174111E1F759F4CD010590002049F08E
:107370004D9140154111C9F3FB014111EFCF81E05F
:1073800090E001970895FC01615070400190011058
:10739000D8F7809590958E0F9F1F0895CF93DF9318
:1073A000EC012B8120FF1AC026FF0CC02F7B2B8302
:1073B0008E819F8101969F838E838A8190E0DF91E9
:1073C000CF91089522FF18C0E881F9818081082EAD
:1073D000000C990B009729F420622B838FEF9FEF0D
:1073E000EECF3196F983E8832E813F812F5F3F4FA7
:1073F0003F832E839927E3CFEA85FB85199597FF75
:10740000F3CF2B81019621F080E2822B8B83E6CF94
:1074100080E1FBCF0F931F93CF93DF93182F092F9A
:10742000EB018B8181FD09C01FEF0FEF812F902FA2
:10743000DF91CF911F910F91089582FF14C02E818B
:107440003F818C819D81281739073CF4E881F981BF
:10745000CF0101969983888310838E819F81019645
:107460009F838E83E3CFE885F985812F1995892B3A
:10747000A1F3DACFEF92FF920F931F93CF93DF9395
:107480008C017B01DB0113968C91D0E0C0E081FD83
:107490000FC0CFEFDFEF10C0D7011896ED91FC9130
:1074A000B7011995892B11F0CFEFDFEF0F5F1F4F59
:1074B000F80184918111F0CFCE01DF91CF911F911E
:1074C0000F91FF90EF9008950F931F93CF93DF9349
:1074D000CDB7DEB7AE01485F5F4FDA016D917D91A8
:1074E000AD010CE118E1F80182819381DC01139672
:1074F0002C911397286013962C930E94F73BD80188
:107500001296ED91FC912381277F2383DF91CF9108
:107510001F910F9108950F931F93CF93DF938C01C9
:10752000E0911E18F0911F188381D0E0C0E081FD2A
:107530000AC0CFEFDFEF17C01995892B11F0CFEFFD
:10754000DFEF0F5F1F4FF801849160911E1870915B
:107550001F18DB011896ED91FC918111EDCF8AE0A7
:107560001995892B31F7CE01DF91CF911F910F91A2
:1075700008950F931F93CF93DF93CDB7DEB72E9768
:107580000FB6F894DEBF0FBECDBF0E891F898EE007
:107590008C831A8309838FEF9FE79E838D83AE01CF
:1075A000465E5F4F688D798DCE0101960E94F73B54
:1075B0002F813885020F131FF80110822E960FB607
:1075C000F894DEBF0FBECDBFDF91CF911F910F9119
:1075D0000895CF93DF93EC018B8188608B83CE017C
:1075E0000E94F73B2B81277F2B83DF91CF9108955A
:1075F0000F931F93CF93DF93CDB7DEB72E970FB6C0
:10760000F894DEBF0FBECDBF8C01FA018EE08C83F3
:107610001A83098377FF02C060E070E86150710946
:107620007E836D83A901BF01CE0101960E94F73BC5
:107630004D815E8157FD0AC02F813885421753075F
:107640000CF49A01020F131FF80110822E960FB648
:10765000F894DEBF0FBECDBFDF91CF911F910F9188
:107660000895FA01AA27283051F1203181F1E894D8
:107670006F936E7F6E5F7F4F8F4F9F4FAF4FB1E025
:107680003ED0B4E03CD0670F781F891F9A1FA11D20
:10769000680F791F8A1F911DA11D6A0F711D811D21
:1076A000911DA11D20D009F468943F912AE0269FE6
:1076B00011243019305D3193DEF6CF010895462F45
:1076C0004770405D4193B3E00FD0C9F7F6CF462F26
:1076D0004F70405D4A3318F0495D31FD405241938F
:1076E00002D0A9F7EACFB4E0A6959795879577954C
:1076F0006795BA95C9F700976105710508959B01D3
:10770000AC010A2E06945795479537952795BA955B
:10771000C9F7620F731F841F951FA01D0895992735
:1077200088270895DC01CB01FC01F999FECF06C042
:10773000F2BDE1BDF89A319600B40D92415050402F
:10774000B8F70895F999FECF92BD81BDF89A9927AF
:1077500080B50895A6E1B0E044E050E00D9494BBFC
:10776000A8E1B0E042E050E00D9494BBDC01A40F2E
:10777000B51F4150504048F0CB01840F951F2E910A
:107780000F94C7BB41505040D0F70895262FF99968
:10779000FECF92BD81BDF89A019700B4021639F070
:1077A0001FBA20BD0FB6F894FA9AF99A0FBE089541
:1077B0000396272F0F94C7BB0F94C6BB252F0F949A
:1077C000C7BB242F0D94C7BB0196272F0F94C7BBAF
:1077D0000D94C6BB262FF999FECF1FBA92BD81BD6D
:1077E00020BD0FB6F894FA9AF99A0FBE0196089543
:1077F000242F0F94EBBB252F0F94EBBB0D9400BCF3
:107800000F94EABB272F0D94EBBBDB018F939F9363
:107810000F9437BCBF91AF91A29F800D911DA39F84
:10782000900DB29F900D11240895A1E21A2EAA1B6B
:10783000BB1BFD010DC0AA1FBB1FEE1FFF1FA21720
:10784000B307E407F50720F0A21BB30BE40BF50B1D
:10785000661F771F881F991F1A9469F760957095A6
:10786000809590959B01AC01BD01CF0108950F94C7
:1078700042BCA59F900DB49F900DA49F800D911DBB
:1078800011240895A29FB001B39FC001A39F700D62
:10789000811D1124911DB29F700D811D1124911D18
:1078A0000895991B79E004C0991F961708F0961B5C
:1078B000881F7A95C9F78095089587FB082E0626BC
:1078C00087FD819567FD61950F9451BC0EF49195EC
:1078D00007FC81950895AA1BBB1B51E107C0AA1F95
:1078E000BB1FA617B70710F0A61BB70B881F991F61
:1078F0005A95A9F780959095BC01CD01089597FB05
:10790000072E16F4009407D077FD09D00F946BBCB6
:1079100007FC05D03EF4909581959F4F0895709592
:1079200061957F4F0895052E97FB1EF400940F94E8
:10793000AABC57FD07D00F9415BC07FC03D04EF42A
:107940000D94AABC50954095309521953F4F4F4FCF
:107950005F4F089590958095709561957F4F8F4FFB
:107960009F4F0895EE0FFF1F881F8BBF0790F69162
:10797000E02D19940F9442BC332312F48A1B9B0B05
:107980000D94C4BC0F9442BCB7FF0895821B930BA7
:1079900008955058BB27AA270F94E1BC0D94F3B665
:1079A0000F94E5B638F00F94ECB620F039F49F3F11
:1079B00019F426F40D94E2B60EF4E095E7FB0D946D
:1079C000DCB6E92F0F9404B758F3BA1762077307B0
:1079D0008407950720F079F4A6F50D9426B70EF4E8
:1079E000E0950B2EBA2FA02D0B01B90190010C01CF
:1079F000CA01A0011124FF27591B99F0593F50F4E7
:107A0000503E68F11A16F040A22F232F342F44273E
:107A1000585FF3CF469537952795A795F040539536
:107A2000C9F77EF41F16BA0B620B730B840BBAF006
:107A30009150A1F0FF0FBB1F661F771F881FC2F771
:107A40000EC0BA0F621F731F841F48F48795779585
:107A50006795B795F7959E3F08F0B0CF9395880F3F
:107A600008F09927EE0F9795879508950F94E5B63E
:107A700060F080E891E009F49EEF0F94ECB628F0F6
:107A800040E851E071F45EEF0CC00D94E2B60D9445
:107A900026B7E92FE0780F9404B740F3092E052AA2
:107AA000B1F3261737074807590738F00E2E07F8A5
:107AB000E02569F0E025E0640AC0EF6307F8009470
:107AC00007FADB01B9019D01DC01CA01AD01EF93A9
:107AD0000F94E0BD0F94F3B60F9479BD5F915523D9
:107AE00039F02BED3FE049E450FD49EC0D94CABC60
:107AF0000895DF93DD27B92FBF7740E85FE31616BF
:107B0000170648075B0718F4D92F0F94C5BF9F933A
:107B10008F937F936F930F946BB6E4EEF0E00F9426
:107B2000D5BE0F94F3B62F913F914F915F910F9473
:107B300082B6DD2351F09058A2EA2AED3FE049ECED
:107B40005FE3D0785D270F94E1BCDF910D94F3B62D
:107B50000F943BBF90F09F3748F4911116F40D94A9
:107B600027B760E070E080E89FE3089526F01B16D9
:107B7000611D711D811D0D94ACBE0D94C7BE0F9487
:107B800088BE08F481E008950F94FEBEE3950D943D
:107B900027BF0F94DDBD0D94F3B60F94ECB658F0EB
:107BA0000F94E5B640F029F45F3F29F00D94DCB660
:107BB00051110D9427B70D94E2B60F9404B768F3F2
:107BC0009923B1F3552391F3951B550BBB27AA2796
:107BD00062177307840738F09F5F5F4F220F331FD0
:107BE000441FAA1FA9F335D00E2E3AF0E0E832D098
:107BF00091505040E695001CCAF72BD0FE2F29D09B
:107C0000660F771F881FBB1F261737074807AB076C
:107C1000B0E809F0BB0B802DBF01FF2793585F4FE1
:107C20003AF09E3F510578F00D94DCB60D9427B7DD
:107C30005F3FE4F3983ED4F3869577956795B795C3
:107C4000F7959F5FC9F7880F911D9695879597F9CE
:107C50000895E1E0660F771F881FBB1F6217730747
:107C60008407BA0720F0621B730B840BBA0BEE1F5C
:107C700088F7E09508950F9442BE6894B1110D9471
:107C800027B708950F940CB788F09F5798F0B92F35
:107C90009927B751B0F0E1F0660F771F881F991F41
:107CA0001AF0BA95C9F714C0B13091F00F9426B705
:107CB000B1E008950D9426B7672F782F8827B85F15
:107CC00039F0B93FCCF3869577956795B395D9F799
:107CD0003EF490958095709561957F4F8F4F9F4FA3
:107CE00008950F943BBF90F09F3748F4911116F020
:107CF0000D9427B760E070E080E89FEB089526F4CC
:107D00001B16611D711D811D0D94ACBE0D94C7BE67
:107D1000990F0008550FAA0BE0E8FEEF161617069C
:107D2000E807F907C0F012161306E407F50798F004
:107D3000621B730B840B950B39F40A2661F0232B1D
:107D4000242B252B21F408950A2609F4A140A69599
:107D50008FEF811D811D0895882371F4772321F011
:107D60009850872B762F07C0662311F499270DC0F2
:107D70009051862B70E060E02AF09A95660F771F8D
:107D8000881FDAF7880F9695879597F908959F3F92
:107D900031F0915020F4879577956795B795880FC6
:107DA000911D9695879597F90895DF93CF931F932B
:107DB0000F93FF92EF92DF927B018C01689406C0D3
:107DC000DA2EEF010F9482B6FE01E894A591259179
:107DD000359145915591A6F3EF010F94E1BCFE0159
:107DE0009701A801DA9469F7DF90EF90FF900F9167
:107DF0001F91CF91DF9108950D94E2B60F940CB7C7
:107E0000D8F3E894E0E0BB279F57F0F02AED3FE07D
:107E100049EC06C0EE0FBB0F661F771F881F28F0C6
:107E2000B23A62077307840728F0B25A620B730BE9
:107E3000840BE3959A9572F7803830F49A95BB0FCE
:107E4000661F771F881FD2F790480D94C9BEEF9325
:107E5000E0FF07C0A2EA2AED3FE049EC5FEB0F9498
:107E6000E1BC0F94F3B60F90039401FC9058E1E14C
:107E7000F1E00D941EC10F940CB7A0F0BEE7B91746
:107E800088F4BB279F3860F41616B11D672F782F32
:107E90008827985FF7CF869577956795B11D93955D
:107EA0009639C8F308950F9488BE08F48FEF0895AB
:107EB0000F94E5B629F00F94ECB611F00D94E2B6EC
:107EC0000D94DCB6B901CA010D94C7BE9F775F77E8
:107ED0000F9404B768F39923A9F35523A9F3FF2757
:107EE000951758F4E52FE91BED3060F75E3B10F075
:107EF000F1E41CC09034E0F40AC0E92FE51BED303A
:107F000018F79E3B10F0F1E411C0503488F4F9EA00
:107F100088232AF09A95660F771F881FDAF7442383
:107F20002AF05A95220F331F441FDAF79F1B5F1B5D
:107F3000FF931F930F93FF92EF9279018A01BB2762
:107F4000AB2F9B01AC010F9485B69701A801BF939D
:107F50007B018C01AA27BA2FB901CA010F9485B6FB
:107F6000AF919701A801EF90FF900F911F910F948F
:107F7000E1BC0F94F3B60F9498C04F9140FF089561
:107F8000552747FD50950D94D1BF9B01AC0160E092
:107F900070E080E89FE30D94C9BD0D94DCB60D94AC
:107FA000C7BE0F940CB7D8F39923C9F3940F511D92
:107FB000A3F39150504094F059F0882332F0660FAB
:107FC000771F881F91505040C1F79E3F51052CF7F5
:107FD000880F911D9695879597F908955F3FACF0AE
:107FE000983E9CF0BB27869577956795B79508F4E2
:107FF000B1609395C1F7BB0F58F711F460FFE8CF5C
:108000006F5F7F4F8F4F9F4FE3CF0D9427B70F9434
:108010000CB758F19E5760F19851A0F0E9F09830F4
:1080200020F5092E9927660F771F881F991F0A943C
:10803000D1F712C0062E672F782F8827985F11F48A
:10804000000C07C0993FB4F3869577956795939593
:10805000D9F7611D711D811D3EF490958095709535
:1080600061957F4F8F4F9F4F089568940D9427B768
:108070000D9426B7FA01EE0FFF1F3096210531054A
:10808000A1F16115710561F48038BFE39B0749F1E7
:1080900068949038810561F08038BFEF9B0741F00C
:1080A00099234AF5FF3FE1053105210519F1E894CF
:1080B0000894E795D901AA2329F4AB2FBE2FF85FC6
:1080C000D0F310C0FF5F70F4A695E0F7F73950F0D9
:1080D00019F0FF3A38F49F779F930DD00F9007FC6B
:1080E0009058089546F00D94E2B660E070E080E8A4
:1080F0009FE308954FE79F775F934F933F932F93AD
:108100000F943AC12F913F914F915F910F946FB6A9
:108110000D94E5C09F930F94FEBE0F9007FCEE5F99
:108120000D9427BF19F416F40D94E2B60D94C7BE52
:108130000F940CB7B8F39923C9F3B6F39F57550BB7
:1081400087FF0F9417C10024A0E640EA90018058F1
:108150005695979528F4805C660F771F881F20F04E
:1081600026173707480730F4621B730B840B20294E
:1081700031294A2BA69517940794202531254A27A3
:1081800058F7660F771F881F20F026173707480714
:1081900030F4620B730B840B200D311D411DA09533
:1081A00081F7B901842F9158880F96958795089586
:1081B0000F9488BE880B990B089529F416F00D943E
:1081C000DCB60D9426B70D94E2B60F940CB7A8F365
:1081D0009638A0F707F80F92E8942BE33AEA48EBB9
:1081E0005FE70F9485B60F920F920F924DB75EB76F
:1081F0000F920F9482C1EFE2F1E00F94D5BE4F9140
:108200005F91EF91FF91E595EE1FFF1F49F0FE573B
:10821000E0684427EE0F441FFA95E1F74195550BAE
:108220000F94D1BF0F9007FE0D94C5BF08959150D4
:108230005040660F771F881FD2F708959F938F9342
:108240007F936F93FF93EF939B01AC010F946FB6F5
:10825000EF91FF910F94D5BE2F913F914F915F9178
:108260000D946FB616F00D94C7BE0D94E2B66894E7
:108270000D94DCB60F940CB7A8F39923C1F3AEF3B9
:10828000DF93CF931F930F93FF92C92FDD2788238E
:108290002AF02197660F771F881FDAF720E030E079
:1082A00040E85FEB9FE3883920F0803E38F021966C
:1082B0008F770F94CABCE7E5F1E004C00F94CABC05
:1082C000E4E8F1E00F94D5BE8B01BE01EC01FB2E7A
:1082D0006F5771097595771F880B990B0F9430B6FE
:1082E00028E132E741E35FE30F9482B6AF2D9801B6
:1082F000AE01FF900F911F91CF91DF910F94E1BCE0
:108300000D94F3B6FA01DC01AA0FBB1F9B01AC016F
:10831000BF5728F4222733274427507820C0B7516D
:1083200090F4AB2F0024469537952795011CA39513
:10833000D2F3002071F0220F331F441FB395DAF3FC
:108340000ED00D94C9BC61307105A0E88A07B9460A
:1083500030F49B01AC016627772788279078309608
:1083600021F020833183428353830895911108952E
:1083700081548A5108F4805E855A0895FB01DC011E
:1083800004C08D910190801921F441505040C8F7EC
:10839000881B990B0895FB01DC0102C001900D922E
:1083A00041505040D8F70895DC0101C06D93415011
:1083B0005040E0F70895FB01DC018D9181341CF001
:1083C0008B350CF4805E619161341CF06B350CF4DC
:1083D000605E861B611189F3990B0895FB01DC0136
:1083E0000D900020E9F7119701900D920020E1F720
:1083F0000895FC018191861721F08823D9F79927E8
:1084000008953197CF010895FB01DC018D91019012
:1084100080190110D9F3990B0895FB01DC0101903B
:108420000D920020E1F70895FB01DC01415050401E
:1084300030F08D910190801919F40020B9F7881B54
:10844000990B0895FB01DC014150504048F0019028
:108450000D920020C9F701C01D9241505040E0F735
:1084600008950F931F93CF93DF93E0911E18F0911F
:108470001F182381EC0110E000E021FD08C00FEF80
:108480001FEF14C01995892B11F00FEF1FEF899181
:1084900060911E1870911F18DB011896ED91FC91E8
:1084A0008111F0CF8AE01995892B49F7C801DF9136
:1084B000CF911F910F9108951BE3C3ECDBE300E024
:1084C00006C0802FFE010F94B2BC2196011DC43C52
:0C84D000D10780E00807A9F7F894FFCF5F
:1084DC00303132333435363738392E200A4758008C
:1084EC00FFFFFFFFFF00007F43008054430000525A
:1084FC004300000000000080C09A99193E640002FD
:10850C0040771B0060EA0000016400FF01010100DC
:10851C0000484200003E430000A041D2000A000186
:10852C00FF3FFF3FFF3FFF3F303030300101101065
:10853C00011414001111011E1E0102AF00010101F2
:10854C00018D3E00059F3E00050101D310D310D3D1
:10855C0010D310FFFFFFFFFFFFFFFFFFFF0801021B
:10856C00010080BB4464000197068706000080BFB1
:10857C00000000000000000000000000000080BFB0
:10858C000000000000000000000000000000803F20
:10859C0001010101FFFFFF7F7F777B777F7F0080E9
:1085AC003B4500803B450000484400000000585902
:1085BC005A455072757361204D4B33532B524846BC
:1085CC003630000D0A00580059005A0000C02845EA
:1085DC0000C0284500007A440000C842F527B227A5
:1085EC007127E6020600EB020600C8040600F00440
:0C85FC000600030304032F00010001002F
:00000001FF
