:100000000C94BC3B0C94ED3B0C94ED3B0C94ED3B01
:100010000C94ED3B0D94CB980C94ED3B0C94445810
:100020000C9461580C94ED3B0C94ED3B0C94ED3B1F
:100030000C949C4C0C94ED3B0D941C270D94A42027
:100040000C94ED3B0D9425380C94ED3B0C94ED3B5A
:100050000C94ED3B0C94ED3B0C94ED3B0C944B5706
:100060000C94ED3B0D9403B50C94ED3B0C94ED3BDF
:100070000C94ED3B0C9497760C94ED3B0C94ED3B7B
:100080000C94ED3B0C94ED3B0C94ED3B0C94ED3B50
:100090000D94BFB40C94ED3B0C94ED3B0C94ED3BF4
:1000A0000C94ED3B0C94ED3B0D9462160C94ED3BDF
:1000B0000C94ED3B0D9444160C94ED3B0D94662C82
:1000C0000C94ED3B0C94ED3B0C94ED3B0D9404161D
:1000D0000C94ED3B0C94ED3B0C94ED3B0C94ED3B00
:1000E0000C94ED3B084AD73B3BCE016E84BCBFFD70
:1000F000C12F3D6C74319ABD56833DDA3D00C77FF8
:1001000011BED9E4BB4C3E916BAAAABE0000008090
:100110003F05A84CCDB2D44EB93836A9020C50B91F
:10012000918688083CA6AAAA2ABE000000803F0744
:10013000634236B79BD8A71A39685618AEBAAB5582
:100140008C1D3CB7CC5763BD6DEDFD753EF6177247
:1001500031BF000000803F08000000BE9224491219
:100160003EABAAAA2ABECDCCCC4C3E00000080BE3D
:10017000ABAAAAAA3E00000000BF000000803F001A
:1001800000000000084178D3BB4387D1133D190E0E
:100190003CC3BD4282AD2B3E68EC8276BED98FE176
:1001A000A93E4C80EFFFBE01C4FF7F3F000000006E
:1001B00000000C9418B30D9486090C948F570D947D
:1001C00061440C94BC570D947C1F0C94A7FB0C94B9
:1001D000A5BB0C94A5B00C948EB00D94760E0C9427
:1001E000CEED0D949A050C94B3B00C949DEA0C944A
:1001F00093EE0C94ABBB0D94451A0D94C5130D945E
:1002000009140D94BB130C9477B30C949AEA0C94D4
:1002100080B00D948E090D94C6430C94BDF70C94D8
:1002200086B50D946E7C0C9497EA0C9435C40D94AD
:10023000640B0C9468C40C948AB00C947AC40C942B
:10024000CFF70C9421B60C948BF10D94C3430C940E
:1002500058B30C94A7C40D94AB0B0D94CD130D940F
:100260006C100C9479B10D949F090D94AB1D0C94F6
:1002700072B50C949FB00C94F8B70D947E040D9455
:10028000D21F0D9464440D948F040D9430140C947B
:1002900065BC0D9464760C948EEA0D942D080D9433
:1002A00029100D9421330C9452CB0C9442C40D941C
:1002B000427C0D9435050C949BB00D94737C0C948A
:1002C000B3570C94BBB00C944FBA0C946A570C946F
:1002D000F2F10D949C050D9405200D94A00D0D9444
:1002E00047760D9458130D94D0430C944A5B0D94AB
:1002F000E9330D94B3080D94CF0A0C943DBC0C94D3
:100300006DB50D9495130D94D5070D945A050C9465
:1003100048410D94BD040D94011B0C94BBC40C9476
:10032000F9B40C9486B00C9470C40C945DB00C9429
:10033000C0B00C942BBC0C949DB50C948BB50D9453
:10034000BF440D946E140D94BE490C947CB50C946E
:10035000DAB70D945E7C0C9432CB0D94EC750C9452
:10036000BDBB0C94ADB00C9484C40C9460C40C94CC
:1003700019F80C9477B50C94B4BB0C9481B50C941B
:1003800072FF0D9471050C9459BA0C9484570D9416
:10039000AF440D9467760D94290D0C945BB70C94C3
:1003A0003DC40C947BF20C94C1B00D945D040D948B
:1003B00066050C9473B10D9453040C94C9B00C945D
:1003C0009E490C9484BA0C94CBFE0D9449040C9471
:1003D000A0EA0C94F6F20D9439050C94B5EA0C944D
:1003E000625A0C94E8BA0C942BFE0D9458140D9498
:1003F0003FAE0C94BAF30D94EE0D0D943DAC0C94FD
:1004000094B50C94B7B00C9490B50C948AFF0D94ED
:1004100072490C945EB10C949DFE0D946B080D9482
:1004200029040D9473100C949D570C94F6F10C94C0
:10043000F1570D946F440C9434570D94C7440D94A8
:100440005E100C949DC40D94A5060D944E050C945D
:1004500033B40D947E140C9456C40D94101D0C945A
:10046000B4F40D9467440C9436EA0D94CD430C9487
:10047000FAF20C9454BC0D942D200D943B0D0D9468
:1004800086430C94FEF20C94BEEA0D947D060D9406
:1004900093050D9465100D9400440C9495B00D9443
:1004A00008090C94C5B00D9415070C943FEA0C9400
:1004B000A7B90C9431BC0D9433040D944F090C94DE
:1004C00051EA0D9415150D94A64F0C94CDB00C94D3
:1004D000AFB30D947F440C94FAF80D948F1F0D94D4
:1004E000320D0C9474BB0C94B9B40D94FC7B0D9438
:1004F00087440C9421F00D94CE150C948EC40D9469
:100500006A760C94A8BB0C94B2EA0D942D440D9419
:1005100014200D94C3070C94B1BB0D9449060C94A0
:100520001BF00D9457100D9477440C9437BC0D9428
:10053000FF130D941F040D942A440C94B1C40C9421
:1005400002F30C944CC40D94B7440D9415040D940F
:10055000657C0C9418F30D949F440C94AEBB0C94E2
:1005600049BC0C9464B30C9463BC0D949E430D94ED
:10057000617C0D946E230C94A9EA0D9430440C9484
:1005800092B00D943A140C94A9B00D9467040D9494
:1005900006080C94F0F20D94E51B0D9436140C949F
:1005A00098B30D94D9030C94CFC40D94A7440D9423
:1005B0008F440C94C5C40D9421140D94A2140C9472
:1005C000DF570C9496FB0D9405760C9489B30D942B
:1005D00097440D943D040C94F8BA0D945E440D9428
:1005E000E3370C9429C90D945E0B0C94A4B30D94BD
:1005F000690B0D9446106E616E00696E66000040D6
:100600007A10F35A00A0724E18090010A5D4E80021
:1006100000E87648170000E40B54020000CA9A3B39
:10062000000000E1F50500008096980000004042BF
:100630000F000000A086010000001027000000004D
:10064000E803000000006400000000000A00000051
:1006500000000100000000002C76D888DC674F08FD
:1006600023DFC1DFAE59E1B1B796E5E3E453C63A03
:10067000E651997696E8E6C28426EB898C9B62ED7A
:10068000407C6FFCEFBC9C9F40F2BAA56FA5F49034
:10069000055A2AF75C936B6CF9676DC11BFCE0E4AB
:1006A0000D47FEF520E6B500D0ED902E0300943501
:1006B00077050080841E080000204E0A000000C854
:1006C0000C333333330F986E12831141EF8D2114A5
:1006D000893BE65516CFFEE6DB18D1844B381BF775
:1006E0007C1D901DA4BBE424203284725E22810014
:1006F000C9F124ECA1E53D272200656E717565699D
:100700006E67202200446F6E65207072696E746996
:100710006E672066696C65004E6F204C696E6520BF
:100720004E756D62657220776974682063686563D1
:100730006B73756D2C204C617374204C696E653A37
:1007400020004E6F20436865636B73756D20776979
:100750007468206C696E65206E756D6265722C2000
:100760004C617374204C696E653A20006368656360
:100770006B73756D206D69736D617463682C204CAB
:10078000617374204C696E653A20004C696E652077
:100790004E756D626572206973206E6F74204C61B6
:1007A0007374204C696E65204E756D6265722B31D5
:1007B0002C204C617374204C696E653A2000256CC6
:1007C00075206279746573207772697474656E2020
:1007D000746F2025532061742061646472657373A3
:1007E0002030782530346C780A00442564202D2090
:1007F000526561642F57726974652025530A002081
:10080000436F756E7420583A200045303A256420B5
:1008100052504D2050524E313A25642052504D20B6
:100820004530403A25752050524E31403A25750AE0
:1008300000526573656E640025533A20256C640A86
:1008400025530A002F2F616374696F6E3A6E6F74BF
:10085000696669636174696F6E2025530A00466991
:100860006C616D656E742072756E6F757420646551
:1008700074656374656421005072696E74657220DA
:1008800073746F707065642064756520746F206583
:1008900072726F72732E2053757065727669736908
:1008A0006F6E2072657175697265642E0064756D76
:1008B0007020636C65617265640A006E6F206475F8
:1008C0006D7020617661696C61626C650A0044320A
:1008D00031202D2072656164206372617368206429
:1008E000756D700A006E6F2064756D7020617661A1
:1008F000696C61626C650A0064756D7020636F6D70
:10090000706C6574656420696E20256C756D730A62
:100910000058464C41534800454550524F4D0053F6
:1009200052414D00442D31202D20456E646C65737D
:1009300073206C6F6F700A0041637469766520459F
:10094000787472756465723A203000496E76616C15
:10095000696420657874727564657200746D6332C1
:100960003133305F7072696E745F63757272656E79
:10097000747328290A094809520A58092564092567
:10098000640A590925640925640A5A092564092558
:10099000640A450925640925640A005344207072DD
:1009A000696E74696E672062797465200025750030
:1009B000556E6B6E6F776E20636F6D6D616E643A0E
:1009C0002022004D32303020496E76616C696420FF
:1009D000657874727564657220007A5F6D61783A2B
:1009E00020007A5F6D696E3A2000795F6D61783A18
:1009F0002000795F6D696E3A2000785F6D61783A0A
:100A00002000545249474745524544006F70656E77
:100A100000785F6D696E3A20005265706F7274697C
:100A20006E6720656E6473746F7020737461747583
:100A300073004D3131322063616C6C65642E20454A
:100A40006D657267656E63792053746F702E002F29
:100A50002F616374696F6E3A75766C6F5F72656350
:100A60006F766572795F7265616479002F2F6163BB
:100A700074696F6E3A75766C6F5F6175746F5F72D3
:100A800065636F766572795F726561647900534959
:100A90004C454E54004E4F524D414C002553204D75
:100AA0004F44453A2050657263656E7420646F6EE2
:100AB000653A20256868643B207072696E74207402
:100AC000696D652072656D61696E696E6720696E1A
:100AD000206D696E733A2025643B204368616E6720
:100AE0006520696E206D696E733A2025640A005096
:100AF00072696E74657253746174653A2025640A74
:100B000000456E642066696C65206C6973740042F0
:100B10006567696E2066696C65206C697374005541
:100B20006E6B6E6F776E20256320636F64653A206D
:100B300025730A000A50494E44412074656D706562
:100B40007261747572653A20252E3166205A2073C1
:100B50006869667420286D6D293A20252E33660059
:100B60000A537465703A2025642F360A000A5374BC
:100B700065703A2025642F362028736B6970706584
:100B800064290A50494E44412074656D7065726154
:100B9000747572653A202564205A207368696674FA
:100BA00020286D6D293A300A000A5A45524F3A20E2
:100BB000252E33660A0073746172742074656D703B
:100BC000657261747572653A20252E31660A0025BA
:100BD000642020252E326600255320583A20252EE9
:100BE000356620593A20252E3566205A3A20252E82
:100BF00035660A00536C6565702E2E2E0045303A1E
:100C000025642052504D0A50524E303A25642052ED
:100C1000504D0A00002045535000204E53500020F4
:100C20004F464600204F4E005056303100205B4D5D
:100C3000505D2000256920686F757273202569203A
:100C40006D696E757465730052582074696D656FB7
:100C50007574004D333130004D313132004D31313A
:100C6000300046756C6C205258204275666665727D
:100C70000053657474696E67732053746F72656492
:100C800000544D3A2073746F7265642063616C691F
:100C900062726174696F6E20696E76616C69642C32
:100CA00020726573657474696E670053746F726542
:100CB000642073657474696E6773207265747269F9
:100CC000657665640048617264636F64656420449E
:100CD000656661756C742053657474696E67732002
:100CE0004C6F6164656400563200000000C8420029
:100CF00000C8420000C84300008C43000048430085
:100D0000004843000040410000F042E8030000E8D2
:100D1000030000C80000008813000000409C44004D
:100D2000409C440000000000000000204E00000035
:100D300000204100002041CDCCCC3E00009040007E
:100D40000000000000000000000000CDCCCC3E0000
:100D500000C8419C53493F80F946438F42FC42E61C
:100D60005A343F4C62B04500000000004040000093
:100D700034420000000000000000000000410000BC
:100D800000E03F0000C8420000C8420000404100AF
:100D900000F042C0030000C0030000C8000000884B
:100DA0001300001010102000409C440000803F0001
:100DB00000003F1914000000437573746F6D004EFE
:100DC000796C6F6E504100536174696E202000543D
:100DD000657874757200536D6F6F746800486F7436
:100DE000656E642066616E2073706565642069734A
:100DF000206C6F776572207468616E20657870650D
:100E000063746564005072696E742066616E20734D
:100E100070656564206973206C6F776572207468F3
:100E2000616E20657870656374656400312E3000F2
:100E3000312E3500554E4B4E4F574E004C41313000
:100E4000433A204C696E65617220416476616E633D
:100E500065206D6F64653A20004C413130433A2083
:100E600041646A757374656420452D4A65726B3AF6
:100E700020003E0FA8AF00480069960000DF602503
:100E8000555887680427F2E0005E3403CC1960F3FC
:100E90003C0EF88F00DB08029492003E1C079A87F4
:100EA00000E524008528527E06001BE4007E7812AF
:100EB00070787061F812788F88417842707870612C
:100EC000782570787061F850788F88D1F0252707E1
:100ED0008761F025278F88412C0D27AA50D1BC07A8
:100EE00007871161BE788F881141785270787061E0
:100EF000F852788F88412012788870632052788861
:100F000070634852788887430311179970641812E8
:100F100078F870654412F8F8F045184278F8706572
:100F2000182578F87065185278F87065185078F8B8
:100F300070650C078F872365A20F8F8F11450012F4
:100F400006227069001207222749002506227069CF
:100F500000250722274900120622276C026236A2CA
:100F6000706C40456C44704C03622222706C438864
:100F70008888F04C7812BC88806E7852BC88806E6D
:100F800038127888706F78127888874F384278885E
:100F9000706F38257888706F3A0079AC786F3D07AC
:100FA0009AAC786F7850788887EF39497888706F75
:100FB0000852BC8880729852F88F9852201278702C
:100FC000F07348127863875320527870F073485258
:100FD000786387531007870F24731278638724532D
:100FE00060699A988BE22304E4443074104E4443C1
:100FF00024747C12888960753C50888870557825E7
:10100000288960757949088960753C128870707903
:101010000C12885222594412F124F07A4452F124DD
:10102000F07A8C52F0368F5A4420F124F07A004046
:101030001454CDCCCC3D0AD7233C17B7D13877CC4C
:101040002B329595E6241FB14F0A00002041000085
:10105000C84200401C4620BCBE4CCA1B0E5AAEC53E
:101060009D744E414E494E464372617368206465DB
:101070007465637465642E00536F6D652070726FC4
:10108000626C656D20656E636F756E746572656404
:101090002C205A2D6C6576656C696E6720656E66CE
:1010A0006F72636564202E2E2E004D65736820627A
:1010B0006564206C6576656C696E67206661696C35
:1010C00065642E205072696E742063616E63656C76
:1010D00065642E0048656174696E67206469736198
:1010E000626C65642062792073616665747920742E
:1010F000696D65722E0053544F505045442E005078
:10110000415553454420544845524D414C20455289
:10111000524F5200472D636F646520736C6963659D
:101120006420666F72206120646966666572656E10
:1011300074206C6576656C2E20506C65617365203B
:1011400072652D736C69636520746865206D6F64CA
:10115000656C20616761696E2E205072696E742023
:1011600063616E63656C6C65642E00472D636F640C
:101170006520736C6963656420666F72206120640A
:101180006966666572656E74206C6576656C2E2086
:10119000436F6E74696E75653F00472D636F6465BC
:1011A00020736C6963656420666F722061206E65D0
:1011B000776572206669726D776172652E20506C5A
:1011C000656173652075706461746520746865205D
:1011D0006669726D776172652E205072696E742037
:1011E00063616E63656C6C65642E00472D636F648C
:1011F0006520736C6963656420666F722061206E80
:1012000065776572206669726D776172652E20431D
:101210006F6E74696E75653F00472D636F6465205E
:10122000736C6963656420666F722061206469660F
:10123000666572656E74207072696E746572207472
:101240007970652E20506C656173652072652D7311
:101250006C69636520746865206D6F64656C2061DE
:101260006761696E2E205072696E742063616E63CF
:10127000656C6C65642E00472D636F646520736C2C
:101280006963656420666F722061206469666665C3
:1012900072656E74207072696E74657220747970F4
:1012A000652E20436F6E74696E75653F00507265E0
:1012B000737320746865206B6E6F6220746F20708A
:1012C000726568656174206E6F7A7A6C6520616EF4
:1012D0006420636F6E74696E75652E00506C656175
:1012E000736520707265737320746865206B6E6F10
:1012F0006220746F20756E6C6F61642066696C612A
:101300006D656E7400616E64207072657373207415
:101310006865206B6E6F6200496E7365727420663B
:10132000696C616D656E7400436F6C6F72206E6FD7
:101330007420636F72726563740046696C616D65D9
:101340006E74206E6F74206C6F6164656400436816
:10135000616E67656420636F72726563746C790097
:101360004C6F6164696E6720636F6C6F72004368D5
:10137000616E676520737563636573732100506CDC
:1013800065617365206F70656E2069646C6572209D
:10139000616E642072656D6F76652066696C616D43
:1013A000656E74206D616E75616C6C792E0057618D
:1013B000732066696C616D656E7420756E6C6F610B
:1013C00064207375636365737366756C3F00506C5E
:1013D0006561736520757067726164652E004E6586
:1013E00077206669726D77617265207665727369C0
:1013F0006F6E20617661696C61626C653A0057615D
:101400006974696E6720666F722050494E444120AE
:1014100070726F626520636F6F6C696E6700506CED
:10142000656173652077616974004E6F206D6F761A
:10143000652E005761697420666F7220757365723E
:101440002E2E2E00537461626C6520616D62696599
:101450006E742074656D706572617475726520328A
:10146000312D323643206973206E656564656420D2
:1014700061207269676964207374616E64206973A6
:101480002072657175697265642E00506C656173B8
:10149000652072756E2058595A2063616C696272BA
:1014A0006174696F6E2066697273742E0062757361
:1014B000793A2070617573656420666F7220696E79
:1014C00070757400627573793A2070617573656424
:1014D00020666F72207573657200627573793A20A9
:1014E00070726F63657373696E670000007F4300FD
:1014F0008054430000524300000000000080C09A66
:1015000099193E00000000000080C09A99193E0021
:1015100000A0400000A0400000004025336420737C
:101520007465703D253264206D73636E743D25349F
:10153000640A0000007F43008058439AD95143FF5A
:10154000FFFF20413A0020503A002042403A00205C
:10155000403A00202F002054303A00202F00204233
:101560003A00202F00543A00255345786365737381
:1015700069766520626564206C6576656C696E6766
:1015800020636F7272656374696F6E3A20256920FB
:101590006D6963726F6E730A00426564206C6576D4
:1015A000656C696E67206661696C65642E20546F96
:1015B0006F206D75636820766172696174696F6E02
:1015C0002066726F6D20656570726F6D206D65733A
:1015D0006800426564206C6576656C696E6720669C
:1015E00061696C65642E2053656E736F722074722E
:1015F0006967676572656420746F6F20736F6F6EC3
:10160000002020004D6561737572656420706F69FC
:101610006E74733A005A207365617263682068655E
:10162000696768743A20352E3066004E756D205813
:101630002C593A20372C37004D6573682062656459
:10164000206C6576656C696E67206E6F74206163CF
:10165000746976652E0020453A00205A3A002059D8
:101660003A0020453A00205A3A0020593A00583AA8
:1016700000202D3E200053706F6F6C4A6F696E3AE8
:1016800020002C20006673656E736F722076302EFA
:101690003420696E206661756C742072616E6765B6
:1016A00020342E362D3556202D20756E636F6E6ECC
:1016B0006563746564006673656E736F7220696E2E
:1016C00020666F7262696464656E2072616E676520
:1016D00020312E352D3356202D20636865636B2015
:1016E00073656E736F7200496E61637469766974B5
:1016F000792053687574646F776E004B494C4C4584
:10170000442E005072696E7465722068616C746555
:10171000642E206B696C6C28292063616C6C656495
:1017200021005A206C6976652061646A75737420A3
:101730006F7574206F662072616E67652E20536529
:101740007474696E6720746F20302E20436C696357
:101750006B20746F20636F6E74696E75652E005A0E
:10176000206C6976652061646A757374206F757486
:10177000206F662072616E67652E205365747469F0
:101780006E6720746F20300020453A3020423A00C6
:10179000543A004731205A252D2E33662046252DF8
:1017A0002E336600496E76616C6964205420636F45
:1017B00064652E004475706C696361746520542DF6
:1017C000636F64652069676E6F7265642E004164A3
:1017D00076616E6365204B3D004B206F7574206F02
:1017E0006620616C6C6F7765642072616E6765213D
:1017F000004D4B3353004D4B33534D4D5533005E2D
:10180000762E012533642F253364002533640020B0
:101810000A200A200A200025534172632053657470
:1018200074696E67733A20503A4D6178206C656E2A
:10183000677468286D6D2920533A4D696E206C6578
:101840006E67746820286D6D29204E3A436F72725E
:10185000656374696F6E7320523A4D696E207365CB
:10186000676D656E747320463A5365676D656E7477
:10187000732F7365632E0A255320204D3231342097
:1018800050252E32662053252E3266204E256420A8
:10189000522564204625640A00255346696C616D13
:1018A000656E742073657474696E67733A20446959
:1018B0007361626C65640A00255346696C616D65ED
:1018C0006E742073657474696E67733A0A255320C9
:1018D00020204D3230302044252E32660A00255318
:1018E000526574726163743A20533D4C656E67743F
:1018F0006820286D6D2920463A537065656420285C
:101900006D6D2F6D29205A3A205A4C696674202833
:101910006D6D290A25532020204D32303720532564
:101920002E32662046252E3266205A252E32660A31
:1019300025535265636F7665723A20533D4578743E
:101940007261206C656E67746820286D6D29204671
:101950003A537065656420286D6D2F6D290A2553F3
:101960002020204D3230382053252E326620462547
:101970002E32660A25534175746F2D52657472615B
:1019800063743A20533D3020746F20646973616240
:101990006C652C203120746F20696E7465727072D2
:1019A000657420657874727564652D6F6E6C79202E
:1019B0006D6F7665732061732072657472616374F4
:1019C00073206F72207265636F7665726965730A42
:1019D00025532020204D323039205325640A00251C
:1019E000535049442068656174626564207365746E
:1019F00074696E67733A0A25532020204D333034C2
:101A00002050252E32662049252E32662044252E70
:101A100032660A0025535049442073657474696E18
:101A200067733A0A25532020204D3330312050254A
:101A30002E32662049252E32662044252E32660A33
:101A400000255353746570732070657220756E693C
:101A5000743A0A255320204D39322058252E3266FB
:101A60002059252E3266205A252E32662045252EF5
:101A700032660A25535553746570207265736F6C16
:101A80007574696F6E3A200A2553204D3335302026
:101A900058256420592564205A2564204525640A68
:101AA00025534D6178696D756D2066656564726159
:101AB000746573202D206E6F726D616C20286D6DC2
:101AC0002F73293A0A255320204D323033205825D0
:101AD0002E32662059252E3266205A252E32662057
:101AE00045252E32660A25534D6178696D756D2046
:101AF000666565647261746573202D207374656119
:101B00006C746820286D6D2F73293A0A25532020A4
:101B10004D3230332058252E32662059252E32661C
:101B2000205A252E32662045252E32660A25534D31
:101B30006178696D756D20616363656C6572617450
:101B4000696F6E202D206E6F726D616C20286D6D37
:101B50002F7332293A0A255320204D323031205834
:101B6000256C752059256C75205A256C75204525E6
:101B70006C750A25534D6178696D756D20616363DD
:101B8000656C65726174696F6E202D207374656178
:101B90006C746820286D6D2F7332293A0A25532002
:101BA000204D3230312058256C752059256C752018
:101BB0005A256C752045256C750A2553416363656C
:101BC0006C65726174696F6E3A20503D7072696E17
:101BD000742C20523D726574726163742C20543DE4
:101BE00074726176656C0A255320204D32303420A2
:101BF00050252E32662052252E32662054252E3254
:101C0000660A2553416476616E636564207661726D
:101C10006961626C65733A20533D4D696E2066655B
:101C200065647261746520286D6D2F73292C2054B2
:101C30003D4D696E2074726176656C2066656564E1
:101C40007261746520286D6D2F73292C20423D6DC3
:101C5000696E696D756D207365676D656E7420744E
:101C6000696D6520287573292C20583D6D61786950
:101C70006D756D205859206A65726B20286D6D2F27
:101C800073292C20205A3D6D6178696D756D205A3D
:101C9000206A65726B20286D6D2F73292C202045DA
:101CA0003D6D6178696D756D2045206A65726B20A8
:101CB000286D6D2F73290A255320204D3230352091
:101CC00053252E32662054252E32662042256C750F
:101CD0002058252E32662059252E3266205A252E70
:101CE00032662045252E32660A2553486F6D6520E1
:101CF0006F666673657420286D6D293A0A25532036
:101D0000204D3230362058252E32662059252E326D
:101D100066205A252E32660A00544D3A20525B2521
:101D2000755D20657374696D6174652E00544D3A5C
:101D300020255320522025644300544D3A2025533A
:101D40002043206573742E00544D3A20636F6F6CEE
:101D500020646F776E203C25644300726566696E6F
:101D60006500696E697469616C00544D3A20636165
:101D70006C6962722E206661696C65642100544D45
:101D80003A2063616C6962726174696F6E2073746A
:101D900061727400544D3A2043616C2E204E4F54B2
:101DA0002049444C45004361703A25533A25630A63
:101DB0000050525553415F4D4D55320045585445E2
:101DC0004E4445445F4D3230004155544F524550CA
:101DD0004F52545F504F534954494F4E0041555450
:101DE0004F5245504F52545F46414E530041555457
:101DF0004F5245504F52545F54454D50000044657A
:101E00006C6574696F6E206661696C65642C204630
:101E1000696C653A200046696C652064656C657480
:101E200065643A004E6F74205344207072696E747A
:101E3000696E67005072696E742073617665640024
:101E40005344207072696E7420706175736564000C
:101E50002533642F253364004F4B00424144005228
:101E6000414D426F2046414E2000667600746878EE
:101E70000050524E0043524153485F43414E434548
:101E80004C0043524153485F5245434F5645520020
:101E900043524153485F5245434F56455200222812
:101EA00032290025533A2025530A002C204D393081
:101EB0003720452069676E6F726564006E6F20760B
:101EC000616C696420636F6D6D616E64007A657228
:101ED0006F72697A656400666163746F72792072EB
:101EE0006573746F72656400696E6465782C207424
:101EF000656D702C2075737465702C20756D0050A5
:101F0000494E44412063616C207374617475733A67
:101F10002000503A005761697420666F7220504962
:101F20004E4441207461726765742074656D7065FC
:101F30007261747572653A002041002050002042A1
:101F400000204C00205200205A00204E4F542049BF
:101F50004E495449414C495A45440053686565749B
:101F60002000205A2056414C5545204F5554204FB3
:101F7000462052414E474500496E76616C696420A7
:101F800073686565742049442E20416C6C6F7765D9
:101F9000643A20302E2E004155544F004C414E479C
:101FA0002053454C20464F524345440020643A009C
:101FB00020693A0020703A0020643A0020693A0013
:101FC00020703A00256925250A00256925250A0083
:101FD00022283129002F2F00002045585452554403
:101FE00045525F434F554E543A3100204D414348CE
:101FF000494E455F545950453A00312E3000206219
:1020000061736564206F6E204D61726C696E20464D
:1020100049524D574152455F55524C3A687474705D
:10202000733A2F2F6769746875622E636F6D2F7016
:102030007275736133642F50727573612D466972C6
:102040006D776172652050524F544F434F4C5F562D
:10205000455253494F4E3A00313635353266376274
:1020600064005F0038323530002B004649524D572E
:102070004152455F4E414D453A50727573612D4650
:1020800069726D7761726520004D313133205300E4
:102090006F6B200020636D2E00206D696E20005351
:1020A0005441545320006E2F61003F546F73686990
:1020B000626120466C6173684169722047657449AA
:1020C00050206661696C65640A00000125311D0CB1
:1020D0004024301C0B45232F1B0A17FF0406222B1C
:1020E0001A03363735382569206D696E2C2025692D
:1020F0002073656300496E76616C6964204D2063CE
:102100006F64653A2025730A0050494E444120709F
:10211000726F62652063616C6962726174696F6E6F
:10212000207374617274004E6F2050494E444120F8
:10213000746865726D6973746F7200736574006E94
:102140006F7A7A6C65004D424C004652004C7A0022
:102150004C616E6700315F37356D6D5F4D4B3353AA
:102160002D45494E53795F3130612D4533445245F9
:10217000564F0052657600332E31342E312D3832D1
:1021800035300046697200534E20696E76616C6985
:102190006400534E005245534554004D4D55524531
:1021A000530075766C6F0046414E0046414E5049D3
:1021B0004E545354005052555341005345545F43BD
:1021C000484F505F005345545F535445505F005390
:1021D00045545F574156455F00544D435F0043529D
:1021E0004153485F43414E43454C0043524153489D
:1021F0005F5245434F5645520043524153485F4456
:10220000455445435445440043524153485F0047B9
:102210003120583130205931383020463430303078
:10222000004731205A3130204631333030004D31B3
:102230003430205330004D3130342053300047319A
:1022400020452D302E303735204632313030004792
:1022500031204634303030004D323034205331306C
:102260003030004731205A35204637323030004771
:102270003120452D312E352046323130300047395E
:102280003000473120583520453420463130303039
:10229000004731205A302E3220463130303000474E
:1022A0003120583535204532352046313430300024
:1022B000473120592D32204631303030004731200F
:1022C000583234302045323520204632323030000A
:1022D0004731205A302E33204631303030004731DC
:1022E00020583535204538204632303030004731CF
:1022F00020583520453239204631383030004731BA
:1023000020583535204532392046313037330047A3
:10231000393220453000473238004D313039004DD8
:10232000313930004D3130370048426564206F6EDE
:10233000206C6F616400466C61736841697200547F
:102340006865726D616C204D6F64656C2063616CB3
:102350002E004572723A5052494E542046414E204A
:102360004552524F52004572723A484F54454E44BE
:102370002046414E204552524F52002F2F61637428
:10238000696F6E3A726573756D6564002F2F6163B6
:1023900074696F6E3A726573756D65002F2F616396
:1023A00074696F6E3A7265616479002F2F6163748E
:1023B000696F6E3A6E6F745F7265616479002F2F7A
:1023C000616374696F6E3A63616E63656C00417836
:1023D0006973206C656E67746820646966666572EF
:1023E000656E63653A252E33660A004D6561737527
:1023F0007265642061786973206C656E6774683AF1
:10240000252E33660A004F4B004C43442073746101
:10241000747573206368616E67656400534420635C
:102420006172642072656C65617365640046616BFE
:10243000652073657269616C206E756D62657200EE
:10244000452D636F6F6C206D6F646500414C544681
:10245000414E206465742E002F2F616374696F6E86
:102460003A7374617274004D3834004D3730320065
:102470004D3833004732382057004D353030004555
:10248000787465726E616C2053504920666C61737C
:10249000680A58464C415348206973206E6F742077
:1024A0007265732D0A706F6E64696E672E204C61C1
:1024B0006E67756167650A73776974636820756E06
:1024C000617661696C61626C652E0058464C4153BF
:1024D00048206E6F7420726573706F6E64696E67EA
:1024E0002E004657206372617368206465746563CB
:1024F0007465642120596F752063616E20636F6E6F
:1025000074696E7565207072696E74696E672E20CD
:102510004465627567206461746120617661696CED
:1025200061626C6520666F7220616E616C7973699F
:10253000732E20436F6E7461637420737570706FB7
:10254000727420746F207375626D69742064657491
:1025500061696C732E002F2F616374696F6E3A642A
:10256000756D705F617661696C61626C6500437264
:102570006173684465746563742044495341424CF7
:102580004544004372617368446574656374204513
:102590004E41424C45442100486F74656E6420668C
:1025A000616E20747970653A20002020506C616E55
:1025B0006E657242756666657242797465733A201B
:1025C000002046726565204D656D6F72793A200076
:1025D000207C20417574686F723A2000204C617332
:1025E0007420557064617465643A200020536F66EE
:1025F0007477617265205265736574002057617449
:102600006368646F67205265736574002042726F5F
:10261000776E206F7574205265736574002045785D
:102620007465726E616C20526573657400506F77CB
:1026300065725570006572726F7220777269746985
:102640006E6720746F2066696C6500446F6E65204C
:10265000736176696E672066696C652E006F6B002A
:1026600046696C616D656E74004D65617375726568
:102670006420736B6577733A2025662025660A000F
:1026800046697474696E67206661696C6564203D93
:102690003E2063616C6962726174696F6E2066616D
:1026A000696C65642E0A0043616C696272617469C9
:1026B0006F6E20737563636573732E0A00416C6CD3
:1026C00020342063616C6962726174696F6E20707E
:1026D0006F696E747320666F756E642E0A00312FF9
:1026E0003400312F3400312F39001000C90210019D
:1026F0002C014001220170011801B0010E01F0010E
:1027000004015002FA00B002F0003003E600D003EA
:10271000DC009004D2007005C800A006BE000008CE
:10272000B400B009AA00D00BA000600E96006011A2
:102730008C000015820020197800C01D6E00A022B8
:102740006400B0275A00902C500000314600E0345D
:102750003C0010383200903A2800603C1E00A03D3A
:102760001400803E0A00203F000058595A2063613F
:102770006C6962726174696F6E20616C6C20726941
:102780006768742E20536B65772077696C6C2062C4
:102790006520636F72726563746564206175746F20
:1027A0006D61746963616C6C792E0058595A2063AD
:1027B000616C6962726174696F6E20616C6C207209
:1027C000696768742E20582F5920617865732061DD
:1027D000726520736C696768746C7920736B6577B8
:1027E00065642E20476F6F64206A6F62210058591C
:1027F0005A2063616C6962726174696F6E206F6BDD
:102800002E20582F592061786573206172652070E1
:10281000657270656E646963756C61722E20436FBA
:102820006E67726174756C6174696F6E73210043B9
:102830006865636B7300416C706861626574005415
:10284000696D6500536F7274005344206361726454
:102850000052506920706F7274004C696E2E2063B4
:102860006F7272656374696F6E004E6F7A7A6C6511
:10287000206368616E676500485720536574757002
:10288000004C6F6164696E6720546573740044691D
:102890007361626C65207374657070657273004D4E
:1028A0006F766520617869730054656D706572613B
:1028B000747572650050494E44412063616C2E006E
:1028C00052657365742058595A2063616C6962724D
:1028D0002E005049442063616C6962726174696FB3
:1028E0006E00426564206C6576656C20636F727261
:1028F000656374004D65736820426564204C65769D
:10290000656C696E670043616C6962726174652011
:102910005A0043616C6962726174652058595A00AB
:1029200053656C66746573740042656C74207465DD
:1029300073740057697A617264004C6F616420415E
:102940006C6C00506C656173652070756C6C206FE9
:1029500075742066696C616D656E7420696D6D6556
:1029600064696174656C79005265736574005265C1
:102970006E616D65004669727374206C6179657271
:102980002063616C2E0053656C656374005374653D
:10299000656C2073686565747300537570706F7231
:1029A00074004661696C207374617473204D4D55D9
:1029B000004661696C2073746174730053746174B0
:1029C0006973746963730043616C696272617469ED
:1029D0006F6E004175746F4C6F61642066696C6145
:1029E0006D656E74004C6F61642066696C616D6525
:1029F0006E7400556E6C6F61642066696C616D6504
:102A00006E74004C6F616420746F206E6F7A7A6C04
:102A100065005072656C6F616420746F204D4D5578
:102A2000004E6F7A7A6C6520642E004E6F205344FE
:102A30002063617264005072696E742066726F6DFB
:102A400020534400436C65617220544D20657272BE
:102A50006F7200526573756D65207072696E7400D7
:102A60005061757365207072696E740053657420CF
:102A7000526561647900536574206E6F74205265ED
:102A800061647900507265686561740054756E65A3
:102A9000004C6976652061646A757374205A00522F
:102AA000657072696E7400496E666F20736372653B
:102AB000656E004272696768746E65737300417376
:102AC000736973740053696C656E74004F6E63654F
:102AD000004C6F756400536F756E640046696C2E10
:102AE0002073656E736F72004368616E6765206660
:102AF000696C616D656E7400466C6F77005370652C
:102B00006564004E2F41004D61676E6574732063EC
:102B10006F6D702E005A2D70726F6265206E722E6E
:102B2000004D6573680044696D004272696768749E
:102B3000004175746F0054696D656F7574004C6564
:102B400076656C2044696D6D6564004C6576656CD6
:102B5000204272696768740053657474696E6773A4
:102B60000053746F70207072696E740043686563FF
:102B70006B696E672066696C650046696C652069E3
:102B80006E636F6D706C6574652E20436F6E746933
:102B90006E756520616E797761793F008452656654
:102BA00072657368004D61696E00496E7365727479
:102BB000207468652066696C616D656E7420286498
:102BC0006F206E6F74206C6F6164206974292069B6
:102BD0006E746F20746865206578747275646572B0
:102BE00020616E64207468656E2070726573732056
:102BF000746865206B6E6F622E0053656E736F7222
:102C00002076657269666965642C2072656D6F76E1
:102C100065207468652066696C616D656E74206EF0
:102C20006F772E00566572696669636174696F6EAD
:102C3000206661696C65642C2072656D6F76652015
:102C40007468652066696C616D656E7420616E6480
:102C50002074727920616761696E2E00506C656125
:102C6000736520636865636B207468652049522032
:102C700073656E736F7220636F6E6E656374696FD8
:102C80006E2C20756E6C6F61642066696C616D6579
:102C90006E742069662070726573656E742E0050C4
:102CA0006C6561736520756E6C6F61642074686516
:102CB0002066696C616D656E742066697273742C30
:102CC000207468656E20726570656174207468692F
:102CD0007320616374696F6E2E0057616974696E49
:102CE0006720666F72206E6F7A7A6C6520616E6401
:102CF0002062656420636F6F6C696E670053656C5A
:102D00006674657374204F4B0053656C667465730D
:102D100074207374617274005072696E74206661FD
:102D20006E3A00486F74656E642066616E3A0043C7
:102D3000616C6962726174696E6720686F6D6500AD
:102D4000416C6C20636F72726563740043686563E5
:102D50006B696E672073656E736F7273004368658D
:102D6000636B696E6720686F74656E6400436865A5
:102D7000636B696E672062656400436865636B69B5
:102D80006E67205A206178697300436865636B69D8
:102D90006E672059206178697300436865636B69C9
:102DA0006E672058206178697300436865636B69BA
:102DB0006E6720656E6473746F7073004361726434
:102DC0002072656D6F766564004261636B005374B9
:102DD00065616C7468004372617368206465742E69
:102DE000004E6F726D616C004D6F646500537472BC
:102DF000696374005761726E004E6F6E65004E6FAE
:102E00007A7A6C65206368616E6765643F004E6F17
:102E10007A7A6C6520697320686F74212057616924
:102E20007420666F7220636F6F6C646F776E2E0014
:102E30005049442063616C2E2066696E6973686531
:102E400064005049442063616C2E005072696E74B6
:102E500020706175736564005072696E74206162E0
:102E60006F72746564004E6F7A7A6C652064696174
:102E70006D6574657220646966666572732066723A
:102E80006F6D2074686520472D636F64652E205038
:102E90006C6561736520636865636B207468652089
:102EA00076616C756520696E2073657474696E67F0
:102EB000732E205072696E742063616E63656C6C52
:102EC00065642E004E6F7A7A6C65206469616D6569
:102ED00074657220646966666572732066726F6DD0
:102EE0002074686520472D636F64652E20436F6EE4
:102EF00074696E75653F005468657265206973205A
:102F00006E6F2066696C616D656E74206C6F6164B4
:102F100065642E205072696E742063616E63656C07
:102F20006C65642E005468657265206973206E6F4D
:102F30002066696C616D656E74206C6F6164656498
:102F40002E20436F6E74696E75653F004D4B335391
:102F5000206669726D77617265206465746563745B
:102F60006564206F6E204D4B33207072696E7465FE
:102F70007200426C61636B6F7574206F636375726E
:102F80007265642E205265636F7665722070726977
:102F90006E743F00546865726D616C206D6F64657E
:102FA0006C206E6F742063616C6962726174656419
:102FB000207965742E0054686572652069732073EA
:102FC00074696C6C2061206E65656420746F206D7F
:102FD000616B65205A2063616C6962726174696F0C
:102FE0006E2E20506C6561736520666F6C6C6F7718
:102FF00020746865206D616E75616C2C206368615A
:10300000707465722046697273742073746570738E
:103010002C2073656374696F6E2043616C69627202
:103020006174696F6E20666C6F772E005072696EE6
:1030300074657220686173206E6F74206265656EBE
:103040002063616C69627261746564207965742EB5
:1030500020506C6561736520666F6C6C6F772074AF
:103060006865206D616E75616C2C20636861707499
:1030700065722046697273742073746570732C20B6
:1030800073656374696F6E2043616C696272617409
:10309000696F6E20666C6F772E0053656C66746581
:1030A00073742077696C6C2062652072756E207471
:1030B0006F2063616C69627261746520616363751E
:1030C000726174652073656E736F726C65737320C3
:1030D0007265686F6D696E672E004F6C6420736552
:1030E0007474696E677320666F756E642E20446514
:1030F0006661756C74205049442C2045737465706A
:1031000073206574632E2077696C6C206265207370
:1031100065742E005761726E696E673A20626F7433
:1031200068207072696E74657220747970652061B0
:103130006E64206D6F74686572626F617264207472
:10314000797065206368616E6765642E00576172EF
:103150006E696E673A207072696E74657220747958
:103160007065206368616E6765642E005761726EDA
:10317000696E673A206D6F74686572626F61726420
:103180002074797065206368616E6765642E0054F1
:10319000657374696E672066696C616D656E740035
:1031A0005368656574004E6F74207370696E6E6944
:1031B0006E67005370696E6E696E670046616E20BF
:1031C000746573740053656C66746573742066610E
:1031D000696C6564002573206C6576656C20657884
:1031E0007065637465640046616C73652074726910
:1031F00067676572696E670046696C616D656E74BC
:103200002073656E736F7200537761707065640030
:1032100046726F6E742F6C6566742066616E730003
:10322000417869730041786973206C656E677468D2
:10323000004C6F6F73652070756C6C6579004C6520
:10324000667420686F74656E642066616E3F004628
:10325000726F6E74207072696E742066616E3F00CA
:10326000456E6473746F70206E6F742068697400AB
:10327000456E6473746F70004D6F746F7200456EAD
:103280006473746F707300576972696E672065723A
:10329000726F72004265642F486561746572004EFA
:1032A0006F7420636F6E6E6563746564004865615A
:1032B0007465722F546865726D6973746F72005013
:1032C0006C6561736520636865636B3A0053656C78
:1032D0006674657374206572726F72210053656C39
:1032E0006563742066696C616D656E743A00585947
:1032F0005A2063616C6962726174696F6E206661E5
:10330000696C65642E2052696768742066726F6EFE
:10331000742063616C6962726174696F6E20706F92
:10332000696E74206E6F7420726561636861626C8F
:10333000652E0058595A2063616C69627261746924
:103340006F6E206661696C65642E2046726F6E74C4
:103350002063616C6962726174696F6E20706F695D
:103360006E7473206E6F7420726561636861626C45
:10337000652E0058595A2063616C696272617469E4
:103380006F6E206661696C65642E20506C65617398
:103390006520636F6E73756C7420746865206D6151
:1033A0006E75616C2E0058595A2063616C696272A7
:1033B0006174696F6E20636F6D70726F6D69736594
:1033C000642E2052696768742066726F6E74206381
:1033D000616C6962726174696F6E20706F696E747E
:1033E000206E6F7420726561636861626C652E0087
:1033F00058595A2063616C6962726174696F6E20FA
:10340000636F6D70726F6D697365642E2046726FA5
:103410006E742063616C6962726174696F6E207092
:103420006F696E7473206E6F74207265616368617A
:10343000626C652E0058595A2063616C6962726132
:1034400074696F6E206661696C65642E20426564E4
:103450002063616C6962726174696F6E20706F695C
:103460006E7420776173206E6F7420666F756E6462
:103470002E00506C656173652072656D6F766520F6
:10348000737465656C2073686565742066726F6D12
:1034900020686561746265642E00506C65617365B7
:1034A00020706C61636520737465656C207368655A
:1034B0006574206F6E20686561746265642E0049D2
:1034C0007320737465656C207368656574206F6E16
:1034D00020686561746265643F0044697374616E5D
:1034E0006365206265747765656E20746970206F0E
:1034F0006620746865206E6F7A7A6C6520616E64F0
:103500002074686520626564207375726661636506
:1035100020686173206E6F74206265656E2073652C
:1035200074207965742E20506C6561736520666F18
:103530006C6C6F7720746865206D616E75616C2CA2
:1035400020636861707465722046697273742073B9
:10355000746570732C2073656374696F6E2046699F
:10356000727374206C617965722063616C69627238
:103570006174696F6E2E00506C6163652061207309
:1035800068656574206F6620706170657220756E65
:1035900064657220746865206E6F7A7A6C65206449
:1035A0007572696E67207468652063616C69627208
:1035B0006174696F6E206F6620666972737420345F
:1035C00020706F696E74732E2049662074686520C0
:1035D0006E6F7A7A6C6520636174636865732074BA
:1035E00068652070617065722C20706F776572203D
:1035F0006F666620746865207072696E74657220EB
:10360000696D6D6564696174656C792E00536561DF
:10361000726368696E67206265642063616C6962C9
:10362000726174696F6E20706F696E74004D6561B0
:10363000737572696E67207265666572656E636523
:1036400020686569676874206F662063616C6962D1
:10365000726174696F6E20706F696E7400506C6572
:1036600061736520636C65616E20746865206E6FA0
:103670007A7A6C6520666F722063616C6962726130
:1036800074696F6E2E20436C69636B207768656E7A
:1036900020646F6E652E004175746F20686F6D65D4
:1036A000004578706572696D656E74616C00467373
:1036B000656E736F7220446574656374696F6E0024
:1036C000302E383000302E363000302E343000307E
:1036D0002E32350044697361626C65206661726DDB
:1036E000206D6F6465005265736574204D4D550003
:1036F0004D4D55004D3434004739390044697361EC
:10370000626C65206661726D206D6F64653F00308C
:103710002E383000302E363000302E343000302E2F
:10372000323500473238205859004D203834008552
:103730002E2E00593A202575202D3E202E2E2E00AB
:10374000583A202575202D3E202E2E2E0046696CDD
:10375000616D656E742073656E736F7220626F6148
:103760007264206368616E67652064657465637464
:1037700065643A207265766973696F6E25530A0035
:103780004D656173757265642066696C616D656E07
:10379000742073656E736F72206C6F77206C657622
:1037A000656C3A2025342E3266560A004D656173E9
:1037B000757265642066696C616D656E74207365F1
:1037C0006E736F722068696768206C6576656C3A05
:1037D0002025342E3266560A002533642F3000250A
:1037E00033642F300025632041584953205347311B
:1037F0003D25640A00486F74656E6400426564008C
:103800005A00590058002D2D2D2D2D2D2D2D2D2DEB
:103810002D2D2D2D2D2D2D2D2D2D00435A50584958
:103820006E76616C696453657269616C4E72004DAD
:10383000393134004D3931350024233E2236222ED1
:103840002221220F22473120582564205925642047
:1038500045252D2E35660047312046313038300061
:103860004731205A252D2E3366204637323030001E
:103870004731205835302059313535000F237E220D
:1038800070246F22632258224F224731205825642A
:103890002045252D2E336620463130303000FE2263
:1038A000EE22DE22D0220F23BD22B0229F229122BF
:1038B0008222542564004731205A302E342046316C
:1038C00030303000473120592D33204631303030F0
:1038D0000024231F231A2316230F234D3834205886
:1038E000590047312058313235205A323030204685
:1038F00031303030004D33313020412046310047E7
:103900003120583132352059313035205A31204656
:103910003830303000496E76616C6964205049441B
:103920002063616C2E20726573756C74732E204E4B
:103930006F742073746F72656420746F20454550F6
:10394000524F4D2E004D3330312050252E326620FF
:1039500049252E32662044252E3266004D33303301
:10396000204530205325337500524300444556000E
:103970004245544100414C50484100000021002480
:103980000027002A002D0030003300010100000450
:103990000107010A0100002200250028002B002E4B
:1039A000003100340002010000050108010B010094
:1039B0000020002300260029002C002F00320000E8
:1039C00001000003010601090105050505070508B9
:1039D000080808020202020A0A0808040404040192
:1039E00001010101010101030303030303030304B4
:1039F0000707070C0C0C0C0C0C0C0C020202020644
:103A0000060606060606060B0B0B0B0B0B0B0B072D
:103A1000070A0A0A0A0A0A05050504040408080137
:103A200002102020080810204010204080020102CF
:103A30000108040201010204081020408080402097
:103A400010080402018004020180402010080402D2
:103A50000108040201010204081020408001020450
:103A60000810204080100804088010204004408086
:103A7000102040048000000A0B02090C0D0E0807FC
:103A8000030401000000000000000000000000002E
:103A90000000000000000000000000000000000026
:103AA00000121110000000000000000000000000E3
:103AB0000000000000000000000000000000000006
:103AC0000000000000000000000000332E31342E02
:103AD00031000A204F726967696E616C20507275FF
:103AE00073612069330A202020507275736120525F
:103AF000657365617263680A2532302E3230530077
:103B0000435A5058003B530053706F6F6C4A6F69B3
:103B10006E20697320006164635F696E69740020C0
:103B20000A200A200A2000416C6C20446174610064
:103B300053657276696365207072657000536869B9
:103B40007070696E6720707265700053746174697B
:103B50007374696373004C616E67756167650045D6
:103B6000524153494E4720616C6C2064617461007E
:103B7000466163746F727920524553455400505228
:103B80005553413344465700494E54340003000E08
:103B9000000100400003000200000004004E4F43FB
:103BA00054554100414C5446414E00556E6B6E6F6A
:103BB000776E00323032362D30342D3234203039A9
:103BC0003A35313A35370020332E31342E312D3805
:103BD0003235305F313635353266376264007374A2
:103BE00061727400534E2075706461746520666163
:103BF000696C656400534E2075706461746564007F
:103C0000435A50580043524153485F44455445433A
:103C100054454458590043524153485F4445544524
:103C200043544544590043524153485F4445544529
:103C30004354454458004D323900252D392E39530F
:103C40005B00544D20657374696D6174696F6E20FB
:103C5000646964206E6F7420636F6E766572676549
:103C600000544D20697465723A257520763A252EE8
:103C7000326620653A252E33660A00333329420026
:103C80000058419A998D4133335340200A200A202D
:103C9000004D4D55323A004D656173757265206374
:103CA000656E74657220200078797A63616C5F6D4F
:103CB0006561737572655F656E7465720A00787907
:103CC0007A63616C5F73706972616C382063783DF0
:103CD00025642063793D2564207A303D2564206485
:103CE0007A3D2564207261646975733D25642061A5
:103CF000643D25640A0078797A63616C5F7365615D
:103D00007263685A206E6F207369676E616C0A2057
:103D1000783D256C6420793D256C64207A3D256CC6
:103D2000640A00204F4E2D5349474E414C20617488
:103D300020783D256420793D2564207A3D25642046
:103D400061643D25640A0078797A63616C5F73650C
:103D5000617263685A20783D256C6420793D256C3A
:103D600064207A3D256C640A002530327800205B9F
:103D700025662025665D206D6D2070617474657206
:103D80006E2063656E7465720A00205B25662025CF
:103D9000665D5B25665D206D6D2064697665726782
:103DA000656E63650A000000F000F801FC03FE0781
:103DB000FE07FE07FE07FC03F801F000000000000C
:103DC0000000F000F801FC03FC03FC03FC03F80115
:103DD000F0000000000078797A63616C5F6D6561C6
:103DE000737572655F6C656176650A00203C200022
:103DF0005741524E494E473A2046726F6E742070BA
:103E00006F696E74206E6F742072656163686162A1
:103E10006C652E205920636F6F7264696E617465E2
:103E20003A0000000040410000C04000005C430038
:103E300000C04000005C43000046430000404100D9
:103E400000464325642F3400497465726174696FBC
:103E50006E3A200043616C6962726174696F6E2012
:103E60006661696C65642120436865636B207468D2
:103E700065206178657320616E642072756E2061C3
:103E80006761696E2E004D494E54454D50204245A4
:103E900044206669786564004D494E54454D502074
:103EA000484F54454E442066697865640024F4D434
:103EB0003050C38E20C2A24017828B7011127A91AB
:103EC0000D816CD90AA861E108C7586607615143A2
:103ED000061E4B5D05C145A7041A411104093D9812
:103EE00003713931034036DB0265339102D430541B
:103EF00002802E1D02632CEE01752AC501B028A098
:103F000001102781018F2564012B244B01E022340D
:103F100001AC211F018D200D01801FFC00841EEDCE
:103F200000971DDF00B81CD200E61BC600201BBC9A
:103F300000641AB200B219A8000A19A0006A189900
:103F400000D117910040178B00B516840031167E02
:103F500000B31579003A157300C7146F0058146A3E
:103F600000EE1366008813630025135E00C7125B22
:103F7000006C12570015125400C111510070114FFE
:103F80000021114B00D61049008D10470046104407
:103F90000002104200C00F4000800F3E00420F3C64
:103FA00000060F3B00CB0E3800930E37005C0E3539
:103FB00000270E3400F30D3200C10D3100900D309A
:103FC00000600D2E00320D2D00050D2C00D90C2B9C
:103FD00000AE0C2900850C29005C0C2700350C274D
:103FE000000E0C2600E80B2400C40B2400A00B23B9
:103FF000007D0B23005A0B2100390B2100180B20E8
:1040000000F80A1F00D90A1E00BB0A1E009D0A1DE7
:1040100000800A1D00630A1C00470A1B002C0A1BB3
:1040200000110A1A00F7091A00DD091900C409195C
:1040300000AB091900920917007B091800630917E2
:10404000004C09160036091600200916000A091549
:1040500000F5081500E0081400CC081400B8081496
:1040600000A4081400900813007D0812006B0813C8
:1040700000580812004608120034081100230811E5
:10408000001208110001081100F0071000E00710ED
:1040900000D0071000C0071000B0070F00A10710E4
:1040A0000091070E0083070F0074070F0065070ECD
:1040B0000057070E0049070E003B070D002E070EA4
:1040C0000020070D0013070D0006070D00F9060C70
:1040D00000ED060D00E0060C00D4060C00C8060C2E
:1040E00000BC060C00B0060C00A4060B0099060CE0
:1040F000008D060B0082060B0077060B006C060B8A
:104100000061060A0057060B004C060A0042060A28
:104110000038060A002E060A0024060A001A060ABB
:10412000001006090007060A00FD050900F405094C
:1041300000EB050900E2050900D9050900D00509D1
:1041400000C7050900BE050900B5050800AD050852
:1041500000A50509009C050800940508008C0508C9
:1041600000840508007C050800740508006C05073C
:1041700000650508005D050700560508004E0507A7
:10418000004705070040050800380507003105070E
:10419000002A050700230507001C05060016050771
:1041A000000F0507000805060002050700FB0406CE
:1041B00000F5040700EE040600E8040600E2040728
:1041C00000DB040600D5040600CF040600C904067F
:1041D00000C3040600BD040600B7040600B10405D0
:1041E00000AC040600A6040600A00405009B04061B
:1041F0000095040500900406008A04050085040566
:1042000000800406007A04050075040500700405AA
:10421000006B04050066040500610405005C0405EC
:104220000057040500520405004D0405004804052C
:1042300000430405003E0404003A0405003504056B
:1042400000300404002C04050027040400230405A6
:10425000001E0404001A04040016040500110404DE
:10426000000D040400090405000404040000040413
:1042700000FC030400F8030400F4030400F003044A
:1042800000EC030400E8030400E4030400E003047A
:1042900000DC030400D8030400D4030400D00304AA
:1042A00000CC030400C8030300C503030024F40486
:1042B000D9201BC40C5C0E9804C4095F0265077109
:1042C00001F405F900FB04B30048048700C1036949
:1042D000005803550003034500BE023A0084023132
:1042E0000053022A002902250004022000E4011CD8
:1042F00000C8011900AF01170098011400840113D0
:1043000000710110006101100051010E0043010D08
:104310000036010B002B010B0020010B00150109D9
:10432000000C01090003010800FB000800F300086D
:1043300000EB000700E4000600DE000600D80006DF
:1043400000D2000600CC000500C7000500C2000531
:1043500000BD000400B9000400B5000400B1000471
:1043600000AD000400A9000400A5000300A20003A2
:10437000009F0004009B00030098000300950002CA
:104380000093000300900003008D0002008B0003E7
:104390000088000200860002008400030081000201
:1043A000007F0002007D0002007B00020079000215
:1043B0000077000100760002007400020072000124
:1043C00000710002006F0002006D0001006C00022D
:1043D000006A000100690002006700010066000138
:1043E000006500010064000200620001006100013C
:1043F00000600001005F0002005D0001005C000140
:10440000005B0001005A0001005900010058000142
:104410000057000100560001005500010054000142
:104420000053000000530001005200010051000140
:1044300000500001004F0001004E0000004E00013E
:10444000004D0001004C0001004B0000004B00013A
:10445000004A000100490001004800000048000136
:104460000047000100460000004600010045000032
:10447000004500010044000100430000004300012A
:104480000042000000420001004100000041000124
:1044900000400001003F0000003F0001003E00001E
:1044A000003E0001003D0000003D0001003C000016
:1044B000003C0000003C0001003B0000003B00010C
:1044C000003A0000003A0001003900000039000104
:1044D00000380000003800000038000100370000FC
:1044E00000370001003600000036000000360001F1
:1044F00000350000003500000035000100340000E8
:1045000000340000003400010033000000330000DC
:1045100000330001003200000032000000320001D0
:1045200000310000003100000031000100300000C7
:104530000030000000300001002F0000002F0000BC
:10454000002F0000002F0001002E0000002E0000B0
:10455000002E0001002D0000002D0000002D0000A5
:10456000002D0001002C0000002C0000002C000099
:10457000002C0001002B0000002B0000002B00008D
:10458000002B0001002A0000002A0000002A000081
:10459000002A000100290000002900000029000075
:1045A0000029000000290001002800000028000068
:1045B000002800000028000000280001002700005B
:1045C000002700000027000000270000002700014E
:1045D0000026000000260000002600000026000043
:1045E0000026000100250000002500000025000035
:1045F0000025000000250000002500010024000027
:104600000024000000240000002400000024000119
:10461000002300000023000000230000002300000E
:1046200000230000002300000023000100220000FE
:1046300000220000002200000022000000220000F2
:1046400000220001002100000021000000210000E4
:1046500000210000002100000021000000210001D5
:1046600000200000002000000020000000200000CA
:1046700000200000002000000020000000200001B9
:10468000001F0000001F0000001F0000001F0000AE
:10469000001F0000001F0000001F0001001E00009E
:1046A000001E0000001E0000001E000000504944D3
:1046B000204175746F74756E652066696E697368E4
:1046C0006564212050757420746865206C61737472
:1046D000204B702C204B6920616E64204B6420635A
:1046E0006F6E7374616E74732066726F6D20616299
:1046F0006F766520696E746F20436F6E66696775AB
:10470000726174696F6E2E6800504944204175745F
:104710006F74756E65206661696C656421207469CB
:104720006D656F75740020403A00543A00423A00BB
:10473000504944204175746F74756E6520666169D7
:104740006C6564212054656D706572617475726565
:1047500020746F6F206869676800204B643A2000FE
:10476000204B693A2000204B703A200020436C61B6
:10477000737369632050494420002054753A200027
:10478000204B753A2000206D61783A2000206D6939
:104790006E3A200020643A200020626961733A205A
:1047A00000504944204175746F74756E65207374B0
:1047B00061727400504944204175746F74756E6560
:1047C000206661696C65642E20426164206578749E
:1047D0007275646572206E756D6265722E00544D3F
:1047E0004C20256420256420257820256C78202500
:1047F0006C780A004D494E54454D50004D494E5479
:10480000454D5020424544004D494E54454D5020A1
:10481000414D42004D415854454D50004D41585472
:10482000454D5020424544004D415854454D50207F
:10483000414D4200544D3A206572726F7220636C94
:10484000656172656400544D3A206572726F722022
:104850007472696767657265642100544845524DFA
:10486000414C20414E4F4D414C5900526573756D7E
:10487000696E67207072696E740050494E44412021
:1048800048656174696E670043616C696272617446
:10489000696F6E20646F6E650043616C696272615E
:1048A00074696E67205A0042656420646F6E65000B
:1048B0004265642048656174696E6700486561748B
:1048C000696E6720646F6E652E0048656174696E5D
:1048D00067004D4D5520706F776572206661696C79
:1048E00073004D4D55206C6F6164206661696C7377
:1048F000004D4D55206661696C73004D61746572A1
:1049000069616C206368616E67657300546F7461E0
:104910006C206661696C75726573004372617368BF
:104920000046696C2E2072756E6F75747300506F3F
:10493000776572206661696C75726573004C61738E
:1049400074207072696E74206661696C757265732B
:1049500000546F74616C004C617374207072696EE6
:104960007400416D6269656E7400566F6C746167A6
:1049700065730054656D706572617475726573005E
:1049800042656C74207374617475730053656E7343
:104990006F7220696E666F00457874727564657217
:1049A00020696E666F0058595A2063616C2E20642E
:1049B000657461696C73005072696E746572204928
:1049C0005020416464723A00756E6B6E6F776E00B2
:1049D0004D4D5520636F6E6E656374656400446170
:1049E00074653A00746F20756E6C6F61642066693F
:1049F0006C616D656E7400746F206C6F616420660D
:104A0000696C616D656E74005072657373207468B3
:104A100065206B6E6F620050726568656174696EC7
:104A20006720746F206375740050726568656174E7
:104A3000696E6720746F20656A65637400507265E3
:104A400068656174696E6720746F20756E6C6F6144
:104A5000640050726568656174696E6720746F20C8
:104A60006C6F616400436F6F6C646F776E00456AB2
:104A70006563740046696C616D656E742065787459
:104A8000727564696E672026207769746820636F89
:104A9000727265637420636F6C6F723F004175744E
:104AA0006F6C6F6164696E672066696C616D656EBD
:104AB00074206973206163746976652C206A75734C
:104AC0007420707265737320746865206B6E6F62FA
:104AD00020616E6420696E736572742066696C6112
:104AE0006D656E742E2E2E005072696E742074697E
:104AF0006D650046696C616D656E742075736564E3
:104B000000546F74616C207072696E742074696DEA
:104B10006500546F74616C2066696C616D656E74BC
:104B2000005072656865617420746865206E6F7AE4
:104B30007A6C6521004552524F523A0052696768BB
:104B400074004C65667400592064697374616E6307
:104B5000652066726F6D206D696E005365766572B3
:104B60006520736B657700536C6967687420736B9D
:104B70006577004D6561737572656420736B657749
:104B8000005B303B305D20706F696E74206F66662D
:104B90007365740041646A757374696E67205A00A6
:104BA000526561722073696465205BE46D5D004647
:104BB000726F6E7420736964655BE46D5D005269A9
:104BC00067687420736964655BE46D5D004C6566BD
:104BD000742073696465205BE46D5D005365742027
:104BE00074656D70657261747572653A0050494EF6
:104BF00044412063616C6962726174696F6E206602
:104C000061696C65640050494E44412063616C6980
:104C100062726174696F6E2069732066696E697370
:104C200068656420616E64206163746976652E2016
:104C300049742063616E2062652064697361626CEF
:104C4000656420696E206D656E75205365747469A6
:104C50006E67732D3E50494E44412063616C2E00B7
:104C60004578747275646572004D6F7665205A00E0
:104C70004D6F76652059004D6F7665205800437260
:104C800061736820646574656374696F6E20636125
:104C90006E0A6265207475726E6564206F6E206F97
:104CA0006E6C7920696E0A4E6F726D616C206D6F4B
:104CB0006465005741524E494E473A0A4372617348
:104CC0006820646574656374696F6E0A64697361F2
:104CD000626C656420696E0A537465616C74682047
:104CE0006D6F6465004D6F6465206368616E676514
:104CF00020696E2070726F67726573732E2E2E009E
:104D0000536865657420252E37730A5A206F6666CE
:104D10007365743A20252B312E33666D6D0A256339
:104D2000436F6E74696E75650A25635265736574A9
:104D300000506C65617365206C6F61642066696CFE
:104D4000616D656E742066697273742E003E4361F6
:104D50006E63656C0052756E6E696E672057697A76
:104D60006172642077696C6C2064656C6574652081
:104D700063757272656E742063616C6962726174CE
:104D8000696F6E20726573756C747320616E642038
:104D900073746172742066726F6D2074686520622E
:104DA0006567696E6E696E672E20436F6E74696EFB
:104DB00075653F0050726568656174696E67206E45
:104DC0006F7A7A6C652E20506C656173652077610F
:104DD00069742E00506C6561736520696E7365722D
:104DE000742066696C616D656E7420696E746F20E5
:104DF0007468652065787472756465722C207468B7
:104E0000656E20707265737320746865206B6E6FB9
:104E10006220746F206C6F61642069742E00506C86
:104E20006561736520696E736572742066696C6173
:104E30006D656E7420696E746F2074686520666994
:104E40007273742074756265206F662074686520C3
:104E50004D4D552C207468656E20707265737320FB
:104E6000746865206B6E6F6220746F206C6F616474
:104E70002069742E005A2063616C696272617469E2
:104E80006F6E207265636F6D6D656E6465642E2054
:104E900052756E206974206E6F773F0054686520EC
:104EA0007072696E7465722077696C6C20737461BE
:104EB0007274207072696E74696E672061207A69FD
:104EC000672D7A6167206C696E652E20526F746160
:104ED000746520746865206B6E6F6220756E7469EE
:104EE0006C20796F75207265616368207468652035
:104EF0006F7074696D616C206865696768742E20D5
:104F0000436865636B2074686520706963747572AB
:104F1000657320696E207468652068616E64626FD5
:104F20006F6B202843616C6962726174696F6E20D7
:104F300063686170746572292E0053656C656374D3
:104F40002074656D7065726174757265207768692B
:104F50006368206D61746368657320796F75722072
:104F60006D6174657269616C2E0053656C65637464
:104F700020612066696C616D656E7420666F7220B9
:104F8000746865204669727374204C61796572207B
:104F900043616C6962726174696F6E20616E642036
:104FA00073656C65637420697420696E207468652C
:104FB000206F6E2D73637265656E206D656E752E44
:104FC000004E6F7720492077696C6C2063616C69B3
:104FD00062726174652064697374616E63652062D6
:104FE00065747765656E20746970206F66207468DB
:104FF00065206E6F7A7A6C6520616E6420686561E9
:105000007462656420737572666163652E00506C0E
:105010006561736520636865636B206F75722068D6
:10502000616E64626F6F6B20616E642066697820C8
:105030007468652070726F626C656D2E20546865AF
:105040006E20726573756D65207468652057697A86
:10505000617264206279207265626F6F74696E6735
:1050600020746865207072696E7465722E00416CE0
:105070006C20697320646F6E652E204861707079B2
:10508000207072696E74696E672100596F752063B4
:10509000616E20616C7761797320726573756D65DF
:1050A000207468652057697A6172642066726F6D3A
:1050B0002043616C6962726174696F6E202D3E20BD
:1050C00057697A6172642E00496620796F7520688D
:1050D000617665206164646974696F6E616C2073C8
:1050E0007465656C207368656574732C2063616CEE
:1050F0006962726174652074686569722070726596
:105100007365747320696E2053657474696E677378
:10511000202D204857205365747570202D2053741E
:1051200065656C207368656574732E00506C6561ED
:10513000736520636C65616E206865617462656487
:1051400020616E64207468656E20707265737320D0
:10515000746865206B6E6F622E00446F20796F75E6
:105160002077616E7420746F2072657065617420A1
:105170006C617374207374657020746F2072656144
:10518000646A7573742064697374616E6365206208
:1051900065747765656E206E6F7A7A6C6520616ED6
:1051A0006420686561746265643F0053656C656383
:1051B00074206E6F7A7A6C652070726568656174B0
:1051C0002074656D706572617475726520776869A9
:1051D0006368206D61746368657320796F757220F0
:1051E0006D6174657269616C2E0049732066696C2B
:1051F000616D656E74206C6F616465643F00546816
:1052000065726D616C206D6F64656C2063616C2EDE
:105210002074616B657320617070726F782E20311D
:1052200032206D696E732E205365650A7072757336
:10523000612E696F2F746D2D63616C004E6F772046
:10524000492077696C6C2070726568656174206EA6
:105250006F7A7A6C6520666F7220504C412E00493F
:105260002077696C6C2072756E207A2063616C699E
:1052700062726174696F6E206E6F772E004E6F7769
:105280002072656D6F76652074686520746573742F
:10529000207072696E742066726F6D20737465651C
:1052A0006C2073686565742E00506C6561736520B1
:1052B00072656D6F7665207368697070696E6720BE
:1052C00068656C706572732066697273742E00492C
:1052D0002077696C6C2072756E2078797A20636112
:1052E0006C6962726174696F6E206E6F772E2049EF
:1052F000742077696C6C2074616B65207570207404
:105300006F203234206D696E732E0046697273749B
:105310002C20492077696C6C2072756E207468654A
:105320002073656C667465737420746F20636865A0
:10533000636B206D6F737420636F6D6D6F6E206192
:105340007373656D626C792070726F626C656D73DA
:105350002E0048692C204920616D20796F757220DC
:105360004F726967696E616C205072757361206954
:1053700033207072696E7465722E20576F756C647D
:1053800020796F75206C696B65206D6520746F20C6
:10539000677569646520796F75207468726F7567C9
:1053A00068207468652073657475702070726F630F
:1053B0006573733F0048692C204920616D20796F27
:1053C0007572204F726967696E616C2050727573D7
:1053D00061206933207072696E7465722E204920D5
:1053E00077696C6C20677569646520796F752074C6
:1053F00068726F75676820612073686F72742073BC
:10540000657475702070726F636573732C20696E9C
:1054100020776869636820746865205A2D6178690F
:10542000732077696C6C2062652063616C696272BD
:10543000617465642E205468656E2C20796F752028
:1054400077696C6C20626520726561647920746F85
:10545000207072696E742E00452D636F72726563E1
:1054600074005A2D636F727265637400592D636FF7
:10547000727265637400582D636F72726563740095
:10548000506175736500436F6E742E004653204162
:105490006374696F6E00462E206175746F6C6F6166
:1054A0006400462E2072756E6F7574004D4D552048
:1054B0004D6F6465004375747465720046616E20BB
:1054C0007370656564004265640046616E732063B5
:1054D0006865636B004D6F64656C004E6F7A7A6C23
:1054E0006500544D3A206572726F72207C25667C8F
:1054F0003E25660A0070012C0190012701B00122AF
:1055000001C0011D01F00118011002130130020E4B
:10551000016002090190020401C002FF000003FAC9
:10552000004003F5008003F000D003EB002004E608
:10553000007004E100E004DC004005D700C005D2A3
:10554000004006CD00D006C8008007C3003008BE6A
:1055500000F008B900C009B400B00AAF00B00BAA4F
:1055600000D00CA500000EA000500F9B00C01096AC
:10557000005012910000148C00C0158700B01782F3
:1055800000B0197D00D01B7800001E730040206E13
:105590000090226900F024640040275F0090295A9F
:1055A00000E02B5500102E500020304B00103246EA
:1055B00000E033410090353C00103737007038323E
:1055C00000A0392D00B03A2800A03B2300603C1E0B
:1055D00000103D1900903D1400103E0F00703E0A6F
:1055E00000C03E0500003F000090137D00B015781C
:1055F00000F0177300601A6E00F01C6900A01F64B1
:105600000050225F0020255A00E0275500902A50C4
:1056100000202D4B00A02F4600F031410010343CFB
:1056200000F0353700A037320020392D00603A28CD
:1056300000703B2300603C1E00203D1900C03D145B
:1056400000403E0F00A03E0A00F03E0500403F0033
:1056500000703FFBFF903FF6FFB03FF1FFC03FEC13
:10566000FFD03FE7FFE03FE2FFF03FDDFFF03FD834
:10567000FF20484F54454E4420544845524D414C1C
:105680002052554E4157415900204845415442450A
:105690004420544845524D414C2052554E415741AB
:1056A0005900544845524D414C2052554E415741A6
:1056B000590042454420544845524D414C205255D2
:1056C0004E415741590020544845524D414C2052BB
:1056D000554E415741592028505245484541542084
:1056E000484F54454E44290020544845524D414CA2
:1056F0002052554E41574159202850524548454166
:10570000542048454154424544290050524548459B
:105710004154204552524F52004245442050524578
:1057200048454154204552524F52002074726967D7
:1057300067657265642100486561746572732073E2
:1057400077697463686564206F66662E20003A206E
:10575000004572723A200000FF0102010002FFFFC3
:10576000FE0001FE01FF00506C65617365207265EB
:10577000737461727400544D3A20696E76616C697D
:105780006420706172616D65746572732C20636151
:105790006E6E6F7420656E61626C6500255320200B
:1057A0004D3331302050252E32662055252E34665B
:1057B0002056252E32662043252E32662044252E83
:1057C0003466204C257520532575204225752045CB
:1057D000252E32662057252E32662054252E32661D
:1057E0000A00255320204D333130204925752052A1
:1057F000252E32660A00546865726D616C204D6F0B
:1058000064656C2073657474696E67733A006666CC
:10581000CA413333BF410000B441CDCC9C410000AC
:105820009841666692419A998D41CDCC88416666D1
:1058300086410000844166668241000080416666C0
:105840007E4133337B419A99794166667641452D95
:105850006D6F746F722063757272656E74207363FE
:10586000616C696E6720656E61626C656400010839
:1058700008010A0A011414011212746D63323133E3
:10588000305F686F6D655F656E74657228617865FD
:10589000735F6D61736B3D307825303278290A0073
:1058A000746D63323133305F686F6D655F65786941
:1058B0007420746D63323133305F73675F686F6D6E
:1058C000696E675F617865735F6D61736B3D30789A
:1058D000253032780A00544D4320445249564552EF
:1058E000204F56455254454D5000486F6C6420631C
:1058F000757272656E74207472756E63617465641E
:1059000020746F2052756E2063757272656E74001C
:1059100025632533642F256481005A25362E32668F
:105920002563005A2020202D2D2D2000862533644C
:105930002525002D2D2D2525002533642525002026
:105940005344002020200020484F002046524D2084
:10595000008725337568202563256300872530324D
:10596000753A2530327525632563002F2F616374E6
:10597000696F6E3A706175736564002F2F6163748F
:10598000696F6E3A70617573650044756D70206D56
:10599000656D6F72790068656C702E7072757361D9
:1059A00033642E636F6D00666F72756D2E70727545
:1059B000736133642E636F6D00707275736133644D
:1059C0002E636F6D004D3730310025533A0A253173
:1059D000382E32666D200A25533A0A2531306C6420
:1059E0006820253032646D202530326473002553E1
:1059F0003A0A2531382E32666D200A25533A0A2597
:105A000031306C6464202530326468202530326483
:105A10006D0025362E32666D6D0025530A25530A1A
:105A200025533A0A25533A0025332E326681002544
:105A30002D31342E3134533A0A25530A252D313471
:105A40002E3134533A25332E3266810A252D3134D6
:105A50002E3134533A25332E326681002020300017
:105A60002020310046494E44410050494E444100F7
:105A700057697A61726420656E642073746174651D
:105A80003A2025640A0053706F6F6C4A6F696E008C
:105A90004669726D7761726500726573756C74200A
:105AA00076616C75653A2025640A0020693D2532CF
:105AB0006420636E743D2532642076616C3D25322E
:105AC000640A00636C7573746572733A0020693DF3
:105AD00025326420737465703D2532640A00736F4B
:105AE000727465642073616D706C65733A00555310
:105AF000415254322072782046756C6C212121006D
:105B00003A2000252D31322E313253252D642F3687
:105B1000002533642F252D336400203A20002533DF
:105B20005300252D3773004E642025342E32662015
:105B300000252D31352E313553252D35640A252D7F
:105B400031352E313553252D35640A0025530A2071
:105B5000252D31362E313653252D33640A20252D3F
:105B600031362E313653252D33640025530A202536
:105B70002D31362E313653252D33640A20252D3113
:105B8000362E313653252D33640A20252D31362EFD
:105B9000313653252D33640025530A20252D313607
:105BA0002E313653252D33640A20252D31362E31E2
:105BB0003653252D33640A20252D372E3753582090
:105BC000252D336420205920252D33640020257392
:105BD00025336481200A000A204952203A202020DF
:105BE0002020202025332E31665600205057523A6F
:105BF00020202020202025342E3166560A204245C0
:105C0000443A20202020202025342E3166560025BD
:105C1000530A20582025640A205920256400257540
:105C20002E25752E25752E25750020002000466C2A
:105C300061736841697220495020416464723A007E
:105C40004D4D5520202020202020204E2F41002582
:105C5000642E25642E2564002046573A0046696C60
:105C60002E2073656E736F7220762E3A00323032BA
:105C7000362D30342D3234004533445245564F00D2
:105C800045494E53795F31306100315F37356D6D75
:105C90005F4D4B33530020486173683A31363535D8
:105CA000326637626400205265706F3A556E6B6ED3
:105CB0006F776E0020332E31342E312D383235304F
:105CC000004669726D776172653A00464C4558200E
:105CD0002D20203234302F353000464C4558202DB1
:105CE00020203234300050502020202D202032350A
:105CF000342F3130300050502020202D20203235DC
:105D0000340048495053202D20203232302F31307A
:105D1000300048495053202D20203232300041427B
:105D20005320202D20203235352F31303000414294
:105D30005320202D20203235350050412020202DA9
:105D400020203237352F39300050412020202D209F
:105D5000203237350050564220202D202032313558
:105D60002F37350050564220202D2020323135006B
:105D700050432020202D20203237352F3131300064
:105D800050432020202D2020323735004153412020
:105D9000202D20203236302F313035004153412024
:105DA000202D20203236300050455420202D202038
:105DB0003233302F38350050455420202D202032EA
:105DC000333000504C4120202D20203231352F36E9
:105DD0003000504C4120202D2020323135006E6F94
:105DE0007A7A6C65202D20203235302F30006661A4
:105DF000726D2020202D20203235302F38300025A4
:105E00002D31322E313253252B382E316600457814
:105E10007472756465723A0025632531372E3266D7
:105E20006D6D00583A00593A005A3A002563252D05
:105E300031332E313353252B352E33660025337500
:105E40000050494E44412063616C6962726174691B
:105E50006F6E206661696C65642E20436F6E746995
:105E60006E75652077697468207072657373696EEA
:105E70006720746865206B6E6F622E0050494E4437
:105E8000412063616C6962726174696F6E20646F36
:105E90006E652E20436F6E74696E75652077697428
:105EA00068207072657373696E6720746865206B13
:105EB0006E6F622E00473830004D3435004D34355A
:105EC000205A00473736004D3730312050300057C8
:105ED000697A6172642073746174653A2025640A7A
:105EE0000046656564696E6720746F204653656E71
:105EF000736F72004D6F76696E672073656C6563B2
:105F0000746F7200486F6D696E67005265747261DC
:105F100063742066726F6D2046494E444100456AA5
:105F2000656374696E672066696C616D656E740087
:105F30005061726B696E672073656C6563746F7214
:105F40000052657475726E696E672073656C656367
:105F5000746F7200506572666F726D696E67206350
:105F600075740050757368696E672066696C616D41
:105F7000656E7400507265706172696E6720626C44
:105F80006164650053656C656374696E672066695A
:105F90006C2E20736C6F7400556E6C6F6164696E4B
:105FA000672066696C616D656E74004552522054BD
:105FB0004D43206661696C65640045525220486516
:105FC0006C702066696C616D656E7400455252207C
:105FD000496E7465726E616C00455252205761695A
:105FE0007420666F7220557365720046696E69731E
:105FF00068696E67206D6F76656D656E74730041BC
:10600000766F6964696E67206772696E64004665C1
:106010006564696E6720746F206E6F7A7A6C6500B4
:1060200046656564696E6720746F20657874727563
:106030006465720046656564696E6720746F20460A
:10604000494E444100556E6C6F6164696E672074FF
:106050006F2070756C6C657900556E6C6F6164694A
:106060006E6720746F2046494E4441004469736551
:106070006E676167696E672069646C657200456E62
:10608000676167696E672069646C6572004F4B00D9
:10609000554E4B4E4F574E204552524F5200464997
:1060A0004C414D454E54204348414E4745004649DA
:1060B0004C414D454E5420454A45435445440055B6
:1060C0004E4C4F4144204D414E55414C4C59004699
:1060D000572052554E54494D45204552524F52007B
:1060E0004D4D5520465720555044415445204E456E
:1060F000454445440051554555452046554C4C00B6
:10610000494E56414C494420544F4F4C0046494C4F
:106110002E20414C5245414459204C4F4144454466
:1061200000434F4D4D554E49434154494F4E204534
:1061300052524F52004D4D55204E4F542052455310
:10614000504F4E44494E47004D4D55204D4355202C
:106150004552524F52004D4D552053454C465445E3
:106160005354204641494C454400544D4320445229
:10617000495645522053484F5254454400544D43CC
:1061800020554E444552564F4C54414745204552A8
:106190005200544D432044524956455220524553D3
:1061A000455400544D4320445249564552204552CF
:1061B000524F5200544D43204F564552484541548A
:1061C000204552524F52005741524E494E4720549B
:1061D0004D4320544F4F20484F540049444C4552A2
:1061E0002043414E4E4F54204D4F56450049444C9C
:1061F00045522043414E4E4F5420484F4D45005389
:10620000454C4543544F522043414E4E4F54204D30
:106210004F56450053454C4543544F522043414E41
:106220004E4F5420484F4D45004C4F414420544F51
:1062300020455854522E204641494C454400494E71
:1062400053504543542046494E4441004653454E21
:10625000534F5220544F4F204541524C59005055F6
:106260004C4C45592043414E4E4F54204D4F5645BE
:10627000004653454E534F522046494C2E2053540E
:1062800055434B004653454E534F52204449444ECC
:10629000542054524947472E0046494E4441204617
:1062A000494C414D2E20535455434B0046494E44D2
:1062B00041204449444E54205452494747455200D6
:1062C0004E6F00596573004375742066696C616D8B
:1062D000656E7400456A6563742066726F6D204D4B
:1062E0004D55004C6F6164696E672066696C616D25
:1062F000656E74004D4D552052657472793A205286
:106300006573746F72696E672074656D7065726114
:10631000747572652E2E2E00536F7274696E67202D
:1063200066696C657300536F6D652066696C657393
:106330002077696C6C206E6F7420626520736F72B9
:106340007465642E204D61782E204E6F2E206F666E
:106350002066696C657320696E203120666F6C64FD
:10636000657220666F7220736F7274696E67206940
:1063700073203130302E00756E6B6E6F776E207328
:10638000746174650020302E34206F72206E657742
:1063900065720020302E33206F72206F6C6465723E
:1063A000004F6666004F6E0078797A63616C5F73A8
:1063B000706972616C322063783D25642063793D99
:1063C0002564207A303D256420647A3D256420725E
:1063D00061646975733D25642061643D25640A002C
:1063E0000A00436F756E74646F776E3A20256420DF
:1063F0000025640A005363616E20636F756E7464D8
:106400006F776E3A20005061747465726E20636518
:106410006E746572205B25662025665D2C206D619B
:1064200074636820256625250A00205B25662C20DC
:1064300025665D5B25665D2066696E616C2063691B
:1064400072636C650A00746D63323133305F676F5D
:10645000746F5F7374657020256420256420256443
:10646000202564200A005072757361206933204D25
:106470004B33532B52204F4B2E004D3630300053B0
:10648000442063617264206F6B006F70656E526FA1
:106490006F74206661696C656400766F6C756D65FC
:1064A0002E696E6974206661696C656400534420CE
:1064B000696E6974206661696C006F70656E206634
:1064C00061696C65642C2046696C653A2000436103
:1064D0006E6E6F7420656E74657220737562646988
:1064E000723A20004D3234004D323320257300E0E3
:1064F0002D903E8988B24111369C3E7777C1412963
:10650000CBB03EEFEEDA41BA49CC3EEFEEFC416152
:10651000C3F33EEFEE16429CA2133FCDCC36428A27
:10652000B0113FABAA56428863DD3DABAA5642B8D4
:10653000AF433F555572421826533F33B382423022
:106540002A593FEF6E8642000070C10000C8420029
:1065500000C4C10000A0410000E0C00000204100D4
:106560000060C00000C0400000A0412222F24000B4
:1065700000A0C19A99A14000000CC2555505425295
:10658000657365745265747279417474656D707465
:106590007300436F6F6C696E672074696D6572205C
:1065A00073746F7070656400486561746572206310
:1065B0006F6F6C646F776E00436F6F6C696E6720EE
:1065C00054696D656F7574207374617274656400CD
:1065D000536176696E6720616E64207061726B69C9
:1065E0006E670048656174657220636F6F6C646FDD
:1065F000776E2070656E64696E6700526573756DA5
:10660000696E672058595A004D4D5532746F6F6C42
:106610003D004D4D55323A004731205825642059F0
:10662000252D2E32662045252D2E336600577269A2
:1066300074696E6720746F2066696C653A20004645
:10664000696C6520616C7265616479206F70656E3C
:106650006564008D607E606C6059604560346020C8
:10666000600E60FF5FEB5F6C607E60D95FCC5FBAED
:106670005FAB5F985FE362845F745F635F545F4109
:106680005F305F1E5F0B5F045FF45EE15E4D36308E
:1066900030204155544F0046494E44412066696CB4
:1066A000616D656E742072756E6F75742100436F35
:1066B0006D6D756E69636174696F6E2074696D6567
:1066C0006F75740050726F746F636F6C20457272D7
:1066D0006F720003000356657273696F6E206D69F7
:1066E000736D6174636800436F6D6D616E64204506
:1066F00072726F7200436F6D6D616E642072656AB5
:106700006563746564004D4D5520427574746F6EF9
:10671000207075736865640052657472794275748F
:10672000746F6E5072657373656400AC62996284B5
:106730006271625E624C623E6229621462FF61EDC8
:1067400061DB61C761C761C761B461B461B461A352
:1067500061A361A3619261926192617D617D617DBE
:10676000616A616A616A6156615661566148613564
:106770006121610D610061F560E060CF60BF60AED6
:10678000609E609060427574746F6E0043686563CC
:106790006B55736572496E7075742D62746E4C4DD5
:1067A00052200046493A202046533A202020203EDD
:1067B0002020822020208100486F74656E64207440
:1067C000656D70657261747572652072656163686C
:1067D000656400526573756D696E672054656D70F0
:1067E00000436F6F6C646F776E20666C6167206327
:1067F0006C65617265640020573A0020453A005488
:106800003A004E6F2030784646207265636569769F
:1068100065640053656E64696E6720307846460093
:1068200046696C652073656C65637465640020530C
:10683000697A653A200046696C65206F70656E65FF
:10684000643A20004E6F772066726573682066692F
:106850006C653A20004E6F7720646F696E67206622
:10686000696C653A20002220706F730022207061ED
:1068700072656E743A2200535542524F5554494E38
:10688000452043414C4C207461726765743A220084
:10689000747279696E6720746F2063616C6C207309
:1068A00075622D67636F64652066696C6573207718
:1068B00069746820746F6F206D616E79206C6576E5
:1068C000656C732E002022257322002025236C780E
:1068D000004449525F45584954004449525F454E6F
:1068E0005445523A20257320222573220A006175EF
:1068F000746F25692E6700041A44656372656D65BF
:106900006E745265747279417474656D707473003D
:10691000081B1C0B14525354436F6D6D54696D6505
:106920006F7574002C206C617374206279746573C8
:106930003A200022206661696C65643A20427566DF
:106940006665722066756C6C21004572726F723AD2
:10695000002200456E717565696E6720746F207442
:1069600068652066726F6E743A2022004D4D553274
:106970003A006563686F3A003E53302A63362E0052
:106980004D4D552069732000556E657870656374B0
:106990006564206572726F72206F636375727265D1
:1069A000642E004D3630302046696C616D656E7422
:1069B000204368616E67652E204C6F616420612002
:1069C0006E65772066696C616D656E74206F7220EC
:1069D000656A65637420746865206F6C64206F6EEF
:1069E000652E0052656D6F76652074686520656A56
:1069F00065637465642066696C616D656E7420669C
:106A0000726F6D207468652066726F6E74206F6699
:106A100020746865204D4D552E0046696C616D658A
:106A20006E7420646574656374656420756E657842
:106A30007065637465646C792E20456E737572653C
:106A4000206E6F2066696C616D656E7420697320BD
:106A50006C6F616465642E20436865636B207468A5
:106A6000652073656E736F727320616E6420776941
:106A700072696E672E00496E7465726E616C207269
:106A8000756E74696D65206572726F722E20547216
:106A90007920726573657474696E67207468652007
:106AA0004D4D55206F72207570646174696E67205A
:106AB000746865206669726D776172652E004D4D50
:106AC000552046572076657273696F6E2069732072
:106AD000696E636F6D70617469626C65207769744B
:106AE00068207072696E7465722046572E55706406
:106AF00061746520746F2076657273696F6E2033E0
:106B00002E302E332E004D4D55204669726D776123
:106B1000726520696E7465726E616C206572726F49
:106B2000722C20706C6561736520726573657420CA
:106B3000746865204D4D552E0052657175657374EE
:106B400065642066696C616D656E7420746F6F6C2E
:106B5000206973206E6F7420617661696C61626C6C
:106B600065206F6E20746869732068617264776154
:106B700072652E20436865636B2074686520472D1D
:106B8000636F646520666F7220746F6F6C20696E2E
:106B9000646578206F7574206F662072616E67651A
:106BA000202854302D5434292E0043616E6E6F74AA
:106BB00020706572666F726D207468652061637401
:106BC000696F6E2C2066696C616D656E74206973E7
:106BD00020616C7265616479206C6F616465642EFC
:106BE00020556E6C6F6164206974206669727374DD
:106BF0002E004D4D55206E6F7420726573706F6E50
:106C000064696E6720636F72726563746C792E209D
:106C1000436865636B2074686520776972696E6785
:106C200020616E6420636F6E6E6563746F72732E85
:106C3000004D4D55206E6F7420726573706F6E64D9
:106C4000696E672E20436865636B207468652077E2
:106C50006972696E6720616E6420636F6E6E656332
:106C6000746F72732E004D6F726520646574616974
:106C70006C73206F6E6C696E652E005468652049D8
:106C8000646C65722063616E6E6F7420686F6D65F1
:106C90002070726F7065726C792E20436865636B2B
:106CA00020666F7220616E797468696E6720626C0D
:106CB0006F636B696E6720697473206D6F76656DA5
:106CC000656E742E0043616E2774206D6F766520AB
:106CD00053656C6563746F72206F722049646C65D4
:106CE000722E005468652053656C6563746F722062
:106CF00063616E6E6F7420686F6D652070726F7067
:106D000065726C792E20436865636B20666F722014
:106D1000616E797468696E6720626C6F636B696E0F
:106D20006720697473206D6F76656D656E742E00D3
:106D30004C6F6164696E6720746F2065787472753A
:106D4000646572206661696C65642E20496E73709B
:106D5000656374207468652066696C616D656E7426
:106D6000207469702073686170652E2052656669B1
:106D70006E65207468652073656E736F7220636141
:106D80006C6962726174696F6E2C206966206E6531
:106D9000656465642E0053656C6563746F7220636F
:106DA000616E2774206D6F76652064756520746F41
:106DB0002046494E444120646574656374696E677A
:106DC00020612066696C616D656E742E204D616B6B
:106DD000652073757265206E6F2066696C616D65E4
:106DE0006E7420697320696E2053656C6563746FDF
:106DF0007220616E642046494E444120776F726B69
:106E0000732070726F7065726C792E0046696C61C8
:106E10006D656E742073656E736F7220747269672E
:106E2000676572656420746F6F206561726C79208C
:106E30007768696C65206C6F6164696E6720746F38
:106E40002065787472756465722E20436865636B83
:106E50002074686572652069736E277420616E798D
:106E60007468696E6720737475636B20696E205057
:106E700054464520747562652E20436865636B2017
:106E8000746861742073656E736F722072656164DB
:106E9000732070726F7065726C792E0050756C6C17
:106EA0006579206D6F746F72207374616C6C6564AA
:106EB0002E20456E73757265207468652070756C40
:106EC0006C65792063616E206D6F766520616E64FC
:106ED00020636865636B2074686520776972696EEA
:106EE000672E0046696C616D656E742073656E7304
:106EF0006F72206469646E277420737769746368A5
:106F0000206F6666207768696C6520756E6C6F61AE
:106F100064696E672066696C616D656E742E2045CC
:106F20006E737572652066696C616D656E74206341
:106F3000616E206D6F766520616E642074686520D7
:106F400073656E736F7220776F726B732E00466974
:106F50006C616D656E742073656E736F7220646909
:106F6000646E277420747269676765722077686938
:106F70006C65206C6F6164696E672074686520665B
:106F8000696C616D656E742E20456E737572652037
:106F90007468652073656E736F7220697320636116
:106FA0006C6962726174656420616E6420746865E6
:106FB0002066696C616D656E7420726561636865D9
:106FC000642069742E0046494E4441206469646E11
:106FD000277420737769746368206F66662077680A
:106FE000696C6520756E6C6F6164696E6720666997
:106FF0006C616D656E742E2054727920756E6C6FA5
:107000006164696E67206D616E75616C6C792E20AC
:10701000456E737572652066696C616D656E74206E
:1070200063616E206D6F766520616E642046494E07
:10703000444120776F726B732E0046494E444120C5
:107040006469646E2774207472696767657220775B
:1070500068696C65206C6F6164696E67207468652F
:107060002066696C616D656E742E20456E73757255
:1070700065207468652066696C616D656E74206357
:10708000616E206D6F766520616E642046494E44C6
:107090004120776F726B732E0044697361626C6577
:1070A0000053746F70004C6F616400556E6C6F61BB
:1070B000640052657365744D4D5500526574727964
:1070C00000426564206C6576656C696E6720666158
:1070D000696C65642E2053656E736F7220646964F9
:1070E0006E277420747269676765722E204465622A
:1070F000726973206F6E206E6F7A7A6C653F2057CD
:10710000616974696E6720666F7220726573657459
:107110002E0053656E736974697669747900446FE3
:107120006E65005265636F766572696E6720707276
:10713000696E7400252E31305320002534640045DB
:107140007872656D65207370616E206F662074685B
:1071500065205A2076616C756573210025642F398E
:1071600000312F3900880020746F6F206C6F6E67BC
:1071700020657874727573696F6E207072657665BC
:107180006E7465640020636F6C642065787472753A
:1071900073696F6E2070726576656E746564004DFC
:1071A0006F76652061626F7274656400504F574559
:1071B000522050414E494320444554454354454490
:1071C0000055564C4F202D20656E642025640A0022
:1071D00055564C4F5F54494E59202D20656E642002
:1071E00025640A00776F726C6420636F6F72646944
:1071F0006E617465733A2028252E33662C20252E67
:1072000033662C20252E3366290A004D3232302079
:1072100053256400446F6E652072656164696E6712
:1072200020454550524F4D0A0054656D706572619E
:107230007475726520526573746F7265640A0047D5
:10724000312045252D2E3366204632373030004D13
:107250004D55323A002533640018010419020A3AE8
:1072600070C66F4E6FE36E9C6E0C6E966D306DE364
:107270006CC56C7B6CC56C666C666C666C666C66AB
:107280006C666C666C666C666C666C666C666C666E
:107290006C666C666C666C666C666C666C666C665E
:1072A0006C666C316CF26BAA6B396B066BBE6A76DE
:1072B0006A1A6AE369A36988690101010101010190
:1072C000027101710132323203030303030303032A
:1072D0000303030303030303030303939324380308
:1072E00093030102560365006600670068006900A9
:1072F0006A006B006C00730074007D007E00C900A2
:10730000D300DD00CA00D400DE002D0137014101A9
:107310002E01380142012F013901430130013A01A8
:10732000440131013B014501320191019201F50116
:10733000F601F701F801F901FA01FB01FC018403F0
:10734000BB701E71B270AB70A6706E4A8C2AA170B1
:107350009970252E3230530A70727573612E696FE1
:107360002F30342568750020557067726164696E2E
:10737000672078666C6173680A20446F206E6F74B2
:1073800020646973636F6E6E6563742100773235B4
:10739000783230636C5F63666D0A0077323578321D
:1073A00030636C5F656E7465720A00737461727429
:1073B0000A007265636F7665725F6D616368696EFE
:1073C000655F73746174655F61667465725F706F29
:1073D0007765725F70616E69632C20696E6974698C
:1073E000616C200050525553412075766C6F0047F8
:1073F00034205330004D313130204E256C75004D16
:1074000032362053256C75004D31303620532575AA
:1074100000473120462564004D383200473932207C
:1074200045252D2E3366004D3230342050252D2E2B
:1074300031662052252D2E31662054252D2E3166A1
:10744000004731205A252D2E3366005052555341A6
:10745000204D424C2056310047312058252D2E33E7
:10746000662059252D2E3366204633303030002CCF
:1074700020666565646D756C7469706C793A004658
:10748000656564726174653A004731204535204670
:10749000313230004D31303920532564004D3134C4
:1074A0003020532564004D3130342053256400478B
:1074B000323820582059004731205A252E33662073
:1074C00046383030007B5B4552523A00332E31341F
:1074D0002E31005D5B4657523A005D5B54494D3A90
:1074E000005D5B464E4D3A005D5B46454D3A005DA2
:1074F0005B5043443A005B5446553A005B50524E51
:107500003A005B50464E3A305D005B4449413A00D8
:107510005D5B4154423A005D5B4154303A005D5B33
:107520005354423A005B5354303A007B5B50524E06
:107530003A355D007B5B50524E3A305D007B5B50CC
:10754000524E3A395D007B5B50524E3A385D007BBB
:107550005B5245533A305D5B46494C3A007B5B5287
:1075600045533A315D5B46494C3A000000211042D8
:107570002063308440A550C660E770088129914A95
:10758000A16BB18CC1ADD1CEE1EFF131121002731C
:10759000325222B5529442F772D662399318837BE5
:1075A000B35AA3BDD39CC3FFF3DEE362244334206C
:1075B000040114E664C774A44485546AA54BB52835
:1075C000850995EEE5CFF5ACC58DD55336722611FC
:1075D000163006D776F6669556B4465BB77AA71985
:1075E000973887DFF7FEE79DD7BCC7C448E55886C4
:1075F00068A7784008611802282338CCC9EDD98ED5
:10760000E9AFF9488969990AA92BB9F55AD44AB75B
:107610007A966A711A500A333A122AFDDBDCCBBF24
:10762000FB9EEB799B588B3BBB1AABA66C877CE42B
:107630004CC55C222C033C600C411CAEED8FFDEC74
:10764000CDCDDD2AAD0BBD688D499D977EB66ED53B
:107650005EF44E133E322E511E700E9FFFBEEFDDC4
:10766000DFFCCF1BBF3AAF599F788F8891A981CAA1
:10767000B1EBA10CD12DC14EF16FE18010A100C280
:1076800030E3200450254046706760B9839893FB2F
:10769000A3DAB33DC31CD37FE35EF3B1029012F3D0
:1076A00022D2323542145277625672EAB5CBA5A87F
:1076B0009589856EF54FE52CD50DC5E234C324A020
:1076C0001481046674476424540544DBA7FAB7990F
:1076D00087B8975FE77EF71DC73CD7D326F2369170
:1076E00006B01657667676154634564CD96DC90ED7
:1076F000F92FE9C899E9898AB9ABA94458654806C0
:10770000782768C018E1088238A3287DCB5CDB3F6E
:10771000EB1EFBF98BD89BBBAB9ABB754A545A370F
:107720006A167AF10AD01AB32A923A2EFD0FED6C3E
:10773000DD4DCDAABD8BADE89DC98D267C076C645F
:107740005C454CA23C832CE01CC10C1FEF3EFF5D4E
:10775000CF7CDF9BAFBABFD98FF89F176E367E55AF
:107760004E745E932EB23ED10EF01E7C3C3E3F2FF7
:107770002A225C0063029E4911241FBECFEFD1E292
:10778000DEBFCDBF00E00CBF13E0A0E0B2E0ECEC48
:10779000F4E803E00BBF02C007900D92AC32B107D2
:1077A000D9F728E1ACE2B3E001C01D92A232B207E2
:1077B000E1F71BE3CBEBDBE300E006C02197010917
:1077C000802FFE010F94AABCCA3BD10780E00807B6
:1077D000A9F70E943DDE0D9454C20C94944C2F9254
:1077E0003F924F925F926F927F928F929F92AF9251
:1077F000BF92CF92DF92EF92FF920F931F93CF939E
:10780000DF93CDB7DEB72F970FB6F894DEBF0FBE6C
:10781000CDBF6C011B015A01FC01178216828381C6
:107820009E012F5F3F4F490181FDD2C08FEF9FEF37
:10783000EEC2F12C512C00E0003238F48B3209F109
:1078400090F48032F9F0833209F107FD34C020ED65
:10785000280F2A3020F506FF1BC0FAE0FF9E200DFE
:107860001124F22E05C08D3279F0803371F701605A
:10787000F10193FD859193FF81911F018111DCCF6F
:107880001AC002600460F4CF0860F2CF0061F0CF4C
:107890003AE0539E200D1124522E0062E9CF8E3221
:1078A00021F406FDB1C20064E3CF8C3611F4006808
:1078B000DFCF8836E9F29BEB980F933008F05FC07A
:1078C0000061805E06FD02C046E0F42E102F1F739B
:1078D000853609F05BC0106417FF61C08F2D9BE3F4
:1078E0009F1508F48BE344244394480E27E03501A8
:1078F000F4E06F0E711CF5016081718182819381CA
:10790000042DA4010F9453B85C01F981FC87F0FFAA
:1079100003C00DE2F3FF07C00BE211FD04C0012F0D
:10792000047012FD00E22C852C70E22E09F46BC06D
:107930000111D8C2F3E0E12CF515A0F483E0E52CA9
:10794000E81A13FD08C0B60180E290E00F9402BA75
:10795000EA94E110F8CF002329F0B601802F90E0DF
:107960000F9402BA3C8526EFA22E25E0B22E33FDFD
:1079700004C09AEFA92E95E0B92E107122C09BE9A0
:10798000980F933008F047C10F7E9CCF863611F4D4
:107990001068A2CFFF2009F49FCFFA949DCFE7E0B3
:1079A0002F2DEF1518F427E037E0F32E412C9FCF51
:1079B00011118052B60190E00F9402BA8FEFA81A0D
:1079C000B80AF50184918111F3CFE11084C253010B
:1079D000F6019381F10193FD859193FF81911F0140
:1079E000882309F411C2853241F493FD859193FFF8
:1079F00081911F01853209F01CCFB60190E00F94F0
:107A000002BA3501E4CF17FF6FC04A0CFC85F4FFC2
:107A100004C08A81813309F44A9414140CF086C09E
:107A200028E0241510F488E0482E85E090E017FF48
:107A300006C0C501B7FE02C090E080E001960111CA
:107A40000196FF2031F02F2D30E02F5F3F4F820F46
:107A5000931F5816190619F014F0E52CE81A812F17
:107A6000897011F4E11067C0002329F0B601802F5E
:107A700090E00F9402BA13FD02C0E11063C017FF3B
:107A80007CC08501B7FE02C010E000E0C50184198A
:107A900091092C016F2D70E0EE27FF27E61BF70BF5
:107AA000FF87EE870F3F100729F4B6018EE290E0C2
:107AB0000F9402BAA016B1060CF44BC04016510642
:107AC0000CF047C0F501E01BF10BE80DF91D8181B9
:107AD000015011092E853F8502171307E4F1B60105
:107AE00090E00F9402BADECF16FD9FCFEF2DF0E0AD
:107AF000EA15FB0534F03CEFA3163FEFB3060CF09C
:107B000010683296E80DF91D01C0FA94FF2019F0B3
:107B100082918033D1F317FF88CF442443944F0CD4
:107B2000FA141B0431F02CF0FA187FCF442443944C
:107B30007CCFF12C7ACFB60180E290E00F9402BAAC
:107B4000EA9490CFB60180E390E00F9402BAEA94F1
:107B500094CF80E3BDCFA016B10641F49A8196334D
:107B600050F4953319F43C8534FF05C0B60190E01C
:107B70000F9402BA2ACF81E3F9CF8A81813319F0B9
:107B80009C859F7E9C87B60190E00F9402BAFF20EF
:107B9000A9F0B6018EE290E00F9402BAF394F39448
:107BA000E2E001E00E0FE80DF92DF11D8081B60134
:107BB00090E00F9402BAE02F0F11F3CF85E690E02A
:107BC00014FF02C085E490E0B6010F9402BAB7FC3E
:107BD00006C0A114B104C1F4EC85E4FF15C0B19452
:107BE000A194B1088DE2B60190E00F9402BA80E34F
:107BF0002AE0A216B10454F4B60190E00F9402BA40
:107C0000B601C501C096B4CF8BE2EDCF8F5FFAE02D
:107C1000AF1AB108EDCF8336C9F0833771F18335E0
:107C200009F05BC03501F2E06F0E711CF501A08018
:107C3000B1806F2D70E006FD02C06FEF7FEFC501D0
:107C40000F9496B99D878C8700680DC0350132E08E
:107C5000630E711CF5018081898321E030E03D874E
:107C60002C8754010F7703FD06C02C853D855216E5
:107C7000130609F0A8F4E52C2BC0350132E0630EA1
:107C8000711CF501A080B1806F2D70E006FD02C06F
:107C90006FEF7FEFC5010F94BBB99D878C87E2CF53
:107CA000B60180E290E00F9402BA5A94DECFF5015B
:107CB00007FD859107FF81915F01B60190E00F9468
:107CC00002BAE110EA948C859D8501979D878C8787
:107CD000EC85FD85EF2B59F778CE843619F089367F
:107CE00009F074C0350107FF66C0F4E06F0E711C27
:107CF000F5016081718182819381102F1F7697FF3A
:107D000008C090958095709561957F4F8F4F9F4FDC
:107D100010682AE030E0A4010F9429BBA82EA8180F
:107D2000BA2C012F16FF0AC00E7FAF1438F414FFCF
:107D300004C012FD02C0012F0E7EBF2C04FFA3C0A1
:107D4000FE01EA0DF11D8081803309F095C0097EA6
:107D5000F02FF870EF2E03FDA5C000FF9FC0FA2C96
:107D6000B51410F4F50CFB1804FFA2C0B60180E3B3
:107D700090E00F9402BA02FF09C088E790E001FF8B
:107D800002C088E590E0B6010F9402BAAF1408F47F
:107D90009BC0AA940A2D10E00F5F1F4F080D191DFC
:107DA000F80182918F01B60190E00F9402BA80161B
:107DB0009106B1F70ACEF2E06F0E711CF5016081F9
:107DC0007181072E000C880B990B97CF102F8537E8
:107DD000A9F41F7E2AE030E0350117FF44C0F4E02B
:107DE0006F0E711CF5016081718182819381A40104
:107DF0000F9429BBA82EA8181F7792CF197F8F3612
:107E000079F1F0F4883539F1F601868197812F9662
:107E10000FB6F894DEBF0FBECDBFDF91CF911F919B
:107E20000F91FF90EF90DF90CF90BF90AF909F9019
:107E30008F907F906F905F904F903F902F9008951C
:107E4000803739F0883701F714FD146020E130E005
:107E5000C3CF1061F9CF04FD166020E132E0BCCF42
:107E600028E030E0B9CFF2E06F0E711CF5016081BF
:107E7000718190E080E0BBCF02FD02C0B39468CF77
:107E8000B394B39465CF802F867809F461CFF6CF91
:107E9000B60180E290E00F9402BAB394B514C0F337
:107EA000E12C62CFE52CEB18B51408F45DCFF8CFC8
:107EB000802F867809F46ACF8BE201FF80E207FD0C
:107EC0008DE2B60190E060CFB60180E390E00F94C0
:107ED00002BAFA945BCFB60180E290E00F9402BA46
:107EE000EA9473CD24E0E12C251508F036CD84E02A
:107EF00026CD20E030E040E85FEB6091AC0270916D
:107F0000AD028091AE029091AF020F94B7BD88236D
:107F100021F1E0917612F0917712E757FF4E8081C0
:107F20008B7F8230D1F480E1ECEAF2E0A8E4B7E0A4
:107F300001900D928A95E1F780E090E0A0E8BFEB18
:107F40008093AC029093AD02A093AE02B093AF02C7
:107F50008091111890911218089581E090E0089591
:107F6000CF92DF92EF92FF920F931F93CF93DF9305
:107F700090E0EC01CC0FDD1FCC0FDD1FFE01ED5FAB
:107F8000FA4E2591359145915491FE01E553F94FF3
:107F9000C080D180E280F3808E01085B184FC7015A
:107FA000B6010F94C2BCF80160837183828393830E
:107FB000FE01E950FB4E25913591459154918E017A
:107FC0000F5D1D4FC701B6010F94C2BCF80160835D
:107FD000718382839383FE01E551FB4E2591359198
:107FE00045915491CB5EDD4FC701B6010F94C2BCE1
:107FF000688379838A839B83DF91CF911F910F914F
:10800000FF90EF90DF90CF90089580E1E7E5F5E0F5
:10801000A8E4B7E001900D928A95E1F70895E1E3B5
:10802000F0E1833021F0E82FF0E0E25DFF4E849133
:108030000895409187105091881090E080E041159C
:108040005105B1F1209176123091771290E080E0E5
:10805000F901E757FF4EA081A23021F461817281BE
:10806000860F971F4150510919F1F901E457FF4E4E
:10807000A1919F0129583041A111FACFF901E75789
:10808000FF4E2D3EA1E03A0730F4A191A111E0CFBF
:108090002F5F3F4FF6CF2D3EE1E03E07C9F6E9E8FE
:1080A000F0E19F0129583041A191AA23D1F3D0CF0B
:1080B0000895982F9F7083FF0DC080917B0088608A
:1080C00080937B0080917C00887F9770892B8093C0
:1080D0007C00089580917B00877FF2CF80911318F8
:1080E000909114184AE050E070E060E001960F941F
:1080F00025B7862F089580911318909114184AE09F
:1081000050E070E060E001960F9425B7CB01089530
:1081100080911318909114184AE050E070E060E0EC
:1081200001960D9425B78091A0049091A10490939D
:108130009F0480939E048DE596E29F938F93809198
:108140007F0390918003A0918103B09182030196F7
:10815000A11DB11DBF93AF939F938F9381E398E0CF
:108160009F938F9388E398E09F938F930F945CBACB
:108170008DB79EB70A960FB6F8949EBF0FBE8DBFFF
:1081800008950F931F93CF93DF93EC01C60FD71F72
:108190008C179D0779F08C010F5F1F4F0F949ABBCE
:1081A0008F3F31F081E0DF91CF911F910F910895C2
:1081B000C801EECF80E0F7CF682F880F770B809152
:1081C00076129091771284579F4E0F94F1C19C01C3
:1081D000909314188093131881E0232B09F480E006
:1081E00008950F931F93CF93DF938C01862FEA019D
:1081F0000E94DC40882319F10E947B409C0197FF7C
:1082000003C0319521953109253631059CF09F93A6
:108210008F938AE499E69F938F9388E695E19F93E5
:108220008F930F945CBA0F900F900F900F900F9058
:108230000F9080E0DF91CF911F910F910895F80189
:1082400080818823B1F3CE01DF91CF911F910F91EF
:108250000D949ABB60E086E69FE00F94BEBB60E0A1
:1082600088E69FE00F94BEBB60E085E69FE00F9438
:10827000BEBB60E084E69FE00F94BEBB60E082ED91
:108280009EE00F94BEBB60E08FEC9EE00D94BEBB01
:108290008091C40481FB662760F991E0692760FB47
:1082A00081F98093C4048BE29DE00D94BEBB8036BF
:1082B0009105F8F440917612509177122091841034
:1082C000309185104217530739F4609187107091EF
:1082D0008810161617066CF0B901680F791FFB019C
:1082E000E359FF4F2417350730F481E04E175F073D
:1082F00008F480E00895EE3EF140F8F06C5F7F4FA7
:108300006E3E714018F449365105B8F483599F4FB9
:108310004817590770F34DEE51E0421B530B70E0C4
:1083200060E0C90187579F4E0F94CCC18FB7F89476
:1083300010928510109284108FBF81E008952F92C3
:108340003F924F925F926F927F928F929F92AF92E5
:10835000BF92CF92DF92EF92FF920F931F93CF9332
:10836000DF93CDB7DEB7CC58D2400FB6F894DEBF5E
:108370000FBECDBFCB58DD4F688379838A839B8343
:10838000C557D240FE01E754FE4F88E2DF011D923F
:108390008A95E9F7E85BF1401F0180E991E0DF0190
:1083A000FC011D923197E9F7C75ADD4F19821882F7
:1083B000C955D2409E012F513E4FC159DD4F3983DF
:1083C0002883CF56D2408E01075A1D4FCE018F5CB5
:1083D0009D4FC359DD4F99838883CD56D2403C01D0
:1083E000490140EBA42E4FE0B42E53E2C52ED12C10
:1083F000F12CE12CB6010D2C000C880B990B0F947D
:1084000028B6D4016D937D938D939D934D01F80112
:10841000619171918F01072E000C880B990B0F94BD
:1084200028B6D3016D937D938D939D933D01BFEF4E
:10843000EB1AFB0AE6E0EE16F10409F038C3CB585C
:10844000DD4F288139814A815B81C557D240C159AE
:10845000DD4FA881B981CF56D2406D917D918D912C
:108460009C910F944BBF412C512C320118160CF4E7
:1084700002C3C359DD4F08811981CD56D2400C5E2D
:108480001F4FC159DD4FE880F980CF56D240B4E18B
:10849000EB0EF11C6E01EFEDCE1AEDEFDE0A9E0140
:1084A0002B553E4FCF58DD4F39832883C157D240DB
:1084B000D8014D905D906D907C90F7016081718145
:1084C00082819381D7015E914E913E912E917D01E3
:1084D0000F94C1BC4B015C01F80152914291329161
:1084E00022918F01C301B2010F94C1BCA501940177
:1084F0000F94C1BDD6019E938E937E936E936D01B2
:10850000CF58DD4FE881F981C157D240B292A29293
:1085100092928292CF58DD4FF983E883C157D240BF
:10852000C359DD4F28813981CD56D2400217130738
:1085300009F0BECF4E013FE6831A3EEF930A5E017B
:1085400083EFA81A8DEFB80A61018101EE24E3944C
:10855000F12CD4014D905D906D907D904D012D9149
:108560003D914D915C91C301B2010F94C2BC9B013E
:10857000AC010F94C2BCF80164A775A786A797A7A2
:10858000F1E0EF16F10461F0D80198964D925D92FA
:108590006D927C929B97F801448255826682778225
:1085A000FFEFEF1AFF0AF5012081318142815381EB
:1085B00084E0A80EB11C64817581868197810F9437
:1085C000C1BC20E030E040EC50E40F9467B6D60127
:1085D000DC966D937D938D939C93DF97045D1F4F85
:1085E000B8E2CB0ED11CE5E0EE16F10409F0B1CFF4
:1085F0007E01FDE2EF0EF11C28E2A22EB12C00EB71
:108600001FEF24E0220E311CD7012D913D914D9199
:108610005C91139798966D917D918D919C919B970C
:108620000F94C1BD2B013C016101C01AD10A8824FD
:108630008394912CF601E00FF11FEA0DFB1D2081C0
:10864000318142815381C301B2010F9467B69B010E
:10865000AC01F60160817181828193810F94C1BC6C
:10866000D6016D937D938D939D936D01BFEF8B1A12
:108670009B0AE6E08E169104E9F63CE2E30EF11C5B
:108680000852110988E2A80EB11C08339FEF1907A0
:1086900009F0BACF1E01F5EB2F0E311C6E0121EB54
:1086A000C20ED11C7E0137E3E31A3EEFF30A04E069
:1086B00010E04801B12CA12C412C512C3201F601C3
:1086C000EA0DFB1DD701AA0DBB1D2D913D914D91CA
:1086D0005C9160817181828193810F9467B69B0167
:1086E000AC01C301B2010F94C2BC2B013C018FEF5E
:1086F000881A980A94E0A90EB11CA5E08A16910484
:10870000F1F6A3019201F10160817181828193816F
:108710000F94C1BCD6012D913D914D915C910F9468
:10872000C1BDF70160837183828393830150110976
:10873000F8E22F1A31082CE2C21AD10834E0E31A09
:10874000F1080115110509F0B4CFCB50DE4F888137
:108750009981AA81BB81C55FD140CF57DD4F888306
:108760009983AA83BB83C158D2401E0197E4291A7A
:108770009EEF390A10E000E0C159DD4FA881B981B0
:10878000CF56D240CD90DD90ED90FD90C159DD4F98
:10879000B983A883CF56D240CB58DD4F2881398189
:1087A0004A815B81C557D240C701B6010F94B7BD5E
:1087B0001816B4F0CB58DD4F288139814A815B818E
:1087C000C557D240C159DD4FE881F981CF56D2401B
:1087D00060817181828193810F944BBF87FF18C0A4
:1087E0000430110509F030C1CB58DD4F28813981A3
:1087F0004A815B81C557D240CF57DD4F688179816F
:108800008A819B81C158D2400F94B7BD87FF1CC19C
:10881000D10114968D909D90AD90BC9017978D913D
:108820009D910D90BC91A02DCF58DD4F88839983E9
:10883000AA83BB83C157D240F801EE0FFF1FEE0F92
:10884000FF1F21E931E02C0F3D1FE20FF31F408095
:10885000518062807380C359DD4FA881B981CD56A4
:10886000D2408D919D910D90BC91A02DC358DD4FAC
:1088700088839983AA83BB83CD57D240A7019601F1
:10888000CB58DD4F688179818A819B81C557D24061
:108890000F94C1BC6B017C0120E030E040E450E467
:1088A0000F9432C0CB57DD4F688379838A839B83D3
:1088B000C558D240C358DD4F288139814A815B8138
:1088C000CD57D240C359DD4FE881F981CD56D24012
:1088D00064817581868197810F94C1BCA301920147
:1088E0000F94C1BDC758DD4F688379838A839B830A
:1088F000C957D240A3019201C301B2010F94C2BC77
:10890000CF58DD4F288139814A815B81C157D240E0
:108910000F9467B6C757DD4F688379838A839B833B
:10892000C958D240A3019201C501B4010F9467B6A2
:108930009B01AC01C757DD4F688179818A819B819A
:10894000C958D2400F94C2BC20E030E040EC50E463
:108950000F94C1BD9B01AC01C758DD4F688179817F
:108960008A819B81C957D2400F94C1BCA70196014F
:108970000F9467B6C758DD4F688379838A839B83DA
:10898000C957D240CF58DD4F288139814A815B8158
:10899000C157D240C501B4010F94C1BC4B015C0169
:1089A00020E030E040EC50E4C301B2010F9467B620
:1089B0009B01AC01C501B4010F94C1BDCB57DD4F84
:1089C000288139814A815B81C558D2400F9467B6AE
:1089D0004B015C0120E030E040E05FE3CF58DD4F29
:1089E000688179818A819B81C157D2400F9467B693
:1089F0002B013C01A7019601C701B6010F9467B690
:108A00009B01AC01C301B2010F9467B69B01AC019D
:108A1000C501B4010F94C2BC9B01AC01C758DD4F26
:108A2000688179818A819B81C957D2400F94C2BCE9
:108A3000C358DD4F288139814A815B81CD57D240AF
:108A40000F94C2BC2B013C010F5F1F4FF4E02F0EAF
:108A5000311CC359DD4F28813981CD56D2402C5F5E
:108A60003F4FC359DD4F39832883CD56D24005305F
:108A7000110509F081CEC301B201C457DD4F0FB615
:108A8000F894DEBF0FBECDBFDF91CF911F910F9144
:108A9000FF90EF90DF90CF90BF90AF909F908F901E
:108AA0007F906F905F904F903F902F900895C501F9
:108AB0000F94A8BBD8018D939C93B5E0CB0ED11C2D
:108AC000E2E0AE0EB11C96CC0F931F93CF93209192
:108AD0009E13213079F58C0180E50E94DC408823CB
:108AE00049F10E946E40C82F853020F5013C82E09C
:108AF000180749F0023C124069F08C2FCF911F916A
:108B00000F910D94CA7C60E08C2FCF911F910F9133
:108B10000D940B7D8EEC9EE00F949ABB882351F050
:108B20000F942A65882331F08C2FCF911F910F91DC
:108B30000D94867DCF911F910F910895CF93C82FEB
:108B40000F945237F894C0936F060F943A870E949F
:108B500035DE880F82700F944B1A0F94C7377894C4
:108B6000CF91089560FF04C028E5FC0120830196A1
:108B700061FF04C029E5FC012083019620E2FC018D
:108B80002193CF0168E670E10D9451B98F929F92C5
:108B9000AF92BF92CF92DF92EF92FF920F931F930B
:108BA000CF93DF9300911318109114180F5F1F4F8C
:108BB00068018FEFC81AD80AD801DC918D2F90E098
:108BC0000F942BB97C01892B01F5DD3201F5680189
:108BD000B2E0CB0ED11CF801D181C1E08601015079
:108BE000110943E050E065E670E1C8010F9461B9F6
:108BF000892BC1F460E070E080E89FEFC111DBC019
:108C000060E070E080E89FE7D6C08601D1CFDB321C
:108C100039F46801F2E0CF0ED11CD8011196DC9135
:108C2000C0E0DCCF43E050E062E670E1C8010F94A1
:108C300061B9892B09F4CCC0F60110E000E020E016
:108C400030E0A9016F01D053DA3060F5BC2E689492
:108C5000B1F88C2F8870C2FF09C0811102C00F5F6C
:108C60001F4F3196D601DC91CB2DECCF882311F02C
:108C700001501109A5E0B0E00F942FBC9B01AC019D
:108C8000220F331F441F551F2D0F311D411D511D34
:108C90002839B9E93B074B07B9E15B0710F3C66018
:108CA000BC2EDFCFDE3F31F4C3FD33C0BC2E689451
:108CB000B3F8D7CFD53369F580818D3231F4C061F7
:108CC000BF016E5F7F4F818105C0BF018B32C9F349
:108CD0006F5F7F4F80538A30E0F4FB01B0E8EB1602
:108CE000BCE0FB065CF4B701660F771F660F771FC9
:108CF000E60EF71EEE0CFF1CE80EF11C819180536E
:108D00008A3060F3C4FF03C0F194E194F1080E0DC2
:108D10001F1DCA01B9010F9426B6C370C33009F4F0
:108D200090584B015C0120E030E0A9010F94B7BDE1
:108D3000882309F43EC0CEE5D0E117FF05C01195A8
:108D400001951109C6E4D0E16E01E8E1CE1AD1081F
:108D500080E2E82EF12C0DC0FE0125913591459160
:108D600054910E191F09C501B4010F9467B64B0148
:108D70005C01D501C4010E151F0574F72497F59405
:108D8000E794CC16DD06A9F78A2F880F8B2F881F52
:108D90008F3F49F020E030E0A901C501B4010F94F4
:108DA000B7BD811106C082E290E0909317188093BE
:108DB0001618C501B401DF91CF911F910F91FF905B
:108DC000EF90DF90CF90BF90AF909F908F900895DD
:108DD00060E070E080EC9FE7EECF2F923F924F92E1
:108DE0005F926F927F928F929F92AF92BF92CF923B
:108DF000DF92EF92FF920F931F93CF93DF9300D0F8
:108E0000CDB7DEB78EEDC82E82E0D82E87E595E08F
:108E10009B838A8398E4E92E97E0F92E33243394D8
:108E200000E0F60181916F010E94DC40282E88232A
:108E300009F4A6C01091E50313210E94C6452B0139
:108E40003C01EA81FB81408251826282738203305D
:108E500009F046C0F1E0F983111101C01982809038
:108E6000BC029090BD02A090BE02B090BF0220E074
:108E700030E040E85FE3C501B4010F94B7BD88233B
:108E800059F1111115C020915407309155074091A7
:108E9000560750915707C301B2010F94C1BC6093AC
:108EA0006305709364058093650590936605298238
:108EB000A501940160916305709164058091650539
:108EC000909166050F9467B660936305709364058F
:108ED0008093650590936605E981E11103C022C086
:108EE000112399F0F7012081318142815381EA8178
:108EF000FB8160817181828193810F94C2BCEA8180
:108F0000FB8160837183828393830F5F330C8A813B
:108F10009B8104969B838A8394E0E90EF11C0430C4
:108F200009F07FCF86E40E94DC40882399F00E94FC
:108F3000C6456B017C0120E030E0A9010F944BBFD6
:108F4000181644F4C0929102D0929202E0929302D9
:108F5000F09294020F900F900F90DF91CF911F919C
:108F60000F91FF90EF90DF90CF90BF90AF909F90C8
:108F70008F907F906F905F904F903F902F900895CB
:108F8000F70180819181A281B381EA81FB81808395
:108F90009183A283B383B9CF2F923F924F925F9276
:108FA0006F927F928F929F92AF92BF92CF92DF92F9
:108FB000EF92FF920F931F93CF93DF93CDB7DEB75E
:108FC00065970FB6F894DEBF0FBECDBF698B7A8B65
:108FD0008B8B9C8B49015A01302ECD8A2D2C81E040
:108FE00080939702DF922D892F931F92EF928AEE42
:108FF00097E09F938F930F945CBA81E40E94DC40CA
:109000000F900F900F900F900F900F908823A1F06A
:109010008091131890911418FC012181283709F0D0
:1090200069C040E150E070E060E002960F9425B71F
:10903000698B7A8B8B8B9C8B83E40E94DC4088232A
:1090400009F465C00E9488402B013C01C988DA8878
:10905000EB88FC888C149D04AE04BF0410F47501E9
:109060006401D301C2018C0D9D1DAE1DBF1D88166C
:109070009906AA06BB0628F08C159D05AE05BF050E
:1090800030F4240135014C185D086E087F0888E52E
:109090000E94DC40882309F491C02091131830917C
:1090A00014182F5F3F4FFE01319610E000E04F0192
:1090B000D9018C912F5F3F4F882309F43FC00031C5
:1090C0001105E1F18032A1F38A30C1F190ED980FE2
:1090D0009A3010F58295807F9D012E5F3F4F11964B
:1090E0009C9140ED490F4A30F8F4842B81930F5F37
:1090F0001F4FDECF0E94C6450F9433BE9B01770FF2
:10910000440B550B298B3A8B4B8B5C8B95CF4424AE
:109110004A94542C32019ACF9FE9980F963058F414
:109120008295807F8057D8CF4FE9490F463018F499
:109130009755892BDBCF1195019511092801012E37
:10914000000C66087708DA8AC98AB12CA12C0A15A6
:109150001B05F1F0332039F031E0331671F04FEF99
:10916000A41AB40AF4CFF401EA0DFB1D8081E98949
:10917000FA89EA0DFB1D8083F2CFF401EA0DFB1D95
:10918000608189899A898A0D9B1D0F94E2BBE7CF84
:10919000FF92EF92DF92CF922F925D895F937F9241
:1091A0006F925F924F928EEB97E09F938F930F9405
:1091B0005CBA0FB6F894DEBF0FBECDBF032DA3017E
:1091C0009201C701B6010F94B26265960FB6F8948A
:1091D000DEBF0FBECDBFDF91CF911F910F91FF90EA
:1091E000EF90DF90CF90BF90AF909F908F907F9047
:1091F0006F905F904F903F902F90089560911E1850
:1092000070911F1890E08A3020F0895A9F4F0D947A
:1092100002BAC096FCCF84FF18C08D9A85FF17C094
:10922000A49A2FB786FF15C0F89490910201906818
:10923000909302012FBF87FF11C0A39A8F9A85E0F8
:109240008A95F1F700008F9808958D98E7CFA4983C
:10925000E8CFF894909102019F77EACFA398EECFE0
:109260000F931F93CF93DF93C82FD62F8A0160FFF0
:1092700015C05D9A8AE18A95F1F700C08C2F0E9493
:109280000B49D1FD04C08C2F82950E940B49C80167
:10929000DF91CF911F910F910C946AC35D98EACF33
:1092A000CF92DF92EF92FF92CF93DF93EC016A01AE
:1092B0007B010F94A2BB6F3F7F4F8F4F9F4F59F49D
:1092C000B701A601CE01DF91CF91FF90EF90DF9023
:1092D000CF900D94F0BBDF91CF91FF90EF90DF9096
:1092E000CF90089580E1E8E4F7E0ACE9B2E00190C6
:1092F0000D928A95E1F78091390290913A0290930C
:109300007703809376038091730E9091740E9093FF
:10931000B1058093B0058091710E8093B205809164
:10932000E50383FB882780F980930C188091E7037D
:109330008093AF0581E0809358070895CF93DF9322
:1093400084E097E10E94305B82E495E1892B51F043
:10935000C4E1D6E1A397CE010E94305B85E1C2341F
:10936000D807C1F78FE195E10E94305B8AEF94E165
:10937000DF91CF910C94305BCF93DF93C8E4D7E0BB
:1093800020E030E048EC51E46C857D858E859F853A
:109390000F94C2BC6C877D878E879F8763E373E3DE
:1093A00083E590E4DF91CF910D94069760E085EA24
:1093B0009FE00F94BEBB60E08FE79CE00F94BEBBC4
:1093C00080E090E0A0E8BFEB8093AC029093AD0208
:1093D000A093AE02B093AF0282E080936A02109233
:1093E0005F0E08958091B0059091B1052091730EA4
:1093F0003091740E2817390771F09093740E809392
:10940000730E81E08093E3030F949F1D0F94665EBB
:1094100082E08093E303089580915F0E882341F0FA
:109420008091390290913A0290937703809376036A
:1094300008958091A5059091A605009729F12091A6
:109440005E0E211121C020915D0E21111DC0FC0175
:10945000E85AFF4F20E1ACEAB2E001900D922A9564
:10946000E1F7FC01E659FF4F208131813093071865
:109470002093061888599F4FFC0180819181909319
:10948000121880931118089580E090E0A0E8BFEBD7
:109490008093AC029093AD02A093AE02B093AF0262
:1094A0006091910270919202809193029091940246
:1094B0000F943ABE70930718609306181092121812
:1094C000109211180895CF92DF92EF92FF9280913F
:1094D00074148823D9F18091870390918803A09117
:1094E0008903B0918A038093081890930918A09378
:1094F0000A18B0930B180F94C886C0900818D09023
:109500000918E0900A18F0900B18C81AD90AE10857
:10951000F108C0920818D0920918E0920A18F09247
:109520000B180E941940C81AD90AE108F108C09224
:109530000818D0920918E0920A18F0920B181092AD
:109540006A02FF90EF90DF90CF900895809116050A
:109550008823B1F180917F0390918003A0918103D2
:10956000B09182038093081890930918A0930A1869
:10957000B0930B180F94C8864091081850910918A1
:1095800060910A1870910B18481B51096109710903
:109590008091871090918810092E000CAA0BBB0BAC
:1095A000481B590B6A0B7B0B409308185093091802
:1095B00060930A1870930B1881E080936A02C1CF00
:1095C00082E0FBCFCF92DF92EF92FF92C0900B0729
:1095D000D0900C07E0900D07F0900E0780910A07DD
:1095E000882309F44EC020E030E0A901C701B6018C
:1095F0000F944BBF18160CF044C02BED3FE049E42C
:1096000050E4C701B6010F9467B6A70196010F9405
:1096100067B620E030E040E85EE30F9467B69B0158
:10962000AC0160E070E080E89FE30F94C1BD6B0186
:109630007C01609195027091960264367105A1F0EB
:10964000072E000C880B990B0F9428B62AE037EDF3
:1096500043E25CE30F9467B69B01AC01C701B6011E
:109660000F9467B66B017C01C092BC02D092BD0220
:10967000E092BE02F092BF02FF90EF90DF90CF9099
:109680000895C12CD12C80E8E82E8FE3F82ED1CF9D
:109690008F929F92AF92BF92CF92DF92EF92FF9202
:1096A00081EF9FE00F9429586B017C018DEE9FE0C4
:1096B0000F9429584B015C010F94EF322CE330E0FA
:1096C00040E050E00F940DBCBA01A901480D591DAE
:1096D0006A1D7B1D8DEE9FE00F94D0BB60916506E7
:1096E00070916606809167069091680628EE33E0D7
:1096F00040E050E00F940DBCBA01A9014C0D5D1D76
:109700006E1D7F1D81EF9FE00F94D0BB0F94DC3660
:10971000109265061092660610926706109268060F
:1097200080919E13813081F46091A2137091A313F4
:1097300090E080E00F9411581092A3131092A2139E
:109740001092A5131092A413FF90EF90DF90CF908A
:10975000BF90AF909F908F9008958091E7031F92E4
:109760008F93809170031F928F93ECEBF4E0428112
:1097700053812CE3249FC001259F900D11249F93BA
:109780008F9340815181249FC001259F900D11240A
:109790009F938F938AE098E09F938F930F945CBA86
:1097A0008DB79EB70A960FB6F8949EBF0FBE8DBFB9
:1097B0000895CF93C82F8FEF9FE00F949ABB81300D
:1097C00021F080916F06813029F481E08C27CF91C0
:1097D0000C949E45CF9108958BE893E00D94302032
:1097E00020E030E040E752E40F94C1BD08951092AC
:1097F0008E0240916B0350916C0360916D037091E8
:109800006E0340939102509392026093930270937F
:10981000940290933A02809339028BE893E00D947E
:1098200030201F93CF93DF93182F80919102909156
:109830009202A0919302B091940280936B03909353
:109840006C03A0936D03B0936E03C0913902D09165
:109850003A0284E690E090933A02809339028BE8D2
:1098600093E00F94302010938E02CE01DF91CF91C0
:109870001F91089540E050E0BA018DEE9FE00F94F3
:10988000D0BB40E050E0BA0181EF9FE00F94D0BB25
:109890000E942A4170E060E085E09FE00F94DCBB0D
:1098A00070E060E083E09FE00F94DCBB70E060E07C
:1098B00081E09FE00F94DCBB70E060E08FEF9EE002
:1098C0000F94DCBB70E060E083ED9EE00F94DCBBA6
:1098D00070E060E080ED9EE00F94DCBB40E050E083
:1098E000BA0188EA9CE00D94D0BBF89488E198E036
:1098F0000FB6F894A895809360000FBE9093600017
:10990000FFCFC82F9FB7F894E2E0F1E08081846038
:1099100080839FBF6C2F83E09DE00F94BEBB8C2F94
:109920000E94A3C80E94754C1F920F920FB60F920F
:10993000112483E00E94814C1F920F920FB60F9268
:10994000112482E00E94814C85EA9FE00F949ABB2B
:1099500091E0811101C090E0892F08958091E40386
:10996000811106C081E090919E03923009F080E061
:1099700008958091741481110AC080911605811197
:1099800006C081E090919E03913009F080E0089537
:10999000CF93DF93C0915D0EC1111FC080915E0E09
:1099A00081111CC00E94AE4C811118C0D0916A0E6A
:1099B000D43061F48091730E9091740E892B91F4E0
:1099C0008091710E9091720E892B61F40E94B94CB6
:1099D000C82F811103C0C1E0D111C0E08C2FDF91ED
:1099E000CF910895C1E0FACF0E94C84C882389F036
:1099F00020E030E040E050E4609150077091510762
:109A000080915207909153070F94B7BD881F882704
:109A1000881F08950E94B94C811118C00E94AE4C55
:109A2000811114C080915F0E811110C080916A0E67
:109A300081110BC080919F13811107C080915D0E31
:109A4000811104C080915E0E089581E00895FC01AB
:109A50002081211101C06695FC0162830895FC01FB
:109A6000618321E0603208F020E09081291781F0C5
:109A70008281992351F090E095958795828370E0DB
:109A800075956795618320830895880F8283FBCF46
:109A9000211104C070E0759567956183089580E198
:109AA000E8E4F7E0A7E5B5E001900D928A95E1F7CB
:109AB00008954F925F926F927F928F929F92AF9292
:109AC000BF92CF92DF92EF92FF920F931F93CF93AB
:109AD000DF9300D000D01F921F92CDB7DEB7209148
:109AE0005F0E222309F473C12091E603223009F4AA
:109AF0006EC12091E603213011F41092E6032B0190
:109B00003C011092E7031091B2056091F604709148
:109B1000F7048091F8049091F9040F943ABE61170C
:109B200031F0812F90E09093720E8093710E0E941D
:109B3000F2498091AF058093E7039091E50380910E
:109B40000C1881958927887089278093E503A301E4
:109B500092016091A8027091A9028091AA0290914D
:109B6000AB020F94C1BC6D837E838F839887CE0137
:109B700005960F9457871092380220E030E040E8B5
:109B80005FEB60919C0270919D0280919E0290918A
:109B90009F020F94B7BD811120C08091480790911A
:109BA0004907A0914A07B0914B0780939C0290937C
:109BB0009D02A0939E02B0939F0280914C079091CA
:109BC0004D07A0914E07B0914F078093A00290934C
:109BD000A102A093A202B093A302A30192016091FB
:109BE000A8027091A9028091AA029091AB020F94F1
:109BF000C1BC69837A838B839C83E0905007F0908B
:109C0000510700915207109153072091A002309103
:109C1000A1024091A2025091A30260919C02709116
:109C20009D0280919E0290919F021F921F921F920F
:109C30001F92E2E68E2EE7E29E2EE6E7AE2EE2E4EB
:109C4000BE2EFE0131966F010F94B187A3019201E0
:109C50006091A8027091A9028091AA029091AB0232
:109C60000F94C1BC69837A838B839C83E090A402A8
:109C7000F090A5020091A6021091A7022091A002E7
:109C80003091A1024091A2025091A30260919C02E6
:109C900070919D0280919E0290919F021F921F924F
:109CA0001F921F920F94B187E090A402F090A5023A
:109CB0000091A6021091A7022091A0023091A1026A
:109CC0004091A2025091A30260919C0270919D026A
:109CD00080919E0290919F021F921F921F921F924D
:109CE000812C912CF8EEAF2EF2E4BF2EA8EACA2EFA
:109CF000A2E0DA2E0F94B1870F94523711E010933F
:109D00003802609106187091071890E080E00F9477
:109D100026B660939102709392028093930290937F
:109D20009402809176039091770390933A02809306
:109D3000390280E1ECE9F2E0A8E4B7E001900D928D
:109D40008A95E1F70E944F4D80916A020FB6F89410
:109D5000DEBF0FBECDBF811151C060910818709158
:109D6000091880910A1890910B18609388177093C6
:109D7000891780938A1790938B170F94685380915B
:109D8000081890910918A0910A18B0910B188093A7
:109D9000870390938803A0938903B0938A03109359
:109DA000741460E085EA9FE00F94BEBB60E08FE72B
:109DB0009CE00F94BEBB86E694E60E94ADEE82E086
:109DC00080936A0210925F0E81E08093620E289663
:109DD0000FB6F894DEBF0FBECDBFDF91CF911F91BC
:109DE0000F91FF90EF90DF90CF90BF90AF909F903A
:109DF0008F907F906F905F904F900895813089F69B
:109E00008091081890910918A0910A18B0910B1828
:109E100080937F0390938003A0938103B093820388
:109E200010928310109282100E949340BACF3F92FA
:109E30004F925F926F927F928F929F92AF92BF925A
:109E4000CF92DF92EF92FF920F931F93CF93DF9306
:109E50003090F117332009F480C08B01EC0131FE02
:109E600054C088809980AA80BB80FB01C080D180CB
:109E7000E280F3802091C6173091C7174091C81730
:109E80005091C917C501B4010F9467B62B013C016D
:109E90002091CA173091CB174091CC175091CD1714
:109EA000C701B6010F9467B69B01AC01C301B201B3
:109EB0000F94C2BC2B013C012091BE173091BF17FB
:109EC0004091C0175091C117C501B4010F9467B6F6
:109ED0004B015C012091C2173091C3174091C41708
:109EE0005091C517C701B6010F9467B69B01AC012D
:109EF000C501B4010F94C2BC688379838A839B83B4
:109F0000F801408251826282738230FE26C0209125
:109F1000E9173091EA174091EB175091EC176881DF
:109F200079818A819B810F94C2BC688379838A83FB
:109F30009B832091ED173091EE174091EF175091D0
:109F4000F017F80160817181828193810F94C2BC06
:109F5000F8016083718382839383DF91CF911F9196
:109F60000F91FF90EF90DF90CF90BF90AF909F90B8
:109F70008F907F906F905F904F903F9008952F92B9
:109F80003F924F925F926F927F928F929F92AF9289
:109F9000BF92CF92DF92EF92FF920F931F93CF93D6
:109FA000DF9300D000D01F921F92CDB7DEB78C0197
:109FB0001B01FC0180819181A281B38189839A83F5
:109FC000AB83BC83FB0180819181A281B3818D83AE
:109FD0009E83AF83B887BE016B5F7F4FCE01019632
:109FE0000E94174FC980DA80EB80FC8020E030E0CF
:109FF000A901C701B6010F94B7BD87FF35C019820B
:10A000001A821B821C82FF24F3948D809E80AF8075
:10A01000B88420E030E040E850ECC501B4010F9472
:10A02000B7BD87FF35C080E090E0A0E8B0EC8D833D
:10A030009E83AF83B887CD80DE80EF80F8848980EF
:10A040009A80AB80BC807090F11771104CC0F80101
:10A0500080829182A282B382F101C082D182E282A7
:10A06000F382FF24F39425C020E030E04FE753E46F
:10A07000C701B6010F944BBFF12C181634F680E0DF
:10A0800090E0AFE7B3E489839A83AB83BC83BBCF13
:10A0900020E030E844E553E4C501B4010F944BBF20
:10A0A00018162CF480E090E8A4E5B3E4C0CFF110DA
:10A0B000C2CF8F2D28960FB6F894DEBF0FBECDBF4E
:10A0C000DF91CF911F910F91FF90EF90DF90CF9094
:10A0D000BF90AF909F908F907F906F905F904F90C8
:10A0E0003F902F90089570FE1CC02091E917309189
:10A0F000EA174091EB175091EC17C501B4010F948A
:10A10000C1BC4B015C012091ED173091EE174091DD
:10A11000EF175091F017C701B6010F94C1BC6B0146
:10A120007C0171FE9ECF2091D9173091DA174091B2
:10A13000DB175091DC17C501B4010F9467B62B01F2
:10A140003C012091DD173091DE174091DF175091CF
:10A15000E017C701B6010F9467B69B01AC01C301BC
:10A16000B2010F94C2BCF801608371838283938330
:10A170002091E1173091E2174091E3175091E417D5
:10A18000C501B4010F9467B64B015C012091E5173E
:10A190003091E6174091E7175091E817C701B601D3
:10A1A0000F9467B69B01AC01C501B4010F94C2BC0A
:10A1B000F101608371838283938353CFCF92DF92C7
:10A1C000EF92FF92CF93DF93EC01BC016C5F7F4F66
:10A1D0000E94BF4FC0902902D0902A02E0902B022B
:10A1E000F0902C02A7019601688579858A859B8568
:10A1F0000F94B7BD87FF04C0C886D986EA86FB8660
:10A20000C0901D02D0901E02E0901F02F09020022C
:10A21000A7019601688579858A859B850F944BBF38
:10A22000181624F4C886D986EA86FB86DF91CF917A
:10A23000FF90EF90DF90CF9008952F923F924F9232
:10A240005F926F927F928F929F92AF92BF92CF92C6
:10A25000DF92EF92FF920F931F93CF93DF93CDB7CF
:10A26000DEB7A2970FB6F894DEBF0FBECDBF1C01BC
:10A2700087E595E00E94DE508BE893E00F94302054
:10A28000409048075090490760904A0770904B07EC
:10A29000C0905705D0905805E0905905F0905A05A8
:10A2A000A7019601C301B2010F94B7BD81113FC050
:10A2B00020915B0530915C0540915D0550915E05F4
:10A2C00060914C0770914D0780914E0790914F0718
:10A2D0000F94B7BD81112BC020E030E040E752E47D
:10A2E00060919102709192028091930290919402F8
:10A2F0000F94C1BD0F94D3960E940540A2960FB64D
:10A30000F894DEBF0FBECDBFDF91CF911F910F91AB
:10A31000FF90EF90DF90CF90BF90AF909F908F9085
:10A320007F906F905F904F903F902F900895609135
:10A33000390270913A02072E000C880B990B0F948A
:10A3400028B620919102309192024091930250914F
:10A3500094020F9467B62EE333EC4EE259E30F9468
:10A3600067B66F83788789879A878091A613882339
:10A3700009F40FC1A3019201C701B6010F94C1BC3A
:10A380002B013C0120914C0730914D0740914E0725
:10A3900050914F0760915B0570915C0580915D0560
:10A3A00090915E050F94C1BC6B877C878D879E87DB
:10A3B000C301B2019F772B853C854D855E855F7714
:10A3C0000F94C2BC6B017C0120E030E0A9010F9426
:10A3D0004BBF18160CF0DDC020E030E040EF51E438
:10A3E000C701B6010F94C1BD0F94A0BD0F943ABE32
:10A3F0007E836D836230710508F4CBC02114310473
:10A4000009F4C7C02091500730915107409152077D
:10A410005091530760915F057091600580916105CF
:10A42000909162050F94C1BC6F87788B898B9A8B52
:10A430002091540730915507409156075091570786
:10A440006091630570916405809165059091660542
:10A450000F94C1BC6B8B7C8B8D8B9E8BAD81BE8131
:10A46000CD01B0E0A0E08F8F98A3A9A3BAA32D815E
:10A470003E812216330608F08CC0B10190E080E0E6
:10A480000F9426B66B017C016F8D78A189A19AA1EA
:10A490000F9426B69B01AC01C701B6010F94C1BD54
:10A4A0006B017C01AC019B016B897C898D899E8944
:10A4B0000F9467B69B01AC016091540770915507EA
:10A4C00080915607909157070F94C2BC69837A8395
:10A4D0008B839C83A70196016F85788989899A89E6
:10A4E0000F9467B620915007309151074091520761
:10A4F000509153070F94C2BC6F8B788F898F9A8FBE
:10A50000A70196016B857C858D859E850F9467B626
:10A5100020914C0730914D0740914E0750914F07C5
:10A520000F94C2BC6B8F7C8F8D8F9E8FA70196017D
:10A53000C301B2010F9467B62091480730914907D3
:10A5400040914A0750914B070F94C2BC3F922F9203
:10A55000A8E4B7E0BF93AF938F809884A984BA84AE
:10A56000DE0111966D01EF88F88C098D1A8D2B8D07
:10A570003C8D4D8D5E8D0F94B1870F900F900F9095
:10A580000F908091620E8111B7CEBFEF2B1A3B0A5C
:10A590006ECFE0905F05F09060050091610510912D
:10A5A000620520915B0530915C0540915D055091FD
:10A5B0005E056091570570915805809159059091FD
:10A5C0005A051F921F92E8E4F7E0FF93EF938F8004
:10A5D0009884A984BA84E3E6CE2EE5E0DE2E0F94BB
:10A5E000B1870F900F900F900F9086CECF92DF9291
:10A5F000EF92FF92CF939B01AC01C0905007D09097
:10A600005107E0905207F0905307C701B6010F942D
:10A61000C2BC609350077093510780935207909388
:10A62000530783B190914707911102C084FF26C060
:10A6300088E497E00E94DE50E0919A02F0919B023C
:10A6400060857185828593850F9406970F945237A4
:10A65000A7019601609150077091510780915207B0
:10A66000909153070F94C1BC6B017C01C701B601E7
:10A67000CF91FF90EF90DF90CF90089515980F94B1
:10A68000523781E00F949942C82F84E00F94BD198E
:10A6900065E575E585E591E40F9406970F945237CB
:10A6A00082E00F943E37A70196010F94C1BC6B0165
:10A6B0007C010F94A742882391F080911D02909114
:10A6C0001E02A0911F02B091200280935007909328
:10A6D0005107A0935207B09353070F94C6950F9458
:10A6E0008E198C2F0F949942C1CF8F929F92AF9267
:10A6F000BF92CF92DF92EF92FF924B015C01C0902C
:10A700005007D0905107E0905207F0905307AC01EA
:10A710009B01C701B6010F944BBF87FF11C0A50174
:10A720009401C701B6010F94C1BC9F77FF90EF90D1
:10A73000DF90CF90BF90AF909F908F900C94F65287
:10A74000FF90EF90DF90CF90BF90AF909F908F9051
:10A750000895E3E6F3E09FE780818F3721F087FFDC
:10A7600008C08F778083319683E0EB36F807A1F736
:10A7700008959083F8CF90918F02981710F48093EA
:10A780008F0280919002882339F0E0911904F091B2
:10A790001A04309709F019940895CF93DF93CDB739
:10A7A000DEB7AE014A5F5F4FFA0161917191AF016F
:10A7B00089E094E00F94E1BADF91CF91089569E0C8
:10A7C00074E00D9432BA69E074E0082E000C990B25
:10A7D0000D9402BACF93C82FC15020F080E20E949E
:10A7E000E353FACFCF910895CF93C82F862F6430CB
:10A7F00008F083E0809362030E940F408C0F8093E7
:10A80000610344E650E060E08068CF910C943049E9
:10A81000CF93DF93EA010E94F45369E074E0CE0124
:10A82000DF91CF910D9432BACF93C42F0E94F4538D
:10A8300069E074E08C2FCC0F990BCF910D9402BA84
:10A8400060E080E00E94F45310926103089540E4B8
:10A8500056E060E081E00E9430491092620310925D
:10A86000610348E050E06FE770E083E693E00D9409
:10A87000CCC14F925F926F927F928F929F92AF92D4
:10A88000BF92EF92FF920F931F93CF93DF930E949B
:10A89000275449E958E461E080E00E940854D091CF
:10A8A0008E0281E080938E02E1E4F5E1C49184E0C0
:10A8B0000F94BD1988E4E82E87E0F82EF701108682
:10A8C0001186128613860F94C6950E944F4DEBE3B6
:10A8D000F5E185909590A590B49007E515E08C2F53
:10A8E000992781950CF49095BC01072E000C880BDC
:10A8F000990B0F9428B62B013C012DEC3CEC4CE855
:10A900005FE3C501B4010F9467B69B01AC01C301BD
:10A91000B2010F9467B6F8012085318542855385D1
:10A920000F94C2BCF801608771878287938780E0AB
:10A9300090E0A8E4B4E48093910290939202A093F3
:10A940009302B093940265E575E585E591E40F9473
:10A95000D3960F9452370F948E1910928E02F701EE
:10A9600010861186128613860F94C6950E944F4D4D
:10A97000F6EFCF02B0011124072E000C880B990BC3
:10A980000F9428B69B01AC01F80160857185828522
:10A9900093850F94C2BCF801608771878287938783
:10A9A00080E090E0A8ECB3E480939102909392024F
:10A9B000A0939302B093940265E575E585ED90E46C
:10A9C0000F94D3960F945237D0938E0280E090E08C
:10A9D000ABE5B3E4F70180879187A287B3870F9433
:10A9E000C69581E0DF91CF911F910F91FF90EF907D
:10A9F000BF90AF909F908F907F906F905F904F909F
:10AA0000089590919002981709F1809390028823FD
:10AA1000E9F010927206109271061092D5058CED35
:10AA200093E00F9430200F949F1D615071098109AC
:10AA300091096093D8037093D9038093DA039093BC
:10AA4000DB030E94275482E00C94BB530895CF93FC
:10AA5000C82F109262031092610348E050E06FE744
:10AA600070E083E693E00F94CCC144E951E162E0E9
:10AA700080E30E94304946E950E062E080E30E94B2
:10AA8000304946E950E062E080E30E94304946E9FF
:10AA900050E062E080E20E9430498091170444E671
:10AAA00050E060E080620E94304984E0809360035F
:10AAB00044E650E060E08CE00E943049C1110E9401
:10AAC000275444E650E060E086E0CF910C94304992
:10AAD00081E00C942755CF92DF92FF920F931F9342
:10AAE000CF93DF9300D000D01F921F92CDB7DEB777
:10AAF0008A30D9F480916203843018F08FEF80930C
:10AB00006203609162036F5F80E00E94F4532896B5
:10AB10000FB6F894DEBF0FBECDBFDF91CF911F916E
:10AB20000F91FF90DF90CF90089590E8980F44E642
:10AB300050E061E09A3408F5482F4058550B9A01CF
:10AB400096E0929FA001939F500D1124FA01E958BD
:10AB5000F14FF490E3E6F3E030E020E09FEF619105
:10AB6000782F76277F7789F4F901ED59FC4F8083A0
:10AB7000F22E44E650E061E08F2D0E943049809132
:10AB800061038F5F80936103C2CF6F3709F03CC0D0
:10AB9000F901ED59FC4F8083922FF92EFA01EE58FE
:10ABA000F14F8E010F5F1F4FD801959188E0182E4D
:10ABB00010FE05900294802D9795881F8D931A940E
:10ABC000B9F7BF2DE8E0BE02C001112444E650E011
:10ABD00060E080640E9430496E01F9E0CF0ED11C24
:10ABE00044E650E061E0D8018D918D010E9430492A
:10ABF000C016D106A9F78091610344E650E060E0F9
:10AC000080680E943049B5CF67FF922F2F5F3F4F7A
:10AC10002830310509F0A3CF9F3F09F0BECFA9CF5F
:10AC20008F929F92AF92BF92EF92FF920F931F93DA
:10AC3000CF93DF93CDB7DEB7A0970FB6F894DEBF02
:10AC40000FBECDBF611571058105910599F480E3B3
:10AC5000A0960FB6F894DEBF0FBECDBFDF91CF91A7
:10AC60001F910F91FF90EF90BF90AF909F908F90AA
:10AC70000C946B5500E0842E912CB12CA12C9E01DC
:10AC80002F5F3F4F7901A50194010F940DBCF7018F
:10AC9000E00FF11D6083B901CA010F5F61157105F5
:10ACA0008105910581F70E0D1F2D111DE016F1068E
:10ACB00059F0F80182918F018A3020F4805D0E9462
:10ACC0006B55F4CF895CFBCFA0960FB6F894DEBF2E
:10ACD0000FBECDBFDF91CF911F910F91FF90EF90ED
:10ACE000BF90AF909F908F900895CF92DF92EF9298
:10ACF000FF926B017C01F7FE0BC08DE20E946B5549
:10AD0000F094E094D094C094C11CD11CE11CF11CBF
:10AD10004AE0C701B601FF90EF90DF90CF900C940E
:10AD200010560F9433518F3FF9F080E00E94015587
:10AD30000E94275448E95FE561E080E00E940854E2
:10AD400080E20E946B550F943351682F70E06F5F63
:10AD50007F4F072E000C880B990B0E9475560F949D
:10AD6000B27C81E00C94015508950F931F93CF930B
:10AD70008C01C62FCC2359F0F8012491222339F0FD
:10AD80000F5F1F4F84910E946B55C150F3CF8C2FE2
:10AD90000E94EA538C2FCF911F910F9108950F932A
:10ADA0001F93CF938C01C62FCC2349F0F8018191DA
:10ADB0008F01882321F00E946B55C150F5CF8C2F55
:10ADC0000E94EA538C2FCF911F910F910895CF933A
:10ADD000DF93EC018991882319F00E946B55FACF1B
:10ADE000DF91CF910895CF93DF93EC0120E030E025
:10ADF0004CE852E4609154077091550780915607D2
:10AE0000909157070F94C2BC6093540770935507F5
:10AE1000809356079093570760E070E080EA91E4D2
:10AE20000F9406970E94BC490E94275443EE52E6B5
:10AE300060E080E00E9408548881882339F061E056
:10AE400080E00E94F453CE010E94E7564EE154E1A7
:10AE500062E080E00E94085483E49BE20F94EE14C9
:10AE6000DF91CF910D9452370E946B5590E080E0B6
:10AE700008951092A9031092D8050895CF93809158
:10AE8000A903C1E0811104C0C0E08C2FCF910895C7
:10AE90000E943957FACF1F920F920FB60F921124CA
:10AEA0000BB60F922F938F939F93EF93FF93E091A5
:10AEB0005B03E830E8F4F0E08827EE59F84A8F4F5A
:10AEC0000D94AABC6A5784578F579D57B357BC57E8
:10AED000DF57F1578091700681110AC080911D06DD
:10AEE000880F80935A03882319F081E080935B03D5
:10AEF000FF91EF919F918F912F910F900BBE0F902B
:10AF00000FBE0F901F901895809159038F5F80930B
:10AF1000590390915A03981758F382E0E7CF83E0E2
:10AF200080935B038FE0809358038FEF86BD81E0B1
:10AF300085BD84B58F7E84BDDBCF8091580382951B
:10AF4000807F819588BD80915803882321F08150AE
:10AF500080935803CDCF84E080935B038FEF88BD4F
:10AF60008EEF86BDC5CF85E080935B038FEF88BDF4
:10AF700086BD82E085BDBCCF2FEF28BD80917006D5
:10AF80008111B6CF809159038F5F809359039091BF
:10AF90005A03891708F4ACCF80911D0690E08F37D3
:10AFA00091050CF0A5CF86E080935B038FE0809342
:10AFB000580326BD81E085BD84B58061BCCF8091FA
:10AFC00058038295807F819588BD809158038111B7
:10AFD000BECF87E080935B0380E886BD8FEF88BD9E
:10AFE00087CF10925B0380E886BD8FEF88BDC1CF0D
:10AFF000CF93DF93EC0187E69FE00F949ABB91E03B
:10B00000811101C090E081E02881211101C080E020
:10B010008913988387E09FE00F949ABB91E0811198
:10B0200001C090E0998385ED9EE00F949ABB91E07A
:10B03000811101C090E09A8387E49DE00F949ABB50
:10B040008F3F21F08887DF91CF9108951886FBCF3D
:10B05000CF93C82F682F87E69FE00F94BEBBCC2309
:10B0600019F0CF910D944763CF910D9437631092EF
:10B070003B050F949F1D6093A2177093A3178093B5
:10B08000A4179093A51708951F920F920FB60F92D1
:10B0900011240BB60F928F939F93EF93FF93E0ECE5
:10B0A000F4E080819181019691838083FF91EF91FB
:10B0B0009F918F910F900BBE0F900FBE0F901F901E
:10B0C00018951F920F920FB60F9211242F934F9342
:10B0D0005F936F937F938F939F93AF93BF93809171
:10B0E0003B058823F1F08091AB048B34D0F0809144
:10B0F0006A0086FF24C080913B0690913C06A09197
:10B100003D06B0913E068093510390935203A09365
:10B110005303B093540380916A0090E4892780938D
:10B120006A00BF91AF919F918F917F916F915F91D5
:10B130004F912F910F900FBE0F901F9018958091F7
:10B140003B0690913C06A0913D06B0913E06409191
:10B150005103509152036091530370915403841B27
:10B16000950BA60BB70B2091E70344E050E060E09D
:10B1700070E0253620F043E050E060E070E0841796
:10B180009507A607B70738F28091C2049091C304CF
:10B1900002969093C3048093C204BDCF8F929F9276
:10B1A000AF92BF92CF92DF92EF92FF920F931F93D5
:10B1B000CF93DF93C0ECD4E068817981072E000C37
:10B1C000880B990B0F9428B66B017C010F949F1D7F
:10B1D0000CEB14E08090A2179090A317A090A417F6
:10B1E000B090A517681979098A099B090F9426B6AA
:10B1F0009B01AC0160E070E08AE793E40F94C1BD6D
:10B20000A70196010F9467B60F9433BEF8017183BE
:10B2100060836A817B81072E000C880B990B0F9449
:10B2200028B66B017C010F949F1D8090A21790900F
:10B23000A317A090A417B090A517681979098A09D7
:10B240009B090F9426B69B01AC0160E070E08AE791
:10B2500093E40F94C1BDA70196010F9467B60F94B4
:10B2600033BEF80173836283198218821B821A82AB
:10B27000DF91CF911F910F91FF90EF90DF90CF90D2
:10B28000BF90AF909F908F90089580935503109238
:10B29000700380FF08C08091C40483708130E9F49A
:10B2A00080E880937003209170038FEF820F8E3FB0
:10B2B000D8F08091A000877F8093A0001092AD000D
:10B2C0001092AC009FB7222351F0F89480910201B4
:10B2D0008062809302019FBF08958FEFE2CFF894C0
:10B2E000809102018F7DF5CFEFB7F8948091A00097
:10B2F00088608093A00030E0809172004FEF50E0B2
:10B3000081FF04C04091A8005091A900249FC00172
:10B31000259F900D349F900D11246FEF70E00F94D6
:10B3200063BC7093AD006093AC00EFBF08958BE2F7
:10B330009DE00F949ABB9091C40480FB91F9909387
:10B34000C4040E94375881E00C9445591F93CF9351
:10B35000DF93D0915503D1FD1DC010912305C1E0AD
:10B3600020E030E048E452E46091660E7091670E90
:10B370008091680E9091690E0F944BBF18160CF0D7
:10B38000C0E0DE7FCD2B81E0111101C080E0C82B31
:10B39000C093550380915503DF91CF911F910C9479
:10B3A0004559EF92FF920F931F93CF93DF93EC01D8
:10B3B0008B017A010E94C14081110BC0A801BE011E
:10B3C000C701DF91CF911F910F91FF90EF900D94E6
:10B3D000AEBBDF91CF911F910F91FF90EF90089539
:10B3E0000F931F93CF93DF938C01D62FC72F0F940A
:10B3F000A8BB8F3F980739F46D2F7C2FC8010F949D
:10B40000F8BB8D2F9C2FDF91CF911F910F91089545
:10B410000F931F93CF938C01C62F0F949ABB8F3F2E
:10B4200029F46C2FC8010F94E2BB8C2FCF911F9190
:10B430000F910895CF93DF93EC010F94A8BBBC014B
:10B440006F5F7F4FCE01DF91CF910D94F8BBCF930B
:10B45000DF93EC010F949ABB61E0680FCE01DF919E
:10B46000CF910D94E2BBCF93DF93EC010F949ABB85
:10B4700061E0811160E0CE01DF91CF910D94E2BBDC
:10B480002BE0829FC0011124805B924F0F94A8BBD8
:10B4900021E0019609F420E0822F0895CF93DF93F5
:10B4A000C82FD8E0CF5FC8300CF0C0E08C2F0E94CE
:10B4B000405A811103C0D150A9F7CFEF8C2FDF91F3
:10B4C000CF91089581EA9DE00F949ABB0E944E5A55
:10B4D00087FD05C0682F81EA9DE00D94BEBB0895ED
:10B4E0000F931F93CF93C82F8B0166ED7DE08230C1
:10B4F00070F06FEC7DE0843050F067EC7DE08430DC
:10B5000031F06FEB7DE0853011F068EB7DE0C80134
:10B510000F9451B98CEF8C0F823028F0C170CF5C42
:10B52000F801C6831782CF911F910F91089561E0B2
:10B5300080EC9FE00F94BEBB60E08FEB9FE00F9428
:10B54000BEBB60E08EEB9FE00F94BEBB60E08DEB76
:10B550009FE00F94BEBB60E08CEB9FE00D94BEBB00
:10B56000CF93C82F82958F700E94FE488C2F8F70CA
:10B57000CF910C94FE4880918710909188101816F6
:10B5800019060CF043C001979093881080938710A0
:10B59000892BA1F48091821090918310892B21F442
:10B5A00010928510109284108091841090918510D3
:10B5B000909377128093761281E0089580917612AD
:10B5C000909177120396FC01E757FF4E2081019678
:10B5D0002111F9CFFC01E757FF4E8D3E21E0920784
:10B5E00040F441919C012F5F3F4F4111E1CFC901D0
:10B5F000F4CFE9E8F0E18D3E21E09207C9F6CF01F2
:10B600008958904121912223D1F3D2CF80E008952F
:10B6100080919E0490919F042091A0043091A104F8
:10B62000821B930B8F7799270895FC0120E03EE25F
:10B63000DB014D91BD01403249F0283011F43083D7
:10B640003196DB0111974C91408331962F5F2B305F
:10B6500079F71082089540E050E0BA010D94DE4879
:10B66000FC01238121110D94D3800895909126052A
:10B67000911107C09091C00095FFFCCF8093C60048
:10B680000895913031F49091C80095FFFCCF8093DC
:10B69000CE0008950E94365B90E080E00895CF933D
:10B6A000DF93EC01FE018491882321F00E94365B38
:10B6B0002196F8CFDF91CF910895CF92DF92EF924C
:10B6C000FF92C090660ED090670EE090680EF090EA
:10B6D000690E80E997E10E944F5B42E0C701B60125
:10B6E0000F94EBB288E897E10E944F5B6091F604FB
:10B6F0007091F7048091F8049091F90441E00F945F
:10B70000EBB2FF90EF90DF90CF900D949EB34F92ED
:10B710005F926F927F928F929F92AF92BF92CF92E1
:10B72000DF92EF92FF920F931F93CF93DF93CC247E
:10B73000CA94DC2C76010EEA1FE093E2892E912C4C
:10B74000A12CB12C412C512C3201D0E0C0E08FEF64
:10B75000C81609F45DC0C8010F94A8BBEC01BC0178
:10B76000990F880B990B0F9428B620917F06309182
:10B77000800640918106509182060F94C1BD2B0135
:10B780003C01C701B6010F942AAF82E896E10E94FE
:10B790004F5BC501B4010F942AAF82E896E10E9485
:10B7A0004F5BBE010D2E000C880B990B0F942AAF36
:10B7B00082E896E10E944F5B20E030E04AE754E4E3
:10B7C000C301B2010F9467B60F942E5185E0880E25
:10B7D000911CA11CB11C0E5F1F4F8FEFC81AD80A15
:10B7E000E80AF80A0A3B8FE0180709F0B0CFDF91AA
:10B7F000CF911F910F91FF90EF90DF90CF90BF906E
:10B80000AF909F908F907F906F905F904F90089532
:10B8100083E09BE20E944F5BB8CF882371F186E7FB
:10B8200096E10E944F5B60912D1370E090E080E004
:10B830000F942AAF80912D138430D8F010922D13DD
:10B8400081E796E10E944F5B80912D1390E00F9469
:10B85000C15280912D132091B0053091B1053093E4
:10B86000740E2093730E0E942DFE0E94BC490D940D
:10B8700052378F5F80932D13E3CF90E080E00E94DA
:10B8800028BEE9CFCF93DF938EE696E10E944F5B0F
:10B89000C8E4D7E0688179818A819B8142E00F9476
:10B8A000EBB28AE696E10E944F5B6C817D818E81CE
:10B8B0009F8142E00F94EBB286E696E10E944F5BD7
:10B8C000688579858A859B8542E00F94EBB282E694
:10B8D00096E10E944F5B6C857D858E859F8542E059
:10B8E0000F94EBB28FEF97E00E944F5B80E00F94D4
:10B8F00030370F9428B6C3E7D6E02C813D814E81C6
:10B900005F810F94C1BD42E00F94EBB28EE596E1EA
:10B910000E944F5B81E00F9430370F9428B6288542
:10B9200039854A855B850F94C1BD42E00F94EBB227
:10B930008AE596E10E944F5B82E00F9430370F94C6
:10B9400028B62C853D854E855F850F94C1BD42E0AC
:10B950000F94EBB286E596E10E944F5B83E00F9473
:10B9600030370F9428B6288939894A895B890F9422
:10B97000C1BDDF91CF910D942E5185E695E10E94D6
:10B980004F5B6091660E7091670E8091680E90918A
:10B99000690E41E00F94EBB282E695E10E944F5BA5
:10B9A0006091730E7091740E072E000C880B990B2A
:10B9B0000F9428B641E00F94EBB28EE595E10E941A
:10B9C0004F5B6091F6047091F7048091F8049091B8
:10B9D000F90441E00F94EBB28BE595E10E944F5BD7
:10B9E0006091710E7091720E072E000C880B990BEE
:10B9F0000F9428B641E00F94EBB286E595E10E94E2
:10BA00004F5B6091660E7091670E8091680E909109
:10BA1000690E41E00F94EBB283E595E10E944F5B24
:10BA20006091730E7091740E072E000C880B990BA9
:10BA30000F9428B641E00F94EBB28FE495E10E9499
:10BA40004F5B60911E0570E090E080E00F942AAF9C
:10BA50008AE495E10E944F5B60911D0670E090E0E2
:10BA600080E00F942AAF86E495E10E944F5B6091DD
:10BA70009A0370919B0380919C0390919D0341E0F8
:10BA80000F94EBB282E495E10E944F5B6091560601
:10BA900070915706809158069091590641E00F9495
:10BAA000EBB20D949EB320916C1430E0A8EEB3E09D
:10BAB0000F943ABCAB01BC018DE694E10F94831E58
:10BAC000882399F080916B1480FD0E94BD5C809169
:10BAD0006B1482FD0E94425C80916B1481FD0E9478
:10BAE000AD4B8DE694E10D94302008950E944F5B9C
:10BAF0000D949EB3CF9381EA9DE00F949ABBCBE067
:10BB00008C9FC0011124805B924F0F94A8BB81567B
:10BB1000904F803A9F40C8F08FE597E10E94765D94
:10BB200081EA9DE00F949ABB8C9FC001112470E0C4
:10BB300060E0805B924F0F94F8BB82E297E10F9434
:10BB4000AA1281E0CF910C940155CF910895FF92F4
:10BB50000F931F93CF93DF939091190591114BC0D1
:10BB6000C82F81E080931905CC2301F10E94B94CC4
:10BB70008823E1F00E94AE4C811120C063E08FEF7A
:10BB800090E10E94BDE9F090B2050091B0051091DE
:10BB9000B105D091AF050F94AB1DF092B205109393
:10BBA000B1050093B005D093AF0508C061E080E017
:10BBB0000E94B1F88AE499E6CC2311F082E799E675
:10BBC0000E944F5B88E798E00E94765D86EF90E1E7
:10BBD0000E94ADEE9FB7F89480910201846080933B
:10BBE00002019FBF0F944610C11105C08091D3037D
:10BBF00081608093D303DF91CF911F910F91FF90CC
:10BC00000895EC01F8940F945923179A1092450760
:10BC1000169A10924607149A8AE499E60E944F5B9E
:10BC200083E097E10E94765D209779F0CE010E9433
:10BC3000765DBE0185E99CE00F94F8BB62E484E97F
:10BC40009CE00F94E2BB0E94754CCBEFD6E1F1CFA4
:10BC50008091060186FD33C080E00E94D94B10928E
:10BC600050071092510710925207109253070F94E9
:10BC7000C69520E030E040EA50E4609150077091B2
:10BC8000510780915207909153070F94C2BC609363
:10BC90005007709351078093520790935307E09198
:10BCA0009A02F0919B0260857185828593850F943D
:10BCB00006970F94523781EC90E70E94015E089539
:10BCC0002F923F924F925F926F927F928F929F92AC
:10BCD000AF92BF92CF92DF92EF92FF920F931F939A
:10BCE000CF93DF93CDB7DEB760970FB6F894DEBF82
:10BCF0000FBECDBF282E6E875A87498720918E02AE
:10BD00002D877724739470928E0242E0841709F491
:10BD1000D4C1082F10E0F801E15CFA4E3490832D75
:10BD2000032C000C990B9C878B87D801AA0FBB1F93
:10BD3000AA0FBB1FBA83A983FD01E253FD4F808187
:10BD40009181A281B3818B839C83AD83BE838093D9
:10BD5000910290939202A0939302B0939402BC013B
:10BD6000CD010E94F04B6B017C0181E0022C01C0EF
:10BD7000880F0A94EAF70F94BD19A981BA81A85BCC
:10BD8000B84FB887AF83FD011082118212821382EF
:10BD90000F94C6950E944F4D632D032C000C770B1A
:10BDA000880B990B0F9428B64B015C0149815A818D
:10BDB000495A5A4F588B4F8720E030E040E450EC0E
:10BDC0000F9467B6AF85B8896D937D938D939C93DF
:10BDD0001397C701B6010F94D3960F9452370F945F
:10BDE000B54210928E02EF81F88510821182128284
:10BDF00013820F94C695AF85B8898D929D92AD92AE
:10BE0000BC921397C701B6010F94D3960F94523783
:10BE100070928E02E981FA81ED5CFA4E4590559060
:10BE2000659074902DEC3CEC4CE85FE3C501B401E7
:10BE30000F9467B6A30192010F9467B6EF85F88956
:10BE40006083718382839383C701B6010F94D39675
:10BE50000F945237712C612C4F8058840F94B54247
:10BE600010928E02D2011D921D921D921C92139768
:10BE70000F94C69520E030E040E251ECC501B401DA
:10BE80000F9467B6EF85F88960837183828393830B
:10BE9000C701B6010F94D3960F9452370F94B54251
:10BEA000F1E0F0938E0220E030E040E351E4C50180
:10BEB000B4010F9467B6AF85B8896D937D938D9368
:10BEC0009C9313978B819C81AD81BE81809391025D
:10BED00090939202A0939302B0939402C701B6018B
:10BEE0000F94D3960F945237822D0F945A189C01B9
:10BEF00044E0369527954A95E1F7A985BA851097CC
:10BF000021F0FD01E60DF71D20839F938F933F9352
:10BF10002F937F926F92EBE1F5E1FF93EF930F94F4
:10BF20005CBA4FEF641A740A0FB6F894DEBF0FBE06
:10BF3000CDBF9E85691608F491CF0F94B54210923B
:10BF40008E028091FA04882309F4B2C0F801E5500A
:10BF5000FB4F6081603408F0ABC0F801E65AFD4F3A
:10BF6000A081AB83F801E350FB4F808140E051E0BA
:10BF700002C0569547958A95E2F7822D0F9449683D
:10BF8000BB81BB2339F0432D41956B2F70E0822D8F
:10BF90000F941A680F948E19822D0E94B03FF801F9
:10BFA000EB5BF84F81E080836B857C8571956195B3
:10BFB0007109072E000C880B990B0F9428B62AE004
:10BFC00037ED43E25CE30F9467B64B015C01F80187
:10BFD000E85AFD4F608170E090E080E00F9428B651
:10BFE0009B01AC01C501B4010F9467B64B015C0124
:10BFF000E981FA81E85BF84FFC83EB83AC019B019C
:10C0000060817181828193810F94C1BCAB81BC81BD
:10C010006D937D938D939C9313970F94C695EB81AD
:10C02000FC812081318142815381C501B4010F948B
:10C03000C2BCAB81BC816D937D938D939C93139710
:10C04000E981FA81E95AFA4F60837183828393838D
:10C0500020E030E040E05FE3C701B6010F9467B62F
:10C060000F94D3960F94523710929102109292022D
:10C070001092930210929402FD85F0938E026096C6
:10C080000FB6F894DEBF0FBECDBFDF91CF911F91E9
:10C090000F91FF90EF90DF90CF90BF90AF909F9067
:10C0A0008F907F906F905F904F903F902F9008956A
:10C0B000432D419568E070E06ACF81E00E94D94B42
:10C0C000E1E4F5E1B491B983109250071092510761
:10C0D00010925207109253070F94C695EBE3F5E1C7
:10C0E00085909590A590B490E9816E2FEE0F770B17
:10C0F000880B990B0F9428B66B017C0120E030E08F
:10C1000040EC5FE3C501B4010F9467B6A701960147
:10C110000F9467B660935F05709360058093610527
:10C120009093620580E090E0A8E4B4E480939102EB
:10C1300090939202A0939302B0939402BC01CD011C
:10C140000E94F04B4B015C010F94D3960F94523731
:10C150000E94285E109250071092510710925207C9
:10C16000109253070F94C695E7E1F5E1659175913B
:10C17000859194919058A70196010F9467B66093AA
:10C180005F05709360058093610590936205C5011A
:10C19000B4010F94D3960F945237E7E1F5E165911E
:10C1A0007591859194919B01AC010F94C2BCA7013C
:10C1B00096010F9467B660935F0570936005809356
:10C1C00061059093620580E090E0A8ECB3E4809371
:10C1D000910290939202A0939302B0939402BC01B7
:10C1E000CD010E94F04B0F94D3960F9452370E94CA
:10C1F000285E82E00E94B03F8091500790915107E5
:10C20000A0915207B091530780935F05909360050A
:10C21000A0936105B0936205109291021092920270
:10C2200010929302109294020F94B54270924707B5
:10C2300080E00E94D94B20CF2F923F924F925F9285
:10C240006F927F928F929F92AF92BF92CF92DF9226
:10C25000EF92FF920F931F93CF93DF9300D01F9223
:10C260001F92CDB7DEB7D82E2A013B01322EE982CC
:10C27000FA820B831C830F94523781E080935D0E0A
:10C28000FC2CE32CD31010C0ED2CDC100DC060E0B2
:10C2900070E080EA90E40E947553FF24F394EE244A
:10C2A000E3942224239401C02D2C0F941CA8809188
:10C2B000A6138D831092A61382E00F943E376093ED
:10C2C0005007709351078093520790935307F110D2
:10C2D0000F94B2A381E00E94114C8C010E944F4D3B
:10C2E0001092910210929202109293021092940274
:10C2F000222009F47AC19B8D91116DC150E040E07C
:10C3000061E080E00E94605EEE2031F050E040E0AD
:10C3100061E081E00E94605EDD20E9F0411451049B
:10C3200061047104C1F0C301B2010F9428B69B01EE
:10C33000AC016091CB067091CC068091CD069091B6
:10C34000CE060F94C2BC6093480770934907809350
:10C350004A0790934B07332001F189819A81AB8181
:10C36000BC810097A105B105C1F0BC01CD010F94BE
:10C3700028B69B01AC016091CF067091D0068091E8
:10C38000D1069091D2060F94C2BC60934C07709373
:10C390004D0780934E0790934F07FF2009F4A2C0EA
:10C3A00060E070E080EA90E40E9475538091450758
:10C3B000811105C050E040E061E00E94605E809124
:10C3C0004607811106C050E040E061E081E00E9434
:10C3D000605E0F9481A8E7E2FEE385919591A591B7
:10C3E000B491E3E2FEE345915591659174914093D8
:10C3F0005705509358056093590570935A058093DB
:10C400005B0590935C05A0935D05B0935E056BE5BD
:10C4100075E087E595E00E94174F0F94E3A720E0B1
:10C4200030E040E850EC60915B0570915C058091D4
:10C430005D0590915E050F94B7BD87FF0CC080E04D
:10C4400090E0A0E8B0EC80935B0590935C05A0932E
:10C450005D05B0935E0580E090E0A6E1B3E48093D3
:10C46000910290939202A0939302B093940210923F
:10C470008E020F94C6956091910270919202809104
:10C480009302909194020F94D3960F945237809117
:10C49000570590915805A0915905B0915A05809380
:10C4A000480790934907A0934A07B0934B078091A0
:10C4B0005B0590915C05A0915D05B0915E05809350
:10C4C0004C0790934D07A0934E07B0934F0781E020
:10C4D00080938E020F94B54250E040E061E082E02C
:10C4E0000E94605ECC20E9F081149104A104B104A3
:10C4F000C1F0C501B4010F9428B69B01AC01609155
:10C50000D3067091D4068091D5069091D6060F94EB
:10C51000C2BC609350077093510780935207909369
:10C5200053070F94C695C8010E94F74B0F94B5426C
:10C530000F9481A80F941FA6D11007C0311005C019
:10C540008C8D811102C0CC2039F1F11025C09D8164
:10C55000992311F181E08093A6130F943E376B016C
:10C560007C0180E00F943E37A70196010F946A5139
:10C570009B01AC0160915007709151078091520767
:10C58000909153070F94C1BC60935007709351076B
:10C59000809352079093530784E10F94A1B30F94B3
:10C5A000523710925D0E0F900F900F900F900F90DA
:10C5B000DF91CF911F910F91FF90EF90DF90CF907F
:10C5C000BF90AF909F908F907F906F905F904F90B3
:10C5D0003F902F90089580E00F948016EE2009F48C
:10C5E0009BCE81E00F94801697CEEE2009F494CE76
:10C5F000AB8DAA2309F48ACEF4CF8F929F92AF928B
:10C60000BF92CF92EF92FF920F931F93262F91E04C
:10C610009F931F92812C912C5401C42EE12CF12C5C
:10C62000870140E050E0BA010E941C610F900F901A
:10C630001F910F91FF90EF90CF90BF90AF909F9080
:10C640008F9008952F923F924F925F926F927F92B8
:10C650008F929F92AF92BF92CF92DF92EF92FF9212
:10C660000F931F93CF93DF93CDB7DEB7A4970FB689
:10C67000F894DEBF0FBECDBF0F9452378091620E8B
:10C68000811117C081E080935E0E80914507882359
:10C6900049F080914607882329F0209147072F838E
:10C6A000211120C081E08093861084E794E20F94EA
:10C6B000C952A4960FB6F894DEBF0FBECDBFDF916E
:10C6C000CF911F910F91FF90EF90DF90CF90BF908F
:10C6D000AF909F908F907F906F905F904F903F9022
:10C6E0002F9008958BEA9DE00F949ABB182F8EE44B
:10C6F0000E94DC40082F0E946E408E83002329F0A8
:10C70000873009F4C9C0833029F0133009F0C3C061
:10C7100063E06E8380E090E0A0E8BFE38A839B83C0
:10C72000AC83BD838AEA9DE00F949ABB888F83E433
:10C730000E94DC40182F0E946E40112329F08823AC
:10C7400019F08B3008F4888F88E50E94DC4088233C
:10C7500009F4ABC00E94C64520E030E04CE952E449
:10C760000F94C1BC20E030E048EB51E40F94C1BC11
:10C770006A877B878C879D8789E50E94DC408823B8
:10C7800009F49CC00E94C64520E030E048E052E435
:10C790000F94C1BC20E030E040EA50E40F94C1BCEB
:10C7A0006C8B7D8B8E8B9F8B87E50E94DC40882372
:10C7B00009F489C00E94C6452A853B854C855D8564
:10C7C0000F94C2BC20E030E04CE153E40F94C2BCB3
:10C7D000698F7A8F8B8F9C8F88E40E94DC4088233E
:10C7E00009F47AC00E94C6452C893D894E895F892B
:10C7F0000F94C2BC20E030E048E852E40F94C2BC81
:10C800006D8F7E8F8F8F98A30F94AE6980912902D0
:10C8100090912A02A0912B02B0912C028093A71331
:10C820009093A813A093A913B093AA130F94B2A343
:10C8300005EC1FE0C8010F94A8BB019609F051C098
:10C840000E5F1F4F053D8FE01807A1F7212CA6EAC8
:10C85000B3E1BAA3A9A3B987A887512C412C312CE5
:10C86000042D842D63E00F9449BC988B68847984EF
:10C8700010E0F889F11137C0812F63E00F9449BCB3
:10C88000911131C021103DC17E81733009F470C017
:10C890008F818E8737C01E836AE979E989E19FE33A
:10C8A0006A837B838C839D833DCF80E090E0A0E80A
:10C8B000BFEF8A879B87AC87BD875ECF60E070E063
:10C8C00080E89FEF6DCF80E090E0A0E8BFE7898F20
:10C8D0009A8FAB8FBC8F80CF60E070E080E89FE7DD
:10C8E0008FCF2F80B4CF60E070E080EC9FE7D30162
:10C8F00011966D937D938D939C931497BE81B33065
:10C90000C1F11E86812F0F941FA44B015C01802F63
:10C910000F940CA46B017C01A50194016A857B85B1
:10C920008C859D850F944BBF18160CF41AC1298D68
:10C930003A8D4B8D5C8DC501B4010F944BBF181619
:10C940000CF40FC1A70196016C897D898E899F899E
:10C950000F944BBF18160CF404C12D8D3E8D4F8DD6
:10C9600058A1C701B6010F944BBF18160CF4F9C0BB
:10C9700033941F5F24E0620E711C173009F079CFE9
:10C980006FEF461A560A888599854C96998788874D
:10C9900097E04916510409F063CF0E94B2BCA09100
:10C9A0007A07AF83B091F703B88781E080937A0765
:10C9B0008AE0830D8093F70381E00E94BB5380E0FF
:10C9C00090E0A0EAB0E48093500790935107A093C1
:10C9D0005207B093530765E575E585E591E40F943B
:10C9E000069780E00E94114C9CA38BA3312C832DD1
:10C9F00067E00F9449BCF82E092F682F70E07F87FD
:10CA00006E8780FF03C076E0791B072F802F63E0DD
:10CA10000F9449BC911105C08F2D0F9449BC11E0B2
:10CA2000911110E0802F0F941FA4688B798B8A8B53
:10CA30009B8B8F2D0F940CA44B015C018E81833056
:10CA400009F097C01111C6C027E0AE85BF852A9FA7
:10CA5000F0012B9FF00D1124E00FF11DEE0FFF1FD1
:10CA6000EE0FFF1FEA55FC4E60E070E080EC9FE7A0
:10CA700061837283838394833394E1E33E12B7CF5F
:10CA800080E090E0A0EAB0E48093500790935107D3
:10CA9000A0935207B093530765E575E585E591E4EA
:10CAA0000F9406970F945237B1E33B1609F42DC249
:10CAB00080916F0391E0980F90936F03882309F49E
:10CAC000CFC160E080E00E94B1F88AEA90E10F9463
:10CAD000AA1280E00F941C1281E08093970286E6F0
:10CAE00094E60E94ADEE2F8120937A0768856093CB
:10CAF000F70382E00E94BB530F94523710925E0EF0
:10CB0000D8CD011103C0112309F4BECE812F63E0FB
:10CB10000F9455BC840D952D911D880F991F8D5331
:10CB2000904F0F94A8BBBC01990F880B990B0F94E1
:10CB300028B62AE037ED43E25CE30F9467B69B0129
:10CB4000AC016091A7137091A8138091A9139091E3
:10CB5000AA130F94C2BCF30161837283838394830D
:10CB600093CEFE85FF2309F404CF222009F400CFE1
:10CB700000CF288939894A895B896A857B858C85BC
:10CB80009D850F944BBF181604F1288939894A896D
:10CB90005B89698D7A8D8B8D9C8D0F94B7BD87FDD8
:10CBA00014C0A50194016C897D898E899F890F9499
:10CBB0004BBF181654F0A50194016D8D7E8D8F8D9D
:10CBC00098A10F94B7BD87FF05C0112309F454CF76
:10CBD000211052CF10E0A7E08E859F85A89FF0011D
:10CBE000A99FF00D1124E00FF11FEE0FFF1FEE0FB4
:10CBF000FF1FEA55FC4E4180528063807480C12C37
:10CC0000D12CE0EAEE2EE0E4FE2E222051F023E3C8
:10CC100033E343EB5EE3C301B2010F94C2BC6B018B
:10CC20007C01A70196016091500770915107809196
:10CC30005207909153070F94B7BD87FF10C0C09261
:10CC40005007D0925107E0925207F092530765E5E2
:10CC500075E585E591E40F9406970F94523768893E
:10CC600079898A899B8960934807709349078093E3
:10CC70004A0790934B0780924C0790924D07A092E1
:10CC80004E07B0924F076CE477E088E497E00E948B
:10CC9000BF4F60E070E086E193E40F9406970F9435
:10CCA00052378091620E882339F07F8170937A0722
:10CCB00088858093F703FDCC812C912C70E2A72E00
:10CCC00071ECB72E222051F02A813B814C815D818D
:10CCD000C301B2010F94C1BC4B015C01488DC50179
:10CCE000B4010F94B869811109C081EC90E79F935A
:10CCF0008F930F945CBA0F900F90C2CE2091500783
:10CD0000309151074091520750915307C701B60126
:10CD10000F94C1BC20E030E0A9010F94B7BD87FF9C
:10CD200036C060E070E080EA90E460935007709352
:10CD30005107809352079093530765E575E585E5A4
:10CD400091E40F9406970F945237488DC501B401B2
:10CD50000F94B869882349F2209150073091510708
:10CD6000409152075091530760E070E080EA90E4F0
:10CD70000F94C1BC2DEC3CEC4CEC5DE30F94B7BDC3
:10CD800087FF05C082ED95E10F9483BA79CEC090FC
:10CD90005007D0905107E0905207F090530722209F
:10CDA000A1F0A7019601C301B2010F94C1BC9B0180
:10CDB000AC015F776A817B818C819D810F94B7BDC7
:10CDC00087FF03C089E995E1DFCF8FEA9FE00F94E9
:10CDD0009ABB882309F440C086EA9FE00F949ABB6F
:10CDE0008823D1F160919A0370919B0380919C03F9
:10CDF00090919D030E949F4120917F063091800673
:10CE000040918106509182060F94C1BD9B01AC01F7
:10CE1000E7E0AE85BF85EA9FC001EB9F900D11242E
:10CE2000080F191F000F111F000F111F0A551C4E6C
:10CE3000C701B6010F94C1BCD80111966D937D93C3
:10CE40008D939C9314978091F70381508093F703FF
:10CE500081E00E94BB5310CE20E030E0A901D8CF82
:10CE600085E00F94BE42C12CD12C90EAE92E90E4CB
:10CE7000F92E88E790E10F9427128EE190E00F944D
:10CE80007B2E0E94395480E00F949942182F60E065
:10CE900070E080E89FEB0E94F65281E00F94994287
:10CEA00084E00F94BD19C0925007D0925107E092D0
:10CEB0005207F092530765E575E585E591E40F9417
:10CEC00006970F9452370F948E19812F0F94994221
:10CED00082E00F943E3720E030E040EA50E40F94C7
:10CEE0004BBF181634F2EF81E0937A07F885F09380
:10CEF000F70381E00E94015541E061E081E00E947A
:10CF0000FD6281E080938610D4CB10926F038BA1D9
:10CF10009CA10E94F74B0F945CA360916D057091EA
:10CF20006E05072E000C880B990B0F9428B69058AD
:10CF300020917F06309180064091810650918206B3
:10CF40000F94C1BD0F9478A380EC9FE00F949ABB1F
:10CF500091E0813009F090E099834FEB5FE06CE461
:10CF6000CE0101960E94F140F82E4EEB5FE062E5A3
:10CF7000CE0101960E94F140082F4DEB5FE066E480
:10CF8000CE0101960E94F140182F4CEB5FE062E465
:10CF9000CE0101960E94F140212F110F330B082E74
:10CFA000000C990B5C01A21AB30A8F2DFF0C990B90
:10CFB000280F391F46E0429F6001439FD00C112487
:10CFC000F12CE12C002E000C110B081B190BB701E2
:10CFD00069557C4E3B01460177E07A83D3012D9061
:10CFE0003D904D905D903D01FD013497FB87EA87B0
:10CFF000B401092C000C880B990B0F9428B62FE371
:10D0000033EC4EE259E30F9467B6A20191010F94FD
:10D01000C2BCAA85BB856D937D938D939C9313971A
:10D02000BA81B150BA83800E911EB111D7CFCA0C0C
:10D03000DB1CECE1EE0EF11CF4ECEF16F10439F61A
:10D040000E94B2BC8DE40E94DC40882309F484C0B5
:10D050000E946E402E81273009F094C0882309F485
:10D0600091C0BB24B394AA24AA94AB0C09A11AA121
:10D07000612C8EEF882E8B0C6A2D862D0F9427A3A2
:10D0800099249394960C81116EC06B2D862D0F946C
:10D0900027A3C12CD12C7601712C882381F020E0AC
:10D0A00030E0A901D8015D966D917D918D919C91A3
:10D0B00090970F94C2BC6B017C0177247394682D08
:10D0C000862D0F9427A3882369F0F8017B97208190
:10D0D000318142815381C701B6010F94C2BC6B01FB
:10D0E0007C0173946A2D892D0F9427A3882361F006
:10D0F000F8012581368147815085C701B6010F941B
:10D10000C2BC6B017C0173946A2D8FEF860D0F9466
:10D1100027A3882331F1F80133972081318142819F
:10D120005381C701B6010F94C2BC6B017C0173949B
:10D13000672D70E090E080E00F9428B69B01AC0171
:10D14000C701B6010F94C1BDD80111966D937D93AF
:10D150008D939C93149707C08CEA9DE00F949ABB23
:10D1600079CF7110E5CF692C0C5F1F4FB7E09B1290
:10D1700083CFB394E9A1FAA17C96FAA3E9A3F8E0DE
:10D18000BF1271CF81E08093A6138FE40E94DC4030
:10D19000811103C00F94CDA39FCC0E946E408111DA
:10D1A000F9CF0E94EC4B98CC8BE893E00F943020A1
:10D1B0008091871090918810892B79F0E0917612F8
:10D1C000F0917712E757FF4E8081813011F0863061
:10D1D00021F48DE596E20C94765D08958091871098
:10D1E00090918810892B29F00E94D4680E94BB5A24
:10D1F000F5CF10927712109276121092851010923D
:10D20000841081E0809386100895EF92FF920F932F
:10D210001F93CF93DF938091A613882389F18BE22C
:10D2200096E10E94765D85E196E10E94765D84E05C
:10D2300096E10E94765DC7E0DCE1C15058F1CD9FD8
:10D240007001112401E010E081E096E10E944F5B43
:10D25000F801EE0FFF1FEE0FFF1FEE0DFF1DED5546
:10D26000FC4E608171818281938145E00F94EBB225
:10D270000F5F1F4F0830110539F70F949EB3DDCFB4
:10D2800088E396E1DF91CF911F910F91FF90EF908E
:10D290000C94765DDF91CF911F910F91FF90EF90ED
:10D2A00008958F929F92AF92BF92CF92DF92EF92AA
:10D2B000FF9280916C0E811131C00F949F1D6B0104
:10D2C0007C0120912F02222309F1409197024130E5
:10D2D000E9F08091100290911102A0911202B09198
:10D2E000130246015701881A990AAA0ABB0A30E0BC
:10D2F000A8EEB3E00F943ABC86169706A806B906C6
:10D300006CF0443031F19CF44230D4F4C0921002FD
:10D31000D0921102E0921202F0921302FF90EF906D
:10D32000DF90CF90BF90AF909F908F900895453041
:10D3300069F782E799E60E944F5B8DEA94E106C0A7
:10D3400082E799E60E944F5B8AED94E10E94765D48
:10D35000DDCF82E799E60E944F5B84EC94E1F6CF43
:10D36000CF92DF92EF92FF920F931F93CF93DF93B1
:10D370001F921F92CDB7DEB70F949F1D0091A21789
:10D380001091A3172091A4173091A517601B710B62
:10D39000820B930B6938734181059105D0F0809120
:10D3A0003B05811116C00F949F1D6093A2177093C7
:10D3B000A3178093A4179093A5178091AB04809333
:10D3C00014028B3418F08FEF8093AB0481E08093CC
:10D3D0003B050F949F1D0091A2171091A317209158
:10D3E000A4173091A517601B710B820B930B653648
:10D3F00071058105910508F4F7C080913B058823EC
:10D4000009F4F2C00E94CE5883E08A8382E08983C7
:10D4100080913802882351F087E89FE00F949ABBEF
:10D4200091E0811101C090E0909338028091BC049A
:10D430009091BD0444970CF0A0C020E030E048E497
:10D4400052E46091660E7091670E8091680E909123
:10D45000690E0F944BBF18160CF08FC080915603C5
:10D460008F5F809356038091BE049091BF0405970F
:10D470000CF089C090915B0E80915C0E981709F4B6
:10D480007FC0E0915C0E8EE6E89FF0011124EF531F
:10D49000F84F80818C3408F476C0809157038F5FF9
:10D4A000809357038091560381110BC080915703DD
:10D4B000811107C08091E603823019F481E08093E6
:10D4C000E6038091E603813061F40E940A4D8111E8
:10D4D00008C01092E6031092D20386E694E60E94FA
:10D4E000ADEE80913802882309F46EC08091E60386
:10D4F000823009F469C086E5E82E83E0F82EFE014B
:10D5000031966F0110E002E0F70191917F01F60181
:10D5100081916F01891768F5F70131971082809129
:10D52000E603823031F10093E6030E94B94C882370
:10D5300081F10E94AE4C811106C0809116058823AE
:10D5400029F10F94CF0A113059F18DED9DE00E9421
:10D55000765D8091D20381110CC041E070E060E003
:10D5600088EC90E00F94CE4462E086E693E20E945D
:10D57000BDE9113049F111E0C7CF1092560373CFC6
:10D580008091E70387CF109257038CCF0F94AB1D88
:10D59000DACF1092740E1092730E1092E303D3CF71
:10D5A00085E09EE00E94765D8091D20381110CC0DF
:10D5B00041E070E060E088EC90E00F94CE4462E0DF
:10D5C00082E593E20E94BDE9809114028093AB044E
:10D5D0000F949F1D6093A2177093A3178093A417B5
:10D5E0009093A51710923B050F900F90DF91CF916C
:10D5F0001F910F91FF90EF90DF90CF900C94A65960
:10D60000CF92DF92EF92FF926B017C01C0925C039C
:10D61000D0925D03E0925E03F0925F038091750308
:10D620008230B1F420E030E040E950E4C7010F94CB
:10D63000B7BD87FF14C08091A3069091A406A09166
:10D64000A506B091A606803D9740A105B10520F53D
:10D65000C701B601FF90EF90DF90CF9008952AE9BF
:10D6600039E949E95EE3C701B6010F94B7BD87FF09
:10D670000AC020E030E048E351E4C701B6010F944E
:10D6800067B66B017C0189E59EE00E944F5BC70194
:10D69000B6010F942E51DCCF2AE939E949E95EE35E
:10D6A000C701B6010F94B7BD87FDE3CF20E030E09E
:10D6B00040E85EE3C701B6010F9467B620E030E0B2
:10D6C00048E550E40F94C2BCDCCFCF92DF92EF92DA
:10D6D000FF92CF93909175039817B9F1C82FC0901E
:10D6E0005C03D0905D03E0905E03F0905F0320E068
:10D6F00030E0A901C701B6010F94B7BD882341F0FE
:10D70000C092C706D092C806E092C906F092CA0637
:10D710008CE39EE00E944F5BC13011F1E0F0C2301B
:10D7200011F1C09375036091C7067091C80680918E
:10D73000C9069091CA060E94006B6093C706709359
:10D74000C8068093C9069093CA06CF91FF90EF90C8
:10D75000DF90CF90089584E39EE00E94765DE1CF54
:10D7600080E39EE0FACF8CE29EE0F7CF0F94523731
:10D77000179AE5E4F7E01082169A1182149A80E075
:10D780000E94656B8FEF9FEF9093880280938702D2
:10D790002FEF2093840290938C0280938B0220932E
:10D7A0008302909386028093850290938A028093ED
:10D7B0008902089541ED50E067EE7CE083E796E052
:10D7C0000F9434B90F94F8860F941F2F0F94EE2501
:10D7D0000E94E24A82E799E60E944F5B85EC9CE05A
:10D7E0000C94765DCF93DF9367EE7CE083E796E061
:10D7F0000F9451B941ED50E064E170E083E796E0A9
:10D800000F94AEBB6091250582E09DE00F94BEBBF6
:10D81000C4E9D2E14AA55BA56CA57DA58EEF9CE08D
:10D820000F94D0BB4EA55FA568A979A982EA9CE0B8
:10D830000F94D0BB4AA95BA96CA97DA98EE99CE095
:10D840000F94D0BB4EA95FA968AD79AD8AEF9CE07B
:10D850000F94D0BB4AAD5BAD6CAD7DAD8AE99CE069
:10D860000F94D0BB6EAD7FAD88E99CE00F94DCBB1C
:10D8700040E450E06AEB7CE084ED92E10F94AEBBB3
:10D880004091141350911513609116137091171352
:10D8900086EB9CE00F94D0BB409118135091191364
:10D8A00060911A1370911B1382EB9CE00F94D0BB14
:10D8B00040911C1350911D1360911E1370911F1302
:10D8C0008EEA9CE00F94D0BB82E799E60E944F5B02
:10D8D00081E79CE0DF91CF910C94765D2F923F928F
:10D8E0004F925F926F927F928F929F92AF92BF9270
:10D8F000CF92DF92EF92FF920F931F93CF93DF931C
:10D90000CDB7DEB7A2970FB6F894DEBF0FBECDBF7E
:10D910008FE590E00E945741882309F491C00E944E
:10D92000085B8F37910561F48091A0049091A10468
:10D9300090939F0480939E0482E69CE00E94765D13
:10D940001E012FE1220E311CDD24D3940E94085BBE
:10D95000181619060CF068C080915F0E882329F014
:10D960000E94AE4C882309F45FC08091A703811107
:10D970005BC00F94A3B497FDE9CF282F8F3F09F028
:10D980007BC080914803882309F473C0D092470379
:10D99000109248031F8E18A2C0904B03CC20B1F206
:10D9A000809149038F8F91E09C1518F480914A0370
:10D9B00088A310924B033AA229A289A182198C153F
:10D9C00028F6E9A1FAA11191FAA3E9A38EE493E064
:10D9D0000F94001E17FDF1CF80918210909183105B
:10D9E0001A3009F44AC11D3009F447C18F35910539
:10D9F0000CF048C11B3311F4D0924D0320914D031C
:10DA00002111DBCF9C012F5F3F4F30938310209378
:10DA10008210209184103091851027573F4E820F3D
:10DA2000931FFC011383C9CF8091821090918310C2
:10DA3000181619060CF45AC280917414811170C220
:10DA4000A2960FB6F894DEBF0FBECDBFDF91CF9187
:10DA50001F910F91FF90EF90DF90CF90BF90AF900C
:10DA60009F908F907F906F905F904F903F902F90FE
:10DA70000895D09248038ECF30914703332309F4A1
:10DA800057C0893F09F43FC080F5863F09F448C07C
:10DA9000809146038260273F79F18DE29CE00E94ED
:10DAA0004F5B88E29CE00E944F5B1091460384E24A
:10DAB0009CE010FD02C08FE19CE00E944F5B012FB3
:10DAC00002708AE19CE011FD02C085E19CE00E94A9
:10DAD0004F5B84E19CE00E94765D002329F155E4D0
:10DAE00050930B021092470355CF8A3F41F080912B
:10DAF000460381602B3F89F680934603CECF809109
:10DB000046038E7FF9CF10924B0310924703109279
:10DB10004603109245031092480310924403BDCF70
:10DB2000809146038D7FE8CF80E280930B02DACFAD
:10DB30002091480340914603222331F1E0914B03A9
:10DB400040FF49C030914403332309F440C021E031
:10DB50002E0F20934B03AE2FB0E0A75BBC4FFFEF1F
:10DB6000FC9350914503552351F0EE5FE0934B0336
:10DB7000E22FF0E0E75BFC4F5083109245033150F9
:10DB80003093440310924803E0914B0340FF6CC074
:10DB900020914403222349F191E09E0F90934B037F
:10DBA000AE2FB0E0A75BBC4F8C93809145038823D8
:10DBB00051F0EE5FE0934B03E92FF0E0E75BFC4FA1
:10DBC000808310924503215020934403E3CE22E04A
:10DBD00020934403D7CF21E02E0F20934B03F0E096
:10DBE000E75BFC4F5FEF5083CDCFA82FAF7040E0D5
:10DBF00031E0AF3029F0B0E0A050BE4F4C9130E0A2
:10DC0000582F507F503F59F4326030FF13C0D092EC
:10DC1000440331FF0CC082E080934403BBCE829565
:10DC20008F70A82FB0E0A050BE4F2C91EECF209364
:10DC30004503B0CE81E08E0F80934B03AE2FB0E052
:10DC4000A75BBC4F4C934A3009F4A4CE31FF03C00C
:10DC5000D09244039FCEEE5FE0934B03E82FF0E0B9
:10DC6000E75BFC4F208396CE91E09E0F90934B0391
:10DC7000F0E0E75BFC4F80838DCE009719F41092A3
:10DC80004D03DECE00918410109185100D5F1F4F63
:10DC900087579F4EFC01E00FF11F108207571F4E60
:10DCA0001A83098380914D03811103C1F80180819A
:10DCB0008E3409F08AC04AE050E0BE016F5F7F4FAA
:10DCC000C80101960F9425B72B013C01E980FA8029
:10DCD000F7018081803231F4FFEFEF1AFF0AFA82F8
:10DCE000E982F4CF80907F0390908003A09081031D
:10DCF000B0908203D501C4010196A11DB11D841508
:10DD00009505A605B70549F044E050E06DE57CE0D7
:10DD1000C7010F9479B9892BA1F46AE270E0C701B9
:10DD20000F94F1C19093141880931318009709F47D
:10DD300045C0F801F12CE817F90771F02191F2269E
:10DD4000FACF8AE499E60E944F5B8BE897E00E9445
:10DD50004F5BC501B40115C00E947B40F81619063F
:10DD6000D9F08AE499E60E944F5B8CE697E00E9426
:10DD70004F5B60917F03709180038091810390914C
:10DD800082030F942AAF0F949EB30E949340109287
:10DD900083101092821054CEE0911318F091141851
:10DDA0001082E980FA8068E57CE0C7010F9448B9E9
:10DDB000892B39F582E39AE00E94015E8AE499E6B4
:10DDC0000E944F5B82E497E0C2CF89819A81FC0177
:10DDD0002081203221F401969A838983F6CF6AE26A
:10DDE00070E00F94F1C1892B39F08AE499E60E9422
:10DDF0004F5B88E197E0BBCF44244A94542C320116
:10DE0000D0CF44E050E063E57CE0C7010F9479B9DE
:10DE10005C01F7018081873481F480916D0E85303B
:10DE200061F086E195E00F94001EF6E0F0936D0E30
:10DE300060E085EA9FE00F94BEBBAB2821F08091A3
:10DE400019058111A4CF26E077FC21E08091841090
:10DE500090918510FC01E757FF4E208349815A813C
:10DE6000F801DA0140175107A1F501900020E9F708
:10DE70009F01201B310B0396280F391F2D3EF1E027
:10DE80003F0779F13093851020938410809187109B
:10DE9000909188100196909388108093871077FC5A
:10DEA00008C040927F035092800360928103709279
:10DEB000820310928310109282100E94085B892BBB
:10DEC00009F4BECD8FE590E00E945741811175CDD8
:10DED000B7CD6D9161939D01241B350B6111F9CF75
:10DEE000CACF1092851010928410D0CF80916C0E02
:10DEF00060E273E0811102C060ED77E08EE493E0B0
:10DF00000F94D11D882309F497CD10924D031092E0
:10DF100083101092821088E49CE00E94765D90CD80
:10DF200080910717882309F48BCD809182109091FE
:10DF30008310892B09F084CD8091871090918810EF
:10DF4000892B11F410924C0312E001E040918817E4
:10DF50005091891760918A1770918B178091811762
:10DF600090918217A0918317B09184174817590791
:10DF70006A077B0708F0C1C080914C038111BDC0C6
:10DF80000F94405840910C1750910D1760910E1747
:10DF900070910F17409388175093891760938A17D1
:10DFA00070938B1720918210309183108A3061F02A
:10DFB0008D3051F0833209F487C02F35310524F4B8
:10DFC0008F3F980709F087C02115310509F438CD36
:10DFD00080910717811103C040E050E0BA018091A1
:10DFE000870390918803481B590BA0918410B0912E
:10DFF0008510FD01E757FF4E10834183528313962E
:10E0000027573F4EF901EA0FFB1F1082A757BF4E5B
:10E01000FD0101900020E9F73197EA1BFB0BF89412
:10E02000809187109091881001969093881080932A
:10E030008710EC5F8091841090918510E80FF92F84
:10E04000F11DF0938510E0938410809107178823C9
:10E0500009F43DC08091881790918917A0918A1783
:10E06000B0918B178093870390938803A0938903C3
:10E07000B0938A03ED3EF14021F410928510109286
:10E080008410789410924D03109283101092821095
:10E09000409188175091891760918A1770918B175A
:10E0A0008091811790918217A0918317B091841766
:10E0B000481759076A077B0700F58FE590E00E9433
:10E0C0005741811143CFBCCC00934C037DCF80E0FE
:10E0D00090E0DC01C7CFA9014F5F5F4F50938310E1
:10E0E00040938210409184105091851047575F4EA5
:10E0F000240F351FF901838329CF40918817509150
:10E10000891760918A1770918B1780918117909170
:10E110008217A0918317B0918417481759076A078F
:10E120007B0708F48DCC0E941940892B09F088CC1C
:10E130000F945D5185E097E00E94765D0F94EF3279
:10E140006B017C010E94484B8CE3882E912CA12C02
:10E15000B12CC701B601A50194010F940DBCCA01F1
:10E16000B901A50194010F940DBC7F936F93C70172
:10E17000B60120E13EE040E050E00F940DBC3F933B
:10E180002F9384E39CE09F938F938E010F5F1F4F2B
:10E190001F930F930F94B1BA82E799E60E944F5BE9
:10E1A000C8010F949FB4C8010E94F9F70F94085D4D
:10E1B000109269020FB6F894DEBF0FBECDBF8091FA
:10E1C0007514882359F00F94835380916C0E882323
:10E1D00009F436CC86E00F94A1B332CC81E00F94E1
:10E1E000475D809175148111EECFEFCFCF93DF9310
:10E1F000EC018991882319F00E94365BFACFDF91F8
:10E20000CF910895FF920F931F93CF93DF93EC016B
:10E21000F62E662309F44BC00F9458B98C01C8013F
:10E220000E945741882309F453C080918410909133
:10E230008510FC01E757FF4E23E0208384579F4E53
:10E24000BE01FF20E9F10F9451B982E799E60E94DF
:10E250004F5B8AEF96E00E944F5B80918410909113
:10E26000851084579F4E0E94F67088EF96E00E94BA
:10E27000765D80918410909185100496080F191F87
:10E280000D3E81E01807F9F010938510009384107B
:10E2900080918710909188100196909388108093B8
:10E2A0008710DF91CF911F910F91FF900895FC018E
:10E2B00001900020E9F731978F01081B190BAFCFB0
:10E2C0000F9405C2C2CF1092851010928410E0CF37
:10E2D0008AE499E60E944F5B8AEF96E00E944F5BCA
:10E2E000CE01FF2059F00E944F5B83E399E6DF9156
:10E2F000CF911F910F91FF900C94765D0E94F67064
:10E30000F4CF0F931F93CF93DF93D62F8C01C0E0F0
:10E31000F8018591949161E00E940271CF5F0E5FD8
:10E320001F4FDC13F5CFDF91CF911F910F9108950F
:10E33000CF93DF93CDB7DEB76E970FB6F894DEBFFD
:10E340000FBECDBF9E012C5D3F4FF9014191519110
:10E350009F016EE170E0CE0101960F94F0BA60E08B
:10E36000CE0101960E9402716E960FB6F894DEBF40
:10E370000FBECDBFDF91CF910895EF92FF920F9323
:10E380001F93CF93DF93CDB7DEB76B970FB6F8949B
:10E39000DEBF0FBECDBF8AE59FE00F949ABBE82E8B
:10E3A0000AE01FE0F12C48E050E0FE1479F0B801DB
:10E3B000CE010E960F948ABB1E8A60E0CE010E96A7
:10E3C0000F94995AF394085F1F4FEDCF65E97FE0F2
:10E3D0008E010F5F1F4FC8010F948ABB19868EE212
:10E3E0008F8B43E050E061E97CE0CE0148960F94CA
:10E3F0008ABB1B8EBE01695E7F4FC8010F94E6C1C8
:10E400001F930F9388EE94E69F938F930E949871C9
:10E410000F900F900F900F906B960FB6F894DEBF91
:10E420000FBECDBFDF91CF911F910F91FF90EF9065
:10E430000895BF92CF92DF92EF92FF920F931F93B6
:10E44000CF93DF93E0915F0EE111B1C0052F142F40
:10E45000E9016B017C01F8940E94634AB0905E0E62
:10E46000B11002C0B0905D0E0E94194A0F948098BE
:10E4700080E1E8E4F7E0ACE9B2E001900D928A9522
:10E48000E1F7BB2061F080E090E0A0E8BFEB809373
:10E490009C0290939D02A0939E02B0939F02809154
:10E4A000390290913A02909377038093760380919A
:10E4B000730E9091740E9093B1058093B005809186
:10E4C000710E8093B2058091E50383FB882780F964
:10E4D00080930C188091E7038093AF050E94EE684B
:10E4E0001092741481E080935F0E0F94C737789474
:10E4F00020E030E0A901C701B6010F94B7BD20E0CC
:10E5000030E0A901F8016C2F7D2F81115AC08F2FA7
:10E51000902F0F94B7BD882309F449C080910C183F
:10E52000811105C061E080E794E20E9402710F93BF
:10E530001F93DF93CF938FE392E79F938F930E9474
:10E5400098710F900F900F900F900F900F9020E008
:10E5500030E0A901C701B6010F94B7BD882321F1AE
:10E5600084E48F9388E48F931F921F922091A402DA
:10E570003091A5024091A6025091A702C701B601B1
:10E580000F94C2BC9F938F937F936F9383E997E11E
:10E590009F938F930E9498718DB79EB70A960FB67E
:10E5A000F8949EBF0FBE8DBF81E080938610DF91EF
:10E5B000CF911F910F91FF90EF90DF90CF90BF9080
:10E5C00008958F2F902F0F94B7BD882349F2A6CFBF
:10E5D00080910804882321F180914F028230E9F470
:10E5E000A0914D02B0914E0228EE33E00F94BABCD8
:10E5F000AB01BC018FE393E00F94831E882331F0BD
:10E600006091060470E085E00C94FDC380913F03A7
:10E61000882331F060910704F5CF8111FBCFF0CF53
:10E6200008956091070484E39DE00F94BEBB609160
:10E63000060483E39DE00F94BEBB60914F0282E32A
:10E640009DE00F94BEBB60914D0270914E0280E33D
:10E650009DE00D94DCBB882361F081E080934F0244
:10E66000809107048E3118F48EE1809307040C9496
:10E67000E87282E39DE00F949ABB80934F0284E39B
:10E680009DE00F949ABBF1CF80910804882331F06C
:10E690008FE393E00F9430200C94E8720895FF927A
:10E6A0000F931F93CF93DF9390910804992399F1CF
:10E6B000882351F100914F02C82FD0E0CC0FDD1F0D
:10E6C00010E0FF24F394212F30E080913F038F2549
:10E6D000023009F080E08C0F9D2F911D281739071B
:10E6E0008CF481E090914F02911180E080934F0271
:10E6F0000E94E87269E170E080E090E00F94B21B44
:10E700001F5FE1CF00934F02DF91CF911F910F91D7
:10E71000FF900C944473DF91CF911F910F91FF9064
:10E7200008950F931F93CF93DF93D82F80918E1767
:10E73000813021F0823049F0C0E04BC082E080930C
:10E740008E170E9424C9809391171092921780917E
:10E750008E17823009F092C0809193178111D2C038
:10E760000E9424C9C82F80919117C81729F3C0931C
:10E77000911783E997E10F94001ECC2309F4CBC0D5
:10E7800080918F17882311F18091A80381111EC0F9
:10E7900080919E138130D1F080915B0E90915C0E40
:10E7A000891B8F7099F40E94B94C81110FC0809120
:10E7B0006A0E843059F08FE59FE00F949ABB811167
:10E7C00005C061E08DEE92E00F94C1AC81E08093D2
:10E7D000921780918E17823009F04BC09FB7F89442
:10E7E000809198179FBF882309F443C08FB7F8948E
:10E7F000109298178FBF0F94B7588C0180919D1776
:10E8000090919E178017910708F0DDC010939E1716
:10E8100000939D1780919B1790919C179C01265DFA
:10E82000334029353F4008F0DBC080919D1790911F
:10E830009E178D5596428737944120F461E080E021
:10E840000F94CE58C8018E5293418033934108F003
:10E85000D8C08091A11791E0980F9093A1178530AF
:10E8600008F4D1C086EB96E10F9483BA83E08093DD
:10E870008E17CC2319F081E080938F020E940A4DFD
:10E880008111CFC08091730E9091740E009739F46E
:10E890002091710E3091720E232B09F4C2C0409169
:10E8A0003002509131026091320270913302411571
:10E8B00051056105710509F4B4C0892B31F48091CB
:10E8C000710E9091720E892B29F08091DE058823BC
:10E8D00009F40FC180916C0E882321F040EE52E3C1
:10E8E00069E270E08EED95E00F94831E882309F4B1
:10E8F0009AC00F94592384ED90E10F94AA120F94BB
:10E90000461091C064E670E083E997E10F94D11D51
:10E91000811126CF11CFC0919017CC2309F44FC09D
:10E920008091A803811155CF80915B0E90915C0E70
:10E93000891B8F7029F40E94B94C882309F449CFB0
:10E9400080915F0E81113DC080919E13813009F44A
:10E9500040CF80916A0E843009F43BCF8FE59FE071
:10E960000F949ABB811135CF8EE598E09F938F93DA
:10E9700084E498E09F938F930F945CBA1092901761
:10E9800010928F1720E030E0A901CA01B9010E945E
:10E99000197260E070E0CB010E94594D85E69FE05E
:10E9A0000E94275A81E09FE00E941A5A8AE794E663
:10E9B0000F94C9520F900F900F900F900ACFC1E0A3
:10E9C00008CFC82F06CF80919B1790919C170817EE
:10E9D000190708F01FCF10939C1700939B171ACFAD
:10E9E000863D934008F02ECF80919D1790919E1701
:10E9F000845D9A438D31954008F024CF60E081E03A
:10EA00001FCF1092A11780919717813009F031CF55
:10EA1000035D1A430E31154008F02BCF85E896E1CF
:10EA200023CF1092DE058091871090918810039774
:10EA300014F40E946E6C90915B0E80915C0E98179E
:10EA400081F080916D0E863061F468E873E186E1B3
:10EA500095E00F94D11D882321F086E195E00F9475
:10EA6000001E40918303509184036091850370914F
:10EA70008603411551056105710509F03FC04091BC
:10EA8000340250913502609136027091370241157F
:10EA9000510561057105A9F08BE893E00F94831E81
:10EAA000882379F090915B0E80915C0E981309C0D9
:10EAB000D11107C0179A10924507169A109246076F
:10EAC000149AC091E70390915C0E80915B0E9817A9
:10EAD00001F180915C0E9EE6899FF0011124EF53B5
:10EAE000F84FC08190915B0E981799F08F5F8F70EF
:10EAF000F9CF8EED95E00F94302095CF8BE893E021
:10EB00000F94831E882309F4BACF87EE96E10E9402
:10EB1000015ECC2309F49FC0809171039091720330
:10EB2000A0917303B0917403892B8A2B8B2B81F4F2
:10EB30000F949F1D605E7C4F8F4F9F4F60937103BA
:10EB4000709372038093730390937403CFEF0FC09D
:10EB50000F949F1D00917103109172032091730314
:10EB600030917403601771078207930778F38091DF
:10EB70003B05882309F478C0C093140280911405E2
:10EB8000811107C081E0809314050F94787610926C
:10EB900014058091D7058823E1F11092D70580E014
:10EBA0000E944F734FB7F8948091D505282F082EF7
:10EBB000000C330B37FF03C0319521953109243008
:10EBC00031050CF454C0982F87FF02C093E0980FD2
:10EBD000959595952091710630917206290F311DFA
:10EBE00097FD3A953093720620937106837887FFDC
:10EBF00003C081508C6F8F5F8093D5054FBF86E037
:10EC00000F94BE4280918F02811103C081E08093F6
:10EC10008F020E94E8728091D805882361F00E94DB
:10EC20003957E0911B04F0911C04309721F080913A
:10EC30009002811119950E94535D0E94516940E331
:10EC400055E760E070E08FE993E0DF91CF911F918D
:10EC50000F910D94831E1092710310927203109203
:10EC600073031092740383CFC093AB0487CF1092C9
:10EC7000D5054FBF80E0C4CFCF93DF93EC010F9455
:10EC8000A22C81E00E94917380E00E94BB532097E8
:10EC900099F0C233D10540F062E370E080E090E08B
:10ECA0000F94B21BE297EBCFBE0190E080E00F948F
:10ECB000B21BD0E0C0E0E3CFDF91CF910895CF93B6
:10ECC000DF93C82FDFEF0F94A22C81E00E94917395
:10ECD00080919C138F3FD9F480913113843021F4BB
:10ECE000809134138111EFCF80916F139091701345
:10ECF000019749F780919613909197138932904824
:10ED000011F360E089E290E80F94785FDCCFD09354
:10ED10009C13853039F4CF3FF9F261E08C2F0F94CA
:10ED20000B7DD1CF8430C1F6DF91CF9108951F9232
:10ED30000F920FB60F9211240BB60F922F933F93A1
:10ED40004F935F936F937F938F939F93AF93BF93F3
:10ED5000EF93FF932091780030917900E0913E038A
:10ED6000F0E0EE0FFF1FE25DFC4F80819181820F8A
:10ED7000931F9183808380912D038F5F80932D0358
:10ED8000803109F060C080913E038F5F80933E0325
:10ED9000883009F050C080912E0390912F039093FA
:10EDA0000C0680930B06809132039091330390936D
:10EDB0000A0680930906809134039091350390935D
:10EDC0000806809307068091380390913903909349
:10EDD0001606809315068091360390913703909321
:10EDE0005D0680935C0680913C0390913D03909377
:10EDF0005B0680935A0680913A0390913B0390936F
:10EE00009A178093991781E080939817809324052F
:10EE1000FF91EF91BF91AF919F918F917F916F91F2
:10EE20005F914F913F912F910F900BBE0F900FBEAE
:10EE30000F901F90189580912C034FE553E08F5F42
:10EE400041F410922C0380917A00806480937A00C0
:10EE5000DFCF9A01082E02C0359527950A94E2F774
:10EE600020FFEDCF80932C030E94594010922D0378
:10EE7000EACFCF93DF93CAE7D0E088818F7B888386
:10EE800010922D0310923E0310922C0380E00E94FA
:10EE90005940EEE2F3E080E1DF011D928A95E9F747
:10EEA000888180648883DF91CF9108954F925F922B
:10EEB0006F927F928F929F92AF92BF92EF92FF924A
:10EEC0000F931F93CF93DF931F92CDB7DEB744E02C
:10EED00050E064E170E083E796E00F948ABB43E082
:10EEE00050E067EE7CE083E796E00F9479B9892BD8
:10EEF00009F0A0C1EBEAFDE045915591659174914F
:10EF000088ED90E00E945049EFEAFDE0459155916F
:10EF1000659174918CED90E00E945049E3EBFDE027
:10EF2000649180EE90E00E94085AE4EBFDE0659168
:10EF3000749181EE90E00E94F059E6EBFDE065915E
:10EF4000749183EE90E00E94F059E7EAFDE045916C
:10EF500055916591749184ED90E00E94504943E889
:10EF60005DE060E170E080EB90E00E94D15943E900
:10EF70005DE060E170E080EC90E00E94D15943EAEE
:10EF80005DE064E070E080ED90E00E94D15941EDD9
:10EF900050E064E170E083E796E00F948ABB0E9442
:10EFA000E24A03E716E08FE0E82E87E0F82E94ECC3
:10EFB000892E99E0992EA12CB12C20EC422E23E031
:10EFC000522E612C712C20E030E048E453E4F8012B
:10EFD00064897589868997890F944BBF18164CF4FC
:10EFE00080E090E0A8E4B3E4F801848B958BA68BD5
:10EFF000B78BF70161917191819191917F0120E02F
:10F0000030E048EC52E40F944BBF181654F480E003
:10F0100090E0A8ECB2E4F701349780839183A28357
:10F02000B383F80184A195A1A6A1B7A1853C99401D
:10F03000A105B10528F0F80184A295A2A6A2B7A265
:10F04000F70184859585A685B785813C9340A10508
:10F05000B10528F0F70144865586668677860C5FF1
:10F060001F4FF6E00B371F0709F0ADCF60912F0758
:10F0700070E080E00F94DF186091300770E081E06D
:10F080000F94DF186091310770E082E00F94DF1871
:10F090006091320770E083E00F94DF180F94F886D8
:10F0A0000F941F2FCE0101960F94E02544E350E802
:10F0B00067EB7AEB82EA9CE00E94504946E656E60E
:10F0C00066E87FE38EE99CE00E9450494AE959E9ED
:10F0D00069E17EE38AE99CE00E9450496EE071E0BC
:10F0E00088E99CE00E94F05961E087E99CE00E9479
:10F0F000085A82E09DE00F949ABB91E0811101C013
:10F1000090E0909325058EEF9CE00F94A2BB609356
:10F11000BE127093BF128093C0129093C11282EA04
:10F120009CE00F94A2BB6093C2127093C3128093B1
:10F13000C4129093C5128EE99CE00F94A2BB609319
:10F14000C6127093C7128093C8129093C9128AEFA7
:10F150009CE00F94A2BB6093CA127093CB12809371
:10F16000CC129093CD128AE99CE00F94A2BB6093DD
:10F17000CE127093CF128093D0129093D11288E95F
:10F180009CE00F94A8BB0F94C32240E450E06AEBCC
:10F190007CE084ED92E10F948ABB86EB9CE00F94B7
:10F1A000A2BB60931413709315138093161390935E
:10F1B000171382EB9CE00F94A2BB6093181370931B
:10F1C000191380931A1390931B138EEA9CE00F94EB
:10F1D000A2BB60931C1370931D1380931E13909316
:10F1E0001F130F94E222811106C081E89CE00E9467
:10F1F000765D0F94EE250F944A23CE0101960F946D
:10F20000D32582E799E60E944F5B8BEA9CE00E943F
:10F21000765D81E00F90DF91CF911F910F91FF906C
:10F22000EF90BF90AF909F908F907F906F905F9086
:10F230004F9008950E94DA6B64E070E084E190E002
:10F240000E94C14091E08927E5CF2F923F924F92D3
:10F250005F926F927F928F929F92AF92BF92CF9266
:10F26000DF92EF92FF920F931F93CF93DF93CDB76F
:10F27000DEB7CF58D1090FB6F894DEBF0FBECDBFB1
:10F2800082E080939702A0907612B0907712850169
:10F2900004571F4E46E050E068E072E2C8010F9448
:10F2A00079B9892B09F0B5C089EF91E20F9499865D
:10F2B000882309F48EC088E50E94DC40182F89E578
:10F2C0000E94DC40811112600F9452371A82198219
:10F2D000FE01339683E1DF011D928A95E9F748EC40
:10F2E0005FEA60E070E08AE793E00F94831E81118B
:10F2F00010927903009179030F5F009379038AE7F5
:10F3000093E00F94302080917803812B80937803D1
:10F3100010FF08C086E69FE00E94275A85E09FE024
:10F320000E941A5A11FF08C088E69FE00E94275ADF
:10F3300083E09FE00E941A5A81E00E94015582E01A
:10F340000E94BB53612FCE0101960E94B245CE01AF
:10F3500001960E94F9F740E061E081E00E94FD62C1
:10F3600061E080E99EE1033048F11092740E109242
:10F37000730E80E00E9401550E942754609178032B
:10F38000CE0101960E94B24510927803CE010196FB
:10F390000E94E75643E55AE261E080E00E9408548B
:10F3A0008FE30E94E35340E060E090E080E00F9440
:10F3B000141261E081110AC082E89EE10E9402718C
:10F3C00081E0809397020E94D468D3C385E79EE1D1
:10F3D000F5CF8BEE91E20F949986882369F00E9415
:10F3E000AE4C811106C060E070E080E89FE30E94AF
:10F3F000594D0F943A1AE4CF8EED91E20F9499860D
:10F400008823F1F20F943A1A60E080E00E94B1F88C
:10F41000D7CF44E050E069ED71E2C8010F9479B9AB
:10F42000892B09F0FCC0850100571F4E49E050E0D0
:10F430006FEC71E2C8010F9479B9892BC9F4F50119
:10F44000E756FF4E1081153489F01855143008F036
:10F45000B7CF4AE050E070E060E0C50186569F4EAD
:10F460000F9425B7812F0F943265AACF13E0F1CF07
:10F4700049E050E065EC71E2C8010F9479B9892B3D
:10F4800051F5F501E756FF4E1081153411F118556D
:10F49000143008F095CF4AE050E070E060E0C5011C
:10F4A00086569F4E0F9425B7E12FF0E0E350FB4FB7
:10F4B000808140E051E002C0569547958A95E2F779
:10F4C000842F880F880F81506823812F0F944968FB
:10F4D00077CF13E0E0CF49E050E06BEB71E2C80179
:10F4E0000F9479B9892B09F06BCFF501E756FF4EE0
:10F4F0008081853409F490C018EAC12EC80EB3E0AB
:10F50000BC1508F45DCFEC2CF12C4701880C991C3C
:10F51000F401E558FD4F0081202F2F70102F129518
:10F520001770001F0027001F61816770660F062B90
:10F53000F401E458FD4FD080D694D694D694ED2DA6
:10F54000E370DE2E1A821982C50186569F4EDC01B9
:10F550003C91B22E3323E1F14AE050E0BE016F5FEF
:10F560007F4F0F9425B76F70B62E89819A810097CF
:10F5700079F1FC012081222359F14AE050E0BE01DB
:10F580006F5F7F4F0F9425B7162F177089819A816F
:10F590000097F1F0DC012C912223D1F04AE050E0F9
:10F5A000BE016F5F7F4F0F9425B7062F0F708981C3
:10F5B0009A81009769F0FC012081222349F04AE0FA
:10F5C00050E0BE016F5F7F4F0F9425B76370D62E5A
:10F5D000F401E558FD4F17701295107F602F679565
:10F5E000662767951B29162B1083602F669501816E
:10F5F000007E2D2D2370D22EDD0CDD0CDD0C062BB4
:10F60000D02AD182F701E350FB4F50E040E0608107
:10F610008C2D0F947418D4CEB3E0CB2E74CF45E06C
:10F6200050E065EB71E2C8010F9479B9892B09F0BC
:10F63000D9C180916C0E882309F448C081E79EE10E
:10F640000F949986882379F0809115181F928F93D3
:10F650008DEA99E09F938F930F945CBA0F900F906F
:10F660000F900F90ADCE8DE69EE10F949986882382
:10F6700019F010921D04A4CE8AE69EE10F9499869B
:10F68000882321F1809113189091141861E003965A
:10F690000F94D05B0F9440588C0180910C1790917F
:10F6A0000D17A0910E17B0910F17809388179093A4
:10F6B0008917A0938A17B0938B17802F0E94365B0F
:10F6C0000A30110539F70F945D517ACE8BEA91E239
:10F6D0000F949986882309F43CC010923B0514E6E8
:10F6E000C12CD12C76016F9A779864E170E080E0AC
:10F6F00090E00F94B21B0F948C1B4B015C01F894AB
:10F700006F98679BFECF78940F948C1BDC01CB0124
:10F7100088199909AA09BB09C816D906EA06FB0681
:10F7200010F46C017D011150F1F68FE59EE10E940D
:10F730004F5B8BE59EE135EFC31631E0D306E10464
:10F74000F10410F488E59EE10E94765D6F98779A47
:10F7500037CE87EA91E20F949986882321F1409170
:10F76000BE045091BF042CE3249FC001259F900D3F
:10F7700011249F938F934091BC045091BD04249F0A
:10F78000C001259F900D11249F938F938DEF9BE0D7
:10F790009F938F930F945CBA0F900F900F900F90E0
:10F7A0000F900F900DCE82EA91E20F9499868823F4
:10F7B00011F18CE89FE00F949ABB811110C061E0B9
:10F7C00084EE94E60E94027160E085EA9FE00F9467
:10F7D000BEBB60E08FE79CE00F94BEBBF1CD8130F3
:10F7E00009F0EECD0F94F73686E195E00F94001EF8
:10F7F0000F94AB1DE5CD8BE991E20F949986882398
:10F8000021F080E00E94AFFEDBCD85E991E20F940C
:10F810009986882351F01092FC1F1092FD1F1092C0
:10F82000FE1F1092FF1F0E94754C82E991E20F9417
:10F8300099868823A9F044E150E065E17DE0CE019E
:10F8400001960F948ABB8C89882329F087E891E27E
:10F850000F9483BAB5CDCE0101960F9429C2B0CDD5
:10F8600083E891E20F949986882329F087E791E253
:10F870000E94765DA5CD83E791E20F949986882357
:10F8800019F085E591E2F4CF80E591E20F94998635
:10F89000811196CD8DE491E20F949986882379F0B9
:10F8A00081EA9DE00F949ABB4BE0849FC001112434
:10F8B00070E060E0805B924F0F94DCBB81CD8AE406
:10F8C00091E20F949986882351F00E94275440E0DA
:10F8D00070E060E084E690E00F94CE4471CD86E461
:10F8E00091E20F9499868823E1F086E50E94DC403E
:10F8F000882309F465CD0E947B4011E0892B09F42F
:10F9000010E00F9452378091A61390E01817190653
:10F9100009F456CD1093A61380E597E00F948A87DB
:10F920004FCD8FE391E20F949986882309F448CD57
:10F9300084E40E94DC408823A1F00E94C64520E0B8
:10F9400030E04AE754E40F9467B620E030E040E04E
:10F950005FE30F94C2BC0F943ABECB010E9430F912
:10F960002FCD8BE391E20F949986882321F080912B
:10F970006C0E811112C085EA9DE00F94A8BBBC01FA
:10F9800090E080E00F9426B620E030E04AE754E4AF
:10F990000F94C1BD0F942E5113CD809113189091E7
:10F9A0001418029690931418809313180E94C64559
:10F9B0006B017C016FEF87EA9DE00F94BEBB20E0F6
:10F9C00030E04AE754E4C701B6010F9467B620E07F
:10F9D00030E040E05FE30F94C2BC0F943ABE85EA8A
:10F9E0009DE06ACFD8018C91873411F00C94A788E0
:10F9F00010931418009313180E947B40909399035E
:10FA0000809398038B34910509F4D0C60CF049C15A
:10FA10008430910509F422C60CF0C5C097FDCFC013
:10FA200002970CF0A0C10E94793F8C010E94ED4624
:10FA300060916506709166068091670690916806F0
:10FA40000F9426B66B017C014090540750905507E7
:10FA500060905607709057078090630590906405FA
:10FA6000A0906505B0906605A5019401C301B2019F
:10FA70000F94C1BC20E030E048EC52E40F9467B62C
:10FA80009B01AC01C701B6010F944BBF1816D4F40B
:10FA9000A3019201C501B4010F94C1BC20E030E084
:10FAA00048EC52E40F9467B6A70196010F94C2BCCC
:10FAB0000F943ABE6093650670936606809367065E
:10FAC000909368068091F506882309F444C188E57F
:10FAD0000E94DC4081113FC189E50E94DC40811118
:10FAE0003AC18AE50E94DC40811135C185E40E945B
:10FAF000DC40882309F42FC1209154073091550729
:10FB000040915607509157076091630570916405C5
:10FB100080916505909166050F94C1BC6B017C01D5
:10FB20002DEC3CEC4CEC5DEB0F94B7BD87FF05C1B1
:10FB30008091440781110C9408B00F945237809142
:10FB4000630590916405A0916505B0916605809369
:10FB5000540790935507A0935607B093570784E531
:10FB600097E00F9457879091440781E089270F947D
:10FB7000CE66C157DF4F0FB6F894DEBF0FBECDBFC4
:10FB8000DF91CF911F910F91FF90EF90DF90CF9079
:10FB9000BF90AF909F908F907F906F905F904F90AD
:10FBA0003F902F9008958531910509F4D7C0FCF45A
:10FBB0008A30910509F49BC50B9709F49CC5809187
:10FBC00076129091771284579F4E9F938F931F9236
:10FBD00087E48F938FE19BE09F938F930F945CBAA0
:10FBE0000F900F900F900F900F900F90B7C08C3127
:10FBF000910509F482C54E9711F70F94523781E0B1
:10FC000080935D0E0E94114C8C0180E090E0A8E48E
:10FC1000B4E48093910290939202A0939302B093E4
:10FC2000940243E060E070E080E291EC0F94B869E8
:10FC3000809153078F93809152078F938091510742
:10FC40008F93809150078F9380914F078F9380916E
:10FC50004E078F9380914D078F9380914C078F9320
:10FC600080914B078F9380914A078F93809149072A
:10FC70008F93809148078F9386EC94E59F938F93A1
:10FC800088ED9BE09F938F930F945CBAC8010E940C
:10FC9000F74B10925D0E0FB6F894DEBF0FBECDBFCE
:10FCA0005DC08835910509F459C0F4F4813591059A
:10FCB00011F40C94F6875CF48C34910509F499C521
:10FCC0008035910509F07BCF0E94226347C08635BD
:10FCD000910511F40C94FA878735910509F06FCFDF
:10FCE00080E10E9499CB3AC08C35910511F40C94B7
:10FCF000068874F48A35910511F40C94FF878B35CE
:10FD0000910509F05CCF8091E50387600C9402882F
:10FD10008236910511F40C9494888336910509F08C
:10FD20004ECF10926C0E60E084EC9FE00F94BEBB4F
:10FD300082E00E94BB530C94A3882DEC3CEC4CEC6D
:10FD40005DE3C701B6010F944BBF181624F48091F0
:10FD500044078111F2CEC8010E941D5110929903EF
:10FD6000109298032DCB0E94793FE0969FAF8EAF03
:10FD7000E0970E94ED4689E40E94DC40882309F464
:10FD800000C40E94C64560939003709391038093D2
:10FD90009203909393038AE40E94DC40C12CD12CFF
:10FDA0007601882321F00E94C6456B017C01C09238
:10FDB0009403D0929503E0929603F0929703E0911A
:10FDC0009803F0919903C257DF4FF983E883CE5827
:10FDD000D0408090900390909103A0909203B090B7
:10FDE0009303A7019601C501B4010F945EBFAE96BF
:10FDF0006CAF7DAF8EAF9FAFAE97609139027091BF
:10FE00003A02072E000C880B990B0F9428B620910C
:10FE100091023091920240919302509194020F947A
:10FE200067B62EE333EC4EE259E30F9467B6AA9619
:10FE30006CAF7DAF8EAF9FAFAA9780E1E8E4F7E0AB
:10FE4000DE01119601900D928A95E1F7A5019401CA
:10FE500050586E962CAF3DAF4EAF5FAF6E97D70147
:10FE6000C601B0586A968CAF9DAFAEAFBFAF6A9770
:10FE700029813A814B815C81E6962CAF3DAF4EAF34
:10FE80005FAFE697C501B4010F94C2BCEA966CAFB0
:10FE90007DAF8EAF9FAFEA978D819E81AF81B88590
:10FEA000EE968CAF9DAFAEAFBFAFEE979C01AD01AC
:10FEB000C701B6010F94C2BCCE57DF4F6883798368
:10FEC0008A839B83C258D04029853A854B855C85BF
:10FED00060915F0570916005809161059091620568
:10FEE0000F94C1BCC258DF4F688379838A839B8398
:10FEF000CE57D04020915705309158054091590573
:10FF000050915A05CA57DF4F288339834A835B8350
:10FF1000C658D040EA962CAD3DAD4EAD5FADEA97E8
:10FF2000CA57DF4F688179818A819B81C658D0404A
:10FF30000F94C1BC6B017C0180915B0590915C05C5
:10FF4000A0915D05B0915E05C657DF4F8883998308
:10FF5000AA83BB83CA58D040CE57DF4F288139814E
:10FF60004A815B81C258D040BC01CD010F94C1BC15
:10FF70004B015C013090370720903807909139078A
:10FF80006F969FAF6F97A0913A07A396AFAFA397D5
:10FF9000A70196016E966CAD7DAD8EAD9FAD6E974F
:10FFA0000F9467B62B013C01A50194016A966CADD4
:10FFB0007DAD8EAD9FAD6A970F9467B69B01AC0186
:10FFC000C301B2010F94C2BC2B013C01A5019401F5
:10FFD0006E966CAD7DAD8EAD9FAD6E970F9467B68E
:10FFE0004B015C01A70196016A966CAD7DAD8EADAB
:10FFF0009FAD6A970F9467B69B01AC01C501B40130
:020000021000EC
:100000000F94C1BCA30192010F9441BD6B017C010F
:1000100020E030E0A9010F94B7BD87FF0AC02BEDA7
:100020003FE049EC50E4C701B6010F94C2BC6B013C
:100030007C0160914007709141076115710509F4D9
:10004000A4C290E080E00F9426B69B01AC016BED5A
:100050007FE089EC90E40F94C1BDAE962CAD3DAD30
:100060004EAD5FADAE970F9467B65B018C016091AA
:1000700042077091430761157105F1F090E080E04F
:100080000F9426B620E030E040E752E40F9467B6C4
:100090009B01AC01AA966CAD7DAD8EAD9FADAA97CC
:1000A0000F94C1BD3B014C019501A8010F94B7BD50
:1000B00087FF02C05301840140903B0750903C07EA
:1000C00060903D0770903E079501A801B201C30101
:1000D0000F944BBF1816C4F09501A801632D722D23
:1000E0006F968FAD6F97A3969FADA3970F94B7BDF3
:1000F0002501380187FF08C0432C522C6F966FAC46
:100100006F97A3967FACA397C257DF4FE881F98121
:10011000CE58D040329751F42BED3FE049EC50E4FB
:10012000C701B6010F94C1BC6B017C01CA57DF4FF8
:10013000288139814A815B81C658D040E6966CADF2
:100140007DAD8EAD9FADE6970F94B7BD811125C0F3
:10015000C657DF4F288139814A815B81CA58D04018
:10016000EE966CAD7DAD8EAD9FADEE970F94B7BDA5
:10017000811113C020E030E0A901C701B6010F943E
:10018000B7BD81110AC02BED3FE049EC50E4C70137
:10019000B6010F94C2BC6B017C01A7019601AE961B
:1001A0006CAD7DAD8EAD9FADAE970F9467B6C25866
:1001B000DF4F288139814A815B81CE57D0400F942F
:1001C0005EBF4B015C012FE632E143E85AE30F9436
:1001D000B7BD87FDCFC19201A301C501B4010F9442
:1001E000C1BD0F94A0BD0F943ABEA4967FAF6EAF71
:1001F000A4976230710508F48BC1E0964EAD5FADF7
:10020000E097452B09F484C150913F076F965FAF8B
:100210006F9790E080E00F9426B64B015C01AC0133
:100220009B01C701B6010F94C1BD2B013C01A50183
:100230009401C258DF4F688179818A819B81CE57B2
:10024000D0400F94C1BDEE966CAF7DAF8EAF9FAF27
:10025000EE972D853E854F85588960916305709195
:10026000640580916505909166050F94C1BCA50158
:1002700094010F94C1BDC258DF4F688379838A838C
:100280009B83CE57D040A3019201C301B2010F94CA
:1002900067B66B017C01AC019B01C301B2010F94F5
:1002A00067B620E030E040EC50E40F94C1BD9B0104
:1002B000AC01C301B2010F94C1BCAE966CAF7DAF6F
:1002C0008EAF9FAFAE9720E030E040E05FE3C70124
:1002D000B6010F9467B69B01AC0160E070E080E866
:1002E0009FE30F94C1BCE6966CAF7DAF8EAF9FAF1E
:1002F000E69722242394312C6F968FAD6F9781114E
:100300004DC1B10190E080E00F9426B6A3019201A7
:100310000F9467B66B017C010F94BCBD6A966CAFFD
:100320007DAF8EAF9FAF6A97C701B6010F9482C0B1
:100330004B015C01C0909003D0909103E090920338
:10034000F0909303F7FAF094F7F8F0942091940367
:10035000309195034091960350919703A2962CAF4C
:100360003DAF4EAF5FAFA297A70196016A966CAD05
:100370007DAD8EAD9FAD6A970F9467B66E966CAFEC
:100380007DAF8EAF9FAF6E97A2962CAD3DAD4EADBB
:100390005FADA297C501B4010F9467B69B01AC0194
:1003A0006E966CAD7DAD8EAD9FAD6E970F94C2BC59
:1003B0006E966CAF7DAF8EAF9FAF6E97A701960123
:1003C000C501B4010F9467B66B017C01A2962CADF8
:1003D0003DAD4EAD5FADA2976A966CAD7DAD8EAD75
:1003E0009FAD6A970F9467B69B01AC01C701B60138
:1003F0000F94C1BC6A966CAF7DAF8EAF9FAF6A970A
:1004000030913F076F963FAF6F976E962CAD3DAD25
:100410004EAD5FAD6E97EA966CAD7DAD8EAD9FAD86
:10042000EA970F94C2BC69837A838B839C836A9614
:100430002CAD3DAD4EAD5FAD6A97CE57DF4F6881B5
:1004400079818A819B81C258D0400F94C2BC6D8350
:100450007E838F839887EE962CAD3DAD4EAD5FAD1C
:10046000EE9769857A858B859C850F94C2BC6987D8
:100470007A878B879C87C258DF4F288139814A81D0
:100480005B81CE57D0406D857E858F8598890F948E
:10049000C2BC6D877E878F87988BCE0101960E94A4
:1004A000DE50E0968EAD9FADE0972816390608F134
:1004B000E984FA840B851C852D813E814F81588506
:1004C00069817A818B819C813F922F92A8E4B7E069
:1004D000BF93AF93AA968CAC9DACAEACBFACAA97C1
:1004E000DE011D966D010F94B1870F900F900F9054
:1004F0000F908091620E81113DC0BFEF2B1A3B0A15
:10050000A496EEADFFADA497E215F30509F0F4CE85
:1005100087E595E00E94DE50E0905F05F090600571
:10052000009161051091620520915B0530915C0599
:1005300040915D0550915E05609157057091580599
:100540008091590590915A051F921F92E8E4F7E0B7
:10055000FF93EF93AA968CAC9DACAEACBFACAA97C0
:10056000E3E6CE2EE5E0DE2E0F94B1870F900F90DC
:100570000F900F900E9405408BE893E00F9430207D
:10058000EDCB60E070E0CB01FECBA32CB22C6F96DC
:100590000FAD6F97A3961FADA39769CD6F964FAD23
:1005A0006F9741506F964FAF6F97AE962CAD3DADA4
:1005B0004EAD5FADAE976E966CAD7DAD8EAD9FAD21
:1005C0006E970F9467B66B017C01E6962CAD3DAD3E
:1005D0004EAD5FADE6976A966CAD7DAD8EAD9FADCD
:1005E0006A970F9467B69B01AC01C701B6010F94DF
:1005F000C2BC7B018C01E6962CAD3DAD4EAD5FAD2E
:10060000E6976E966CAD7DAD8EAD9FAD6E970F94F7
:1006100067B64B015C01AE962CAD3DAD4EAD5FAD06
:10062000AE976A966CAD7DAD8EAD9FAD6A970F9417
:1006300067B69B01AC01C501B4010F94C1BC6E96B5
:100640006CAF7DAF8EAF9FAF6E97C701D8016A9632
:100650008CAF9DAFAEAFBFAF6A97D7CE80E50E949B
:10066000DC40C12CD12C7601882331F00E94C64594
:100670000F943ABE6B017C0183E50E94DC40882325
:1006800061F00E94C64520E030E04AE754E40F9450
:1006900067B60F943ABE6B017C01C114D104E1042A
:1006A000F10441F080917A07873021F084EF9BE0DC
:1006B0000E94ADEE0F9452370F949F1DC60ED71EA9
:1006C000E81EF91E8BE893E00F9430200F949F1DD5
:1006D0006C157D058E059F0508F040CB0F94A22C6C
:1006E00080E00E94917380E00E94BB53EFCF81E0D5
:1006F0000F94CE6633CB80E0FBCF88E50E94DC40D0
:10070000382E412C512C3201882321F00E94884040
:100710002B013C0189E50E94DC40282E882309F446
:100720003EC00E9488406E966CAF7DAF8EAF9FAF8B
:100730006E978AE50E94DC40D82E812C912C5401C2
:10074000882321F00E9488404B015C0187E50E94CC
:10075000DC4067968FAF679783E40E94DC40679622
:10076000FFAD6797FF938F93CD2C6E96ECACFDACED
:100770000EAD1FAD6E97222DB301A201832D0E94F5
:100780001C610F900F903110E9CA2110E7CA6796DB
:100790002FAD67972111E2CAD110E0CA95CA6E96B3
:1007A0001CAE1DAE1EAE1FAE6E97C3CF08E210E0AA
:1007B0007FECE72E7BE0F72E602F70E090E080E08A
:1007C0000F9426B60E949F419F938F937F936F93C0
:1007D0001F930F93FF92EF920F945CBA0F5F1F4F1E
:1007E0000FB6F894DEBF0FBECDBF0F36110521F74F
:1007F000B5CA20E030E040E251E460919A03709184
:100800009B0380919C0390919D030F944BBF87FFA6
:1008100005C087E291E20E94765DA0CA82E00E9454
:1008200078DD811105C08BE894E10F94AA1296CA75
:1008300080914507882341F080914607882321F065
:1008400010914707111108C081E08093861084E75A
:1008500094E20F94C95282CA84E494E10F94AA12DC
:1008600041E060E08FEB94E30F94141281115FC0BC
:1008700080E090E0A0EAB0E48093500790935107A5
:10088000A0935207B093530760E070E088E492E4CD
:100890000F94069780E090E0A8E4B2E480935007BC
:1008A00090935107A0935207B093530780E090E0D4
:1008B000A4E3B3E480934C0790934D07A0934E07B5
:1008C000B0934F0760E070E088E492E40F940697DD
:1008D0000F94523782E794E30F94AA12E7E2FEE303
:1008E00085919591A591B49180934C0790934D0774
:1008F000A0934E07B0934F07E3E2FEE385919591F5
:10090000A591B4918093480790934907A0934A0713
:10091000B0934B0760E070E088E492E40F94069790
:100920000F94523741E060E080E00E94FD6220E0D9
:1009300030E04CE052E460919A0370919B03809107
:100940009C0390919D030F944BBF18160CF075C03B
:1009500080916C0E811171C080E090E0A8ECB2E44F
:100960008093500790935107A0935207B093530779
:1009700060E070E088E492E40F9406970F945923A6
:1009800019821A821B821C821D82CE0101960F944D
:10099000302003E260E5E62E6EE1F62E20E030E046
:1009A0004CE052E460919A0370919B0380919C0308
:1009B00090919D030F944BBF1816B4F58EEF93E101
:1009C0000F94271242E864E080E00E9414541F92C2
:1009D0000F9360919A0370919B0380919C03909177
:1009E0009D030F9433BE7F936F93FF92EF920E940B
:1009F000CD5381E80E94E35388EE93E00E943C7659
:100A00000E945D5B40E053E567E070E0CE01019637
:100A10000F94831E0F900F900F900F900F900F90D8
:100A2000882309F4BBCF10E081E00E940155111129
:100A300004C080E00F94BD1491C90F94523781E037
:100A400080935D0E0E94015589E091E20E94765DDF
:100A500080909A0390909B03A0909C03B0909D037C
:100A600020E030E040EA50E4C501B4010F94C1BD7C
:100A70000F9433BE25E0269FA001279F500D11241F
:100A8000BA01550F880B990B0F9428B61B017C01F6
:100A900020E030E04CE052E40F94B7BD87FF06C081
:100AA000212C312C4CE0E42E52E4F52E222D332D56
:100AB0004E2D5F2DC501B4010F944BBF181664F481
:100AC00020E030E040EA50E4622D732D8E2D9F2D02
:100AD0000F94C2BC1B017C01FF92EF923F922F92B8
:100AE00086EB9BE09F938F930F945CBA20E030E0FD
:100AF00040EF51E4622D732D8E2D9F2D0F94C1BCBC
:100B000020E030E04CE852E40F94C2BC0F9433BEB6
:100B10007093720E6093710E84E080937A0781E087
:100B20008093F70385EB98E20E94ADEE80E090E0C1
:100B3000A0EAB0E48093500790935107A093520726
:100B4000B093530760E070E088E492E40F94069756
:100B500080E090E0A0EAB1E48093480790934907D1
:100B6000A0934A07B0934B0780E090E0A0E7B2E47F
:100B700080934C0790934D07A0934E07B0934F0777
:100B800060E070E088E492E40F9406978AE999E9BE
:100B9000A9E1BEE38093500790935107A0935207B9
:100BA000B093530760E070E088E492E40F940697F6
:100BB0000F9452370F900F900F900F900F900F904F
:100BC00020919A0330919B0340919C0350919D0387
:100BD000622D732D8E2D9F2D0F944BBF18163CF454
:100BE00088EE93E00E943C760E945D5BE9CF60E076
:100BF00086EA9FE00F94BEBB80E090E0A0EAB0E4FC
:100C00008093500790935107A0935207B0935307D6
:100C100060E070E088E492E40F940697E3E2FEE37C
:100C200085919591A591B491809348079093490738
:100C3000A0934A07B0934B07E7E2FEE385919591B5
:100C4000A591B49180934C0790934D07A0934E07C4
:100C5000B0934F0760E070E088E492E40F94069749
:100C60000F94523743E060E070E080E89FEB0F9410
:100C7000B869811105C00F94BD1410925D0E6EC845
:100C80009091500767969FAF6797A09151076B9619
:100C9000AFAF6B97B09152076F96BFAF6F97E09170
:100CA0005307A796EFAFA797EF93BF93AF939F9389
:100CB00089EA9BE09F938F930F945CBA0F900F90FB
:100CC0000F900F900F900F902EEAA22E2FE0B22ED1
:100CD00033E2C32ED12C0FEF1FEFB6010D2C000C09
:100CE000880B990B0F9428B62B013C01DF92CF9211
:100CF000C80102969F938F932DE63BE03F932F937D
:100D00000F945CBA48015FEF851A950A0F900F9017
:100D10000F900F900F900F9011F40C9416B070E09C
:100D200060E0C5010F94DCBBA3019201622D732D1D
:100D30008E2D9F2D0F94B7BD181644F485E08816AC
:100D4000910411F00C9422B005E010E0580197E2F4
:100D5000A91A98EFB90AAA0CBB1C85E0809F100164
:100D6000819F300C11240D5F1F4F8AE9482E89E9BD
:100D7000582E89E1682E8EE3782E94E3892E9BE02D
:100D8000992EC801029705970CF0D4C0B101635D9C
:100D90007F4F072E000C880B990B0F9428B66B0120
:100DA0007C011F930F93A0E6BBE0BF93AF930F941A
:100DB0005CBA0093F70320E030E040EF51E4C70154
:100DC000B6010F94C1BC20E030E040E251E40F9442
:100DD00067B620E030E040EA50E40F94C1BD20E067
:100DE00030E048E452E40F94C2BC0F9433BE7093D9
:100DF000720E6093710E80E090E0A0EAB0E4809300
:100E0000500790935107A0935207B093530760E0A7
:100E100070E088E492E40F94069720E030E040EA26
:100E200051E4209348073093490740934A07509371
:100E30004B0780E090E0A0E7B2E480934C079093EA
:100E40004D07A0934E07B0934F0760E070E088E431
:100E500092E40F9406974092500750925107609287
:100E600052077092530760E070E088E492E40F94B8
:100E700006970F9452370F900F900F900F9020917C
:100E80009A0330919B0340919C0350919D03C701AD
:100E9000B6010F944BBF18163CF488EE93E00E9405
:100EA0003C760E945D5BEBCF80E090E0A0EAB0E48E
:100EB0008093500790935107A0935207B093530724
:100EC00060E070E088E492E40F940697E3E2FEE3CA
:100ED00085919591A591B491809348079093490786
:100EE000A0934A07B0934B07E7E2FEE38591959103
:100EF000A591B49180934C0790934D07A0934E0712
:100F0000B0934F0760E070E088E492E40F94069796
:100F10000F94523743E060E070E080E89FEB0F945D
:100F2000B86995E0290E311C0F5F1F4F811104C075
:100F30000F94BD1481E09FCE67967FAD67976B9647
:100F40006FAD6B976F969FAD6F97A7968FADA79775
:100F5000272F362F492F582F609150077091510736
:100F600080915207909153070F94C1BCF62EE72E43
:100F7000D82EC92E20917F0630918006409181069F
:100F800050918206D701F6016B2F7A2F8F2F9E2F5B
:100F90000F9467B60F9433BEA6966CAF7DAF8EAF3D
:100FA0009FAFA697CF92DF92EF92FF9280919D0321
:100FB0008F9380919C038F9380919B038F9380915B
:100FC0009A038F939F928F920F945CBAA4966EAD02
:100FD0007FADA497C5010F94DCBBA2E0AA0EB11CA3
:100FE0000FB6F894DEBF0FBECDBFCBCE0E94056911
:100FF0000C94AE7E80E10E9444CB0C94AE7E809136
:10100000E503887F8093E5030C94AE7EFEEDCF2E42
:10101000F2E0DF2E8E010F5B1F4F9E012F5F3F4FCF
:101020007901A2EE8A2EA2E09A2E58013901D6014A
:101030008D916D010E94DC40F50181935F01882351
:1010400041F00E94C645D7016D937D938D939C938B
:101050001397B4E0EB0EF11C8C149D0441F7F801DA
:10106000D380DD2029F120E030E0A9016D857E8567
:101070008F8598890F94B7BD81111AC0D8018C91C2
:10108000811116C011968C911197811111C0129681
:101090008C9181110DC01092540710925507109237
:1010A00056071092570781E08093C6040C94AE7ED9
:1010B0000F945237F12CE12CF80181918F01882394
:1010C000D1F09701285B384F5901F301EE0DFF1D58
:1010D0002081318142815381F701E553F94F6081CD
:1010E0007181828193810F94C2BCD5016D937D93F0
:1010F0008D939C931397B4E0EB0EF11CECE0EE168D
:10110000F104D1F6DD2061F08D859E85AF85B8892B
:101110008093540790935507A0935607B0935707B1
:101120000F94C6950C94AE7E81E080936C0E61E0C6
:1011300084EC9FE00F94BEBB1092A50360E08FEF9C
:101140009FE00F94BEBB0E9485DD0C94AE7E8D3473
:1011500011F00C948BAE1093141800931318F8012F
:10116000319681918032E9F38930D9F380538A3006
:1011700030F01F930F9385EF90E20C942A7B0E942E
:101180007B409093610E8093600E893C910511F431
:101190000C9498960CF0FEC28E34910511F40C94C8
:1011A0004E920CF004C28C31910509F4DAC70CF0B0
:1011B000F1C08531910509F4EDC60CF05AC08131BA
:1011C000910509F4DEC6DCF4029708F449C6809163
:1011D00076129091771284579F4E9F938F931F9210
:1011E0008DE48F938FE19BE09F938F930F945CBA74
:1011F0000F900F900F900F900F900F9016C68231A6
:10120000910511F40C94B693449709F781E080930B
:1012100097028FE09BE00E94765D84E50E94DC40AF
:10122000182F8CE40E94DC4000E080FB00F910FBEA
:1012300001F98AEF94E10E942B5B83E2EAEFF4E18B
:10124000DE01119601900D928A95E1F720E050E0C1
:1012500040E0BE016F5F7F4F84EF92E00F94DB545C
:10126000CE0101960E94305B81E09BE00E94765D9A
:10127000DCC58831910509F49EC684F48631910558
:1012800009F48CC6479709F0A2CF8091131890916A
:10129000141861E004960F94D05BC7C58A3191059C
:1012A00009F4CFC60CF0EFC60EED12E0FFE3AF2E4F
:1012B000F2E0BF2EA1E2CA2EA2E0DA2EB5E1EB2EBB
:1012C000B2E0FB2EF80181918F010E94DC4088235F
:1012D00021F10E94C645D6014D905D906D907C90A5
:1012E000A30192010F94B7BD87FD11C00E94C645AE
:1012F000F7014080518062807380A30192010F94B6
:101300004BBF181624F00E94C6452B013C01D501A5
:101310004D925D926D927C921397B4E0AB0EB11C2E
:10132000E4E0CE0ED11CF4E0EF0EF11C22E0013E11
:10133000120741F683E50E94DC40882311F40C94E7
:101340002AA70E946E40811170C580E090E0A8E459
:10135000B2E480933F0290934002A0934102B09385
:10136000420280E090E0AEE3B3E4809343029093C6
:101370004402A0934502B093460280E090E0A0EAC8
:10138000B1E48093470290934802A0934902B0933E
:101390004A024BC58D32910509F484C70CF0D9C0BF
:1013A0008F31910509F40CC70CF059C08D319105AE
:1013B00009F43BC54E9709F00ACF80917514882334
:1013C00009F433C50F945D5100911318109114184E
:1013D0000C5F1F4F80917514882309F426C584E0A3
:1013E00097E10F94D3801092741423961FAF0EAF21
:1013F0002397CE018F5B9F4F0F944B5B882309F49B
:1014000014C523964EAD5FAD239760911D15709165
:101410001E1519821C8222E0CE0101960F9447B559
:101420008111A7C610E0CE0101960E94305B112306
:1014300009F4B6C686E19EE10E944F5B23968EAD0D
:101440009FAD23970F949FB410928817109289171D
:1014500010928A1710928B170F941559E6C48A328E
:10146000910509F4D4C68C32910509F402C780971E
:1014700009F0ADCE8091741481110F945237009110
:101480001318109114180C5F1F4F61E270E0C8012F
:101490000F94F1C1009719F08C010F5F1F4F80E589
:1014A0000E94DC40F82E80911318909114180817B0
:1014B000190708F4F12C80917514882309F4B5C438
:1014C00061E06F25C8010F94D05B83E50E94DC408A
:1014D000882399F080911318909114188017910720
:1014E00060F40E94884060938817709389178093F6
:1014F0008A1790938B170F946853809175148823E3
:1015000031F081E08093741485E080936D0EF110CA
:101510008CC480910717882361F08091881790917F
:101520008917A0918A17B0918B17892B8A2B8B2B47
:1015300069F40E942A411092870310928803109246
:10154000890310928A0380E00E94656B0F94F7363E
:101550006CC48934910509F4E9C6CCF48E32910546
:1015600009F4A6C68834910509F031CE83E50E94BE
:10157000DC40882309F4CBC60E946E40882309F41E
:10158000C3C6813009F051C480936D0E4EC48C34B3
:10159000910509F46BC70CF07CC78B34910509F0F9
:1015A00016CE0E940FF9882309F43FC4CFCF8E36A0
:1015B000910511F40C94AB940CF07DC08635910527
:1015C00011F40C940694B4F58335910511F40C9440
:1015D000B09374F48F34910509F47BC7823591057B
:1015E00009F0F5CD8091E503877F8093E5031DC465
:1015F0008435910511F40C94B6938535910509F065
:10160000E6CD83E50E94DC40882309F40EC40E94E5
:10161000C64520E030E04AE754E40F9467B60F94E3
:101620003ABE609383037093840380938503909301
:101630008603FBC38936910509F4A7C7C4F48C352A
:10164000910511F40C9423948836910509F0BFCDCF
:1016500083E50E94DC40882309F4E7C30E94C64565
:101660000F9433BE7093740E6093730EDEC38B368B
:10167000910511F40C94AD9314F40C949F938D3652
:10168000910509F0A4CD8AEC98E40E94ADEE81E0CA
:101690008093E3030F94A1B383E50E94DC40882389
:1016A00009F486C70E94C6450F9433BE7093740E2A
:1016B0006093730E82C78737910511F40C94ED95F2
:1016C00094F58237910511F40C94A295A4F4803717
:1016D000910509F447C78137910509F078CD83E575
:1016E0000E94DC40882311F40C94BC940E946E404C
:1016F00080932F029AC38537910511F40C94A59518
:1017000014F00C94B5958337910509F060CD86E50A
:101710000E94DC40882311F40C94D1948CEC94E763
:101720000E94765D82C38C38910509F41FC754F47A
:101730008B37910511F40C9452968D37910509F46D
:10174000B3CD45CD8E3B910509F467C7883C910523
:1017500011F40C9455968B39910509F038CD83E539
:101760000E94DC40882359F00E946E4080936C14E4
:10177000882309F416C78DE694E10F94302083E4A2
:101780000E94DC40882309F40FC70E946E408093BA
:101790006B144BC3863FF1E09F0711F40C940DA02E
:1017A0000CF0F7C18C3231E0930711F40C941999C5
:1017B0000CF01BC1803D910511F40C9407980CF0BE
:1017C00073C08D3C910511F40C946E979CF58B3C85
:1017D000910511F40C94E5968C3C910509F0F7CC39
:1017E00083E50E94DC40882311F40C943D970E940D
:1017F000C645609333077093340780933507909301
:1018000036076093A7067093A8068093A906909365
:10181000AA0684E50E94DC40882309F406C30E94DE
:10182000C6456093AB067093AC068093AD0690936B
:10183000AE06FBC28E3C910511F40C94E7978F3CE9
:10184000910509F0C4CC83E50E94DC40882351F067
:101850000E94C6456093F6067093F7068093F806DB
:101860009093F90686E40E94DC40882361F00E9490
:10187000C6450E94F04B6093FA067093FB06809376
:10188000FC069093FD068AE50E94DC40882309F45B
:10189000CCC20E94C6456093FE067093FF068093FB
:1018A000000790930107C1C28C3D910511F40C947F
:1018B0006E980CF07DC0813D910511F40C942B982D
:1018C000863D910509F083CC80E50E94DC408823A9
:1018D00011F40C945A980E94C6452B013C0183E5F3
:1018E0000E94DC40882311F40C9464980E94C64541
:1018F0004B015C018EE40E94DC40D0903F078823BE
:1019000029F00E94C6450F943ABED62E82E50E9469
:10191000DC40E0904007F0904107882329F00E94C6
:10192000C6450F943ABE7B0186E40E94DC400091DC
:10193000420710914307882329F00E94C6450F945F
:101940003ABE8B0120E030E0A901C301B2010F943F
:10195000B7BD18160CF069C220E030E0A901C5013E
:10196000B4010F94B7BD87FD60C2A5019401C30106
:10197000B2010F94B7BD87FD58C24092370750920D
:1019800038076092390770923A0780923B0790922D
:101990003C07A0923D07B0923E07D0923F07F092DD
:1019A0004107E092400710934307009342073DC26E
:1019B000823E910511F40C94BF98803F910509F483
:1019C00034C28D3D910509F002CC83E50E94DC40D4
:1019D000882311F40C94AD980E947B40909396025A
:1019E000809395020E94E24A20C2803951E0950717
:1019F00011F40C94DE9F0CF0A7C08F32B1E09B076E
:101A000011F40C94BD99C4F48D32F1E09F0711F4E8
:101A10000C9440998E32914009F0D9CB83E50E9415
:101A2000DC40882311F40C94B9990E947B40909378
:101A30006C0280936B02F9C1863331E0930711F495
:101A40000C94F0998E3541E0940711F40C94A2ACFB
:101A50008033914009F0BBCB80E50E94DC408823B5
:101A600051F00E94C6456093E7067093E8068093A4
:101A7000E9069093EA0689E40E94DC40882381F01D
:101A80000E94C6452CEA35EC47E25EE30F9467B648
:101A90006093EB067093EC068093ED069093EE0650
:101AA00084E40E94DC40882381F00E94C6452CEA31
:101AB00035EC47E25EE30F94C1BD6093EF0670938F
:101AC000F0068093F1069093F2060F941F2F8DE598
:101AD00096E20E944F5B84EB9FE10E944F5B609116
:101AE000E7067091E8068091E9069091EA0642E0E7
:101AF0000F94EBB280EB9FE10E944F5B2CEA35EC38
:101B000047E25EE36091EB067091EC068091ED0692
:101B10009091EE060F94C1BD42E00F94EBB28CEAB7
:101B20009FE10E944F5B2CEA35EC47E25EE3609157
:101B3000EF067091F0068091F1069091F2060F94F5
:101B400067B60F942E5171C18639A1E09A0711F43E
:101B50000C9400A074F48339E1E09E0711F40C9416
:101B6000E29F8539914009F032CB81E00E942858EC
:101B70005CC1843F21E0920711F40C9405A014F09D
:101B80000C9409A0843A914009F021CB0E94056988
:101B90004CC1833C52E0950711F40C9421AE0CF03B
:101BA00096C08A35B2E09B0711F40C9439A72CF546
:101BB0008832F2E09F0711F40C9424A39CF4873F31
:101BC00031E0930711F40C9411A08D3F914009F07E
:101BD000FECA82E799E60E944F5B8CE99FE10E9472
:101BE0004F5B23C1883552E0950711F40C9459A33B
:101BF0008935924009F458CBEACA8E3BB2E09B0784
:101C000011F40C94E1AD0CF050C08B35F2E09F075D
:101C100011F40C9441A78D3B924009F0D8CA8091F1
:101C20009E13813011F40C9480AD1FEF8CE40E9460
:101C3000DC40C12CD12C6CE8E62E62E4F62E882321
:101C400021F00E94C6456B017C018AE50E94DC40C0
:101C5000882311F40C9491AD0E94C6459F770E9491
:101C6000F6524B015C018AE50E94DC40082F10927D
:101C7000901710928F1786E10F94A1B380919E1355
:101C8000813011F00C9496AD153018F4812F0E941C
:101C90002DFE1092A8038EE897E10E94F857C50127
:101CA000B40190580E94F652C0C0813C32E09307C4
:101CB00011F40C9415AE14F00C941BAE803C9240C1
:101CC00009F085CA80EC92E00E946445AEC0843879
:101CD000A3E09A0711F40C94CFAA0CF095C08235BA
:101CE000E3E09E0711F40C9447A794F5843C22E0AE
:101CF000920711F40C943EAE853C924009F067CAFD
:101D000083E50E94DC40882351F00E946E408823C6
:101D100011F40C946AAE813011F40C9477AE80917A
:101D20009E13813091F488E50E94DC40882369F09D
:101D30000E946E40813011F40C9485AE10F40C9426
:101D400080AE8A3211F40C9489AE0F94AF526DC0FC
:101D50008D3543E0940711F40C94BDA88E3553E003
:101D6000950711F40C9455A98C35934009F02FCAAE
:101D700083E50E94DC40882309F457C00E947B4021
:101D80008C018EE194E10E94ADEE85E19FE10E941D
:101D90004F5BC8010F94C1520F949F1D4B015C0112
:101DA00010926B0E8091730E9091740E892B41F4FA
:101DB000FF24F3948091710E9091720E892B09F09B
:101DC000F12C2801012E000C66087708F1100C9404
:101DD0007DA880916B0E811112C0C301B2010F94D6
:101DE00028B620919A0330919B0340919C03509117
:101DF0009D030F944BBF181614F40C948FA88DE517
:101E000096E20E94ADEE11C08139B3E09B0711F458
:101E10000C9402AC84F48B38F3E09F0711F40C941B
:101E20007EAB8C38934009F0D2C91092610E1092AB
:101E3000600E0C94E079843933E0930714F40C9429
:101E400051AC803A934009F0C2C980911318909127
:101E5000141821E02093731405960F94EF61E5CFD9
:101E600000911318109114180E5F1F4F80E50E9407
:101E7000DC40C12CD12C7601882321F00E948840BF
:101E80006B017C0183E50E94DC40882351F00E94B5
:101E900088409B01AC01A8EEB3E00F942FBC6B010E
:101EA0007C01C8010F5F1F4FDC014C914032C9F328
:101EB00026E020937A07C114D104E104F104A1F5CE
:101EC0002C91222389F10E94F9F70F9452378091C7
:101ED000D30384608093D3038BE893E00F94302086
:101EE000C114D104E104F104A1F10F949F1DC60EA9
:101EF000D71EE81EF91E84E0809397020F949F1D61
:101F00006C157D058E059F05D8F082E080939702C1
:101F10008091D3038B7F8093D303809174148823A3
:101F200059F110927A0781CF80916C0E811105C012
:101F300083E394E10E94ADEEC8CF10927A07C5CF3B
:101F40000E943E578111E1CF90E080E00E943C76F4
:101F5000D5CF1091970284E0809397020E94395761
:101F60000E943E57811105C090E080E00E943C76BF
:101F7000F7CF10939702CCCF86E694E60E94ADEEA1
:101F800054CF8AE294E10E94ADEE17981698159806
:101F900014984BCF81E00F94475D47CF1092741493
:101FA0001092751482E799E60E944F5B8CE194E2EF
:101FB0000E94765D3ACF0E94AE4C882319F00E94B1
:101FC000CFF733CF0E940FF9882309F42ECF8091E9
:101FD0000717882361F08091881790918917A09145
:101FE0008A17B0918B17892B8A2B8B2B69F40E944F
:101FF0002A4110928703109288031092890310924D
:102000008A0380E00E94656B80917514882331F00B
:1020100081E08093741485E080936D0E0F94F73601
:1020200080919E13813009F000CF80917413882332
:1020300009F4FBCE0E9424C98111F7CE0F94B27C23
:10204000F4CE80917514882309F4EFCE83E50E94C5
:10205000DC40882309F4E9CE0E9488406B017C01B2
:10206000C0928817D0928917E0928A17F0928B1746
:102070000F946853C0928703D0928803E09289033B
:10208000F0928A03D2CE80E50E94DC40182F0E9495
:10209000AE4C882391F080915F0E882349F08091A7
:1020A0006A02811105C080E49EE10E94765DBDCE8A
:1020B00084E39EE10E94765DB8CE809174148823FB
:1020C00009F44AC01123E1F10F94ED570F949EB328
:1020D0008BE999E00E944F5B609188177091891796
:1020E00080918A1790918B174AE00F94B4AE8FE2DB
:1020F0000E94365B609181177091821780918317DF
:10210000909184174AE00F94B4AE0F949EB30F944D
:10211000EF322CE330E040E050E00F940DBCC901F9
:102120006CE370E00F9463BC8C0190E080E00F944E
:102130002AAF8AE30E94365BC8010F94C15275CE64
:1021400080918B14882329F08BE894E10F949FB43D
:10215000BFCF86E794E1FACF84E29EE10E94765DEC
:1021600064CE809113189091141804960F94EF6127
:102170005CCECE0101960F944954882309F452C9CC
:1021800061E0CE0101960F94DC80009709F44AC902
:1021900025EEFC0120831C820F94CD45182F43C9E6
:1021A0008EEF9DE10E944F5B23968EAD9FAD2397EE
:1021B0000E94F6708EE20E94365B0F949EB335CE7D
:1021C0000F94EF322CE330E040E050E00F940DBC70
:1021D0007F936F933F932F9386EE90E29F938F931D
:1021E0008E010F5F1F4F1F930F930F94B1BA82E7B9
:1021F00099E60E944F5BC8010F949FB4C8010E94EA
:10220000F9F70FB6F894DEBF0FBECDBF0ECE83E553
:102210000E94DC40882309F408CE0E946E40082FFB
:1022200080E50E94DC401DE0882319F00E946E408A
:10223000182FEAECF0E28491811709F4F6CD31967B
:1022400030E2E63EF307B9F7163081F40093E70376
:1022500061E0812F0E94CCC3602F812F0E949EC31A
:10226000602F70E0812F0E94FDC3DFCD17FDDDCD13
:10227000EFCF80E10E9444CB81EA9DE00F949ABBAE
:102280004BE0849FC001112470E060E0805B924FBE
:102290000F94DCBB82E00E9444CB0F943BA80F94C8
:1022A0001CA8C3CD8AE50E94DC400E94A6CBBDCD10
:1022B0008091E516882319F1CE0101960F9457629B
:1022C0008823C1F089810E94365B8EE20E94365BD2
:1022D0008A810E94365B8EE20E94365B8B810E946F
:1022E000365B8EE20E94365B8C810E94365B0F94D7
:1022F0009EB39BCD8AEA90E20E944F5B96CD86EA20
:1023000090E20E94765D91CD10926D0E8ECD8091FF
:102310006D0E1F928F938FEE9AE09F938F930F9481
:102320005CBA0F900F900F900F907FCD80E50E94C8
:10233000DC40882321F00E946E408093840282E575
:102340000E94DC40882341F00E94C6450F943ABEAB
:10235000709388026093870281E50E94DC408823A5
:1023600021F00E946E408093830283E50E94DC404E
:10237000882341F00E94C6450F943ABE70938C02A8
:1023800060938B0283E40E94DC408823A9F00E94C2
:10239000C6456B017C0120E030E0A9010F94B7BD78
:1023A0006FEF7FEF181624F4C701B6010F943ABE01
:1023B000709386026093850284E40E94DC40882347
:1023C000A9F00E94C6456B017C0120E030E0A90124
:1023D0000F94B7BD6FEF7FEF181624F4C701B60155
:1023E0000F943ABE70938A026093890280918602AC
:1023F0008F93809185028F93809188028F93809133
:1024000087028F9380918402282F082E000C330BB3
:102410003F938F9385E99AE09F938F930CE91AE09D
:102420001F930F930F945CBA80918A028F938091CF
:1024300089028F9380918C028F9380918B028F936E
:1024400080918302282F082E000C330B3F938F932B
:102450008EE89AE09F938F931F930F930F945CBA2B
:102460000FB6F894DEBF0FBECDBFDFCC80919E03C8
:10247000813009F0DACC82E080939E030F949F1D97
:1024800060935206709353068093540690935506BA
:10249000CCCC0F941B370E94484BC7CC8FE990E2FD
:1024A0000E944F5B8DEE9FE00F94A2BB4AE00F9419
:1024B000B4AE89E990E20E944F5B81EF9FE00F94F8
:1024C000A2BB4AE00F94B4AE84E990E20E94765D2C
:1024D000ACCC8FE993E00F94302083E50E94DC4080
:1024E000882309F162E270E080911318909114182A
:1024F0000F94F1C18C01892BB1F00F5F1F4F62E285
:1025000070E0C8010F94F1C1892B69F0ECE4F6E0AA
:1025100083E0DF011D928A95E9F742E050E0B801BF
:10252000CF010F941AC28CE89FE00F949ABB8130C0
:1025300009F07BCC0E94A44C882309F476CC0E943D
:10254000AE4C882309F471CC8091F504882329F0DE
:102550008CE69AE00E94765D68CC8FE49AE00E9457
:10256000765D63CC82E39AE00E94015E83E50E947F
:10257000DC40882309F459CC0E94C6450F9433BE31
:102580007093720E6093710E50CC80E990E20E94BD
:102590004F5B0E94BD5C0E94BB5A81E08093861015
:1025A00044CC10926D14EBC881E080936B143DCC49
:1025B00082E50E94DC40811175C80F949F1D6B015C
:1025C0007C016091730E7091740E072E000C880BC5
:1025D000990B0F9428B611E02091660E3091670E8A
:1025E0004091680E5091690E0F944BBF18160CF075
:1025F00010E01093650EC701B6010F94665E8CEB78
:1026000098E40E94ADEE82E08093E3030F94A1B3BF
:102610008BE893E00F94302008CC80EB98E40E9484
:10262000ADEE83E08093E30381E00F94A1B383E5F3
:102630000E94DC40182F882349F00E94C6450F9461
:1026400033BE7093720E6093710E05C082E50E94D6
:10265000DC408111F2CF0F949F1D6B017C01109221
:102660006B0E6091710E7091720E072E000C880B2C
:10267000990B0F9428B601E02091F6043091F704ED
:102680004091F8045091F9040F944BBF18160CF0C8
:1026900000E00093650E80916B0E81111CC060916B
:1026A000710E7091720E072E000C880B990B0F940F
:1026B00028B69B01AC016091F6047091F7048091FB
:1026C000F8049091F904E091650EEE2381F00F94E7
:1026D000B7BD87FD12C087EA98E40E94ADEE84E0A2
:1026E0008093E3038BE893E00F9430209ECB0F940C
:1026F0004BBF181684F71111EECF80916A0E82300D
:1027000051F30F949F1D6C197D098E099F09693E35
:1027100073408105910550F080916C0E811102C0CB
:102720000E945D5B0F949F1D6B017C010F94A22C96
:1027300080E00E94917380E00E94BB53ACCF83E5A0
:102740000E94DC40882329F00E946E408093E703BA
:102750006CCB8FEF8093E70368CB1092E70365CBD8
:102760008091E50388608093E5035FCB83E50E9459
:10277000DC40882399F00E94C64520E030E04AE71B
:1027800054E40F9467B60F943ABE6093340270938A
:102790003502809336029093370247CB88E50E943A
:1027A000DC408823D1F00F94523788E50E94DC404A
:1027B000811128C089E50E94DC40882319F0169A0F
:1027C000109246078AE50E94DC4085E40E94DC40C6
:1027D000882309F42ACB149A28CB89E50E94DC408F
:1027E0008111E1CF8AE50E94DC408111DCCF85E4D4
:1027F0000E94DC408111D7CF0F945237149A0E9467
:10280000B66B13CB179A10924507D4CF83E50E947D
:10281000DC40882309F409CB0E94C64520E030E063
:102820004AE754E40F9467B60F943ABE60933002BF
:102830007093310280933202909333028EED95E0D3
:102840000F943020F2CA7EEDC72E72E0D72EE3E758
:10285000EE2EE6E0FE2E10E0F60181916F010E945F
:10286000DC40882309F465C00E94C6452B013C0169
:10287000133009F068C020E030E040EA51E40F94E2
:10288000B7BD87FF4EC0A30192016091830670918E
:10289000840680918506909186060F94C1BD4B01F8
:1028A0005C01AC019B016091C7067091C8068091E4
:1028B000C9069091CA060F9467B66093C7067093D5
:1028C000C8068093C9069093CA0620909A02309059
:1028D0009B02A5019401D1011C966D917D918D9172
:1028E0009C911F970F9467B6F1016487758786875F
:1028F0009787609102187091031880910418909145
:1029000005180F9426B6A50194010F9467B60F948D
:102910003ABE609302187093031880930418909342
:102920000518409283065092840660928506709244
:102930008606B4E0EB0EF11C1F5F143009F08CCF5B
:102940000F94F88672CAD70114964D925D926D92DB
:102950007C921797EECF8EE40E94DC40882309F426
:1029600064CA0E94884060937F03709380038093C1
:1029700081039093820359CA82E799E60E944F5BD4
:10298000C0902F02D12CF12CE12C89E890E20E941A
:102990004F5B4AE0C701B6010F94B4AE0F949EB3EB
:1029A00044CA85E50E94DC40882309F457C00091A1
:1029B0001318109114180F5F1F4F109314180093E1
:1029C00013188091FD03882309F42FCABE016F5F9D
:1029D0007F4FC8010E94C2DD882309F426CA8DE812
:1029E0009BE3DE011196BE01675F7F4FFC014591BD
:1029F00054912D913D914217530710F40C9438B027
:102A00002417350708F411CA0296A617B70771F7FD
:102A10000CCA4EEC53E163E080E00E94085440E0B1
:102A200068EE73E082E390E00F94CE4484EF91E08F
:102A30000E943C7640E068EE73E082E390E00F9401
:102A4000CE448EE190E00F947B2E81E00E940155F0
:102A50000E94275480E00E94BB53E7C941E150E047
:102A600060E87CE0CE0101960F948ABB8BE690E291
:102A70000E944F5B8CEC94E70E944F5B89E690E2EA
:102A80000E944F5B84E690E20E944F5B82E690E2F8
:102A90000E944F5B88E590E20E944F5B8EEF9FE1C2
:102AA0000E944F5B8AEF9FE10E944F5B8BEE9FE19C
:102AB0000E944F5BCE0101960E94F67089ED9FE166
:102AC0000E944F5B88ED9FE10E94765D1F9261E35B
:102AD000F62EFF928DEE9DE19F938F9306EA1DE106
:102AE0001F930F930F945CBA1F92FF928DED9DE19F
:102AF0009F938F931F930F930F945CBA1F92FF9233
:102B000089EC9DE19F938F931F930F930F945CBA71
:102B10001F92FF928CEB9DE19F938F931F930F93D6
:102B20000F945CBA1F92FF9281EB9DE19F938F936C
:102B30001F930F930F945CBA0FB6F894DEBF0FBECD
:102B4000CDBF73C90E94425C70C9E0911318F09127
:102B50001418CF0104962481203209F401960E94B2
:102B6000F9F787E080937A0760C9009113181091F4
:102B700014180B5F1F4F83E0F12C40E08150E9F007
:102B8000D8019C91292F2B7F2134B9F411962C91D7
:102B9000213399F4913471F0953409F441E09801AE
:102BA0002E5F3F4F89012F5F3F4FF8019081903298
:102BB000C9F3E4CFFF24F394F2CF442321F082E75A
:102BC00099E60E944F5BFF2021F085ED9FE10E9476
:102BD0004F5BC8010F949FB428C989E19AE00E9415
:102BE0004F5B0F949EB381E19AE00E944F5B1E9968
:102BF00047C08CE09AE00E944F5B0F949EB38AEF2F
:102C000099E00E944F5B8091060182FD3CC08CE000
:102C10009AE00E944F5B0F949EB382EF99E00E946E
:102C20004F5B1D9933C08CE09AE00E944F5B0F947C
:102C30009EB38AEE99E00E944F5B8091060187FD6A
:102C400028C08CE09AE00E944F5B0F949EB382EE06
:102C500099E00E944F5B1C991FC08CE09AE00E9493
:102C60004F5B0F949EB38AED99E00E944F5B019BEE
:102C700016C08CE09AE00E944F5B0F949EB3D5C8BB
:102C800082E09AE0B8CF82E09AE0C3CF82E09AE097
:102C9000CCCF82E09AE0D7CF82E09AE0E0CF82E02A
:102CA0009AE0E9CF0E94AD4BC0C884E50E94DC40A9
:102CB000882369F00E946E40882349F082E799E6F4
:102CC0000E944F5B83EC99E00E94F670AEC884E4EA
:102CD0000E94DC40882309F4A8C80E94C64520E071
:102CE00030E0A9010F94B7BD811105C010920A0709
:102CF0000E94E24A9AC80E94C6456B017C0120E00E
:102D000030E0A9010F94B7BD811106C0C12CD12CB0
:102D100050EEE52E5FE3F52EC0920B07D0920C0724
:102D2000E0920D07F0920E0781E080930A07E0CF52
:102D30003EEDC32E32E0D32E43E7E42E46E0F42EE0
:102D400010E0D6018D916D010E94DC40882341F195
:102D50000E94C6450F943ABE12304CF5653CB9E06E
:102D60007B078105910540F5562F472F382F292FD6
:102D7000613CE3E07E078105910520F050EC43E0E3
:102D800030E020E0D70194966D937D938D939C93D2
:102D90009797F701E455FF4F508341833283238394
:102DA000B4E0EB0EF11C1F5F143059F6C9CD562F5D
:102DB000472F382F292FE6CF50EC43E030E020E0BA
:102DC00064EC79E080E090E0DDCF9EEDA92E92E00A
:102DD000B92E23E7C22E26E0D22E912CF501819147
:102DE0005F010E94DC40882371F10E94C6457B018F
:102DF0008C01F1E0F915B8F120E030E048E453E44B
:102E00000F944BBF181644F15E2C6F2C702E812E40
:102E100020E030E048EC52E4B701C8010F944BBF0A
:102E2000181634F1852D962DA72DB82DF601848B1B
:102E3000958BA68BB78BC701D801E456FF4F8083D3
:102E40009183A283B3839394F4E0CF0ED11C24E04A
:102E50009212C4CF0C94158F512C612CB8E47B2EA8
:102E600083E4882ED5CF562E6F2C782E812EDACF84
:102E7000E12CF12C08EC12E4D5CF80E50E94DC4077
:102E8000882351F00E94C6456093A7067093A80658
:102E90008093A9069093AA0682E50E94DC408823CD
:102EA00051F00E94C6456093AB067093AC068093C8
:102EB000AD069093AE0684E50E94DC40882311F4B1
:102EC0000C94158F0E94C6456093330770933407A6
:102ED00080933507909336070C94158F83E50E94F5
:102EE000DC40882351F00E94C6456093AF06709382
:102EF000B0068093B1069093B20684E50E94DC4050
:102F0000882351F00E94C6456093B3067093B406BF
:102F10008093B5069093B60682E40E94DC40882335
:102F200061F00E94C6450F943ABE6093B706709355
:102F3000B8068093B9069093BA0688E50E94DC40F3
:102F4000882391F00E94C6456093BF067093C00627
:102F50008093C1069093C2066093BB067093BC0633
:102F60008093BD069093BE0689E50E94DC408823CD
:102F700051F00E94C6456093BF067093C0068093CF
:102F8000C1069093C2068AE50E94DC40882351F076
:102F90000E94C6456093C3067093C4068093C5061D
:102FA0009093C60685E40E94DC40882311F40C94BB
:102FB000158F0E94C6450E94006B6093C7067093F0
:102FC000C8068093C9069093CA060C94158F0EED1F
:102FD00012E0FBECEF2EF6E0FF2EA1EECA2EA2E0EF
:102FE000DA2ED8018D918D010E94DC40882339F0C2
:102FF0000E94C645F7016083718382839383F4E066
:10300000EF0EF11CC016D10661F70C94158F83E505
:103010000E94DC40882351F00E94C645609302075D
:1030200070930307809304079093050786E40E943A
:10303000DC40882311F40C94158F0E94C6450E9431
:10304000F04B6093060770930707809308079093EF
:1030500009070C94158F83E50E94DC40882311F446
:103060000C94158F0E946E408823C1F08130E1F0EE
:1030700082E799E60E944F5B80EB99E00E944F5BEC
:10308000809176129091771284579F4E0E94F6702D
:1030900080ED9FE10E94765D0C94158F1092F506ED
:1030A000109244070C94158F8093F50610924407F4
:1030B0000C94158F4090370750903807609039076F
:1030C00070903A070C946F8C80903B0790903C076F
:1030D000A0903D07B0903E070C947A8C82E40E9449
:1030E000DC40182F882341F08091390290913A02F8
:1030F00090932E0280932D0283E50E94DC40082FDE
:10310000882339F00E947B4090933A0280933902E1
:10311000102F82E50E94DC40882351F080912D021F
:1031200090912E0290933A02809339020C94158F5D
:1031300011110C94158F80913A028F93809139026E
:103140008F938AEC9FE19F938F930F945CBA0F90BB
:103150000F900F900F900C94158F809196028F9383
:10316000809195028F9384EC9FE19F938F930F94AE
:103170005CBA0F900F900F900F900C94158F80E514
:103180000E94DC40882311F40C94158F0E947B4030
:103190007C0183E50E94DC400FEF1FEF882319F0CC
:1031A0000E947B408C01C8010196039710F00C949B
:1031B000158FEAECF0E226EE30E28491082E000C46
:1031C000990BE816F90611F40C94158F31962E1709
:1031D0003F0799F7F7FE02C00C94158F0F945237F2
:1031E000DE2C60E08E2D0E94CCC30F3F1007B1F0A3
:1031F0000130110511F010E000E08D2D0E9475C323
:103200008017910711F40C94158F0F94A22C80E075
:103210000E94917380E00E94BB53EFCF8E2D0E94DD
:1032200075C331E020E0892B09F030E0032F122F25
:10323000E4CF80E50E94DC4008EE13E0882329F00B
:103240000E94C6450F943ABE8B0183E50E94DC4084
:10325000882371F00E94C6450F943ABE611571052E
:1032600049F4B80190E080E00F94B21B0C94158FE4
:1032700070E060E040E0C8010F94CE440C94158FDC
:1032800080E50E94DC40882351F00E94C64560938F
:10329000DB067093DC068093DD069093DE0689E4FE
:1032A0000E94DC40882381F00E94C6452CEA35EC60
:1032B00047E25EE30F9467B66093DF067093E00623
:1032C0008093E1069093E20684E40E94DC40882328
:1032D00081F00E94C6452CEA35EC47E25EE30F948C
:1032E000C1BD6093E3067093E4068093E506909376
:1032F000E6060F941F2F8DE596E20E944F5B80EC4F
:103300009FE10E944F5B6091DB067091DC0680912B
:10331000DD069091DE0642E00F94EBB28CEB9FE16C
:103320000E944F5B2CEA35EC47E25EE36091DF06DA
:103330007091E0068091E1069091E2060F94C1BD84
:1033400042E00F94EBB288EB9FE10E944F5B2CEAC6
:1033500035EC47E25EE36091E3067091E40680910C
:10336000E5069091E6060F9467B60F942E510C94E3
:10337000158F90E080E00C94178D85E40E94DC406E
:1033800010E000E0882359F00E947B408C01C12CA2
:10339000D12C7CE8E72E72E4F72E97FD06C0C12CF5
:1033A000D12CE6E1EE2EE3E4FE2E83E50E94DC4024
:1033B000882321F00E94C6456B017C0183E40E94B2
:1033C000DC40882351F00E947B409C01A801C7018A
:1033D000B6010F944C2F0C94158F85E090E0F5CF3B
:1033E00089E40E94DC40882309F430C20E947B40BB
:1033F000AB968FAFAB9782E50E94DC40882309F43F
:103400002AC20E94C645E2966CAF7DAF8EAF9FAFD9
:10341000E29780E50E94DC40C12CD12C60ECE62EC6
:103420006FE7F62E882321F00E94C6456B017C01D0
:1034300085E50E94DC40882309F418C20E94C64535
:103440006E966CAF7DAF8EAF9FAF6E9786E50E9494
:10345000DC40882309F415C20E94C645A2966CAFD1
:103460007DAF8EAF9FAFA29783E40E94DC4088239C
:1034700009F412C20E94C6456A966CAF7DAF8EAF4A
:103480009FAF6A9784E40E94DC40882309F40FC24E
:103490000E94C645AA966CAF7DAF8EAF9FAFAA972C
:1034A0008CE40E94DC400FEF1FEF882319F00E948C
:1034B0007B408C0183E50E94DC40882309F402C232
:1034C0000E947B40E3968FAFE39782E40E94DC404A
:1034D000882309F4FCC10E947B40E7968FAFE797F1
:1034E00084E50E94DC40882309F4F6C10E94C645A9
:1034F000A6966CAF7DAF8EAF9FAFA69785E40E9476
:10350000DC40412C512C50EC652E5FE7752E882352
:1035100021F00E94C6452B013C0187E50E94DC405A
:10352000812C912C40ECA42E4FE7B42E882321F05F
:103530000E94C6454B015C0181E40E94DC402224CC
:103540002A94322C882319F00E947B401C0186E4C7
:103550000E94DC40882309F4CAC10E947B40EB969C
:103560008FAFEB97E2962CAD3DAD4EAD5FADE297E0
:10357000CA01B9010F94D0C0882309F4C1C1A701C1
:103580009601C701B6010F94D0C0882309F4B8C1D1
:103590006E962CAD3DAD4EAD5FAD6E97CA01B901D3
:1035A0000F94D0C0882309F4ABC1A2962CAD3DADD9
:1035B0004EAD5FADA297CA01B9010F94D0C0882368
:1035C00009F49EC16A962CAD3DAD4EAD5FAD6A97D4
:1035D000CA01B9010F94D0C0882309F491C1AA96F9
:1035E0002CAD3DAD4EAD5FADAA97CA01B9010F94A8
:1035F000D0C0882309F484C1A6962CAD3DAD4EAD54
:103600005FADA697CA01B9010F94D0C0882309F411
:1036100077C1A5019401C501B4010F94D0C08823DE
:1036200009F46EC1A3019201C301B2010F94D0C08D
:10363000882309F465C1AB964FADAB9747FF60C1D6
:10364000E3965FADE39757FF5BC1E7968FADE797D2
:1036500087FF5BC137FE9FC117FD4EC1CE010196AA
:103660000F94E025A7019601C701B6010F94D0C0C1
:10367000882309F431C26E962CAD3DAD4EAD5FADE1
:103680006E97CA01B9010F94D0C081110EC06E9619
:103690002CAD3DAD4EAD5FAD6E972093C212309311
:1036A000C3124093C4125093C512A2962CAD3DADE7
:1036B0004EAD5FADA297CA01B9010F94D0C0811180
:1036C0000EC0A2968CAD9DADAEADBFADA29780935E
:1036D000C6129093C712A093C812B093C9126A96EB
:1036E0002CAD3DAD4EAD5FAD6A97CA01B9010F94E7
:1036F000D0C081111BC020E030E0A9016A966CADFA
:103700007DAD8EAD9FAD6A970F944BBF181674F4C4
:103710006A962CAD3DAD4EAD5FAD6A972093CA124F
:103720003093CB124093CC125093CD12AA962CAD6D
:103730003DAD4EAD5FADAA97CA01B9010F94D0C09F
:1037400081110EC0AA968CAD9DADAEADBFADAA974E
:103750008093CE129093CF12A093D012B093D11237
:1037600017FD03C0C8010F94C322A6962CAD3DAD32
:103770004EAD5FADA697CA01B9010F94D0C08111BB
:103780000EC0A6962CAD3DAD4EAD5FADA697209375
:103790001413309315134093161350931713A50168
:1037A0009401C501B4010F94D0C0811111C020E073
:1037B00030E0A901C501B4010F944BBF181644F4C1
:1037C0008092181390921913A0921A13B0921B139F
:1037D000A3019201C301B2010F94D0C0811111C0A5
:1037E00020E030E0A901C301B2010F944BBF1816CD
:1037F00044F440921C1350921D1360921E13709259
:103800001F13C0901C13D0901D13E0901E13F09056
:103810001F13A701960160911813709119138091DD
:103820001A1390911B130F944BBF181644F4C092B7
:103830001813D0921913E0921A13F0921B130F94DD
:103840004A23CE0101960F94D325C8C03FEFAB9613
:103850003FAFAB97D0CD80E090E0A0ECBFE7E29621
:103860008CAF9DAFAEAFBFAFE297D3CD20E030E0DD
:1038700040EC5FE76E962CAF3DAF4EAF5FAF6E97FB
:10388000E5CD80E090E0A0ECBFE7A2968CAF9DAFC5
:10389000AEAFBFAFA297E8CD20E030E040EC5FE7ED
:1038A0006A962CAF3DAF4EAF5FAF6A97EBCD80E02D
:1038B00090E0A0ECBFE7AA968CAF9DAFAEAFBFAFD4
:1038C000AA97EECD9FEFE3969FAFE397FECDAFEFC4
:1038D000E796AFAFE79704CE20E030E040EC5FE73B
:1038E000A6962CAF3DAF4EAF5FAFA69707CE3FEF8A
:1038F000EB963FAFEB9736CE0F9402220C94158FC8
:10390000E7969FADE79797FD09C081E0E796AFADD9
:10391000E797A11101C080E080933D02A7019601C5
:10392000C701B6010F94D0C0882309F497CE6E96D4
:103930002CAD3DAD4EAD5FAD6E97CA01B9010F9490
:10394000D0C0882309F48ACEA2962CAD3DAD4EADF1
:103950005FADA297CA01B9010F94D0C0882309F4C2
:103960007DCE6A962CAD3DAD4EAD5FAD6A97CA0176
:10397000B9010F94D0C0882309F470CEAA962CAD5B
:103980003DAD4EAD5FADAA97CA01B9010F94D0C04D
:10399000882309F463CE17FD02C00C9457B0A69695
:1039A0002CAD3DAD4EAD5FADA697CA01B9010F94E8
:1039B000D0C0882309F452CEA5019401C501B401F9
:1039C0000F94D0C0882309F449CEA3019201C3010A
:1039D000B2010F94D0C0882309F440CEAB963FAD1E
:1039E000AB9737FD3BC0E2962CAD3DAD4EAD5FAD24
:1039F000E297CA01B9010F94D0C081112FC0AB96D4
:103A00004FADAB97403154F520E030E0A901E2968C
:103A10006CAD7DAD8EAD9FADE2970F94B7BD18161E
:103A2000ECF4CE0101960F94E025AB965FADAB9719
:103A300084E05802F0011124EC52FD4EE2962CADC8
:103A40003DAD4EAD5FADE29720833183428353831A
:103A50000F944A23CE0101960F94D325E3963FADF0
:103A6000E39737FD06C081E0311101C080E00F947B
:103A7000832637FE02C00C94158F11E0EB964FADF4
:103A8000EB9714160CF010E081E080933C028091DB
:103A90005B0E90915C0E891B8F7041F480916A0ED1
:103AA000853069F10E940A4D882349F184E99DE13E
:103AB0009F938F9381E090E08C0F9D1F9F938F9336
:103AC0000F94B1BACE0101960E949CEE0F900F9018
:103AD0000F900F900C94158F20E030E0A901C701E2
:103AE000B6010F944BBF18160CF0C5CDC092BE1294
:103AF000D092BF12E092C012F092C112BCCD83E00E
:103B0000809397028091D30382608093D3030F94B4
:103B100046102091CA123091CB124091CC12509194
:103B2000CD126E962CAF3DAF4EAF5FAF6E9780E477
:103B3000E4EDF2E1DE01119601900D928A95E1F734
:103B40003091250567963FAF6797812F0F94A52683
:103B50008EE79DE10E94765D2114310419F426EE72
:103B6000222E312C80E00F94F82182E0482E512C37
:103B700092E6692E9DE1792EAE014F5B5F4F4A01BF
:103B800012E31092740E1092730E20E030E048E4BD
:103B900052E46091660E7091670E8091680E90916C
:103BA000690E0F944BBF87FD58C01F921F9388E486
:103BB0009DE19F938F939F928F920F94B1BAC4010E
:103BC0000E949CEE0091E7038FEF0F94F8210F9075
:103BD0000F900F900F900F900F90C090660ED090A6
:103BE000670EE090680EF090690E20E030E048E447
:103BF00052E4C701B6010F944BBF87FD27C08091E7
:103C00002305811123C0209156063091570640911B
:103C100058065091590660911413709115138091B4
:103C20001613909117130F94C2BC20E030E040EAC5
:103C300050E40F94C2BC9B01AC01C701B6010F94C4
:103C4000B7BD87FD03C00F94D02EC7CF802F0F9430
:103C5000F82180E197E20F94FD2E7F926F92EAE3C4
:103C6000FDE1FF93EF939F928F920F94B1BAC4013D
:103C70000E949CEE3092740E2092730E0E94FFFE02
:103C80005C01809123050F900F900F900F900F9083
:103C90000F9081117AC0A114B10409F476C060912B
:103CA000D4127091D5128091D6129091D7129B01A7
:103CB000AC010F94D0C0882361F080E090E0A8E4CC
:103CC000B2E48093D4129093D512A093D612B093FD
:103CD000D712C0905606D0905706E0905806F09044
:103CE000590600E020E030E040EA51E46AEC72E17D
:103CF000C5010E949EC19B01AC010F94D0C08111EF
:103D000044C00F94DB2E4A94452809F485C080E313
:103D100095E70F94FD2E3F922F927F926F924DE286
:103D20005DE15F934F939F928F920F94B1BAC4015C
:103D30000E949CEE0E94FFFE209123050FB6F8948E
:103D4000DEBF0FBECDBF211120C00097F1F0C090A3
:103D50005606D0905706E0905806F090590620E09D
:103D600030E048E452E464ED72E10E949EC1BBE59C
:103D70006B2EBDE17B2E44244394512C9B01AC015E
:103D80000F94D0C0882309F4FCCE81E080933C02DC
:103D90000F94592380913C02882309F4FDC08AE6E0
:103DA0009DE19F938F939F928F920F94B1BAC4011C
:103DB0000E949CEE809123050F900F900F900F9022
:103DC000882319F08FEF0F94F8210F9402226E963A
:103DD0002CAD3DAD4EAD5FAD6E972093CA123093C2
:103DE000CB124093CC125093CD1280E4FE01319659
:103DF000A4EDB2E101900D928A95E1F767968FAD3F
:103E000067970F9483260E9439578091D3038D7F43
:103E10008093D3030C94158F8FEF0F94F82180E3D8
:103E200095E70F94FD2EE0E16E2EE3E17E2E1FEF6D
:103E3000FFE0AF2EB12C212C312CA0EC4A2EAFE7A5
:103E40005A2EF3012082318242825382812F0F94B5
:103E5000F82180E197E20F94FD2EBF92AF9229E105
:103E60003DE13F932F939F928F920F94B1BAC4017B
:103E70000E949CEE0E94FFFE209123050F900F9060
:103E80000F900F900F900F9021117FCF009709F4A2
:103E90007CCFC0905606D0905706E0905806F09020
:103EA00059062091D4123091D5124091D6125091DA
:103EB000D7120A2DB3010E949EC19B01AC010F9441
:103EC000D0C0811162CF54E0A51AB10880E1681A10
:103ED000710810549FEFA916B90609F0B2CF6CE033
:103EE000E62E63E1F62E0EE010E07FE0372E8FE045
:103EF00090E0801B910B83709927892B59F4302E09
:103F000001501109F4E0EF1AF1080115110579F7D4
:103F100080E03CCF8CEF830D87FD80E0082E000C05
:103F2000990BFC01EE0FFF1FEE0FFF1FEC52FD4E31
:103F30004080518062807380B801681B790B072E26
:103F4000000C880B990B0F9428B620E030E040E875
:103F50005EE30F9467B65B016C01A32DB4E0AB0286
:103F6000F0011124EC52FD4EA30192016081718198
:103F7000828193810F94C1BC9B01AC01C601B50144
:103F80000F9467B6A30192010F94C2BCF70160833E
:103F9000718382839383B4CF88E00E9499CB86E6B5
:103FA00094E60E94ADEE80E00F94F82167968FAD05
:103FB00067970F9483260F94022225CF0F945237D0
:103FC0000C94158F80919E13813011F00C94158FF5
:103FD00085E40E94DC4081110E946E4086E40E94CC
:103FE000DC4081110E946E400F942A65882311F4F1
:103FF0000C94158F60E080E00F94E77B0C94158F94
:1040000080E00E9428580C94158F0E94F26B0C944B
:10401000158F0E9456770C94158F0E94DA6B0C94C2
:10402000158F8091D6068F938091D5068F938091BE
:10403000D4068F938091D3068F938091D2068F936D
:104040008091D1068F938091D0068F938091CF0677
:104050008F938091CE068F938091CD068F93809120
:10406000CC068F938091CB068F9302E719E61F93BE
:104070000F931F930F938091CA068F938091C90667
:104080008F938091C8068F938091C7068F938091FC
:10409000C6068F938091C5068F938091C4068F9337
:1040A0008091C3068F938091C2068F938091C10641
:1040B0008F938091C0068F938091BF068F938091DC
:1040C000BE068F938091BD068F938091BC068F931F
:1040D0008091BB068F938091BA068F938091B90629
:1040E0008F938091B8068F938091B7068F938091BC
:1040F000B6068F938091B5068F938091B4068F9307
:104100008091B3068F938091B2068F938091B10610
:104110008F938091B0068F938091AF068F931F93FA
:104120000F931F930F93809136078F9380913507DC
:104130008F93809134078F93809133078F93809171
:10414000AE068F938091AD068F938091AC068F93CE
:104150008091AB068F938091AA068F938091A906D8
:104160008F938091A8068F938091A7068F931F93BA
:104170000F931F930F9380912E078F9380912D079C
:104180008F9380912C078F9380912B078F93809131
:104190002A078F93809129078F93809128078F9307
:1041A000809127078F93809126078F938091250711
:1041B0008F93809124078F93809123078F93809111
:1041C00022078F93809121078F93809120078F93EF
:1041D00080911F078F931F930F931F930F938091CD
:1041E000A6068F938091A5068F938091A4068F9346
:1041F0008091A3068F938091A2068F938091A10650
:104200008F938091A0068F9380919F068F938091CA
:104210009E068F9380919D068F9380919C068F932D
:1042200080919B068F9380919A068F938091990637
:104230008F93809198068F93809197068F931F9309
:104240000F931F930F9380911E078F9380911D07EB
:104250008F9380911C078F9380911B078F93809180
:104260001A078F93809119078F93809118078F9366
:10427000809117078F93809116078F938091150770
:104280008F93809114078F93809113078F93809160
:1042900012078F93809111078F93809110078F934E
:1042A00080910F078F931F930F931F930F9380910C
:1042B00096068F93809195068F93809194068F93A5
:1042C000809193068F93809192068F9380919106AF
:1042D0008F93809190068F9380918F068F9380911A
:1042E0008E068F9380918D068F9380918C068F938D
:1042F00080918B068F9380918A068F938091890697
:104300008F93809188068F93809187068F931F9358
:104310000F931F930F93809132071F928F93809179
:1043200031071F928F93809130071F928F93809156
:104330002F071F928F931F930F931F930F938091BB
:1043400086068F93809185068F93809184068F9344
:10435000809183068F93809182068F93809181064E
:104360008F93809180068F9380917F068F938091A9
:104370007E068F9380917D068F9380917C068F932C
:1043800080917B068F9380917A068F938091790636
:104390008F93809178068F93809177068F931F93E8
:1043A0000F931F930F9381E49AE19F938F930F9440
:1043B0005CBA0FB6F894DEBF0FBECDBF2CEA35EC69
:1043C00047E25EE36091E3067091E4068091E506C2
:1043D0009091E6060F9467B69F938F937F936F93A8
:1043E0002CEA35EC47E25EE36091DF067091E0066F
:1043F0008091E1069091E2060F94C1BD9F938F9347
:104400007F936F938091DE068F938091DD068F936B
:104410008091DC068F938091DB068F931F930F931F
:104420001F930F9384E19AE19F938F930F945CBA4B
:104430002CEA35EC47E25EE36091EF067091F006FE
:104440008091F1069091F2060F9467B69F938F9337
:104450007F936F932CEA35EC47E25EE36091EB06C5
:104460007091EC068091ED069091EE060F94C1BD1F
:104470009F938F937F936F938091EA068F938091A0
:10448000E9068F938091E8068F938091E7068F93DA
:104490001F930F931F930F938FED99E19F938F932A
:1044A0000F945CBA0FB6F894DEBF0FBECDBF8091FB
:1044B000F5061F928F931F930F931F930F9320E086
:1044C00030E040E752E46091060770910707809161
:1044D0000807909109070F9467B69F938F937F9376
:1044E0006F93809105078F93809104078F9380913C
:1044F00003078F93809102078F931F930F931F934E
:104500000F93809101078F93809100078F93809183
:10451000FF068F938091FE068F9320E030E040E706
:1045200052E46091FA067091FB068091FC0690912E
:10453000FD060F9467B69F938F937F936F9380913F
:10454000F9068F938091F8068F938091F7068F93E9
:104550008091F6068F931F930F931F930F938EED09
:1045600098E19F938F930F945CBA0FB6F894DEBFD7
:104570000FBECDBF80910A07882309F458C08091EF
:104580000E078F9380910D078F9380910C078F9367
:1045900080910B078F931F930F931F930F9388EBBB
:1045A00098E19F938F930F945CBA0FB6F894DEBF97
:1045B0000FBECDBF809143078F93809142078F93A9
:1045C000809141078F93809140078F9380913F079F
:1045D0001F928F9380913E078F9380913D078F9319
:1045E00080913C078F9380913B078F9380913A078E
:1045F0008F93809139078F93809138078F938091A3
:1046000037078F9382E799E69F938F939F938F93BA
:1046100087E198E19F938F930F945CBA0F940222E5
:104620000FB6F894DEBF0FBECDBF0C94158F1F934D
:104630000F9389E998E19F938F930F945CBA0F9041
:104640000F900F900F90B6CF80E50E94DC4088233A
:1046500011F40C94158F10925E0610925F06109262
:104660006006109261060EE516E032E6E32E36E0B3
:10467000F32E4AE2D42EE0911318F0911418D08250
:104680000E947B40D8018D938D01EA16FB0611F440
:104690000C94158F8EE20E94DC408111ECCF1092B9
:1046A0005E0610925F0610926006109261060C94EE
:1046B000158F0F94523780915F0E811102C00E94B6
:1046C000724985E40E94DC40812C912CA12C20ECC5
:1046D000B22E882321F00E94C6454B015C018CE478
:1046E0000E94DC40C12CD12C7601882321F00E944D
:1046F000C6456B017C018AE50E94DC40412C512CAF
:1047000098ED692E91E4792E882331F00E94C645F8
:104710002B013C01E89477F888E50E94DC4088236F
:1047200009F4A5C10E94C6456A966CAF7DAF8EAFF5
:104730009FAF6A9789E50E94DC40882309F4A2C1F3
:104740000E94C6456E966CAF7DAF8EAF9FAF6E97E1
:104750001A821982FE01339683E1DF011D928A9548
:10476000E9F783E40E94DC408823F9F062E270E01C
:1047700080911318909114180F94F1C18C01892B1A
:10478000A1F00F5F1F4F62E270E0C8010F94F1C10A
:10479000009759F0801B843108F084E1482F50E0E5
:1047A000B801CE0101960F94C3C180919E1310E011
:1047B000813029F487E99FE10F949986182F0F948F
:1047C000523786E10F94A1B31092E7030E94AE4CDA
:1047D00081115FC1A5019401609154077091550743
:1047E00080915607909157070F94C2BC609354076D
:1047F00070935507809356079093570760E070E0D9
:1048000088EE92E40F9406970F9452378BE699E561
:104810000E94765DC301B2010E94F6526A962CADE9
:104820003DAD4EAD5FAD6A97209348073093490781
:1048300040934A0750934B076E968CAD9DADAEAD3D
:10484000BFAD6E9780934C0790934D07A0934E0792
:10485000B0934F0760E070E088E492E40F9406970D
:104860000F945237B12CA12C03E0202E08E1302EFA
:104870008BE0882E88E1982E80919E13813009F07C
:104880000BC10F943351A82E0E9491560F945237AA
:104890001092901710928F1780919E13813009F417
:1048A000C1C184E08093970240E060E08EEA93E12A
:1048B0000F941412082F80E00E940155013001F579
:1048C0000E9427544EE154E162E080E00E940854C7
:1048D00080E090E0A8ECB2E4809348079093490709
:1048E000A0934A07B0934B0760E070E088E492E43D
:1048F0000F9406970F9452378EE793E10F94AA1204
:104900000E94275448E153E160E080E00E9408548F
:1049100061E080E00E94F4538981882341F0CE0158
:1049200001960E94E75662E080E00E94F453809175
:104930008F17811104C085E093E10E94DF5384E06A
:10494000809397020E943E57811110C00F94A22CB1
:1049500081E00E94917380919217882399F340E03F
:1049600068EE73E082E390E00F94CE4432E030933F
:104970009702CE0101960E94F35640E068EE73E084
:1049800082E390E00F94CE44111189C1B4E0BB2EB4
:10499000B09297020E9427544EE453E160E081E018
:1049A0000E9408544AE353E161E081E00E94085408
:1049B00048E253E162E081E00E94085443EF59E28B
:1049C00063E081E00E9408544EE360E080E00E94D2
:1049D00014540E94395700E00F94A22C81E00E94E9
:1049E000917380917106909172060097D9F097FFAC
:1049F00022C1002309F423C101504FE058E160E0D7
:104A000080E00E9408544EE3602F80E00E9414541E
:104A1000109272061092710664E670E080E090E0F9
:104A20000F94B21B0E943E578823B1F20E94275474
:104A30000F94461042E040939702023009F408C1F7
:104A4000033009F4E4C1013009F01BC180919E13C9
:104A5000813009F0F8C00F943351082F0E9491560D
:104A6000802F0E945F7680E00E940D5C91CF20E055
:104A700030E043E553E46A962CAF3DAF4EAF5FAFF5
:104A80006A9758CE6E961CAE1DAE1EAE1FAE6E97C8
:104A90005FCE0E94F249BECE84E0809397020F94CD
:104AA0009F1D2B013C018CED92E10F9427120E9477
:104AB0003E57082F811136C0A30192012054384D72
:104AC000464F5F4F6A962CAF3DAF4EAF5FAF6A97D0
:104AD0000F94A22C81E00E949173023009F463C00C
:104AE0000F94724584E090E0013029F10E943C76F9
:104AF0000F949F1D6A962CAD3DAD4EAD5FAD6A978C
:104B0000261737074807590790F68DEA92E10F9468
:104B100027121092740E1092730E0F945237149A3B
:104B200001E0D6CF10926F0510927205C701B60151
:104B30000E9458F9ABCE0E943C760E943E578823D3
:104B400039F28091B0059091B1059093740E8093E5
:104B5000730E84EB9DE40F94271242E864E080E03A
:104B60000E9414548091740E8F938091730E8F93D2
:104B70006091660E7091670E8091680E9091690E3B
:104B80000F9433BE7F936F933F922F920E94CD5329
:104B900081E80E94E3530F900F900F900F900F90B9
:104BA0000F9002E095CF6091730E7091740E072EF6
:104BB000000C880B990B0F9428B62091660E30914B
:104BC000670E4091680E5091690E0F94C1BC9F779B
:104BD00020E030E040EA50E40F94B7BD87FF09C001
:104BE0008CED92E10F9427120F949F1D2B013C0135
:104BF0005ECF64E081E00E94F4536091660E709194
:104C0000670E8091680E9091690E0F9433BE7F936A
:104C10006F939F928F920E94CD530F900F900F90A1
:104C20000F9056CF111103C08A2D0E945F76812FFD
:104C30000E940D5CA9CE033010F40F5FDECE87E03A
:104C40000F94BE42DACECE0101960E94F356A0CE5A
:104C50000F9452370E94BC490E94275440E653E10A
:104C600060E080E00E9408544EE154E162E080E0A0
:104C70000E94085487E99DE10F94EE140F94523777
:104C800087CE0E9427544EE653E162E080E00E9406
:104C90000854002319F0033009F07ACEB12C8EE8C5
:104CA00097E10E94F857B110E7CD81E00E940155CD
:104CB0008091AF058093E703111127C00E94AE4C8D
:104CC000C0905407D0905507E0905607F0905707D2
:104CD000882309F49FC020E030E040E85FE3C7018B
:104CE000B6010F94C1BC609354077093550780932D
:104CF00056079093570760E070E088EE92E40F94B7
:104D000006971092740E1092730EE0905007F09078
:104D1000510700915207109153072091A002309142
:104D2000A1024091A2025091A30260919C02709155
:104D30009D0280919E0290919F021F921F921F924E
:104D40001F92812C912CE8E4AE2EE2E4BE2EF4E515
:104D5000CF2EF7E0DF2E0F94B1870F945237E090FB
:104D6000A402F090A5020091A6021091A702209142
:104D7000A0023091A1024091A2025091A302609141
:104D80009C0270919D0280919E0290919F021F92C1
:104D90001F921F921F92812C912CA0E7AA2EA1E4B2
:104DA000BA2E0F94B1870F94523788EA92E00F948D
:104DB000578780E1ECE9F2E0A8E4B7E001900D92BA
:104DC0008A95E1F70E944F4D809176039091770389
:104DD0008093390290933A029F938F938BE092E7EE
:104DE0009F938F930E9498710E94AE4C0FB6F894D7
:104DF000DEBF0FBECDBF882321F18BE49EE20E946F
:104E0000ADEE10927A07109258070C94158FBB24C0
:104E1000B39445CF20E030E040EA50E4C701B6014A
:104E20000F94C2BC60935407709355078093560744
:104E30009093570760E070E080E090E40F9406974D
:104E400064CF86E694E60E94ADEE8BE793E20E9483
:104E5000765DD7CF0E94AE4C81110C94158F0F94C4
:104E600052370E94D4680E94BB5A0F94AB1D0C9419
:104E7000158F0E94AE4C882311F40C94158F0C945E
:104E8000DF8F60E080E00E94B1F80C94158F1886E7
:104E900083E50E94DC408823B1F00E946E40182F09
:104EA0008830B0F088E79FE10E944F5B4AE067E0FE
:104EB00070E080E090E00F94B4AE84EF92E00F9445
:104EC0009FB40C94158F81EA9DE00F949ABB182F24
:104ED0008AE50E94DC40882309F4D7C00E94C645B9
:104EE0002B013C0120917F06309180064091810684
:104EF000509182060F9467B60F9433BE6B019B01ED
:104F00002156304F203A3F4030F082E69FE10E9428
:104F1000765D0C94158F5BE0159F90011124C901FB
:104F2000805B924F0F94DCBB8CE40E94DC40BBE0C2
:104F30001B9F700111245701E7EBAE1AE2EFBE0A86
:104F4000882309F4BEC0E0911318F091141831962B
:104F5000BF0181918032E1F3882331F047E050E0D6
:104F6000CE0101960F941AC247E050E0B501CE0180
:104F700001960F94AEBB82E40E94DC405701FEEA2A
:104F8000AF1AF2EFBF0A882309F4A3C00E946E4053
:104F9000982E682FC5010F94BEBB80E50E94DC40AF
:104FA0002DEAE21A22EFF20A882309F497C00E9440
:104FB0006E40B82E682FC7010F94BEBB81E40E94DB
:104FC000DC40882309F48FC00E946E40811106C026
:104FD00081EA9DE00F949ABB18138DC0812F0E9427
:104FE000405A082F882329F0612F81EA9DE00F9411
:104FF000BEBB8BE59FE10E944F5B612F70E090E0AC
:1050000080E00F942AAF812F0E94405A811104C082
:105010008AE49FE10E94765D87E49FE10E944F5BF6
:1050200044E0C301B2010F94EBB284E49FE10E941B
:105030004F5BB601DD0C880B990B0F942AAF81E40E
:105040009FE10E944F5BCE0101960E94F6708EE3B5
:105050009FE10E944F5B692D70E090E080E00F942B
:105060002AAF8BE39FE10E944F5B6B2D70E090E0D5
:1050700080E00F942AAF88E39FE10E944F5B802F6E
:1050800090E00F94C1520C94158FABE01A9FC001B1
:105090001124805B924F0F94A8BB6C01BC01990F47
:1050A000880B990B0F9428B620917F0630918006CB
:1050B00040918106509182060F94C1BD2B013C01A5
:1050C00033CF47E050E0B501CE0101960F948ABB83
:1050D00052CFC5010F949ABB982E5FCFC7010F9492
:1050E0009ABBB82E6BCF81EA9DE00F949ABB01E08A
:1050F000181709F47ECF00E07CCFC301B2010F94F2
:1051000028B620919A0330919B0340919C035091C3
:105110009D030F94B7BD87FD02C00C94FF8E0F94C2
:105120009F1D681979098A099B09693E73408105A9
:105130009105C8F082E19FE10E944F5B60919A0364
:1051400070919B0380919C0390919D0341E00F948B
:10515000EBB28FE20E94365BC8010F94C1520F94EC
:105160009F1D4B015C010F94A22C80E00E94917363
:1051700080E00E94BB530C94E68E8FE30E94DC40DB
:105180008823C9F08FEF9EE10E944F5B86EA9FE083
:105190000F949ABB21E030E0811102C030E020E0A2
:1051A000C9010F94C15288EE9EE10E94765D0E9473
:1051B000875B0C94158F81E20E94DC40882349F1C3
:1051C00061E086EA9FE00F94BEBB68E070E080EB90
:1051D0009FE00F94DCBB68E170E082EB9FE00F94EE
:1051E000DCBB60E370E084EB9FE00F94DCBB60E528
:1051F00070E086EB9FE00F94DCBB68E770E088EB23
:105200009FE00F94DCBB87ED9EE10E94765D0C94DD
:10521000158F8AE50E94DC408823C1F061E086EAB0
:105220009FE00F94BEBB00EB1FE070E060E0C801A0
:105230000F94DCBB0E5F1F4F0A3B4FE01407A9F72A
:105240008DEC9EE10E94765D0C94158F83E50E94A3
:10525000DC40882321F10E947B408C0189E40E947C
:10526000DC40882311F40C94158F0E946E40853029
:1052700010F00C94158F90E08852984FB801880F69
:10528000991F0F94DCBB8DE596E20E94765D88EE57
:105290009EE10E94765D0E94875B0C94158F8CEBDB
:1052A0009EE10E94765D0C94158F0E94C64520E019
:1052B00030E040E251E40F9467B60F943ABE6C5A66
:1052C000633009F494C060F5613009F44BC062307A
:1052D00011F00C94158F80919E13EFEFF7E1813060
:1052E00011F0E1E0F8E10591149180E50E94DC40C5
:1052F000882309F46BC00E9488404091FE03442338
:1053000011F40C94158F6017710711F40C94158F1C
:1053100069E172E187E792E10E94FEF80C94158F33
:10532000643009F4B0C0653011F00C94158F80E53D
:105330000E94DC40882309F425C10E9488404091E6
:10534000FC03442311F40C94158F6230710510F4A2
:105350000C94158F64E171E18BE691E10E94FEF8F7
:105360000C94158F80E50E94DC408823A9F00E94F0
:10537000C64520E030E04AE754E40F9467B620E0E9
:1053800030E040E05FE30F94C2BC0F943ABECB0123
:105390000E9430F90C94158F81E50E94DC4088232F
:1053A00011F40C94158F85EA9DE00F94A8BBBC0105
:1053B00090E080E00F9426B620E030E04AE754E425
:1053C0000F94C1BD0F942E510C94158F81E50E944E
:1053D000DC40882311F40C94158FB80190E080E034
:1053E0004AE00F94B4AE0F949EB30C94158F809145
:1053F0009E1366EFE62E67E1F62E813021F051EF25
:10540000E52E57E1F52E80E50E94DC40882379F1F6
:1054100062E270E080911318909114180F94F1C11A
:105420008C01892BD1F00F5F1F4F62E270E0C80141
:105430000F94F1C1009789F0D82ED01AC7010F94AC
:1054400058B9D8120AC0AC015527B701C8010F944A
:1054500079B9892B11F40C94158F4091FE0369E101
:1054600072E187E792E10E94FEF80C94158F81E5C6
:105470000E94DC40882311F40C94158FC7010E9410
:10548000765D0C94158F80E50E94DC40882309F43A
:1054900070C080911318909114180196909314186D
:1054A000809313182091FD03222311F40C94158F7F
:1054B000BE016F5F7F4F0E94C2DD8AE090E00F94D3
:1054C000A8BB29813A8112E08217930728F011E0E6
:1054D0002817390708F410E01295110F110F107CEE
:1054E0008CE090E00F94A8BBAC012B813C8182E062
:1054F0004217530728F081E02417350708F480E0AD
:1055000050E1859FC0011124180F8EE090E00F94A8
:10551000A8BBAC012D813E8182E04217530728F0E1
:1055200081E02417350708F480E0A4E08A9FC001D9
:105530001124180F80E190E00F94A8BBAC012F81DB
:10554000388592E04217530728F091E02417350779
:1055500008F490E0190F163510F40C94158F409153
:10556000FD036AE971E18BEE91E10E94FEF80C9473
:10557000158F81E50E94DC40882311F40C94158F6F
:105580000C948E8B81E50E94DC40882311F40C94EE
:10559000158F81E090E00F94C1520C94158F8BE42D
:1055A0000E94DC40C12CD12CE12C40ECF42E88234D
:1055B00049F10E94C6456B017C0120E030E0A90161
:1055C0000F94B7BD81111EC010920D1810920E18C5
:1055D00010920F18109210180E94656B82E799E6DE
:1055E0000E944F5B8EEC97E10E944F5B60910D181B
:1055F00070910E1880910F18909110180F942E51E1
:105600000C94158F8091750381111BC020E030E050
:10561000A901C701B6010F94B7BD87FF05C089ED89
:1056200097E10E94765DDACF20E030E040E251E47D
:10563000C701B6010F94B7BD87FF2CC081E00E945F
:10564000656B8091750320E030E0A901813021F580
:10565000C701B6010F944BBF87FDE1CF20E030E0DA
:1056600040E251E4C701B6010F94B7BD87FFD7CF21
:1056700020E030E0A901C701B6010F94B7BD87FD56
:10568000CECFC0920D18D0920E18E0920F18F09263
:105690001018A4CF82E0D3CFC701B6010F944BBF3F
:1056A00087FDBDCF2FE632E143E05BE3C701B601E2
:1056B0000F9467B62AE037ED43E25CE30F94C1BC78
:1056C0006B017C0120E030E0A9010F94B7BD87FD9C
:1056D00011C020E030E040E251E4C701B6010F9470
:1056E0004BBF18162CF6C12CD12C30E2E32E31E43E
:1056F000F32EC7CFC12CD12C7601C3CF9EED892EBE
:1057000092E0992E0DE512E02DEFA22E24E0B22EAC
:10571000712CF40181914F010E94DC40882309F42F
:1057200045C0F3E07F1204C00E9435DE811161C0E4
:105730000E94C6456B017C0120E030E0A9010F9476
:10574000B7BD87FD46C020E030EA40E854E4C70119
:10575000B6010F944BBF1816A4F120E030E047E0EB
:1057600054E4C701B6010F944BBF87FD35C020E05C
:1057700030E04CE752E4C701B6010F9467B620E071
:1057800030EA40E854E40F94C1BD0F943ABEF62EBF
:10579000C8010E94274D6F2DC8010E942F4D50E077
:1057A00040E0D5016C91872D0F94741873940D5FB0
:1057B0001F4FBFEFAB1ABB0AE4E07E12AACF0C94D6
:1057C000158FC12C80EAD82E80E8E82E84E4F82ECC
:1057D000CECFC12CD12C760120E030E04CE752E452
:1057E000C701B6010F9467B620E034EB40E954E4FA
:1057F000CACF8EE498E50E944F5B8BEA9EE10E943F
:10580000765DD4CFA090670280916602811101C0BD
:10581000AA0CB12C86E692E00F94751B882EC090DE
:10582000640280916302811101C0CC0CD12C83E60B
:1058300092E00F94751B982E009161028091600296
:10584000811101C0000F10E080E692E00F94751BFB
:10585000E82EF0905E0280915D02811101C0FF0C84
:105860008DE592E00F94751BBF92AF921F928F92BD
:10587000DF92CF921F929F921F930F931F92EF92EE
:105880001F92FF921F928F938CE599E09F938F93C5
:105890000F945CBA0FB6F894DEBF0FBECDBF0C9468
:1058A000158F11E08239934009F410E082E50E94DF
:1058B000DC40882381F08FEF9FE00F949ABB182F74
:1058C00080916F06811711F40C94158F812F0E941F
:1058D0009E450C94158F80E50E94DC40882389F05A
:1058E00001E08091600E9091610E8239934009F43D
:1058F00000E0602F8FEF9FE00F94BEBB0093A503E5
:10590000DFCF81E50E94DC408823D1F280916F06D1
:10591000811115C081EE9DE29F938F9388EE9DE2E9
:105920009F938F9383EA9EE19F938F930F945CBA2A
:105930000F900F900F900F900F900F90C1CF85ECAC
:105940009AE2EACF8EED92E06C969FAF8EAF6C97A5
:10595000E3E7EE2EE6E0FE2EF9E5CF2EF7E0DF2EB0
:10596000ADEF8A2EA4E09A2EBFE22B2EB7E03B2E9D
:1059700067961FAE67976C96AEADBFAD6C978D9175
:105980006C96BFAFAEAF6C970E94DC40B82E8823F8
:1059900009F475C00E94C6450F943ABE2B018B01D5
:1059A0006830710509F457C36031710509F453C3B8
:1059B00081E00032110509F080E06796BFAD67977E
:1059C000B33009F453C3920121503109223031051B
:1059D00008F047C39B2D892B6796EFAD6797E3309F
:1059E00041F40034110531F0BB24B39400381105A3
:1059F00009F0B12C811103C0BB2009F440C00F9401
:105A00005237D4018C91A12CBB24B39402C0B6941C
:105A1000A7948A95E2F7B20167968FAD67970F94C6
:105A2000DF18F1014082A016B10608F040C0C8019D
:105A3000B5010F9463BC2B01712C612CC3010F9431
:105A400026B69B01AC01D70114966D917D918D9185
:105A50009C9117970F9467B6F701648375838683CB
:105A60009783D6012D913D914D915C91C301B20177
:105A70000F94FDBBF60160837183828393836796E5
:105A8000FFAD6797FF5F6796FFAF679724E0E20E71
:105A9000F11C34E0C30ED11C4FEF841A940A5FEF5F
:105AA000251A350AF43009F066CF0C94A094C5018C
:105AB000B8010F9463BC2B01712C612CC3010F94AE
:105AC00026B69B01AC01D70114966D917D918D9105
:105AD0009C9117970F94C1BDF701648375838683EA
:105AE0009783D6016D917D918D919C91A301920137
:105AF0000F948BBCF6012083318342835383BFCF45
:105B000080E50E94DC40882329F00E946E40182F17
:105B10000C94168E84E50E94DC408111F6CF0C9423
:105B2000158E60E070E0CB010C942F8E82E08093A4
:105B30007A0783EE92E60E94ADEEA701960160918E
:105B400054077091550780915607909157070F940D
:105B5000C2BC609354077093550780935607909387
:105B6000570760E070E080EA91E40F940697011116
:105B700006C060E070E088E492E40E9475530E94E1
:105B8000BC490F94523740E064EF71E082E390E04B
:105B90000F94CE4480916C0E811105C08091A803B2
:105BA00081110F94AC3781E00E94015582E00E9480
:105BB000BB5386E694E60E94ADEE10927A070C94F1
:105BC000498E85E50E94DC40C12CD12C76018823CA
:105BD00021F00E94C6456B017C018AE50E94DC40F1
:105BE0008823A1F00E94C6459F770E94F6524B0180
:105BF0005C0180919E13813099F40F94B27CC501B1
:105C0000B40190580E94F6520C94158F60E070E039
:105C100080EA91E40E94755360E070E0CB01E5CF2B
:105C2000C701B6010E9458F9EACF81EC92E00E94C8
:105C300064450C94158F82EC92E00E9464450C94AC
:105C4000158F80919E13813011F00C94158F81E493
:105C50000E94DC40882311F40C94158F8091131856
:105C60009091141840E150E070E060E001960F94CC
:105C700025B7862F0E94CEFE0C94158F80919E131F
:105C8000813011F00C94158F81E40E94DC4010E00B
:105C9000882361F0809113189091141840E150E02E
:105CA00070E060E001960F9425B7162F88E50E94FA
:105CB000DC40882361F00E947B40112311F40C9496
:105CC000158FBC01812F0E942BC30C94158F90E07F
:105CD00080E0F3CF60E08CEA9CE00F94BEBB1092B2
:105CE0009E1310924C13109231130C948F8E61E01E
:105CF0008CEA9CE00F94BEBB0E948BBF0C948F8EED
:105D000080E00E94AFFE0C94A58E0F948C9F0C94A3
:105D1000A58E8AE2F6CF843509F075C01093141869
:105D20000093131881E08093A4030E946E40182F03
:105D3000209113183091141891E07901E90EF11CAB
:105D4000D7018C91803211F0893011F49F5FF5CF2B
:105D5000082E000C990B0F94AEC1F701808390EDD3
:105D6000980F953058F08F3359F0883749F08336C3
:105D7000D1F084EA97E10E94765D0FC08F3389F4F9
:105D800080919E13813049F490E080E00E9428BE0B
:105D9000682FD7018C910E9464FE1092A4030C948A
:105DA000E079833649F480919E138130B1F70F94E6
:105DB0003351682F83E6EFCF80919E13813069F4D1
:105DC0000F943351181305C084EB97E10F9483BAF5
:105DD000E4CF812F0E945CFBE0CF82E799E60E942E
:105DE0004F5B112359F084E50E94365B812F90E0D0
:105DF000C0960F94C1528BE499E0BDCF88E399E03F
:105E00000E944F5BCACF843409F0EEC0109314187F
:105E1000009313180E947B408630910509F479C0E5
:105E20009CF48230910509F452C08330910509F445
:105E300061C0019689F484E299E09F938F930F9457
:105E40005CBA0F900F90FFCF8531910509F48DC09A
:105E500094F4449709F469C0809176129091771276
:105E600084579F4E9F938F931F9284E48F938FE16B
:105E70009BE00C94C87B8631910509F49BC0863465
:105E8000910551F783E50E94DC40882311F40C94BE
:105E9000E0790E947B4011E0009709F410E0892B23
:105EA00091F0CE0101960F94E0250F949F1D609311
:105EB0002406709325068093260690932706CE012C
:105EC00001960F94D325109334060C94E0794FE19A
:105ED000C42E49E0D42E52E0E52E00E020E032E26C
:105EE00040E050E060E072E080E090E00E94CC474B
:105EF0000C94E07928E1C22E29E0D22E33E0E32E83
:105F000001E020E030E140E050E060E070E0CB01F3
:105F1000EDCF81E1C82E89E0D82E96E0E92E03E08E
:105F200020E030E044E050E0F0CF85E40E94DC4027
:105F3000882329F080E00E94A3C80C94E0790F9494
:105F40009F1D6B017C010E94D1C80F949F1DDC0135
:105F5000CB018C199D09AE09BF09BF93AF939F93E5
:105F60008F9388EF98E00C94C87B90E080E00E94CB
:105F7000EFC7811107C085EE98E09F938F930F9430
:105F80005CBA14C081E0809397028EEC98E09F93F6
:105F90008F930F945CBA03E020E033E240E050E0DE
:105FA00060E070ED83E090E00F94B2620F900F908C
:105FB0000C94E07990E080E00E94EFC7811103C06B
:105FC0008BEB98E0DACF8CE58CBD1DBC0E9427C816
:105FD00040E050ED63E070E080E20E94A9C70E94BB
:105FE0008BC78DEA98E0C9CF82E799E60E944F5BA4
:105FF00080EB99E00E944F5B80917612909177122E
:1060000084579F4E0E94F6708EE99EE10C94387C76
:106010002DEC3CEC4CEC5DE3C701B6010F944BBF9B
:10602000181614F40C949D7D0C94AB7EA301920180
:10603000622D732D8E2D9F2D0F94B7BD181614F061
:106040000C94A686E5E0CE0ED11CF2E0AF0EB11C9A
:1060500084010C946D8667962FAD67978B2D233046
:1060600029F091E00430110509F4B5CC90E0B3CCEF
:106070008EED93E10F9427124DEF5DE162E080E039
:106080000E940854F80181918F01982F9F7D11F48F
:106090000C94099597EF980F923010F40C94099591
:1060A0008D3011F40C9409950E94E353EBCFCE018F
:1060B00001960F94E0250C943B9B809103049091F2
:1060C000040408958150823108F05AC0E82FF0E0AE
:1060D0008827E259FF448F4F0D94AABC8EB092B02E
:1060E00080B086B08AB0C0B095B09BB09FB0A5B06C
:1060F000A9B0ADB0B3B0B7B0C0B0BBB0C1B0C5B05F
:10610000809180008F778093800008958091800037
:106110008F7DF9CF80918000877FF5CF84B58F7711
:1061200084BD089584B58F7DFBCF8091B0008F77BB
:106130008093B00008958091B0008F7DF9CF809159
:1061400090008F77809390000895809190008F7DCC
:10615000F9CF80919000877FF5CF8091A0008F7755
:106160008093A00008958091A0008F7DF9CF809149
:10617000A000877FF5CF809120018F778093200149
:106180000895809120018F7DF9CF80912001877F34
:10619000F5CF83B1829581700895CF92DF92EF920F
:1061A000FF9220910504B0E0A0E0C0906907D09074
:1061B0006A07E0906B07F0906C0720FF42C0C81A96
:1061C000D90AEA0AFB0AC0926907D0926A07E092EC
:1061D0006B07F0926C07CB01B0E0A0E0C0906D07B8
:1061E000D0906E07E0906F07F090700721FF36C0E7
:1061F000C81AD90AEA0AFB0AC0926D07D0926E0744
:10620000E0926F07F092700770E060E08091710794
:1062100090917207A0917307B091740722FF2BC071
:10622000841B950BA60BB70B809371079093720795
:10623000A0937307B0937407FF90EF90DF90CF9017
:1062400008958C0D9D1DAE1DBF1D80936907909311
:106250006A07A0936B07B0936C07BDCF8C0D9D1D93
:10626000AE1DBF1D80936D0790936E07A0936F07BF
:10627000B0937007C9CF840F951FA61FB71FD4CF47
:10628000FB01118210826AE0DC012C9120532A303C
:10629000A0F440815181649F9001659F300D1124CD
:1062A000318320834D91CD0120533109240F311DBD
:1062B00047FD3A9531832083E7CF089585E08093A9
:1062C0006A0E0D94461084E09DE00F949ABB8A32CA
:1062D00039F48AE29DE00F949ABB91E0813009F095
:1062E00090E0892F089588E594E20E94765D0D94F0
:1062F000461080916D0E813021F48BEA93E20C946C
:10630000765D8CE993E2FBCF8093E7038093AB0447
:106310000D94A22C1F93CF93DF93C82FD62F0E94EA
:1063200027544CEB51E360E080E00E9408544FE4B6
:1063300052E3CC2311F04EE352E361E080E00E948F
:1063400008548FEF0E9484B164EF71E080E090E028
:106350000F94B21B43EB51E362E081E00E940854CA
:106360004EE363E080E00E94145486EA91E30E94C9
:10637000DF536D2F70E0709372066093710684E0B6
:10638000809397020E943957DC2F11E01C278091DF
:10639000710690917206009719F197FF0BC0D12FEB
:1063A0004EE362E080E00E94145440E263E080E04B
:1063B0000E94145480917106909172061816190665
:1063C0005CF440E262E080E00E9414544EE363E03B
:1063D00080E00E941454DC2F109272061092710615
:1063E0000F94A22C81E00E94917364E670E080E03B
:1063F00090E00F94B21B0E943E57882341F282E046
:106400008093970280E00E94455980E00E9484B109
:106410008D2FDF91CF911F910895CF93DF93C82FD8
:10642000D62FC15098F04DE26D2F82E10E94145496
:1064300084EF91E00E943C764CE76D2F82E10E9450
:10644000145484EF91E00E943C76EBCF0F949F1D93
:106450006093A2177093A3178093A4179093A51726
:1064600081E080933B0580913B05882329F084E6F9
:1064700090E00E943C76F7CFDF91CF910C94AD4B2A
:10648000CF93DF930F945237C8E4D7E060917B132A
:1064900070E090E080E00F9428B69B01AC016C8521
:1064A0007D858E859F850F94C1BC6C877D878E8787
:1064B0009F8762E08BE79CE3DF91CF910D940165AC
:1064C0000F931F93CF93DF93982F862F142FE901FB
:1064D000692F0E94F453113021F0123079F0CE016F
:1064E00015C0CE010E94DF538AE30E94E353802F40
:1064F000DF91CF911F910F910C94E353CE010E9435
:10650000DF538AE30E94E35386E094E2DF91CF9168
:106510001F910F910C94DF53DF92EF92FF920F9334
:106520001F93CF93DF93CDB7DEB763970FB6F89481
:10653000DEBF0FBECDBF30911D0520911C0532136B
:1065400071C07C0180918F02882309F443C080EAE6
:1065500091E39F938F938AE39CE39F938F938E01A4
:106560000F5F1F4F1F930F930F94B1BAD82E47E0C0
:1065700050E0B701800F912F911D0F948ABB0F90AF
:106580000F900F900F900F900F9020E0822F8D0DA5
:1065900090E0273039F02F5FF801E80FF91F3081C4
:1065A0003111F4CFF801E80FF91F2DE520838C0F8E
:1065B0009D1FFC0112820F943CAA482F60911A057E
:1065C00080E00E94145462E1C8010E94CF5680E22C
:1065D0000E94E35380911B05882321F120911D0522
:1065E000809171069091720628171906D9F41092BD
:1065F000900282E69AE5892B11F00E94625A81E0AE
:10660000809390020F9460AA63960FB6F894DEBF51
:106610000FBECDBFDF91CF911F910F91FF90EF90F3
:10662000DF90089580911D058F5F80931D05ECCF4D
:1066300041E061E08CEF96E30F941412811107C0E2
:1066400061E088EF96E30E9402710F94461081E0AA
:106650000E94015582E080938F020895CF92DF92CD
:10666000EF92FF920F931F93CF93DF936C01790109
:10667000C42FD0E0AE010F9479B9892BB9F4B801D9
:10668000C6018C0F9D1F0E9440B1F801208131810D
:106690002E293F293183208381E0DF91CF911F9103
:1066A0000F91FF90EF90DF90CF90089580E0F5CFAD
:1066B00087EA9CE00F949ABB61E0823008F4682777
:1066C00087EA9CE00D94BEBBCF93DF93C5E1DDE08C
:1066D000FE01EA5FF44D6491CE010F94BEBB21969A
:1066E000C9328DE0D807A1F7DF91CF910895CF93FC
:1066F0000E9463B1C1E0C8276FEF09F06AE284E04D
:106700009DE00F94BEBB8C2F880F8270CF910D94AB
:106710004B1A8AEA9DE00F949ABB65E0833021F022
:1067200061E0853009F063E08AEA9DE00D94BEBB2C
:106730008BEA9DE00F949ABB63E0833009F467E035
:106740008BEA9DE00D94BEBB8CEA9DE00F949ABB52
:1067500061E0811160E08CEA9DE00D94BEBB609128
:10676000E20381EA9DE00F94BEBB0D9415070F93E1
:106770001F93CF93DF9300D000D01F921F92CDB70D
:10678000DEB78C018AE090E00F94A8BB9A838983DE
:106790008CE090E00F94A8BB9C838B838EE090E00C
:1067A0000F94A8BB9E838D8380E190E00F94A8BBDB
:1067B00098878F83C801DE011196BE01675F7F4F06
:1067C000FC01259134914D915D914217530748F09A
:1067D0002417350720F00296A617B70789F780E03F
:1067E00001C081E028960FB6F894DEBF0FBECDBF82
:1067F000DF91CF911F910F9108958FEF9FE00F943C
:106800009ABB90916F0622E04FEE52E081111BC0BF
:1068100064E378E3911102C061EE7DE288EE9DE2CF
:106820000F94E3AC89E69FE00F949ABB61EA73E6AC
:10683000882311F065EA73E622E04BEF50E086ED25
:106840009DE20D94E3AC6FE278E3891302C06EEC35
:106850007DE288EE9DE20F94E3AC22E049E051E056
:1068600070E060E0ECCF8091AA03882321F0809152
:106870008F02882351F081E08093AA0360E08AE2CE
:106880009DE00E94085A8093AB030F9454AB109282
:106890001A0580911A05843008F06AC010921D050F
:1068A00080910004811141C089EC9DE20F941AAEE1
:1068B00065E67CEB8DE899E20F94CDAD8091FF0306
:1068C0008C3309F449C0A0F58931E1F18832A1F196
:1068D00062E37BEC8AE698E20F94F7AA61ED72E03E
:1068E0008FE298E20F94CDAD80919E13813031F00C
:1068F00069E178EF8EEA96E30F94F7AA8091AB03F3
:10690000882331F069EB74EB81EA96E30F94CDAD07
:106910000F9428AB80911A058F5F80931A058091A0
:106920001C058F5F80931C05B4CF88E59BE2BECF2A
:106930008035C1F08F3F61F622E043E451E06AEC1C
:1069400076E305C022E043E451E06FEC76E381E2B8
:106950009AE20F94E3ACBCCF22E043E451E065EC53
:1069600076E3F5CF22E043E451E060EC76E3EFCF4D
:1069700008950F9454AB10921A0580911A05843033
:10698000B8F510921D0589EC9DE20F941AAE809126
:10699000C40465EA73E681FF02C061EA73E622E09F
:1069A00048E451E48CE494E20F94E3AC0E9463B1B8
:1069B00061EA73E6882311F065EA73E622E047E7AF
:1069C00053EB80E494E20F94E3AC64E673EB8DE266
:1069D00094E20F94F7AA0F9428AB80911A058F5F69
:1069E00080931A0580911C058F5F80931C05C5CF8D
:1069F0000895CF9341E65BE260E080E00E94085496
:106A00004AE061E080E00E9414540F9454AB10926D
:106A10001A05C2E080911A058430F8F410921D0521
:106A2000811102C0C0931A0569EF72E080EC92E612
:106A30000F94F7AA6AEF78EF83EC92E60F94F7AA27
:106A40000F9428AB80911A058F5F80931A0580916F
:106A50001C058F5F80931C05DDCFCF9108950F94A7
:106A600054AB10921A0580911A058430A8F5109243
:106A70001D058DE899E20F941AAE8091E2030E9401
:106A8000405A882331F064EB7BEB86E899E20F945F
:106A9000CDAD80916A0E811106C06FEA73EB85E778
:106AA00099E20F94CDAD67EA79EB8EE699E20F9407
:106AB000CDAD62E57BEC88E699E20F94F7AA0F94DE
:106AC00028AB80911A058F5F80931A0580911C0571
:106AD0008F5F80931C05C7CF089587E08093E20302
:106AE0000C942FB586E08093E2030C942FB585E0DB
:106AF0008093E2030C942FB584E08093E2030C941E
:106B00002FB583E08093E2030C942FB582E080934D
:106B1000E2030C942FB581E08093E2030C942FB52F
:106B20001092E2030C942FB50E94BD7161E084EED7
:106B300094E60E9402710D944610CF93DF938CED82
:106B400093E00F94302080915D0E811118C08091E8
:106B50005E0E811114C0C0916F0ED091700E82E054
:106B6000CB3CD80761F082E0CD33D80741F080916B
:106B7000D303811104C080911905882331F082E08C
:106B800080938F02DF91CF91089584EBC333D807B0
:106B900049F482E080938F028AE29DE0DF91CF91F9
:106BA0000C94335A90915B0E80915C0E981304C044
:106BB0000E94B94C882361F00E94F44C811110C0EE
:106BC00082E080938F0280E0DF91CF910D94BE42EE
:106BD00081E0C737D807E1F460E08DE392E014C0AC
:106BE00081E0C737D80759F089ECC932D80739F0A6
:106BF00087EBC83FD80719F0CD5ED04009F70E9457
:106C0000275460E08BEC92E0DF91CF910D94C1AC02
:106C100089ECC932D80701F382E0CB37D807E1F21B
:106C200084EFC43BD807C1F286EBC132D807A1F28A
:106C300087EBCA3DD80781F2CD5ED04009F0C0CFC6
:106C4000CBCFCF938FEF9FE00F949ABB8093A50398
:106C50000F9454AB10921A05C1E080911A0584304C
:106C600008F027C110921D0585EA9BE20F941AAE29
:106C70006AED77EB89EA98E20F94CDAD0E940A4D58
:106C8000882321F00E94AE4C882361F06DE872E009
:106C90008FE998E20F94CDAD67E674E28EE898E252
:106CA0000F9470AA69E871E08CED9AE20F94CDAD73
:106CB0008CEA9CE00F949ABB61EA73E6882311F09A
:106CC00065EA73E622E04BEE51E080EF96E30F9425
:106CD000E3AC8CEA9CE00F949ABB882331F06BEC18
:106CE0007EEF86EE96E30F94F7AA80919E13813093
:106CF00041F40F94901161EB7BEB81E898E20F94E3
:106D0000CDAD0F944E1180916C0E811102C00E9486
:106D1000FDB380916C0E8111C5C0C093000463E384
:106D200074EB88E798E20F94CDAD68EF7AEB84EFCF
:106D300098E20F94CDAD6BE871E08AE598E20F948C
:106D4000CDAD20E030E040E251E460919A037091D3
:106D50009B0380919C0390919D030F944BBF87FDF3
:106D600011C08FEA9FE00F949ABB61EA73E6882313
:106D700011F065EA73E622E047ED51E085EB98E219
:106D80000F94E3AC8091260565EA73E6811102C099
:106D900061EA73E622E049E852E081E598E20F9467
:106DA000E3AC0E94AE4C811106C06BEC72E081E94D
:106DB0009AE20F94CDAD80916C0E81112AC0809122
:106DC000E51622E045ED51E066E373E2811102C071
:106DD00061EE7DE289E498E20F94E3AC89E09FE004
:106DE0000F949ABB22E041EC51E06FE378E28823F4
:106DF00061F022E041EC51E066E378E2813029F075
:106E000022E041EC51E069EF7DE284E498E20F94E6
:106E1000E3AC8091EC0422E045EC52E065EC7AE2D0
:106E2000823051F06EEB7AE2833031F061ED7AE23C
:106E3000813011F46CEC7AE286ED9AE20F94E3ACC7
:106E400080910804882331F064E87AEB83EB9AE2BE
:106E50000F94CDAD87EA9CE00F949ABB60EC72E68C
:106E6000882311F063EC72E622E048E553EB89E2F7
:106E700093E20F94E3AC80916C0E882331F068E1CB
:106E800073EB84ED96E30F94F7AA0F9428AB8091EF
:106E90001A058F5F80931A0580911C058F5F809380
:106EA0001C05DBCE62E37BEC8AE698E20F94F7AA3E
:106EB0003CCFCF9108950F9454AB10921A05809156
:106EC0001A05843008F075C010921D0585EA9BE212
:106ED0000F941AAE6DED72E083E399E20F94F7AA76
:106EE00080916A0E811106C063E572E085E799E240
:106EF0000F94CDAD64E774E287E996E30F9470AA2E
:106F00006EEC7DEE89E299E20F94F7AA6BE27EEFD8
:106F100080E299E20F94F7AA69E472E082E199E2D3
:106F20000F94F7AA6FE172E086E099E20F94F7AA56
:106F30006FE271E084EF98E20F94CDAD69E671E005
:106F400082EE98E20F94CDAD61E172E082ED98E2BD
:106F50000F94CDAD64EF76E380EC98E20F9470AAC5
:106F600020E030E040E251E460919A0370919B038D
:106F700080919C0390919D030F944BBF87FD06C0A9
:106F800061E972E085EB98E20F94F7AA6EE571EB88
:106F90008FE393E20F94F7AA0F9428AB80911A0520
:106FA0008F5F80931A0580911C058F5F80931C056D
:106FB00086CF08950F9454AB10921A0580911A054C
:106FC0008430A8F410921D0588E59BE20F941AAE58
:106FD0000F945D110F9428AB80911A058F5F8093F9
:106FE0001A0580911C058F5F80931C05E7CF0895DB
:106FF000EF92FF920F931F938091950290919602CA
:107000002091B70321118FC021E02093B703909303
:10701000B9038093B8038FEF9FE00F949ABB8093DE
:10702000A5030F9454AB10921A0580911A05843071
:1070300008F088C010921D050F94FCA981110E94D0
:107040000C4A85EA9BE20F941AAEF12CE12C07EE74
:1070500013E02AE030E040E169E372E08DEF9AE26C
:107060000F94A4AB0F945D112AE030E040E165E994
:1070700072E088EF9AE20F94A4AB80916C0E8111BC
:1070800006C06DEB77EF88EE9AE20F94F7AA0E94A4
:10709000AE4C882331F063E277E387E996E30F94FF
:1070A00070AA69E871E08CED9AE20F94CDAD809101
:1070B0009E13813011F40F9490110F944E11809112
:1070C0006C0E811102C00E94FDB38091EC0422E09D
:1070D00045EC52E065EC7AE2823051F06EEB7AE2F8
:1070E000833031F061ED7AE2813011F46CEC7AE2B8
:1070F00086ED9AE20F94E3AC80910804882331F086
:1071000064E87AEB83EB9AE20F94CDAD0F9428AB51
:1071100080911A058F5F80931A0580911C058F5FFF
:1071200080931C0582CF2091B8033091B9032817B2
:10713000390709F470CF9093B9038093B8030E9484
:10714000E24A69CF1F910F91FF90EF900895BF928F
:10715000CF92DF92EF92FF920F931F93CF93DF9323
:10716000C82FF62EE42EB22E680180E00E94015551
:10717000DCE7FE1408F0DDE2BB20E9F00E942754B2
:10718000C1111CC08CEB91E30E94DF5388EF8C0F80
:10719000823068F58DE59DE20E94DF5380E49DE238
:1071A000CC3049F185EC91E3CD3029F1CE3029F591
:1071B0008FE29DE220C00E942054E2CFC13011F343
:1071C000C23001F38AEA9DE2C330F1F28AE99DE21E
:1071D000C430D1F28AE89DE2C530B1F28AE79DE27F
:1071E000C63091F2C73091F68DE69DE2CDCFCA3020
:1071F00059F58CE49DE20E94DF5346E058E361E0DC
:1072000080E00E940854C33040F543E25DE262E052
:1072100080E00E94085462E082E10E94F453C111B0
:1072200017C08D2F0E94E35348E15DE263E080E0E8
:107230000E94085463E082E10E94F453C23001F1DD
:107240008D2F0E94E35320C0CB3009F0A7CFD1CFC0
:1072500086E094E20E94DF53E7CF86EF8C0F823006
:1072600068F548EF51E362E080E00E9408548AE349
:107270000E94E35362E082E10E94F453CA3001F3BA
:1072800086E094E20E94DF53C114D10419F0C601D4
:107290000E943C7681E08F0D4E2D50E0440F551F2B
:1072A000841715060CF080E0DF91CF911F910F91AC
:1072B000FF90EF90DF90CF90BF900895CA3020F7F5
:1072C00041E0C43021F042E0C33009F440E00D2F2A
:1072D00024E038E362E082E00E9460B241E0C53021
:1072E00021F042E0C53008F440E00D2F22E038E301
:1072F00068E082E00E9460B241E0C63021F042E0E6
:10730000C63008F440E00D2F20E038E36EE082E064
:107310000E9460B241E0C73021F042E0C73008F47B
:1073200040E00D2F2CEF37E360E083E00E9460B275
:1073300041E0C83021F042E0C83008F440E00D2FB1
:1073400025EF37E369E083E00E9460B29DCFCF93E1
:10735000DF938091AA03811118C06091E2038BE052
:10736000689FB0011124675B724F47E050E08CEAE0
:1073700093E00F948ABB8091AC0390E090937206E7
:107380008093710681E08093AA03809171069091A9
:107390007206809734F480E290E0909372068093B6
:1073A000710680917106909172068F3F910539F0B8
:1073B00034F08FEF90E09093720680937106E09125
:1073C000AB03F0E0E655FC4F8091710682830E948A
:1073D0002054CCEAD3E089910E94E35383E0C33B7D
:1073E000D807C9F74EE561E08091AB030E941454C1
:1073F0008091AB03882329F040E261E081500E9434
:1074000014540E943E57882399F0E091AB038E2FCD
:1074100090E00196079778F4EF5FE093AB03F0E01C
:10742000E655FC4F828190E090937206809371063E
:10743000DF91CF9108956091E2038BE0689FB001E6
:107440001124675B724F47E050E08CEA93E00F94A1
:10745000AEBBDF91CF910D9417AECF93DF9394E045
:10746000899FE0011124C85BD84F20E030E040E262
:1074700051E4688179818A819B810F94C2BC6883C1
:1074800079838A839B8360E070E084E392E40F94C5
:1074900006970F945237DF91CF910D943A1A0F94BB
:1074A00015591092A60310927206109271060D944F
:1074B00076AB809114168823F9F0815080931416CE
:1074C00093E2E2E4F5E1AFE1B5E101900D929A9526
:1074D000E1F722E435E190E0981760F443E2F90126
:1074E000B396D90101900D924A95E1F79F5F2D5D0A
:1074F0003F4FF2CF0F9415591092A60310927206C7
:10750000109271060D9476ABEF92FF920F931F933A
:107510000F9454AB10921A0580911A05843008F02C
:1075200052C010921D050F94FCA981110E94117385
:1075300089EC9DE20F941AAE2091060430E0F12C04
:10754000E12C0FEF10E048E067E074E08BE49BE291
:107550000F94A4AB0091070410E030E020E048E075
:1075600066E074E08EE39BE20F94A4AB80914F023F
:107570006AE27BE2813031F061E37BE2811102C09B
:1075800066E27BE222E048EE5AEB88EE9DE20F9441
:10759000E3ACF12CE12C07EE13E021E030E040E118
:1075A0006DE472E086E39BE20F94A4AB0F9428ABEA
:1075B00080911A058F5F80931A0580911C058F5F5B
:1075C00080931C05A9CF1F910F91FF90EF90089514
:1075D00080914F02882331F0813041F410924F02A4
:1075E0000C94117382E080934F02FACF81E0FBCFBD
:1075F000DF92EF92FF920F931F93CF93DF9300D010
:107600001F92CDB7DEB78CEA9DE00F949ABBE82EAF
:107610008BEA9DE00F949ABB182F8AEA9DE00F94A5
:107620009ABB082F0F9454AB10921A0580E3F82EE2
:10763000F10E98E7D92E005D80911A05843008F08C
:1076400047C010921D050F94FCA9882329F017301C
:1076500019F481E00F941C1288E59BE20F941AAE96
:10766000F982DA82FB821C8220E048E953EBBE01FA
:107670006F5F7F4F81E29BE20F94E3AC09831A8234
:1076800020E049E853EBBE016F5F7F4F85E19BE24D
:107690000F94E3AC63E07BE2173031F461EA73E608
:1076A000EE2011F065EA73E622E044EA53EB87E04E
:1076B0009BE20F94E3AC0F9428AB90911A059F5F67
:1076C00090931A0590911C059F5F90931C05B4CF71
:1076D0000F900F900F900F90DF91CF911F910F910E
:1076E000FF90EF90DF900895CF930F9454AB1092DA
:1076F0001A0580911A05843030F510921D0585EA2F
:107700009BE20F941AAE64E57CEB8AE399E20F9456
:10771000F7AAC0E061E36C0F2C2F43E65CEB85EE2B
:1077200099E20F94A0AACF5FC530A1F70F9428ABC0
:1077300080911A058F5F80931A0580911C058F5FD9
:1077400080931C05D6CFCF91089584E00D943344E7
:1077500085E00D94334486E00D94334487E00D9426
:10776000334488E00D9433446091E20381EA9DE064
:107770000F94BEBB83E00D94FBADCF930F9454AB3D
:1077800010921A0580911A05843058F510921D0543
:107790000F94FCA981110F94121585EA9BE20F94B6
:1077A0001AAE66E97BEF8AE399E20F94F7AAC0E08C
:1077B00061E36C0F2C2F47EA5BEF85EE99E20F94A3
:1077C000A0AACF5FC530A1F70F9428AB80911A050E
:1077D0008F5F80931A0580911C058F5F80931C0535
:1077E000D1CFCF910895EF92FF920F931F93CF9334
:1077F0008C017B010F9454AB10921A0580911A05ED
:10780000843018F510921D050F94FCA981110F9476
:10781000121585EA9BE20F941AAEC0E061E36C0F8B
:107820002C2FA701C8010F94A0AACF5FC530B1F7D4
:107830000F9428AB80911A058F5F80931A05809171
:107840001C058F5F80931C05D9CFCF911F910F919D
:10785000FF90EF9008956DE37CEB87EC92E60C943B
:10786000F3BB69E47CEB84ED92E60C94F3BB6DE929
:107870007EEF85EE99E20C94F3BBCF93C82F0F9463
:107880002A65882321F08C2FCF910D94867DCF918E
:107890000895CF93C82F0F9417AE61E08C2F0F94EB
:1078A0000B7DCF910D94121580E00F94CA7C81E07E
:1078B0000F94CA7C82E00F94CA7C83E00F94CA7C48
:1078C00084E00D94CA7C0D94CA7C0F9454AB109242
:1078D0001A0580911A05843008F043C010921D05E6
:1078E00088E798E20F941AAE60E975EB89E49DE0B1
:1078F0000F947DAD6BE875EB84E59DE00F947DAD55
:1079000066E875EB8FE59DE00F947DAD61E875EB62
:107910008AE69DE00F947DAD6CE775EB85E79DE011
:107920000F947DAD67E775EB80E89DE00F947DAD2A
:1079300062E775EB8BE89DE00F947DAD6DE675EB2E
:1079400086E99DE00F947DAD0F9428AB80911A05D8
:107950008F5F80931A0580911C058F5F80931C05B3
:10796000B8CF08952F923F924F925F926F927F927D
:107970008F929F92AF92BF92CF92DF92EF92FF923F
:107980000F931F93CF93DF9300D000D000D0CDB7DB
:10799000DEB706EA13E11F830E832E803F80198233
:1079A000F10161817281838194819B01AC010F940B
:1079B000D0C0882309F47CC089810F941FA420E0E3
:1079C00030E048EB51E40F94C2BC6B017C0120E035
:1079D00030E041E853E40F94C1BC2B013C0120E0AE
:1079E00030E046EF53E4C701B6010F94C1BC4B0130
:1079F0005C0120E030E040EC51E4C701B6010F9497
:107A0000C1BC6B017C01EE81FF8121813281438108
:107A10005481C301B2010F9467B6A50194010F947C
:107A200067B620E034EE45ED57E40F94C1BD6A839C
:107A30007B838C839D83EE81FF81258536854785F9
:107A40005089C701B6010F9467B6A50194010F9440
:107A500067B620E034EE45E557EC0F94C1BD9B01BD
:107A6000AC016A817B818C819D810F94C2BC4B01EA
:107A70005C01EE81FF81218D328D438D548DC701D4
:107A8000B6010F9467B6A30192010F9467B620E088
:107A900034EE45ED57E40F94C1BD9B01AC01C50127
:107AA000B4010F94C2BCF101618372838383948318
:107AB000F4E02F0E311C29812F5F2983273009F034
:107AC0006FCF8E819F814C969F838E838A5694417F
:107AD00009F063CF19870887F1E0F983C8018B5A51
:107AE0009F4F9F838E83180199EA290E311CE885E8
:107AF000F985658D768D878D90A19B01AC010F94E2
:107B0000D0C0882309F479C089810F940CA420E0A7
:107B100030E040EA50E40F94C2BC6B017C0120E0ED
:107B200030E048ED52E40F94C1BC2B013C0120E051
:107B300030E042E553E4C701B6010F94C1BC4B01EC
:107B40005C0120E030E040EC50E4C701B6010F9446
:107B5000C1BC6B017C01EE81FF81208131814281BA
:107B600053810F9467B6A50194010F9467B620E086
:107B700030E942E256EC0F94C1BD6A837B838C836B
:107B80009D83F8012181328143815481C301B20177
:107B90000F9467B6A50194010F9467B620E030E911
:107BA00042EA56E40F94C1BD9B01AC016A817B811E
:107BB0008C819D810F94C2BC4B015C01F10120813D
:107BC000318142815381C701B6010F9467B6A30189
:107BD00092010F9467B620E030E942EA56E40F9430
:107BE000C1BD9B01AC01C501B4010F94C2BCE885C5
:107BF000F985658F768F878F90A3888599854C96B8
:107C00009987888799819F5F9983963009F06FCF14
:107C10000C5F1F4FE3E1023C1E0709F05BCF299682
:107C20000FB6F894DEBF0FBECDBFDF91CF911F918D
:107C30000F91FF90EF90DF90CF90BF90AF909F900B
:107C40008F907F906F905F904F903F902F9008950E
:107C50004F925F926F927F92AF92BF92CF92DF92DC
:107C6000EF92FF920F931F93CF93DF936C0180915C
:107C70009E13C114D10429F0D6E0813029F0D5E05B
:107C800003C0D4E08130D9F30E94275484E080936C
:107C90009702C1E000E08D2F8350990B7C010F9477
:107CA000A22C81E00E9491738091710690917206DE
:107CB000009709F497C097FF82C0C15010927206D6
:107CC00010927106C4300CF480C0802F002E000C7E
:107CD000990B8E159F050CF074C00F5F0E942754FE
:107CE000C3E04DED52E360E080E00E940854A02E16
:107CF000002E000CBB08C114D10421F012E0AE1418
:107D0000BF0409F013E0D0E0DF5F40E656E26D2FDC
:107D100081E00E9408541D13F7CF402E002E000C66
:107D20005508660877089FEF491A590A690A790ABF
:107D300010E01F5F612F8AE00E94F453C301B2017B
:107D40000E9475568FEF481A580A680A780AD113AC
:107D5000F0CFC114D10441F0AE14BF0429F4A60140
:107D600063E081E00E9408544BE85CE361E080E05E
:107D70000E9408544EE36C2F80E00E94145464E685
:107D800070E080E090E00F94B21B0E943E57882381
:107D900009F485CF82E0809397028FEF8C0F800FDC
:107DA000DF91CF911F910F91FF90EF90DF90CF90D7
:107DB000BF90AF907F906F905F904F900895CF5F8E
:107DC0007DCF87E00F94BE428BCFC1118ACF1016B2
:107DD0002CF401500E942754C1E083CF87E00F9418
:107DE000BE42FACFC4300CF070CF7BCF4F925F927F
:107DF0006F927F92AF92BF92CF92DF92EF92FF92FB
:107E00000F931F93CF93DF9324E030E041E050E0E5
:107E1000D901A651B94DFD01659174918617970757
:107E20000CF066C041505109440F551F440F551FB7
:107E3000EA01C451D94DFE01059114914651594DA5
:107E4000FA0165917491F901E451F94DE590F490CE
:107E5000FE01C590D490FD01C591D491FA01A59081
:107E6000B490861B970BBC01990F880B990B0F944C
:107E700028B62B013C01B7016C197D09072E000CB7
:107E8000880B990B0F9428B69B01AC01C301B2017A
:107E90000F9467B66B017C01BE016A197B09072E3E
:107EA000000C880B990B0F9428B69B01AC01C701FD
:107EB000B6010F94C1BD6B017C01B801110F880B95
:107EC000990B0F9428B69B01AC01C701B6010F9422
:107ED000C2BCDF91CF911F910F91FF90EF90DF9087
:107EE000CF90BF90AF907F906F905F904F9008952C
:107EF0004F5F5F4F2C5F3F4F2038310509F088CF2F
:107F0000E8E6F7E265917491072E000C880B990B57
:107F10000F9428B6DECF1F93CF93DF93E1E0F1E01B
:107F200080818E7F8083E2E0F1E0808181608083C8
:107F3000E7E2F5E090E1908311821282E0EDF0E05B
:107F40008081826080839093D400E1EDF0E088E14D
:107F50008083808180688083E8E7F2E18AE89FEF90
:107F60009187808782E79FEF9387828713E013834F
:107F7000158614869FB7F894E5E0F1E08081806271
:107F800080839FBFE4E0F1E08081806280830F9472
:107F90008C9F83E60F94A9648FE795E60E94765D37
:107FA000CFE2D3E11093831385E199E60E94765DD9
:107FB0008AE08C8B82E080939E1381E08D8F8A8390
:107FC0001CA286E08C8380E0DF91CF911F910D94FD
:107FD000F27422E02093C0001092C50090E19093CB
:107FE000C4008091C10080618093C1008091C10074
:107FF00088608093C1008091C10080688093C10037
:10800000809126058130A9F42093C8001092CD00FC
:108010009093CC008091C90080618093C9008091C9
:10802000C90088608093C9008091C90080688093EE
:10803000C90008952F923F924F925F926F927F9264
:108040008F929F92AF92BF92CF92DF92EF92FF9268
:108050000F931F93CF93DF9300D000D01F92CDB723
:10806000DEB7698349015A012701682F70E090E06B
:1080700080E00F9428B624E032E041E05CE30F9406
:1080800067B62091BE123091BF124091C01250913C
:10809000C1120F9467B66B017C012091C21230911E
:1080A000C3124091C4125091C512C501B4010F947E
:1080B00067B62091C6123091C7124091C8125091F4
:1080C000C9120F94C2BCA70196010F9467B66B0149
:1080D0007C01209114133091151340911613509187
:1080E0001713C801B2010F94C2BC9B01AC01C501BA
:1080F000B4010F94C1BC398124E0329FF0011124F6
:10810000EC52FD4E20813181428153810F94C1BDDB
:108110009B01AC01C701B6010F94C1BC2091211392
:108120003091221340912313509124130F9467B67A
:108130006F837983182F092F2091B512E22FF0E079
:108140008091B4128150990BE817F90709F4F4C033
:108150002F5F2E835E8144E0549F10011124D101D2
:10816000AC56BD4E2D913D914D915C912A833B8340
:108170004C835D83EE0FFF1FEE0FFF1FEC56FD4E8D
:108180004080518062807380C090CE12D090CF1218
:10819000E090D012F090D1129201A301B201C3017C
:1081A0000F94D0C0882321F04F805980612E702E0B
:1081B000A1014C565D4E1A01A701960160E070E0E6
:1081C00080E89FE30F94C1BC9201A3010F9467B6AE
:1081D0002B013C01A70196016F817981812F902F9E
:1081E0000F9467B69B01AC01C301B2010F94C2BCEE
:1081F000F1016083718382839383FE81F093B512D2
:108200002091BA123091BB124091BC125091BD1214
:10821000C501B4010F94C1BC2A813B814C815D81B1
:108220000F94C1BC2B013C01C090B612D090B71284
:10823000E090B812F090B912A7019601C701B601FB
:108240000F94D0C0882319F0C12CD12C760123E3E0
:1082500033E343E75FE3C701B6010F9467B66B01F1
:108260007C012DEC3CEC4CE45DE3C301B2010F94C6
:1082700067B69B01AC01C701B6010F94C2BC8092E6
:10828000BA129092BB12A092BC12B092BD1260932F
:10829000B6127093B7128093B8129093B9126B0113
:1082A0007C01E894F7F821E029832091291330918B
:1082B0002A1340912B1350912C13C701B6010F9430
:1082C0004BBF18160CF0198280912013398130FBB6
:1082D00081F98093201341E0498320912513309147
:1082E00026134091271350912813C701B6010F940C
:1082F0004BBF18160CF0198280912013598150FB46
:1083000082F98093201327960FB6F894DEBF0FBE34
:10831000CDBFDF91CF911F910F91FF90EF90DF9034
:10832000CF90BF90AF909F908F907F906F905F9015
:108330004F903F902F9008951E820CCF2F923F9226
:108340004F925F926F927F928F929F92AF92BF9265
:10835000CF92DF92EF92FF920F931F93CF93DF9311
:10836000CDB7DEB7A4970FB6F894DEBF0FBECDBF72
:108370009B8F8A8F7A8B698B2B8B3C8B4D8B5E8B83
:108380000C8FCD8EDE8EEF8EF8A220912505298FE1
:1083900080E00F94A526A989BA898D919D910D90B1
:1083A000BC91A02D89A39AA3ABA3BCA380E090E0CD
:1083B000A0EAB0E489839A83AB83BC838B899C89D0
:1083C000AD89BE898D839E83AF83B88720E030E07E
:1083D00040EA50E4BC01CD010F94C1BC2AE737E369
:1083E0004EE15FE30F9467B66B017C0120E030E063
:1083F00040EA50E40F94C2BC69877A878B879C87D8
:10840000A70196016B897C898D899E890F94C1BCD7
:108410006D877E878F87988B312C212C29853A8513
:108420004B855C85CD8CDE8CEF8CF8A00C8D69893A
:108430007A898A8D9B8D0F94EE204B015C012D85EE
:108440003E854F855889CD8CDE8CEF8CF8A00C8D45
:1084500069897A898A8D9B8D0F94EE209B01AC01EE
:1084600011E0C501B4010F944BBF18160CF010E0D9
:1084700001E00127802F90E0E12FF0E0EE0FFF1FD9
:10848000EE0FFF1F41E050E04C0F5D1F4E0F5F1FCE
:108490008C01000F111F000F111FA1E0B0E0AC0F05
:1084A000BD1F0A0F1B1FF8013896F88FEF8BF801DC
:1084B00080859185A285B385FA0180839183A2830B
:1084C000B3838D809E80AF80B884C980DA80EB80D2
:1084D000FC80A7019601C501B4010F94C1BC2AE735
:1084E00037E34EE15FE30F9467B62B013C01AC012B
:1084F0009B01C701B6010F94C2BC69877A878B873D
:108500009C87A3019201C501B4010F94C1BC6D8782
:108510007E878F87988BD80118964C90EF89F88DBD
:10852000518062807380A5019401C701B6010F9448
:10853000C1BC242D352D462D572D0F94C1BD9F77DD
:108540002CE031E943EC5EE30F9467B66B017C01EC
:108550005B018C01FF928F93DF926F937F926F92FA
:108560005F924F923F922F9221E63CE33F932F93ED
:108570000F945CBA0FB6F894DEBF0FBECDBF2AE0F1
:1085800037ED43E25CE36C2D7D2D8E2D9F2D0F94F6
:10859000B7BD87FF42C020E030E040EA50E4642DE0
:1085A000752D862D972D0F94B7BD8823F1F1242DBD
:1085B000352D462D572D6B897C898D899E890F9489
:1085C000B7BD882391F1842D952DA62DB72DE9896E
:1085D000FA8980839183A283B383898D0F94A52622
:1085E0006A2D7B2D802F912FA4960FB6F894DEBFB5
:1085F0000FBECDBFDF91CF911F910F91FF90EF90F4
:10860000DF90CF90BF90AF909F908F907F906F90B2
:108610005F904F903F902F900895FFEF2F1A3F0AE1
:108620002EE12216310409F0F9CE82E49CE30E9487
:10863000765D89A19AA1ABA1BCA1E989FA89808361
:108640009183A283B383898D0F94A526A12CB12C8D
:1086500000EC1FE7C5CFEF92FF920F931F93CF93CC
:10866000DF9300D01F921F92CDB7DEB7082F162FD1
:10867000F72E0F942A658823D9F00B3029F10431A5
:1086800031F187E5E82EE9820A831B83FC82CE0163
:1086900001960F945B9F8D8347E5502F612F7F2DAF
:1086A0000F94C87460E080E00F94E77B882359F34F
:1086B0000F900F900F900F900F90DF91CF911F911F
:1086C0000F91FF90EF90089510937B13DACF1093E2
:1086D0007C13D7CF8230910538F0880F991F880F0F
:1086E000991F05970197F1F70895CF93DF93282FEE
:1086F00030E0F901EB58F54C8491F901E15EF54C5D
:10870000D491F901E753F64CC491CC23A1F0811127
:108710000E9462B0EC2FF0E0EE0FFF1FE155F64C27
:10872000A591B491EC91ED2381E090E009F480E013
:10873000DF91CF91089580E090E0FACF1F93CF931F
:10874000DF93282F30E0F901EB58F54C8491F901C3
:10875000E15EF54CD491F901E753F64CC491CC237A
:10876000A9F0162F81110E9462B0EC2FF0E0EE0FFD
:10877000FF1FEB56F64CA591B4918FB7F894EC918E
:10878000111108C0D095DE23DC938FBFDF91CF910C
:108790001F910895DE2BF8CFCF93DF9390E0FC017B
:1087A000E15EF54C24918753964CFC01849188231B
:1087B000D1F090E0880F991FFC01E558F64CA59187
:1087C000B491FC01EB56F64CC591D49161110EC0E9
:1087D0009FB7F8948C91E22FE0958E238C9328819B
:1087E000E223E8839FBFDF91CF9108958FB7F8947C
:1087F000EC91E22BEC938FBFF6CF1F93CF93DF93D7
:10880000182FEB0161E00E94CCC3209739F460E09F
:10881000812FDF91CF911F910C949EC3CF3FD10543
:1088200011F461E0F5CFE12FF0E0EB58F54CE49165
:10883000E150E23108F0B3C0F0E08827ED5DFB4382
:108840008F4F0D94AABC35C43DC442C44CC456C419
:10885000CFC460C468C470C47AC484C48EC49DC4C8
:10886000A7C4CFC4B1C4BBC4C5C484B5806884BD2B
:10887000C7BDDF91CF911F91089584B5806284BDFB
:10888000C8BDF7CF80918000806880938000D0932E
:108890008900C0938800EDCF809180008062809332
:1088A0008000D0938B00C0938A00E3CF809180003A
:1088B000886080938000D0938D00C0938C00D9CFC6
:1088C0008091B00080688093B000C093B300D1CF96
:1088D0008091B00080628093B000C093B400C9CF93
:1088E00080919000806880939000D0939900C0930D
:1088F0009800BFCF80919000806280939000D093C9
:108900009B00C0939A00B5CF8091900088608093BF
:108910009000D0939D00C0939C00ABCF8091A000AD
:1089200080688093A0008091A0008F7B8093A0003E
:10893000D093A900C093A8009CCF8091A000806232
:108940008093A000D093AB00C093AA0092CF8091F7
:10895000A00088608093A000D093AD00C093AC00CD
:1089600088CF80912001806880932001D0932901D5
:10897000C09328017ECF80912001806280932001E6
:10898000D0932B01C0932A0174CF8091200188607D
:1089900080932001D0932D01C0932C016ACFC03861
:1089A000D1050CF03ECF33CF4F925F926F927F9202
:1089B0008F929F92AF92BF92CF92DF92EF92FF92EF
:1089C0000F931F93CF93DF9386B9FA01E080F18074
:1089D00016161706B4F4E216F30699F4C701DF91F0
:1089E000CF911F910F91FF90EF90DF90CF90BF90AC
:1089F000AF909F908F907F906F905F904F900C946E
:108A00006AC389016A01EB01B70190E080E00F942D
:108A100026B62DEB37E346E855E30F9467B64B01D6
:108A20005C01BE010D2E000C880B990B0F9428B62B
:108A3000A50194010F9467B62B013C01A501940197
:108A40006AE077ED83E29CE30F94C1BD9B01AC012A
:108A5000C301B2010F94C2BC4B015C012AE037EDA7
:108A600043E25EE30F94B7BD1816DCF5A50194014F
:108A70006AE077ED83E29CE30F94C1BD20E034E22D
:108A800044E759E40F9467B620E030E040E05FE34C
:108A90000F94C2BC0F943ABE5B016017710708F4D3
:108AA0005801EA14FB0431F4209721F0FCF0F1E0C6
:108AB000AF1AB108C5010E946AC3F601B182A08253
:108AC000DF91CF911F910F91FF90EF90DF90CF90AA
:108AD000BF90AF909F908F907F906F905F904F90DE
:108AE000089580E1A82E87E2B82EDBCF8FEFA81A79
:108AF000B80AE0CF2F923F924F925F926F927F928F
:108B00008F929F92AF92BF92CF92DF92EF92FF929D
:108B10000F931F93CF93DF9300D0CDB7DEB7F9014A
:108B2000E080F180E114F10409F46BC01616170619
:108B30000CF067C019015B834A836B018983FA01DA
:108B400000811181B80190E080E00F9426B64B01BE
:108B50005C01B6010D2C000C880B990B0F9428B604
:108B60002B013C01A5019401C501B4010F9467B626
:108B70009B01AC01C301B2010F9467B69B01AC012C
:108B80006AE077ED83EA9BE30F94C1BD20E030E01B
:108B900040E05FE30F94C2BC0F943ABE6E157F05B0
:108BA00028F5F981F6B9EA81FB81808191810E94E3
:108BB0006AC3F1018081918101979183808381E073
:108BC0000F900F900F90DF91CF911F910F91FF9019
:108BD000EF90DF90CF90BF90AF909F908F907F905D
:108BE0006F905F904F903F902F9008956627772762
:108BF0006C197D0998014A815B8189810E94D4C4E6
:108C0000D8CF80E0DDCF0F931F93CF93DF93182F42
:108C1000062FD1E0C0E0812F8D2329F0602F6D2336
:108C20008C2F0F94A445CF5FDD0FC330A1F7DF91E8
:108C3000CF911F910F9108958F929F92AF92BF9203
:108C4000CF92DF92EF92FF9230E020E091E0482F48
:108C5000492319F1A901440F551F440F551FFA016B
:108C6000E759F84FC080D180E280F380762F7923D6
:108C7000812C912C54018394772321F088248A94A9
:108C8000982C5401C80CD91CEA1CFB1C4759584F9E
:108C9000FA01C082D182E282F382990F2F5F3F4FA7
:108CA00023303105A1F6FF90EF90DF90CF90BF9079
:108CB000AF909F908F9008952F923F924F925F9226
:108CC0006F927F928F929F92AF92BF92CF92DF92DC
:108CD000EF92FF920F931F93CF93DF9300D000D0BA
:108CE000CDB7DEB7C0906907D0906A07E0906B07F8
:108CF000F0906C077C01EC18FD0880916D07909155
:108D00006E07A0916F07B0917007681B790B809177
:108D1000710790917207A0917307B0917407FA01DF
:108D2000E81BF90BFA83E983FB01FF0FEE0BFF0F42
:108D3000FE2FEE1FE27089819A8188E09802812DD2
:108D4000990B11248470E82B8F2D881F8827881F8A
:108D5000E82BE093050490910B01987B8AE0E827CB
:108D6000E0FD9160E1FD9260E2FD9460906490937B
:108D70000B01000089EC90EB011102C090E080E053
:108D800090936C0580936B05309304042093030447
:108D900029813A813E832D8337FF05C03195219586
:108DA00031093E832D838B0177FF03C01195019517
:108DB0001109F7FE03C0F194E194F1089801D8017C
:108DC0000F94B2BC4B015C012D813E81D9010F94FF
:108DD000B2BC860E971EA81EB91E9701D7010F942C
:108DE000B2BC680D791D8A1D9B1D0F9426B60F9489
:108DF00090C020E030E040E05FE30F94C2BC0F94ED
:108E00003ABE2B014B015B016B013B011C821B82B3
:108E1000312C212C1A8219826114710409F447C083
:108E2000E0916B05F0916C053097E9F580E0EC146A
:108E3000FD0440F0C40CD51C89819A8101969A8367
:108E4000898381E00A151B0530F08260A40CB51CF3
:108E50009FEF291A390AED81FE81E815F90548F0DE
:108E60008460840C951C2B813C812F5F3F4F3C8399
:108E70002B83CE18DF08A01AB10AED81FE818E1A6D
:108E80009F0A86B9E0916705F09168053097D1F1A6
:108E9000B201C3011995009711F00E946AC3F1E075
:108EA0006F1A7108B9CF1995882309F4BFCFE091E3
:108EB0006905F0916A05309741F030E020E04B8180
:108EC0005C81B10189819A81199581E0672809F453
:108ED00080E026960FB6F894DEBF0FBECDBFDF91BF
:108EE000CF911F910F91FF90EF90DF90CF90BF90A7
:108EF000AF909F908F907F906F905F904F903F903A
:108F00002F90089584EF91E0C8CF8EBD0DB407FE79
:108F1000FDCF8EB50895459885E00E9485C78FEFF7
:108F20000E9485C7459A80FDF6CF08951F93CF9381
:108F3000DF93EA01162F0E9485C7812F0E9485C703
:108F40008D2F0E9485C78C2FDF91CF911F910C949C
:108F500085C745980E9496C7459A0895EF92FF925B
:108F60000F931F93CF93DF937A0189014598AB014B
:108F7000BC0182E00E9496C7E7010E0D1F1DC017BD
:108F8000D10741F4459ADF91CF911F910F91FF9046
:108F9000EF90089589910E9485C7F1CFEF92FF92DB
:108FA0000F931F93CF93DF937A0189014598AB010B
:108FB000BC0183E00E9496C7E7010E0D1F1DC0177C
:108FC000D10741F4459ADF91CF911F910F91FF9006
:108FD000EF9008958FEF0E9485C78993F0CF0F938C
:108FE0001F93CF93DF9300D01F92CDB7DEB78C01D4
:108FF0008CE58CBD1DBC24E030E0AE014F5F5F4FBF
:1090000060E070ED83E090E00E94CEC789819A8194
:10901000AB81BC8187349545A245B54571F40115F6
:10902000110549F021E030E0A80165E070ED83E032
:1090300090E00E94CEC781E001C080E00F900F90C9
:109040000F900F90DF91CF911F910F910895459848
:1090500086E00E9485C7459A08954F925F926F926D
:109060007F928F929F92AF92BF92EF92FF920F9357
:109070001F93CF93DF937C014A015B01E9018CE5EB
:109080008CBD1DBC412C80ED582E83E0682E712CC8
:109090000E9427C8B301A20180E20E94A9C70E94D2
:1090A0008BC780E1580E611C711C41145104E4E02F
:1090B0006E06710469F78DB79EB7F70193878287B3
:1090C00000D08F919F91AF91B0E086839783A08766
:1090D000B1870E9427C82CE030E0A70160E070ED66
:1090E00083E090E00E94AEC70E948BC70E9427C811
:1090F0004598B501A40182E00E9496C7FE01219621
:1091000080810E9485C70150110941F0FFEF8F1A3D
:109110009F0AAF0ABF0AFE018110F1CF459A0E9453
:109120008BC70115110511F7DF91CF911F910F9199
:10913000FF90EF90BF90AF909F908F907F906F9037
:109140005F904F900895CF93DF93CDB7DEB72C9704
:109150000FB6F894DEBF0FBECDBF47E455E562E51C
:1091600075E549835A836B837C8391E09D838E836D
:10917000F89488E19DE00FB6F894A895809360007C
:109180000FBE9093600000E012E230E020E040E08B
:1091900051ED63E070E0CE0101960E942DC80E945F
:1091A000754C0F931F93CF93DF93CDB7DEB72C97FA
:1091B0000FB6F894DEBF0FBECDBF87E495E5A2E5FC
:1091C000B5E589839A83AB83BC831D821E8200E050
:1091D00010E220E032E040E053ED63E070E0CE01C9
:1091E00001960E942DC82C960FB6F894DEBF0FBED4
:1091F000CDBFDF91CF911F910F910895CF93459AE5
:109200003D9A8CE58CBD1DBC459880E90E9485C7C0
:1092100080E00E9485C780E00E9485C780E00E94B0
:1092200085C78FEF0E9485C7C82F8FEF0E9485C723
:10923000982F459ACF3E11F0C83C19F481E0913146
:1092400009F080E0CF9108958091060180958170AA
:1092500008951F93CF93DF930F9454AB10921A0588
:109260001BE0D1E080911A05843008F0F7C110921C
:109270001D0587EA9AE20F941AAE0E940A4D8111E9
:1092800017C00E94A44C811113C08091E303811187
:109290000FC080916D0E833009F053C0809175141A
:1092A000882331F064E975EB8FE99AE20F94F7AA0D
:1092B0000E94F44C882371F00E94B94C811104C0C3
:1092C00080916A0E843031F46BEC72E081E99AE2AD
:1092D0000F94CDAD80916C0E882331F06DEB77EF5C
:1092E00088EE9AE20F94F7AA0E94A44C81115AC00A
:1092F00080915B0E90915C0E891B8F7069F50E94C6
:109300000A4D811129C08091E603823029F18091B4
:109310001905811127C06BE772E084E89AE20F9487
:10932000CDAD80919F038823E9F080916D0E69E7B0
:1093300071EB813009F07BC086E79AE20F94F7AABF
:1093400011C0843009F0B4CF80919F03882309F4C1
:10935000AFCF63E771EBA8CF68EF77EB8CE89AE2C9
:109360000F94CDADC0915E0E0E94AE4CC1111AC0DB
:1093700090915D0E911116C0811118C08091A403C7
:10938000811110C0809116056BE771E0811106C054
:1093900080917414882331F065E371E080E69AE2ED
:1093A0000F94F7AA0E94AE4C882321F180912305E7
:1093B000811120C08091E6038230E1F080916A0241
:1093C000823021F490915F0E9923A1F090917A0759
:1093D000983081F06FEC77EF882341F0813051F4C1
:1093E00080919F03882331F063E97EEE83E59AE262
:1093F0000F94CDAD0E94B94C811108C00E94AE4CB3
:10940000811104C00E94A44C882341F080917A0706
:10941000813021F08091A403882361F080911905A7
:10942000882371F06AEF78EF84E49AE207C08CE653
:109430009AE284CF69EF74EB81E69BE20F94CDADA5
:109440000E94A44C811192C00E940A4D81118EC0CD
:109450008091230581118AC08091E603823009F44E
:1094600085C080917514811105C080916A0E882392
:1094700009F4A5C080910717811110C080911605CD
:1094800081110CC080916A0E811108C0D093E10354
:1094900064EB74EF86E39AE20F94CDAD80916C0E8D
:1094A00081111FC081EA9DE00F949ABBC82F0E94D2
:1094B0004E5A87FD09C0C81739F0C102C0011124F6
:1094C000875B924F0E948CB28091FF038C3309F42A
:1094D00092C008F07BC0893109F483C0883209F456
:1094E0007AC08091A803811141C080911905811132
:1094F0003DC080919E13813009F089C08091741322
:1095000081110AC00E9424C9811106C064E77BEB67
:1095100082E19AE20F94CDAD65EA7BEB83E09AE2BB
:109520000F94CDAD68EA7BEB83EF99E20F94CDAD5C
:109530006BEA7BEB84ED92E60F94CDAD8EEC9EE072
:109540000F949ABB882331F06EEA7BEB87EC92E6AE
:109550000F94CDAD61E276EB88E59BE20F94CDAD43
:109560006BE577EB87EC99E20F94CDAD61E571E0A7
:109570008CEB99E20F94CDAD65E472E081EB99E25A
:109580000F94CDAD80919E13813031F463E272E08F
:1095900082EA99E20F94CDAD6DEE70E08AE999E22E
:1095A0000F94CDAD0F9428AB80911A058F5F8093F7
:1095B0001A0580911C058F5F80931C0553CED093B4
:1095C000E1038BE29AE20F941AAE68CF8035C9F0BE
:1095D0008F3F09F086CF22E043E451E069E177E371
:1095E00005C022E043E451E06EE177E381E29AE2D4
:1095F0000F94E3AC76CF22E043E451E064E177E3FB
:10960000F5CF22E043E451E06FE077E3EFCF8091C4
:109610008E178823C1F080918F17811106C06FEDDE
:1096200070E085EE99E20F94CDAD0E9424C98111BE
:1096300010C080918F17882309F48CCF63EF72E0FC
:1096400083ED99E285CF6FED70E085EE99E20F949E
:10965000CDAD61E471E083EF99E27ACFDF91CF91F4
:109660001F91089580918E17882351F00E9424C97C
:10967000882331F08FE99CE20F94AA120D944610D2
:1096800086E080936A0EFACFCF93C82F86EA9CE0DB
:109690000F949ABBC0956C2F682386EA9CE0CF910B
:1096A0000D94BEBB1F93CF93DF9300D000D01F92C9
:1096B0001F92CDB7DEB7BE016F5F7F4F8091E2038F
:1096C0000E94705A8091E2031BE0819FC001112427
:1096D0006FEF7FEF805B924F0F94DCBB6091E203F2
:1096E000619FB0011124675B724F47E050E0CE01EB
:1096F00001960F94AEBB81EA9DE00F949ABB9091C6
:10970000E20389130AC00E94625A80E00E944E5A06
:109710008F3F19F480E10E9444CB0F9417AE289636
:109720000FB6F894DEBF0FBECDBFDF91CF911F9172
:109730000895CF93C82F86EA9CE00F949ABB682FB8
:109740006C2B86EA9CE0CF910D94BEBB2F923F928A
:109750004F925F926F927F928F929F92AF92BF9241
:10976000CF92DF92EF92FF920F931F93CF93DF93ED
:10977000CDB7DEB7CE5CD1090FB6F894DEBF0FBE11
:10978000CDBF182F81E00E94D94B81E00E942B733E
:10979000111104C00F9459230E94975A80E00E942F
:1097A00001550F94AE690F941CA810926E0510928B
:1097B0006D05E5E4F7E083E0DF011D928A95E9F7A6
:1097C00081E00E94114CC755DF4F99838883C95AA5
:1097D000D04087E996E30F94271260E070E080EABA
:1097E00090E40E9475530E944F4D50E040E061E0CC
:1097F00080E00E94605E50E040E061E081E00E9415
:10980000605E0F94C6950F94B54210928E0220E0D0
:1098100030E040EA50E46091480770914907809138
:109820004A0790914B070F94C2BC6093480770930E
:10983000490780934A0790934B0720E030E040EAC5
:1098400050E460914C0770914D0780914E079091C4
:109850004F070F94C2BC60934C0770934D078093E1
:109860004E0790934F0760E070E080EA91E40F9418
:1098700006970F9452370E943954E5968FAFE597BB
:10988000811104C0E5961FAEE59713C38DE596E3FD
:109890000F94AA12112309F4E9C240E060E08FEBB3
:1098A00094E30F941412882321F08AE994E30F942F
:1098B000AA128DE296E30F94271246EE56E263E079
:1098C00080E00E9408540E94EC4B111120C084E0FB
:1098D0008093970241E060E08FEB94E30F941412C1
:1098E000811104C082E794E30F94AA1287E795E3FD
:1098F0000F94AA1282E0809397028DE096E30F9472
:1099000027124EED56E263E080E00E940854009179
:109910008E0210928E0260E070E080E89FEB0E9461
:10992000F652C12CD12C80EAE82E80E4F82EC092A9
:109930005007D0925107E0925207F092530781E00E
:1099400080938E0284E00F94BD1960E070E080EA9D
:1099500091E40F9406970F9452370F948E19009349
:109960008E0282E00F943E372DEC3CEC44EA50E44A
:109970000F94B7BD18160CF480C282E00F943E37E6
:1099800023E333E34BE950E40F944BBF87FD75C2EB
:10999000111178C280E10E9444CB81EA9DE00F94CE
:1099A0009ABBBBE08B9FC001112470E060E0805B3C
:1099B000924F0F94DCBB0E94EC4BE7EAF3E184EC9E
:1099C000DF011D928A95E9F788E49EE30E944F5BD0
:1099D00081E090E00F94C1528DE096E30F9427123E
:1099E000C0925007D0925107E0925207F09253076D
:1099F000B2E0E196BFAFE19723E23EE3CD56DF4F01
:109A000039832883C359D04046EA53E1CF56DF4F0C
:109A100059834883C159D040A0965FAF4EAFA097FD
:109A2000E0963FAF2EAFE097A7961FAEA797312CD9
:109A3000212C0E94EC4B63E080E00E94F453BFEFC6
:109A40002B1A3B0A3F922F92E3E4FEE3FF93EF933E
:109A50000E94CD5365E575E585E591E40F94C39FBC
:109A6000E096EEADFFADE09785919591A591B4910B
:109A70008093480790934907A0934A07B0934B07F8
:109A8000E096EEADFFADE097349685919591A59166
:109A9000B49180934C0790934D07A0934E07B093D9
:109AA0004F0760E070E088E492E40F94C39F48EAB7
:109AB0005CE35F934F930F945CBA47E95CE363E028
:109AC00084E00E9408540F9459230F9452378091D8
:109AD0006F008D7F80936F000FB6F894A8958091EA
:109AE0006000886180936000109260000FBE109249
:109AF0006C0510926B058DEC90EB90936A0580934A
:109B00006905ADE5B0EBB0936805A09367050091DA
:109B1000710710917207209173073091740740917B
:109B20006D0750916E0760916F077091700780917B
:109B3000690790916A07A0916B07B0916C073F93FA
:109B40002F931F930F937F936F935F934F93BF93C5
:109B5000AF939F938F93E7E4FDE3FF93EF930F940D
:109B60005CBA4090690750906A0760906B077090EC
:109B70006C07B42CA52C80916D0790916E07A09175
:109B80006F07B0917007A6968CAF9DAFAEAFBFAF19
:109B9000A697A3969FACA397A4968FACA497C090CA
:109BA0007107D0907207E0907307F09074070FB6BA
:109BB000F894DEBF0FBECDBFB5E0CB16B7EFDB0626
:109BC0000CF4D7C11A8219821F921F92E3E0EF931F
:109BD000F4E8FF931F9224E62F93DF92CF928F92A7
:109BE0009F92AF92BF924EEB5CE35F934F930F94C3
:109BF0005CBA0FB6F894DEBF0FBECDBF89819A81E3
:109C0000803D924008F480C189819A81803A9540D4
:109C100010F00C94FADC9E012F5F3F4F790110E0A9
:109C200000E02CE73CEFA60144565109692D782D40
:109C30008B2D9A2D0F94A672882311F40C94FADCC4
:109C400089819A8180539D4FC0907107D09072078F
:109C5000E0907307F090740700916D0710916E0704
:109C600020916F07309170074091690750916A0702
:109C700060916B0770916C079F938F93DF92CF92E7
:109C80001F930F935F934F9383E29DE39F938F9373
:109C90000F945CBA409171075091720760917307FD
:109CA000709174074854510900E028EC30E0A39605
:109CB0006FADA397A4967FADA497C2010E945CC626
:109CC0002091690730916A0740916B0750916C07AA
:109CD0006E962CAF3DAF4EAF5FAF6E9780916D0724
:109CE00090916E07A0916F07B0917007AE968CAF00
:109CF0009DAFAEAFBFAFAE972091710730917207A5
:109D00004091730750917407E9962CAF3DAF4EAF69
:109D10005FAFE997ABE7BBE00FB6F894DEBF0FBECD
:109D2000CDBF90E080E0FC01E254F24C25913491EB
:109D30002D933D93FC01EA55F24C259134915796B1
:109D40003C932E93569702968831910561F7E796DA
:109D50004EAD5FADE797AC966EAD7FADAC976C96B0
:109D60008EAD9FAD6C970F942E6F2BE737E0A496C6
:109D70003FAF2EAFA4977901A0E29A2EB9E6CB2E81
:109D8000BDE3DB2E00EE13E65701F0E28F2ED50186
:109D90008D915D011F928F93DF92CF920F945CBAE9
:109DA0008A940F900F900F900F908110F0CF1F9317
:109DB0000F930F945CBA9A94B0E2EB0EF11C0F90E3
:109DC0000F909110E1CF1F930F930F945CBA6BE744
:109DD0007BE00F900F90EBE7F7E090E080E050E041
:109DE00040E02191211105C34F5F5F4F6E177F0740
:109DF000C1F79A01280F391F25383340A4F04333A7
:109E000051058CF08333910574F020E034E0241B7D
:109E1000350B281B390B241735072CF41DEF281799
:109E200039070CF4D6C066961FAE669762961FAED1
:109E3000629722961FAE229719828BE797E0892BB3
:109E400099F08BE79BE00FEF009749F0AE014F5A76
:109E50005F4FBE016B5A7F4F0F94516E082F83E9FD
:109E60009BE0892B09F0CAC28FEFDAC28DE096E33E
:109E70000F94271242EE56E222CD84E59EE30F9422
:109E8000AA1200CDC755DF4F88819981C95AD040A9
:109E90000E94F74B0F9481A80F941FA60F9432A431
:109EA000E5968FAFE597882309F4ECCC84E00E9417
:109EB00099CB81E00E94015580E00E94D94B80E05F
:109EC0000E942B73E5968FADE597C253DF4F0FB617
:109ED000F894DEBF0FBECDBFDF91CF911F910F91E0
:109EE000FF90EF90DF90CF90BF90AF909F908F90BA
:109EF0007F906F905F904F903F902F900895E1E09A
:109F0000E196EFAFE19778CDFE0131967F0110E049
:109F100000E024E833E0A601692D782D8B2D9A2DE1
:109F20000F94A672882309F46FCE89819A818CCE12
:109F300089819A8180349B40B8F4CE0101967C01DE
:109F400004EB10E02CE73CEFA6014C525140692D88
:109F5000782D8B2D9A2D0F94A672882329F0898154
:109F60009A818059974F70CE90E9C91A91E0D90A29
:109F700023CE0091710710917207209173073091E1
:109F8000740740916D0750916E0760916F07709153
:109F900070078091690790916A07A0916B07B09153
:109FA0006C073F932F931F930F937F936F935F9350
:109FB0004F93BF93AF939F938F9386EF9CE39F93B1
:109FC0008F930F945CBA0FB6F894DEBF0FBECDBF6F
:109FD0001FEF86ED9DE39F938F930F945CBA63E030
:109FE00084E00E94F45380E10E94EA530F94399771
:109FF00088E198E20FB6F894A895809360000FBEB0
:10A0000090936000809160008064809360008091F4
:10A010006F00826080936F000F900F901D3F09F4D6
:10A0200064C31F3F11F40C94BFDC20E030E0A901B1
:10A03000A096EEADFFADA09761817281838194817E
:10A040000F9467B6209148073091490740914A071D
:10A0500050914B070F94C2BCA096AEADBFADA09778
:10A0600011966D937D938D939C931497C0904C079C
:10A07000D0904D07E0904E07F0904F0720E030E081
:10A08000A90115966D917D918D919C9118970F94D2
:10A0900067B6A70196010F94C2BCA096EEADFFADC6
:10A0A000A097658376838783908720E030E040E83F
:10A0B00050ECC701B6010F94B7BD87FF0CC080E01C
:10A0C00090E0A0E8B0EC80934C0790934D07A093EC
:10A0D0004E07B0934F0720E030E040E450E4609139
:10A0E00050077091510780915207909153070F9438
:10A0F000C2BC6093500770935107809352079093AE
:10A100005307E0962EAD3FADE097285F3F4FE096B6
:10A110003FAF2EAFE097A0964EAD5FADA097485FE2
:10A120005F4FA0965FAF4EAFA09754E02516310465
:10A1300009F07FCCA7966FADA797662331F0E19623
:10A140008FADE197813009F0DACE8DEB96E29F93E7
:10A150008F930F945CBA90E080E00E943C760F9061
:10A160000F9020E030E040E950EC6091AB1370912B
:10A17000AC138091AD139091AE130F94B7BD87FFD0
:10A18000BBC282E29EE30E94765D80EF9DE30E9467
:10A190004F5B6091AB137091AC138091AD139091B4
:10A1A000AE1342E00F94EBB28CEE9DE30E944F5B46
:10A1B00060E070E080E990EC0F942E5192E0AF9651
:10A1C0009FAFAF971092D7131092D8131092D91354
:10A1D0001092DA131092DB131092DC131092DD133D
:10A1E0001092DE13A4E6E696AFAFE697A2961CAEF9
:10A1F0001DAE1EAE1FAEA297A6961CAE1DAE1EAE25
:10A200001FAEA697FE0131966896FFAFEEAF689736
:10A210009E012F5B3F4F6A963FAF2EAF6A97A6967F
:10A220006CAD7DAD8EAD9FADA6970F94BCBD6E9607
:10A230006CAF7DAF8EAF9FAF6E97A6966CAD7DADC8
:10A240008EAD9FADA6970F9482C0CB57DF4F68832A
:10A2500079838A839B83C558D040A2966CAD7DAD2F
:10A260008EAD9FADA2970F94BCBDC757DF4F6883DB
:10A2700079838A839B83C958D040A2966CAD7DAD0B
:10A280008EAD9FADA2970F9482C0CB56DF4F6883EF
:10A2900079838A839B83C559D0406896AEADBFADA4
:10A2A0006897E0E41D92EA95E9F780E16A96AEAD21
:10A2B000BFAD6A971D928A95E9F790E080E00E9411
:10A2C0003C762091D7133091D8134091D9135091F7
:10A2D000DA13C555DF4F288339834A835B83CB5A12
:10A2E000D0408091DB139091DC13A091DD13B091ED
:10A2F000DE13C155DF4F88839983AA83BB83CF5A6E
:10A30000D040DE01AF5BBF4FC756DF4FB983A88394
:10A31000C959D040FE013196AC96FFAFEEAFAC9775
:10A3200000E0CB56DF4F288139814A815B81C559D6
:10A33000D0405058ED962CAF3DAF4EAF5FAFED978C
:10A34000C757DF4F88819981AA81BB81C958D04006
:10A35000B058C358DF4F88839983AA83BB83CD57F6
:10A36000D040CB57DF4F288139814A815B81C55866
:10A37000D0405058CF57DF4F288339834A835B83BF
:10A38000C158D040AC962EAC3FACAC9710E076EA0A
:10A39000472E73E1572EE4E07E2EC12CD12C76019E
:10A3A000013011F40C946ADD113011F40C941CDDB1
:10A3B000002311F40C945CDD023009F0A1C1D2013C
:10A3C00011962D913D914D915C911497CF57DF4F90
:10A3D000688179818A819B81C158D0400F9467B68A
:10A3E0004B015C0111119AC160E070E080E89FE3CD
:10A3F000AAC12F3F09F0FACC0196F8CCAE014F5F0D
:10A400005F4FBE016F5B7F4F83E99BE00F94516EFE
:10A4100066966FAD669762961FAD6297801728F0BB
:10A4200022966FAD22971981082F083508F45BC179
:10A4300070E090E080E00F9428B620E030E040EB40
:10A4400050E40F94C2BC2B013C0165964CAE5DAE4E
:10A450006EAE7FAE6597612F70E090E080E00F9464
:10A4600028B620E030E040EB50E40F94C2BC4B0132
:10A470005C0125968CAE9DAEAEAEBFAE259720E0BA
:10A4800030E040E950E429833A834B835C83AE019A
:10A490004F5F5F4FBE016F5B7F4FCE018F5A9F4F63
:10A4A0000F94066BA301920165966CAD7DAD8EADE8
:10A4B0009FAD65970F94C1BC6B017C019F7720E035
:10A4C00030E040E450E40F944BBF181634F1A5017E
:10A4D000940125966CAD7DAD8EAD9FAD25970F9403
:10A4E000C1BC9F7720E030E040E450E40F944BBFC4
:10A4F00018169CF020E030E040EA50E469817A814F
:10A500008B819C810F94C1BC9F7720E030E040E4B8
:10A5100050E40F944BBF1816BCF520E030E040EA41
:10A5200050E469817A818B819C810F94C1BC9F9397
:10A530008F937F936F93A501940125966CAD7DADAC
:10A540008EAD9FAD25970F94C1BC9F938F937F9342
:10A550006F93FF92EF92DF92CF928AE89DE39F93F1
:10A560008F930F945CBA65964CAE5DAE6EAE7FAEC7
:10A57000659725968CAE9DAEAEAEBFAE25970FB655
:10A58000F894DEBF0FBECDBF20E030E048E751E4D5
:10A5900065966CAD7DAD8EAD9FAD65970F94C1BCDA
:10A5A00020E030E040E852E40F9467B66B017C0194
:10A5B0006C96AEADBFAD6C97BD01BB0F880B990B10
:10A5C0000F9428B69B01AC01C701B6010F94C2BC21
:10A5D0006B017C016596CCAEDDAEEEAEFFAE65974D
:10A5E00020E030E048E751E425966CAD7DAD8EADBE
:10A5F0009FAD25970F94C1BC20E030E040E852E4C5
:10A600000F9467B64B015C01AC96EEADFFADAC9715
:10A61000BF01FF0F880B990B0F9428B69B01AC016B
:10A62000C501B4010F94C2BC25966CAF7DAF8EAF4F
:10A630009FAF25972AE037ED43E25CE30F9467B6BE
:10A640009F938F937F936F932AE037ED43E25CE310
:10A65000C701B6010F9467B69F938F937F936F9353
:10A660008EE69DE39F938F930F945CBA20E030E0D9
:10A6700040E05FE325966CAD7DAD8EAD9FAD259737
:10A680000F94C2BC0F9433BE6B0120E030E040E079
:10A690005FE365966CAD7DAD8EAD9FAD65970F9414
:10A6A000C2BC0F9433BECB0100E028EC30E0E7964B
:10A6B0004EAD5FADE797B6010E945CC60FB6F89449
:10A6C000DEBF0FBECDBF10E08BE59EE0A496AEAD21
:10A6D000BFADA4971D92A496BFAFAEAFA4978A1743
:10A6E0009B07A1F776CC1FEFEFCFE596BFADE597BF
:10A6F000A796BFAFA79799CCAF961FAEAF9762CD85
:10A70000F2012581368147815085C358DF4F68812A
:10A7100079818A819B81CD57D04060CE123011F073
:10A720000C9466DCD20111962D913D914D915C9176
:10A730001497CF57DF4F688179818A819B81C158F7
:10A74000D0400F9467B69B01AC01C501B4010F94D2
:10A7500067B69B01AC01C701B6010F94C2BC6B0187
:10A760007C0101110C9474DD7A94F8E04F0E511CB9
:10A77000711016CED101CD92DD92ED92FD921D01A8
:10A780001F5F143009F003CE43E2242E4EE3342E33
:10A79000E6EAF3E1A896FFAFEEAFA897C357DF4F05
:10A7A0001882CD58D040C356DF4F1882CD59D040C3
:10A7B000CF55DF4F1882C15AD04010E0A896AEADF9
:10A7C000BFADA89711962D913D914D915C91149735
:10A7D000E4962CAF3DAF4EAF5FAFE49715964D902A
:10A7E0005D906D907C901897002311F40C9499DC87
:10A7F000812C912C5401013081F0023011F00C9425
:10A800008DDCCF57DF4F688179818A819B81C15868
:10A81000D0400F9467B64B015C01E4962CAD3DAD82
:10A820004EAD5FADE4976E966CAD7DAD8EAD9FADD8
:10A830006E970F9467B66B017C01F10125913591FC
:10A8400045915491CB55DF4F288339834A835B83ED
:10A85000C55AD040A3019201CB56DF4F6881798160
:10A860008A819B81C559D0400F9467B69B01AC018A
:10A87000C701B6010F94C1BCC555DF4F288139818E
:10A880004A815B81CB5AD0400F94C2BCCB55DF4F7D
:10A89000288139814A815B81C55AD0400F94C1BC5F
:10A8A000A50194010F9467B6C357DF4F2881CD5897
:10A8B000D040C356DF4F3881CD59D040CF55DF4F00
:10A8C0004881C15AD040512F0F94C2BCC357DF4FAB
:10A8D000688379838A839B83CD58D040002311F409
:10A8E0000C94A1DC013011F40C94A6DC023061F070
:10A8F000A3019201ED966CAD7DAD8EAD9FADED9750
:10A900000F9467B66B017C01F101349685909590A8
:10A91000A590B490E4962CAD3DAD4EAD5FADE497FF
:10A92000CB57DF4F688179818A819B81C558D040A0
:10A930000F9467B6E4966CAF7DAF8EAF9FAFE49790
:10A94000A3019201C757DF4F688179818A819B817A
:10A95000C958D0400F9467B69B01AC01E4966CAD2A
:10A960007DAD8EAD9FADE4970F94C2BCC155DF4F56
:10A97000288139814A815B81CF5AD0400F94C2BC73
:10A98000A50194010F94C1BCA70196010F9467B66D
:10A99000C357DF4F288139814A815B81CD58D04030
:10A9A0000F94C2BCC357DF4F6883CD58D040C35605
:10A9B000DF4F7883CD59D040CF55DF4F8883C15AC0
:10A9C000D040192FA8964EAD5FADA897485F5F4F56
:10A9D000A8965FAF4EAFA89758E0250E311CA6ECA5
:10A9E000B3E1A896EEADFFADA897AE17BF0709F08B
:10A9F000E5CE9058C756DF4FA881B981C959D040DC
:10AA00006D937D938D939D93C756DF4FB983A88334
:10AA1000C959D0400F5FAC96EEADFFADAC977096C4
:10AA2000AC96FFAFEEAFAC97043009F0ABCC2596F7
:10AA30002CAD3DAD4EAD5FAD2597AE962CAF3DAF85
:10AA40004EAF5FAFAE978D819E81AF81B885E496A2
:10AA50008CAF9DAFAEAFBFAFE49729853A854B85EC
:10AA60005C85ED962CAF3DAF4EAF5FAFED978D851A
:10AA70009E85AF85B889C358DF4F88839983AA83A1
:10AA8000BB83CD57D04029813A814B815C81CF5720
:10AA9000DF4F288339834A835B83C158D04029968E
:10AAA0008CAD9DADAEADBFAD2997CB57DF4F888341
:10AAB0009983AA83BB83C558D04029893A894B8999
:10AAC0005C89C757DF4F288339834A835B83C95822
:10AAD000D040898D9A8DAB8DBC8DCB56DF4F88834E
:10AAE0009983AA83BB83C559D0402D8D3E8D4F8D50
:10AAF00058A1C756DF4F288339834A835B83C959DE
:10AB0000D0408D899E89AF89B88DC357DF4F888328
:10AB10009983AA83BB83CD58D0402D962CAD3DADF3
:10AB20004EAD5FAD2D97C356DF4F288339834A83DF
:10AB30005B83CD59D04089A19AA1ABA1BCA1CF55CF
:10AB4000DF4F88839983AA83BB83C15AD0402DA14C
:10AB50003EA14FA158A5CB55DF4F288339834A83A7
:10AB60005B83C55AD0408DA59EA5AFA5B8A9CD548D
:10AB7000DF4F88839983AA83BB83C35BD04029A519
:10AB80003AA54BA55CA5C954DF4F288339834A8376
:10AB90005B83C75BD04061968CAD9DADAEADBFAD64
:10ABA0006197C554DF4F88839983AA83BB83CB5BAE
:10ABB000D04029A93AA94BA95CA9C154DF4F2883E9
:10ABC00039834A835B83CF5BD0408DA99EA9AFA90F
:10ABD000B8ADCD53DF4F88839983AA83BB83C35C11
:10ABE000D04029AD3AAD4BAD5CADC953DF4F2883A2
:10ABF00039834A835B83C75CD04021968CAD9DAD81
:10AC0000AEADBFAD2197C553DF4F88839983AA832B
:10AC1000BB83CB5CD04014E6C12CD12C760146011D
:10AC2000570126013701A3019201E4966CAD7DAD79
:10AC30008EAD9FADE4970F9467B69B01AC01AE96C5
:10AC40006CAD7DAD8EAD9FADAE970F94C1BC2B01A9
:10AC50003C01A5019401ED966CAD7DAD8EAD9FAD2F
:10AC6000ED970F9467B69B01AC01C301B2010F943D
:10AC7000C1BC2B013C01A7019601C358DF4F68817D
:10AC800079818A819B81CD57D0400F9467B69B0113
:10AC9000AC01C301B2010F94C1BCCF57DF4F288173
:10ACA00039814A815B81C158D0400F94C1BD6E96F5
:10ACB0006CAF7DAF8EAF9FAF6E97C757DF4F2881C8
:10ACC00039814A815B81C958D0400F9467B69B0196
:10ACD000AC01CB57DF4F688179818A819B81C55850
:10ACE000D0400F94C1BC2B013C01A5019401CB566F
:10ACF000DF4F688179818A819B81C559D0400F944B
:10AD000067B69B01AC01C301B2010F94C1BC4B01FA
:10AD10005C01A7019601C756DF4F688179818A815E
:10AD20009B81C959D0400F9467B69B01AC01C50106
:10AD3000B4010F94C1BCC357DF4F288139814A81C8
:10AD40005B81CD58D0400F94C1BD2B013C01CF5544
:10AD5000DF4F288139814A815B81C15AD0406E968C
:10AD60006CAD7DAD8EAD9FAD6E970F9467B69B01B8
:10AD7000AC01C356DF4F688179818A819B81CD59AF
:10AD8000D0400F94C1BC4B015C01CB55DF4F2881F3
:10AD900039814A815B81C55AD040C301B2010F9409
:10ADA00067B69B01AC01C501B4010F94C1BC4B0156
:10ADB0005C01A7019601CD54DF4F688179818A81BA
:10ADC0009B81C35BD0400F9467B69B01AC01C5016A
:10ADD000B4010F94C1BCC954DF4F288139814A8125
:10ADE0005B81C75BD0400F94C1BD4B015C01C15476
:10ADF000DF4F288139814A815B81CF5BD0406E96DD
:10AE00006CAD7DAD8EAD9FAD6E970F9467B69B0117
:10AE1000AC01C554DF4F688179818A819B81CB5B0E
:10AE2000D0400F94C1BC6B017C01CD53DF4F288112
:10AE300039814A815B81C35CD040C301B2010F9468
:10AE400067B69B01AC01C701B6010F94C1BC6B0191
:10AE50007C01C953DF4F288139814A815B81C75CFE
:10AE6000D040C501B4010F9467B69B01AC01C70186
:10AE7000B6010F94C1BCC553DF4F288139814A8187
:10AE80005B81CB5CD0400F94C1BD6B017C01115044
:10AE900009F0C9CE6E962CAD3DAD4EAD5FAD6E974F
:10AEA000C555DF4F688179818A819B81CB5AD0401B
:10AEB0000F94C2BC6093D7137093D8138093D913A7
:10AEC0009093DA13A3019201C155DF4F6881798114
:10AED0008A819B81CF5AD0400F94C2BC6093DB1310
:10AEE0007093DC138093DD139093DE13A50194011E
:10AEF000A6966CAD7DAD8EAD9FADA6970F94C2BCEE
:10AF0000A6966CAF7DAF8EAF9FAFA697A7019601B7
:10AF1000A2966CAD7DAD8EAD9FADA2970F94C2BCD5
:10AF2000A2966CAF7DAF8EAF9FAFA297E6969FAD16
:10AF3000E6979150E6969FAFE697911170C9A69655
:10AF40006CAD7DAD8EAD9FADA6970F94BCBD6093EB
:10AF5000C7137093C8138093C9139093CA13A6960E
:10AF60006CAD7DAD8EAD9FADA6970F9482C0609302
:10AF7000CB137093CC138093CD139093CE13A296E2
:10AF80006CAD7DAD8EAD9FADA2970F9482C09058F1
:10AF90006093CF137093D0138093D1139093D213F7
:10AFA000A2966CAD7DAD8EAD9FADA2970F94BCBD4A
:10AFB0006093D3137093D4138093D5139093D613C7
:10AFC000A6962CAD3DAD4EAD5FADA697A2966CADED
:10AFD0007DAD8EAD9FADA2970F94C1BC4B015C01BE
:10AFE0007C016B01E894F7F821EE3EE245E652E47D
:10AFF000A2966CAD7DAD8EAD9FADA2970F9467B656
:10B000009F938F937F936F9321EE3EE245E652E448
:10B01000C501B4010F9467B69F938F937F936F938D
:10B0200089E696E29F938F930F945CBAB701A601CD
:10B0300080E69FE00F94D0BB0FB6F894DEBF0FBE42
:10B04000CDBF2FE132E449E05BE3C701B6010F94C5
:10B050004BBF10E0181664F425E33AEF4EE85BE3CB
:10B06000C701B6010F944BBF12E018160CF011E0A7
:10B0700025E33AEF4EE85BE3A6966CAD7DAD8EAD71
:10B080009FADA6979F770F944BBF18160CF466C41C
:10B0900025E33AEF4EE85BE3A2966CAD7DAD8EAD55
:10B0A0009FADA2979F770F944BBF18160CF456C410
:10B0B0002091C7133091C8134091C9135091CA13FE
:10B0C000AE962CAF3DAF4EAF5FAFAE978091CF1332
:10B0D0009091D013A091D113B091D213E9968CAF77
:10B0E0009DAFAEAFBFAFE9972091D7133091D81382
:10B0F0004091D9135091DA13E4962CAF3DAF4EAF87
:10B100005FAFE4978091CB139091CC13A091CD13B6
:10B11000B091CE13ED968CAF9DAFAEAFBFAFED97B4
:10B120002091D3133091D4134091D5135091D6135D
:10B13000C358DF4F288339834A835B83CD57D04080
:10B140008091DB139091DC13A091DD13B091DE139D
:10B15000CF57DF4F88839983AA83BB83C158D040E0
:10B16000A3E2BEE36C96BFAFAEAF6C9796EA292E12
:10B1700093E1392EF101C180D280E380F4804580D3
:10B180005680678070846C96EEADFFAD6C9725910C
:10B19000359145915491CB57DF4F288339834A83AA
:10B1A0005B83C558D0406C96EEADFFAD6C9734967E
:10B1B00085909590A590B490ED962CAD3DAD4EAD9B
:10B1C0005FADED97C701B6010F9467B6C757DF4F64
:10B1D000688379838A839B83C958D040C358DF4FE3
:10B1E000288139814A815B81CD57D040C301B201AA
:10B1F0000F9467B69B01AC01C757DF4F6881798117
:10B200008A819B81C958D0400F94C2BCCF57DF4F71
:10B21000288139814A815B81C158D0400F94C2BCDA
:10B220009B01AC01C501B4010F94C1BC4B015C0191
:10B23000A7019601AE966CAD7DAD8EAD9FADAE977C
:10B240000F9467B66B017C01A3019201E9966CAD86
:10B250007DAD8EAD9FADE9970F9467B69B01AC01B4
:10B26000C701B6010F94C2BCE4962CAD3DAD4EAD06
:10B270005FADE4970F94C2BC9B01AC01CB57DF4F8D
:10B28000688179818A819B81C558D0400F94C1BC67
:10B29000A50194010F945EBF2DEC3CEC4CE45FE300
:10B2A0000F944BBF18160CF41EEF38E0230E311C20
:10B2B0006C964EAD5FAD6C97485F5F4F6C965FAF1D
:10B2C0004EAF6C97A8968EAD9FADA897821593054B
:10B2D00009F050CF111162C1A2962CAD3DAD4EAD1B
:10B2E0005FADA297A6966CAD7DAD8EAD9FADA697D6
:10B2F0000F94C2BC20E030E040E05FE30F9467B6FB
:10B300006B017C010F94BCBDA2966CAF7DAF8EAF7C
:10B310009FAFA2976093C7137093C8138093C9130C
:10B320009093CA13C701B6010F9482C0A6966CAF62
:10B330007DAF8EAF9FAFA6976093CB137093CC1366
:10B340008093CD139093CE139B01AC015058AA96D5
:10B350002CAF3DAF4EAF5FAFAA972093CF13309382
:10B36000D0134093D1135093D213A2968CAD9DADC0
:10B37000AEADBFADA2978093D3139093D413A09397
:10B38000D513B093D6131092D7131092D8131092EE
:10B39000D9131092DA131092DB131092DC1310926F
:10B3A000DD131092DE13412C512C3201CF56DF4FAA
:10B3B000A881B981C159D04011968D909D90AD90D2
:10B3C000BC90149715962D913D914D915C911897D5
:10B3D0006E962CAF3DAF4EAF5FAF6E97CD56DF4F41
:10B3E000E881F981C359D040C590D590E590F4909B
:10B3F000A5019401A2966CAD7DAD8EAD9FADA297D7
:10B400000F9467B6AE966CAF7DAF8EAF9FAFAE9721
:10B410006E962CAD3DAD4EAD5FAD6E97AA966CAD00
:10B420007DAD8EAD9FADAA970F9467B69B01AC0121
:10B43000AE966CAD7DAD8EAD9FADAE970F94C2BC98
:10B440009B01AC01C701B6010F94C1BC2091D71379
:10B450003091D8134091D9135091DA130F94C2BC94
:10B460006B017C01C092D713D092D813E092D9130C
:10B47000F092DA1320E030E040E85FE3C301B2016C
:10B480000F94C2BC2B013C01CD56DF4FE881F981FE
:10B49000C359D04034962591359145915491AE963B
:10B4A0002CAF3DAF4EAF5FAFAE97A5019401A6960E
:10B4B0006CAD7DAD8EAD9FADA6970F9467B64B0179
:10B4C0005C016E962CAD3DAD4EAD5FAD6E97A29614
:10B4D0006CAD7DAD8EAD9FADA2970F9467B69B010D
:10B4E000AC01C501B4010F94C2BC9B01AC01AE9686
:10B4F0006CAD7DAD8EAD9FADAE970F94C1BC20916C
:10B50000DB133091DC134091DD135091DE130F9467
:10B51000C2BC4B015C018092DB139092DC13A092C1
:10B52000DD13B092DE13CF56DF4F48815981C159E8
:10B53000D040485F5F4FCF56DF4F59834883C15992
:10B54000D040CD56DF4F88819981C359D0400896AD
:10B55000CD56DF4F99838883C359D04024163506D2
:10B5600009F024CFA3019201C701B6010F94C1BD18
:10B570006093D7137093D8138093D9139093DA13F1
:10B58000A3019201C501B4010F94C1BD6093DB1307
:10B590007093DC138093DD139093DE134090C713F8
:10B5A0005090C8136090C9137090CA13C090D31301
:10B5B000D090D413E090D513F090D6132091CB13F4
:10B5C0003091CC134091CD135091CE13A2962CAF55
:10B5D0003DAF4EAF5FAFA2978091CF139091D01344
:10B5E000A091D113B091D213A6968CAF9DAFAEAF00
:10B5F000BFAFA697A7019601C301B2010F9467B62A
:10B600004B015C01A6962CAD3DAD4EAD5FADA6974E
:10B61000A2966CAD7DAD8EAD9FADA2970F9467B62F
:10B620009B01AC01C501B4010F94C1BC4B015C018D
:10B63000AC019B01C701B6010F94C1BD6B017C0138
:10B64000A6966CAD7DAD8EAD9FADA6979058A50129
:10B6500094010F94C1BDA6966CAF7DAF8EAF9FAF26
:10B66000A697A2966CAD7DAD8EAD9FADA29790587A
:10B67000A50194010F94C1BDAA966CAF7DAF8EAFAA
:10B680009FAFAA97A5019401C301B2010F94C1BD58
:10B690004B015C014090D7135090D8136090D913A0
:10B6A0007090DA132091DB133091DC134091DD139D
:10B6B0005091DE13A2962CAF3DAF4EAF5FAFA29775
:10B6C000C092C713D092C813E092C913F092CA1364
:10B6D000AA968CAD9DADAEADBFADAA978093CB13AE
:10B6E0009093CC13A093CD13B093CE13A6962CAD0C
:10B6F0003DAD4EAD5FADA6972093CF133093D013E1
:10B700004093D1135093D2138092D3139092D413B9
:10B71000A092D513B092D613C701B6019058A301D9
:10B7200092010F9467B66B017C01A2962CAD3DADE2
:10B730004EAD5FADA297A6966CAD7DAD8EAD9FADC3
:10B74000A6970F9467B69B01AC01C701B6010F9491
:10B75000C1BC6093D7137093D8138093D91390937F
:10B76000DA13AA966CAD7DAD8EAD9FADAA979058B9
:10B77000A30192010F9467B66B017C01A2962CADD8
:10B780003DAD4EAD5FADA297C501B4010F9467B654
:10B790009B01AC01C701B6010F94C1BC6093DB13E0
:10B7A0007093DC138093DD139093DE1390E080E0C0
:10B7B0000E943C7617FDD4C087EA96E29F938F9350
:10B7C0000F945CBA47ED53E16FEC73E187EC93E1C2
:10B7D0000F949AA648E050E065EE7FE087ED93E194
:10B7E0000F94AEBB48E050E06DED7FE087EC93E155
:10B7F0000F94AEBB48E050E065ED7FE08FEC93E145
:10B800000F94AEBB0F941FA60F900F90C755DF4F3C
:10B8100088819981C95AD0400E94F74B80E090E01E
:10B82000A0EAB0E48093500790935107A093520789
:10B83000B093530760E070E080EA91E40F940697BC
:10B840000F94523717FD20C01092500710925107E5
:10B85000109252071092530780E090E0A6E1B3E403
:10B8600080935F0590936005A0936105B093620596
:10B8700065E575E585E591E40F94D3968AE994E34F
:10B880000F94AA120F9432A481E00E94015582E025
:10B890000E94BB5385E394E31F3F11F40C943FCF08
:10B8A0001E3F09F072C0AF964FADAF9783E793E3A9
:10B8B000442311F40C943FCF83E393E3423011F41B
:10B8C0000C943FCF8EEE92E30C943FCFF201258192
:10B8D000368147815085C358DF4F688179818A81DD
:10B8E0009B81CD57D0400C94A1D3F20125813681A4
:10B8F00047815085ED966CAD7DAD8EAD9FADED97DA
:10B90000AFC0F2012581368147815085ED966CAD3F
:10B910007DAD8EAD9FADED97BDC0A3019201C35823
:10B92000DF4F688179818A819B81CD57D0400C940B
:10B9300009D4812C912C30E8A32E3FE3B32E0C9434
:10B940000DD4C12CD12C76010C9484D4C12CD12CD3
:10B9500020E8E22E2FE3F22E0C9484D412E0A8CB40
:10B960001E3F89F4AF963FADAF97323009F04ECF0E
:10B9700080E896E29F938F930F945CBA45CFAF9681
:10B980001FAEAF9743CF1FEF41CFAF965FADAF97DD
:10B9900051110FC083E793E3133040F4E12FF0E03F
:10B9A000EE0FFF1FE55FFC4F808191810F94AA127B
:10B9B0000DC0AF966FADAF9786EA93E3623011F496
:10B9C00080EF93E30F94AA12111624F31F3F11F492
:10B9D0000C9442CC86E00E9499CB8FE59FE00F94B7
:10B9E0009ABB81110C9459CF8AED94E30F94AA125B
:10B9F0000C9459CF89819A818037984010F00C942B
:10BA000098CFAE014F5F5F4F7A0104EB10E024E85E
:10BA100033E0A601485C5109692D782D8B2D9A2DB4
:10BA20000F94A672882311F40C9498CF89819A817F
:10BA300080569A4F0C9424CE002311F40C94B4D366
:10BA4000023009F052CFD20111962D913D914D91C6
:10BA50005C9114976E966CAD7DAD8EAD9FAD6E977B
:10BA60000F9467B64B015C0160E070E080E89FE3F3
:10BA7000113091F0123009F044CFD20111962D917E
:10BA80003D914D915C9114976E966CAD7DAD8EADF0
:10BA90009FAD6E970F9467B69B01AC01C501B401D1
:10BAA0000F9467B69B01AC01C701B6010F94C2BCED
:10BAB0006B017C010C94B4D3812C912C60E8A62EF0
:10BAC0006FE3B62E11110C948ED320E030E040E8E5
:10BAD0005FE3EACF812C912C50E8A52E5FE3B52ED1
:10BAE0001111C2CF0C94B4D31111AACF0C94B4D3BA
:10BAF000CF93C82F86EA9CE00F949ABB982F9C2383
:10BB000081E09C1380E0CF91089561E088EA9DE098
:10BB10000E94085A8093010480916C0E882341F0A2
:10BB200082E08093010462E088EA9DE00F94BEBB4E
:10BB300068E287EA9DE00E94085A8093FF0360E96B
:10BB400071E085EA9DE00E94F05961E084EA9DE0A1
:10BB50000E94085A8093FE0361E083EA9DE00E9400
:10BB6000085A8093FD0361E082EA9DE00E94085A32
:10BB70008093FC0361E080E29CE00E94085A80937D
:10BB8000020408950F931F938B010E9440B1FC01A2
:10BB900020812E3211F080E034C0B8016E5F7F4FFB
:10BBA00001960E9440B1FC0120812E32A1F7B8011C
:10BBB0006C5F7F4F01960E9440B120E430E0F801B5
:10BBC00037832683FC01DF019191892F8F7DC1F19D
:10BBD00087EF890F8230A0F19D3091F19D3299F766
:10BBE00011969C919234E1F07CF49134A1F60A5FB5
:10BBF0001F4F28E030E045E065E779E3CF010E9480
:10BC00002EB31F910F910895943491F0923519F647
:10BC10000A5F1F4F20E230E042E069E679E3EECFB1
:10BC20000A5F1F4F20E130E044E060E779E3E6CFB0
:10BC30000A5F1F4F30E020E043E06CE679E3DECF9F
:10BC400081E0DFCF282FCB01213039F0223049F0BD
:10BC500022E069EF7DE20D94E3AC22E064EF7DE247
:10BC6000FACF22E06DEE7DE2F6CF80916C0E81116D
:10BC700002C00C9463B181E00895CF93DF93CDB7F8
:10BC8000DEB767970FB6F894DEBF0FBECDBF7894CE
:10BC900084B5826084BD84B5816084BD85B58260D1
:10BCA00085BD85B5816085BD80916E008160809382
:10BCB0006E001092810080918100826080938100EB
:10BCC00080918100816080938100809180008160FB
:10BCD000809380008091B10084608093B100809156
:10BCE000B00081608093B000809191008260809369
:10BCF00091008091910081608093910080919000EB
:10BD00008160809390008091A10082608093A10067
:10BD10008091A10081608093A1008091A00081604A
:10BD20008093A00080912101826080932101809105
:10BD300021018160809321018091200181608093A5
:10BD4000200180917A00846080937A0080917A004B
:10BD5000826080937A0080917A00816080937A007B
:10BD600080917A00806880937A001092C1009FB71A
:10BD7000F894A89584B7877F84BF0FB6F894A895E8
:10BD800080916000886180936000109260000FBE17
:10BD90009FBF9FB7F8941092B00084E08093B100E9
:10BDA00080917000816080937000809170008D7F21
:10BDB00080937000809170008B7F80937000109250
:10BDC000B3009FBF6B98739A6AE070E080E090E0E8
:10BDD0000F94B21B9CB181E0292F287093FD80E065
:10BDE00080930804211122C062E082E39DE00E945A
:10BDF000085A80934F0262E884E39DE00E94085A4B
:10BE00008093070462E383E39DE00E94085A8093D5
:10BE100006046AE070E080E39DE00E94F059909390
:10BE20004E0280934D026B9A0E9444738F98559AEC
:10BE3000879A859A9C9A809101018068809301017C
:10BE40009B9A809117048860809317042FEF80E7F6
:10BE500092E0215080409040E1F700C0000081E076
:10BE60000E94275584E397E5909312048093110470
:10BE7000109214041092130412E010930C04109208
:10BE80001604109215040E9468558DE995EB909365
:10BE90001C0480931B048AEB93EF90931A04809305
:10BEA000190487E791E09093700E80936F0E809154
:10BEB00004018B7F80930401809104018D7F809326
:10BEC00004019FB7F8948091050184608093050177
:10BED0009FBF9FB7F8948091050182608093050110
:10BEE0009FBF809101018F7B809301019FB7F894E0
:10BEF000809102018064809302019FBF80910401C0
:10BF00008E7F809304019FB7F89480910501816032
:10BF1000809305019FBFAFE9BFE01197F1F700C023
:10BF2000000080910301809581708093180444E1A2
:10BF300050E066E674E68DE395E00F9487B90F94C0
:10BF4000C39C0E9427548BEC9AE39F938F9382EDBE
:10BF50009AE39F938F930E94CD5380910101846057
:10BF60008093010160E087ED9EE00E94085A809373
:10BF7000EC0460E088E09FE00E94085A8093260568
:10BF80000E94E9BF8AE49BE590930E0580930D051E
:10BF90001092100510920F051093080510921205CB
:10BFA0001092110585E095E090931F1880931E185C
:10BFB0000E94FEC8F82E0F900F900F900F90DD2476
:10BFC000D394882319F00F94D19CD82E60E084EC90
:10BFD0009FE00E94085A80936C0E882389F011E03C
:10BFE00010931D0488E00F94A1B3109326050E94BE
:10BFF000E9BF10928F1761E087E89FE00F94BEBB06
:10C000000E9435DE882351F064E286E692E00E94C9
:10C010002F4D64E286E692E00E94274D44E150E015
:10C0200065E17DE08E010F5F1F4FC8010F948ABB51
:10C030008C8981110AC044E050E060E07CE3C801D3
:10C040000F9479B9892B09F451C0C09026051D8A37
:10C050001F8A1E8A10922605CE0145960F94001E57
:10C0600062E370E080E090E00F94B21B8091A00446
:10C070009091A10490939F0480939E0485E09BE39C
:10C080000E94765D5801E12CB3E1EB16A1F06AEF56
:10C0900070E0CE0145960F94D11D8111C1C00E9460
:10C0A000085B1816190684F70F94A3B4F501819361
:10C0B0005F01E394E9CF1C8A44E050E060E07BE359
:10C0C000C8010F9479B9892B59F681E0C0922605F1
:10C0D000882309F4A7C044E150E065E17DE0C80190
:10C0E0000F94AEBB85EF9BE30F9483BAD11004C0CD
:10C0F00080912605882321F08EED9BE30E94765DDA
:10C1000082E799E60E944F5B87EC9BE30F9483BA2A
:10C1100060E08CEA9CE00E94085A81110E948BBF6B
:10C120000F94AF5288E09BE30E944F5B62E086ED84
:10C130009EE00E94085A813009F077C085EA93E6B4
:10C140000E94765DE4B6E0FE04C08DE296E20F94B4
:10C1500083BAE1FE04C08DE196E20F9483BAE2FE59
:10C1600004C08CE096E20F9483BAE3FE04C08CEF27
:10C1700095E20F9483BAE5FE04C08CEE95E20F942D
:10C1800083BA14BE82E799E60E944F5B8CED95E27C
:10C190000E944F5B83EB9BE30E944F5B80ED95E237
:10C1A0000E944F5B8BEA9BE30E94765D82E799E6F3
:10C1B0000E944F5B81EC95E20E944F5B80911818C2
:10C1C000909119180097A1F1081B190BB801110FD4
:10C1D000880B990B0F942AAF8AEA95E20E944F5B75
:10C1E00080EE96E00F94C1526EE271E08EEE9EE01A
:10C1F0000E94F0598C0166E371E08CEE9EE00E9493
:10C20000F0590E32114011F00C940CE901E0863324
:10C21000914009F400E00E945677E82E0C9414E94E
:10C2200080E054CF84EE9BE35FCF81EA93E688CF32
:10C2300002521841CBCF81E391E090935702809353
:10C240005602C090A604D090A704C6010E94F6BE74
:10C2500020E030E848E953E40F944BBF181644F44B
:10C2600080E1C80ED11CD092A704C092A604E9CFE9
:10C2700080915202909153020F94FC2820E030E00C
:10C2800040E251E40F94B7BD87FF0AC0809152028B
:10C290009091530240979093530280935202E8CFBB
:10C2A0008091A4049091A5040F94FC2820E030E034
:10C2B0004AEF52E40F944BBF181654F48091A40433
:10C2C0009091A50440969093A5048093A404E8CF90
:10C2D00080915002909151020F94672820E030E045
:10C2E00040EF51EC0F94B7BD87FF0AC08091500218
:10C2F0009091510240979093510280935002E8CF61
:10C300008091A2049091A3040F94672820E030E06C
:10C3100040EA52E40F944BBF181654F48091A204E3
:10C320009091A30440969093A3048093A204E8CF35
:10C330009FB7F89416BC8FEF88BD83E384BD12E0ED
:10C3400015BD80916E00816080936E009FBF80E874
:10C350008093B400809170008460809370002FB748
:10C36000F894809101018460809301019FB7F89453
:10C37000809102018B7F809302019FBF8091010118
:10C3800080628093010181E08093A00085E1809329
:10C39000A1008FEF90E09093A9008093A800909364
:10C3A000AB008093AA009093AD008093AC001092F4
:10C3B00072002FBF86E19BE30F9483BA8FE58093D1
:10C3C0007E0010937D0080917C00806480937C00CF
:10C3D0008FE980937A000E9439779FB7F894809113
:10C3E00021018F7E809321018091210188608093BB
:10C3F0002101809120018D7F809320018091200177
:10C400008E7F80932001809120018F738093200183
:10C41000809120018F7C8093200180912101846094
:10C4200080932101809121018D7F80932101809152
:10C4300021018E7F80932101109225011092240109
:10C440002BEE31E43093290120932801D19A809179
:10C4500073008260809373009FBF88E995E20E9419
:10C460004F5B8091C4048E7F8093C40460E08BE2B4
:10C470009DE00E94085A9091C40480FB91F990932A
:10C48000C40483E00E9445596E989FB7F894809148
:10C490006A008F7D80936A0080916A00806180933A
:10C4A0006A00EE9A1092C1041092C0049FBF0F94CC
:10C4B0009F1D6093A2177093A3178093A417909366
:10C4C000A51768EE73E080E090E00F94B21BEE9841
:10C4D0000E94CE5891E02091BC043091BD042536D5
:10C4E00031050CF490E08091C40490FB80F98093B6
:10C4F000C40481E00E9445598091C40480FFC4C0F7
:10C5000084EA9BE30E94765D10925B0E10925C0EB3
:10C5100080E1E9E5F7E0DF01282F1D922A95E9F790
:10C52000EBEDF4E0DF01282F1D922A95E9F7EBEC03
:10C53000F4E0DF011D928A95E9F71092C70410928A
:10C54000C8041092C9041092CA041092C604109232
:10C55000C50484E0809397028091000186FDCAC0E3
:10C56000BFEFE3EDF0E3B150E040F040E1F700C091
:10C5700000008091000186FDBDC00E94275480E725
:10C580009BE30E94DF53809101018460809301014D
:10C590008091EC04823041F09FB7F89480910201C1
:10C5A0008460809302019FBF8091000186FFFCCFD1
:10C5B0009FB7F894809102018B7F809302019FBF07
:10C5C0002FEF87EA91E6215080409040E1F700C0CC
:10C5D000000086E59BE39A8389838BE49BE39C833D
:10C5E0008B838DE39BE39E838D8380E39BE398871E
:10C5F0008F8387E29BE39A8789870E9427544EE3C3
:10C6000060E080E00E9414540E94395710E0D12C61
:10C61000C12C8091EB04F601E80FF11D87FDFA951E
:10C62000EE0FFF1FA1E0B0E0AC0FBD1FEA0FFB1F34
:10C63000408151816C2D81E00E940854BFEFCB1ADC
:10C64000DB0AE4E0CE16D10421F70F94A22C81E09E
:10C650000E9491738091710690917206009789F102
:10C6600097FF15C0115014300CF4AAC087E00F9446
:10C67000BE428091EB0418162CF08F5F8093EB0480
:10C680000E94275413E006C08DE99BE33BCF1F5F58
:10C69000143060F74FE15BE360E080E00E940854F3
:10C6A000612F80E00E94F4538EE30E94E3531092C6
:10C6B00072061092710664E670E080E090E00F94DC
:10C6C000B21B0E943E57882309F4A1CF8091EB044E
:10C6D000180F0E94275440E070E060E084E690E08C
:10C6E0000F94CE44123009F49FC008F07AC0113084
:10C6F00009F495C082E08093970260E08FEF9FE09D
:10C700000E94085A61E08FE59FE00E94085A8FEF6F
:10C710009FE00F949ABB182F8F3F09F410E01092FE
:10C720006F0661E080916C0E811160E089E69FE008
:10C730000E94085A91E0811101C090E090935C0240
:10C74000882309F495C083E895E20F9483BA87EFB4
:10C750009EE00F949ABBB82E8093010586EF9EE071
:10C760000F949ABBC82E8093020585EF9EE00F942C
:10C770009ABBD82E8093030584EF9EE00F949ABB5A
:10C78000809304052FEFB21202C0109201059FEFB3
:10C79000C91202C010920205AFEFDA1202C0109265
:10C7A00003058F3F11F41092040580912F0790E04C
:10C7B00028E096958795009709F45DC02150F9CF40
:10C7C0001F3F09F067CF87E00F94BE428091EB04D2
:10C7D00018162CF481508093EB040E94275410E02B
:10C7E00059CF133019F1143009F084CF6FE57BE392
:10C7F00080E090E10F94DEA910E000E06FEFC80147
:10C800000F94BEBBC8010F94AFA90F5F1F4F011556
:10C81000F0E11F0799F70F94D0A90E94754C0E9470
:10C820003A4C0F94213366CF0E943A4C84E00E9428
:10C8300044CB62E08FE59FE00F94E2BB10926C0E58
:10C8400060E084EC9FE00F94BEBB81E00E9428581A
:10C8500011E010938F1761E087E09FE00F94BEBB5B
:10C860001093901761E085ED9EE00F94BEBB42CF20
:10C870008EE695E26ACF2093FD048091300790E028
:10C8800028E096958795009711F02150FACF2093D4
:10C89000FE048091310790E028E0969587950097F7
:10C8A00011F02150FACF2093FF048091320790E0DD
:10C8B00028E096958795009711F02150FACF2093A4
:10C8C00000050E9435DE880F82700F944B1A80910C
:10C8D0000A01816080930A0180910A01826080933D
:10C8E0000A0180910A01846080930A0180910A0103
:10C8F000806480930A010F9A179A0E9A169A0D9ADD
:10C90000159A0C9A149A26982E9A25982D9A24985E
:10C910002C9A809107018B7F809307019FB7F89431
:10C92000809108018460809308019FBF8091070176
:10C930008F77809307019FB7F894809108018068F2
:10C94000809308019FBF0998119A6E98389A409871
:10C95000179A10924507399A4198169A10924607ED
:10C960003A9A42983B9A4398149A809181008F7E1C
:10C970008093810080918100886080938100809104
:10C9800080008D7F80938000809180008E7F8093D7
:10C990008000809180008F73809380008091800060
:10C9A0008F7C8093800080918100887F826080935B
:10C9B000810080E090E49093890080938800109239
:10C9C0008500109284001092F4041092F3048FEF0B
:10C9D0009FEF9093F2048093F1049093F00480937E
:10C9E000EF041092EE041092ED0481E080938E0229
:10C9F00080916F00826080936F00789481E01111C4
:10CA000001C080E080936F060F943A870E9435DE64
:10CA1000880F82700F944B1A0F94E3A788E497E075
:10CA20000E94DE500F94C695F11008C08BEC94E282
:10CA30000F9483BA8FE794E20F94AA1284E99CE0E2
:10CA40000F949ABB823459F46FEF84E99CE00F9401
:10CA5000E2BB85E99CE00F94A8BB0F94AA120F9447
:10CA60004763159888E00F94A1B38BEB9FE00F9478
:10CA70009ABB91E0813009F090E09093E51681E057
:10CA80000F94475D60E084E69FE00E94085A60E0F2
:10CA900086E69FE00E94085A60E088E69FE00E94D8
:10CAA000085A60E085E69FE00E94085A70E060E066
:10CAB0008FEF9EE00E94F05970E060E085E09FE01B
:10CAC0000E94F05970E060E083E09FE00E94F0591E
:10CAD00070E060E081E09FE00E94F05970E060E06B
:10CAE00083ED9EE00E94F05970E060E080ED9EE0F2
:10CAF0000E94F05960E082ED9EE00E94085A60E0DA
:10CB00008FEC9EE00E94085A88EA9CE00F94295816
:10CB100081EA9DE00F949ABB8F3F71F460E081EA57
:10CB20009DE00F94BEBB88EF9FE00F94A8BBBC01B3
:10CB300080E59DE00F94DCBB49E4C42E4DE0D42E8B
:10CB400010E0BE016F5F7F4F812F0E94705AAE01CF
:10CB50004F5F5F4F67E070E0C6010E94D1591F5FD1
:10CB6000BBE0CB0ED11C183061F781EA9DE00F9439
:10CB70009ABB0E94405A811102C00E94625A0E94D0
:10CB80007A5D80E89CE00F949ABB8F3F41F440E1CE
:10CB900050E060E87CE082EE92E00F94AEBB85E06E
:10CBA0009DE00F9429588DEE9FE00F94295881EF56
:10CBB0009FE00F94295860E08EEC9EE00E94085A96
:10CBC00061E087EA9CE00E94085A60E08FEA9FE0FB
:10CBD0000E94085A86EA9FE00F949ABB8F3FD9F4CF
:10CBE00061E086EA9FE00F94BEBB30EBC32E3FE0CE
:10CBF000D32E70E060E0C6010F94DCBBE2E0CE0E05
:10CC0000D11CFAEBCF16FFE0DF0699F760E08FEA60
:10CC10009FE00F94BEBB60E085EA9FE00E94085A47
:10CC200060E08FE79CE00E94085A60E089E09FE0A6
:10CC30000E94085A61E08CEA9DE00E94085A63E075
:10CC40008BEA9DE00E94085A63E08AEA9DE00E9418
:10CC5000085A61E089EA9DE00E94085A6F98779827
:10CC600080916A008F7B80936A0080916A0080685F
:10CC700080936A00EF9A84E08093970280916C0E13
:10CC8000811135C05198599A5898509A8AE0589A0B
:10CC900025E02A95F1F70000589895E09A95F1F76C
:10CCA00000008150A1F75098589A8091B9008C7F6C
:10CCB0008093B9008CE08093B80084EA8093BC0034
:10CCC00088E00F940C1E811112C08AEE8093BB0085
:10CCD00084E88093BC0088E10F940C1E811107C08A
:10CCE00084E98093BC008CE49FE20F94AA12023086
:10CCF00071F0033009F430C1013099F48CE691E30E
:10CD00000F94AA1266E371E08CEE9EE008C08DE4F9
:10CD100091E30F94AA126EE271E08EEE9EE00F9402
:10CD2000F8BBE11006C08AED90E30F94AA120E94AE
:10CD3000F26B80E80E9478DD8823B9F087EF9FE0EE
:10CD40000F949ABB60E0813061F485E99BE30E9417
:10CD5000B7B367E1882329F08AE990E30F94AA1218
:10CD600066E186EA9CE00F94BEBB8DE89BE30E94DF
:10CD7000B7B3182F882329F08FE10E9478DD11E0E6
:10CD80001827F12CE12CF701E258F44C6491C7010B
:10CD90000F94BEBBAFEFEA1AFA0ABAE0EB16F10441
:10CDA00091F7EDE8FBE3659174918AE090E00F94D0
:10CDB000DCBBEFE8FBE3659174918CE090E00F94AD
:10CDC000DCBBE1E9FBE3659174918EE090E00F94A8
:10CDD000DCBBE3E9FBE36591749180E190E00F94A3
:10CDE000DCBB8FE59FE00F949ABB882309F4BFC09A
:10CDF00080E00F94161383E08093970281E00E94F5
:10CE000001550E94275482E00E94BB5360E08EEFE0
:10CE10009EE00E94085A8093FB0460E38DEF9EE041
:10CE20000E94085A80935A0260E38CEF9EE00E94B1
:10CE3000085A8093580260E08BEF9EE00E94085AE7
:10CE40008093FC0460E38AEF9EE00E94085A80937E
:10CE50005B0260E389EF9EE00E94085A80935902CA
:10CE600060E088EF9EE00E94085A8093FA04CE01A9
:10CE700001960E94EFC7882389F086E595E20F941A
:10CE800083BA8981882351F083E09DE00F949ABB97
:10CE90008F3F21F082EE94E20F94AA126FEF83E0AD
:10CEA0009DE00F94BEBB0E94A44C8823D9F10F943F
:10CEB000A22C8CE89FE00F949ABB182F80936A02F3
:10CEC000C090F604D090F704E090F804F090F904D4
:10CED0008BE89FE00F949ABB682F70E090E080E0B1
:10CEE0000F9426B620E030E040EA50E40F94C1BC35
:10CEF0004B015C0101E0AC019B01C701B6010F943D
:10CF00004BBF18160CF000E00093F504A501940146
:10CF1000C701B6010F944BBF18160CF052C081E048
:10CF20000F94D1AF6C98749880916A00816080935F
:10CF30006A0080916A008D7F80936A00EC9A649900
:10CF40004FC00E94A44C882309F44AC088E89BE3A0
:10CF50000E94765D0F94AD8684E191E30F94AA124E
:10CF60006EE271E08EEE9EE00F94F8BBCBCE81E0D6
:10CF700011113FCF0E9478DD811105C08CE290E352
:10CF80000F94AA1238CF84E00E9478DD811103C08B
:10CF900086EB9FE2F5CF80E10E9478DD811104C02D
:10CFA0008AED94E30F94AA1288E00E9478DD811143
:10CFB00022CF80912505882309F41DCF84E99FE2C3
:10CFC000DFCF113011F480E0ABCF41E060E082E7C9
:10CFD0009FE20F9414128823B1F30E94D649A2CF86
:10CFE0000E9485DD81E08093970288E198E20FB688
:10CFF000F894A895809360000FBE90936000809194
:10D00000600080648093600085E0D82E90E0E92E77
:10D0100090E0F92ECC24C39424E0B22E1092620E3C
:10D0200080911905882309F4C2C0B09297020E942A
:10D03000AE4C882309F4BEC080916A02813009F0A9
:10D04000B9C086E195E00F94001E0E946E6C80913D
:10D050006902882389F068E873E185E897E10F9415
:10D06000D11D811109C01092690280917514882325
:10D0700009F4ACC00F94835380918710909188106D
:10D08000892B09F45FC01092861080917214882356
:10D09000C1F1009176121091771204571F4E66E38A
:10D0A0007CE3C8010F94A1B9892B09F09CC01092B0
:10D0B0000417F80101900020E9F73197BF01601BC8
:10D0C000710BC8010F94E95F62E070E082EF92E0BB
:10D0D0000F94E95F80910417882341F08AE499E670
:10D0E0000E944F5B85E396E20E94765D8091731407
:10D0F000882309F473C08091871090918810892B40
:10D1000011F00E94257980918610811119C08091BB
:10D11000871090918810892B99F0E0917612F09108
:10D120007712E757FF4E8081823009F061C0F89492
:10D13000D082818192810F94DF8678940E94BB5ABD
:10D140000E9451690F94A22C0E94AE4C0E949173D0
:10D150008091130581111092130580E00E94BB534A
:10D160000F943A1E80911505882379F010921505C9
:10D17000823009F449C0833009F44AC0813029F46F
:10D1800061E086E29CE30E940271809114058111A6
:10D1900007C0C092140581E00F94787610921405B0
:10D1A000E114F10409F43ACF0E94000037CFC09295
:10D1B00097023DCF60E177E286E195E00F94D11DC3
:10D1C000882309F442CFB0926D0E3FCF81E00F94D7
:10D1D000475D8091751481114DCF4ECF8DE596E25C
:10D1E0000E94765D90CF0F945D518BE496E2F8CF6C
:10D1F000863009F0A3CF8091741481119FCFF894E9
:10D20000D08281E090E097CF61E086E19CE3BBCFE4
:10D2100061E085E09CE3B7CF02E08633914009F0FE
:10D2200003E00E94DA6BE12C82EA92EAA0E0B0E02F
:10D230008093421890934318A0934418B0934518D4
:10D240001092B8041092B9041092BA041092BB0460
:10D250002091DF063091E0064091E1065091E20610
:10D2600060E070E08FE793E40F94C1BD6093B40475
:10D270007093B5048093B6049093B7041092B004F1
:10D280001092B1041092B2041092B3042091EB06F4
:10D290003091EC064091ED065091EE0660E070E0B2
:10D2A0008FE793E40F94C1BD6093AC047093AD0419
:10D2B0008093AE049093AF046D9A9D9A8091010182
:10D2C0008860809301018091AB0490E0B4E0959573
:10D2D0008795BA95E1F78093AA048AE090E090934D
:10D2E000A9048093A804C0905402D0905502C601AE
:10D2F0000E94F6BE20E030E040E251E40F94B7BD5A
:10D3000087FD02C00C941BE120E1C21AD108D09223
:10D310005502C0925402E7CF44E150E0662389F001
:10D32000BC018DE395E00F9487B9109251051092DE
:10D330003C0589E094E20E94765D81E080938F0253
:10D340000895BC018DE395E00F941AC2EECF909141
:10D35000D203891780F4913061F4809152058823BB
:10D3600051F040E25EE460E070E082E595E00D940B
:10D37000831E80E0089581E00895EF92FF921F934D
:10D38000CF93DF93EC01162F862F0E94A7E9882305
:10D39000E9F0BE018DE395E00F9448B97C0182E588
:10D3A00095E00F9430201093D20310927A071092D8
:10D3B000F703EF2859F061E0CE010E948CE9DF917C
:10D3C000CF911F91FF90EF900D944610DF91CF9178
:10D3D0001F91FF90EF9008951F93CF93DF93182F25
:10D3E000EB0180E00F94BE4280E00E942B7310920C
:10D3F000740E1092730E1092720E1092710E0F94A2
:10D40000A22C80E00E9491730E9427544DEC52E3BD
:10D4100060E080E00E9408544FEB52E361E080E05E
:10D420000E94085411501C30A0F4E12FF0E088272E
:10D43000E35EF5418F4F0D94AABC36EA3FEA51EA0C
:10D440008EEA97EA9AEA9DEAA0EAA9EAB2EAB5EA80
:10D45000BEEA4DEA52E362E080E00E9408544FE9E0
:10D4600052E363E080E00E94085436C044E952E38E
:10D4700062E080E00E94085447E852E3F2CF4EE7B2
:10D4800052E362E080E00E94085447E852E363E020
:10D4900080E00E94085463E082E10E94F453CE01D0
:10D4A00019C048E752E362E080E00E94085462E05D
:10D4B00082E10E94F453CE010E94E75640E752E316
:10D4C00063E080E00E94085463E082E10E94F4532C
:10D4D00084EF92E00E94E75668EE73E080E090E00F
:10D4E0000F94B21B80E00F94BE4264E670E080E0CF
:10D4F00090E00F94B21B0F94A22C80E00E949173D5
:10D500000E943E57882389F362E085EC91E30E94F4
:10D51000BDE9DF91CF911F910D94461040E652E393
:10D5200062E080E00E94085448E752E3B0CF4FE445
:10D5300052E3A7CF4EE352E3A4CF41E352E3F0CF4F
:10D5400045E252E362E080E00E94085440E252E388
:10D550009ECF40E152E362E080E00E94085448E040
:10D5600052E395CF48EF51E383CF48EF51E362E0B8
:10D5700080E00E94085447EE51E373CF48EF51E337
:10D5800062E080E00E94085463E080E00E94F4536F
:10D59000DF93CF9385ED91E39F938F930E94CD53BB
:10D5A0000F900F900F900F9097CF8F929F92AF9206
:10D5B000BF92CF92DF92EF92FF920F931F93CF9380
:10D5C000DF93F82E6091660E7091670E8091680E61
:10D5D0009091690E0F9433BE4B016B016091F6047C
:10D5E0007091F7048091F8049091F9040F9433BE80
:10D5F000EB01FF2009F4A6C06B01E40124EB922E9D
:10D6000090E080E09093740E8093730E84E690E037
:10D61000F11002C090E080E09093720E8093710E42
:10D62000E090250580E00F9483260F94A22C81E0E2
:10D630000E949173B12CA12C85E0882E8091190550
:10D6400081111CC00F94A22C81E00E94917300E90B
:10D6500011E020E042E06A2D87E0F11001C088E08F
:10D660000E94A7B8A82E8B2D682D0F9449BC91114C
:10D6700002C00E945D5BB394B910E0CF1092740EAB
:10D680001092730E1092720E1092710E0F94A22CC3
:10D69000B601DD0C880B990B4E01DD0FAA08BB0803
:10D6A000FF2009F454C00F9428B69B01AC0160918F
:10D6B000F6047091F7048091F8049091F9040F94A6
:10D6C000C1BC0F9433BEEB01C501B4010F9428B661
:10D6D0009B01AC016091660E7091670E8091680E9F
:10D6E0009091690E0F94C1BC0F9433BE109119052F
:10D6F00011110CC0F1104BC0693071050CF04DC018
:10D700008EE190E011E0C817D90734F464EF72E0BD
:10D7100080E00E94ECE910E08E2D0F9483260F9498
:10D72000A22C81E00E949173812FDF91CF911F91F4
:10D730000F91FF90EF90DF90CF90BF90AF909F90B0
:10D740008F9008959CE3992E88EC90E05BCF0F9426
:10D7500028B69B01AC016091660E7091670E8091B6
:10D76000680E9091690E0F94C1BC0F9433BEEB010B
:10D77000C501B4010F9428B69B01AC016091F60479
:10D780007091F7048091F8049091F904ABCF89E08F
:10D7900090E06E3171050CF4B5CF64EF72E081E07A
:10D7A0000E94ECE9B9CF2F923F924F925F926F9215
:10D7B0007F928F929F92AF92BF92CF92DF92EF9221
:10D7C000FF921F93CF93DF9300D000D01F92CDB76D
:10D7D000DEB7182F682E712C812C20E8922E2CE5B4
:10D7E000A22E23E4B22E813031F0812C912C9FE7C0
:10D7F000A92E93E4B92E10925C020F948E1981E049
:10D8000080938E0260E070E080EA90E40E9475539D
:10D8100081E0012E01C0880F0A94EAF70F94BD1928
:10D8200020E030E040E752E4C501B4010F94C2BCEF
:10D8300069837A838B839C831301220C331C220C13
:10D84000331CC101885B984F9E838D8329813A8167
:10D850004B815C81FC0160817181828193810F9495
:10D86000C1BCED81FE81608371838283938360E01C
:10D8700070E084E392E40F9406970F94523710936C
:10D880003B021092CA031092CB031092CC03109269
:10D89000CD031092CE031092CF031092D0031092BA
:10D8A000D103812F0F943E376B017C0120E030E0E3
:10D8B00040EF52E4ED81FE8160817181828193812C
:10D8C0000F94C2BCED81FE81608371838283938358
:10D8D00060E070E084E392E40F9406970F9452376F
:10D8E000A5019401ED81FE81608171818281938126
:10D8F0000F94C2BCED81FE81608371838283938328
:10D9000060E070E084E392E40F9406970F9452373E
:10D910008FEF80933B026091CE037091CF03809193
:10D92000D0039091D1032091CA033091CB03409151
:10D93000CC035091CD030F940DBC2D833F833F93B7
:10D940002F93F8E56F0E711C7F926F9285EE97E32F
:10D950009F938F930F945CBA0F900F900F900F903E
:10D960000F900F908BE59FE0111102C08DE59FE0B5
:10D970006D817F810F94F8BB812F0F943E372B016F
:10D980003C01A70196010F94C1BC6B017C01E89496
:10D99000F7F8C101885B984F9E838D8320E030E0CB
:10D9A00040E752E4FC0160817181828193810F9490
:10D9B000C1BCED81FE81608371838283938360E0CB
:10D9C00070E084E392E40F9406970F945237298114
:10D9D0003A814B815C81ED81FE8160817181828120
:10D9E00093810F94C1BCED81FE816083718382833A
:10D9F000938360E070E084E392E40F9406970F94C1
:10DA00005237812F0F943E379B01AC01C301B20105
:10DA10000F94C1BC2B013C01E89477F80F948E1948
:10DA2000FF92EF92DF92CF928BEE93E29F938F93D0
:10DA30000F945CBAA5019401C701B6010F94C1BC53
:10DA40009F770F900F900F900F900F900F9020E006
:10DA500030E040EA50E40F944BBF18160CF453C06A
:10DA60007F926F925F924F928BEE93E29F938F9390
:10DA70000F945CBAA5019401C301B2010F94C1BC1B
:10DA80009F770F900F900F900F900F900F9020E0C6
:10DA900030E040EA50E40F944BBF1816A4F1A30104
:10DAA0009201C701B6010F94C1BC6B017C01E894DF
:10DAB000F7F8FF92EF92DF92CF928EEC93E29F9372
:10DAC0008F930F945CBA0F900F900F900F900F9060
:10DAD0000F9020E030E040E85FE3C701B6010F940B
:10DAE0004BBF18160CF444C0ED81FE8110821182E8
:10DAF000128213820F94C695812F0E942DBA0F9423
:10DB0000B54281E01DC010928E0267EF72E01130C5
:10DB100011F065EF72E088E00E94ECE9F101E85B4A
:10DB2000F84F10821182128213820F94C695812FB2
:10DB30000E942DBA81E080938E020F94B54280E05E
:10DB400027960FB6F894DEBF0FBECDBFDF91CF9101
:10DB50001F91FF90EF90DF90CF90BF90AF909F907C
:10DB60008F907F906F905F904F903F902F9008958F
:10DB700067EF72E0113011F065EF72E087E00E940C
:10DB8000ECE9F101E85BF84F1082118212821382F6
:10DB90000F94C695812F0E942DBACFCF0F931F935C
:10DBA000CF93DF930E94275481E00E94D94B8DE5EB
:10DBB0009FE00F94A8BBEC018BE59FE00F94A8BBFE
:10DBC000182F092F8AE99DE20E94DF5361E080E06F
:10DBD0000E94F453DF93CF9380E497E39F938F9356
:10DBE0000E94CD5382E08093970280E00E94D3EBA5
:10DBF0000F900F900F900F90882309F442C08DE58D
:10DC00009FE00F94A8BBEC0161E08AE00E94F4530E
:10DC1000BE0190E080E04AE00E9410564AE85DE2D2
:10DC200062E080E00E94085463E080E00E94F453C8
:10DC30000F931F9383E397E39F938F930E94CD539A
:10DC400081E00E94D3EB0F900F900F900F908823EC
:10DC5000C1F08BE59FE00F94A8BBEC0163E08AE084
:10DC60000E94F453BE0190E080E04AE00E9410560A
:10DC700043E863E083E10E9414548AE090E00F944B
:10DC80007B2E80E00E94D94B81E080939702DF9148
:10DC9000CF911F910F910D94AEAE0F94461010923C
:10DCA000D20380912305811132C080913802811105
:10DCB00002C081E008958FEF0E9484B183E00E944A
:10DCC00045590F949F1D6093A2177093A3178093DB
:10DCD000A4179093A51781E080933B0568EE73E04D
:10DCE00080E090E00F94B21B0F94A22C81E00E9480
:10DCF000455980E00E9484B18091BC049091BD049C
:10DD000045973CF462E086E693E20E94BDE980E03C
:10DD100008958091BE049091BF04459754F662E047
:10DD200082E593E2F2CF0E944DEE882321F08CE849
:10DD300093E20C94765D0895CF93DF93EC0180E03D
:10DD40000E94A7E9882321F060E0CE010E948CE9BF
:10DD5000CE01DF91CF910D949FB4CF93DF93EC016F
:10DD600080E00E94A7E9882331F061E0CE01DF91D5
:10DD7000CF910C948CE9DF91CF9108952F923F922F
:10DD80004F925F926F927F928F929F92AF92BF92CB
:10DD9000CF92DF92EF92FF920F931F93CF93DF9377
:10DDA00000D01F921F92CDB7DEB780916A0E8130EE
:10DDB00009F05FC090915B0E80915C0E981359C082
:10DDC00080915D0E811155C010927A0788E59EE220
:10DDD0000E94ADEE10926A0E82E080936D0E10925A
:10DDE000FB030F941B370E94484B60E070E080E219
:10DDF00091E40E94F65280914507882321F1809199
:10DE00004607882301F180E090E0A8E4B2E4809323
:10DE1000480790934907A0934A07B0934B0780E0C7
:10DE200090E0AEE3B3E480934C0790934D07A0934A
:10DE30004E07B0934F0760E070E084E392E40F94E4
:10DE400006970F94523780912305882309F4C7C0A1
:10DE50009FB7F894809102018B7F809302019FBF4E
:10DE60000F946E230E94B66B88E08093E5031092B6
:10DE7000E40380916A0E823009F068C090915B0ED5
:10DE800080915C0E981362C080915D0E81115EC01E
:10DE900080917A07873031F010927A078BE49EE206
:10DEA0000E94ADEE10926A0E82E080936D0E109289
:10DEB000FB030F9452371092E3031092740E1092EA
:10DEC000730E6091470270914802809149029091CF
:10DED0004A020E94F65280914507882351F18091B1
:10DEE0004607882331F180913F0290914002A09132
:10DEF0004102B09142028093480790934907A09352
:10DF00004A07B0934B078091430290914402A0913D
:10DF10004502B091460280934C0790934D07A09321
:10DF20004E07B0934F0760E070E088E492E40F94EE
:10DF3000069780912305882309F478C09FB7F89449
:10DF4000809102018B7F809302019FBF80916A0EB6
:10DF5000843009F0AAC085EA9DE00F94A8BB3091F7
:10DF60005B0E20915C0E321375C1209187103091A9
:10DF70008810232B09F06EC120915F0E2983211197
:10DF800069C12091FB03211154C02CE02093FB03B5
:10DF90004496BC0190E080E00F9426B620E030E08B
:10DFA0004AE754E40F94C1BD6B017C01E091FB038F
:10DFB000E150EC3008F079C0F0E08827ED51F041F5
:10DFC0008F4F0D94AABC18F302F3FEF2FAF2F6F2A8
:10DFD000F0F27BF2F6F1F2F18BF121F01BF01092EE
:10DFE000E7030E94975980919E13813009F038CF42
:10DFF00080917413882309F433CF8091E603823033
:10E0000009F42ECF0E94AE4C81110E94F24920915A
:10E01000730E3091740E80916B0290916C022817F0
:10E0200039070CF41DCF0F94B27C1ACF1092E7037E
:10E030008DCF2150ABCF65E081ED98E30E948171D7
:10E0400034C080919E13813069F53091FA033B838F
:10E0500061E080E794E20E94027161E084EC98E361
:10E060000E94027161E086EB98E30E9402710F94B6
:10E0700033519B819817B1F08F3F29F061E08BE617
:10E0800094E20E9402711F922B812F9382EB98E3FE
:10E090009F938F930E9498710F900F900F900F9005
:10E0A00031E0398389818093F90380916A0E83304E
:10E0B00009F0D0C09091FB03911109C080937A07B9
:10E0C00091E09093F70380938F028093FB038091FC
:10E0D000FB03833009F590915B0E80915C0E9813E1
:10E0E0001BC00F94592310923E0280914C028F93D3
:10E0F00080914B028F938CE599E39F938F930E94BD
:10E10000987182E49EE20E94ADEE82E08093FB0370
:10E110000F900F900F900F908091FB03823009F0C9
:10E120007AC080913E02882309F475C01092F703EB
:10E1300080E39EE20E94ADEE1092740E1092730E78
:10E140003091F30339838091F4038B831091F503AD
:10E150000091F60320E030E0A901B981F8016B2FAE
:10E16000782F8F2F9E2F0F94B7BD81111FC020E0F5
:10E1700030E0A9016091EF037091F0038091F10309
:10E180009091F2030F94B7BD811110C020E030E0F0
:10E19000A9016091EB037091EC038091ED039091E4
:10E1A000EE030F94B7BD882309F458C28091EE03A3
:10E1B0008F938091ED038F938091EC038F938091E7
:10E1C000EB038F938091F2038F938091F1038F93F0
:10E1D0008091F0038F938091EF038F930F931F93A0
:10E1E0009B819F9329812F9385E499E39F938F933C
:10E1F0000E94987161E08AE794E20E9402710FB672
:10E20000F894DEBF0FBECDBF88EE93E00F94001EE2
:10E2100081E08093FB038091FB038130D9F460EDB2
:10E2200077E088EE93E00F94D11D882399F086E67D
:10E2300094E60E94ADEE10927A0782ED90E0909302
:10E240004C0280934B021092FB0310926A0E82E004
:10E2500080936D0E90916A0E9530A1F420918710F5
:10E2600030918810232B09F049C28091FB03823042
:10E2700009F41DC208F0F7C1882309F408C28130EF
:10E2800009F420C280916A0E863009F037C290915D
:10E290005B0E80915C0E981331C280918710909133
:10E2A0008810892B09F02AC280915F0E811126C245
:10E2B0008091FB03813009F44AC208F41CC2823009
:10E2C00009F434C2833009F019C26091660E70916E
:10E2D000670E8091680E9091690E0F9433BE69327B
:10E2E00071056CF09FEF9093E7030F94592340E082
:10E2F00061E08EE09EE20F941412813031F761E00C
:10E3000084E794E20E94027161E082EE98E30E9449
:10E31000027182E0F1C10E9427541092F80361E07B
:10E320008BEC92E00F94C1AC80919E138130F1F49C
:10E330008091F90310E0811101C012E0212F30E03B
:10E34000220F331F2256374C3A832983E981FA8101
:10E350008591949161E00E9402711F5F89819A8189
:10E3600002969A8389831A3089F79FCE20E030E0A5
:10E3700040E850E4C701B6010F9467B620E030E0F2
:10E3800040E752E40F9469639F938F937F936F9359
:10E390001F928CE38F932AE838E33F932F930E94D8
:10E3A000987120E030E040E051E4C701B6010F94DD
:10E3B00067B620E030E040E252E40F9469639F9337
:10E3C0008F937F936F931F9284E68F932AE838E3AD
:10E3D0003F932F930E9498710FB6F894DEBF0FBE43
:10E3E000CDBF63CE67E08CE798E328CE61E080E79D
:10E3F00098E30E9402718EE38F938CE48F938CECF0
:10E400008F938DEC8F9380E698E39F938F930E9478
:10E41000987161E087E598E30E94027120E030E0A6
:10E4200040E850E4C701B6010F9467B620E030E041
:10E4300048EC51E40F9469639F938F937F936F939C
:10E440001F921BE91F931F928BE48F9385E498E33F
:10E450009F938F930E949871A7019601C701B601FF
:10E460000F94C2BC20E030E048EC51E40F946963A3
:10E470009F938F937F936F931F921F931F9284E6B6
:10E480008F9385E498E39F938F930E94987120E087
:10E4900030E048EC52E4C701B6010F9469639F93E2
:10E4A0008F937F936F931F921F931F9218EC1F936C
:10E4B00085E498E39F938F930E9498710FB6F89428
:10E4C000DEBF0FBECDBF20E030E040EA51E4C7011F
:10E4D000B6010F9469639F938F937F936F931F92FD
:10E4E00087E88F931F921F9325E438E33F932F9380
:10E4F0000E94987171CF20E030E046E153E4C701FB
:10E50000B6010F946963562E472E382E292E20E02F
:10E5100030E040EA51E4C701B6010F9469636B83B0
:10E52000C72E782E692E85E0D82E812C912C96E16D
:10E53000A92E93E4B92E32E33C8387E88D8305E46A
:10E5400018E39D81E92EF12C3C81232F30E03A83A2
:10E5500029832F923F924F925F921F929F931F9217
:10E560008C818F931F930F930E949871B701FF0CBA
:10E57000880B990B0F9428B620E030E040EA51E474
:10E580000F94C1BC0F943ABE6D836F927F92CF926D
:10E590009B819F931F922D812F931F923C813F93CC
:10E5A0001F930F930E94987129813A81B901330F0B
:10E5B000880B990B0F9428B6A50194010F94C2BC47
:10E5C0000F943ABE6C83B7FAB094B7F8B094DA946B
:10E5D0000FB6F894DEBF0FBECDBFD110B2CF65CD60
:10E5E000B701A60180E00F9490635FCDB701A6014B
:10E5F00084E0F9CFB701A60188E0F5CFB701A60105
:10E600008CE0F1CF90919E13998366E089E398E3C3
:10E610000E9481712981213029F461E08BE694E226
:10E620000E94027161E087E694E20E9402713DCD92
:10E6300086E694E60E94ADEE1092FB0310926A0EFD
:10E6400082E080936D0E8FE59FE00F949ABB882344
:10E6500009F400CE8CE00F94161327CD85E199E3E1
:10E660000E944F5BD1CD8430A9F0C0F0853009F015
:10E6700009CE61E084E794E20E94027161E08FEFCD
:10E6800098E30E94027184E08093FB03FBCD90939A
:10E69000FB03EFCF0F94523783E0F6CF10923D0289
:10E6A00061E085EF98E30E94027182E0EDCF8091F6
:10E6B0003C02811105C061E08AE794E20E94027188
:10E6C00081E0E2CF1092FB0310926A0E92E09093E9
:10E6D0006D0E80933D028FE59FE00F949ABB8823D7
:10E6E00069F080913C02811104C081E00F941613FF
:10E6F000C9CD8EE0FBCF83E08093FB030F900F909A
:10E700000F900F900F90DF91CF911F910F91FF907D
:10E71000EF90DF90CF90BF90AF909F908F907F90C1
:10E720006F905F904F903F902F90089561E08BED38
:10E7300098E30E94027141E060E08EEF9DE20F9449
:10E7400014128111DBCF1092E70381E0D5CF109234
:10E75000FB0310926A0E82E080936D0E20E041E090
:10E7600062E070E083E394EB0F947EAB83E08093F0
:10E77000F803C4CF0F931F9380910301809581709C
:10E78000909118048917A1F180916F0E9091700EED
:10E79000845B944F11F40F9417AE82E080938F0244
:10E7A0008091030180958170809318040E946855C0
:10E7B00080E00E944F7380911804882309F488C078
:10E7C00080917514811105C00F94475D81E080939D
:10E7D000C31486E694E60E94ADEE1092E10361E078
:10E7E00084EB94EF0F94C1AC8CED93E00F94302048
:10E7F0000F949F1D0091D8031091D9032091DA0343
:10E800003091DB030617170728073907E8F58091D1
:10E810008F02882331F08CED93E00F9430200E941A
:10E82000A953E0916F0EF091700E199580916F0EC3
:10E830009091700E8B5C924009F45BC080916F0EDA
:10E840009091700E21E08737920709F073C0809194
:10E850008F02823021F40E94685510923C0580910D
:10E860008F02882319F0815080938F020F949F1D8F
:10E870006C597F4F8F4F9F4F6093D8037093D9038C
:10E880008093DA039093DB0380916C0E882399F0D8
:10E8900080911D04882379F060E177E284ED93E0B4
:10E8A0000F94D11D882339F088E00F94A1B384ED33
:10E8B00093E00F94001E80916A0E843009F051C0DD
:10E8C0008091620E81114DC01F910F910C94BEEE8C
:10E8D000109274141092751482E799E60E944F5BAF
:10E8E0008CE194E20E94765D8CEB9DE20E94ADEE9D
:10E8F0007FCF0E94C84C81110EC0E0916F0EF09145
:10E90000700E309739F50E9427540F94461082E01C
:10E9100080938F029CCF80916A0E81118FCF40E946
:10E920005FE561E070E08CED93E00F94831E811150
:10E93000E4CF84CF8B5C924009F489CF40E355E764
:10E9400060E070E08CED93E00F94831E882309F45F
:10E950007ECFD3CF81E08093D70319951092D70350
:10E96000D2CF1F910F9108952F923F924F925F92B5
:10E970006F927F928F929F92AF92BF92CF92DF92CF
:10E98000EF92FF920F931F93CF93DF93CDB7DEB734
:10E990002D970FB6F894DEBF0FBECDBF8091AA03AE
:10E9A000813051F130F0823009F47FC21092AA0315
:10E9B00000C18091C314882349F01092C3141092AF
:10E9C00090020F94155981E0809390020F94A05704
:10E9D0009093B2038093B10380916C0E8111E3C0D8
:10E9E00089E09FE00F949ABB8093B40381E0809309
:10E9F000AA038FEF8093B3038091B503811107C001
:10EA000085EB93E00F94001E81E080938F0280914C
:10EA10008F02811121C064EF71E085EB93E00F94C8
:10EA2000D11D8823A1F08091B3038F3F81F082E054
:10EA30008093AA031092AB031092AE031092AD0321
:10EA400085EB93E00F94001E81E080938F0280910C
:10EA50008F02882309F4A9C08FEF8093B30385EB5D
:10EA600093E00F94001E0F9454AB10921A05CE0140
:10EA700001967C01F8EE2F2EF4E63F2E80911A05C8
:10EA8000843008F096C010921D058091E103882320
:10EA900009F4A8C085EA9BE20F941AAE66E774E118
:10EAA0008FE195E10F94F680809176148F3209F012
:10EAB0009CC08091E516882331F06FE47AEB8CE9F5
:10EAC0009BE20F94F7AAC090B103D090B20301E08B
:10EAD00091E0C91AD10808F4DBC180911D0590911D
:10EAE0001C058913D1C16091B403C6010F948961DB
:10EAF00080911D0590E02091710630917206109171
:10EB0000C0148217930751F4D092B003C092AF03A0
:10EB10001093AC0340911A054093B30340918F02C8
:10EB2000112309F467C04423E9F040918B14E6E710
:10EB3000AE2EE4E1BE2E442321F07BE8A72E74E143
:10EB4000B72E60911A054EE38217930709F040E251
:10EB500080E00E94145485E80E94E35362E1C501FD
:10EB60000E94CF5680911D0590911B05992309F4B1
:10EB70008BC120917106309172068217130609F03D
:10EB800083C11092900261E086E794E10F94995A54
:10EB900010927206109271060F9476AB0093900259
:10EBA0000F9460AA95CF82E01FCF0E943E5781113B
:10EBB00053CF2D960FB6F894DEBF0FBECDBFDF91B9
:10EBC000CF911F910F91FF90EF90DF90CF90BF906A
:10EBD000AF909F908F907F906F905F904F903F90FD
:10EBE0002F90089589EC9DE257CF69E57AEB8FE28B
:10EBF00097E367CF4423D1F040918B1466E7A62EAC
:10EC000064E1B62E442321F05BE8A52E54E1B52E35
:10EC100060911A054EE38217930709F040E280E005
:10EC20000E94145463E1C5010E94CF5680911D05D6
:10EC300090911B05992309F427C120917106309109
:10EC400072068217130609F01FC11092900280917C
:10EC5000A8038111A3CF66E774E1C7010F9405C231
:10EC6000470145E9A42E4FE0B42EF40161914F0114
:10EC7000662319F06E3209F04BC060E0C5010F94B5
:10EC8000BEBB6EE270E0C7010F94F1C13C01892B5D
:10EC900019F08FEF681A780A430131E9A32E3CE09E
:10ECA000B32E6114710421F0F4016081611101C07F
:10ECB00060E0C5010F94BEBBFFEFAF1ABF0A2FEF94
:10ECC000821A920A84E9A8168CE0B80651F760907F
:10ECD0001416662D8AE59FE00F94BEBB82E794E18F
:10ECE0002AE0A22E2FE0B22E712C4C01E9E08E0E0C
:10ECF000911C7614D1F048E050E0B5018E5A9F4F38
:10ED00000F94AEBB7394F8E0AF0EB11CC401EDCF0D
:10ED1000C5010F94BEBBFFEFAF1ABF0A2DE9A216C3
:10ED20002FE0B20609F0A1CFACCF80916C0E882302
:10ED300091F0FF92EF923F922F920E94987161E0C2
:10ED400084EE94E60E9402710F900F900F900F9046
:10ED50000F94461023CF61E0C7010F94D05B409021
:10ED60008117509082176090831770908417942DAC
:10ED7000852D21E0421628E752066104710410F047
:10ED800090E088E7A92EB82E81E0481688E758065B
:10ED90006104710408F45AC098E7591A61087108AF
:10EDA000409288175092891760928A1770928B1739
:10EDB000C301B2010F9468530E94EE680093A70349
:10EDC0006CE67BE2C5010F94DEA9809188179091D3
:10EDD0008917A0918A17B0918B1740918117509194
:10EDE0008217609183177091841784179507A6077F
:10EDF000B70780F511112EC020910717211103C00C
:10EE000080E090E0DC01841995090F94AFA900938C
:10EE100074140E946E6C8091871090918810892BD9
:10EE2000A1F287E694E20F949986811105C08AE2E7
:10EE300097E30F949986811111E0809186108111DA
:10EE400002C00E94BB5A10928610E5CF412C512C73
:10EE50003201B2CF0F94D0A91092A7030F94085D8E
:10EE600086E694E60E94ADEE111163CF41E060E0CA
:10EE70008AE79BE20F941412182F81E00E9401553B
:10EE8000112309F456CF64CF8F5F80931D0520CEE8
:10EE90000F9428AB80911A058F5F80931A0580919B
:10EEA0001C058F5F80931C05E9CD8091A90311E0BB
:10EEB000811105C080918F02811101C010E0809105
:10EEC000AD039091AE03892B91F46091B4038091CE
:10EED000AF039091B0030F94896180918B148111DD
:10EEE00046C086E794E19093AE038093AD03111181
:10EEF0001092AB036CE271E085EB93E00F94D11DAF
:10EF0000811103C0112309F454CE8091AC0302E1B6
:10EF1000811101C003E14EE36091B30380E00E94E0
:10EF200014548091AC03882319F085E80E946B5536
:10EF30002091AB038091AD039091AE03602F820FBF
:10EF4000911D0E94CF56811115C085EB93E00F945F
:10EF5000001E8091AB038F5F8093AB03112309F4F4
:10EF600028CE1092B50381E08093AA0322CE8BE8CD
:10EF700094E1B9CF1092B503F1CF61E08AE794E64E
:10EF80000E94027182E080937A078BEE9FE50E94D7
:10EF9000ADEE0F94461083E080938F0208950E9497
:10EFA0004DEE882329F11092A7038BEE9FE50E9476
:10EFB000ADEE0F94523788E080937A070E949759FC
:10EFC0001092190560E070E080E89FE30E94594DBF
:10EFD0001092E40380919E03823011F40F94F7366F
:10EFE0000E94EC4B8BE793E20E94765D10927A07C9
:10EFF0000895CF93DF93EC0180E00E94A7E9882376
:10F0000031F060E0CE01DF91CF910C948CE9DF917B
:10F01000CF9108950F94BF589F938F938DE497E3FA
:10F020009F938F930F945CBA0F900F900F900F9057
:10F030000895EF92FF920F931F93CF93DF930E9457
:10F0400024C9C82F8FE99CE2C11183C08CE59CE2E2
:10F050000F94AA121092901710928F17D0919717B1
:10F060000F94B7588C01BC0190E080E00F9426B655
:10F0700020E030EC4FE756E40F94C1BD20E030E0D3
:10F0800040EA50E40F9467B69F938F937F936F93FA
:10F090008CEA97E39F938F930F945CBA0F900F9035
:10F0A0000F900F900F900F900D3586E21807E8F142
:10F0B0008AEA9BE20F94AA120F94B7587C01BC0114
:10F0C00090E080E00F9426B620E030EC4FE756E465
:10F0D0000F94C1BD20E030E040EA50E40F9467B6E1
:10F0E0009F938F937F936F9380E897E39F938F9382
:10F0F0000F945CBA0F900F900F900F900F900F909D
:10F100008FE2E81683E1F80680F461E0033D1A43DC
:10F1100008F060E0D61741F06093971788E49DE00F
:10F120000F94BEBB0E940AF8C1E08EE897E10E94EE
:10F13000F85784E29CE2CC2361F08AEF9BE20F94C3
:10F14000AA12DF91CF911F910F91FF90EF900D9434
:10F150004763DF91CF911F910F91FF90EF900D9436
:10F16000AA12CF93DF93C82FDFB7662389F1F894F3
:10F170000F94592381E080936B0E1092E3030E9459
:10F18000D6490F9480980E94EE681092A7030F94BE
:10F19000C737DFBF1092E4030F941B378091071726
:10F1A000882321F0109274140F945D518EEB93E23A
:10F1B0000E94765D1092A613C1111092190581E08C
:10F1C00080936A0E10926D0EDF91CF910D944610D0
:10F1D000F89481E080936B0E1092E3030E94D6496D
:10F1E0000F9480980E94EE681092A7030F94C7377F
:10F1F000DFBFD4CF60E081E00C94B1F8413041F43E
:10F2000040E061E00F941412813041F40C94FAF85C
:10F21000423021F4CB010F94AA12F8CF08958CEA62
:10F220009CE00F949ABB882311F081E008958091AF
:10F230008E178823D1F30E9424C98111F6CF409103
:10F240000204442391F367EF7EE285E29FE20E948D
:10F25000FEF881E090916A0E913009F480E0089503
:10F260001F93CF93DF93109101041123E9F0EC0178
:10F2700085EA9DE00F94A8BB8C179D07A9F0412F4C
:10F2800066E67EE284EC9EE20E94FEF880916C0EBF
:10F2900081110AC01092000460E083E394EBDF91D7
:10F2A000CF911F910D94C1ACDF91CF911F91089523
:10F2B000CF92DF92EF92FF92CF936B017C0182E0BD
:10F2C00080937A0788E99FE50E94ADEE109290172F
:10F2D00010928F1720E030E044E352E4609154072D
:10F2E0007091550780915607909157070F94C1BCB4
:10F2F0006093540770935507809356079093570770
:10F300006AE077E58DEA92E40F9406970F945237FE
:10F3100020E030E04CE052E46091540770915507D2
:10F3200080915607909157070F94C1BC6093540782
:10F3300070935507809356079093570769E27CE5D1
:10F3400085E891E40F9406970F94523720E030E05F
:10F35000A901C701B6010F94B7BD8823E1F0A70149
:10F3600096016091540770915507809156079091CE
:10F3700057070F94C2BC609354077093550780934E
:10F3800056079093570760E070E080E291E40F9495
:10F3900006970F94523783E499E20F942712149A38
:10F3A00064E670E080E090E00F94B21B82E00F947E
:10F3B000BE42C3E30E943E57811107C0C15029F0ED
:10F3C00084E690E00E943C76F5CF0F9452370E947D
:10F3D0003E57882329F084E690E00E943C76F7CFE0
:10F3E00081E00E94015586E694E60E94ADEE1092FF
:10F3F0007A070F9412158EE897E1CF91FF90EF9066
:10F40000DF90CF900C94F8572F923F924F925F92DB
:10F410006F927F928F929F92AF92BF92CF92DF9224
:10F42000EF92FF920F931F93CF93DF93CDB7DEB789
:10F4300067970FB6F894DEBF0FBECDBF082FCE0181
:10F4400046969F8B8E8B83E0F82E95E1292E0F94A4
:10F45000A19F00938613402F64E5CE0101960F947F
:10F460007F9F49815A816B817C818D810F94C87403
:10F4700061E081E00F94E77B182F811107C00F94A2
:10F48000E39E0F94877B0F94757CE1CF0F945237E6
:10F490000F94D79F813079F10F94757C92E0F91227
:10F4A00009C08EEC9EE00F949ABB813019F4802F36
:10F4B0000F945C7DFA94F110CACF8091620E88237C
:10F4C00009F4EFC067960FB6F894DEBF0FBECDBF4C
:10F4D000DF91CF911F910F91FF90EF90DF90CF9030
:10F4E000BF90AF909F908F907F906F905F904F9064
:10F4F0003F902F90089560917B1370E090E080E042
:10F500000F9428B69B01AC0160E070E08CE592E4BA
:10F510000F94C1BC362E872E982EE92E262F372F1A
:10F52000482F592F60E070E080E291E40F94C1BD54
:10F530002B013C01EDE3F5E0822D11928A95E9F76C
:10F5400010923C05832D982DA92DBE2DBC01CD0117
:10F55000912C312CE12C5B016C01D7FAD094D7F8B7
:10F56000D09420E030E048E452E40F94A39F9091BF
:10F570005B0E80915C0E981709F449C0112331F09D
:10F580000F94D79F11E0813009F010E083E00F94D1
:10F590003E372091540730915507409156075091BE
:10F5A00057070F94C1BCA30192010F9467B60F9443
:10F5B000A0BD0F943ABE862EE616C1F0E32DE431CD
:10F5C00008F0E3E1332433943E0E8FEF111101C0B4
:10F5D0008DE2F0E0E35CFA4F808391E090938F023C
:10F5E00080919002811102C00F94C61E90E080E0CD
:10F5F0000E943C76E82C8091620E882309F4B7CFF4
:10F6000010E037C0C601B50199249394AACF91E0C8
:10F610009912F8CF0F94A19F111108C08FEC9EE0B2
:10F620000E94275A80ED9EE00E941A5A44E150E061
:10F630006DE375E0CE0101960F941AC2FE0131967A
:10F64000819187FD2CC080E3DF0111978C938E8917
:10F650009F898E179F07A1F71D8A82E799E60E946E
:10F660004F5B81E99CE30E944F5BCE0101960F94B2
:10F670009FB482E595E00F943020112309F40CCF5C
:10F68000802F0F94A96400932D138091A213909161
:10F69000A31301969093A3138093A21313CF81E336
:10F6A000D3CF8AE290E89093301380932F1361E0D8
:10F6B00081E00F94E77BC7CECF93DF93D82F0F94D1
:10F6C0002A65C82F8823D9F0809185138D17B9F04A
:10F6D0000E940A4D811102C00F94B27C0F94A06465
:10F6E0001092901710928F170F9452378D2F0E94FF
:10F6F00004FA8EE897E10E94F8570F941F658C2F4B
:10F70000DF91CF910895CF93C82F682F8FE891E3B1
:10F710000F94C49E8C2F0E945CFB0F9452370F9461
:10F72000B27C0F94C19E81E0CF91089580E00E9449
:10F7300083FB81E00E9483FB82E00E9483FB83E0E5
:10F740000E9483FB84E00E9483FB0D9412150E94AB
:10F7500083FB0D941215CF92DF92EF92FF920F93DD
:10F760001F93CF93DF9300D01F92CDB7DEB7809168
:10F7700097178F3F31F480919E13813011F00E94D2
:10F7800019F80F945923D090E7038FEF8093E70384
:10F790008FEDE82E87E3F82E09ED17E320E030E047
:10F7A00048E452E46091660E7091670E8091680E95
:10F7B0009091690E0F944BBF18168CF020E030E04A
:10F7C00048E452E46091F6047091F7048091F804E3
:10F7D0009091F9040F944BBF18160CF040C08AEDBD
:10F7E0009CE20F94271242E864E080E00E941454E7
:10F7F0006091660E7091670E8091680E9091690E0F
:10F800000F9433BE7F936F93FF92EF920E94CD537C
:10F8100081E80E94E35340E864E089E00E941454C8
:10F820006091F6047091F7048091F8049091F904C6
:10F830000F9433BE7F936F931F930F930E94CD530A
:10F8400081E80E94E35388EE93E00E943C760E9498
:10F850005D5B0FB6F894DEBF0FBECDBF9FCFD092D9
:10F86000E70381E00E9401550E94275449E05DE2D0
:10F8700060E080E00E94085481E00E94D94B81E062
:10F880000E942B7360ED77E080E090E00F94B21B54
:10F8900082E08093970200ED17E021E043E060E012
:10F8A00080E00E94A7B8F82E83E00E94455980E0CE
:10F8B0000E9484B162E082E00E940DB280E00E946A
:10F8C0004559C090BC04D090BD0494E1C916D10440
:10F8D0005CF121E043E06F2D81E00E94A7B8F82E93
:10F8E0008FEF0E9484B163E085E00E940DB280E05A
:10F8F0000E9484B18091BE049091BF04843191052F
:10F90000CCF464EF72E085E00E94ECE996E4C9165D
:10F91000D1049CF408E813E121E043E06F2D8DE071
:10F920000E94A7B8E12C59C164EF72E086E00E9402
:10F93000ECE9F0CF8634910554F460E081E00E9458
:10F940008AB1811176C164EF72E089E0F0CF86E47C
:10F95000C816D10494F700ED17E021E043E06F2DC5
:10F9600082E00E94A7B8F82E1C9B18C01C9B16C0F2
:10F9700020E030E040E251E460915007709151077F
:10F9800080915207909153070F94C2BC6093500727
:10F9900070935107809352079093530760E070E093
:10F9A00084E392E40F9406970F9452371C9B4BC14B
:10F9B0001A8219821C821B821C9B06C069EF72E0AE
:10F9C000CE0101960F94E6C1BE016F5F7F4F82E0CA
:10F9D0000E94ECE910E00F94A22C81E00E94917348
:10F9E000112309F497CF00ED17E021E043E06F2DDC
:10F9F00084E00E94A7B8F82E80E00E94D3EB882311
:10FA000009F488CF10E000E021E043E06F2D84E0AE
:10FA10000E94A7B80CED15E021E043E0682F85E0D7
:10FA20000E94A7B8F82E81E00E94D3EB882309F446
:10FA300071CF10E000E021E043E06F2D86E00E94EE
:10FA4000A7B8F82E0F948E1910928E02E3E2FEE30F
:10FA500085919591A591B49180934807909349071A
:10FA6000A0934A07B0934B07E7E2FEE365917591D7
:10FA70008591949120E030E040E850E40F94C2BCBE
:10FA800060934C0770934D0780934E0790934F07F8
:10FA900060E070E080E291E40E94F6520E944F4DD7
:10FAA0000CED15E021E043E06F2D86E00E94A7B841
:10FAB00050E040E061E082E00E94605E60E070E063
:10FAC00080EA91E40E94F65260E070E080E291E406
:10FAD0000E94F65210E000E021E042E060E08EE09B
:10FAE0000E94A7B880E00F948016E82E21E042E043
:10FAF00061E08EE00E94A7B881E00F948016E822B2
:10FB000021E042E062E08EE00E94A7B8F82EEE20ED
:10FB100009F400CF61E088EF9EE00F94BEBB00EDDA
:10FB200017E021E043E06F2D87E00E94A7B8F82E90
:10FB300081E00E94D5EA882309F4ECCE08EE13E0B8
:10FB400021E043E06F2D88E00E94A7B8F82E80E006
:10FB50000E94D5EAE82E882309F4DCCE00ED17E0F8
:10FB600021E043E06F2D89E00E94A7B890919E1399
:10FB7000913059F521E043E0682F8AE00E94A7B850
:10FB8000F82E90E080E00E9428BED82E10E000E021
:10FB900021E041E060E08AE00E94A7B810926C0288
:10FBA00010926B028D2D0E945CFB0F94B27C8FEA49
:10FBB00090E090936C0280936B0200ED17E021E0DF
:10FBC00043E06F2D8BE00E94A7B808E813E121E025
:10FBD00043E0682F8CE00E94A7B81092D20361E046
:10FBE00087E694E20E94027181E00E940155EE20B6
:10FBF00061F181E00E9499CB8DEF9CE20E94ADEE15
:10FC00000F94461080E00E94D94B80E00E942B7335
:10FC100081E0809397028E2D0F900F900F900F90A0
:10FC2000DF91CF911F910F91FF90EF90DF90CF90D8
:10FC3000089561E080E00E948AB181118CCE64EF6A
:10FC400072E085E074CE11E0C6CE62E085EC91E30F
:10FC50000E94BDE9D7CF0C94ABFBCF93DF93D82F95
:10FC60000F942A65C82F882359F188EC90E00F94EF
:10FC70000AA382E00F94BE426D2F83EE92E60F94AA
:10FC8000C49E0F94A0641092901710928F178091C9
:10FC90008513833629F062E18FEE94E60F940165B7
:10FCA0008D2F0E9404FA0E9440B283E00F94BE425E
:10FCB0008EE897E10E94F8570F941F650F94C19E3C
:10FCC0008C2FDF91CF9108951F93CF93DF93C82F8F
:10FCD000162F0F942A65D82F8823A9F01092901719
:10FCE00010928F17C33611F1C83791F0CF3339F422
:10FCF00084E690E00F940AA3812F0E942DFE8EE8E7
:10FD000097E10E94F8578D2FDF91CF911F910895B1
:10FD100010926C0210926B02812F0E945CFB8FEAA2
:10FD200090E090936C0280936B02E9CF84E690E0C0
:10FD30000F940AA30E9440B2E2CF0E942DFE0E94BF
:10FD4000BC490F9452370F9446100F94AC3786E697
:10FD500094E60E94ADEE10927A070D941215CF939F
:10FD6000DF9300D01F921F92CDB7DEB7482F68E512
:10FD7000CE0101960F947F9F49815A816B817C81CE
:10FD80008D810F94C8740F900F900F900F900F906B
:10FD9000DF91CF91089580E00C94AFFE1F93CF9335
:10FDA000DF9300D01F921F92CDB7DEB7182F0F94AC
:10FDB0002A658823D9F0412F62E5CE0101960F9480
:10FDC0007F9F49815A816B817C818D810F94C8749A
:10FDD00060E080E00F94E77B882369F320914A1369
:10FDE00030914B1330939B1320939A130F900F90E5
:10FDF0000F900F900F90DF91CF911F910895FF9278
:10FE00000F931F93CF93DF931F92CDB7DEB7CE0131
:10FE100001960F94E02510E000E085E0F82ED199DE
:10FE200011C00F94A22C0E3D1105C9F7CE01019609
:10FE30000F94D325C8010F90DF91CF911F910F919F
:10FE4000FF900895D19A80912405882361F3109240
:10FE500024050E9439770F94FF2980912305811191
:10FE60001BC0F09EF001F19EF00D1124E558F84FF3
:10FE700080911F0590912005A0912105B091220548
:10FE800080839183A283B38380911E0584830F5F57
:10FE90001F4F0F94D02EC7CF10E000E0C7CFFC015A
:10FEA0008081882321F0813029F482E001C081E043
:10FEB0008083089510820895FC019491903249F056
:10FEC00087EF890F823028F081E09D3019F080E0C3
:10FED000089581E00895883E23E0920710F087EEB0
:10FEE00093E0089590912905809128052FEF3FEF29
:10FEF000891771F0E92FF0E0E55DFA4F208130E0DD
:10FF00009F5F80912705981708F090E0909329054E
:10FF1000C90108959091D00095FFFCCF8093D60041
:10FF200090E080E00895CF92DF92EF92FF920F93DE
:10FF30001F93CF93DF938C01EA0190E050E0615072
:10FF4000770B292F30E0261737072CF0552319F1AE
:10FF500090E050E0F6CF7801E20EF31EF7018081C9
:10FF6000D90111966801CA0EDB1EF60140814817BF
:10FF700080F4F7014083F6018083209749F0FE0169
:10FF8000E20FF31F8081AC0FBD1F2C9120838C9357
:10FF900051E09F5FD6CFDF91CF911F910F91FF90DE
:10FFA000EF90DF90CF900895813041F028F08230BB
:10FFB00039F0833071F00895A09A0895A29A0895B7
:10FFC0009FB7F894809108018062809308019FBFD9
:10FFD00008959FB7F894809108018061F6CF813031
:10FFE00041F028F0823039F0833071F00895A09804
:10FFF0000895A29808959FB7F894809108018F7D85
:020000022000DC
:10000000809308019FBF08959FB7F89480910801DD
:100010008F7EF6CF8EBD0DB407FEFDCF8EB5089551
:100020002F923F924F925F926F927F928F929F9208
:10003000AF92BF92CF92DF92EF92FF920F931F93F6
:10004000CF93DF93CDB7DEB72E970FB6F894DEBF10
:100050000FBECDBF20901E0630901F0640901F059A
:1000600050902005609021057090220521143104E4
:1000700039F481E08093F505812C912C5401F9C06D
:10008000B101032C000C880B990B0F9428B6A30127
:1000900092010F94C1BC6B017C018091F50588230E
:1000A00091F01092F1051092F2051092F305109262
:1000B000F4051092ED051092EE051092EF051092E6
:1000C000F0051092F5052091DB063091DC06409199
:1000D000DD065091DE06C701B6010F9467B669834D
:1000E0007A838B839C832091F1053091F2054091B6
:1000F000F3055091F405C701B6010F94C2BC4B0142
:100100005C012091B8042D873091B9043987109192
:10011000BA040091BB04412F502F0F94B7BD87FD47
:1001200017C08091B4048D879091B5049987109180
:10013000B6040091B7049C01412F502FB401C501B2
:100140000F944BBF181624F08D8699861A2D0B2D0F
:100150008D859985A12FB02F8093F1059093F2059D
:10016000A093F305B093F4052091DF063091E006EB
:100170004091E1065091E206BC01812F902F0F942F
:1001800067B66D837E838F8398872091E9053091D0
:10019000EA054091EB055091EC05C301B2010F94C3
:1001A000C1BC2091E3063091E4064091E5065091F0
:1001B000E6060F9467B620ED3CEC4CE45DE30F944B
:1001C00067B64B015C0123E333E343E75FE36091F0
:1001D000ED057091EE058091EF059091F0050F947B
:1001E00067B69B01AC01C501B4010F94C2BC4B01C1
:1001F0005C018092ED059092EE05A092EF05B09221
:10020000F0052D813E814F81588569817A818B81EE
:100210009C810F94C2BCA50194010F94C1BC4B01F9
:100220005C0120E030E04FE753E40F944BBF20E047
:1002300030E0A90118160CF06DC1C701B6010F948A
:100240004BBF181684F4A70196016D857985812F1F
:10025000902F0F94C1BC6093F1057093F2058093C9
:10026000F3059093F405812C912C3FE7A32E33E402
:10027000B32E4092E9055092EA056092EB05709228
:10028000EC056091560270915702072E000C880B06
:10029000990B0F9428B69B01AC01C301B2010F94D6
:1002A000B7BD87FF57C1232809F454C1C501B40164
:1002B0000F9433BE7595679560931E0520911706C0
:1002C000309118063A8329834090190650901A06F7
:1002D00060901B0670901C06B901330F880B990BB8
:1002E0000F9428B6A30192010F94C1BC6B017C014D
:1002F0002091E7063091E8064091E9065091EA0620
:100300000F9467B66D837E838F8398872091FE0557
:100310003091FF054091000650910106C701B601DA
:100320000F94C2BC5B018C013091B0043E87809178
:10033000B1048D873090B2042090B304232F382F5E
:10034000432D522DB501C8010F94B7BD87FD18C0CC
:100350009091AC049E872091AD042D873090AE041F
:100360002090AF04292F3D85432D522DB501C801A2
:100370000F944BBF181624F0AE86BD86302E212E6A
:100380008E859D85A32DB22D8093FE059093FF054C
:10039000A0930006B09301062091EB063091EC0685
:1003A0004091ED065091EE06BC01832D922D0F94E5
:1003B00067B669877A878B879C872091FA05309189
:1003C000FB054091FC055091FD05C301B2010F945E
:1003D000C1BC2091EF063091F0064091F10650919A
:1003E000F2060F9467B620ED3CEC4CE45DE30F940D
:1003F00067B64B015C0123E333E343E75FE36091BE
:10040000F6057091F7058091F8059091F9050F9424
:1004100067B69B01AC01C501B4010F94C2BC4B018E
:100420005C018092F6059092F705A092F805B092D3
:10043000F9054092FA055092FB056092FC05709216
:10044000FD0529853A854B855C856D817E818F818F
:1004500098850F94C2BCA50194010F94C1BC4B01B7
:100460005C0120E030E04FE753E40F944BBF20E005
:1004700030E0A90118160CF070C0C701B6010F9446
:100480004BBF181684F4A70196016E857D85832DD8
:10049000922D0F94C1BC6093FE057093FF0580936D
:1004A000000690930106812C912C9FE7A92E93E4DE
:1004B000B92E20E030E04AEF52E4C301B2010F94BC
:1004C000B7BD87FF6DC0C501B4010F9433BE7595EC
:1004D000679560931D0689819A81892B11F410928A
:1004E0001D062E960FB6F894DEBF0FBECDBFDF916E
:1004F000CF911F910F91FF90EF90DF90CF90BF9021
:10050000AF909F908F907F906F905F904F903F90B3
:100510002F900895C501B4010F94B7BD87FFA9CEF0
:1005200020E030E0A901C701B6010F94B7BD87FFF5
:10053000A3CDA70196016D857985812F902F0F940A
:10054000C1BC6093F1057093F2058093F30590931D
:10055000F40592CD10921E05B1CEC501B4010F94E1
:10056000B7BD87FFA6CF20E030E0A901C701B601E3
:100570000F94B7BD87FF10C0A70196016E857D85DA
:10058000832D922D0F94C1BC6093FE057093FF05DF
:100590008093000690930106812C912C540189CF01
:1005A00010921D0698CF8091730E9091740E9093C7
:1005B0001F0680931E068091710E9091720E90938B
:1005C0001806809317060895813041F120F082309B
:1005D00009F445C00895179880910901817091E050
:1005E0006927861759F090910B01662389F0916075
:1005F00090930B01EBE4F0E03197F1F791E096B9BD
:10060000882341F080910B01816080930B01089554
:100610009E7FEECF80910B018E7FF7CF1698909141
:10062000090181E0292F227091FF80E0861759F09F
:1006300080910B01662379F0826080930B018BE43B
:1006400090E00197F1F782E086B980910B012223B7
:1006500021F08260DACF8D7FF0CF8D7FD6CF1598D5
:100660009091090181E0292F247092FF80E091E0B0
:100670006927861759F090910B01662391F09460D9
:1006800090930B01EBE4F0E03197F1F794E096B929
:10069000861709F4BCCF80910B01222321F08460DE
:1006A000B4CF9B7FEDCF8B7FB0CF8091260581119A
:1006B00025C08091C00087FF3DC08091C00084FFAD
:1006C00003C08091C60008954091C60020919E0409
:1006D00030919F04C90101968F7799276091A004FA
:1006E0007091A1048617970729F1225E3B4FF9010B
:1006F000408390939F0480939E041CC08091C80007
:1007000087FF18C08091C80084FF03C08091CE008D
:1007100008954091CE0020919E0430919F04C9011C
:1007200001968F7799276091A0047091A1046817B2
:100730007907D9F6089523E0811121E080E06BE18B
:1007400073E04BEC57E03FB7F8949091020194604E
:10075000909302013FBFFB013197F1F73FB7F89447
:10076000909102019B7F909302013FBFFA01319764
:10077000F1F78F5F8213E7CF08958AE02BE831E02D
:100780004FB7F894909102019460909302014FBF8B
:10079000F9013197F1F74FB7F894909102019B7FDF
:1007A000909302014FBFF9013197F1F7815041F762
:1007B00008950F9454AB10921A0580911A05843055
:1007C00098F510921D0588E798E20F941AAE4BE554
:1007D00052E06BED74E5809101040E9422DE4FE04F
:1007E00052E065ED74E58091FE030E9422DE49E946
:1007F00052E060E97AE58091FD030E9422DE45EA3D
:1008000052E060E676E2809102040E9422DE0F94BC
:1008100028AB80911A058F5F80931A0580911C0583
:100820008F5F80931C05C9CF089582E094E00E94F9
:100830004FFF6091020480E29CE00D94BEBB8DEFFF
:1008400093E00E944FFF6091FD0383EA9DE00D94C9
:10085000BEBB8EEF93E00E944FFF6091FE0384EADF
:100860009DE00D94BEBB81E094E00E944FFF60913B
:10087000010488EA9DE00D94BEBB8091961760E06C
:10088000811101C061E06093961787E49DE00D94AB
:10089000BEBBEEE8F7E1618181E06827618387E014
:1008A0009FE00D94BEBBEEE8F7E1628181E068272E
:1008B000628385ED9EE00D94BEBBE5EEF6E16081BE
:1008C00081E0682760838BEB9FE00D94BEBB809135
:1008D000EC04813071F020F0823069F483E001C0D3
:1008E00081E08093EC046091EC0487ED9EE00D9430
:1008F000BEBB82E0F6CF1092EC04F5CF60913802D7
:1009000081E068276093380287E89FE00F94BEBBC0
:1009100080913802811102C01092E6030895CF93AE
:10092000DF938091FF038C33E1F0803501F1883251
:1009300091F088E28093FF03C0E9D1E06091FF036A
:1009400087EA9DE00F94BEBBBE0185EA9DE0DF9182
:10095000CF910D94DCBB8CE38093FF03C8E5D2E01C
:10096000EDCF80E58093FF03C0E2D3E0E7CF89E1DC
:100970008093FF03CAEFD0E0E1CF0F9454AB109205
:100980001A0580911A05843008F06EC010921D057A
:1009900089EC9DE20F941AAE80918E1761EA73E69E
:1009A000882311F065EA73E622E047E452E08CED1B
:1009B0009AE20F94E3AC80918E17882309F441C02A
:1009C0008330D9F422E041EF50E063E07BE282EA39
:1009D00094E50F94E3AC22E041EF50E063E07BE26A
:1009E00086E994E50F94E3AC80919617882301F192
:1009F0008130A1F10F943D0424C08091901761EAE9
:100A000073E6882311F065EA73E622E04BED51E0CE
:100A100082EA94E50F94E3AC80918F1761EA73E664
:100A2000882311F065EA73E622E045EE51E0D8CF65
:100A300022E049EE52E066E874E58CE894E50F9414
:100A4000E3AC0F9428AB80911A058F5F80931A0551
:100A500080911C058F5F80931C0593CF22E049EEA7
:100A600052E060E874E5E9CF089589EA9DE00C94CE
:100A7000335A8CEA9CE00F949ABB882361F0109261
:100A80009E1310924C13109231138CEA9CE00E943A
:100A9000335A0D94AF520E948BBFF7CF86ED9EE084
:100AA0000F949ABB61E0823009F062E086ED9EE02F
:100AB0000D94BEBB8EEC9EE00F949ABB60E081303B
:100AC00009F061E08EEC9EE00D94BEBB8FEA9FE0E2
:100AD0000F949ABB61E0811160E08FEA9FE00D9472
:100AE000BEBB89E09FE00F949ABB61E0882321F0B0
:100AF00062E0813009F060E089E09FE00F94BEBBC6
:100B000081E08093C314089587EA9CE00F949ABB18
:100B1000811105C08091A8038150883010F080E0D9
:100B2000089581E0089581E090918E17911180E001
:100B30000C9428580D944763EF92FF920F931F93E4
:100B40008091B703811135C080EC9FE00F949ABB70
:100B5000813061F58FEB9FE00F949ABB082E000C5B
:100B6000990B9093B9038093B8038EEB9FE00F9499
:100B70009ABB082E000C990B9093BB038093BA0389
:100B80008DEB9FE00F949ABB082E000C990B90936D
:100B9000BD038093BC038CEB9FE00F949ABB082E9F
:100BA000000C990B9093BF038093BE0381E0809368
:100BB000B7030F9454AB10921A0580911A05843034
:100BC00008F062C010921D050F94FCA98823E9F07B
:100BD0006091B8038FEB9FE00F94BEBB6091BC03A4
:100BE0008DEB9FE00F94BEBB6091BE038CEB9FE04A
:100BF0000F94BEBB6091BA038EEB9FE00F94BEBB17
:100C000061E080EC9FE00F94BEBB89EC9DE20F9405
:100C10001AAEF12CE12C04E610E02CE93FEF40E1A4
:100C200068EB73E08DEC9BE40F94A4AB2CE93FEFF1
:100C300040E16AEB73E08EEB9BE40F94A4AB2CE9EC
:100C40003FEF40E16CEB73E08FEA9BE40F94A4ABC1
:100C50002CE93FEF40E16EEB73E080EA9BE40F94F8
:100C6000A4AB67E171E088E699E20F94F7AA0F94CC
:100C700028AB80911A058F5F80931A0580911C051F
:100C80008F5F80931C0599CF1F910F91FF90EF907C
:100C900008950F9454AB10921A0580911A05843070
:100CA00058F510921D0588E59BE20F941AAE6BEC87
:100CB00071E087E79CE40F94CDAD6FE672E080E7CA
:100CC0009CE40F94CDAD6DE372E089E69CE40F9453
:100CD000CDAD6DE272E080E69CE40F94CDAD0F9453
:100CE00028AB80911A058F5F80931A0580911C05AF
:100CF0008F5F80931C05D1CF08950F9454AB109251
:100D00001A0580911A058430F8F410921D0585EAC1
:100D10009BE20F941AAE6DE072E087E599E40F94C0
:100D2000CDAD69E771E081E599E40F94CDAD0F9405
:100D300028AB80911A058F5F80931A0580911C055E
:100D40008F5F80931C05DDCF08950F9454AB1092F4
:100D50001A0580911A05843028F510921D0585EA40
:100D60009BE20F941AAE6DE572E087E599E40F946B
:100D7000CDAD6FE472E081E599E40F94CDAD6FE401
:100D800071E08BEF98E40F94CDAD0F9428AB809178
:100D90001A058F5F80931A0580911C058F5F8093E1
:100DA0001C05D7CF0895CF93DF93CDB7DEB72F972C
:100DB0000FB6F894DEBF0FBECDBFFC01DE01119669
:100DC00090E09D01849141E0490F882329F08D93A3
:100DD0003196942F4D30B1F7F901E90FF11D8AE3F7
:100DE00080839F5FF901E90FF11D80E29E3019F0C9
:100DF00081939F5FFBCF1F867F936F933F932F93CA
:100E00008DEC9BE59F938F930E94CD530F900F9095
:100E10000F900F900F900F902F960FB6F894DEBFA3
:100E20000FBECDBFDF91CF910895EF92FF921F9338
:100E3000CF93DF9300D000D01F92CDB7DEB7809163
:100E4000A903811118C081EA9DE00F949ABB182F65
:100E50000E94405A882379F080E10E9478DD88233F
:100E600051F02BE0129FC0011124805B924F0F9430
:100E7000A8BB892BF1F48091AA03882371F081EA41
:100E80009DE00F949ABB2BE0829FC00111246FEF6D
:100E90007FEF805B924F0F94DCBB0E943E5721E0B6
:100EA000811120E041E070E060E087E092E00F9483
:100EB0007EAB20917106309172062115310559F0F3
:100EC00081E0121613060CF080E08093AA031092C2
:100ED00072061092710681EA9DE00F949ABB1BE0A6
:100EE000819FB0011124675B724F47E050E0CE0153
:100EF00001967C010F948ABB0E94205481EA9DE0F8
:100F00000F949ABB819FC0011124805B924F0F9474
:100F1000A8BBBC01990F880B990B0F9428B62091A0
:100F20007F063091800640918106509182060F9491
:100F3000C1BD2091AA03222319F13EE320E21F92B2
:100F40003F931F922F939F938F937F936F93FF9263
:100F5000EF9280E09DE49F938F930E94CD530FB654
:100F6000F894DEBF0FBECDBF27960FB6F894DEBF54
:100F70000FBECDBFDF91CF911F91FF90EF900895ED
:100F800030E22EE3DCCF80912605813051F41092BF
:100F900026056091260588E09FE00F94BEBB0C9467
:100FA000E9BF81E080932605F4CF1092DC030E9414
:100FB0002054ECEBF4E0428153812CE3249FC001E8
:100FC000259F900D11249F938F9388E19DE29F931D
:100FD0008F9340815181249FC001259F900D112442
:100FE0009F938F9383E29DE29F938F9381E39BE591
:100FF0009F938F930E94CD538DB79EB70A960FB6DD
:10100000F8949EBF0FBE8DBF0D94AEAECF93DF930D
:101010000E9420548BE59FE00F94A8BBEC018DE566
:101020009FE00F94A8BBDF93CF939F938F9380E8AB
:1010300099E49F938F938FE09CE59F938F930E94F9
:10104000CD538DB79EB708960FB6F8949EBF0FBECE
:101050008DBFDF91CF910D94AEAE1092DC030E9454
:1010600020546091660E7091670E8091680E909189
:10107000690E0F9433BE8BED94E50F94D306609107
:10108000F6047091F7048091F8049091F9040F949C
:1010900033BE86EC94E50F94D306609156067091AA
:1010A000570680915806909159060F9433BE82E6F8
:1010B00099E40F94D30660919A0370919B038091F9
:1010C0009C0390919D030F9433BE8AE69AE50F949A
:1010D000D3060D94AEAE0F931F93CF93DF93109270
:1010E000DC0384E69FE00F949ABBC82F85E69FE05F
:1010F0000F949ABBD82F86E69FE00F949ABB182FC7
:1011000088E69FE00F949ABB082F0E9420541F92FC
:101110000F931F921F938BE199E49F938F931F92DC
:10112000DF9381E299E49F938F931F92CF938EE296
:1011300099E49F938F938DE399E49F938F9388E92C
:101140009BE59F938F930E94CD538DB79EB7429698
:101150000FB6F8949EBF0FBE8DBFDF91CF911F9148
:101160000F910D94AEAEEF92FF920F931F93CF931A
:10117000DF931092DC030E94205483E09FE00F94E1
:10118000A8BB0E946BFFF82EE92E85E09FE00F942C
:10119000A8BB0E946BFF182F092F81E09FE00F94DE
:1011A000A8BB0E946BFFEC018FEF9EE00F94A8BBE1
:1011B0000E946BFFEF92FF920F931F932BE139E494
:1011C0003F932F93DF93CF9321E239E43F932F9303
:1011D0009F938F938EE299E49F938F938CE099E491
:1011E0009F938F9388E99BE59F938F930E94CD53A4
:1011F0008DB79EB742960FB6F8949EBF0FBE8DBFB7
:10120000DF91CF911F910F91FF90EF900D94AEAEB3
:101210000F931F93CF93DF931092DC030E9420540F
:101220008091A4139091A5130E946BFF182F092F92
:1012300080ED9EE00F94A8BB0E946BFFEC0183ED54
:101240009EE00F94A8BB0E946BFF0F931F9322EDAB
:1012500038E43F932F93DF93CF9322EE38E43F930C
:101260002F939F938F9381EF98E49F938F938CE0BC
:1012700099E49F938F938BE69BE59F938F930E94B6
:10128000CD538DB79EB740960FB6F8949EBF0FBE54
:101290008DBFDF91CF911F910F910D94AEAECF9383
:1012A000DF931092DC030E9420548FEC9EE00F9499
:1012B0009ABB90E00E946BFFEC0182ED9EE00F94E0
:1012C0009ABB90E00E946BFFDF93CF9322EE38E44D
:1012D0003F932F939F938F9381EF98E49F938F93E6
:1012E0008DE399E49F938F938CE49BE59F938F9379
:1012F0000E94CD538DB79EB70C960FB6F8949EBF43
:101300000FBE8DBFDF91CF910D94AEAE0E942054E1
:1013100083EB9CE40E94DF530D94AEAE0E942054F8
:101320008EE79CE40E94DF530D94AEAE813021F431
:1013300080E69AE50C94DF538CE59AE5FBCF2F927B
:101340003F924F925F926F927F928F929F92AF9255
:10135000BF92CF92DF92EF92FF920F931F93CF93A2
:10136000DF93CDB7DEB7A0970FB6F894DEBF0FBE00
:10137000CDBF48E050E065EE7FE0CE0141960F948E
:101380008ABB48E050E06DED7FE0CE0109960F94F6
:101390008ABB48E050E065ED7FE0CE0101960F94F6
:1013A0008ABB8D849E84AF84B888E3E2FEE32591F6
:1013B000359145915491CD80DE80EF80F884E7E24D
:1013C000FEE385919591A591B4918D8F9E8FAF8FFE
:1013D000B8A38D899E89AF89B88D898F9A8FAB8F7D
:1013E000BC8FC501B4010F9467B62B013C012D8D54
:1013F0003E8D4F8D58A1C701B6010F9467B69B0172
:10140000AC01C301B2010F94C2BC298D3A8D4B8D42
:101410005C8D0F94C2BC20E030E040E950E40F94B2
:10142000C2BC1B018C01EBE2FEE325913591459195
:101430005491EFE2FEE34590559065907490C5019C
:10144000B4010F9467B64B015C01A3019201C7017F
:10145000B6010F9467B69B01AC01C501B4010F94AE
:10146000C2BC298D3A8D4B8D5C8D0F94C2BC20E09F
:1014700030E040E950E40F94C2BCF62EE72ED82E9F
:10148000C92E0E9420548CE39BE49F938F9382E4A7
:101490009BE49F938F9386E098E39F938F9387E4D9
:1014A0009BE49F938F938AE19AE59F938F930E9489
:1014B000CD5362E08BE00E94F4530FB6F894DEBF88
:1014C0000FBECDBF20E030E048E453E4622D732D21
:1014D000802F912F0F944BBF87FF57C01F930F93FF
:1014E0003F922F9282E19AE59F938F930E94CD5372
:1014F0000F900F900F900F900F900F9063E08BE084
:101500000E94F45320E030E048E453E4D701F601B0
:101510006B2F7E2D8F2F9C2D0F944BBF87FF3AC0D2
:10152000CF92DF92EF92FF9282E19AE59F938F93A1
:101530000E94CD530F900F900F900F900F900F902F
:101540000E943E57882341F020E041E070E060E0D7
:101550008BE291E00F947EABA0960FB6F894DEBFBD
:101560000FBECDBFDF91CF911F910F91FF90EF90F4
:10157000DF90CF90BF90AF909F908F907F906F90B3
:101580005F904F903F902F90089583E09BE20E94E0
:10159000DF53B4CF83E09BE20E94DF53D1CF8BE7D0
:1015A00099E50C94765DAF92BF92CF92DF92EF9265
:1015B000FF920F931F93CF93DF936C010E94A95367
:1015C000E601F12CE12C6F2D80E00E94F453C6015E
:1015D0000E945CFF882329F08FEFC81AD80A09F40B
:1015E00049C0C6010F9458B98431910510F084E1C7
:1015F00090E0E601C80FD91FE3E0FE120AC0843173
:1016000041F4FE018491E12C882319F02297EE2405
:10161000E394FE018491882309F440C0CE010E9426
:101620005CFF81113BC0FE01849192ED980F9230D6
:10163000A8F18C3299F196EC980F923078F18F33B3
:1016400069F1813259F18E01C016D10658F4580162
:10165000F1E0AF1AB108C5010E945CFF81111DC005
:101660008501F2CFC016D106C9F0E801F39484E0F9
:10167000F812A9CFEE20F9F048E863E083E10E9478
:101680001454CE01DF91CF911F910F91FF90EF90F5
:10169000DF90CF90BF90AF900895E801CC16DD06A3
:1016A00028F7F60184918A3009F30E946B55FFEF09
:1016B000CF1ADF0AF3CFD0E0C0E0E3CF8DE99AE4A0
:1016C0000F94D30A0D94AEAE0E94975A1092B703AE
:1016D0000895CF93DF9341E85BE460E080E00E94EF
:1016E000085446E058E361E080E00E94085462E05C
:1016F00080E00E94F45385EE9FE00F94A2BB9F937D
:101700008F937F936F931F9288E58F93C8E1DEE5F7
:10171000DF93CF930E94CD5363E080E00E94F453A7
:1017200089EE9FE00F94A2BB9F938F937F936F935B
:101730001F9289E58F93DF93CF930E94CD538DB78E
:101740009EB740960FB6F8949EBF0FBE8DBFDF9137
:10175000CF910D94AEAECF92DF92EF92FF9280E6E2
:101760009FE00F94A2BB6B017C010E9420548EE38A
:101770008F9380E88F931F921F928BE59BE49F933A
:101780008F938DE38F9385EF8F9382EC8F9380E916
:101790008F9387E69BE49F938F9386E098E39F93D4
:1017A0008F9383E79BE49F938F938FE29AE59F93B8
:1017B0008F930E94CD5360E08FE00E94F4538DB769
:1017C0009EB742960FB6F8949EBF0FBE8DBF20E025
:1017D00030E048EC52E4C701B6010F94B7BD87FF73
:1017E0002EC020E030E044E353E4C701B6010F947B
:1017F00067B62BED3FE049E450E40F94C1BD9F93E1
:101800008F937F936F9388E29AE59F938F930E94C3
:10181000CD530F900F900F900F900F900F900E944C
:101820003E57882389F020E041E070E060E087EFD8
:1018300092E0FF90EF90DF90CF900D947EAB83E02D
:101840009BE20E94DF53EBCFFF90EF90DF90CF90B1
:1018500008952F923F924F925F926F927F929F9244
:10186000AF92BF92CF92DF92EF92FF920F931F93AE
:10187000CF93DF9370915D0E711104C070915E0E75
:10188000772399F0DF91CF911F910F91FF90EF9007
:10189000DF90CF90BF90AF909F907F906F905F90C0
:1018A0004F903F902F900D9417AE7091AA03711135
:1018B00009C070918E0210928E027093AB0371E09A
:1018C0007093AA0319016A01C62FD92F982E80910F
:1018D000710690917206892B09F471C00E94EC4B3D
:1018E00080915B0E8F5F803109F480E090915C0EF7
:1018F000981709F464C084E0C89F80011124F8019E
:10190000E85BF84F5F016091710670917206072ED7
:10191000000C880B990B0F9428B6F50120813181BA
:10192000428153810F94C2BC2B013C01B601DD0CF6
:10193000880B990B0F9428B66B017C01AC019B01BD
:10194000C301B2010F94B7BDF50187FD7DC0408290
:10195000518262827382B101330C880B990B0F9410
:1019600028B62B013C01C801885B984F7C01A3017C
:101970009201FC0160817181828193810F944BBF40
:1019800018162CF4F7014082518262827382109201
:101990007206109271066CE477E088E497E00E948A
:1019A000BF4FF801E550FD4F6081718182819381C5
:1019B0000E94F04B0F94069781E080938F028091F4
:1019C0008F02882311F161E080E00E94F45384E0EB
:1019D000C89FF0011124E85BF84F83818F938281C7
:1019E0008F9381818F9380818F93DF939F928FEF6D
:1019F0009DE59F938F930E94CD53EDB7FEB7389628
:101A00000FB6F894FEBF0FBEEDBF8091D7038111D2
:101A100004C08091A903882321F08091AB038093B7
:101A20008E02DF91CF911F910F91FF90EF90DF9089
:101A3000CF90BF90AF909F907F906F905F904F90AE
:101A40003F902F900D94AEAEC082D182E282F3829D
:101A500082CF2FEF30E050E040E060E083E29EE58F
:101A60000D94290C24ED30E04CEF5FEF61E086E24D
:101A70009EE50D94290C22ED30E050E040E062E05C
:101A800089E29EE50D94290C80916306811103C0C3
:101A900082E00D94FBAD81E0FCCF5F934F937F9389
:101AA0006F93282F082E000C330B3F938F9380E108
:101AB00099E59F938F930E94CD532DB73EB7285F32
:101AC0003F4F0FB6F8943EBF0FBE2DBF99E0981B55
:101AD000892F0C94EA53CF93DF930E942054C09136
:101AE000730ED091740E6091660E7091670E8091A6
:101AF000680E9091690E0F9433BEAE0182E80F9488
:101B00004D0D60E08AE00E94F453C091710ED091B7
:101B1000720E209781F06091F6047091F704809125
:101B2000F8049091F9040F9433BEAE0180E8DF9180
:101B3000CF910D944D0D8AE0DF91CF910C94EA5333
:101B40001092DC030F946B0D48E05AE461E080E0F2
:101B50000E94085462E080E00E94F4538091A80340
:101B6000833071F138F4813050F087EF99E40E94AE
:101B7000DF5305C0853021F1C0F38830B1F30E94F6
:101B80003E57811109C08091A8038150823028F509
:101B900080919217882309F180916306811113C007
:101BA00083E00F94FBAD8091A803823071F0833005
:101BB00081F0813091F461E085EC99E50C9402713B
:101BC00084EE99E4D4CF82E0ECCF81E08093A80347
:101BD000F2CF61E08BE694E2F1CF0895CF92DF92ED
:101BE000EF92FF920F931F93CF93DF931092DC033A
:101BF00060915C0670915D06072E000C880B990BB6
:101C00000F9428B620E030EC4FE756E40F94C1BDA6
:101C100020E030E040EA50E40F9467B627ED30E36F
:101C200044E45EE30F94C1BDEB01182F092F6091CE
:101C30005A0670915B06072E000C880B990B0F94C7
:101C400028B620E030EC4FE756E40F94C1BD20E009
:101C500030E040EA50E40F9467B627ED30E344E407
:101C60005EE30F94C1BDF62EE72ED82EC92E0E943A
:101C70002054CF92DF92EF92FF920F931F93DF9346
:101C8000CF938BEE9BE59F938F930E94CD530F9440
:101C9000B758BC0190E080E00F9426B620E030EC0D
:101CA0004FE756E40F94C1BD20E030E040EA50E435
:101CB0000F9467B69F938F937F936F9387ED9BE508
:101CC0009F938F930E94CD538DB79EB740960FB6CA
:101CD000F8949EBF0FBE8DBFDF91CF911F910F91E2
:101CE000FF90EF90DF90CF900D94AEAEEF92FF9209
:101CF0000F931F93CF93DF938091AA03882329F03A
:101D000090918F02923009F078C181E08093AA030C
:101D10008091E5168093AB03882321F08CEA93E051
:101D20000F9457620F9454AB10921A058FE4E82E6B
:101D30008CE5F82ECEE1DCE500EB13E080911A058E
:101D4000843008F07FC110921D0585EA9BE20F9454
:101D50001AAE81EC9CE50F941AAE84EB9CE50F94CF
:101D60001AAE86EA9CE50F941AAE86E99CE50F94BC
:101D70001AAE89EB99E50F941AAE87EA99E50F94AC
:101D80001AAE86E999E50F941AAE86E098E30F94AF
:101D90001AAE8AE89CE50F941AAE80E89CE50F9491
:101DA0001AAE88E79CE50F941AAE86E098E30F948C
:101DB0001AAE8EED99E40F941AAE8DE69CE50F9461
:101DC0001AAE86E098E30F941AAE8DE59CE50F9469
:101DD0001AAE0F94BF580F941AAE86E098E30F9492
:101DE0001AAE80919E13813009F027C180ED99E4ED
:101DF0000F941AAE88E59CE50F941AAE80911D05EC
:101E00008150990B20911C052817190649F58091DE
:101E10008F02882329F160911A0586E00E94F4530D
:101E200080919E13813009F003C180917E139091BF
:101E30007F1320918013882309F4FAC01F922F93F7
:101E40001F929F931F928F93FF92EF920E94CD5308
:101E50008DB79EB708960FB6F8949EBF0FBE8DBF84
:101E60008091AB03882309F440C086E098E30F9487
:101E70001AAE8EE29CE50F941AAE8CE29CE50F94AC
:101E80001AAE80911D058150990B20911C052817D1
:101E9000190659F580918F02882339F160911A054E
:101EA00082E00E94F4538091AF031F928F93809140
:101EB000AE031F928F938091AD031F928F938091F9
:101EC000AC031F928F93DF93CF931F930F930F94C5
:101ED000B1BA80EB93E00E94E7568DB79EB70C969F
:101EE0000FB6F8949EBF0FBE8DBF80915E06909195
:101EF0005F06A0916006B0916106892B8A2B8B2B1F
:101F000009F440C086E098E30F941AAE87EB99E499
:101F10000F941AAE8AE29CE50F941AAE80911D05CB
:101F20008150990B20911C052817190659F58091AD
:101F30008F02882339F160911A0582E00E94F453E0
:101F4000809161061F928F93809160061F928F93FC
:101F500080915F061F928F9380915E061F928F93F0
:101F6000DF93CF931F930F930F94B1BA80EB93E05D
:101F70000E94E7568DB79EB70C960FB6F8949EBF99
:101F80000FBE8DBF86E098E30F941AAE63E371E055
:101F900086EA99E40F94CDAD63E871E088E999E4AD
:101FA0000F94CDAD63EA71E08CE899E40F94CDAD68
:101FB00067EC72E080E899E40F94CDAD6DE471E0D8
:101FC00083E799E40F94CDAD6BEF71E08AE699E475
:101FD0000F94CDAD6DE172E08AE899E50F94F7AA10
:101FE0000F9428AB80911A058F5F80931A0580911A
:101FF0001C058F5F80931C05A1CE9091AB039923A4
:1020000009F490CE4091AC035091AD036091AE03C2
:102010007091AF03452B462B472B09F083CE8F5F82
:10202000803119F08093AA037DCE1092AA037ACE54
:1020300088EC99E40E94DF5313CF80E49CE50F9471
:102040001AAE0ECFDF91CF911F910F91FF90EF90BD
:1020500008958091AA03811117C00E9427548BEF25
:1020600098E40E94DF538AE30E94E35361E08AE030
:102070000E94F45388EA9CE00F94A2BB4AE00E94BD
:10208000105681E08093AA030D94AEAE0E9468556D
:1020900010923C0520E041E070E060E087E791E0CD
:1020A0000F947EAB1092F8031092A803089561E09C
:1020B00083EC9EE50E9402710D94461061E08DEB69
:1020C0009EE50E9402710D94461061E089EB9EE549
:1020D0000E9402710D94461061E085EB9EE50E941E
:1020E00002710D9446100E9427544CED5BE460E0B1
:1020F00080E00E94085480914B0290914C02209104
:10210000710630917206820F931F823321E092078D
:1021100050F181E391E090934C0280934B02109236
:1021200072061092710662E081E00E94F453809181
:102130004C028F9380914B028F938DE39EE59F938A
:102140008F930E94CD530E943E570F900F900F9097
:102150000F90882371F083E080936A0E0F944610ED
:1021600082E00C94BB538A309105A8F68AE090E097
:10217000D2CF08950F931F93CF93DF93EC01CB0140
:10218000BA014A81413029F088F0423009F14330E8
:10219000D1F48B81811125C082E08A8363E087E6D8
:1021A00097E50E94BDE985E08B830DC0A9019801E8
:1021B0000F944BBF18163CF463E0888199810E940C
:1021C000BDE981E08A83DF91CF911F910F9108953E
:1021D0008B81811106C08881998123E02A8363E085
:1021E000E0CF8150E1CFCF93DF939091190591110A
:1021F00021C0C62FD82F882311F18BE097E56623E5
:1022000011F089E197E563E00E94BDE98AE499E66F
:102210000E944F5B88EE96E5C11102C086EC96E500
:102220000E94765D80E00F94A1B38AE5D1118BE521
:102230000F94A1B380E0DF91CF910C94A75D82EA67
:1022400096E5662311F082EB96E563E00E94BDE916
:102250008AE499E60E944F5B89E896E5C111E0CFD8
:1022600081E796E5DDCF82E00E944F739FB7F89437
:10227000E2E0F1E08081846080839FBF2FEF89E6F8
:1022800098E1215080409040E1F700C000009FB7E6
:10229000F89480818B7F80839FBF0895809138025E
:1022A00061EA73E6882311F065EA73E622E04DE304
:1022B00051E08AEC94E50D94E3ACEF92FF920F931A
:1022C0001F9388ECE82EF12C07E211E030E020E0CB
:1022D00040E163E77EE08BED94E50F94A4AB92E3DD
:1022E000E92EF12C08E710E030E020E040E161E762
:1022F0007EE086EC94E50F94A4AB2FE7E22EF12C60
:102300000FEF10E030E020E048E067EE73E08CEB88
:1023100094E50F94A4AB1F910F91FF90EF90089557
:1023200086ED9EE00F949ABB61EA73E6813011F46A
:1023300065EA73E622E045E252E086E89AE50F940A
:10234000E3AC8EEC9EE00F949ABB22E045E851E0AE
:1023500065EA73E6813011F061EA73E685EB94E596
:102360000F94E3AC89EA9DE00F949ABB61EE7DE2A5
:10237000882311F06EEC7DE222E049E551E08CEA21
:1023800094E50D94E3ACCF92DF92EF92FF920F931E
:102390001F93CF93DF93D82F6B017A01C22F40E2B6
:1023A000811101C04EE363E080E00E941454C60135
:1023B0000E94DF5340E2D13009F44EE363E08C2FFA
:1023C0000E941454C7010E94DF530115110519F131
:1023D000C8010F9458B9D82EC7010F9458B9CE5FD1
:1023E00093E19D198C0F891708F4892F833108F028
:1023F00082E140E2D23009F44EE363E00E941454DB
:10240000C801DF91CF911F910F91FF90EF90DF9066
:10241000CF900C94DF53DF91CF911F910F91FF90DC
:10242000EF90DF90CF9008950F930AE030E020E026
:102430000F94F3680F91089540E0682F85E79EE4BC
:102440000F941412811102C00D945E100895CF9361
:10245000DF93EC0180E00E9401550E942754CE01D9
:10246000DF91CF910D94D30ACF92DF92EF92FF923A
:1024700080E090E0A8ECB2E480935007909351077D
:10248000A0935207B093530765E575E585E591E4A0
:102490000F94069780ED97E00E943C7684EB9DE4D4
:1024A0000F9427126091730E7091740E072E000C1A
:1024B000880B990B0F9428B69B01AC016091660EB6
:1024C0007091670E8091680E9091690E0F94C1BC57
:1024D0009F7720E030E040EA50E40F944BBF18169D
:1024E000A4F584EB9DE40F94271264E080E00E9441
:1024F000F4536091730E7091740E072E000C880BCC
:10250000990B0F9428B620E030E040E05FE30F9491
:10251000C2BC0F9433BE6B0120E030E040E05FE3CB
:102520006091660E7091670E8091680E9091690EB1
:102530000F94C2BC0F9433BEA60182E80F944D0DD8
:1025400088EE93E00E943C76ADCFFF90EF90DF9055
:10255000CF900895CF92DF92EF92FF920F931F9347
:10256000CF93DF93D82EC92E01E080919002811184
:1025700001C000E0109290028D2D9C2D0F94271227
:102580007C010E94395784E080939702E7012097ED
:1025900029F449E863E083E10E94145414E682E3DD
:1025A00090E00E943C760E943E57882381F020975D
:1025B00081F482E08093970200939002DF91CF91A3
:1025C0001F910F91FF90EF90DF90CF9008951150E1
:1025D00031F7E114F104D9F2209711F4CD2DDC2D5F
:1025E000CE010F942712EC01D2CF80919E1381303F
:1025F00061F48EE19EE40F94AA1284E08093A80314
:1026000061E087EC9EE50C94027184ED9DE40F94EB
:10261000AA1280E00E9401550E94275443EE52E620
:1026200062E080E00E94085481E0E8CFAF92BF9260
:10263000CF92DF92EF92FF920F931F93CF93C82F09
:10264000882329F061E08FE59FE00F94BEBB81E015
:102650000E942B738FECE82E8EE5F82E97EDC92E95
:10266000D12C2CE3A22EB12C0C2F10E01F92CF9373
:10267000FF92EF920F945CBA0F900F900F900F9013
:10268000CF30A0F7F8018827E75BFC4E8E4F0D9402
:10269000AABC710181010101FD002D019702FF001B
:1026A000DB02CD024501C102F501A1012902290287
:1026B00010925F0E8FE59FE00F949ABB823029F451
:1026C00085EB93E50F94AA120DC040E060E082E52F
:1026D00093E50F941412811107C061E08FE59FE02C
:1026E0000F94BEBBC1E0C0CF60E08FE59FE00F94C8
:1026F000BEBB10E000E080E00E942B731F930F939D
:1027000080E79AE59F938F930F945CBA0F900F9098
:102710000F900F90CD3009F40AC1CE3009F4F4C007
:10272000C111F6C08BE890E5F1C01092D20381E0B0
:102730000E9478DDC2E0882309F496CF82E00E94EF
:1027400078DDC3E0882309F48FCF84E00E9478DD30
:10275000C4E0882309F488CF88E00E9478DDC5E0D2
:10276000882309F481CF80E10E9478DDCDE08111DA
:102770007BCFC6E079CF8BE093E50F94AA120E943D
:10278000ABFB8111AFCFCEE06FCF8FEC92E50F9412
:10279000AA1280E00E94A6CBF4CF89EA92E50F94BA
:1027A000AA128DE792E50F94AA128FE592E50F9495
:1027B000AA1281E00E94A6CB882329F360E070E092
:1027C00088ED91E40E94755380919E13813009F445
:1027D00089CFD092740EC092730E8CE392E50F9461
:1027E00027120F94341260E070E0CB010E9458F978
:1027F0000F94F5121092740E1092730E73CF8EEF29
:1028000091E50F94AA1285E080936A0E05E010E02E
:1028100072CFD092740EC092730EB092720EA092CC
:10282000710E41E060E08AEE91E50F941412882366
:10283000F9F080919E13C7E0813009F015CFC8E010
:1028400013CF20E041E070E060E08BE792E00F946E
:102850007EAB8BEA91E50F94AA1207E010E04BCF14
:102860000F9434120F94F512CBE0FECE0F94F512B4
:10287000CAE0FACE81EC9FE40F94AA1280919E13D5
:10288000813099F48AE69FE40F94AA128CE99EE4C1
:102890000F94AA1220E041E070E060E087E092E04F
:1028A0000F947EAB0AE010E026CF8AE39FE4ECCFE2
:1028B00081EC9FE40F94AA1280919E13813021F441
:1028C0008AE69FE40F94AA128CE99EE40F94AA1260
:1028D00084E080936A0E0BE010E00DCF41E060E0F1
:1028E0008AE591E50F941412811105C08CE291E5FF
:1028F0000F94AA12BDCF88EC90E5E4CE60E08FE59E
:102900009FE00F94BEBBF7CE8EE090E50F94AA1225
:1029100081E00E94015582E0CF911F910F91FF90BD
:10292000EF90DF90CF90BF90AF900C94BB5310927C
:10293000D20386E694E60E94ADEE0F9446108EE632
:1029400090E5E4CF8FE10E9478DD811106C08FE130
:102950000E9444CB80E00D94161341E060E085E5D1
:102960009DE40F941412882391F30F94461081E094
:102970000E94015582E00C94BB53CF93C82F109254
:102980007A07179A10924507169A10924607149ADA
:102990001092720E1092710E682F86EA9FE00F94CB
:1029A000BEBB6C2F8FEA9FE00F94BEBBCC2379F0A7
:1029B0008CE79EE50E94765D86E09CE40F94AA1267
:1029C00081E00E94015582E0CF910C94BB5381E4D9
:1029D0009EE50E94765D8DEE9BE4F0CF1F93CF9332
:1029E000DF9364E670E00F9463BCEB0110E04EE20D
:1029F00063E0812F0E941454CE010E943C76CE01E8
:102A00000E943C76CE010E943C76CE010E943C762C
:102A1000CE010E943C761F5F143149F7DF91CF91C0
:102A20001F9108951092A8030895CF930F9454AB6B
:102A300010921A0580911A05843008F0ADC01092EA
:102A40001D058FE59FE00F949ABB81110DC00F9477
:102A5000FCA981110F9412158091A8038A3089F185
:102A600085EA9BE20F941AAE80916C0E882361F187
:102A700061E372E08EEE9DE50F94F7AA69E172E0E2
:102A80008EED9DE50F94F7AA8FE59FE00F949ABB1A
:102A900081110AC08091A803893031F469EB72E09A
:102AA00085E69AE40F94F7AA0F9428AB80911A0553
:102AB0008F5F80931A0580911C058F5F80931C05A2
:102AC000B9CF89EC9DE2CECF0F948405C82F83EC5B
:102AD0009DE5CC2311F082ED9DE563E972E00F9452
:102AE000CDAD88EA9DE5CC2311F087EB9DE569E645
:102AF00072E00F94CDAD8CE89DE5CC2311F08CE90C
:102B00009DE567E772E00F94CDAD80E79DE5CC23AE
:102B100011F080E89DE567ED72E00F94CDAD85E59D
:102B20009DE5CC2311F084E69DE567EE72E00F94FD
:102B3000CDAD8AE39DE5CC2311F089E49DE56BEAF8
:102B400072E00F94CDAD8EE19DE5CC2311F08EE2C5
:102B50009DE565ED72E00F94CDAD82E09DE5CC235F
:102B600011F082E19DE567EC71E00F94CDAD86EE4A
:102B70009CE5CC2311F086EF9CE563EA72E00F94AC
:102B8000CDAD8BEC9CE5CC2311F08AED9CE56FE993
:102B900071E00F94CDAD78CFCF91089589E0809307
:102BA000A8030D94151581E00E94EA530F94335148
:102BB00090918613933609F49FEF89130EC086E433
:102BC0000E94E3530F9433518F3F29F08F5C0E9492
:102BD000E35383E008958FE3FACF8F3F89F08F5C52
:102BE0000E94E3538EE30E94E35380918613833661
:102BF00049F08F3F39F08F5C0E94E35384E00895E1
:102C00008FE3EECF8FE3F8CF1F920F920FB60F92A4
:102C100011240BB60F922F933F934F935F936F93B3
:102C20007F938F939F93AF93BF93EF93FF932091E5
:102C3000D6008091280590912905E82FF0E0E55D08
:102C4000FA4F20838F5F20912705821708F080E0DC
:102C5000981317C08EEE9AE50F9483BAFF91EF9107
:102C6000BF91AF919F918F917F916F915F914F91A4
:102C70003F912F910F900BBE0F900FBE0F901F90A2
:102C8000189580932805EACF1F920F920FB60F92E6
:102C900011240BB60F928F939F93EF93FF939FB7DF
:102CA000F894E2E0F1E080818B7F80839FBFFF9109
:102CB000EF919F918F910F900BBE0F900FBE0F90D1
:102CC0001F9018951F920F920FB60F9211240BB6FA
:102CD0000F928F939F93EF93FF939FB7F894E2E047
:102CE000F1E08081846080839FBFFF91EF919F918D
:102CF0008F910F900BBE0F900FBE0F901F901895E5
:102D00006F927F928F929F92AF92BF92DF92EF92DB
:102D1000FF920F931F93CF93DF93CDB7DEB7E0976A
:102D20000FB6F894DEBF0FBECDBFD82EAE014F5FF9
:102D30005F4F60E10E94605E50E040E060E1CE01E4
:102D400001960E9493FF8EED9AE50F9483BA9E013F
:102D50002F5F3F4F590110E000E02DECE22E2AE5F5
:102D6000F22ED5018D915D011F928F931F930F93CA
:102D7000FF92EF920F945CBA0F5F1F4F0F900F906E
:102D80000F900F900F900F900031110551F70981AE
:102D900010E05E01B2E0AB0EB11CEE24E394F12C26
:102DA000EC0EFD1EE0E1EE0EF11CE0E021E0D501AD
:102DB0003D915D01622F70E0C8010F9463BC462F06
:102DC000431B361710F0432F461B832F90E04230F1
:102DD00008F047C02F5F080F191FAE14BF0439F762
:102DE000AE2EB12CA1E1B0E0AC0FBD1FAA0DBB1DF2
:102DF0002C937E01B1E2EB0EF11CAE0CBF1C622FD6
:102E000070E0C8010F9463BCD5016C9311E01E0FF4
:102E100083EC9AE50F9483BAFE0171963F01570146
:102E20008BEA882E8AE5982E8A2D8E19811770F5E7
:102E3000C5018E199F09D5013D915D01F3012191D5
:102E40003F011F923F931F922F939F938F939F92C7
:102E50008F920F945CBA0FB6F894DEBF0FBECDBF51
:102E6000E3CF4E2F50E0A1E1B0E0AC0FBD1FA40FA7
:102E7000B51FEF5F2C9321E230E02C0F3D1F420F76
:102E8000531FDA016C938C0121E0A7CFA701612FBA
:102E9000CE0141960E9493FFFE01E10FF11D80A13A
:102EA000ED2DF0E0E550FB4F80831F928F9389E971
:102EB0009AE59F938F930F945CBA0F900F900F90A9
:102EC0000F906091FB048EEF9EE0DD2021F0609179
:102ED000FC048BEF9EE00F94BEBB81E0E0960FB642
:102EE000F894DEBF0FBECDBFDF91CF911F910F9140
:102EF000FF90EF90DF90BF90AF909F908F907F906A
:102F00006F900895813049F028F0823041F083308D
:102F100041F0089581E086B9089582E0FCCF84E015
:102F2000FACF88E0F8CF8130D1F048F0823021F13B
:102F3000833079F18BE490E00197F1F708959FB722
:102F4000662341F0F89480910B01816080930B011E
:102F50009FBFF0CFF89480910B018E7FF7CF9FB782
:102F6000611105C0F89480910B018260EFCFF89455
:102F700080910B018D7FEACF9FB7662329F0F894EB
:102F800080910B018460E2CFF89480910B018B7FDC
:102F9000DDCF9FB7611105C0F89480910B0180646B
:102FA000D5CFF89480910B018F7BD0CFCF92DF9259
:102FB000EF92FF920F931F93CF93DF93182FF62E6C
:102FC000EA010CE50CBD1DBC0E94EFFF8F2D0F9494
:102FD0000A0080E00F940A0080E00F940A0080E06D
:102FE0000F940A0080E00F940A00812F0E94D4FF02
:102FF0000CBD1DBC812F0E94EFFF80E00F940A00E2
:10300000082F80E00F940A0090E0B0E0A0E0CC240C
:10301000D82EE92EFA2E80E00F940A00C82AFE2C42
:10302000ED2CDC2CCC2480E00F940A00C82AFE2C66
:10303000ED2CDC2CCC2480E00F940A00C82A812FD0
:103040000E94D4FFC882D982EA82FB82802FDF915E
:10305000CF911F910F91FF90EF90DF90CF90089547
:10306000EF92FF920F931F93CF93DF93C82FE62E1B
:10307000D22F132F042FF52E8CE58CBD1DBC8C2F69
:103080000E94EFFF8E2D0F940A008F2D0F940A00DF
:10309000802F0F940A00812F0F940A008D2F0F9418
:1030A0000A008C2FDF91CF911F910F91FF90EF902D
:1030B0000C94D4FFCF93DF9300D01F92CDB7DEB72F
:1030C00019821A821B821C82AE014F5F5F4F6AE633
:1030D0000F94D61789819A8193700F900F900F905B
:1030E0000F90DF91CF910895FF920F931F93CF938D
:1030F000DF93F82EEA01E82FF0E083E0F89E8001EC
:103100001124035A1D4FD8018C9130E0377F3F7E48
:103110003F7D3F7B40E080FB41F94370562F5F705D
:1031200050625F7B5F7781E0611101C080E080FBCE
:1031300054F9BF01660F771FFB01E558FD4F208151
:10314000922F991F9927991F81818770880F892B4A
:1031500080FB27F986958770387F382B64587D4F20
:10316000FB01808186958695869580FB37F981FBEA
:1031700040F96CEE8F2D0F943018209709F4E80178
:1031800019818A81C12F811708F4C82F181740F4BC
:1031900082E799E60E944F5B8AEE98E50E94765D91
:1031A0002C2F2F71312F3F714FE050E060E98F2DB0
:1031B000DF91CF911F910F91FF900D943018E82F60
:1031C000F0E098E0769567956115710511F09150E2
:1031D000F9CFE350FB4F908350E040E0692F0D940E
:1031E00074180F931F93CF93DF93C82F082F10E00D
:1031F000F801E350FB4F50E040E060810F947418F9
:1032000020E030E0A90161E98C2F0F943018D091B3
:103210006F06C230E1F520E030E044E051E06DEEB1
:1032200082E00F94301824EF31E040E050E0D130DC
:1032300019F420E030E0A90164E982E00F9430182D
:1032400024E831E040E050E0D13021F424E030E0E7
:1032500040E050E060E882E00F94301828EC34E061
:1032600046E050E060EF82E00F94301820EF3FEF2F
:103270004FE050E0D13019F420E030E0A90163E9DB
:1032800082E0DF91CF911F910F910D943018F801DA
:10329000EF5DFC4F208130E050E040E0A901332792
:1032A000222751606DEE8C2F0F94301820E030E013
:1032B000A901D13061F02EEA31E0C23030F024EFC4
:1032C00031E0C23011F030E020E050E040E064E94D
:1032D0008C2F0F94301820E831E040E050E0D130DE
:1032E00021F424E030E040E050E060E88C2F0F94BF
:1032F0003018000F111F000F111FF801EF5EFC4F77
:10330000208131814281538160EF8C2F0F943018DE
:1033100020E030E0A90163E98C2FB3CF1F93CF9356
:10332000DF93809143061F928F9380EA98E59F93E5
:103330008F930F945CBA8091430683700F900F9027
:103340000F900F9011F00F94BE641091430611235B
:1033500071F0D1E0C0E0812F8D2319F08C2F0F94F4
:10336000F118CF5FDD0FC330B1F710924306109212
:103370001505DF91CF911F910895DF92EF92FF9293
:103380000F931F93CF93DF9300D0CDB7DEB7D82E26
:103390001F928F938AE798E59F938F930F945CBA5F
:1033A0008D2D83700F900F900F900F9011F00F9450
:1033B000BE6410E000E0FF24F394E02E8D2D8F21F9
:1033C00009F446C0809143068F298093430620E08C
:1033D00030E0A90160E8802F0F943018F801EF5D0C
:1033E000FC4F208130E050E040E0A9013327222744
:1033F0006DEE802F0F94301882E024EF31E0081733
:1034000011F02EEA31E050E040E064E98E2D0F9497
:103410003018B801660F771F600F711F6259774A25
:1034200043E050E0CE0101960F9434B9AE014F5FF6
:103430005F4FF801E350FB4F60818E2D0F9474189D
:1034400020E831E040E050E060E88E2D0F94301825
:10345000FF0C0F5F1F4F0330110509F0AECF0F9027
:103460000F900F90DF91CF911F910F91FF90EF90F0
:10347000DF90089589E69FE00F949ABB91E0811157
:1034800001C090E090935C02089589E69FE00E945D
:10349000335A0D943A1ACF93C82FA09AA29A9FB785
:1034A000F894809108018062809308019FBF9FB7C4
:1034B000F894809108018061809308019FBF989AD9
:1034C0009A9A809107018062809307018091070199
:1034D000806180930701809107018B7F80930701B2
:1034E000809107018F7780930701809107018F7B7F
:1034F0008093070180910701877F809307019FB721
:10350000F894809108018460809308019FBF9FB761
:10351000F894809108018068809308019FBF9FB74D
:10352000F894809108018064809308019FBF9FB741
:10353000F894809108018860809308019FBF80E023
:103540000F94F11881E00F94F11882E00F94F118B4
:1035500050E040E06091000583E00F94741820E093
:1035600030E0A90161E983E00F943018C1FD1DC06E
:1035700020E831E040E050E060E883E00F9430184C
:103580006091010580E00F9432656091020581E051
:103590000F9432656091030582E00F94326560916B
:1035A000040583E0CF910D94326520E030E043E0E4
:1035B00050E06DEE83E00F94301820E030E0A90178
:1035C00064E983E00F94301824E030E040E050E0FC
:1035D00060E883E00F9430182BE234E542E050E0DD
:1035E00060EF83E00F94301823E931E040E050E0D1
:1035F00063E983E00F9430188EE498E50E94765DCD
:10360000BFCFDF92EF92FF920F931F93CF93DF9381
:103610000F9454AB10921A0580911A05843008F06B
:103620005CC010921D050F94FCA98823E9F0C1E04D
:10363000D5E007EF1EE0FE0188818E3108F4188284
:1036400021966081C8010F94BEBB01501109033F50
:103650008EE0180781F70E9435DEE894D0F880FBF1
:10366000D1F88D2D0F944B1A88E59BE20F941AAE7A
:10367000F12CE12C08EC10E02DE130E048E061E0B5
:1036800075E086E794E50F94A4AB2DE130E048E0C7
:1036900062E075E08CE694E50F94A4AB2DE130E098
:1036A00048E063E075E082E694E50F94A4AB2DE179
:1036B00030E048E064E075E088E594E50F94A4AB61
:1036C0000F9428AB80911A058F5F80931A05809123
:1036D0001C058F5F80931C059FCFDF91CF911F91B9
:1036E0000F91FF90EF90DF900895FC01208192816F
:1036F000492F50E0211102C0440F551F8181211133
:1037000001C0880F8417150631F02CF0892F211184
:1037100002C0880F089508953FB7F89480913F063E
:1037200090914006A0914106B09142062091B200CE
:10373000B89B05C02F3F19F00196A11DB11D3FBFD9
:10374000BA2FA92F982F8827BC01CD01620F711DB8
:10375000811D911D42E0660F771F881F991F4A95B2
:10376000D1F708958F929F92AF92BF92CF92DF923E
:10377000EF92FF926B017C010F948C1B4B015C015B
:10378000C114D104E104F104B9F00F948C1B681941
:1037900079098A099B09683E73408105910580F388
:1037A00021E0C21AD108E108F10888EE880E83E012
:1037B000981EA11CB11CE4CFFF90EF90DF90CF903A
:1037C000BF90AF909F908F9008950F931F93CF93CA
:1037D000DF93CDB7DEB763970FB6F894DEBF0FBEA9
:1037E000CDBF8091AA0381113AC081E08093AA03E2
:1037F0000E947A5D81EA9DE00F949ABB182F0E9487
:10380000405A8111EAC01092AC031092AB0380E1E0
:103810000E9478DD811104C01092AC031092AB03BA
:103820006091AB037091AC03072E000C880B990BD1
:103830000F9428B620917F06309180064091810632
:10384000509182060F94C1BD6093AD037093AE0397
:103850008093AF039093B00381E080938F028091B7
:103860007106909172060097F1F12091AB033091AF
:10387000AC03280F391F3093AC032093AB032136E0
:1038800040EF34070CF0B6C081E690EF9093AC03A4
:103890008093AB036091AB037091AC03072E000CD7
:1038A000880B990B0F9428B620917F0630918006E3
:1038B00040918106509182060F94C1BD6093AD0383
:1038C0007093AE038093AF039093B00362E370E014
:1038D00080E090E00F94B21B109272061092710675
:1038E00081E080938F0280918F028823B9F181EA71
:1038F0009DE00F949ABB2BE0829FC0011124BE0172
:103900006F5F7F4F875B924F0F9416AA0E942054DF
:10391000CE0101960E94E75661E080E00E94F453D8
:103920008091B0038F938091AF038F938091AE030A
:103930008F938091AD038F9384E99BE49F938F9342
:103940001F9280E28F938CE29EE59F938F930E945B
:10395000CD530FB6F894DEBF0FBECDBF8091A90343
:10396000811104C08091D703882351F181EA9DE041
:103970000F949ABB9BE0899F800111246091AB0357
:103980007091AC03C801805B924F0F94DCBB6091D7
:10399000710EC8018E5A924F0F94BEBB60919A036C
:1039A00070919B0380919C0390919D030F943ABE6C
:1039B000C8018D5A924F0F94BEBB80E10E9499CBF3
:1039C0000F94AEAE63960FB6F894DEBF0FBECDBFB8
:1039D000DF91CF911F910F9108952BE0129FC001AD
:1039E0001124805B924F0F94A8BB9093AC038093FB
:1039F000AB030DCF121613062CF41092AC031092E9
:103A0000AB0348CF2FB7F89440916D0650916E06E6
:103A1000840F951F90936E0680936D062FBF3ACF4B
:103A20006091660E7091670E8091680E9091690E9C
:103A30000F9433BE20916B0230916C02261737072A
:103A40000CF065C08091710690917206892BB9F1D6
:103A50000E94EC4B80915B0E8F5F803109F480E017
:103A600090915C0E981759F16091710670917206F1
:103A7000072E000C880B990B0F9428B69B01AC0104
:103A800060915407709155078091560790915707A0
:103A90000F94C2BC609354077093550780935607E8
:103AA00090935707109272061092710665E575E5BE
:103AB00085ED9FE30F94069781E080938F028091BC
:103AC0008F02882311F161E080E00E94F45380911D
:103AD00057078F93809156078F93809155078F9347
:103AE000809154078F938EE09EE59F938F938FEF85
:103AF0009DE59F938F930E94CD538DB79EB70896F7
:103B00000FB6F8949EBF0FBE8DBF0D94AEAE0E944F
:103B1000275445E35BE460E080E00E94085441E202
:103B20005BE462E080E00E94085460ED77E080E0B2
:103B300090E00F94B21B0E9427540D9446102FB7AB
:103B4000F89460913B0670913C0680913D069091FF
:103B50003E062FBF089520E030E040E85FEB60E0D4
:103B600070E0CB010E9419728BE699E50E94765DA8
:103B700081E08093E40380919E03813069F482E0C8
:103B800080939E030F949F1D60935206709353067B
:103B9000809354069093550682E080936A0E0D94AC
:103BA0004610FF920F931F93CF93DF93FC01F08099
:103BB000F11008C0F12C8F2DDF91CF911F910F9143
:103BC000FF9008958B01EC010F949F1D89819A81CC
:103BD000080F191F0817190740F06017710718F42C
:103BE0006817790738F71882E6CF60177107C0F7B2
:103BF000E1CFFC01208121110D94D11D81E00895B8
:103C0000CF93DF93EC010F949F1D7A83698381E04A
:103C10008883DF91CF9108951F93CF93DF9300D0D6
:103C2000CDB7DEB7182F19821B821A82CE010196FA
:103C30000F94001E8091BC0087FD0AC06AE070E00E
:103C4000CE0101960F94D11D8823A1F382E009C013
:103C50008091B900887F181759F084E98093BC00DF
:103C600081E00F900F900F90DF91CF911F910895F9
:103C700080E0F7CF1F93CF93DF9300D01F92CDB793
:103C8000DEB768EE73E084E496E00F94F91D8823B4
:103C900091F110E019821A821B821C82AE014F5FE3
:103CA0005F4F6FE6812F0F94D61789819A81AB8180
:103CB000BC81B2FF19C086ED98E50E944F5B812F51
:103CC0000E94365B0F949EB310E020E030E041E0AC
:103CD00050E06CEE812F0F9430181F5F1430A9F75D
:103CE00086ED98E50E94015E1F5F143099F684E42A
:103CF00096E00F94001E0F900F900F900F90DF91A1
:103D0000CF911F9108958F929F92AF92BF92CF92C1
:103D1000DF92EF92FF921F93CF93DF93FC0110810C
:103D200011110EC010E0812FDF91CF911F91FF90F4
:103D3000EF90DF90CF90BF90AF909F908F900895BD
:103D40006A017B01EC010F949F1D4B015C0189818D
:103D50009A81AB81BC81C80ED91EEA1EFB1EC81613
:103D6000D906EA06FB0660F08C149D04AE04BF047D
:103D700028F488169906AA06BB06A0F61882D3CFA7
:103D80008C149D04AE04BF04A0F7CCCF0F931F93F7
:103D9000CF938091E303882309F446C080914B06BA
:103DA0008F5F8E30B0F480934B0663E087E00E9413
:103DB000F4538DE00E94EA53C0E080914B06C8178F
:103DC00058F44EE263E087E08C0F0E941454CF5FFA
:103DD000F4CF10924B06E9CF8091E3038230C1F01B
:103DE00040F44AEC58E48130C1F0CF911F910F911B
:103DF0000895833081F047EA58E48430B1F763E0F6
:103E000080E00E9408541092E30310924B06EDCF1D
:103E10004CEB58E4F4CF40EB58E463E080E0CF9102
:103E20001F910F910C94085480917414882361F1B0
:103E300080917A07811128C08091D203823020F5C9
:103E400080915205811116C080918B14882309F44A
:103E500035C08BE894E120916E0E64E1820F911DD4
:103E60000E94CF5681112DC080916E0E8F5F80937E
:103E70006E0EBBCF40E25EE460E070E082E595E06C
:103E80000F94831E8111E0CF80917A0781111CC0AD
:103E9000E0917A07EA3008F0A8CFF0E08827EC5AE2
:103EA000F04E8E4F0D94AABCE3006D02E3003F017B
:103EB0006B018702E300E3003B02E30086E794E145
:103EC000CACF10926E0E91CF80915205882301F3D4
:103ED0000F949F1D00915305109154052091550595
:103EE00030915605601B710B820B930B603A7F403B
:103EF0008105910568F679CF63E080913C050E94C9
:103F0000F45380913C05C4E16C2F681B90E0835C06
:103F10009A4F0E94CF56C81BC0933C0566CF809134
:103F2000F7038B30F0F063E080E00E94F45384E10B
:103F30000E94EA5349E958E463E080E00E94085493
:103F40008AE19BE50E94DF536091F7036A50770B8B
:103F5000072E000C880B990BCF911F910F910C9499
:103F60007556833031F486E694E60E94ADEE1092E9
:103F70007A078091F7038450873008F036CF63E0EA
:103F800080E00E94F45383E10E94EA5348E858E439
:103F900063E080E00E9408548091F7038150809391
:103FA000F70323CF64E18DE395E00E94CF56209183
:103FB000490630914A06809147069091480682173B
:103FC00093070CF412CF8091F703882309F40DCFE7
:103FD00063E08AE00E94F453809148068F938091B9
:103FE00047068F9380914A068F93809149068F935D
:103FF00081E19BE59F938F930E94CD530F900F908B
:104000000F900F900F900F90F0CE63E080E00E9431
:10401000F4538091F7031F928F9385EB98E29F935F
:104020008F9383E09BE5E6CF4AE758E463E080E0C6
:104030000E9408548091F703893708F0D6CE80E0BB
:104040009BE50E94DF538091F7030E946B5580E24D
:10405000CF911F910F910C946B554BE658E4DDCE38
:10406000CF93DF93EC010F949F1D69837A838B8339
:104070009C8381E08883DF91CF910895CF92DF9276
:10408000FF920F931F93CF93DF93CDB7DEB7649763
:104090000FB6F894DEBF0FBECDBF8C01F62E61E5E2
:1040A00077E5CE0101960F9451B9B801CE01019682
:1040B0000F943DB983E00E94A7E98823E1F0BE0197
:1040C0006F5F7F4F8DE395E00F94FCC16C0182E53B
:1040D00095E00F94302083E08093D20310927A070A
:1040E0001092F703CD2839F060E0CE0101960E94CE
:1040F0008CE90F9446108AE499E60E944F5B81E0B8
:10410000F81649F060E070E0CB010F942AAF8EE41E
:1041100097E50E944F5B87E397E50E944F5BC801DC
:104120000E944F5B8BE297E50E94765D64960FB626
:10413000F894DEBF0FBECDBFDF91CF911F910F91DD
:10414000FF90DF90CF9008951F920F920FB60F92BD
:1041500011242F933F938F939F93AF93BF9380919D
:104160003B0690913C06A0913D06B0913E063091F1
:104170003A0623E0230F2D3758F50196A11DB11DF6
:1041800020933A0680933B0690933C06A0933D060D
:10419000B0933E0680913F0690914006A091410663
:1041A000B09142060196A11DB11D80933F069093E8
:1041B0004006A0934106B0934206BF91AF919F91F4
:1041C0008F913F912F910F900FBE0F901F901895D8
:1041D00026E8230F0296A11DB11DD2CF2F923F9248
:1041E0004F925F926F927F928F929F92AF92BF9207
:1041F000CF92DF92EF92FF920F931F93CF93DF93B3
:1042000000D000D01F92CDB7DEB79C838B830D8387
:1042100026013701FB0120833183428353832091A0
:10422000CA123091CB124091CC125091CD1261E75D
:104230007DE38AE89EE30F94C1BD609321137093E0
:104240002213809323139093241321E73DE34AE83C
:104250005EE3609118137091191380911A13909175
:104260001B130F9467B660932513709326138093E6
:1042700027139093281321E73DE34AE85EE360911A
:104280001C1370911D1380911E1390911F130F9496
:1042900067B66093291370932A1380932B1390931E
:1042A0002C138091D2129091D3126EE071E00F9492
:1042B00063BC6093B412E4E9F2E180E090E0A0EC2A
:1042C000BFE781939193A193B19322E1E43BF2077D
:1042D000C1F71092B5121092B6121092B712109246
:1042E000B8121092B9128093BA129093BB12A09395
:1042F000BC12B093BD12809120138E7F8093201347
:104300008BE797E09F838E83E1E0F0E0FA83E98317
:10431000312C212C812C912C540129813A818B81C3
:104320009C8128173907C8F5EE81FF8125813681E8
:1043300047815085830172016D8181850E941AC079
:10434000C090B612D090B712E090B812F090B912A7
:10435000A7019601C701B6010F94D0C0811111C009
:10436000A7019601C701B6010F9467B69B01AC0186
:10437000C501B4010F94C2BC4B015C01FFEF2F1AC1
:104380003F0A29813A812F5F3F4F3A8329838E81EB
:104390009F8105969F838E83C0CF60E070E080ECA4
:1043A0009FE72114310459F0B10190E080E00F94AF
:1043B00026B69B01AC01C501B4010F94C1BD27967F
:1043C0000FB6F894DEBF0FBECDBFDF91CF911F9126
:1043D0000F91FF90EF90DF90CF90BF90AF909F90A4
:1043E0008F907F906F905F904F903F902F900895A7
:1043F000CF93C82F0E943758C093E703C093AB04F4
:10440000CF910895CF92DF92EF92FF920F931F9377
:10441000CF93DF9382E799E60E944F5B86EF97E5A3
:104420000E94765DC4EDD2E110E000E082E7E82E64
:1044300089E6F82E92EEC92E97E5D92E88819981CA
:104440002A813B8124963F932F939F938F931F93B1
:104450000F93FF92EF92DF92CF920F945CBA0F5FAF
:104460001F4F8DB79EB70A960FB6F8949EBF0FBE2A
:104470008DBF0031110511F7809117138F93809133
:1044800016138F93809115138F93809114138F932C
:1044900080911B138F9380911A138F93809119131E
:1044A0008F93809118138F9380911F138F93809116
:1044B0001E138F9380911D138F9380911C138F93E4
:1044C00080913D021F928F93809125051F928F93BB
:1044D0008091D3128F938091D2128F938091D112B9
:1044E0008F938091D0128F938091CF128F93809170
:1044F000CE128F938091CD128F938091CC128F9397
:104500008091CB128F938091CA128F938091C912A0
:104510008F938091C8128F938091C7128F9380914F
:10452000C6128F938091C5128F938091C4128F937E
:104530008091C3128F938091C2128F938091C11288
:104540008F938091C0128F938091BF128F9380912F
:10455000BE128F93FF92EF928CE997E59F938F9312
:104560000F945CBA8DB79EB78A960FB6F8949EBF2B
:104570000FBE8DBFDF91CF911F910F91FF90EF90F4
:10458000DF90CF90089589579F4F6EE071E00F94B0
:1045900063BC6115710599F06930710510F068E030
:1045A00070E02EE031E0629FC001639F900D729F2A
:1045B000900D11249093D3128093D212089561E04C
:1045C00070E0EFCFCF93DF9320E030E0A90160915E
:1045D000BE127091BF128091C0129091C1120F94BF
:1045E0004BBF18160CF054C06091C2127091C312E8
:1045F0008091C4129091C5129B01AC010F94D0C060
:10460000811146C06091C6127091C7128091C81284
:104610009091C9129B01AC010F94D0C0811138C098
:1046200020E030E0A9016091CA127091CB12809114
:10463000CC129091CD120F944BBF18164CF560918F
:10464000CE127091CF128091D0129091D1129B0115
:10465000AC010F94D0C081111BC08091D2129091F7
:10466000D312892BA9F0C4EDD2E169917991899196
:10467000999120E030E0A9010F944BBF87FD08C05D
:1046800083E1C431D80789F781E0DF91CF910895A4
:1046900080E0FBCF0F94E222811102C01092250529
:1046A00081E080932013809139068D7F80933906B5
:1046B0000895CF931092740E1092730E1092720E92
:1046C0001092710ECFB7F8940F94D3020F9410008C
:1046D000759810927006CFBFCF9108950F9459230B
:1046E0001092E7030D9446101F93CF93DF93C82FCA
:1046F000162FD42F8091230580FD18C080915F0E66
:10470000811114C08091710E8093B205E62FF0E004
:10471000EE0FFF1FED58F14F808191819093B1050D
:104720008093B0058091E7038093AF050F945923E0
:104730008091C40482608093C4040E94375883E04F
:104740000E944559809101018860809301018FEF9B
:104750008093AB048093E7038091230580FF07C01B
:1047600080912305829586958770D817C0F4C37011
:10477000CC0FCC0F80912305837F8C2B8093230556
:104780008091230510FB84F980932305D295DD0FDA
:10479000D07E409123054F714D2B4093230580918E
:1047A0002305816080932305809123058260809397
:1047B0002305DF91CF911F91089520910906309133
:1047C0000A068091520290915302281739072CF063
:1047D00041E060E081E00D947423089520910B0680
:1047E00030910C0680915402909155022817390798
:1047F0002CF041E060E080E00D94742308952F9246
:104800003F924F925F926F927F928F929F92AF9260
:10481000BF92CF92DF92EF92FF920F931F93CF93AD
:10482000DF93CDB7DEB72C970FB6F894DEBF0FBE7F
:10483000CDBF282E49835A836B837C83280139019D
:104840003A2C0F949F1D022D10E09801220F331F68
:10485000220F331F3C872B87F901E353FA4F8080E7
:104860009180A280B380681979098A099B09613D0A
:1048700077408105910508F4EAC0332009F475C03A
:1048800088E691E09A87898780E090E0A0EAB0E42A
:104890008D839E83AF83B8870F949F1DEB85FC8526
:1048A000E353FA4F608371838283938320E030E087
:1048B000A901C701B6010F94B7BD811107C0F80166
:1048C000EE0FFF1FE753FA4F11821082AB85BC85B4
:1048D000AF53BA4F5D0129813A814B815C816D9163
:1048E0007D918D919C910F94B7BD882309F491C05F
:1048F00020E030E0A90169817A818B819C810F944D
:104900004BBFF801E154FA4F1816C4F581E08083DB
:1049100089819A81AB81BC81F50180839183A283D7
:10492000B383EB85FC85E954FA4F40825182628261
:104930007382F801EB54FA4F1082A3019201BC017B
:10494000CD010F944BBF18161CF5F801EB54FA4F2C
:1049500080818F5F80833110C7C08930C8F0812C7F
:10496000912CA12C50E4B52EE8C0ADE2B0E0BA879E
:10497000A98780E090E0A0E7B1E48ACF1082898126
:104980009A81AB81BC81F50180839183A283B3833B
:104990002D813E814F81588569817A818B819C81EF
:1049A0000F94C1BCA30192010F94B7BD87FF46C00D
:1049B000F801E154FA4F8081813049F482E080832C
:1049C000F801EE0FFF1FE753FA4F1182108220E02B
:1049D00030E0A901C701B6010F944BBF1816BCF512
:1049E00029813A814B815C816D817E818F8198859F
:1049F0000F94C2BCA30192010F944BBF18160CF088
:104A00003FC0000F111FF801E753FA4F11821082C7
:104A10001EC0A301920169817A818B819C810F94D0
:104A20004BBF18160CF0B4CFF801E154FA4F808157
:104A3000813009F0ADCF89CF108297C020E030E0FF
:104A4000A901C701B6010F944BBF1816CCF02C96E4
:104A50000FB6F894DEBF0FBECDBFDF91CF911F918F
:104A60000F91FF90EF90DF90CF90BF90AF909F900D
:104A70008F907F906F905F904F903F902F90089510
:104A8000F801E154FA4F8081823008F3000F111FC2
:104A9000F801E753FA4F80819181019691838083D9
:104AA000880F991FE985FA85E817F90780F643E032
:104AB000622D832D2C960FB6F894DEBF0FBECDBFAE
:104AC000DF91CF911F910F91FF90EF90DF90CF90EA
:104AD000BF90AF909F908F907F906F905F904F901E
:104AE0003F902F900D947423813108F451CF20E032
:104AF00030E044EB52E4C301B2010F944BBF812C70
:104B0000912CE0E4AE2EBA2C18162CF4812C912CAA
:104B1000A12C70E4B72E20E030E042ED52E4C30156
:104B2000B2010F944BBF181644F46AE9862E69E966
:104B3000962E69E1A62E6FE3B62EEB85FC85E9542F
:104B4000FA4F2081318142815381C301B2010F9418
:104B5000C1BCA50194010F94B7BDF801ED54FA4F03
:104B600087FF6ACF80818F5F8083808190E03110E2
:104B700004C006974CF080E003C004972CF081E05D
:104B800042E0622D0F9474232B853C8529543A4FC3
:104B9000D9014D925D926D927C921397F801EB547E
:104BA000FA4F1082F5CEFC019FB7F89480818823DC
:104BB00029F0809173008260809373009FBF0895F5
:104BC000DC012FB7F894E3E7F0E0908196959170BF
:104BD0009C9380818D7F80832FBF0895CF93DF9337
:104BE0001F92CDB7DEB7CE0101960F94E02580E08D
:104BF00090E0A0E2B2E48093BE129093BF12A09323
:104C0000C012B093C11284E390E8A7EBBAEB809393
:104C1000C2129093C312A093C412B093C51286E639
:104C200096E6A6E8BFE38093C6129093C712A093BE
:104C3000C812B093C9128CEE91E5ACE0B1E4809358
:104C4000CA129093CB12A093CC12B093CD128AE9E2
:104C500099E9A9E1BEE38093CE129093CF12A0937D
:104C6000D012B093D1128EE091E09093D312809342
:104C7000D2128EE098E5A4EDB2E1FC014591559188
:104C8000659174914D935D936D937D93049623E1AB
:104C9000A431B20791F780E090E0A0EEB0EC8093F1
:104CA000141390931513A0931613B09317138AE956
:104CB00099E9A9E5BFE38093181390931913A09382
:104CC0001A13B0931B1384EA90E7ADE9BFE3809316
:104CD0001C1390931D13A0931E13B0931F1381E018
:104CE00080933D028093250580932013809139069F
:104CF0008D7F80933906CE0101960F94D3250F90B6
:104D0000DF91CF9108951F93CF93DF931F92CDB77B
:104D1000DEB7182FCE0101960F94E02510932505DC
:104D20000F944A23CE0101960F94D325112341F00D
:104D300080912505811104C086E797E50E94765D84
:104D40000F90DF91CF911F9108951F93CF93DF9321
:104D50001F92CDB7DEB7182FCE0101960F94E02534
:104D60001093250581E080932013E9E3F6E080812C
:104D70008D7F8083CE0101960F94D3250F90DF9114
:104D8000CF911F910895CF93DF931F92CDB7DEB7D8
:104D9000CE0101960F94E02580911F05909120058A
:104DA000A0912105B09122058093660E9093670E25
:104DB000A093680EB093690E8091190690911A061F
:104DC000A0911B06B0911C068093F6049093F70403
:104DD000A093F804B093F90480910306909104061F
:104DE000A0910506B091060680939A0390939B03C9
:104DF000A0939C03B0939D0380912006909121067F
:104E0000A0912206B09123068093560690935706F0
:104E1000A0935806B093590680912305811102C0D2
:104E20000F94D30210920206CE0101960F94D3255F
:104E30000F90DF91CF9108951F920F920FB60F92AE
:104E400011240BB60F92FF920F931F932F933F9352
:104E50004F935F936F937F938F939F93AF93BF9382
:104E6000CF93DF93EF93FF93809170008B7F8093BC
:104E7000700078948091000186FDC8C068EC70E0F5
:104E800083EE95E00F94F91D8823B9F083EE95E049
:104E90000F94001E8EED95E00F9430208091DD057B
:104EA0008111A5C08091DC058111A1C089ED95E03B
:104EB0000F94001E81E08093DD058091030182FB49
:104EC000882780F991E089279091030191FF826002
:104ED000E091D605E817E1F024E0E29FF00111240B
:104EE000E82BE95AF84AE4919091D505E90FE0934F
:104EF000D5050E2E000CFF0BF7FF03C0F195E195D1
:104F0000F10934971CF091E09093D7058093D60572
:104F100080917A02811108C080911E058093E80576
:104F2000882309F487C0759A80917A028F70A9F45A
:104F30008091AB0490E024E0959587952A95E1F760
:104F40008093AA04892B09F477C09FB7F8948091C5
:104F500002018860809302019FBF9091E8058091D3
:104F60007A02981708F4759880917A028F70909160
:104F7000AA04981740F49FB7F89480910201877FA4
:104F8000809302019FBF80917A028F5F8F77809319
:104F90007A0210E000E0E801CC0FDD1FC759D94FBD
:104FA00088819981181619060CF04CC0FFB6F89448
:104FB00061E0802F0F94E4028881998101979983A1
:104FC0008883FFBE0F5F1F4F0330110521F78091CB
:104FD000421890914318A0914418B0914518823A14
:104FE000924AA105B105D9F181E00E94814C68EE99
:104FF00073E089ED95E00F94D11D882309F45DCF0E
:1050000081E08093DC058093D80557CF8091DD0542
:10501000882309F452CF1092DD058091DC058111BF
:1050200003C081E08093A90381E08093D7051092AB
:10503000DC0543CF759878CF9FB7F8948091020133
:10504000877F88CF892B09F4BDCFFFB6F89460E045
:10505000802F0F94E402888199810196B0CF9CB192
:105060008091E60596FB992790F9981791F0909119
:105070003B05992351F02091C0043091C1042F5F6A
:105080003F4F3093C1042093C00491E0892780935F
:10509000E605F89480917000846080937000FF9121
:1050A000EF91DF91CF91BF91AF919F918F917F91C0
:1050B0006F915F914F913F912F911F910F91FF90B1
:1050C0000F900BBE0F900FBE0F901F9018954F9230
:1050D0005F926F927F92AF92BF92CF92DF92EF92E8
:1050E000FF920F931F93CF93DF9324E030E041E0D2
:1050F00050E0D901A751BA4AFD0165917491861714
:1051000097070CF066C041505109440F551F440FDA
:10511000551FEA01C551DA4AFE0105911491475124
:105120005A4AFA0165917491F901E551FA4AE590FC
:10513000F490FE01C590D490FD01C591D491FA017F
:10514000A590B490861B970BBC01990F880B990B07
:105150000F9428B62B013C01B7016C197D09072E6D
:10516000000C880B990B0F9428B69B01AC01C3016E
:10517000B2010F9467B66B017C01BE016A197B090D
:10518000072E000C880B990B0F9428B69B01AC01DD
:10519000C701B6010F94C1BD6B017C01B801110FAD
:1051A000880B990B0F9428B69B01AC01C701B6017F
:1051B0000F94C2BCDF91CF911F910F91FF90EF90A0
:1051C000DF90CF90BF90AF907F906F905F904F90A7
:1051D00008954F5F5F4F2C5F3F4F2838310509F02E
:1051E00088CFEFE6F6E565917491072E000C880BE9
:1051F000990B0F9428B6DECF4F925F926F927F92F9
:10520000AF92BF92CF92DF92EF92FF920F931F93D4
:10521000CF93DF9324E030E041E050E0D901AB5080
:10522000BB4AFD0165917491861797070CF080C009
:1052300041505109440F551F440F551F8A01095011
:105240001B4AF801C590D4904B505B4AFA01659116
:105250007491F901E950FB4AC591D491F801059187
:105260001491FD01E590F490FA01A590B490861B8D
:10527000970BBC01990F880B990B0F9428B62B0143
:105280003C01BE01601B710B072E000C880B990BB3
:105290000F9428B69B01AC01C301B2010F9467B60D
:1052A0002B013C01B7016A197B09072E000C880B02
:1052B000990B0F9428B69B01AC01C301B2010F9466
:1052C000C1BD2B013C01B601DD0C880B990B0F947D
:1052D00028B69B01AC01C301B2010F94C2BC6B01A3
:1052E0007C0120E030E040E252E4C701B6010F94B7
:1052F0004BBF87FD30C020E030E048E452E4C701F6
:10530000B6010F94B7BD181634F120E030E040E24A
:1053100052E4C701B6010F94C1BC20E030E040E088
:105320005FE30F9467B69B01AC01C701B60143C0B0
:105330004F5F5F4F2C5F3F4F243F310509F06ECF29
:10534000E7EEF5E565917491072E000C880B990B3B
:105350000F9428B6C4CF20E030E048E452E4C701FF
:10536000B6010F944BBF1816DCF520E030E048EC96
:1053700052E4C701B6010F94B7BD18168CF120E0B6
:1053800030E040EA50E4C701B6010F94C2BC2B01E3
:105390003C0120E030E048E452E4C701B6010F943C
:1053A000C1BC2DEC3CEC4CEC5DE30F9467B69B016B
:1053B000AC01C301B2010F94C2BC6B017C01C701F7
:1053C000B601DF91CF911F910F91FF90EF90DF9089
:1053D000CF90BF90AF907F906F905F904F90089567
:1053E00020E030E048EC52E4C701B6010F944BBF17
:1053F00018162CF720E030E040E251E496CF4F92AF
:105400005F926F927F92AF92CF92DF92EF92FF9274
:105410000F931F93CF93DF9380910B0690910C060F
:105420000E94F6BE60931F057093200580932105AE
:10543000909322056090090670900A06C3010F94AC
:10544000FC286B017C01C0921906D0921A06E092EA
:105450001B06F0921C0680910706909108060F9497
:10546000FC286093030670930406809305069093CE
:105470000606C0911506D0911606CE010F94672836
:105480006093200670932106809322069093230652
:1054900081E080930206809123058D7F8093230510
:1054A00020910B0630910C068091A6049091A704E0
:1054B000821793072CF040E060E080E00F947423A3
:1054C0008091A4049091A504861597052CF040E0E6
:1054D00060E081E00F9474238091A2049091A30472
:1054E0008C179D072CF040E060E082E00F9474235D
:1054F0008091500290915102C817D9072CF041E0D9
:1055000060E082E00F947423C13ADE430CF4CDC115
:105510006091A8047091A90480911E0690911F06C5
:10552000681779070CF055C0C0911406C11118C056
:105530006B5F7F4F072E000C880B990B0F9428B6DA
:105540009B01AC01C1E060911F0570912005809125
:105550002105909122050F944BBF18160CF0C0E066
:10556000C093140668E97AE381E196E00F94F91D8F
:10557000811102C0CC2329F081E0809314060F949E
:10558000EE2380911706909118060B974CF1C0916D
:105590001006C1110CC0C1E020E030E040E751E44A
:1055A000C701B6010F944BBF18160CF0C0E0C093B2
:1055B000100660E573EC8DE096E00F94F91D811103
:1055C00002C0CC2399F081E0809310060F94DD2374
:1055D0000DC081E196E00F94001E10921406D1CF09
:1055E0008DE096E00F94001E1092100660911E054B
:1055F00070E090E080E00F9426B66B017C01409053
:105600001F05509020056090210570902205609143
:105610001E0670911F06072E000C880B990B0F9425
:1056200028B6AB01BC01A12C9301820181E00F944B
:10563000FF2360911D0670E090E080E00F9426B695
:105640006B017C014090190650901A0660901B0671
:1056500070901C066091170670911806072E000CBA
:10566000880B990B0F9428B6AB01BC01AA24A39414
:105670009301820180E00F94FF2380912505882308
:1056800009F4BCC0C0911E05D091AA0440901F052A
:10569000509020056090210570902205C090200652
:1056A000D0902106E0902206F090230680912013EE
:1056B00080FF72C02091CA123091CB124091CC125F
:1056C0005091CD1261E77DE38AE89EE30F94C1BD5E
:1056D00060932113709322138093231390932413C8
:1056E00021E73DE34AE85EE36091181370911913D6
:1056F00080911A1390911B130F9467B66093251332
:1057000070932613809327139093281321E73DE38A
:105710004AE85EE360911C1370911D1380911E1383
:1057200090911F130F9467B66093291370932A13F7
:1057300080932B1390932C138091D2129091D312BB
:105740006EE071E00F9463BC6093B412E4E9F2E19F
:1057500084EB92E140E050E060EC7FE741935193AD
:10576000619371938E179F07C9F71092B51210922B
:10577000B6121092B7121092B8121092B91240934A
:10578000BA125093BB126093BC127093BD128091F9
:1057900020138E7F8093201387017601A30192014D
:1057A0006D2F8C2F0E941AC08091201381FF05C09D
:1057B00044E060E080E00F94742390912013809186
:1057C000390692FB81F9809339068091390681FF71
:1057D00015C0809139068160809339068091B61298
:1057E0009091B712A091B812B091B912809335067A
:1057F00090933606A0933706B0933806809134060E
:10580000882309F43FC00F949F1DC0902406D090B8
:105810002506E0902606F0902706609324067093F4
:1058200025068093260690932706209129062F5F50
:10583000209329066C196E506093280680911E05EE
:1058400080932A0680911F0590912005A091210543
:10585000B091220580932B0690932C06A0932D06E1
:10586000B0932E068091200690912106A0912206E9
:10587000B091230680932F0690933006A0933106B3
:10588000B093320680913E02882391F0DF91CF9150
:105890001F910F91FF90EF90DF90CF90AF907F908E
:1058A0006F905F904F900D9410000F94EE238ECE6A
:1058B000DF91CF911F910F91FF90EF90DF90CF90EC
:1058C000AF907F906F905F904F9008951F920F92CE
:1058D0000FB60F9211240BB60F922F933F934F9355
:1058E0005F936F937F938F939F93AF93BF93EF9348
:1058F000FF9380912405882391F0109224050E9443
:105900003977809173008D7F8093730078940F9422
:10591000FF29F89480917300826080937300FF9157
:10592000EF91BF91AF919F918F917F916F915F9117
:105930004F913F912F910F900BBE0F900FBE0F9084
:105940001F9018956F927F928F929F92AF92BF9205
:10595000CF92DF92EF92FF920F931F93CF93DF933B
:105960001F92CDB7DEB7A89580910206882309F46F
:10597000B9C00F94C3268091390680FF4FC01091A3
:10598000181300911913B0901A13A0901B13CE0195
:1059900001960F94E025C0903506D0903606E09031
:1059A0003706F0903806CE0101960F94D325AF92BA
:1059B000BF920F931F9321E73DE34AE85EE3C701DF
:1059C000B6010F94C1BD9F938F937F936F9382EE27
:1059D00094E59F938F930F945CBA909139060FB61C
:1059E000F894DEBF0FBECDBF80913D0291FF91C004
:1059F00090917902992309F485C0882369F061E0C8
:105A00008BE598E40E94BDE99FB7F894809102016C
:105A10008460809302019FBF1092790280912305D8
:105A2000882389F08091230582958695877084303C
:105A300008F082C0823008F025C1882309F4F9C03B
:105A4000813009F494C00E94B069809134068823A3
:105A500009F448C08091290670903306871509F42F
:105A600041C0CE0101960F94E025009128061091C7
:105A7000290660902A06C0902B06D0902C06E09054
:105A80002D06F0902E0680902F0690903006A09064
:105A90003106B0903206CE0101960F94D3251093B3
:105AA0003306BF92AF929F928F92FF92EF92DF9256
:105AB000CF921F926F92802F000F990B01969F93A8
:105AC0008F93812F87198150990B9F938F938EED20
:105AD00097E49F938F930F945CBA0FB6F894DEBF50
:105AE0000FBECDBF0F90DF91CF911F910F91FF900F
:105AF000EF90DF90CF90BF90AF909F908F907F906E
:105B00006F900895882309F489CF84E08093000181
:105B100085CF909139069E7F90933906882341F076
:105B20009FB7F894809102018B7F809302019FBF01
:105B300081E08093790272CF843009F084CF809124
:105B4000230581FFBCC080911905811104C086E442
:105B500098E40E94765D81E00E94A75D9FB7F8946B
:105B6000809102018460809302019FBF6CCF80917D
:105B700023058695869583708130F1F158F0823047
:105B800009F061CF80911905811117C061E088E0AB
:105B900098E43DC08091230581FF13C060912305E7
:105BA0006295617080911905811107C084EF97E4B7
:105BB0000F943E208CE50F94A1B380E00E94A75D76
:105BC00042CF6091A8047091A9046B5F7F4F072EAC
:105BD000000C880B990B0F9428B68B019C01409107
:105BE000660E5091670E6091680E7091690E85E7A0
:105BF00092E00F94BA1027CF8091230581FF0AC04D
:105C0000809119058111D9CF61E08CEF97E40F9451
:105C10003E20D3CF4091F6045091F7046091F804F0
:105C20007091F90400E010E020E731E481E792E0B0
:105C3000E0CF809123058695869583708130D1F0E1
:105C400058F0823009F0FFCE809119058111B5CF4F
:105C500061E088E298E4DBCF609123056295617092
:105C6000809119058111A9CF84E198E40F943E2019
:105C70008DE5A1CF8091190581119FCF61E08CE165
:105C800098E4C5CF809123058695869583708230F0
:105C900008F0D9CE809123058695869583709091E2
:105CA000230592959695977061E0813009F060E048
:105CB00081E0923009F080E00F94F310C4CE10928E
:105CC00023059FB7F894809102018B7F8093020196
:105CD0009FBF8091710E9091720E892B39F4809143
:105CE000B20590E09093720E8093710E84E398E475
:105CF0000E94765DA8CE4F925F926F927F928F92B4
:105D00009F92AF92BF92CF92DF92EF92FF926C017F
:105D10000F949F1D28EE33E040E050E00F940DBC3F
:105D200029013A010E94395784E080939702F12CAF
:105D3000E12C0F94A22C81E00E9491730F949F1D7F
:105D400028EE33E040E050E00F940DBC49015A01C9
:105D500084189508A608B7080E943E57811107C00D
:105D6000C814D904EA04FB0420F781E007C081E0ED
:105D7000C814D904EA04FB0408F080E092E0909390
:105D8000970291E08927FF90EF90DF90CF90BF902E
:105D9000AF909F908F907F906F905F904F900895FD
:105DA0000F94A22C0E9451690E94535D0E94B06919
:105DB00080E00C94BB536091730E7091740E65502B
:105DC0007109072E000C880B990B0F9428B69B01C4
:105DD000AC016091660E7091670E8091680E909193
:105DE000690E0F94B7BD87FF07C08091230581110D
:105DF00003C00F94D02EDFCF0895CF92DF92EF92A1
:105E0000FF927C010F949F1D9B01AC012E0D3F1D45
:105E1000411D511D69017A010F949F1D6C157D056F
:105E20008E059F0538F480912305811103C00F94DE
:105E3000D02EF2CFFF90EF90DF90CF900895209179
:105E4000DF063091E0064091E1065091E20660E005
:105E500070E08FE793E40F94C1BD6093B404709336
:105E6000B5048093B6049093B7042091EB0630916B
:105E7000EC064091ED065091EE0660E070E08FE791
:105E800093E40F94C1BD6093AC047093AD04809310
:105E9000AE049093AF0408952F923F924F925F9279
:105EA0006F927F928F929F92AF92BF92CF92DF922A
:105EB000EF92FF920F931F93CF93DF93CDB7DEB78F
:105EC000E0970FB6F894DEBF0FBECDBF6A877B8721
:105ED0008C879D871A013AA729A70F9459231092FE
:105EE0003E0229A53AA53093480620934706109212
:105EF0004A06109249060F949F1D6E837F83888700
:105F0000998737FEFFC03DE23F8F0F949F1D6CA322
:105F10007DA38EA39FA384EB97E4121413040CF4C7
:105F20008AC281EA97E40E94765D6A857B858C85CA
:105F30009D850F9433BE2FE72114310409F4E5C089
:105F400020931D067093720E6093710E8E819F8157
:105F5000A885B9858E879F87A88BB98B88A399A3BD
:105F6000AAA3BBA31A8A90E49B8BACE1AC8BB6E4EA
:105F7000BD8B1E8A1F8A188E198E6FE7C62ED12CF4
:105F8000E12CF12C00E010E018AA1FA61D822FE7DB
:105F900030E040E050E029833A834B835C831B8EE2
:105FA0001C8E1D8E1E8E31E03A8FA8954091020600
:105FB00048A7442309F42CC20F94C32621143104AA
:105FC00009F0AAC00091660E1091670E5091680EFC
:105FD00058AB8091690E8FA72E893F89488D598DC6
:105FE000B80188A99FA50F94B7BD87FD06C00E8B89
:105FF0001F8BB8A9B88F2FA5298F2A893B894C8977
:106000005D89B80188A99FA50F944BBF181634F07D
:106010000A8B1B8B38A93C8B4FA54D8B0F949F1D72
:106020002CA13DA14EA15FA1621B730B840B950BAC
:10603000653C79408105910540F00E94A6590F9476
:106040009F1D6CA37DA38EA39FA34A8D442309F4B7
:106050004CC02A853B854C855D85B80188A99FA5E4
:106060000F944BBF18160CF0D3C10F949F1D2E85B3
:106070003F8548895989621B730B840B950B6938DE
:1060800073418105910508F4C3C1D701C601298177
:106090003A814B815C81821B930BA40BB50BB595A8
:1060A000A795979587952114310409F440C08093F2
:1060B0001D060F949F1D6E837F8388879987DC015F
:1060C000CB012E853F8548895989821B930BA40BF0
:1060D000B50B8B8F9C8FAD8FBE8F3A853E8B4B85DA
:1060E0004F8B5C85588F8D85898F2A853B854C85A4
:1060F0005D85B80188A99FA50F94B7BD87FD1AC01B
:106100001A8E86C14AE04F8F00CF20931E057093F0
:10611000740E6093730E1ACF0091F6041091F70479
:106120009091F80498ABA091F904AFA755CF809354
:106130001E05BFCF0F949F1D2E813F814885598535
:10614000621B730B840B950B6938734181059105B4
:10615000B8F20F949F1D6E877F87888B998B8091F3
:10616000490690914A06181619060CF02CC18E8526
:106170009F85A889B9892E813F8148855985821BD1
:10618000930BA40BB50B4B8C5C8C6D8C7E8C480EEA
:10619000591E6A1E7B1E2B8D3C8D4D8D5E8D281BDE
:1061A000390B4A0B5B0B69817A818B819C810F943F
:1061B000FDBBA30192010F948BBCDA01C9018C0DC8
:1061C0009D1DAE1DBF1D84319105A105B1050CF4C7
:1061D0003CC16C017D013CEEC316D104E104F10425
:1061E0002CF04BEEC42ED12CE12CF12C80389105F3
:1061F000A105B1050CF437C18EEF90E0A0E0B0E04E
:106200008C199D09AE09BF0989839A83AB83BC832E
:1062100089E997E40E944F5BC701B6010F942AAF4A
:1062200084E997E40E944F5B69817A818B819C812C
:106230000F942AAF8DE897E40E944F5B42E06A8991
:106240007B898C899D890F94EBB286E897E40E9444
:106250004F5B6E897F89888D998D0F942E51809127
:10626000490690914A0603970CF4ADC069817A8182
:106270008B819C810F9428B620E030E040E850E408
:106280000F9467B64B015C012A893B894C895D8973
:106290006E897F89888D998D0F94C1BC20ED3FE078
:1062A00049E450E40F9467B620E030E040E05FE35B
:1062B0000F9467B69B01AC01C501B4010F94C1BD39
:1062C0004B015C01C301B2010F9428B620E030E01D
:1062D0004AE754E40F94C1BD2B013C0180E897E4E8
:1062E0000E944F5B42E0C501B4010F94EBB28AE714
:1062F00097E40E944F5BC301B2010F942E512AE92B
:1063000039E949E15FE3C501B4010F9467B64B0178
:106310005C018092F3039092F403A092F503B09293
:10632000F603AC019B010F94C2BCA30192010F9430
:10633000C1BD6093EF037093F0038093F1039093DA
:10634000F203A3019201C501B4010F9467B620E0E6
:1063500030E040E05EE30F9467B66093EB03709328
:10636000EC038093ED039093EE038CE697E40E9498
:10637000765D86E697E40E944F5B6091F30370912F
:10638000F4038091F5039091F6030F942E5180E66B
:1063900097E40E944F5B6091EF037091F00380914E
:1063A000F1039091F2030F942E518AE597E40E9435
:1063B0004F5B6091EB037091EC038091ED03909142
:1063C000EE030F942E5189819A81AB81BC818C0D93
:1063D0009D1DAE1DBF1DB595A79597958795211459
:1063E000310409F445C080931D06809149069091BF
:1063F0004A06019690934A06809349063A853A8B5D
:106400004B854B8B5C855C8B8D858D8B98A59A8F8E
:1064100020E030E040EA51E46A857B858C859D85EB
:106420000F94C2BC980148A95FA50F94B7BD87FF20
:1064300022C080E397E40E94765D81E080933E0273
:1064400010924A061092490698C034E1C32ED12C0E
:10645000E12CF12C24E130E040E050E029833A8344
:106460004B835C83D5CEC982DA82EB82FC82D0CEAC
:1064700080931E05BACF0F949F1D28A139A14AA170
:106480005BA1621B730B840B950B613D774081050B
:10649000910558F1A0901D06B12C8DE297E42114CE
:1064A000310429F4A0901E05B12C8AE297E40E94E1
:1064B0004F5B42E0B80188A99FA50F94EBB286E23A
:1064C00097E40E944F5BC5010F94C1524D81442354
:1064D00009F46CC05F8D451770F54F5F4D830F94C5
:1064E0009F1D68A379A38AA39BA30F949F1D4B01B3
:1064F0005C010F949F1D4E805F80688479842E8597
:106500003F8548895989420E531E641E751E8418A2
:106510009508A608B708860E971EA81EB91E31E872
:1065200083163FE4930632E1A306B10408F447C0A2
:1065300089E097E480CF8D819F8D8913D0CF8F5FC5
:106540008D832BA53CA54DA55EA5B80188A99FA567
:106550000F94C1BC9F7720E030E040EA50E40F94F4
:10656000B7BD87FFBCCF632D661F6627661F80E01F
:106570000F94F31081E080933E02E0960FB6F894FA
:10658000DEBF0FBECDBFDF91CF911F910F91FF9066
:10659000EF90DF90CF90BF90AF909F908F907F90C3
:1065A0006F905F904F903F902F9008950BA71CA77E
:1065B000A8A9ADA7BFA5BEA721E02D8390CF80914C
:1065C000490690914A0649A55AA5481759071CF44F
:1065D0008DEA96E430CF80E00E94BB53E6CC0F9367
:1065E0001F9380919E03813019F50F949F1D009198
:1065F000AB051091AC052091AD053091AE05601B47
:10660000710B820B930B28EE33E040E050E00F94C7
:106610000DBC6091A7057091A8058091A905909186
:10662000AA05620F731F841F951F1F910F91089574
:1066300060915206709153068091540690915506D0
:10664000D6CF8F929F92AF92BF92CF92DF92EF926E
:10665000FF920F931F93CF93DF931092DC030E945E
:10666000B94C882309F462C0609165067091660692
:1066700080916706909168060F9426B620E030E579
:1066800043EC57E40F94C1BDEB01182F092F0F9471
:10669000EF326B017C010E9420548CE3882E912CF8
:1066A000A12CB12CC701B601A50194010F940DBC1A
:1066B0007F936F93CA01B901A50194010F940DBC9A
:1066C0007F936F93C701B60120E13EE040E050E0C8
:1066D0000F940DBC5F934F933F932F9388EE9AE4F2
:1066E0009F938F930F931F93DF93CF9383EF9AE43E
:1066F0009F938F938AEC99E59F938F930E94CD533C
:106700008DB79EB742960FB6F8949EBF0FBE8DBF51
:10671000DF91CF911F910F91FF90EF90DF90CF907D
:10672000BF90AF909F908F900D94AEAE81EF9FE0A1
:106730000F94A2BB4B015C018DEE9FE00F94A2BBB6
:106740006B017C010E942054C701B6012CE330E0AC
:1067500040E050E00F940DBC7F936F93CA01B901E4
:1067600028E130E040E050E00F940DBC7F936F9340
:10677000C701B60120EA35E040E050E00F940DBCBF
:106780005F934F933F932F9381E09BE49F938F936D
:10679000C501B4010F9426B620E030E048EC52E485
:1067A0000F94C1BD9F938F937F936F9382E19BE47E
:1067B0009F938F938EEE99E59F938F930E94CD5375
:1067C0008DB79EB742960FB6F8949EBF0FBE8DBF91
:1067D0009FCFCF92DF92EF92FF920F931F93CF93B1
:1067E000DF9300D000D01F921F92CDB7DEB780910B
:1067F0007106909172060097E1F120913902309173
:106800003A02243631054CF4AC01420F531F453691
:1068100051056CF4820F931F0CC02436310509F426
:1068200055C0AC01420F531F443651059CF784E616
:1068300090E090933A0280933902809139029091CE
:106840003A0282179307A9F0883E53E0950714F0A7
:1068500087EE93E08A30910514F48AE090E09093FB
:106860003A028093390210927206109271060E94C9
:106870000C4A80918F02811110925106109151069D
:10688000112391F12FEF210F209351068091D30313
:1068900081110DC00E943E57882349F01092F803E1
:1068A00060E089E299EC0F94C1AC0E94685528968B
:1068B0000FB6F894DEBF0FBECDBFDF91CF911F9111
:1068C0000F91FF90EF90DF90CF9008958B3091055E
:1068D0001CF0865A9F4FADCF863F4FEF94070CF0C8
:1068E000ACCF82599F4FA5CF6AE06093510680914B
:1068F00050068F5F809350068E3109F09FC0109232
:1069000050060E94685510923C050E94A9530E94AF
:1069100020546091730E7091740E072E000C880B3A
:10692000990B0F9428B620E030E040E05FE30F942D
:10693000C2BC0F9433BE6B0120E030E040E05FE367
:106940006091660E7091670E8091680E9091690E4D
:106950000F94C2BC0F9433BEA60182E80F944D0D74
:1069600083E00E94EA5380917A07813009F06EC07B
:1069700083E299E50E94DF5361E080E00E94F453D6
:106980006091710E7091720E072E000C880B990B9E
:106990000F9428B620E030E040E05FE30F94C2BCE3
:1069A0000F9433BE6B0120E030E040E05FE3609184
:1069B000F6047091F7048091F8049091F9040F9413
:1069C000C2BC0F9433BEA60180E80F944D0D83E046
:1069D0000E94EA5380913A028F93809139028F93FB
:1069E0008CE299E59F938F930E94CD5398E0981B7A
:1069F000892F0E94EA5362E080E00E94F4530F90D6
:106A00000F900F900F9080911605E09074148111F3
:106A10003EC02FE3C22E29E5D22EE1103CC083E414
:106A2000C82E89E5D82E0E940A4DF82E8823D9F168
:106A3000809184028F3F89F5F12C35C00F9455BCAD
:106A4000911163CF80E00E9427555DCF8091470769
:106A50008823D9F080E21F928F93809153078F9300
:106A6000809152078F93809151078F9380915007A7
:106A70008F938AE199E59F938F930E94CD530FB630
:106A8000F894DEBF0FBECDBF77CF8FE3E4CF97E49E
:106A9000C92E99E5D92EEE2031F28091E303FF242F
:106AA000F394882399F181EA9DE00F949ABB082F13
:106AB0000E944E5A87FD2AC0081741F19BE0090247
:106AC000B0011124675B724F47E050E08E010F5F09
:106AD0001F4FC8010F948ABB18861F930F9382E241
:106AE0009BE59F938F930E94CD530F900F900F9033
:106AF0000F9080919E13813009F062C00F94D315DE
:106B000095E0981B892F0E94EA5367C0E11004C0EA
:106B100080919F0381114AC0DF92CF928EE19BE565
:106B20009F938F930E94CD530F900F900F900F90D3
:106B30008091A503811104C0809184028536F0F113
:106B4000809183028536D0F180910717882319F14F
:106B50008091811790918217A0918317B09184172B
:106B60000097A105B105B9F0BC01CD016D597F4F6A
:106B70008F4F9F4F24E630E040E050E00F940DBC73
:106B8000609188177091891780918A1790918B175F
:106B90000F940DBC122F212F30E089E399E5F110FD
:106BA00002C083E399E53F932F939BCF81E00E943E
:106BB000EA538CE496E00E94E756BACF182FEBCF49
:106BC00080916C0E882309F4ACC08BE499E59F9307
:106BD0008F930E94CD530F900F900E940A4D8823EF
:106BE00009F4BCC08091A503882309F49CC0C0901F
:106BF0008B02D0908C02E0908902F0908A02809102
:106C00004F068A3011F410924F0680914F068F5F25
:106C100080934F062FEFE216F20621F0970113E45E
:106C2000863070F43FEFC316D30609F085C00F9489
:106C3000EF322CE330E040E050E00F940DBC10E266
:106C40004091390250913A024436510509F477C017
:106C5000C216D30621F0E216F30609F070C0A4E6CE
:106C6000B0E00F943ABC9A01550F440B550B0F94AA
:106C70000DBC4FE3E42E042E000CFF08E12F012E83
:106C8000000CFF0BC9016CE370E00F9463BC20376C
:106C9000374108F056C0FF924F93FF931F939F9385
:106CA0008F937F936F938CE599E59F938F930E94C9
:106CB000CD530FB6F894DEBF0FBECDBF98E0981B42
:106CC000892F0E94EA5363E080E00E94F4530F94FE
:106CD000C61E80916C0E8823C1F080918D02815078
:106CE00009F45CC080938D0280918D02853009F497
:106CF0005CC0883051F485E10F94A1B38091A80362
:106D0000882319F086E10F94A1B380916A0E88233D
:106D100009F4BCCD8091620E8111B8CD0E94BEEE07
:106D2000B5CD85E0F0CEC0908702D0908802E0908B
:106D30008502F090860263CF960112E581CF40E292
:106D400099CFFF924F93FF931F937F936F9381E5AA
:106D500099E59F938F930E94CD53ABCF85EA9DE039
:106D60000F94A8BBBC0190E080E00F9426B620E011
:106D700030E04AE754E40F94C1BD9F938F937F9313
:106D80006F9387E29BE59F938F930E94CD530F9063
:106D90000F900F900F900F900F9090CF8AE08093FC
:106DA0008D0280E00F94A1B39FCF8091741488234B
:106DB00009F4ABCF84E1A7CF10929E031092AB05EC
:106DC0001092AC051092AD051092AE0510925206CD
:106DD0001092530610925406109255061092A70571
:106DE0001092A8051092A9051092AA050895809105
:106DF0009E038130F1F08230C9F40F94EF3260933A
:106E0000A7057093A8058093A9059093AA0581E032
:106E100080939E030F949F1D6093AB057093AC0508
:106E20008093AD059093AE0581E008950F94DC3614
:106E3000EECF80E0089580919E038150823070F4FF
:106E400010929E030F949F1D6093520670935306F9
:106E5000809354069093550681E0089580E008954C
:106E60002FB7F89494E0899FF0011124E759F84F67
:106E700060817181828193812FBF0895CF93C82F44
:106E80000F9430370F9428B624E0C29FF0011124EC
:106E9000E958F94F20813181428153810F94C1BD5E
:106EA000CF910895CF93DF9300D01F92CDB7DEB777
:106EB00090915B0E80915C0E981709F446C00F9478
:106EC000A22C80913B02843038F081E00E949173C3
:106ED00080E00E94BB53ECCF19821A821B821C8275
:106EE000AE014F5F5F4F6FE60F94D61789819A818D
:106EF000AB81BC819370AA27BB274091CE035091F0
:106F0000CF036091D0037091D103840F951FA61F0A
:106F1000B71F8093CE039093CF03A093D003B09379
:106F2000D1038091CA039091CB03A091CC03B0917F
:106F3000CD030196A11DB11D8093CA039093CB038D
:106F4000A093CC03B093CD03B3CF0F900F900F90CD
:106F50000F90DF91CF9108950F9308E02EE63AE469
:106F600040E060E084E79AE40F94F368813029F40C
:106F70000E94BC490F945237F0CF823031F460E068
:106F800070E0CB010F910C9458F90F910895B19ACC
:106F9000109285001092840080ED97E09093890014
:106FA000809388001092F4041092F3048091F1040D
:106FB0009091F20401978E3F9F4F20F41092F204BB
:106FC0001092F10408958091A50381113AC081E0E7
:106FD0008093A5036091A5038FEF9FE00F94BEBB44
:106FE00090915B0E80915C0E981731F085EE9CE4D9
:106FF0000F9427120F9452370F94BE64F89481E0D7
:107000009091A503911101C080E080936F060F94C9
:107010003A870E9435DE880F82700F944B1A0F94C6
:10702000C737789489E69FE00F949ABB882361F074
:107030008091A503882341F060E08BED90E00D94F2
:10704000C1AC1092A503C6CF08951F920F920FB640
:107050000F9211240BB60F926F927F928F92CF9264
:10706000DF92EF92FF920F931F932F933F934F93D3
:107070005F936F937F938F939F93AF93BF93CF93C0
:10708000DF93EF93FF938091F1049091F2049C01C0
:10709000215031092E3F3F4F90F4209188003091CC
:1070A00089002817390708F0F9C02091880030912D
:1070B0008900821B930B9093F2048093F10420913A
:1070C0008800309189008091F3049091F40428178E
:1070D000390708F0E8C02091880030918900821BB0
:1070E000930B9093F4048093F3048091F3049091B4
:1070F000F404892B11F00D947541E091A505F091F0
:10710000A605309709F087C190915B0E80915C0EC7
:10711000981709F4F9C1C0915C0E2C2F30E05EE69F
:10712000C59FE0011124C558D84FFE01E95BFF4F10
:1071300041E04083D093A605C093A505209709F4AC
:10714000E3C11092A1051092A2051092A30510921E
:10715000A4051092A0058AAD9BAD90939F058093E6
:107160009E058134ECE99E0708F0A2C08132FEE45E
:107170009F0708F4A0C0969587959695879544E05B
:1071800040939D0580978115E8E09E0708F4A4C010
:10719000E92FFF27EE0FFF1FEE0FFF1FAF01435533
:1071A0005D4BFA013296A591B491FA014591549143
:1071B000B89FB001A89F000C611D1124711DCA0168
:1071C000861B970B8436910510F484E690E0B0E0BE
:1071D000A0E08093990590939A05A0939B05B093A6
:1071E0009C054EE6429FC001439F900D1124855897
:1071F000984FFC01E45BFF4F4081442349F0815BE1
:107200009F4FFC0180819181909398058093970511
:10721000109296058FEF9FEF9093F2048093F10404
:10722000809395058EE6829FF001839FF00D1124D7
:10723000E558F84F85A984FF08C010927507109291
:107240007607109277071092780783FF66C08EE664
:10725000829FF001839FF00D1124E558F84F80893B
:107260009189969587959195819591099093860539
:107270008093850590938A058093890590938E0568
:1072800080938D05909392058093910581E02485EC
:107290003585232B09F082C080E080C01092F20473
:1072A0001092F1040CCF1092F4041092F3041DCF4D
:1072B00080E49CE960CF813157E2950720F09695F4
:1072C000879542E05DCF40939D058032910508F09F
:1072D00059CF80E290E056CFAC01569547954C7F50
:1072E0004355514CFA0165917491FA013296A5917A
:1072F000B491AC01477055274A9FC0014B9F900D38
:107300005A9F900D1124E3E096958795EA95E1F751
:10731000AB01481B590BCA0155CF8EE6829FF00185
:10732000839FF00D1124E558F84F80899189A28937
:10733000B389B695A79597958795B095A0959095A3
:1073400081959F4FAF4FBF4F8093850590938605E2
:10735000A0938705B09388058093890590938A054B
:10736000A0938B05B0938C0580938D0590938E052B
:10737000A0938F05B093900580939105909392050B
:10738000A0939305B093940581E044855585668567
:107390007785452B462B472B09F47ECF80938405B8
:1073A000109280051092810510928205109283053B
:1073B000888D80937F0580FF90C080910B01816054
:1073C00080930B018FEF80936D0280917F0581FF89
:1073D0008BC080910B018D7F80930B018FEF809389
:1073E0006E0280917F0582FF86C080910B018460D0
:1073F00080930B018FEF80936F0280917F0583FF55
:1074000081C08FEF80937002E091A505F091A605F1
:10741000309709F43DC780918E0250917C058823F6
:1074200009F4CBC02091130580917E0590917D05D4
:1074300030917F054091060130FF87C042FD83C037
:107440008160492F41704823B1F0C080D180E28033
:10745000F3801C141D041E041F046CF42160C088FA
:10746000D188E288F388C0928005D0928105E092AD
:107470008205F09283054091060131FF70C047FDFF
:107480006CC08260492F42704823B1F0C480D5801F
:10749000E680F7801C141D041E041F046CF4226097
:1074A000C088D188E288F388C0928005D092810597
:1074B000E0928205F092830532FF94C0511177C0AB
:1074C00030916F06313009F052C03091430632FDE1
:1074D0004EC01C9B52C0846051C080910B018E7FB6
:1074E00080930B0181E06FCF80910B0182608093CC
:1074F0000B0181E074CF80910B018B7F80930B0196
:1075000081E079CF81E07ECF80ED97E09093F40425
:107510008093F3049093F0048093EF048FEF9FEF38
:107520009093F2048093F104109296058091ED04FB
:107530009091EE04009709F467CF01979093EE04C1
:107540008093ED0461CF8E7F7CCF42FD04C08061CB
:10755000492F407178CF8F7EFBCF8D7F93CF47FD32
:1075600004C08062492F40728FCF8F7DFBCF1C9962
:10757000B2CF3091060136FFAECF8B7F9470982347
:10758000B1F0C084D184E284F3841C141D041E0471
:107590001F046CF42460C088D188E288F388C0920C
:1075A0008005D0928105E0928205F0928305809358
:1075B0007E0580937D0520931305552309F440C073
:1075C0002091130580917E0590917D0530916F0685
:1075D0003130C9F43091430632FD15C01C9B19C0EF
:1075E000846018C030916F06313031F43091430619
:1075F00032FD02C08F7B05C03091060136FDFACF07
:1076000080649074BCCF1C99EBCF3091060136FF9B
:10761000E7CF8B7F9470982369F02460408951896B
:107620006289738940938005509381056093820538
:107630007093830580937E0580937D0520931305C9
:1076400085A9C0E0D1E012E004E083FF08C1809189
:107650009D05C81708F072C20F945503E091A50567
:10766000F091A60580819181209185053091860554
:10767000820F931F9093860580938505181619062F
:1076800064F5D6B9E091A505F091A6058091850530
:107690009091860520893189821B930B90938605F2
:1076A0008093850590916D024091690750916A071A
:1076B00060916B0770916C07892F990F990BAA0B3A
:1076C000BB0B840F951FA61FB71F8093690790936C
:1076D0006A07A0936B07B0936C07E091A505F09142
:1076E000A605848195812091890530918A05820FB4
:1076F000931F90938A05809389051816190644F5FF
:1077000016B9E091A505F091A60520893189821B63
:10771000930B90938A058093890590916E02409116
:107720006D0750916E0760916F0770917007892FF8
:10773000990F990BAA0BBB0B840F951FA61FB71FA0
:1077400080936D0790936E07A0936F07B0937007B7
:10775000E091A505F091A6058085918520918D0584
:1077600030918E05820F931F90938E0580938D0527
:107770001816190644F506B9E091A505F091A6057D
:1077800020893189821B930B90938E0580938D0500
:1077900090916F0240917107509172076091730749
:1077A00070917407892F990F990BAA0BBB0B840F4B
:1077B000951FA61FB71F8093710790937207A09320
:1077C0007307B0937407E091A505F091A605809129
:1077D00091059091920524853585820F931F909392
:1077E000920580939105208931891816190644F570
:1077F000821B930B90939205809391059091700258
:1078000040917507509176076091770770917807DE
:10781000892F990F990BAA0BBB0B840F951FA61FDD
:10782000B71F8093750790937607A0937707B0935F
:1078300078079091700280919605890F8093960544
:1078400080918005909181050196909381058093A8
:1078500080058217930708F071C1CF5FF8CE809141
:107860009D05C81708F06AC10F945503E091A5055E
:10787000F091A60580819181A281B3814091850517
:10788000509186056091870570918805840F951F3A
:10789000A61FB71F8093850590938605A093870543
:1078A000B0938805181619061A061B06C4F5D6B932
:1078B000E091A505F091A60580918505909186053A
:1078C000A0918705B09188054089518962897389A3
:1078D000841B950BA60BB70B8093850590938605AB
:1078E000A0938705B093880590916D024091690738
:1078F00050916A0760916B0770916C07892F990FFF
:10790000990BAA0BBB0B840F951FA61FB71F809363
:10791000690790936A07A0936B07B0936C07E09197
:10792000A505F091A60584819581A681B781409136
:10793000890550918A0560918B0570918C05840FA3
:10794000951FA61FB71F8093890590938A05A09362
:107950008B05B0938C05181619061A061B0684F5BC
:1079600016B9E091A505F091A60540895189628973
:107970007389841B950BA60BB70B80938905909395
:107980008A05A0938B05B0938C0590916E0240916F
:107990006D0750916E0760916F0770917007892F86
:1079A000990F990BAA0BBB0B840F951FA61FB71F2E
:1079B00080936D0790936E07A0936F07B093700745
:1079C000E091A505F091A60580859185A285B385F6
:1079D00040918D0550918E0560918F0570919005B5
:1079E000840F951FA61FB71F80938D0590938E055A
:1079F000A0938F05B0939005181619061A061B065A
:107A000084F506B9E091A505F091A6054089518954
:107A100062897389841B950BA60BB70B80938D0528
:107A200090938E05A0938F05B093900590916F026F
:107A300040917107509172076091730770917407BC
:107A4000892F990F990BAA0BBB0B840F951FA61FAB
:107A5000B71F8093710790937207A0937307B09339
:107A60007407E091A505F091A6058091910590918C
:107A70009205A0919305B09194054485558566853E
:107A80007785840F951FA61FB71F8093910590934C
:107A90009205A0939305B09394054089518962891A
:107AA0007389181619061A061B0674F5841B950BA4
:107AB000A60BB70B8093910590939205A093930525
:107AC000B093940590917002C0907507D09076079E
:107AD000E0907707F0907807892F990F990BAA0B00
:107AE000BB0B8C0D9D1DAE1DBF1D80937507909324
:107AF0007607A0937707B0937807909170028091F2
:107B00009605890F80939605809180059091810557
:107B1000A0918205B09183050196A11DB11D8093AE
:107B2000800590938105A0938205B0938305841707
:107B30009507A607B70710F4CF5F91CE8091960501
:107B4000882339F087FDEEC080910B01806480931B
:107B50000B014091800550918105609182057091E3
:107B60008305C091A505D091A605898D9A8DAB8D11
:107B7000BC8D84179507A607B70708F434C1409158
:107B8000990550919A0560919B0570919C05CC8850
:107B9000DD88EE88AA274D9DB12D5E9DC0016E9DAA
:107BA000900D6D9D800D911D4E9DB00D811D9A1FF4
:107BB0005D9DB00D811D9A1F6C9DB00D811D9A1F9A
:107BC0005C9DB10D8A1F9A1FBB0F8A1F9A1F11243B
:107BD0002AAD3BAD820F931F90939F0580939E0526
:107BE0002EA93FA92817390720F430939F05209329
:107BF0009E0580919E0590919F058134FCE99F0729
:107C000008F094C081322EE4920708F492C0969551
:107C100087959695879524E020939D0580978115FB
:107C2000F8E09F0708F497C0E92FFF27EE0FFF1F2A
:107C3000EE0FFF1F9F0123553D4BF9013296A59191
:107C4000B491F90125913491B89FF001A89F000CDF
:107C5000E11D1124F11DC9018E1B9F0B8436910576
:107C600010F484E690E09093F4048093F3049093EE
:107C7000F0048093EF04480F591F611D711D40935C
:107C8000990550939A0560939B0570939C05FE019E
:107C9000E45BFF4F808181117DC080E080FF16C0D2
:107CA0009FEF90939505E091ED04F091EE04209103
:107CB000970530919805E217F30709F024C28FEF7A
:107CC0009FEF9093F2048093F10480E080FD07C061
:107CD0008091F1049091F204019609F4B2C2E0910E
:107CE000EF04F091F0048091760590917705A091D2
:107CF0007805B09179058E0F9F1FA11DB11DC35B43
:107D0000DF4F0881198130E020E060E080179107A3
:107D1000A207B30708F427C26F5F801B910BA20B69
:107D2000B30BF4CF80910B018F7B11CF80E49CE9E2
:107D30006ECF8131E7E29E0720F09695879522E08D
:107D40006BCF21E020939D058032910508F066CF2E
:107D500080E290E063CF9C01369527952C7F2355D8
:107D6000314CF901A591B491F90132960591149124
:107D700087709927809F9001819F300D909F300DD3
:107D80001124F3E036952795FA95E1F7CD01821B92
:107D9000930B64CF409180055091810560918205DD
:107DA0007091830580919D0590E0B0E0A0E084177C
:107DB0009507A607B70708F470CF80918405811155
:107DC00002C083E06BCF8091ED049091EE0420918E
:107DD0009705309198052817390798F790939805DB
:107DE00080939705EECF8091800590918105A091B9
:107DF0008205B09183054D8D5E8D6F8D78A14817FA
:107E000059076A077B0708F0E3C0C090A105D0902E
:107E1000A205E090A305F090A4056C887D888E886B
:107E2000AA27C79CB12DD89CF001E89CF00DE79CD7
:107E3000E00DF11DC89CB00DE11DFA1FD79CB00DDF
:107E4000E11DFA1FE69CB00DE11DFA1FD69CB10D95
:107E5000EA1FFA1FBB0FEA1FFA1F112420919E058B
:107E600030919F058EAD9FAD2E173F0730F02E1B32
:107E70003F0B8217930708F4C90181342CE992075C
:107E800008F075C08132EEE49E0708F473C0969541
:107E900087959695879524E020939D058097811579
:107EA00028E0920708F478C0E92FFF27EE0FFF1FA4
:107EB000EE0FFF1F9F0123553D4BF9013296A5910F
:107EC000B491F90125913491B89FF001A89F000C5D
:107ED000E11D1124F11D2E1B3F0BC9012436310574
:107EE00010F484E690E09093F4048093F30490936C
:107EF000F0048093EF04C80ED91EE11CF11CC0925F
:107F0000A105D092A205E092A305F092A405FE017E
:107F1000E45BFF4F8081882309F4BFCE8091800508
:107F200090918105A0918205B091830520919D05D6
:107F3000420F511D611D711D481759076A077B07C4
:107F400008F4ABCE3596208131813093980520938B
:107F5000970580918405882309F433CF8091ED043F
:107F60009091EE048217930708F02BCF37CF80E46F
:107F70009CE98DCF8131F7E29F0720F09695879598
:107F800022E08ACF21E020939D058032910508F000
:107F900085CF80E290E082CFDC01B695A795AC7FDB
:107FA000A355B14CFD0125913491FD013296A59167
:107FB000B491877099278A9FF0018B9FF00D9A9F4B
:107FC000F00D1124A3E0F695E795AA95E1F783CF8C
:107FD0008091A005882371F080E020917A0530918E
:107FE0007B053093F4042093F3043093F004209342
:107FF000EF0454CE8EA99FA981344CE9940708F070
:108000004EC081325EE4950708F44CC09695879582
:108010009695879524E020939D0580978115F8E03B
:108020009F0708F451C0E92FFF27EE0FFF1FEE0F47
:10803000FF1F9F0123553D4BF901329665917491C5
:10804000F90125913491789FA001689F000C411D92
:108050001124511DC901841B950B8436910510F420
:1080600084E690E090937B0580937A0580919D054E
:108070008093A005FE01E45BFF4F8081882309F413
:10808000ABCF80918405882341F08091ED049091DD
:10809000EE04909398058093970581E09ECF80E44D
:1080A0009CE9B4CF8131E7E29E0720F09695879551
:1080B00022E0B1CF21E020939D058032910508F0A8
:1080C000ACCF80E290E0A9CF9C01369527952C7F1C
:1080D0002355314CF90145915491F901329665913E
:1080E000749187709927869F9001879F300D969F86
:1080F000300D1124A3E036952795AA95E1F7CA0122
:10810000821B930BAACFDE01A35BBF4F4D915C9105
:10811000119770E060E04093760550937705609387
:1081200078057093790516969C9190937505982F14
:10813000927009F4CBCD90918405992309F4C6CDB2
:108140002E173F0708F0C2CD440F551F661F771F3B
:108150004093760550937705609378057093790581
:1081600010929505B3CD8093760590937705A093F3
:108170007805B093790561111BC0F0937405E09305
:108180007305F093F204E093F1048091950587FD67
:1081900058C080919D051091750528813981811302
:1081A00035C081E02E173F0708F449C080E047C082
:1081B000643028F56F5F6330A9F06695AF0102C0A7
:1081C000569547956A95E2F7BA01709374056093E6
:1081D000730580917305909174059093F2048093D8
:1081E000F104D3CF9F01ABEABAEA0F943ABC41E164
:1081F00096958795779567954A95D1F7E6CF70E084
:108200006F5F7F4FCF010F9463BCDFCF833009F4E2
:10821000CFC08695A90102C0569547958A95E2F789
:10822000133009F4D3C01695BF0102C07695679547
:108230001A95E2F781E04617570708F0B7CF809309
:1082400095050F94550340918005509181056091EB
:10825000820570918305E091A505F091A6058089BE
:108260009189A289B389481759076A077B0780F06B
:108270001092A6051092A50590915B0E80915C0E60
:10828000981731F080915C0E8F5F8F7080935C0E39
:1082900080916F06813049F180915C02882329F139
:1082A00080914306811121C09091060181E0292F20
:1082B000247092FD80E090910601826097FF03C0D8
:1082C000211113C081E08093150510925C0260912A
:1082D0004702709148028091490290914A0220E041
:1082E00030E040E85FEB0E9419726091F1047091F8
:1082F000F2046115710509F046C04091ED045091FA
:10830000EE042091970530919805809196052417E9
:10831000350708F06CC090917505913041F0421B13
:10832000530B9417150619F010F0409375059091B2
:108330007505891B80939605882339F087FD53C006
:1083400080910B01806480930B01209175058091D1
:10835000ED049091EE04821B91099093EE048093BA
:10836000ED042091ED043091EE04809197059091F9
:1083700098052817390709F066C08FEF9FEF909393
:10838000F2048093F10440919605411161C08091FF
:10839000F1049091F2042091F3043091F4048F3FA2
:1083A000980709F088C030938900209388008EC018
:1083B000ABEABAEA0F943ABCAB01BC0131E1769565
:1083C0006795579547953A95D1F72ACF9F01ABEA24
:1083D000BAEA0F943ABC21E196958795779567950F
:1083E0002A95D1F727CF80910B018F7BACCF421715
:1083F000530708F0B6CF90917505913041F0241BDA
:10840000350B9217130619F010F020937505909113
:108410007505890F80939605882339F087FD0FC075
:1084200080910B01806480930B01809175052091F0
:10843000ED043091EE04820F932F911D8ECF809129
:108440000B018F7BF0CF809173059091740597CFCE
:108450008091950587FD0EC0082E000C990B21E038
:1084600030E06115710511F030E020E082179307CC
:1084700009F08DCF20917505672B11F020919D0596
:10848000842F042E000C990B97FF03C091958195C2
:10849000910930E0281739070CF4C90121E047FFA2
:1084A0002FEF38E036B990919605920F909396058C
:1084B0008150C1F76CCFAC01485D5F4F4217530745
:1084C00008F071CF909389008093880020918800F4
:1084D0003091890080918400909185004096281702
:1084E000390748F4809184009091850040969093DC
:1084F000890080938800FF91EF91DF91CF91BF9128
:10850000AF919F918F917F916F915F914F913F912B
:108510002F911F910F91FF90EF90DF90CF908F9050
:108520007F906F900F900BBE0F900FBE0F901F901B
:10853000189590917C0580937C052FB7F8948091D5
:1085400013058B7F809313052FBF892F089580918A
:1085500013052FB7F894909113059B7F9093130503
:108560002FBF82FB882780F9089590911305109200
:10857000130581E0911101C080E008959091EC0411
:108580009130A1F028F09230A9F09330C1F0089515
:10859000811102C00D94BD03823011F40D9433118A
:1085A000853009F050C080E00D949B03882391F33F
:1085B0008230A1F3853009F046C081E0F5CF8823F1
:1085C00049F3823059F3853071F38630E1F485E068
:1085D00027E231E04FB7F8949091020194609093B4
:1085E00002014FBFF9013197F1F74FB7F89490911D
:1085F00002019B7F909302014FBFF9013197F1F780
:10860000815041F708958730F1F481E00E944F7363
:1086100084E123E731E04FB7F89490910201946030
:10862000909302014FBFF9013197F1F74FB7F894DA
:10863000909102019B7F909302014FBFF901319706
:10864000F1F7815041F708950F931F93CF93DF9374
:108650008C01EB019093740E8093730E0F9484053C
:10866000811104C0D093720EC093710EC091A80303
:1086700087EF8C0F8230F8F40F944610CA3041F423
:1086800084E080936A0EDF91CF911F910F9108953E
:1086900060E070E080E291E40E9475538FE59FE016
:1086A0000F949ABB882379F389E0DF91CF911F91D2
:1086B0000F910D9416131092DC03809164068111C2
:1086C00012C06091660E7091670E8091680E909155
:1086D000690E0F9433BE601B710B6C5F7F4F693066
:1086E000710508F060C0C150C83088F5EC2FF0E08B
:1086F0008827E258FC4B8E4F0D94AABCB502B502F8
:10870000B5023F020B01350273012501C7E3DCEB23
:1087100080916206882329F082E00F94BE42109275
:108720006206209709F4AFCF0F94440D61E0CE01AB
:10873000DF91CF911F910F910D94C1AC8091620692
:10874000882341F061E08DE691E00F94C1ACD0E068
:10875000C0E0DECF0F94440D8091A803823019F45D
:1087600081E08093A8038091A803813031F461E017
:1087700085EC99E50E940271EACF833041F761E010
:108780008BE694E2F7CFCDEBDBEBC2CF0F94440D39
:108790000F94B27C0F941215DACFC1E3DCEBB8CFA3
:1087A000CBE2DCEBB5CF80916206882321F080918B
:1087B0008F02882349F181E08093620680938F02C3
:1087C0000E9427544DE45DE463E080E00E94085479
:1087D00061E080E00E94F453E091A803E150E830AA
:1087E00098F4F0E08827E850FC4B8E4F0D94AABC1B
:1087F0004B024B029B024B029B028502BD024B02C5
:1088000082E59AE40E94DF538091620681110F9401
:108810006B0D0E943E57882309F435CF10926206F3
:108820008091630681110EC01092740E1092730E27
:108830000E94AE4C811104C01092720E1092710E03
:108840000F9417AE0F9417AEDF91CF911F910F9138
:108850000D9412158DE39AE4D5CF89E29AE4D2CF34
:1088600087E19AE4CFCF8093A80340919E13209193
:10887000730E3091740E413059F01092640680915D
:108880006B0290916C02281739075CF40D94151552
:10889000909174139111F1CF8650823070F740930C
:1088A000640681E0809363066091710E7091720E90
:1088B000C9010F94244310926406089582E00D9438
:1088C000334481E00D94334483E00D94334410929B
:1088D000630660E570E08AEF90E00D942443109207
:1088E000630670E060E08AEF90E00D9424431092FC
:1088F00063066CE370E087ED90E00D9424431092E2
:10890000630665E570E086EE90E00D9424431092D6
:10891000630669E670E084E091E00D9424431092D0
:1089200063066EE670E083E191E00D9424431092BB
:1089300063066BE470E087ED90E00D9424431092A1
:1089400063066AE570E083E191E00D9424431092A0
:10895000630664E670E08FEF90E00D94244310927C
:10896000630664E670E08CED90E00D942443109271
:10897000630664E670E08EEF90E00D94244310925D
:10898000630662E370E080EF90E00D94244380E0A2
:108990000F94BE420E94D1C80D944610CF92DF9230
:1089A000EF92FF92411104C02091EC042230D1F0EB
:1089B0009B016C01F12CE12C672BC9F49FB7F89453
:1089C000809102018460809302019FBFC701B601BC
:1089D0000F94B21B9FB7F894809102018B7F809314
:1089E00002019FBFFF90EF90DF90CF900895220F7C
:1089F000331F50E040E060E074E284EF90E00F94B9
:108A00008BBC91E02115310581E04807510544F008
:108A100086E056954795379527958A95D1F793E047
:108A2000215031094FB7F8948091A100887F892B9C
:108A30008093A1006091AC007091AD00269FC001B1
:108A4000279F900D369F900D1124509172006FEF6B
:108A500070E051FF04C06091A8007091A9000F94CC
:108A600063BC7093AD006093AC003093A900209379
:108A7000A800809172008360809372004FBFC7018D
:108A8000B6010F94B21B2FB7F8948091A100887F94
:108A900085608093A1004091AC005091AD003FEF04
:108AA000349FC001359F900D1124309172006FEFFB
:108AB00070E031FF04C06091A8007091A9000F948C
:108AC00063BC7093AD006093AC008FEF90E0909327
:108AD000A9008093A800809172008C7F809372001F
:108AE0002FBF78CFCF93C091EC04C23059F1C13081
:108AF00069F480917205811125C040E070E060E06A
:108B000080E590E00F94CE44C093720560ED77E06D
:108B10008FE695E00F94F91D8823A1F08FE695E08C
:108B20000F94001E8091EC04811108C040E070E0B9
:108B300060E080E590E0CF910D94CE4480E0CF914D
:108B40000D94BE42CF9108958230B9F08330E9F0A0
:108B5000813059F080910B01613029F4816080935C
:108B60000B01000008958E7FFACF80910B016111F7
:108B700002C08260F4CF8D7FF2CF80910B01613013
:108B800011F48460ECCF8B7FEACF80910B016111EF
:108B900002C08064E4CF8F7BE2CFCF9380917D0EC3
:108BA000C1E08823A1F04091750E5091760E60913E
:108BB000770E7091780E21E83EE080917E0E9091C4
:108BC0007F0E0F949782C82F811104C0C0E08C2FB4
:108BD000CF9108954091790E50917A0E60917B0E5D
:108BE00070917C0E411551056105710591F021E8E8
:108BF0003EE080917E0E90917F0E0F9497828823A5
:108C000029F31092790E10927A0E10927B0E109228
:108C10007C0E10927D0EDBCFCF92DF92EF92FF920F
:108C2000CF936B017C01C42F8091750E9091760ECD
:108C3000A091770EB091780E8C159D05AE05BF05FD
:108C400001F10F94CD45811108C0C0E08C2FCF9168
:108C5000FF90EF90DF90CF90089521E83EE0B701BC
:108C6000A60180917E0E90917F0E0F94FB82882347
:108C700061F3C092750ED092760EE092770EF0926C
:108C8000780ECC2321F081E080937D0EDFCFC1E010
:108C9000DDCF4F925F926F927F928F929F92AF92B1
:108CA000BF92CF92DF92EF92FF920F931F93CF93D9
:108CB000DF93EC01423051056105710590F480E0CD
:108CC000DF91CF911F910F91FF90EF90DF90CF90A8
:108CD000BF90AF909F908F907F906F905F904F90DC
:108CE000089589859A85AB85BC850196A11DB11D26
:108CF00084179507A607B70710F38F898031C9F548
:108D0000852E962EA72EBB248B899C89AD89BE8982
:108D1000880E991EAA1EBB1E280139016A017B011B
:108D200041E0C501B4010F940C46882341F29F89AC
:108D3000903181F5DD24EE24FF24F601EE0FFF1FB4
:108D4000EF57F14F118300839A89923008F4B8CF1E
:108D50004D815E816F817885840E951EA61EB71E9B
:108D60008092790E90927A0EA0927B0EB0927C0E39
:108D7000A7CF803209F0A3CF8B899C89AD89BE89AA
:108D80004A015B01E7E0B694A79497948794EA952B
:108D9000D1F7BECFE894C7F8DD24EE24FF24F60116
:108DA000EE0FFF1FEE0FFF1FEF57F14F4082518272
:108DB00062827382C9CFCF92DF92EF92FF920F93BC
:108DC0001F93CF93DF93FC0181859285A385B485A2
:108DD0000196A11DB11D84179507A607B70750F48A
:108DE00080E0DF91CF911F910F91FF90EF90DF9086
:108DF000CF90089587898031A9F5BB27A72F962F9B
:108E0000852FC388D488E588F6888C0D9D1DAE1DFE
:108E1000BF1DE9016A017B018F014091750E5091E0
:108E2000760E6091770E7091780E84179507A607DD
:108E3000B70749F5F8018789803169F5B701A601BF
:108E4000552766277727440F551F4F57514FFA0173
:108E500080819181B0E0A0E088839983AA83BB835D
:108E600081E0BFCF803209F0BBCFC388D488E588CA
:108E7000F688DB01CA01C7E0B695A7959795879557
:108E8000CA95D1F7C2CF40E0BC01CD010F940C468A
:108E90008111D0CFA5CFB701A6014F7755276627FF
:108EA0007727440F551F440F551F4F57514FFA0155
:108EB00080819181A281B381BF70CECF4F925F92AA
:108EC0006F927F92AF92BF92CF92DF92EF92FF921A
:108ED0000F931F93CF93DF9300D01F92CDB7DEB7D0
:108EE0008C0149835A836B837C835901C12CD12C1B
:108EF0007601412C82E0582E612C712C49815A81D7
:108F00006B817C819E012F5F3F4FC8010F94DB4630
:108F1000882319F1F8018585A301920104C0220F6D
:108F2000331F441F551F8A95D2F7DA01C901C80EB5
:108F3000D91EEA1EFB1E49815A816B817C8187897B
:108F40008031F1F481E0483F5F4F61057105B0F277
:108F5000F501C082D182E282F3820F900F900F90D0
:108F60000F90DF91CF911F910F91FF90EF90DF90C5
:108F7000CF90BF90AF907F906F905F904F9008958B
:108F800081E0483F5F4F6F4F7F4008F4B7CFE0CF9D
:108F9000CF92DF92EF92FF921F93CF93DF93EC017A
:108FA000EB81E11109C080E0DF91CF911F91FF902B
:108FB000EF90DF90CF900895898180FFF4CF4885AE
:108FC00059856A857B859A0131703AA329A3898DD9
:108FD0009A8D6A017B01F9E0F694E794D794C794DF
:108FE000FA95D1F7E23079F4FC01828D938DA48D4E
:108FF000B58D8C0D9D1DAE1DBF1D8D8F9E8FAF8FAE
:10900000B8A381E0D1CFFC01148111501C21232B86
:1090100071F411110CC0452B462B472B31F58D896E
:109020009E89AF89B88D8C839D83AE83BF83E98D84
:10903000FA8D8C819D81AE81BF810297A109B10912
:10904000258504C0880F991FAA1FBB1F2A95D2F738
:109050004685578560897189840F951FA61FB71FA4
:10906000810F911DA11DB11DC8CF4C815D816E8105
:109070007F819E012C5F3F4F0F94DB468111D7CF3C
:1090800092CFDF92EF92FF920F931F93CF93DF93D4
:109090008C01EB017A018DE0D82E40E250E0BE0158
:1090A000C8010F94B4838032910571F021E0892BBF
:1090B00009F420E0822F8195DF91CF911F910F91CC
:1090C000FF90EF90DF9008952881222309F43FC09C
:1090D000253E19F32E3209F33B853F733F3099F556
:1090E000E114F10481F14A8D5B8D452B61F52F71FF
:1090F0003FEF320F343038F52150330BD29EC00190
:10910000D39E900D1124F701E80FF91F29812083C8
:109110002B8121832D8122832F8123832985248301
:109120002E852583288926832A8927832C892087D1
:109130002E892187288D22872C8D23872E8D2487A9
:10914000288126FD15862B8523FDA7CFB5CF80E08E
:10915000B3CFCF93DF93EC018B81882349F18981D1
:1091600087FF22C061E0CE010F94DC80FC01892BD7
:10917000F9F08081853EE1F08B81823040F489896D
:109180009A89AB89BC89848F958FA68FB78F8D897B
:109190009E89938F828F8D899E89AF89B88DB58B7B
:1091A000A48B89818F778983DF91CF910D94CD45F1
:1091B00081E0888380E0DF91CF9108958F929F9224
:1091C000AF92BF92CF92DF92EF92FF920F931F93D5
:1091D000CF93DF93EC018B8181110EC080E0DF9192
:1091E000CF911F910F91FF90EF90DF90CF90BF90A4
:1091F000AF909F908F90089509891A892B893C8997
:10920000041715072607370748F34A015B01823028
:1092100031F488869986AA86BB8681E0E0CF8114E6
:109220009104A104B10449F41C821D821E821F8294
:10923000188619861A861B86F0CF088519852A8517
:109240003B85E98DFA8D858590E00996B901A801E5
:109250004150510961097109082E04C0769567953E
:10926000579547950A94D2F775016401E1E0CE1A4B
:10927000D108E108F10804C0F694E794D794C794A4
:109280008A95D2F7C416D506E606F70620F0012B1C
:10929000022B032B11F58D899E89AF89B88D8C83A4
:1092A0009D83AE83BF838E010C5F1F4FC114D10419
:1092B000E104F10409F4ADCF4C815D816E817F81C1
:1092C0009801898D9A8D0F94DB4691E0C91AD108D7
:1092D000E108F1088111EACF81CFC41AD50AE60A64
:1092E000F70AE1CFCF9380919E138130A1F48EE4F1
:1092F0009DE40E9428BE853088F58093FA038AE0B9
:109300008093A80320E041E070E060E081E692E015
:10931000CF910D947EAB8FE59FE00F949ABB8111A6
:10932000EECF80918E178230E1F40E9424C9982FED
:109330009111E5CF81E39DE40F9427120E943957E4
:10934000C4E184E690E00E943C760E943E57811181
:1093500002C0C150B1F781E080939002CF910D948B
:1093600017AE41E060E08AEE91E50F94141291E0AF
:10937000811190E081E080939002DACFCF93109238
:10938000DC03C3B14AE65AE560E080E00E9408547D
:1093900060E086E00E94F453C4FB882780F90F94B4
:1093A000960980919E13813099F4C1E080917413E5
:1093B000811101C0C0E044E65AE560E08AE00E9405
:1093C000085460E081E10E94F4538C2F0F949609B9
:1093D0000E9424C9C82F4CED5AE261E080E00E944F
:1093E000085461E081E10E94F4538C2F0F94960998
:1093F000CF910D94AEAEECE0F7E1408151816281F6
:109400007381480F591F611D711D40835183628311
:10941000738308952F923F924F925F926F927F9243
:109420008F929F92AF92BF92CF92DF92EF92FF9274
:109430000F931F93CF93DF9300D01F921F92CDB74E
:10944000DEB71C012A013B0100E210E0198299817C
:10945000892F90E09B838A83801791079CF5880F62
:10946000991F880F991F9D838C83820D931D9B8369
:109470008A83FC01C080D180E280F3808C819D8151
:109480000496820D931D9D838C83FC0180809180C6
:10949000A280B380A5019401C701B6010F944BBF10
:1094A000181664F4EA81FB8180829182A282B382E1
:1094B000EC81FD81C082D182E282F382F981FF5F7B
:1094C000F983C5CF0150110908F6F101E05CFF4FA7
:1094D0002081318142815381C301B2010F9467B66B
:1094E0006B017C0120E030E040E05FEB0F94B7BD02
:1094F00087FD10C020E030E040E05FE3C701B60127
:109500000F94B7BD18165CF4C12CD12CE12C8FE35D
:10951000F82E05C0C12CD12CE12C9FEBF92EC701F0
:10952000B6010F900F900F900F900F90DF91CF9199
:109530001F910F91FF90EF90DF90CF90BF90AF9071
:109540009F908F907F906F905F904F903F902F9063
:1095500008950F949F1D60933E1370933F13809363
:10956000401390934113089580918413882369F0E8
:1095700080918313882349F089EF98E60E94765DF5
:109580008091831381508093831308959F92AF92AB
:10959000BF92CF92DF92EF92FF920F931F93CF93E0
:1095A000DF93CDB7DEB7E0970FB6F894DEBF0FBEFE
:1095B000CDBF8C01E0906C13FE01319621E030E0CC
:1095C0005F01F12C40E1C42ED12C50E2952EC70151
:1095D000821B930BB6010F9477BCDC01BB27A15D06
:1095E000BC4E9D968C91482F50E094E05595479540
:1095F0009A95E1F796EF940F9630A8F1405D40837D
:109600008F7096EF980F963080F1805D8183928203
:109610002F5F3F4F339621313105C9F618AA82E7F3
:1096200099E60E944F5B8CE699E60E944F5BC80169
:109630000E944F5B84E299E60E944F5BC5010F9444
:109640009FB4E0960FB6F894DEBF0FBECDBFDF919A
:10965000CF911F910F91FF90EF90DF90CF90BF902F
:10966000AF909F900895495ACACF895ACFCF9C0195
:10967000909143139A3011F4609342139150909358
:10968000431391110DC0C9010F94C64A85E199E6B3
:109690000E94765D8AE0809343138091421308957F
:1096A00080E00895CF93DF93CDB7DEB72E970FB646
:1096B000F894DEBF0FBECDBF2EE330E03A8329839E
:1096C000FE0133962CE0DF011D922A95E9F7DE01B9
:1096D0001296482FFC019D018E2F841B861740F4A3
:1096E000819190EE980F903608F08EE28D93F4CF32
:1096F000F901E60FF11D10824EE050E068E779E6CF
:10970000CE0101960F9479B9892B59F44EE050E0BF
:10971000BE016F5F7F4F86E892E10F940CC2892BE8
:1097200061F082E799E60E944F5B8CE699E60E9421
:109730004F5BCE0101960F949FB44EE050E0BE0106
:109740006F5F7F4F86E892E10F941AC22E960FB694
:10975000F894DEBF0FBECDBFDF91CF910895CF92B9
:10976000DF92EF92FF921F93CF93DF93CDB7DEB7D7
:1097700062970FB6F894DEBF0FBECDBF4E875F87EE
:10978000688B798B8A8B4983852F511131C080E397
:109790008A8311E0E1E0E10F81E090E08C0F9D1FF2
:1097A0008E0F911DFC018A899AE29083811127C056
:1097B00080E3818381E01E5F180FE1E0F0E0EC0FB1
:1097C000FD1FE10FF11D8AE080831F5FFE013196CE
:1097D0007F016F01C10ED11CEC14FD04B1F0F70143
:1097E00081917F0168E772E190E00F9402BAF4CFB3
:1097F000BE016E5F7F4F0F942F9F182FCBCFBF01FD
:109800006F5F7F4F0F942F9FD6CF612FCE010196B0
:109810000F94524B0F94A94A62960FB6F894DEBF8C
:109820000FBECDBFDF91CF911F91FF90EF90DF90E2
:10983000CF9008958F929F92AF92BF92DF92EF9256
:10984000FF920F931F93CF93DF93CDB7DEB7679748
:109850000FB6F894DEBF0FBECDBF182F7B01D42EFC
:1098600007E50B8B8C8B7E8B6D8BCE0143960F9413
:109870005B9F8F8B0E871F87F98AE88ACE010E9631
:109880000F945B9F8A8B0983111127C080E38A8321
:1098900081E0E1E0E80F21E030E02C0F3D1F2E0FCA
:1098A000311DF90190E2908302E0080FAA24A394ED
:1098B000B12CAC0EBD1EA00EB11CE114F10439F1A7
:1098C00014E0C7018827907F892B71F424E0EE0C07
:1098D000FF1C2A95E1F71150F4CFBE016E5F7F4F58
:1098E000812F0F942F9FD5CF4501882D8A1981177D
:1098F00090F48F2D82958F7094E0EE0CFF1C9A955A
:10990000E1F70F94259FF40181934F01EECF80E39F
:10991000F501808311E0100FE1E0F0E0EC0FFD1F96
:10992000E10FF11D8A899AE29083811121C080E3C1
:10993000818381E01F5F180FE1E0F0E0EC0FFD1F75
:10994000E10FF11D8AE080831F5F9E012F5F3F4F73
:1099500079015901A10EB11CEA14FB0479F0F70159
:1099600081917F0168E772E190E00F9402BAF4CF31
:10997000BF016F5F7F4F0F942F9FDCCF612FCE0110
:1099800001960F94524B0F94A94AD09232136796C6
:109990000FB6F894DEBF0FBECDBFDF91CF911F9100
:1099A0000F91FF90EF90DF90BF90AF909F908F90BE
:1099B000089520917D132F5F20937D13223078F43A
:1099C00030E0F901ED5EF649849125583C4EF901ED
:1099D000608170E049E00F941A4C80E0089581E0C6
:1099E00008958F929F92AF92BF92CF92DF92EF92A3
:1099F000FF92CF93DF9321EE36E130937F0E2093D9
:109A00007E0E1092FD1642E050E060E070E0409360
:109A1000E6165093E7166093E8167093E9161092D5
:109A20007D0E1092790E10927A0E10927B0E10928B
:109A30007C0E4FEF5FEFBA014093750E5093760E98
:109A40006093770E7093780E882309F470C040E01D
:109A500060E070E0CB010F940C4681110DC0C0E0B6
:109A60008C2FDF91CF91FF90EF90DF90CF90BF9040
:109A7000AF909F908F90089580913F108F7779F7E6
:109A800080914B1090914C10A0914D10B0914E10C0
:109A900084369105A105B10510F3C0904710D09010
:109AA0004810E0904910F0904A10C114D104E1042C
:109AB000F104A9F240E0C701B6010F940C46C82F8B
:109AC000882369F280918C0E90918D0E81159240C1
:109AD00031F6A091910EAA2311F260918F0E709130
:109AE000900E6115710509F4BACF20918E0E2223D4
:109AF00009F4B5CFA093F8162093EA1690E080E021
:109B000030E0E1E0F0E0D82FAF01082E02C0440FB2
:109B1000551F0A94E2F72417350769F041E0480F12
:109B200001968930910579F74093F31698CFC12CAF
:109B3000D12C7601BFCF8093F3162091970E3091F0
:109B4000980E50E040E02115310541F42091A50E1A
:109B50003091A60E4091A70E5091A80E2093EB16BF
:109B60003093EC164093ED165093EE1646015701D4
:109B7000860E971EA11CB11C8092F9169092FA16BF
:109B8000A092FB16B092FC16E091920EF091930E0B
:109B9000F093FF16E093FE16B0E00F942FBCDC01AB
:109BA000CB01880D991DAA1DBB1D809300179093B2
:109BB0000117A0930217B093031725E0EE0FFF1FC4
:109BC0002A95E1F7E150FE4FEF2FFF27E6958E0F24
:109BD0009F1FA11DB11D8093F4169093F516A093BD
:109BE000F616B093F7168090940E9090950EB12CC7
:109BF000A12C8114910441F48090A10E9090A20EAA
:109C0000A090A30EB090A40EC81AD90AEA0AFB0AC3
:109C1000C80CD91CEA1CFB1C04C0F694E794D7942A
:109C2000C794DA95D2F7C092EF16D092F016E09270
:109C3000F116F092F21685EFC8168FE0D806E1040F
:109C4000F10420F48CE08093FD1609CF80E125EF2C
:109C5000C2162FEFD206E104F10488F08091AD0E18
:109C60009091AE0EA091AF0EB091B00E8093001700
:109C700090930117A0930217B093031780E280938B
:109C8000FD16EECE0F931F9360912117709122174E
:109C900080912317909124170091750E1091760EE4
:109CA0002091770E3091780E601771078207930725
:109CB00039F140E00F940C468823F9F020912517E4
:109CC000309126174091151750911617609117176C
:109CD00070911817421B530B61097109413092E0D2
:109CE00059076105710520F040E052E060E070E046
:109CF0004F57514F9AE0FA0190831F910F910895A9
:109D000081E0FBCF20E030E040EA52E460E070E028
:109D100080EA92EC0D94A39F90919F1391FD17C040
:109D20008823A9F092FD13C00F94A19F8091730E18
:109D30009091740E909394138093931380919F133A
:109D4000846080939F1383EE95E60D94C79F0895DA
:109D500080919F1380FF47C08BEF95E60F94C79FBC
:109D600080918B1390918C13A0918D13B0918E13D1
:109D700040918713509188136091891370918A13D1
:109D8000409348075093490760934A0770934B07E5
:109D900080934C0790934D07A0934E07B0934F07C5
:109DA00060E070E088E492E40F94C39F80918F1389
:109DB00090919013A0919113B091921380935007BA
:109DC00090935107A0935207B093530760E070E05F
:109DD00080E791E40F94C39F1092580780919F13DE
:109DE0008E7F80939F1308950F931F93CF9390912D
:109DF0009F13911172C0C82F80ED95E60F94C79FF5
:109E00000F94A19F0F94523780915F0E811102C071
:109E10000E947249CC2309F460C080919F13816035
:109E200080939F138091500790915107A091520702
:109E3000B091530740914C0750914D0760914E07E8
:109E400070914F07009148071091490720914A07E8
:109E500030914B0700938713109388132093891335
:109E600030938A1340938B1350938C1360938D130C
:109E700070938E1380938F1390939013A0939113EC
:109E8000B093921360E070E080EA91E40E94F65291
:109E900080914507882309F1809146078823E9F0DE
:109EA00080E090E0AAEFB2E48093480790934907DE
:109EB000A0934A07B0934B0710924C0710924D079E
:109EC00010924E0710924F0760E070E088E492E431
:109ED000CF911F910F910D94C39FCF911F910F911F
:109EE0000895EF92FF920F931F93CF93DF931F92EA
:109EF0001F92CDB7DEB7F82EE62E80E197E29A8367
:109F000089838A01169507958F2D0E9403C60150FB
:109F1000110978F028EC30E0AE014F5F5F4F68EE3A
:109F200073E08F2D0E94D4C46E2D8F2D0E941CC60D
:109F3000EECF6E2D8F2D0E9403C60F900F90DF91F4
:109F4000CF911F910F91FF90EF900895EF92FF92A4
:109F50000F931F93CF93DF93CDB7DEB72F970FB635
:109F6000F894DEBF0FBECDBFE4E9F2E110A211A26A
:109F700012A213A214A215A216A217A210A611A62D
:109F800010922D130FE213E1EE24E394F12CD8018B
:109F90001196FC92EE9212961C92129782E81396FA
:109FA0008C9340E060E084E393E10F947F9F40E076
:109FB00060E089E393E10F947F9FF8011786108A90
:109FC000118A128A138A8AE0848B40E060E0CE0115
:109FD00001960F947F9F85E0FE013196DE01169673
:109FE00001900D928A95E1F785E0FE013696A4E492
:109FF000B3E101900D928A95E1F7D8015A961C922F
:10A000005A975C961C921E925B9784E493E10F949E
:10A010006E9FF801818F158E168E40E060E08EE411
:10A0200093E10F947F9FD80194961C9240E060E0EA
:10A03000CE010B960F947F9F85E0FE013B96DE01DB
:10A04000119601900D928A95E1F785E0FE01319617
:10A05000A4E5B3E101900D928A95E1F7F80112A60B
:10A0600014A613A684E593E10F946E9FD8019996E8
:10A070008C939997DD961C92DD978EE293E1DF96A3
:10A080009C938E93DE97F0927013E0926F13109270
:10A0900071131FEF109372130F94D79F8093731354
:10A0A0001092741310927513109276131092781305
:10A0B0001092771310927A131092791310927D13E5
:10A0C00010927E1310927F131092801383E080937E
:10A0D00083131092841385E080937B1384E1809333
:10A0E0007C1383E6809385138093861310928713E5
:10A0F000109288131092891310928A1310928B1366
:10A1000010928C1310928D1310928E1310928F1345
:10A110001092901310929113109292131092941324
:10A1200010929313109295138EE290E890939713E8
:10A1300080939613109398131093991310929B1376
:10A1400010929A1310939C1382E080939D131092A7
:10A150009E1310929F131092A0131092A1131092AD
:10A16000A3131092A2131092A5131092A4130F948C
:10A17000AE69E2E7F4E11092FA141092FD14109225
:10A180001F151092221589E18093E1161092E416B2
:10A190001092E5161092FD161092041710920717F0
:10A1A0001092851710928717109286171092161624
:10A1B0001092151610928117109282171092831721
:10A1C00010928417109288171092891710928A178C
:10A1D00010928B1712821382108211821092141621
:10A1E00010922717E2E4F5E182EDDF011D928A95D6
:10A1F000E9F71092C3141092C2141092C11485E8AA
:10A2000097E10F94001EEBE6F4E1118212821382B3
:10A210001482158216821083EEE8F7E11582178208
:10A2200016828AEB9CE496878587108A17860F949E
:10A230009F1D6093A2177093A3178093A417909308
:10A24000A5172F960FB6F894DEBF0FBECDBFDF91D6
:10A25000CF911F910F91FF90EF90089542E00F94DE
:10A26000EBB20D949EB380918513833609F48FEF82
:10A2700008959FB7F894E5E0F1E0808180648083E1
:10A280009FBF08950F931F93CF93DF93EC010F941B
:10A290009F1D8B010F9430828F3F69F00F949F1D9B
:10A2A000601B710B6C177D07A8F380E0DF91CF91E5
:10A2B0001F910F91089581E0F9CF84E097E10F9409
:10A2C000A94884E097E10F94D380E2E7F4E110829B
:10A2D000118208952F923F924F925F926F927F92D8
:10A2E0008F929F92AF92BF92CF92DF92EF92FF92A6
:10A2F0000F931F93CF93DF9300D000D000D01F9215
:10A30000CDB7DEB72B013C0149015A0120E030E016
:10A3100040EC51E40F94C1BC20E030E04CE952E441
:10A320000F94C1BD6B017C010F9469BE0F9433BEC5
:10A33000312C212C77FD1EC01B01663071051CF0ED
:10A3400045E0242E312C822D0F941FA420E030E014
:10A3500048EB51E40F94C2BC9B01AC01C301B201B4
:10A360000F94C1BC20E030E04CE952E40F94C1BD31
:10A370006B017C0120E030E040EC50E4C501B40109
:10A380000F94C1BC20E030E048E052E40F94C1BD1E
:10A3900069837A838B839C830F9469BE0F9433BE49
:10A3A00077FDDAC07A8769876630710524F0E5E0C9
:10A3B000F0E0FA87E98789850F940CA420E030E06B
:10A3C00040EA50E40F94C2BC9B01AC01C501B4014A
:10A3D0000F94C1BC20E030E048E052E40F94C1BDCE
:10A3E00069837A838B839C83A701960160E070E088
:10A3F00080E89FE30F94C1BC2B013C0191012F5FCA
:10A400003F4F3E832D8389859A85019698878F8358
:10A4100027E0E985FA852E9F80012F9F100D1124DA
:10A42000F801E20DF31DEE0FFF1FEE0FFF1FEA55BF
:10A43000FC4E2181328143815481C301B2010F94CA
:10A4400067B64B015C01ED81FE81E00FF11FEE0F5D
:10A45000FF1FEE0FFF1FEA55FC4E21813281438121
:10A460005481C701B6010F9467B69B01AC01C501C9
:10A47000B4010F94C2BC4B015C0129813A814B812C
:10A480005C8160E070E080E89FE30F94C1BC9B01B9
:10A49000AC01C501B4010F9467B64B015C0127E024
:10A4A000EF81F8852E9FC0012F9F900D11249A8770
:10A4B0008987FC01E20DF31DEE0FFF1FEE0FFF1F5A
:10A4C000EA55FC4E2181328143815481C301B2019E
:10A4D0000F9467B62B013C0189859A85ED81FE8139
:10A4E0008E0F9F1F880F991F880F991F8A559C4EAA
:10A4F000FC012181328143815481C701B6010F944F
:10A5000067B69B01AC01C301B2010F94C2BC2981A3
:10A510003A814B815C810F9467B69B01AC01C50108
:10A52000B4010F94C2BC2A960FB6F894DEBF0FBEDA
:10A53000CDBFDF91CF911F910F91FF90EF90DF90F2
:10A54000CF90BF90AF909F908F907F906F905F90D3
:10A550004F903F902F9008951A86198645CF80E836
:10A5600099E60E944F5B60E08CEA9CE00E94085AEA
:10A57000813021F485EA93E60C94765D81EA93E6D6
:10A58000FBCFBC01990F880B990B0F942AAF0D9448
:10A590009EB30F931F93CF93DF93EC010F9458B9A1
:10A5A0008C018036910508F085C08091861081115C
:10A5B00005C00E94BB5A81E08093861040917612BC
:10A5C0005091771280918410909185104817590707
:10A5D00041F42091871030918810121613060CF464
:10A5E00069C02091821030918310121613060CF06E
:10A5F00041C09C012F593F4F84179507E8F54450FF
:10A600005109401B510B421753070CF453C0509390
:10A610007712409376128091761290917712FC0116
:10A62000E757FF4E23E02083BE0184579F4E0F94CF
:10A6300051B980918710909188100196909388105D
:10A640008093871082E799E60E944F5B83E599E645
:10A650000E944F5B809176129091771284579F4EA3
:10A660000E94F67081E599E6DF91CF911F910F91DD
:10A670000C94765D9C01C0CFC80104964817590719
:10A6800028F044505109401B510BC1CF89EE91E095
:10A69000BC01601B710B8B01621773075CF070E0EB
:10A6A00060E089E890E10F94CCC110937712009399
:10A6B0007612B1CF8AE499E60E944F5B83E599E672
:10A6C0000E944F5BCE010E944F5B83E399E6CCCFA3
:10A6D000AB01BC0184E097E10F94DE48811102C018
:10A6E00080E0089584E097E10F94C8478823C1F380
:10A6F00020912517309126172F57314F309320176F
:10A7000020931F1708958F929F92AF92BF92CF927E
:10A71000DF92EF92FF920F931F93CF93DF93CDB70A
:10A72000DEB7EE970FB6F894DEBF0FBECDBF8091B7
:10A73000C2148F938091C1148F938EEE98E69F93ED
:10A740008F938E010F5D1F4F1F930F930F94B1BA1C
:10A750000F900F900F900F900F900F90F12CF80129
:10A7600001900020E9F73197E01BF10BFE1684F40D
:10A770006801CF0CD11CF7FCDA94F6018081082E19
:10A78000000C990B0F94AEC1F6018083F394E7CFD0
:10A790008AEF94E10E942B5BA12CCE0101967C01F3
:10A7A00088EEC82E84E6D82E8091FD14823008F4FD
:10A7B00050C08091021590910315A0910415B0919D
:10A7C00005158F719927AA27BB27892B8A2B8B2BDD
:10A7D00009F03FC050E040E0B7018AEF94E10F94E8
:10A7E00041481816B4F5B12CF70101900020E9F7A3
:10A7F0003197EE19FF09BE1674F447018B0C911CBA
:10A80000B7FC9A94F401808190E00F94AEC1F401FA
:10A810008083B394E9CF8A858E3731F245E050E0EA
:10A82000B801C7010F940CC2892B09F0BDCF1F934B
:10A830000F93DF92CF920E94987161E084EE94E6CC
:10A840000E9402710F900F900F900F90AA24A39472
:10A85000ABCF8FEF9FEFAA2029F08091C114909188
:10A86000C21401969093C2148093C114EE960FB651
:10A87000F894DEBF0FBECDBFDF91CF911F910F9136
:10A88000FF90EF90DF90CF90BF90AF909F908F9010
:10A8900008958F929F92AF92BF92CF92DF92EF92E4
:10A8A000FF920F931F93CF93DF9300D01F92CDB7EA
:10A8B000DEB7FC018381813011F080E060C08181CE
:10A8C00081FFFBCF81899289A389B489892B8A2B47
:10A8D0008B2B09F46EC07F0140E050E0BA01CF013C
:10A8E0000F94DE48882349F3F701C18CD28C858808
:10A8F0009688A788B08C82E090E0A0E0B0E0F601F6
:10A9000080839183A283B3839E012F5F3F4FB50164
:10A91000A401C6010F94DB46882379F200E010E021
:10A920009801B501A401C6010F944946882329F274
:10A9300089809A80AB80BC80F6018789803181F55F
:10A94000F8EF8F16FFEF9F06A104B104E8F2F701BC
:10A95000158A168A178A108E118A128A138A148A07
:10A96000818180688183C7010F94A948882309F4F5
:10A97000A4CF40E050E0BA01C7010F94DE480F9029
:10A980000F900F900F90DF91CF911F910F91FF903B
:10A99000EF90DF90CF90BF90AF909F908F900895F1
:10A9A00088EF88168FEF9806A8068FE0B80678F62D
:10A9B000ABCF81E0E4CF2F923F924F925F926F92A4
:10A9C0007F928F929F92AF92BF92CF92DF92EF923F
:10A9D000FF920F931F93CF93DF93CDB7DEB7C65788
:10A9E000D1090FB6F894DEBF0FBECDBF4C016B018D
:10A9F0003A01E5962FAFE597502E2DB63EB6102FB3
:10AA000011708091800E8F5F8093800EFB01808596
:10AA10009185A285B3858093871490938814A09321
:10AA20008914B0938A14412C5E01F7E6AF0EB11C75
:10AA3000F6018381823008F4C0C180859185A285AA
:10AA4000B3858F719927AA27BB27892B8A2B8B2B3C
:10AA500009F0B3C110928B144BE854E1BE01695B5D
:10AA60007F4FC6010F94414818160CF0A6C1809183
:10AA7000800E873008F0A1C128968FAD28978823D3
:10AA800009F49BC1853E09F439C18E3209F436C1FF
:10AA900080918B148E3209F431C163968FAD639728
:10AAA000982F9A7009F02AC1887191E0803119F0CD
:10AAB00090E0803131F4E596FFADE597FF2309F48E
:10AAC00094C09093C014803161F060968FAD609710
:10AAD000873409F013C161968FAD61978E3709F401
:10AAE0000DC1E596FFADE597F13009F41BC1F230D9
:10AAF00009F425C1BE01695B7F4F86E794E10E949E
:10AB0000155BC4010E94F67086E794E10E94F6701E
:10AB100080E20E94365BA7966CAD7DAD8EAD9FAD99
:10AB2000A7974AE00F94B4AE51FE45C0A1962EAD52
:10AB30003FADA19730938614209385146F964EAD48
:10AB40005FAD6F97509384144093831469968EADD4
:10AB50009FAD69972817390750F02817390799F4DE
:10AB600067962EAD3FAD67974217530760F49093F9
:10AB700086148093851467968EAD9FAD67979093EA
:10AB8000841480938314809186148F93809185140C
:10AB90008F93809184148F93809183148F932BECE7
:10ABA00038E63F932F930F945CBA0F900F900F905D
:10ABB0000F900F900F90112399F080918B148823A0
:10ABC00009F4BAC08BE894E19F938F93E5ECF8E623
:10ABD000FF93EF930F945CBA0F900F900F900F902C
:10ABE0000F949EB30F94A22C89C02DB73EB7E79661
:10ABF0003FAF2EAFE797BE01695B7F4FC5010E9453
:10AC0000155BF4018081882309F486C0019000203F
:10AC1000E9F73197E819F909D5010D900020E9F716
:10AC2000EA19FB09EA0FFB1F31962DB73EB72E1B21
:10AC30003F0B0FB6F8943EBF0FBE2DBFEDB7FEB76A
:10AC400031967F0165E273E08111B401C7010F9471
:10AC500005C2B501C7010F94E6C165E273E0C70103
:10AC60000F94E6C11123A9F080918B14811157C074
:10AC7000C5019F938F93FF92EF922AED38E63F93A1
:10AC80002F930F945CBA0F900F900F900F900F902E
:10AC90000F901CA21FA221E0A501B601CE0184964F
:10ACA0000F9447B583E2FE01B496DE011196019040
:10ACB0000D928A95E1F710FB50F8052D20E050E049
:10ACC00040E0BE016F5F7F4FC7010F94DB54CE01A0
:10ACD00001960E94305B112321F081ED98E60F94DC
:10ACE00083BACE0184960E94305BE796EEADFFAD4D
:10ACF000E7970FB6F894FEBF0FBEEDBFF601808553
:10AD00009185A285B3858093871490938814A0932E
:10AD10008914B0938A148CCEE1E0F0E07DCF8BE80B
:10AD200094E1A7CF80918C1790918D170196909305
:10AD30008D1780938C17E2CF86E794E145CFBE0153
:10AD4000695B7F4F86E794E10E94155BA1962EAD6B
:10AD50003FADA19730938614209385146F964EAD26
:10AD60005FAD6F97509384144093831469968EADB2
:10AD70009FAD69972817390750F02817390799F4BC
:10AD800067962EAD3FAD67974217530760F49093D7
:10AD900086148093851467968EAD9FAD67979093C8
:10ADA0008414809383146114710459F166E774E18B
:10ADB000C3010F94D3C1892B59F58091800E815026
:10ADC0008093800E0FB6F8943EBE0FBE2DBECA58BB
:10ADD000DF4F0FB6F894DEBF0FBECDBFDF91CF912E
:10ADE0001F910F91FF90EF90DF90CF90BF90AF90A9
:10ADF0009F908F907F906F905F904F903F902F909B
:10AE0000089580918C1790918D1748161906A9F214
:10AE1000439474CFCF92DF92EF92FF920F93CF9330
:10AE2000DF93CDB7DEB7A3970FB6F894DEBF0FBEA2
:10AE3000CDBF6C018DE1E82E85E1F82E8FE195E123
:10AE4000D7018D939C9310928D1710928C170E94AE
:10AE50002B5B00E00E7F0D7FD701ED91FC9183E22B
:10AE6000DE01119601900D928A95E1F722E0A6018C
:10AE7000BE016F5F7F4F84EF92E00F94DB54CE01F1
:10AE800001960E94305BA3960FB6F894DEBF0FBE0A
:10AE9000CDBFDF91CF910F91FF90EF90DF90CF90DA
:10AEA0000895EF92FF920F93CF93DF93CDB7DEB764
:10AEB000A3970FB6F894DEBF0FBECDBF2DE1E22EF3
:10AEC00025E1F22E2FE135E1D7012D933C9310922D
:10AED0008D1710928C17B0E0A0E0AC01BD01E5E049
:10AEE000440F551F661F771FEA95D1F7C9010F94CC
:10AEF000DE4800E00E7F0D7FD701ED91FC9183E2EB
:10AF0000DE01119601900D928A95E1F722E050E062
:10AF100040E0BE016F5F7F4F84EF92E00F94DB54FF
:10AF2000CE0101960E94305BA3960FB6F894DEBF67
:10AF30000FBECDBFDF91CF910F91FF90EF9008959D
:10AF4000CF92DF92EF92FF920F93CF93DF93CDB723
:10AF5000DEB7A3970FB6F894DEBF0FBECDBF8DE16D
:10AF6000C82E85E1D82E8FE195E1D6018D939C9373
:10AF70002CE8E22E27E1F22EF701118210820E94C6
:10AF80002B5B00E00E7F0D7FD601ED91FC9183E2FB
:10AF9000DE01119601900D928A95E1F721E050E0D3
:10AFA00040E0BE016F5F7F4F84EF92E00F94DB546F
:10AFB000CE0101960E94305BF70180819181A396BA
:10AFC0000FB6F894DEBF0FBECDBFDF91CF910F91CA
:10AFD000FF90EF90DF90CF900895CF93DF938FE2B3
:10AFE0000E94365BC0E0D9E080911416C81760F467
:10AFF000CD9FC00111248C539B4E0E94F6708FE2AE
:10B000000E94365BCF5FF0CF80918B14811106C018
:10B0100086E794E1DF91CF910C94F6708BE894E190
:10B02000F9CFCF92DF92EF92FF926B017C0188EA19
:10B030009CE00F94A2BBAB01BC014C0D5D1D6E1DCD
:10B040007F1D88EA9CE0FF90EF90DF90CF900D94F9
:10B05000F0BBCF93DF93EC010F94A2BB6F3F2FEFB8
:10B0600072078207920749F440E050E0BA01CE012E
:10B070000F94F0BB60E070E0CB01DF91CF910895B9
:10B080000F931F93CF93DF930F94424E882339F190
:10B0900020911F1730912017E9011BEF88818B3316
:10B0A00051F5FE0161916A30E9F7EF01CF01815856
:10B0B0009E4081309240E4F0CE01821B930B0197B9
:10B0C0000F94FB4984E097E10F94C847882339F037
:10B0D0000F94424E21E83EE0E9018111E2CF81E880
:10B0E00090E19093201780931F17CFEFDFEF34C0CC
:10B0F0001150C1F52197CE01821B930B01960F943D
:10B10000FB49CE010196C881D0E000910C17109147
:10B110000D1720910E1730910F1740911517509170
:10B12000161760911717709118170417150726073F
:10B130003707A8F69C0121583E402115324044F0C3
:10B1400084E097E10F94C847882349F281E89EE0A4
:10B150009093201780931F17CE01DF91CF911F91FD
:10B160000F91089588818B3309F498CFC3CF2FB7FF
:10B17000F8948091991790919A172FBF0895809114
:10B180009717882341F0813019F485E893E60895F4
:10B1900087E793E6089583E993E60895CF93209196
:10B1A000730E3091740E232BB9F42091710E3091EF
:10B1B000720E232B89F420916F0E3091700E275759
:10B1C000314051F490919717981711F09F3F21F457
:10B1D00080918E17823031F01092A01710929F1735
:10B1E000CF91089580919F179091A0170196853077
:10B1F000910528F49093A01780939F17F1CFC62F45
:10B200001092A01710929F176093971788E49DE003
:10B210000F94BEBB0E940AF883E993E6C13011F493
:10B2200085E893E6CF910C94ADEE2F923F924F922A
:10B230005F926F927F928F929F92AF92BF92CF92C6
:10B24000DF92EF92FF920F931F93CF93DF93CDB7CF
:10B25000DEB7ED970FB6F894DEBF0FBECDBF1092EC
:10B260001616109215161092E0161092DF168091A5
:10B27000030180FDF1C089E09FE00F949ABB382E56
:10B2800082E0809397020F94A0576C01009709F415
:10B29000E0C08536910570F032E0331641F08091C0
:10B2A0006C0E811104C086E293E60F94AA12F4E6B4
:10B2B000CF2ED12CD0921616C092151667E1662EAD
:10B2C00066E1762EF12CE12C7FE1A72E75E1B72EF9
:10B2D00088248394912C8091030180FDBDC00F943C
:10B2E000A22CE114F10409F0D0C090E080E00F94AA
:10B2F0000A578091871490918814A0918914B09175
:10B300008A1455E0B695A795979587955A95D1F7E4
:10B31000F301819391933F01FFEFEF1AFF0ACE14DF
:10B32000DF04C9F621E0E216F10409F492C032E02C
:10B33000331609F48EC020916C0E21118AC09093AF
:10B34000E0168093DF16EE9CC001EF9C900D900DEF
:10B35000112468E173E6969587950F94DEA939E18B
:10B36000A32E36E1B32E912C812CCC24C394D12C66
:10B37000C4010F94AFA98C0C9D1CF5010190F081C4
:10B38000E02DF9AFE8AFCF010F94515780918B14A6
:10B3900066E774E1882311F06BE874E1CE01019651
:10B3A0000F9405C2609085147090861420918314C8
:10B3B000309184143BAF2AAF2090C014BFAAAEAA2C
:10B3C00086018091030180FD47C00F94A22CC80123
:10B3D00001979DAF8CAFEEA9FFA952904290FFABB1
:10B3E000EEABC2010F94515780918B1466E774E164
:10B3F000882311F06BE874E131108AC08091C01489
:10B40000281283C08091851490918614681679065D
:10B4100009F06CC080918314909184142AAD3BADE7
:10B420008217930708F066C0000F111FF801E95E4C
:10B43000F94E28AD39AD318320833FEFC31AD30ACB
:10B4400082E0A80EB11CEC14FD0409F091CF0F941A
:10B45000D0A981E080939702ED960FB6F894DEBFF5
:10B460000FBECDBFDF91CF911F910F91FF90EF9055
:10B47000DF90CF90BF90AF909F908F907F906F9014
:10B480005F904F903F902F90089540918714509176
:10B4900088146091891470918A14B0921E15A0923C
:10B4A0001D1590928D1780928C178FE195E10F9466
:10B4B000DE481E7F1D7FE0911D15F0911E1583E271
:10B4C000DE01119601900D928A95E1F7012F22E09D
:10B4D00050E040E0BE016F5F7F4F84EF92E00F9439
:10B4E000DB54CE0101960E94305B03CF8615970591
:10B4F00008F49ACFEEA9FFA9538242820CAD1DAD8C
:10B500000115110509F05DCF8FCF222099F38CCF63
:10B5100031E03312EFCF8091C014281207C0CE0162
:10B5200001960F94D3C197FDE5CF7ECF2110E2CFD6
:10B530007BCFCF92DF92EF92FF920F931F93CF9327
:10B54000DF93CDB7DEB7A3970FB6F894DEBF0FBE7B
:10B55000CDBF7C01062F19821C82809122159FE1AC
:10B56000C92E95E1D92E811104C08AEFC82E84E13D
:10B57000D82E21E0A701B601CE0101960F9447B560
:10B58000182F882321F180911416853000F529E0C9
:10B59000829FC0011124B7018C539B4E0F9405C2AA
:10B5A000C7010F9429C280911416863080F183E27E
:10B5B000FE013196AFE1B5E101900D928A95E1F778
:10B5C000002309F44CC00F941559102F0CC082E7CA
:10B5D00099E60E944F5B8EEC94E60E944F5BC70198
:10B5E0000F949FB410E0CE0101960E94305B812F32
:10B5F000A3960FB6F894DEBF0FBECDBFDF91CF91FB
:10B600001F910F91FF90EF90DF90CF9008958F5F83
:10B610008093141693E28150C8F0282F30E0A901DE
:10B620004F5F5F4F949FD001959FB00D1124AE5B8B
:10B63000BA4E929FF001939FF00D1124EE5BFA4EEB
:10B64000292F01900D922A95E1F7E5CF83E2F601CB
:10B65000A2E4B5E101900D928A95E1F7A8CF81E0CF
:10B660008093C314C0CF93E2EAEFF4E1AFE1B5E118
:10B6700001900D929A95E1F7109214162FE135E1A1
:10B6800030931E1520931D1581110D94155981E0DD
:10B690008093C31408958F929F92AF92BF92CF92DE
:10B6A000DF92EF92FF920F931F93CF93DF93CDB76B
:10B6B000DEB72D970FB6F894DEBF0FBECDBF2AEFD1
:10B6C00034E130931E1520931D15DC01ED91FC91A2
:10B6D0003097A1F481E02D960FB6F894DEBF0FBE2F
:10B6E000CDBFDF91CF911F910F91FF90EF90DF9031
:10B6F000CF90BF90AF909F908F90089520812F3270
:10B7000009F047C06C0180E00F94335BF6010081C3
:10B7100011810F5F1F4F9FE1892E95E1992ED8016E
:10B720008C918823B9F26FE270E0C8010F94F1C1E7
:10B730005C01009751F10817190738F57C01E01AF0
:10B74000F10ABDE0EB16F10418F08CE0E82EF12CC4
:10B75000A701B801CE0101960F941AC2E1E0F0E012
:10B76000EC0FFD1FEE0DFF1D108260E0CE01019673
:10B770000F94995A882309F4AECF90921E158092A7
:10B780001D1585010F5F1F4FCACFF601118300837E
:10B79000A1CF8FE195E190931E1580931D159ACF4F
:10B7A000BF92CF92DF92EF92FF920F931F93CF93AE
:10B7B000DF931F921F92CDB7DEB72091751422231D
:10B7C00009F4EFC07C0180910717882309F404C1B4
:10B7D0006111F6C0D0902717DD2021F080E998E6AE
:10B7E0000E94015E82E799E60E944F5B87E798E638
:10B7F0000E944F5BC7010E94F6708CE698E60E949B
:10B800004F5B0091271725E5029F80011124045DFD
:10B81000184E8FE2F80181938F01CC24C39483E208
:10B82000B82E80911416D816B0F4DB9CC0011124F8
:10B83000B8018E5B9A4E0F94F680C8018C01019678
:10B84000F8012081222329F0F4E5FC1510F0C394BF
:10B85000F5CFD394E6CF27E42C1508F4AEC0B80199
:10B8600084E097E10F94F68080912717F5E58F9F8C
:10B87000C0011124845D984E0E94F67086E698E619
:10B880000E944F5B609188177091891780918A1789
:10B8900090918B174AE00F94B4AE0F949EB38091B1
:10B8A000271724E0829FF0011124E85DF84E4091B3
:10B8B00088175091891760918A1770918B17408370
:10B8C0005183628373838F5F8093271784E097E1AE
:10B8D0000F94D38010927414FA82E982CE010196FB
:10B8E0000F944B5B882309F45CC049815A816091B5
:10B8F0001D1570911E1521E084E097E10F9447B566
:10B90000882309F477C084E097E10F94C84788231F
:10B9100009F470C080912517909126178F57914F89
:10B920009093201780931F1789819A810F940A574B
:10B930008091151790911617A0911717B0911817AD
:10B940008093811790938217A0938317B0938417E5
:10B9500086E398E60E944F5B0F94ED578EE298E6DF
:10B960000E944F5B609181177091821780918317BD
:10B97000909184174AE00F94B4AE0F949EB3109246
:10B9800088171092891710928A1710928B1780E2ED
:10B9900098E60E94765D80E298E60E94ADEE1092F5
:10B9A0006E0E0F900F90DF91CF911F910F91FF902E
:10B9B000EF90DF90CF90BF900895F801108254CFA0
:10B9C00082E799E60E944F5B85E598E60E944F5B0F
:10B9D000C7010F949FB47ACF1092271782E799E698
:10B9E0000E944F5B84E498E60E944F5BC7010F946E
:10B9F0009FB470CF8AEB94E60E944F5B89819A8155
:10BA00000E94F6708EE20E94365B0F949EB3C9CFFF
:10BA10000F94523784E097E10F94D38080912717D9
:10BA2000882369F181508093271725E5829FC00103
:10BA3000112461E0845D984E0F94D05BE09127174C
:10BA400084E0E89FF0011124E85DF84E6081718187
:10BA500082819381609388177093891780938A17E6
:10BA600090938B170F94685380917514882371F00D
:10BA700081E08093741485E080936D0E0895109298
:10BA8000741483E080936D0E0C94B66B0895CF927E
:10BA9000DF92EF92FF920F931F93CF93DF93082FC4
:10BAA000109275148091FD14882321F08AEF94E19F
:10BAB0000F94D3801092E4161092E1160F949F1DFC
:10BAC000EB010F943951809104018064809304014B
:10BAD0002398229A219A209A289A85E08093E21648
:10BAE00082E58CBD1DBC1AE08FEF0F942B821150A4
:10BAF000D9F72B9A20E030E0A90160E081EE96E1D1
:10BB00000F9437828093E316813061F00F949F1D6C
:10BB10006C1B7D0B613D774068F32B9881E080932F
:10BB2000E11622C02B980F949F1DEB0183E198E64C
:10BB30000E94765D8FEF0F942B820F94308280935A
:10BB4000E3168F3F59F18FEF0F942B820F949F1DB7
:10BB50006C1B7D0B6232710580F382E08093E116ED
:10BB600082E098E60E94765D0F94395182E799E66B
:10BB70000E944F5B8DEA94E60E94765D8091751479
:10BB8000882309F49AC0802FDF91CF911F910F91E4
:10BB9000FF90EF90DF90CF900D94335B2AEA31E075
:10BBA00040E050E068E081EE96E10F94378282FF3A
:10BBB0002BC081E08093E4168091E416C12CD12C37
:10BBC0007601823029F4C12CD12CE12C80E4F82EAE
:10BBD00020E030E0A90167E381EE96E10F9437821F
:10BBE000A701960169E281EE96E10F943782809376
:10BBF000E3168823B1F00F949F1D6C1B7D0B613DF4
:10BC0000774030F38AE08BCF14E00F94308280933A
:10BC1000E3161150D1F78A3A11F082E080CF82E02A
:10BC2000C9CF8091E4168230D1F420E030E0A90140
:10BC30006AE381EE96E10F943782882311F088E061
:10BC40006ECF0F943082807C803C19F483E0809327
:10BC5000E4160F9430820F9430820F9430820F9448
:10BC600039511092E21681E00F94F14C81110CC011
:10BC700080E00F94F14C811107C08AE499E60E949C
:10BC80004F5B8AE994E678CF66EE76E18AEF94E13D
:10BC90000F948380811107C08AE499E60E944F5B6C
:10BCA0008AE894E669CF81E08093751482E799E68B
:10BCB0000E944F5B8FE794E65FCFDF91CF911F919A
:10BCC0000F91FF90EF90DF90CF9008954F925F9289
:10BCD0006F927F928F929F92AF92BF92CF92DF929C
:10BCE000EF92FF924B015C016091730E7091740EA4
:10BCF000072E000C880B990B0F9428B620E030E03B
:10BD0000A9010F94B7BD8823D1F010926B0ECC24FB
:10BD1000CA94DC2C760198EE492E93E0592E612CC2
:10BD2000712C80916B0E81110AC02FEFC216D206C2
:10BD3000E206F20689F480916A0E8230B9F4FF902F
:10BD4000EF90DF90CF90BF90AF909F908F907F90BB
:10BD50006F905F904F900895F7FCF1CF0F949F1D67
:10BD60006C197D09683B7B4030F3E9CF0F949F1D30
:10BD7000681979098A099B09693E73408105910513
:10BD800008F442C080916C0E81113AC08FEF97E6A3
:10BD90000E944F5B6091660E7091670E8091680EF5
:10BDA0009091690E41E00F94EBB28BEF97E60E9401
:10BDB0004F5B60E070E0CB010F942AAF87EF97E60E
:10BDC0000E944F5BF7FC52C00F949F1D4601570124
:10BDD00058EB850E5BE0951EA11CB11CA5019401DA
:10BDE000261B370B480B590BCA01B901A30192015D
:10BDF0000F940DBCCA01B9010F942AAF0F949EB3E2
:10BE00000F949F1D4B015C0190E080E00E943C7606
:10BE10003FEFC316D306E306F30609F046C0809150
:10BE2000650E6091730E7091740E882319F1072EC0
:10BE3000000C880B990B0F9428B620E030E040E806
:10BE40005FE30F94C1BC9B01AC016091660E7091E1
:10BE5000670E8091680E9091690E0F944BBF87FD1D
:10BE600060CF0F949F1D6B017C015BCF8FE30E941D
:10BE7000365BC4CF072E000C880B990B0F9428B6A5
:10BE800020E030E040E85FE30F94C2BC9B01AC01CE
:10BE90006091660E7091670E8091680E9091690EA8
:10BEA0000F94B7BD1816ECF63CCFF7FC3ACF609173
:10BEB000730E7091740E072E000C880B990B0F9463
:10BEC00028B69B01AC016091660E7091670E80915F
:10BED000680E9091690E0F94C1BC9F7720E030E00E
:10BEE00040EA50E40F944BBF18160CF01ACFB9CFAC
:10BEF0001F93CF93DF93EC01162F80917113833042
:10BF000009F44DC08C3109F451C080919613909181
:10BF100097138C179D0771F1D0939713C0939613C5
:10BF200010939813CE010F94D99FE82FF0E0EE0FF5
:10BF3000FF1FE55DF849859194910F94C79FC1302B
:10BF4000D105C1F0CC3080E8D807A1F0C93280E833
:10BF5000D80781F00F94E39ECE0188279E77892B26
:10BF600049F08091A4139091A51301969093A51385
:10BF70008093A413809183138823D9F011E0109348
:10BF8000640ECE010F944EA28F3F99F0109384134C
:10BF900088E197E6DF91CF911F910C94765D109226
:10BFA000A1130F9480981092620EAFCF1092A0133D
:10BFB000F8CF109284138091630E811106C0CE01D8
:10BFC000DF91CF911F910D942AA1DF91CF911F9105
:10BFD00008952F923F924F925F926F927F928F922D
:10BFE0009F92AF92BF92CF92DF92EF92FF920F9308
:10BFF0001F93CF93DF9300D01F92CDB7DEB75C01C4
:10C000004B0180910717813009F0DEC08091051740
:10C0100081FFDAC082FDBCC07401212C32E0332ED6
:10C0200000910C1710910D1720910E1730910F17DA
:10C03000E114F10409F430C180911D1790911E178D
:10C04000DC0114967C907A94B901A80129E07695D8
:10C050006795579547952A95D1F7742211707110FD
:10C0600025C00115110511F54091081750910917C8
:10C0700060910A1770910B17411551056105710503
:10C0800009F0A8C08091191790911A17A0911B1759
:10C09000B0911C170097A105B10509F0B4C084E068
:10C0A00097E10F943081882309F48EC0C101801B71
:10C0B000910B67018E159F0508F46C01E0911D1727
:10C0C000F0911E178091081790910917A0910A17F7
:10C0D000B0910B170297A109B109258504C0880FFB
:10C0E000991FAA1FBB1F2A95D2F7468557856089DD
:10C0F0007189840F951FA61FB71F9C01AD01270DE5
:10C10000311D411D511D29013A01C11432E0D306F0
:10C1100009F08AC08091750E9091760EA091770EED
:10C12000B091780E481659066A067B0669F410929B
:10C130007D0E8FEF9FEFDC018093750E9093760E4E
:10C14000A093770EB093780E9501B301A201809170
:10C150007E0E90917F0E0F9497828823A9F1809193
:10C160000C1790910D17A0910E17B0910F178C0D11
:10C170009D1DA11DB11D80930C1790930D17A093C9
:10C180000E17B0930F17AC0CBD1CEC18FD0848CF70
:10C190004091151750911617609117177091181745
:10C1A00080910C1790910D17A0910E17B0910F1759
:10C1B000481759076A077B0709F42ECF84E097E1F7
:10C1C0000F94DE48811128CF81E0809304178FEF10
:10C1D0009FEF81C09E012F5F3F4F0F94DB46882366
:10C1E00099F389819A81AB81BC81E0911D17F0910F
:10C1F0001E172789203181F4883FEFEF9E07A105A4
:10C20000B10508F04CCF8093081790930917A093BD
:10C210000A17B0930B174ACF883FFFEF9F07AF076E
:10C22000FFE0BF0780F33BCF0115110569F5409191
:10C230000C1750910D1760910E1770910F17809188
:10C24000151790911617A0911717B0911817481746
:10C2500059076A077B07C0F00F94CD45882309F47E
:10C26000B3CF81E080937D0E4092750E5092760E92
:10C270006092770E7092780EA601B501C8018F57B3
:10C28000914F0F94C3C16BCF41E0C301B2010F9432
:10C290000C468111F1CF98CF809115179091161708
:10C2A000A0911717B091181780179107A207B3072D
:10C2B00068F48091051700931517109316172093B3
:10C2C000171730931817806880930517809105170A
:10C2D00083FD18C0C4010F900F900F900F90DF9155
:10C2E000CF911F910F91FF90EF90DF90CF90BF9073
:10C2F000AF909F908F907F906F905F904F903F9006
:10C300002F90089584E097E10F94A9488111E2CF1E
:10C310005BCF0F93CF93DF93CDB7DEB7A3970FB665
:10C32000F894DEBF0FBECDBF2091151630911616C2
:10C3300082179307D8F4613031F421503109A901F3
:10C34000481B590BCA01880F991FFC01E95EF94E81
:10C35000808191810F945157A3960FB6F894DEBF58
:10C360000FBECDBFDF91CF910F9108954FE155E101
:10C3700050931E1540931D15821B930B01969093AD
:10C380008D1780938C174091DF165091E01685E051
:10C39000440F551F8A95E1F770E060E08FE195E169
:10C3A0000F94DE4800E00E7F0D7FE0911D15F091A7
:10C3B0001E1583E2DE01119601900D928A95E1F738
:10C3C00022E050E040E0BE016F5F7F4F84EF92E0DB
:10C3D0000F94DB54CE0101960E94305BBDCF0F93CA
:10C3E0001F93CF93DF931F921F92CDB7DEB720919B
:10C3F0007514222369F18C0180910717882379F144
:10C400008FE396E60E94765D109274141A83098376
:10C41000CE0101960F944B5B8823D1F049815A815C
:10C4200060911D1570911E1526E584E097E10F942B
:10C4300047B5811122C08AEB94E60E944F5B898147
:10C440009A810E94F6708EE20E94365B0F949EB332
:10C450000F900F90DF91CF911F910F91089510923F
:10C46000271782E799E60E944F5B84E498E60E94D2
:10C470004F5BC8010F949FB4C7CF81E080937214C3
:10C4800089819A810F940A578DE296E60E944F5B4C
:10C490000F94ED570F949EB380E298E60E94765D6C
:10C4A00080E298E60E94ADEE10926E0ED1CF0F930F
:10C4B0001F93CF93DF93EC0184E0FE0111928A95E4
:10C4C000E9F723E030EA4AE050E960E381EE96E1E3
:10C4D0000F943782882391F023E030EA4AE050E954
:10C4E00061E181EE96E10F943782882339F080E88C
:10C4F0008093E1160F94395180E02FC00F949F1D57
:10C500008B010F9430828093E3168F3F69F40F9470
:10C510009F1D601B710B6D32714098F381E1809318
:10C52000E1160F943951E6CF8E3F11F08FE0F7CF2F
:10C530008E010C5F1F4F0F9430828993C017D10773
:10C54000D1F7CEEFD1E00F9430822197E1F70F942D
:10C5500039518FEF0F942B8281E0DF91CF911F91A2
:10C560000F9108958F929F92AF92BF92CF92DF92D8
:10C57000EF92FF920F931F93CF93DF931F92CDB74C
:10C58000DEB76B017C0149015A01033019F48CE5D7
:10C590008CBD1DBC81149104A104B10409F459C0DF
:10C5A0008E2D0E94B05A8D2D0E94B05A8C2D0E9463
:10C5B000B05A60911E1870911F1880E290E00F949D
:10C5C00002BA10E119820130B1F188F10330B9F1FA
:10C5D0008FEFC81AD80AE80AF80A60911E187091FD
:10C5E0001F1880E290E00F9402BA89810E94B05A2D
:10C5F000115081E0881A9108A108B1080FB607FE12
:10C6000006C0C4019F71892B11F40F94A22C8114D0
:10C610009104A104B10411F01111D4CF60911E183E
:10C6200070911F188AE090E00F9402BAB3CFF60120
:10C6300080818983CDCFC6010F949ABBFACF21E0C8
:10C6400030E0AE014F5F5F4FC701B6010E94CEC719
:10C65000BFCF0F90DF91CF911F910F91FF90EF907F
:10C66000DF90CF90BF90AF909F908F900895E7E0BC
:10C67000F1E080818E7F80839FB7F894E8E0F1E05D
:10C6800080818E7F80839FBF10928E170895809146
:10C690008E17833011F40F943763809107018E7FDA
:10C6A000809307019FB7F89480910801816080937F
:10C6B00008019FBF8EE897E10E94F8578EE897E146
:10C6C0000E94F85788E49DE00F949ABB80939717D7
:10C6D0000895CF92DF92EF92FF9269017A012DECDB
:10C6E0003CEC4CE45EE30F94C1BC2DEC3CEC4CE420
:10C6F0005EE30F9467B62DEF3DEA40E05DE30F94F3
:10C70000C2BCA70196010F9467B624E230EF49E15D
:10C7100050E40F94C1BDFF90EF90DF90CF9008954B
:10C720002F923F924F925F926F927F928F929F9241
:10C73000AF92BF92CF92DF92EF92FF920F931F932F
:10C74000CF93DF9300D01F921F92CDB7DEB78C83BB
:10C750004A015B0123E43DEC4FE25DE3CB01B40110
:10C760000F94C1BC6B017C0120E030E040EA51E451
:10C77000C501B4010F946963562E472E382E292E19
:10C78000A7019601C501B4010F94696369837A8397
:10C790008B83A92EBC808B2D90E09C012D5F3F4F99
:10C7A0003D832C830B2D10E08C819D818017910798
:10C7B0000CF4A1C02F923F924F925F92B801012ECC
:10C7C000000C880B990B0F9428B6A70196010F94C3
:10C7D00067B69B01AC010F94C2BC9B01AC0160E049
:10C7E00070E08CE092E40F94C1BC9F938F937F9391
:10C7F0006F931F9296E49F9328E136E63F932F9321
:10C800000E949871B801660F771F6F5F7F4F072EE8
:10C81000000C880B990B0F9428B6A70196010F9472
:10C8200067B69B01AC0160E070E08CE092E40F948D
:10C83000C1BC962E872E782E692EAF929B819F9336
:10C840002A812F9339813F936F927F928F929F928B
:10C850001F9286E48F9328E136E63F932F930E9440
:10C8600098712F923F924F925F926F927F928F9228
:10C870009F921F9292E39F9328E136E63F932F9376
:10C880000E9498710FB6F894DEBF0FBECDBFAF9275
:10C890003B813F938A818F9399819F93B8016F5F0A
:10C8A0007F4F072E000C880B990B0F9428B6A70119
:10C8B00096010F9467B69B01AC010F94C2BC9B011B
:10C8C000AC0160E070E08CE092E40F94C1BC9F93F7
:10C8D0008F937F936F931F9222E32F9388E196E6C5
:10C8E0009F938F930E949871B3940FB6F894DEBF14
:10C8F0000FBECDBF57CF0F900F900F900F900F909E
:10C90000DF91CF911F910F91FF90EF90DF90CF902B
:10C91000BF90AF909F908F907F906F905F904F905F
:10C920003F902F9008959FB7F89480E1E9E5F7E0F4
:10C93000A9E6B7E001900D928A95E1F79FBF0895AF
:10C9400089E080937A07E5E5F6E6859194910C9469
:10C95000ADEECF93C82F8093851382E799E60E94AE
:10C960004F5B82E196E60E944F5B88E096E60E946C
:10C970004F5B8C2F90E0CF910D94C1520F931F937A
:10C98000CF93DF9300D000D01F921F92CDB7DEB7B8
:10C9900008EE13E01D821E821F82188619821A82F9
:10C9A0001B821C82AE014B5F5F4F6FE680E00F94ED
:10C9B000D617AE014F5F5F4F6FE681E00F94D61739
:10C9C0008D819E81AF81B885B7FD07C00F943A1E57
:10C9D00001501109F9F680E009C089819A81AB8183
:10C9E000BC81B7FFF3CF0F943A1E81E028960FB6B3
:10C9F000F894DEBF0FBECDBFDF91CF911F910F9195
:10CA000008951F93CF93DF93EC01162F0F945237A5
:10CA1000FE0134962591359145915491FE01659121
:10CA20007591859194910F94A39F2896115081F749
:10CA30000F945237DF91CF911F910D94A19F0E94C7
:10CA4000B94C811104C086E694E60E94ADEE1092C6
:10CA50007A07089580919E13882311F081E008954C
:10CA600080E008952F923F924F925F926F927F9253
:10CA70008F929F92AF92BF92CF92DF92EF92FF92EE
:10CA80000F931F93CF93DF93CDB7DEB72D970FB6DC
:10CA9000F894DEBF0FBECDBFE82E412C512C3201E1
:10CAA0006E3190F0693C08F068EC70E068517C4FA2
:10CAB00090E080E00F9426B620E030E04AE754E4AE
:10CAC0000F94C1BD2B013C018091C0029091C10225
:10CAD000A091C202B091C30289839A83AB83BC83C5
:10CAE0008091C4029091C502A091C6028D839E835D
:10CAF000AF8320E030E047EF50E069EE8E2D0F94D9
:10CB00003018812C912C5401F12C10E001E0D12C33
:10CB100019862F2C312C8F2D8F718887811103C09E
:10CB2000812C912C5401B101032C000C880B990B22
:10CB30000F9428B62BED3FE049EC50E40F9467B614
:10CB40006A877B878C879D8720E030E0A901C3013D
:10CB5000B2010F94B7BD81114DC02BED3FE049E408
:10CB600050E46A857B858C859D850F94C2BC20E04E
:10CB700030E040E85AE30F9467B60F9482C020E09B
:10CB800030E048E753E40F9467B620E030E040E03F
:10CB90005FE30F94C2BC0F943ABECC24CA94C60E75
:10CBA0008C2D9985891B8D15F9F0801709F471C0BA
:10CBB0008D150CF053C08823E9F1813009F444C08D
:10CBC0008F3F09F081C0E2E0F0E0EC0FFD1FE10FC4
:10CBD000F11D108200E0E5E0F0E0EC0FFD1FE10F39
:10CBE000F11DF0821F5FD82E143008F456C06CC0BF
:10CBF000F82E8FCF20E030E040E85AE36A857B854D
:10CC00008C859D850F9467B60F9482C0A301920115
:10CC10000F9432C020E030E047E753E40F9467B64A
:10CC200020E030E040E05FE30F94C2BC0F943ABED6
:10CC3000C62EB6CFE2E0F0E0EC0FFD1FE10FF11DD4
:10CC400091E0908301E0C7CFE2E0F0E0EC0FFD1F40
:10CC5000E10FF11D92E0908302E0BDCF0817A4F52B
:10CC6000823009F480C0833009F488C0813061F5D6
:10CC7000E2E0F0E0EC0FFD1FE10FF11D808301E029
:10CC8000D12CE5E0F0E0EC0FFD1FE10FF11DF0828B
:10CC90001F5F1430C8F46894B7F888858F3109F0A5
:10CCA00078C0B101E5E075956795EA95E1F7605ABE
:10CCB0006068A50194018E2D0F94301881E08F0DCE
:10CCC000C9869FEFF91294CF2A8130E050E040E00E
:10CCD00082E0220F331F441F551F8A95D1F78B80A6
:10CCE000912CB12CA12C94E0880C991CAA1CBB1C83
:10CCF0009A95D1F7822A932AA42AB52A8981882A6B
:10CD00008C8190E0B0E0A0E09C01AD0166E0220FD4
:10CD1000331F441F551F6A95D1F7282939294A29FD
:10CD20005B298D81382B8E81482B8F81582B68EEA3
:10CD30008E2D2D960FB6F894DEBF0FBECDBFDF91BE
:10CD4000CF911F910F91FF90EF90DF90CF90BF9008
:10CD5000AF909F908F907F906F905F904F903F909B
:10CD60002F900D943018E2E0F0E0EC0FFD1FE10F82
:10CD7000F11D808302E0DD24D39483CFE2E0F0E074
:10CD8000EC0FFD1FE10FF11D808303E0F2E0DF2EC9
:10CD900078CFB694A7949794879490CF8F929F92D0
:10CDA000AF92BF92CF92DF92EF92FF9290914407A1
:10CDB000882309F49DC0911192C00F9452370E94AC
:10CDC0004F4D6091950270919602072E000C880BD2
:10CDD000990B0F9428B62091F6063091F7064091F2
:10CDE000F8065091F9060F9467B62AE037ED43E252
:10CDF0005CE30F9467B6209154073091550740913A
:10CE00005607509157070F94C2BC60935407709314
:10CE10005507809356079093570784E597E00F9442
:10CE20005787C0909102D0909202E0909302F090C8
:10CE3000940220E030E040E752E46091FA067091FD
:10CE4000FB068091FC069091FD060F9467B66093F7
:10CE5000910270939202809393029093940281E0E6
:10CE60008093440790E080E00E941D5120E030E074
:10CE7000A9016091FE067091FF06809100079091D4
:10CE800001070F94B7BD882311F10F9452372091F9
:10CE9000FE063091FF064091000750910107609116
:10CEA00050077091510780915207909153070F944A
:10CEB000C1BC6093500770935107809352079093C1
:10CEC00053070F94C69590E080E00E941D51C092D8
:10CED0009102D0929202E0929302F0929402FF901B
:10CEE000EF90DF90CF90BF90AF909F908F9008957C
:10CEF0009923A9F30F9452370E944F4D80909102CD
:10CF000090909202A0909302B090940220E030E0C2
:10CF100040E752E460910607709107078091080787
:10CF2000909109070F9467B66093910270939202F3
:10CF30008093930290939402C090FE06D090FF06D7
:10CF4000E0900007F090010720E030E0A901C70160
:10CF5000B6010F94B7BD8823E1F0A7019601609157
:10CF600050077091510780915207909153070F9489
:10CF7000C2BC6093500770935107809352079093FF
:10CF800053070F94C69590E080E00E941D510F94C6
:10CF900052372091020730910307409104075091C6
:10CFA00005076091F6067091F7068091F80690915A
:10CFB000F9060F94C2BC6B017C01609195027091DF
:10CFC0009602072E000C880B990B0F9428B69B0134
:10CFD000AC01C701B6010F9467B62AE037ED43E212
:10CFE0005CE30F9467B69B01AC01609154077091AC
:10CFF000550780915607909157070F94C1BC6093D5
:10D00000540770935507809356079093570784E50C
:10D0100097E00F9457871092440790E080E00E94B9
:10D020001D518092910290929202A0929302B0922E
:10D03000940255CFEF92FF920F931F93CF93C82F77
:10D040008B0180910901C130B9F0C230C1F081700B
:10D05000481721F0642F8C2F0F9493178BE9E82E3B
:10D060008FE0F82E0150110970F08C2F0F94821769
:10D07000C7010197F1F7F6CF86958C27E8CF82FBA1
:10D08000882780F9E5CFCF911F910F91FF90EF9006
:10D0900008958F929F92AF92BF92CF92DF92EF92BC
:10D0A000FF920F931F93CF93C82F8A01C62ED12CC6
:10D0B0001F934F9383E08F9388EE8F931F9282E0AC
:10D0C0008F931F926F931F92CF9386E494E69F9362
:10D0D0008F930F945CBA8DB79EB70C960FB6F894E9
:10D0E0009EBF0FBE8DBF90E080E040E051E0282F52
:10D0F000BA01082E02C0769567950A94E2F70617E2
:10D10000170729F001968830910589F728E0E22E6B
:10D11000F12C88E090E08E199F0924E030E059015D
:10D1200002C0AA0CBB1C8A95E2F78C2F0F945A18E8
:10D130009C0190E0C43028F4EC2FF0E0E95DFC4F56
:10D1400090810E2C02C0369527950A94E2F786014D
:10D15000021B130B95013695279561E020173107C7
:10D1600074F1911160E017FF05C081E06827119507
:10D17000019511098C2F0F9493178C2F0F945A1827
:10D18000B12CA12C2BE9822E2FE0922E0A151B0523
:10D19000F1F02FEFA21AB20A0E2C02C096958795D5
:10D1A0000A94E2F78C159D0591F08C2F0F9482174D
:10D1B000C4010197F1F78C2F0F945A18E7CF911102
:10D1C00001C060E0C501801B910B8C01CCCFCF91D9
:10D1D0001F910F91FF90EF90DF90CF90BF90AF9095
:10D1E0009F908F9008952F923F924F925F926F92EF
:10D1F0007F928F929F92AF92BF92CF92DF92EF92E7
:10D20000FF920F931F93CF93DF934C01262EC42FD1
:10D210005901D02F009709F048C085012D2F40EC0F
:10D2200052E663EC72E68C2F0F94C311D12CC12C03
:10D230000F949F1D2B013C010E94395784E080937D
:10D240009702760184E6382E82E390E00E943C76D5
:10D25000211032C080917106909172060097C9F535
:10D260000E943E57882309F45DC0E114F10409F0DF
:10D2700055C082E08093970291E090939002809352
:10D280008F028C2FDF91CF911F910F91FF90EF9024
:10D29000DF90CF90BF90AF909F908F907F906F90D6
:10D2A0005F904F903F902F9008950F9427126C013C
:10D2B000892B09F0BDCFB1CF0F949F1D641975095B
:10D2C00086099709613375478105910518F2CFEFFB
:10D2D000D0CFE114F104F9F4A114B104B1F097FF37
:10D2E00010C0C111C15085012D2F40EC52E663ECF6
:10D2F00072E68C2F0F94C311109272061092710671
:10D30000AFCFC23081F3CF5FEECFC92FC095CC1F16
:10D31000CC27CC1FE8CF87E00F94BE42C114D104C4
:10D3200059F490CF3A9431108FCFC114D10441F009
:10D33000E114F10409F47401C7010F9427127C0170
:10D34000E114F10409F07ECF85012D2F40EC52E667
:10D3500063EC72E68C2F0F94C31174CF1092A61356
:10D36000E7EAF3E184ECDF011D928A95E9F708957D
:10D370002F923F924F925F926F927F928F929F92E5
:10D38000AF92BF92CF92DF92EF92FF920F931F93D3
:10D39000CF93DF9300D01F92CDB7DEB74B015C0176
:10D3A000042F81E08093700680916F0610E0813039
:10D3B00019F40E94D94B11E020918E022A8381E05A
:10D3C00080938E0280E00F94994289830F94A74244
:10D3D0008092500790925107A0925207B092530743
:10D3E00065E575E585E591E40F94C39F0F9410A65C
:10D3F0000F94A7428C83882309F4F9C08091060119
:10D4000086FFF5C01B82C12CD12C7601312C8B817B
:10D41000801708F0A8C06091500770915107809163
:10D4200052079091530720E030E040E05FE3311075
:10D4300004C02DEC3CEC4CE45EE30F94C2BC2B0129
:10D440003C014092500750925107609252077092EF
:10D45000530765E575E585E591E40F94C39F8092D8
:10D46000500790925107A0925207B092530765E57A
:10D4700075E585E590E40F94C39F0F9410A6A30172
:10D4800092016091500770915107809152079091DD
:10D4900053070F94C1BC9F772DEC3CEC4CEC5CE344
:10D4A0000F94B7BD87FF16C060E070E080E09FE397
:10D4B0000E94F6528092500790925107A092520714
:10D4C000B092530765E575E585E590E40F94C39F39
:10D4D0000F9410A60F94A742282E882309F487C022
:10D4E0008091060186FF83C04090500750905107FD
:10D4F00060905207709053072B812223D9F0622F3E
:10D5000070E090E080E00F9428B69B01AC01C70169
:10D51000B6010F94C1BD9B01AC01C301B2010F94D0
:10D52000C1BC9F772DEC3CEC4CE45DE30F944BBF0A
:10D53000181664F0A3019201C701B6010F94C2BC92
:10D540006B017C012B812F5F2B8361CF31104FC08A
:10D5500084EF91E00E943C76322C8FEF8B83C12CBC
:10D56000D12C7601EFCF023068F5C0925007D092EF
:10D570005107E0925207F09253078A8180938E02FE
:10D5800089810F949942112319F080E00E94D94BB0
:10D59000109270068C810F900F900F900F90DF917A
:10D5A000CF911F910F91FF90EF90DF90CF90BF90A0
:10D5B000AF909F908F907F906F905F904F903F9033
:10D5C0002F900895602F70E090E080E00F9426B6D1
:10D5D0009B01AC01C701B6010F94C1BD6093500718
:10D5E000709351078093520790935307C6CF2A81B7
:10D5F00020938E0289810F949942112319F080E0C3
:10D600000E94D94B109270061C82C4CF2F923F9279
:10D610004F925F926F927F928F929F92AF92BF9242
:10D62000CF92DF92EF92FF920F931F93CF93DF93EE
:10D63000CDB7DEB7CD5BD1400FB6F894DEBF0FBEDD
:10D64000CDBFC357DE4F99838883CD58D140C15792
:10D65000DE4F79836883CF58D140CE56DE4F598351
:10D660004883C259D14084E1CF56DE4F8883C159E7
:10D67000D140CE56DE4FA881B981C259D1408D919B
:10D680009D910D90BC91A02DC656DE4F8883998345
:10D69000AA83BB83CA59D140C157DE4FA881B98143
:10D6A000CF58D1408D919D910D90BC91A02DCA5421
:10D6B000DE4F88839983AA83BB83C65BD140C3575F
:10D6C000DE4FA881B981CD58D1408D919D910D90AB
:10D6D000BC91A02DC654DE4F88839983AA83BB8357
:10D6E000CA5BD140FE01E75FFE4FC855DE4FF983AC
:10D6F000E883C85AD140CE018B579F4FCA55DE4FA1
:10D7000099838883C65AD140DE011196C856DE4FF0
:10D71000B983A883C859D140312C212CB101032CE5
:10D72000000C880B990B0F9428B62AE138EF42E4DD
:10D730005EE30F9467B66B017C010F9482C0C25602
:10D74000DE4F688379838A839B83CE59D140C7019A
:10D75000B6010F94BCBDCE55DE4F688379838A83B2
:10D760009B83C25AD1409B01AC01C656DE4F6881F3
:10D7700079818A819B81CA59D1400F9467B6C6547A
:10D78000DE4F288139814A815B81CA5BD1400F9489
:10D79000C2BC6B017C0120E030E0A9010F94B7BD51
:10D7A00018160CF07AC2C256DE4F288139814A81A0
:10D7B0005B81CE59D140C656DE4F688179818A811E
:10D7C0009B81CA59D1400F9467B6CA54DE4F288155
:10D7D00039814A815B81C65BD1400F94C2BC4B0149
:10D7E0005C0120E030E0A9010F94B7BD18160CF0E1
:10D7F00054C220E030E048EF51E4C701B6010F9475
:10D800004BBF87FF4AC220E030E048EF51E4C5013A
:10D81000B4010F944BBF87FF40C2C701B6010F94FC
:10D8200069BE9B01AC01C701B6010F94C1BC2B01BD
:10D830003C01C501B4010F9469BE9B01AC01C50157
:10D84000B4010F94C1BCCC56DE4F688379838A83C0
:10D850009B83C459D140A301920160E070E080E84D
:10D860009FE30F94C1BCC255DE4F688379838A83DE
:10D870009B83CE5AD140CC56DE4F288139814A81D4
:10D880005B81C459D14060E070E080E89FE30F9471
:10D89000C1BCCE54DE4F688379838A839B83C25B8D
:10D8A000D140C701B6010F943ABE6B01FB0131961E
:10D8B000C655DE4FF983E883CA5AD140C501B40189
:10D8C0000F943ABE8B0195E0000F111F9A95E1F776
:10D8D000C8018096C455DE4F99838883CC5AD140C5
:10D8E000F801EC0DFD1DE558F84F608170E090E007
:10D8F00080E00F9428B64B015C01CE54DE4F2881A6
:10D9000039814A815B81C25BD140C255DE4F68815B
:10D9100079818A819B81CE5AD1400F9467B69B0151
:10D92000AC01C501B4010F9467B64B015C01C4554D
:10D93000DE4FE881F981CC5AD140EC0DFD1DE55850
:10D94000F84F608170E090E080E00F9428B66B01A2
:10D950007C01C255DE4F288139814A815B81CE5AD4
:10D96000D140CC56DE4F688179818A819B81C45930
:10D97000D1400F9467B69B01AC01C701B6010F946B
:10D9800067B69B01AC01C501B4010F94C2BC6B0129
:10D990007C01C655DE4FA881B981CA5AD1400A0F11
:10D9A0001B1FF801E558F84F608170E090E080E0BF
:10D9B0000F9428B64B015C01CE54DE4F288139818B
:10D9C0004A815B81C25BD140C301B2010F9467B64B
:10D9D0009B01AC01C501B4010F9467B69B01AC017A
:10D9E000C701B6010F94C2BC6B017C01C655DE4F66
:10D9F000E881F981CA5AD140C455DE4F88819981A6
:10DA0000CC5AD140E80FF91FE558F84F608170E01B
:10DA100090E080E00F9428B64B015C01CC56DE4FBD
:10DA2000288139814A815B81C459D140C301B20147
:10DA30000F9467B69B01AC01C501B4010F9467B6A2
:10DA40009B01AC01C701B6010F94C2BC20E030E0DD
:10DA500040E052E40F94C1BC6B017C01AC019B011E
:10DA6000CE55DE4F688179818A819B81C25AD1402F
:10DA70000F9467B6C855DE4FA881B981C85AD14006
:10DA80006D937D938D939D93C855DE4FB983A88385
:10DA9000C85AD140A7019601C256DE4F68817981EC
:10DAA0008A819B81CE59D1400F9467B6CA55DE4F0B
:10DAB000E881F981C65AD140619371938193919322
:10DAC000CA55DE4FF983E883C65AD140C856DE4FA7
:10DAD000A881B981C859D140CD92DD92ED92FD92D5
:10DAE000C856DE4FB983A883C859D140BFEF2B1A5F
:10DAF0003B0AE1E22E16310409F010CE40E050E07E
:10DB000060E07DE3CE01875F9E4F0F940A4A9B0140
:10DB1000AC01C357DE4FA881B981CD58D1406D917A
:10DB20007D918D919C910F94C2BCC357DE4FE881CB
:10DB3000F981CD58D140608371838283938340E023
:10DB400050E060E07DE3CE018B579F4F0F940A4A6F
:10DB50009B01AC01C157DE4FA881B981CF58D1409C
:10DB60006D917D918D919C910F94C2BCC157DE4FF8
:10DB7000E881F981CF58D140608371838283938398
:10DB800040E050E060E87CE3CE0101960F940A4A41
:10DB9000CE56DE4FA881B981C259D1402D913D9119
:10DBA0004D915C910F94C2BC162F072FF82EE92ED1
:10DBB00020E030E040E050E40F94B7BD18162CF0A0
:10DBC00010E000E0F12C80E4E82EA8019701852FF9
:10DBD000902FA32FBE2DCE56DE4FE881F981C2597A
:10DBE000D14080839183A283B383CF56DE4FF881E7
:10DBF000C159D140F150CF56DE4FF883C159D140C1
:10DC0000F11137CDEF92FF920F931F93C157DE4F63
:10DC1000A881B981CF58D14013968C9113978F93D7
:10DC200012968C9112978F9311968C9111978F93D6
:10DC30008C918F93C357DE4FE881F981CD58D14045
:10DC400083818F9382818F9381818F9380818F9342
:10DC50008AE294E69F938F930F945CBA0FB6F89480
:10DC6000DEBF0FBECDBFC354DE4F0FB6F894DEBF8C
:10DC70000FBECDBFDF91CF911F910F91FF90EF901D
:10DC8000DF90CF90BF90AF909F908F907F906F90DC
:10DC90005F904F903F902F90089560E070E0CB012F
:10DCA000D5CE2F923F924F925F926F927F928F923A
:10DCB0009F92AF92BF92CF92DF92EF92FF920F931B
:10DCC0001F93CF93DF9300D01F921F92CDB7DEB783
:10DCD0002B011A01F12CE12C1C821D8210E050E076
:10DCE00066246394712C70E060E097012558384FEA
:10DCF0003A832983862EC980DA80C60ED71EFC019E
:10DD000000E040E030E020E0AEEFA40FAB8344231E
:10DD100019F04B3009F07DC0AEEFA20FA83008F427
:10DD20007AC02F5F3F4F2C30310589F74F5F20E2DB
:10DD3000C20ED11C32964C3029F73C81301718F4B2
:10DD40000C835D83182D6F5F7F4F6431710591F6F1
:10DD50005F5FA0E2EA0EF11C543129F6EC816E2FD0
:10DD600070E090E080E00F9428B623EC35EF48EAAD
:10DD70005FE30F94C1BD9F938F937F936F93FD815A
:10DD80006F2F70E090E080E00F9428B620E030E044
:10DD900040EB50E40F94C2BC9F938F937F936F939B
:10DDA000612F70E090E080E00F9428B620E030E032
:10DDB00040EB50E40F94C2BC9F938F937F936F937B
:10DDC00086E094E69F938F930F945CBAF2011083E0
:10DDD0002D81F10120830FB6F894DEBF0FBECDBFB9
:10DDE0008C810F900F900F900F900F90DF91CF913B
:10DDF0001F910F91FF90EF90DF90CF90BF90AF9069
:10DE00009F908F907F906F905F904F903F902F905A
:10DE10000895222311F02B3021F4AB81A83008F0B3
:10DE200080CF99249394D601A20FB31FAC91A13156
:10DE300008F4912CA080B180D301022E02C0AA0F59
:10DE4000BB1F0A94E2F7AA21BB21BB24B394AB2BDE
:10DE500009F4B12C9B1065CF0F5F63CF2F923F92D7
:10DE60004F925F926F927F928F929F92AF92BF92EA
:10DE7000CF92DF92EF92FF920F931F93CF93DF9396
:10DE8000CDB7DEB7CA55D1090FB6F894DEBF0FBEC5
:10DE9000CDBF63969FAF8EAF63978B016A017E0102
:10DEA00025E4E20EF11C80E197E2F7019183808383
:10DEB00085EF93E69F938F930F945CBA2BE737E03F
:10DEC00061963FAF2EAF6197C801805E93402B965D
:10DED0009FAF8EAF2B970F900F90E0E4F0E0299664
:10DEE000FFAFEEAF299763962EAD3FAD6397205EEF
:10DEF000334069963FAF2EAF699729964EAC5FAC21
:10DF00002997312C63968EAD9FAD639780529C4FBD
:10DF10006B969FAF8EAF6B97609071077090720792
:10DF200080907307909074076B96AEACBFAC6B9704
:10DF3000311004C06996AEACBFAC69978091690797
:10DF400090916A07A0916B07B0916C07F501E81BEF
:10DF5000F90BCF0171F0AF01F7FF04C0442755273B
:10DF60004E1B5F0B692F661F6627661F81E00F94AB
:10DF7000714F80916D0790916E07A0916F07B091DE
:10DF800070072B964EAD5FAD2B97481B590B57FD75
:10DF9000B2C060E04115510509F0AEC08091710733
:10DFA00090917207A0917307B0917407681A790A6B
:10DFB00077FCABC060E06114710409F0A7C0409128
:10DFC000710750917207609173077091740700E0B8
:10DFD00028EC30E02B966EAD7FAD2B97C5010E94EB
:10DFE0005CC6632D80E00F94A4455F924F9281EF51
:10DFF00093E69F938F930F945CBA63E084E00E9452
:10E00000F4535F924F9282EE93E69F938F930E9418
:10E01000CD530FB6F894DEBF0FBECDBF21E030E088
:10E02000311002C02FEF3FEF40EC4203C001439F8D
:10E03000900D112467969FAF8EAF679740EE53E027
:10E04000249F4001259F900C349F900C11246396CF
:10E05000EEADFFAD63978E0E9F1E9E012F5F3F4F6B
:10E060002D963FAF2EAF2D9761968EAD9FAD6197E8
:10E070002F969FAF8EAF2F97712C612CE0E1F7E2C6
:10E080002796FFAFEEAF27978091690790916A07B7
:10E09000A0916B07B0916C078401081B190B17FF47
:10E0A00003C011950195110998013595279565963D
:10E0B0003FAF2EAF65971C9B33C045E0242E65967D
:10E0C000AEACBFAC6597632D822D0E9403C631E0D4
:10E0D000A31AB10840F128EC30E0A70168EE73E024
:10E0E000822D0E94D4C4632D822D0E941CC6EFCFC6
:10E0F0003324339411CF62E057FF03C0519541950B
:10E10000510982E00F94714F49CF64E0A30177FE7B
:10E1100003C051954195510984E00F94714F4FCF41
:10E1200022242394CCCF6596EEADFFAD65970E1BF0
:10E130001F0B23961FAF0EAF2397632D822D0E94D6
:10E1400003C69E012F5B3F4FA70168EE73E0822D4F
:10E150000E947AC5882329F0632D822D0E941CC657
:10E16000F0CF60E082E00F94A44520E137E22796EB
:10E170003FAF2EAF27970091710710917207209142
:10E18000730730917407005A164F17FF02C00F5FD4
:10E190001F4F159507958091710790917207A09177
:10E1A0007307B091740780179107F4F41C9B1CC08F
:10E1B00028EC30E0A70168EE73E084E00E94D4C44C
:10E1C0008091710790917207A0917307B0917407C5
:10E1D0000196A11DB11D8093710790937207A093C2
:10E1E0007307B0937407D7CF1C9B3FC08091710712
:10E1F00090917207A0917307B0917407E0E6F9E07F
:10E20000E81BF90BCF01F7FF02C090E080E02596F4
:10E210009FAF8EAF25971C9B28C08091710790916E
:10E220007207A0917307B091740780369940ECF49F
:10E230009E012D5B3F4FA70168EE73E084E00E94D2
:10E240007AC58091710790917207A0917307B09180
:10E2500074070196A11DB11D8093710790937207F9
:10E26000A0937307B0937407D6CF60E084E00E9458
:10E2700003C6F701208131812031F7E23F0758F4CE
:10E28000A70168E17CEF84E00E94D4C460E084E0F0
:10E290000E941CC6EECF61E082E00F94A44520E10D
:10E2A00037E2F701318320830091710710917207E3
:10E2B00020917307309174070C0D1D1D17FF02C0CC
:10E2C0000F5F1F4F15950795809171079091720709
:10E2D000A0917307B0917407081719070CF0D9C003
:10E2E0001C9BBBC0009171071091720720917307AE
:10E2F000309174071C9928C0809171079091720722
:10E30000A0917307B09174078C199D0997FF02C003
:10E3100090E080E025969FAF8EAF25971C990CC0AA
:10E320008091710790917207A0917307B091740763
:10E33000C816D9060CF4AFC000917107109172078E
:10E340002091730730917407809171079091720743
:10E35000A0917307B0917407C816D9063CF4F70171
:10E36000808191818031974208F4B2C00C191D0957
:10E370003110CAC0F301EE0FFF1F21E030E02C0F77
:10E380003D1FE20FF31F11830083FFEF6F1A7F0A17
:10E3900067962EAD3FAD6797820E931E2D968EAD7C
:10E3A0009FAD2D9702972D969FAF8EAF2D972F96ED
:10E3B000EEADFFAD2F9731972F96FFAFEEAF2F97B2
:10E3C000F0E26F16710409F059CE21E0421A5108AB
:10E3D00031E033128DCE61968EAD9FAD6197809600
:10E3E00061969FAF8EAF61972B96EEADFFAD2B97E9
:10E3F000E05CFF4F2B96FFAFEEAF2B9729962EAD2B
:10E400003FAD29972250310929963FAF2EAF29976A
:10E41000232B09F072CD80EE93E69F938F930F9498
:10E420005CBA0F900F90C65ADF4F0FB6F894DEBF5C
:10E430000FBECDBFDF91CF911F910F91FF90EF9055
:10E44000DF90CF90BF90AF909F908F907F906F9014
:10E450005F904F903F902F90089528EC30E0A701F7
:10E4600068EE73E084E00E94D4C4809171079091BB
:10E470007207A0917307B09174070197A109B109C0
:10E480008093710790937207A0937307B0937407FA
:10E490001BCF86012FCF9E012D5B3F4FA70168EE5A
:10E4A00073E084E00E947AC58091710790917207B1
:10E4B000A0917307B09174070197A109B1098093E6
:10E4C000710790937207A0937307B093740726CFD8
:10E4D00028EC30E0A70168E17CEF84E00E94D4C41E
:10E4E0008091710790917207A0917307B0917407A2
:10E4F0000197A109B1098093710790937207A093C6
:10E500007307B093740720CF2D96EEADFFAD2D9716
:10E5100086AD97AD012E000C220B330B080F191F8F
:10E52000211D311D36952795179507950F3F11052C
:10E530002105310529F020F00FEF10E020E030E058
:10E540002F96EEADFFAD2F97078F1FCF2F923F92E3
:10E550004F925F926F927F928F929F92AF92BF92F3
:10E56000CF92DF92EF92FF920F931F93CF93DF939F
:10E57000CDB7DEB76C970FB6F894DEBF0FBECDBF38
:10E580006C015B014A01190118870F83FA82E98245
:10E59000D7018D919C9160ED72E00F9463BC9C8FCC
:10E5A0008B8F9F938F933F922F931F9284E68F932D
:10E5B0009F928F92BF92AF92DF92CF9288EA93E6BA
:10E5C0009F938F930F945CBA0FB6F894DEBF0FBE83
:10E5D000CDBF22273327221933093A8F298FC4014F
:10E5E000990CAA0BBB0B89879A87AB87BC879501CF
:10E5F000BB0C440B550B298B3A8B4B8B5C8BC601A8
:10E60000DD0CAA0BBB0B8D8B9E8BAF8BB88F1214BE
:10E6100013040CF0BAC08B8D9C8D6CE370E00F94EA
:10E6200063BC10E1161B2B8D3C8DD1010F94BABC3D
:10E630000F9426B620E030E044E354E40F94C1BDCB
:10E640006B017C016F817885EB8DFC8D6E0F7F1FD8
:10E6500090E080E00F9426B625E33AEF4EE85CE3C5
:10E660000F9467B64B015C010F94BCBD6B837C8338
:10E670008D839E83C501B4010F9482C02B013C01A0
:10E6800069857A858B859C850F9428B64B015C0142
:10E690002B8D3C8DA4E6B0E00F943ABC0F9428B6C5
:10E6A00020E030E044E354E40F94C1BD9B01AC0191
:10E6B000C501B4010F94C1BC0F9433BE6D877E8732
:10E6C0008F87988B69897A898B899C890F9428B662
:10E6D0004B015C01A3019201C701B6010F9467B61B
:10E6E0009B01AC01C501B4010F94C2BC0F9433BEB1
:10E6F0004B016D897E898F89988D0F9428B62B01E7
:10E700003C01A70196016B817C818D819E810F94D4
:10E7100067B69B01AC01C301B2010F94C2BC0F9458
:10E7200033BECB0101E020E431E04D855E85B401CC
:10E730000E945CC6212F30E08823B9F14B8D5C8D9F
:10E74000420F531F4F5F5F4F5C8F4B8FEB8DFC8DE4
:10E75000A981BA81ED93FC936C960FB6F894DEBF55
:10E760000FBECDBFDF91CF911F910F91FF90EF9022
:10E77000DF90CF90BF90AF909F908F907F906F90E1
:10E780005F904F903F902F9008952FEC32E0AB8D2B
:10E79000BC8D2A1B3B0BC9016CE370E00F9463BC7A
:10E7A00010E1161BA98DBA8D41CF2F5F3F4FAB8D66
:10E7B000BC8DA20FB31FBC8FAB8FA03DB24008F43D
:10E7C00026CFC4CF1F93CF93DF9300D01F921F9209
:10E7D000CDB7DEB7162F482F62E5CE0101960F9414
:10E7E0007F9F49815A816B817C818D810F94AF4BD2
:10E7F000109332130F900F900F900F900F90DF91A6
:10E80000CF911F91089510927D13E0E1F9E6849174
:10E8100067E00D94E273E0917D13AE2FB0E0AA0F94
:10E82000BB1FA958BC4E20914A1330914B132D9316
:10E830003C93EF5FE0937D13E23040F4F0E0E95069
:10E84000F749849168E00F94E27388E00895E091BD
:10E850007D13AE2FB0E0AC58BC4E80914A138C9320
:10E86000EF5FE0937D13E33040F010927D13E7EF0C
:10E87000F8E6849168E00D94E273F0E0E05FF64919
:10E88000849167E0F8CFCF93DF9300D000D000D021
:10E890001F92CDB7DEB780913913823409F446C098
:10E8A000B8F5882309F472C084E08093311385E0C1
:10E8B000E9E3F3E1DE01169601900D928A95E1F706
:10E8C00085E0FE013696A4E3B3E101900D928A95AE
:10E8D000E1F740E060E0CE0101960F947F9F85E074
:10E8E000FE013196A9E3B3E101900D928A95E1F71B
:10E8F00085E0809332134091341350913513609129
:10E90000361370913713809138130F94AF4B2EC08C
:10E910008235B1F1873541F660913B1370913C131C
:10E920004CE080913A130F941A4C11C040913A1365
:10E9300062E4CE0101960F947F9F49815A816B81D9
:10E940007C818D810F94AF4B8AE08093321340E03D
:10E9500060E0CE0101960F947F9F85E0FE01319625
:10E96000A9E3B3E101900D928A95E1F781E02A963F
:10E970000FB6F894DEBF0FBECDBFDF91CF910895E3
:10E980006BE080913A130F94E273E1CF80E0EFCF18
:10E99000CF93DF9300D01F921F92CDB7DEB749838C
:10E9A0005A836B837C838D8385E0FE013196A9E3D6
:10E9B000B3E101900D928A95E1F78091321387FFC0
:10E9C00009C00F900F900F900F900F90DF91CF9193
:10E9D0000D9443740F900F900F900F900F90DF9154
:10E9E000CF9108951F93CF93DF9300D01F921F9272
:10E9F000CDB7DEB7182F482F63E5CE0101960F94EF
:10EA00007F9F49815A816B817C818D810F94AF4BAF
:10EA1000109332130F900F900F900F900F90DF9183
:10EA2000CF911F910895CF93DF9300D01F921F9233
:10EA3000CDB7DEB740E061E5CE0101960F947F9F30
:10EA400049815A816B817C818D810F94AF4B84E029
:10EA5000809332130F900F900F900F900F90DF91D3
:10EA6000CF910895CF93DF9300D01F921F92CDB71F
:10EA7000DEB70F94D79F80937313482F66E6CE01BD
:10EA800001960F947F9F49815A816B817C818D8192
:10EA90000F94AF4B86E0809332130F900F900F903E
:10EAA0000F900F90DF91CF910895CF93DF9300D017
:10EAB0001F921F92CDB7DEB7809149138534F1F0D4
:10EAC00020F4823451F185E011C0863471F1803533
:10EAD000D1F780914A138093711381E090E0909375
:10EAE000701380936F130F94327580E00F900F9026
:10EAF0000F900F900F90DF91CF9108958CE080934D
:10EB0000711380914A1390914B13909370138093DB
:10EB10006F130F94327587E0E9CF80914A13809389
:10EB200072130F9432758BE0E1CF90913413809182
:10EB30004413981322C09091351380914513981374
:10EB40001CC01092711381E090E090937013809339
:10EB50006F1382E88093321340E060E0CE010196AB
:10EB60000F947F9F85E0FE013196A4E3B3E101900D
:10EB70000D928A95E1F782E0B9CF83E0B7CF1F937A
:10EB8000CF93DF9300D01F921F92CDB7DEB7809155
:10EB9000640E81112AC0109199131F3F91F5809145
:10EBA0009813811160C01F3FB9F081E090E090930D
:10EBB000301380932F1390939713809396138FEFB6
:10EBC00080939813133009F482C0F8F0163008F4DB
:10EBD0007BC0173009F47EC00F900F900F900F90FC
:10EBE0000F90DF91CF911F9108958091961390918E
:10EBF00097130F944EA2182F1092640E8F3F79F640
:10EC0000CACF8FEF80939913CACF8CE897E60E9402
:10EC10004F5B812F90E00F94C1520F94877B8091BE
:10EC20009813813089F485E897E60F94C79F412FA8
:10EC300062E4CE0101960F947F9F49815A816B81D6
:10EC40007C818D810F94C874809196139091971355
:10EC5000843020E8920721F08930904809F0BCCF39
:10EC60000F94824EB9CF193008F0B6CFE12FF0E003
:10EC70008827E25CF9488E4F0D94AABCE302E302B8
:10EC8000E302C90149014901AD017F026F01809191
:10EC9000961390919713873820E8920721F08730D8
:10ECA000914809F099CF80913113843021F48091FB
:10ECB0003413811191CF81E08093630E60E087EF80
:10ECC00091E00F94C1AC88CF10939C1385CF0F9423
:10ECD0008C9F82CF10929E1310924C13109231137E
:10ECE00060E08CEA9CE00F94BEBB0F94AF5274CFEF
:10ECF0004F925F926F927F928F929F92AF92BF924C
:10ED0000CF92DF92EF92FF920F931F93CF93DF93F7
:10ED1000CDB7DEB7A0970FB6F894DEBF0FBECDBF5C
:10ED2000082F0F94BF758091321387FD0F944374A1
:10ED30009091321397FF7DC0809131138230B1F0F2
:10ED400008F475C08330E1F1843009F454C00F94A5
:10ED5000437481116BC382E080934C1383E08093F2
:10ED6000311382E88093321312E0DBC20F949F1DAF
:10ED7000AB01BC0180913E1390913F13A0914013D1
:10ED8000B091411388519C4FAF4FBF4F481759075F
:10ED90006A077B0708F44BC088E792E10F94C6B975
:10EDA0000196D1F781E080934C1380933113109238
:10EDB000531386E08093331380E00F94F27437C0CE
:10EDC000923829F60F949F1DAB01BC0180913E1330
:10EDD00090913F13A0914013B091411388519C4FE3
:10EDE000AF4FBF4F481759076A077B0708F4AFCFEB
:10EDF0000F9413751CC00F949F1DAB01BC01809133
:10EE00003E1390913F13A0914013B091411388514C
:10EE10009C4FAF4FBF4F481759076A077B0740F712
:10EE20000F94D79F9091731389130F94327510E04C
:10EE300078C2A12CD12CC12C9924939455E0B52EE5
:10EE400063E0862E74E0772EE2E06E2E66C02330FB
:10EE500009F4E0C0243009F083C020ED280F2A30E7
:10EE600008F4F8C02FE9280F263008F4F3C08A30E0
:10EE700009F0FAC04090581384E593E10F946E9F17
:10EE80004812B8C01092531388E0E4E5F3E1DE01C4
:10EE9000519601900D928A95E1F788E0FE017196F6
:10EEA000DE01599601900D928A95E1F788E0FE0106
:10EEB0007996A4E4B3E101900D928A95E1F78CE391
:10EEC0008983FE013296ACE5B3E120E0CF01521612
:10EED00009F4CDC03D9140EE430F403608F03EE2CC
:10EEE00031932F5FF4CF8E3408F056C08B3408F086
:10EEF00046C0823409F443C0E0F58A3059F08D30C1
:10EF000049F0B0925313A11005C11F3609F0F9C39F
:10EF1000AA24A3944FEFC41AD40A88E792E10F946D
:10EF2000C6B997FD00C1182F20916C1330E0F9018C
:10EF3000E15DFC4E85A77901EFEFEE1AFE0AFFE0D6
:10EF4000EF22FF245E2CE0926C13209153132230A9
:10EF500009F448C008F07BCF222329F2213051F177
:10EF60001A3009F48FCF1D3009F48CCF1092591349
:10EF7000CACF853430F2873410F0883411F680938C
:10EF80005413109255131092571310925613109257
:10EF9000581390925313BECF893540F4873578F7D4
:10EFA00020EB280F263008F0ACCFE9CF863609F0E9
:10EFB000A8CFE5CF20ED280F2A3050F02FE9280FF9
:10EFC000263030F0803209F09CCF60925313A2CFEC
:10EFD0000F944D9F909155139295907F890F809338
:10EFE000551398CF873448F4853458F42FEB280F05
:10EFF000223038F01092591384CF803511F08235C9
:10F00000C9F7809253138093591310925B13109297
:10F010005A1380CF20ED280F2A3048F02FE9280F0F
:10F02000263028F08A3231F77092531373CF0F9441
:10F030004D9F20915A1330915B1344E0220F331FF0
:10F040004A95E1F7820F932F911D90935B13809364
:10F050005A1360CF0F944D9F909158139295907FC3
:10F06000890F8093581356CF8D3021F603CFE80EC9
:10F07000F91EF701108210926C1382E799E60E9444
:10F080004F5B8CE699E60E944F5BCE0101960F9490
:10F090009FB40F94A94A80913113813009F474C050
:10F0A00008F4C5CE833009F4D1C0843009F04FCEC6
:10F0B00080913213863009F46CC108F093C184301A
:10F0C00009F409C1853009F0CCC08091491381341D
:10F0D00009F496C1823509F0C4C0109271138DE213
:10F0E00090E89093701380936F1385EF96E60F94DA
:10F0F000C64A85E080933213409134135091351302
:10F100006091361370913713809138130F94AF4B81
:10F1100016E007C11B3609F0F4C286ED96E60F949F
:10F12000C64A18E0FEC0CD2819F00F94A94A7FCE38
:10F130000F949F1DAB01BC0180913E1390913F1332
:10F14000A0914013B09141138053984FAF4FBF4FE0
:10F15000481759076A077B0708F469CE8091311375
:10F16000882309F464CE1092531381E080934C13EA
:10F170008093311386E08093331380E00F94F27410
:10F1800064E08EEA96E679C0109132131330B1F143
:10F1900060F0163009F450C0193009F0BECF0F945A
:10F1A000D94C882309F443CE40CE80914413833553
:10F1B00021F480914513181711F0812FFECD809115
:10F1C0004A13E12FF0E0DF01A258BC4E8C93ED52C0
:10F1D000F949E4918E1741F0809133138150809367
:10F1E00033138111EACF99CF85E199E60E94765DCC
:10F1F0008AE08093431381E0810FDFCD8091441337
:10F20000833521F480914513833011F083E0D5CD0F
:10F2100080914A1390914B139093821380938113A2
:10F2200010927D13E3E1F9E6849160917B1370E025
:10F2300049E00F941A4CFBCD82E080934C1383E09D
:10F240008093311382E880933213D2CD80913213B0
:10F25000883009F4B7C0A8F48430D9F0873009F4B5
:10F26000AEC081E080934C1382E08093311383E839
:10F270008093321365E084EC96E60F94374B182F99
:10F2800050C08A3009F4A7C060F38D3008F45FCD18
:10F29000E8CF809144138E3460F58B3410F48534BC
:10F2A00001F780914913863409F473C084E0809398
:10F2B000311385E0E4E4F3E1DE01119601900D9253
:10F2C0008A95E1F785E0FE013196A4E3B3E1019070
:10F2D0000D928A95E1F70F945575182F853009F234
:10F2E00008F09CC0823009F432CD843009F43BCF61
:10F2F00018C0843508F4B5CF863598F2883509F002
:10F30000B0CF80914913863489F18035C1F18234C0
:10F3100009F042C080914A13809372130F940374D2
:10F320001BE080912F13909130138130910509F0EB
:10F33000EBC1123009F490C008F07DC0112309F42C
:10F3400018C1002309F4E4C0173009F4C1C108F062
:10F35000B5C1143009F4C4C1153009F0D9C082E038
:10F3600080939E1360E08DE290E8B7C180913413E2
:10F37000882329F082E88093321313E0D2CF809162
:10F380004A138093711381E090E0909370138093FF
:10F390006F130F9403744BCD8CE0809371138091A5
:10F3A0004A1390914B139093701380936F130F94A3
:10F3B000037487EE96E60F94C64A17E0B2CF0F9417
:10F3C000277435CD82E80F940B7480933213823802
:10F3D00009F02DCDBCCC809149138134D1F60F9426
:10F3E000B44AD7CF8830B1F050F38A3009F039CF22
:10F3F00080914913813409F018CD0F94B44A15CD8A
:10F40000109271131092701310926F1381E8809311
:10F4100032130DCD81E80F940B74F9CF873049F288
:10F4200008F463CE883009F478CE7BCF8091321314
:10F4300087FD9ACCFCCC133009F46AC01B3009F06C
:10F4400080CF809172138093991386E097E60F9492
:10F45000C79F0F94BF755CC080917413811158C011
:10F460000E94B94C882309F453C08091600E90919A
:10F47000610E8835924009F44BC080915F0E811176
:10F4800047C080915E0E811143C080915D0E811155
:10F490003FC090915C0E80915B0E9817C9F18091EE
:10F4A0005C0E90E02EE630915B0E381789F0289FB5
:10F4B000F0011124E558F84F448555856685778518
:10F4C000452B462B472B09F09F5F8F5F8F70EBCF4B
:10F4D0009923F1F087E996E60E94765D20E030E01E
:10F4E000A901CA01B9010E94197260E070E0CB0164
:10F4F0000E94594D86ED9EE00F949ABB813021F415
:10F500000F9433518F3F91F58AE794E60F94C952D7
:10F5100080914C13823019F481E080939E131093F4
:10F520009D1380917907882351F08091630E81119A
:10F5300006C080919613909197130F942AA1A096DC
:10F540000FB6F894DEBF0FBECDBFDF91CF911F91F4
:10F550000F91FF90EF90DF90CF90BF90AF909F9072
:10F560008F907F906F905F904F9008958DE896E612
:10F57000CDCF0091711380919513081709F446C0FF
:10F58000809131138430A9F480913413882389F059
:10F5900089E080937A07E3E5F6E60E3130F4E02F58
:10F5A000F0E0EE0FFF1FED5AF949859194910E940A
:10F5B000ADEEE3E5F6E60E3130F4E02FF0E0EE0FCD
:10F5C000FF1FED5AF949859194910F94C79F0093BD
:10F5D0009513033049F00C3109F09ACF0F9452374C
:10F5E00081E08093A01394CF80913113843031F463
:10F5F000809134138455823008F48ACF0F945237A7
:10F6000081E08093A1130F94824E82CF033071F179
:10F610000C3109F07DCF8091A013882309F478CFB5
:10F620000F94D79F8823B1F1813009F071CF1092E8
:10F63000A0130F9480981092620E60917C1370E07A
:10F6400090E080E00F9426B66B017C0160917B1303
:10F6500070E06E5F7F4F072E000C880B990B0F94A4
:10F6600028B6A70196010F94A39F52CF8091A113B2
:10F67000882309F44DCF90915B0E80915C0E981316
:10F6800047CF0F94D79F8150833008F4BCCF10929E
:10F69000A1133ECF90915B0E80915C0E981338CFF2
:10F6A00060917C1370E090E080E00F9426B69B019F
:10F6B000AC0160E070E08FEA93E4D5CF1830B9F088
:10F6C000193009F025CF60E00F94785F19E020CF62
:10F6D00061E080916F13909170130F94785F18CF51
:10F6E00082E080939E1360E08EE290E8F6CF109265
:10F6F0009E1310924C131092311360E08CE290E84C
:10F70000ECCF0F94A94AADCD002301F3DCCF80915B
:10F710009F1382FF07C08B7F80939F1381EE97E634
:10F720000F94C79F80919F1381FF50C080919313C6
:10F7300090919413892B09F449C083ED97E60F94B7
:10F74000C79F80919313909194130F94C15280910D
:10F750009F138D7F80939F138091931390919413A7
:10F760009093740E8093730E84EF92E60F94271299
:10F7700043EA57E662E080E00E9408546091660E1A
:10F780007091670E8091680E9091690E0F9433BE50
:10F790002091730E3091740EC901861B970B06974A
:10F7A0006CF081E00E94917380E00F9478760F9462
:10F7B000EB9E84E690E00E943C76E0CF0F94C19EE1
:10F7C00088EB97E60F94C79F0C94275408950F93E6
:10F7D0001F93CF93DF9300D01F921F92CDB7DEB758
:10F7E000182F062F10929F1383E08093970219829F
:10F7F0001A821B821C821D8290E080E00E943C766F
:10F8000090919F13898192FF37C081111EC0CE0154
:10F8100001960F94302088EB95E60F94C79FE091F6
:10F820009D13E250EA3040F7F0E08827E55EF348A8
:10F830008E4F0D94AABC57015D01B702B702750245
:10F84000B702A901A7021101B70240E457E76BE133
:10F8500070E0CE0101960F94831E882301F38091FE
:10F860009F138B7F826080939F131092740E10926F
:10F87000730E88EA95E6D1CF882389F2198282E94E
:10F8800095E6CBCF0F94877B0F94A84E8091630EA3
:10F89000811107C08FE795E60E94765D83E0809333
:10F8A00083130F94523781E00F900F900F900F90B9
:10F8B0000F90DF91CF911F910F9108950F94BF7515
:10F8C000F2CF80918413811197CF812F0F94F44E42
:10F8D000802F0F948C4E0F94BF758ECF0F94877B23
:10F8E0000F94A84E89CF80E0DFCFCF93DF9300D075
:10F8F0001F921F92CDB7DEB71092901710928F17FC
:10F9000062E18FEE94E60F9401650F94A19F40E0B1
:10F9100065E5CE0101960F947F9F49815A816B81E5
:10F920007C818D810F94C87461E080E00F94E77B47
:10F93000811103C00F94E39EE8CF83E00F94BE4291
:10F9400083E60F94A96483E6809386138EE897E19B
:10F950000E94F8570F900F900F900F900F90DF912B
:10F96000CF910895CF930F942A65C82F882379F0FB
:10F9700088EC90E00F940AA382E00F94BE420F94AB
:10F98000A0640F94757C0F941F650F94C19E8C2FFB
:10F99000CF9108950F931F93CF93DF9300D01F92C1
:10F9A0001F92CDB7DEB7082F0F942A65182F882332
:10F9B00039F1602F83EE92E60F94C49E0F94A064F9
:10F9C0000F94A19F402F6CE4CE0101960F947F9F6E
:10F9D00049815A816B817C818D810F94C87460E06C
:10F9E00080E00F94E77B182F811103C00F94E39EF2
:10F9F000E7CF83E00F94BE420F941F650F94C19E22
:10FA0000812F0F900F900F900F900F90DF91CF915B
:10FA10001F910F910895FF920F931F93CF93DF9340
:10FA200000D01F921F92CDB7DEB7082FF62E0F948D
:10FA30002A65182F8823A1F1FF2029F0602F84ED7B
:10FA400092E60F94C49E8091741381110F94B27C3E
:10FA50000F94A0640F94A19F402F65E4CE010196FE
:10FA60000F947F9F49815A816B817C818D810F9496
:10FA7000C87461E080E00F94E77B182F811103C008
:10FA80000F94E39EE7CF83E60F94A96483E6809307
:10FA9000861383E00F94BE420F941F650F94C19E9E
:10FAA000812F0F900F900F900F900F90DF91CF91BB
:10FAB0001F910F91FF9008951F93CF93DF9300D074
:10FAC0001F921F92CDB7DEB7182F0F94A19F412F21
:10FAD0006BE4CE0101960F947F9F49815A816B811F
:10FAE0007C818D810F94C87461E080E00F94E77B86
:10FAF000811103C00F94E39EE8CF0F900F900F90F9
:10FB00000F900F90DF91CF911F910895CF93C82F41
:10FB1000682F87EC92E60F94C49E80917413811134
:10FB20000F94B27C0F94A0648C2F0F945C7D83E6BD
:10FB30000F94A96483E68093861383E00F94BE42FA
:10FB40000F941F650F94C19E81E0CF91089590910D
:10FB5000C00095FFFCCF8093C60008958091C0003F
:10FB600087FFFCCF8091C00084FD01C0A8958091E3
:10FB7000C6000895862798E027E0382F880F37FDC4
:10FB800082279150D1F7089582E095E70C944F5B5E
:10FB9000CF93C82F8CEF94E70E944F5B8C2F0E946D
:10FBA000365B8DE5CF910C94365BCF93C82F85ECF7
:10FBB00094E70E944F5B8C2F0E94365B8DE50E947C
:10FBC000365BCF910D94C47D2F923F924F925F92FE
:10FBD0006F927F928F929F92AF92BF92CF92DF925D
:10FBE000EF92FF920F931F93CF93DF93CDB7DEB7C2
:10FBF000A1970FB6F894DEBF0FBECDBF1C01480120
:10FC00005901FC01E85BFF4FC080D180E280F380A6
:10FC10009A01AB01C701B6010F9467B60F94A0BD5E
:10FC20000F943ABE8B018D839983A5019401C7017E
:10FC3000B6010F9467B60F94A0BD0F943ABE362F4D
:10FC4000272FA8016D81798148375105610571051C
:10FC500020F448E750E060E070E0D101D6968D9046
:10FC60009D90AD90BC90D9978F8A988EA98EBA8EB0
:10FC7000481559056A057B0520F44F8B588F698F0D
:10FC80007A8F432F522FBC0148375105610571050A
:10FC900020F448E750E060E070E0182D092DA9A29B
:10FCA000B8A2481559056A057B0520F4142F052FC5
:10FCB00069A378A3F101EE5BFF4FC080D180E280A1
:10FCC000F380CD82DE82EF82F886CD28CE28CF2841
:10FCD00041F4C12CD12C7601C394CD82DE82EF8217
:10FCE000F8862F89388D498D5A8DB901CA010F9434
:10FCF000FDBB6D877E878F87988BA5019401C50119
:10FD0000B4010F94FDBB2B013C01212F302F49A1E1
:10FD100058A1612F702FCA010F94FDBB698B7A8B9C
:10FD20008B8B9C8BCD80DE80EF80F884CC0CDD1C2F
:10FD3000EE1CFF1CC986DA86EB86FC86C301B20185
:10FD40006150710981099109CD84DE84EF84F888BE
:10FD50006C197D098E099F09C984DA84EB84FC84BF
:10FD60006C0D7D1D8E1D9F1DA70196010F940DBC6E
:10FD700069017A01C301B20129893A894B895C89F9
:10FD8000621B730B840B950B29853A854B855C852B
:10FD90000F940DBC29013A01D701C601840D951DB0
:10FDA000A61DB71D8C8F9D8FAE8FBF8FF101E45BB9
:10FDB000FF4F90819B8F992309F48DC0612F702F85
:10FDC00089A198A10F9426B6F101EC5AFF4F20812A
:10FDD0003181428153810F9467B60F943ABE6D8B87
:10FDE0007E8BD10150962D913D914D915C91539711
:10FDF00029833A834B835C838C8D9D8DAE8DBF8D23
:10FE000082179307A407B50708F068C029013A01D3
:10FE1000481A590A6A0A7B0A9B8D40E080E09923C0
:10FE200089F0C501B4010F9426B6F101EC5AFF4FD9
:10FE300020813181428153810F9467B60F943ABE7D
:10FE4000462F872F3FB7F894F101E95BFF4F2081E0
:10FE5000211127C0D1015996CD92DD92ED92FC92ED
:10FE60005C97C40CD51CE61CF71CF101C58ED68E20
:10FE7000E78EF0A2CF88C2AED88CD3AEE98CE4AEC8
:10FE8000FA8CF5AEFE9610830183C9A0C282D8A079
:10FE9000D3827396ED88E082FE88F18232974083A8
:10FEA00081833FBFA1960FB6F894DEBF0FBECDBFD2
:10FEB000DF91CF911F910F91FF90EF90DF90CF9046
:10FEC000BF90AF909F908F907F906F905F904F907A
:10FED0003F902F9008951D8A1E8A83CF2D813E81E9
:10FEE0004F81588582E0220F331F441F551F8A958A
:10FEF000D1F789819A81AB81BC8181709927AA272A
:10FF0000BB278D839E83AF83B88789809A80AB801F
:10FF1000BC80B694A79497948794CD84DE84EF84B4
:10FF2000F88889899A89AB89BC898C159D05AE05AD
:10FF3000BF0508F46FC06C017D0191E0C91AD108BA
:10FF4000E108F1088D859E85AF85B889C81AD90A60
:10FF5000EA0AFB0AC701B601620F731F841F951FCF
:10FF6000CD80DE80EF80F884CD28CE28CF2841F0E8
:10FF7000C984DA84EB84FC846C0D7D1D8E1D9F1D6D
:10FF80000F940DBC75016401C20ED31EE41EF51E54
:10FF900029813A814B815C812C153D054E055F0519
:10FFA00010F469017A012B8D222309F469C0C11470
:10FFB000D104E104F10409F466C04D898E8941142D
:10FFC00051046104710409F43DCFA70196016985CC
:10FFD0007A858B859C850F94FDBB2D853E854F854D
:10FFE0005889620F731F841F951F0F9426B60F94B4
:10FFF00090C0F101EC5AFF4F208131814281538141
:020000023000CC
:100000000F9467B60F943ABE462F872F412C512C80
:10001000320118CF6D857E858F859889C988DA88E9
:10002000EB88FC886C197D098E099F09CD80DE80E4
:10003000EF80F884CD28CE28CF2841F0C984DA8417
:10004000EB84FC846C0D7D1D8E1D9F1D0F940DBCDB
:10005000820E931EA41EB51E49805A806B807C8040
:1000600084149504A604B70410F424013501C98052
:10007000DA80EB80FC80C418D508E608F70893CF37
:1000800040E080E0C3CF4D898E89C0CF0F94AE7D14
:10009000803229F081E10F94A77D0E94754C84E1A4
:1000A0000D94A77DCF93C82F0F94AE7DC150E1F77B
:1000B000CF910D9446800F931F93CF93DF93EB0165
:1000C000142F052F0E94E353CE010E94DF538AE3D1
:1000D0000E94E353CE010F9458B99EE0981B892FDC
:1000E0000E94EA530F931F938BE391E79F938F93A3
:1000F0000E94CD530F900F900F900F90DF91CF91F2
:100100001F910F9108950F931F93CF93DF93FC01DD
:100110002381222331F080E0DF91CF911F910F9155
:1001200008958B01EC01FB018789803139F582E06C
:100130008B831D8A1E8A1F8A188E808D918DB0E058
:10014000A0E025E0880F991FAA1FBB1F2A95D1F7B1
:10015000898B9A8BAB8BBC8B1A8F098F81E089833B
:100160001C821D821E821F82188619861A861B8693
:100170001C861D861E861F86188ACECF803259F6B1
:1001800083E08B83428D538D648D758D4D8B5E8B9B
:100190006F8B788F9E012F5E3F4FC8010F945E4793
:1001A0008111DACFB8CFCF93DF93EC010F94A94838
:1001B0001B82DF91CF910895CF93DF93EC01462FFF
:1001C00041706C857D858E859F850F940C468823B4
:1001D00051F0888920E2829FC00111248F57914FEE
:1001E000DF91CF91089590E080E0FACFCF93DF9335
:1001F000EB01FC012381211104C080E0DF91CF914C
:1002000008952250223028F48FE28883198281E0F9
:10021000F5CF60E00F94DC80009779F3DC0160E0BB
:1002200080E09EE22D91203299F0883031F49E01D9
:10023000260F311DF90190836F5F9E01260F311D3E
:10024000AD0141505109FA014081F90140836F5FCE
:100250008F5F8B3039F7FE01E60FF11D1082D7CF8B
:100260003F924F925F926F927F928F929F92AF9246
:10027000BF92CF92DF92EF92FF920F931F93CF9393
:10028000DF93CDB7DEB72C970FB6F894DEBF0FBE65
:10029000CDBF5C01DC0159968D909C90F401818565
:1002A0009285A385B4859C01AD012F5F3F4F4F4FD1
:1002B0005F4F29873A874B875C87D50114964D900D
:1002C0005D906D907C901797411451046104710406
:1002D00009F459C0BFEF4B1A5B0A6B0A7B0A312C39
:1002E000730162011D821E821F821886F4018185BE
:1002F0009285A385B4852D813E814F81588528172D
:1003000039074A075B0708F056C089859A85AB858F
:10031000BC858C159D05AE05BF0550F482E0C82E46
:10032000D12CE12CF12C92E0492E512C612C712C16
:100330009E012F5F3F4FB701A601C4010F94DB461A
:100340008823C9F189819A81AB81BC81892B8A2B51
:100350008B2B01F1260137019FEF491A590A690ACF
:10036000790A2D813E814F8158852F5F3F4F4F4F36
:100370005F4F2D833E834F8358873FEFC31AD30AC5
:10038000E30AF30AB3CF4080518062807380332444
:100390003394A6CFC414D504E604F70411F70FEF85
:1003A0001FEF2FEF3FE0B701A601C4010F944946AC
:1003B000782E81111AC0712C872D2C960FB6F894C7
:1003C000DEBF0FBECDBFDF91CF911F910F91FF9088
:1003D000EF90DF90CF90BF90AF909F908F907F90E5
:1003E0006F905F904F903F900895F5014481558143
:1003F00066817781411551056105710539F09701D5
:100400008601C4010F9449468823A9F2D5011496A8
:10041000CD92DD92ED92FC921797332051F0D701E7
:10042000C6010196A11DB11DF40180839183A283B1
:10043000B383F50185899689A789B08D892B8A2B8D
:100440008B2B09F0B9CFC58AD68AE78AF08E8181D5
:1004500080688183B1CF8EBD0DB407FEFDCF0895B6
:100460008FEF8EBD0DB407FEFDCF8EB508958F9230
:100470009F92AF92BF92EF92FF920F931F93CF93F1
:100480007C01C62F49015A01FC019181892F806AA4
:1004900086958CBD90FD03C081E0963009F480E024
:1004A0008DBD9FB7F894809105018F7B80930501E6
:1004B0009FBF8CE291E00F9442518C2F80640F9487
:1004C0002B8208E110E0D501C401002E04C0B695CE
:1004D000A795979587950A94D2F70F942B82085089
:1004E0001109083FFFEF1F0771F785E9CC2321F0C1
:1004F00087E8C83009F08FEF0F942B82CC3011F4CD
:100500000F943082C0E00F943082F701828387FF1E
:1005100004C0CF3F11F0CF5FF6CFCF911F910F9165
:10052000FF90EF90BF90AF909F908F9008950F93A2
:100530001F93CF93DF93EC0189018B81833039F0D6
:1005400089E0440F551F661F771F8A95D1F79A01DE
:10055000AB0168E1CE010F943782882319F086E061
:10056000888339C08EEF8EBDF801C8019E5F0DB43F
:1005700007FEFDCF20812EBD0DB407FEFDCF2181EA
:100580002EBD3296E817F90791F70DB407FEFDCF9F
:100590008FEF0F942B828FEF0F942B820F9430826A
:1005A0008A838F71853099F488E592E00F944251E7
:1005B000182F87E11123A1F220E030E0A9016DE0BE
:1005C000CE010F943782882351F086E1C9CF83E1B1
:1005D00088830F9439510F94395110E006C00F945D
:1005E00030828111F2CF0F943951812FDF91CF9159
:1005F0001F910F9108952F923F924F925F926F92A9
:100600007F928F929F92AF92BF92CF92DF92EF92A2
:10061000FF920F931F93CF93DF93EC012A013B01CD
:1006200069018B81833039F069E0440C551C661CEC
:10063000771C6A95D1F743E0942E560181E0A81A01
:100640008EEFB80A1601EEEF3E1A54E0852E9A940A
:10065000A301920161E1CE010F943782882379F0E2
:100660008882992009F47AC00F94395120E030E053
:10067000A9016CE0CE010F9437821882E8CF0F9465
:100680009F1D8B010F9430828A838F3F91F40F94CA
:100690009F1D601B710B6D327140A0F381E1888357
:1006A0000F9439518C818823E1F28FEF0F942B82C4
:1006B000D8CF8E3F11F08FE0F2CF8FEF8EBDD601F5
:1006C000F6010DB407FEFDCF9EB591938EBDEA15E0
:1006D000FB05B9F70DB407FEFDCF8EB5F50180839C
:1006E000F12CE12C8D91EF2DFF27E827EE0FFF1F56
:1006F000E559FA4885919491FE2CEE24E826F926D6
:100700002A163B0679F70F943082082F10E0102F3D
:1007100000270F943082082B0E151F0519F0F0E208
:10072000F883BECF0F943951CC81CC23D9F08FEF11
:100730000F942B828C2FDF91CF911F910F91FF90FF
:10074000EF90DF90CF90BF90AF909F908F907F9071
:100750006F905F904F903F902F9008950F94395174
:10076000C0E0E8CFC1E0E6CF2F923F924F925F9278
:100770006F927F928F929F92AF92BF92CF92DF92B1
:10078000EF92FF920F931F93CF93DF9300D01F92AE
:10079000CDB7DEB79C838B834B017A01DC011396C6
:1007A0008C91811119C08FEF9FEF0F900F900F90D8
:1007B0000F90DF91CF911F910F91FF90EF90DF90FD
:1007C000CF90BF90AF909F908F907F906F905F90F1
:1007D0004F903F902F900895EB81FC81818180FFA5
:1007E000E2CF018912892389348940855185628548
:1007F0007385C701B0E0A0E028013901441A550A09
:10080000660A770A84159505A605B70518F07801DC
:10081000E41AF50A67018B819C8104969A83898387
:10082000612C32E0732EC114D10409F4B7C0AB813E
:10083000BC8118964D915D916D917C911B975A01E9
:10084000B1E0BB22EB81FC81818D928D1A012B01DD
:1008500029E056944794379427942A95D1F7238119
:10086000223091F5DC015A966D917D918D919C918C
:100870005D97620D731D841D951D83010A191B0967
:10088000C016D10608F486010115B2E01B0771F409
:100890002091750E3091760E4091770E5091780E22
:1008A000621773078407950709F059C040E00F9459
:1008B0000C46882309F477CFB5016F57714FA80113
:1008C000C4010F94C3C157C0FC01148111501221FF
:1008D000A114B10481F411110EC0452B462B472BF6
:1008E00079F5EB81FC8185899689A789B08D848310
:1008F0009583A683B783AB81BC815996ED91FC911A
:100900005A9714966D917D918D919C911797625095
:10091000710981099109258504C0660F771F881F19
:10092000991F2A95D2F72685378540895189620F0C
:10093000731F841F951F610F711D811D911D9DCF18
:10094000AB81BC8114964D915D916D917C9117970F
:1009500029813A810F94DB468111CDCF24CF9401B8
:10096000AB01BC0180917E0E90917F0E0F94FB82B3
:10097000882309F418CF800E911EEB81FC818085BD
:100980009185A285B385800F911FA11DB11D808720
:100990009187A287B387C01AD10A45CFC70105CF77
:1009A0004F925F926F927F92AF92BF92CF92DF92FF
:1009B000EF92FF920F931F93CF93DF931F92CDB7C8
:1009C000DEB78C017B015A01C22EDB0159968D9155
:1009D0009C91F801928F818FCB010E942B5B712C2F
:1009E000F70180859185A285B38541895289638904
:1009F000748984179507A607B70708F052C055E019
:100A0000B695A795979587955A95D1F7F82FFF70CA
:100A1000DF2ED70113968C91823010F480E0DBC07A
:100A200041E050E0BE016F5F7F4FC7010F94B48378
:100A30000197A1F7F70180859185A285B3854F962F
:100A4000A11DB11D80879187A287B387F0E2DF9E49
:100A5000B00111246F57714F61157105F9F2DB0177
:100A60008C91882341F0853E09F04CC0772029F015
:100A700077247394B5CF71100EC08091750E90914C
:100A8000760EA091770EB091780EF8018487958745
:100A9000A687B787D08ADB018C918111E9CF7724B3
:100AA00073948C2D8274823409F0B8CF772009F4C6
:100AB000A2C0F801D08861E0C8010F94DC800097E3
:100AC00009F4ACCF20E2DC011D922A95E9F72BE076
:100AD000F501DC0101900D922A95E1F721E238E25F
:100AE000FC01318B208B40E058E057874687338BE1
:100AF000228B318F208F578B468B0F94CD458111E0
:100B000009C08CCF4BE050E0C5010F94B6C1892BD2
:100B100009F066CFF0E2DF9ED00111249D012F572E
:100B2000314FF9018385817121F08C2D827109F09B
:100B3000FCC0F801818D928D4091750E5091760E1A
:100B40006091770E7091780E448755876687778716
:100B5000D08AFD01EF57F14F44885588712C612CE4
:100B6000320155244424D80155964D925D926D92E0
:100B70007C925897428D538D70E060E0442955294E
:100B80006629772955964D935D936D937C9358977D
:100B9000D9011B962C91287109F0B9C0848D958DCF
:100BA000A68DB78DF801818B928BA38BB48B81E0DE
:100BB00083838C2D8F70F8018183148215821682B5
:100BC0001782108611861286138681E0C4FE03C048
:100BD000C8010F9449540F90DF91CF911F910F914D
:100BE000FF90EF90DF90CF90BF90AF907F906F908D
:100BF0005F904F900895D70113968C911397823090
:100C000009F40CCF51968D919D910D90BC91A02D22
:100C1000803E9F4FAF41B10508F000CFC7010F9450
:100C20003081882309F4FACE0F94CD45882309F446
:100C3000F5CED7015996ED91FC915A9714964D90A7
:100C40005D906D907C901797B2E04B1A5108610847
:100C50007108858504C0440C551C661C771C8A9558
:100C6000D2F786859785A089B189480E591E6A1EDC
:100C70007B1E81E080937D0E4092750E5092760E21
:100C80006092770E7092780EE1E8FEE080E092E0EC
:100C9000DF019C011D9221503040E1F7DD24D39407
:100CA000D7015996ED91FC918481D81698F421E8EA
:100CB0003EE0B301A2014D0D511D611D711D8091DA
:100CC0007E0E90917F0E0F949782882309F4A6CE12
:100CD000D394E6CF258580E092E0A0E0B0E004C0A8
:100CE000880F991FAA1FBB1F2A95D2F7F7014189C8
:100CF000528963897489840F951FA61FB71F818B42
:100D0000928BA38BB48B81E89EE0D12CDBCE20317B
:100D100061F498012F5E3F4F0F945E47882329F0BE
:100D200084E0D80113968C9344CFD80113961C927B
:100D300075CE2091761230917712BC01C90184578B
:100D40009F4E0F94A1B99C0190931418809313188F
:100D500081E0232B09F480E0089588E19EE00FB63E
:100D6000F894A895809360000FBE909360009FB7A1
:100D7000F894809102018460809302019FBF0E94D9
:100D800027544CEA51E761E080E00E940854FFCF0D
:100D900060915B0E90915C0E30E020E08EE696173D
:100DA00061F0899FF0011124E951F84F4081518190
:100DB000240F351F9F5F9F70F2CFC90108953091B6
:100DC0005B0E20915C0E321791F0E0915B0EE11109
:100DD00001C0E0E1E1502EE6E29FF0011124E9516B
:100DE000F84F20813181820F931F91838083089572
:100DF0008F929F92AF92BF92CF92DF92EF92FF922B
:100E00000F931F93CF93DF93C0919802D0919902D3
:100E100087E7E82E86E0F82E06EF17E16E0180E105
:100E2000C80ED11C6991799189919991F7018190AE
:100E30009190A190B1907F010F9426B6A5019401E5
:100E40000F9467B60F943ABEF80161937193819342
:100E500091938F01CC15DD0529F7DF91CF911F917B
:100E60000F91FF90EF90DF90CF90BF90AF909F9049
:100E70008F90089580916F0681110EC087E896E0EB
:100E800090939B0280939A0287E996E0909399024F
:100E9000809398020D94F8868130E1F78FE097E017
:100EA00090939B0280939A028FE197E0EFCFFC0131
:100EB00040815181628173814093E7045093E8043B
:100EC0006093E9047093EA042091830630918406CC
:100ED000409185065091860660817181828193815F
:100EE0000F9467B60F94FFBFE9E5F7E06487758755
:100EF000868797878FB7F89444855585668577856B
:100F0000409375075093760760937707709378073F
:100F10008FBF0895FC0140815181628173814093AC
:100F2000E3045093E4046093E5047093E604209195
:100F30007F06309180064091810650918206608143
:100F40007181828193810F9467B60F94FFBF609384
:100F500061077093620780936307909364070D9411
:100F600093642F923F924F925F926F927F928F92F3
:100F70009F92AF92BF92CF92DF92EF92FF920F9328
:100F80001F93CF93DF93CDB7DEB7C558D1090FB606
:100F9000F894DEBF0FBECDBF69A37AA38BA39CA339
:100FA0002DA33EA34FA358A7A896ECAEFDAE0EAF5F
:100FB0001FAFA897AA96DFAECEAEAA9789AA99AE20
:100FC000ADAEBDAAC556DF4F08811981CB59D040BF
:100FD00080915B0E8F5FA1968FAFA197803119F43E
:100FE000A1961FAEA19780915C0EA1962FADA197FF
:100FF00082130FC00F94A22C80E00E94917380E0B6
:101000000E94BB5380915C0EA1963FADA1978317C0
:1010100089F34091620EA2964FAFA297442311F13B
:1010200082E799E60E944F5B8FE991E70E94765D27
:10103000CB57DF4F0FB6F894DEBF0FBECDBFDF91A9
:10104000CF911F910F91FF90EF90DF90CF90BF90C5
:10105000AF909F908F907F906F905F904F903F9058
:101060002F90089590915B0E292E312C8EE6989F3B
:10107000D0011124A496BFAFAEAFA497CD0185587F
:10108000984FFC01E95BFF4F108284599F4FFC0190
:10109000118210820115110511F40D94A59280E1C1
:1010A000F801AD52B84F01900D928A95E1F78EE6A6
:1010B000829D8001839D100D11240558184FF80161
:1010C000E859FF4FC356DF4F88819981CD59D040F1
:1010D0009183808306591F4F609191027091920213
:1010E00080919302909194020F943ABED8016D932F
:1010F0007C938091C6048823A9F010926507109212
:10110000660710926707109268071092E704109222
:10111000E8041092E9041092EA041092C60481E0F7
:101120008093C504BE016B5D7F4FCE0181960E9406
:10113000174FC9A0DAA0EBA0FCA020917706309150
:1011400078064091790650917A06C701B6010F944E
:1011500067B60F94FFBFC258DF4F688379838A83D5
:101160009B83CE57D0408DA09EA0AFA0B8A4209165
:101170007B0630917C0640917D0650917E06C5012C
:10118000B4010F9467B60F94FFBFCE57DF4F68834B
:1011900079838A839B83C258D0408091A613882389
:1011A00011F40D94AC92A5019401C701B6010F94FE
:1011B0006A51A8962CAD3DAD4EAD5FADA8970F948A
:1011C000C2BC20917F0630918006409181065091EB
:1011D00082060F9467B60F94FFBFE6966CAF7DAFA3
:1011E0008EAF9FAFE697AA96EEADFFADAA9780802F
:1011F0009180A280B3802091830630918406409133
:10120000850650918606C501B4010F9467B60F9408
:10121000FFBFAE966CAF7DAF8EAF9FAFAE978091A4
:10122000650790916607A0916707B0916807AE9631
:101230004CAC5DAC6EAC7FACAE97481A590A6A0AEA
:101240007B0A8091590790915A07A0915B07B09152
:101250005C07C258DF4FC880D980EA80FB80CE5738
:10126000D040C81AD90AEA0AFB0A80915D0790911A
:101270005E07A0915F07B0916007CE57DF4F2881CE
:1012800039814A815B81C258D040281B390B4A0BF7
:101290005B0B29A73AA74BA75CA7809161079091A8
:1012A0006207A0916307B0916407E6962CAD3DAD4F
:1012B0004EAD5FADE697281B390B4A0B5B0B2DA794
:1012C0003EA74FA758AB411451046104710409F4BF
:1012D00080C06091660E7091670E8091680E90914B
:1012E000690E0F9433BE20916B0230916C0262172D
:1012F00073070CF5AE968CAD9DADAEADBFADAE97A0
:101300008093650790936607A0936707B09368077B
:101310008092E7049092E804A092E904B092EA0473
:1013200082E799E60E944F5B85E891E70E94765D2F
:10133000412C512C3201C301B20177FE07C0662750
:101340007727CB0164197509860997090F9428B688
:101350004B015C0120E030EC4BEE53E460918306DE
:101360007091840680918506909186060F9467B6E9
:101370009B01AC01C501B4010F944BBF18164CF58D
:10138000AE962CAD3DAD4EAD5FADAE9720936507EB
:10139000309366074093670750936807AA96EEADAF
:1013A000FFADAA9780819181A281B3818093E704E8
:1013B0009093E804A093E904B093EA0482E799E6E5
:1013C0000E944F5B87E691E70E94765D412C512C8D
:1013D00032018EE6829DF001839DF00D1124E558C7
:1013E000F84FD701C601F7FE07C088279927DC010F
:1013F0008C199D09AE09BF0980839183A283B383B1
:101400008EE6829DF001839DF00D1124E558F84F82
:1014100089A59AA5ABA5BCA5B7FF07C0B095A095B7
:10142000909581959F4FAF4FBF4F84839583A6833F
:10143000B7838EE6829DF001839DF00D1124E5585F
:10144000F84F8DA59EA5AFA5B8A9B7FF07C0B09569
:10145000A095909581959F4FAF4FBF4F8087918703
:10146000A287B387B301A20177FE07C0442755279F
:10147000BA0144195509660977098EE6829DF00183
:10148000839DF00D1124E558F84F448755876687F2
:101490007787008111812281338184819581A681A2
:1014A000B78180179107A207B30714F4D901C801C7
:1014B000EEE6BE2EB29CF001B39CF00D1124E5586F
:1014C000F84F80849184A284B38488159905AA0575
:1014D000BB0514F4D501C40184179507A607B70707
:1014E00014F4DB01CA014EE6429DF001439DF00D6C
:1014F0001124E558F84F808B918BA28BB38B069704
:10150000A105B1050CF494CD8091E703DF01AA5B3E
:10151000BF4F8C93F7FE02C00D94BC92108E89A52C
:101520009AA5ABA5BCA5B7FF0BC08EE6829DF001C6
:10153000839DF00D1124E558F84F808D8260808FD7
:101540008DA59EA5AFA5B8A9B7FF0BC08EE6829D5D
:10155000F001839DF00D1124E558F84F808D8460D3
:10156000808F77FE0BC08EE6829DF001839DF00D8B
:101570001124E558F84F808D8860808F012B022B55
:10158000032B09F017988EE6829DF001839DF00DE4
:101590001124E558F84F84819581A681B781892B64
:1015A0008A2B8B2B09F016988EE6829DF001839D85
:1015B000F00D1124E558F84F80859185A285B385FB
:1015C000892B8A2B8B2B09F015988EE6829DF001D2
:1015D000839DF00D1124E558F84F84859585A685E7
:1015E000B785892B8A2B8B2B09F014988EE6829D68
:1015F000F001839DF00D1124E558F84F24853585C1
:10160000468557852A962CAF3DAF4EAF5FAF2A97E0
:10161000232B242B252B09F0B3C7A090B306B09041
:10162000B4060091B5061091B60629A939AD4DADA5
:101630005DA9B501C8010F944BBF181624F4A9AADF
:10164000B9AE0DAF1DABC701B6010F9428B62091FE
:101650007706309178064091790650917A060F947A
:10166000C1BD4B015C0189829A82AB82BC8269A5B3
:101670007AA58BA59CA50F9428B620917B06309166
:101680007C0640917D0650917E060F94C1BD6B0192
:101690007C01CD82DE82EF82F8866DA57EA58FA5C6
:1016A00098A90F9428B620917F063091800640912A
:1016B0008106509182060F94C1BD22966CAF7DAF1A
:1016C0008EAF9FAF229769877A878B879C87C301EC
:1016D000B2010F9428B62091830630918406409180
:1016E0008506509186060F94C1BD26966CAF7DAFDE
:1016F0008EAF9FAF26976D877E878F87988B8EE6FC
:10170000829DF001839DF00D1124E558F84F8081F2
:101710009181A281B3812E968CAF9DAFAEAFBFAF4A
:101720002E970697A105B1050CF033C784819581EA
:10173000A681B7810697A105B1050CF02AC780855F
:101740009185A285B3850697A105B1050CF021C747
:1017500026968CAD9DADAEADBFAD2697BF7785A764
:1017600096A7A7A7B0AB8EE6829DF001839DF00DF2
:101770001124E558F84F45A456A467A470A8A30106
:10178000920160E070E080E89FE30F94C1BD29A959
:1017900039AD4DAD5DA90F9467B66B017C018091A9
:1017A0005B0E90915C0E891B8F708DAF82508630DE
:1017B00008F040C0A701960160E074E284E799E474
:1017C0000F94C1BD0F94FFBF4B015C018091B70620
:1017D0009091B806A091B906B091BA0688169906FC
:1017E000AA06BB0638F5BC01CD01681979098A093A
:1017F0009B09660F771F881F991FADAD2A2F30E018
:1018000050E040E00F940DBCCA01B9010F9426B618
:101810000F9433BE680D791D8A1D9B1D0F9426B64B
:101820009B01AC0160E074E284E799E40F94C1BDD0
:101830006B017C01A3019201C701B6010F9467B649
:101840006DAB7EAB8FAB98AF8EE6829D8001839DA2
:10185000100D11240558184F2DA93EA94FA958ADB8
:10186000D80191962D933D934D935C939497509608
:101870006D917D918D919C9153970F9426B669AF90
:101880007AAF8BAF9CAF9B01AC01C701B6010F943F
:1018900067B60F94A0BD0F943ABE62966CAF7DAF51
:1018A0008EAF9FAF6297F80166AB77AB80AF91AF19
:1018B0009E012F5F3F4F6C963FAF2EAF6C97AE01EE
:1018C0004F5E5F4FA0965FAF4EAFA09780919A0298
:1018D00090919B029AAB89AB40966E969FAF8EAF6C
:1018E0006E9768965FAF4EAF689719A61DA600E881
:1018F0001FE36C96AEADBFAD6C972D913D914D91B0
:101900005D916C96BFAFAEAF6C97C701B6010F94F7
:1019100067B66896EEADFFAD68976193719381935A
:1019200091936896FFAFEEAF68974B015C01E89426
:10193000B7F8A9A9BAA92D913D914D915D91BAAB86
:10194000A9AB66962CAF3DAF4EAF5FAF6697C501B2
:10195000B4010F944BBF1816B4F4A5019401669618
:101960006CAD7DAD8EAD9FAD66970F94C1BD4B0143
:101970005C0129A53DA5A8010F944BBF18161CF0CA
:1019800089A69DA685016E96EEADFFAD6E9729A93D
:101990003AA9E217F30709F0ACCF20E030E040E8C5
:1019A0005FE369A57DA5C8010F94B7BD87FF50C04F
:1019B000A096AEACBFACA09730E1A30EB11CA09630
:1019C000CEACDFACA097D6016D917D918D919D91AC
:1019D0006D017D01B4E0EB1AF10829A53DA5A80130
:1019E0000F9467B6F7016083718382839383AC148D
:1019F000BD0449F72EE6229DC001239D900D1124C0
:101A00009C012558384F790129A53DA5A8016DA94C
:101A10007EA98FA998AD0F9467B6D70191966D9363
:101A20007D938D939C93949762966CAD7DAD8EADB6
:101A30009FAD62970F9426B629A53DA5A8010F94E6
:101A400067B60F943ABEF70166AB77AB80AF91AF44
:101A5000A301920169AD7AAD8BAD9CAD0F94C1BD70
:101A600069A77AA78BA79CA72E962CAD3DAD4EAD4E
:101A70005FAD2E97232B242B252B09F0B9C58EE6BD
:101A8000829D8001839D100D11240558184FF80187
:101A900084819581A681B781892B8A2B8B2B09F0B4
:101AA000A7C580859185A285B385892B8A2B8B2B31
:101AB00009F09EC52091AB063091AC064091AD0671
:101AC0005091AE0669A57AA58BA59CA50F9467B623
:101AD0000F94A0BD0F943ABE2B013C01F801E45BCA
:101AE000FF4F10826A961CAE1DAE1EAE1FAE6A97E7
:101AF0008EE6829D8001839D100D11240558184F9C
:101B0000F801EE5BFF4F4082518262827382C30113
:101B1000B2010F9426B66B017C0129A53AA54BA50D
:101B20005CA50F94C1BDE2966CAF7DAF8EAF9FAF49
:101B3000E297F80161AB72AB83AB94AB2DEB37E36B
:101B400046E051E4C701B6010F9467B60F943ABE60
:101B5000D80154966D937D938D939C93579791964E
:101B6000BC912796BFAF2797F801F2A12B96FFAF44
:101B70002B97D8019396BC912F96BFAF2F97F80162
:101B8000F4A16396FFAF63972BEB36E0EE963FAF81
:101B90002EAFEE97A0964EAC5FACA09730E1430E0F
:101BA000511C0BEB16E0A0966EAC7FACA09727966D
:101BB0004FAD279749A72B965FAD2B975DA7B9AB84
:101BC000F9AF1DAAD3018D909D90AD90BD903D01C0
:101BD000E894B7F8F801C190D190E190F1908F01AD
:101BE000A5019401C701B6010F94B7BD87FF3AC0A4
:101BF000FDA9FF2309F47EC629A53DA549A959AD34
:101C0000C501B4010F9467B64B015C01A7019601B1
:101C100027966FAD27972B967FAD2B972F968FAD7D
:101C20002F9763969FAD63970F9467B66B017C0106
:101C3000AC019B01C501B4010F944BBF181694F47D
:101C4000A5019401C701B6010F94C1BD9B01AC0170
:101C500069A57DA589A999AD0F9467B669A77DA7E8
:101C600089AB99AF4614570409F0ACCF8EE6829D3C
:101C7000F001839DF00D1124E558F84F15AA8091CD
:101C8000C504882321F080E185AB1092C5043DADE9
:101C9000323008F48FC64091C7046B964FAF6B97F4
:101CA0005091C8046D965FAF6D970091C904109173
:101CB000CA0427E137EB41ED58E36B966FAD6B97A4
:101CC0006D967FAD6D97C8010F944BBF18160CF041
:101CD00071C66B962FAD6B976D963FAD6D97A80152
:101CE00027966FAD27972B967FAD2B972F968FADAD
:101CF0002F9763969FAD63970F94B7BD87FF01C67B
:101D00006B962FAD6B976D963FAD6D97A80127969B
:101D10006FAD27972B967FAD2B972F968FAD2F9773
:101D200063969FAD63970F94C1BDEC966CAF7DAF8A
:101D30008EAF9FAFEC9727968FAD27978DAF2B96E1
:101D40009FAD2B979DAB2F96AFAD2F97AEAF639600
:101D5000BFAD63972396BFAF23972BEC34E0E89693
:101D60003FAF2EAFE897412C512C30E8632E3FE374
:101D7000732EE896AEADBFADE8978D909D90AD9077
:101D8000BD90E896BFAFAEAFE897A096EEADFFADC1
:101D9000A097C190D190E190F190A096FFAFEEAFE7
:101DA000A0976B962FAD6B976D963FAD6D97A80181
:101DB00027966FAD27972B967FAD2B972F968FADDC
:101DC0002F9763969FAD63970F94B7BD87FF0CC0A5
:101DD000EC962CAD3DAD4EAD5FADEC97C501B401B9
:101DE0000F9467B64B015C01A296FFADA297FF234B
:101DF00081F0A3019201C501B4010F9467B64B01B4
:101E00005C01A3019201C701B6010F9467B66B0193
:101E10007C01A7019601C501B4010F944BBF20E0DE
:101E200030E0A90118160CF0A3C5C701B6010F9444
:101E30004BBF18164CF020E030E0A901C501B401F9
:101E40000F94B7BD87FF85C5A7019601C501B401F1
:101E50000F94C1BC6B017C01EE96AEADBFADEE97A9
:101E60008D909D90AD90BD90EE96BFAFAEAFEE97CA
:101E7000A5019401C701B6010F944BBF181694F445
:101E8000A7019601C501B4010F94C1BD9B01AC012E
:101E9000C301B2010F9467B62B013C01B1E0A296D9
:101EA000BFAFA297EBEDF4E0E8962EAD3FADE8971B
:101EB000E217F30709F05DCFA2963FADA297332357
:101EC00081F0A30192016DAD7DA98EAD23969FADEA
:101ED00023970F9467B66DAF7DAB8EAF23969FAF00
:101EE000239724EA30E74DE75FE36DAD7DA98EAD22
:101EF00023969FAD23970F9467B66B017C01AC01CD
:101F00009B016091F2177091F3178091F4179091F3
:101F1000F5170F944BBF1816FCF429A53DA549A948
:101F200059ADC701B6010F94B7BD87FF15C08EE646
:101F3000829DF001839DF00D1124E558F84F85A98D
:101F4000846085AB49A54DAF5DA55DAB89A98EAF1A
:101F500099AD23969FAF23978EE6829D8001839D46
:101F6000100D11240558184F8DAD9DA9AEAD2396C7
:101F7000BFAD2397F80181A792A7A3A7B4A729A56E
:101F80003DA549A959AD69A57DA589A999AD0F942C
:101F900067B66B017C01E2966CAD7DAD8EAD9FADF9
:101FA000E29790589B01AC010F94C2BCD8019D965A
:101FB0002D913D914D915C91D0970F9467B69B0107
:101FC000AC01C701B6010F94C1BC0F9490C0D62ECE
:101FD000E72E8C012DAD3DA94EAD23965FAD239725
:101FE0000F944BBF181634F0DDAEEDAA0EAF23965A
:101FF0001FAF23978EE6829DF001839DF00D112483
:10200000E558F84F8DAD9DA9AEAD2396BFAD239792
:1020100085A396A3A7A3B0A7F5A82D2D3E2DA801B3
:1020200027966FAD27972B967FAD2B972F968FAD69
:102030002F9763969FAD63970F94B7BD18160CF456
:10204000CFC483E09EE6929D8001939D100D1124E4
:102050000558184FF82AF801F5AA80E1FE0171969B
:10206000ABECB4E001900D928A95E1F727968FAD25
:1020700027972B969FAD2B972F96AFAD2F976396F3
:10208000BFAD63978093C7049093C804A093C9041D
:10209000B093CA0489A59DA5A9A9B9AD8093F217EB
:1020A0009093F317A093F417B093F517D801D69631
:1020B0006D917D918D919C91D9970F9426B627961D
:1020C0002FAD27972B963FAD2B972F964FAD2F9780
:1020D00063965FAD63970F94C1BD2B013C01F8017E
:1020E000E85BFF4F40825182628273823496808126
:1020F000882309F489C020910D1830910E18409161
:102100000F18509110186A966CAD7DAD8EAD9FADD5
:102110006A970F9467B64B015C01C0908306D0901C
:102120008406E0908506F09086060C5A1F4FA701A2
:1021300096010F9467B6A30192010F94C1BDF801F7
:10214000608371838283938320E030E0A9016A96E3
:102150006CAD7DAD8EAD9FAD6A970F944BBF1816D9
:102160000CF040C4A5019401E2966CAD7DAD8EAD3E
:102170009FADE2970F9467B6A70196010F9467B6DB
:102180006B017C0120E030E44CE157E40F944BBF3D
:1021900018163CF4C12C20E4D22E2CE1E22E27E4C8
:1021A000F22EA701960160E074E284EF99E40F94A7
:1021B000C1BD4B015C0120E030E44CE956E4C701AD
:1021C000B6010F944BBF18160CF017C48EE6829D13
:1021D0008001839D100D11240558184F7801FDE4EE
:1021E000EF0EF11C20E030E040E850E4C501B401FE
:1021F0000F9467B60F943ABED7016D937C93F801A4
:10220000ED5AFF4F84E0808309A51DA529A939ADAA
:102210004DAD5DA96EAD23967FAD2397A4968EAD8F
:102220009FADA4978558984F0F94E47D8EE6829DCC
:10223000F001839DF00D1124E558F84F80899189B4
:10224000A289B38981159048A105B10518F485A923
:10225000886085AB8FB7F8949091620E911193C40A
:10226000A1963FADA19730935B0E8FBFC258DF4F51
:1022700088819981AA81BB81CE57D040809359072C
:1022800090935A07A0935B07B0935C07CE57DF4F3C
:10229000288139814A815B81C258D04020935D07F3
:1022A00030935E0740935F0750936007E6968CADCE
:1022B0009DADAEADBFADE697809361079093620789
:1022C000A0936307B0936407AE962CAD3DAD4EADC1
:1022D0005FADAE972093650730936607409367071D
:1022E0005093680789A19AA1ABA1BCA18093DB049C
:1022F0009093DC04A093DD04B093DE048DA19EA135
:10230000AFA1B8A58093DF049093E004A093E1040B
:10231000B093E204A8968CAD9DADAEADBFADA897CD
:102320008093E3049093E404A093E504B093E6045F
:10233000AA96EEADFFADAA9780819181A281B3816B
:102340008093E7049093E804A093E904B093EA042F
:10235000F0905C0E80915B0E8F198F70833040F18E
:1023600010915B0E111101C010E11150FEE61F9F8C
:10237000C00111249C012558384F5901111101C089
:1023800010E111503EE6139FC0011124AC014558E5
:10239000584F6A019EE6692EF11669F0D601D5966E
:1023A0000C9102FF7EC380915B0E811B8F70F12E1A
:1023B000823008F4A3C03EE6F39EC0011124AC01B4
:1023C0004558584F5A01F39450E1F51201C0F12CD1
:1023D000AEE6FA9EC0011124FC01E558F84F6F01EA
:1023E0008EE6882ED501D5968C91D59781FD5AC061
:1023F00095964D905D906D907C909897F60195A084
:10240000E6A007A110A5292D3E2DA801C301B20108
:102410000F94B7BD87FF46C0A3019201C301B2016B
:102420000F9467B62B013C01D501D1966D917D913A
:102430008D919C91D49790589B01AC010F94C2BC94
:10244000F50125A536A547A550A90F9467B69B01B0
:10245000AC01C301B2010F94C1BC0F9490C02B0119
:102460003C019B01AC01692D7E2DC8010F94B7BDC5
:1024700087FF03C0492C5E2C38019201A301692D0E
:102480007E2DC8010F94B7BD882361F0D601D59683
:102490002C91C201D301F60185A396A3A7A3B0A7EF
:1024A000216025ABD501D5968C91D597F60195A9DC
:1024B000892B80FF14C005A116A127A130A59596F0
:1024C0004D915D916D917C919897C5010F94E47D3C
:1024D000D501D5968C91D5978E7FD5968C93F39414
:1024E000B0E1FB1201C0F12CF89CC0011124855809
:1024F000984F20915B0E5601F21243C380915B0E00
:10250000811101C080E18150EEE68E9FC00111244F
:102510009C012558384F7901D90195964D915D91CF
:102520006D917C91989709A51DA529A939ADC70181
:102530000F94E47DF70185A98E7F85AB80916F00B4
:10254000826080936F000D941888AD52B84F80E17F
:10255000E8E4F7E00D94538820917F0630918006DF
:102560004091810650918206A8966CAD7DAD8EADEE
:102570009FADA8970D94E98881E0808F0D948F8A94
:10258000A090AF06B090B0060091B1061091B206CF
:102590004CC8C501B4010F9463B64B015C01C7017F
:1025A000B6010F9463B69B01AC01C501B4010F9451
:1025B000C2BC6B017C0122966CAD7DAD8EAD9FAD32
:1025C00022970F9463B69B01AC01C701B6010F942B
:1025D000C2BC0F9490C02EE6229DF001239DF00D09
:1025E0001124E558F84F65A776A787A790ABBBC81D
:1025F0002A962CAD3DAD4EAD5FAD2A97232B242BF3
:10260000252B09F40EC16091A7067091A806809150
:10261000A9069091AA0629A53AA54BA55CA50F94F9
:1026200067B60F94A0BD0F943ABE2B013C01809178
:102630000D1890910E18A0910F18B09110188DA739
:102640009EA7AFA7B8AB20E030E0A901BC01CD0147
:102650000F944BBF18160CF0EDC020E030E0A9013C
:1026600026966CAD7DAD8EAD9FAD26970F944BBF7A
:1026700087FDE0C022966CAD7DAD8EAD9FAD2297FB
:102680009F7720E030E040E05FE30F94B7BD87FF25
:10269000D1C08EE6829D8001839D100D11240953C7
:1026A000184F81E0D8018C932091DB043091DC0439
:1026B0004091DD045091DE0469A17AA18BA19CA117
:1026C0000F94C1BC69AB7AAB8BAB9CAB2091DF04A0
:1026D0003091E0044091E1045091E2046DA17EA1AB
:1026E0008FA198A50F94C1BC4B015C012091E3041C
:1026F0003091E4044091E5045091E604A8966CAD55
:102700007DAD8EAD9FADA8970F94C1BC6B017C01D0
:1027100029A93AA94BA95CA9CA01B9010F9467B6C6
:1027200069AB7AAB8BAB9CABA5019401C501B4013D
:102730000F9467B69B01AC0169A97AA98BA99CA9E2
:102740000F94C2BC4B015C01A7019601C701B60101
:102750000F9467B69B01AC01C501B4010F94C2BCD4
:102760000F9490C06B017C012091E7043091E80444
:102770004091E9045091EA04AA96EEADFFADAA9704
:1027800060817181828193810F94C1BCA701960100
:102790000F94C1BD6A966CAF7DAF8EAF9FAF6A9745
:1027A00020E030E040E450E40F944BBF18160CF4E6
:1027B0009EC020E030E0A9016A966CAD7DAD8EAD83
:1027C0009FAD6A970F944BBF18160CF042C06A96E3
:1027D0002CAD3DAD4EAD5FAD6A976DA57EA58FA5C5
:1027E00098A90F9467B69B01AC016091C7067091E0
:1027F000C8068091C9069091CA060F94C1BD29A54B
:102800003AA54BA55CA50F9467B60F94A0BD0F9495
:102810003ABE6415750586059705D8F42B013C0171
:1028200018C06091330770913407809135079091FB
:102830003607F1CE8EE6829DF001839DF00D1124C6
:10284000E953F84F10826A961CAE1DAE1EAE1FAE45
:102850006A9710E000E0A496EEADFFADA497E00FFC
:10286000F11FE558F84FC080D180E280F380C11499
:10287000D104E104F104A1F1F801EA50F84E6081BD
:10288000718182819381641575058605970540F5F0
:102890000F9426B629AD3AAD4BAD5CAD0F9467B63B
:1028A0004B015C01C701B6010F9428B69B01AC0136
:1028B000C501B4010F94C1BD6B017C01C301B2011C
:1028C0000F9426B69B01AC01C701B6010F94B7BDAA
:1028D00087FF06C0C701B6010F943ABE2B013C0129
:1028E0000C5F1F4F0031110509F0B5CF01C9D801A8
:1028F0001C92AFCFC9A6DDA6E9AAF9AE21E02DABA7
:10290000B1C927962FAD27972B963FAD2B972F96C2
:102910004FAD2F9763965FAD63976B966FAD6B97D7
:102920006D967FAD6D97C8010F94C1BDEC966CAFED
:102930007DAF8EAF9FAFEC976B96EFAD6B97EDAF22
:102940006D96FFAD6D97FDAB0EAF23961FAF23972E
:1029500004CAF7FAF094F7F8F094A5019401C701BE
:10296000B6010F94B7BD87FF77CA7501640174CAB9
:10297000C701B6010F94B7BD87FD09C020E030E064
:10298000A901C501B4010F944BBF18162CF4A50181
:102990009401C701B6015CCAB7FAB094B7F8B09415
:1029A000A7019601C501B4010F944BBF18160CF096
:1029B00053CADBCF8EE6829DF001839DF00D11247A
:1029C000E558F84F85A9846085ABA9A5ADAFBDA535
:1029D000BDABE9A9EEAFF9AD2396FFAF2397BCCA13
:1029E00081E030CB2091C7063091C8064091C906DE
:1029F0005091CA06C701B601C1CB20E030E44CE1DA
:102A000056E4C701B6010F944BBF1816D4F48EE6F6
:102A1000829D8001839D100D11240558184F780167
:102A2000BDE4EB0EF11CA5019401C501B4010F94A6
:102A3000C2BC0F943ABEF70171836083369682E080
:102A4000E2CB20E03FEF4FE757E4C501B4010F941C
:102A5000B7BD87FF19C08EE6829D8001839D100D52
:102A600011240853184FC501B4010F943ABED80180
:102A70006D937C938EE6829DF001839DF00D112471
:102A8000E253F84F81E0BFCB8EE6829DF001839D3B
:102A9000F00D1124E853F84F8FEF9FEF918380835F
:102AA000E9CFF60171A482A493A4E4A4272D382DC4
:102AB000492D5E2D65A176A187A190A50F94B7BD84
:102AC000882309F451C001FD44C0D50195962D908D
:102AD0003D904D905C909897A2019101672D782DC3
:102AE000892D9E2D0F94B7BD18169CF5A20191015A
:102AF000C201B1010F9467B61B012C01F60161A957
:102B000072A983A994A990589B01AC010F94C2BCEF
:102B1000D6019D962D913D914D915C91D0970F944A
:102B200067B69B01AC01C201B1010F94C1BC0F9407
:102B300090C02B015C019B01AC01672D782D892D84
:102B40009E2D0F94B7BD87FD04C0742C852C9A2C44
:102B5000EB2C872D982DA92DBE2DF60185A396A3CC
:102B6000A7A3B0A7016005AB111101C010E111507E
:102B7000169DC001112456019C012558384F69014A
:102B80000BCC6C012FCC8FBF0D9418884F925F92A5
:102B90006F927F928F929F92AF92BF92CF92DF926D
:102BA000EF92FF92CF93DF93CDB7DEB72C970FB69E
:102BB000F894DEBF0FBECDBFC0905007D090510734
:102BC000E0905207F090530780914C0790914D0789
:102BD000A0914E07B0914F07409148075091490787
:102BE00060914A0770914B074D835E836F837887AE
:102BF00089839A83AB83BC83BE016F5F7F4FCE0115
:102C000005960E94174F4D805E806F8078842091DA
:102C10007706309178064091790650917A06C30183
:102C2000B2010F9467B60F94FFBF6093590770937A
:102C30005A0780935B0790935C0789809A80AB80EA
:102C4000BC8020917B0630917C0640917D0650919E
:102C50007E06C501B4010F9467B60F94FFBF609361
:102C60005D0770935E0780935F0790936007809184
:102C7000A613882309F48CC0A5019401C301B201F5
:102C80000F946A519B01AC01C701B6010F94C2BCFD
:102C900020917F06309180064091810650918206F6
:102CA0000F9467B60F94FFBF60936107709362073C
:102CB0008093630790936407809154079091550720
:102CC000A0915607B091570789879A87AB87BC8731
:102CD00020918306309184064091850650918606A6
:102CE000BC01CD010F9467B60F94FFBF60936507D9
:102CF0007093660780936707909368074092DB04A0
:102D00005092DC046092DD047092DE048092DF0455
:102D10009092E004A092E104B092E204C092E30435
:102D2000D092E404E092E504F092E60489859A8565
:102D3000AB85BC858093E7049093E804A093E904F5
:102D4000B093EA040F9493641092C7041092C804DD
:102D50001092C9041092CA04EBECF4E080E1DF01A8
:102D60001D928A95E9F72C960FB6F894DEBF0FBE38
:102D7000CDBFDF91CF91FF90EF90DF90CF90BF90CC
:102D8000AF909F908F907F906F905F904F9008953D
:102D900020917F06309180064091810650918206F5
:102DA000C701B6017DCF8F929F92AF92BF92CF9213
:102DB000DF92EF92FF920F931F934B015C01E7E5C7
:102DC000F5E0E084F1840285138524813581468114
:102DD000578160817181828193811F921F921F921E
:102DE0001F92E3E6CE2EE5E0DE2E0F94B1870F9022
:102DF0000F900F900F901F910F91FF90EF90DF9029
:102E0000CF90BF90AF909F908F9008958F929F9298
:102E1000AF92BF92CF92DF92EF92FF920F931F93E8
:102E20004B015C01E8E4F7E0E084F184028513855E
:102E300024813581468157816081718182819381AE
:102E40001F921F921F921F92E4E5CE2EE7E0DE2E26
:102E50000F94B1870F900F900F900F901F910F91CB
:102E6000FF90EF90DF90CF90BF90AF909F908F90AA
:102E700008954F925F926F927F928F929F92AF923E
:102E8000BF92CF92DF92EF92FF92CF9380E00F94A8
:102E900030376093590770935A0780935B0790937C
:102EA0005C0781E00F94303760935D0770935E0795
:102EB00080935F079093600782E00F9430376093B0
:102EC000610770936207809363079093640783E0C0
:102ED0000F94303760936507709366078093670798
:102EE0009093680780E00F943E3760934807709393
:102EF000490780934A0790934B0781E00F943E3730
:102F000060934C0770934D0780934E0790934F0743
:102F100082E00F943E37609350077093510780937F
:102F200052079093530783E00F943E376093540702
:102F30007093550780935607909357078091A61377
:102F4000882331F120914C0730914D0740914E0775
:102F500050914F07609148077091490780914A0747
:102F600090914B070F946A519B01AC0160915007FF
:102F70007091510780915207909153070F94C1BCF3
:102F800060935007709351078093520790935307B3
:102F9000C091F117CC2309F49AC0C0FF34C020912E
:102FA000E9173091EA174091EB175091EC176091B7
:102FB00048077091490780914A0790914B070F94F9
:102FC000C1BC609348077093490780934A07909368
:102FD0004B072091ED173091EE174091EF1750916C
:102FE000F01760914C0770914D0780914E079091BA
:102FF0004F070F94C1BC60934C0770934D078093AB
:103000004E0790934F07C1FF62C080904807909091
:103010004907A0904A07B0904B07C0904C07D0904A
:103020004D07E0904E07F0904F072091E117309147
:10303000E2174091E3175091E417C501B4010F94D2
:1030400067B62B013C012091E5173091E6174091BE
:10305000E7175091E817C701B6010F9467B69B01B7
:10306000AC01C301B2010F94C2BC2B013C01209101
:10307000D9173091DA174091DB175091DC17C50151
:10308000B4010F9467B64B015C012091DD173091BC
:10309000DE174091DF175091E017C701B6010F947A
:1030A00067B69B01AC01C501B4010F94C2BC60932B
:1030B00048077093490780934A0790934B074092C3
:1030C0004C0750924D0760924E0770924F070E9436
:1030D0004F4D80E1E8E4F7E0ABEDB4E001900D92F4
:1030E0008A95E1F7CF91FF90EF90DF90CF90BF905E
:1030F000AF909F908F907F906F905F904F900895CA
:1031000080916F008D7F80936F000F94399781E0DD
:103110008093620E80916F008D7F80936F009091FD
:103120005B0E80915C0E981769F090915B0E809118
:103130005C0E9817A1F380915C0E8F5F8F70809367
:103140005C0EEDCF1092A6051092A5058FEF9FEFB4
:103150009093F2048093F1041092EE041092ED0427
:103160000F94C73780916F00826080936F00109238
:10317000C7041092C8041092C9041092CA04EBEC60
:10318000F4E080E1DF011D928A95E9F71092C60410
:103190001092C50408951F920F920FB60F9211243A
:1031A0000BB60F928F929F92AF92BF92CF92DF9207
:1031B000EF92FF920F931F932F933F934F935F9341
:1031C0006F937F938F939F93AF93BF93CF93DF932F
:1031D000EF93FF93EC9888E89BE30E94765D85EA85
:1031E0009FE00F949ABB182F8111DEC20E940A4DF6
:1031F000882309F4A9C30F949F1D6B017C01C09122
:103200005F0ECC2331F0C1E080916A02823009F474
:10321000C0E0D0915E0ED11102C0D0915D0E10922F
:103220004F02109206040E94E872179A1092450706
:10323000169A1092460764E183E692E00E94274DB9
:1032400064E183E692E00E942F4D50E040E06091FF
:10325000FF0482E00F94741864E186E692E00E9415
:10326000274D64E186E692E00E942F4D50E040E059
:103270006091000583E00F947418C1111BC0809108
:103280005807811117C08091710E8093B20580910B
:10329000730E9091740E9093B1058093B005809158
:1032A000E50383FB882780F980930C188091E7035E
:1032B0008093AF050F945923C11104C00E94634A43
:1032C0000E94194A0091A6131092A6130F94809899
:1032D000C1111BC080915807811117C080E1E8E43B
:1032E000F7E0ACE9B2E001900D928A95E1F7DD23B9
:1032F00061F080E090E0A0E8BFEB80939C029093A7
:103300009D02A0939E02B0939F028090A402909091
:10331000A502A090A602B090A7020023D1F02091B0
:10332000A0023091A1024091A2025091A3026091AB
:103330009C0270919D0280919E0290919F020F9439
:103340006A519B01AC01C501B4010F94C1BC4B0192
:103350005C01B501A4018DE89FE00F94D0BB4091C2
:10336000A8025091A9026091AA027091AB028EE668
:103370009FE00F94D0BB60910C18C1E06C2782E7EE
:103380009FE00F94BEBB0E94EE6810927414C0932D
:103390005F0E1092620E789420E030E040E85FE328
:1033A0006091540770915507809156079091570787
:1033B0000F94C1BC609354077093550780935607D0
:1033C0009093570760E070E08EEB92E40F940697BD
:1033D0000F945237149A8091FF04C0E0D1E002C0EC
:1033E000D695C7958A95E2F782E00F945A1860E067
:1033F00074E0681B790B90E080E00F9426B64B01D7
:103400005C01BE0190E080E00F9426B620917F061B
:103410003091800640918106509182060F9467B6E4
:103420009B01AC01C501B4010F94C1BD2AE037ED89
:1034300043E25FE30F94C2BC2091500730915107E3
:1034400040915207509153070F94C2BC60935007AC
:1034500070935107809352079093530765E575E584
:1034600085E591E40F9406970F9452374091081820
:103470005091091860910A1870910B1881E99FE02A
:103480000F94D0BBCEEADDE097E0B92E70E060E0AB
:10349000002319F1812F6B2D0F9449BCB89EF001C8
:1034A0001124E90FF11DEE0FFF1FEE0FFF1FEA556C
:1034B000FC4E20E030E04AE754E461817281838170
:1034C00094810F9467B620E030E040E05FE30F9412
:1034D000C2BC0F9469BE0F9433BECE010F94DCBB07
:1034E0001F5F2296113391F640915007509151077A
:1034F00060915207709153078AED9EE00F94D0BB04
:1035000040919C0250919D0260919E0270919F0299
:103510008DE99FE00F94D0BB4091A0025091A10291
:103520006091A2027091A30281EA9FE00F94D0BB48
:10353000609106187091071889E89FE00F94DCBB32
:103540006091390270913A0285E39DE00F94DCBBF3
:103550006091B0057091B10588ED9EE00F94DCBBE1
:103560006091B2058BE89FE00F94BEBB6091AF0500
:1035700088E89FE00F94BEBB4091BC025091BD0211
:103580006091BE027091BF0288EE9EE00F94D0BBA6
:1035900060919502709196028EED9EE00F94DCBBD7
:1035A0004091A7065091A8066091A9067091AA06BD
:1035B00081E19DE00F94D0BB4091AB065091AC06E9
:1035C0006091AD067091AE068DE09DE00F94D0BB8A
:1035D0004091330750913407609135077091360759
:1035E00089E09DE00F94D0BB40E150E067E37DE0CF
:1035F0008CEA92E00F94AEBB609111187091121892
:103600008CE69FE00F94DCBB60916A028CE89FE03F
:103610000F94BEBB40910D1850910E1860910F1879
:10362000709110188CE29DE00F94D0BB60916B02FA
:1036300070916C028DE79CE00F94DCBB40E150E0A0
:103640006DE67CE087E996E00F94AEBB40E150E088
:103650006DE57CE08FE197E00F94AEBB40E150E078
:103660006DE47CE087E896E00F94AEBB40E150E06B
:103670006DE37CE08FE097E00F94AEBB4091AF0626
:103680005091B0066091B1067091B20689E39CE05A
:103690000F94D0BB4091B3065091B4066091B5062B
:1036A0007091B60685E39CE00F94D0BB4091B706BD
:1036B0005091B8066091B9067091BA0681E39CE01A
:1036C0000F94D0BB40E150E061E27CE08BEB96E0F0
:1036D0000F94AEBB8091E403882329F061E08FE76B
:1036E0009CE00F94BEBB61E085EA9FE00F94BEBBF7
:1036F00084E69FE00E94275A8FEF9EE00E941A5AAC
:103700000F949F1DDC01CB018C199D09AE09BF09E7
:10371000BF93AF939F938F9381EC91E79F938F9388
:103720000F945CBA9FB7F8948091020184608093F3
:1037300002019FBF15980F900F900F900F900F9060
:103740000F9020E030E04FEF52E460914807709115
:10375000490780914A0790914B070F94B7BD87FDA9
:103760001FC080E090E0AFE7B3E4809348079093F8
:103770004907A0934A07B0934B0760E070E08AEFD7
:1037800093E40F9406970F94523788E19EE00FB6AA
:10379000F894A895809360000FBE90936000FFCFCF
:1037A00080E090E0DC01E1CF0F949F1D6B017C0174
:1037B000179A10924507169A10924607149A64E1D8
:1037C00083E692E00E94274D64E183E692E00E9446
:1037D0002F4D50E040E06091FF0482E00F94741898
:1037E0000F9459231092A6130F948098809050073D
:1037F00090905107A0905207B09053078AED9EE039
:103800000F94A2BB9B01AC01C501B4010F94C1BCD4
:103810004B015C01E894B7F820917F063091800657
:10382000409181065091820660E070E080E89FE35D
:103830000F94C1BD9B01AC01C501B4010F944BBFF6
:1038400087FD61C00E94EE681092741481E080933D
:103850005F0E1092620E78948091FF04C0E0D1E078
:1038600002C0D695C7958A95E2F782E00F945A1860
:1038700060E074E0681B790B90E080E00F9426B65E
:103880004B015C01BE0190E080E00F9426B62091D0
:103890007F063091800640918106509182060F94F8
:1038A00067B69B01AC01C501B4010F94C1BD2AE00C
:1038B00037ED43E25EE30F94C2BC20915007309194
:1038C000510740915207509153070F94C2BC609327
:1038D000500770935107809352079093530765E503
:1038E00075E585E591E40F9406970F945237409162
:1038F00050075091510760915207709153078AED1C
:103900009EE00F94D0BB62E085EA9FE00F94BEBBBF
:1039100084E69FE00E94275A8FEF9EE00E941A5A89
:103920000F949F1DDC01CB018C199D09AE09BF09C5
:10393000BF93AF939F938F9380ED91E79F938F9366
:103940000F945CBA0F94AD86FF91EF91DF91CF9108
:10395000BF91AF919F918F917F916F915F914F91A7
:103960003F912F911F910F91FF90EF90DF90CF909B
:10397000BF90AF909F908F900F900BBE0F900FBE97
:103980000F901F90189584B1817F84B984B18760AE
:1039900084B985B1817F85B9289A80E58CBD1DBC2D
:1039A00008952F923F924F925F926F927F928F92E3
:1039B0009F92AF92BF92CF92DF92EF92FF920F93BE
:1039C0001F93CF93DF93CDB7DEB7C650D1400FB66C
:1039D000F894DEBF0FBECDBF8091FC1F9091FD1FFC
:1039E000A091FE1FB091FF1F8A3A9545AA4AB5459E
:1039F00021F48091FB1F87FDC2C1A895D0902605B8
:103A00008091C00087FF04C0A8958091C600F8CFC0
:103A1000109226050091A0041091A10410939F0418
:103A200000939E045BEAE52E53E7F52E61EBA62E8C
:103A300063E7B62EF70184910F94A77DFFEFEF1A8D
:103A4000FF0AAE14BF04B1F7A8958FE090E02AEA10
:103A500033E740E854E86EE170E0E0919E04F091B5
:103A60009F04E017F10719F5A89541505109610924
:103A7000710999F7D092260580E0CA5FDE4F0FB634
:103A8000F894DEBF0FBECDBFDF91CF911F910F9194
:103A9000FF90EF90DF90CF90BF90AF909F908F906E
:103AA0007F906F905F904F903F902F900895F80116
:103AB000E25EFB4F40810F5F1F4F0F771127F90127
:103AC000E81BF90BE4914E13D5CFA895019709F0A7
:103AD000C0CF8091C1008F778093C1000DE813E7BC
:103AE000F80184910F94A77D0F5F1F4FF3E70A3908
:103AF0001F07B1F70F94C39C0E94FEC80FB6F8943D
:103B0000A8958091600088618093600010926000A9
:103B10000FBE0E94275447E653E761E080E00E9411
:103B200008541092FC1F1092FD1F1092FE1F10925D
:103B3000FF1FCB5FDE4F1882C550D14010E000E080
:103B4000F12CAE014F5F5F4F3A010F94AE7D81348F
:103B5000A9F40F94AE7DE82E0F94468052E882E0DF
:103B6000E51621F081E8E81207C086E00F94A77DF2
:103B700080E10F94A77DE9CF83E0F8CF823421F470
:103B800084E10F945280F4CF853411F485E0F9CFAD
:103B90008535C9F40F94AE7D082F0F94AE7D082BA8
:103BA00010E00F94AE7D182B0F94AE7D182B17FFED
:103BB00007C06894F0F8000F111F0F944680D8CF0B
:103BC000E894F0F8F8CF8635A1F40F94AE7D8D34EB
:103BD00071F40F94AE7D0F94AE7D9F2D9170F92EF0
:103BE000880FF82A81E00F94528080E0BFCF83E0F5
:103BF000FACF843609F077C00F94AE7DB82E0F94BB
:103C0000AE7DC82E0F94AE7DE82E0F94AE7DD12CE4
:103C1000DC2CCC24DB288E29C82A0F94AE7D582EAC
:103C2000FE0131965F0146018E0E9F1EEE2ECA5F89
:103C3000DE4FB882C650D1400F94AE7DF50181931E
:103C40005F018E169F06C1F70F944680F5E45F1260
:103C500001C0FFCF1801512C4F2C0115110561F542
:103C60004201AA24BB24CB5FDE4F2881C550D1403E
:103C7000822F90E0082C02C0959587950A94E2F770
:103C800080FD1AC00E948BC70E9427C8B201A801FC
:103C900088ED0E94A9C781E090E001C0880F8A9456
:103CA000EAF7CB5FDE4F4881C550D140482BCB5F50
:103CB000DE4F4883C550D1400E948BC70E9427C861
:103CC00096014E2DCA5FDE4F5881C650D140C201C9
:103CD000B1010E94AEC70E948BC7459884E00E9444
:103CE00085C7459A45CF843781F5B12CAF2C0F9409
:103CF000AE7DD82E0F94AE7DC82E0F94AE7DE82EEB
:103D00000F94AE7D2C2D30E0322F2227F901FD29B2
:103D10006F018E29C82A0F94AE7D0F9446800E94B1
:103D20008BC79601A301C501B8010E94CEC75301FC
:103D3000C501861997098C159D0508F019CFF50165
:103D400081915F010F94A77DF3CF853751F40F94D4
:103D500046808EE10F94A77D88E90F94A77D81E0CE
:103D600005CF813509F029CFF8E128E00FB6F894A6
:103D7000A895F09360000FBE209360001ECF81E0F5
:103D80007CCE81E00C9401550F931F93CF938C014F
:103D9000C62F80E00E9401550E942754A80161E0CF
:103DA00080E00E94085480E20E946B556C2F70E006
:103DB0006F5F7F4F072E000C880B990BCF911F91DF
:103DC0000F910C94755682ED9EE00E94275A83ED68
:103DD0009EE00C941A5A41E080917413811101C045
:103DE00040E0405D62E083E00E9414540E9424C9D8
:103DF00040E3480F62E088E00E94145462E08AE0E9
:103E00000E94F4530F94D31562E080E10E94F453B2
:103E100020E030E040E05FE36091660E7091670E55
:103E20008091680E9091690E0F94C2BC0F9433BEBE
:103E30007F936F9385E592E79F938F930E94CD5375
:103E40000F900F900F900F9008958A3020F08031DE
:103E500020F4895A0895805D089580E008950F93B5
:103E60001F93CF93DF93082FEB0190E024E095950B
:103E700087952A95E1F711E0009721F00F94259F8F
:103E8000899312E0802F8F700F94259F8883812F54
:103E9000DF91CF911F910F910895803330F08A33D5
:103EA00030F09FE9980F963020F080E0089580531D
:103EB000089587550895CF93DF93EC01688180E0E2
:103EC0000F94BA7D69810F94BA7D6A81CB810F947A
:103ED000BA7D6C2FDF91CF910D94BA7DCF93DF9394
:103EE000EC010F945B9F6D810F94BA7D6E81CF8141
:103EF0000F94BA7D6C2FDF91CF910D94BA7DCF9343
:103F0000DF93EC01688349831B821A820F945B9FC5
:103F10008C83DF91CF9108959FB7F894E5E0F1E0AD
:103F200080818F7D80839FBF8FE891E00197F1F7BB
:103F300000C000009FB7F8948081806280839FBF9B
:103F40000895149A0895CF92DF92EF92FF92CF9343
:103F5000DF9369017A01C8E4D7E09B01AC016C856D
:103F60007D858E859F850F94C2BC6C877D878E87EB
:103F70009F87C701B601DF91CF91FF90EF90DF904F
:103F8000CF900D9406970F9406970D945237CF93C8
:103F9000DF93EC0182E799E60E944F5B8FE492E7A2
:103FA0000E944F5BCE01DF91CF910C94765D0C9413
:103FB00024C9893220E8920709F497C008F048C064
:103FC000863060E8960709F49AC030F5833040E8FF
:103FD000940709F480C0A8F4813020E8920709F41E
:103FE00017C1823040E8940709F473C09C0186FF32
:103FF0008EC02227327C2115324C09F09EC08EE102
:104000000895843060E8960709F467C0853020E899
:10401000920761F784E208958A3040E8940709F432
:104020005EC058F4883020E8920709F46EC08930E9
:1040300040E89407D9F685E008958C3060E896074B
:1040400009F451C08D3020E8920781F681E208958D
:104050008F3240E8940709F456C0E0F48C3220E82F
:10406000920709F44EC058F48A3260E89607C9F105
:104070008B3220E8920709F0B9CF86E208958D329D
:1040800040E89407D1F18E3260E8960709F0AECF90
:1040900082E20895873820E8920749F158F487347E
:1040A00060E8960729F08B3420E8920709F09ECF4C
:1040B00084E00895873041E89407D9F08B3061E8B7
:1040C0009607C9F08B3820E8920709F08FCF89E076
:1040D000089581E0089582E0089583E0089586E0E0
:1040E000089587E008958AE208958BE2089588E0B4
:1040F00008958AE008958BE0089583E2089585E2AB
:10410000089587E2089588E2089589E2089587FF77
:1041100007C02227327C2115324CA1F58FE108958A
:104120002227317090FF52C0AC014427527C4115C8
:10413000524C09F04BC080E208959C01222732784E
:10414000232B09F067C09C0122273478232B09F028
:1041500063C09C0122273878232B09F05FC09C01A3
:1041600022273079232B09F05BC09C012227307A6B
:10417000232B09F057C08827907C892B09F468C04D
:104180008FE008959C0122273278232B09F04CC040
:104190009C0122273478232B09F048C09C01222758
:1041A0003878232B09F044C09C0122273079232B37
:1041B00009F040C09C012227307A232BE9F588279B
:1041C000907C892B09F444C080E10895232B09F4E5
:1041D0003FC09C0122273278232B81F59C012227A6
:1041E0003478232B69F59C0122273878232B51F54D
:1041F0009C0122273079232B39F59C012227307A24
:10420000232B21F58827907C892B11F181E10895DA
:1042100080E0089582E1089585E1089588E1089598
:104220008BE108958CE0089583E1089586E1089577
:1042300089E108958CE108958DE0089584E1089561
:1042400087E108958AE108958DE108958EE008954B
:104250008CE20895FF920F931F93CF93DF932091E9
:104260006F13309170132130310539F42091981378
:10427000213019F422E02093D8170F94D99FD82F1A
:104280008091D817813009F457C048F0823009F482
:10429000E5C0DF91CF911F910F91FF90089584E0C9
:1042A000809397020D2F10E0F801E754FD48C49168
:1042B000FC2EF2944FE0F422CF7080E00E94015572
:1042C0000E942754000F111FF801EA51FD48259163
:1042D0003491055D1849F801859194913F932F938E
:1042E0009F938F9382E593E79F938F930E94CD5383
:1042F00043EA57E662E080E00E9408540F900F9076
:104300000F900F900F900F90F110BCC010E000E0E4
:1043100022E145E651E7EC2FF0E0EE0FFF1FE25CF3
:10432000FC486591749181E0F11001C080E00F9428
:10433000C31181E08093D81781E0809379070F94AF
:10434000EB9E0F9472450D2F10E0F801E754FD48E5
:10435000C491DC2FD295DF708091D017811109C0F4
:1043600081E0D11101C080E08093CF1781E080937C
:10437000D0178091CE17882341F081E0D11101C080
:1043800080E08093CF171092CE1720917106309164
:10439000720621153105B9F18091CF17DD2361F047
:1043A00037FF06C0882369F081508093CF1709C07A
:1043B000823039F08F5FF9CF37FF3FC08111109203
:1043C000CF178091CF174EE3811140E263E080E088
:1043D0000E9414548091CF17DD23A1F14EE3813068
:1043E00009F040E263E089E00E9414548091CF1705
:1043F000823051F54EE363E082E10E941454109242
:104400007206109271060E943E57882309F441CF2C
:104410008091CF17D1111AC0813079F5F801EE0FD4
:10442000FF1FE15AFD48859194910F94AA1281E0F3
:104430008093CE171092D8172CCF813009F4C1CFBA
:1044400081E0B3CF8130B1F240E2D5CF823031F399
:10445000813099F4D093640E8093CE1781E00E944E
:1044600001550F94461010926F051092720510922C
:10447000790782E080939702DDCFCF70C093640EFE
:1044800081E0EACFEF2DF0E0EE0FFF1FE25CFC4889
:104490004591549105E611E729E03DCF0F94D99F4E
:1044A000E82FF0E0EE0FFF1FEA51FD48259134910F
:1044B000233381E0380708F041C02D3281E038070E
:1044C00078F52E37310509F483C0F0F42C36310528
:1044D00009F485C030F42536310508F079C08FEF36
:1044E00008952437310509F473C02D37310519F0CB
:1044F00023373105A1F78091640E813009F46DC036
:10450000873069F788E00895233D310509F46EC0CE
:1045100050F4293C310509F469C02A3C3105F9F60B
:104520008091640E67C02D3D310509F45FC02E3DBA
:104530003105B1F3243D310591F6F2CF253F81E0FD
:10454000380709F45CC0F8F4263481E0380758F4E1
:10455000213481E0380720F72753314025303105D9
:1045600008F0BDCFDDCF215931402230310508F0B0
:10457000B6CF8091640E833009F43FC0893009F0D2
:10458000AECF87E00895293F81E0380749F270F403
:10459000273F81E0380721F260F78091640E833075
:1045A00061F1883009F09BCF86E008952B3F81E0D0
:1045B0003807A9F068F02C3F314009F090CF809186
:1045C000640E853089F0863009F089CF85E0089542
:1045D0008091640E813009F082CF81E0089580914E
:1045E000640E8230D1F37BCF84E008958091640E15
:1045F000823061F0833009F072CF83E008958091BA
:10460000640E823029F0843009F069CF82E0089589
:1046100080E00895CF93DF93EC016091660E709176
:10462000670E8091680E9091690E0F9433BE2091B1
:10463000730E3091740EC901861B970B069724F0F8
:10464000CE010E943C76E9CFDF91CF910895CF93C0
:10465000DF9300D000D01F92CDB7DEB7873050F582
:10466000673040F597E0E7ECF2E0DE01119601904B
:104670000D929A95E1F746E050E0FA01E61BF10948
:1046800021E030E02C0F3D1FE20FF31F208130E0CE
:10469000481B5109C90102C0959587954A95E2F7D3
:1046A000817027960FB6F894DEBF0FBECDBFDF91A5
:1046B000CF91089580E0F5CF10926E0510926D05B0
:1046C00080E10E9478DD882391F00E947A5D81EA82
:1046D0009DE00F949ABB2BE0829FC0011124805B68
:1046E000924F0F94A8BB90936E0580936D0508952B
:1046F0000F931F93CF93DF9300D01F92CDB7DEB7F8
:104700009B01AC0108E417E0F801608571858285A2
:10471000938569837A838B839C830F94C1BCF80152
:10472000608771878287938765E575E585E591E404
:104730000F9406970F94523789819A81AB81BC817F
:10474000F80180879187A287B387CE0101960F94E5
:104750008A870F900F900F900F90DF91CF911F914C
:104760000F91089560916D0570916E05072E000CF4
:10477000880B990B0F9428B620917F063091800604
:1047800040918106509182060F94C1BD0F9478A389
:1047900010926E0510926D050895CF93DF930E94DD
:1047A000EC4BC8E4D7E080E090E0A0EAB0E4888772
:1047B0009987AA87BB8765E575E585E591E40F9440
:1047C000C39F8DEC9CECACE4BEE388839983AA8301
:1047D000BB8383E393E3A3E7B0EC8C839D83AE8339
:1047E000BF836CE477E0CE010E94BF4F60E070E0D1
:1047F00086E193E40F94C39F8AE999E9A9E1BEE3B6
:1048000088879987AA87BB8765E575E585E591E483
:10481000DF91CF910D94C39F682F70E090E080E00E
:104820000F9426B620E030E048E052E40F9467B6DB
:1048300020E030E040E85FE30F94C2BC0895682FA9
:1048400070E090E080E00F9426B620E030E04CE984
:1048500052E40F9467B620E030E040E85FE30F9445
:10486000C2BC08952F923F924F925F926F927F92B7
:104870008F929F92AF92BF92CF92DF92EF92FF9270
:104880000F931F93CF93DF9300D000D0CDB7DEB747
:1048900084E00F94BD1980918E028C8310928E0259
:1048A00080E00F9499428B830E94EC4B8DE296E35B
:1048B0000F94271241E651E763E080E00E9408541C
:1048C00081E080938E0280E090E0A0EAB0E48093E3
:1048D000500790935107A0935207B093530765E593
:1048E00075E585E591E40F94C39F0E94285E1092C0
:1048F0008E0280E090E0A0E8BFE3809348079093A9
:104900004907A0934A07B0934B0780934C079093B5
:104910004D07A0934E07B0934F076CE477E088E40F
:1049200097E00E94BF4F60E070E088E492E40F944B
:10493000C39F0E944F4D50E040E061E082E00E9442
:10494000605E43E060E070E080E291EC0F94B86953
:10495000811104C081EC90E70E94015E80915007B4
:1049600090915107A0915207B09153078093A713DC
:104970009093A813A093A913B093AA13E2E0F0E0D8
:10498000FA83E983C12CD12C30EAE32E30E4F32EF4
:1049900043E0B42E52E0952E0CE511E767E0A62E19
:1049A0000E94EC4BC0925007D0925107E092520700
:1049B000F092530765E575E585E591E40F94C39F93
:1049C00029812150822F6B2D0F9449BC892E822F73
:1049D0000F9455BC782E80FF03C0F92DF8198F2E47
:1049E000882D880F880D0F941FA46093480770933B
:1049F000490780934A0790934B07872D880F870DAF
:104A00000F940CA460934C0770934D0780934E074E
:104A100090934F076CE477E088E497E00E94BF4FE3
:104A200060E070E088E492E40F94C39F63E080E06C
:104A30000E94F4538A818F9399819F931F930F93C0
:104A40000E94CD5343E060E070E080E291EC0F946F
:104A5000B869582E0F900F900F900F90882309F48B
:104A600079CFA79CF0011124E80DF11DEE0FFF1F77
:104A7000EE0FFF1FEA55FC4E8091500790915107B1
:104A8000A0915207B091530781839283A383B4838B
:104A9000E981FA813196FA83E9833A9709F080CF68
:104AA0006090A7137090A8138090A9139090AA13F8
:104AB000462CA72CB82C292C1E821D8206EA13E155
:104AC0008D819E8189559C4E9A83898393E0392EEE
:104AD000E981FA81C190D190E190F190FA83E98364
:104AE0009301A401C701B6010F944BBF181614F02F
:104AF00036014701242D3A2D4B2D522DC701B60109
:104B00000F94B7BD87FD04C04C2CAD2CBE2C2F2CB0
:104B10003A943110DDCF8D819E814C969E838D839A
:104B20008435910559F69301A401642D7A2D8B2DBE
:104B3000922D0F94C1BC20E030E040E450E40F948B
:104B40004BBF18163CF58FE391E70E94765D512C20
:104B5000FC81F0938E028B810F9499420F948E19F1
:104B6000852D26960FB6F894DEBF0FBECDBFDF9120
:104B7000CF911F910F91FF90EF90DF90CF90BF905A
:104B8000AF909F908F907F906F905F904F903F90ED
:104B90002F900895198285ECE82E8FE0F82E680199
:104BA0001D829D81911103C0E981EE2329F120919D
:104BB000A7133091A8134091A9135091AA13F6019D
:104BC00061817281838194810F94C1BC20E030E0C7
:104BD00048EC52E40F9467B620E030E040E05FE339
:104BE0000F94C2BC0F9469BE0F9433BEC7010F94DB
:104BF000DCBBF2E0EF0EF11C84E0C80ED11C9D81FD
:104C00009F5F9D83933069F6045E1F4FE981EF5FDC
:104C1000E983E33021F60F94AE690F94CDA398CFCA
:104C200082E00F943E376093500770935107809352
:104C300052079093530780E597E00D948A874F922F
:104C40005F926F927F928F929F92AF92BF92CF921C
:104C5000DF92EF92FF920F931F93CF93DF9308E4BD
:104C600017E0C9EED7E1288139814A815B81F801DB
:104C700060817181828193810F94C1BC4B015C0181
:104C80002C813D814E815F81F8016481758186812F
:104C900097810F94C1BC6B017C01C9EDD7E12881DC
:104CA00039814A815B81C501B4010F9467B62B013C
:104CB0003C012C813D814E815F81C701B6010F947B
:104CC00067B69B01AC01C301B2010F94C2BCF801ED
:104CD0006083718382839383288539854A855B85C8
:104CE000C501B4010F9467B64B015C012C853D856D
:104CF0004E855F85C701B6010F9467B69B01AC0175
:104D0000C501B4010F94C2BCF80164837583868326
:104D10009783DF91CF911F910F91FF90EF90DF90DC
:104D2000CF90BF90AF909F908F907F906F905F904B
:104D30004F9008954F925F926F927F928F929F92C1
:104D4000AF92BF92CF92DF92EF92FF920F931F9399
:104D5000CF93DF9300D000D01F921F92CDB7DEB764
:104D6000DC01CD90DD90ED90FC901397C092BE17C2
:104D7000D092BF17E092C017F092C11714960D9110
:104D80001D912D913C91179709831A832B833C83A6
:104D90000093C6171093C7172093C8173093C917ED
:104DA000DB010D911D912D913C9113970D831E8375
:104DB0002F8338870093C2171093C3172093C4170B
:104DC0003093C51714964D905D906D907C90179719
:104DD0004092CA175092CB176092CC177092CD17A1
:104DE000FA0160817181828193816093E9177093E8
:104DF000EA178093EB179093EC1784809580A68038
:104E0000B7808092ED179092EE17A092EF17B092B4
:104E1000F01720E030E0A9010F94B7BD8111AAC0BE
:104E200020E030E0A901C501B4010F94B7BD8111A4
:104E3000A1C01092F11720E030E040E85FE3C70125
:104E4000B6010F94B7BD811121C020E030E0A90167
:104E50006D817E818F8198850F94B7BD811116C0B9
:104E600020E030E0A90169817A818B819C810F94D7
:104E7000B7BD81110BC020E030E040E85FE3C30123
:104E8000B2010F94B7BD882309F478C08091F1175F
:104E900082608093F117A3019201C701B6010F94BC
:104EA00067B64B015C012D813E814F815885698138
:104EB0007A818B819C810F9467B69B01AC01C501FF
:104EC000B4010F94C1BC4B015C01AC019B01C30157
:104ED000B2010F94C1BD6093D9177093DA17809314
:104EE000DB179093DC176D817E818F8198859058B8
:104EF000A50194010F94C1BD6093DD177093DE1777
:104F00008093DF179093E01769817A818B819C8170
:104F10009058A50194010F94C1BD6093E11770935F
:104F2000E2178093E3179093E417A5019401C7015A
:104F3000B6010F94C1BD6093E5177093E617809397
:104F4000E7179093E81728960FB6F894DEBF0FBEC8
:104F5000CDBFDF91CF911F910F91FF90EF90DF9028
:104F6000CF90BF90AF909F908F907F906F905F9009
:104F70004F90089581E08093F1175DCF80E090E03D
:104F8000A0E8BFE38093D9179093DA17A093DB17BB
:104F9000B093DC171092DD171092DE171092DF1716
:104FA0001092E0171092E1171092E2171092E31797
:104FB0001092E4178093E5179093E617A093E717F4
:104FC000B093E817C0CFCF93DF93CDB7DEB7689724
:104FD0000FB6F894DEBF0FBECDBF80E090E0A0E832
:104FE000BFE389839A83AB83BC831D821E821F82A9
:104FF000188619861A861B861C868D879E87AF8722
:10500000B88B198A1A8A1B8A1C8A1D8A1E8A1F8AD3
:10501000188EAE014F5E5F4FBE01675F7F4FCE01BE
:1050200001960F949AA668960FB6F894DEBF0FBE4D
:10503000CDBFDF91CF9108958091F1178823D1F0F2
:105040000F94E3A70F94523780E00F943E3760939C
:1050500048077093490780934A0790934B0781E074
:105060000F943E3760934C0770934D0780934E0723
:1050700090934F0708954FEF5FEFBA0185EE9FE0E1
:105080000F94D0BB4FEF5FEFBA0189EE9FE00F9412
:10509000D0BB4FEF5FEFBA018DED9FE00F94D0BB17
:1050A0004FEF5FEFBA0181EE9FE00F94D0BB4FEF5F
:1050B0005FEFBA0185ED9FE00F94D0BB4FEF5FEF3C
:1050C000BA0189ED9FE00F94D0BB4FEF5FEFBA01BB
:1050D00085EC9FE00F94D0BB4FEF5FEFBA0189ECF6
:1050E0009FE00F94D0BB4FEF5FEFBA018DEC9FE0D4
:1050F0000F94D0BB4FEF5FEFBA0181ED9FE00D94AD
:10510000D0BB4F925F926F927F928F929F92AF929D
:10511000BF92CF92DF92EF92FF921F93CF93DF93D4
:10512000CDB7DEB7A8970FB6F894DEBF0FBECDBFE0
:1051300048E050E06DED7FE0CE0101960F948ABB10
:1051400048E050E065ED7FE0CE0109960F948ABB00
:1051500048E050E065EE7FE0CE0141960F948ABBB7
:1051600089899A89AB89BC8989A39AA3ABA3BCA37B
:105170008F3F9F4FAF4FBF4F09F4B1C08D899E89BC
:10518000AF89B88D8DA39EA3AFA3B8A78F3F9F4FC4
:10519000AF4FBF4F09F4A3C089809A80AB80BC8019
:1051A0008FEF88169806A806B80609F498C08D8176
:1051B0009E81AF81B885898F9A8FAB8FBC8F8F3FCF
:1051C0009F4FAF4FBF4F09F48AC0C984DA84EB8484
:1051D000FC848FEFC816D806E806F80609F47FC0ED
:1051E0008D859E85AF85B8898D8F9E8FAF8FB8A333
:1051F0008F3F9F4FAF4FBF4F09F471C0298D3A8D3C
:105200004B8D5C8DC501B4010F945EBF2B013C0139
:1052100026E636E646E65FE30F94B7BD11E087FD6C
:105220000BC02DEC3CEC4CE85FE3C301B2010F94E2
:105230004BBF18160CF010E02D8D3E8D4F8D58A1F0
:10524000C701B6010F945EBF2B013C0126E636E68E
:1052500046E65FE30F94B7BD87FD7FC02DEC3CECC5
:105260004CE85FE3C301B2010F944BBF18160CF476
:1052700074C02DA13EA14FA158A569A17AA18BA10F
:105280009CA10F945EBF20E030E040E751E40F9412
:105290004BBF18160CF411E0A5019401C701B6012B
:1052A0000F9467B66B017C012D8D3E8D4F8D58A1FB
:1052B000698D7A8D8B8D9C8D0F9467B69B01AC01A7
:1052C000C701B6010F94C2BC9F772DEC3CEC4CECAF
:1052D0005DE30F944BBF181614F01123F1F00F94F7
:1052E0003BA880E090E0A0E8BFE389839A83AB838A
:1052F000BC831D821E821F82188619861A861B8611
:105300001C868D879E87AF87B88B198A1A8A1B8A5D
:105310001C8A1D8A1E8A1F8A188EAE014F5E5F4F3F
:10532000BE01675F7F4FCE0101960F949AA6A896A3
:105330000FB6F894DEBF0FBECDBFDF91CF911F91A6
:10534000FF90EF90DF90CF90BF90AF909F908F90A5
:105350007F906F905F904F90089511E08ACFCF9328
:1053600024E1AC01249FC001259F900D1124609180
:10537000BC177091BD170F9463BCC62F653108F040
:10538000C4E18091BB178C1748F48FEF0E946B55D6
:105390008091BB178F5F8093BB17F3CFCF91089598
:1053A00081E090E09093BD178093BC170F94AFA954
:1053B0006CE271E080E090E00D94B21B0F931F93BC
:1053C000CF93DF938C01EB010E9427541092BB17FF
:1053D0001093BD170093BC1761E080E00E94F45366
:1053E00064E1CE010E94B55662E080E0DF91CF918A
:1053F0001F910F910C94F45380911D0590911C0501
:1054000089130BC090911B05992339F020917106E7
:10541000309172068217130639F081E09091D7031C
:10542000911103C080E0089581E008950F931F93C8
:10543000CF93DF938C01EB0180EA91E39F938F93ED
:1054400084E391E79F938F93DF936F930F94B1BAA7
:10545000C80FD11D47E050E0B801CE010F948ABBC0
:105460001F820F900F900F900F900F900F90DF9171
:10547000CF911F910F91089520911D058091710684
:10548000909172062817190611F080E208958EE3B4
:1054900008950F931F93CF93C82F8B010F943CAAAD
:1054A000482F60911A0580E00E94145462E1C801FF
:1054B0000E94B5568C2FCF911F910F910C94E353FE
:1054C00082E080938F0280911D058F5F80931D0580
:1054D00084E080931A0510921C0510921B05089514
:1054E000CF93DF9330911D0520911C05321320C00E
:1054F000EB01BC0180918F02882319F080E20F94A8
:1055000049AA80911B05882399F020911D0580915F
:105510007106909172062817190651F4209721F010
:1055200061E0CE010E940271DF91CF910D9460AADB
:1055300080911D058F5F80931D05DF91CF910895A8
:10554000EF92FF920F931F93CF93DF9370911D05FE
:1055500030911C0573133FC0122FEA01062F7C0106
:1055600080918F028823D1F00F943CAA482F60913C
:105570001A0580E00E94145461E1C7010E94B556EB
:10558000402F60911A0593E1981B892F0E941454B3
:1055900040E260911A0583E10E94145480911B053A
:1055A0008823C9F020911D058091710690917206A3
:1055B0002817190681F410929002812FFE01199587
:1055C00081E080939002DF91CF911F910F91FF9026
:1055D000EF900D9460AA80911D058F5F80931D054B
:1055E000DF91CF911F910F91FF90EF900895CF938E
:1055F000DF9330911D0520911C05321321C0EB0172
:10560000BC0180918F02882319F080E20F9449AA8F
:1056100080911B058823A1F020911D0580917106C2
:10562000909172062817190659F410929002FE0103
:10563000199581E080939002DF91CF910D9460AA3B
:1056400080911D058F5F80931D05DF91CF91089597
:1056500080911A05843038F580911D0590E02091E5
:105660007106309172062817390744F0019790931C
:1056700072068093710687E00F94BE428091710696
:105680002091A60330E02D5F3F4F8217130659F09B
:1056900054F09DEF980F9093A603845080931C05BF
:1056A0008FEF80931A05089580917106909172068C
:1056B00097FF07C0109272061092710687E00F9450
:1056C000BE4280917106909172062091A603281720
:1056D000190619F014F08093A6038091A603809315
:1056E0001C050E943E5780931B050895EAEAF3E0EB
:1056F00080E2DF011D928A95E9F70895CF933FB7C5
:10570000F894E0916F0EF091700EE817F907C9F068
:10571000C42F9093700E80936F0E709372066093F7
:1057200071061092A60382E080938F023FBF22236E
:1057300019F080E00F94BE42CC2321F0CF910D945C
:1057400076AB3FBFCF9108957F928F929F92AF9299
:10575000BF92CF92DF92EF92FF920F931F93CF935E
:10576000DF93E0911D0550911C05E51373C0FB010B
:10577000483009F06CC0C081D0E04901742E6B0143
:105780005C0180918F02882359F060911A0580E0B6
:105790000E94F4530F943CAAAE01B5010F945B80B4
:1057A00080911B05882309F455C090911D05209117
:1057B0007106309172069217130609F04BC0809162
:1057C000F8038730D8F4282F30E0F901EE0FFF1FDF
:1057D000E20FF31FEA55F84E20916F0E3091700ED4
:1057E000318320838F5F8093F803928320E040E031
:1057F00070E060E08DEF91E00F947EABB092AB0370
:10580000A092AA03D092AE03C092AD037092AC03F3
:10581000D093B003C093AF039092B2038092B103D0
:105820001093B4030093B303F092B603E092B50370
:10583000DF91CF911F910F91FF90EF90DF90CF906C
:10584000BF90AF909F908F907F900D9460AAC08181
:10585000D18193CF80911D058F5F80931D05DF91CE
:10586000CF911F910F91FF90EF90DF90CF90BF905D
:10587000AF909F908F907F90089580918F028823A2
:1058800009F452C02091B5033091B6038091B10361
:105890009091B20321153105D9F0409171065091D4
:1058A000720641155105A1F07CF04091AF03509173
:1058B000B0034817590741F43093B0032093AF0366
:1058C00010927206109271061092B6031092B503F0
:1058D0002091AF033091B003409171065091720650
:1058E000240F351F1092720610927106281739077F
:1058F00044F08091B3039091B403281739070CF456
:10590000C9019093B0038093AF0361E080E00E94EF
:10591000F4534091AF035091B0036091AA0370918A
:10592000AB0380E20F945B800E943E57882341F1D5
:10593000E091AD03F091AE038091AF039091B0037D
:105940002091AC0380832830C9F48091F803882328
:10595000B9F081508093F80390E0FC01EE0FFF1F37
:10596000E80FF91FEA55F84E6281062E000C770BFE
:1059700020E040E0808191810D947EAB9183E5CF62
:105980000895DC01262F9091F8039730D8F4492F21
:1059900050E0FA01EE0FFF1FE40FF51FEA55F84E35
:1059A00040916F0E5091700E51834083809171062B
:1059B0009F5F9093F803828341E070E060E0CD0147
:1059C0000D947EAB08958F929F92AF92BF92CF922B
:1059D000DF92EF92FF920F931F93CF93DF93E091AB
:1059E0001D0530911C05E31376C0C22F7A016B01AF
:1059F0005C0180918F028823B9F10F943CAA01E0E9
:105A00008E3309F000E00C2B802F8270882EE60187
:105A100090E2992EC114D10421F48EE7982EC3E0B0
:105A2000DBE2882009F441C0CE010F9458B914E09C
:105A3000180F4EE300FF40E260911A0580E00E94DB
:105A4000145464E1611BC5010E94B5568BE50E94A8
:105A5000E353CE01882089F10E94DF538DE50E9437
:105A6000E353892D0E94E35380911B05882399F10C
:105A700020911D05809171069091720628171906D4
:105A800051F5CD28E9F460E0C7010F94C1ACDF9176
:105A9000CF911F910F91FF90EF90DF90CF90BF902B
:105AA000AF909F908F900D9460AAFE01019000200E
:105AB000E9F7EC1B13E01E0FBCCF0E94E756CECFD8
:105AC00010929002E114F10411F0F701199581E0B0
:105AD00080939002DCCF80911D058F5F80931D0520
:105AE000DF91CF911F910F91FF90EF90DF90CF90BA
:105AF000BF90AF909F908F9008950F931F93CF9377
:105B0000DF93CDB7DEB763970FB6F894DEBF0FBE55
:105B1000CDBF30911D0520911C05321338C08B017B
:105B200020918F022223A9F0BE016F5F7F4F0F9457
:105B300016AA0F943CAA482F60911A0580E00E9493
:105B4000145462E1CE0101960E94CF568EE70E9466
:105B5000E35380911B058823D1F020911D0580918E
:105B60007106909172062817190689F460E0C80141
:105B70000F94C1AC0F9460AA63960FB6F894DEBF81
:105B80000FBECDBFDF91CF911F910F9108958091EE
:105B90001D058F5F80931D05EFCFCF93DF9330916D
:105BA0001D0520911C0532131EC0EB01BC01809124
:105BB0008F02882319F08EE70F9449AA80911B0564
:105BC000882389F020911D058091710690917206BD
:105BD0002817190641F460E0CE010F94C1ACDF91A3
:105BE000CF910D9460AA80911D058F5F80931D0554
:105BF000DF91CF910895982F8091F8039817A8F41A
:105C0000891B8093F80390E0FC01EE0FFF1FE80F63
:105C1000F91FEA55F84E6281062E000C770B20E042
:105C200041E0808191810D947EAB80E0EACF81E0FC
:105C30000D94FBAD30911D0520911C05321319C048
:105C4000BC0180918F02882319F083E80F9449AA40
:105C500080911B05882369F020911D0580917106B4
:105C6000909172062817190621F40F9417AE0D941F
:105C700060AA80911D058F5F80931D050895EF92A6
:105C8000FF920F931F931092DC038091B703811151
:105C900023C081E08093B70381E090E020916F13EF
:105CA000309170132730314811F090E080E0BC0152
:105CB000660F771F680F791F675A7D4843E050E0F1
:105CC00089EB93E00F9434B98091B9030E94CEFE22
:105CD00080919A138093B8030F9454AB10921A05D5
:105CE00080911A058430A8F510921D050F94FCA927
:105CF000882379F06091B80370E08091B9030E9425
:105D00002BC31092630E1F910F91FF90EF900D9493
:105D100046108EE191E70F941AAE0091BB0310E09C
:105D20002091BA0330E0F12CE12C48E068EB73E0FD
:105D300082E191E70F94A4AB0F9428AB80911A05F0
:105D40008F5F80931A0580911C058F5F80931C05DF
:105D5000C7CF1F910F91FF90EF9008950E943E577B
:105D600081110D9417AE08958F929F92AF92BF92BA
:105D7000EF92FF920F931F93CF93DF93CDB7DEB7D0
:105D8000A0970FB6F894DEBF0FBECDBF61157105A9
:105D90008105910599F480E3A0960FB6F894DEBFD3
:105DA0000FBECDBFDF91CF911F910F91FF90EF906C
:105DB000BF90AF909F908F900C94365B00E0842E44
:105DC000912CB12CA12C9E012F5F3F4F7901A50191
:105DD00094010F940DBCF701E00FF11D6083B90130
:105DE000CA010F5F611571058105910581F70E0DDF
:105DF0001F2D111DE016F10659F0F80182918F0157
:105E00008A3020F4805D0E94365BF4CF895CFBCF42
:105E1000A0960FB6F894DEBF0FBECDBFDF91CF9135
:105E20001F910F91FF90EF90BF90AF909F908F9038
:105E300008958AE095E70E944F5B85EA9DE00F9404
:105E4000A8BBBC0190E080E04AE00F94B4AE8DE5C1
:105E50000C94365BCF92DF92EF92FF926B017C0144
:105E6000F7FE0BC08DE20E94365BF094E094D09474
:105E7000C094C11CD11CE11CF11C4AE0C701B60151
:105E8000FF90EF90DF90CF900D94B4AECF93C82FDA
:105E90008BE70E94365B8C2F0F94C87D0F94C47DD6
:105EA00086EF94E70E944F5B6091650670916606ED
:105EB00080916706909168064AE00F94B4AE8FEE29
:105EC00094E70E944F5B80910717882309F45EC016
:105ED0008091811790918217A0918317B0918417B8
:105EE0000097A105B10509F451C0BC01CD016D5960
:105EF0007F4F8F4F9F4F24E630E040E050E00F94FB
:105F00000DBC609188177091891780918A179091C4
:105F10008B170F940DBC622F70E090E080E00F941F
:105F20002AAF88EE94E70E944F5B6091390270912E
:105F30003A02072E000C880B990B0F942AAF81EEC2
:105F400094E70E944F5B80918B14811121C086E7FA
:105F500094E10E94F6708AED94E70E944F5B809175
:105F60009E038130C1F40F94EF324AE00F94B4AE37
:105F700083ED94E70E944F5B8CEC94E70E944F5BAB
:105F80008DE50E94365BCF910D9419AF20E0C3CF11
:105F90008BE894E1DECF60E070E0CB010F942AAF94
:105FA000E7CF4F925F926F927F928F929F92AF92C4
:105FB000BF92CF92DF92EF92FF920F931F93CF93F6
:105FC000DF931F921F92CDB7DEB7A82E83E291E731
:105FD0000E94ADEE109248071092490710924A07AE
:105FE00010924B0710924C0710924D0710924E07DB
:105FF00010924F079EEAE92E9DE0F92ED12CC12C7C
:1060000027E0B22E8C2D6B2D0F9455BC082F992EA6
:1060100042E050E0B701CE0101960F948ABB69813E
:106020007A816115710511F0DD24D3942B2D0203C3
:1060300080011124090D111D97FC1A95000F111FE5
:10604000000F111F0A551C4E072E000C880B990BD0
:106050000F9428B62FE632E143E85AE30F9467B66F
:10606000F8016183728383839483F2E0EF0EF11C65
:10607000C39421E3C212C6CF8AED9EE00F94A2BB67
:106080006093500770935107809352079093530782
:106090008EE69FE00F94A2BB609354077093550760
:1060A00080935607909357070F9481A80F945CA391
:1060B00088E497E00E94DE500E944F4D0F94C695F1
:1060C00082EB93E70E944F5B809153078F938091FF
:1060D00052078F93809151078F93809150078F9330
:1060E00080914F078F9380914E078F9380914D073A
:1060F0008F9380914C078F9380914B078F93809162
:106100004A078F93809149078F93809148078F9317
:1061100084EE91E79F938F930F945CBA81E0809314
:106120004707159888ED9EE00F94A8BB9093740ED6
:106130008093730E8BE89FE00F949ABB90E090934E
:10614000720E8093710E88EE9EE00F94A2BB609356
:10615000BC027093BD028093BE029093BF028EED8D
:106160009EE00F94A8BB909396028093950240E125
:1061700050E067E37DE08CEA92E00F948ABB8CE606
:106180009FE00F94A8BB90931218809311188CE293
:106190009DE00F94A2BB60930D1870930E1880932E
:1061A0000F18909310188DE79CE00F94A8BB909364
:1061B0006C0280936B0240E150E06DE67CE087E981
:1061C00096E00F948ABB40E150E06DE57CE08FE102
:1061D00097E00F948ABB40E150E06DE47CE087E8F3
:1061E00096E00F948ABB40E150E06DE37CE08FE0E5
:1061F00097E00F948ABB89E39CE00F94A2BB609365
:10620000AF067093B0068093B1069093B20685E313
:106210009CE00F94A2BB6093B3067093B406809386
:10622000B5069093B60681E39CE00F94A2BB609301
:10623000B7067093B8068093B9069093BA0640E10A
:1062400050E061E27CE08BEB96E00F948ABB8FE735
:106250009CE00F949ABB0FB6F894DEBF0FBECDBF83
:106260008130B1F420E030E040EA51E46091500721
:106270007091510780915207909153070F94C2BCBF
:106280006093500770935107809352079093530780
:106290008FE79CE00F949ABB811123C020E030E08F
:1062A00040EA51E460915007709151078091520784
:1062B000909153070F94C2BC9F938F937F936F93DA
:1062C00087EB94E79F938F930E94987161E08FE72B
:1062D0009CE00F94BEBB0F900F900F900F900F900B
:1062E0000F9061E08FEA94E70E9402718091740E32
:1062F0008F938091730E8F9386EA94E79F938F9389
:106300000E9498718091720E8F938091710E8F937D
:106310008DE994E79F938F930E9498718CE89FE09A
:106320000F949ABB0FB6F894DEBF0FBECDBF81119C
:1063300010C08091740E8F938091730E8F9384E9B7
:1063400094E79F938F930E9498710F900F900F90F6
:106350000F9061E080E794E20E940271A11017C0E3
:1063600061E089E894E70E9402718FE38F9380E8EF
:106370008F931F921F928FE392E79F938F930E94B8
:1063800098710F900F900F900F900F900F9089E2DF
:1063900092E70F9483BA0E94425C88E89FE00F94D2
:1063A0009ABB882E89E89FE00F94A8BB8C0185E3F7
:1063B0009DE00F94A8BBF82EE92E8FE794E70E948A
:1063C0004F5BB801012E000C880B990B0F942AAF7C
:1063D0008FE694E70E944F5B8F2D9E2D0F94C15244
:1063E00080916A02811102C00E94BD718DE99FE017
:1063F0000F94A2BBC62EB72EA82E992E81EA9FE03D
:106400000F94A2BB762E672E582E492E20E030E046
:1064100040E85FEB6C2D7B2D8A2D992D0F94B7BD35
:10642000882399F04F925F926F927F929F92AF92E2
:10643000BF92CF9288E594E79F938F930E949871C3
:106440000FB6F894DEBF0FBECDBFDD2029F061E0AE
:106450008BE494E70E9402718DE89FE00F94A2BB49
:106460009F938F937F936F9381E494E79F938F9390
:106470000E94987181E19DE00F94A2BBD62EC72E99
:10648000B82EA92E8DE09DE00F94A2BB962E772EFC
:10649000682E592E89E09DE00F94A2BB9F938F93A5
:1064A0007F936F935F926F927F929F92AF92BF9212
:1064B000CF92DF9287E294E79F938F930E94987127
:1064C0008FE38F9380E88F931F921F928FE392E761
:1064D0009F938F930E9498718EE69FE00F94A2BBCA
:1064E0009F938F937F936F938CE194E79F938F9308
:1064F0000E9498710FB6F894DEBF0FBECDBF82E741
:106500009FE00F949ABB882329F061E088E194E72B
:106510000E9402711F930F9381E194E79F938F93E1
:106520000E949871EF92FF928BE092E79F938F9376
:106530000E9498711F928F9288E094E79F938F93A7
:106540000E94987181E99FE00F94A2BB20916A029A
:106550000FB6F894DEBF0FBECDBF211133C09F939D
:106560008F937F936F938FEF93E79F938F930E9407
:1065700098710F900F900F900F900F900F9061E017
:106580008FEE93E70E94027161E084EE93E70E9430
:10659000027184E192E70F9483BA0E94425C0F90EB
:1065A0000F90DF91CF911F910F91FF90EF90DF90AF
:1065B000CF90BF90AF909F908F907F906F905F90A3
:1065C0004F9008952130D9F69F938F937F936F93C7
:1065D00085EF93E7CACF8F929F92AF92BF92CF92EF
:1065E000DF92EF92FF92CF936B017C01B42E20E0FB
:1065F00030E0A9010F94B7BD87FF07C08DE20E946C
:10660000365BF7FAF094F7F8F094C0E060E070E0E1
:1066100080E09FE3CB1541F020E030E040E251E420
:106620000F94C1BDCF5FF6CF9B01AC01C701B6018E
:106630000F94C2BC6B017C010F943ABE4B015C010C
:106640004AE00F94B4AECC2391F1C501B4010F948C
:1066500026B69B01AC01C701B6010F94C1BC6B010A
:106660007C018EE20E94365BC15008F120E030E0F0
:1066700040E251E4C701B6010F9467B64B015C01DB
:106680000F9433BE6B01770FEE08FF08C701B60108
:106690000F942AAFC701B6010F9428B69B01AC0135
:1066A000C501B4010F94C1BC6B017C01DDCFCF915A
:1066B000FF90EF90DF90CF90BF90AF909F908F9022
:1066C000089585E295E70E944F5B6091730E70918B
:1066D000740E072E000C880B990B0F942AAF8EE1D5
:1066E00095E70E944F5B6091710E7091720E072EBC
:1066F000000C880B990B0F942AAF87E195E70E9455
:106700004F5B6091660E7091670E8091680E90915C
:10671000690E42E00F94EBB280E195E70E944F5B77
:106720006091F6047091F7048091F8049091F90457
:1067300042E00F94EBB28DE50C94365B8AE00C944A
:10674000365BCF9390916C0E992309F4F6C0C82F55
:10675000873009F4BEC008F046C0833009F4EDC0AC
:1067600080F5813009F488C008F460C08BE70E948E
:10677000365B83E00F94C87D0F94C47D8DE70E9443
:10678000365B0F949EB3C3E0C093151881E08093ED
:106790008D0280917414811105C08091A803882313
:1067A00009F478C08BE70E94365B84E00F94C87DC3
:1067B0000F94C47D84E08093151881E080938D024E
:1067C0001EC0853009F471C08DE595E7C63008F428
:1067D0006EC086E495E70E944F5B0F94C47D88E00D
:1067E0008093151874C0863109F49BC070F484310D
:1067F00009F480C008F089C0883009F472C08DE7C0
:106800000E94365BCF910D949EB38B3509F491C0F5
:1068100030F481E3CA3599F70F94D57DF0CF8C35EC
:1068200009F489C084E3CD35B9F3E9CF80919702AB
:10683000843021F48FE00F9446AFE1CF0E94AE4C3C
:10684000882311F08EE0F7CF80917414811104C079
:106850008091A803882311F084E0EDCF8BE70E949C
:10686000365B81E00F94C87D0F94C47D0F9419AFFF
:1068700081E080931518C3CF8BE70E94365B82E0DE
:106880000F94C87D0F94C47D82E080931518C09347
:106890008D02B5CF8BE70E94365B83E00F94C87DF5
:1068A0000F94C47DC093151888CF8FE495E70E949C
:1068B0004F5B60E070E0CB010F942AAF8DE50E9442
:1068C000365B809115180F94C87D0F94C47D82E0CB
:1068D00075CF8DE395E70E944F5B0F94C47D89E0EF
:1068E0007FCF84E395E70E944F5B0F94C47D1092A5
:1068F0001518EDCF8BE70E94365B809115180F9429
:10690000C87D0F94C47D84E059CF8BE70E94365B2D
:106910000F9461B30F94C47D809115180F94C87DB6
:106920006ECF8BE295E70E944F5B0F94C47D85E0AC
:10693000A0CF82E371CF83E36FCFCF9108950E9400
:10694000F6700D949EB32091A0043091A104809123
:106950009E0490919F048217930771F0F901E25E03
:10696000FB4F80812F5F3F4F2F7733273093A10458
:106970002093A00490E008958FEF9FEF08951F9259
:106980000F920FB60F9211240BB60F922F933F93D5
:106990004F936F937F938F939F93EF93FF93809188
:1069A000C80084FF12C08091CE00FF91EF919F91AB
:1069B0008F917F916F914F913F912F910F900BBECF
:1069C0000F900FBE0F901F9018954091CE008091B0
:1069D0002605813051F720919E0430919F04C90112
:1069E00001968F7799276091A0047091A104861772
:1069F0009707D9F2225E3B4FF901408390939F04A1
:106A000080939E04D2CF1F920F920FB60F92112443
:106A10000BB60F922F933F934F936F937F938F9368
:106A20009F93EF93FF938091C00084FF12C08091E9
:106A3000C600FF91EF919F918F917F916F914F9140
:106A40003F912F910F900BBE0F900FBE0F901F9094
:106A500018954091C600809126058111EACF2091BA
:106A60009E0430919F04C90101968F779927609108
:106A7000A0047091A10486179707D9F2225E3B4FBC
:106A8000F901408390939F0480939E04D2CF2F926C
:106A90003F924F925F926F927F928F929F92AF92AE
:106AA000BF92CF92DF92EF92FF920F931F93CF93FB
:106AB000DF93CDB7DEB7C254D1090FB6F894DEBF6D
:106AC0000FBECDBF4C015B016A01322E19821C82C0
:106AD0001C8E1F8E672B21F510E0CE014C960E9474
:106AE000305BCE0101960E94305B812FCE5BDF4F81
:106AF0000FB6F894DEBF0FBECDBFDF91CF911F91CF
:106B00000F91FF90EF90DF90CF90BF90AF909F904C
:106B10008F907F906F905F904F903F902F9008954F
:106B2000FC0183818111D8CFFA0180818F32C1F4B9
:106B3000CA016C010196F60120812F32D1F3F501D3
:106B400083818250823060F0618D728DCE014C96CF
:106B50000F9483808E01045E1F4F811102C0BCCF51
:106B60008501CE0101967C013C012E019CE1490E7C
:106B7000511C2396EFAE23972F2CFE01F796CF01E1
:106B80000B96AF0120E22193E817F907D9F7960198
:106B900090E067E0D9018D91882349F18F3239F176
:106BA000282F8E3239F46A3009F496CF98E06AE0E3
:106BB0009D01F0CFEBE6F7E73491332321F03196D6
:106BC0008313FACF89CF691708F486CF3FED380FCA
:106BD0003E3508F081CF3FE9380F3A3110F420EE0E
:106BE000280FFA01E90FF11D20839F5FE1CF8FA9E4
:106BF000803209F471CF6901F90180812F5F3F4F25
:106C00008F32C9F38823D9F021E0B801C7010F946E
:106C1000D084882309F460CF0A151B0519F0C80138
:106C20000F94D380942D852D6E147F0421F023962C
:106C30009FAD2397822D8701E92EF82E9ECF232D1D
:106C4000B801C4010F94D084182F47CFE89409C02D
:106C500097FB3EF490958095709561957F4F8F4F8F
:106C60009F4F9923A9F0F92F96E9BB279395F695A5
:106C7000879577956795B795F111F8CFFAF4BB0F23
:106C800011F460FF1BC06F5F7F4F8F4F9F4F16C087
:106C9000882311F096E911C0772321F09EE8872F11
:106CA000762F05C0662371F096E8862F70E060E0CD
:106CB0002AF09A95660F771F881FDAF7880F969546
:106CC000879597F908959B01AC010D9467B60F94D1
:106CD0007AB60D94EBB60F94DDB638F00F94E4B6A7
:106CE00020F0952311F00D94D4B60D94DAB611244A
:106CF0000D941FB70F94FCB670F3959FC1F3950FD9
:106D000050E0551F629FF001729FBB27F00DB11D2F
:106D1000639FAA27F00DB11DAA1F649F6627B00DBF
:106D2000A11D661F829F2227B00DA11D621F739FA8
:106D3000B00DA11D621F839FA00D611D221F749FB6
:106D40003327A00D611D231F849F600D211D822FFD
:106D5000762F6A2F11249F5750409AF0F1F0882324
:106D60004AF0EE0FFF1FBB1F661F771F881F915051
:106D70005040A9F79E3F510580F00D94D4B60D9474
:106D80001FB75F3FE4F3983ED4F3869577956795F8
:106D9000B795F795E7959F5FC1F7FE2B880F911D7B
:106DA0009695879597F9089597F99F6780E870E021
:106DB00060E008959FEF80EC089500240A94161671
:106DC000170618060906089500240A9412161306D9
:106DD000140605060895092E0394000C11F4882367
:106DE00052F0BB0F40F4BF2B11F460FF04C06F5F83
:106DF0007F4F8F4F9F4F089557FD9058440F551F59
:106E000059F05F3F71F04795880F97FB991F61F02C
:106E10009F3F79F087950895121613061406551FA3
:106E2000F2CF4695F1DF08C0161617061806991F0F
:106E3000F1CF86957105610508940895E894BB2704
:106E400066277727CB0197F908953F924F925F927B
:106E50006F927F928F929F92AF92BF92CF92DF926A
:106E6000EF92FF920F931F93CF93DF935C016B011F
:106E70007A016115710519F0FB0191838083E1149A
:106E8000F10451F0C7010297839730F040E030E001
:106E900020E090E06BC05E01E5012196F5011081D4
:106EA000812F90E00F942BB9892BA9F71D3201F5A2
:106EB0002196F501118101E0E114F10409F4E6C025
:106EC000F0E1EF16F10409F088C0103359F488811D
:106ED0008F7D883509F07CC0198122960260F0E12F
:106EE000EF2EF12C812C912CA12C88E0B82E92C091
:106EF0001B3221F4E5012296F501118100E0DCCF7F
:106F0000EAE0EE16F10409F4C7C0F0E1EF16F1046F
:106F100009F073C0E7CF78E0E72EF12C812C912C9B
:106F2000A12C60E1B62E76C021E0ADC0302F3170CB
:106F3000C114D10431F0222371F12197F601D183DC
:106F4000C08327FF2EC060E070E080E090E8311140
:106F500004C06FEF7FEF8FEF9FE722E230E03093C6
:106F6000171820931618462F372F282F642F732FAA
:106F7000822FDF91CF911F910F91FF90EF90DF90C3
:106F8000CF90BF90AF909F908F907F906F905F90C9
:106F90004F903F90089501FF04C02297F601D183DE
:106FA000C083332341F090958095709561957F4F14
:106FB0008F4F9F4FD8CF97FFD6CF82E290E090932C
:106FC0001718809316186FEF7FEF8FEF9FE7CBCFE7
:106FD00010E3E114F10409F49ECF28E0E216F10475
:106FE00009F49CCF0CF08CCF812C912CA12CE0E4E7
:106FF000BE2E82E0E816F10469F060E070E080E007
:1070000090E897010F2C000C440B550B0F940DBC0E
:1070100049015A0120E060E070E0CB0127010F2C0C
:10702000000C66087708FE0150ED352E310E39E070
:10703000331570F43FEB310F49EC342E3A3138F010
:107040003FE9310F3A3108F071CF39EA332E310E72
:107050003E141F040CF06ACF27FD15C08616970654
:10706000A806B90678F0A30192010F94FDBB630D49
:10707000711D811D911D61307105810520E8920708
:1070800008F452CF2FEF21961081CDCF103309F4A1
:107090001ECF2AE0E22EF12C9CEC892E982CA82CF5
:1070A0009CE0B92EB7CF283008F027E03327DA016B
:1070B000990F311D87FD916000966105710539F4C6
:1070C00032602E5F3D9330E32A95E1F708959F3FAC
:1070D00030F080387105610509F03C5F3C5F3D93FD
:1070E000913008F08068911DDF93CF931F930F9329
:1070F000FF92EF92192F987F9695E92F9695969586
:10710000E90FFF27E85AF94F99273327EE24FF2488
:10711000A701E70105900894079428F4360FE71EAD
:10712000F81E491F511D660F771F881F991F06946F
:10713000A1F70590079428F4E70EF81E491F561F83
:10714000C11D770F881F991F661F0694A1F7059030
:10715000079428F4F80E491F561FC71FD11D880F2A
:10716000991F661F771F0694A1F70590079420F4D6
:10717000490F561FC71FD81F990F661F771F881FFB
:107180000694A9F784911095177041F0D695C7958C
:1071900057954795F794E7941A95C1F7EEEFF5E008
:1071A00068941590159135916591959105907FE2C0
:1071B0007395E118F10A430B560BC90BD009C0F7C0
:1071C000E10CF11E431F561FC91FD01D7EF4703302
:1071D00011F48A95E6CFE894015030F0080F0AF4D4
:1071E0000027021708F4202F2395022F7A3328F066
:1071F00079E37D932A95E9F710C07D932A9589F666
:10720000069497956795379517951794E118F10AA5
:10721000430B560BC90BD00998F023957E917395BB
:107220007A3308F070E37C932013B8F77E91706195
:107230007D9330F0839571E37D9370E32A95E1F7B8
:107240001124EF90FF900F911F91CF91DF9199271B
:1072500087FD9095089591110D9487BB803219F0A8
:1072600089508550C8F70895FB01DC0102C00590E4
:107270000D9241505040D8F70895FB01DC010D906C
:107280000020E9F7119705900D920020E1F708958D
:10729000FB01DC018D91059080190110D9F3990B48
:1072A0000895FB01DC0105900D920020E1F708959F
:1072B000FC0105900020E9F7809590958E0F9F1FA7
:1072C0000895FB01DC014150504088F08D918134DC
:1072D0001CF08B350CF4805E659161341CF06B35CD
:1072E0000CF4605E861B611171F3990B0895881B85
:1072F000FCCFFB01DC014150504030F08D910590F6
:10730000801919F40020B9F7881B990B0895FB0127
:10731000DC014150504048F005900D920020C9F723
:1073200001C01D9241505040E0F70895FC010590C6
:10733000615070400110D8F7809590958E0F9F1F77
:107340000895FB0155915523A9F0BF01DC014D9132
:1073500045174111E1F759F4CD010590002049F09E
:107360004D9140154111C9F3FB014111EFCF81E06F
:1073700090E001970895FC01615070400190011068
:10738000D8F7809590958E0F9F1F0895CF93DF9328
:10739000EC012B8120FF1AC026FF0CC02F7B2B8312
:1073A0008E819F8101969F838E838A8190E0DF91F9
:1073B000CF91089522FF18C0E881F9818081082EBD
:1073C000000C990B009729F420622B838FEF9FEF1D
:1073D000EECF3196F983E8832E813F812F5F3F4FB7
:1073E0003F832E839927E3CFEA85FB85199597FF85
:1073F000F3CF2B81019621F080E2822B8B83E6CFA5
:1074000080E1FBCF0F931F93CF93DF93182F092FAA
:10741000EB018B8181FD09C01FEF0FEF812F902FB2
:10742000DF91CF911F910F91089582FF14C02E819B
:107430003F818C819D81281739073CF4E881F981CF
:10744000CF0101969983888310838E819F81019655
:107450009F838E83E3CFE885F985812F1995892B4A
:10746000A1F3DACFEF92FF920F931F93CF93DF93A5
:107470008C017B01DB0113968C91D0E0C0E081FD93
:107480000FC0CFEFDFEF10C0D7011896ED91FC9140
:10749000B7011995892B11F0CFEFDFEF0F5F1F4F69
:1074A000F80184918111F0CFCE01DF91CF911F912E
:1074B0000F91FF90EF9008950F931F93CF93DF9359
:1074C000CDB7DEB7AE01485F5F4FDA016D917D91B8
:1074D000AD010CE118E1F80182819381DC01139682
:1074E0002C911397286013962C930E94EF3BD801A0
:1074F0001296ED91FC912381277F2383DF91CF9119
:107500001F910F9108950F931F93CF93DF938C01D9
:10751000E0911E18F0911F188381D0E0C0E081FD3A
:107520000AC0CFEFDFEF17C01995892B11F0CFEF0D
:10753000DFEF0F5F1F4FF801849160911E1870916B
:107540001F18DB011896ED91FC918111EDCF8AE0B7
:107550001995892B31F7CE01DF91CF911F910F91B2
:1075600008950F931F93CF93DF93CDB7DEB72E9778
:107570000FB6F894DEBF0FBECDBF0E891F898EE017
:107580008C831A8309838FEF9FE79E838D83AE01DF
:10759000465E5F4F688D798DCE0101960E94EF3B6C
:1075A0002F813885020F131FF80110822E960FB617
:1075B000F894DEBF0FBECDBFDF91CF911F910F9129
:1075C0000895CF93DF93EC018B8188608B83CE018C
:1075D0000E94EF3B2B81277F2B83DF91CF91089572
:1075E0000F931F93CF93DF93CDB7DEB72E970FB6D0
:1075F000F894DEBF0FBECDBF8C01FA018EE08C8304
:107600001A83098377FF02C060E070E86150710956
:107610007E836D83A901BF01CE0101960E94EF3BDD
:107620004D815E8157FD0AC02F813885421753076F
:107630000CF49A01020F131FF80110822E960FB658
:10764000F894DEBF0FBECDBFDF91CF911F910F9198
:107650000895FA01AA27283051F1203181F1E894E8
:107660006F936E7F6E5F7F4F8F4F9F4FAF4FB1E035
:107670003ED0B4E03CD0670F781F891F9A1FA11D30
:10768000680F791F8A1F911DA11D6A0F711D811D31
:10769000911DA11D20D009F468943F912AE0269FF6
:1076A00011243019305D3193DEF6CF010895462F55
:1076B0004770405D4193B3E00FD0C9F7F6CF462F36
:1076C0004F70405D4A3318F0495D31FD405241939F
:1076D00002D0A9F7EACFB4E0A6959795879577955C
:1076E0006795BA95C9F700976105710508959B01E3
:1076F000AC010A2E06945795479537952795BA956C
:10770000C9F7620F731F841F951FA01D0895992745
:1077100088270895DC01CB01FC01F999FECF06C052
:10772000F2BDE1BDF89A319600B40D92415050403F
:10773000B8F70895F999FECF92BD81BDF89A9927BF
:1077400080B50895A6E1B0E044E050E00D948CBB14
:10775000A8E1B0E042E050E00D948CBBDC01A40F46
:10776000B51F4150504048F0CB01840F951F2E911A
:107770000F94BFBB41505040D0F70895262FF99980
:10778000FECF92BD81BDF89A019700B4021639F080
:107790001FBA20BD0FB6F894FA9AF99A0FBE089551
:1077A0000396272F0F94BFBB0F94BEBB252F0F94BA
:1077B000BFBB242F0D94BFBB0196272F0F94BFBBD7
:1077C0000D94BEBB262FF999FECF1FBA92BD81BD85
:1077D00020BD0FB6F894FA9AF99A0FBE0196089553
:1077E000242F0F94E3BB252F0F94E3BB0D94F8BB1C
:1077F0000F94E2BB272F0D94E3BBDB018F939F9384
:107800000F942FBCBF91AF91A29F800D911DA39F9C
:10781000900DB29F900D11240895A1E21A2EAA1B7B
:10782000BB1BFD010DC0AA1FBB1FEE1FFF1FA21730
:10783000B307E407F50720F0A21BB30BE40BF50B2D
:10784000661F771F881F991F1A9469F760957095B6
:10785000809590959B01AC01BD01CF0108950F94D7
:107860003ABCA59F900DB49F900DA49F800D911DD3
:1078700011240895A29FB001B39FC001A39F700D72
:10788000811D1124911DB29F700D811D1124911D28
:107890000895991B79E004C0991F961708F0961B6C
:1078A000881F7A95C9F78095089587FB082E0626CC
:1078B00087FD819567FD61950F9449BC0EF4919504
:1078C00007FC81950895AA1BBB1B51E107C0AA1FA5
:1078D000BB1FA617B70710F0A61BB70B881F991F71
:1078E0005A95A9F780959095BC01CD01089597FB15
:1078F000072E16F4009407D077FD09D00F9463BCCF
:1079000007FC05D03EF4909581959F4F08957095A2
:1079100061957F4F0895052E97FB1EF400940F94F8
:10792000A2BC57FD07D00F940DBC07FC03D04EF44A
:107930000D94A2BC50954095309521953F4F4F4FE7
:107940005F4F089590958095709561957F4F8F4F0B
:107950009F4F0895EE0FFF1F881F8BBF0790F69172
:10796000E02D19940F943ABC332312F48A1B9B0B1D
:107970000D94BCBC0F943ABCB7FF0895821B930BC7
:1079800008955058BB27AA270F94D9BC0D94EBB685
:107990000F94DDB638F00F94E4B620F039F49F3F31
:1079A00019F426F40D94DAB60EF4E095E7FB0D9485
:1079B000D4B6E92F0F94FCB658F3BA1762077307D1
:1079C0008407950720F079F4A6F50D941EB70EF400
:1079D000E0950B2EBA2FA02D0B01B90190010C01DF
:1079E000CA01A0011124FF27591B99F0593F50F4F7
:1079F000503E68F11A16F040A22F232F342F44274F
:107A0000585FF3CF469537952795A795F040539546
:107A1000C9F77EF41F16BA0B620B730B840BBAF016
:107A20009150A1F0FF0FBB1F661F771F881FC2F781
:107A30000EC0BA0F621F731F841F48F48795779595
:107A40006795B795F7959E3F08F0B0CF9395880F4F
:107A500008F09927EE0F9795879508950F94DDB656
:107A600060F080E891E009F49EEF0F94E4B628F00E
:107A700040E851E071F45EEF0CC00D94DAB60D945D
:107A80001EB7E92FE0780F94FCB640F3092E052AC3
:107A9000B1F3261737074807590738F00E2E07F8B5
:107AA000E02569F0E025E0640AC0EF6307F8009480
:107AB00007FADB01B9019D01DC01CA01AD01EF93B9
:107AC0000F94D8BD0F94EBB60F9471BD5F91552301
:107AD00039F02BED3FE049E450FD49EC0D94C2BC78
:107AE0000895DF93DD27B92FBF7740E85FE31616CF
:107AF000170648075B0718F4D92F0F94BDBF9F9353
:107B00008F937F936F930F9463B6E4EEF0E00F943E
:107B1000CDBE0F94EBB62F913F914F915F910F9493
:107B20007AB6DD2351F09058A2EA2AED3FE049EC05
:107B30005FE3D0785D270F94D9BCDF910D94EBB64D
:107B40000F9433BF90F09F3748F4911116F40D94C1
:107B50001FB760E070E080E89FE3089526F01B16F1
:107B6000611D711D811D0D94A4BE0D94BFBE0F94A7
:107B700080BE08F481E008950F94F6BEE3950D945D
:107B80001FBF0F94D5BD0D94EBB60F94E4B658F01B
:107B90000F94DDB640F029F45F3F29F00D94D4B680
:107BA00051110D941FB70D94DAB60F94FCB668F31B
:107BB0009923B1F3552391F3951B550BBB27AA27A6
:107BC00062177307840738F09F5F5F4F220F331FE0
:107BD000441FAA1FA9F335D00E2E3AF0E0E832D0A8
:107BE00091505040E695001CCAF72BD0FE2F29D0AB
:107BF000660F771F881FBB1F261737074807AB077D
:107C0000B0E809F0BB0B802DBF01FF2793585F4FF1
:107C10003AF09E3F510578F00D94D4B60D941FB7FD
:107C20005F3FE4F3983ED4F3869577956795B795D3
:107C3000F7959F5FC9F7880F911D9695879597F9DE
:107C40000895E1E0660F771F881FBB1F6217730757
:107C50008407BA0720F0621B730B840BBA0BEE1F6C
:107C600088F7E09508950F943ABE6894B1110D9489
:107C70001FB708950F9404B788F09F5798F0B92F55
:107C80009927B751B0F0E1F0660F771F881F991F51
:107C90001AF0BA95C9F714C0B13091F00F941EB71D
:107CA000B1E008950D941EB7672F782F8827B85F2D
:107CB00039F0B93FCCF3869577956795B395D9F7A9
:107CC0003EF490958095709561957F4F8F4F9F4FB3
:107CD00008950F9433BF90F09F3748F4911116F038
:107CE0000D941FB760E070E080E89FEB089526F4E4
:107CF0001B16611D711D811D0D94A4BE0D94BFBE88
:107D0000990F0008550FAA0BE0E8FEEF16161706AC
:107D1000E807F907C0F012161306E407F50798F014
:107D2000621B730B840B950B39F40A2661F0232B2D
:107D3000242B252B21F408950A2609F4A140A695A9
:107D40008FEF811D811D0895882371F4772321F021
:107D50009850872B762F07C0662311F499270DC002
:107D60009051862B70E060E02AF09A95660F771F9D
:107D7000881FDAF7880F9695879597F908959F3FA2
:107D800031F0915020F4879577956795B795880FD6
:107D9000911D9695879597F90895DF93CF931F933B
:107DA0000F93FF92EF92DF927B018C01689406C0E3
:107DB000DA2EEF010F947AB6FE01E894A591259191
:107DC000359145915591A6F3EF010F94D9BCFE0171
:107DD0009701A801DA9469F7DF90EF90FF900F9177
:107DE0001F91CF91DF9108950D94DAB60F9404B7E7
:107DF000D8F3E894E0E0BB279F57F0F02AED3FE08E
:107E000049EC06C0EE0FBB0F661F771F881F28F0D6
:107E1000B23A62077307840728F0B25A620B730BF9
:107E2000840BE3959A9572F7803830F49A95BB0FDE
:107E3000661F771F881FD2F790480D94C1BEEF933D
:107E4000E0FF07C0A2EA2AED3FE049EC5FEB0F94A8
:107E5000D9BC0F94EBB60F90039401FC9058E1E16C
:107E6000F1E00D9416C10F9404B7A0F0BEE7B91766
:107E700088F4BB279F3860F41616B11D672F782F42
:107E80008827985FF7CF869577956795B11D93956D
:107E90009639C8F308950F9480BE08F48FEF0895C3
:107EA0000F94DDB629F00F94E4B611F00D94DAB614
:107EB0000D94D4B6B901CA010D94BFBE9F775F7708
:107EC0000F94FCB668F39923A9F35523A9F3FF2770
:107ED000951758F4E52FE91BED3060F75E3B10F085
:107EE000F1E41CC09034E0F40AC0E92FE51BED304A
:107EF00018F79E3B10F0F1E411C0503488F4F9EA11
:107F000088232AF09A95660F771F881FDAF7442393
:107F10002AF05A95220F331F441FDAF79F1B5F1B6D
:107F2000FF931F930F93FF92EF9279018A01BB2772
:107F3000AB2F9B01AC010F947DB69701A801BF93B5
:107F40007B018C01AA27BA2FB901CA010F947DB613
:107F5000AF919701A801EF90FF900F911F910F949F
:107F6000D9BC0F94EBB60F9490C04F9140FF089589
:107F7000552747FD50950D94C9BF9B01AC0160E0AA
:107F800070E080E89FE30D94C1BD0D94D4B60D94CC
:107F9000BFBE0F9404B7D8F39923C9F3940F511DB2
:107FA000A3F39150504094F059F0882332F0660FBB
:107FB000771F881F91505040C1F79E3F51052CF705
:107FC000880F911D9695879597F908955F3FACF0BE
:107FD000983E9CF0BB27869577956795B79508F4F2
:107FE000B1609395C1F7BB0F58F711F460FFE8CF6C
:107FF0006F5F7F4F8F4F9F4FE3CF0D941FB70F944D
:1080000004B758F19E5760F19851A0F0E9F098300C
:1080100020F5092E9927660F771F881F991F0A944C
:10802000D1F712C0062E672F782F8827985F11F49A
:10803000000C07C0993FB4F38695779567959395A3
:10804000D9F7611D711D811D3EF490958095709545
:1080500061957F4F8F4F9F4F089568940D941FB780
:108060000D941EB7FA01EE0FFF1F30962105310562
:10807000A1F16115710561F48038BFE39B0749F1F7
:1080800068949038810561F08038BFEF9B0741F01C
:1080900099234AF5FF3FE1053105210519F1E894DF
:1080A0000894E795D901AA2329F4AB2FBE2FF85FD6
:1080B000D0F310C0FF5F70F4A695E0F7F73950F0E9
:1080C00019F0FF3A38F49F779F930DD00F9007FC7B
:1080D0009058089546F00D94DAB660E070E080E8BC
:1080E0009FE308954FE79F775F934F933F932F93BD
:1080F0000F9432C12F913F914F915F910F9467B6CA
:108100000D94DDC09F930F94F6BE0F9007FCEE5FB9
:108110000D941FBF19F416F40D94DAB60D94BFBE7A
:108120000F9404B7B8F39923C9F3B6F39F57550BCF
:1081300087FF0F940FC10024A0E640EA9001805809
:108140005695979528F4805C660F771F881F20F05E
:1081500026173707480730F4621B730B840B20295E
:1081600031294A2BA69517940794202531254A27B3
:1081700058F7660F771F881F20F026173707480724
:1081800030F4620B730B840B200D311D411DA09543
:1081900081F7B901842F9158880F96958795089596
:1081A0000F9480BE880B990B089529F416F00D9456
:1081B000D4B60D941EB70D94DAB60F9404B7A8F395
:1081C0009638A0F707F80F92E8942BE33AEA48EBC9
:1081D0005FE70F947DB60F920F920F924DB75EB787
:1081E0000F920F947AC1EFE2F1E00F94CDBE4F9160
:1081F0005F91EF91FF91E595EE1FFF1F49F0FE574C
:10820000E0684427EE0F441FFA95E1F74195550BBE
:108210000F94C9BF0F9007FE0D94BDBF08959150F4
:108220005040660F771F881FD2F708959F938F9352
:108230007F936F93FF93EF939B01AC010F9467B60D
:10824000EF91FF910F94CDBE2F913F914F915F9190
:108250000D9467B616F00D94BFBE0D94DAB668940F
:108260000D94D4B60F9404B7A8F39923C1F3AEF3D9
:10827000DF93CF931F930F93FF92C92FDD2788239E
:108280002AF02197660F771F881FDAF720E030E089
:1082900040E85FEB9FE3883920F0803E38F021967C
:1082A0008F770F94C2BCE7E5F1E004C00F94C2BC25
:1082B000E4E8F1E00F94CDBE8B01BE01EC01FB2E92
:1082C0006F5771097595771F880B990B0F9428B616
:1082D00028E132E741E35FE30F947AB6AF2D9801CE
:1082E000AE01FF900F911F91CF91DF910F94D9BCF8
:1082F0000D94EBB6FA01DC01AA0FBB1F9B01AC0188
:10830000BF5728F4222733274427507820C0B7517D
:1083100090F4AB2F0024469537952795011CA39523
:10832000D2F3002071F0220F331F441FB395DAF30C
:108330000ED00D94C1BC61307105A0E88A07B94622
:1083400030F49B01AC016627772788279078309618
:1083500021F020833183428353830895911108953E
:1083600081548A5108F4805E855A0895FB01DC012E
:1083700004C08D910190801921F441505040C8F7FC
:10838000881B990B0895FB01DC0102C001900D923E
:1083900041505040D8F70895DC0101C06D93415021
:1083A0005040E0F70895FB01DC018D9181341CF011
:1083B0008B350CF4805E619161341CF06B350CF4EC
:1083C000605E861B611189F3990B0895FB01DC0146
:1083D0000D900020E9F7119701900D920020E1F730
:1083E0000895FC018191861721F08823D9F79927F8
:1083F00008953197CF010895FB01DC018D91019023
:1084000080190110D9F3990B0895FB01DC0101904B
:108410000D920020E1F70895FB01DC01415050402E
:1084200030F08D910190801919F40020B9F7881B64
:10843000990B0895FB01DC014150504048F0019038
:108440000D920020C9F701C01D9241505040E0F745
:1084500008950F931F93CF93DF93E0911E18F0912F
:108460001F182381EC0110E000E021FD08C00FEF90
:108470001FEF14C01995892B11F00FEF1FEF899191
:1084800060911E1870911F18DB011896ED91FC91F8
:108490008111F0CF8AE01995892B49F7C801DF9146
:1084A000CF911F910F9108951BE3CBEBDBE300E02D
:1084B00006C0802FFE010F94AABC2196011DCC3B63
:0C84C000D10780E00807A9F7F894FFCF6F
:1084CC00303132333435363738392E200A4758009C
:1084DC00FFFFFFFFFF00007F43008054430000526A
:1084EC004300000000000080C09A99193E6400020D
:1084FC0040771B0060EA0000016400FF01010100ED
:10850C0000484200003E430000A041D2000A000196
:10851C00FF3FFF3FFF3FFF3F303030300101101075
:10852C00011414001111011E1E0102AF0001010102
:10853C0001863E0005983E00050101D310D310D3EF
:10854C0010D310FFFFFFFFFFFFFFFFFFFF0801022B
:10855C00010080BB4464000197068706000080BFC1
:10856C00000000000000000000000000000080BFC0
:10857C000000000000000000000000000000803F30
:10858C0001010101FFFFFF7F7F777B777F7F0080F9
:10859C003B4500803B450000484400000000585912
:1085AC005A455072757361206933204D4B33532BF0
:1085BC0052000D0A00580059005A0000C02845000E
:1085CC00C0284500007A440000C842EE27AB276A59
:1085DC0027E6020600EB020600C8040600F00406BB
:0C85EC0000030304032F00010001000045
:00000001FF
